{
 "n_divergences": 0,
 "max_rhat_v_d": [
  1.0124683380126953,
  1.0076009035110474
 ],
 "scalars": {
  "sd_v": {
   "mean": 2.213304281234741,
   "std": 0.07940248399972916,
   "n_eff": 246.5199006878343,
   "r_hat": 1.0180174112319946
  },
  "sd_w": {
   "mean": 0.12075609713792801,
   "std": 0.08518592268228531,
   "n_eff": 86.65493492564809,
   "r_hat": 1.0215070247650146
  },
  "sd_d": {
   "mean": 0.5088573098182678,
   "std": 0.1669093817472458,
   "n_eff": 36.12327412510981,
   "r_hat": 1.0214159488677979
  },
  "sd_m": {
   "mean": 1.1431164741516113,
   "std": 0.20410001277923584,
   "n_eff": 65.2459026790386,
   "r_hat": 1.0083855390548706
  },
  "sd_e": {
   "mean": 4.547866344451904,
   "std": 0.04903063178062439,
   "n_eff": 210.41973361583155,
   "r_hat": 1.0025068521499634
  },
  "beta_tour": {
   "mean": [
    0.09785505384206772,
    1.1188596487045288
   ],
   "std": [
    0.1609368920326233,
    0.08895618468523026
   ],
   "n_eff": [
    1720.0470383681088,
    657.1106109247195
   ],
   "r_hat": [
    1.000397801399231,
    1.0045024156570435
   ]
  },
  "gamma": {
   "mean": -0.4702593982219696,
   "std": 0.10145097225904465,
   "n_eff": 102.21790024288225,
   "r_hat": 1.0274823904037476
  }
 }
}