{
 "n_divergences": 7,
 "max_rhat_v_d": [
  1.0058610439300537,
  1.0045377016067505
 ],
 "scalars": {
  "sd_v": {
   "mean": 2.2804181575775146,
   "std": 0.061469316482543945,
   "n_eff": 303.73434051515113,
   "r_hat": 1.0009260177612305
  },
  "sd_w": {
   "mean": 0.09669244289398193,
   "std": 0.07011963427066803,
   "n_eff": 69.62168975177724,
   "r_hat": 1.0126111507415771
  },
  "sd_d": {
   "mean": 0.16021929681301117,
   "std": 0.11946242302656174,
   "n_eff": 66.5520357064486,
   "r_hat": 1.0204920768737793
  },
  "sd_m": {
   "mean": 1.441138744354248,
   "std": 0.10523827373981476,
   "n_eff": 210.97979458679796,
   "r_hat": 1.0024493932724
  },
  "sd_e": {
   "mean": 4.470875263214111,
   "std": 0.03684273734688759,
   "n_eff": 385.48032749345566,
   "r_hat": 1.0009056329727173
  },
  "beta_tour": {
   "mean": [
    -0.010201189666986465,
    0.8922365307807922
   ],
   "std": [
    0.13556525111198425,
    0.06473859399557114
   ],
   "n_eff": [
    2443.6146575598186,
    1121.1135483821868
   ],
   "r_hat": [
    0.9992219805717468,
    0.9991253614425659
   ]
  }
 }
}