{
 "n_divergences": 2,
 "max_rhat_v_d": [
  1.006931185722351,
  1.0122644901275635
 ],
 "scalars": {
  "sd_v": {
   "mean": 2.215580463409424,
   "std": 0.07369550317525864,
   "n_eff": 331.0490706335606,
   "r_hat": 1.0098448991775513
  },
  "sd_w": {
   "mean": 0.12847554683685303,
   "std": 0.09213316440582275,
   "n_eff": 91.31169834562385,
   "r_hat": 1.0116835832595825
  },
  "sd_d": {
   "mean": 0.41722622513771057,
   "std": 0.17104634642601013,
   "n_eff": 9.193254707884867,
   "r_hat": 1.101826548576355
  },
  "sd_m": {
   "mean": 1.2114518880844116,
   "std": 0.1665574163198471,
   "n_eff": 7.084968757122824,
   "r_hat": 1.0850483179092407
  },
  "sd_e": {
   "mean": 4.547604560852051,
   "std": 0.04619814455509186,
   "n_eff": 171.11108116110898,
   "r_hat": 1.0163191556930542
  },
  "beta_tour": {
   "mean": [
    0.10890769213438034,
    1.1346659660339355
   ],
   "std": [
    0.16065745055675507,
    0.08591324090957642
   ],
   "n_eff": [
    2517.294291696694,
    826.4024646285941
   ],
   "r_hat": [
    0.9988696575164795,
    1.001170039176941
   ]
  }
 }
}