{
 "n_divergences": 0,
 "max_rhat_v_d": [
  1.0042542219161987,
  1.001767873764038
 ],
 "scalars": {
  "sd_v": {
   "mean": 1.7855716943740845,
   "std": 0.10099796205759048,
   "n_eff": 401.8002412335754,
   "r_hat": 1.0014376640319824
  },
  "sd_w": {
   "mean": 0.1759738028049469,
   "std": 0.10263273864984512,
   "n_eff": 90.76076960435655,
   "r_hat": 1.02711820602417
  },
  "sd_d": {
   "mean": 0.3644563853740692,
   "std": 0.1641451120376587,
   "n_eff": 141.67433791358783,
   "r_hat": 1.002249002456665
  },
  "sd_m": {
   "mean": 1.1920982599258423,
   "std": 0.1876767873764038,
   "n_eff": 176.15826535393106,
   "r_hat": 1.009827971458435
  },
  "sd_e": {
   "mean": 4.654609203338623,
   "std": 0.05819641798734665,
   "n_eff": 340.11063288169635,
   "r_hat": 1.003267526626587
  },
  "beta_tour": {
   "mean": [
    -0.04638012871146202,
    0.715245246887207
   ],
   "std": [
    3.0309274196624756,
    0.09699579328298569
   ],
   "n_eff": [
    3866.019732153836,
    1232.117596381074
   ],
   "r_hat": [
    0.9990927577018738,
    1.0017364025115967
   ]
  }
 }
}