{
 "n_divergences": 1,
 "max_rhat_v_d": [
  1.0054746866226196,
  1.0018022060394287
 ],
 "scalars": {
  "sd_v": {
   "mean": 1.9451862573623657,
   "std": 0.10415755957365036,
   "n_eff": 329.3330066062995,
   "r_hat": 1.0081815719604492
  },
  "sd_w": {
   "mean": 0.14516581594944,
   "std": 0.10476820170879364,
   "n_eff": 112.52262607584099,
   "r_hat": 1.018352746963501
  },
  "sd_d": {
   "mean": 0.3341834843158722,
   "std": 0.20056669414043427,
   "n_eff": 94.48287781171281,
   "r_hat": 1.0028585195541382
  },
  "sd_m": {
   "mean": 0.7727962732315063,
   "std": 0.36556297540664673,
   "n_eff": 41.66190148941925,
   "r_hat": 1.0623972415924072
  },
  "sd_e": {
   "mean": 4.6917572021484375,
   "std": 0.06955529749393463,
   "n_eff": 111.65445116289213,
   "r_hat": 1.0309110879898071
  },
  "beta_tour": {
   "mean": [
    0.09530366212129593,
    0.744462251663208
   ],
   "std": [
    0.1727171093225479,
    0.10861422121524811
   ],
   "n_eff": [
    3138.493863733236,
    1077.1238450939586
   ],
   "r_hat": [
    0.9986339211463928,
    0.9987260699272156
   ]
  }
 }
}