{
 "n_divergences": 0,
 "max_rhat_v_d": [
  1.0118905305862427,
  1.0135295391082764
 ],
 "scalars": {
  "sd_v": {
   "mean": 2.154604911804199,
   "std": 0.07897032797336578,
   "n_eff": 250.4632418610554,
   "r_hat": 0.9996367692947388
  },
  "sd_w": {
   "mean": 0.15219268202781677,
   "std": 0.10901617258787155,
   "n_eff": 24.933131628800247,
   "r_hat": 1.0752090215682983
  },
  "sd_d": {
   "mean": 0.3375607430934906,
   "std": 0.18046337366104126,
   "n_eff": 34.554020951374284,
   "r_hat": 1.037095069885254
  },
  "sd_m": {
   "mean": 1.2086286544799805,
   "std": 0.16864493489265442,
   "n_eff": 65.82406159886413,
   "r_hat": 1.0281200408935547
  },
  "sd_e": {
   "mean": 4.569697856903076,
   "std": 0.049139220267534256,
   "n_eff": 265.6161868533555,
   "r_hat": 1.0142186880111694
  },
  "beta_tour": {
   "mean": [
    0.025356397032737732,
    1.2259883880615234
   ],
   "std": [
    0.31242626905441284,
    0.08930778503417969
   ],
   "n_eff": [
    1586.556682551701,
    459.014509217366
   ],
   "r_hat": [
    0.9988194108009338,
    0.9999362826347351
   ]
  }
 }
}