{
 "n_divergences": 0,
 "max_rhat_v_d": [
  1.005301833152771,
  1.0089377164840698
 ],
 "scalars": {
  "sd_v": {
   "mean": 2.2138867378234863,
   "std": 0.07489395886659622,
   "n_eff": 401.8967836660204,
   "r_hat": 1.002634882926941
  },
  "sd_w": {
   "mean": 0.12606927752494812,
   "std": 0.09149164706468582,
   "n_eff": 112.89726888750975,
   "r_hat": 1.0198274850845337
  },
  "sd_d": {
   "mean": 0.4522065222263336,
   "std": 0.17792677879333496,
   "n_eff": 46.72885833297717,
   "r_hat": 1.058018684387207
  },
  "sd_m": {
   "mean": 1.197739601135254,
   "std": 0.18180760741233826,
   "n_eff": 49.01152454582868,
   "r_hat": 1.0580694675445557
  },
  "sd_e": {
   "mean": 4.546841144561768,
   "std": 0.04821048676967621,
   "n_eff": 250.85764992118288,
   "r_hat": 1.0115516185760498
  },
  "beta_tour": {
   "mean": [
    0.1067473366856575,
    1.1352484226226807
   ],
   "std": [
    0.16461218893527985,
    0.08515463024377823
   ],
   "n_eff": [
    2822.5610924253797,
    972.2866501784083
   ],
   "r_hat": [
    0.9991403222084045,
    0.9992357492446899
   ]
  }
 }
}