{
 "n_divergences": 0,
 "max_rhat_v_d": [
  1.005698323249817,
  1.007670521736145
 ],
 "scalars": {
  "sd_v": {
   "mean": 2.214005708694458,
   "std": 0.07624424993991852,
   "n_eff": 373.2324843930039,
   "r_hat": 1.0092682838439941
  },
  "sd_w": {
   "mean": 0.13144253194332123,
   "std": 0.09488282352685928,
   "n_eff": 103.61018176155578,
   "r_hat": 1.0136756896972656
  },
  "sd_d": {
   "mean": 0.47261491417884827,
   "std": 0.17435236275196075,
   "n_eff": 12.11404011395133,
   "r_hat": 1.081442952156067
  },
  "sd_m": {
   "mean": 1.184736728668213,
   "std": 0.1788865327835083,
   "n_eff": 39.92527064076698,
   "r_hat": 1.0481244325637817
  },
  "sd_e": {
   "mean": 4.547336578369141,
   "std": 0.046002160757780075,
   "n_eff": 285.7961815901593,
   "r_hat": 1.0040557384490967
  },
  "beta_tour": {
   "mean": [
    0.10711702704429626,
    1.1347243785858154
   ],
   "std": [
    0.1562090516090393,
    0.08528976887464523
   ],
   "n_eff": [
    2559.269152746796,
    778.1840673033261
   ],
   "r_hat": [
    0.9987053871154785,
    0.9997677803039551
   ]
  }
 }
}