{
 "n_divergences": 0,
 "max_rhat_v_d": [
  1.0163604021072388,
  1.0168782472610474
 ],
 "scalars": {
  "sd_v": {
   "mean": 2.159550189971924,
   "std": 0.07944511622190475,
   "n_eff": 320.3725377172844,
   "r_hat": 1.0096380710601807
  },
  "sd_w": {
   "mean": 0.1473497450351715,
   "std": 0.10450392216444016,
   "n_eff": 55.34725084232393,
   "r_hat": 1.038611650466919
  },
  "sd_d": {
   "mean": 0.3902392089366913,
   "std": 0.19283799827098846,
   "n_eff": 11.497183995209138,
   "r_hat": 1.0973551273345947
  },
  "sd_m": {
   "mean": 1.1782503128051758,
   "std": 0.2018844187259674,
   "n_eff": 70.29503752965422,
   "r_hat": 1.0105725526809692
  },
  "sd_e": {
   "mean": 4.566445827484131,
   "std": 0.050497740507125854,
   "n_eff": 229.164295785308,
   "r_hat": 1.009516716003418
  },
  "beta_tour": {
   "mean": [
    0.027777276933193207,
    1.218887209892273
   ],
   "std": [
    0.3083949089050293,
    0.09380418807268143
   ],
   "n_eff": [
    1492.5960569773429,
    672.0472885117143
   ],
   "r_hat": [
    0.9987189173698425,
    0.9991486072540283
   ]
  }
 }
}