{
 "n_divergences": 0,
 "max_rhat_v_d": [
  1.030351161956787,
  1.0053750276565552
 ],
 "scalars": {
  "sd_v": {
   "mean": 1.851006031036377,
   "std": 0.08795193582773209,
   "n_eff": 172.84202831763443,
   "r_hat": 1.031486988067627
  },
  "sd_w": {
   "mean": 0.10388364642858505,
   "std": 0.07588651031255722,
   "n_eff": 145.5879654936037,
   "r_hat": 1.0181152820587158
  },
  "sd_d": {
   "mean": 0.1496390998363495,
   "std": 0.10622017085552216,
   "n_eff": 75.7531404726508,
   "r_hat": 1.0110787153244019
  },
  "sd_m": {
   "mean": 1.3473246097564697,
   "std": 0.14709427952766418,
   "n_eff": 86.76825042151754,
   "r_hat": 1.0041797161102295
  },
  "sd_e": {
   "mean": 4.555835723876953,
   "std": 0.051728155463933945,
   "n_eff": 155.5132942714988,
   "r_hat": 1.0038721561431885
  },
  "beta_tour": {
   "mean": [
    -0.07130299508571625,
    0.6523810029029846
   ],
   "std": [
    0.1439303308725357,
    0.08414958417415619
   ],
   "n_eff": [
    1948.2475367821637,
    1441.5493073351786
   ],
   "r_hat": [
    0.9987393021583557,
    0.9996731281280518
   ]
  }
 }
}