{
 "n_divergences": 5,
 "max_rhat_v_d": [
  1.0054206848144531,
  1.0034090280532837
 ],
 "scalars": {
  "sd_v": {
   "mean": 2.253530263900757,
   "std": 0.0769868940114975,
   "n_eff": 281.3862375530485,
   "r_hat": 1.002109169960022
  },
  "sd_w": {
   "mean": 0.14413310587406158,
   "std": 0.08724138885736465,
   "n_eff": 84.58020704465595,
   "r_hat": 1.0146974325180054
  },
  "sd_d": {
   "mean": 0.2203005999326706,
   "std": 0.13754253089427948,
   "n_eff": 84.39445019211689,
   "r_hat": 1.0136572122573853
  },
  "sd_m": {
   "mean": 1.396720290184021,
   "std": 0.12115548551082611,
   "n_eff": 183.87593131180563,
   "r_hat": 1.0082367658615112
  },
  "sd_e": {
   "mean": 4.527744293212891,
   "std": 0.04064911976456642,
   "n_eff": 389.7127872015965,
   "r_hat": 1.0083403587341309
  },
  "beta_tour": {
   "mean": [
    -0.154821515083313,
    0.9180949330329895
   ],
   "std": [
    2.9704699516296387,
    0.07513930648565292
   ],
   "n_eff": [
    3303.8478715882497,
    756.1215591280023
   ],
   "r_hat": [
    0.9989436864852905,
    1.0045689344406128
   ]
  }
 }
}