{
 "n_divergences": 0,
 "max_rhat_v_d": [
  1.0051765441894531,
  1.0034701824188232
 ],
 "scalars": {
  "sd_v": {
   "mean": 2.2086434364318848,
   "std": 0.07355575263500214,
   "n_eff": 368.17684445016437,
   "r_hat": 1.0003230571746826
  },
  "sd_w": {
   "mean": 0.11309520155191422,
   "std": 0.08108285069465637,
   "n_eff": 167.4989296148641,
   "r_hat": 1.0238128900527954
  },
  "sd_d": {
   "mean": 0.5142180323600769,
   "std": 0.15642020106315613,
   "n_eff": 114.2100048832542,
   "r_hat": 1.0010608434677124
  },
  "sd_m": {
   "mean": 1.1251771450042725,
   "std": 0.20696605741977692,
   "n_eff": 105.44421762800725,
   "r_hat": 1.0000616312026978
  },
  "sd_e": {
   "mean": 4.550049781799316,
   "std": 0.04636962711811066,
   "n_eff": 436.82646325531294,
   "r_hat": 0.9987761378288269
  },
  "beta_tour": {
   "mean": [
    0.10766797512769699,
    1.1138378381729126
   ],
   "std": [
    0.1624252051115036,
    0.08754982054233551
   ],
   "n_eff": [
    1852.7117930005627,
    1048.3893481591517
   ],
   "r_hat": [
    0.9991246461868286,
    0.9992724061012268
   ]
  },
  "gamma_same": {
   "mean": -0.4696195721626282,
   "std": 0.1135416328907013,
   "n_eff": 225.67932712035258,
   "r_hat": 1.0038138628005981
  },
  "gamma_mix": {
   "mean": -0.3750978410243988,
   "std": 0.13033950328826904,
   "n_eff": 272.00998588754595,
   "r_hat": 1.0041123628616333
  },
  "delta": {
   "mean": 0.13241463899612427,
   "std": 0.07347969710826874,
   "n_eff": 420.3649419219321,
   "r_hat": 1.006147861480713
  }
 }
}