{
 "n_divergences": 0,
 "max_rhat_v_d": [
  1.0062397718429565,
  1.0055683851242065
 ],
 "scalars": {
  "sd_v": {
   "mean": 2.175884246826172,
   "std": 0.0796971544623375,
   "n_eff": 223.29393886891208,
   "r_hat": 1.001070499420166
  },
  "sd_w": {
   "mean": 0.11398477107286453,
   "std": 0.08192704617977142,
   "n_eff": 178.67852355609,
   "r_hat": 1.0066277980804443
  },
  "sd_d": {
   "mean": 0.33361437916755676,
   "std": 0.18614588677883148,
   "n_eff": 55.623860305239184,
   "r_hat": 1.0616602897644043
  },
  "sd_m": {
   "mean": 1.2312817573547363,
   "std": 0.17795367538928986,
   "n_eff": 76.18829014457837,
   "r_hat": 1.043308138847351
  },
  "sd_e": {
   "mean": 4.547744274139404,
   "std": 0.04702303931117058,
   "n_eff": 292.0310862214742,
   "r_hat": 1.004601001739502
  },
  "beta_tour": {
   "mean": [
    0.1088370755314827,
    1.1504278182983398
   ],
   "std": [
    0.16292054951190948,
    0.08966338634490967
   ],
   "n_eff": [
    2751.787306115987,
    498.2919707949008
   ],
   "r_hat": [
    0.9998074769973755,
    1.0029621124267578
   ]
  },
  "sd_pt": {
   "mean": 0.2803487479686737,
   "std": 0.15287747979164124,
   "n_eff": 37.2845973718784,
   "r_hat": 1.0612367391586304
  },
  "beta_new": {
   "mean": 0.5736824870109558,
   "std": 0.17002058029174805,
   "n_eff": 1890.5904056070233,
   "r_hat": 1.0001132488250732
  }
 }
}