{
 "matchup": "Anna Leigh Waters / Jorja Johnson vs Anna Bright / Kate Fahey",
 "observed": "6-11",
 "lopsided_threshold_pts": 7,
 "plugin": {
  "p_point": 0.630095105873443,
  "p_win": 0.9001969328169821,
  "p_loss": 0.0998030671830179,
  "p_lopsided": 0.032462033784563644,
  "p_exact_observed": 0.008891019319914126,
  "modal": "11-5"
 },
 "ladder": {
  "plug-in": {
   "loss": 0.09980306718292618,
   "lopsided": 0.03246203378460914
  },
  "+ skill-estimation error": {
   "loss": 0.11919459220943826,
   "lopsided": 0.04222699593098086
  },
  "+ gamma uncertainty": {
   "loss": 0.11935490949043354,
   "lopsided": 0.042342164862327496
  },
  "+ match shock (sd_m, the model's own)": {
   "loss": 0.17561991139128075,
   "lopsided": 0.07908317515638708
  }
 },
 "cond_lopsided_given_loss": 0.3252608832655922,
 "both_dials_grid": {
  "k=0.0": {
   "g=-0.183": 0.03246790408690548,
   "g=-0.35": 0.04358441940985504,
   "g=-0.5": 0.0560535676192853,
   "g=-1.0": 0.11871233623401208
  },
  "k=0.5": {
   "g=-0.183": 0.07061171165891261,
   "g=-0.35": 0.09011379320899329,
   "g=-0.5": 0.11084313303220081,
   "g=-1.0": 0.20377340567651192
  },
  "k=1.0": {
   "g=-0.183": 0.13679643227347554,
   "g=-0.35": 0.1664909468430508,
   "g=-0.5": 0.19646668223957162,
   "g=-1.0": 0.3172652994651042
  },
  "k=1.5": {
   "g=-0.183": 0.2364353276247479,
   "g=-0.35": 0.2755573364890712,
   "g=-0.5": 0.3131747975604298,
   "g=-1.0": 0.45063944374217824
  },
  "k=2.0": {
   "g=-0.183": 0.36630772459292193,
   "g=-0.35": 0.4108625841754082,
   "g=-0.5": 0.4518193791494988,
   "g=-1.0": 0.5888473979575253
  }
 }
}