{
 "matchup": "Anna Leigh Waters / Jorja Johnson vs Anna Bright / Kate Fahey",
 "observed": "6-11",
 "lopsided_threshold_pts": 7,
 "plugin": {
  "p_point": 0.630095105873443,
  "p_win": 0.9001872781738606,
  "p_loss": 0.09981272182613943,
  "p_lopsided": 0.032462033784563644,
  "p_exact_observed": 0.008891019319914126
 },
 "cond_loss": {
  "11-0": 0.00017774809412371642,
  "11-1": 0.001231980246042544,
  "11-2": 0.0046575883413850026,
  "11-3": 0.012717135682679553,
  "11-4": 0.02804551734034719,
  "11-5": 0.053014029653524634,
  "11-6": 0.08907701500617453,
  "11-7": 0.1363084072029284,
  "11-8": 0.19324633560293145,
  "11-9": 0.2570564261706995
 },
 "ladder": {
  "plug-in": {
   "loss": 0.09981272182623784,
   "lopsided": 0.03246203378460914
  },
  "+ skill-estimation error (VALIDATED honest number)": {
   "loss": 0.1191962307120512,
   "lopsided": 0.04222699593098086
  },
  "+ gamma uncertainty": {
   "loss": 0.11935653397406173,
   "lopsided": 0.042342164862327496
  },
  "+ match shock  [OVER-disperses OOS \u2014 do not ship]": {
   "loss": 0.17562096378208264,
   "lopsided": 0.07908317515638708
  }
 },
 "both_dials_grid": {
  "k=0.0": {
   "g=-0.183": 0.03246790408690548,
   "g=-0.35": 0.04358441940985504,
   "g=-0.5": 0.0560535676192853,
   "g=-1.0": 0.11871233623401208
  },
  "k=0.5": {
   "g=-0.183": 0.07061171165891261,
   "g=-0.35": 0.09011379320899329,
   "g=-0.5": 0.11084313303220081,
   "g=-1.0": 0.20377340567651192
  },
  "k=1.0": {
   "g=-0.183": 0.13679643227347554,
   "g=-0.35": 0.1664909468430508,
   "g=-0.5": 0.19646668223957162,
   "g=-1.0": 0.3172652994651042
  },
  "k=1.5": {
   "g=-0.183": 0.2364353276247479,
   "g=-0.35": 0.2755573364890712,
   "g=-0.5": 0.3131747975604298,
   "g=-1.0": 0.45063944374217824
  },
  "k=2.0": {
   "g=-0.183": 0.36630772459292193,
   "g=-0.35": 0.4108625841754082,
   "g=-0.5": 0.4518193791494988,
   "g=-1.0": 0.5888473979575253
  }
 },
 "freeze_out": {
  "realized_court_share": 0.40854999999999997,
  "coverage_curve": {
   "w=0.00": 0.5202206253643584,
   "w=0.41": 0.9001872781738606,
   "w=0.50": 0.9397076931295748,
   "w=0.75": 0.9884557152260112,
   "w=1.00": 0.99846863474066
  },
  "asymmetric_freeze": {
   "k=0.0": 0.5202206253643584,
   "k=0.5": 0.35848213863726897,
   "k=1.0": 0.21953020140720927,
   "k=1.5": 0.11880247686119207,
   "k=2.0": 0.05678634693863141
  },
  "two_of_weaker": 0.4972624875379556
 },
 "holdout_calibration_test": {
  "plug-in (no uncertainty)": {
   "brier": 0.16661911433258822,
   "log_loss": 0.5145257570532686,
   "accuracy": 0.7688984881209503
  },
  "+ value uncertainty [VALIDATED]": {
   "brier": 0.16582508064147974,
   "log_loss": 0.5068652074870243,
   "accuracy": 0.7688984881209503
  },
  "+ value + match shock (sd_m)": {
   "brier": 0.16682411365025984,
   "log_loss": 0.5051757057357519,
   "accuracy": 0.7688984881209503
  },
  "+ match shock only": {
   "brier": 0.16647188860706968,
   "log_loss": 0.504882741914632,
   "accuracy": 0.7688984881209503
  }
 }
}