{
 "split": "2026-06-01",
 "n_games": 518,
 "probit_slope": 0.8000000000000003,
 "n_pre_calibration_games": 720,
 "model": {
  "accuracy": 0.7374517374517374,
  "brier": 0.1793532620200834
 },
 "platform_rating": {
  "accuracy": 0.6467181467181468,
  "brier": 0.2288725237984268
 },
 "agreement": 0.6891891891891891,
 "value_rating_correlation": {
  "M": {
   "n": 137,
   "r": 0.648577869945616
  },
  "F": {
   "n": 112,
   "r": 0.5344504290355184
  }
 }
}