{
 "n_divergences": 0,
 "max_rhat_v0": 1.0190051794052124,
 "scalars": {
  "sd_v": {
   "mean": 0.38002049922943115,
   "std": 0.007728940341621637,
   "r_hat": 1.0154796838760376
  },
  "sd_d": {
   "mean": 0.05293724313378334,
   "std": 0.010728234425187111,
   "r_hat": 1.0619791746139526
  },
  "sd_m": {
   "mean": 0.3522726893424988,
   "std": 0.005227596033364534,
   "r_hat": 1.0158125162124634
  },
  "tau": {
   "mean": 0.038039349019527435,
   "std": 0.002302400069311261,
   "r_hat": 1.0007452964782715
  },
  "gamma": {
   "mean": -0.18287064135074615,
   "std": 0.047443144023418427,
   "r_hat": 1.0143017768859863
  },
  "beta_new": {
   "mean": 0.08792335540056229,
   "std": 0.011186816729605198,
   "r_hat": 1.0000340938568115
  },
  "b_tour": {
   "mean": [
    -0.009329896420240402,
    0.06311023235321045
   ],
   "std": [
    0.014297968707978725,
    0.005691322963684797
   ],
   "r_hat": [
    0.9992212057113647,
    1.0060983896255493
   ]
  }
 }
}