{
 "n_divergences": 0,
 "max_rhat_v0": 1.0096895694732666,
 "scalars": {
  "sd_v": {
   "mean": 0.37652304768562317,
   "std": 0.008027883246541023,
   "r_hat": 1.001084566116333
  },
  "sd_d": {
   "mean": 0.048369407653808594,
   "std": 0.011452171951532364,
   "r_hat": 1.0151888132095337
  },
  "sd_m": {
   "mean": 0.3487813472747803,
   "std": 0.005348857492208481,
   "r_hat": 1.0089497566223145
  },
  "tau": {
   "mean": 0.038293082267045975,
   "std": 0.002356255194172263,
   "r_hat": 1.0130070447921753
  },
  "gamma": {
   "mean": -0.16596178710460663,
   "std": 0.046487972140312195,
   "r_hat": 1.0085965394973755
  },
  "beta_new": {
   "mean": 0.08903548866510391,
   "std": 0.011469349265098572,
   "r_hat": 1.0004825592041016
  },
  "b_tour": {
   "mean": [
    -0.013070395216345787,
    0.06296940892934799
   ],
   "std": [
    0.017252987250685692,
    0.005572616122663021
   ],
   "r_hat": [
    0.9984056353569031,
    0.9994460940361023
   ]
  }
 }
}