{
 "split": "2026-06-01",
 "n": 884,
 "accuracy": 0.7737556561085973,
 "brier": 0.16532338803433297,
 "log_loss": 0.5058057088567013,
 "v1_reference": {
  "accuracy": 0.752,
  "brier": 0.178
 }
}