uuid,name,gender,n_high,n_low,low,high,clutch,clutch_se,z
129b2771-34b5-4b7f-9c23-e020a6aa3e6a,Anna Leigh Waters,F,8815,19256,-0.6624579860925339,1.5056040475071444,2.1680620335996785,0.05969425413012806,36.319442552603135
6f862c1d-1317-4fe7-bdcd-64caa0dbb088,Ben Johns,M,10434,21568,-0.5698538744449604,1.2414817386410297,1.8113356130859901,0.05222856471281079,34.68093797036126
db5eef5c-99dd-49d9-bbfc-65171a366bda,Anna Bright,F,9545,20018,-0.4489082257817134,1.1943689268664666,1.64327715264818,0.05357792607042105,30.670786892503287
bd061b42-2f82-4bbe-82be-d8bcfb37f9e1,JW Johnson,M,9477,18475,-0.453584935782092,1.0501095320228857,1.5036944678049777,0.053473126292566536,28.120563955394
b51ea0fb-c243-4427-85f8-b798febb51ff,Jorja Johnson,F,8766,17805,-0.4597808264945623,0.9743710717136098,1.4341518982081722,0.0559375224198046,25.63845941271816
d50310a6-9378-4228-823f-7fb54f7bd698,Gabriel Tardio,M,9024,18045,-0.5001620911045506,0.9222309559352886,1.4223930470398392,0.054543044433520926,26.07835814470357
79a11da1-6aeb-4719-9b1e-9918e0163cec,Christian Alshon,M,8938,18175,-0.4714810330539875,0.9475274680779815,1.419008501131969,0.05405018935529946,26.253534317967
fc05556e-3e38-4a38-99c2-f855174a7c28,Hayden Patriquin,M,9301,18783,-0.43167969201652634,0.9148144626375966,1.346494154654123,0.05318699791796713,25.31622778805613
581183e8-3d9e-459e-b69f-7337d8b6f3d2,Andrei Daescu,M,9432,18834,-0.4615509853746122,0.8811190838657983,1.3426700692404105,0.052892641699194685,25.384817738472936
12d79cbe-b5c7-4504-ab8f-f352a6bb8629,Thomas Wilson,M,1772,3658,-0.47747842947166963,0.811893486795138,1.2893719162668076,0.11378643027213234,11.331508627022902
fec65f7e-f2c8-482f-ab5b-541cf53b1064,Tyra Hurricane Black,F,8137,16626,-0.39503688348307675,0.8603766996478901,1.255413583130967,0.057021522493289185,22.016486551700115
50908953-a944-4a34-898b-16af312bc814,Rachel Rohrabacher,F,7779,15826,-0.3974373167989197,0.8352639684925323,1.2327012852914518,0.05829904889764058,21.144449328080558
1728d016-1f02-4789-be73-63d12d5a5b42,Parris Todd,F,6392,13415,-0.38103089792145056,0.806207689834362,1.1872385877558125,0.0633407920727008,18.743665004901313
be33755f-9262-461b-aedd-e9a7a686a82c,Jackie Kawamoto,F,4532,9231,-0.41155769634247463,0.751675421192503,1.1632331175349777,0.07442805577766926,15.628960146557853
9b97206b-783a-4fab-85e9-45a6240325a5,Catherine Parenteau,F,8058,16303,-0.31658796379403886,0.846112180282386,1.1627001440764249,0.05751017290834579,20.217295224088875
7edb882c-6d17-4129-8208-710e3c82364c,Federico Staksrud,M,9730,19521,-0.3962416973899965,0.7397474355229197,1.1359891329129161,0.051561881975909524,22.03156846454261
f879086b-e0e5-4772-b0a6-4055c265da69,Tina Pisnik,F,7776,14956,-0.3338186086728143,0.7796916069811823,1.1135102156539967,0.058204796731637365,19.13090120025701
6cae3a50-eee6-45ea-8b28-85ef9c50e3c4,Jade Kawamoto,F,4434,8896,-0.3326204473011156,0.7571419123049274,1.089762359606043,0.075074118262503,14.515819630349794
2c4de762-88d6-47c3-8b2b-af562c5d1f93,Danni-Elle Townsend,F,1395,2668,-0.4020165217399878,0.6301323094636709,1.0321488312036586,0.1283046330634837,8.044517228718957
b9bacc1e-29b5-4a92-a9c1-24e08ac72215,Sofia Sewing,F,902,1753,-0.3497381097868858,0.6753735100004227,1.0251116197873085,0.15274737272804798,6.7111571314056
05b194b3-db88-4f77-a26f-5ef5cfbf6146,Riley Newman,M,5622,10903,-0.3609022735050807,0.6613739699014595,1.0222762434065402,0.06693203907189825,15.273346779535782
52690a0c-ed4a-4e0b-bf69-4ef416cf7d55,Eric Oncins,M,5519,10675,-0.3509080140489308,0.6670011242959282,1.017909138344859,0.06875889439582906,14.804035860218917
3af01041-5679-400a-87b8-12c01db8cec4,Kate Fahey,F,5084,10246,-0.31535529172521265,0.698709520274523,1.0140648119997357,0.07103472505879037,14.275620989036936
295e343a-31a0-4e1d-a286-d62592291435,Jay Devilliers,M,5593,10938,-0.37244646096015815,0.6393447516224805,1.0117912125826387,0.06731425845516813,15.030860263527977
ead35052-7367-4296-96d4-064f546cc2b9,CJ Klinger,M,5909,11635,-0.3816349546078266,0.5761723573152736,0.9578073119231002,0.06573876344503976,14.569901557759989
ff38654d-daae-4bad-a1a7-690e4e5706eb,Connor Garnett,M,5976,11634,-0.29059467445865306,0.6663124655914388,0.9569071400500918,0.06484993614972395,14.755714451912612
676b1cbc-766c-4616-bf39-1787ffd8c72a,Etta Tuionetoa,F,5816,12174,-0.2740164651685607,0.6724729017968076,0.9464893669653683,0.0661086915567616,14.31716987096474
a000a067-1bf1-442f-a961-e6c97cb50006,Nicolas Acevedo,M,1092,2124,-0.3837447119383263,0.5491373994530067,0.932882111391333,0.1375303700445804,6.783098969987063
1bb8b2c1-ca6f-45ac-afdd-fab7e77d69d4,Noe Khlif,M,5647,10921,-0.3155727706003243,0.614455903493514,0.9300286740938383,0.06749862655552102,13.778482934446714
8f521dcc-1cb5-4c8d-933c-af6b267bd395,Meghan Dizon,F,6385,12578,-0.2880423759099202,0.6412849757990773,0.9293273517089975,0.06353216088232312,14.627667921296363
1de884f8-7bf7-4b49-9de8-3f1fd74cabd6,Dylan Frazier,M,7022,13649,-0.29812034112000363,0.6188174529332979,0.9169377940533016,0.060487201417980814,15.159203477063608
89843e44-48fd-4a3f-b8c0-5f5aa6ae5741,Dekel Bar,M,6730,12892,-0.286381390866099,0.6042588068617789,0.890640197727878,0.06189506786152534,14.389518074694765
b1ab7d76-a859-4136-8405-3ed7c9be287a,Mari Humberg,F,4520,9314,-0.2892110311603005,0.5923166521489764,0.8815276833092769,0.07459714900032367,11.817176596192061
d0f19d1e-2a6e-4eb3-b10c-1311edd599a8,Will Howells,M,1793,3663,-0.3526882045615266,0.5143061001892091,0.8669943047507357,0.11245943001726635,7.709396220642613
dbcb41e9-e983-410b-bc23-d184d034cfc0,Tyson McGuffin,M,6092,11396,-0.27686129899061607,0.559823050240547,0.8366843492311631,0.06453736067995824,12.964340971120489
afc0bfc9-8cd8-4600-bd45-681092186db3,Vivienne David,F,3767,7640,-0.25383751758658335,0.5732523059509121,0.8270898235374955,0.08117904270725153,10.188464854410183
a3ed7970-35d2-485c-8285-187c298a2d83,Lacy Schneemann,F,5657,11543,-0.24798404934569476,0.5755585554127575,0.8235426047584522,0.06689853662556638,12.310323159501246
8160ad59-4654-46b1-b229-8d5f2a9a45f9,Hunter Johnson,M,4733,9287,-0.28269096271071587,0.525503657311676,0.808194620022392,0.07241361605250723,11.160810135988356
14d61e81-14d5-4cb3-ae33-d427fbc1b4f6,Quang Duong,M,2865,5662,-0.294543396081627,0.505752226821579,0.8002956229032061,0.09218161308264888,8.68172725710138
cc8832b9-9a8f-4cbc-8eff-b20e9a7ff09a,Jaume Martinez Vich,M,6021,11957,-0.283064558893537,0.49783661703527793,0.7809011759288149,0.06450058634136503,12.106884917230795
7319013d-d511-4aa5-a356-4aa2cccf94f5,Lea Jansen,F,6794,13705,-0.23552908916713222,0.5424133788470692,0.7779424680142014,0.06151113034772219,12.647182121617593
ff789b9c-80c4-442c-b97e-2e2311298cfb,Vivian Glozman,F,2381,4957,-0.257678956232139,0.4972916738757692,0.7549706301079082,0.09968455815571929,7.573596593853114
759ecf95-26a6-4ffe-bb8b-035d3ec05f31,Matt Wright,M,4462,8619,-0.2607544495393996,0.49339038174326183,0.7541448312826614,0.07475511488040018,10.088203763571345
3a43c56f-b9d8-4e72-ae8a-58fd69291946,Jack Sock,M,4382,8391,-0.29744127305732243,0.45489561272744766,0.7523368857847701,0.07563122175357596,9.947437954077456
0c1bb94d-3af2-42f4-b938-d712c707ace4,Callie Smith,F,5687,11482,-0.19919203658106233,0.5373502861785422,0.7365423227596045,0.0670165624851723,10.990452142670964
736475dd-7ccd-40d8-8b43-8c2d9ef9e674,Maggie Brascia,F,3547,7060,-0.22835224572259424,0.49998671465380007,0.7283389603763943,0.0830496246501549,8.769924770214308
655e0349-7e66-4233-b999-b6cca2298f9b,Yana Newell,F,264,489,-0.29248184187069803,0.3961510643149389,0.6886329061856369,0.24365605575774568,2.8262499121725426
8e2f9629-19d0-409d-81dc-b64fe2f3d3ff,Jessie Irvine,F,6455,13058,-0.22206651992588516,0.46438086005579315,0.6864473799816784,0.06281488227570829,10.928101034540036
ba491f1c-0112-47a8-a348-4695289e958a,Augustus Ge,M,5440,10812,-0.26809062246441284,0.4161574644846775,0.6842480869490903,0.06765360148805898,10.113993518436144
ce4f0e14-80ea-4ed0-a81c-7341d356d427,Yuta Funemizu,M,1282,2323,-0.2979407384241977,0.36974222055706985,0.6676829589812676,0.13213818355711965,5.052914615650418
33292af3-984d-4752-8d18-b3a5c147e9fe,Armaan Bhatia,M,1680,3434,-0.2896200711468494,0.37104035896940746,0.6606604301162569,0.1176973155116604,5.613215792086647
1d51becb-4ea0-4878-9660-e3fd2dfaa0ea,Ewa Radzikowska,F,2139,4170,-0.25689603361434915,0.39985420426138873,0.6567502378757379,0.10538333632023467,6.232012202384935
4057f30d-d42a-4189-a158-11576fb5f52a,Blaine Hovenier,M,4528,8836,-0.20547561227479497,0.4488605770378583,0.6543361893126532,0.0751643781991641,8.705402811672965
52726ab1-2ac9-46c0-be90-6b0e7a2d56eb,Pablo Tellez,M,6204,12238,-0.24851222109243465,0.4056165694852996,0.6541287905777342,0.06365463114421105,10.276216809673913
efe9989b-5864-48c2-806c-06697024e1da,Allyce Jones,F,5544,10911,-0.2260941014149523,0.42178397985499994,0.6478780812699523,0.06865905074622762,9.436164267178556
5c817399-aea7-481d-9a83-aab7431eabc1,Alex Emery,M,482,878,-0.3313504573407305,0.29868445167450697,0.6300349090152375,0.19991493875303834,3.151514904013956
2aa8ced3-d599-4c83-86dd-ecc80196833b,Luca Mack,M,1078,2224,-0.26779793550715736,0.3532034170476641,0.6210013525548215,0.15266412604143484,4.067762143322882
7f36e416-0907-43b2-8ec4-e9533088e30f,Bobbi Oshiro,F,774,1509,-0.14515022232977542,0.47264202342037864,0.6177922457501541,0.16643070540519322,3.7120088161981486
f90428f0-e4a3-4a08-a664-518ba7f188d2,Jack Munro,M,481,1006,-0.3086396176522801,0.3072726585948824,0.6159122762471625,0.1912537459190363,3.2203932701422615
6876576c-b20e-47e3-99e4-d32759cc9f48,Patrick Kawka,M,901,1661,-0.21857602421835984,0.3940976899695941,0.6126737141879539,0.15797672073582733,3.8782531459966334
62955f38-bdf5-46af-9622-13c7afe90619,Jonathan Truong,M,2510,4987,-0.2183313300996288,0.3803376160381477,0.5986689461377765,0.09787928908770516,6.116400637129032
20684550-cb89-4ea2-9e2f-0f44eb920b45,Chao Yi Wang,F,4455,8686,-0.18398514177556813,0.405636615624237,0.589621757399805,0.07512865413743694,7.848160787243411
4af4d4d1-9f87-4dc7-95f2-b10751d44c15,Tama Shimabukuro,M,2460,4672,-0.1958111696775642,0.3897892122552762,0.5856003819328404,0.1026755182494786,5.703408094906929
06dc9b8a-5c01-49cf-bb4d-70d7b5f85acf,Brooke Buckner,F,4195,8141,-0.16886949823260103,0.41411681012507895,0.58298630835768,0.07696734232518884,7.574463282031346
646f7432-e6ad-4ccf-95ee-a0e5d9514d28,Alix Truong,F,4646,8985,-0.2212407723013715,0.35708341394680904,0.5783241862481805,0.07417416665167646,7.796841034480424
2856d69d-887b-4e89-a5c9-975f581f84a0,Len Yang,M,1867,3795,-0.24321995125588078,0.33296548884502486,0.5761854401009057,0.11824383731110123,4.87285809733114
051f5c82-82ce-4ab8-b4f8-36976638a89b,Sahra Dennehy,F,1218,2252,-0.21022514721860308,0.3622211253211547,0.5724462725397578,0.14036408388954144,4.078295933525562
4b6abf90-6e87-49af-b365-0c6135b55a5f,Erik Lange,M,204,375,-0.2751099052558846,0.2923783884526301,0.5674882937085146,0.24711915118697572,2.2964156803822164
f86cff72-5f9c-40b1-9f28-f28aafae245f,Wyatt Stone,M,3712,7284,-0.17831983150225758,0.3862650730453664,0.564584904547624,0.0824698040452101,6.845959088712246
504e8c08-caf6-4db8-b454-11ffa321261c,Lucy Kovalova,F,3653,7423,-0.15416441363175162,0.4043674507426831,0.5585318643744347,0.08151569893381108,6.8518318763107215
719e2d3b-d10d-402d-a195-41f072214679,Isabella Dunlap,F,2350,4639,-0.22543573949814152,0.3310657261491038,0.5565014656472453,0.10344776496928851,5.37954073548577
20945292-032a-47f1-93c5-d44ada6e4783,Yufei Long,F,1080,2163,-0.18307009636215887,0.3734165679417446,0.5564866643039035,0.14770304300174755,3.7676046003826706
c18fb17d-e0bb-415c-901b-fa2f928ab22c,Harsh Mehta,M,413,837,-0.16330214309345686,0.38181639306677045,0.5451185361602273,0.2123366269612584,2.567237428423906
99b25b49-2a51-412d-9fbf-e1b6804acce0,Camden Chaffin,M,1431,2963,-0.22884497545355834,0.3161930383086493,0.5450380137622076,0.12453854421342489,4.376460454107782
7925aefe-e260-4b83-8bfc-214da1d14fb5,Travis Rettenmaier,M,3215,5958,-0.17321131690362662,0.36877964955529063,0.5419909664589173,0.08798184092286492,6.160259444151543
9decd87b-03ac-4d79-a1e7-d03ca3f7519b,James Ignatowich,M,4769,9064,-0.1903537942838814,0.34869184093733874,0.5390456352212202,0.0722695320893571,7.458822821140192
88fb0858-b9c3-4620-9408-0dda0eb241ef,Tyler Loong,M,4757,9036,-0.19997435411400424,0.3374209177821093,0.5373952718961136,0.07270888858722124,7.391053313261097
ca3c21b0-a715-40fd-bf00-c81e22d7da11,Daniel De la Rosa,M,2531,5026,-0.2444383539093658,0.29149803549549635,0.5359363894048621,0.09663754341042799,5.5458403689826214
e96d9339-cfb6-473d-bcb3-23f2887a3e0f,John Lucian Goins,M,1764,3584,-0.24640033121868182,0.28870712217296457,0.5351074533916464,0.11986650101923094,4.464195157459345
eb14fc6e-ede1-4999-bec3-e36695e7f94e,Milan Rane,F,4314,8637,-0.13187068547313077,0.4013396129505648,0.5332102984236956,0.07654646875014585,6.965837969144457
3270dc72-53b7-4d35-aa4c-7f8b7b6bf905,Matthew Barlow,M,506,1101,-0.26817015404427175,0.2608421190531387,0.5290122730974105,0.20216033762200683,2.616795556042953
3e6b668a-8d26-4424-9420-3ceb18486b65,Daria Walczak,F,653,1259,-0.2050393735953326,0.32200695621848624,0.5270463298138188,0.1692029139321076,3.114877383407802
698c5236-e88f-411c-b44f-e54f16b2d6b5,George Wall,M,530,1063,-0.20500305270153862,0.3189000950778751,0.5239031477794137,0.19433704904566354,2.6958480143243904
b03ff4de-9b8f-46a8-a530-d8f19e9d6ec9,Max Freeman,M,3623,7066,-0.1332265899201988,0.3808919161439528,0.5141185060641515,0.082098670729016,6.262202560637166
29e8121d-6f86-4192-b7af-ab05b77b89fe,Ting Chieh Wei,F,2457,4854,-0.21309701879915618,0.2979337301113927,0.5110307489105489,0.10034447040756361,5.092764422742214
30eb9a2b-1570-473f-8cf1-0f7c9d21b303,Zane Navratil,M,3964,7792,-0.16262480747222421,0.3457458719307652,0.5083706794029894,0.07837895649426575,6.4860608273112454
2bfe44bb-d558-411f-abeb-c8522dd42ce9,Julian Arnold,M,4239,8400,-0.19516287430148066,0.3108090842860066,0.5059719585874873,0.07595423468668036,6.661537183208781
a226291c-c48b-408b-a846-f45400d313a9,Alexa Schull,F,809,1581,-0.06475852190018555,0.4403821762603601,0.5051406981605456,0.1629213730824068,3.100518296669657
5da57cf9-dfc6-41f5-b853-48f191b873bf,Roman Estareja,M,460,849,-0.2940898233668691,0.20860976940168058,0.5026995927685497,0.2134735342290963,2.354856748795196
bf84d952-c6a8-4494-943d-064b223e764f,Estee Widdershoven,F,1366,2776,-0.1796537049344051,0.32278982152616775,0.5024435264605729,0.1337212063111975,3.757396005621432
e9849183-4693-4340-abf5-f4b6f3cb226f,Martin Emmrich,M,3555,6995,-0.16416575687408297,0.33404871576641293,0.4982144726404959,0.08356964640799688,5.96166783102269
9ce32de7-16c9-4786-a7b0-8c1c2c623d69,Rafael Lenhard,M,1663,3327,-0.25138880307418193,0.2457800222906413,0.4971688253648232,0.11972583165737304,4.152561051215769
7af5cd0a-26b8-4424-b743-ed83d4a1c201,Richard Livornese Jr,M,311,608,-0.3022962007825484,0.18972420075427557,0.4920204015368239,0.23199805910533297,2.1207953352464655
1d701c30-6b5d-485f-ae97-60f3b0c50896,Zoey Weil,F,2462,4951,-0.1845041139806943,0.29034483054826066,0.474848944528955,0.09993664259932628,4.751499872101529
a51b59c5-1a13-4472-821a-eb9866e72adf,Joseph Wild,M,463,938,-0.2723019652306863,0.20044865504410136,0.47275062027478765,0.19734277598987965,2.3955810791829126
a498be96-114c-4857-9d60-4ff2a3e89434,Collin Shick,M,1888,3467,-0.20260750612055978,0.26811443301296956,0.47072193913352933,0.11398672573579688,4.129620673766769
34049405-b415-4f3a-aade-5be0111ac7db,Bruno Faletto,M,628,1259,-0.28479311329295615,0.1812821834021595,0.46607529669511566,0.1827454677548008,2.550406871487907
a65a8877-2c30-4964-8b0c-52e92ecfab5c,Sophie Abrams,F,277,530,-0.2976197194561395,0.1638824047667306,0.4615021242228701,0.23145129165806014,1.9939492275751947
6160a7c7-6b90-41f1-96d3-af5fa1623ca5,Collin Johns,M,4899,9485,-0.13240947825023663,0.3290145697262937,0.46142404797653036,0.07145383247123495,6.457652893038103
43df1205-e834-4427-9f1a-4e173bf93296,Grayson Goldin,M,2096,4237,-0.1819612057988556,0.27422336004784625,0.45618456584670186,0.11295075317775552,4.038791712426958
c2a34b34-0ed2-4d7d-8ec9-3b0cd3d9233b,Randy Blanco,M,281,523,-0.08829620433916505,0.367401796411343,0.45569800075050804,0.23326390906820293,1.953572683278958
d3e486f2-7c25-4bcf-b9dd-81c14f644f60,Etienne Blaszkewycz,M,1574,3147,-0.17689682345322422,0.2750248397903673,0.4519216632435915,0.1294673278204493,3.490623239481202
fa8d5d28-d8f5-4996-8c35-0f4ca3c35bae,Anderson Scarpa,M,3669,7599,-0.1715785771278327,0.27169626341934494,0.44327484054717764,0.08294734028217671,5.344051286505521
74afd19c-8f82-4ca2-9345-e4d693111033,Marshall Brown,M,2770,5583,-0.20140556945861465,0.23645219536880502,0.43785776482741967,0.09582724447009737,4.5692409006298
925c1306-6b3b-4510-8482-f34168a0842a,Roscoe Bellamy,M,3553,6833,-0.20867428812313127,0.22134805225446108,0.43002234037759235,0.08361422612551055,5.1429327317112286
aec5d8be-9ce0-4cc5-98a4-140fad555fe0,Donald Young,M,2831,5728,-0.18419661647062513,0.2455523064647822,0.42974892293540734,0.09368720462442312,4.587061004308981
461f063e-a587-4638-bad9-421ff33d91d7,Genie Erokhina,F,4071,8295,-0.14183404391062412,0.28462579971798196,0.4264598436286061,0.077930913213615,5.4722808452102285
4fdcaa8b-8ebf-4cba-b759-d7c8e9d55ec0,Elliott Schupp,M,336,674,-0.18722170482642855,0.2295368254797674,0.4167585303061959,0.2226348083867526,1.8719378758698824
f4c43443-fdff-4344-b291-274cfd26361e,Juan Benitez,M,2191,4173,-0.11600400210853376,0.2846852572699845,0.4006892593785183,0.10900949794889328,3.675727958735969
a067b12b-b26b-4a30-aed8-0f707c52beaa,Mark Dancuart,M,423,783,-0.13807048245226897,0.2585198238981145,0.3965903063503835,0.20357182698343235,1.948159095623089
06ba18e0-687b-4aa3-822d-1c86981f576b,Rafa Hewett,M,4243,8350,-0.10335644162214004,0.2778060106076432,0.38116245222978323,0.07701929598162974,4.94892153156913
84bc805f-1c7a-4151-8c50-f3236805edea,Aanik Lohani,M,764,1475,-0.17218494908908072,0.19287292913600756,0.3650578782250883,0.16806566357966982,2.1721145797995574
07ba5aa2-4581-4f2e-a62a-ec802353725c,Irina Tereschenko,F,500,972,-0.20942563747551482,0.15161900630213415,0.361044643777649,0.1879173929351556,1.921294448259157
763b4d27-8140-47cd-86f5-982706cd4ebb,Michael Loyd,M,3851,7636,-0.13444589878018307,0.2234283510817153,0.35787424986189836,0.08099690096908722,4.418369660815571
55ed7e0a-ff2d-4ac2-aad6-b6772ef4f448,Layne Sleeth,F,2768,5307,-0.11403804247920052,0.2363800598049911,0.3504181022841916,0.09558657663054024,3.665976067315626
6b432472-f73b-4f2b-b65d-5848657d117b,Amber Policare,F,396,760,-0.21301290752621516,0.12897924087646462,0.3419921484026798,0.2184301215109166,1.5656821780671302
585c0024-286f-4489-ab4e-ab713ed71252,Ryan Dawidjan,M,233,385,-0.2828332426255432,0.05803750432474632,0.3408707469502895,0.2658634172859406,1.282127305930463
d45a3391-82f4-45d0-ba66-f1901854a8d0,Darrian Young,M,3623,6936,-0.10020867778601032,0.2395344290938423,0.3397431068798526,0.08340172447655804,4.073574125860493
602ac701-c27e-408d-9e4e-1f7c02578def,Tam Trinh,M,873,1775,-0.13464251658015866,0.20442371553233318,0.33906623211249187,0.15769753718477486,2.150104802938086
30d6d999-b324-4744-b08c-8309e83c57b0,Naveen Beasley,M,1197,2397,-0.17531908305862284,0.1601988894851934,0.3355179725438162,0.14732361923414106,2.277421463632239
66a6c35b-33a2-4a23-b5db-fa53c96d643a,Kaitlyn Christian,F,4656,9637,-0.11840924607493038,0.2157579041597939,0.33416715023472426,0.07310572949911939,4.571011773280363
e21cb6e0-aabb-43b2-a112-c0a0a59081bf,Oliver Frank,M,430,831,-0.2526102355176444,0.08062771156375217,0.33323794708139653,0.22248401618173572,1.497806237052066
1bfba782-55f3-42e4-9889-9018e793c0b5,Leigh Waters,F,203,422,-0.10132523753711906,0.2248494322359742,0.3261746697730933,0.26135017315011305,1.2480369377285496
7cb07784-a295-4038-b712-ec86ecd70c39,Michelle Esquivel,F,1127,2318,-0.08378597452347736,0.24224945903000716,0.3260354335534845,0.14046291960014398,2.3211494854414965
524b89ad-b76b-40b4-a0db-736bdc7b8adb,Hien Truong,M,400,770,-0.11364130767456085,0.2112364592110914,0.3248777668856523,0.21160826547089118,1.535279192250373
76419f3a-712c-4241-8940-6f9bda847ba7,Lauren Stratman,F,3851,7792,-0.118060223108773,0.20585075158322122,0.3239109746919942,0.08112109418207379,3.992931529806366
1e538b1f-66e9-4166-ac60-3aef311ee0b5,Jada Bui,F,810,1577,-0.18873082466039487,0.1305402473770499,0.31927107203744476,0.16344930921524942,1.9533338719528681
3d9c8684-953f-4008-b355-b6104ee56a5b,Connor Mogle,M,2097,4145,-0.06890719226063631,0.2502140014670294,0.3191211937276657,0.1146954557000138,2.7823351132788368
dcd029fb-2814-401b-a1cb-0c4269d9954b,Allie Reichert,F,689,1438,-0.2726823708818719,0.04435448596690497,0.3170368568487769,0.18174774084608653,1.7443785291243883
8c94d7b2-0dce-455e-916f-e35927d53547,Thomas Yu,M,932,1885,0.008814830618683184,0.3110359263392335,0.30222109572055034,0.15962906971748372,1.8932710455271726
2177a8cd-bc2d-4dfd-a6ed-e80eb7bf1cc6,Luke Williams,M,262,459,-0.13319220256563158,0.1676966934164604,0.300888895982092,0.27570545500377813,1.0913418306430274
6794d224-7da3-43d9-8300-e24e731f5dea,Samantha Parker,F,2274,4458,-0.16074181536673554,0.1344971416636304,0.29523895703036596,0.10442180798742269,2.8273687529517457
c84377c6-b0ca-42dd-bc1a-2fd3d3c4ef9f,Ryan Torresin,M,623,1201,-0.11407506079701334,0.17856808111667039,0.29264314191368374,0.19443816509087675,1.505070477171536
e8dcdb9a-872b-45cd-8338-f2746bc0a0b1,Mikus Losbergs,M,348,725,-0.13226601687112974,0.15979933374123043,0.29206535061236016,0.24018868591200673,1.2159829656562529
4b52c4a5-80c7-49e1-9728-460a9d242392,Phillip Locklear,M,689,1384,-0.2093959904196479,0.07950882503076462,0.2889048154504125,0.17972729072322075,1.6074621404899754
ab473dbc-8449-427a-968d-5f59bd1f65fd,Eunggwon Kim,M,1245,2627,-0.1204420142949231,0.16814265362420694,0.28858466791913007,0.1433753332527909,2.0127916104670156
2b508074-59ec-455c-8974-31de393bc165,Lyn Yuen Choo,F,371,775,-0.1854003827976766,0.10016987374026162,0.2855702565379382,0.21085890889675646,1.3543191417999936
a91e2b68-7357-4518-baf9-f59b0b4c2477,Christopher Haworth,M,1892,3659,-0.15376065491256755,0.13127501500745298,0.2850356699200205,0.11623730242975916,2.4521875848956856
70c18684-f615-4d05-9aa9-5cbdbd53ab9f,Carlota Trevino,F,1072,2079,-0.25846933083491264,0.024749542685794226,0.28321887352070685,0.1578057778193077,1.7947306963944047
65bcab7c-9c93-4dc8-a847-a34da426b933,Martina Frantova,F,2628,5053,-0.12241751729174394,0.15982875671945093,0.28224627401119484,0.09897847837232168,2.851592372934702
b5256e08-9c6a-4eb3-8fe6-f522b269c1ab,Dana Raugust,F,780,1376,-0.1607767220908423,0.12130910270382425,0.28208582479466654,0.17448157789939556,1.6167083550637913
c28e1a62-b0af-4336-8d1c-8b77a210b705,Andre Feliz,M,363,762,-0.14293821689846414,0.1363039600463452,0.27924217694480935,0.2442736918184717,1.1431528907841781
04158680-ebb3-4554-96a1-500cc6d00882,Chloe Igleski,F,1437,2873,-0.08104670458614432,0.1976612272914171,0.27870793187756143,0.12978824290123314,2.1474050780520533
b68c0204-d9d4-4cba-bf23-46706abd77bf,Clayton Powell,M,1393,2731,-0.06380911016908697,0.21315620315332573,0.2769653133224127,0.13209228562705214,2.096756158072648
c96f7a83-9cc1-4fbe-a610-126ed8e3a202,Gregory Dow,M,1956,3997,-0.0641255557645152,0.2115325278284471,0.2756580835929623,0.11017913500765594,2.501908220406775
0c5b84bb-4c04-4906-86bc-deb533ff4eec,Zane Ford,M,2335,4698,-0.14018297591379858,0.13500768440549982,0.2751906603192984,0.10756465871589788,2.5583743174060354
d43db93c-6710-4a18-a406-497eb7a068ce,Spencer Smith,M,1915,3919,-0.09224744325584183,0.17957629267160982,0.2718237359274517,0.11050202494091256,2.459898233293017
3ad652aa-3fdd-4e53-8f34-dfdedc3c1901,Christine Maddox,F,574,1177,-0.11999388327587823,0.15138191426612235,0.2713757975420006,0.19079728263451198,1.4223252752600435
67a8852b-b49d-4cb0-8ff0-1f4ddf644485,Amanda Hendry,F,382,775,-0.0356898619659684,0.23477204790087408,0.2704619098668425,0.20731150582240063,1.3046160115133285
283c842a-ddbd-4e94-9922-ef3080f75ad3,Maksims Kazijevs,M,200,353,-0.1790130382837973,0.09097045973114158,0.26998349801493887,0.2644651013831588,1.0208662564660467
2819525e-d485-4ab3-a300-1c6dbdb3ae39,Quan Do,M,756,1580,-0.14928189606786935,0.12064195472548112,0.26992385079335046,0.17774970042929233,1.5185614948517137
1dd5c313-10f5-4e0a-bb9b-699913a5abe8,Mary Brascia,F,3412,6893,-0.10979124873644537,0.1594476412153074,0.26923888995175277,0.0844105473460669,3.189635636977041
05bf7513-7f0a-4f6b-bc11-5d4b14314d91,Tom Protzek,M,2772,5452,-0.12280908665894286,0.14623276224731452,0.2690418489062574,0.09489768800378252,2.8350727458769454
5f367bee-cf3e-4aad-a6e6-72cca04d97e2,Angie Walker,F,3499,7189,-0.062080908303265056,0.20401526153670774,0.2660961698399728,0.08472132306616134,3.140840584278536
42b8527d-b84e-4f50-8e0b-5937664981e3,Sanil Jagtiani,M,780,1587,-0.11669309050887723,0.14790466867662116,0.2645977591854984,0.1721112798945902,1.5373644269425666
06e87b30-1f70-46e6-a6a8-17a4086d609a,Kailas Shekar,M,834,1620,-0.3483740061666689,-0.08571107044896488,0.26266293571770405,0.1701907889329472,1.5433440162333907
ded801fd-297a-4761-b63e-d8fbbfeb5762,Shelby Bates,F,518,1144,-0.11631637152161743,0.13886127466079956,0.255177646182417,0.1918494417003158,1.3300932435395092
9eff9049-c45c-42ee-9a49-e9a797cc2116,Cailyn Campbell,F,2643,5207,-0.13526582278084878,0.11885388996134022,0.25411971274218903,0.09702422655507097,2.619136701882912
0fadc58c-ce4c-4a9b-884f-8993354775ca,Rianna Valdes,F,272,595,-0.16339843527616849,0.0896267449482816,0.2530251802244501,0.22290445336336792,1.1351284211983905
614e164a-4197-44eb-855c-586cf79fbfc9,Ivan Jakovljevic,M,3242,6560,-0.13603211222799544,0.11648343293354912,0.25251554516154456,0.0883695022650964,2.857496519602798
5e3e0f33-bbb6-4c23-94c2-c92cfee744f6,Zandrix Acob,M,315,578,-0.17489239490772246,0.07749888400787443,0.2523912789155969,0.3058265401865024,0.8252759187011073
ec4cdfe2-c6f6-4de1-824e-9adcaeb31196,Judit Castillo,F,3001,5748,-0.055260377319821315,0.19278367282458359,0.2480440501444049,0.09196318717379896,2.697210239958654
bd7773b4-7b8e-4da2-96ce-98fe3490ee93,Lindsey Newman,F,2076,4107,-0.07052237247070696,0.17467216465023533,0.2451945371209423,0.10690385041737817,2.293598744700441
cd1bf109-4907-4208-bca1-4d12f9494a4c,Casey Diamond,M,1235,2349,-0.06094437116986269,0.18175587829414377,0.24270024946400648,0.13369634195066135,1.8153095733432363
9647bc45-f17b-43c8-9658-32448d4d95b9,Leah Tauber,F,612,1217,-0.12421463416064121,0.11676728443288512,0.24098191859352633,0.18276746790789858,1.318516480815741
6a87bc44-5190-44db-8a2f-467de4de48c6,Christa Gecheva,F,2657,5181,-0.07662692640826194,0.16145402336508952,0.23808094977335145,0.09600675751163103,2.479835336012764
5a2bcefc-c495-4a2d-b3cc-03b6cdecd84f,Xiao Yi Wang-Beckvall,F,817,1609,-0.13590349795271311,0.09868445869313706,0.2345879566458502,0.16458883962352752,1.4252968620620647
5ff7095c-6dc7-4534-8e29-1b62c6f66bba,Felicity Di Laura,F,557,1089,-0.22336826236062496,0.009390740828173805,0.23275900318879877,0.1849588086535231,1.2584369724440543
e02ba405-3969-4135-8be6-d320b09c4f3b,Salome Devidze,,575,1209,-0.09831473846473215,0.13286975244197155,0.2311844909067037,0.178342333437572,1.296296209938449
12890797-7355-49ca-848e-56d67e33c4de,Marianna Petrei,F,400,720,-0.2133670419208087,0.015671145714803505,0.22903818763561218,0.21657997231851867,1.0575224716474316
45e53881-72e4-4de1-9763-c2e7f7f854ba,Andrea Koop,F,2083,4002,-0.08863485805806655,0.13913404676473728,0.22776890482280382,0.10873163312383259,2.0947805002009097
220e3821-0cac-4fce-a722-a079a5359262,Casey Garretson,M,492,987,-0.28112041129421345,-0.054631741802299884,0.22648866949191357,0.23818161999886298,0.9509074188553877
96fa4141-9648-475f-ab95-fb6796c2f489,Sam Weinbach,M,379,753,-0.06919158116677912,0.15659678882693437,0.2257883699937135,0.21332818717487328,1.0584085159296184
b4b00d3c-1974-48f2-b74e-9cf9faa04d69,Kevin Dayan,M,731,1569,-0.2500531275707932,-0.03325898841609866,0.21679413915469453,0.1952236784368706,1.1104910064728606
7886d6aa-2310-4ae8-9874-f0fc9c3e534f,James Delgado,M,3440,6581,-0.13307637295892222,0.08130717438470754,0.21438354734362974,0.08899930749540123,2.4088226456672976
81535c8c-27d9-452c-a72a-61fc9f755b01,Will Mackinnon,M,1606,3149,-0.021040509677695024,0.1923536860112636,0.21339419568895862,0.12228210230912546,1.7450975380641112
dc7f6ac5-f007-4b8f-b343-95e524dc7d0a,Luc Pham,M,1588,3307,-0.10430125348161338,0.10900529439306872,0.21330654787468212,0.13632873947161556,1.5646484277740556
ba7380b8-4820-4239-89d2-772b9c853839,Logan Rosenbach,M,153,330,-0.3329138156877336,-0.12012893508325123,0.21278488060448236,0.34562115527071874,0.6156593060335437
093e132a-0458-472b-aaee-ee7e15d25e20,Chris Jammal,M,241,525,-0.19370617622965935,0.01810955494330433,0.21181573117296368,0.23912596705227607,0.8857914252644005
e838b7b5-ffd5-4a47-ac0b-f748dc6841d9,David Bieger,M,463,1027,-0.11826843001723444,0.09340147089729593,0.21166990091453036,0.19880670415112142,1.0647020271189198
30d7759b-93f0-467d-a07a-970ecfac06ba,Cameron Luhring,M,459,1012,-0.03760018863061659,0.17191832761493092,0.20951851624554751,0.2004343324466018,1.0453224938465362
306da673-de7e-44f5-bc16-0738b44bd089,Christopher Crouch,M,2416,4828,-0.05366514064415953,0.15534614302430982,0.20901128366846936,0.10414194504183176,2.006984636061038
03c7da24-3aa8-4bad-8932-85c2a72ccf71,Emily Stumpf,F,210,338,-0.16957335116353717,0.038336581805290926,0.2079099329688281,0.2998447881612111,0.6933918519772492
590dbe5f-6dd5-4ffe-9d8a-4f7c26ea9546,Tingwen Wang,F,161,297,-0.21653756196896048,-0.009776100790794509,0.20676146117816596,0.29530276313838916,0.7001677159426725
2c2a2b82-9ec7-4046-97cb-3a199ed507af,Oscar Serra,M,919,1751,-0.1166368619682899,0.08398351485432762,0.20062037682261752,0.1688154364943209,1.1884006639959526
03b91579-1bd5-4f20-a9c1-e400cbd21255,Antoaneta Toskova,F,296,569,-0.14237418068687963,0.05614570593766165,0.1985198866245413,0.22131175476961437,0.8970146517124704
dc69fcde-bcda-4441-8b66-a8bafeb12ded,Joel Poland,M,1278,2710,-0.030396866824410472,0.16219350809048255,0.19259037491489303,0.15480529245181854,1.2440813351057405
3cec5850-24e2-44e3-96bc-ee87aa34581d,Katerina Stewart,F,176,321,-0.1384770870711908,0.05333757779340368,0.19181466486459448,0.276249024729656,0.6943541793579505
fe1a9f36-62eb-4ce2-b068-cb754c00051e,Nicola Schoeman,F,634,1249,-0.05748454802059612,0.13195292079019247,0.1894374688107886,0.17695864320766672,1.0705183164660546
9c48e40b-ebfa-49d4-a3b9-c487c0248567,Aibika Kalsarieva,F,309,624,-0.13437347795431048,0.04981946717306826,0.18419294512737874,0.22010610075500775,0.8368370731004742
1bab49f1-6891-4d3e-8f77-42aa4fc1d18e,Mohaned Alhouni,M,3045,5884,-0.0822944582393643,0.10072953583117698,0.18302399407054126,0.09091346620934715,2.0131670444628136
577d1124-44c9-435d-88e9-01a146f2d177,Eugenia Carolina Lopez Ascarate,F,214,472,-0.052572991486320594,0.13016546591499353,0.1827384574013141,0.24293037728442707,0.7522256353611997
2e858abd-e6cb-4a07-b6ea-fd6ca01556ae,Rachael James,F,701,1401,-0.07351442039534824,0.1089026323212949,0.18241705271664316,0.18123640396432547,1.0065144128138301
c3b08889-9218-45d7-a712-72d78dd9a0bb,Tanner Tomassi,M,876,1749,-0.11864093242749452,0.062486815988680236,0.18112774841617474,0.16787072586127208,1.0789716163249228
4025f403-d676-42ee-97a1-61d9b38c211b,Allison Phillips,F,2824,5832,-0.06717722570336332,0.11172556629970942,0.17890279200307274,0.09458562086480538,1.8914375183812022
50c2125b-406c-41e7-aad6-5432c7cd8e1c,AJ Koller,M,3642,7136,-0.09123084077278111,0.08724079399458831,0.17847163476736944,0.08215163248887812,2.172466077183936
c85c50d9-eaa4-4581-b6bb-583a808706bf,Kyle Koszuta,M,729,1338,-0.05481129517574236,0.12348530524065315,0.1782966004163955,0.17060033163901495,1.045112859414984
5dc48fe9-12fa-4762-8814-7892ac78c67a,Jayden Broderick,M,273,469,-0.148693604442204,0.028394649465911262,0.17708825390811528,0.2556836592771919,0.6926068502333592
1af53bb7-816e-4292-bd2e-08374c50aa42,Sergey Afanasenka,M,348,651,-0.1412517078835102,0.03560765172074235,0.17685935960425256,0.24117563864850988,0.7333218255182395
4fde43e3-433f-45df-8a9e-1f3abbf82dc8,Lorena Duknic,F,195,392,-0.041395232441628634,0.13512616790933518,0.1765214003509638,0.2606476729234692,0.6772414208462688
64e104e8-d388-4d03-9eb9-e3f836ef942c,Tia Elpusan,F,303,622,-0.12307388034750334,0.05251112480589391,0.17558500515339726,0.2321780624225805,0.7562514878508209
e18b2cb6-ae9b-4175-8947-697eabf80061,Mark Growcott,M,373,778,-0.03197387465200813,0.13906085237063617,0.1710347270226443,0.24073230554515215,0.7104768370631699
12c765d0-8384-41d3-a498-de63fd7c37da,Naomi Nguyen,F,607,1215,-0.05790364709162663,0.1124221966143463,0.17032584370597292,0.17563293520762832,0.9697830506824845
941ee654-0687-490d-b570-8e779ceff2ac,Florencia Rossi Luqur,F,291,549,-0.011310932053428074,0.1542725597090208,0.16558349176244885,0.22768373366133043,0.7272521804686629
8ad8769e-9ecc-41dd-804f-b84e3ef90593,Sarah Hua,F,389,784,-0.014115637822846906,0.1490575396381444,0.1631731774609913,0.21484124337141863,0.7595058327739087
2512a654-2feb-48f2-936e-7ddd02ca2508,Samantha Greenhut,F,158,337,-0.013269661661736848,0.14790656430319843,0.16117622596493528,0.29434495513107156,0.5475759755867521
0df3b359-d935-4c79-a16a-ce373f55db07,Ernesto Fajardo,M,347,664,-0.1404322282436898,0.01812011293531312,0.15855234117900294,0.24183926347726967,0.6556104203232705
41118195-75b3-4b25-adc9-07991301280a,Craig Johnson,M,1757,3626,-0.06002690376593901,0.09038273231232274,0.15040963607826174,0.11584379399154345,1.2983832011686496
f6fa549d-8a9c-46fd-aeb8-af8a3f0f7a59,Robert Slutsky,M,380,724,-0.08733302918167339,0.06203246243420735,0.14936549161588075,0.23407220785099267,0.638117156185261
bb4de7dc-9f25-4218-a601-318492e0884c,Usama Khalid,M,890,1562,-0.16597525056016346,-0.0187923161925133,0.14718293436765018,0.17789548605614458,0.8273562057735327
fc684593-8841-4dd1-b77c-5154b2f25bca,Hailee Haymore,F,603,1254,-0.24611849766396904,-0.1001109912280579,0.14600750643591115,0.19811805845066344,0.7369722254383531
55dbee1f-1ee7-464b-9c80-d14cd9e44b8d,Carlos Di Laura III,M,1370,2617,-0.15569985649743415,-0.011217573332106379,0.14448228316532777,0.13305961569778713,1.0858462382266643
efedfcd1-7638-4c6e-8225-fea7f8d40031,Victoria Simon,F,759,1447,-0.13935692411269227,0.004914864411850552,0.1442717885245428,0.18233169298774882,0.7912600720174121
8620b5f6-d9d5-4cb9-9a28-ed21da77511e,Lauren Cole,F,153,335,-0.12854791330517495,0.015003443738133844,0.1435513570433088,0.25839473309806077,0.5555506310913507
f6dd1c21-d872-42e6-a8a4-7c42d9063b74,Jes Rochefort,F,197,388,-0.11659115279205566,0.02349823748317535,0.140089390275231,0.2735542769977223,0.5121082068711266
d8d51930-abf9-468b-9e43-55a9c0728d58,Anouar Braham,M,3339,6706,-0.051644946806433514,0.08752201077773666,0.1391669575841702,0.09132823999773194,1.5238107904808664
6866df42-48ad-423c-9e57-d7d4d6fb66ef,Vanshik Kapadia,M,257,502,-0.15338802152285344,-0.01600827626899229,0.13737974525386115,0.2551406180790329,0.5384471758679604
3d67b6d0-063e-466c-a475-7679d0764354,Austin Bricker,M,2195,4290,-0.026640618049519758,0.11003333811970435,0.13667395616922412,0.11501946970261621,1.1882680082128336
f76f4ac5-e3cc-4fe6-a4bc-a968b8b991b1,Alex Walker,F,3517,6901,-0.08395623522824489,0.05073270108041592,0.1346889363086608,0.08520174220082771,1.580823734697673
9972caa3-8ae5-4559-b5f3-720f9cb6317b,Zac Hirschler,M,217,456,-0.12412150528259216,0.010188813949126338,0.1343103192317185,0.28365470963405776,0.4734993450487457
3cab1673-2522-4dd5-ba07-2a1b88749d86,Tristan Dussault,M,972,1929,-0.07282436605581968,0.06146435523872869,0.13428872129454839,0.16186425354029688,0.8296379117524956
469988c9-b401-4c68-9e07-e1b1b104b791,Yates Johnson,M,2621,5108,-0.05655438026659117,0.07745726723853302,0.13401164750512418,0.09619047543612765,1.3931904057809812
794634b2-7e1a-4928-ac82-a13fd3e984b2,Jessica Wilcox,F,224,442,-0.1904571210334456,-0.05654523972609225,0.13391188130735332,0.262821345405353,0.5095167635673548
437c71fe-2e32-4ba4-b053-96e21195fe4b,Yu-Chieh Hsieh,F,416,799,-0.19136154322345555,-0.05763148455954417,0.13373005866391138,0.21918830049535012,0.6101149484789602
4d79c4da-92de-4292-b231-59d2bd32c944,Alex Bowers,F,205,385,-0.10290429921140332,0.030802248962808434,0.13370654817421174,0.3501718402370141,0.3818312405809455
0dfe6dd7-dcc9-407b-a761-1cafc880401b,Erik Pailet,M,1051,2035,-0.07290931182292971,0.05952010556637931,0.13242941738930902,0.16755223058994073,0.7903769285734572
94478a4a-a920-4a12-936c-4dead2ecd1d6,Max Green,M,417,880,-0.17104017486664136,-0.03878603937473865,0.1322541354919027,0.21623029185906023,0.6116355592680164
47cdc6f5-3e06-4249-adde-f588681bb483,Maria Klokotzky,F,400,784,-0.08290868645559646,0.04917549307802935,0.1320841795336258,0.20678150763264555,0.6387620491106869
66e1ddf7-61f6-4683-afdf-b6cc313af407,Todd Fought,M,2270,4530,-0.024753356198768776,0.10567064637230127,0.13042400257107004,0.10397719252800247,1.2543520304796176
52915580-0a12-4791-8f82-6f6e56e90f76,Elizabeth Boydston,F,170,315,-0.20565996251556065,-0.076059819517877,0.12960014299768363,0.3660379832892259,0.35406200698925755
7b85c35f-6a90-4c61-af0b-565658feeb3c,Freddie Powell,M,1174,2205,-0.02797155429808492,0.10137736384594613,0.12934891814403104,0.14926875140810106,0.8665505467409642
6382a284-3db4-4d37-ac8a-2234c250bc81,Amrik Donkena,M,497,1053,-0.10308809527378031,0.025932346169256812,0.12902044144303712,0.2130653103298085,0.6055440993342536
7464628e-931a-44c9-b0df-749a7cb32eaa,Adam Harvey,M,2490,5119,-0.06581565118768924,0.06117111731825706,0.1269867685059463,0.10094762041270018,1.2579471213565145
167e7a23-c919-460b-8586-a3966f588dcb,Hong Kit Wong,M,1013,2078,-0.07721944747240991,0.04906694746758963,0.12628639493999955,0.16185785859471663,0.7802302343330384
57d81852-8998-4d7c-9ed6-737c404c8650,Jericho Grollman,M,956,1814,0.07325224979413011,0.19904354691668846,0.12579129712255835,0.16367308927563556,0.7685521039486097
1d36eae4-41f1-4739-b9d2-0783fd371112,Samantha Buyckx,F,555,1083,-0.12294489943745598,0.0024558056968933296,0.1254007051343493,0.18251539569568945,0.6870691902804282
ababc250-f834-4e1b-a3e5-f7152faf0888,Kendall Warren,F,169,357,-0.14792936779339586,-0.023588034655211646,0.12434133313818421,0.38995567185764635,0.31886017337779643
b3485ff8-bab5-4443-8245-3f81cbfb2b77,Emily Cederquist,F,274,509,0.027334212800544183,0.14953772585269223,0.12220351305214805,0.24036486174524418,0.5084083928276839
337c76f4-2e83-4a59-b66b-7dc2e0555ce2,Cassidy Hoag,F,1020,2162,-0.02292366154385228,0.09914671867606997,0.12207038021992225,0.1429256640430823,0.8540830020781041
eb88338a-8029-4801-9a7f-e4d48c9b5d83,Domenico Geminiani,M,411,800,-0.1360280218291446,-0.01652988181689586,0.11949814001224876,0.23654189027441194,0.505188065731694
315153f1-6830-49ac-9b35-8a68b82d120d,Jack Foster,M,239,442,-0.27405104630656596,-0.1553992920166214,0.11865175428994457,0.2982137829632328,0.3978748168879012
90b27004-f6bd-4a12-9cfa-acde87301310,Joel Cassens,M,300,597,-0.07536982052719204,0.042402249457793584,0.11777206998498563,0.28435217729718004,0.4141767828346908
1bbc9415-96dd-4751-9513-95274c5fc0f9,Nicole Eugenio,F,624,1390,-0.0872765935273774,0.027329182857739213,0.11460577638511663,0.1796260656399663,0.6380241975283634
9dc57e5e-1e15-4c18-9f9b-ea82ae9a5d46,Andre Millet,M,292,516,-0.10120608308522697,0.013163163015615022,0.11436924610084198,0.2445405125174037,0.4676903835829756
8187d00f-7c10-4947-a218-1641c659356c,Sam Angelo,M,798,1438,-0.1998103139632145,-0.08647968851361623,0.11333062544959827,0.18054900235403312,0.6277000923404253
89aaafba-7d47-4938-b918-b960dff5bebc,Ryan Finley,M,382,713,-0.021309134434756426,0.09027737197389724,0.11158650640865367,0.22528635521629853,0.4953096529149265
a2c56686-b330-41e4-b7e8-bda8a3ec97a8,Ryan Fu,M,2732,5428,-0.11452774099225524,-0.003361728451042101,0.11116601254121314,0.09662088662453415,1.1505381126670977
f370a1a0-2e1a-463b-a35c-30899131f7d6,Troy Akin,M,739,1468,0.013201511628483736,0.12379787700361673,0.110596365375133,0.17510313081734402,0.6316070127295428
a9a168ae-7822-4d31-b07b-fba40480c1fc,Brandon French,M,3742,7451,-0.06485886084666916,0.04274809736321803,0.1076069582098872,0.08256398552268088,1.3033159376775343
b3dd67b6-42ba-4109-b974-149162bb7211,Federico Nani,M,314,691,-0.1340375118372335,-0.02836983261493523,0.10566767922229828,0.23301744335208366,0.4534754038247557
90661183-81b1-49aa-b1fe-b977bb7bf272,Jonah Matos,M,167,252,-0.048117724600922555,0.05596177978911196,0.10407950439003452,0.3050980374890026,0.34113462428871283
98c2531f-f5ce-48b5-b251-eb69425d409c,Jillian Braverman,F,597,1269,0.026169788193870187,0.12945818845807758,0.1032884002642074,0.18187368471649074,0.5679128370067168
fc90f09b-f8a7-4c1f-922b-bbf3294cd736,Rougel Jon Lutz Aninon,M,428,898,-0.06258966673064424,0.03978618628678959,0.10237585301743383,0.20985832726163342,0.4878331698975203
525bfe63-4047-4100-9289-b4af47a25f98,Alia Brown,F,779,1435,-0.1290665182924991,-0.02697742563371709,0.10208909265878201,0.16299274473921346,0.6263413308495627
a7e358b0-517e-4972-89ff-d95f0797e1c7,Jase Edwards,M,836,1559,-0.09982524457213743,0.0012995524276082915,0.10112479699974572,0.18550739352240464,0.5451254264296068
9bce3fcf-8e63-4ed7-b4a5-00e0063a618f,Ariana Rodriguez,F,711,1487,-0.003803325076094403,0.09500104506671735,0.09880437014281175,0.18168121838998766,0.5438337050928584
e2b605ed-b830-499b-a1b0-c74546ff4777,Sophia Nhi Huynh,F,433,874,-0.07410341175759623,0.02386252142533194,0.09796593318292818,0.21077298149092055,0.4647936015800405
fcc36b68-b11b-4589-baa0-7d31f599eba1,Aaron Fuhrman,M,265,517,-0.09782996577425825,-0.004621800071218825,0.09320816570303941,0.3602820372382613,0.25870888933993424
bd8e1ad4-5402-4c55-a95b-1d39c1de2344,Spencer Liang,F,165,294,-0.07355909832573787,0.019640025937898122,0.093199124263636,0.33178007402644516,0.2809063339234995
45596674-36ae-4768-b4ee-c7181d9b2ea7,Sammy Lee,M,760,1550,-0.13423766968006057,-0.04168568456702074,0.09255198511303983,0.17092636008936393,0.5414728603864944
35f81e87-382e-41cc-9bab-687116861954,Jace Morris,M,1472,2926,-0.08644380338848125,0.005953148563340151,0.0923969519518214,0.13111524603266392,0.7047002903751035
43a35ec2-3d7a-4c6f-b412-cac02d237a46,Vritti Sethi,F,312,690,-0.07948308365822891,0.012577912175733959,0.09206099583396288,0.25086445279777203,0.3669750528911145
6a00b494-cc3d-4cd5-9fbe-077bc6958972,Dennis Uspensky,M,260,522,0.03732987080388123,0.12924760034840885,0.09191772954452762,0.24278744769687077,0.3785934174788573
3f872035-3abb-434d-9fc7-6134ec6c40f5,Alvaro Terron,M,191,416,-0.09048386180897695,0.00088267206417042,0.09136653387314737,0.2588540929430536,0.3529653822906616
2debba8d-e0c6-4fec-9ff2-dcb4732abe90,Chandra Kusuma,F,308,572,-0.2540979995777104,-0.16313063039263576,0.09096736918507464,0.23682782807340408,0.3841076022403903
a9950e78-2b86-495e-a0d2-bb8efac93531,Malia K Lum,F,555,1093,-0.0031423926080141763,0.0874703426750007,0.09061273528301488,0.1882959758260465,0.48122502292202807
bc7b2475-e580-4734-bc14-814a153bec5d,Pesa Teoni,M,2527,5032,-0.06610456422457346,0.02417641906675974,0.0902809832913332,0.10088079829845638,0.8949273282338274
a70be599-8b9f-405d-9e10-f501b0046e74,Shannon Pretorius,F,448,989,0.057476868264458046,0.14543384836984097,0.08795698010538291,0.1981751746950836,0.443834502685391
b35ed876-bcdc-4024-9746-fe1bcb3957f5,John Cincola,M,1931,3701,-0.037667159626272005,0.048560628316336896,0.08622778794260891,0.11529236616351025,0.7479054408538958
20045230-82bb-4962-99fe-cf78c28f8641,Joshua Giannelli,M,619,1189,-0.015434845261829228,0.06544981150421009,0.08088465676603931,0.20749823770509038,0.38980888541809067
f1151ea2-759d-4d9f-a5b9-5ccd966dc3ca,Hoang Nam Ly,M,427,838,0.0026896933356795535,0.08347506526370618,0.08078537192802662,0.21329988070305114,0.37874082095945133
17acdeab-879d-46c1-bc2c-b31d17acb8ed,Jeremy Lim,M,303,508,-0.023538681096241465,0.05701075379480096,0.08054943489104242,0.30721253772077467,0.2621944907868759
bf96031e-108d-4a37-810a-d43f63339231,Audrey Banada,F,1124,2481,0.02757992922006775,0.10620800962468135,0.07862808040461361,0.15708624731547316,0.5005408286742404
cd7b97fc-d912-4c59-8ab3-c2d70e79d998,Lina Padegimaite,F,3018,6029,-0.05155444169873975,0.02543672504961787,0.07699116674835763,0.09182253031174553,0.8384779474815808
e8e10ea8-2ff2-4155-9169-cc33ff8c6265,Rio Newcombe,M,1638,3381,-0.07268551875562133,0.0034005369056962927,0.07608605566131763,0.1273091027878394,0.5976481963596508
b2188c16-8955-451d-8b6a-945a8907528f,Tom Evans,M,298,645,-0.12498109289142133,-0.04958115967122443,0.07539993322019689,0.2343892164684767,0.3216868692009025
38b1bfb1-576b-4a3e-ab6b-e8bc46031c1d,Eric Roddy,M,2473,4864,-0.06809479395461783,0.004954514010499039,0.07304930796511687,0.10299251097922645,0.7092681523208119
86e1b9d3-15ea-4b76-b488-d3135e78aa7c,Wade Heerboth,M,290,614,-0.13721645254227768,-0.06516770853900744,0.07204874400327024,0.2454722158764842,0.2935107899931268
875df336-1f62-4929-896e-8f458591d636,Zack Taylor,M,215,394,-0.03927260823825271,0.03224963415458816,0.07152224239284087,0.27375473888791657,0.2612639426202745
20a05d48-2059-4900-ad17-c58c875d715b,Thatcher Schwendiman,M,252,475,-0.03346940033209647,0.037598637623355795,0.07106803795545227,0.27649778777256184,0.25702931849100563
11124e87-7f5d-45fd-8282-728c39068a3c,Nick Black,M,1106,2111,-0.06148358178196938,0.009131049972135943,0.07061463175410532,0.16003105237933266,0.44125581069555536
ebb2a1e0-7c6c-48a4-b994-e81edd8ddb97,Patrick Smith,M,2251,4580,-0.005130962780768099,0.0614251095000667,0.0665560722808348,0.10342166430773268,0.6435409130798381
5358928b-dc8d-431a-a57e-0c0236b09b35,Elizabeth Skufca,F,172,298,-0.060621329945590434,0.004275978991761692,0.06489730893735213,0.31014656348597075,0.20924722881956972
9e2a5ee1-cdc9-4635-a15a-540ee99192b7,Mitchell Hargreaves,M,517,1074,-0.16664204673744382,-0.10256585337000138,0.06407619336744244,0.21813886291176401,0.2937403840477564
9a449e9c-69aa-4a48-8f28-217766ab25f7,Armaan Jiwa Mawji,M,468,895,-0.04223177496373304,0.02066186651412668,0.06289364147785972,0.20463795268394666,0.30734104135119006
25104e43-16f9-4ce3-9085-70243d8b350a,Ella Yeh,F,1648,3461,-0.02741410189557328,0.03420057635908452,0.0616146782546578,0.12495741593995897,0.4930854066657649
5925398b-b2a9-4e8f-ae46-5c2b59b1b818,Nicole Conard,F,2543,4914,-0.0824679073587449,-0.02096765073424556,0.061500256624499344,0.10224235617210241,0.6015144694139996
9e21488f-cc47-4ec5-8883-b74edc533747,Paige Miles,F,204,425,-0.0813639712558652,-0.02064069746753687,0.06072327378832833,0.24745810492204362,0.24538809835086184
c5964640-5d39-4c95-b6a4-7a1faeda89a6,Amanda Rosati,F,503,1052,0.08170231989188624,0.14228590933225935,0.060583589440373106,0.21067949213857304,0.28756282268102606
404094a4-c65d-4e15-8023-f025ac226e30,Riley Bohnert,F,289,540,-0.1272648893059768,-0.06685252566265529,0.060412363643321504,0.2601980885101536,0.23217835299725526
14c4c96f-0a49-4d07-b16d-f6cb782491f4,Kentaro Hamaguchi,M,860,1711,-0.0425130707856954,0.017751605658810617,0.06026467644450602,0.17789318764703224,0.3387688828426669
21787278-0f3a-4bcd-9d1f-e73deac5d400,Averry Chew,F,243,465,-0.07091785682478993,-0.011160755337801129,0.0597571014869888,0.24820063676826087,0.24076127388336482
6ee6ec8b-17cd-44f0-ad2a-a3e3460100ce,Dave Bacalla,M,477,907,-0.017278638407096748,0.040542347114491936,0.05782098552158868,0.22268472539449075,0.2596540261985081
24fead20-0b0e-409e-bd9e-dc69fa0a8162,Mark Dancuart,M,191,343,-0.09031599065686055,-0.03341925962644709,0.05689673103041346,0.27444894095309635,0.20731262737915676
f51d6dfa-5101-49d8-aea5-269e481e1918,Helen To,F,603,1250,-0.008052905748348847,0.04573664457851069,0.05378955032685954,0.19265131902667676,0.2792067586073013
ef40c5da-1ba2-403f-929c-38312222b8e0,Chiron Burl,M,364,743,-0.07034319747672521,-0.01800638771005149,0.05233680976667372,0.22573929130050593,0.23184625709222478
0d23964f-d43f-4006-b1e0-13001393216c,Ross Whittaker,M,1914,3947,-0.03718196406693805,0.014732274098431086,0.051914238165369136,0.11490941151971278,0.451784039956233
ca3a3394-b5c4-4c95-9d31-910d4ce5bc9c,Brandon Fritze,M,327,722,-0.010708359481905617,0.04087485111028513,0.051583210592190745,0.23394544147813365,0.2204924800683159
0763ffeb-1b1f-41c5-ab37-d17b66e50b50,Phuc Huynh,M,471,1013,-0.09685516086900828,-0.0453976570373214,0.05145750383168688,0.21898051446666933,0.2349866788696359
a92239e2-429d-4a0a-85b7-58cac29488ee,Jordan Chrysostom,M,947,1939,-0.03922609952926309,0.011638629933703862,0.050864729462966954,0.16831858991521337,0.30219317716830263
07aabe65-d0a6-4599-9ebf-48683b900917,Madison Wold,F,226,430,-0.16690851150886563,-0.11665489539084363,0.050253616118021996,0.26820588132592005,0.18736955308207617
8b96b5a9-1ed8-4bb8-956f-c46e8de9ab24,Mikar Larenzo Fisher,M,200,426,-0.19977846763941376,-0.15137213922167952,0.048406328417734235,0.28580089590725843,0.16937080712805724
71992955-8b6f-470b-a991-796cfa56a826,Liz Truluck,F,3566,7275,-0.02276000961680037,0.02473490668587109,0.047494916302671455,0.08413606278438678,0.5645012938671186
3fc70f61-f10c-4539-9b5a-82911efc966a,Ava Cavataio,F,731,1428,-0.07699101815316352,-0.030974967134648205,0.04601605101851532,0.1678306233491038,0.2741814938195011
fb9360bc-8a5e-4a54-a460-5a4d4541ac81,Marie Lutz,F,283,624,0.03979946013701048,0.08535817030343767,0.045558710166427194,0.24583832762830196,0.18531980186307725
0c1fb7ef-65d8-48bf-b19e-ff7e543f4bbc,Lê Xuân Đức,M,273,545,-0.07648295309273043,-0.03099072487995773,0.0454922282127727,0.2380959586985555,0.1910667802235515
141a5d80-7998-46e9-ac83-1019c415f2e6,Nick Petterson,M,199,385,-0.02707139129613017,0.017909319356149426,0.0449807106522796,0.29302207464822083,0.15350621862287983
e6be2540-8ee3-4cd7-90e4-f7a2b70851ec,Hao Nguyen,M,375,621,-0.021268391910067255,0.023099337941492562,0.04436772985155982,0.2436842397659529,0.18207057581636343
a6f57d71-bf90-48fc-b05b-abe66980a132,Mike Radermacher,M,916,1810,0.015929287005943926,0.06020363218183082,0.044274345175886895,0.19403620407081876,0.22817569220086256
9034d36a-1b11-4c9d-ad75-5c665d87b8c5,Pierina Imparato,F,2556,5317,-0.08156153939258781,-0.038925640808441346,0.042635898584146466,0.0982931626696066,0.43376260795940375
b9dbf1d9-f5a8-4d6b-8685-00d7f477a42e,Henry Boyle,M,607,1286,-0.09525296554048888,-0.05592353715827562,0.03932942838221327,0.21069596720387304,0.1866643624182775
e41881d8-b1e1-465d-afcf-a58602cd92bd,Aidan Schenk,M,192,336,0.039455335887613734,0.07695159828023254,0.03749626239261881,0.25406476940551914,0.14758544634250365
f5e7df5b-e14b-4a8d-9c13-e7b73ff4e48c,Sebastian Herrera,M,169,341,-0.09909552009380618,-0.06338688366008052,0.035708636433725655,0.29144437377088267,0.12252299116879778
5ba3597f-0147-4420-bbc3-00da18ccf339,Justin Hunter,M,259,545,-0.09555230646056263,-0.06096571887831165,0.034586587582250986,0.3013381228904814,0.11477667429029936
3fc3a7df-63dc-4bcd-afd8-9bce53dd257c,Carl Hilliard,M,250,474,-0.085712356178292,-0.05160315431020304,0.034109201868088954,0.2595627984338409,0.1314102100682311
d4fa4b1d-2228-4620-8e8c-f4b182524e86,Alexis Nelson,F,166,309,0.1417774420032188,0.17559577004528049,0.033818328042061696,0.290595886532162,0.11637579748851268
397b3fba-650e-465c-ae98-03422712e358,Riley Hanks,F,152,289,-0.03208375803884235,-0.0006245323857517263,0.031459225653090624,0.36243377105843355,0.08679992916007431
c5b50cff-54a3-4897-a8ad-2c57e1e988f9,Ben Newell,M,171,311,0.03479463587298361,0.0655757089267403,0.030781073053756693,0.2714074174604021,0.11341279225814675
ce7e7707-c94e-4d33-b34a-37efe3363774,Eli Steiner,M,1172,2196,-0.11379931640269314,-0.084566851278126,0.029232465124567134,0.1538394483138572,0.19001930548352075
008a1230-584f-429a-bafe-5c6ec6488123,Allison Chuang,F,191,400,0.10837261370246364,0.13667795058390184,0.0283053368814382,0.252018238099377,0.11231463680924833
581520bf-6bd3-4c66-9ee3-756f955ec968,Rob Cassidy,M,1145,2259,0.026608620192735,0.05460775585150428,0.027999135658769277,0.15248980181816849,0.183613168388506
8ac6f832-de64-44eb-9bef-21031e074faa,Giang Trinh,M,468,939,0.05752058555609394,0.0838159233845125,0.026295337828418565,0.20444955668867562,0.1286152841527538
158f965e-0732-4358-8f9c-ae78a48bdbdb,Arielle Butler,F,188,377,0.10921870174915571,0.13440503292444297,0.025186331175287263,0.2859240168891316,0.08808749768318128
3d8167c1-429c-4e5d-91cc-2caefa151f19,Paranya Jareonvongrayab,F,168,301,-0.10394979377967968,-0.07916020828848977,0.02478958549118991,0.2943233117104946,0.08422569502606611
a95df9a8-772c-4dbf-8c28-e200b7308584,Kiora Kunimoto,F,1767,3852,-0.08061038972655049,-0.056070365388427426,0.024540024338123065,0.11846746502853496,0.20714568622036583
8fb8df0b-4365-4585-b5b9-a489397a79c9,Khuong Huynh,M,205,423,-0.010720649159698697,0.013365962490093867,0.024086611649792564,0.2897700597184253,0.08312318972221613
2e520a54-a71e-4c5b-9536-e5886840ed0c,Mike Anderson,M,166,322,0.028845577194293592,0.05233936572748997,0.023493788533196377,0.2828717364800369,0.08305456326441579
d93f56ce-61cc-477d-a26c-17d04e53b2ff,Anna Lenhart,F,175,349,-0.24961032698654753,-0.2284044176981656,0.021205909288381924,0.312846357943416,0.06778378187869907
325b8321-aeb0-4079-8892-c824da665aeb,Amanda Studnicki,F,222,481,-0.00949110530563814,0.010696773361989001,0.02018787866762714,0.24622909145183283,0.08198819460606376
a384ebf9-24d7-4624-a8a8-160bef70df63,Ammar Wazir,M,478,946,-0.13823010483482917,-0.11805520121581128,0.020174903619017887,0.23753750140533123,0.08493355154305368
6cbf25ef-655b-4883-91dc-cba9256545a7,Sarah Burr,F,281,583,-0.011929396274208692,0.006997874794812342,0.018927271069021034,0.2399518973586982,0.07887943907660426
5a5237bd-64cd-433c-99ba-34badaa2820c,Braylon Ohrel,M,212,363,-0.007654629676250016,0.007833153449592359,0.015487783125842374,0.2869388814089488,0.05397589566737384
e319e2cf-0fce-4c72-9197-f2674c7595b8,Zak Parks,M,562,1178,-0.016031767478239534,-0.0006154828637393982,0.015416284614500135,0.21037460106099093,0.0732801608975159
98019e23-09e2-43ff-917a-b7809c775f4e,Pei Chuan Kao,F,323,636,-0.005861299725655689,0.007737346745343723,0.013598646470999412,0.22001262050148113,0.06180848371335983
66cb85be-fe8b-402d-a4f7-4a8e6a7c3ad7,Lucas Pascoe,M,759,1505,0.02326306512362378,0.03622251080938116,0.012959445685757378,0.17059082213018795,0.07596801236978187
e4c4c646-5650-45b9-8673-5b5e9d2174e0,Zachary Marceau,M,594,1109,-0.11261955630649928,-0.09979894229387033,0.012820614012628948,0.20986672786925817,0.06108931197810391
ab6386c6-c7e3-422f-9134-e20e92725ee5,Emma Nelson,F,1018,1981,-0.060719703758087766,-0.054551646326922776,0.00616805743116499,0.15008259722990308,0.0410977524710376
c2a65079-49d6-4023-a03f-a97bc3be3bf8,Daniel Jensen,M,910,1999,-0.050692075009081766,-0.046013681818234856,0.004678393190846911,0.15837259293687278,0.029540421761685212
97da7b88-56d2-4e36-b0b2-2bd28d8320c1,Lucah Folden,F,161,322,-0.09628485918340951,-0.09177457914061751,0.004510280042791998,0.32004236401910735,0.014092759427694774
64698ef9-a6f7-409d-b416-4892308af978,Alex Neumann,M,312,579,-0.06143498694010617,-0.058016691220257294,0.0034182957198488767,0.23853066772430642,0.014330634096072463
146dd2f7-7f5d-495d-b2f1-96d433742fec,Eduardo Santini Ayon,M,1416,2908,-0.09162503924218068,-0.08852788671931283,0.003097152522867852,0.13720150331007458,0.02257375063790887
53cffd68-8c08-4ad7-88fd-a72ee20d716e,Marisa Ruiz,F,537,1082,-0.06536577352488732,-0.06296366321427702,0.0024021103106103003,0.18903008757464687,0.012707555402584898
f72c029b-444a-49f1-a4f7-7bea007dc8ba,Jose Farias,M,298,543,-0.09468564766733699,-0.09253037800185918,0.002155269665477813,0.24739939166022237,0.008711701556800327
9e500bd3-b4ff-449e-81fe-9ef54d091dbc,Sarah Ansboury,F,873,1805,0.0031612384330531734,0.004244265147837226,0.0010830267147840522,0.16066134920700048,0.006741053278400214
fd565e56-6223-4ef0-882e-02346e7e0573,Brooke Caruso,F,1029,2106,-0.006183654859201845,-0.0052510017259088555,0.0009326531332929898,0.14806797376833086,0.006298817425247079
18fe24f0-d51c-4237-abc7-6839f4b6fd30,Cian Li,M,189,362,0.0,0.0,0.0,0.412310562561766,0.0
4d73f750-808b-4f08-a96f-359f8835df54,Izaak Gonzalez,M,241,506,0.0,0.0,0.0,0.412310562561766,0.0
5a48d9fe-f61f-436f-9451-cd3b0bbda6d8,Nicholas Maleganeas,M,164,318,0.0,0.0,0.0,0.412310562561766,0.0
98577287-735c-42ef-b9d2-9180156c6704,Jason Tay,M,185,303,0.0,0.0,0.0,0.412310562561766,0.0
9c622e48-bbb8-4488-833f-83fb851efa5a,Michael Leonard,M,164,349,0.0,0.0,0.0,0.412310562561766,0.0
a4206588-8cb0-44cb-a526-5de7fabaf8c6,Pieter De Vries,M,194,383,0.0,0.0,0.0,0.412310562561766,0.0
a710716e-7a2b-4ecd-8416-f499c9b120e7,AJ Khawaja,M,155,289,0.0,0.0,0.0,0.412310562561766,0.0
cbfbb61e-c9de-4ef8-b68d-26fe027d14b9,Anders Jansson,M,183,369,0.0,0.0,0.0,0.412310562561766,0.0
dafc4c81-f88d-46cd-ba95-938451cfc7c3,Matthew Pokorny,M,150,333,0.0,0.0,0.0,0.412310562561766,0.0
e4e64e82-81e5-446c-9251-b6fac101373b,Phong Tran Sr,M,151,303,0.0,0.0,0.0,0.412310562561766,0.0
4de68830-5966-4b09-abbd-91bed22df13d,Cade Edwards,M,288,595,-0.010732167809820212,-0.011455593120357262,-0.0007234253105370507,0.234960552417677,-0.0030789224109886142
90264f6d-f165-4b60-86e5-451cf64f62ae,Emilia Schmidt,F,721,1446,-0.19188060639306045,-0.19434927380540767,-0.0024686674123472196,0.1760770491197768,-0.014020381558461394
79ee2d66-5ba3-47cc-bc43-f489a09d2d5a,George Rangelov,M,1728,3214,-0.02305302401706357,-0.02625272918337404,-0.0031997051663104695,0.1325551032149755,-0.02413867960346457
d0f63c78-f753-45d9-a510-1b05298ea680,Erik Forsythe,M,340,719,-0.051801086232621044,-0.06019138456381573,-0.008390298331194687,0.2239787516068041,-0.037460242415869434
f78254c2-5dbe-4ccd-85d2-bf5538cb179c,Komal Safdar,F,592,1211,-0.2294461826758653,-0.24042630049817215,-0.010980117822306845,0.1918609322335387,-0.05722956567802728
2e0acd0d-95a3-49c3-8648-720ed0fbc7d5,Lingwei Kong,F,2702,5467,0.0035677423304045254,-0.007897073788465138,-0.011464816118869663,0.09622735788387173,-0.11914300019237288
435e466e-22c7-4917-8cb4-ff45bbccde19,Tamaryn Emmrich,F,3260,6552,0.026039055052865977,0.014196108909419572,-0.011842946143446406,0.08746406460884394,-0.13540356484014698
fb8a1763-24f4-43e5-b7aa-0004402dd4a7,Danna Funaro,F,730,1531,0.05551516710594433,0.04178613829223139,-0.013729028813712935,0.1727071735868164,-0.0794931011178388
7e657393-16e5-4dd0-b230-47ffe15b6581,Gerald Ferrer,M,285,592,0.03884305008468758,0.025011930092902313,-0.013831119991785268,0.25151579436775917,-0.054991059414590086
f56c29a7-f5ce-4897-9dbf-d455860ef3d8,Tyler Hong,M,151,256,0.1015981824730668,0.08691144905187356,-0.01468673342119324,0.2994116795664867,-0.04905197232939585
55b78314-2f02-4a0c-83c2-b7cbfd8b4329,Madalina Grigoriu,F,1153,2204,-0.07407183627888804,-0.08926858529944318,-0.015196749020555136,0.1504702852337576,-0.10099501703573421
87d60b6f-6f2e-4610-ab89-487e8acc097e,Mya Bui,F,2356,4519,-0.05253626122663363,-0.06830476317463469,-0.015768501948001057,0.10392235338618779,-0.15173349557821728
e48f177b-ac64-42a5-9dfc-d5e0ac5b3fa6,Michael Wolf,M,197,393,0.024928886878343215,0.008873831918175396,-0.01605505496016782,0.3108430728212625,-0.05165003297145894
b8167e12-0591-4cb4-a950-ecb6da83e1e0,Andie Dikosavljevic,F,153,368,0.17950367011127563,0.16241780810761564,-0.017085862003659996,0.31525005389569694,-0.054197808350932096
ba70f3a5-4693-4aa8-a8cc-1b5c0544b75a,Nicholas Romano,M,927,1751,-0.11368011423481286,-0.13471718126692506,-0.021037067032112194,0.18119013945320583,-0.11610492213095971
00ab745e-aec0-4f44-acfb-0c24511b3999,Sarah Pham,F,184,376,-0.03665460903360945,-0.057735780772930984,-0.02108117173932153,0.29914757224411587,-0.07047081004594778
c4ca8085-84ed-451f-81c0-6df4a1c8d59f,Dominique Schaefer,F,1550,3116,-0.025444884306277997,-0.048011035029188805,-0.022566150722910808,0.1265622315221809,-0.17830082838698946
72b85855-dcb3-4d14-931f-edd3c0b097a0,Madison Grollman,F,293,590,-0.1556604683865923,-0.1794232532115063,-0.02376278482491398,0.23289421170793098,-0.1020325264876678
1607a4f2-2592-4745-ba49-21bbeb199151,Sydney Sonday,F,631,1327,-0.01824102386548087,-0.044024770390748376,-0.025783746525267506,0.1754723179932297,-0.14693911165100312
1c49ab19-88d1-43b4-94cb-ab7ec9205ec9,Regina Goldberg,F,1088,2236,-0.01090986453236284,-0.03888940017882302,-0.027979535646460184,0.14827810344282547,-0.1886963415151099
9e8ad96a-17a3-48bf-9363-7b35cc96b2b8,Averee Beck,F,312,715,0.004008955737060865,-0.02513122092350073,-0.029140176660561595,0.26236709249316703,-0.1110664313258741
091e8c64-3b31-4263-889e-7170c2313b97,Santhosh Narayanan,M,590,1220,0.10027309738757167,0.07098725601074711,-0.029285841376824565,0.19888402920813095,-0.14725084509514388
518626d4-2600-4134-8c6a-0ae9315f9625,Cason Campbell,M,2497,5152,-0.061570703347733374,-0.09379664164427706,-0.03222593829654369,0.1008997529340429,-0.31938570075200723
626853e5-c9a6-40df-9a45-24381fc6ba69,Rosen Naydenov,M,228,415,0.07560681750678927,0.041767359621801135,-0.033839457884988135,0.25596432384538537,-0.13220380628289738
af94be9e-b2f9-413a-aa9c-450cf6021c10,Michael Vallejo,M,198,417,0.023523945919215736,-0.011879616847319252,-0.03540356276653499,0.3001712419214607,-0.1179445523825306
3760b164-aabd-4893-b5a1-91a4eef558c1,Callan Dawson,M,1774,3477,-0.006282616867147123,-0.04183059123060001,-0.03554797436345289,0.11679432040164722,-0.30436389578881895
649a30be-e691-4be4-8677-b9a55699f2b8,Ivy Tschetter,F,277,589,-0.1244978690445532,-0.16019177643063975,-0.03569390738608655,0.2449105027198869,-0.1457426569693133
d8610fd6-1ab3-409a-bea3-d7f7b87d7ee0,Shea Donahue,F,703,1477,-0.013070783371068621,-0.04950105901536959,-0.036430275644300965,0.17908574603901098,-0.20342364733129129
1e71a00f-4ec7-4a9b-9e13-c19e90e92598,Taylor Garcia,F,163,328,-0.1005276055259277,-0.13876400993852125,-0.03823640441259356,0.27887660450986557,-0.13710868460907735
9120d7ec-1a7e-413a-82cf-0e29009175d5,Maximo Agoglia,M,178,311,0.035526325149208636,-0.002812850758943315,-0.03833917590815195,0.3036308170086479,-0.12626905360222374
4565d8c4-de25-4391-bcf3-3e822ad7783d,Jai Grewal,M,251,480,-0.05693406748769714,-0.09636098111307617,-0.039426913625379034,0.2686745038596123,-0.14674601817067232
7bf10f67-cf48-4d2d-96ea-4e7d2646d9a8,Ryan Smith,M,540,1031,0.02360306691630704,-0.01634222446117639,-0.03994529137748343,0.2290365279787956,-0.17440576719352643
07a9bb92-74c6-4aef-9148-83b4a3371691,Sarah Jane Lim,F,177,375,-0.19692344401487155,-0.23757614824810533,-0.04065270423323378,0.2943519326411243,-0.13810918062765976
28084fc7-8653-4ff0-bc3b-1bf582d03a75,Jay Evans,M,441,931,-0.14550782208519242,-0.18675100442114817,-0.04124318233595575,0.3400036830208529,-0.12130216346340653
0142557a-6231-455b-8eee-daf5f67fc1ff,James Seagraves,M,623,1269,-0.05310113852263254,-0.09443434973566342,-0.04133321121303088,0.1930153918990389,-0.21414463792945154
cc994f98-879e-4ef1-a4e6-bfe46cdaea7a,Chase Blocker,M,246,444,-0.07542153242935518,-0.11919640682604762,-0.04377487439669245,0.2751677220684626,-0.15908433615553616
b40f1add-dfc3-446d-9c65-b1ab7bec6194,Victor Camilo Iii,M,193,365,0.05461061961945762,0.009892013459740384,-0.04471860615971724,0.33280934423841774,-0.13436703906871603
9d7b2972-477c-4cea-977d-f65f86dccac5,Parth Mody,M,452,904,-0.0291118012978082,-0.0743128473828676,-0.0452010460850594,0.20430870220194322,-0.2212389663186333
53008558-000d-4162-8a34-9348d3f5322a,Jhonnatan Medina Alvarez,M,1031,2045,0.01689054103953689,-0.029186996202361794,-0.04607753724189868,0.15038967314798643,-0.3063876413678848
f2a996de-50a0-4d1d-b16f-f6450daa4a1e,Kelsey Laurente,F,491,986,0.03648464163215037,-0.010476911088683094,-0.046961552720833466,0.21301476312751932,-0.22046149305022752
11e203e1-6239-4f00-aaf9-752aae883120,Rodrigo Reyes,M,308,706,0.03018260955105031,-0.018978832997218295,-0.049161442548268604,0.22368523870954052,-0.21977955645122232
cfb42bdb-d0a0-4fc7-b1ea-a77c40aff2d2,Mota Alhouni,M,1693,3539,0.021044739822089324,-0.029091238125081985,-0.05013597794717131,0.1186062976077145,-0.42270924022090306
cecffdc0-29ee-46c0-9832-2dbe04700307,Nejc Sitar,M,430,975,0.1926835572227823,0.14126463567331973,-0.051418921549462565,0.22756520776337283,-0.22595247338041702
5106c31c-ea6c-49ba-81ca-b622b1d7afd1,Mackonner Dy,M,161,276,0.012011157884980882,-0.03972077728566143,-0.05173193517064231,0.2820365707257143,-0.18342279172353346
af472932-bdca-4a6f-96f5-c8474817512e,Stephanie Vogt,F,166,339,-0.014420593410117713,-0.07093562820716481,-0.0565150347970471,0.2817125236602244,-0.20061243306744256
d554d53f-5941-46e9-b02f-a56cb2d4a04d,Camila Garcia Wright,F,322,649,0.1183562626348433,0.06118915680396998,-0.057167105830873324,0.24611177494064987,-0.2322810675948326
079cece3-01b2-4dd1-9e95-957b83b14cd7,Victor Rodrigo,M,411,800,0.15721136707978112,0.09999114835019336,-0.057220218729587755,0.20980553942474878,-0.2727297805695498
d708aae7-c00c-47dc-9931-dad8216076c6,Leander Lazaro,M,191,360,-0.0654882319614534,-0.12578454077500378,-0.06029630881355039,0.2959385310354793,-0.20374605700236317
4214dfa2-6d13-43c3-b98b-f36e4556402d,Kayla Williams,F,613,1178,-0.007265167846212492,-0.06876116222620628,-0.061495994379993785,0.18268726817538333,-0.33661893898898543
7afc02f4-1e87-45c2-a101-0d48ecc05f8d,Martin Stanchev,M,240,525,-0.034296162208581324,-0.09629904641288789,-0.062002884204306566,0.2905923527426061,-0.21336722600964655
3aaa968d-90ed-4a57-bc29-938a618b6aa9,Jamie Haas,F,854,1672,-0.012676096290980945,-0.0766045510397663,-0.06392845474878535,0.1589677103934638,-0.402147420948285
b6fe1237-b049-405c-a641-d57f8170a9a0,Albie Huang,F,1044,2173,0.006949776259280574,-0.05861722954267427,-0.06556700580195485,0.14786068722281473,-0.4434377185272404
1634183c-5c14-410a-a6dd-30b634f27c1a,Jasper Schaadt,M,152,266,0.013096377659477021,-0.05421011560065274,-0.06730649326012976,0.32047460928287125,-0.21002129750853607
b871e2a8-3498-47b9-a7c5-e75030bc1b35,Keith Read,M,160,355,0.0781201405367642,0.008885126379851484,-0.06923501415691272,0.2760676468001043,-0.2507900326583526
4798e757-53f5-4e52-92aa-98172c8f7862,Roos Van Reek,F,336,638,-0.10727019156168732,-0.17661039620733035,-0.06934020464564303,0.23286906974491037,-0.29776476850961675
57a5785e-8dd2-493d-8d2d-31459d308371,Victoria Yu,F,198,416,0.07251379788525285,0.000955547603817566,-0.07155825028143528,0.27401396823804314,-0.26114818431179665
89ccc27e-1751-4730-a998-db0cb9224349,Brooke Revuelta,F,206,443,0.029098541422407042,-0.04396102016257079,-0.07305956158497783,0.24894032345160744,-0.29348223129138895
d0bac3dd-65e3-4682-9928-7344468332a5,David Creswell,M,169,390,-9.975916705691479e-05,-0.07370483807053685,-0.07360507890347993,0.3301898280274618,-0.22291746339732255
79046b96-4601-4443-ad6a-b1d2451be668,Rachel Summers,F,1125,2319,-0.10806887283862315,-0.18486782587132367,-0.07679895303270051,0.1500012565188,-0.5119887313948942
574957ae-e8d5-486e-aabc-a1cc6a392f8d,Jalina Ingram,F,2363,4761,-0.0031829820087415413,-0.08007600989392713,-0.0768930278851856,0.10366520683166026,-0.7417438332038497
cd71f5e4-529b-43e0-ae28-2c9127711ae2,Charles Case,M,237,456,0.11865248399508155,0.038928157016071704,-0.07972432697900984,0.29545772537764,-0.2698332794551573
4adbb03a-4a62-4a76-9a3a-c11357556ba9,Robert Stirling,M,418,885,0.008734983400430482,-0.07110962340384189,-0.07984460680427237,0.22274045457306565,-0.3584647744268696
ad6e69ff-7913-4b21-86dd-9489f749be01,Paula Rives,F,1753,3522,0.05051458202791691,-0.02977158771527107,-0.08028616974318797,0.11766456146106925,-0.6823309307939046
8dd7bb87-1082-4114-809e-888ac57df014,Chase Mason,M,338,702,-0.12832520717036996,-0.2107545897264573,-0.08242938255608734,0.24353115619901813,-0.33847571638318236
ef8fa89c-c1aa-45f6-ad44-6900d0161013,Austin Walker,M,209,336,0.05930994816795415,-0.024593080027246795,-0.08390302819520094,0.2842166860884332,-0.29520796034154995
37e3c67c-bc80-4057-af95-b15bcc682ac7,Jake Walker,M,209,336,0.059309948167954214,-0.02459308002724676,-0.08390302819520097,0.2842166860884332,-0.29520796034155006
1374dfe9-4573-4ab6-991d-16bed0a6d25c,Edward Perez,M,2239,4354,-0.07069466285436277,-0.1583156807101303,-0.08762101785576754,0.11453588978119573,-0.7650092737145957
be74032b-1035-4ece-bf4f-773b45da4d58,Mehvish Safdar,F,1910,3679,-0.006599721370371774,-0.10035364470280299,-0.09375392333243121,0.11088853667248343,-0.8454789480119084
1abf464c-e8fc-472b-b1c8-f42a5c1fc02a,Natalie Hur,F,718,1409,-0.14524480742411378,-0.24032958771543741,-0.09508478029132364,0.17494307259489558,-0.5435184079080705
a4a34567-4734-41dc-895a-e37928f7647c,Grant Kayworth,M,176,292,-0.06496778238155104,-0.16171523447055558,-0.09674745208900454,0.3300692348904134,-0.29311260142474577
8af38fdd-73ad-4c9e-9bcb-d5c5cf861d4e,Isabella Ochoa,F,206,370,-0.03411826029623824,-0.13185018060063358,-0.09773192030439534,0.25750834564004055,-0.3795291374401141
6e0c0d57-704c-4148-9229-1c623b611919,Perry Wang,M,245,505,0.060279932708943974,-0.038423306288740064,-0.09870323899768405,0.25552481799514765,-0.3862765259833133
c32446f8-bb47-4d48-8d5b-26aba4b20cb2,Trang Huynh,F,494,1008,-0.06449688453383692,-0.16408090322587182,-0.0995840186920349,0.1991861366401404,-0.49995456697846574
f03d156f-3d8a-4830-a5d1-ae4372ad5009,Wesley Burrows,M,2279,4457,-0.0161004622413852,-0.11610558217496317,-0.10000511993357797,0.10774675783860611,-0.9281496904377917
67e3b942-0f26-41b5-8abf-51fa09849e19,Walter Lau,M,211,461,-0.023393265149249692,-0.12415516349914998,-0.10076189834990029,0.3270230798614435,-0.3081186147246614
b1254256-f3ac-46db-b28c-4dd0c6955ea0,Eileen Wang,F,162,278,0.028255370898449747,-0.07391478033134995,-0.1021701512297997,0.38240291433020596,-0.267179321603118
9949cb55-32d2-4707-8da2-34af35bf6a37,Jesse Witten,M,152,311,0.03153928543812743,-0.07506316633591185,-0.10660245177403929,0.29915909712537575,-0.3563403312765142
f843b220-41cb-4203-831b-6aac32b8f02a,Riley Inn,M,844,1663,0.018225958470965323,-0.08981157322851714,-0.10803753169948246,0.16699215894214556,-0.6469617039738499
2c115b6b-4c0a-4992-9912-ed00d7bf07fc,Sam Kim,M,153,291,0.012216273899050743,-0.09611813185188747,-0.10833440575093822,0.3128251349505502,-0.3463097866738335
33116bdf-0bf4-4281-bbd8-6f4090e9312c,Kara Wheatley,F,439,868,-0.018362029729152823,-0.12692630426214793,-0.10856427453299511,0.21677988989266928,-0.5008041778540748
4a7604e0-0f45-4057-8da0-bbfd0a58df83,Cami Blake,F,210,536,0.11862123937471869,0.008775196371036464,-0.10984604300368223,0.3145986304615317,-0.3491624958523585
6ff20e3d-06ae-4ce4-b487-1ff553681391,HO Hoan,M,230,344,-0.01812076078791415,-0.1284719894372922,-0.11035122864937806,0.34364919561814106,-0.3211159230298302
50982c9d-4d95-48ce-8e38-6704fde63599,Thomas Romano,M,162,318,0.242652568233098,0.13200301134864179,-0.11064955688445621,0.2966054738472787,-0.37305298330882913
df8c0e05-75ea-4ef3-923e-685ff05f23f5,Selim Ben Ali,M,150,336,0.06378006156217343,-0.04707509627056575,-0.11085515783273918,0.30924559606822993,-0.35846964109484303
26bd8869-21d6-4c7e-9edc-0bd16aebf18a,Evan Pratt,M,151,299,0.13319744016359517,0.022278684813821874,-0.11091875534977329,0.30915205352923236,-0.3587838220174888
222bf2cd-da9b-4c4c-ab99-0fa77bec15c6,Jason Loyd,M,359,646,0.03176337210664906,-0.07975807725122887,-0.11152144935787793,0.229033055139736,-0.4869229434582587
95015a41-423e-4439-94ee-84e275c45787,Stephen Preissler,M,190,448,-0.0259743327399267,-0.1405922174239284,-0.11461788468400172,0.26437283281428703,-0.43354638017786384
ae103be7-01f5-4d0a-ad3e-ad524a4f6309,Seina Shima,F,210,402,0.06900702400701786,-0.04738784477511637,-0.11639486878213423,0.28923173776230704,-0.4024277200097192
b179dfb4-dcf9-4da2-94d2-4ed21ef015b0,Cynthia McPherson,F,221,484,0.0854621354496615,-0.03257101302438732,-0.11803314847404882,0.34758302667133506,-0.3395826016143697
bde1ffe8-4651-40ac-8e1b-24e850ff7586,Tommy Labat,M,190,364,0.04695108811117127,-0.07468601450904107,-0.12163710262021234,0.2835862216711726,-0.4289245856283332
cdb01e3a-b0e0-449b-a7c5-278127f2cd61,Mary McGowan,F,669,1293,-0.04250433933633079,-0.16463970787059948,-0.12213536853426868,0.18560022477268495,-0.6580561455884806
42f928d1-d33d-4f8a-b6f4-90d785e60cbe,Parker Dyer,M,152,215,0.04817347269135873,-0.07711797468405845,-0.1252914473754172,0.332298868936826,-0.3770444593334942
3f5b4c15-bf91-488f-bd3b-e4bb388f3728,Austin Oreilly,M,176,366,0.06252231337356787,-0.0632182808502993,-0.12574059422386719,0.3507113181579966,-0.35853018626339467
8085a986-b03a-4c96-9d50-a42d3cba3934,Jacob Bolkowy,M,162,282,0.07974456790682444,-0.046168340374813585,-0.12591290828163804,0.36233013483615256,-0.347508794261831
571d4503-e073-4580-a555-be3c7f93c59c,Chuck Taylor,M,2387,4573,0.019117729562945794,-0.10684387033150307,-0.12596159989444886,0.10557175041886777,-1.1931373629278863
02a3c8ae-fb47-4b82-8001-b33d9446a90e,Robert Laidlaw,M,647,1318,0.06421057049398415,-0.061889858270031295,-0.12610042876401545,0.19056296391542019,-0.6617257948400933
91ccec0d-b14e-41bc-8a23-0d9bcacfbe5b,Kevin Pham,M,181,381,0.023782473301224207,-0.10377046499936876,-0.12755293830059297,0.3055761369608957,-0.4174178637414865
f0484f0e-f240-4b6f-9da5-b6dba3fa370e,Kenta Miyoshi,M,1014,1997,-0.010385048908078037,-0.1381630247177953,-0.12777797580971725,0.15421501892113185,-0.8285702437002265
f6e249dc-5bb9-483a-a99f-df364df93341,Kelly Goodnow,F,655,1311,0.15318751572975728,0.025188817171494966,-0.12799869855826232,0.1802136987631887,-0.7102606485340499
0ccab93d-398c-40a8-821f-07a2ded79dde,Zoeya Khan,F,1823,3688,0.03422634102203154,-0.09445341556487932,-0.12867975658691086,0.11445786591067593,-1.1242543757310122
4e3bcf37-c264-475d-b956-7c3992d3d7fd,Brandon Nsekpong,M,858,1599,-0.02648742104141035,-0.15667901634173284,-0.13019159530032248,0.17597050241912718,-0.7398489719045733
5046c75e-a79b-4902-8d4a-d92bd3c58e9b,Aryaan Bhatia,M,466,912,0.025096449965488522,-0.10558946637530103,-0.13068591634078955,0.2333365455738549,-0.560074788196542
d70642e4-3d95-430a-a537-acc04e56c97d,Dustin Boyer,M,363,775,0.0808751546774732,-0.05190807220328727,-0.13278322688076047,0.2570213282498484,-0.5166233782423026
3f523db3-f8c4-46c8-a54f-533d7220d27b,Kyle Goodburn,M,211,437,0.03488400890169324,-0.09872702310663396,-0.1336110320083272,0.29661694062566174,-0.45044976772566664
acf4ae69-cc7f-4a30-a613-c8ca0b80e11c,Zachary Grabovic,M,173,343,0.06164833892058871,-0.07216495166155402,-0.13381329058214275,0.27317524991792824,-0.4898441224903981
1936f665-e630-462a-bd89-0dcfcf7c9e6b,Indigo Dagnall,M,443,846,0.04020667959519633,-0.09642169176239027,-0.1366283713575866,0.21997183059728143,-0.6211175812221256
44d043e4-e81d-4496-b9fa-d01f47dfbc10,Gavin Nickerson,M,217,470,0.03632115280065156,-0.10056139572686737,-0.13688254852751894,0.3284790049518336,-0.4167162785566483
738265f6-e8cf-4d0c-8f2e-88ca455d1dc5,Ernesto Russo,M,267,563,-0.0033654092023885224,-0.14198513973014365,-0.13861973052775511,0.26268411660641805,-0.5277050334012021
658d2f1c-5f7d-4baa-a6ca-d29d3fed6166,Wade Bryant,M,172,304,0.09890350539854698,-0.04122964813631949,-0.14013315353486647,0.3010980802172533,-0.46540699772564226
33dbfc0d-f246-40da-a277-74c31f2662ae,Ryan Ng,M,161,309,0.08807904786057738,-0.05240626561598269,-0.14048531347656007,0.353730877073892,-0.39715309740182403
69f2c636-4483-4d7b-81bd-e2ac920b88e0,Angel Hernandez,M,213,475,0.16959906119155976,0.028543371315142715,-0.14105568987641703,0.32978134218869515,-0.42772489474467423
9eb2503a-b18e-42e2-986d-6c8ee07d0a36,Cade Pierson,F,496,1009,-0.033513318339845055,-0.17612407250212833,-0.14261075416228328,0.20046599774890136,-0.7113962256128538
a179a271-6190-4516-b19c-ae7ba47d5821,Drake Palm,M,526,1012,0.11835874306694005,-0.026939694437180355,-0.14529843750412041,0.195790262300767,-0.74211268628323
14da50fe-4769-4bc3-aa3c-5d2e8a8527c1,Court Zalinski,F,194,415,0.08051197110351549,-0.06495021593653016,-0.14546218704004565,0.3138075558879522,-0.4635394665002401
c844b814-8025-407b-becf-3c96ea4b19a6,Preston Gordon,M,310,521,0.028702998310410857,-0.11787947934939803,-0.1465824776598089,0.26491293082640865,-0.5533232266259627
53eadec7-a6b1-4ce3-9825-d76affdc3f4f,Juan Varon,M,769,1486,0.07639481080022249,-0.07038761940860698,-0.14678243020882947,0.17947605681484316,-0.8178385062262532
61e0ca34-5642-40bd-9eaf-acd7ea93480a,Marcel Chan,M,230,473,0.0714343323473734,-0.07561166916185269,-0.1470460015092261,0.259825905074623,-0.5659404956830378
e2466ee7-aaa4-4c6a-a288-63e717054640,Bret Berryman,M,1391,2674,0.0692354357557707,-0.07838670935032874,-0.14762214510609944,0.16720023205770118,-0.8829063410339928
392de00d-8c51-4096-be1c-b9e59d882913,Lauren Wong,F,261,509,0.1264272134769936,-0.02608670941765663,-0.1525139228946502,0.27060309747104483,-0.5636074543121945
11ed643d-b6df-4198-a0b1-bee4fb905625,Mihae Kwon,F,627,1331,0.14094837759641185,-0.011804210301763082,-0.15275258789817492,0.20842154787479675,-0.7329020893268514
b3f6f49d-bc24-44fd-8068-4e5971e9d61a,Daniel Miron,M,888,1713,0.048302979388309956,-0.10481981811238458,-0.15312279750069455,0.1656006692290977,-0.924650837544981
d0a30dc1-a7d7-475c-bfc9-d55e0aa8e7e3,Ethan Bakalinsky,M,579,1165,0.011838870901657236,-0.1432342181166171,-0.15507308901827432,0.2255436070366984,-0.6875525804331144
db21a8a7-2a8d-4601-9c95-f00c80a982f0,Miguel Alda,M,563,1038,0.12414102986890438,-0.030981078281101387,-0.15512210815000577,0.2105563063911951,-0.7367250632797601
666db10a-f8de-4310-a988-cb0005f38a30,Edgaras Zilys,M,223,445,0.006533156816616925,-0.15049620698903615,-0.15702936380565308,0.27850384496134356,-0.5638319421674369
27bace9b-afb2-424a-af5b-f69ccce01725,Sabrina Guillebeaux,F,182,394,0.11512120679233812,-0.04251663550012984,-0.15763784229246797,0.2761445487152397,-0.5708526314420356
4c87b545-c39a-482a-aa24-0ce2951f20d8,Connie Lee,F,465,934,0.07060937513226692,-0.08808371671490987,-0.15869309184717678,0.20221661540283797,-0.7847678170809185
46964855-27d5-412f-be82-2df7e45a99e5,Jaden Lam,M,204,340,0.04244976125909873,-0.11664219994238634,-0.15909196120148505,0.2726402519339328,-0.5835233795193118
f40135fa-ed68-4d6f-9dbd-a9fb0a210e4b,Justin Slattery,M,237,460,0.041593712474344256,-0.1176783878619201,-0.15927210033626435,0.29161082933194077,-0.5461803345957528
f13c20c3-1fed-4a9e-abec-f3f3bf1f8f91,Anne-Sophie Courteau,F,849,1666,0.10493414252078041,-0.05531930344201976,-0.16025344596280017,0.16122152647488208,-0.9939953396221395
9ca93d3c-68c2-4d4f-a534-fc4b00bfe362,Collin Vero-Casavant,M,157,285,0.02501178663843486,-0.13652629396722687,-0.16153808060566174,0.2883739263851137,-0.560168814950118
11989ea1-e653-42f9-91ce-13f1a78c0b4f,Lucas Coutinho,M,272,485,0.0953061558598659,-0.06816965084522289,-0.1634758067050888,0.2363322805118942,-0.6917201761477579
469e5fa1-ea76-4286-bdf8-ddd2d18aab5a,Emma Van Hee,F,546,1110,-0.04679452552211031,-0.21113244662307468,-0.16433792110096437,0.19162566511872672,-0.8575986990007027
3d81052b-beb5-43a8-9941-a5595a0be3c8,Brianna Kemp,F,271,472,0.05418417783848446,-0.11080577901531448,-0.16498995685379894,0.27295708070812463,-0.6044538446329009
8b7405b5-f3bc-4e32-bfbc-cc2e14f7454c,Jose Martinez,M,706,1348,0.021605460848636,-0.1438211506683062,-0.1654266115169422,0.18533931402429454,-0.8925608276248279
756a7a13-a3d8-4d89-8afb-e2071ec6dc82,Lauren Mercado,F,360,720,0.1509917261775694,-0.015090638872682038,-0.16608236505025142,0.22222724343978276,-0.7473537559100174
660a75bf-df9f-4da0-ba25-07abf3e50b4b,Mikael Vollbach,M,284,606,0.08975262215221255,-0.07743440535722289,-0.16718702750943543,0.2524188145536704,-0.6623398014330164
d05d0739-3776-491b-8973-51cd4826a885,Taylor Stockton,M,198,415,0.030586033576366543,-0.13736872317518806,-0.1679547567515546,0.3479390580942172,-0.4827131442830851
ad13ca35-c83d-4c06-8555-7b4f20b416bc,Noah Zwiren,M,162,294,0.04769351652774805,-0.1206516713604276,-0.16834518788817565,0.2917967861441724,-0.5769261207866725
5d6ffa8c-1dd3-467d-82ab-f15f348a434f,Nasa Hatakeyama,M,322,630,0.16981984745463732,0.0013092147525900987,-0.16851063270204722,0.2522509965219183,-0.6680276194167788
109b8cf8-56c9-4b40-9b16-e4326c55138b,Nguyen Thang,M,246,534,0.07664083418694126,-0.09279468583949327,-0.16943552002643453,0.2514381238136182,-0.6738656710309803
8cefb109-0044-4545-a5c3-0cfb4df51612,Tavon Morrow,M,673,1396,0.09787849157454312,-0.07262525599268209,-0.1705037475672252,0.19049097675613474,-0.8950751918580528
68c97127-3873-41f9-a1ec-9bb608a7a74a,Nicolas Almeida,M,288,556,0.18152168791682452,0.01100912436298189,-0.17051256355384264,0.256577371186684,-0.6645658686314111
c3066b2d-fc90-4774-a571-cde5fc5583d4,Chloe Diskin,F,588,1147,-0.08547456493326065,-0.2560487528873566,-0.17057418795409596,0.18953530264900714,-0.8999599840773488
c971bb40-090b-4e47-be58-905495e38401,Miles Hoover,M,1411,2938,0.19798104101793945,0.02677968328370524,-0.17120135773423423,0.1347091822995383,-1.2708959761447607
d24967d0-68b6-440e-9f7c-4ecc2fc3e7f5,Ilvana Trujillo,F,163,409,0.0562443712107836,-0.11767031443269031,-0.1739146856434739,0.2765323309134957,-0.6289126666273158
3a48d245-8dea-460b-9eba-0b4fe7abc1dc,Amir Evgamukov,M,182,341,0.14461068107451702,-0.030964573977819515,-0.17557525505233654,0.3013471311673586,-0.582634566229959
b67f32da-c777-48ab-a6bd-4f5087d2a40f,Ekaterina Biakina,F,584,1247,-0.032353290764658336,-0.20834185964871535,-0.175988568884057,0.1971152158206014,-0.8928208213222251
c14774e8-bb9b-4512-a867-fb4aed28941d,Harrison Yee,M,431,886,-0.08899258177558815,-0.2672714194691385,-0.17827883769355035,0.26229963473779566,-0.6796762712680268
798294b4-02e6-4c16-b3f6-9337758ae915,Kendall Kikkawa,M,192,443,0.1103788827680326,-0.06824091473979017,-0.17861979750782275,0.25759163758202763,-0.6934223454786763
18ee08e4-2965-4966-a1a4-257d66f0bdfa,Jessica Haywood,F,491,914,0.10877426273959244,-0.07210488003854706,-0.1808791427781395,0.2093901613349995,-0.8638378308938511
a552ba50-5178-4107-aec6-ab9c0a0989b3,Aizec Olson,M,211,476,0.10159527691736678,-0.08090435654029819,-0.18249963345766496,0.3750141769335511,-0.4866472914436036
26ef815c-33ef-404d-a3b8-f0a26c240109,Stephen Madonia,M,1251,2711,0.12238945586031375,-0.060490755193517626,-0.18288021105383137,0.1414364269325955,-1.2930205818971006
2cff4f24-1547-4fe0-af74-9e3412f1ba71,Sam Querrey,M,669,1373,0.059041044753239666,-0.12389979456722056,-0.18294083932046024,0.17699271385487292,-1.0336066120239533
0a287886-b880-4c46-8c66-ea4d198a7eba,Pablo Copetti,M,248,448,-0.00985000558258664,-0.1933014601314918,-0.18345145454890516,0.2730209251368993,-0.6719318471905337
6392c4f6-2b1d-4595-b7ff-9958bed31ff4,Ronan Camron,M,175,367,0.06140686948431925,-0.12242957176964017,-0.18383644125395943,0.2761092545172613,-0.6658105016268719
276c3b2a-2dca-4124-a404-18ab4d412dcb,Jordan Bridge,M,273,483,-0.027878152833258216,-0.21271423946042145,-0.18483608662716322,0.27323222136904973,-0.6764798298715602
d0d6d65c-6a52-4676-8c71-281d29a8db01,Harrison Brown,M,243,511,0.12106601930183035,-0.06537448405414006,-0.1864405033559704,0.26791789984272013,-0.6958867006102218
a018902f-114c-4519-997c-4fdf52d4a0e1,Abbigal Hatton,F,1269,2634,0.06840494008931525,-0.12278997021350124,-0.1911949103028165,0.13432946106528976,-1.423328202067957
8bfb2660-cdda-43fb-81cb-5ff420c9f86e,Jae Centonze,M,232,532,0.03341732198056586,-0.15884317491772618,-0.19226049689829203,0.31762803500654657,-0.6053007786114641
7864fbf6-245b-40e7-af07-0fb16958c3c1,Kamden Bradstreet,M,322,618,-0.0036613816436686965,-0.19606150889163967,-0.19240012724797098,0.25955797927527574,-0.7412606916773685
df443e1a-4508-4b35-917b-2780cf0ff6c8,Eddy Kim,M,199,435,0.3129423741793428,0.11883817097814336,-0.19410420320119942,0.2824097335646953,-0.6873141401719195
40c23f2e-99c3-4c87-8cc6-32f8b2d7b334,Carolina Mayorga-Perry,F,316,585,0.14708648689933312,-0.04797209161014453,-0.19505857850947766,0.2325604833185226,-0.8387434345082562
28df3b18-505d-45b2-ad6d-c773c0dbd0b1,Breaden Brooks,M,160,348,0.039621216654406696,-0.15702535132965617,-0.19664656798406288,0.336662262389809,-0.584106358069836
04ab231b-f2ab-456a-a79a-1728f29e42fa,Eliel Herminas,M,321,667,0.06172917212715071,-0.13803744314918237,-0.19976661527633308,0.32374337761364036,-0.6170523602639904
bcc72b93-5072-475b-a088-e8cffc39af23,Mason Durbin,M,176,322,0.031181977174406107,-0.17251710150031765,-0.20369907867472375,0.29574186826298093,-0.6887732192642725
9d80e298-b7d6-4094-988d-6dd488a91c52,Matt Rucinski,M,243,519,0.16116484398274142,-0.045250926104193824,-0.20641577008693524,0.2536949553285349,-0.8136376611021959
33fcb3fe-f32a-4b52-9f31-4d2225c9b126,Jemere Plummer,M,219,502,0.14477280368853124,-0.06184800935184542,-0.20662081304037666,0.2635231519019208,-0.7840708171146863
ab3af95f-cc49-4ff2-a731-668dd10a6b50,Farzin Amiri,M,566,1061,0.042900046849638926,-0.16416944105861814,-0.20706948790825708,0.19492969512105293,-1.0622778011306344
d6adc70a-8e20-4c7d-93f1-026f368c6210,Louis Laville,M,261,622,0.1257549860673547,-0.0817655181937491,-0.2075205042611038,0.2340992912505218,-0.8864636161543322
e5915579-1c1d-4406-b707-6d877bcebedd,Kwan Wun Man,F,250,610,-0.04716912023549255,-0.25554104370379993,-0.20837192346830738,0.27759660801842534,-0.7506284927461246
2a8b7adb-5f06-4b01-88a7-86e56d8d9274,Hannah Fife,F,196,388,0.08611004859733767,-0.12514583898926568,-0.21125588758660335,0.2868905071781195,-0.7363641608937675
aabcf6ba-177f-4f35-ade3-0ea5de2f193f,Ben Slive,M,443,881,0.15182493030061964,-0.0616692315825908,-0.21349416188321044,0.21139360450396952,-1.0099367120598082
92b20d3a-70c5-453e-8b2d-38c1c552b693,Edward Kim,M,257,538,-0.033167572579341234,-0.24680648058995144,-0.2136389080106102,0.2945158867844002,-0.7253900981138044
47690bb2-18cf-4172-889a-1f9cc5bb6d9d,Amir Tabatabaeian,M,228,463,0.07727247283134989,-0.14011721626813442,-0.2173896890994843,0.26124494700363615,-0.8321297372173042
12b298bc-6545-409a-ba9d-bd5b2d6f0e00,Sepand (sep) Attar,M,202,433,0.0769400991396117,-0.14233246442671516,-0.21927256356632685,0.28363711407749037,-0.773074300517742
66d6c944-63ff-400d-a729-da58b13dced2,Vova Zverkovsky,M,270,468,0.07261965039837658,-0.14728351917672475,-0.2199031695751013,0.34555896661417257,-0.6363694501396924
2c1692a6-0fa2-47b0-9d2b-e12b5c054ef4,Janet Liu,F,563,1162,-0.0037258837242337695,-0.2244514617029529,-0.22072557797871914,0.21227473980091874,-1.0398108516619828
4f142e8d-9a57-41cb-a89b-5b4c3af752fa,Ella Boydston,F,994,2049,0.04781898901568775,-0.17297492845731072,-0.22079391747299848,0.15878389053945569,-1.3905309708867104
ce39808f-90a7-4c17-9566-c6c83697b695,Marco Leung,M,607,1136,0.02882234719260055,-0.1921152521167645,-0.22093759930936505,0.21463977280147387,-1.0293413770695528
1d5698ad-f0a1-4ff7-8321-6c166069946e,Pally Ray,M,646,1277,-0.05812717462572818,-0.2796509740386921,-0.2215237994129639,0.22603221686996236,-0.9800540935295424
493d192e-3eff-4058-8f2f-fa84530b5a39,Easton Horricks,M,596,1238,0.16714470719714264,-0.054632544024475024,-0.22177725122161768,0.2062859837025606,-1.0750960741055176
22135bb3-55b3-404e-9853-ee3ea3b18a06,Kei Sawaki,F,326,671,0.16051099647384895,-0.06129169387971059,-0.22180269035355954,0.247479473455025,-0.8962468169864934
23becc4a-36a4-4854-884e-d2efa8998955,Ana Gordon,F,251,524,0.10969418430868863,-0.11338341089373075,-0.22307759520241938,0.2923808511410026,-0.7629692380053943
89647b43-f3f5-49e6-896f-614f0175a3f5,Jackson Ayotte,M,1180,2393,0.0381737387902398,-0.18901015083352865,-0.22718388962376845,0.15617282391539083,-1.4546954068452334
eb7c3159-99e3-41d6-988f-71443cda0a75,Austin White,M,245,556,0.17769863491935675,-0.05122280330349094,-0.2289214382228477,0.260898375755448,-0.8774352755550546
5e5e27c7-e3bf-479b-b339-4276a5fa5516,Jolie Lam,F,153,282,0.04365036046146724,-0.18712980631007414,-0.2307801667715414,0.283123471362348,-0.8151219878064563
d9ce8a56-7c25-4d42-9f9b-964a5a02e537,Elliot Markowitz,M,212,417,0.041218582487999256,-0.1896859800958786,-0.23090456258387784,0.25261978544931335,-0.9140398966501674
d57934e4-fe65-4168-8fd7-26da1b07cb2d,Michelle Murphy,F,484,977,0.020475101728697917,-0.2108374546586202,-0.23131255638731812,0.21860454643105942,-1.0581324138208918
7d1a5320-aaee-46b1-a912-da2edd195248,Rika Fujiwara,F,297,561,0.14689875827074744,-0.08496032155855934,-0.23185907982930679,0.24859535616544282,-0.9326766332473329
1dcfe215-9845-4590-9432-8a3087e748af,Brittany Levkulich,F,419,810,-0.003557300108095837,-0.23684049600517268,-0.23328319589707686,0.2400768157320246,-0.971702307804137
c3012322-e95e-4e38-a0d8-106f9e236869,Keilly Ulery,F,1252,2542,0.03822169809193968,-0.1952699623785294,-0.23349166047046907,0.1438452955982422,-1.6232137415366565
a991a28b-3f46-4367-854e-6e5ed5132056,Matthew Nesbitt,M,175,343,0.14124694520188974,-0.09271033108646382,-0.23395727628835356,0.37931143362499276,-0.6167946851811908
62865128-f55c-4c57-a35e-30834e4439b8,Bassem Kheireddin,M,465,904,0.1925257065605227,-0.04375987696225574,-0.23628558352277845,0.32421511553991783,-0.7287926200766128
020d8ae2-4895-4135-b7dc-6f43b34c9926,David Hall,M,434,909,-0.005572922795581262,-0.24209365831006074,-0.2365207355144795,0.21505142910043273,-1.0998333584847755
dca3335c-a2fa-4863-b26c-a2e587de7534,Maebry Jones,F,294,687,0.19092007933321195,-0.045968558717297645,-0.23688863805050958,0.26939696579398487,-0.8793292728904182
56f0b269-240a-42cb-b404-0b0bf747ad98,Dylan Lewis,M,294,656,0.1408828259103742,-0.09629462476667348,-0.2371774506770477,0.2812533285951271,-0.8432876220941443
e1cb8dc7-930e-4fd6-8034-cdbf250ae62a,TY Parrish,M,226,461,0.027082042645889478,-0.21089074067744007,-0.23797278332332955,0.2587200428951407,-0.919808069990851
3b7dc75e-0c73-4576-872a-a32e27106d67,Cole Whitaker,M,246,511,0.11141233407286223,-0.12658078978680518,-0.23799312385966742,0.24203687357314244,-0.9832928361130354
3352fcce-bc05-4a02-bf59-c1984cec3e56,Chris Walker,M,160,259,0.11332063985744013,-0.1253422162429285,-0.23866285610036864,0.36056161021782945,-0.6619197644368823
1d775d93-6cbb-4ed0-addc-244a46d15aae,Louise Kwong,F,225,482,0.1303489223949319,-0.10905326259261514,-0.23940218498754703,0.3376676426185197,-0.7089876398314299
f91b88a1-7d1e-41ad-9782-200959faf6bd,Olivia McMillan,F,1747,3612,0.11879317047761147,-0.12151701087582831,-0.2403101813534398,0.11678815307937254,-2.057658889340584
1bb4e304-37c1-43eb-b223-6eb45ab3b78a,Madeline Schulte,F,680,1450,0.09645367681357166,-0.14457415719932923,-0.2410278340129009,0.18092314143986266,-1.3322111925246254
237778ff-378f-4f99-82cb-cc3bb7b5d02e,Caleb Herrick,M,159,293,0.18619545719107175,-0.05520667372987289,-0.24140213092094465,0.3275344165451922,-0.7370282899343394
18dd2b8c-d93c-43eb-be75-a64bcf36f486,Julia Ronney,F,554,1198,0.09318935038807477,-0.14872744107557082,-0.2419167914636456,0.18551126146580374,-1.3040544792383904
7d2587cd-0152-4be3-9b29-25d06e5d93c3,Jay Wang,M,167,345,0.11260093215887709,-0.12983547706178622,-0.2424364092206633,0.3117716656197238,-0.7776088591590278
a0582749-fb23-42cc-98ed-1915464c4814,Luke Wasson,M,1871,3810,0.1138743762371219,-0.1297218386406561,-0.243596214877778,0.11858730625287948,-2.054150841054821
9d55617e-fe7a-4d1c-8bda-3637647ff5cc,Jonny Pickleball Andrews,M,782,1580,0.07171205580297185,-0.17198606182543746,-0.24369811762840932,0.17557403208897582,-1.388007752222209
26898786-4fd1-4dd9-bc18-a5c515a6b0ef,Maverick Messinger,M,284,573,0.12608112743189495,-0.11781796898815353,-0.24389909642004848,0.23660017859706772,-1.0308491644691904
cb9ea037-f204-4216-ac56-930a01009166,Matt Burkhardt,M,637,1289,0.050081813123592084,-0.1939641210230308,-0.24404593414662287,0.18444736580489018,-1.3231196503222307
14f68da3-a855-4656-a618-81b5d8ff6bec,Jarryd Woog,M,253,487,0.05922505660094694,-0.1850878766280211,-0.24431293322896802,0.24001647790243275,-1.017900668171132
2e0c0227-6e3e-43d5-8037-7f8bd0f9b935,Gabriel Joseph,M,1187,2317,0.031652233039943134,-0.21447060659944267,-0.2461228396393858,0.1424941520043586,-1.7272487058406256
d0513962-42f2-40e9-904e-b5b615587b98,Janaye Sakkas,F,246,527,0.15574174393670076,-0.09086406022275481,-0.24660580415945557,0.34047067900491373,-0.7243084922325911
cbd1cfb1-5a03-4181-bbbd-67689238cf50,Johan Nilsson,M,225,478,0.14370260643859842,-0.10417444956911043,-0.24787705600770885,0.2928597446756475,-0.8464019398850512
608756f6-bfc7-41b5-9cfd-5e69eacfe513,Victoria Dimuzio,F,1489,3007,0.0843027223834526,-0.16388634738576158,-0.24818906976921418,0.12658003342769564,-1.9607284265016678
0c3263ce-a370-475e-8cd7-32414ea409dd,Ben Cawston,M,235,399,0.005909944579851244,-0.2437356475437173,-0.24964559212356854,0.2945525495351135,-0.847541779956002
0a84556e-30f6-4500-8c95-a9ccbc51c7b1,Leah J,F,177,326,0.032493690639837335,-0.2174103078839093,-0.24990399852374665,0.3427741385873914,-0.7290631654815837
9885290a-b002-41ab-b27c-eeacbc197822,Flynn Orton,M,163,338,0.19834818669537352,-0.05191563370573861,-0.2502638204011121,0.3123725477800288,-0.8011709805477101
f2f22110-2d83-4a94-9e5b-811d3b01898c,Clayton Boydston,M,682,1319,0.10654479449559458,-0.14524734068983725,-0.2517921351854318,0.188161172350318,-1.3381726529458788
850116be-7d0f-4325-ab06-1f37dd3d1c7e,Steve Deakin,M,1836,3636,0.06587904436702377,-0.18733713541400043,-0.2532161797810242,0.12195985112246667,-2.076225720600099
1d200bd4-3d5b-41f2-9235-3ebfce0a4bb0,Miyu Hazawa,F,152,326,0.08726136879501985,-0.16715798545406857,-0.2544193542490884,0.33118012239207445,-0.7682204850081212
67374341-3f7d-4434-95fe-7b6e826e6ca4,Kevin Dong,M,210,431,0.14371933121754207,-0.11088058270978354,-0.2545999139273256,0.26705152438655916,-0.953373752545184
8172788a-eec8-4064-90ee-a01dd09e2729,Jaikin Gomez,M,828,1746,0.28325393614910294,0.027465949351546323,-0.2557879867975566,0.18170953903426934,-1.4076750629438144
b14dd745-7463-4dc1-acbd-7ab1b32af58d,Anna Clarice Patrimonio,F,156,301,0.1307124948079126,-0.12514174033033187,-0.25585423513824446,0.31336613115935075,-0.8164706064170645
358376d4-f156-492c-b4c6-0bd3f5a69f86,Justin Dages,M,199,398,0.14070954872961727,-0.11582828766426408,-0.25653783639388134,0.29735677081631984,-0.8627274088618189
5d73e0b9-a7f9-4521-961b-8d79742ee23f,Albert Wan,M,555,1080,0.11473917104337145,-0.14431189688714466,-0.25905106793051613,0.21918916659102225,-1.1818607276967792
3418eaf5-4176-4ed6-ac5c-c45ea36e1f82,Ashlee Candelaria,F,200,455,0.13986687977812853,-0.12122080827084691,-0.2610876880489754,0.26837768760177205,-0.9728367897572253
6b446a3b-76f2-4d55-8c84-94ea8bdde2ac,Andrew Wang,M,249,462,0.10534446908276318,-0.15666498251637634,-0.2620094515991395,0.33935091557283775,-0.7720900094135806
d36e9231-a965-46ae-9a8a-7ce05416805c,Joshua Reason,M,376,774,0.10533848293333366,-0.15718474598333979,-0.26252322891667346,0.25322590009057044,-1.0367155524880263
dba7cf49-9f57-43e3-878d-a63ced26a243,Jaeda Minniefield,F,1812,3545,0.031764370805517785,-0.23287034764139672,-0.2646347184469145,0.1218811166641794,-2.1712528215184137
72781a5b-7e26-47ae-a581-625e4fa96099,Hudson De Risi,M,312,630,0.14762697714566958,-0.1180002073217313,-0.26562718446740086,0.32877392320320525,-0.8079326422224329
070be5dd-2dcf-44b6-b2e7-37d9fbd29aa2,Adalynn Lund,F,374,742,0.07837642865409367,-0.18789666391380563,-0.2662730925678993,0.26172803170175885,-1.0173655868520786
6e24f405-954d-487e-a419-eb2f5c87ec2f,Nguyen Huy,M,265,556,0.12421426412912019,-0.14376116205634137,-0.26797542618546155,0.2960713323683892,-0.9051042667380945
ac8ceab0-87e0-4d34-8f30-ca2b5c01bbad,Keaten Kappes,M,584,1119,0.11744550537983214,-0.1517398002127952,-0.2691853055926273,0.1918462488992087,-1.4031304085286058
b70cca60-0d9b-45e7-9327-ec95e850d1e2,William Hart,M,298,559,-0.06895466324852326,-0.33833427440145286,-0.26937961115292963,0.2608539709516233,-1.0326835745310061
4553e8f7-d51d-41cd-bc23-752742441bff,Garrison Eaby,M,662,1318,0.11704926428525848,-0.15389633363618682,-0.2709455979214453,0.21843701210483174,-1.2403831901500912
f9ae639d-11c5-4336-8b09-71d0fb6f9d9b,Sienna Hitzeman,F,243,416,0.0490334997497443,-0.2264845980857269,-0.2755180978354712,0.30951632443987054,-0.8901569192968233
16e2bfc0-c047-47a9-851d-1cc79ad3f7b1,Chase Womack,M,480,944,0.12935566053653225,-0.1470396438128353,-0.27639530434936754,0.23523813503232335,-1.1749595970542315
b43c46a3-0b98-4fdb-aa93-6c3982761aeb,Rob Hutchins,M,170,383,0.2117045738518093,-0.06499747877199677,-0.2767020526238061,0.291484769847489,-0.9492847697277029
0b75af4a-8c68-4ff7-a2f1-09bda71b5bed,Andre Mercado,M,1957,3682,-0.017405924001310146,-0.2941360340628001,-0.27673011006148995,0.11928303237234184,-2.3199452978163504
2a1c197a-eede-4639-9fbf-1133d648f7c7,Demetric Marrero Jr,M,475,982,0.02819512496728193,-0.24937468446573605,-0.27756980943301796,0.20692588204992743,-1.3413972514373307
25139050-f977-4456-9545-7d63b72fa380,David Litvinov,M,995,2124,0.22868908177321637,-0.04949561488729706,-0.27818469666051343,0.16704067609149817,-1.6653709932791163
2f28b85f-2645-4f75-8571-67335413387b,Morgan Downing,F,216,502,0.16581054314071364,-0.11243207575443759,-0.27824261889515123,0.29343767390551223,-0.9482170956165163
b6928a70-4384-418f-87d9-76ae2637ea69,Bryce Larson,M,522,1137,0.07811080253844051,-0.20013697217803916,-0.27824777471647966,0.20870382162678702,-1.333218397955616
947ad32d-852b-4b3f-b488-c1f20147f44a,Brian Kerr,M,267,593,0.15723226038026034,-0.12527577263741269,-0.282508033017673,0.2427280598832321,-1.1638869982876214
6518ca38-f4c7-4fd8-84e1-38a7904132c2,Sharienne Ricardo,F,228,520,0.05805608583714862,-0.224923894745546,-0.28297998058269463,0.2581747629791798,-1.0960791725623285
73820892-5991-4711-80c5-a2411025eb75,James Kaoma,M,596,1067,0.11686004182244378,-0.16993575396494556,-0.28679579578738934,0.19455442509510804,-1.4741160251029453
ce10eeaa-0854-4c37-ab63-73f16bed85bc,Syed Uzair Sufi,M,492,986,0.10644405838184434,-0.1822331153340649,-0.28867717371590923,0.214131384941677,-1.3481310728669518
e7139f62-049c-48e6-b08b-d8ea0fd44e82,Sydnee Metzold,F,160,317,0.30546288595235205,0.016779709580519053,-0.288683176371833,0.3228257808468351,-0.8942382966272415
ab0e7256-6f4e-43de-b85d-6bfab0bbc41d,Brayden Nguyen,M,295,580,0.15038288199420285,-0.13874782939418853,-0.2891307113883914,0.25785770885054043,-1.1212800760437123
8aac4bf9-2442-48f4-83c1-589b0a00b071,Mulima Mulenga,M,160,331,0.14569816417080023,-0.14390140382081962,-0.28959956799161984,0.3561621154533474,-0.8131116573782637
bca78de4-9ff3-4dba-b182-6765f2a40fcc,Neil Mediratta,M,367,639,0.14148162400832726,-0.1490778170964069,-0.2905594411047342,0.2508623600354661,-1.1582424763270818
c57fd717-c267-4fb8-9be7-2f1c678a655f,Ali Amiri,M,241,465,0.12566398047020527,-0.1652784826121293,-0.29094246308233457,0.26445568274640374,-1.10015583730651
71c8bad4-9344-41c3-b0bc-86675b6f38d9,Evie Kenna,F,386,748,0.09447203587666989,-0.19816652678025792,-0.2926385626569278,0.2353357316587521,-1.2434939675087993
cf21b2b4-0f5b-43c0-b8b1-18b64b376cd2,Lucas Pereyra,M,308,614,0.20832104178874467,-0.08526808630044093,-0.2935891280891856,0.24579505677144223,-1.1944468369117192
ecd31a05-120f-4373-b5c1-21136f8f0bf1,Braden Jacobson,M,1041,2001,0.0584977355376277,-0.23564305253673878,-0.2941407880743665,0.15472731085858352,-1.901026951494058
0517f4a6-2648-470e-a9ff-8cf78eee3421,Connor McCartney,M,708,1550,0.2617232129305034,-0.032567290546022164,-0.2942905034765255,0.18995642983326216,-1.549252656174074
910196c3-1d57-456f-b407-bc550a2edec6,Ryan Gilbert,M,481,935,0.17483656874905895,-0.12035687749601584,-0.2951934462450748,0.2206932445258747,-1.3375735486568803
21ed6c0a-6f07-4e74-afae-9e2218085daf,Levi Daniel,M,410,822,0.09967996119959738,-0.1963874222207817,-0.2960673834203791,0.26740877631430904,-1.1071715278050003
4ebf78a8-2d54-451d-a45f-42544f6a60f1,Kayla Nesbitt,F,177,398,0.1845598962981354,-0.11225740221643972,-0.2968172985145751,0.2813366782232541,-1.055025247291206
e813ca8d-346f-4071-a933-4df20663f624,Sarah Mulhern,F,218,438,0.12694033316478845,-0.17132706422327273,-0.2982673973880612,0.26207831415903704,-1.1380849970175844
6ecac506-64e3-44ea-b82f-689fad6865e0,Tya Karina,F,368,779,0.11849109050415746,-0.1810563616494405,-0.29954745215359796,0.2578349450926162,-1.1617798822653709
dd2f2fe3-5333-4036-9d88-f108bdcee3fc,Giovanna Morelli,F,1199,2704,0.08396798733381253,-0.2172089517994322,-0.3011769391332447,0.1372270746564285,-2.194734092286765
d56a6779-9a18-4f34-9519-9a7c7c8b2d0e,Derek Shearer,M,429,850,0.25718940743355423,-0.04416227506088302,-0.3013516824944372,0.2369266820925492,-1.271919565297091
ea90bdd7-53bf-4892-8bc9-802c55feee1e,Ruben A Gonzales Jr,M,347,638,0.24033451724617577,-0.06106889434639737,-0.3014034115925731,0.22961293613891626,-1.3126586709828207
e4bf2cca-f71a-4ded-89fe-39db811423db,Jace Howard,M,633,1228,0.14344444910775833,-0.158055385813157,-0.30149983492091537,0.1934474611112906,-1.5585618606152813
6ae70906-53f3-49ed-a7a1-8d967a528300,Chas Howard,M,219,402,0.2436148010718949,-0.059216933294318166,-0.3028317343662131,0.3189775803850419,-0.9493825051925625
38fdc174-96d6-459f-a27c-df35eb9f945c,Ashley Griffith,F,1953,3686,0.09051252392012331,-0.21331756836808657,-0.3038300922882099,0.11879733807633037,-2.5575496657424357
d1467954-5b55-4724-9cd5-4d8dd54f2fc0,Jake Benjamin,M,178,321,0.18128065952446706,-0.1235039135931156,-0.30478457311758267,0.3478714207378127,-0.8761414561482355
da9631ef-607d-48b6-a8d1-1915057b4741,Davis Daniel Carvalho,M,182,317,0.25215347156429885,-0.053124184693053945,-0.3052776562573528,0.2870013277466427,-1.0636802925415172
8a71d348-6401-4068-bedd-f4ed30460d2f,Andrew Caldarella,M,658,1260,0.040815647996197524,-0.2647670917114887,-0.30558273970768624,0.18430794375054513,-1.6580009167769927
25a6f570-d617-427a-9fc4-3bf6115a9a84,Hannah Blatt,F,1881,3889,0.10076199319425508,-0.20491011782212293,-0.30567211101637803,0.11329269174161143,-2.6980743975395134
08208add-da5e-4a73-adb0-f1a86bf28153,Alex Guy,M,406,770,0.11352497708779588,-0.19324107860808393,-0.3067660556958798,0.24741156898384165,-1.2399018241378783
b924b201-a7b1-4af5-83ef-d132c2d27008,Lara Giltinan,F,646,1317,0.08260672628407284,-0.22674355184017791,-0.30935027812425075,0.17466521494213316,-1.7711040989285642
49918aa2-e0c2-4736-a4b8-eb980f78f717,Filipe Parichkov,M,344,631,0.0669580719123074,-0.24289450276923308,-0.3098525746815405,0.2406008241233499,-1.2878284012971084
bb20d284-a077-49bd-8409-a3452e3067f3,Kevin Caulfield,M,509,997,0.09715673725392397,-0.2138931742776845,-0.3110499115316085,0.25048737706017066,-1.2417787881458389
03db4060-fcb3-41f7-83d5-7ee732dd8841,Jade Rau,F,1131,2365,0.16103908241068318,-0.15095964373618015,-0.3119987261468633,0.1517810682935529,-2.055583938462211
dd1fe72e-5c35-47ea-8996-1f6a3c0c5538,Justin Fullmer,M,219,488,0.17539307178366131,-0.13913216210339066,-0.314525233887052,0.31321243980063057,-1.0041913855249718
7cf93ef3-86b7-4bb4-937b-5b5dc4c72c32,Valerie R Simon,F,1138,2260,0.21656760092040023,-0.09860717005271227,-0.31517477097311253,0.16041562549343427,-1.9647385970265874
1072c348-fd0a-4303-9dc3-be20c9736074,Jessica Jones,F,349,729,-0.012274156637805997,-0.328401641325884,-0.316127484688078,0.26637850212038205,-1.1867605012104667
9c9c45e5-6fb8-4f4f-a85e-16cebb11972d,Andi Godwin,F,486,1048,0.04804379680861597,-0.2683571702336971,-0.3164009670423131,0.2254001689810854,-1.4037299460448234
b025eccb-868e-4ce6-a4db-c1082a288b59,Maddy Rasmusen,F,1603,3106,0.09359574196571384,-0.22501806574326869,-0.3186138077089825,0.13162010631552157,-2.4207077218521387
78a3a6aa-7466-4741-9247-1d6636afcff9,Cheyenne Jones,F,197,398,0.18830401057547683,-0.13163208183918607,-0.3199360924146629,0.2963385099953559,-1.0796304956101617
8983be9d-1de3-4ae2-a6ed-1584a478bc33,William Owens,M,258,446,0.1828334691909803,-0.13847361381106246,-0.3213070830020428,0.2988002894296043,-1.075323868043779
9532d3f8-9418-4b59-af95-3cc5e7c2a066,Kelly Chen,F,352,727,0.24946098360720978,-0.07220652438475161,-0.3216675079919614,0.2276048281402908,-1.4132719003381264
41c769d6-a3de-4db0-b7b7-cec7c5dee51c,Ishan Balakrishnan,M,167,325,0.25594332244799894,-0.06671448334325764,-0.3226578057912566,0.32207906165532096,-1.00179690083845
c4542ad5-6e33-408f-b457-75535f5bd72a,Adrian Garza,M,228,469,0.12264279614321398,-0.20095408388510197,-0.32359688002831594,0.2555958198277698,-1.266049187527276
7a300520-8298-4458-8968-db478e23e9be,Tobias Moreno,M,331,726,0.12910222533244908,-0.19738769758643884,-0.3264899229188879,0.27028907590172657,-1.2079286661129998
c83efa76-ad13-43d0-a6b4-1a9dbc4bcbf1,Sammy Melin,F,176,326,0.2257779143220489,-0.10080128566043332,-0.32657919998248225,0.3569752953020484,-0.914850983472548
5f23308c-2443-4583-aa04-254e664a328c,HO Tam,F,556,1142,0.136044109151177,-0.1907154000510827,-0.3267595092022597,0.19289483758931233,-1.6939774712787046
ea0b7d06-7e9f-4786-a4ed-24da5029559f,Dale Kim,M,591,1197,0.12606925094048388,-0.2010763688797107,-0.3271456198201946,0.20078194670477806,-1.629357744504872
4e73b5b4-d734-4258-91cf-b678d08200a9,Maria Ford,F,332,667,0.18796293784105006,-0.1394460595501502,-0.3274089973912002,0.25259037794101286,-1.2962053426582214
77deb777-2c7f-42a3-9ed0-856a13d4e3cc,Hsieh Chen-An,M,413,884,0.03210264499637139,-0.295921307824329,-0.3280239528207004,0.29763183097931895,-1.1021131434140634
ece1da5c-10cc-41a6-bc48-66d82a4ea10c,Prycen Haas,M,357,627,0.2308752419727878,-0.09810192680695701,-0.3289771687797448,0.24255210680571257,-1.3563154454199808
16deb566-c508-4f05-84d9-a01fb527a005,Michael I,M,154,268,0.29356226084193454,-0.035577529313103234,-0.3291397901550378,0.34197809945667845,-0.9624586798919649
f8917832-134f-4323-a2f2-ac19251c6e01,Sarah Williams,F,728,1400,0.018433429661477353,-0.31315765627303616,-0.33159108593451353,0.18141754474961777,-1.8277784896282043
22839b0d-41bf-4830-8f1e-0da170ebc723,Haley Ferguson,F,470,954,0.12904153690555112,-0.20426673157512706,-0.3333082684806782,0.22623338129192372,-1.4732939346850353
deb34ab5-bc2e-4fda-894e-600a62ca0fa7,Michael Shaw,M,203,446,0.1463082657557829,-0.18781437811631674,-0.33412264387209967,0.27297300290321636,-1.2240135116605804
14425212-36dd-43e0-bd0e-518303d3a8c8,Jake Presser,M,175,333,0.27117304122071056,-0.0639980370720524,-0.33517107829276294,0.2927703619993802,-1.1448258491871266
89d0497d-bd25-485e-a32c-872afa95b3d5,Mary Monson,F,360,788,0.31332353172388155,-0.021897042239297823,-0.3352205739631794,0.23603841275482135,-1.4201950015287592
ae22d796-6114-4ec9-8a76-8393e96cb1d0,Preston Bies,M,172,411,0.26605364576547696,-0.07065773059287811,-0.3367113763583551,0.2742697931371307,-1.2276648204930265
9b5db00a-b0b7-46a5-815d-56878e28326c,Nok Yiu Tang,F,544,1156,0.22074991301178415,-0.11689050918680215,-0.3376404221985863,0.19876059643486527,-1.6987291659150991
71b69208-128b-4395-beae-129689d36204,Willy De Vilchez,M,434,794,0.15349644969659632,-0.1859471020631579,-0.3394435517597542,0.235267001125436,-1.4428013709358882
aa0157dc-6eeb-48b9-b679-d5cd6b4a5237,Ryan Sherry,M,475,932,0.1970604569569322,-0.14324801227531664,-0.34030846923224883,0.2155332267700871,-1.5789141856780233
23a8af5a-fed3-445d-99aa-1a5f69a05ff6,Brie Aldridge,F,723,1534,0.17814427936320487,-0.16236692144595744,-0.3405112008091623,0.1978870644744985,-1.7207350147591058
dee643dc-920a-42e7-9596-7052f08cd4e8,Jamie Voelker,F,337,710,0.10715693613417734,-0.23498691270322086,-0.34214384883739823,0.2479193961137723,-1.3800608350965227
988e88e7-a3e0-4d04-8d2a-a26802cbbe8e,Rachel Janssen,F,310,720,0.298452677938155,-0.04449917220138362,-0.3429518501395386,0.3187805076366651,-1.0758244055826123
7bee4b61-53bf-41c1-a04f-1be4ade890ad,Sabrina Palavra,F,197,398,0.16264666337498287,-0.18044933099751406,-0.34309599437249694,0.31685509927371347,-1.0828167044145167
7867cc51-11d1-471f-a8bb-9d8370b6a698,Nicholas Wade,M,706,1421,0.08587299912665214,-0.2577444189765489,-0.343617418103201,0.19501405946181208,-1.7620135648244821
a33fae19-76c1-4ec3-9845-2b2b471baa70,Johnny Goldberg,M,757,1474,0.13997232781512586,-0.20376940694459128,-0.34374173475971714,0.18452689561772487,-1.862827278424657
623c9f3d-7974-463d-8e10-0b290ed48533,Alicia Lai,F,177,385,0.17415523921469309,-0.16999684624939815,-0.34415208546409126,0.3090137209141503,-1.11371134086212
69633ccf-87be-4975-a578-53d6e166c91b,Wil Shaffer,M,1101,2293,0.17049537905887677,-0.17508352836511587,-0.34557890742399267,0.14965115094110956,-2.309229867266335
086c9ee0-0aa3-4d2e-bc64-22a683f44d73,Ahmad El-Zarif,M,240,532,0.19413724542037908,-0.15742622111472196,-0.35156346653510107,0.2595421525620587,-1.354552480453206
8af41b49-c25b-4103-bf60-fa36ab5fc278,Chase Ora,M,249,509,0.20570114730611366,-0.1522790992865584,-0.357980246592672,0.2970591195158354,-1.2050808175023526
b9078ad5-9d55-4617-9c9d-131823dfca0b,Luke Ness,M,792,1456,0.12951218399405545,-0.2284980354479664,-0.3580102194420218,0.19639054942214862,-1.8229503430557947
33fd646f-21cf-4475-a4e1-5064b97b5917,Athilla Miasara Bt Azizul Azhar,F,188,358,0.131930817080159,-0.22781849357593942,-0.3597493106560984,0.31052621885682063,-1.1585150908689414
5bdaf230-63a7-41cb-8fcd-d774ec99d51e,Victoria Nguyen,F,447,879,0.07739339461671166,-0.283281069952013,-0.36067446456872465,0.22187001502171078,-1.6256115750180635
33e8c243-d1a8-4821-89cf-e15bf003e6f4,Ryan Skufca,M,250,451,0.2716780823611717,-0.08908595038789663,-0.3607640327490683,0.2768574532456918,-1.3030678008473742
5c35babd-ded9-4e8f-a70e-5712c2a95d50,Sophia Phuong Anh Tran,F,669,1377,0.1070192621867532,-0.25490996148003464,-0.3619292236667878,0.1832294257329262,-1.975278928147344
e80c361b-ab9c-45a3-95ef-363bfb7ee817,Brett Clayton,M,186,348,0.29259898671139906,-0.07018888695699241,-0.3627878736683915,0.30609304372912155,-1.1852209029272887
9068b689-e580-4d2f-ac56-8c57d54a7c11,Eli Trumeter,M,155,314,0.18106275238872901,-0.18207102686406454,-0.36313377925279355,0.32757086952142844,-1.1085655442540465
e4adde58-d9a0-4f1c-afb4-96bbc7f33d22,Benjamin Grant,M,332,686,0.13919717217617972,-0.2240587936091512,-0.3632559657853309,0.27685406057300177,-1.3120846594538078
3b609732-aeb8-49ef-af26-4321e6e0d151,Bryanna Ojeda,F,595,1180,0.09811569290026145,-0.2658838372826942,-0.36399953018295567,0.19566740608579783,-1.8602972128293365
348255bf-f94e-47cb-ab5d-95969c2bd7b9,Aiko Yoshitomi,F,1179,2329,0.2519643565048261,-0.11353629433342143,-0.36550065083824756,0.14663249186710142,-2.4926306999509675
a973d880-71ca-48d1-b127-a7e23afd5a19,Matthew Mead,M,1064,2206,0.3134582651696323,-0.05232665708063346,-0.36578492225026576,0.18969955504244693,-1.9282328952665082
6aa0a796-9759-40f5-9c8f-bf4461d032fb,Helena Jansen,F,963,2083,0.1783538001842956,-0.1884595095159119,-0.36681330970020753,0.1570267936095069,-2.3359918474320773
34270d82-e968-407d-a918-8aa57f0123a6,Elsie Hendershot,F,1053,2016,0.054271219357929994,-0.3131598313403973,-0.3674310506983273,0.15219286150116923,-2.4142462864166894
34df6ae0-3b15-474c-81a9-63bebc580ed7,Brian Bonilla,M,248,494,0.19204872334839107,-0.17544192264036118,-0.36749064598875225,0.301804859503681,-1.2176432367361205
ad45f02d-1352-4922-8228-76179833d104,Colin Wong,M,331,632,0.16349573660329006,-0.20470706188991877,-0.3682027984932088,0.2262492069728098,-1.627421388210473
72696117-bdb1-4e90-9131-e702b3ab2dff,Brenna Murray,F,359,728,0.10901972931938608,-0.2601683998093385,-0.36918812912872456,0.22992463399136168,-1.6056919292197072
4a1d619c-6252-42ec-b171-91ea42fc4c1f,Han Hyuck Chu,M,177,375,0.25761444869309896,-0.11210068533909498,-0.3697151340321939,0.32137789008961054,-1.15040625205768
7cbd7e4d-3d2c-40f8-8c09-40c271d64a73,Louie Payetta,M,316,644,0.2158244756596925,-0.1560080066043056,-0.3718324822639981,0.2395768711951557,-1.552038309913101
ae06a675-5997-41b0-a199-6da1bb0b49a1,Giorgia Vitale,F,411,809,0.09983999966503684,-0.2748659348303163,-0.37470593449535317,0.21184668431005396,-1.7687599676893793
cfca938e-f09c-4712-bb3f-2b88df706c8c,Nhật Minh T,M,201,474,0.18204992752104476,-0.19491739638192018,-0.37696732390296495,0.26604879820206306,-1.4169104557151944
481d9fef-ed7a-4fc9-9d19-a4f9b5a57d56,Ella Cosma,F,626,1365,0.09531986693069995,-0.28257070812197094,-0.3778905750526709,0.17665673146875532,-2.1391235528407084
722347d4-487c-473f-aec0-f856533f520d,Brookes Jones,M,327,700,0.3022466608142522,-0.07597873013693275,-0.37822539095118496,0.28383759637289563,-1.3325415511702898
4c974436-715d-41f0-9705-f25f108db163,Aleck Blair,M,188,405,0.1758920417711294,-0.2039175548070064,-0.37980959657813584,0.2932498280864964,-1.29517414914258
964141f0-2f93-4294-a303-c41735341b46,Allie Davis,F,321,617,0.22269365934942825,-0.15799619200452172,-0.38068985135394995,0.26168576870604726,-1.4547594744503682
b65efb9d-3466-4500-986d-ed13e9bb25f5,Elise Fortino,F,154,298,0.2823301851146562,-0.10014608817493835,-0.38247627328959455,0.2814519048189884,-1.3589400772951898
da1847da-b6a7-43cc-8ba1-1b6c775f29c4,Andrew Anh Pham,M,561,1126,0.16598046017483875,-0.2183827965728028,-0.38436325674764155,0.24318020489065878,-1.5805696722743652
64a6650b-96f6-4382-8db8-9edcd7838743,Kento Tamaki,M,786,1615,0.12603604247198924,-0.25853281335754685,-0.3845688558295361,0.17594201224781258,-2.185770475830836
19a1f7fe-1d16-418a-be95-785266ff586e,Yolena Carlon,F,260,529,0.2830392598319613,-0.10212868065085927,-0.3851679404828206,0.2378144044222679,-1.6196156890434144
8df7caa9-af2f-4381-833a-f56776546f88,Claudio Quinones Garcia,M,698,1371,0.09591054667241351,-0.2912632749567302,-0.3871738216291437,0.19207308094561645,-2.0157630612421324
68d3b279-8b2d-4055-8eb3-b28448c1f7d2,Katie Neils,F,155,278,0.18675467344080715,-0.20362737925076937,-0.39038205269157655,0.33485886303790696,-1.165810721418427
c8e4c697-0b57-45e3-8799-227779ee5f1e,Pui Long Fan,F,357,793,0.12447311145639463,-0.2677870170059302,-0.39226012846232483,0.27833364514952796,-1.4093162479569894
906cfb51-866b-461e-8794-bdad7c46cb22,Brittni Tonnessen,F,170,329,0.12309973286381333,-0.269319163545834,-0.39241889640964733,0.27979853380579894,-1.4025051921180378
1ad19b48-ae39-44aa-b2a0-5a40a6b71420,Daniel Byun,M,751,1591,0.01323249185196515,-0.3795855765302936,-0.39281806838225874,0.20203310966142046,-1.9443252100636745
00ab134c-1282-4628-824f-88a0cea38214,Luke Cartenuto,M,222,416,0.2548216807236522,-0.13821755146642783,-0.39303923219008,0.3150693413444768,-1.2474689873438238
4e220040-a533-4d43-85ba-29ad38b5a3b7,Clemens Graute,M,182,365,0.18367539613650335,-0.21508836756753144,-0.39876376370403477,0.28380199180494664,-1.4050773962788106
7d4e35ed-83cd-4872-81da-6a78d5a7a4d4,Bryson Alexander,M,180,346,0.17146108036627242,-0.2293788722470031,-0.40083995261327554,0.2877726575466023,-1.3929049272110328
c58f8822-c9f6-4480-90f7-09ec5b810736,Mia Turcsany,F,286,574,0.1175954774310044,-0.2849917548573726,-0.402587232288377,0.26252714446939124,-1.5335070706767078
0f2bcb8e-7a61-420c-ac30-b9626b8049a6,Caitlin Klaassen,F,786,1439,0.21662098093456728,-0.187712945710057,-0.4043339266446243,0.19259215367041668,-2.099430942220843
135937d9-d132-41c5-9cfd-d2b0112288b2,Daniel Traxler,M,703,1395,0.08162187418263818,-0.3228588150605119,-0.40448068924315006,0.18523789565968649,-2.1835741968600737
7ae4f842-ea7a-42e1-80ac-9ad235f10ed0,Lexi Jensen,F,273,561,0.25528979886435454,-0.14933108250812815,-0.4046208813724827,0.2749902253608605,-1.4714009592214132
f932a82f-0702-44ac-9a1f-09bb5670b25c,Christian Lund,M,334,662,0.11808321714225216,-0.28889534787285115,-0.4069785650151033,0.25726582957368727,-1.5819378954815086
f8b6b217-f9f8-4fd3-a71d-ae4dfcbb9c89,Ava Ignatowich,F,2080,4322,0.09300551857304062,-0.315616236006277,-0.4086217545793176,0.11354341680308104,-3.5988150267486887
4be45b4a-461b-43e3-b0a4-33effdc2248a,Dalia Garza,F,326,734,0.2894566307277669,-0.11965313192547852,-0.4091097626532454,0.25775374576976234,-1.5872117063962332
4e82e645-294f-424e-b1e7-28f93e2cb7cc,Benjamin Bramblett,M,329,713,0.25312766038493456,-0.1578583644844089,-0.41098602486934344,0.2561144536767138,-1.604696724332941
f483a4bf-83ff-4e34-8629-72eed44e2662,Jeffrey Moulton,M,167,326,0.28510901814164674,-0.12678050985400366,-0.4118895279956504,0.32806995213799606,-1.2554929987077794
5883c77e-d6e0-4848-9473-866396578248,Audrey Adele Brown,F,1352,2903,0.05236999973605273,-0.36043286942422537,-0.4128028691602781,0.13906425817582024,-2.968432540289163
d5d2a4dc-fb77-4686-8f63-d75694831b5c,Karthik Ganesh,M,353,659,0.07278149620864172,-0.34004179402890655,-0.41282329023754827,0.23840775619156224,-1.7315849821003388
7c564f89-1c58-4597-b689-e37bd0ecd511,John Thorn,M,240,439,0.10400227421549078,-0.30889122819454096,-0.41289350241003175,0.2875802439319485,-1.4357505813498677
d69ec633-93c9-4d07-8870-be9f5acd5330,Rachel Rettger,F,1723,3718,0.14406912144753758,-0.2708338795992991,-0.4149030010468367,0.12163947812617663,-3.4109238829227615
258ef186-666f-4fb3-be50-916b633c96e6,Maximilian Wild,M,878,1586,0.07663496193502375,-0.34225395248112667,-0.4188889144161504,0.16830675698909403,-2.488841933085869
5ba04f05-e201-4587-9613-7761c3afc0cf,Nicole Pitts,F,238,405,0.22462562679951384,-0.19616331938451384,-0.4207889461840277,0.25906388126283825,-1.6242671272152684
d1ca938d-f130-4aa7-a753-1004bd0661e6,Caroline Maguire,F,168,349,0.3656138358345893,-0.055860848078383235,-0.4214746839129725,0.31830194859373,-1.3241347901734926
95c0348f-d93e-44ba-b55e-4971a2d7c1c0,Scott Berke,M,259,464,0.2929282584704162,-0.12914684021233722,-0.4220750986827534,0.32684447426942304,-1.291363727736851
0ac11983-04a4-49b8-80b6-afbc7453465e,George Bulger,M,198,403,0.3265965340640816,-0.09867918691743532,-0.42527572098151695,0.30185066724720566,-1.4088944207409364
ad27fa70-ef8e-493c-8871-caf9afce0801,Dave Weinbach,M,366,685,0.048879016075844925,-0.38134087036862413,-0.43021988644446907,0.24921446421044333,-1.7263038395764219
b046a7b0-2e97-403a-b28a-210cca13d0cc,Omar Garcia-Heredia,M,179,326,0.3380447257317856,-0.09219543396884497,-0.43024015970063056,0.3006607407465074,-1.4309821715744855
a9782e86-e5ae-46d3-9194-ac89fdaed622,Alexander Crum,M,826,1581,0.06262264545771543,-0.3688343620985128,-0.4314570075562282,0.17079704162684176,-2.5261386464695192
1c565be0-8543-4679-8dad-1bc917b2f41c,Alexandre Gauthier,M,177,361,0.1968909374738384,-0.23505167843877312,-0.4319426159126115,0.3211596338777544,-1.3449467814408622
03ee9ee1-7ce1-4704-9a48-a504790e91b0,Justin Graham,M,351,691,0.16174943983751533,-0.27076478148319305,-0.4325142213207084,0.2783780118158979,-1.5536939088664328
9fa6a300-42c2-4a96-b7c0-9afbe1342e59,Adair Garcia,M,719,1370,0.12729762619135007,-0.3056863975715869,-0.432984023762937,0.2048043815444788,-2.114134573184914
37a2a373-8d3e-4177-bf1b-e6c9eaa52f5e,Natalia Simson,F,516,1081,0.2712965636979888,-0.1661676198267658,-0.43746418352475464,0.21114753092149627,-2.07184134058097
aa45af3b-41b0-4e03-9a17-4ca16a108df3,Vincent Rettke,M,412,874,0.17723561367638382,-0.2622936039281324,-0.43952921760451624,0.24882496293462483,-1.766419303034303
c00d1e76-0116-49f5-b0b4-9b518b9cd628,MJ Marrero,,209,520,0.2710533431936576,-0.17059459139080316,-0.4416479345844607,0.26207012104637983,-1.6852281092597357
91846d4e-67fb-4891-87a6-bed8362b8e2c,Olivia Phillips,F,530,1074,0.25859832063981536,-0.18416903790919326,-0.4427673585490086,0.2205334174038428,-2.007710957193435
8d4ab63d-f14c-4013-a97a-3789015b9bd8,Tatiana Ruhl,F,818,1690,0.19599788185936917,-0.24837756603837888,-0.4443754478977481,0.17492349832987475,-2.5403988151422325
4212e979-7692-4231-8934-d6a7042aa217,Lauren Hidalgo-Smith,F,492,956,0.06980860650658716,-0.37575194657410194,-0.4455605530806891,0.22326763735379557,-1.9956342905830213
d1045e15-2ae2-4e2c-b7ba-21a326affe05,Alexa Quintanilla,F,171,322,0.22565935057555872,-0.22244788336434346,-0.44810723393990215,0.28802465218530465,-1.5557947229170028
6aa6ce7a-8246-4bfd-9d8a-a67bb5f95257,Bao Duong,M,211,410,0.14886782075804855,-0.3045866782133304,-0.45345449897137896,0.272971307066602,-1.6611800846187144
8a614993-d082-4ab8-af12-348c954ff276,Emanuel Dickson,M,366,690,0.09741374959099751,-0.3624941395677179,-0.45990788915871544,0.25120402351522636,-1.8308141833199532
a0581131-7d36-4424-b7f1-a5a4eaaed30f,Cc Eleven Sacca,F,155,299,0.31142837557143777,-0.1508563021987017,-0.4622846777701395,0.28106998431036584,-1.6447315742533042
101e37db-cdb8-4c51-9630-2aecd12baa89,Jimmy Liong Kai Long,M,486,916,0.2037082967648503,-0.26416486296550934,-0.46787315973035964,0.21417524133994398,-2.1845342944553536
e6129a52-f99b-4c66-be30-8f96d7635250,Andrew Angulo,M,234,431,0.13180893708804328,-0.33661892857124653,-0.46842786565928984,0.28194159553256803,-1.6614358189129994
607ff7e3-ba06-47f2-8bdc-0f66a4a6614f,V. Mary Rivas,F,296,547,0.2937553281686983,-0.17869351091491145,-0.4724488390836098,0.26849634595216115,-1.759609939599653
d889476e-0b2f-4acf-a873-f7aea0b92dab,Evgeniy Kim,M,618,1343,0.2578188957597596,-0.2150127287387436,-0.4728316244985032,0.21613161661257782,-2.1877022524939864
52e042f4-517b-483d-a264-f2f3dfa3f940,Jimmy Terzian,M,244,542,0.2652421616529721,-0.2090815923782129,-0.474323754031185,0.2581590931934936,-1.83733119048289
46f2280d-18d7-4589-9157-c5e6492099cd,Polina Libo,F,606,1251,0.15167885514452378,-0.324957725777171,-0.4766365809216948,0.19128774526486259,-2.4917256474623084
f809c1c0-fbca-4d67-9c59-23b02cbf0128,Anni Xie,F,222,445,0.3130547207174238,-0.16713539561656715,-0.48019011633399095,0.30260311700114756,-1.5868644087105352
7969379b-12b1-4f80-8fa2-0e548c1e4127,Julian Slive,M,263,619,0.2794961416509157,-0.20151477618399644,-0.4810109178349121,0.23869946769329203,-2.0151319250236837
fdbc0750-8ded-4bfe-9657-4b84779dcee6,Tiffany Wang,F,167,362,0.3535373794690347,-0.1313888592810213,-0.48492623875005597,0.32292883596822236,-1.5016504713681713
b3edcbe7-c081-406a-b28e-3cd34988d4dd,Simone Leonard,F,681,1318,0.2051967043212416,-0.2808852496591697,-0.4860819539804113,0.19269365889539034,-2.522563309902667
ef6713e4-bbb0-4f41-b874-15c7fe79d5e6,Charlotte Wasson,F,155,285,0.3581415520980432,-0.13025908907491868,-0.4884006411729619,0.30490313581021494,-1.6018222963668167
2a490031-a7b4-4833-8d61-b9970960d2dc,Monika Wynne,F,1043,1983,0.15117337754005306,-0.3381834491711462,-0.48935682671119923,0.17042353552414463,-2.871415765470198
a8256366-d2f9-4787-bf8c-d8e76c55fa86,Mouaad Alhouni,M,683,1399,0.13500380060184874,-0.35438559628842015,-0.4893893968902689,0.18873274008943292,-2.593028621628483
bbf16648-a08b-4864-ad42-80848523bf44,Chelsea Purcell,F,231,450,0.33415802680736484,-0.15670140909105823,-0.49085943589842307,0.25327969229945535,-1.9380133931861958
98915a37-fa53-445c-8c1c-974170c606d7,Ryan Eveloff,M,538,1132,0.325686166692278,-0.16926268651491944,-0.49494885320719745,0.21363837227067042,-2.316760083624486
7ab0b456-a129-4879-86a6-05d34bd8781e,Domenika Turkovic,F,446,815,0.20164025807946231,-0.29755825097100586,-0.49919850905046814,0.23006719799923017,-2.169794361785284
a63bfef8-a400-4137-bc95-0bd11ecf64db,Dylan Ciampini,F,194,440,0.32086583638534394,-0.1847929288398348,-0.5056587652251787,0.27799407423211464,-1.8189551939980295
c2c74ae6-6b11-4a40-80e6-b7b924d2d83f,Matthew Finnerty,M,509,1036,0.22468021708218988,-0.28534331680923086,-0.5100235338914207,0.23568818945294462,-2.1639757812015756
48359011-0793-437a-bfa2-b7a4c5194689,Roger Dugas,M,390,789,0.28033569762486243,-0.23458103019186777,-0.5149167278167301,0.24571726938852842,-2.095565887974049
49d53a66-df0a-4419-892e-0fe6c788391e,Wendy Weston,F,490,980,0.2621239708502481,-0.25536042144677623,-0.5174843922970243,0.2671370117534686,-1.9371497378827929
00e04f40-f239-42cd-baaa-0800e5f7d525,Sarah Carpenter,F,215,417,0.330658855669278,-0.1902137556623663,-0.5208726113316443,0.29070442622392245,-1.7917601671824184
9db29a7a-1fce-4394-a1f0-a5fbd2bc2e7b,Jake Anderson,M,1258,2680,0.21502735404083462,-0.3164848206537347,-0.5315121746945692,0.15396950107434407,-3.452061421163721
0d659a6e-9386-45c5-a3c0-8f8ce4efaa14,Poongi Hong,M,196,396,0.36991721632782215,-0.16661630332797506,-0.5365335196557972,0.28344050391594566,-1.89293171668544
cd9ee524-11da-4099-805f-1f362f2bc468,Stevie Petropouleas,F,811,1556,0.1952179751972396,-0.352247473866146,-0.5474654490633857,0.1711868897305815,-3.1980571054535862
ab53383d-abb2-4bcf-adea-398e6c6dd36a,Cleo Bond,F,429,1020,0.25330727850448875,-0.29944792990970365,-0.5527552084141925,0.21091765995730044,-2.6207156315222533
c62c2081-d9ce-4750-93f5-c9163bf46f74,Yaamunan Venkatesan,M,453,865,0.28537920860180266,-0.2702485096442988,-0.5556277182461015,0.22746667598016357,-2.442677442099499
15156d9c-65c8-4a3c-a392-c3082975cfc4,James Broker,M,488,1005,0.35155453662811786,-0.20974994151572657,-0.5613044781438444,0.22526051501075178,-2.491801450942493
9684fa0b-ddad-4427-962f-ed7a309a21d4,Kasia Carr,F,199,412,0.3428618708205896,-0.21952835400856338,-0.562390224829153,0.2907915380381653,-1.933997903182937
6e4cfa2f-6e11-4c05-9490-059d6218a579,Brett Finan,M,332,655,0.2199694369252091,-0.34376784689893913,-0.5637372838241482,0.2722521984337741,-2.0706436424287626
b08631ba-76d5-4262-8d27-5b2350646c00,Tomoko Taniguchi,F,382,759,0.2707791944718674,-0.29416891980503834,-0.5649481142769057,0.22911214645804437,-2.4658147680544755
07456e73-2a8c-4bcc-a487-7300ea9d852f,Cody Sivan,M,382,818,0.2648878142931085,-0.3002238257460786,-0.5651116400391871,0.25278484536700674,-2.235543982942203
36b47dfd-00db-4bf3-ae56-e6cd61e51a97,Ryan Lam,M,189,350,0.24276082883125316,-0.32361873840705757,-0.5663795672383107,0.3150569084839269,-1.7977055953597836
1e216feb-426b-400d-b79e-3db55899141e,Savanna Ticknor,F,385,795,0.3676249423667033,-0.20218030056272035,-0.5698052429294236,0.2426773071220706,-2.3479955735737676
5c5c1775-a31b-4f49-b822-42afe860fd24,Stephen Bass,M,394,781,0.21437651780246003,-0.3587303376213542,-0.5731068554238142,0.264231464309393,-2.16895764825628
3701f5a0-aa34-4a06-a718-7b223491362e,Ethan Violette,M,344,725,0.17773941173849345,-0.3954330465277021,-0.5731724582661956,0.24023675512836368,-2.385864968746923
4da698bf-605d-4c6c-8566-6bfbdb6c1a24,Genie Bouchard,F,1981,4109,0.1839462273773655,-0.3955276644825869,-0.5794738918599525,0.11391540605376045,-5.086879044143331
4e39b9bd-436d-495d-99d7-c2818bbea4ab,Camila Zilveti,F,1271,2869,0.13411998550572196,-0.44647808382084736,-0.5805980693265693,0.14171363837115766,-4.09698089753326
684de940-3788-41f6-9d4b-b843da242dae,Wesley Hanson,M,334,682,0.4223390545978152,-0.15983818997359173,-0.5821772445714068,0.2488196435151689,-2.3397559627799858
ab4e123b-f089-497a-ac5d-5b5065a1fcf9,Michael Coleman,M,280,521,0.4361020653316343,-0.15046053204894835,-0.5865625973805827,0.3016509778487198,-1.9445075284150022
6f149538-c6f6-4ad5-9e60-2afc100f97c1,Spartak Rahachou,M,785,1641,0.17501901047350077,-0.4131028668869311,-0.5881218773604319,0.16901105557083151,-3.4797834696319825
5520bc45-676e-45a7-bf34-7d91529fdd63,Billy Buchhauser,M,330,694,0.3981573751934591,-0.1950144685715804,-0.5931718437650395,0.25899593756419365,-2.2902747021582854
75b14d37-7db7-492d-8a47-fe11d5aa2f82,Mayu Ito,F,317,697,0.17119466045577333,-0.42632418000031025,-0.5975188404560836,0.2727799211639866,-2.1904795554833902
eb3f00bd-6375-4e9f-9e4a-9a945ebdfd74,Anri Ferris,F,178,391,0.33458933405422553,-0.26859304256031646,-0.603182376614542,0.2763677518067775,-2.182535309098787
44599572-39cc-41f6-b9c1-283a4c39649d,Nicole Kalhorn,F,158,325,0.283459855988597,-0.32727447651569463,-0.6107343325042917,0.28436957674352914,-2.147678171125558
b8339aa2-dc4f-47be-963e-6f6bf373562d,Devon Sikora,M,214,411,0.3495012910400286,-0.2707773113921919,-0.6202786024322204,0.3131540112786956,-1.9807461507500705
edfe3f1d-98b7-4bfb-a107-01ce62316094,Dionne Lim,F,447,928,0.1955695994964226,-0.44943891129069147,-0.6450085107871141,0.22558375246625215,-2.85928620184474
26b13d9f-ccab-497c-8e3a-68299be5ea70,Daniel Phillips,M,466,1011,0.2823437162473336,-0.3755692303372378,-0.6579129465845714,0.2136787458334752,-3.078981692906875
12e4929d-3cf3-47ef-9b8f-4c9477a8e762,Sydney Donkena,F,323,610,0.2736331033194043,-0.3875682146829879,-0.6612013180023922,0.24489162547998286,-2.6999752102851637
24415389-0764-4512-a3e8-ddee23d96417,Evan Zoeteman,M,155,291,0.33231244943021676,-0.33825891864414304,-0.6705713680743598,0.31576508876012926,-2.1236399841014686
80217cca-df99-4019-a90f-385622ca057a,Zach Gonnering,M,2211,4376,0.19029866579199017,-0.48386465249664107,-0.6741633182886313,0.13676026545357994,-4.929526248378482
84a2e8e4-b4fd-4625-8011-244c37e62b72,Jessica Mason,F,1162,2336,0.27997383058885394,-0.39559211585343157,-0.6755659464422855,0.19434888999159552,-3.476047362408398
ec94501d-8b59-4236-b77d-7238f8925e48,Marcela Aguila Ampon,F,2122,4391,0.20141054462671834,-0.4779877500531208,-0.6793982946798391,0.11297073448336084,-6.013931818597727
1e5d81dc-961d-455a-b80f-d6c30c518cde,Caden Nemoff,M,1704,3428,0.1767187521922185,-0.5313124522467586,-0.7080312044389772,0.12696529733608874,-5.5765726485462705
53b056f9-095a-40fa-881d-142629905f8a,Luana Stanciu,F,1090,2396,0.2534929235077875,-0.4952191728073283,-0.7487120963151158,0.146662160590258,-5.105012044700839
316a0784-5829-4fad-89a1-438e5aac2504,Jazz Hearn IV,F,329,699,0.48348040461584374,-0.29035435842484947,-0.7738347630406932,0.22500845951714463,-3.4391363093694283
2feffeaa-aca5-4c5d-aad6-62eb0d38a6be,Abigail Okelley,F,681,1392,0.28313791319971915,-0.5313544737316662,-0.8144923869313854,0.18949363278018436,-4.298257281690354
22989ac3-e778-487a-ba32-a30243acd294,Christine Trifunovic,F,862,1880,0.23140901734287733,-0.5844037076637063,-0.8158127250065836,0.16248154448181068,-5.020956242189779
