player_id,name,gender,rallies,b_observed,b_mechanical,b_adjusted,se,z,clutch_shrunk,shrunk_sd,cwa_per_100_games,v2_value
6f862c1d-1317-4fe7-bdcd-64caa0dbb088,Ben Johns,M,27014,0.048352,0.032821,0.015531,0.004024,3.860,0.005958,0.002449,0.45,1.1139
129b2771-34b5-4b7f-9c23-e020a6aa3e6a,Anna Leigh Waters,F,26400,0.070084,0.053489,0.016594,0.004597,3.610,0.005381,0.002563,0.30,1.7994
fec65f7e-f2c8-482f-ab5b-541cf53b1064,Tyra Hurricane Black,F,15893,0.026855,0.012602,0.014253,0.005368,2.655,0.003785,0.002676,0.24,1.0877
3d9c8684-953f-4008-b355-b6104ee56a5b,Connor Mogle,M,8215,0.018810,0.000078,0.018731,0.007013,2.671,0.003311,0.002826,0.32,0.6884
05b194b3-db88-4f77-a26f-5ef5cfbf6146,Riley Newman,M,10621,0.023287,0.007435,0.015852,0.006453,2.456,0.003215,0.002785,0.22,0.9049
0c5b84bb-4c04-4906-86bc-deb533ff4eec,Zane Ford,M,11608,0.015133,0.002780,0.012352,0.005726,2.157,0.003032,0.002718,0.31,0.3825
41118195-75b3-4b25-adc9-07991301280a,Craig Johnson,M,3606,0.009455,-0.020723,0.030178,0.010083,2.993,0.002881,0.002952,0.25,0.4436
9b97206b-783a-4fab-85e9-45a6240325a5,Catherine Parenteau,F,24616,0.029334,0.021747,0.007587,0.004320,1.756,0.002778,0.002512,0.21,0.8946
88fb0858-b9c3-4620-9408-0dda0eb241ef,Tyler Loong,M,11938,0.005694,-0.005145,0.010839,0.005739,1.889,0.002682,0.002719,0.23,0.5987
461f063e-a587-4638-bad9-421ff33d91d7,Genie Erokhina,F,9563,0.004469,-0.008832,0.013300,0.006555,2.029,0.002678,0.002793,0.21,0.6853
3b609732-aeb8-49ef-af26-4321e6e0d151,Bryanna Ojeda,F,2205,0.010545,-0.023854,0.034399,0.013078,2.630,0.002121,0.003005,0.22,0.2759
b924b201-a7b1-4af5-83ef-d132c2d27008,Lara Giltinan,F,5138,0.012235,-0.002784,0.015018,0.008438,1.780,0.002057,0.002900,0.25,0.1738
3a43c56f-b9d8-4e72-ae8a-58fd69291946,Jack Sock,M,16651,0.013883,0.007673,0.006209,0.004850,1.280,0.002020,0.002604,0.20,0.8369
afc0bfc9-8cd8-4600-bd45-681092186db3,Vivienne David,F,7513,0.014677,0.003950,0.010727,0.007065,1.518,0.001991,0.002829,0.17,0.8795
759ecf95-26a6-4ffe-bb8b-035d3ec05f31,Matt Wright,M,8629,0.017411,0.006472,0.010939,0.007177,1.524,0.001980,0.002836,0.14,0.5527
dbcb41e9-e983-410b-bc23-d184d034cfc0,Tyson McGuffin,M,17373,0.013062,0.007581,0.005482,0.004629,1.184,0.001911,0.002569,0.19,0.6494
30d6d999-b324-4744-b08c-8309e83c57b0,Naveen Beasley,M,4734,0.010411,-0.002398,0.012809,0.008288,1.545,0.001844,0.002893,0.22,0.5955
fa8d5d28-d8f5-4996-8c35-0f4ca3c35bae,Anderson Scarpa,M,9266,0.005373,-0.003160,0.008534,0.006584,1.296,0.001802,0.002795,0.15,0.7082
7319013d-d511-4aa5-a356-4aa2cccf94f5,Lea Jansen,F,25237,0.018321,0.014082,0.004240,0.003977,1.066,0.001795,0.002439,0.17,0.7014
9a449e9c-69aa-4a48-8f28-217766ab25f7,Armaan Jiwa Mawji,M,2663,0.016114,-0.005746,0.021860,0.011470,1.906,0.001777,0.002981,0.22,0.3702
b03ff4de-9b8f-46a8-a530-d8f19e9d6ec9,Max Freeman,M,11029,0.010409,0.003129,0.007280,0.006099,1.194,0.001741,0.002755,0.16,0.6907
7cf93ef3-86b7-4bb4-937b-5b5dc4c72c32,Valerie R Simon,F,3977,0.000615,-0.015630,0.016245,0.010081,1.612,0.001688,0.002952,0.15,0.2434
20945292-032a-47f1-93c5-d44ada6e4783,Yufei Long,F,4252,0.031358,0.016691,0.014667,0.009526,1.540,0.001686,0.002937,0.17,0.6852
c3012322-e95e-4e38-a0d8-106f9e236869,Keilly Ulery,F,5446,0.011155,0.000198,0.010957,0.008109,1.351,0.001669,0.002885,0.20,0.2146
925c1306-6b3b-4510-8482-f34168a0842a,Roscoe Bellamy,M,14529,0.011673,0.006647,0.005026,0.004904,1.025,0.001657,0.002613,0.19,0.7114
2e0c0227-6e3e-43d5-8037-7f8bd0f9b935,Gabriel Joseph,M,10278,0.002137,-0.003598,0.005735,0.005425,1.057,0.001646,0.002683,0.27,0.3384
29e8121d-6f86-4192-b7af-ab05b77b89fe,Ting Chieh Wei,F,7868,0.010631,0.001959,0.008672,0.007112,1.219,0.001646,0.002832,0.15,0.7522
cd9ee524-11da-4099-805f-1f362f2bc468,Stevie Petropouleas,F,2832,0.008829,-0.013820,0.022648,0.012466,1.817,0.001612,0.002997,0.14,-0.0208
84bc805f-1c7a-4151-8c50-f3236805edea,Aanik Lohani,M,4419,0.000985,-0.012238,0.013223,0.009441,1.401,0.001569,0.002935,0.17,0.3717
1abf464c-e8fc-472b-b1c8-f42a5c1fc02a,Natalie Hur,F,2548,0.019317,-0.001636,0.020953,0.012217,1.715,0.001560,0.002993,0.16,0.4512
7bc3eb60-72a3-4ca7-bca7-c0dd8b9a42db,Chase Parker,M,535,0.033028,-0.023447,0.056475,0.020860,2.707,0.001526,0.003054,0.33,0.0203
f76f4ac5-e3cc-4fe6-a4bc-a968b8b991b1,Alex Walker,F,7610,-0.003002,-0.012517,0.009515,0.007987,1.191,0.001517,0.002880,0.10,0.4325
53eadec7-a6b1-4ce3-9825-d76affdc3f4f,Juan Varon,M,2515,0.029222,0.004047,0.025175,0.013761,1.829,0.001513,0.003013,0.12,0.5026
a91e2b68-7357-4518-baf9-f59b0b4c2477,Christopher Haworth,M,11688,0.024093,0.018628,0.005465,0.005635,0.970,0.001510,0.002708,0.17,0.6193
b4b00d3c-1974-48f2-b74e-9cf9faa04d69,Kevin Dayan,M,1401,0.020380,-0.010215,0.030595,0.015381,1.989,0.001495,0.003027,0.14,0.3813
f1151ea2-759d-4d9f-a5b9-5ccd966dc3ca,Hoang Nam Ly,M,2235,0.031229,0.012032,0.019196,0.012019,1.597,0.001490,0.002990,0.21,0.5422
3270dc72-53b7-4d35-aa4c-7f8b7b6bf905,Matthew Barlow,M,2723,0.018569,0.001717,0.016852,0.011197,1.505,0.001490,0.002976,0.18,0.5123
f3876a38-5d1b-4324-b7df-36423f638391,John Cangelosi,M,950,0.043795,0.000645,0.043149,0.018467,2.337,0.001486,0.003045,0.24,0.3662
79ee2d66-5ba3-47cc-bc43-f489a09d2d5a,George Rangelov,M,8757,0.009353,0.002069,0.007283,0.007034,1.035,0.001447,0.002827,0.14,0.3009
21787278-0f3a-4bcd-9d1f-e73deac5d400,Averry Chew,F,537,0.059274,-0.017395,0.076669,0.025335,3.026,0.001439,0.003065,0.12,0.3051
2a1c197a-eede-4639-9fbf-1133d648f7c7,Demetric Marrero Jr,M,1180,0.022751,-0.018170,0.040921,0.018376,2.227,0.001437,0.003045,0.11,0.1801
d57934e4-fe65-4168-8fd7-26da1b07cb2d,Michelle Murphy,F,1933,-0.000178,-0.021273,0.021095,0.012987,1.624,0.001433,0.003004,0.17,0.1536
cfb42bdb-d0a0-4fc7-b1ea-a77c40aff2d2,Mota Alhouni,M,8363,-0.002247,-0.008413,0.006166,0.006388,0.965,0.001429,0.002780,0.17,0.3653
e8e10ea8-2ff2-4155-9169-cc33ff8c6265,Rio Newcombe,M,5503,0.010623,0.000638,0.009985,0.008633,1.157,0.001418,0.002907,0.13,0.4129
0763ffeb-1b1f-41c5-ab37-d17b66e50b50,Phuc Huynh,M,2655,0.030059,0.009210,0.020848,0.013076,1.594,0.001406,0.003005,0.13,0.8298
cdb01e3a-b0e0-449b-a7c5-278127f2cd61,Mary McGowan,F,1324,0.023038,-0.013636,0.036675,0.017697,2.072,0.001396,0.003042,0.12,0.3341
6a00b494-cc3d-4cd5-9fbe-077bc6958972,Dennis Uspensky,M,995,0.049422,0.006680,0.042742,0.019308,2.214,0.001380,0.003049,0.16,0.3296
107fd341-2c28-4ae5-b7a2-162706c2fcb9,E. Elenga Satuala,F,934,0.009849,-0.020552,0.030401,0.016180,1.879,0.001379,0.003033,0.22,-0.0875
6876576c-b20e-47e3-99e4-d32759cc9f48,Patrick Kawka,M,2134,0.022257,-0.001747,0.024004,0.014371,1.670,0.001367,0.003019,0.10,0.6373
bf96031e-108d-4a37-810a-d43f63339231,Audrey Banada,F,3069,0.012738,-0.002714,0.015451,0.011362,1.360,0.001362,0.002979,0.12,0.3193
167e7a23-c919-460b-8586-a3966f588dcb,Hong Kit Wong,M,5491,0.021377,0.012163,0.009214,0.008492,1.085,0.001360,0.002902,0.15,0.4977
62955f38-bdf5-46af-9622-13c7afe90619,Jonathan Truong,M,6561,0.009760,0.000996,0.008764,0.008254,1.062,0.001358,0.002892,0.10,0.6515
d50310a6-9378-4228-823f-7fb54f7bd698,Gabriel Tardio,M,21659,0.022292,0.019067,0.003225,0.004200,0.768,0.001340,0.002488,0.12,1.0708
fb810271-770c-4165-8988-ab0723401bee,Harrison Gold,M,769,0.022699,-0.019764,0.042464,0.019624,2.164,0.001340,0.003050,0.20,0.1279
a92239e2-429d-4a0a-85b7-58cac29488ee,Jordan Chrysostom,M,3979,0.003681,-0.005999,0.009679,0.008846,1.094,0.001338,0.002915,0.18,0.2906
a6f57d71-bf90-48fc-b05b-abe66980a132,Mike Radermacher,M,1895,0.012686,-0.009743,0.022429,0.014273,1.571,0.001310,0.003018,0.11,0.3467
9bce3fcf-8e63-4ed7-b4a5-00e0063a618f,Ariana Rodriguez,F,1967,0.029397,0.001776,0.027621,0.016051,1.721,0.001296,0.003032,0.08,0.3198
646f7432-e6ad-4ccf-95ee-a0e5d9514d28,Alix Truong,F,11566,0.009897,0.004544,0.005353,0.006334,0.845,0.001288,0.002775,0.09,0.7944
99b25b49-2a51-412d-9fbf-e1b6804acce0,Camden Chaffin,M,4688,0.005499,-0.003620,0.009118,0.008823,1.033,0.001282,0.002914,0.14,0.5914
9120d7ec-1a7e-413a-82cf-0e29009175d5,Maximo Agoglia,M,860,0.048093,0.008025,0.040068,0.019630,2.041,0.001281,0.003050,0.17,0.0789
4025f403-d676-42ee-97a1-61d9b38c211b,Allison Phillips,F,7251,-0.004758,-0.011665,0.006907,0.007522,0.918,0.001271,0.002856,0.11,0.6435
6b432472-f73b-4f2b-b65d-5848657d117b,Amber Policare,F,2079,0.020997,-0.002017,0.023014,0.014800,1.555,0.001268,0.003022,0.11,0.3515
a70be599-8b9f-405d-9e10-f501b0046e74,Shannon Pretorius,F,3044,0.018223,0.005660,0.012562,0.010681,1.176,0.001266,0.002966,0.16,0.2545
ca3a3394-b5c4-4c95-9d31-910d4ce5bc9c,Brandon Fritze,M,665,0.030188,-0.010516,0.040705,0.020021,2.033,0.001260,0.003051,0.14,0.2998
db5eef5c-99dd-49d9-bbfc-65171a366bda,Anna Bright,F,20356,0.030072,0.026614,0.003458,0.004748,0.728,0.001254,0.002588,0.08,1.3267
aa0157dc-6eeb-48b9-b679-d5cd6b4a5237,Ryan Sherry,M,3667,-0.012286,-0.025067,0.012780,0.010875,1.175,0.001251,0.002970,0.11,0.1236
f2a996de-50a0-4d1d-b16f-f6450daa4a1e,Kelsey Laurente,F,2015,0.018223,-0.000679,0.018902,0.013503,1.400,0.001245,0.003010,0.14,0.5428
a067b12b-b26b-4a30-aed8-0f707c52beaa,Mark Dancuart,M,906,0.045877,-0.000910,0.046787,0.021861,2.140,0.001231,0.003057,0.10,0.5899
8f521dcc-1cb5-4c8d-933c-af6b267bd395,Meghan Dizon,F,13584,0.014212,0.009779,0.004433,0.005863,0.756,0.001215,0.002732,0.08,0.8478
8172788a-eec8-4064-90ee-a01dd09e2729,Jaikin Gomez,M,1965,0.006698,-0.008496,0.015194,0.012244,1.241,0.001211,0.002994,0.15,0.1974
a018902f-114c-4519-997c-4fdf52d4a0e1,Abbigal Hatton,F,2576,0.002617,-0.015341,0.017958,0.013421,1.338,0.001208,0.003009,0.08,0.3863
3e6b668a-8d26-4424-9420-3ceb18486b65,Daria Walczak,F,2021,0.011991,-0.007694,0.019685,0.014150,1.391,0.001202,0.003017,0.10,0.7092
dc69fcde-bcda-4441-8b66-a8bafeb12ded,Joel Poland,M,3105,0.008478,-0.005061,0.013538,0.011632,1.164,0.001192,0.002984,0.09,0.6002
9647bc45-f17b-43c8-9658-32448d4d95b9,Leah Tauber,F,1438,0.026499,-0.003986,0.030485,0.017990,1.695,0.001185,0.003043,0.08,0.4551
ff001002-a253-446f-bd52-cd12465ba8f8,Guangsian Lin,M,407,0.016178,-0.025843,0.042021,0.021303,1.973,0.001180,0.003056,0.30,0.1288
86e1b9d3-15ea-4b76-b488-d3135e78aa7c,Wade Heerboth,M,1440,0.018158,-0.002804,0.020962,0.014845,1.412,0.001178,0.003023,0.16,0.5984
1607a4f2-2592-4745-ba49-21bbeb199151,Sydney Sonday,F,2381,0.009207,-0.005364,0.014570,0.012222,1.192,0.001177,0.002993,0.13,0.3461
3d67b6d0-063e-466c-a475-7679d0764354,Austin Bricker,M,4347,0.009275,-0.001658,0.010933,0.010433,1.048,0.001176,0.002961,0.08,0.4743
f8b6b217-f9f8-4fd3-a71d-ae4dfcbb9c89,Ava Ignatowich,F,7554,-0.014634,-0.022007,0.007374,0.008338,0.884,0.001172,0.002895,0.08,0.0572
b6fe1237-b049-405c-a641-d57f8170a9a0,Albie Huang,F,4366,-0.002175,-0.009296,0.007121,0.008206,0.868,0.001165,0.002890,0.15,0.2853
719e2d3b-d10d-402d-a195-41f072214679,Isabella Dunlap,F,9014,0.014021,0.008902,0.005120,0.006713,0.763,0.001160,0.002805,0.11,0.7124
81535c8c-27d9-452c-a72a-61fc9f755b01,Will Mackinnon,M,3911,0.005505,-0.005508,0.011013,0.010603,1.039,0.001158,0.002964,0.09,0.5586
d8d51930-abf9-468b-9e43-55a9c0728d58,Anouar Braham,M,12883,0.008842,0.005359,0.003483,0.005151,0.676,0.001157,0.002648,0.14,0.4760
5106c31c-ea6c-49ba-81ca-b622b1d7afd1,Mackonner Dy,M,794,0.052448,-0.014179,0.066627,0.027494,2.423,0.001148,0.003068,0.08,0.1944
9d7b2972-477c-4cea-977d-f65f86dccac5,Parth Mody,M,2067,0.017336,-0.002237,0.019574,0.014630,1.338,0.001143,0.003021,0.11,0.3562
38fdc174-96d6-459f-a27c-df35eb9f945c,Ashley Griffith,F,5166,-0.000056,-0.007942,0.007885,0.008938,0.882,0.001128,0.002918,0.09,0.2712
fa7cb18f-9d87-4d49-bb43-5291b7201bd3,Jessica Ho,F,962,0.032687,0.004357,0.028330,0.018102,1.565,0.001114,0.003044,0.15,0.0545
825a7705-2296-4b6d-9a7c-e0669988d6c6,Cadell Traya,M,453,0.011936,-0.027928,0.039864,0.021650,1.841,0.001110,0.003057,0.27,0.2758
e838b7b5-ffd5-4a47-ac0b-f748dc6841d9,David Bieger,M,1641,0.021133,0.001709,0.019424,0.015213,1.277,0.001078,0.003026,0.11,0.5176
bca78de4-9ff3-4dba-b182-6765f2a40fcc,Neil Mediratta,M,718,0.034168,0.003384,0.030784,0.019419,1.585,0.001073,0.003049,0.15,0.0525
71b69208-128b-4395-beae-129689d36204,Willy De Vilchez,M,1607,0.017016,-0.001678,0.018694,0.015016,1.245,0.001067,0.003024,0.11,0.3086
5d73e0b9-a7f9-4521-961b-8d79742ee23f,Albert Wan,M,1060,0.024191,-0.013669,0.037860,0.021844,1.733,0.001057,0.003057,0.07,0.2335
04158680-ebb3-4554-96a1-500cc6d00882,Chloe Igleski,F,4646,-0.005336,-0.013829,0.008493,0.009826,0.864,0.001056,0.002946,0.08,0.4488
14da50fe-4769-4bc3-aa3c-5d2e8a8527c1,Court Zalinski,F,1167,-0.003161,-0.030463,0.027301,0.018515,1.475,0.001052,0.003045,0.10,-0.2015
1374dfe9-4573-4ab6-991d-16bed0a6d25c,Edward Perez,M,6985,-0.012391,-0.018013,0.005621,0.007760,0.724,0.001046,0.002869,0.09,0.2445
46f2280d-18d7-4589-9157-c5e6492099cd,Polina Libo,F,3406,-0.008384,-0.017927,0.009543,0.010615,0.899,0.001041,0.002965,0.11,0.1541
b35ed876-bcdc-4024-9746-fe1bcb3957f5,John Cincola,M,4518,-0.013686,-0.022011,0.008325,0.009845,0.846,0.001039,0.002946,0.08,0.4013
7464628e-931a-44c9-b0df-749a7cb32eaa,Adam Harvey,M,11143,0.002294,-0.001055,0.003349,0.005576,0.601,0.001032,0.002701,0.12,0.4740
12c765d0-8384-41d3-a498-de63fd7c37da,Naomi Nguyen,F,1579,0.008252,-0.013520,0.021771,0.016774,1.298,0.001025,0.003036,0.08,0.4091
22135bb3-55b3-404e-9853-ee3ea3b18a06,Kei Sawaki,F,1036,0.016753,-0.022910,0.039664,0.022938,1.729,0.001022,0.003060,0.07,0.0724
0dfe6dd7-dcc9-407b-a761-1cafc880401b,Erik Pailet,M,1918,0.012350,-0.004903,0.017253,0.014894,1.158,0.001020,0.003023,0.07,0.4270
1072c348-fd0a-4303-9dc3-be20c9736074,Jessica Jones,F,1156,-0.008128,-0.033106,0.024978,0.018171,1.375,0.001014,0.003044,0.09,-0.2865
52e042f4-517b-483d-a264-f2f3dfa3f940,Jimmy Terzian,M,610,0.007714,-0.032488,0.040202,0.023308,1.725,0.001010,0.003061,0.11,-0.1448
a498be96-114c-4857-9d60-4ff2a3e89434,Collin Shick,M,5906,0.009951,0.004460,0.005492,0.007933,0.692,0.001002,0.002877,0.10,0.4323
6a87bc44-5190-44db-8a2f-467de4de48c6,Christa Gecheva,F,6904,0.000665,-0.004326,0.004991,0.007495,0.666,0.000999,0.002855,0.09,0.4966
f0484f0e-f240-4b6f-9da5-b6dba3fa370e,Kenta Miyoshi,M,4329,0.004308,-0.002412,0.006720,0.008974,0.749,0.000999,0.002920,0.12,0.4293
b2188c16-8955-451d-8b6a-945a8907528f,Tom Evans,M,1583,0.004044,-0.014512,0.018556,0.015748,1.178,0.000997,0.003030,0.10,0.4427
ce4f0e14-80ea-4ed0-a81c-7341d356d427,Yuta Funemizu,M,2999,0.008912,-0.003499,0.012411,0.012700,0.977,0.000997,0.003000,0.07,0.7681
4214dfa2-6d13-43c3-b98b-f36e4556402d,Kayla Williams,F,1684,0.006072,-0.012694,0.018766,0.015888,1.181,0.000993,0.003031,0.09,0.3099
03db4060-fcb3-41f7-83d5-7ee732dd8841,Jade Rau,F,4422,-0.007088,-0.014262,0.007174,0.009369,0.766,0.000993,0.002932,0.10,0.2091
e96d9339-cfb6-473d-bcb3-23f2887a3e0f,John Lucian Goins,M,11430,0.011077,0.007980,0.003096,0.005466,0.566,0.000993,0.002688,0.12,0.6718
577d1124-44c9-435d-88e9-01a146f2d177,Eugenia Carolina Lopez Ascarate,F,456,0.034253,-0.026367,0.060619,0.029179,2.078,0.000990,0.003070,0.09,0.7066
b025eccb-868e-4ce6-a4db-c1082a288b59,Maddy Rasmusen,F,3667,0.006418,-0.003556,0.009975,0.011472,0.869,0.000974,0.002981,0.07,0.3906
26ef815c-33ef-404d-a3b8-f0a26c240109,Stephen Madonia,M,4124,-0.011476,-0.019275,0.007799,0.010010,0.779,0.000971,0.002950,0.08,0.2404
109b8cf8-56c9-4b40-9b16-e4326c55138b,Nguyen Thang,M,694,0.035786,0.003904,0.031882,0.021613,1.475,0.000953,0.003056,0.11,0.2422
e6129a52-f99b-4c66-be30-8f96d7635250,Andrew Angulo,M,761,0.023998,-0.017923,0.041921,0.024923,1.682,0.000951,0.003064,0.07,0.0964
23a8af5a-fed3-445d-99aa-1a5f69a05ff6,Brie Aldridge,F,1614,0.005053,-0.015553,0.020606,0.017280,1.192,0.000950,0.003039,0.07,0.0791
22989ac3-e778-487a-ba32-a30243acd294,Christine Trifunovic,F,1777,-0.015358,-0.033427,0.018069,0.016152,1.119,0.000948,0.003033,0.06,-0.1921
be33755f-9262-461b-aedd-e9a7a686a82c,Jackie Kawamoto,F,9140,0.012730,0.008555,0.004175,0.007019,0.595,0.000947,0.002826,0.06,1.0882
c4542ad5-6e33-408f-b457-75535f5bd72a,Adrian Garza,M,975,0.023021,-0.005402,0.028422,0.020679,1.374,0.000935,0.003054,0.10,0.0600
18dd2b8c-d93c-43eb-be75-a64bcf36f486,Julia Ronney,F,2558,-0.004470,-0.014662,0.010192,0.012037,0.847,0.000931,0.002991,0.10,0.1989
96fa4141-9648-475f-ab95-fb6796c2f489,Sam Weinbach,M,943,0.031830,-0.000797,0.032626,0.022400,1.457,0.000924,0.003059,0.06,0.4508
9ce32de7-16c9-4786-a7b0-8c1c2c623d69,Rafael Lenhard,M,7556,0.011164,0.007398,0.003766,0.006750,0.558,0.000918,0.002808,0.10,0.5266
f809c1c0-fbca-4d67-9c59-23b02cbf0128,Anni Xie,F,607,0.013821,-0.031495,0.045316,0.026709,1.697,0.000915,0.003067,0.07,-0.0100
67a8852b-b49d-4cb0-8ff0-1f4ddf644485,Amanda Hendry,F,1407,0.026467,0.007508,0.018959,0.017034,1.113,0.000915,0.003038,0.08,0.4165
9027b993-ee98-43bb-8cee-7f34112e2310,Jake Bower,M,1004,0.015922,-0.008496,0.024418,0.019503,1.252,0.000911,0.003050,0.14,0.2224
0a287886-b880-4c46-8c66-ea4d198a7eba,Pablo Copetti,M,436,0.080591,-0.026711,0.107302,0.041606,2.579,0.000908,0.003079,0.04,-0.1719
a0582749-fb23-42cc-98ed-1915464c4814,Luke Wasson,M,6009,-0.026279,-0.031003,0.004724,0.007923,0.596,0.000902,0.002877,0.09,0.2608
283c842a-ddbd-4e94-9922-ef3080f75ad3,Maksims Kazijevs,M,737,0.059347,0.014765,0.044582,0.026800,1.663,0.000902,0.003067,0.06,0.5275
1634183c-5c14-410a-a6dd-30b634f27c1a,Jasper Schaadt,M,1265,-0.005568,-0.024934,0.019366,0.017458,1.109,0.000900,0.003040,0.10,0.2210
b9bacc1e-29b5-4a92-a9c1-24e08ac72215,Sofia Sewing,F,1852,0.020173,0.004496,0.015678,0.015651,1.002,0.000897,0.003029,0.06,1.0173
ac8ceab0-87e0-4d34-8f30-ca2b5c01bbad,Keaten Kappes,M,1373,-0.003992,-0.023347,0.019355,0.017692,1.094,0.000884,0.003042,0.07,0.1764
3f523db3-f8c4-46c8-a54f-533d7220d27b,Kyle Goodburn,M,432,0.018644,-0.019605,0.038249,0.025196,1.518,0.000883,0.003065,0.11,-0.0922
98c2531f-f5ce-48b5-b251-eb69425d409c,Jillian Braverman,F,1348,0.027795,0.010295,0.017500,0.016885,1.036,0.000878,0.003037,0.07,0.7966
8ab984e9-62dc-438c-8151-6f6ed353bee6,Casey Markulike,M,612,0.006166,-0.020078,0.026244,0.020881,1.257,0.000877,0.003054,0.22,
c844b814-8025-407b-becf-3c96ea4b19a6,Preston Gordon,M,581,0.036416,-0.011594,0.048009,0.028566,1.681,0.000873,0.003070,0.06,0.3699
73820892-5991-4711-80c5-a2411025eb75,James Kaoma,M,2211,0.005408,-0.004545,0.009954,0.012549,0.793,0.000872,0.002998,0.10,0.3457
5d6ffa8c-1dd3-467d-82ab-f15f348a434f,Nasa Hatakeyama,M,1253,0.009326,-0.007132,0.016458,0.016449,1.001,0.000871,0.003035,0.11,0.0946
3f5b4c15-bf91-488f-bd3b-e4bb388f3728,Austin Oreilly,M,977,0.003020,-0.024228,0.027249,0.021424,1.272,0.000870,0.003056,0.08,-0.2738
f77a3228-78ba-4aa7-9b98-4b7513df0c71,Bryan Hammond,M,923,0.021203,-0.006880,0.028083,0.021866,1.284,0.000865,0.003057,0.09,0.1523
3ad652aa-3fdd-4e53-8f34-dfdedc3c1901,Christine Maddox,F,2637,0.009038,0.000110,0.008929,0.011940,0.748,0.000861,0.002989,0.10,0.5882
e02ba405-3969-4135-8be6-d320b09c4f3b,Salome Devidze,,6604,0.013839,0.009918,0.003921,0.007377,0.532,0.000858,0.002848,0.11,0.5358
b51ea0fb-c243-4427-85f8-b798febb51ff,Jorja Johnson,F,22320,0.022523,0.020520,0.002003,0.004563,0.439,0.000850,0.002557,0.06,1.1731
6628bcaa-36ae-4ece-8446-e8bc1b2e33e6,Natnicha Lueangtawikit,F,564,0.016433,-0.029148,0.045580,0.028454,1.602,0.000849,0.003069,0.07,-0.1722
55dbee1f-1ee7-464b-9c80-d14cd9e44b8d,Carlos Di Laura III,M,2973,0.002339,-0.007727,0.010065,0.012922,0.779,0.000848,0.003003,0.06,0.4574
b8339aa2-dc4f-47be-963e-6f6bf373562d,Devon Sikora,M,427,0.005310,-0.053904,0.059214,0.032602,1.816,0.000845,0.003074,0.07,-0.0080
ecd31a05-120f-4373-b5c1-21136f8f0bf1,Braden Jacobson,M,2980,-0.005705,-0.013405,0.007701,0.011225,0.686,0.000841,0.002977,0.08,0.3338
ce7e7707-c94e-4d33-b34a-37efe3363774,Eli Steiner,M,3877,0.006722,-0.001112,0.007834,0.011343,0.691,0.000840,0.002979,0.06,0.4580
4553e8f7-d51d-41cd-bc23-752742441bff,Garrison Eaby,M,2422,0.012769,0.000661,0.012108,0.014438,0.839,0.000837,0.003019,0.06,0.3224
7cb07784-a295-4038-b712-ec86ecd70c39,Michelle Esquivel,F,2478,-0.004670,-0.015464,0.010794,0.013582,0.795,0.000837,0.003011,0.06,0.6177
32018d74-5317-44e7-a0c9-529f8d35eb6c,Courtney McIntosh,F,534,0.004647,-0.020234,0.024881,0.021249,1.171,0.000830,0.003055,0.15,0.2696
5046c75e-a79b-4902-8d4a-d92bd3c58e9b,Aryaan Bhatia,M,1623,-0.000508,-0.013976,0.013469,0.015471,0.871,0.000826,0.003028,0.08,0.3531
78a3a6aa-7466-4741-9247-1d6636afcff9,Cheyenne Jones,F,437,-0.001008,-0.038562,0.037554,0.026415,1.422,0.000824,0.003067,0.09,-0.1263
d5d2a4dc-fb77-4686-8f63-d75694831b5c,Karthik Ganesh,M,1067,0.002090,-0.017688,0.019778,0.019115,1.035,0.000817,0.003048,0.08,0.3440
0c557fe1-ed48-43e7-8942-9e0e32e2e427,Hilary Toole,F,685,0.006049,-0.029235,0.035285,0.025900,1.362,0.000812,0.003066,0.08,-0.0663
a9782e86-e5ae-46d3-9194-ac89fdaed622,Alexander Crum,M,4902,0.008507,0.003441,0.005066,0.009122,0.555,0.000810,0.002925,0.08,0.1599
22839b0d-41bf-4830-8f1e-0da170ebc723,Haley Ferguson,F,1021,-0.010372,-0.030761,0.020389,0.019613,1.040,0.000807,0.003050,0.06,0.1463
20684550-cb89-4ea2-9e2f-0f44eb920b45,Chao Yi Wang,F,16213,0.008844,0.006734,0.002109,0.005058,0.417,0.000807,0.002635,0.07,0.8588
a65a8877-2c30-4964-8b0c-52e92ecfab5c,Sophie Abrams,F,957,0.021396,-0.005933,0.027330,0.022848,1.196,0.000806,0.003060,0.06,0.4288
f39e2a8d-d7b6-4b66-bfeb-468b82870920,f39e2a8d,,1189,-0.011476,-0.029063,0.017587,0.018200,0.966,0.000805,0.003044,0.09,
738bfd67-8a18-461d-a4c2-f46a1ba6b1da,Ryan Ali,M,407,0.041503,-0.007362,0.048865,0.031067,1.573,0.000797,0.003072,0.07,0.3822
1f90b0ab-f6eb-4b7c-b500-ac374c978857,Noah Torres,M,921,-0.011725,-0.033321,0.021596,0.020578,1.049,0.000790,0.003053,0.09,-0.3070
64698ef9-a6f7-409d-b416-4892308af978,Alex Neumann,M,2653,-0.001992,-0.010395,0.008403,0.012462,0.674,0.000789,0.002997,0.09,0.3714
dee643dc-920a-42e7-9596-7052f08cd4e8,Jamie Voelker,F,881,0.010181,-0.010718,0.020899,0.020260,1.032,0.000789,0.003052,0.09,0.2280
64e104e8-d388-4d03-9eb9-e3f836ef942c,Tia Elpusan,F,598,0.020459,-0.013855,0.034314,0.026234,1.308,0.000786,0.003066,0.05,0.4717
d0f19d1e-2a6e-4eb3-b10c-1311edd599a8,Will Howells,M,4092,0.016993,0.011619,0.005374,0.009728,0.552,0.000784,0.002943,0.07,0.7824
146dd2f7-7f5d-495d-b2f1-96d433742fec,Eduardo Santini Ayon,M,3995,0.002182,-0.003035,0.005218,0.009717,0.537,0.000771,0.002943,0.08,0.3353
437c71fe-2e32-4ba4-b053-96e21195fe4b,Yu-Chieh Hsieh,F,1245,0.031204,0.007052,0.024152,0.022285,1.084,0.000771,0.003058,0.04,0.5034
1d5698ad-f0a1-4ff7-8321-6c166069946e,Pally Ray,M,2266,-0.001210,-0.008779,0.007569,0.012039,0.629,0.000769,0.002991,0.08,0.1701
14c4c96f-0a49-4d07-b16d-f6cb782491f4,Kentaro Hamaguchi,M,1996,0.007931,-0.003081,0.011012,0.014883,0.740,0.000763,0.003023,0.06,0.2793
cecffdc0-29ee-46c0-9832-2dbe04700307,Nejc Sitar,M,969,0.017625,0.001780,0.015845,0.018071,0.877,0.000762,0.003043,0.08,0.4575
655e0349-7e66-4233-b999-b6cca2298f9b,Yana Newell,F,484,0.067082,0.011636,0.055446,0.034455,1.609,0.000761,0.003075,0.04,0.8122
ad27fa70-ef8e-493c-8871-caf9afce0801,Dave Weinbach,M,619,0.021969,-0.004378,0.026346,0.023680,1.113,0.000757,0.003062,0.07,0.2512
9124e6bd-6a6e-4026-9256-90277ca91c1c,Kace Heiner,M,566,0.027115,-0.002708,0.029824,0.025241,1.182,0.000757,0.003065,0.09,-0.0143
34049405-b415-4f3a-aade-5be0111ac7db,Bruno Faletto,M,1224,0.019242,0.002337,0.016905,0.018888,0.895,0.000754,0.003047,0.06,0.7820
3760b164-aabd-4893-b5a1-91a4eef558c1,Callan Dawson,M,3235,0.008833,0.002747,0.006086,0.010855,0.561,0.000753,0.002970,0.07,0.5266
e8dcdb9a-872b-45cd-8338-f2746bc0a0b1,Mikus Losbergs,M,926,-0.000339,-0.019168,0.018829,0.020048,0.939,0.000751,0.003052,0.08,0.6047
47cdc6f5-3e06-4249-adde-f588681bb483,Maria Klokotzky,F,1477,-0.001267,-0.012973,0.011706,0.015754,0.743,0.000743,0.003030,0.08,0.2635
ff38654d-daae-4bad-a1a7-690e4e5706eb,Connor Garnett,M,24044,0.010242,0.008849,0.001392,0.003847,0.362,0.000741,0.002408,0.08,0.8096
fd565e56-6223-4ef0-882e-02346e7e0573,Brooke Caruso,F,2169,-0.005403,-0.014591,0.009188,0.013918,0.660,0.000738,0.003014,0.05,0.3070
fb8a1763-24f4-43e5-b7aa-0004402dd4a7,Danna Funaro,F,2507,-0.005726,-0.013154,0.007428,0.012399,0.599,0.000737,0.002996,0.07,0.2159
1bab49f1-6891-4d3e-8f77-42aa4fc1d18e,Mohaned Alhouni,M,11819,-0.000334,-0.002357,0.002024,0.005465,0.370,0.000734,0.002688,0.08,0.6037
a552ba50-5178-4107-aec6-ab9c0a0989b3,Aizec Olson,M,458,0.010253,-0.021686,0.031939,0.027041,1.181,0.000729,0.003068,0.08,-0.0153
404094a4-c65d-4e15-8023-f025ac226e30,Riley Bohnert,F,527,0.034812,-0.010124,0.044935,0.032235,1.394,0.000728,0.003073,0.04,0.5289
5a2bcefc-c495-4a2d-b3cc-03b6cdecd84f,Xiao Yi Wang-Beckvall,F,1811,0.014222,0.002432,0.011790,0.016147,0.730,0.000726,0.003033,0.05,0.4564
98a49104-fb01-4da7-9a76-6c4c11fcd52f,Brad Weston,M,930,0.026326,0.005208,0.021118,0.022065,0.957,0.000721,0.003058,0.08,0.2057
0517f4a6-2648-470e-a9ff-8cf78eee3421,Connor McCartney,M,3359,-0.007637,-0.013159,0.005522,0.010741,0.514,0.000719,0.002967,0.08,0.1586
cc970ae2-c153-440d-bead-b105528bc74c,Ying Suet Lam,F,760,0.005707,-0.011439,0.017146,0.019938,0.860,0.000716,0.003051,0.10,-0.2560
23becc4a-36a4-4854-884e-d2efa8998955,Ana Gordon,F,636,-0.002394,-0.027367,0.024974,0.024244,1.030,0.000715,0.003063,0.07,-0.0570
220e3821-0cac-4fce-a722-a079a5359262,Casey Garretson,M,837,0.004432,-0.011863,0.016295,0.019521,0.835,0.000712,0.003050,0.08,0.3358
5925398b-b2a9-4e8f-ae46-5c2b59b1b818,Nicole Conard,F,7927,-0.004961,-0.007774,0.002812,0.007216,0.390,0.000707,0.002839,0.06,0.3319
33fd646f-21cf-4475-a4e1-5064b97b5917,Athilla Miasara Bt Azizul Azhar,F,921,-0.010260,-0.032134,0.021874,0.022930,0.954,0.000706,0.003060,0.05,-0.3366
c3066b2d-fc90-4774-a571-cde5fc5583d4,Chloe Diskin,F,2104,0.000219,-0.009273,0.009492,0.014830,0.640,0.000703,0.003023,0.06,0.3322
c18fb17d-e0bb-415c-901b-fa2f928ab22c,Harsh Mehta,M,848,0.015159,-0.005080,0.020239,0.022111,0.915,0.000703,0.003058,0.06,0.7005
8c94d7b2-0dce-455e-916f-e35927d53547,Thomas Yu,M,2898,0.020622,0.013901,0.006722,0.012365,0.544,0.000698,0.002996,0.06,0.7057
5fc11785-edc1-4fca-a4eb-d71cc0d36483,Patrik Kevin Tsati-Onla,M,585,-0.007083,-0.026043,0.018960,0.021599,0.878,0.000695,0.003056,0.14,-0.1111
67374341-3f7d-4434-95fe-7b6e826e6ca4,Kevin Dong,M,445,0.020554,-0.013118,0.033672,0.029079,1.158,0.000694,0.003070,0.06,0.1975
9e500bd3-b4ff-449e-81fe-9ef54d091dbc,Sarah Ansboury,F,1599,-0.013124,-0.026917,0.013793,0.018497,0.746,0.000687,0.003045,0.03,0.1646
6f149538-c6f6-4ad5-9e60-2afc100f97c1,Spartak Rahachou,M,5757,-0.009886,-0.012893,0.003007,0.007785,0.386,0.000687,0.002870,0.08,-0.1488
5c817399-aea7-481d-9a83-aab7431eabc1,Alex Emery,M,1078,0.029499,0.011289,0.018210,0.021400,0.851,0.000687,0.003056,0.05,0.6924
a6a6dbc3-d022-414c-a149-542368879e60,Kyle Borawski,M,802,-0.016221,-0.039177,0.022956,0.024246,0.947,0.000683,0.003063,0.06,-0.3596
cf3075f9-4fa3-4325-84dd-fc2787bfa574,Chris Cooprider,M,458,0.046463,-0.021260,0.067722,0.042065,1.610,0.000683,0.003079,0.04,0.2662
c7e5faaf-722e-43ea-a652-316dde5de973,Landon Ivey,M,419,0.034952,-0.013983,0.048935,0.035769,1.368,0.000682,0.003076,0.05,-0.0010
153e1bc5-0211-453c-8c08-fb20f600f3d1,Kevin Ma,M,585,-0.000233,-0.019678,0.019445,0.022405,0.868,0.000678,0.003059,0.12,-0.0088
1bb4e304-37c1-43eb-b223-6eb45ab3b78a,Madeline Schulte,F,2753,-0.022714,-0.031054,0.008340,0.014325,0.582,0.000678,0.003018,0.04,0.1100
2e0acd0d-95a3-49c3-8648-720ed0fbc7d5,Lingwei Kong,F,9501,-0.004822,-0.006983,0.002160,0.006318,0.342,0.000676,0.002774,0.06,0.5361
07aabe65-d0a6-4599-9ebf-48683b900917,Madison Wold,F,634,-0.016736,-0.043209,0.026473,0.026349,1.005,0.000676,0.003067,0.05,0.1410
9c9c45e5-6fb8-4f4f-a85e-16cebb11972d,Andi Godwin,F,1113,-0.011555,-0.025548,0.013994,0.018959,0.738,0.000675,0.003047,0.05,-0.2108
8dc3bdb2-da18-42be-b105-3a9461014456,Frankee Hendricks,F,438,0.006673,-0.032921,0.039595,0.032444,1.220,0.000674,0.003074,0.06,-0.1897
d0d6d65c-6a52-4676-8c71-281d29a8db01,Harrison Brown,M,774,0.017450,-0.008815,0.026265,0.026347,0.997,0.000673,0.003067,0.05,0.2227
1d775d93-6cbb-4ed0-addc-244a46d15aae,Louise Kwong,F,1475,-0.012419,-0.020836,0.008416,0.014515,0.580,0.000672,0.003020,0.10,-0.1754
53cffd68-8c08-4ad7-88fd-a72ee20d716e,Marisa Ruiz,F,1182,0.002473,-0.008068,0.010540,0.016392,0.643,0.000672,0.003034,0.08,0.5187
f51d6dfa-5101-49d8-aea5-269e481e1918,Helen To,F,2519,-0.003831,-0.012297,0.008467,0.014615,0.579,0.000670,0.003021,0.05,0.3467
6866df42-48ad-423c-9e57-d7d4d6fb66ef,Vanshik Kapadia,M,900,0.014088,-0.004057,0.018145,0.021934,0.827,0.000668,0.003057,0.06,0.7820
49d53a66-df0a-4419-892e-0fe6c788391e,Wendy Weston,F,1018,-0.017265,-0.031387,0.014122,0.019320,0.731,0.000666,0.003049,0.05,-0.1772
b1254256-f3ac-46db-b28c-4dd0c6955ea0,Eileen Wang,F,880,0.009582,-0.003789,0.013371,0.018791,0.712,0.000665,0.003047,0.09,0.3262
c84377c6-b0ca-42dd-bc1a-2fd3d3c4ef9f,Ryan Torresin,M,1422,0.013104,0.002011,0.011092,0.017155,0.647,0.000660,0.003039,0.05,0.5831
d93f56ce-61cc-477d-a26c-17d04e53b2ff,Anna Lenhart,F,605,-0.003006,-0.025863,0.022856,0.025169,0.908,0.000656,0.003065,0.06,0.1325
a000a067-1bf1-442f-a961-e6c97cb50006,Nicolas Acevedo,M,2225,0.014448,0.008206,0.006243,0.012632,0.494,0.000656,0.002999,0.06,0.8422
c739088c-4a93-4960-b11e-fd8f5769cc6e,Ivana King,F,428,-0.008229,-0.040614,0.032385,0.030224,1.071,0.000653,0.003072,0.06,-0.2909
8d4ab63d-f14c-4013-a97a-3789015b9bd8,Tatiana Ruhl,F,2201,-0.013817,-0.022786,0.008970,0.015505,0.579,0.000652,0.003028,0.04,0.0635
585c0024-286f-4489-ab4e-ab713ed71252,Ryan Dawidjan,M,465,0.032519,-0.010231,0.042749,0.034954,1.223,0.000650,0.003076,0.04,0.2685
649a30be-e691-4be4-8677-b9a55699f2b8,Ivy Tschetter,F,742,0.001371,-0.020947,0.022318,0.025134,0.888,0.000649,0.003064,0.05,0.1283
c2c74ae6-6b11-4a40-80e6-b7b924d2d83f,Matthew Finnerty,M,5758,0.002716,-0.000209,0.002925,0.008157,0.359,0.000648,0.002888,0.08,0.1569
581520bf-6bd3-4c66-9ee3-756f955ec968,Rob Cassidy,M,2111,-0.000079,-0.008844,0.008765,0.015416,0.569,0.000648,0.003027,0.04,0.3805
b7d11f0e-5b35-452b-8da3-c6b8a03caf6d,Sarvinoz Saidhujaeva,F,487,0.011578,-0.028972,0.040550,0.034318,1.182,0.000645,0.003075,0.04,-0.0144
6382a284-3db4-4d37-ac8a-2234c250bc81,Amrik Donkena,M,1167,0.003471,-0.005751,0.009221,0.015931,0.579,0.000644,0.003031,0.08,0.3600
52726ab1-2ac9-46c0-be90-6b0e7a2d56eb,Pablo Tellez,M,17318,0.005033,0.003675,0.001359,0.004624,0.294,0.000642,0.002568,0.06,0.6926
3d81052b-beb5-43a8-9941-a5595a0be3c8,Brianna Kemp,F,448,0.013648,-0.018571,0.032218,0.030690,1.050,0.000642,0.003072,0.05,0.2307
cab31252-5e1f-4e1a-962c-a878c5878625,Iker Tomas,M,473,0.015532,-0.023922,0.039455,0.034157,1.155,0.000639,0.003075,0.06,-0.0328
d45a3391-82f4-45d0-ba66-f1901854a8d0,Darrian Young,M,8254,-0.007361,-0.009651,0.002290,0.007048,0.325,0.000639,0.002828,0.05,0.5220
941ee654-0687-490d-b570-8e779ceff2ac,Florencia Rossi Luqur,F,567,0.014161,-0.017434,0.031595,0.030664,1.030,0.000636,0.003072,0.04,0.4141
435e466e-22c7-4917-8cb4-ff45bbccde19,Tamaryn Emmrich,F,7145,-0.001090,-0.003540,0.002451,0.007464,0.328,0.000633,0.002853,0.05,0.4472
e18b2cb6-ae9b-4175-8947-697eabf80061,Mark Growcott,M,873,0.019499,0.002165,0.017335,0.022702,0.764,0.000631,0.003059,0.04,0.4149
d708aae7-c00c-47dc-9931-dad8216076c6,Leander Lazaro,M,686,0.003945,-0.011188,0.015133,0.021179,0.715,0.000630,0.003055,0.08,0.5356
c2a65079-49d6-4023-a03f-a97bc3be3bf8,Daniel Jensen,M,2567,-0.026079,-0.030788,0.004710,0.011242,0.419,0.000630,0.002977,0.07,0.2861
d36e9231-a965-46ae-9a8a-7ce05416805c,Joshua Reason,M,1766,0.004597,-0.004347,0.008944,0.016168,0.553,0.000625,0.003033,0.06,0.1980
43a35ec2-3d7a-4c6f-b412-cac02d237a46,Vritti Sethi,F,649,0.018040,-0.014986,0.033027,0.031993,1.032,0.000624,0.003073,0.03,0.2836
d43db93c-6710-4a18-a406-497eb7a068ce,Spencer Smith,M,5006,-0.014192,-0.017191,0.002999,0.008695,0.345,0.000622,0.002910,0.06,0.4808
eb88338a-8029-4801-9a7f-e4d48c9b5d83,Domenico Geminiani,M,1870,-0.006176,-0.011630,0.005454,0.012398,0.440,0.000622,0.002996,0.09,0.4533
b2039d85-3a1f-492c-ad0b-b532a7d89989,Alec Lamacchio,M,580,0.001546,-0.016083,0.017629,0.023288,0.757,0.000621,0.003061,0.08,0.5574
c2a34b34-0ed2-4d7d-8ec9-3b0cd3d9233b,Randy Blanco,M,575,0.033978,0.005305,0.028673,0.030045,0.954,0.000618,0.003071,0.03,0.6376
9949cb55-32d2-4707-8da2-34af35bf6a37,Jesse Witten,M,658,-0.022690,-0.033501,0.010811,0.018119,0.597,0.000618,0.003044,0.12,0.0648
08208add-da5e-4a73-adb0-f1a86bf28153,Alex Guy,M,803,0.002474,-0.010350,0.012825,0.019892,0.645,0.000616,0.003051,0.07,0.2355
3864ce4f-1fda-45cd-9bfd-4a6cb6ba069b,Will Lieberman,M,467,0.037426,-0.003180,0.040606,0.036181,1.122,0.000613,0.003076,0.04,0.0455
cfca938e-f09c-4712-bb3f-2b88df706c8c,Nhật Minh T,M,521,0.023978,-0.012142,0.036120,0.034179,1.057,0.000612,0.003075,0.04,0.0608
c58f8822-c9f6-4480-90f7-09ec5b810736,Mia Turcsany,F,959,-0.014913,-0.029011,0.014098,0.021079,0.669,0.000611,0.003055,0.05,-0.1173
45596674-36ae-4768-b4ee-c7181d9b2ea7,Sammy Lee,M,2287,0.010616,0.004845,0.005771,0.013080,0.441,0.000610,0.003005,0.06,0.4641
86215655-2f12-4285-b988-ace97b983003,Dylan Kato,M,610,-0.003351,-0.023405,0.020054,0.025415,0.789,0.000609,0.003065,0.07,0.1352
77deb777-2c7f-42a3-9ed0-856a13d4e3cc,Hsieh Chen-An,M,1322,-0.012498,-0.021443,0.008945,0.016700,0.536,0.000607,0.003036,0.06,0.0665
55ed7e0a-ff2d-4ac2-aad6-b6772ef4f448,Layne Sleeth,F,7549,0.001870,-0.000667,0.002537,0.008054,0.315,0.000606,0.002883,0.04,0.7881
c28e1a62-b0af-4336-8d1c-8b77a210b705,Andre Feliz,M,596,0.012087,-0.005398,0.017485,0.023814,0.734,0.000606,0.003062,0.06,0.6286
bc7b2475-e580-4734-bc14-814a153bec5d,Pesa Teoni,M,7728,-0.021402,-0.023783,0.002382,0.007738,0.308,0.000605,0.002868,0.04,0.3646
72781a5b-7e26-47ae-a581-625e4fa96099,Hudson De Risi,M,1328,-0.013277,-0.025219,0.011942,0.019614,0.609,0.000603,0.003050,0.04,-0.4480
c5a54559-45bd-4816-9db0-9646a9926969,Jaxon Madsen,M,1498,0.002275,-0.008244,0.010519,0.018385,0.572,0.000602,0.003045,0.06,0.1713
9149113f-4ec3-4a41-924b-4c42d33754a5,William Sobek,M,451,0.057872,0.004753,0.053119,0.042461,1.251,0.000600,0.003079,0.03,0.1060
7867cc51-11d1-471f-a8bb-9d8370b6a698,Nicholas Wade,M,1946,0.003643,-0.002213,0.005856,0.013516,0.433,0.000596,0.003010,0.06,0.4000
fb9360bc-8a5e-4a54-a460-5a4d4541ac81,Marie Lutz,F,591,0.002124,-0.020861,0.022984,0.028004,0.821,0.000594,0.003069,0.04,0.0559
7bee4b61-53bf-41c1-a04f-1be4ade890ad,Sabrina Palavra,F,760,-0.015289,-0.039756,0.024466,0.028983,0.844,0.000593,0.003070,0.03,-0.2278
62865128-f55c-4c57-a35e-30834e4439b8,Bassem Kheireddin,M,917,0.002239,-0.008724,0.010964,0.019123,0.573,0.000592,0.003048,0.06,0.3802
a226291c-c48b-408b-a846-f45400d313a9,Alexa Schull,F,2206,-0.001064,-0.006934,0.005870,0.013692,0.429,0.000590,0.003012,0.05,0.6499
08b6b1ca-9a89-4678-b5e5-5b76dc994f64,William East,M,610,0.009616,-0.010650,0.020266,0.026454,0.766,0.000590,0.003067,0.06,-0.1229
15e0c195-7c57-48f3-8f90-ae4152e0d797,Preston Engel,M,522,0.024733,-0.003998,0.028731,0.031641,0.908,0.000590,0.003073,0.05,0.1712
c5964640-5d39-4c95-b6a4-7a1faeda89a6,Amanda Rosati,F,1327,0.009019,-0.000110,0.009129,0.017482,0.522,0.000588,0.003040,0.05,0.2682
f90428f0-e4a3-4a08-a664-518ba7f188d2,Jack Munro,M,1339,0.017671,0.005883,0.011788,0.020073,0.587,0.000587,0.003052,0.04,0.8066
dca3335c-a2fa-4863-b26c-a2e587de7534,Maebry Jones,F,636,-0.002390,-0.019337,0.016947,0.024307,0.697,0.000586,0.003063,0.05,0.0734
8ad8769e-9ecc-41dd-804f-b84e3ef90593,Sarah Hua,F,1197,0.001589,-0.008104,0.009693,0.018187,0.533,0.000584,0.003044,0.05,0.3975
2e858abd-e6cb-4a07-b6ea-fd6ca01556ae,Rachael James,F,1902,0.007861,-0.001457,0.009318,0.017873,0.521,0.000583,0.003042,0.03,0.5425
ebb2a1e0-7c6c-48a4-b994-e81edd8ddb97,Patrick Smith,M,4461,-0.002223,-0.005027,0.002804,0.009155,0.306,0.000575,0.002926,0.05,0.3737
5a48d9fe-f61f-436f-9451-cd3b0bbda6d8,Nicholas Maleganeas,M,493,0.027640,-0.005936,0.033575,0.035260,0.952,0.000575,0.003076,0.03,0.1329
7861bba3-cb5d-4afa-b096-061e87e03055,Tiffany Ash,F,407,0.010800,-0.029486,0.040286,0.038711,1.041,0.000575,0.003078,0.03,-0.0264
f879086b-e0e5-4772-b0a6-4055c265da69,Tina Pisnik,F,15011,0.009405,0.008000,0.001406,0.005639,0.249,0.000572,0.002708,0.04,1.1255
e813ca8d-346f-4071-a933-4df20663f624,Sarah Mulhern,F,883,0.005717,-0.005978,0.011695,0.020638,0.567,0.000571,0.003054,0.06,0.2328
33e8c243-d1a8-4821-89cf-e15bf003e6f4,Ryan Skufca,M,854,0.024472,0.005630,0.018842,0.026462,0.712,0.000571,0.003067,0.03,0.2449
ba813c27-91c4-4441-88a0-e9b36e5e1e9b,Nguyen Hung Anh,M,669,0.018078,0.006811,0.011267,0.020252,0.556,0.000571,0.003052,0.10,0.1236
53b056f9-095a-40fa-881d-142629905f8a,Luana Stanciu,F,3891,-0.024551,-0.027952,0.003402,0.010423,0.326,0.000570,0.002960,0.05,0.1120
77f2d09e-1f09-4be1-9e74-5944b02bfb05,Trevor Schwarzmann,M,1202,-0.000427,-0.012423,0.011996,0.021080,0.569,0.000567,0.003055,0.04,0.1393
1b5c8cc6-0e5c-4085-a51d-3464584f192b,Lorna Morris,F,676,-0.013749,-0.030234,0.016485,0.024905,0.662,0.000567,0.003064,0.06,-0.4572
89647b43-f3f5-49e6-896f-614f0175a3f5,Jackson Ayotte,M,4229,-0.003926,-0.006522,0.002596,0.008975,0.289,0.000563,0.002920,0.07,0.3267
c9430b3c-4b29-4c09-bceb-1649e4bd3324,Mariano Yeh,M,502,0.000188,-0.018298,0.018487,0.026775,0.690,0.000560,0.003067,0.07,0.4813
315153f1-6830-49ac-9b35-8a68b82d120d,Jack Foster,M,1985,0.015155,0.009150,0.006005,0.014800,0.406,0.000559,0.003022,0.06,0.1052
fbdf1ac9-91bb-4e08-9968-eb41344fd08a,Connor Daland,M,474,-0.009934,-0.030983,0.021049,0.028959,0.727,0.000555,0.003070,0.06,-0.2713
44d043e4-e81d-4496-b9fa-d01f47dfbc10,Gavin Nickerson,M,577,-0.008930,-0.025508,0.016578,0.025961,0.639,0.000549,0.003066,0.05,-0.0500
28df3b18-505d-45b2-ad6d-c773c0dbd0b1,Breaden Brooks,M,642,-0.017550,-0.034851,0.017301,0.026645,0.649,0.000547,0.003067,0.04,0.1156
469e5fa1-ea76-4286-bdf8-ddd2d18aab5a,Emma Van Hee,F,1383,-0.001686,-0.007863,0.006177,0.015557,0.397,0.000544,0.003028,0.06,0.3420
efedfcd1-7638-4c6e-8225-fea7f8d40031,Victoria Simon,F,2439,-0.010469,-0.015667,0.005198,0.014189,0.366,0.000542,0.003017,0.04,0.2563
2177a8cd-bc2d-4dfd-a6ed-e80eb7bf1cc6,Luke Williams,M,578,0.008519,-0.011253,0.019772,0.029037,0.681,0.000539,0.003070,0.04,0.4573
2c4de762-88d6-47c3-8b2b-af562c5d1f93,Danni-Elle Townsend,F,3720,0.015721,0.012357,0.003365,0.011155,0.302,0.000538,0.002976,0.04,1.0217
875df336-1f62-4929-896e-8f458591d636,Zack Taylor,M,806,0.011232,0.002106,0.009126,0.019574,0.466,0.000536,0.003050,0.07,0.2204
92b20d3a-70c5-453e-8b2d-38c1c552b693,Edward Kim,M,750,-0.012897,-0.025087,0.012191,0.022847,0.534,0.000535,0.003060,0.05,0.0162
b43c46a3-0b98-4fdb-aa93-6c3982761aeb,Rob Hutchins,M,589,0.002795,-0.008099,0.010895,0.021578,0.505,0.000534,0.003056,0.08,0.0468
73c5d397-f260-441e-b3ef-c4afc9755e59,Matthew Sah,M,715,-0.008573,-0.019194,0.010621,0.021327,0.498,0.000533,0.003056,0.07,0.1893
5111e47d-5ce8-4384-bea6-da14612074b7,Zhe Chen,F,400,-0.012589,-0.037532,0.024943,0.033259,0.750,0.000532,0.003074,0.04,0.1457
9d55617e-fe7a-4d1c-8bda-3637647ff5cc,Jonny Pickleball Andrews,M,2300,-0.030004,-0.036134,0.006131,0.016111,0.381,0.000528,0.003032,0.03,-0.0217
1dcfe215-9845-4590-9432-8a3087e748af,Brittany Levkulich,F,827,-0.015923,-0.030765,0.014842,0.025863,0.574,0.000526,0.003066,0.03,-0.0296
da9631ef-607d-48b6-a8d1-1915057b4741,Davis Daniel Carvalho,M,439,0.026101,-0.005016,0.031117,0.037846,0.822,0.000526,0.003077,0.03,0.3491
3e8953cb-da1b-4b21-8eea-bce935d32247,Pham Xuanvu,M,691,0.019515,0.006221,0.013294,0.024548,0.542,0.000524,0.003063,0.06,0.1380
90b27004-f6bd-4a12-9cfa-acde87301310,Joel Cassens,M,521,0.021689,-0.004476,0.026166,0.034941,0.749,0.000522,0.003076,0.02,0.2533
4adbb03a-4a62-4a76-9a3a-c11357556ba9,Robert Stirling,M,824,0.009914,-0.002375,0.012290,0.023771,0.517,0.000521,0.003062,0.04,0.6022
cbd1cfb1-5a03-4181-bbbd-67689238cf50,Johan Nilsson,M,495,-0.002829,-0.018510,0.015681,0.026997,0.581,0.000520,0.003068,0.05,0.0762
5358928b-dc8d-431a-a57e-0c0236b09b35,Elizabeth Skufca,F,504,-0.003843,-0.029054,0.025211,0.034731,0.726,0.000517,0.003075,0.02,0.1038
beec73d2-edf7-49ee-a61a-94a016b5fa98,Chase Ruff,M,466,0.012204,-0.010703,0.022907,0.033225,0.689,0.000515,0.003074,0.04,0.1081
25572d77-114a-4f7b-9552-04c56a665d39,Guangmao Wang,M,562,0.000135,-0.016347,0.016482,0.028110,0.586,0.000515,0.003069,0.05,0.0734
8f6ef13f-89b6-460e-8583-c7e0bee9047a,Mario Barrientos,M,427,0.002213,-0.012582,0.014795,0.026715,0.554,0.000513,0.003067,0.06,0.5376
37a2a373-8d3e-4177-bf1b-e6c9eaa52f5e,Natalia Simson,F,1548,0.006745,-0.000866,0.007610,0.018880,0.403,0.000512,0.003047,0.04,0.0110
ebf07b70-cdce-4260-b30d-b8dc278c8975,Mickulas Ray,M,1072,-0.008129,-0.012869,0.004739,0.014836,0.319,0.000505,0.003023,0.12,0.0352
90264f6d-f165-4b60-86e5-451cf64f62ae,Emilia Schmidt,F,2224,0.001590,-0.002933,0.004523,0.014511,0.312,0.000504,0.003020,0.04,0.3908
5e3e0f33-bbb6-4c23-94c2-c92cfee744f6,Zandrix Acob,M,1592,0.008973,0.002190,0.006783,0.018157,0.374,0.000504,0.003044,0.04,0.2831
8af41b49-c25b-4103-bf60-fa36ab5fc278,Chase Ora,M,488,-0.006437,-0.020932,0.014495,0.027112,0.535,0.000503,0.003068,0.04,0.0215
df8c0e05-75ea-4ef3-923e-685ff05f23f5,Selim Ben Ali,M,608,-0.003741,-0.024278,0.020537,0.032587,0.630,0.000502,0.003074,0.03,0.0644
f8917832-134f-4323-a2f2-ac19251c6e01,Sarah Williams,F,1490,-0.003595,-0.008866,0.005271,0.015910,0.331,0.000502,0.003031,0.05,0.2373
49918aa2-e0c2-4736-a4b8-eb980f78f717,Filipe Parichkov,M,2058,0.000738,-0.003364,0.004102,0.013922,0.295,0.000499,0.003014,0.05,0.1322
90661183-81b1-49aa-b1fe-b977bb7bf272,Jonah Matos,M,655,-0.010647,-0.020501,0.009854,0.022555,0.437,0.000497,0.003059,0.06,-0.0153
1af53bb7-816e-4292-bd2e-08374c50aa42,Sergey Afanasenka,M,697,0.007779,-0.004999,0.012778,0.026226,0.487,0.000492,0.003066,0.03,0.5798
36b47dfd-00db-4bf3-ae56-e6cd61e51a97,Ryan Lam,M,767,-0.010390,-0.018861,0.008472,0.021148,0.401,0.000492,0.003055,0.06,-0.1528
481d9fef-ed7a-4fc9-9d19-a4f9b5a57d56,Ella Cosma,F,1430,-0.023519,-0.029183,0.005664,0.017063,0.332,0.000491,0.003038,0.03,0.0284
7ae4f842-ea7a-42e1-80ac-9ad235f10ed0,Lexi Jensen,F,612,-0.011416,-0.022844,0.011428,0.025406,0.450,0.000484,0.003065,0.04,0.0960
701118e6-e33f-420b-8224-29358075ffaa,Jake Kusmider,M,416,0.027844,0.008875,0.018968,0.033072,0.574,0.000483,0.003074,0.07,0.0548
b14dd745-7463-4dc1-acbd-7ab1b32af58d,Anna Clarice Patrimonio,F,481,0.008067,-0.009877,0.017944,0.032242,0.557,0.000482,0.003073,0.04,0.0281
25a6f570-d617-427a-9fc4-3bf6115a9a84,Hannah Blatt,F,7784,-0.012901,-0.014259,0.001358,0.007236,0.188,0.000482,0.002840,0.04,0.1899
9eb2503a-b18e-42e2-986d-6c8ee07d0a36,Cade Pierson,F,1917,-0.000877,-0.004243,0.003365,0.013170,0.256,0.000481,0.003006,0.05,0.2842
95c0348f-d93e-44ba-b55e-4971a2d7c1c0,Scott Berke,M,523,-0.001982,-0.012679,0.010698,0.024927,0.429,0.000479,0.003064,0.05,-0.1901
04ab231b-f2ab-456a-a79a-1728f29e42fa,Eliel Herminas,M,591,-0.004772,-0.016108,0.011336,0.025881,0.438,0.000477,0.003066,0.04,0.0026
7af5cd0a-26b8-4424-b743-ed83d4a1c201,Richard Livornese Jr,M,1128,-0.000047,-0.009323,0.009276,0.023398,0.396,0.000475,0.003061,0.03,0.5279
8fb8df0b-4365-4585-b5b9-a489397a79c9,Khuong Huynh,M,421,0.012818,0.001036,0.011781,0.026673,0.442,0.000473,0.003067,0.06,0.2056
b3f6f49d-bc24-44fd-8068-4e5971e9d61a,Daniel Miron,M,3831,-0.000716,-0.002591,0.001875,0.009419,0.199,0.000473,0.002934,0.06,0.3206
25139050-f977-4456-9545-7d63b72fa380,David Litvinov,M,1883,0.003861,-0.000769,0.004630,0.016270,0.285,0.000472,0.003033,0.03,0.2787
658d2f1c-5f7d-4baa-a6ca-d29d3fed6166,Wade Bryant,M,583,0.004657,-0.014602,0.019260,0.034808,0.553,0.000470,0.003075,0.02,0.0875
6160a7c7-6b90-41f1-96d3-af5fa1623ca5,Collin Johns,M,9508,0.011948,0.010816,0.001132,0.006539,0.173,0.000470,0.002792,0.04,0.6145
5ff7095c-6dc7-4534-8e29-1b62c6f66bba,Felicity Di Laura,F,2347,-0.006498,-0.009946,0.003447,0.013924,0.248,0.000468,0.003014,0.04,0.4356
38b1bfb1-576b-4a3e-ab6b-e8bc46031c1d,Eric Roddy,M,8429,-0.009249,-0.010396,0.001147,0.006752,0.170,0.000465,0.002808,0.05,0.3778
89aaafba-7d47-4938-b918-b960dff5bebc,Ryan Finley,M,679,-0.007713,-0.016094,0.008382,0.023159,0.362,0.000463,0.003060,0.04,0.4558
0df3b359-d935-4c79-a16a-ce373f55db07,Ernesto Fajardo,M,808,0.004836,-0.005129,0.009965,0.025391,0.392,0.000462,0.003065,0.03,0.1984
295e343a-31a0-4e1d-a286-d62592291435,Jay Devilliers,M,16591,0.004896,0.004086,0.000810,0.004888,0.166,0.000461,0.002610,0.04,0.9207
b179dfb4-dcf9-4da2-94d2-4ed21ef015b0,Cynthia McPherson,F,490,-0.003062,-0.012918,0.009856,0.026293,0.375,0.000452,0.003066,0.05,-0.0185
fb6a0d45-8a9b-4fb6-94c8-635cc6dca77e,Dodo Kong,F,579,-0.015877,-0.026243,0.010366,0.027013,0.384,0.000451,0.003068,0.04,-0.0441
75606179-6e19-4f25-bb8d-f66dfa19287c,Naomi De Hart,F,856,0.015521,0.004102,0.011419,0.028558,0.400,0.000450,0.003070,0.04,0.0010
b7baa566-6b19-48aa-9e0c-6a0c0f9f0322,Nigel Lee,M,453,-0.012190,-0.019369,0.007178,0.022762,0.315,0.000446,0.003059,0.12,-0.4638
cb9ea037-f204-4216-ac56-930a01009166,Matt Burkhardt,M,3867,0.000268,-0.001818,0.002086,0.011284,0.185,0.000445,0.002978,0.04,0.3395
d0bac3dd-65e3-4682-9928-7344468332a5,David Creswell,M,705,0.010225,0.004191,0.006034,0.020887,0.289,0.000444,0.003054,0.06,0.1526
02a3c8ae-fb47-4b82-8001-b33d9446a90e,Robert Laidlaw,M,1391,0.002464,-0.001007,0.003471,0.015377,0.226,0.000444,0.003027,0.05,0.5184
0513b1c7-d2f4-4800-92c6-07484b9fb344,Dylan Wilhelm,M,1338,0.002880,-0.001429,0.004309,0.017423,0.247,0.000443,0.003040,0.05,-0.2081
47690bb2-18cf-4172-889a-1f9cc5bb6d9d,Amir Tabatabaeian,M,448,-0.006894,-0.025466,0.018572,0.037887,0.490,0.000442,0.003077,0.02,0.1808
e6be2540-8ee3-4cd7-90e4-f7a2b70851ec,Hao Nguyen,M,960,0.023719,0.018818,0.004901,0.018830,0.260,0.000442,0.003047,0.05,0.3484
cd71f5e4-529b-43e0-ae28-2c9127711ae2,Charles Case,M,435,0.006006,-0.001990,0.007996,0.024730,0.323,0.000440,0.003064,0.06,0.2517
6e24f405-954d-487e-a419-eb2f5c87ec2f,Nguyen Huy,M,527,-0.007374,-0.016648,0.009273,0.027297,0.340,0.000435,0.003068,0.04,0.2057
1bfba782-55f3-42e4-9889-9018e793c0b5,Leigh Waters,F,424,0.020546,-0.003330,0.023875,0.045041,0.530,0.000432,0.003080,0.02,0.8277
b5256e08-9c6a-4eb3-8fe6-f522b269c1ab,Dana Raugust,F,1536,0.004702,0.000925,0.003777,0.017261,0.219,0.000429,0.003039,0.03,0.3702
574957ae-e8d5-486e-aabc-a1cc6a392f8d,Jalina Ingram,F,8568,-0.005744,-0.006746,0.001002,0.007149,0.140,0.000429,0.002834,0.04,0.4943
25104e43-16f9-4ce3-9085-70243d8b350a,Ella Yeh,F,3705,-0.005660,-0.007351,0.001691,0.010699,0.158,0.000427,0.002966,0.03,0.4453
37a4491a-bf9f-4f29-900b-b5b1f15c9d0f,Elina Geut,F,1206,0.002178,-0.000872,0.003050,0.015430,0.198,0.000427,0.003027,0.06,-0.0763
3af01041-5679-400a-87b8-12c01db8cec4,Kate Fahey,F,19850,0.023826,0.023177,0.000650,0.004651,0.140,0.000422,0.002572,0.04,1.0808
c85c50d9-eaa4-4581-b6bb-583a808706bf,Kyle Koszuta,M,1444,-0.003214,-0.006407,0.003193,0.016247,0.197,0.000422,0.003033,0.03,0.5259
525bfe63-4047-4100-9289-b4af47a25f98,Alia Brown,F,2491,-0.000440,-0.002662,0.002222,0.013115,0.169,0.000422,0.003005,0.04,0.3771
5f10ff12-03e8-4384-90a7-a15682ee7edd,Hayden Rand,M,927,-0.014988,-0.019917,0.004929,0.020817,0.237,0.000421,0.003054,0.04,0.1465
c14774e8-bb9b-4512-a867-fb4aed28941d,Harrison Yee,M,1013,0.007255,0.002397,0.004857,0.020679,0.235,0.000421,0.003054,0.03,0.1157
6518ca38-f4c7-4fd8-84e1-38a7904132c2,Sharienne Ricardo,F,1088,-0.030376,-0.034383,0.004006,0.018625,0.215,0.000421,0.003046,0.04,-0.0725
33dbfc0d-f246-40da-a277-74c31f2662ae,Ryan Ng,M,666,0.008162,0.000792,0.007370,0.026030,0.283,0.000420,0.003066,0.04,-0.2266
fc90f09b-f8a7-4c1f-922b-bbf3294cd736,Rougel Jon Lutz Aninon,M,1045,0.008523,0.005196,0.003327,0.017073,0.195,0.000417,0.003038,0.05,0.4527
a63bfef8-a400-4137-bc95-0bd11ecf64db,Dylan Ciampini,F,422,0.002075,-0.008112,0.010186,0.031474,0.324,0.000416,0.003073,0.03,-0.1907
54b45fcd-72f8-4cfd-9a37-3c3a0989f56c,Alexander Valencia,M,615,-0.002549,-0.009057,0.006508,0.025155,0.259,0.000414,0.003065,0.05,0.0028
4ebf78a8-2d54-451d-a45f-42544f6a60f1,Kayla Nesbitt,F,486,-0.012864,-0.018644,0.005780,0.023605,0.245,0.000414,0.003061,0.06,0.1207
1bbc9415-96dd-4751-9513-95274c5fc0f9,Nicole Eugenio,F,3008,0.001994,0.000591,0.001403,0.010242,0.137,0.000412,0.002956,0.06,0.5547
f3eb3a16-b250-4bc7-ac66-23ede9030c80,Gianna Southwick,F,432,-0.024126,-0.035019,0.010892,0.033721,0.323,0.000410,0.003075,0.03,-0.2098
8aac4bf9-2442-48f4-83c1-589b0a00b071,Mulima Mulenga,M,557,-0.022902,-0.033017,0.010115,0.032460,0.312,0.000410,0.003074,0.03,-0.1910
a87b7fe9-f316-4ea7-b054-2e813c786750,Stephanie Alliev,F,519,-0.015996,-0.024907,0.008910,0.030558,0.292,0.000409,0.003072,0.03,-0.1083
397b3fba-650e-465c-ae98-03422712e358,Riley Hanks,F,411,-0.000320,-0.007310,0.006989,0.027040,0.258,0.000408,0.003068,0.06,-0.1436
b3485ff8-bab5-4443-8245-3f81cbfb2b77,Emily Cederquist,F,715,0.003680,-0.003931,0.007610,0.028406,0.268,0.000407,0.003069,0.02,0.5066
9fa6a300-42c2-4a96-b7c0-9afbe1342e59,Adair Garcia,M,1348,-0.011381,-0.014877,0.003496,0.018921,0.185,0.000404,0.003047,0.03,0.1344
5da57cf9-dfc6-41f5-b853-48f191b873bf,Roman Estareja,M,820,-0.003120,-0.007105,0.003985,0.020366,0.196,0.000404,0.003053,0.03,0.5946
ab0e7256-6f4e-43de-b85d-6bfab0bbc41d,Brayden Nguyen,M,678,-0.020693,-0.025868,0.005175,0.023780,0.218,0.000402,0.003062,0.04,0.1169
cf21b2b4-0f5b-43c0-b8b1-18b64b376cd2,Lucas Pereyra,M,654,-0.002446,-0.008981,0.006535,0.027104,0.241,0.000402,0.003068,0.03,0.2879
4da698bf-605d-4c6c-8566-6bfbdb6c1a24,Genie Bouchard,F,8858,-0.008802,-0.009594,0.000792,0.006886,0.115,0.000401,0.002817,0.04,0.1880
ff789b9c-80c4-442c-b97e-2e2311298cfb,Vivian Glozman,F,5197,0.003907,0.002925,0.000982,0.008517,0.115,0.000399,0.002903,0.04,0.9230
be74032b-1035-4ece-bf4f-773b45da4d58,Mehvish Safdar,F,5529,-0.004605,-0.005647,0.001042,0.009148,0.114,0.000396,0.002925,0.03,0.3571
c263bd93-bd93-4722-bf88-d24529837529,Martin Thomas,M,535,-0.036313,-0.040865,0.004553,0.023797,0.191,0.000392,0.003062,0.06,0.2584
9e10852b-9669-498e-86cc-5f4e7f3a53e4,Alex Wetherell,M,522,0.000803,-0.004074,0.004878,0.024744,0.197,0.000392,0.003064,0.06,0.1276
4f142e8d-9a57-41cb-a89b-5b4c3af752fa,Ella Boydston,F,1927,-0.005706,-0.007593,0.001887,0.014317,0.132,0.000392,0.003018,0.03,0.4742
81129f3a-e29a-45c6-b77d-7deb0c05106c,Luke Kusmider,M,604,0.000151,-0.004519,0.004671,0.024550,0.190,0.000390,0.003063,0.04,0.2896
d95d74f2-0788-4eb0-95eb-8bb65c8f907f,Marko Lovrinovic,M,458,0.023464,0.017046,0.006418,0.029303,0.219,0.000389,0.003071,0.05,0.0554
14425212-36dd-43e0-bd0e-518303d3a8c8,Jake Presser,M,612,-0.004529,-0.007245,0.002716,0.018339,0.148,0.000388,0.003045,0.08,0.1425
66cb85be-fe8b-402d-a4f7-4a8e6a7c3ad7,Lucas Pascoe,M,2046,-0.019256,-0.020918,0.001662,0.013574,0.122,0.000388,0.003011,0.04,0.2495
4a7604e0-0f45-4057-8da0-bbfd0a58df83,Cami Blake,F,917,-0.025961,-0.029603,0.003642,0.021764,0.167,0.000387,0.003057,0.03,0.0282
f4bbf7d4-371e-42f7-9979-568f57881a11,Adelie Osher,F,509,-0.032107,-0.038254,0.006148,0.029192,0.211,0.000386,0.003070,0.04,0.0148
03b91579-1bd5-4f20-a9c1-e400cbd21255,Antoaneta Toskova,F,975,-0.001771,-0.005057,0.003286,0.020862,0.158,0.000386,0.003054,0.03,0.2774
11ed643d-b6df-4198-a0b1-bee4fb905625,Mihae Kwon,F,1838,-0.002424,-0.004301,0.001877,0.015221,0.123,0.000383,0.003026,0.03,0.3173
03ee9ee1-7ce1-4704-9a48-a504790e91b0,Justin Graham,M,1190,0.004242,0.001182,0.003060,0.020585,0.149,0.000382,0.003053,0.03,-0.0666
8ac6f832-de64-44eb-9bef-21031e074faa,Giang Trinh,M,1928,0.006886,0.005174,0.001712,0.014554,0.118,0.000382,0.003020,0.04,0.4109
dd1fe72e-5c35-47ea-8996-1f6a3c0c5538,Justin Fullmer,M,629,-0.019658,-0.023453,0.003795,0.023502,0.161,0.000381,0.003061,0.03,-0.0649
40d2074d-7cae-473c-bf6b-5c85e5d7283b,Warren Fulgenzi Jr.,M,451,0.007852,-0.006116,0.013968,0.047724,0.293,0.000379,0.003081,0.01,0.5127
f40135fa-ed68-4d6f-9dbd-a9fb0a210e4b,Justin Slattery,M,874,-0.002908,-0.006378,0.003469,0.023038,0.151,0.000378,0.003060,0.03,0.0655
d24967d0-68b6-440e-9f7c-4ecc2fc3e7f5,Ilvana Trujillo,F,826,-0.007848,-0.009967,0.002119,0.017320,0.122,0.000377,0.003040,0.07,0.1287
17b26730-f058-4465-a812-73ec0b724b21,Hong Yi Wong,F,404,-0.021960,-0.025798,0.003838,0.024782,0.155,0.000376,0.003064,0.09,0.0194
f6dd1c21-d872-42e6-a8a4-7c42d9063b74,Jes Rochefort,F,406,0.000099,-0.007520,0.007619,0.036731,0.207,0.000373,0.003077,0.02,0.2693
dcd029fb-2814-401b-a1cb-0c4269d9954b,Allie Reichert,F,1345,0.008174,0.006294,0.001879,0.017154,0.110,0.000371,0.003039,0.03,0.7129
8983be9d-1de3-4ae2-a6ed-1584a478bc33,William Owens,M,466,-0.018451,-0.023995,0.005544,0.034012,0.163,0.000365,0.003075,0.02,0.1351
4798e757-53f5-4e52-92aa-98172c8f7862,Roos Van Reek,F,1369,0.023432,0.021449,0.001983,0.019640,0.101,0.000362,0.003050,0.02,0.7007
541bae3b-cb07-4c73-8f7a-42a1e0d38cde,Sam Libo,M,648,-0.017050,-0.020555,0.003505,0.028287,0.124,0.000359,0.003069,0.03,-0.2049
72b85855-dcb3-4d14-931f-edd3c0b097a0,Madison Grollman,F,546,0.002699,0.000268,0.002430,0.023285,0.104,0.000358,0.003061,0.04,0.5963
722347d4-487c-473f-aec0-f856533f520d,Brookes Jones,M,641,-0.019288,-0.021623,0.002335,0.023217,0.101,0.000357,0.003061,0.03,-0.0951
607ff7e3-ba06-47f2-8bdc-0f66a4a6614f,V. Mary Rivas,F,657,-0.025123,-0.027215,0.002092,0.023251,0.090,0.000353,0.003061,0.03,0.0690
2819525e-d485-4ab3-a300-1c6dbdb3ae39,Quan Do,M,1968,0.003810,0.002701,0.001109,0.015357,0.072,0.000353,0.003027,0.03,0.6077
bd8e1ad4-5402-4c55-a95b-1d39c1de2344,Spencer Liang,F,1191,-0.007066,-0.008241,0.001175,0.016344,0.072,0.000351,0.003034,0.05,0.1473
135937d9-d132-41c5-9cfd-d2b0112288b2,Daniel Traxler,M,3637,-0.003180,-0.003837,0.000656,0.010181,0.064,0.000350,0.002955,0.04,0.3222
4fde43e3-433f-45df-8a9e-1f3abbf82dc8,Lorena Duknic,F,601,0.006589,0.003034,0.003555,0.033768,0.105,0.000349,0.003075,0.02,0.3918
3cab1673-2522-4dd5-ba07-2a1b88749d86,Tristan Dussault,M,5269,0.021937,0.021412,0.000525,0.008058,0.065,0.000348,0.002883,0.04,0.6301
099cea76-474b-4085-b77e-83baefab2b16,Kristin Vogel,F,459,-0.015879,-0.018719,0.002840,0.030623,0.093,0.000347,0.003072,0.03,0.3413
16deb566-c508-4f05-84d9-a01fb527a005,Michael I,M,407,-0.015978,-0.020355,0.004377,0.042456,0.103,0.000343,0.003079,0.02,-0.0859
1ad19b48-ae39-44aa-b2a0-5a40a6b71420,Daniel Byun,M,2236,-0.012897,-0.013513,0.000616,0.011441,0.054,0.000342,0.002981,0.05,0.2265
d554d53f-5941-46e9-b02f-a56cb2d4a04d,Camila Garcia Wright,F,646,-0.018853,-0.020580,0.001727,0.026582,0.065,0.000341,0.003067,0.02,0.4993
40c23f2e-99c3-4c87-8cc6-32f8b2d7b334,Carolina Mayorga-Perry,F,560,-0.019190,-0.021527,0.002336,0.032066,0.073,0.000340,0.003073,0.02,0.2420
26898786-4fd1-4dd9-bc18-a5c515a6b0ef,Maverick Messinger,M,592,0.007175,0.005744,0.001431,0.023958,0.060,0.000340,0.003062,0.04,0.2003
4212e979-7692-4231-8934-d6a7042aa217,Lauren Hidalgo-Smith,F,2260,-0.002086,-0.002761,0.000675,0.013485,0.050,0.000340,0.003010,0.03,0.1700
405dfd4f-2b49-4bd1-8c21-27db08700c52,Kenneth Lee,M,648,-0.029364,-0.030699,0.001335,0.026754,0.050,0.000335,0.003067,0.03,0.1236
18ee08e4-2965-4966-a1a4-257d66f0bdfa,Jessica Haywood,F,1599,-0.001356,-0.002105,0.000749,0.017325,0.043,0.000335,0.003040,0.03,0.1802
4be45b4a-461b-43e3-b0a4-33effdc2248a,Dalia Garza,F,1261,-0.021289,-0.021905,0.000616,0.016771,0.037,0.000332,0.003036,0.03,-0.1530
8187d00f-7c10-4947-a218-1641c659356c,Sam Angelo,M,1613,-0.001867,-0.002388,0.000520,0.016637,0.031,0.000329,0.003036,0.02,0.4087
20045230-82bb-4962-99fe-cf78c28f8641,Joshua Giannelli,M,1942,-0.007245,-0.007701,0.000456,0.014630,0.031,0.000328,0.003021,0.03,0.3995
070be5dd-2dcf-44b6-b2e7-37d9fbd29aa2,Adalynn Lund,F,757,-0.021186,-0.021891,0.000705,0.028144,0.025,0.000327,0.003069,0.02,0.0702
9972caa3-8ae5-4559-b5f3-720f9cb6317b,Zac Hirschler,M,438,-0.023178,-0.023990,0.000812,0.033080,0.025,0.000326,0.003074,0.02,0.2966
ca3c21b0-a715-40fd-bf00-c81e22d7da11,Daniel De la Rosa,M,4968,-0.006943,-0.007244,0.000301,0.008723,0.034,0.000320,0.002911,0.03,0.6834
7ab0b456-a129-4879-86a6-05d34bd8781e,Domenika Turkovic,F,1606,-0.002926,-0.002983,0.000057,0.018241,0.003,0.000315,0.003044,0.02,0.4056
d6adc70a-8e20-4c7d-93f1-026f368c6210,Louis Laville,M,890,-0.008689,-0.008730,0.000041,0.017159,0.002,0.000313,0.003039,0.05,0.1407
6cae3a50-eee6-45ea-8b28-85ef9c50e3c4,Jade Kawamoto,F,9009,0.013027,0.012762,0.000265,0.007062,0.037,0.000313,0.002829,0.02,1.1558
eb7c3159-99e3-41d6-988f-71443cda0a75,Austin White,M,558,-0.020106,-0.019612,-0.000494,0.023405,-0.021,0.000308,0.003061,0.04,0.1376
98019e23-09e2-43ff-917a-b7809c775f4e,Pei Chuan Kao,F,961,-0.004768,-0.004486,-0.000282,0.019810,-0.014,0.000308,0.003051,0.03,0.3719
05eb73f5-c506-4780-97b7-864cb947fcab,Juan Saez,M,535,-0.012353,-0.011289,-0.001064,0.029856,-0.036,0.000307,0.003071,0.03,0.4693
acf4ae69-cc7f-4a30-a613-c8ca0b80e11c,Zachary Grabovic,M,597,0.000067,0.001154,-0.001086,0.029401,-0.037,0.000307,0.003071,0.02,0.3296
19a1f7fe-1d16-418a-be95-785266ff586e,Yolena Carlon,F,514,-0.014044,-0.012562,-0.001482,0.032716,-0.045,0.000306,0.003074,0.02,0.0836
7e657393-16e5-4dd0-b230-47ffe15b6581,Gerald Ferrer,M,614,-0.005908,-0.005217,-0.000691,0.022602,-0.031,0.000303,0.003059,0.03,0.5576
3cec5850-24e2-44e3-96bc-ee87aa34581d,Katerina Stewart,F,1454,0.020626,0.020726,-0.000100,0.014259,-0.007,0.000303,0.003018,0.04,0.5070
756a7a13-a3d8-4d89-8afb-e2071ec6dc82,Lauren Mercado,F,694,-0.012933,-0.011780,-0.001153,0.027075,-0.043,0.000303,0.003068,0.02,0.2925
0c1fb7ef-65d8-48bf-b19e-ff7e543f4bbc,Lê Xuân Đức,M,813,-0.006327,-0.005641,-0.000686,0.021353,-0.032,0.000301,0.003056,0.03,0.3968
4e82e645-294f-424e-b1e7-28f93e2cb7cc,Benjamin Bramblett,M,1014,-0.022463,-0.020883,-0.001580,0.025187,-0.063,0.000294,0.003065,0.02,-0.1848
b8167e12-0591-4cb4-a950-ecb6da83e1e0,Andie Dikosavljevic,F,644,-0.014055,-0.012066,-0.001988,0.027317,-0.073,0.000293,0.003068,0.03,0.4459
fc05556e-3e38-4a38-99c2-f855174a7c28,Hayden Patriquin,M,19720,0.018897,0.018667,0.000230,0.004419,0.052,0.000292,0.002531,0.02,1.0803
ab6386c6-c7e3-422f-9134-e20e92725ee5,Emma Nelson,F,3143,-0.010322,-0.010126,-0.000196,0.011839,-0.017,0.000289,0.002988,0.02,0.4761
2a8b7adb-5f06-4b01-88a7-86e56d8d9274,Hannah Fife,F,448,-0.025511,-0.018812,-0.006699,0.042131,-0.159,0.000284,0.003079,0.01,0.0575
e80c361b-ab9c-45a3-95ef-363bfb7ee817,Brett Clayton,M,599,-0.012937,-0.010643,-0.002294,0.025403,-0.090,0.000284,0.003065,0.03,0.2398
d70642e4-3d95-430a-a537-acc04e56c97d,Dustin Boyer,M,2391,-0.000984,-0.000726,-0.000258,0.011627,-0.022,0.000284,0.002984,0.04,0.3601
f78254c2-5dbe-4ccd-85d2-bf5538cb179c,Komal Safdar,F,2122,-0.012185,-0.011898,-0.000287,0.011859,-0.024,0.000283,0.002988,0.04,0.2228
07456e73-2a8c-4bcc-a487-7300ea9d852f,Cody Sivan,M,828,-0.018405,-0.015937,-0.002468,0.025836,-0.096,0.000283,0.003066,0.02,-0.1502
f03d156f-3d8a-4830-a5d1-ae4372ad5009,Wesley Burrows,M,4733,-0.019395,-0.019254,-0.000141,0.009884,-0.014,0.000281,0.002947,0.02,0.2719
71c8bad4-9344-41c3-b0bc-86675b6f38d9,Evie Kenna,F,786,-0.013669,-0.010662,-0.003007,0.027281,-0.110,0.000280,0.003068,0.02,0.1922
6e0c0d57-704c-4148-9229-1c623b611919,Perry Wang,M,515,-0.037886,-0.033060,-0.004826,0.033574,-0.144,0.000279,0.003075,0.02,0.2745
518626d4-2600-4134-8c6a-0ae9315f9625,Cason Campbell,M,10589,-0.005517,-0.005628,0.000111,0.005883,0.019,0.000276,0.002734,0.03,0.5092
9bb232f6-5ff0-46d2-8496-ca1dacc89ca6,Emmaline Nichols,F,463,-0.025938,-0.020448,-0.005490,0.034322,-0.160,0.000275,0.003075,0.02,-0.4461
bfff61ed-6e32-441f-931d-8acf81c09dd3,Victoria Helmuth,F,441,-0.007443,-0.003839,-0.003604,0.027700,-0.130,0.000274,0.003068,0.03,0.0916
12e4929d-3cf3-47ef-9b8f-4c9477a8e762,Sydney Donkena,F,658,-0.011480,-0.009566,-0.001915,0.020795,-0.092,0.000274,0.003054,0.03,0.0030
3701f5a0-aa34-4a06-a718-7b223491362e,Ethan Violette,M,702,-0.010525,-0.007670,-0.002855,0.024852,-0.115,0.000274,0.003064,0.02,0.0250
ad45f02d-1352-4922-8228-76179833d104,Colin Wong,M,808,-0.020053,-0.017424,-0.002628,0.023887,-0.110,0.000273,0.003062,0.02,-0.0380
7d4e35ed-83cd-4872-81da-6a78d5a7a4d4,Bryson Alexander,M,443,-0.017993,-0.014424,-0.003569,0.027326,-0.131,0.000273,0.003068,0.03,-0.0295
e1cb8dc7-930e-4fd6-8034-cdbf250ae62a,TY Parrish,M,979,-0.003861,-0.001701,-0.002160,0.021566,-0.100,0.000272,0.003056,0.03,0.3124
42e4adb8-6fef-4278-8f1e-f76c012dc754,Matthew Krakowski,M,443,-0.035214,-0.024095,-0.011119,0.046232,-0.241,0.000271,0.003081,0.01,0.0590
72696117-bdb1-4e90-9131-e702b3ab2dff,Brenna Murray,F,620,-0.018173,-0.015684,-0.002489,0.021770,-0.114,0.000267,0.003057,0.03,0.1385
b08631ba-76d5-4262-8d27-5b2350646c00,Tomoko Taniguchi,F,850,-0.033681,-0.030608,-0.003073,0.023865,-0.129,0.000266,0.003062,0.02,-0.1222
cc994f98-879e-4ef1-a4e6-bfe46cdaea7a,Chase Blocker,M,613,-0.018457,-0.013685,-0.004772,0.029018,-0.164,0.000265,0.003070,0.02,0.0666
f6e249dc-5bb9-483a-a99f-df364df93341,Kelly Goodnow,F,2000,-0.012048,-0.010938,-0.001110,0.015142,-0.073,0.000265,0.003025,0.02,0.3944
2aa8ced3-d599-4c83-86dd-ecc80196833b,Luca Mack,M,4009,0.009342,0.009615,-0.000274,0.009412,-0.029,0.000264,0.002934,0.03,0.6699
0ccab93d-398c-40a8-821f-07a2ded79dde,Zoeya Khan,F,5705,-0.006916,-0.006658,-0.000258,0.008993,-0.029,0.000261,0.002920,0.02,0.3379
906cfb51-866b-461e-8794-bdad7c46cb22,Brittni Tonnessen,F,906,-0.024990,-0.022437,-0.002553,0.020557,-0.124,0.000259,0.003053,0.03,-0.0900
988e88e7-a3e0-4d04-8d2a-a26802cbbe8e,Rachel Janssen,F,1836,-0.023887,-0.022485,-0.001402,0.015551,-0.090,0.000257,0.003028,0.02,-0.0175
ab53383d-abb2-4bcf-adea-398e6c6dd36a,Cleo Bond,F,1902,-0.026554,-0.025152,-0.001402,0.015427,-0.091,0.000256,0.003027,0.02,-0.0098
1d200bd4-3d5b-41f2-9235-3ebfce0a4bb0,Miyu Hazawa,F,416,-0.039402,-0.032605,-0.006796,0.031523,-0.216,0.000254,0.003073,0.02,-0.1483
0c3263ce-a370-475e-8cd7-32414ea409dd,Ben Cawston,M,857,-0.008168,-0.005757,-0.002411,0.019197,-0.126,0.000253,0.003048,0.03,0.2421
20a05d48-2059-4900-ad17-c58c875d715b,Thatcher Schwendiman,M,439,-0.019642,-0.015540,-0.004102,0.024150,-0.170,0.000251,0.003063,0.03,0.1237
ce39808f-90a7-4c17-9566-c6c83697b695,Marco Leung,M,2334,-0.014369,-0.013698,-0.000671,0.011019,-0.061,0.000250,0.002973,0.04,0.0225
7bdd399d-fcb1-404f-ba07-afbf4c47bb3a,Ajit Kurki,M,1091,-0.027119,-0.024597,-0.002522,0.018823,-0.134,0.000247,0.003047,0.03,-0.0473
7afc02f4-1e87-45c2-a101-0d48ecc05f8d,Martin Stanchev,M,1228,-0.008105,-0.005922,-0.002183,0.017122,-0.128,0.000243,0.003038,0.03,0.5147
c57fd717-c267-4fb8-9be7-2f1c678a655f,Ali Amiri,M,560,-0.014580,-0.009134,-0.005446,0.026208,-0.208,0.000243,0.003066,0.02,0.4817
910ddcee-8ffa-4ee9-9bdc-507fb3f394dd,Ryan Lucci,M,692,-0.040230,-0.035104,-0.005126,0.025297,-0.203,0.000242,0.003065,0.03,-0.2643
2cff4f24-1547-4fe0-af74-9e3412f1ba71,Sam Querrey,M,1615,-0.031891,-0.029370,-0.002521,0.017960,-0.140,0.000240,0.003043,0.02,0.2567
f483a4bf-83ff-4e34-8629-72eed44e2662,Jeffrey Moulton,M,528,-0.017896,-0.011849,-0.006047,0.027008,-0.224,0.000240,0.003068,0.03,-0.2440
8dd7bb87-1082-4114-809e-888ac57df014,Chase Mason,M,594,-0.028436,-0.022752,-0.005685,0.026180,-0.217,0.000240,0.003066,0.02,-0.0239
91846d4e-67fb-4891-87a6-bed8362b8e2c,Olivia Phillips,F,1213,-0.012366,-0.009406,-0.002960,0.018981,-0.156,0.000237,0.003047,0.02,-0.2074
051f5c82-82ce-4ab8-b4f8-36976638a89b,Sahra Dennehy,F,4575,0.012121,0.012831,-0.000710,0.010107,-0.070,0.000234,0.002953,0.02,0.8290
ae103be7-01f5-4d0a-ad3e-ad524a4f6309,Seina Shima,F,970,-0.013434,-0.008419,-0.005015,0.023503,-0.213,0.000231,0.003061,0.02,0.0060
aad127cb-f0a0-4b72-95bf-0a64105d41c3,Hannah Shin,F,429,-0.022319,-0.013064,-0.009255,0.031318,-0.296,0.000230,0.003073,0.02,-0.0582
d05d0739-3776-491b-8973-51cd4826a885,Taylor Stockton,M,1023,-0.004135,-0.001709,-0.002426,0.016542,-0.147,0.000229,0.003035,0.04,0.0929
7373777c-5fd6-4386-b471-cae504678696,Jon Nilson,M,553,-0.019336,-0.011464,-0.007872,0.028763,-0.274,0.000229,0.003070,0.02,-0.1137
3fc70f61-f10c-4539-9b5a-82911efc966a,Ava Cavataio,F,1644,0.001550,0.004278,-0.002728,0.017342,-0.157,0.000228,0.003040,0.02,0.4856
de16fee2-9205-4559-9fe7-48b918184e8a,Ethan Dysert,M,407,-0.028837,-0.022266,-0.006571,0.025933,-0.253,0.000226,0.003066,0.04,0.1974
504e8c08-caf6-4db8-b454-11ffa321261c,Lucy Kovalova,F,7347,0.005588,0.006060,-0.000471,0.008260,-0.057,0.000225,0.002892,0.01,0.7310
798294b4-02e6-4c16-b3f6-9337758ae915,Kendall Kikkawa,M,685,-0.018006,-0.012913,-0.005093,0.022674,-0.225,0.000223,0.003059,0.02,0.3690
2df9061c-a8bf-4436-952d-047857d851f9,Bruno Barrueto Deza,M,778,0.003317,0.007809,-0.004491,0.021134,-0.213,0.000221,0.003055,0.03,0.0996
5ba04f05-e201-4587-9613-7761c3afc0cf,Nicole Pitts,F,705,-0.017942,-0.012392,-0.005550,0.023365,-0.238,0.000221,0.003061,0.02,0.1004
deb34ab5-bc2e-4fda-894e-600a62ca0fa7,Michael Shaw,M,487,-0.037272,-0.027248,-0.010024,0.031105,-0.322,0.000221,0.003072,0.02,0.2728
e4c4c646-5650-45b9-8673-5b5e9d2174e0,Zachary Marceau,M,1119,-0.015473,-0.010871,-0.004602,0.021021,-0.219,0.000218,0.003055,0.01,0.3861
9532d3f8-9418-4b59-af95-3cc5e7c2a066,Kelly Chen,F,644,-0.013754,-0.007996,-0.005758,0.023223,-0.248,0.000216,0.003061,0.02,0.1761
e2b605ed-b830-499b-a1b0-c74546ff4777,Sophia Nhi Huynh,F,1519,0.001589,0.004357,-0.002768,0.016372,-0.169,0.000216,0.003034,0.02,0.1638
34df6ae0-3b15-474c-81a9-63bebc580ed7,Brian Bonilla,M,452,-0.030831,-0.019070,-0.011761,0.032730,-0.359,0.000215,0.003074,0.02,0.0564
a991a28b-3f46-4367-854e-6e5ed5132056,Matthew Nesbitt,M,753,-0.020806,-0.009293,-0.011513,0.031811,-0.362,0.000212,0.003073,0.01,0.2470
ad13ca35-c83d-4c06-8555-7b4f20b416bc,Noah Zwiren,M,617,-0.030768,-0.016437,-0.014330,0.035012,-0.409,0.000209,0.003076,0.01,0.2836
8cefb109-0044-4545-a5c3-0cfb4df51612,Tavon Morrow,M,1341,-0.021350,-0.017459,-0.003891,0.018541,-0.210,0.000208,0.003046,0.01,0.3349
4d79c4da-92de-4292-b231-59d2bd32c944,Alex Bowers,F,452,-0.033618,-0.021469,-0.012149,0.032092,-0.379,0.000208,0.003073,0.01,0.0479
65bcab7c-9c93-4dc8-a847-a34da426b933,Martina Frantova,F,6653,-0.007785,-0.007279,-0.000506,0.007705,-0.066,0.000207,0.002866,0.02,0.6170
fc684593-8841-4dd1-b77c-5154b2f25bca,Hailee Haymore,F,1194,-0.009211,-0.003923,-0.005288,0.021307,-0.248,0.000207,0.003056,0.01,0.2248
9dc57e5e-1e15-4c18-9f9b-ea82ae9a5d46,Andre Millet,M,1253,-0.002215,0.001618,-0.003833,0.018061,-0.212,0.000204,0.003043,0.02,0.4120
550248f0-e87f-4e76-9d88-9f55c89fb659,Rodrigo Grajales,M,673,-0.050700,-0.039336,-0.011364,0.030550,-0.372,0.000204,0.003072,0.02,-0.4632
11989ea1-e653-42f9-91ce-13f1a78c0b4f,Lucas Coutinho,M,678,-0.000310,0.010040,-0.010350,0.028995,-0.357,0.000202,0.003070,0.01,0.2587
0ac11983-04a4-49b8-80b6-afbc7453465e,George Bulger,M,836,-0.029895,-0.020696,-0.009198,0.027306,-0.337,0.000202,0.003068,0.01,-0.2006
d69ec633-93c9-4d07-8870-be9f5acd5330,Rachel Rettger,F,3844,-0.029608,-0.028213,-0.001395,0.011252,-0.124,0.000202,0.002977,0.01,0.0727
964141f0-2f93-4294-a303-c41735341b46,Allie Davis,F,653,-0.027301,-0.014616,-0.012685,0.031947,-0.397,0.000202,0.003073,0.01,-0.0119
8b96b5a9-1ed8-4bb8-956f-c46e8de9ab24,Mikar Larenzo Fisher,M,766,-0.013385,-0.008135,-0.005250,0.020758,-0.253,0.000201,0.003054,0.03,0.2676
7864fbf6-245b-40e7-af07-0fb16958c3c1,Kamden Bradstreet,M,815,-0.015122,-0.009312,-0.005810,0.021699,-0.268,0.000200,0.003057,0.02,0.2918
aa45af3b-41b0-4e03-9a17-4ca16a108df3,Vincent Rettke,M,2207,-0.022594,-0.020316,-0.002278,0.013907,-0.164,0.000200,0.003014,0.02,0.1879
79b8c85f-caaa-44ae-b5f1-8a1063daeafb,Luis Rojas,M,432,-0.038628,-0.010974,-0.027654,0.046544,-0.594,0.000199,0.003081,0.01,-0.0389
325b8321-aeb0-4079-8892-c824da665aeb,Amanda Studnicki,F,553,-0.010917,-0.003930,-0.006987,0.023610,-0.296,0.000199,0.003061,0.02,0.0597
a51b59c5-1a13-4472-821a-eb9866e72adf,Joseph Wild,M,1084,-0.000385,0.003910,-0.004295,0.018605,-0.231,0.000198,0.003046,0.02,0.7049
7cbd7e4d-3d2c-40f8-8c09-40c271d64a73,Louie Payetta,M,758,-0.016465,-0.008794,-0.007671,0.024097,-0.318,0.000193,0.003062,0.01,0.2323
0ed76ff4-86b1-428f-9154-339dadc2dc07,0ed76ff4,,503,-0.023907,-0.014961,-0.008946,0.025669,-0.349,0.000190,0.003065,0.03,
4fdcaa8b-8ebf-4cba-b759-d7c8e9d55ec0,Elliott Schupp,M,710,0.002190,0.008538,-0.006348,0.021692,-0.293,0.000190,0.003057,0.02,0.6431
98915a37-fa53-445c-8c1c-974170c606d7,Ryan Eveloff,M,2048,-0.019621,-0.017587,-0.002034,0.012633,-0.161,0.000189,0.002999,0.02,0.0223
5bdaf230-63a7-41cb-8fcd-d774ec99d51e,Victoria Nguyen,F,869,-0.006140,0.001162,-0.007303,0.022996,-0.318,0.000187,0.003060,0.01,0.0221
a95df9a8-772c-4dbf-8c28-e200b7308584,Kiora Kunimoto,F,7891,0.000992,0.001398,-0.000406,0.006471,-0.063,0.000187,0.002787,0.02,0.5828
276c3b2a-2dca-4124-a404-18ab4d412dcb,Jordan Bridge,M,943,-0.004465,-0.000454,-0.004012,0.017148,-0.234,0.000186,0.003039,0.03,0.0571
4e220040-a533-4d43-85ba-29ad38b5a3b7,Clemens Graute,M,1179,-0.003242,0.000053,-0.003295,0.015614,-0.211,0.000186,0.003029,0.03,-0.0971
33fcb3fe-f32a-4b52-9f31-4d2225c9b126,Jemere Plummer,M,1016,0.003458,0.007091,-0.003633,0.016246,-0.224,0.000184,0.003033,0.03,0.2449
0fadc58c-ce4c-4a9b-884f-8993354775ca,Rianna Valdes,F,448,-0.016172,-0.002944,-0.013228,0.030425,-0.435,0.000184,0.003072,0.01,0.5335
2bfe44bb-d558-411f-abeb-c8522dd42ce9,Julian Arnold,M,10192,0.001847,0.002197,-0.000349,0.006063,-0.058,0.000184,0.002751,0.02,0.6190
4c87b545-c39a-482a-aa24-0ce2951f20d8,Connie Lee,F,1333,-0.004614,-0.000217,-0.004397,0.017661,-0.249,0.000182,0.003041,0.02,0.2708
8160ad59-4654-46b1-b229-8d5f2a9a45f9,Hunter Johnson,M,19197,0.018026,0.018142,-0.000115,0.004464,-0.026,0.000180,0.002539,0.02,0.7204
b40f1add-dfc3-446d-9c65-b1ab7bec6194,Victor Camilo Iii,M,440,-0.048433,-0.031327,-0.017106,0.034106,-0.502,0.000180,0.003075,0.01,-0.0208
b68c0204-d9d4-4cba-bf23-46706abd77bf,Clayton Powell,M,3774,0.000996,0.002394,-0.001398,0.010236,-0.137,0.000179,0.002956,0.02,0.5889
36e99d89-796d-412a-87c7-89732e5797ea,36e99d89,,529,-0.044886,-0.030758,-0.014128,0.030833,-0.458,0.000179,0.003072,0.02,
2cb697da-8f48-4208-95ff-7e419fbc0013,Rachael Fitzgerald,F,681,-0.022365,-0.012668,-0.009697,0.025536,-0.380,0.000178,0.003065,0.02,0.0959
1d36eae4-41f1-4739-b9d2-0783fd371112,Samantha Buyckx,F,2676,0.010065,0.012222,-0.002157,0.012403,-0.174,0.000177,0.002996,0.02,0.5972
c3b08889-9218-45d7-a712-72d78dd9a0bb,Tanner Tomassi,M,2714,0.002074,0.004334,-0.002260,0.012664,-0.178,0.000177,0.003000,0.01,0.5214
7c564f89-1c58-4597-b689-e37bd0ecd511,John Thorn,M,940,-0.013463,-0.006004,-0.007459,0.022164,-0.337,0.000174,0.003058,0.02,0.1693
26bd8869-21d6-4c7e-9edc-0bd16aebf18a,Evan Pratt,M,444,-0.018200,-0.001508,-0.016692,0.032935,-0.507,0.000174,0.003074,0.01,-0.0048
bb20d284-a077-49bd-8409-a3452e3067f3,Kevin Caulfield,M,1044,-0.018610,-0.010992,-0.007618,0.022334,-0.341,0.000173,0.003058,0.01,0.1454
a179a271-6190-4516-b19c-ae7ba47d5821,Drake Palm,M,1466,-0.006254,-0.002785,-0.003469,0.015253,-0.227,0.000173,0.003026,0.02,0.3889
910196c3-1d57-456f-b407-bc550a2edec6,Ryan Gilbert,M,763,-0.013289,-0.004742,-0.008547,0.023324,-0.366,0.000169,0.003061,0.01,0.3733
df443e1a-4508-4b35-917b-2780cf0ff6c8,Eddy Kim,M,2874,0.003385,0.005466,-0.002081,0.011744,-0.177,0.000167,0.002986,0.02,0.3719
9eff9049-c45c-42ee-9a49-e9a797cc2116,Cailyn Campbell,F,9791,-0.003623,-0.003115,-0.000508,0.006287,-0.081,0.000161,0.002771,0.02,0.6217
8bfb2660-cdda-43fb-81cb-5ff420c9f86e,Jae Centonze,M,1386,0.001211,0.004403,-0.003192,0.014011,-0.228,0.000159,0.003015,0.03,0.2324
2b508074-59ec-455c-8974-31de393bc165,Lyn Yuen Choo,F,778,-0.007459,0.003135,-0.010595,0.025025,-0.423,0.000158,0.003064,0.01,0.4836
5dc48fe9-12fa-4762-8814-7892ac78c67a,Jayden Broderick,M,737,0.004389,0.016612,-0.012224,0.026670,-0.458,0.000156,0.003067,0.01,0.4911
dba7cf49-9f57-43e3-878d-a63ced26a243,Jaeda Minniefield,F,3824,-0.013872,-0.011718,-0.002154,0.011445,-0.188,0.000154,0.002981,0.01,0.2545
11e203e1-6239-4f00-aaf9-752aae883120,Rodrigo Reyes,M,625,-0.010745,-0.003121,-0.007624,0.021009,-0.363,0.000154,0.003055,0.02,0.0709
b6928a70-4384-418f-87d9-76ae2637ea69,Bryce Larson,M,1055,-0.023758,-0.019058,-0.004700,0.016579,-0.284,0.000154,0.003035,0.02,0.0358
e9b96752-ca0f-479c-a4be-01d0db777051,Matt Haugdahl,M,549,-0.025329,-0.012003,-0.013327,0.027576,-0.483,0.000153,0.003068,0.01,-0.0217
086c9ee0-0aa3-4d2e-bc64-22a683f44d73,Ahmad El-Zarif,M,872,-0.023258,-0.015726,-0.007531,0.020732,-0.363,0.000152,0.003054,0.02,0.1616
5a5237bd-64cd-433c-99ba-34badaa2820c,Braylon Ohrel,M,523,-0.030175,-0.019904,-0.010271,0.023973,-0.428,0.000149,0.003062,0.02,0.2873
660a75bf-df9f-4da0-ba25-07abf3e50b4b,Mikael Vollbach,M,590,-0.014991,-0.001977,-0.013014,0.026931,-0.483,0.000149,0.003067,0.01,0.3644
6eb8ea1c-31ca-4c18-ba0c-ab8a75cdc24f,William Hsieh,M,2292,-0.019460,-0.015812,-0.003648,0.014416,-0.253,0.000148,0.003019,0.01,-0.1840
698c5236-e88f-411c-b44f-e54f16b2d6b5,George Wall,M,1098,-0.012224,-0.006412,-0.005812,0.018024,-0.322,0.000147,0.003043,0.01,0.7252
f91b88a1-7d1e-41ad-9782-200959faf6bd,Olivia McMillan,F,3766,-0.019834,-0.017984,-0.001850,0.010377,-0.178,0.000145,0.002959,0.01,0.4129
d889476e-0b2f-4acf-a873-f7aea0b92dab,Evgeniy Kim,M,2035,-0.009600,-0.005876,-0.003724,0.014244,-0.261,0.000140,0.003017,0.01,-0.0712
f9ae639d-11c5-4336-8b09-71d0fb6f9d9b,Sienna Hitzeman,F,466,-0.021573,-0.004044,-0.017529,0.030083,-0.583,0.000136,0.003071,0.01,-0.0441
d0513962-42f2-40e9-904e-b5b615587b98,Janaye Sakkas,F,550,-0.023183,-0.009980,-0.013203,0.026116,-0.506,0.000136,0.003066,0.01,0.0744
94478a4a-a920-4a12-936c-4dead2ecd1d6,Max Green,M,2819,0.002183,0.004182,-0.001998,0.010424,-0.192,0.000135,0.002960,0.02,0.5669
222bf2cd-da9b-4c4c-ab99-0fa77bec15c6,Jason Loyd,M,1216,-0.014619,-0.008373,-0.006246,0.017978,-0.347,0.000134,0.003043,0.01,0.2470
1e216feb-426b-400d-b79e-3db55899141e,Savanna Ticknor,F,822,-0.021619,-0.008393,-0.013226,0.025985,-0.509,0.000133,0.003066,0.01,-0.1470
57a5785e-8dd2-493d-8d2d-31459d308371,Victoria Yu,F,688,-0.025029,-0.011009,-0.014020,0.026708,-0.525,0.000133,0.003067,0.01,0.0758
f2f22110-2d83-4a94-9e5b-811d3b01898c,Clayton Boydston,M,1119,-0.013341,-0.006249,-0.007091,0.018833,-0.377,0.000128,0.003047,0.01,0.0813
26b13d9f-ccab-497c-8e3a-68299be5ea70,Daniel Phillips,M,1845,-0.035209,-0.030400,-0.004809,0.015516,-0.310,0.000127,0.003028,0.01,0.1955
6ee6ec8b-17cd-44f0-ad2a-a3e3460100ce,Dave Bacalla,M,2728,-0.000214,0.002497,-0.002711,0.011672,-0.232,0.000124,0.002985,0.02,0.3480
ded801fd-297a-4761-b63e-d8fbbfeb5762,Shelby Bates,F,1638,-0.003017,0.001642,-0.004659,0.015112,-0.308,0.000122,0.003025,0.01,0.6967
56f0b269-240a-42cb-b404-0b0bf747ad98,Dylan Lewis,M,1350,-0.010827,-0.003425,-0.007402,0.018955,-0.390,0.000122,0.003047,0.01,0.3131
d38dbab9-f977-42bf-bdb8-393263e08056,Samuel Gabet,M,458,-0.026666,-0.002730,-0.023936,0.033864,-0.707,0.000122,0.003075,0.01,-0.0873
d3e486f2-7c25-4bcf-b9dd-81c14f644f60,Etienne Blaszkewycz,M,3562,0.001002,0.003419,-0.002418,0.010999,-0.220,0.000122,0.002973,0.01,0.6955
21ed6c0a-6f07-4e74-afae-9e2218085daf,Levi Daniel,M,1677,-0.022397,-0.017944,-0.004452,0.014710,-0.303,0.000121,0.003022,0.01,0.2089
c8e4c697-0b57-45e3-8799-227779ee5f1e,Pui Long Fan,F,725,-0.030424,-0.015898,-0.014526,0.026069,-0.557,0.000117,0.003066,0.01,0.0993
4e3bcf37-c264-475d-b956-7c3992d3d7fd,Brandon Nsekpong,M,2170,-0.010712,-0.007136,-0.003575,0.013067,-0.274,0.000116,0.003005,0.01,0.2867
a33fae19-76c1-4ec3-9845-2b2b471baa70,Johnny Goldberg,M,1626,-0.003505,0.002069,-0.005574,0.016125,-0.346,0.000113,0.003032,0.01,0.2637
684de940-3788-41f6-9d4b-b843da242dae,Wesley Hanson,M,772,-0.003984,0.009261,-0.013244,0.024599,-0.538,0.000112,0.003063,0.01,0.1533
a756ee87-c12d-4264-bc6d-0e2c56fba4ff,Dan Nguyen,M,1040,-0.049838,-0.036570,-0.013268,0.024590,-0.540,0.000111,0.003063,0.01,0.0255
6cbf25ef-655b-4883-91dc-cba9256545a7,Sarah Burr,F,583,-0.031395,-0.016721,-0.014674,0.025755,-0.570,0.000110,0.003066,0.01,0.3602
e5915579-1c1d-4406-b707-6d877bcebedd,Kwan Wun Man,F,862,-0.017060,-0.005963,-0.011096,0.022406,-0.495,0.000109,0.003059,0.01,0.1075
4c974436-715d-41f0-9705-f25f108db163,Aleck Blair,M,1229,0.000733,0.007113,-0.006380,0.016904,-0.377,0.000106,0.003037,0.01,0.0597
7a300520-8298-4458-8968-db478e23e9be,Tobias Moreno,M,1136,-0.024806,-0.017039,-0.007767,0.018607,-0.417,0.000105,0.003046,0.01,0.2138
850116be-7d0f-4325-ab06-1f37dd3d1c7e,Steve Deakin,M,3437,-0.017916,-0.015233,-0.002682,0.011003,-0.244,0.000103,0.002973,0.01,0.3115
6b446a3b-76f2-4d55-8c84-94ea8bdde2ac,Andrew Wang,M,666,-0.035524,-0.012101,-0.023422,0.031896,-0.734,0.000102,0.003073,0.00,-0.0152
ece1da5c-10cc-41a6-bc48-66d82a4ea10c,Prycen Haas,M,655,-0.024011,-0.006998,-0.017013,0.027127,-0.627,0.000100,0.003068,0.01,0.3077
0d14405e-2e45-4dcb-8fb7-73558c261b4f,Seone Mendez,F,1009,0.005332,0.017379,-0.012047,0.022737,-0.530,0.000098,0.003059,0.01,0.4965
fcc36b68-b11b-4589-baa0-7d31f599eba1,Aaron Fuhrman,M,411,-0.041320,-0.018899,-0.022422,0.030739,-0.729,0.000095,0.003072,0.01,0.0136
6ae70906-53f3-49ed-a7a1-8d967a528300,Chas Howard,M,708,-0.031847,-0.017006,-0.014841,0.024966,-0.594,0.000094,0.003064,0.01,0.1543
12890797-7355-49ca-848e-56d67e33c4de,Marianna Petrei,F,1622,0.010482,0.016767,-0.006284,0.016308,-0.385,0.000093,0.003034,0.01,0.6522
9e8ad96a-17a3-48bf-9363-7b35cc96b2b8,Averee Beck,F,1227,-0.034778,-0.026114,-0.008664,0.018921,-0.458,0.000089,0.003047,0.01,0.0875
17acdeab-879d-46c1-bc2c-b31d17acb8ed,Jeremy Lim,M,903,-0.034644,-0.023719,-0.010926,0.021190,-0.516,0.000088,0.003055,0.01,-0.0949
76419f3a-712c-4241-8940-6f9bda847ba7,Lauren Stratman,F,9667,0.000809,0.001754,-0.000945,0.006484,-0.146,0.000088,0.002788,0.01,0.6281
8b7405b5-f3bc-4e32-bfbc-cc2e14f7454c,Jose Martinez,M,1631,-0.006489,-0.001733,-0.004755,0.014016,-0.339,0.000087,0.003015,0.01,0.3698
c00d1e76-0116-49f5-b0b4-9b518b9cd628,MJ Marrero,,460,-0.010251,0.006492,-0.016743,0.026104,-0.641,0.000087,0.003066,0.01,-0.0578
bb4de7dc-9f25-4218-a601-318492e0884c,Usama Khalid,M,1998,-0.005040,0.001717,-0.006757,0.016616,-0.407,0.000086,0.003036,0.01,0.3795
ad300392-ea7f-4445-893d-1b483e8f5571,Karyn Weiss,F,428,-0.040225,-0.020448,-0.019777,0.028291,-0.699,0.000085,0.003069,0.01,-0.2103
70c18684-f615-4d05-9aa9-5cbdbd53ab9f,Carlota Trevino,F,3540,0.010832,0.013356,-0.002524,0.010214,-0.247,0.000084,0.002955,0.01,0.7437
f932a82f-0702-44ac-9a1f-09bb5670b25c,Christian Lund,M,622,-0.050862,-0.028992,-0.021870,0.029630,-0.738,0.000084,0.003071,0.00,0.0559
571d4503-e073-4580-a555-be3c7f93c59c,Chuck Taylor,M,4669,-0.019843,-0.017605,-0.002239,0.009562,-0.234,0.000080,0.002938,0.01,0.2626
a973d880-71ca-48d1-b127-a7e23afd5a19,Matthew Mead,M,3158,-0.021208,-0.018352,-0.002857,0.010749,-0.266,0.000080,0.002968,0.01,-0.0250
ada0bbbd-af78-44e2-a7e2-9c87b116be8b,Noah Waddell,M,829,-0.010369,0.003215,-0.013584,0.023047,-0.589,0.000077,0.003060,0.01,0.6197
b3f48e8c-c552-4a9c-b200-42de913820ad,Brenden Everhart,M,590,-0.067706,-0.041961,-0.025744,0.031409,-0.820,0.000073,0.003073,0.01,-0.0942
6aa6ce7a-8246-4bfd-9d8a-a67bb5f95257,Bao Duong,M,590,-0.058038,-0.031339,-0.026698,0.031851,-0.838,0.000070,0.003073,0.00,-0.1655
35cd3d58-d637-4680-b2a9-904ead589b3a,Myles Martin,M,563,-0.012598,0.007926,-0.020524,0.027857,-0.737,0.000069,0.003069,0.01,-0.1396
d0f63c78-f753-45d9-a510-1b05298ea680,Erik Forsythe,M,624,-0.025912,-0.012569,-0.013343,0.022438,-0.595,0.000068,0.003059,0.01,0.3291
623c9f3d-7974-463d-8e10-0b290ed48533,Alicia Lai,F,720,-0.069303,-0.038861,-0.030443,0.033655,-0.905,0.000065,0.003075,0.00,0.1395
68c97127-3873-41f9-a1ec-9bb608a7a74a,Nicolas Almeida,M,1046,-0.027878,-0.007862,-0.020016,0.027082,-0.739,0.000061,0.003068,0.00,0.1320
1e538b1f-66e9-4166-ac60-3aef311ee0b5,Jada Bui,F,3603,0.006708,0.009431,-0.002723,0.010068,-0.271,0.000060,0.002952,0.01,0.4383
0d659a6e-9386-45c5-a3c0-8f8ce4efaa14,Poongi Hong,M,430,-0.025933,0.001561,-0.027493,0.031603,-0.870,0.000059,0.003073,0.01,-0.1287
a84c5612-2f7f-4189-b968-b37634d4042f,Aron Ouye,M,445,-0.023974,0.006197,-0.030172,0.033057,-0.913,0.000058,0.003074,0.01,0.0953
020d8ae2-4895-4135-b7dc-6f43b34c9926,David Hall,M,820,-0.023538,-0.007491,-0.016046,0.024061,-0.667,0.000057,0.003062,0.00,0.2669
c79ef5cd-2d17-4fbf-83a9-34d4aaaaebd8,Masa Grgan,F,1029,-0.029850,-0.011826,-0.018024,0.025494,-0.707,0.000057,0.003065,0.00,0.1773
093e132a-0458-472b-aaee-ee7e15d25e20,Chris Jammal,M,531,-0.008247,0.010704,-0.018951,0.025922,-0.731,0.000052,0.003066,0.00,0.3381
06e87b30-1f70-46e6-a6a8-17a4086d609a,Kailas Shekar,M,1903,-0.002287,0.003802,-0.006088,0.014673,-0.415,0.000050,0.003021,0.00,0.5536
524b89ad-b76b-40b4-a0db-736bdc7b8adb,Hien Truong,M,2437,0.004703,0.009865,-0.005162,0.013392,-0.385,0.000045,0.003009,0.00,0.6979
27c647c4-cca3-42ef-a0db-7a9e5216f514,27c647c4,,698,-0.032398,-0.015093,-0.017305,0.024110,-0.718,0.000038,0.003062,0.01,
2856d69d-887b-4e89-a5c9-975f581f84a0,Len Yang,M,3747,-0.008141,-0.005098,-0.003042,0.010146,-0.300,0.000037,0.002954,0.00,0.6180
8620b5f6-d9d5-4cb9-9a28-ed21da77511e,Lauren Cole,F,591,-0.028120,-0.007136,-0.020983,0.026377,-0.796,0.000034,0.003067,0.00,0.6453
edfe3f1d-98b7-4bfb-a107-01ce62316094,Dionne Lim,F,976,-0.015540,-0.000742,-0.014799,0.022076,-0.670,0.000032,0.003058,0.00,-0.0602
6392c4f6-2b1d-4595-b7ff-9958bed31ff4,Ronan Camron,M,1238,0.002751,0.011329,-0.008578,0.016747,-0.512,0.000029,0.003036,0.00,0.3886
85a456db-344a-41bf-9c22-6e2e9c09ba98,Divin Sarthak,M,709,-0.005837,0.006634,-0.012471,0.020138,-0.619,0.000028,0.003052,0.00,0.2837
7b85c35f-6a90-4c61-af0b-565658feeb3c,Freddie Powell,M,2796,0.003454,0.007760,-0.004306,0.011764,-0.366,0.000024,0.002986,0.00,0.5019
b9dbf1d9-f5a8-4d6b-8685-00d7f477a42e,Henry Boyle,M,1897,-0.008647,-0.000747,-0.007900,0.015905,-0.497,0.000023,0.003031,0.00,0.6037
a7e358b0-517e-4972-89ff-d95f0797e1c7,Jase Edwards,M,2289,-0.003011,0.001913,-0.004923,0.012564,-0.392,0.000023,0.002998,0.00,0.3567
12682fd5-cce0-4377-aa0e-c234e1be6638,Jesse Ferlianto,M,479,-0.033332,-0.009041,-0.024291,0.027842,-0.872,0.000023,0.003069,0.00,0.0473
f72c029b-444a-49f1-a4f7-7bea007dc8ba,Jose Farias,M,526,-0.029971,-0.008607,-0.021364,0.026062,-0.820,0.000022,0.003066,0.00,0.3814
2f28b85f-2645-4f75-8571-67335413387b,Morgan Downing,F,995,-0.049295,-0.030650,-0.018644,0.024289,-0.768,0.000020,0.003063,0.00,-0.1946
07a9bb92-74c6-4aef-9148-83b4a3371691,Sarah Jane Lim,F,851,-0.024362,-0.009445,-0.014917,0.021699,-0.687,0.000020,0.003057,0.00,0.0855
53008558-000d-4162-8a34-9348d3f5322a,Jhonnatan Medina Alvarez,M,4543,0.000590,0.003884,-0.003294,0.010207,-0.323,0.000019,0.002955,0.00,0.2713
947ad32d-852b-4b3f-b488-c1f20147f44a,Brian Kerr,M,685,-0.037919,-0.018879,-0.019041,0.024440,-0.779,0.000018,0.003063,0.00,-0.0006
738265f6-e8cf-4d0c-8f2e-88ca455d1dc5,Ernesto Russo,M,1184,-0.008851,0.001132,-0.009983,0.017608,-0.567,0.000015,0.003041,0.00,-0.0036
a542c7e8-5602-480d-9fd2-b870091858e5,Chloe Zigliara,F,711,-0.038893,-0.024411,-0.014482,0.021002,-0.690,0.000009,0.003055,0.00,-0.2192
40ab197e-f916-4039-88de-1cb817d6e520,HE Phoenix,M,452,-0.040799,-0.012527,-0.028272,0.029189,-0.969,0.000006,0.003070,0.00,-0.1225
1e71a00f-4ec7-4a9b-9e13-c19e90e92598,Taylor Garcia,F,733,-0.033542,-0.006517,-0.027025,0.028461,-0.950,0.000004,0.003069,0.00,-0.0560
376dbe04-6c7e-42dc-9c5c-690a3b567f4f,Michael Fahey,M,499,-0.006794,0.006009,-0.012803,0.019553,-0.655,0.000003,0.003050,0.00,0.1352
eb3f00bd-6375-4e9f-9e4a-9a945ebdfd74,Anri Ferris,F,520,-0.040654,-0.013908,-0.026746,0.028207,-0.948,0.000002,0.003069,0.00,-0.0690
101e37db-cdb8-4c51-9630-2aecd12baa89,Jimmy Liong Kai Long,M,1630,-0.030440,-0.023003,-0.007438,0.014826,-0.502,-0.000001,0.003023,-0.00,0.2153
9e2a5ee1-cdc9-4635-a15a-540ee99192b7,Mitchell Hargreaves,M,1416,-0.023049,-0.012457,-0.010592,0.017487,-0.606,-0.000008,0.003040,-0.00,0.3284
66d6c944-63ff-400d-a729-da58b13dced2,Vova Zverkovsky,M,1107,-0.050878,-0.035011,-0.015867,0.021298,-0.745,-0.000011,0.003056,-0.00,-0.0902
64a6650b-96f6-4382-8db8-9edcd7838743,Kento Tamaki,M,3438,-0.020682,-0.016278,-0.004403,0.011205,-0.393,-0.000011,0.002977,-0.00,0.2506
0f2bcb8e-7a61-420c-ac30-b9626b8049a6,Caitlin Klaassen,F,3587,-0.004000,-0.000878,-0.003123,0.009328,-0.335,-0.000018,0.002931,-0.00,0.2688
5ba3597f-0147-4420-bbc3-00da18ccf339,Justin Hunter,M,514,-0.020512,0.002293,-0.022805,0.025247,-0.903,-0.000019,0.003065,-0.00,0.3473
e9849183-4693-4340-abf5-f4b6f3cb226f,Martin Emmrich,M,7405,-0.003188,-0.001079,-0.002109,0.007618,-0.277,-0.000021,0.002861,-0.00,0.6632
ea90bdd7-53bf-4892-8bc9-802c55feee1e,Ruben A Gonzales Jr,M,1389,-0.005326,0.004067,-0.009392,0.016126,-0.582,-0.000022,0.003032,-0.00,0.1364
14f68da3-a855-4656-a618-81b5d8ff6bec,Jarryd Woog,M,1764,-0.019688,-0.009091,-0.010597,0.017128,-0.619,-0.000022,0.003039,-0.00,0.2865
4de68830-5966-4b09-abbd-91bed22df13d,Cade Edwards,M,627,-0.038061,-0.010264,-0.027798,0.027634,-1.006,-0.000025,0.003068,-0.00,0.3226
d1045e15-2ae2-4e2c-b7ba-21a326affe05,Alexa Quintanilla,F,784,-0.009960,0.008090,-0.018050,0.022075,-0.818,-0.000031,0.003058,-0.00,0.2422
b67f32da-c777-48ab-a6bd-4f5087d2a40f,Ekaterina Biakina,F,2113,-0.026995,-0.017915,-0.009080,0.015614,-0.582,-0.000032,0.003029,-0.00,0.1799
8a71d348-6401-4068-bedd-f4ed30460d2f,Andrew Caldarella,M,2312,-0.026570,-0.018564,-0.008007,0.014620,-0.548,-0.000034,0.003021,-0.00,0.3024
e21cb6e0-aabb-43b2-a112-c0a0a59081bf,Oliver Frank,M,3010,0.010181,0.015546,-0.005365,0.011912,-0.450,-0.000036,0.002989,-0.00,0.5603
4e39b9bd-436d-495d-99d7-c2818bbea4ab,Camila Zilveti,F,3639,-0.039321,-0.033960,-0.005361,0.011885,-0.451,-0.000037,0.002988,-0.00,0.0355
079cece3-01b2-4dd1-9e95-957b83b14cd7,Victor Rodrigo,M,792,-0.019786,0.007644,-0.027430,0.026543,-1.033,-0.000049,0.003067,-0.00,0.4396
67e3b942-0f26-41b5-8abf-51fa09849e19,Walter Lau,M,450,-0.009960,0.011020,-0.020980,0.023143,-0.907,-0.000051,0.003060,-0.01,0.1590
b3dd67b6-42ba-4109-b974-149162bb7211,Federico Nani,M,665,-0.023653,0.004516,-0.028169,0.026742,-1.053,-0.000053,0.003067,-0.00,0.3151
8991011d-c11d-4049-a5ec-4cdf1421c607,Immanuel Zion,M,572,-0.040523,0.002744,-0.043267,0.032985,-1.312,-0.000057,0.003074,-0.00,-0.1733
ef40c5da-1ba2-403f-929c-38312222b8e0,Chiron Burl,M,709,-0.039030,-0.010798,-0.028232,0.026394,-1.070,-0.000063,0.003067,-0.00,0.4492
e48f177b-ac64-42a5-9dfc-d5e0ac5b3fa6,Michael Wolf,M,614,-0.037852,-0.012235,-0.025616,0.025013,-1.024,-0.000067,0.003064,-0.01,0.1926
666db10a-f8de-4310-a988-cb0005f38a30,Edgaras Zilys,M,514,-0.045434,0.002848,-0.048282,0.033853,-1.426,-0.000079,0.003075,-0.00,0.3516
9d80e298-b7d6-4094-988d-6dd488a91c52,Matt Rucinski,M,494,-0.031676,0.004980,-0.036656,0.029339,-1.249,-0.000083,0.003071,-0.01,0.3852
da1847da-b6a7-43cc-8ba1-1b6c775f29c4,Andrew Anh Pham,M,1419,-0.015751,-0.007513,-0.008238,0.013664,-0.603,-0.000094,0.003012,-0.01,0.0662
aabcf6ba-177f-4f35-ade3-0ea5de2f193f,Ben Slive,M,906,-0.022879,-0.005554,-0.017326,0.019793,-0.875,-0.000097,0.003051,-0.01,0.3137
eb14fc6e-ede1-4999-bec3-e36695e7f94e,Milan Rane,F,12438,-0.001364,0.000322,-0.001686,0.005990,-0.281,-0.000099,0.002744,-0.01,0.7214
b3edcbe7-c081-406a-b28e-3cd34988d4dd,Simone Leonard,F,1758,-0.028051,-0.015672,-0.012379,0.016662,-0.743,-0.000100,0.003036,-0.01,-0.0147
8a614993-d082-4ab8-af12-348c954ff276,Emanuel Dickson,M,1214,-0.021807,-0.004831,-0.016976,0.019513,-0.870,-0.000101,0.003050,-0.01,0.1011
a384ebf9-24d7-4624-a8a8-160bef70df63,Ammar Wazir,M,2342,0.002935,0.009493,-0.006558,0.012058,-0.544,-0.000101,0.002991,-0.01,0.5120
1e754a3f-b603-4e6f-b3d0-2cdd8819a267,Tucker Segars,M,443,-0.111293,-0.020129,-0.091164,0.045027,-2.025,-0.000106,0.003080,-0.01,0.0145
9b5db00a-b0b7-46a5-815d-56878e28326c,Nok Yiu Tang,F,1732,-0.015416,-0.004297,-0.011119,0.015649,-0.710,-0.000107,0.003029,-0.01,0.4270
5520bc45-676e-45a7-bf34-7d91529fdd63,Billy Buchhauser,M,751,-0.046411,-0.019692,-0.026719,0.024263,-1.101,-0.000109,0.003063,-0.01,-0.0293
17465066-7501-4a45-9185-6536cf0c7024,Ridley Seguso,M,544,-0.078192,-0.011723,-0.066469,0.038298,-1.736,-0.000109,0.003078,-0.01,-0.0175
e1588ddc-465b-4303-9659-dab2533f80ca,Emilien Burnel,M,681,-0.019921,0.007154,-0.027075,0.024361,-1.111,-0.000111,0.003063,-0.01,0.3816
b70cca60-0d9b-45e7-9327-ec95e850d1e2,William Hart,M,719,-0.055472,-0.019817,-0.035655,0.027957,-1.275,-0.000112,0.003069,-0.01,0.3437
cd1bf109-4907-4208-bca1-4d12f9494a4c,Casey Diamond,M,2717,-0.006947,0.000825,-0.007772,0.012874,-0.604,-0.000118,0.003002,-0.01,0.5004
07ba5aa2-4581-4f2e-a62a-ec802353725c,Irina Tereschenko,F,1056,-0.035811,-0.014591,-0.021220,0.021354,-0.994,-0.000119,0.003056,-0.01,0.5408
8df7caa9-af2f-4381-833a-f56776546f88,Claudio Quinones Garcia,M,3022,-0.009477,-0.004032,-0.005445,0.010722,-0.508,-0.000120,0.002967,-0.02,0.3648
626853e5-c9a6-40df-9a45-24381fc6ba69,Rosen Naydenov,M,704,-0.018393,0.002628,-0.021021,0.021143,-0.994,-0.000124,0.003055,-0.02,0.3122
4e73b5b4-d734-4258-91cf-b678d08200a9,Maria Ford,F,1171,-0.010615,0.006422,-0.017037,0.019006,-0.896,-0.000124,0.003048,-0.01,0.2015
84a2e8e4-b4fd-4625-8011-244c37e62b72,Jessica Mason,F,2604,-0.029894,-0.021123,-0.008771,0.013554,-0.647,-0.000127,0.003010,-0.01,-0.4160
6ecac506-64e3-44ea-b82f-689fad6865e0,Tya Karina,F,903,-0.031134,-0.005529,-0.025605,0.023265,-1.101,-0.000127,0.003061,-0.01,0.0933
2752134c-3e9c-4932-8c3f-8165cc1e7e08,Joseph Alvarez,M,527,-0.015171,0.005690,-0.020861,0.020877,-0.999,-0.000131,0.003054,-0.03,0.6308
ef48b1dc-afd3-4788-bed3-246eb81b57e6,Cheng En Tsai,M,585,-0.022230,0.008590,-0.030819,0.025272,-1.219,-0.000136,0.003065,-0.01,0.0119
f843b220-41cb-4203-831b-6aac32b8f02a,Riley Inn,M,2097,-0.001508,0.008383,-0.009891,0.014245,-0.694,-0.000136,0.003017,-0.01,0.4923
46ac090a-65d8-4ef5-a469-7bc7a80f0503,John Macauley,M,618,-0.072583,-0.015827,-0.056756,0.034311,-1.654,-0.000137,0.003075,-0.01,-0.1357
75b14d37-7db7-492d-8a47-fe11d5aa2f82,Mayu Ito,F,1050,-0.049891,-0.030663,-0.019228,0.019854,-0.969,-0.000140,0.003051,-0.01,-0.1325
178d7b4e-dd30-4bf3-a0ea-cf5349e57dd8,Matthew Deaver,M,473,-0.066911,-0.020147,-0.046763,0.030989,-1.509,-0.000141,0.003072,-0.01,0.0195
4565d8c4-de25-4391-bcf3-3e822ad7783d,Jai Grewal,M,538,-0.047847,0.000887,-0.048734,0.031594,-1.543,-0.000142,0.003073,-0.01,0.1733
5f23308c-2443-4583-aa04-254e664a328c,HO Tam,F,1941,-0.011865,-0.004898,-0.006967,0.011839,-0.588,-0.000142,0.002988,-0.02,0.3313
7d1a5320-aaee-46b1-a912-da2edd195248,Rika Fujiwara,F,1166,-0.021708,-0.006344,-0.015364,0.017637,-0.871,-0.000144,0.003041,-0.02,0.1662
79a11da1-6aeb-4719-9b1e-9918e0163cec,Christian Alshon,M,26635,0.021528,0.022379,-0.000851,0.003796,-0.224,-0.000145,0.002395,-0.01,1.0143
34270d82-e968-407d-a918-8aa57f0123a6,Elsie Hendershot,F,3394,-0.017545,-0.010084,-0.007461,0.012087,-0.617,-0.000155,0.002991,-0.01,0.3731
7f36e416-0907-43b2-8ec4-e9533088e30f,Bobbi Oshiro,F,1789,-0.005876,0.007853,-0.013729,0.016454,-0.834,-0.000156,0.003035,-0.01,0.8971
bcff0807-8dc8-4322-b1dc-a713b611cd4f,Mihika Yadav,F,501,-0.048107,-0.001722,-0.046385,0.030326,-1.530,-0.000157,0.003072,-0.01,-0.1480
74afd19c-8f82-4ca2-9345-e4d693111033,Marshall Brown,M,9977,-0.008349,-0.006234,-0.002115,0.006221,-0.340,-0.000160,0.002766,-0.02,0.6011
bf59aa30-8db2-4ef6-9d7d-28ca1e32346c,Kara Andrews,F,531,-0.101293,-0.058770,-0.042523,0.028826,-1.475,-0.000164,0.003070,-0.01,-0.3533
5883c77e-d6e0-4848-9473-866396578248,Audrey Adele Brown,F,3481,-0.032398,-0.024928,-0.007470,0.011959,-0.625,-0.000165,0.002989,-0.01,-0.1830
ae06a675-5997-41b0-a199-6da1bb0b49a1,Giorgia Vitale,F,1182,-0.028709,-0.009404,-0.019305,0.019227,-1.004,-0.000171,0.003048,-0.02,0.3841
28084fc7-8653-4ff0-bc3b-1bf582d03a75,Jay Evans,M,1670,-0.036503,-0.023677,-0.012827,0.015588,-0.823,-0.000174,0.003029,-0.01,-0.2969
1c565be0-8543-4679-8dad-1bc917b2f41c,Alexandre Gauthier,M,582,-0.026895,0.007152,-0.034047,0.025250,-1.348,-0.000184,0.003065,-0.02,-0.1374
fe1a9f36-62eb-4ce2-b068-cb754c00051e,Nicola Schoeman,F,2021,-0.007321,0.003748,-0.011069,0.014274,-0.775,-0.000187,0.003018,-0.02,0.5746
11124e87-7f5d-45fd-8282-728c39068a3c,Nick Black,M,2230,-0.011295,-0.003471,-0.007824,0.011938,-0.655,-0.000189,0.002989,-0.02,0.3818
a8256366-d2f9-4787-bf8c-d8e76c55fa86,Mouaad Alhouni,M,2465,-0.018907,-0.008860,-0.010048,0.013528,-0.743,-0.000191,0.003010,-0.02,0.1559
6aa0a796-9759-40f5-9c8f-bf4461d032fb,Helena Jansen,F,4961,-0.012244,-0.007580,-0.004665,0.009017,-0.517,-0.000201,0.002921,-0.02,0.3578
15156d9c-65c8-4a3c-a392-c3082975cfc4,James Broker,M,1772,-0.002786,0.008846,-0.011632,0.014377,-0.809,-0.000205,0.003019,-0.02,0.1548
79046b96-4601-4443-ad6a-b1d2451be668,Rachel Summers,F,2822,-0.030373,-0.018255,-0.012118,0.014662,-0.827,-0.000206,0.003021,-0.01,0.2487
af94be9e-b2f9-413a-aa9c-450cf6021c10,Michael Vallejo,M,570,-0.078743,-0.011164,-0.067579,0.034763,-1.944,-0.000209,0.003075,-0.01,0.1626
2debba8d-e0c6-4fec-9ff2-dcb4732abe90,Chandra Kusuma,F,659,-0.040788,-0.007223,-0.033565,0.024295,-1.382,-0.000217,0.003063,-0.02,0.0845
f5e7df5b-e14b-4a8d-9c13-e7b73ff4e48c,Sebastian Herrera,M,1771,-0.002854,0.006640,-0.009494,0.012772,-0.743,-0.000220,0.003001,-0.04,0.1871
d56a6779-9a18-4f34-9519-9a7c7c8b2d0e,Derek Shearer,M,964,-0.045548,-0.020842,-0.024706,0.020683,-1.195,-0.000224,0.003054,-0.02,0.1540
05bf7513-7f0a-4f6b-bc11-5d4b14314d91,Tom Protzek,M,9746,0.000609,0.002873,-0.002264,0.005957,-0.380,-0.000226,0.002741,-0.03,0.5601
7bf10f67-cf48-4d2d-96ea-4e7d2646d9a8,Ryan Smith,M,1024,-0.028987,-0.009055,-0.019932,0.018481,-1.079,-0.000228,0.003045,-0.02,0.3177
1936f665-e630-462a-bd89-0dcfcf7c9e6b,Indigo Dagnall,M,2320,-0.028621,-0.014190,-0.014431,0.015676,-0.921,-0.000229,0.003029,-0.02,0.3115
3b7dc75e-0c73-4576-872a-a32e27106d67,Cole Whitaker,M,454,-0.071920,-0.013055,-0.058865,0.031572,-1.864,-0.000239,0.003073,-0.02,0.2509
237778ff-378f-4f99-82cb-cc3bb7b5d02e,Caleb Herrick,M,840,-0.047895,-0.026409,-0.021486,0.018961,-1.133,-0.000241,0.003047,-0.03,0.1420
61e0ca34-5642-40bd-9eaf-acd7ea93480a,Marcel Chan,M,615,-0.032563,-0.002557,-0.030006,0.022424,-1.338,-0.000242,0.003059,-0.03,0.2614
091e8c64-3b31-4263-889e-7170c2313b97,Santhosh Narayanan,M,1481,-0.004551,0.014466,-0.019017,0.017687,-1.075,-0.000250,0.003042,-0.02,0.4653
ab473dbc-8449-427a-968d-5f59bd1f65fd,Eunggwon Kim,M,3248,-0.000666,0.005728,-0.006393,0.010104,-0.633,-0.000252,0.002953,-0.03,0.5052
bf84d952-c6a8-4494-943d-064b223e764f,Estee Widdershoven,F,4329,-0.002322,0.004564,-0.006886,0.010484,-0.657,-0.000253,0.002962,-0.02,0.7236
3aaa968d-90ed-4a57-bc29-938a618b6aa9,Jamie Haas,F,2345,-0.013509,-0.001758,-0.011751,0.013802,-0.851,-0.000253,0.003013,-0.02,0.5009
1e5d81dc-961d-455a-b80f-d6c30c518cde,Caden Nemoff,M,3865,-0.022892,-0.014833,-0.008058,0.011298,-0.713,-0.000260,0.002978,-0.02,0.0946
bbf16648-a08b-4864-ad42-80848523bf44,Chelsea Purcell,F,500,-0.057469,-0.021726,-0.035743,0.024011,-1.489,-0.000265,0.003062,-0.03,0.1834
89d0497d-bd25-485e-a32c-872afa95b3d5,Mary Monson,F,850,-0.022046,0.006640,-0.028686,0.021480,-1.335,-0.000265,0.003056,-0.03,-0.0314
b1ab7d76-a859-4136-8405-3ed7c9be287a,Mari Humberg,F,12265,0.006227,0.008846,-0.002619,0.006006,-0.436,-0.000293,0.002746,-0.02,0.9922
5c35babd-ded9-4e8f-a70e-5712c2a95d50,Sophia Phuong Anh Tran,F,2264,-0.015464,-0.005795,-0.009669,0.012038,-0.803,-0.000295,0.002991,-0.03,0.2378
316a0784-5829-4fad-89a1-438e5aac2504,Jazz Hearn IV,F,1002,-0.042772,-0.009549,-0.033222,0.022499,-1.477,-0.000298,0.003059,-0.02,-0.0262
f6fa549d-8a9c-46fd-aeb8-af8a3f0f7a59,Robert Slutsky,M,853,-0.036939,0.001802,-0.038741,0.024260,-1.597,-0.000301,0.003063,-0.02,0.8246
5c5c1775-a31b-4f49-b822-42afe860fd24,Stephen Bass,M,991,-0.025535,0.000302,-0.025838,0.019643,-1.315,-0.000309,0.003050,-0.03,0.1720
6e4cfa2f-6e11-4c05-9490-059d6218a579,Brett Finan,M,909,-0.023678,-0.005522,-0.018156,0.016394,-1.108,-0.000311,0.003034,-0.06,0.1219
ea0b7d06-7e9f-4786-a4ed-24da5029559f,Dale Kim,M,1685,-0.026478,-0.009941,-0.016537,0.015604,-1.060,-0.000313,0.003029,-0.03,0.3563
30d7759b-93f0-467d-a07a-970ecfac06ba,Cameron Luhring,M,2243,-0.001495,0.008866,-0.010361,0.012277,-0.844,-0.000313,0.002994,-0.04,0.5997
7886d6aa-2310-4ae8-9874-f0fc9c3e534f,James Delgado,M,10156,-0.003080,-0.000159,-0.002921,0.006244,-0.468,-0.000315,0.002768,-0.03,0.4910
e4bf2cca-f71a-4ded-89fe-39db811423db,Jace Howard,M,1676,-0.028954,-0.014034,-0.014920,0.014782,-1.009,-0.000315,0.003022,-0.03,0.3659
0142557a-6231-455b-8eee-daf5f67fc1ff,James Seagraves,M,2030,-0.009689,0.004662,-0.014350,0.014464,-0.992,-0.000317,0.003019,-0.03,0.2372
42b8527d-b84e-4f50-8e0b-5937664981e3,Sanil Jagtiani,M,2038,-0.004388,0.008798,-0.013186,0.013845,-0.952,-0.000318,0.003013,-0.03,0.5482
9db29a7a-1fce-4394-a1f0-a5fbd2bc2e7b,Jake Anderson,M,2553,-0.018336,-0.009418,-0.008918,0.011300,-0.789,-0.000320,0.002978,-0.03,0.2667
89ccc27e-1751-4730-a998-db0cb9224349,Brooke Revuelta,F,843,-0.036193,-0.013359,-0.022834,0.018164,-1.257,-0.000328,0.003044,-0.05,0.2439
ac1f0c8e-dc15-4277-8a62-3b81f29ad15d,Jake Faryniarz,M,488,-0.087339,-0.014641,-0.072698,0.032571,-2.232,-0.000328,0.003074,-0.03,0.2741
ce10eeaa-0854-4c37-ab63-73f16bed85bc,Syed Uzair Sufi,M,1507,-0.019776,-0.001710,-0.018066,0.016110,-1.121,-0.000329,0.003032,-0.03,0.2281
00ab134c-1282-4628-824f-88a0cea38214,Luke Cartenuto,M,744,-0.051329,-0.013591,-0.037738,0.023354,-1.616,-0.000332,0.003061,-0.03,0.2483
c96f7a83-9cc1-4fbe-a610-126ed8e3a202,Gregory Dow,M,4903,-0.020481,-0.014096,-0.006385,0.009377,-0.681,-0.000334,0.002933,-0.03,0.4427
aec5d8be-9ce0-4cc5-98a4-140fad555fe0,Donald Young,M,11300,-0.005676,-0.003121,-0.002556,0.005642,-0.453,-0.000341,0.002708,-0.04,0.6650
c62c2081-d9ce-4750-93f5-c9163bf46f74,Yaamunan Venkatesan,M,990,-0.049260,-0.009088,-0.040172,0.023909,-1.680,-0.000342,0.003062,-0.02,0.0421
4d73f750-808b-4f08-a96f-359f8835df54,Izaak Gonzalez,M,720,-0.062818,-0.016481,-0.046337,0.025363,-1.827,-0.000359,0.003065,-0.03,-0.2242
69633ccf-87be-4975-a578-53d6e166c91b,Wil Shaffer,M,3616,-0.019737,-0.011545,-0.008192,0.010441,-0.785,-0.000363,0.002961,-0.04,0.1353
48359011-0793-437a-bfa2-b7a4c5194689,Roger Dugas,M,791,-0.073072,-0.013391,-0.059681,0.028655,-2.083,-0.000367,0.003070,-0.02,0.1139
ead35052-7367-4296-96d4-064f546cc2b9,CJ Klinger,M,12109,0.007965,0.011021,-0.003056,0.006089,-0.502,-0.000369,0.002754,-0.03,0.7577
933fac6e-8051-4159-ae46-234b386c85b0,George Congdon,M,998,-0.003465,0.016022,-0.019487,0.016186,-1.204,-0.000373,0.003033,-0.07,0.2060
55b78314-2f02-4a0c-83c2-b7cbfd8b4329,Madalina Grigoriu,F,4304,-0.004917,0.004475,-0.009391,0.011080,-0.848,-0.000378,0.002974,-0.03,0.3626
6cea98b2-6f2a-4759-9e98-5f878e2e3bf4,Thomas Provost,M,804,-0.083450,-0.030417,-0.053033,0.026683,-1.987,-0.000383,0.003067,-0.02,-0.1775
82c003c2-8144-4d6a-85c8-9271e63514c4,Zefeng Li,M,636,-0.055608,-0.011845,-0.043764,0.024020,-1.822,-0.000395,0.003062,-0.05,0.1091
602ac701-c27e-408d-9e4e-1f7c02578def,Tam Trinh,M,3974,-0.015851,-0.006420,-0.009430,0.010930,-0.863,-0.000399,0.002971,-0.03,0.4181
1d701c30-6b5d-485f-ae97-60f3b0c50896,Zoey Weil,F,8191,-0.004296,-0.000117,-0.004179,0.007068,-0.591,-0.000399,0.002829,-0.03,0.6966
33116bdf-0bf4-4281-bbd8-6f4090e9312c,Kara Wheatley,F,977,-0.036362,0.002076,-0.038438,0.022355,-1.719,-0.000404,0.003058,-0.03,0.3370
7969379b-12b1-4f80-8fa2-0e548c1e4127,Julian Slive,M,541,-0.023694,0.008185,-0.031879,0.020268,-1.573,-0.000408,0.003052,-0.07,0.1047
6794d224-7da3-43d9-8300-e24e731f5dea,Samantha Parker,F,6961,-0.012107,-0.007586,-0.004522,0.007313,-0.618,-0.000411,0.002844,-0.04,0.7293
d1ca938d-f130-4aa7-a753-1004bd0661e6,Caroline Maguire,F,1571,-0.035909,-0.017391,-0.018517,0.015221,-1.217,-0.000423,0.003026,-0.05,0.0047
ec94501d-8b59-4236-b77d-7238f8925e48,Marcela Aguila Ampon,F,7226,-0.026281,-0.021236,-0.005045,0.007684,-0.657,-0.000424,0.002865,-0.04,0.2177
4b52c4a5-80c7-49e1-9728-460a9d242392,Phillip Locklear,M,1332,-0.024896,0.003683,-0.028579,0.018841,-1.517,-0.000434,0.003047,-0.03,0.5019
35f81e87-382e-41cc-9bab-687116861954,Jace Morris,M,5380,-0.012874,-0.006115,-0.006759,0.008777,-0.770,-0.000458,0.002913,-0.04,0.4905
493d192e-3eff-4058-8f2f-fa84530b5a39,Easton Horricks,M,2920,-0.006158,0.005722,-0.011880,0.011812,-1.006,-0.000458,0.002987,-0.05,0.1979
a9a168ae-7822-4d31-b07b-fba40480c1fc,Brandon French,M,10188,-0.010294,-0.006987,-0.003306,0.005886,-0.562,-0.000461,0.002734,-0.05,0.5871
80217cca-df99-4019-a90f-385622ca057a,Zach Gonnering,M,6349,-0.019415,-0.014032,-0.005383,0.007723,-0.697,-0.000464,0.002867,-0.05,0.0417
69f2c636-4483-4d7b-81bd-e2ac920b88e0,Angel Hernandez,M,422,-0.058624,0.001292,-0.059915,0.026776,-2.238,-0.000468,0.003067,-0.05,0.1200
8e2f9629-19d0-409d-81dc-b64fe2f3d3ff,Jessie Irvine,F,16667,0.003980,0.006550,-0.002570,0.005024,-0.512,-0.000471,0.002631,-0.04,0.7421
a9950e78-2b86-495e-a0d2-bb8efac93531,Malia K Lum,F,1048,-0.043090,-0.007614,-0.035476,0.020498,-1.731,-0.000472,0.003053,-0.03,0.3400
71992955-8b6f-470b-a991-796cfa56a826,Liz Truluck,F,12882,-0.009869,-0.006617,-0.003252,0.005724,-0.568,-0.000484,0.002717,-0.04,0.6809
2c1692a6-0fa2-47b0-9d2b-e12b5c054ef4,Janet Liu,F,2319,-0.013506,0.002813,-0.016319,0.013613,-1.199,-0.000492,0.003011,-0.04,0.2224
b046a7b0-2e97-403a-b28a-210cca13d0cc,Omar Garcia-Heredia,M,776,-0.063390,-0.019543,-0.043847,0.022497,-1.949,-0.000495,0.003059,-0.05,0.4776
ab4e123b-f089-497a-ac5d-5b5065a1fcf9,Michael Coleman,M,1425,-0.034307,-0.013184,-0.021124,0.015285,-1.382,-0.000519,0.003026,-0.07,0.1281
3fc3a7df-63dc-4bcd-afd8-9bce53dd257c,Carl Hilliard,M,1038,-0.041614,-0.001517,-0.040097,0.020907,-1.918,-0.000541,0.003054,-0.05,0.4179
4057f30d-d42a-4189-a158-11576fb5f52a,Blaine Hovenier,M,12615,-0.007827,-0.004158,-0.003668,0.005851,-0.627,-0.000547,0.002731,-0.04,0.6497
736475dd-7ccd-40d8-8b43-8c2d9ef9e674,Maggie Brascia,F,6966,-0.004435,0.000889,-0.005324,0.007233,-0.736,-0.000548,0.002840,-0.05,0.7340
1dd5c313-10f5-4e0a-bb9b-699913a5abe8,Mary Brascia,F,13161,0.002391,0.005544,-0.003154,0.005313,-0.594,-0.000555,0.002669,-0.06,0.5899
bd7773b4-7b8e-4da2-96ce-98fe3490ee93,Lindsey Newman,F,4482,-0.018016,-0.009229,-0.008787,0.009405,-0.934,-0.000564,0.002933,-0.05,0.5532
16e2bfc0-c047-47a9-851d-1cc79ad3f7b1,Chase Womack,M,1057,-0.051439,-0.013480,-0.037959,0.019864,-1.911,-0.000581,0.003051,-0.05,0.2505
9c48e40b-ebfa-49d4-a3b9-c487c0248567,Aibika Kalsarieva,F,627,-0.065775,0.010764,-0.076538,0.028249,-2.709,-0.000585,0.003069,-0.04,0.5055
a3ed7970-35d2-485c-8285-187c298a2d83,Lacy Schneemann,F,14661,0.000410,0.003748,-0.003338,0.005376,-0.621,-0.000586,0.002677,-0.05,0.8950
b9078ad5-9d55-4617-9c9d-131823dfca0b,Luke Ness,M,2633,-0.010373,0.001519,-0.011892,0.010696,-1.112,-0.000618,0.002966,-0.08,0.1609
30eb9a2b-1570-473f-8cf1-0f7c9d21b303,Zane Navratil,M,9675,-0.004388,0.000415,-0.004803,0.006452,-0.744,-0.000633,0.002785,-0.05,0.5808
57d81852-8998-4d7c-9ed6-737c404c8650,Jericho Grollman,M,1784,-0.021211,-0.000631,-0.020580,0.014060,-1.464,-0.000640,0.003016,-0.06,0.4093
358376d4-f156-492c-b4c6-0bd3f5a69f86,Justin Dages,M,1393,-0.058826,-0.017689,-0.041137,0.019963,-2.061,-0.000647,0.003051,-0.05,0.0115
db21a8a7-2a8d-4601-9c95-f00c80a982f0,Miguel Alda,M,2748,-0.000652,0.015370,-0.016023,0.012173,-1.316,-0.000666,0.002993,-0.08,0.3084
9034d36a-1b11-4c9d-ad75-5c665d87b8c5,Pierina Imparato,F,6599,-0.018039,-0.011331,-0.006708,0.007610,-0.882,-0.000672,0.002861,-0.06,0.4817
1c49ab19-88d1-43b4-94cb-ab7ec9205ec9,Regina Goldberg,F,2287,-0.018665,0.001611,-0.020276,0.013709,-1.479,-0.000672,0.003012,-0.05,0.2742
12d79cbe-b5c7-4504-ab8f-f352a6bb8629,Thomas Wilson,M,3419,0.004748,0.014882,-0.010134,0.009500,-1.067,-0.000677,0.002936,-0.07,0.8655
348255bf-f94e-47cb-ab5d-95969c2bd7b9,Aiko Yoshitomi,F,3894,-0.026706,-0.012638,-0.014068,0.011253,-1.250,-0.000685,0.002977,-0.05,0.2327
9decd87b-03ac-4d79-a1e7-d03ca3f7519b,James Ignatowich,M,10545,0.002151,0.006947,-0.004796,0.006191,-0.775,-0.000697,0.002763,-0.06,0.6461
f13c20c3-1fed-4a9e-abec-f3f3bf1f8f91,Anne-Sophie Courteau,F,3226,-0.014562,0.001030,-0.015592,0.011786,-1.323,-0.000700,0.002987,-0.06,0.2896
d0a30dc1-a7d7-475c-bfc9-d55e0aa8e7e3,Ethan Bakalinsky,M,2269,-0.019288,-0.003563,-0.015724,0.011705,-1.343,-0.000722,0.002985,-0.09,0.3149
337c76f4-2e83-4a59-b66b-7dc2e0555ce2,Cassidy Hoag,F,2809,-0.024910,-0.008350,-0.016560,0.011991,-1.381,-0.000728,0.002990,-0.06,0.4534
e4adde58-d9a0-4f1c-afb4-96bbc7f33d22,Benjamin Grant,M,646,-0.069048,-0.009498,-0.059551,0.022835,-2.608,-0.000753,0.003060,-0.07,-0.0299
306da673-de7e-44f5-bc16-0738b44bd089,Christopher Crouch,M,7446,-0.010518,-0.004521,-0.005997,0.006799,-0.882,-0.000758,0.002811,-0.08,0.5109
258ef186-666f-4fb3-be50-916b633c96e6,Maximilian Wild,M,4542,-0.008855,0.002417,-0.011272,0.009631,-1.170,-0.000758,0.002940,-0.08,0.3233
dc7f6ac5-f007-4b8f-b343-95e524dc7d0a,Luc Pham,M,5601,-0.009979,-0.002380,-0.007599,0.007768,-0.978,-0.000759,0.002869,-0.09,0.4861
c32446f8-bb47-4d48-8d5b-26aba4b20cb2,Trang Huynh,F,1812,-0.049938,-0.008207,-0.041732,0.018934,-2.204,-0.000767,0.003047,-0.04,0.4878
2feffeaa-aca5-4c5d-aad6-62eb0d38a6be,Abigail Okelley,F,1391,-0.045738,-0.013744,-0.031994,0.016477,-1.942,-0.000774,0.003035,-0.07,-0.1077
52690a0c-ed4a-4e0b-bf69-4ef416cf7d55,Eric Oncins,M,13505,0.005692,0.010088,-0.004396,0.005567,-0.790,-0.000788,0.002700,-0.06,0.9479
c4ca8085-84ed-451f-81c0-6df4a1c8d59f,Dominique Schaefer,F,5699,-0.021562,-0.011907,-0.009656,0.008652,-1.116,-0.000805,0.002908,-0.07,0.5221
e2466ee7-aaa4-4c6a-a288-63e717054640,Bret Berryman,M,7538,-0.008270,-0.000749,-0.007521,0.007515,-1.001,-0.000811,0.002856,-0.08,0.1904
7925aefe-e260-4b83-8bfc-214da1d14fb5,Travis Rettenmaier,M,7479,-0.007725,-0.000696,-0.007030,0.007222,-0.973,-0.000814,0.002839,-0.07,0.5578
ec4cdfe2-c6f6-4de1-824e-9adcaeb31196,Judit Castillo,F,12154,-0.004582,0.000266,-0.004847,0.005802,-0.835,-0.000819,0.002726,-0.08,0.7037
d8610fd6-1ab3-409a-bea3-d7f7b87d7ee0,Shea Donahue,F,3034,-0.007404,0.009095,-0.016498,0.011359,-1.452,-0.000835,0.002979,-0.09,0.1668
0d23964f-d43f-4006-b1e0-13001393216c,Ross Whittaker,M,6736,-0.011954,-0.004997,-0.006958,0.007099,-0.980,-0.000836,0.002831,-0.09,0.4754
f4c43443-fdff-4344-b291-274cfd26361e,Juan Benitez,M,7420,-0.007362,-0.000399,-0.006964,0.007061,-0.986,-0.000847,0.002829,-0.09,0.6820
0c1bb94d-3af2-42f4-b938-d712c707ace4,Callie Smith,F,11527,0.001051,0.006352,-0.005302,0.006007,-0.883,-0.000853,0.002746,-0.06,0.6431
1bb8b2c1-ca6f-45ac-afdd-fab7e77d69d4,Noe Khlif,M,18574,0.008269,0.011804,-0.003535,0.004651,-0.760,-0.000858,0.002572,-0.08,0.7918
2c2a2b82-9ec7-4046-97cb-3a199ed507af,Oscar Serra,M,2323,-0.010842,0.012694,-0.023535,0.013458,-1.749,-0.000871,0.003009,-0.07,0.7280
1728d016-1f02-4789-be73-63d12d5a5b42,Parris Todd,F,20262,0.020130,0.023520,-0.003390,0.004478,-0.757,-0.000874,0.002542,-0.08,1.1390
4af4d4d1-9f87-4dc7-95f2-b10751d44c15,Tama Shimabukuro,M,8746,-0.002322,0.004205,-0.006526,0.006649,-0.981,-0.000893,0.002800,-0.09,0.6376
66a6c35b-33a2-4a23-b5db-fa53c96d643a,Kaitlyn Christian,F,22674,0.003983,0.007121,-0.003138,0.004109,-0.764,-0.000927,0.002468,-0.10,0.6287
1d51becb-4ea0-4878-9660-e3fd2dfaa0ea,Ewa Radzikowska,F,3940,-0.019923,-0.003640,-0.016283,0.010812,-1.506,-0.000930,0.002969,-0.06,0.8522
c971bb40-090b-4e47-be58-905495e38401,Miles Hoover,M,6407,-0.004361,0.004721,-0.009082,0.007681,-1.182,-0.000986,0.002865,-0.11,0.3473
469988c9-b401-4c68-9e07-e1b1b104b791,Yates Johnson,M,10184,-0.006772,-0.000484,-0.006288,0.006165,-1.020,-0.001003,0.002761,-0.10,0.3689
89843e44-48fd-4a3f-b8c0-5f5aa6ae5741,Dekel Bar,M,12456,0.005936,0.011661,-0.005725,0.005665,-1.011,-0.001063,0.002711,-0.08,0.7618
ba70f3a5-4693-4aa8-a8cc-1b5c0544b75a,Nicholas Romano,M,3301,-0.007300,0.010423,-0.017724,0.010600,-1.672,-0.001089,0.002964,-0.12,0.3274
87d60b6f-6f2e-4610-ab89-487e8acc097e,Mya Bui,F,7751,-0.015781,-0.006235,-0.009546,0.007535,-1.267,-0.001097,0.002857,-0.09,0.4678
dd2f2fe3-5333-4036-9d88-f108bdcee3fc,Giovanna Morelli,F,3377,-0.028276,-0.010424,-0.017852,0.010592,-1.685,-0.001101,0.002964,-0.10,0.2832
cc8832b9-9a8f-4cbc-8eff-b20e9a7ff09a,Jaume Martinez Vich,M,20951,0.006934,0.011023,-0.004089,0.004352,-0.940,-0.001155,0.002518,-0.11,0.6923
0b75af4a-8c68-4ff7-a2f1-09bda71b5bed,Andre Mercado,M,4540,-0.029540,-0.013451,-0.016089,0.009765,-1.648,-0.001170,0.002944,-0.09,0.2609
2a490031-a7b4-4833-8d61-b9970960d2dc,Monika Wynne,F,2684,-0.029276,0.002861,-0.032137,0.014003,-2.295,-0.001183,0.003015,-0.08,0.1158
614e164a-4197-44eb-855c-586cf79fbfc9,Ivan Jakovljevic,M,10015,-0.017093,-0.008923,-0.008169,0.006584,-1.241,-0.001209,0.002795,-0.11,0.5163
ad6e69ff-7913-4b21-86dd-9489f749be01,Paula Rives,F,5041,-0.024070,-0.011322,-0.012748,0.008468,-1.505,-0.001212,0.002901,-0.12,0.4726
91b0e3f3-1c82-4d35-bb91-9bd7dbead748,91b0e3f3,,1064,0.003433,0.053421,-0.049988,0.017217,-2.903,-0.001246,0.003039,-0.09,
e319e2cf-0fce-4c72-9197-f2674c7595b8,Zak Parks,M,1562,-0.038223,-0.000528,-0.037695,0.014792,-2.548,-0.001265,0.003022,-0.14,0.4968
33292af3-984d-4752-8d18-b3a5c147e9fe,Armaan Bhatia,M,4580,-0.012379,0.004713,-0.017092,0.009749,-1.753,-0.001265,0.002943,-0.10,0.7666
ab3af95f-cc49-4ff2-a731-668dd10a6b50,Farzin Amiri,M,2404,-0.033203,0.000966,-0.034169,0.013998,-2.441,-0.001278,0.003015,-0.11,0.2496
f370a1a0-2e1a-463b-a35c-30899131f7d6,Troy Akin,M,4435,0.002200,0.014564,-0.012364,0.008089,-1.528,-0.001291,0.002885,-0.20,0.4452
f86cff72-5f9c-40b1-9f28-f28aafae245f,Wyatt Stone,M,9012,-0.017150,-0.007845,-0.009305,0.006626,-1.404,-0.001395,0.002799,-0.12,0.6431
50908953-a944-4a34-898b-16af312bc814,Rachel Rohrabacher,F,16182,0.017509,0.024535,-0.007026,0.005514,-1.274,-0.001432,0.002694,-0.09,1.1172
45e53881-72e4-4de1-9763-c2e7f7f854ba,Andrea Koop,F,3997,-0.012811,0.006299,-0.019110,0.009735,-1.963,-0.001454,0.002943,-0.12,0.6016
763b4d27-8140-47cd-86f5-982706cd4ebb,Michael Loyd,M,12499,-0.009350,-0.001605,-0.007745,0.005601,-1.383,-0.001558,0.002704,-0.15,0.6160
66e1ddf7-61f6-4683-afdf-b6cc313af407,Todd Fought,M,5124,-0.029811,-0.008950,-0.020861,0.009599,-2.173,-0.001664,0.002939,-0.11,0.4020
a2c56686-b330-41e4-b7e8-bda8a3ec97a8,Ryan Fu,M,8390,-0.020921,-0.010172,-0.010749,0.006598,-1.629,-0.001667,0.002796,-0.17,0.6603
43df1205-e834-4427-9f1a-4e173bf93296,Grayson Goldin,M,8963,0.001258,0.011486,-0.010227,0.006328,-1.616,-0.001706,0.002775,-0.18,0.5538
14d61e81-14d5-4cb3-ae33-d427fbc1b4f6,Quang Duong,M,9728,0.005148,0.016526,-0.011378,0.006704,-1.697,-0.001726,0.002804,-0.14,0.7965
cd7b97fc-d912-4c59-8ab3-c2d70e79d998,Lina Padegimaite,F,9460,-0.009271,0.002149,-0.011420,0.006669,-1.712,-0.001751,0.002802,-0.14,0.4700
5f367bee-cf3e-4aad-a6e6-72cca04d97e2,Angie Walker,F,10421,-0.016660,-0.006646,-0.010014,0.006158,-1.626,-0.001754,0.002760,-0.16,0.5542
581183e8-3d9e-459e-b69f-7337d8b6f3d2,Andrei Daescu,M,17876,0.015465,0.022124,-0.006659,0.004653,-1.431,-0.001812,0.002573,-0.14,0.9750
ba491f1c-0112-47a8-a348-4695289e958a,Augustus Ge,M,14653,-0.002894,0.005198,-0.008092,0.005282,-1.532,-0.001821,0.002665,-0.16,0.7419
7edb882c-6d17-4129-8208-710e3c82364c,Federico Staksrud,M,35442,0.019813,0.024208,-0.004395,0.003383,-1.299,-0.001821,0.002281,-0.17,0.9050
06ba18e0-687b-4aa3-822d-1c86981f576b,Rafa Hewett,M,15698,-0.007907,-0.000835,-0.007072,0.004807,-1.471,-0.001838,0.002598,-0.21,0.6611
bd061b42-2f82-4bbe-82be-d8bcfb37f9e1,JW Johnson,M,23821,0.012604,0.018578,-0.005974,0.004245,-1.407,-0.001857,0.002497,-0.15,1.0854
1de884f8-7bf7-4b49-9de8-3f1fd74cabd6,Dylan Frazier,M,22336,0.010271,0.016292,-0.006021,0.004152,-1.450,-0.001937,0.002478,-0.19,0.7531
06dc9b8a-5c01-49cf-bb4d-70d7b5f85acf,Brooke Buckner,F,19057,0.006849,0.014611,-0.007762,0.004626,-1.678,-0.002169,0.002568,-0.21,0.7261
608756f6-bfc7-41b5-9cfd-5e69eacfe513,Victoria Dimuzio,F,5303,-0.028982,-0.004592,-0.024389,0.009157,-2.663,-0.002200,0.002926,-0.18,0.4487
efe9989b-5864-48c2-806c-06697024e1da,Allyce Jones,F,12277,-0.010558,0.002341,-0.012899,0.006150,-2.098,-0.002340,0.002759,-0.16,0.8269
50c2125b-406c-41e7-aad6-5432c7cd8e1c,AJ Koller,M,8588,-0.015284,-0.000443,-0.014841,0.006487,-2.288,-0.002478,0.002788,-0.23,0.4853
88f06134-949b-4242-aee8-edbb029f808f,88f06134,,2744,0.005657,0.044777,-0.039121,0.011164,-3.504,-0.002481,0.002976,-0.14,
676b1cbc-766c-4616-bf39-1787ffd8c72a,Etta Tuionetoa,F,11998,-0.000353,0.012084,-0.012437,0.005771,-2.155,-0.002518,0.002722,-0.19,0.8619
