uuid,name,gender,n,attack,attack_se,defend,defend_se,level_serve,level_return,total
129b2771-34b5-4b7f-9c23-e020a6aa3e6a,Anna Leigh Waters,F,37333,0.5553456148248282,0.01687429210227101,0.558302246639088,0.017086710915334095,0.07249859234481476,-0.003253958460305874,1.1136478614639163
6f862c1d-1317-4fe7-bdcd-64caa0dbb088,Ben Johns,M,42774,0.43534212848967413,0.01495445640362755,0.44304351715204504,0.015365096090836698,0.07562681351367943,0.05738891670964056,0.8783856456417192
db5eef5c-99dd-49d9-bbfc-65171a366bda,Anna Bright,F,39402,0.4237519496295522,0.015601904189980743,0.40100654567630745,0.015810480905045898,0.07221177625965915,0.05068450566468743,0.8247584953058597
b51ea0fb-c243-4427-85f8-b798febb51ff,Jorja Johnson,F,35586,0.38037191352444727,0.0162992739495783,0.3704552930197671,0.01646376654309252,0.020660990964876797,0.033277121718664975,0.7508272065442143
79a11da1-6aeb-4719-9b1e-9918e0163cec,Christian Alshon,M,35836,0.371985428817268,0.015803961034540907,0.34440612553129446,0.01593142254970105,0.04879980872160893,0.05165786139750475,0.7163915543485624
bd061b42-2f82-4bbe-82be-d8bcfb37f9e1,JW Johnson,M,37564,0.34197360507432367,0.015536013864982594,0.3630650319778028,0.015639322171875036,0.04139806080997986,0.07026149156171653,0.7050386370521264
d50310a6-9378-4228-823f-7fb54f7bd698,Gabriel Tardio,M,36008,0.34333793691638903,0.016012144665511603,0.3598453478565296,0.015947786922830526,0.02684082440392505,0.05032196963809122,0.7031832847729187
581183e8-3d9e-459e-b69f-7337d8b6f3d2,Andrei Daescu,M,37562,0.3423068184038899,0.015615288878230674,0.3385341058450621,0.015355174305797963,0.028369023626865924,0.058415706860226256,0.6808409242489519
fc05556e-3e38-4a38-99c2-f855174a7c28,Hayden Patriquin,M,37528,0.3319483058274585,0.015527863233844641,0.33691994911591305,0.015582373066039091,0.04999418381144806,0.0511151114684115,0.6688682549433715
12d79cbe-b5c7-4504-ab8f-f352a6bb8629,Thomas Wilson,M,7186,0.30914543935928557,0.03407603568017315,0.3546491916363823,0.033236835631556716,0.013770071181674191,0.08912443991933666,0.6637946309956679
fec65f7e-f2c8-482f-ab5b-541cf53b1064,Tyra Hurricane Black,F,32989,0.30400872023347314,0.016709993205746457,0.33024653633944157,0.016738862005873684,0.028141363605090786,0.043661330900269614,0.6342552565729147
50908953-a944-4a34-898b-16af312bc814,Rachel Rohrabacher,F,31734,0.30743750210492415,0.016924453662601993,0.32384895460458857,0.017084736752803528,0.05271175671013846,0.016863815589872138,0.6312864567095127
1728d016-1f02-4789-be73-63d12d5a5b42,Parris Todd,F,26344,0.30807240328728797,0.018643915004411354,0.3185733872122437,0.01839098670498865,0.030600346183929598,0.024667483687279564,0.6266457904995317
be33755f-9262-461b-aedd-e9a7a686a82c,Jackie Kawamoto,F,18213,0.32025796712420995,0.022209085545404884,0.29670767294581607,0.021708369478951203,0.029207658208470964,0.019773339065969307,0.6169656400700261
6cae3a50-eee6-45ea-8b28-85ef9c50e3c4,Jade Kawamoto,F,17738,0.3083512280749036,0.022264070218238962,0.2821149983131951,0.022144838761129926,0.04905087327752077,0.021509520792788898,0.5904662263880986
9b97206b-783a-4fab-85e9-45a6240325a5,Catherine Parenteau,F,32420,0.2748822317136278,0.01679801353116477,0.31244913063962776,0.017249495279948002,0.06023817351966966,0.048678822203522744,0.5873313623532556
7edb882c-6d17-4129-8208-710e3c82364c,Federico Staksrud,M,39130,0.29929069120975027,0.015100544621242225,0.2721355117733286,0.014983105663353681,0.033178483155226014,0.04478738071267705,0.5714262029830789
b9bacc1e-29b5-4a92-a9c1-24e08ac72215,Sofia Sewing,F,3533,0.28210862447249774,0.04552405147675825,0.26907948097840134,0.04589547019372135,0.06668373140479436,0.04020580993714941,0.5511881054508991
f879086b-e0e5-4772-b0a6-4055c265da69,Tina Pisnik,F,30722,0.25306008195436996,0.017027196494914125,0.29760019819767825,0.017172677888824872,0.02193189247494333,0.025370275385331507,0.5506602801520482
295e343a-31a0-4e1d-a286-d62592291435,Jay Devilliers,M,22183,0.27621719421296353,0.019878159289128342,0.2640066414887361,0.019655055581079214,-0.027406054745728388,0.07714252390610196,0.5402238357016996
3af01041-5679-400a-87b8-12c01db8cec4,Kate Fahey,F,20593,0.27249605629651463,0.020999077853719277,0.2637660698859985,0.02072953736367479,0.055819130191761594,0.005730270200062148,0.5362621261825131
52690a0c-ed4a-4e0b-bf69-4ef416cf7d55,Eric Oncins,M,21715,0.25341760363958465,0.02019715692205002,0.2795408259476766,0.020133601841839672,0.06700523062057294,0.01951417321589146,0.5329584295872613
05b194b3-db88-4f77-a26f-5ef5cfbf6146,Riley Newman,M,21999,0.2581886619979443,0.01975925088661089,0.26543747820143637,0.019801899405989903,0.04876777853244254,0.03358077620311092,0.5236261401993807
a000a067-1bf1-442f-a961-e6c97cb50006,Nicolas Acevedo,M,4188,0.28720237181394037,0.04143868687307317,0.2346660594009881,0.041292705663826625,0.03549535266289224,0.061743919335471804,0.5218684312149284
2c4de762-88d6-47c3-8b2b-af562c5d1f93,Danni-Elle Townsend,F,5430,0.21258270066021098,0.03809809104419694,0.30516391303552887,0.03859280792390863,-0.036854443908879944,0.06735059330805508,0.5177466136957398
ead35052-7367-4296-96d4-064f546cc2b9,CJ Klinger,M,23438,0.21386967082051023,0.01935648135512913,0.28398477120025134,0.01920741499427228,0.05226707454055166,0.012472258846638126,0.49785444202076157
8f521dcc-1cb5-4c8d-933c-af6b267bd395,Meghan Dizon,F,25275,0.22412635255401298,0.01883814987153163,0.26582938482702007,0.018638683913421192,0.05913698555169456,0.000999437569002329,0.48995573738103304
676b1cbc-766c-4616-bf39-1787ffd8c72a,Etta Tuionetoa,F,23930,0.2459844294525663,0.019267183317219407,0.2364904994670152,0.019361761600167924,0.023098508509382613,0.05127348007191836,0.4824749289195815
1bb8b2c1-ca6f-45ac-afdd-fab7e77d69d4,Noe Khlif,M,22291,0.24939980192321048,0.019636743209128428,0.23007464245109152,0.01977309116781886,0.07260884869148244,0.0023615182123738186,0.479474444374302
ff38654d-daae-4bad-a1a7-690e4e5706eb,Connor Garnett,M,23588,0.22412016151504427,0.019111026340051886,0.24290095844520282,0.019032312924747222,0.05816981814911705,0.04281721671263637,0.4670211199602471
1de884f8-7bf7-4b49-9de8-3f1fd74cabd6,Dylan Frazier,M,27866,0.2394769797566913,0.017588639496341686,0.22265009650491463,0.017751288118384275,0.04154140047613412,0.05739302986935945,0.46212707626160593
89843e44-48fd-4a3f-b8c0-5f5aa6ae5741,Dekel Bar,M,26265,0.21491604224030592,0.018147478247331202,0.24338454545526278,0.018074742676469625,0.03775344229477301,0.053460747462525486,0.4583005876955687
b1ab7d76-a859-4136-8405-3ed7c9be287a,Mari Humberg,F,18513,0.2579345001068231,0.02222695309622262,0.19290648161639307,0.021812515895183272,-0.002503186359424984,0.057470196319656365,0.4508409817232162
dbcb41e9-e983-410b-bc23-d184d034cfc0,Tyson McGuffin,M,23396,0.23744589880789874,0.019062632608875873,0.20351935504050264,0.01908625666538264,0.03941751372962063,0.045652269653116,0.44096525384840135
afc0bfc9-8cd8-4600-bd45-681092186db3,Vivienne David,F,15276,0.16307786981787623,0.023947958299910733,0.2743791585952412,0.02399799159757008,-0.0035127428113157478,0.058839318406271574,0.4374570284131174
d0f19d1e-2a6e-4eb3-b10c-1311edd599a8,Will Howells,M,7336,0.22426491256159925,0.03332108113037027,0.19914927226125703,0.032884201632271494,0.006383265779924406,0.07013465030723812,0.4234141848228563
14d61e81-14d5-4cb3-ae33-d427fbc1b4f6,Quang Duong,M,11518,0.21443219109808964,0.026923886122923193,0.20872002390185374,0.02667128353407006,0.04861047407467601,0.005335195834071581,0.4231522149999434
a3ed7970-35d2-485c-8285-187c298a2d83,Lacy Schneemann,F,22998,0.20546938591655797,0.019713424881396865,0.21361518471447832,0.01949093974478047,0.047292018824624055,0.01980410508941386,0.4190845706310363
3a43c56f-b9d8-4e72-ae8a-58fd69291946,Jack Sock,M,17165,0.23075662810385092,0.02228050118757563,0.18556641409362346,0.022257262552103026,-0.026999271598402305,0.07485347236937427,0.4163230421974744
7319013d-d511-4aa5-a356-4aa2cccf94f5,Lea Jansen,F,27468,0.1775361722781273,0.017907844293121353,0.23633970758450054,0.01830178168277695,0.010991568501328262,0.06105523382460345,0.41387587986262786
cc8832b9-9a8f-4cbc-8eff-b20e9a7ff09a,Jaume Martinez Vich,M,23663,0.21299766352491953,0.019093014373984744,0.19853354951843094,0.018871971028809123,0.042148920107098135,0.021785420607678168,0.4115312130433505
ff789b9c-80c4-442c-b97e-2e2311298cfb,Vivian Glozman,F,9754,0.22155489272293075,0.02946099967584506,0.1857707166315268,0.029112248112437813,-0.02350478679232122,0.06841477081839865,0.40732560935445755
8e2f9629-19d0-409d-81dc-b64fe2f3d3ff,Jessie Irvine,F,26172,0.19138303033247225,0.018639008962850492,0.207419608611661,0.018364520601185173,0.027248490243913372,0.029827957718291085,0.39880263894413326
759ecf95-26a6-4ffe-bb8b-035d3ec05f31,Matt Wright,M,17535,0.21194015110114936,0.02178084954763147,0.18018059695789013,0.021978455969791862,0.05331957028314822,0.03777350996204771,0.3921207480590395
efe9989b-5864-48c2-806c-06697024e1da,Allyce Jones,F,22090,0.18338884016948886,0.020057437492815577,0.20523430628022366,0.02021769846292267,0.022211257848619537,0.019193642057461983,0.3886231464497125
8160ad59-4654-46b1-b229-8d5f2a9a45f9,Hunter Johnson,M,18677,0.20485589542228028,0.021300974588444176,0.17946751361693222,0.02137825149338232,0.021584262284663907,0.056735080940074546,0.38432340903921247
0c1bb94d-3af2-42f4-b938-d712c707ace4,Callie Smith,F,22903,0.1860443696579503,0.019434838497523678,0.1977986599443385,0.019920483311711507,0.05134150113943062,0.03688422998650254,0.3838430296022888
52726ab1-2ac9-46c0-be90-6b0e7a2d56eb,Pablo Tellez,M,24638,0.17643087221415196,0.01852257449050478,0.20644643245138963,0.018925716320395736,0.03656165914261785,0.03682775692986393,0.3828773046655416
736475dd-7ccd-40d8-8b43-8c2d9ef9e674,Maggie Brascia,F,14198,0.2096823603558403,0.024468370949311893,0.16623003543876153,0.024130156102751068,0.05836754933445653,0.004370923787782017,0.37591239579460184
ba491f1c-0112-47a8-a348-4695289e958a,Augustus Ge,M,21686,0.1826811343151705,0.019814698935559344,0.18845643795600378,0.019836783350803664,0.013563612505984835,0.04872646569196757,0.3711375722711743
c18fb17d-e0bb-415c-901b-fa2f928ab22c,Harsh Mehta,M,1681,0.16166251822479052,0.05997622000817134,0.20873839452058057,0.059381432142283655,0.07742301003561193,0.07761794812038623,0.3704009127453711
f90428f0-e4a3-4a08-a664-518ba7f188d2,Jack Munro,M,2011,0.19680366705367197,0.05687727674658817,0.16384659425762133,0.055312343258325805,0.023741633324808588,0.06541561390093116,0.3606502613112933
20684550-cb89-4ea2-9e2f-0f44eb920b45,Chao Yi Wang,F,17588,0.19053908500670652,0.022158875381706886,0.1640793604566734,0.022216185831980505,0.02501265117343161,0.040164703047201544,0.35461844546337995
6876576c-b20e-47e3-99e4-d32759cc9f48,Patrick Kawka,M,3528,0.17070717068118588,0.04570551250215736,0.17795860218975704,0.04529163894805958,-0.06066183846325304,0.1085948796817475,0.3486657728709429
655e0349-7e66-4233-b999-b6cca2298f9b,Yana Newell,F,1026,0.18947792340029226,0.07101709182307361,0.15725171840784144,0.07040578895584461,0.060712915307900656,0.022082615573123965,0.3467296418081337
4057f30d-d42a-4189-a158-11576fb5f52a,Blaine Hovenier,M,17916,0.1512859946755376,0.02184107417745258,0.1908067963018556,0.02192680540035491,0.07647055788013676,0.008877368891199807,0.3420927909773932
33292af3-984d-4752-8d18-b3a5c147e9fe,Armaan Bhatia,M,6860,0.17323419578156027,0.034166769875255465,0.1650045970034953,0.03432224050830994,0.03774620180588725,-0.001358757238166612,0.33823879278505553
646f7432-e6ad-4ccf-95ee-a0e5d9514d28,Alix Truong,F,18176,0.13603588875792114,0.02196472879861036,0.19821585642178965,0.021949613334997675,0.008690020068407939,0.028386688931818647,0.3342517451797108
ce4f0e14-80ea-4ed0-a81c-7341d356d427,Yuta Funemizu,M,4883,0.2004515600536584,0.039588281077367456,0.12859073703346346,0.03921592040858963,0.014882631517609329,-0.014155072839384343,0.32904229708712185
1d51becb-4ea0-4878-9660-e3fd2dfaa0ea,Ewa Radzikowska,F,8444,0.19739464683589306,0.03142801124045692,0.12918583808248496,0.03063225554724797,0.02650456323227803,0.007562114174694006,0.326580484918378
7f36e416-0907-43b2-8ec4-e9533088e30f,Bobbi Oshiro,F,3155,0.1595424585906925,0.04774536520126264,0.1617496866983739,0.048474495314717654,0.10863865906678116,0.03554179163590816,0.32129214528906636
4af4d4d1-9f87-4dc7-95f2-b10751d44c15,Tama Shimabukuro,M,9609,0.12082000441582012,0.030153747322947934,0.19914519395427555,0.029272025196444045,0.051045709941826424,0.04154720024616219,0.3199651983700957
504e8c08-caf6-4db8-b454-11ffa321261c,Lucy Kovalova,F,14785,0.1546566697405773,0.024065576623772168,0.16491342714474638,0.024250868495001673,-0.0008280081975290595,0.0515709846034997,0.3195700968853237
88fb0858-b9c3-4620-9408-0dda0eb241ef,Tyler Loong,M,18500,0.1482669211954416,0.021471350506263736,0.17029406361466248,0.021223052077120236,0.0027726367830192417,0.06496338947043687,0.3185609848101041
5c817399-aea7-481d-9a83-aab7431eabc1,Alex Emery,M,1833,0.12799391238078783,0.05982466434794644,0.1877380913589008,0.05899146939641682,0.012033100411523556,0.06440734142262187,0.3157320037396886
fa8d5d28-d8f5-4996-8c35-0f4ca3c35bae,Anderson Scarpa,M,14709,0.20143228472340605,0.024358434218847966,0.11057027409255125,0.023877619656933007,-0.008477659106329544,0.05849242977270023,0.3120025588159573
461f063e-a587-4638-bad9-421ff33d91d7,Genie Erokhina,F,16643,0.17891986169638588,0.022664233373318656,0.13306609306694678,0.023040253129568835,0.030358057481315336,0.034991962814773445,0.3119859547633327
06dc9b8a-5c01-49cf-bb4d-70d7b5f85acf,Brooke Buckner,F,16497,0.16402080959094256,0.022927887217141674,0.14682743138871618,0.022795227800461077,-0.009248917057910252,0.07518735456435267,0.31084824097965874
62955f38-bdf5-46af-9622-13c7afe90619,Jonathan Truong,M,10030,0.18086977864312495,0.028721465388145444,0.12994012884499,0.029136169922456556,0.06642840475681211,0.006920457511890751,0.310809907488115
20945292-032a-47f1-93c5-d44ada6e4783,Yufei Long,F,4334,0.17955553317402417,0.04309794794135561,0.1286092332594617,0.04265787018866661,-0.005870065901350586,0.05117458469193412,0.3081647664334859
9ce32de7-16c9-4786-a7b0-8c1c2c623d69,Rafael Lenhard,M,6585,0.15584738354921096,0.03583053234833894,0.14732868086596174,0.03500678255519553,0.07545786498901817,-0.0266799492330202,0.3031760644151727
f86cff72-5f9c-40b1-9f28-f28aafae245f,Wyatt Stone,M,14681,0.1589191682436298,0.02411385529811514,0.14416587518353705,0.02431696016832076,0.005762214948195566,0.06654002427856345,0.30308504342716686
9decd87b-03ac-4d79-a1e7-d03ca3f7519b,James Ignatowich,M,18554,0.13302760810192607,0.02137136504350355,0.16877601388501257,0.021354602565015875,-0.012043473310015623,0.09473845117607547,0.30180362198693866
74afd19c-8f82-4ca2-9345-e4d693111033,Marshall Brown,M,11169,0.17859379730568622,0.027756917574397726,0.12203605146103627,0.027898527209825195,0.009228018507505167,0.028306396580646966,0.3006298487667225
719e2d3b-d10d-402d-a195-41f072214679,Isabella Dunlap,F,9276,0.15698504756905607,0.030319728661669612,0.1425381184294602,0.03033441040932502,0.008145137090207963,0.0018875536691971028,0.29952316599851625
5da57cf9-dfc6-41f5-b853-48f191b873bf,Roman Estareja,M,1672,0.08062292026189653,0.0620409134104932,0.21868947805345232,0.06070363717398963,0.008243595253803849,-0.04918616277381549,0.29931239831534884
051f5c82-82ce-4ab8-b4f8-36976638a89b,Sahra Dennehy,F,4583,0.1259051023515593,0.04160988130111041,0.16987401916719153,0.04175573182241804,0.015220405562758258,0.07168353382537482,0.29577912151875085
7925aefe-e260-4b83-8bfc-214da1d14fb5,Travis Rettenmaier,M,12429,0.14248156487141728,0.025830957397280085,0.152765121156118,0.02572374512669274,0.01469184895855348,0.06345101388202497,0.2952466860275353
2bfe44bb-d558-411f-abeb-c8522dd42ce9,Julian Arnold,M,16884,0.17469962433628952,0.022184674242816782,0.1199081262977877,0.02230928691940699,0.04744888669424634,0.018520011765792,0.29460775063407724
b03ff4de-9b8f-46a8-a530-d8f19e9d6ec9,Max Freeman,M,14270,0.140149538936102,0.02396378504466055,0.154083271281947,0.024454736411683442,0.04018897065499252,0.0527201454533054,0.294232810218049
2856d69d-887b-4e89-a5c9-975f581f84a0,Len Yang,M,7481,0.16533447564873924,0.033746519187728606,0.12824622470973027,0.033416270582674545,-0.07688684192621756,0.09076857335683311,0.2935807003584695
3e6b668a-8d26-4424-9420-3ceb18486b65,Daria Walczak,F,2671,0.1534369563502011,0.049782585622841324,0.13981349910250013,0.050447800195629444,0.08800496636854037,-0.03769019231536078,0.29325045545270123
30eb9a2b-1570-473f-8cf1-0f7c9d21b303,Zane Navratil,M,15765,0.16313961783891096,0.02297581552295961,0.12827183434604192,0.02315806094311637,0.04588415650365654,0.03164068024576125,0.2914114521849529
eb14fc6e-ede1-4999-bec3-e36695e7f94e,Milan Rane,F,17437,0.1548386885115851,0.022461436122987323,0.13353687163441572,0.022203943693171038,0.05862083629260239,0.010909830805369437,0.28837556014600085
99b25b49-2a51-412d-9fbf-e1b6804acce0,Camden Chaffin,M,5812,0.1563820535868005,0.036928525962994785,0.13056594786465353,0.03692428523278349,-0.04484947526513914,0.09577098850726963,0.28694800145145405
e9849183-4693-4340-abf5-f4b6f3cb226f,Martin Emmrich,M,14106,0.1479038192580323,0.02452885326228391,0.13870271504250056,0.02420970714620199,0.03037758971040788,0.03685400115211279,0.28660653430053284
43df1205-e834-4427-9f1a-4e173bf93296,Grayson Goldin,M,8395,0.12449159746817015,0.03246312109138027,0.1615115288461723,0.03260188696252053,0.06655023006705843,-0.012994825758582908,0.28600312631434244
a498be96-114c-4857-9d60-4ff2a3e89434,Collin Shick,M,7297,0.13063170171801208,0.033253358004488365,0.15379710721114612,0.03405276647361979,0.08572522431682543,-0.019971365747842834,0.28442880892915823
ca3c21b0-a715-40fd-bf00-c81e22d7da11,Daniel De la Rosa,M,10046,0.14671624129300595,0.029109093445665334,0.13274526607873965,0.028059581323850218,-0.003322196085007683,0.05037028117993431,0.2794615073717456
4b6abf90-6e87-49af-b365-0c6135b55a5f,Erik Lange,M,733,0.15006417102439756,0.07368174557861404,0.12854622089927598,0.07220358448587776,0.2044743515943759,-0.06939041554022245,0.27861039192367354
29e8121d-6f86-4192-b7af-ab05b77b89fe,Ting Chieh Wei,F,9786,0.12899408393694484,0.0299875504859061,0.1442567173348643,0.02932931894957418,-0.044803735255156685,0.03676480694254236,0.2732508012718091
3d9c8684-953f-4008-b355-b6104ee56a5b,Connor Mogle,M,8383,0.1850088834348819,0.03223512145945563,0.08141574967755857,0.03272168159412424,-0.018747724153351866,0.08474014792555772,0.26642463311244047
bf84d952-c6a8-4494-943d-064b223e764f,Estee Widdershoven,F,5512,0.10375587971016695,0.04011639422211041,0.1619796526212638,0.039064955236522196,-0.0017251594969556827,0.05195108632419934,0.26573553233143077
a226291c-c48b-408b-a846-f45400d313a9,Alexa Schull,F,3190,0.14075145269052836,0.04513910607921857,0.12390660983717998,0.04896356188789459,0.167616651436607,-0.021025007060610428,0.26465806252770835
6160a7c7-6b90-41f1-96d3-af5fa1623ca5,Collin Johns,M,19255,0.1345323060978135,0.020884312885191533,0.12963167345832635,0.021309743304220405,0.035250932998602824,0.06396867941642177,0.26416397955613985
7af5cd0a-26b8-4424-b743-ed83d4a1c201,Richard Livornese Jr,M,1246,0.16805513210429424,0.06630680050691956,0.0960044262055566,0.06590029775200383,-0.08998128102188663,0.16494454048032034,0.26405955830985084
e96d9339-cfb6-473d-bcb3-23f2887a3e0f,John Lucian Goins,M,7168,0.1241847951291203,0.03467324545594568,0.13828975804339408,0.03464294482999216,0.005144105757995001,0.08325767397639294,0.2624745531725144
34049405-b415-4f3a-aade-5be0111ac7db,Bruno Faletto,M,2524,0.14485841399838334,0.05285832999640739,0.11119490727139426,0.04997132203459437,-0.024873547838532028,0.027872038775539933,0.2560533212697776
0c5b84bb-4c04-4906-86bc-deb533ff4eec,Zane Ford,M,9375,0.12411414322928567,0.02986094303441642,0.13068323114193126,0.03100228334041173,0.03623934232279631,0.03987361142438658,0.2547973743712169
925c1306-6b3b-4510-8482-f34168a0842a,Roscoe Bellamy,M,13944,0.1120474457347359,0.02478360193963394,0.13670571048230393,0.02440864798328285,0.007916797913787117,0.027624818720027547,0.24875315621703983
3270dc72-53b7-4d35-aa4c-7f8b7b6bf905,Matthew Barlow,M,2112,0.12741457840679163,0.05775911533229096,0.11739839215140009,0.05480579986296115,0.04821833537029607,-0.042657011053588406,0.24481297055819173
1d701c30-6b5d-485f-ae97-60f3b0c50896,Zoey Weil,F,9986,0.148312679021308,0.02944360868516594,0.09647111028843297,0.029469802189191034,0.03329645083974179,-0.006468152067043795,0.24478378930974098
d3e486f2-7c25-4bcf-b9dd-81c14f644f60,Etienne Blaszkewycz,M,6375,0.08380544716788485,0.03718722465436536,0.1608096088132985,0.036534207722468036,-0.04093814099816515,0.04845159815896383,0.24461505598118335
3ad652aa-3fdd-4e53-8f34-dfdedc3c1901,Christine Maddox,F,2393,0.10129738696573924,0.056662535773125425,0.13971670908847963,0.055564065187313556,-0.012076014747970803,0.05378485924604611,0.24101409605421886
a067b12b-b26b-4a30-aed8-0f707c52beaa,Mark Dancuart,M,1632,0.09323963956629316,0.05762130331853614,0.14774594373056224,0.060486384040690844,-0.10995242562455765,0.2672769953454481,0.2409855832968554
aec5d8be-9ce0-4cc5-98a4-140fad555fe0,Donald Young,M,11326,0.12476821760869028,0.027286640117427666,0.1132608786400727,0.027167835350618303,0.02096739996718234,0.02374092971411451,0.23802909624876298
06ba18e0-687b-4aa3-822d-1c86981f576b,Rafa Hewett,M,16735,0.13367713236471399,0.022637644543905194,0.10373569376821434,0.02229124256679186,0.005065536400698659,0.06691407660217154,0.23741282613292833
6866df42-48ad-423c-9e57-d7d4d6fb66ef,Vanshik Kapadia,M,1037,0.057652452488061695,0.07173370893960111,0.17637147640909123,0.06703390570705013,0.09031693587046817,0.05702289831518003,0.23402392889715293
698c5236-e88f-411c-b44f-e54f16b2d6b5,George Wall,M,2137,0.14197999008296272,0.055799092512817054,0.09142695065283038,0.054539285365381884,0.09416337025851551,0.05891581090913886,0.2334069407357931
76419f3a-712c-4241-8940-6f9bda847ba7,Lauren Stratman,F,15510,0.11085601624659559,0.023738426308573667,0.12134986979753765,0.02396998282634287,-0.02521935426340709,0.07534258239736803,0.23220588604413323
763b4d27-8140-47cd-86f5-982706cd4ebb,Michael Loyd,M,15359,0.11169973373820637,0.023827759767146673,0.11648785844056217,0.02384612083387889,-0.0068668461154633995,0.05378753242569929,0.22818759217876855
2177a8cd-bc2d-4dfd-a6ed-e80eb7bf1cc6,Luke Williams,M,965,0.07396552754024908,0.07200464355270143,0.15159360992694856,0.07177936323471909,0.17675424959664887,0.03555508347015791,0.22555913746719763
7cb07784-a295-4038-b712-ec86ecd70c39,Michelle Esquivel,F,4603,0.10981536510403353,0.04126056720022769,0.11481972648280166,0.04138903416564326,0.01855382645611891,0.08263258960966822,0.2246350915868352
524b89ad-b76b-40b4-a0db-736bdc7b8adb,Hien Truong,M,1536,0.16305665731379862,0.06056766908017125,0.06015373760964858,0.06276182106933902,0.17320349204541902,-0.030357315896868742,0.2232103949234472
2aa8ced3-d599-4c83-86dd-ecc80196833b,Luca Mack,M,4322,0.08495292365287309,0.04518244208142354,0.13708732453207095,0.04385892751009656,-0.011733557076818701,0.02208970687442132,0.22204024818494406
66a6c35b-33a2-4a23-b5db-fa53c96d643a,Kaitlyn Christian,F,18972,0.12451687759596729,0.021572505389349766,0.09735800174816428,0.021423103984739712,0.014399388460891123,0.02513575010517201,0.22187487934413158
a65a8877-2c30-4964-8b0c-52e92ecfab5c,Sophie Abrams,F,1094,0.1278601523249937,0.06736047754833986,0.0922460498828723,0.06797187199993404,-0.03913285924505771,0.01787382300797221,0.220106202207866
a51b59c5-1a13-4472-821a-eb9866e72adf,Joseph Wild,M,1866,0.08991169142633375,0.059758413753779285,0.12937823971971324,0.05721238213282719,-0.07604968995646286,0.09177519068904419,0.219289931146047
c84377c6-b0ca-42dd-bc1a-2fd3d3c4ef9f,Ryan Torresin,M,2436,0.08322821759753041,0.05507188042344972,0.13405839769595793,0.056791539192918655,0.16471719914594854,-0.08282785803498306,0.21728661529348833
81535c8c-27d9-452c-a72a-61fc9f755b01,Will Mackinnon,M,6421,0.142676099353905,0.03534444422093026,0.07426572452714376,0.035628509137702796,-0.02937517686202964,0.13922987517362082,0.21694182388104877
dc69fcde-bcda-4441-8b66-a8bafeb12ded,Joel Poland,M,5350,0.08617323068308587,0.04021275133903848,0.12945735928659824,0.04105235075613265,0.0859958774222831,0.1069665455758182,0.2156305899696841
55ed7e0a-ff2d-4ac2-aad6-b6772ef4f448,Layne Sleeth,F,10839,0.0878273459945316,0.028650558772571846,0.1219079699273656,0.027821865838153444,0.012839957995521248,0.03453022092799634,0.2097353159218972
577d1124-44c9-435d-88e9-01a146f2d177,Eugenia Carolina Lopez Ascarate,F,895,0.12379810950966068,0.07072323104721452,0.08591517901721962,0.07203746752070075,0.03682017249326823,0.039203332791430234,0.20971328852688031
b68c0204-d9d4-4cba-bf23-46706abd77bf,Clayton Powell,M,5511,0.07703636056447982,0.03845641657779323,0.13166698611387245,0.03854465858669554,0.09450759743386523,-0.0065042571754139146,0.20870334667835228
8c94d7b2-0dce-455e-916f-e35927d53547,Thomas Yu,M,3832,0.10721835981002381,0.04516142216213118,0.10089842658628305,0.044644468266988556,-0.01806818368823692,0.1466871631365695,0.20811678639630687
f4c43443-fdff-4344-b291-274cfd26361e,Juan Benitez,M,8538,0.10163967970295934,0.03150406116507103,0.10524658385526454,0.0323521907400779,0.02681035845795173,0.048073521854717666,0.20688626355822387
e838b7b5-ffd5-4a47-ac0b-f748dc6841d9,David Bieger,M,1945,0.12556689661100567,0.05991371448895273,0.08114701010446818,0.05842704275735227,-0.10520425700806445,0.06653159635693541,0.20671390671547385
c2a34b34-0ed2-4d7d-8ec9-3b0cd3d9233b,Randy Blanco,M,1143,0.1743912751213117,0.0670344544790607,0.028716439265888506,0.0654865510841449,0.03557101900264492,0.11992631719025092,0.2031077143872002
dcd029fb-2814-401b-a1cb-0c4269d9954b,Allie Reichert,F,2799,0.10752867448381344,0.05234006976684908,0.09486205233459688,0.05153056185133169,-0.008684921365335812,-0.0467490686503464,0.2023907268184103
602ac701-c27e-408d-9e4e-1f7c02578def,Tam Trinh,M,3522,0.1447116664944729,0.04692919816770614,0.05650186389755175,0.046267010725407544,0.06488285917028964,-0.023650650110403626,0.20121353039202464
6794d224-7da3-43d9-8300-e24e731f5dea,Samantha Parker,F,9190,0.11613792593909292,0.03111029075126194,0.08039647844279249,0.030028064863842824,0.026109853312331257,-0.004068063082020634,0.1965344043818854
ab473dbc-8449-427a-968d-5f59bd1f65fd,Eunggwon Kim,M,5108,0.15607810842172815,0.04021875393446984,0.03818202310503935,0.03957172231175106,0.04607767845945612,-0.0720754828268917,0.1942601315267675
1dd5c313-10f5-4e0a-bb9b-699913a5abe8,Mary Brascia,F,13692,0.09005133238405214,0.025190703184917507,0.10257178785558284,0.02462238960149474,0.0028376323352919263,0.02674084777633474,0.19262312023963496
7886d6aa-2310-4ae8-9874-f0fc9c3e534f,James Delgado,M,13314,0.08868064460556965,0.02568447425160157,0.10092191375037643,0.025379095755564716,1.521129092200294e-05,0.007714758467350003,0.18960255835594608
84bc805f-1c7a-4151-8c50-f3236805edea,Aanik Lohani,M,3029,0.039615817629950936,0.04798117856418924,0.1497057314213213,0.049162892448072475,0.09284983317681446,0.023175021380473303,0.18932154905127224
c28e1a62-b0af-4336-8d1c-8b77a210b705,Andre Feliz,M,1459,0.13208099230723044,0.06456362050588399,0.05709676833250046,0.0629680805015717,-0.12127091882667351,0.05079276681713432,0.1891777606397309
cd1bf109-4907-4208-bca1-4d12f9494a4c,Casey Diamond,M,4692,0.07394695207787602,0.040339421023290925,0.11311842271954795,0.04072056366171931,0.02537103582841531,0.04456380892979587,0.18706537479742397
d45a3391-82f4-45d0-ba66-f1901854a8d0,Darrian Young,M,14050,0.06989878603890778,0.024210692946417662,0.11706573472629705,0.024727380157580397,0.042247445683905545,0.054456972599479084,0.18696452076520484
9eff9049-c45c-42ee-9a49-e9a797cc2116,Cailyn Campbell,F,10500,0.11292435529162452,0.028557851614523386,0.07270883017981809,0.02862677447480217,0.03943239194457011,0.004146969892294457,0.1856331854714426
614e164a-4197-44eb-855c-586cf79fbfc9,Ivan Jakovljevic,M,12932,0.07845971017941124,0.02619438638548908,0.1065825663314839,0.025332435882024704,-0.010343902016813056,0.033081153000988,0.18504227651089514
0fadc58c-ce4c-4a9b-884f-8993354775ca,Rianna Valdes,F,1125,0.07173933772169028,0.06783644680477244,0.11221666639850102,0.06759426307607451,-0.011407524433549015,-0.029944103120875063,0.1839560041201913
d43db93c-6710-4a18-a406-497eb7a068ce,Spencer Smith,M,7615,0.14521164253844476,0.032124025217031914,0.03854688654598831,0.03320278484480626,0.03131595309922621,0.030408425937374597,0.18375852908443308
ec4cdfe2-c6f6-4de1-824e-9adcaeb31196,Judit Castillo,F,11769,0.0961401392817894,0.02703410575690503,0.08745678599269908,0.026991148913564293,0.043414601050604525,0.034017711017546734,0.18359692527448848
0dfe6dd7-dcc9-407b-a761-1cafc880401b,Erik Pailet,M,4014,0.07430402235515575,0.04593372908033004,0.10838342108474168,0.04574360945957273,0.04634483606892114,-0.005168805792356229,0.18268744343989743
1e538b1f-66e9-4166-ac60-3aef311ee0b5,Jada Bui,F,3223,0.05060242229732849,0.04794848169923959,0.13178224666911015,0.04752832020409147,-0.0035312917909382136,-0.031462345887670246,0.18238466896643862
30d6d999-b324-4744-b08c-8309e83c57b0,Naveen Beasley,M,4737,0.09371911336509021,0.04228131834451454,0.08434977148678556,0.04235200968872956,0.05819613865968647,-0.03745827098995161,0.17806888485187577
2299675b-4f10-401b-b4e2-c82a811977a4,Stefan Auvergne,M,422,0.042622055135439964,0.08378599788856542,0.13176169382852557,0.08349859238563863,0.13302143573500294,0.16419676849563505,0.17438374896396552
1af53bb7-816e-4292-bd2e-08374c50aa42,Sergey Afanasenka,M,1371,0.07365712463726606,0.06824773873153497,0.09994494141196933,0.06568355158351555,0.04621499237128723,0.022120167484788723,0.1736020660492354
b5256e08-9c6a-4eb3-8fe6-f522b269c1ab,Dana Raugust,F,2825,0.06800609000789379,0.051047568020175925,0.10541298578089794,0.05056929838387535,-0.0772205617614626,0.050241002827227856,0.17341907578879173
41118195-75b3-4b25-adc9-07991301280a,Craig Johnson,M,7157,0.07170330812961236,0.03346330811775397,0.10006751391095332,0.034988192764876,0.027450818285123767,0.07279515784809477,0.17177082204056568
7464628e-931a-44c9-b0df-749a7cb32eaa,Adam Harvey,M,10229,0.08435475600663009,0.028897512418598545,0.08305811974773418,0.02950838756933866,0.03049159616814557,0.029938293809484744,0.16741287575436425
45e53881-72e4-4de1-9763-c2e7f7f854ba,Andrea Koop,F,8217,0.10394604991870658,0.032414171899863675,0.0622546065980618,0.03154674066523435,-0.016613524693190607,0.06110257430510662,0.16620065651676838
2819525e-d485-4ab3-a300-1c6dbdb3ae39,Quan Do,M,3143,0.15867709637842367,0.050387802440704725,0.007056398492366834,0.04886606109451583,-0.0914332427018047,0.0866371049630455,0.1657334948707905
dc7f6ac5-f007-4b8f-b343-95e524dc7d0a,Luc Pham,M,6461,0.032060138867530126,0.036936135304717274,0.13186087892486958,0.03741214846792129,0.08344481247778568,-0.016682574059146138,0.1639210177923997
a91e2b68-7357-4518-baf9-f59b0b4c2477,Christopher Haworth,M,7398,0.05035266207618692,0.03445409636390079,0.11338824625070591,0.0338809940383866,-0.04414042595178568,0.0598578790281837,0.16374090832689284
c3b08889-9218-45d7-a712-72d78dd9a0bb,Tanner Tomassi,M,3550,0.10867654329001047,0.04708256680480833,0.05361345889497971,0.0466810215687006,0.058613193023705844,-0.006900155744376062,0.16229000218499018
05bf7513-7f0a-4f6b-bc11-5d4b14314d91,Tom Protzek,M,10853,0.08208324665732791,0.028145474344682446,0.08008445917364926,0.02808218508072253,0.04358720727634676,-0.0039311184058107304,0.16216770583097717
1bfba782-55f3-42e4-9889-9018e793c0b5,Leigh Waters,F,847,0.16259656803629285,0.07075905396300283,-0.0024475847036788197,0.07486695449606216,-0.013812526735202805,0.2121714521835115,0.16014898333261404
4fdcaa8b-8ebf-4cba-b759-d7c8e9d55ec0,Elliott Schupp,M,1347,0.06305440728098147,0.06590094147743669,0.09694986628101893,0.06432457719536266,0.083898529926641,0.0004894202439195987,0.1600042735620004
5a2bcefc-c495-4a2d-b3cc-03b6cdecd84f,Xiao Yi Wang-Beckvall,F,3302,0.09279083847524497,0.04810991067272563,0.0647707801676067,0.04614709278327512,-0.04074524893310421,0.013123360561169565,0.15756161864285168
45596674-36ae-4768-b4ee-c7181d9b2ea7,Sammy Lee,M,3096,0.0840256903157221,0.049766951869095924,0.07297836543258339,0.048349627436058105,0.055696869786267623,-0.04598859864042076,0.1570040557483055
96fa4141-9648-475f-ab95-fb6796c2f489,Sam Weinbach,M,1491,0.06832539242204283,0.06417367240311093,0.08471338865219491,0.0640721428504263,0.06773154413491848,0.07896233543283858,0.15303878107423774
1bab49f1-6891-4d3e-8f77-42aa4fc1d18e,Mohaned Alhouni,M,12022,0.05916787763100824,0.026443535824451376,0.09283752626557358,0.02614686700403506,-0.009837023091244786,0.036164182482443775,0.15200540389658182
42b8527d-b84e-4f50-8e0b-5937664981e3,Sanil Jagtiani,M,3165,0.13344246771843135,0.04869291193350872,0.016884005604651444,0.047386047084894786,-0.020014262371722956,0.0684050422447856,0.1503264733230828
70c18684-f615-4d05-9aa9-5cbdbd53ab9f,Carlota Trevino,F,4171,0.01052113090984497,0.045452622177973086,0.13814991504194946,0.04303068052359355,-0.04444385626024522,-0.04989947954550355,0.14867104595179442
67a8852b-b49d-4cb0-8ff0-1f4ddf644485,Amanda Hendry,F,1542,0.04139035376980316,0.06021698312221548,0.10689563387761906,0.06103509906269996,0.07794140633360967,0.059299372186229195,0.14828598764742223
2b508074-59ec-455c-8974-31de393bc165,Lyn Yuen Choo,F,1501,0.09280077822043901,0.06369403179477136,0.055101752936988914,0.0633023553127203,0.021481029537783223,0.07739597758572764,0.14790253115742794
9bce3fcf-8e63-4ed7-b4a5-00e0063a618f,Ariana Rodriguez,F,2914,0.09969893676170404,0.05189927501234664,0.04701338919775203,0.05192797421012487,0.0921405582053373,-0.04211367628532734,0.14671232595945607
167e7a23-c919-460b-8586-a3966f588dcb,Hong Kit Wong,M,4036,0.035893868713337385,0.0443969238596642,0.1099746094060597,0.04448400207560797,-0.017012042792696917,0.11587556048240834,0.14586847811939707
65bcab7c-9c93-4dc8-a847-a34da426b933,Martina Frantova,F,10207,0.02349850904027245,0.02913191898723045,0.12186571656985755,0.028891144127081703,-0.025321369845984463,0.030256390063420412,0.14536422561013
04158680-ebb3-4554-96a1-500cc6d00882,Chloe Igleski,F,5710,0.0024341633752582924,0.03762832719712014,0.142693078021129,0.038826370062847976,0.05836122635470579,0.012264195645288608,0.14512724139638727
5dc48fe9-12fa-4762-8814-7892ac78c67a,Jayden Broderick,M,1004,0.027000279959194063,0.0682226309544555,0.11732649504670253,0.07045686461424708,-0.022255868961046962,0.0647820334886491,0.1443267750058966
d8d51930-abf9-468b-9e43-55a9c0728d58,Anouar Braham,M,13355,0.05207938352246353,0.025681458275468867,0.09165320731796815,0.025526512374866382,0.002833236831400965,0.010430063090919005,0.1437325908404317
f6fa549d-8a9c-46fd-aeb8-af8a3f0f7a59,Robert Slutsky,M,1476,0.034341816400726435,0.06333310265349491,0.10855573283670934,0.060232293235249465,0.08775774242693582,-0.03933207145340178,0.14289754923743578
6b432472-f73b-4f2b-b65d-5848657d117b,Amber Policare,F,1566,0.07980640710833813,0.06426146698038689,0.06179611941291318,0.06519440978832411,0.05296873880050967,-0.07084778718689895,0.1416025265212513
ca3a3394-b5c4-4c95-9d31-910d4ce5bc9c,Brandon Fritze,M,1363,0.06284828798961306,0.06626128703041358,0.07845435992672439,0.06565653081827574,-0.039737723424833615,0.021127590737029592,0.14130264791633745
4025f403-d676-42ee-97a1-61d9b38c211b,Allison Phillips,F,11553,0.06174608820143771,0.02788981197375822,0.07867706594609629,0.027581263274798505,0.0111548602248771,0.026965467812197382,0.140423154147534
6a87bc44-5190-44db-8a2f-467de4de48c6,Christa Gecheva,F,10406,0.06320074493767666,0.028289724221622924,0.07624299496910969,0.028871960155570753,0.014429103367652987,0.059861488660434,0.13944373990678635
e21cb6e0-aabb-43b2-a112-c0a0a59081bf,Oliver Frank,M,1710,0.16674980650560262,0.0633099982421845,-0.02828153564226884,0.062437490922388386,-0.02268636168535382,0.01239281769315227,0.13846827086333377
5f367bee-cf3e-4aad-a6e6-72cca04d97e2,Angie Walker,F,14047,0.08155182787689629,0.02474882433627645,0.05642732726322662,0.025043845493404052,0.04555337632916094,0.03870358069442392,0.1379791551401229
bddd722d-d8c2-4e43-bd3f-3fe0ae18118c,Sabrina Barisano,F,401,0.05930979611867671,0.08006724529444278,0.07857046111888903,0.08393430012693903,-0.00018156052372787654,0.023769856799300826,0.13788025723756575
a2c56686-b330-41e4-b7e8-bda8a3ec97a8,Ryan Fu,M,10928,0.05309239728942097,0.028881144962134033,0.0844953770119675,0.02779407098553785,-0.0018857491203755259,0.019942501793653988,0.13758777430138847
50c2125b-406c-41e7-aad6-5432c7cd8e1c,AJ Koller,M,14360,0.08211459762675626,0.024221227545792427,0.05508138019667129,0.023928605163153104,0.029302972903590442,0.024344001558833636,0.13719597782342755
4adbb03a-4a62-4a76-9a3a-c11357556ba9,Robert Stirling,M,1735,0.13568755639763364,0.061201116496964345,0.001193266751050104,0.0610281337752415,-0.025979427579091705,0.05229154996927873,0.13688082314868374
306da673-de7e-44f5-bc16-0738b44bd089,Christopher Crouch,M,9694,0.08247638090971779,0.029485860987938182,0.05002154872571818,0.030612557964090955,0.014598124543838556,0.09236351727783816,0.13249792963543597
404094a4-c65d-4e15-8023-f025ac226e30,Riley Bohnert,F,1100,0.04140854885424937,0.0710740159640285,0.09091790588687929,0.07027905365346998,-0.005844942469205999,-0.027985595114385788,0.13232645474112864
ded801fd-297a-4761-b63e-d8fbbfeb5762,Shelby Bates,F,2210,0.07238357749509894,0.05845445158309454,0.05986415746657789,0.05597510927620217,-0.023199038589332737,0.08987432197023727,0.13224773496167683
9647bc45-f17b-43c8-9658-32448d4d95b9,Leah Tauber,F,2458,0.03049597747717466,0.05426304261680562,0.10103244381523944,0.05260832038210614,0.05418829346567262,-0.04276684079968933,0.1315284212924141
12c765d0-8384-41d3-a498-de63fd7c37da,Naomi Nguyen,F,2407,0.06874061411905893,0.05154179060306048,0.06089783322490992,0.05342120261016508,0.034875117795038664,-0.02373895460548432,0.12963844734396884
7b85c35f-6a90-4c61-af0b-565658feeb3c,Freddie Powell,M,4530,0.02667013234908823,0.04160891202920977,0.10289935085601194,0.04130224005224506,0.05867759865632342,0.003935320087167811,0.12956948320510017
3d67b6d0-063e-466c-a475-7679d0764354,Austin Bricker,M,8717,0.08513255161890669,0.032326222495119294,0.043539121706958436,0.03286429078810164,0.03397414072081658,-0.02121172523049563,0.12867167332586513
c96f7a83-9cc1-4fbe-a610-126ed8e3a202,Gregory Dow,M,7831,0.04679459410996975,0.032512021750501593,0.07960190948186355,0.032643810329221375,0.04099253288725762,0.013310829635172198,0.1263965035918333
581520bf-6bd3-4c66-9ee3-756f955ec968,Rob Cassidy,M,4517,0.012387837139879995,0.04436989114535105,0.11146211075587067,0.042703566850481135,0.05271291582705201,-0.019393857762854707,0.12384994789575067
55dbee1f-1ee7-464b-9c80-d14cd9e44b8d,Carlos Di Laura III,M,5292,0.033599619898913476,0.039985699185198356,0.09008285735121396,0.038148389214589136,-0.010965607127319397,0.02977460040152547,0.12368247725012743
fe1a9f36-62eb-4ce2-b068-cb754c00051e,Nicola Schoeman,F,2538,0.0995101530329942,0.05149762077711637,0.023076940390041035,0.05145779403043893,0.0357440581548628,0.01014639940596332,0.12258709342303523
b4b00d3c-1974-48f2-b74e-9cf9faa04d69,Kevin Dayan,M,2986,0.03559316276838188,0.05109036579497209,0.08633256811159483,0.04990860465964143,-0.06907144655864868,0.03220249148740686,0.12192573087997671
f76f4ac5-e3cc-4fe6-a4bc-a968b8b991b1,Alex Walker,F,13908,0.07170097466228852,0.024880949570008443,0.04937160988986688,0.025055062965684154,-0.0025620194925205743,-0.005052621410444215,0.12107258455215539
220e3821-0cac-4fce-a722-a079a5359262,Casey Garretson,M,1868,0.1075732371076647,0.0613401188839383,0.013084807281136649,0.05943066952943803,-0.1382778385765777,0.06416565042855805,0.12065804438880134
94645ab0-796e-4b6f-aeee-2168f4000de9,Noah Hobrath,M,303,0.042654259727773015,0.0865454814469962,0.07712820077315498,0.08631740779760469,0.005000970462024439,-0.0711771102238314,0.119782460500928
07ba5aa2-4581-4f2e-a62a-ec802353725c,Irina Tereschenko,F,1960,0.02154163940363787,0.05704427716535612,0.09774476453078508,0.056524798575095465,0.04562766866879872,0.0073415247161295535,0.11928640393442295
0df3b359-d935-4c79-a16a-ce373f55db07,Ernesto Fajardo,M,1335,0.04331792392014955,0.06570043411147806,0.07517480255042203,0.06763496040127062,0.020619232576629887,0.08198755818173262,0.11849272647057157
06e87b30-1f70-46e6-a6a8-17a4086d609a,Kailas Shekar,M,3365,0.08016963455642,0.050883475196466195,0.03757453476254153,0.048897925643822095,-0.07032915736703173,-0.00959953455131668,0.11774416931896153
bf96031e-108d-4a37-810a-d43f63339231,Audrey Banada,F,4777,0.11611837734116441,0.04327243022276178,0.0011960171625915192,0.043344146741447646,0.07030251210766267,-0.025214896409086238,0.11731439450375593
6ca40dc0-4ab3-46ae-812f-8fed6c72643b,Robert Nunnery,M,401,0.007109940425808139,0.09048294816098257,0.1076186893066382,0.0878211995341422,-0.03578410904932425,0.09233001348055765,0.11472862973244634
c85c50d9-eaa4-4581-b6bb-583a808706bf,Kyle Koszuta,M,2784,0.08006025261967613,0.05003119250414368,0.03391419632825308,0.05074205887872869,0.01969700623704682,-0.012711443739385724,0.11397444894792921
0763ffeb-1b1f-41c5-ab37-d17b66e50b50,Phuc Huynh,M,1949,0.06977215370010577,0.06333355881018389,0.043753048313761284,0.06364084964554305,-0.08238038545903503,0.01386601652898687,0.11352520201386705
469988c9-b401-4c68-9e07-e1b1b104b791,Yates Johnson,M,10354,0.05736390181451911,0.0282164713048523,0.054752737781465166,0.02838399235622758,0.058333720920374255,0.00516637383411263,0.11211663959598428
f1151ea2-759d-4d9f-a5b9-5ccd966dc3ca,Hoang Nam Ly,M,1689,-0.018904207895919213,0.06122896945410857,0.13022972133092547,0.061411247361900526,0.06897596000934507,0.02377236270301809,0.11132551343500627
98c2531f-f5ce-48b5-b251-eb69425d409c,Jillian Braverman,F,2434,-0.017124647931935726,0.05600011367739853,0.1257490838951546,0.05170767837461474,-0.10462563697076065,0.08330472826108459,0.10862443596321887
ce7e7707-c94e-4d33-b34a-37efe3363774,Eli Steiner,M,4601,0.025112736389833978,0.04427694649433115,0.08230823293852083,0.043078720102771806,0.039651011839741235,-0.029112283518016004,0.1074209693283548
42be47fc-3ccd-43a2-b542-e720368670c5,Andreas Siljestrom,M,484,0.09362367042566502,0.08138815552974103,0.0134615166825024,0.08310034439353316,0.01585385392806908,0.09566572719168598,0.10708518710816742
a95df9a8-772c-4dbf-8c28-e200b7308584,Kiora Kunimoto,F,7380,0.07820459502462164,0.03460730923583027,0.028673245818011218,0.032698586691837554,0.007260762578033104,-0.038689989401194926,0.10687784084263285
ab6386c6-c7e3-422f-9134-e20e92725ee5,Emma Nelson,F,4015,0.0359793963073821,0.044350714252981704,0.07081305501738529,0.043471041797282214,0.04212716860379435,0.0025970082425530853,0.10679245132476739
e6be2540-8ee3-4cd7-90e4-f7a2b70851ec,Hao Nguyen,M,1341,0.03957696255565986,0.06614973356718516,0.06652541186393088,0.06642861827476519,-0.07879946366795124,0.12064423293759755,0.10610237441959074
cd7b97fc-d912-4c59-8ab3-c2d70e79d998,Lina Padegimaite,F,11972,0.05756755025211162,0.027349425424802114,0.04754085217772793,0.026705847727914626,0.04148596604349153,-0.010933609618512141,0.10510840242983954
38b1bfb1-576b-4a3e-ab6b-e8bc46031c1d,Eric Roddy,M,9663,0.013412679804898896,0.02956950058289038,0.09156378710892328,0.029282323311938654,0.041362345553196525,0.0019270700316004253,0.10497646691382218
47cdc6f5-3e06-4249-adde-f588681bb483,Maria Klokotzky,F,1559,0.04180286766987093,0.05976608423797242,0.06254935253372092,0.06133313015920057,-0.002463880793844509,-0.04663665975800311,0.10435222020359185
1607a4f2-2592-4745-ba49-21bbeb199151,Sydney Sonday,F,2651,0.0600836855363294,0.05013409014209707,0.043706589067747666,0.05000686087350168,-0.015865358039114933,0.027795420463867057,0.10379027460407707
30d7759b-93f0-467d-a07a-970ecfac06ba,Cameron Luhring,M,1964,0.04129205173451306,0.05864262958206958,0.06230357578817283,0.05719586788904694,0.027351574238299977,0.08130641740100324,0.10359562752268589
9c547321-0ea7-4a31-83ee-256eebd4635b,Kelsey Matthews,F,524,0.05671683741186925,0.07956230380667983,0.04387357581938688,0.07976854879232503,0.14136776532998221,0.026918565785054183,0.10059041323125614
bd7773b4-7b8e-4da2-96ce-98fe3490ee93,Lindsey Newman,F,8128,0.08354371739765258,0.03153974763420776,0.015184972138521704,0.032047207040515883,0.034749731525982264,0.03226343502531428,0.09872868953617428
093e132a-0458-472b-aaee-ee7e15d25e20,Chris Jammal,M,1042,0.021220281516853245,0.07170319181796614,0.07665552816116769,0.06862636894035358,-0.035925281291949024,-0.024633439370190188,0.09787580967802094
3fc70f61-f10c-4539-9b5a-82911efc966a,Ava Cavataio,F,2801,0.06494766231374102,0.04899339374644291,0.03284683272830529,0.049914812676345746,0.011416806140071397,-0.005835405280137186,0.09779449504204632
a9a168ae-7822-4d31-b07b-fba40480c1fc,Brandon French,M,14879,0.04309585284728876,0.024547144347089853,0.05469035699772965,0.023859713496590298,-0.018963759922583548,0.05229805768214805,0.0977862098450184
283c842a-ddbd-4e94-9922-ef3080f75ad3,Maksims Kazijevs,M,730,0.05780065413083877,0.07818574789977618,0.03883183898664364,0.07480706045539903,0.05466542895759557,0.010005882628840094,0.09663249311748241
3cec5850-24e2-44e3-96bc-ee87aa34581d,Katerina Stewart,F,644,0.07233157839799971,0.08179596818282016,0.024243048082519522,0.0782269951884069,0.010476000948948265,-0.014914456331446384,0.09657462648051923
ebb2a1e0-7c6c-48a4-b994-e81edd8ddb97,Patrick Smith,M,9012,0.05607298212840921,0.030035175730669068,0.03897054236911358,0.03012879489918118,0.030377156726193462,0.07473365622736405,0.09504352449752279
2c2a2b82-9ec7-4046-97cb-3a199ed507af,Oscar Serra,M,3612,0.02700457523324573,0.046521120240405354,0.06755437694573511,0.04541892127616999,0.043171178956748345,-0.05100996490781166,0.09455895217898085
079cece3-01b2-4dd1-9e95-957b83b14cd7,Victor Rodrigo,M,1625,0.005704794873820403,0.0611312344785375,0.087990645621763,0.06198315067677207,0.14181059544057031,0.062109813129483375,0.0936954404955834
21787278-0f3a-4bcd-9d1f-e73deac5d400,Averry Chew,F,938,0.11197091063333794,0.07234364971383613,-0.018352046596905112,0.06966737170011796,0.009345889016262654,0.04255853393128138,0.09361886403643283
f370a1a0-2e1a-463b-a35c-30899131f7d6,Troy Akin,M,2964,0.05779027706390101,0.05123309877914752,0.03567073193388427,0.04993519570004884,-0.07042864613208528,0.09817480046473169,0.09346100899778528
66e1ddf7-61f6-4683-afdf-b6cc313af407,Todd Fought,M,9013,0.0883385318335762,0.03001238719789489,0.004447292000572329,0.031074439648016705,0.04829099771077304,0.02322612976979277,0.09278582383414853
a6f57d71-bf90-48fc-b05b-abe66980a132,Mike Radermacher,M,3633,0.04989170021904424,0.047578778347347306,0.04107831554203861,0.04925595704149028,0.06358627637170582,0.044239226240985426,0.09097001576108285
0d23964f-d43f-4006-b1e0-13001393216c,Ross Whittaker,M,7668,0.09636671552892888,0.033812820203480594,-0.005737013430537812,0.033939820554051287,-0.02245775323105996,0.034501580569103886,0.09062970209839107
e8e10ea8-2ff2-4155-9169-cc33ff8c6265,Rio Newcombe,M,6703,0.0720883634019825,0.037234174672729124,0.01828271982530372,0.03664474400463042,0.02338432590708976,0.01870020475871321,0.09037108322728622
2e858abd-e6cb-4a07-b6ea-fd6ca01556ae,Rachael James,F,2854,0.053349758054346046,0.04961291882020867,0.03678538816299511,0.04914995566896742,0.06454910306899646,0.007920312394776512,0.09013514621734116
b35ed876-bcdc-4024-9746-fe1bcb3957f5,John Cincola,M,7497,0.014415389751395136,0.03419099221671565,0.07459616971482433,0.033226010999985255,0.040763000077767245,-0.001115256640662201,0.08901155946621947
585c0024-286f-4489-ab4e-ab713ed71252,Ryan Dawidjan,M,887,0.005096175307659405,0.0749648078355254,0.0837754642033117,0.07488477012929373,-0.036579079844299124,-0.005743943003525066,0.0888716395109711
cef7e422-3f58-4058-8c53-3660192f4bd6,Kenny Ortega,M,335,0.020799031952532777,0.08661126766732768,0.06786851251539923,0.08840922115856377,0.09096560599799554,0.03705174307109576,0.08866754446793201
337c76f4-2e83-4a59-b66b-7dc2e0555ce2,Cassidy Hoag,F,4182,0.09162775052764151,0.04254923148468461,-0.003040367415563523,0.04259730661105501,-0.01972580440874279,0.06830102283192693,0.08858738311207799
a70be599-8b9f-405d-9e10-f501b0046e74,Shannon Pretorius,F,1860,0.05326561176182922,0.05697267161138782,0.03467531990909026,0.05813217126059037,0.042464964840077495,0.094494730577924,0.08794093167091949
b2039d85-3a1f-492c-ad0b-b532a7d89989,Alec Lamacchio,M,510,0.058067456213079224,0.07762772230470961,0.02898864275123697,0.08222233421314083,0.048019963580816734,0.07796350135510541,0.0870560989643162
158f965e-0732-4358-8f9c-ae78a48bdbdb,Arielle Butler,F,728,0.06753134848912816,0.07662097636649716,0.018325511049444135,0.07824354693482946,0.14682891788190972,-0.05193458013523729,0.08585685953857229
e4c4c646-5650-45b9-8673-5b5e9d2174e0,Zachary Marceau,M,2288,0.044300681109831846,0.05555671917938922,0.041436287825652444,0.05720883993465459,0.021109834985838512,-0.04044541009202397,0.0857369689354843
b8167e12-0591-4cb4-a950-ecb6da83e1e0,Andie Dikosavljevic,F,683,0.0258572439889784,0.0748103255973462,0.05974570295850173,0.07967681637706066,0.0682500539794595,0.2085685484725121,0.08560294694748014
c5b50cff-54a3-4897-a8ad-2c57e1e988f9,Ben Newell,M,663,0.03656947793955945,0.07781858376589884,0.04766296148909855,0.07670367316363728,-0.13060084932306598,0.17130449103497236,0.08423243942865799
14c4c96f-0a49-4d07-b16d-f6cb782491f4,Kentaro Hamaguchi,M,3495,0.02653234333971335,0.0490941548408077,0.05757828053667135,0.04812954621023082,-0.0038660613472469786,0.01995434840307007,0.0841106238763847
9c48e40b-ebfa-49d4-a3b9-c487c0248567,Aibika Kalsarieva,F,1251,0.09974342122845732,0.06415221919437197,-0.017181536255783225,0.06243431854464567,0.027789819484932848,-0.039627431299735165,0.0825618849726741
5ff7095c-6dc7-4534-8e29-1b62c6f66bba,Felicity Di Laura,F,2212,0.04515147150012384,0.05563145917184654,0.0372700306898314,0.054925855237714226,-0.004148693467381188,-0.036396541944958796,0.08242150218995524
f78254c2-5dbe-4ccd-85d2-bf5538cb179c,Komal Safdar,F,2329,0.052865575004576164,0.05625351554587993,0.028879672025060293,0.05548634808889388,-0.09567645564323257,-0.11409641185670433,0.08174524702963645
8ac6f832-de64-44eb-9bef-21031e074faa,Giang Trinh,M,1879,0.028555191033640934,0.0574175833089222,0.05262071102037388,0.05796084251785657,0.02290459933536047,0.07466067724819682,0.08117590205401481
a92239e2-429d-4a0a-85b7-58cac29488ee,Jordan Chrysostom,M,3842,0.0003289308314463828,0.04615264945752924,0.08046734973667757,0.04595333882754049,-0.004417232650626017,0.03444742147743814,0.08079628056812396
8ad8769e-9ecc-41dd-804f-b84e3ef90593,Sarah Hua,F,1598,-0.029479621625326656,0.06196296459778816,0.1101951239131282,0.061356508435673085,-0.045286790459982046,0.08296149033715142,0.08071550228780155
e8dcdb9a-872b-45cd-8338-f2746bc0a0b1,Mikus Losbergs,M,1380,0.0379600993369015,0.06288571944416418,0.04199042256525654,0.06344828453698824,-0.02112835756380742,0.05432759588451886,0.07995052190215804
941ee654-0687-490d-b570-8e779ceff2ac,Florencia Rossi Luqur,F,1108,-0.05279313989263247,0.06756466087496824,0.13252760619902332,0.06899022070604818,-0.017359468636362698,0.13128107144023532,0.07973446630639085
437c71fe-2e32-4ba4-b053-96e21195fe4b,Yu-Chieh Hsieh,F,1650,-0.016631747615944492,0.0629670137377456,0.09619267937285814,0.06050387331954551,-0.1867412796056604,0.044906323332393465,0.07956093175691364
43a35ec2-3d7a-4c6f-b412-cac02d237a46,Vritti Sethi,F,1302,0.014858668001584821,0.07072384094923383,0.06433322412219185,0.06936586601592983,0.07946946950457878,-0.12384610225348651,0.07919189212377667
92da6c76-9c55-4977-ac42-9e484dad5da2,Martin Michelsen,M,363,0.05601343583783106,0.0910980348545134,0.023129178687936736,0.09577491836379329,-0.10004948410931337,0.3858690567099566,0.07914261452576779
df376023-f37c-4348-8c08-ccc1473153b1,Julian Chow,M,572,0.0495690132703557,0.08109025991867023,0.028843635206291185,0.0864481555139122,0.21089744819064027,-0.07021237012814677,0.07841264847664689
a7e358b0-517e-4972-89ff-d95f0797e1c7,Jase Edwards,M,3239,-0.014561809842463464,0.0514682328739819,0.09261279051234889,0.052543456915877536,-0.07104475451183978,0.11150652537894902,0.07805098066988542
bc7b2475-e580-4734-bc14-814a153bec5d,Pesa Teoni,M,10214,0.051315814575898434,0.02880935722754991,0.02620337032800449,0.02925965193270012,0.11384778093724002,-0.043373889669116275,0.07751918490390292
c012b271-5d26-48b1-8cd5-2cd04d1d204b,Matt Ngo,M,550,0.01576263469258818,0.08295516381885595,0.061654303079821116,0.0828466272068165,-0.07692891564310794,-0.03025415411117943,0.0774169377724093
bb4de7dc-9f25-4218-a601-318492e0884c,Usama Khalid,M,3239,0.003332581629174203,0.049456434189561846,0.07194801996401919,0.050217334850343645,0.020254504836203262,-0.019910665343890802,0.07528060159319339
c2a65079-49d6-4023-a03f-a97bc3be3bf8,Daniel Jensen,M,3801,0.03621419686181303,0.045603687375281796,0.03834699483096082,0.0450237777734805,-0.05886617823776021,0.07000313949171695,0.07456119169277385
3f872035-3abb-434d-9fc7-6134ec6c40f5,Alvaro Terron,M,774,0.03566081977199853,0.0765173525372627,0.03875889800289259,0.076067668453293,-0.06790878817043774,0.10161411058877166,0.07441971777489112
1d36eae4-41f1-4739-b9d2-0783fd371112,Samantha Buyckx,F,2220,0.05925356007044028,0.05418901759260589,0.015129800669229067,0.053320351705727055,-0.07064828054455502,0.05045367150488768,0.07438336073966935
525bfe63-4047-4100-9289-b4af47a25f98,Alia Brown,F,2951,0.06838818821378632,0.048293611464319916,0.005985789156182284,0.048466942357624374,-0.12332545365134234,0.05476531012002162,0.0743739773699686
1c2da4a6-ad16-41a2-9c57-a5cc3b333817,Jim Dobran,M,549,0.06855566134683508,0.08131015294329576,0.005681554080891895,0.07981146701404367,0.07624877638016168,-0.08797139171928015,0.07423721542772697
054654db-f786-4baf-9a92-1a830c56dffc,Adrienne Kutz,F,353,0.043731390863320216,0.0942085197867012,0.030429015284872345,0.0951224321643053,0.05740975860890094,-0.12641738039404102,0.07416040614819255
c5964640-5d39-4c95-b6a4-7a1faeda89a6,Amanda Rosati,F,2077,0.04715496756021651,0.05527074895136279,0.026688329323136674,0.05986583563140345,0.20334741438564968,-0.06112559512962306,0.07384329688335318
9034d36a-1b11-4c9d-ad75-5c665d87b8c5,Pierina Imparato,F,10353,0.03171428645926326,0.02928918375482569,0.04142909691885968,0.028457337041090432,-0.037232883876579546,0.03733301120507459,0.07314338337812294
e02ba405-3969-4135-8be6-d320b09c4f3b,Salome Devidze,,2383,-0.05260386384889709,0.052989336367982254,0.124948483344632,0.05226095743335689,0.0029310681619903133,-0.026882276464426272,0.07234461949573491
25104e43-16f9-4ce3-9085-70243d8b350a,Ella Yeh,F,6779,-0.012384218383713489,0.03635975292419963,0.08353271314814728,0.03708356553790958,0.04755755242654106,-0.035427463649220794,0.07114849476443379
24fead20-0b0e-409e-bd9e-dc69fa0a8162,Mark Dancuart,M,750,0.023801008127491023,0.07500507916920333,0.04724641100967412,0.07398793111070502,-0.2585097866569599,0.2158493302012089,0.07104741913716514
73059c6e-2fdb-4d82-90da-3c3c524a9c50,Christina Chin,F,630,0.008879978347612843,0.0800414338160658,0.061892325813421745,0.07961646113031966,0.1781490382318383,-0.1301908046751736,0.07077230416103458
574957ae-e8d5-486e-aabc-a1cc6a392f8d,Jalina Ingram,F,9628,0.06501049113238933,0.030121896044120425,0.005417432365438931,0.0301710216756152,0.06400701910789965,-0.03692386604451037,0.07042792349782825
4fde43e3-433f-45df-8a9e-1f3abbf82dc8,Lorena Duknic,F,742,-0.016527241977480605,0.07799486329613368,0.08686813609852034,0.07625131531450446,0.03635996657674498,0.03701254173874459,0.07034089412103973
4b52c4a5-80c7-49e1-9728-460a9d242392,Phillip Locklear,M,2752,0.044809577921360234,0.05351435734434542,0.025516047581140476,0.05136647864512013,0.023046901346209514,-0.0708132064163846,0.07032562550250071
1f1d2b07-6634-4f3e-8759-e650132a95a0,Kaitlin Miller,F,351,0.05742985465058202,0.0840737364636061,0.012878591603772476,0.0859881463604386,0.05119191710092811,-0.082568138344102,0.07030844625435449
6a00b494-cc3d-4cd5-9fbe-077bc6958972,Dennis Uspensky,M,1066,0.045959609841327353,0.06467364850392328,0.02404666926304923,0.07054565268248784,-0.12181648131278626,0.15322469481827392,0.07000627910437658
fc90f09b-f8a7-4c1f-922b-bbf3294cd736,Rougel Jon Lutz Aninon,M,1753,0.025215286168249435,0.06169323143265078,0.04271794782842553,0.06060864279618286,0.01433819744889051,-0.09540199767137274,0.06793323399667496
1bbc9415-96dd-4751-9513-95274c5fc0f9,Nicole Eugenio,F,2678,0.07744919839922627,0.05336314543111101,-0.010249856268636531,0.051395824701300406,-0.11845727807894488,0.06212571883475742,0.06719934213058974
008a1230-584f-429a-bafe-5c6ec6488123,Allison Chuang,F,768,0.05427218629598836,0.07078981139456669,0.012812940767709769,0.07882814778778643,0.10363009104416389,-0.052495720477758814,0.06708512706369812
f6e249dc-5bb9-483a-a99f-df364df93341,Kelly Goodnow,F,2604,-0.017702080204330225,0.052063510042075094,0.08408208668491701,0.05106087325084006,0.0070152855585504945,0.0815101798442583,0.06638000648058678
11ed643d-b6df-4198-a0b1-bee4fb905625,Mihae Kwon,F,2573,-0.0014477101515110672,0.05391102237348646,0.0670692435972342,0.054135892809350356,0.022648164359945,0.024631840412396085,0.06562153344572312
bcf208d8-c350-4fdf-85ad-b37bef113840,Caitlin Lewis,F,339,0.06860393298329899,0.08784165232828577,-0.0035945530640350233,0.08786984493939451,-0.12703461875677471,0.013501984183033793,0.06500937991926396
e18b2cb6-ae9b-4175-8947-697eabf80061,Mark Growcott,M,1604,0.08023708330779612,0.06367359284746393,-0.015496270331652424,0.06383669498653938,-0.027853437414793854,0.02029480812831036,0.0647408129761437
933fac6e-8051-4159-ae46-234b386c85b0,George Congdon,M,454,-0.010296152845699265,0.09116420410975327,0.07499405421895351,0.09103632116288705,-0.03561073456515653,-0.18720049496861307,0.06469790137325425
64e104e8-d388-4d03-9eb9-e3f836ef942c,Tia Elpusan,F,1184,0.003215463832846541,0.06876854745444487,0.06138614600531403,0.06785844559558808,0.13096518189455902,-0.18458270491028783,0.06460160983816057
ef40c5da-1ba2-403f-929c-38312222b8e0,Chiron Burl,M,1469,0.06557047005242715,0.0648587329170258,-0.0012162735528123297,0.06283997859753541,-0.023491302567252133,0.06590243451370262,0.06435419649961482
b9dbf1d9-f5a8-4d6b-8685-00d7f477a42e,Henry Boyle,M,2517,0.020857535714791896,0.0555994543230449,0.04349433585990759,0.053120779534026455,0.016935617493247977,-0.03588141979633572,0.06435187157469949
889cb986-b23e-4eed-ba24-ec836602965c,Nick McCollin,M,437,0.03513025157299105,0.08734421345094975,0.028956628115009205,0.08537939764224094,-0.15553184016885535,-0.09960536473717603,0.06408687968800025
03c7da24-3aa8-4bad-8932-85c2a72ccf71,Emily Stumpf,F,794,0.053372072270761683,0.07685622060879822,0.009939164605463216,0.07550430329460797,-0.031770316582444155,0.11400076147560925,0.0633112368762249
64698ef9-a6f7-409d-b416-4892308af978,Alex Neumann,M,1222,0.052529218469191154,0.06437534157546976,0.010341136179326917,0.06679722937167137,0.07890886812728017,-0.03830886111398467,0.06287035464851808
8620b5f6-d9d5-4cb9-9a28-ed21da77511e,Lauren Cole,F,644,-0.020618690396757823,0.07747039348669787,0.08212079129697446,0.07321014810891065,-0.0331466783142174,0.0202989297195597,0.061502100900216634
5925398b-b2a9-4e8f-ae46-5c2b59b1b818,Nicole Conard,F,9843,0.0254821174854267,0.029905032290688704,0.03557520268132988,0.029184814164336128,0.019277306886363338,-0.031479503818487034,0.06105732016675658
f0484f0e-f240-4b6f-9da5-b6dba3fa370e,Kenta Miyoshi,M,4039,-0.06625821394171505,0.044834949529432816,0.1272027701974051,0.043639380866715295,-0.056569954029907825,0.02054371802966991,0.06094455625569006
53eadec7-a6b1-4ce3-9825-d76affdc3f4f,Juan Varon,M,3016,0.02540186764682815,0.05084654211160589,0.03451761016273164,0.04985538114672361,0.03202183590028498,0.025344998310407627,0.05991947780955979
364b6095-a6b3-4c66-82c2-63335a5f44d5,Tiffany Nguyen,F,448,0.034107114495208604,0.08421460034792626,0.02548677785145147,0.08478429149326237,-0.10160310086004633,0.07188314915585783,0.05959389234666007
435e466e-22c7-4917-8cb4-ff45bbccde19,Tamaryn Emmrich,F,13022,0.02791840467905834,0.02590759755075124,0.030831019206587772,0.025457022108806023,0.015509444670711133,0.03421655463095739,0.058749423885646114
b2188c16-8955-451d-8b6a-945a8907528f,Tom Evans,M,1227,0.01692134471601637,0.06698095279581699,0.04154525815362024,0.06856406087360506,0.1318243157743223,-0.16985819516421674,0.05846660286963661
df443e1a-4508-4b35-917b-2780cf0ff6c8,Eddy Kim,M,823,0.10034701665970204,0.06892530556502872,-0.042973079862553394,0.0748372371792944,0.11420704685330464,0.11262877840621945,0.057373936797148646
6e0c0d57-704c-4148-9229-1c623b611919,Perry Wang,M,1044,0.08244072578355635,0.06788680028622003,-0.02654008056717574,0.07529933346212814,0.010010670819421249,0.15285870098076768,0.05590064521638061
3cab1673-2522-4dd5-ba07-2a1b88749d86,Tristan Dussault,M,3838,0.03995650244123293,0.045804726113772246,0.01587382814593993,0.045890032679490454,0.10900847888032823,-0.12209034643018858,0.05583033058717286
a384ebf9-24d7-4624-a8a8-160bef70df63,Ammar Wazir,M,1863,-0.002854773473752019,0.0673300142715219,0.05754371921824531,0.06504217738632835,0.037835806186359684,-0.032148242725698585,0.05468894574449329
40d2074d-7cae-473c-bf6b-5c85e5d7283b,Warren Fulgenzi Jr.,M,368,0.029267633664128784,0.09047027011117877,0.025299431723922298,0.08759951223730712,0.11245542842484145,0.045082849503436453,0.05456706538805108
bd8e1ad4-5402-4c55-a95b-1d39c1de2344,Spencer Liang,F,637,-0.0008102549032029217,0.07979730574000014,0.05489914668054744,0.08253086598685655,0.24553513131808755,-0.1548338520396672,0.05408889177734452
3fc3a7df-63dc-4bcd-afd8-9bce53dd257c,Carl Hilliard,M,958,0.026432359583825803,0.07011793887389592,0.02726959460502981,0.06809038835826436,-0.0891791267701374,0.10745205280406105,0.05370195418885561
5c318788-e991-40e2-8da2-5d59011ceb3c,Erik Rosner,M,308,0.04225290329840393,0.08921999624736976,0.011445980289000615,0.09063724318467402,0.1435300935322305,0.22122583084164085,0.053698883587404544
1200ce66-fde9-43a6-88e7-8c7768620435,Hung Pham,M,555,-0.016408361657671997,0.08885466523034444,0.06872275730134661,0.08803549886472942,-0.13952315563210851,0.1402255904806802,0.05231439564367461
b6fe1237-b049-405c-a641-d57f8170a9a0,Albie Huang,F,4297,-0.04108569682308623,0.042771102720625336,0.0933150837837921,0.0422672318770434,0.03309772811247171,-0.008732586105311167,0.052229386960705865
2e0acd0d-95a3-49c3-8648-720ed0fbc7d5,Lingwei Kong,F,10956,0.026868484008522247,0.02817474768405177,0.024849971325650137,0.028215699512292275,0.03715227969629549,0.004555677126454502,0.05171845533417238
16ecbff8-84ab-4bb8-9c1f-7039c882ddb7,Flynn Kantzalis Orton,M,346,-0.01589337794574159,0.09101436958800697,0.06734968990911219,0.09026081816779065,-0.05676497192565905,-0.17864312805368382,0.0514563119633706
12890797-7355-49ca-848e-56d67e33c4de,Marianna Petrei,F,1538,0.07927904834342647,0.06180407797913568,-0.02920492190618667,0.059403437078069374,-0.0385660802918598,0.015109651251344766,0.0500741264372398
cecffdc0-29ee-46c0-9832-2dbe04700307,Nejc Sitar,M,1876,0.05697653583649966,0.059907178729397374,-0.007342525825331433,0.062344300875206905,0.0528527354822269,0.09035045217913866,0.04963401001116823
c4ca8085-84ed-451f-81c0-6df4a1c8d59f,Dominique Schaefer,F,6226,0.01816740603194142,0.03750278508105654,0.03133792195059244,0.037151811474323164,0.04411262774478109,-0.0060140923552243295,0.04950532798253386
9c622e48-bbb8-4488-833f-83fb851efa5a,Michael Leonard,M,711,-0.005784557722868909,0.0822202945303944,0.05495178803941069,0.08317999985082598,0.09583524079603412,0.025685690958628923,0.049167230316541785
ef8fa89c-c1aa-45f6-ad44-6900d0161013,Austin Walker,M,706,0.015885095065804388,0.07934625404694794,0.03270914057315252,0.08114336648681124,-0.007147844506786273,0.03970512717299188,0.048594235638956915
37e3c67c-bc80-4057-af95-b15bcc682ac7,Jake Walker,M,706,0.015885095065804395,0.07934625404694794,0.0327091405731525,0.08114336648681124,-0.007147844506786307,0.0397051271729919,0.0485942356389569
11124e87-7f5d-45fd-8282-728c39068a3c,Nick Black,M,4238,0.03762957621553314,0.04481859395530617,0.010442045270965468,0.043638844798155316,-0.04782080454144392,0.06567870724994372,0.04807162148649861
5f12cd95-ee09-4403-a72f-28f1c7299d64,Jason Mok,M,547,-0.010335964838300338,0.07956237885866027,0.058166897304852604,0.07878322707787991,-0.02666827200798119,-0.10389368855557392,0.04783093246655226
87d60b6f-6f2e-4610-ab89-487e8acc097e,Mya Bui,F,9215,-0.009306672802218637,0.030620025573160438,0.056041913615841786,0.030593137340130798,-0.038026420882923025,0.08238358052190899,0.04673524081362315
eb88338a-8029-4801-9a7f-e4d48c9b5d83,Domenico Geminiani,M,1658,-0.022950571656405058,0.06496156699557329,0.06891437675332196,0.06230600907743608,-0.107396334231695,0.03142116579610879,0.0459638050969169
091e8c64-3b31-4263-889e-7170c2313b97,Santhosh Narayanan,M,2410,0.058874731331999795,0.05714610443399977,-0.013090600399006563,0.05654864028648325,-0.02847992039131491,0.08776062436520525,0.04578413093299323
18937216-cae1-4075-bda0-2fef0fc6c392,Ninh Nguyen,M,514,-0.032040028079744515,0.08316115496087584,0.07698260847963849,0.08289744948886114,0.01777954674033236,0.1456844080720738,0.044942580399893975
04eb9a67-a7f0-4a12-b954-b47ed04fd565,Shirley Hall,F,393,0.0067994669703168925,0.0940433906217427,0.037541398877303726,0.09314864828835138,0.01189413144639613,0.051213518887127454,0.04434086584762062
cfb42bdb-d0a0-4fc7-b1ea-a77c40aff2d2,Mota Alhouni,M,6829,0.023084100373954794,0.03503341994686674,0.020905210863474164,0.03550516857496092,0.055904772735430014,0.016980467324991314,0.043989311237428955
94478a4a-a920-4a12-936c-4dead2ecd1d6,Max Green,M,1711,0.020781120388605273,0.0635835578407708,0.023202926208815738,0.06384372636428665,0.0036209502871840165,0.027116833422859133,0.043984046597421014
beec73d2-edf7-49ee-a61a-94a016b5fa98,Chase Ruff,M,441,0.01608334938019255,0.08062444944009756,0.027270964314703147,0.0813140992447161,-0.07421432563688654,-0.08636133458268551,0.0433543136948957
3760b164-aabd-4893-b5a1-91a4eef558c1,Callan Dawson,M,6917,0.025367538617079854,0.03523100924339916,0.01752861724657443,0.03400394274173093,-0.03550254241899526,0.11879459798714335,0.042896155863654285
71992955-8b6f-470b-a991-796cfa56a826,Liz Truluck,F,14277,0.031773058157584314,0.02461625929172594,0.01105115965315164,0.02462803496341596,0.025281067721121257,0.008605053319421175,0.042824217810735955
1abf464c-e8fc-472b-b1c8-f42a5c1fc02a,Natalie Hur,F,2911,0.024531239620703183,0.051678364048783385,0.0170721416472479,0.04960245400736613,-0.05079923173636551,-0.1275096012963126,0.04160338126795109
d4fa4b1d-2228-4620-8e8c-f4b182524e86,Alexis Nelson,F,631,0.04006383273959066,0.08164308583540518,0.0014245793114380453,0.08520853836722433,0.03425897480167529,0.32837161753146865,0.041488412051028704
a9950e78-2b86-495e-a0d2-bb8efac93531,Malia K Lum,F,2178,-0.03405200960139421,0.05667520205594655,0.07533269430946599,0.056096169946345635,0.03343311687496009,0.10207054362341154,0.04128068470807177
71b69208-128b-4395-beae-129689d36204,Willy De Vilchez,M,1620,0.03818687592002051,0.06284049003077966,0.0027071860855895882,0.06507514801700086,-0.010158975797696458,0.02656658526735282,0.040894062005610105
a9e5e773-6d7d-4d35-927d-49b0fa031a3e,Jacqueline Burdette,,324,-0.014188500562239267,0.0867941295914969,0.05466197499044519,0.08344277992169856,0.01231165407895649,0.005403384495894348,0.040473474428205924
09121f0d-6430-473a-bf59-154923b95483,Brett Warner,,324,-0.01418850056223927,0.0867941295914969,0.054661974990445124,0.08344277992169856,0.012311654078956446,0.005403384495894354,0.040473474428205855
325b8321-aeb0-4079-8892-c824da665aeb,Amanda Studnicki,F,938,0.016251123679870128,0.07139820762963983,0.023482918860630017,0.07069371427332698,0.026571253982523232,-0.014054992750328486,0.03973404254050014
cdb01e3a-b0e0-449b-a7c5-278127f2cd61,Mary McGowan,F,2644,0.04256147104549998,0.053619788027838886,-0.0034258778686241938,0.05333388733171981,-0.07102311520016245,0.06494614912998217,0.03913559317687579
6ee6ec8b-17cd-44f0-ad2a-a3e3460100ce,Dave Bacalla,M,1838,0.031088077838292674,0.0626727743770186,0.007965423579866661,0.06403347005601204,-0.03517924549159871,0.057006149415977106,0.03905350141815933
315153f1-6830-49ac-9b35-8a68b82d120d,Jack Foster,M,916,-0.0396555011732116,0.07547303795305511,0.0773688818692484,0.07988224783196389,-0.11956168534907581,0.11852086935460741,0.037713380696036795
9dc57e5e-1e15-4c18-9f9b-ea82ae9a5d46,Andre Millet,M,1097,-0.001016174868581589,0.07051880432982638,0.03850067575039869,0.0736408720958884,0.07256941357062129,0.03204857443760906,0.0374845008818171
875df336-1f62-4929-896e-8f458591d636,Zack Taylor,M,791,0.01841221793031781,0.07555624805707385,0.018644157416853456,0.07752167546776345,-0.09975697860441614,0.097550083963873,0.037056375347171266
9149113f-4ec3-4a41-924b-4c42d33754a5,William Sobek,M,344,0.010763253355279495,0.08257516436411759,0.025759146657653595,0.08677167549001982,-0.0038925537212042725,0.04907785595281807,0.03652240001293309
f6dd1c21-d872-42e6-a8a4-7c42d9063b74,Jes Rochefort,F,801,0.008608055191595257,0.07659058297101429,0.027754275195189,0.07706417595612705,0.24648923187565133,-0.10125351168317048,0.036362330386784256
f3876a38-5d1b-4324-b7df-36423f638391,John Cangelosi,M,352,-0.015947261599549577,0.08670628880015332,0.052255451287955564,0.08756971111108976,0.039239149719622016,-0.039687056909140525,0.03630818968840599
57d81852-8998-4d7c-9ed6-737c404c8650,Jericho Grollman,M,3664,-0.03419322383353482,0.04571873111152161,0.06951004120723103,0.04565250660268074,0.01981621763106862,0.03493639384855853,0.03531681737369621
2403ee64-b50f-4dd4-b0bf-94d8c18ab6bc,Kylie Imperial,F,328,-0.06502510529902279,0.08638539669000801,0.10004792960943389,0.08953096396742745,0.13704220655308472,0.10921384858830376,0.035022824310411094
0513b1c7-d2f4-4800-92c6-07484b9fb344,Dylan Wilhelm,M,323,-0.004271760918163784,0.09785656990596009,0.039126523698861986,0.09816033903337334,-0.10814344157875759,-0.04925616172313953,0.0348547627806982
b7d11f0e-5b35-452b-8da3-c6b8a03caf6d,Sarvinoz Saidhujaeva,F,386,0.06350380762025654,0.08970141458080542,-0.02867342303284418,0.09425941483844313,0.053863038986836004,-0.1952282797545781,0.03483038458741236
134733d8-255c-47f3-8fd1-e64b3d6194c6,Alexei Chernikov,M,332,0.012993347867214107,0.092972002813136,0.01985041845233342,0.09406145311283409,0.006453866353652155,-0.012376306115043229,0.032843766319547524
5d6ffa8c-1dd3-467d-82ab-f15f348a434f,Nasa Hatakeyama,M,1262,0.06795038060980306,0.06751519962899911,-0.0360886501831168,0.06929373420991253,-0.04912107103704372,0.18119110642584932,0.03186173042668626
33dcefdb-0308-4ede-80ad-f05ed8c39da6,Naimi Mehta,F,568,0.01606189921866213,0.07807861890265333,0.015412561511726663,0.0769940688972644,-0.10486709180295586,0.06276493061872034,0.031474460730388794
6ada9075-a25a-47aa-9da4-a405891d7fa6,Victor Marquez,M,492,0.05246792014032254,0.08164095438740473,-0.02161569910340989,0.08095021589422857,0.05598653775599256,0.2882759419589403,0.03085222103691265
ada46caa-1864-4846-a2c7-c8651478582b,Ciara Kelly,F,448,-0.008661801288147126,0.08539042783095362,0.039359132715580177,0.09030881541141435,-0.14447919951780716,0.19566913340962075,0.03069733142743305
582d2ebf-d424-4ad1-926b-e404f04d6e35,Muhammad Aiman,M,399,0.006493969986065464,0.08566496338860832,0.024014812478677653,0.08512995839939806,0.05204876595250487,-0.09297421913292078,0.030508782464743117
e41881d8-b1e1-465d-afcf-a58602cd92bd,Aidan Schenk,M,692,0.040131179237079234,0.07304819187785183,-0.009764382538266746,0.07402409334231874,0.07102738341026783,0.025215947034521607,0.03036679669881249
e5f03d3c-56c1-4fe1-9146-5c4f6aecc4af,Jayce Fitzpatrick,M,321,0.002354879597703307,0.09217870800672547,0.027802905477475083,0.09087869182046159,0.13944589086819606,-0.05610965879058666,0.03015778507517839
35f81e87-382e-41cc-9bab-687116861954,Jace Morris,M,5861,0.0208194399611521,0.03742679227233896,0.009080441203991728,0.03751964558523695,-0.04133080569480587,0.056328142146472575,0.02989988116514383
b375b4f0-25ef-446f-909b-14e14c857c72,Johan Du Randt,M,351,0.04591300868691037,0.08948995774053135,-0.016251983916147815,0.09142837340445592,0.09140485472376254,0.05189773082319459,0.029661024770762552
146dd2f7-7f5d-495d-b2f1-96d433742fec,Eduardo Santini Ayon,M,5825,0.04024939320906452,0.03794200950951392,-0.01150475683143479,0.03879577954547092,-0.08945576591578094,-0.0454033589976816,0.028744636377629727
95cf8ab1-020b-4edb-b691-c46fb17e2378,Juan Pinilla,M,543,0.013191206628929553,0.09283310835875869,0.015485981674398184,0.09405049088587267,-0.04853095124452824,0.06146753826938334,0.028677188303327737
f5e7df5b-e14b-4a8d-9c13-e7b73ff4e48c,Sebastian Herrera,M,665,-0.031000307638205583,0.07829097779886947,0.059300654954968286,0.07851628172845584,-0.04349104140974979,0.12141160116040067,0.028300347316762703
ba70f3a5-4693-4aa8-a8cc-1b5c0544b75a,Nicholas Romano,M,3610,-0.03924817426782272,0.04813850577301978,0.06747309691819903,0.046953702132569414,-0.06581295861475055,-0.018095243840304878,0.028224922650376308
8187d00f-7c10-4947-a218-1641c659356c,Sam Angelo,M,3042,-0.0167328305998857,0.052041431160071136,0.04467914629060791,0.05095558055297153,-0.0790876046443674,-0.014221972230789153,0.027946315690722208
21c880b9-48a2-467a-87aa-53936f1ef1d2,Rumesh Vaikuntan,M,323,0.05355804926218482,0.08867143891826897,-0.02579256009623617,0.09034818743787049,0.055493245070601466,0.034197686823487165,0.027765489165948648
8172788a-eec8-4064-90ee-a01dd09e2729,Jaikin Gomez,M,3402,-0.02411917567179843,0.04894977873510061,0.05168493060475337,0.05091866936025972,-0.008372061314593462,0.20261972390898952,0.02756575493295494
2512a654-2feb-48f2-936e-7ddd02ca2508,Samantha Greenhut,F,675,0.045410533224553386,0.0769650391002196,-0.018078469898227992,0.0820508876803822,-0.06982568210626185,0.16736255034774175,0.027332063326325394
9d7b2972-477c-4cea-977d-f65f86dccac5,Parth Mody,M,1796,-0.023129557007852596,0.0600407489984152,0.050139665161244525,0.05772244638426054,0.03239126879651744,-0.12971890606996334,0.02701010815339193
e88d8638-f461-425b-81a3-a939038406ec,Pierre-David Turmel,M,428,0.008591622469799338,0.0851955684615516,0.018060841326765917,0.08300109643859284,0.04848702577664854,-0.043105888603259,0.026652463796565256
fc684593-8841-4dd1-b77c-5154b2f25bca,Hailee Haymore,F,2474,0.033976570125352594,0.05524821470279016,-0.00747437333479215,0.0534938415101415,0.07021964449551586,-0.11745810415379922,0.026502196790560442
98019e23-09e2-43ff-917a-b7809c775f4e,Pei Chuan Kao,F,1256,0.03273367955243437,0.06540495946743459,-0.00662545701287037,0.065108401629358,-0.07329893818188714,-0.034988241455214876,0.026108222539564
e319e2cf-0fce-4c72-9197-f2674c7595b8,Zak Parks,M,2314,0.04552131620324021,0.0579446158519383,-0.01953973260414726,0.05743877664740412,-0.014775065374393116,0.033582168629253686,0.025981583599092948
1c49ab19-88d1-43b4-94cb-ab7ec9205ec9,Regina Goldberg,F,4545,0.005023591854965587,0.04358149526646092,0.020806982623423422,0.04132832713235961,0.07570279643720704,-0.09713525077837595,0.02583057447838901
7514f732-4488-4ee8-9875-1c02a2075636,Barbora Vykydalova,,605,0.021822118635202573,0.07762906629302835,0.002307329270564872,0.07602504915735385,-0.06282435879893868,-0.006521400550255102,0.024129447905767445
ca301534-37e8-4d8c-b4db-d65769223da3,Natalie Blue,F,314,0.023962181524207794,0.09199020046775078,-0.0004610448183712388,0.09146108479748331,-0.010882298351625411,-0.033277308289655354,0.023501136705836555
66cb85be-fe8b-402d-a4f7-4a8e6a7c3ad7,Lucas Pascoe,M,3033,0.02686713890454202,0.04782010859388935,-0.0034874225720107044,0.04910075666494979,0.013237714814380809,0.03546152554740062,0.023379716332531317
8221d4eb-3f91-4993-9d3c-623d20b21a8e,Brian Chen Bonilla,M,384,0.034598326110000056,0.08388314238741387,-0.011663448145227451,0.08528124349432227,0.10859161647856394,0.04554832140273157,0.022934877964772605
3418eaf5-4176-4ed6-ac5c-c45ea36e1f82,Ashlee Candelaria,F,883,0.004292202850740225,0.07456327344127817,0.018411053958600983,0.07429363136745758,0.10300900144051502,-0.00806324898399896,0.02270325680934121
756a7a13-a3d8-4d89-8afb-e2071ec6dc82,Lauren Mercado,F,1459,-0.014154543889318085,0.061893085009674706,0.03671748204423649,0.06230491058519845,0.21622596120567802,-0.07493458346749438,0.02256293815491841
d554d53f-5941-46e9-b02f-a56cb2d4a04d,Camila Garcia Wright,F,1297,-0.010688108335825446,0.06688809312775998,0.03324781749999585,0.06782577136434492,-0.035437927058336635,0.21276517685650828,0.022559709164170404
efedfcd1-7638-4c6e-8225-fea7f8d40031,Victoria Simon,F,2856,-0.003069153957215676,0.05170877901679947,0.02562434005909302,0.05255439361516404,0.009403417845225229,-0.06867282727444937,0.022555186101877345
9a449e9c-69aa-4a48-8f28-217766ab25f7,Armaan Jiwa Mawji,M,1856,-0.004939919432245835,0.05826370664413154,0.027408009100409348,0.057689979607425765,-0.05622400110606164,0.046808249668213696,0.022468089668163514
1374dfe9-4573-4ab6-991d-16bed0a6d25c,Edward Perez,M,8749,0.0037244360418110674,0.03240586379458592,0.018663431506896404,0.032200114630416755,0.0005305496726996008,0.0036852191794846017,0.02238786754870747
518626d4-2600-4134-8c6a-0ae9315f9625,Cason Campbell,M,10075,0.015227938367729458,0.02942449980997932,0.007040464358938674,0.028720311443667722,0.01929916176108543,-0.002322746179227525,0.02226840272666813
7e657393-16e5-4dd0-b230-47ffe15b6581,Gerald Ferrer,M,1128,0.0007973613819804333,0.0726495765156757,0.020857596913751938,0.07276454779988294,0.05715688712210135,-0.058720860208987584,0.02165495829573237
61e0ca34-5642-40bd-9eaf-acd7ea93480a,Marcel Chan,M,928,0.012340615443842478,0.07291444516471449,0.009223679904026104,0.07409790291300779,-0.12488163978240817,0.11109560308610207,0.021564295347868582
fb9360bc-8a5e-4a54-a460-5a4d4541ac81,Marie Lutz,F,1228,0.006084467861664803,0.06542451538641622,0.01535545618209995,0.06843723422805166,-0.130210987890774,0.18058729458336734,0.021439924043764755
f4bbf7d4-371e-42f7-9979-568f57881a11,Adelie Osher,F,412,-0.03550120050488395,0.09263300557394058,0.056302419897704854,0.0934912289943169,0.06919575333692647,-0.12029308553419303,0.020801219392820904
b40f1add-dfc3-446d-9c65-b1ab7bec6194,Victor Camilo Iii,M,803,0.010499665687900556,0.08709271815420978,0.010037576719824299,0.08440817300557991,-0.14214019614791049,0.0641173776958997,0.020537242407724855
eb7c3159-99e3-41d6-988f-71443cda0a75,Austin White,M,1106,0.007491911428724137,0.07279376647890011,0.013007949166972092,0.07291608992350096,0.002881235517607278,0.16903268196633403,0.02049986059569623
ed700443-8f8c-4fdd-8560-6b32e64245f9,Adela Umannova,F,470,0.005987370378076497,0.08726878224550091,0.013431250213933188,0.0904890645768395,0.042905173714882186,0.0024880599469908767,0.019418620592009685
b3dd67b6-42ba-4109-b974-149162bb7211,Federico Nani,M,1333,-0.023442696387213916,0.06527344809449492,0.042556470275454686,0.06359581969794002,-0.014551233709445556,0.0022497939020644088,0.01911377388824077
0343accd-6e43-4a1b-9afb-c9aaaf2f2e68,Benson Parry,M,350,0.02340867829178074,0.09631365655099708,-0.0056755410285379325,0.09776840179016726,0.1272564605632922,0.29131137370110305,0.01773313726324281
db21a8a7-2a8d-4601-9c95-f00c80a982f0,Miguel Alda,M,2168,-0.04154119784463601,0.05889066686382865,0.05748892862925141,0.056236799214225856,-0.1276853306847507,0.2088051490878829,0.0159477307846154
2debba8d-e0c6-4fec-9ff2-dcb4732abe90,Chandra Kusuma,F,1151,-0.0005900000679816055,0.06971219572853248,0.01621021421255087,0.06867981347999155,-0.20250161117403248,-0.06138643691478222,0.015620214144569265
8834a79d-a6ef-48ca-82dc-900db2a441a0,Jayce Landheer,M,511,0.027270253415676696,0.09184094371050558,-0.01179408712580416,0.09084542695844326,-0.3899082506990616,0.26087614637195605,0.015476166289872535
9972caa3-8ae5-4559-b5f3-720f9cb6317b,Zac Hirschler,M,854,-0.0425376042459038,0.08145024517219279,0.057174526430728,0.08032420626990323,-0.20521111511111326,0.10333521943362944,0.014636922184824201
626853e5-c9a6-40df-9a45-24381fc6ba69,Rosen Naydenov,M,846,0.014691427929786793,0.07448023440602017,-0.0005888349728005811,0.07167459277542206,-0.016114339921772778,0.06720456070037095,0.014102592956986211
6301309a-ee41-441f-8382-00d54cb077a5,Gavin Fowler,M,552,0.023302807266210708,0.08107450556152848,-0.009306326450921049,0.08469940412733372,0.08245893182300486,0.008812640579357737,0.013996480815289659
724467d3-c954-4529-9789-68c971ff9530,Eva Mitchell,,364,0.026846652442976987,0.08383894475443726,-0.01302356958291123,0.08572768022086076,-0.006953592613204391,0.14465714806712923,0.013823082860065757
05eb73f5-c506-4780-97b7-864cb947fcab,Juan Saez,M,388,0.00284760944520873,0.08844848302700793,0.010973614045170494,0.08573426312051582,-0.04293261453652699,-0.05472056334065877,0.013821223490379224
d708aae7-c00c-47dc-9931-dad8216076c6,Leander Lazaro,M,766,-0.08992904594173357,0.07746031624354816,0.10363651245662853,0.07809912357161797,-0.055467016770429964,-0.07318895701934883,0.013707466514894961
b3485ff8-bab5-4443-8245-3f81cbfb2b77,Emily Cederquist,F,1073,-0.05825594771470322,0.06700888962534013,0.07187801219326546,0.0714250506825753,0.11314108499051082,0.04028344963002481,0.013622064478562242
8faaabdf-bef1-4f27-b928-e3f31e0cc59f,Susannah Barr,F,436,-0.04642258743505248,0.08552391250705403,0.0599846025164169,0.08595296975886665,-0.10611863364044878,0.07009477582335844,0.013562015081364419
0356832a-074e-4d4f-9499-dfaf7be3338c,Dennis Polyakov,M,455,0.0030085125939862513,0.08693499069986022,0.010379739963414424,0.0888655846835147,-0.03231502474672097,0.07880897896453275,0.013388252557400674
8f6ef13f-89b6-460e-8583-c7e0bee9047a,Mario Barrientos,M,581,-0.010671744408430071,0.0767382566090733,0.023994967123194808,0.07693998485907054,0.11256995989491986,-0.009355742339822172,0.013323222714764736
a269ca80-8018-4878-ba33-73b8f3c5d912,Katie Fagan,,360,0.05178262876015001,0.08196580302283299,-0.03854357504771033,0.0853551126715292,0.0390664778688108,-0.03266753499091089,0.013239053712439677
9e2a5ee1-cdc9-4635-a15a-540ee99192b7,Mitchell Hargreaves,M,2066,0.033613217649352885,0.057459171446311595,-0.02037784234808154,0.058172672953116185,-0.1202533954864739,0.0777534889284382,0.013235375301271345
32018d74-5317-44e7-a0c9-529f8d35eb6c,Courtney McIntosh,F,481,0.03299221877865908,0.08104682043137552,-0.0199816233440312,0.07981268825366857,-0.04146786292076099,-0.032210743266143656,0.013010595434627879
b3f6f49d-bc24-44fd-8068-4e5971e9d61a,Daniel Miron,M,3528,0.03748996957009519,0.04528713290480386,-0.02516489474586296,0.0444628385787461,0.03766266803948475,-0.07489370993616276,0.012325074824232233
4653c56d-2b10-45c1-a7dd-52ff7e4d5b6f,Andrea Olson,F,317,0.0006110230741991761,0.08543425594052373,0.011587700273781263,0.08562866948786851,0.010280965027778283,0.10049189640837683,0.01219872334798044
95015a41-423e-4439-94ee-84e275c45787,Stephen Preissler,M,838,-0.047435187264279935,0.07690522653442348,0.05945246782472118,0.07667884149938635,-0.2048321936959213,-0.00383983434441603,0.012017280560441247
f2261867-9e72-46af-a5cd-d3d02f221fd1,Alex Long,M,414,0.08524058970381745,0.08259046122960793,-0.07326422994598246,0.08362256513015574,-0.1472380713585407,0.051569010077231955,0.011976359757834995
5046c75e-a79b-4902-8d4a-d92bd3c58e9b,Aryaan Bhatia,M,1817,0.006493017599080128,0.06005775376298157,0.005356368173631729,0.059338327039821254,0.025634823977758837,0.0650518021249329,0.011849385772711857
7861bba3-cb5d-4afa-b096-061e87e03055,Tiffany Ash,F,508,-0.0011970709660536608,0.08039595463528358,0.01212155367687862,0.07901030804104255,-0.03851458949990698,-0.0785537251502901,0.010924482710824959
79ee2d66-5ba3-47cc-bc43-f489a09d2d5a,George Rangelov,M,6615,-0.018164042775276737,0.03675715725056092,0.028969162281305375,0.03721746835892471,0.03104800773675936,0.007593796532698524,0.010805119506028638
7ce4430b-b9b6-450d-a77a-997cb8a16d34,Karina Lam,F,495,-0.013155200433892528,0.08055428024545222,0.023694175966059244,0.08123842457513399,0.05195378973723878,-0.05215842777106503,0.010538975532166716
9eb2503a-b18e-42e2-986d-6c8ee07d0a36,Cade Pierson,F,2002,0.010949970382316395,0.05668287778907657,-0.000580917976333044,0.05891551763615608,0.02758848900152781,-0.06319507454468762,0.010369052405983351
72b85855-dcb3-4d14-931f-edd3c0b097a0,Madison Grollman,F,1151,-0.024152670996705494,0.06624964544194448,0.03424873984364458,0.0650515857241609,-0.16639357534782834,-0.05118932327191213,0.010096068846939085
89aaafba-7d47-4938-b918-b960dff5bebc,Ryan Finley,M,1445,-0.03476290718349217,0.06439363758714453,0.04477571977685114,0.06393992504049321,-0.013718718040226436,-0.013027893266811374,0.010012812593358969
e2b605ed-b830-499b-a1b0-c74546ff4777,Sophia Nhi Huynh,F,1757,-0.008019287597309948,0.059619453741027895,0.017802069276087476,0.06350401367427835,-0.1596227189070458,0.054654619029230266,0.009782781678777528
3aaa968d-90ed-4a57-bc29-938a618b6aa9,Jamie Haas,F,3437,0.046275386482429015,0.04738863003186102,-0.03650613272191481,0.04567347448890241,-0.008678681717763549,0.015983083447576714,0.009769253760514206
86e1b9d3-15ea-4b76-b488-d3135e78aa7c,Wade Heerboth,M,1241,0.05128319878393994,0.06542100016171074,-0.041560701265505005,0.06520665730925379,0.04330940519071549,-0.079792700995225,0.009722497518434937
2fc7ba08-5da4-4924-8c59-d4f1b09c22d6,Rajasree Hawk,F,306,0.022584891236843783,0.08803517710386645,-0.013196021094192184,0.09005350393379266,0.0354722437864289,-0.006418928488896179,0.0093888701426516
a0143dc5-489f-4e96-8357-f8960a3d43b6,Cagatay Soke,M,338,0.008504134705114224,0.08784122065348282,0.00046713358765035253,0.08733707134512494,0.15789089811192755,0.06562373920422623,0.008971268292764576
228fdfb8-c8e8-478a-a5a5-6b9d3cf08ad1,Alexander Grubbs,M,448,0.039588367370860855,0.0834760634680333,-0.030754166543936885,0.08373689933626784,-0.001629163250734176,-0.12345689234916891,0.00883420082692397
0d7764b9-3d03-4a04-a432-54982c8c1b5a,Frank Welsher Iii,M,566,0.011138678756754132,0.09747152204201352,-0.002416310254614097,0.095774541270075,-0.19824704920133038,-0.04310234838019582,0.008722368502140036
2c115b6b-4c0a-4992-9912-ed00d7bf07fc,Sam Kim,M,579,-0.020892836638991854,0.08406554905185107,0.029426748489357998,0.08145147128567953,-0.009629923597416434,0.020886505341974386,0.008533911850366144
15e0c195-7c57-48f3-8f90-ae4152e0d797,Preston Engel,M,381,0.024953541150025002,0.08364834672107925,-0.016578061632208634,0.08868733043989901,0.10152292763983202,0.05481800069653591,0.008375479517816368
ba7380b8-4820-4239-89d2-772b9c853839,Logan Rosenbach,M,594,-0.005148091474108069,0.0881590384196654,0.012977397761010081,0.08737086666420828,-0.31644010881450624,0.04321616921577204,0.007829306286902012
596d3613-2e99-43f0-82b8-eef965acad42,Cori Elliott,F,612,0.015451632605750276,0.08284579699975075,-0.007794534879212495,0.08510234409412178,0.06028887788365436,-0.0038153349045358187,0.007657097726537781
44d043e4-e81d-4496-b9fa-d01f47dfbc10,Gavin Nickerson,M,905,0.013447151625956106,0.08433950568102695,-0.0060497615410361315,0.08388881817996964,-0.1330728084591305,0.028705935632766976,0.007397390084919974
ea90bdd7-53bf-4892-8bc9-802c55feee1e,Ruben A Gonzales Jr,M,1295,0.07984370194589553,0.06597440188085539,-0.07252196691115145,0.06657968581199974,0.0396968284344033,0.0578271262857226,0.0073217350347440785
a256084b-ce9f-4afd-9640-04a3528987cc,Carlos Rubio,M,337,0.02192544146757945,0.08657886293041732,-0.015257283114495894,0.08904838468237157,0.11504519299321153,-0.008377327818203916,0.006668158353083558
f843b220-41cb-4203-831b-6aac32b8f02a,Riley Inn,M,3464,-0.08822630064940087,0.04873203222361934,0.09463143430424009,0.04863847106208155,-0.06275474440680989,0.02969948111454135,0.006405133654839218
ababc250-f834-4e1b-a3e5-f7152faf0888,Kendall Warren,F,669,-0.00276218608078354,0.09858648530977093,0.008628061021542479,0.09804799347219412,0.07464137479164436,-0.219428286713636,0.00586587494075894
de698543-42f6-4cd7-877a-1e5bf2f327fa,Neely Sullivan,F,450,0.0020362874825230306,0.08910804778520716,0.0036328071771210622,0.0892448077155864,0.021116616418558755,-0.09322696589480937,0.005669094659644092
81129f3a-e29a-45c6-b77d-7deb0c05106c,Luke Kusmider,M,372,0.0014516135613257652,0.08506602428524568,0.004135348163618076,0.08526462150679161,0.03962344064221284,0.1272976962214929,0.005586961724943842
98577287-735c-42ef-b9d2-9180156c6704,Jason Tay,M,640,0.0197071156916473,0.08891977662602465,-0.014178285672608157,0.08914483800866638,-0.14628006865504492,0.04755026812178092,0.005528830019039142
a5d237e9-b440-46ca-b229-6ede2ff13eff,Yodsapol Pisiviroj,M,452,0.019707115691647265,0.08891977662602464,-0.01417828567260816,0.08914483800866638,-0.1462800686550451,0.0475502681217808,0.005528830019039104
9949cb55-32d2-4707-8da2-34af35bf6a37,Jesse Witten,M,621,-0.03884694988419723,0.08517726021057588,0.04401003625730901,0.08347232108418008,-0.011359810643632477,-0.10966659915397148,0.005163086373111782
11989ea1-e653-42f9-91ce-13f1a78c0b4f,Lucas Coutinho,M,1005,-0.007103669192363431,0.06732392796741765,0.01197586339023137,0.06988063084493269,0.07123569946219398,-0.059007265778110836,0.004872194197867939
c8f1731e-d35a-4d9c-9962-d9eacd49a75a,Brandon Riddle,M,395,0.027785193675468316,0.08298612040917176,-0.02295112331745524,0.08443939049390882,0.16717377819420862,0.03686046250174037,0.004834070358013077
03b91579-1bd5-4f20-a9c1-e400cbd21255,Antoaneta Toskova,F,1087,-0.05558751463439984,0.06566103020592096,0.06017407899923972,0.06858909606900601,0.028242701146771215,-0.030330349336113484,0.004586564364839875
4d79c4da-92de-4292-b231-59d2bd32c944,Alex Bowers,F,779,-0.03726960795286005,0.08926803983881593,0.04136667051890173,0.0904571355304192,-0.2003465965111026,0.1270508328544708,0.004097062566041677
fd565e56-6223-4ef0-882e-02346e7e0573,Brooke Caruso,F,4104,0.005966792084915696,0.04404356093904724,-0.003247654546725443,0.044464585265699456,0.07525858431326085,-0.05392892212612113,0.002719137538190253
f72c029b-444a-49f1-a4f7-7bea007dc8ba,Jose Farias,M,1189,-0.0665579503181065,0.06540129236730284,0.06858160931348542,0.0664158869373736,-0.03356552387772396,-0.0353120462456255,0.002023658995378916
1b01b905-c937-4da4-9012-66e66764bdab,Joey Campagna,M,420,-0.010132127540994663,0.08836607914676287,0.012108340466418307,0.0866418645486152,-0.023838334456035153,0.02187333708612947,0.0019762129254236437
604a4d5b-42da-4917-900e-8c5a2524d580,Lauren Williams,F,303,0.0012066181437852374,0.09757240504211667,0.0007501287753952258,0.09712104466440043,-0.013375734259314691,0.002822462617533201,0.001956746919180463
6382a284-3db4-4d37-ac8a-2234c250bc81,Amrik Donkena,M,2084,0.029825347737372485,0.05665400275616834,-0.028383686250887864,0.061110906263879806,-0.0547888024688811,0.09664269515618594,0.0014416614864846203
bc83d736-0435-4230-b089-591e35878ea8,Tiến Đạt Lê,M,398,-0.03694375970514641,0.08789761284720937,0.03826187055525303,0.08858802616076719,-0.04132834457172622,0.19081218879348835,0.0013181108501066144
0a787ca5-f7c5-4352-99f8-3c7214e231c3,Jake Wilson,M,323,0.010372079346747337,0.08763028049463557,-0.009291952582928016,0.09173275379066857,0.04650996044712613,0.15529507400553968,0.001080126763819321
90ee0493-d16e-44c0-abf6-c0a5afae261f,Ross English,M,323,0.01037207934674733,0.08763028049463559,-0.009291952582928023,0.09173275379066857,0.046509960447126276,0.15529507400554024,0.0010801267638193071
f2a996de-50a0-4d1d-b16f-f6450daa4a1e,Kelsey Laurente,F,1993,0.058569886094367904,0.059997874450442856,-0.057606183366532004,0.060719193108470626,0.03496067624155621,-0.01471179757472185,0.0009637027278358995
9120d7ec-1a7e-413a-82cf-0e29009175d5,Maximo Agoglia,M,661,-0.00770187039236885,0.08250416099305277,0.008652096881613615,0.08000599101152954,0.0811447414810751,-0.12176632128905772,0.0009502264892447656
02a3c8ae-fb47-4b82-8001-b33d9446a90e,Robert Laidlaw,M,2595,-0.016177287982943052,0.05423875318148144,0.016863262077969992,0.051432682794238224,-0.026462915035221045,0.09059159030805053,0.0006859740950269401
6cbf25ef-655b-4883-91dc-cba9256545a7,Sarah Burr,F,1136,-0.06252025133683743,0.07044842169966521,0.06272064211649463,0.07153483247388581,-0.028179729543401043,0.13075036868096435,0.00020039077965719465
571d4503-e073-4580-a555-be3c7f93c59c,Chuck Taylor,M,9280,-0.0433395492786942,0.030407992288580838,0.04350313363773117,0.03052519299506232,-0.011933663370021103,0.05510520745105283,0.0001635843590369751
59675c83-670b-44a8-bc6b-e34657658b7e,Kelly Kraushaar,M,319,0.005552125732965219,0.09441412704558676,-0.005457861620189624,0.09603473981212664,0.039197116815416565,-0.0731048102750732,9.426411277559457e-05
3485e17f-3757-487d-af3a-16c5c47da0b9,Cobe Williams,M,395,0.00555212573296522,0.09441412704558676,-0.005457861620189627,0.09603473981212664,0.039197116815416565,-0.07310481027507328,9.42641127755937e-05
53008558-000d-4162-8a34-9348d3f5322a,Jhonnatan Medina Alvarez,M,4016,-0.007593313695640986,0.04338298105208691,0.0076397673537003385,0.04365716618698859,0.04398714965343115,-0.00887549477296634,4.645365805935279e-05
10ead23b-57fd-4733-a8a5-3728d9f326e3,Rafael Kayo,M,340,0.0,0.1,0.0,0.1,0.0,0.0,0.0
13925724-113d-42af-92ea-eaa66957202e,Timothy Cass,M,305,0.0,0.1,0.0,0.1,0.0,0.0,0.0
1d931c3c-d96e-42a0-99e7-9957cdc6eaf2,Connor Castleberry,M,458,0.0,0.1,0.0,0.1,0.0,0.0,0.0
1ed4bf39-dea9-4cb4-8116-69f40604f25d,Daniel Adsit,M,314,0.0,0.1,0.0,0.1,0.0,0.0,0.0
375142fc-5626-43b5-b56e-cecd30e02e5c,Colin Chapman,M,312,0.0,0.1,0.0,0.1,0.0,0.0,0.0
516c3589-ede9-41cd-ad50-8f58d172f873,Daniel Colon,M,414,0.0,0.1,0.0,0.1,0.0,0.0,0.0
5570cb1e-cfb9-4336-8d4f-2e728c16de9c,Luke Citarelli,M,371,0.0,0.1,0.0,0.1,0.0,0.0,0.0
5c862622-737b-42c8-999a-7d3ae36315b3,Elisha Hougland,M,359,0.0,0.1,0.0,0.1,0.0,0.0,0.0
6f8c91a7-73ff-426d-b7ee-2f3ab52ecb1f,Antonio Medina,M,345,0.0,0.1,0.0,0.1,0.0,0.0,0.0
8317b1ac-3305-4c5a-b1f4-c67236698fbe,Nate Gross,M,332,0.0,0.1,0.0,0.1,0.0,0.0,0.0
96bc3c83-0c9b-4a2d-9dcd-baf5af3153f3,Josiah Watje,M,379,0.0,0.1,0.0,0.1,0.0,0.0,0.0
a3d34ddb-4671-4703-b4a3-69011d131ede,Tristan Shaw,M,371,0.0,0.1,0.0,0.1,0.0,0.0,0.0
ac7b6b6b-6541-43b6-8576-25d659c8787d,Nolan Smyth,M,450,0.0,0.1,0.0,0.1,0.0,0.0,0.0
bb6e7577-74c3-489f-9cfb-cf99a450b39a,Eduardo Bilbao,M,311,0.0,0.1,0.0,0.1,0.0,0.0,0.0
cccba1bc-174a-472f-9049-361a9520b1e8,Putri Insani,F,416,0.0,0.1,0.0,0.1,0.0,0.0,0.0
cfc9feef-a4ed-41a0-bb46-c58da93eaa34,Chen Rui,M,327,0.0,0.1,0.0,0.1,0.0,0.0,0.0
ded39f4a-e65c-474f-b525-23fef2e3da54,Dung N,M,325,0.0,0.1,0.0,0.1,0.0,0.0,0.0
e1057487-32ee-410e-a97c-75ea718e7abb,Jack Boxill,M,345,0.0,0.1,0.0,0.1,0.0,0.0,0.0
e571b577-c066-47da-87d2-bba1140083f3,Jared Culbert,M,442,0.0,0.1,0.0,0.1,0.0,0.0,0.0
e7a6bb2a-4d20-4c3a-908a-f83973658fee,Abla Mannarino,F,338,0.0,0.1,0.0,0.1,0.0,0.0,0.0
e8af6700-4202-4140-867d-9fff5bd07e95,James Bratt,M,337,0.0,0.1,0.0,0.1,0.0,0.0,0.0
fbdf1ac9-91bb-4e08-9968-eb41344fd08a,Connor Daland,M,418,0.0,0.1,0.0,0.1,0.0,0.0,0.0
a6ca73aa-4952-44d0-b6e8-ad1c385b4b7c,Joy Leising,F,439,0.051886876812072165,0.0835630917190631,-0.05276397457134576,0.08425768812537644,-0.11653964957333737,-0.03537472638220893,-0.0008770977592735957
8cefb109-0044-4545-a5c3-0cfb4df51612,Tavon Morrow,M,2770,-0.011098107352894179,0.055175846590996815,0.010155313865383262,0.05479433373666968,0.0948590094847651,-0.05794701458111156,-0.0009427934875109161
2e520a54-a71e-4c5b-9536-e5886840ed0c,Mike Anderson,M,668,-0.04944495290259099,0.08005787324139163,0.04775927040789952,0.079084017540686,0.13169242449046664,-0.04009732669215973,-0.0016856824946914692
9e500bd3-b4ff-449e-81fe-9ef54d091dbc,Sarah Ansboury,F,3496,-0.03157148066305766,0.04834839078520842,0.029434343429410936,0.04901623324093747,-0.010973312813821788,0.09156664791882833,-0.0021371372336467277
590dbe5f-6dd5-4ffe-9d8a-4f7c26ea9546,Tingwen Wang,F,666,-0.06435836249960647,0.07725094025714463,0.06209804256743561,0.0779175162573174,-0.09788090712637558,0.06054354941600239,-0.002260319932170858
f387250f-3dd3-41ee-be73-148ddfc81b5d,Daiho Ozawa,M,383,0.02922883539749894,0.08941928098123259,-0.031514559910436946,0.08836472049863991,0.062417076345956966,-0.1405012935249981,-0.002285724512938004
ac2b72f8-6f70-426d-bfa2-83e884729f0a,Genki Nakahama,M,314,0.029228835397498956,0.0894192809812326,-0.03151455991043697,0.08836472049863991,0.062417076345957036,-0.14050129352499807,-0.002285724512938018
542dfd2e-9e80-419e-b884-313fdeefb07c,Madison Wolfe,F,435,-0.0009350113228096135,0.08557694836707957,-0.001779202932614122,0.08140559758811361,-0.25089535860668577,-0.10580721684193323,-0.0027142142554237355
994842fc-32d2-46a2-8e49-98bd63528b2e,Natalie Raney,F,482,-0.027425548492556396,0.0820507391779972,0.02446679396960475,0.08167438831339809,-0.16003082646090375,0.029891412917337448,-0.0029587545229516447
3e8953cb-da1b-4b21-8eea-bce935d32247,Pham Xuanvu,M,470,-0.026260581407119784,0.09487058982675989,0.023160444534366827,0.09506480115134229,0.18620141876970073,-0.022322970476474375,-0.0031001368727529566
f40135fa-ed68-4d6f-9dbd-a9fb0a210e4b,Justin Slattery,M,930,-0.0031629039840754534,0.07652471556108875,-0.0004939000663640836,0.0772690260974895,-0.010609361020761496,-0.030473224810637575,-0.003656804050439537
e8769c70-ce67-4ff6-b6fb-dae5a6933fb1,Logan Peterson,M,321,0.00803459133724946,0.08774716432966159,-0.011777945418021699,0.09031505582869057,-0.030117555648982355,0.21325158098323388,-0.0037433540807722387
f51d6dfa-5101-49d8-aea5-269e481e1918,Helen To,F,2527,-0.04299403982602268,0.055314789731156784,0.03852262021049149,0.05570266308348947,-0.08012083297485809,0.05626374981756048,-0.004471419615531186
9e21488f-cc47-4ec5-8883-b74edc533747,Paige Miles,F,819,-0.07198682320305867,0.07439551288972356,0.06735460913115615,0.06984293590525689,-0.010611918130210599,-0.03473868584508926,-0.004632214071902521
87aab5b2-a93e-4cec-89c9-0d0cc3802318,Kaitlynn Hart,F,420,0.055493166987878796,0.08423423075431749,-0.060723589868769634,0.08240740607768848,-0.22561904182490855,0.207715292073555,-0.005230422880890838
ad6e69ff-7913-4b21-86dd-9489f749be01,Paula Rives,F,7011,0.0009936441728851128,0.03405691325336935,-0.00651706482248535,0.0346480742526063,0.08171165291891504,-0.029201502870945743,-0.0055234206496002376
e21375be-8b9b-4aa0-9ff9-a3deb544bbfc,Loi Tran,F,335,0.0005559824023064084,0.09728620562855142,-0.006548145106117743,0.09704053964268947,-0.11418427823205377,-0.12562663376377847,-0.005992162703811334
4b06486f-11b2-45bc-91ec-91cc82f05bb0,翔 蔡,M,432,0.015944235800426552,0.08806625740902863,-0.022159365301781083,0.08533255774487335,0.21552478964413305,-0.023155193765109848,-0.006215129501354531
f03d156f-3d8a-4830-a5d1-ae4372ad5009,Wesley Burrows,M,8868,0.013925711171671087,0.03202629587957147,-0.020278445775792412,0.031646487520622664,-0.04765739275317674,0.051443807762758406,-0.006352734604121325
c3fd6778-e3cc-473a-84aa-f14742e300e7,Logan Schneider,M,538,-0.009792828575619215,0.07898451274368037,0.0028216142647063823,0.07966297624786152,-0.08165988396553334,-0.0043696404800366295,-0.0069712143109128336
4de68830-5966-4b09-abbd-91bed22df13d,Cade Edwards,M,1108,0.048179506091135624,0.07024059914280703,-0.0551812696022388,0.07058617719191757,-0.04986739520343506,0.007945577082126976,-0.007001763511103175
e1588ddc-465b-4303-9659-dab2533f80ca,Emilien Burnel,M,345,-0.0046635527792812485,0.08973416549216524,-0.0027326795807536357,0.09063714001220669,0.2821358153966901,0.005407325478626879,-0.007396232360034885
6c13488c-e40d-4654-99ba-52075b38d76e,Sara Berndt,F,392,-0.04085024808601243,0.08852435500497757,0.03220747414248856,0.08959587667545606,0.01745143455799163,0.22031222863901595,-0.00864277394352387
2326da4c-8ee8-458f-8da8-1c86ff48d17c,Jenna Hessert,F,370,0.010089048136691824,0.08825158946561362,-0.019288689011065924,0.08714776349419848,-0.08460818801177283,0.06148727893931811,-0.0091996408743741
8b96b5a9-1ed8-4bb8-956f-c46e8de9ab24,Mikar Larenzo Fisher,M,777,0.009520656981653495,0.08412391004478138,-0.019580141933529124,0.08224731501964735,-0.08370988846499806,-0.12533734473569244,-0.01005948495187563
fa7cb18f-9d87-4d49-bb43-5291b7201bd3,Jessica Ho,F,555,-0.004397461764751757,0.07522586446118086,-0.005723841351194005,0.08039364978101259,-0.08940879642288264,0.04399406922020556,-0.010121303115945762
04ab231b-f2ab-456a-a79a-1728f29e42fa,Eliel Herminas,M,1333,-0.07183758697732566,0.0822995265588964,0.06162950352466707,0.08427281561330266,-0.17626421756036117,0.16891878042687228,-0.010208083452658591
b871e2a8-3498-47b9-a7c5-e75030bc1b35,Keith Read,M,665,0.04627468828786469,0.0773424198601968,-0.056935275278209484,0.07924606173683807,0.02201020173154737,0.12274568431366771,-0.010660586990344792
0c1fb7ef-65d8-48bf-b19e-ff7e543f4bbc,Lê Xuân Đức,M,1054,-0.020258542733878428,0.07371908914338315,0.009506886090918393,0.06982323193234095,-0.12871845162730053,0.11645681905262892,-0.010751656642960034
a6255e5f-36a9-41ec-9108-88e110b6d0fe,Bella Nelson,F,342,-0.012552686942847096,0.0864202608874769,0.0016545447014722134,0.08603694257671127,-0.03442918379159944,0.04698279288512876,-0.010898142241374883
b1254256-f3ac-46db-b28c-4dd0c6955ea0,Eileen Wang,F,585,-0.009320346229950184,0.09046111096537117,-0.0016389180036800088,0.09079027924898082,-0.03655407681764409,0.05141055063658818,-0.010959264233630193
90661183-81b1-49aa-b1fe-b977bb7bf272,Jonah Matos,M,567,-0.019467251746211767,0.07927415890306107,0.00820750214007118,0.08019685784710226,0.06698871910637748,-0.0002081774643076896,-0.011259749606140587
850116be-7d0f-4325-ab06-1f37dd3d1c7e,Steve Deakin,M,7280,-0.010160264435322947,0.03462224536872261,-0.0011053644762156842,0.033967808507161225,0.038623359264206826,-0.007243484298070269,-0.01126562891153863
6e24f405-954d-487e-a419-eb2f5c87ec2f,Nguyen Huy,M,1094,-0.017740759604745502,0.07411455310665906,0.0062189337904867085,0.07252110603072986,-0.1715218074127875,0.13778751422351138,-0.011521825814258793
be74032b-1035-4ece-bf4f-773b45da4d58,Mehvish Safdar,F,7401,-0.01978380989286217,0.03329642670181994,0.008205407206097875,0.032259325208434164,0.035572624871084424,-0.015426938684603224,-0.011578402686764295
1936f665-e630-462a-bd89-0dcfcf7c9e6b,Indigo Dagnall,M,1703,-0.043441663286203684,0.060547791914446474,0.03136017291521641,0.05975911193905965,0.07069865693122912,0.002056150251657056,-0.012081490370987276
f56c29a7-f5ce-4897-9dbf-d455860ef3d8,Tyler Hong,M,563,-0.05651983715249168,0.07946722160154494,0.04435276492902978,0.0779418267033143,0.05896477340137348,-0.0023105658382759175,-0.012167072223461903
e48f177b-ac64-42a5-9dfc-d5e0ac5b3fa6,Michael Wolf,M,773,0.034234015102364915,0.08034049144879686,-0.04693243278989248,0.07516907721376277,-0.15011843100460742,-0.03476908257258876,-0.012698417687527566
905c5c11-7693-4a02-b2c0-e305f768e664,Patricio Pereyra,M,477,-0.003605510777306037,0.08495314748250157,-0.009206695913658677,0.08597746208550215,0.09118615365094691,0.0181209928656283,-0.012812206690964714
d0d6d65c-6a52-4676-8c71-281d29a8db01,Harrison Brown,M,992,0.027927390284579964,0.07586039454469473,-0.04122491465233305,0.07963660898641807,-0.10239785124332751,0.1127958582436872,-0.013297524367753086
3343b266-cf5f-4212-9fff-dab2f8872ddd,Dillon Segur,M,309,0.010074886215120288,0.08482597534160607,-0.02403537333748339,0.08839724295934702,-0.0055157667065503565,-0.09818276701638533,-0.013960487122363103
cc994f98-879e-4ef1-a4e6-bfe46cdaea7a,Chase Blocker,M,961,-0.036805281695065944,0.07039557441086257,0.02257882225222595,0.07100637581168542,0.025635464976120632,-0.03571912232088064,-0.014226459442839994
d32f64a3-0138-46d2-b280-890586e1d3ef,Purav Raja,M,504,-0.0064620846088908205,0.08155524843219962,-0.007794263041576854,0.08009893849465802,0.15346100946994418,-0.09887300424308382,-0.014256347650467675
d18e296d-d264-49bd-8702-3c0d6c91b9eb,James Crosby,M,417,-0.020588359222780298,0.08418069112440509,0.006140492657846524,0.0878824740792248,-0.004630963289576696,0.09915780906876001,-0.014447866564933774
326be608-8941-45be-a7f9-13f8f2b0c0ce,Megan Fudge,F,331,-0.06379026789754004,0.0851295977136221,0.04927448740702513,0.08456719289761813,0.03945437139997114,0.03606549807191604,-0.014515780490514912
c57fd717-c267-4fb8-9be7-2f1c678a655f,Ali Amiri,M,954,0.03858674898131564,0.0691093526041113,-0.05331774406419061,0.06944237618026672,0.05883591976027552,0.12024412347450765,-0.014730995082874974
3a48d245-8dea-460b-9eba-0b4fe7abc1dc,Amir Evgamukov,M,683,-0.04234825559976689,0.07444641348612949,0.02727491511589402,0.07491829187296749,-0.008673758617217815,0.04052262126980456,-0.01507334048387287
d4b4527f-c92a-40d3-8e2a-d2a1af36ba7e,Jorge Nunez,M,539,0.025389167300019114,0.08112693881582318,-0.04053955105698623,0.08375021595493569,0.12380695679828256,0.02910561635395329,-0.015150383756967114
fb8a1763-24f4-43e5-b7aa-0004402dd4a7,Danna Funaro,F,3094,0.029621770333912528,0.050066137672805267,-0.04525353263668592,0.05033885527097738,0.028743149952194673,0.02212484760112362,-0.01563176230277339
794634b2-7e1a-4928-ac82-a13fd3e984b2,Jessica Wilcox,F,904,0.002400405749070156,0.07629587338231103,-0.018157434682140847,0.07336986553436572,-0.10661525778059308,0.0463028740717778,-0.01575702893307069
9b5db00a-b0b7-46a5-815d-56878e28326c,Nok Yiu Tang,F,2252,0.003927069040506769,0.05531431363861403,-0.020345519527516658,0.057951181644613235,0.05446783090167231,0.07729741220896932,-0.01641845048700989
41e864fc-0853-4553-881a-7e4d231b09fe,Yung-Hsin Tseng,F,367,-0.009475342990955518,0.09867943768409589,-0.007023565984766481,0.09777250376070654,-0.08369765256780355,-0.10512452497316367,-0.016498908975722
101d71dc-f3de-4de0-a699-429c0667811f,Altaf Merchant,M,503,-0.01119145311665376,0.08002215248876829,-0.005447318585842213,0.08188328254703459,-0.07039153072799698,0.05951027373368646,-0.016638771702495975
4e3bcf37-c264-475d-b956-7c3992d3d7fd,Brandon Nsekpong,M,3295,-0.020824014558194534,0.0492748090640154,0.00405416908331713,0.04928345708315993,-0.07390647057414468,0.026080091873333527,-0.016769845474877403
bdfff14f-d84e-4fe7-a71b-e78e75245caf,Isabella Hoang,F,364,0.04153977740797842,0.08369159719824633,-0.058408316533841424,0.08435071405830266,-0.11778528267457201,0.046809112138892106,-0.016868539125863002
5f10ff12-03e8-4384-90a7-a15682ee7edd,Hayden Rand,M,410,-0.06303880950658974,0.08454008901902094,0.04547871743295989,0.08581970920005252,0.012306070062465549,-0.15007178077722882,-0.01756009207362985
42f60d5d-b964-45d5-9bf4-5e7947300edd,Matvey Radionov,M,388,-0.015039098031846445,0.08496929770482035,-0.00258317898029069,0.08545917838865634,-0.09848878253274007,0.19175989573280064,-0.017622277012137134
2752134c-3e9c-4932-8c3f-8165cc1e7e08,Joseph Alvarez,M,523,-0.0022941717933871275,0.08417261610528623,-0.015630726222779952,0.08799387381136363,0.19343905138415282,0.1303512516676933,-0.01792489801616708
9e10852b-9669-498e-86cc-5f4e7f3a53e4,Alex Wetherell,M,467,0.02972382992184853,0.08320504864290483,-0.04789208342763266,0.078163688559955,-0.05222430978613936,0.023665372353888985,-0.018168253505784132
cd71f5e4-529b-43e0-ae28-2c9127711ae2,Charles Case,M,881,0.0015364965993825352,0.0807174557779743,-0.019840817425403022,0.08101515135964053,-0.0016041108105779094,0.05109587630891882,-0.018304320826020487
1634183c-5c14-410a-a6dd-30b634f27c1a,Jasper Schaadt,M,571,0.03274131618033684,0.08555573678330018,-0.05112275932223776,0.08217373477930644,-0.005884531071825952,0.14929602040197282,-0.01838144314190092
de21623d-c2df-4c7c-878f-7740456e4e76,Connor Maris,M,497,-0.009937138864831632,0.08718461864504498,-0.008455542021634966,0.08966282422400262,-0.05754468411510193,-0.07180713433378823,-0.018392680886466596
3fb1157e-5ddf-47c2-861f-b73e05dd45b2,Carter Maris,M,428,-0.00993713886483163,0.08718461864504497,-0.008455542021634975,0.08966282422400262,-0.057544684115101816,-0.07180713433378819,-0.018392680886466603
4e73b5b4-d734-4258-91cf-b678d08200a9,Maria Ford,F,1308,-0.036771633353689055,0.06655557590036607,0.01820314818343854,0.06501328842784566,0.048835909821444534,-0.0895232567321276,-0.018568485170250514
a4a34567-4734-41dc-895a-e37928f7647c,Grant Kayworth,M,633,-0.011761504257740031,0.08667365965529727,-0.007093364289296175,0.0858172409704004,-0.04386216639449334,-0.02662854793024424,-0.018854868547036205
62865128-f55c-4c57-a35e-30834e4439b8,Bassem Kheireddin,M,1881,-0.02624774073729775,0.061262988169342766,0.006934123205338803,0.059679199978301976,-0.08250867212733269,0.08668066590681002,-0.019313617531958947
5ba3597f-0147-4420-bbc3-00da18ccf339,Justin Hunter,M,1063,-0.028920335692454856,0.0748372333013269,0.009191765706338789,0.07476017685279605,-0.004677602397789531,-0.11399294621952887,-0.019728569986116065
90264f6d-f165-4b60-86e5-451cf64f62ae,Emilia Schmidt,F,2843,-0.016182720813134707,0.054159812564558714,-0.0042036336676764706,0.050819973463893414,-0.07785569219841712,-0.09698929330621103,-0.020386354480811178
0f2bcb8e-7a61-420c-ac30-b9626b8049a6,Caitlin Klaassen,F,2957,-0.09613303181261322,0.05405173216258562,0.07556844466277804,0.05301203845127919,-0.09105918585587006,0.06759968067560614,-0.02056458714983518
fb77392a-03bc-4b03-88f7-c56c9e9e6a28,Grant Bond,M,347,-0.03612314880003423,0.0873832959840907,0.015165519875129978,0.08899099890656598,-0.10849154397822804,0.005602333209991017,-0.02095762892490425
a179a271-6190-4516-b19c-ae7ba47d5821,Drake Palm,M,2033,-0.01077894438334427,0.05688613441390461,-0.010634011130793741,0.054514847370352996,-0.09398361739373212,0.20373846231544765,-0.02141295551413801
6ff20e3d-06ae-4ce4-b487-1ff553681391,HO Hoan,M,789,-0.022504485743382013,0.08262313006074032,0.0009544543922510453,0.08210765143580037,-0.05154156936713639,0.10408279484356915,-0.02155003135113097
55b78314-2f02-4a0c-83c2-b7cbfd8b4329,Madalina Grigoriu,F,4576,-0.011055638218863085,0.04328197308086369,-0.010511106608931658,0.04280188636252475,-0.03017257744532894,0.029819873014644626,-0.02156674482779474
9124e6bd-6a6e-4026-9256-90277ca91c1c,Kace Heiner,M,347,0.0028700216767692664,0.09073931197394851,-0.024623196199284502,0.09426423843470783,-0.10735670297582117,0.013851200964969567,-0.021753174522515236
67374341-3f7d-4434-95fe-7b6e826e6ca4,Kevin Dong,M,891,-0.027268762622476538,0.07194262394728239,0.00497009622132504,0.06920458865832926,-0.01330923116558821,-0.02481138233811522,-0.022298666401151496
18ee08e4-2965-4966-a1a4-257d66f0bdfa,Jessica Haywood,F,1871,-0.044723696986496864,0.06021604913240701,0.02230226008925022,0.06077067487281011,-0.041833523572992234,0.17345407515545255,-0.022421436897246644
109b8cf8-56c9-4b40-9b16-e4326c55138b,Nguyen Thang,M,1006,0.03848192823199808,0.06909384848176423,-0.06125719301067546,0.07116362414179345,0.009124960503545073,-0.001758805739542723,-0.022775264778677383
d6adc70a-8e20-4c7d-93f1-026f368c6210,Louis Laville,M,1153,0.08948087062638499,0.06700440113967916,-0.11237691465433007,0.06748692303125392,0.028244170157940784,-0.020811838781816895,-0.02289604402794508
e4aa3932-f0b8-4cc0-aa3b-e926f3f5075a,Colby Hill,M,456,-0.003344974051200944,0.08373962939509415,-0.01980281023215632,0.08639383983871947,0.09885902288367171,-0.08127207100358852,-0.023147784283357262
90b27004-f6bd-4a12-9cfa-acde87301310,Joel Cassens,M,1188,0.05472003744121367,0.07835623151173601,-0.07854996662141937,0.07728027831129812,-0.05821894111362137,0.06556237912618211,-0.023829929180205704
8af38fdd-73ad-4c9e-9bcb-d5c5cf861d4e,Isabella Ochoa,F,775,-0.06017061907747302,0.07411610936896522,0.036240707601933105,0.07439642591813785,-0.09827973151974762,-0.1044367141563705,-0.023929911475539918
f9b3749b-c34a-4c99-9cd0-437c26684412,Maya Roderick,F,321,-0.00026257419535357675,0.09023437420475618,-0.023987728266759368,0.09419951409720591,0.1292906478077623,0.06816155747139092,-0.024250302462112943
91541d7a-5c6f-4b01-bb89-ed5479f676d6,Makiyah Cormick,M,339,-0.0007153338345950155,0.08781957342139057,-0.02357569277190757,0.09000909618161412,0.01967106192092372,0.09068073116518886,-0.024291026606502588
6bd2d6e4-c8f0-4903-a4b0-4fa9db53419d,Piercarlo Usai,M,456,-0.035963775636597105,0.09158642127670774,0.01097167437854861,0.0918412668482259,0.06589234966686833,0.04366026526377244,-0.024992101258048495
6ecac506-64e3-44ea-b82f-689fad6865e0,Tya Karina,F,1495,-0.030515639930236683,0.06463891245891536,0.005286540761079645,0.06786752815132342,0.1026054252945525,-0.05970274291559692,-0.02522909916915704
18dd2b8c-d93c-43eb-be75-a64bcf36f486,Julia Ronney,F,2263,-0.019247967360828316,0.054917755920622785,-0.006010655374560925,0.05375214850582396,0.037027242889289616,-0.045027875213227805,-0.02525862273538924
d8d0e587-606b-44a1-8b98-0bd4a518d513,Natalia Maynetto,F,506,-0.04294352262024519,0.08187083237224048,0.01718526172501161,0.08055953195766863,-0.011648422841784925,0.037234626436248155,-0.025758260895233583
e2466ee7-aaa4-4c6a-a288-63e717054640,Bret Berryman,M,5408,-0.055620380231637075,0.042349569440946686,0.028945080854792287,0.04317451157907696,0.012934469146316158,0.04561629336194103,-0.026675299376844788
85dab017-4a91-4fdf-aded-f7e6d229e62d,Victoria Shinkaretzky,F,417,-0.03895984464710698,0.08487517585812103,0.010897188458282785,0.08803311969070242,0.01315943733415871,0.05618869026632035,-0.028062656188824194
68c97127-3873-41f9-a1ec-9bb608a7a74a,Nicolas Almeida,M,1123,-0.04708814016314869,0.07071340867418523,0.018877026426779908,0.07112840799429974,-0.10666214588298721,0.16363484669335193,-0.02821111373636878
31a10230-a28c-4d17-b683-f16502bf5664,Miranda Cabieses,F,366,-0.007154763358083925,0.09293281845287878,-0.02189409190374764,0.09360696148141258,0.032714624017359334,0.3613036638365978,-0.029048855261831565
bc8efe3b-26f7-48e3-a310-c66a7580743b,Cierra Gaytan-Leach,F,301,-0.036476469104870034,0.08784760835742372,0.007267023293960823,0.08511722700546502,-0.05241060351810336,0.028548990205897958,-0.029209445810909212
4798e757-53f5-4e52-92aa-98172c8f7862,Roos Van Reek,F,1282,-0.059735561269278245,0.06970338452787579,0.030375002902133488,0.06684043265820369,-0.18024291474364057,0.05512145503312968,-0.029360558367144757
5c2f5d96-712d-4076-be75-92f30cc9db3e,Andrew Hurley,M,365,0.00717048788425887,0.08767794407417052,-0.036822252345536044,0.08347699140023064,-0.29324065619103445,0.06364744367277063,-0.029651764461277173
2b56b414-7c42-4609-8b2c-285506bef036,Jayda Maldonado,F,332,-0.01698476700451894,0.09011458758727668,-0.012845669337590706,0.08777920086356436,-0.346192880803839,0.26461604222194807,-0.029830436342109645
db2e014a-211a-47b6-a910-8bad6a5c4d29,Andre Mick,M,491,-0.05256217893046332,0.08623711207964879,0.022382135639894826,0.089377444084832,0.13912227175517794,-0.011417139093931692,-0.030180043290568493
20045230-82bb-4962-99fe-cf78c28f8641,Joshua Giannelli,M,2399,-0.09874575447635774,0.05790863694481428,0.06840977078759129,0.058092730823907056,0.03796384284326271,0.011267080715511992,-0.030335983688766444
52915580-0a12-4791-8f82-6f6e56e90f76,Elizabeth Boydston,F,619,-0.040400732310536244,0.09563734511947647,0.009684400647760152,0.09406689663372739,-0.03299466278774119,-0.23361956785836024,-0.03071633166277609
141a5d80-7998-46e9-ac83-1019c415f2e6,Nick Petterson,M,793,-0.02427036597648785,0.07415753069721749,-0.006818735187168362,0.07499217110076761,0.03376935769922296,0.15043914071182288,-0.031089101163656215
07aabe65-d0a6-4599-9ebf-48683b900917,Madison Wold,F,832,0.035709931891527484,0.07078672418916356,-0.0668739138453423,0.07276387639922932,-0.06613792052364363,-0.17229903763153195,-0.03116398195381482
46964855-27d5-412f-be82-2df7e45a99e5,Jaden Lam,M,693,0.0082271485699576,0.07666160033455036,-0.03980726275388317,0.07631857351925195,0.02798458119425218,-0.07597246787367484,-0.03158011418392557
a018902f-114c-4519-997c-4fdf52d4a0e1,Abbigal Hatton,F,5291,0.02568618584027075,0.039701158030853174,-0.05743882305732995,0.038973994943937655,0.007525020934420649,0.01065748096138613,-0.031752637217059204
28df3b18-505d-45b2-ad6d-c773c0dbd0b1,Breaden Brooks,M,648,0.013421931082600707,0.08133731659199057,-0.04529061503611673,0.08480273814466492,0.10485175346849784,-0.1233964269696101,-0.03186868395351602
0ea812f2-1542-4acd-bf98-ee7ba02dd729,Beau Kojima,M,339,-0.019163849886253456,0.08787037975666018,-0.012797337899255967,0.08622394657132576,0.02249384275476252,-0.036294044859449516,-0.03196118778550942
2a8b7adb-5f06-4b01-88a7-86e56d8d9274,Hannah Fife,F,777,-0.07730742004943984,0.08128672117934542,0.04512574658813618,0.0844230545247991,-0.014656762389266385,0.006035476992025366,-0.03218167346130366
f130c658-93f9-40c8-9464-43f297da4239,Roman Kravchuk,M,443,0.03726591642091577,0.0808260192860491,-0.06953520361440997,0.08157003534684812,-0.023512273941866647,-0.02382052617964243,-0.0322692871934942
4214dfa2-6d13-43c3-b98b-f36e4556402d,Kayla Williams,F,2393,0.010380098825844335,0.05498171849651836,-0.042866542845811303,0.05418042573237236,-0.03606522077604451,0.03400752406020171,-0.03248644401996697
ef691416-a6df-4b2f-aff3-267948fc1da6,Daniel Couzens,M,612,-0.06561524145694045,0.08055017734644036,0.032486192813534515,0.08052840145138619,0.06652915357897697,-0.02097302204511318,-0.033129048643405934
c8d2e5c7-40bf-4658-b1de-003b0d9058e1,Cobi Moore,M,489,-0.03760810234892293,0.08601484459683252,0.00308019256924377,0.08647928516433662,0.06504725080933105,-0.090306832565037,-0.03452790977967916
5358928b-dc8d-431a-a57e-0c0236b09b35,Elizabeth Skufca,F,643,-0.036129519173990175,0.07973731426811524,0.001536123768845159,0.08112776167343058,-0.03702837607068018,0.011489247051807473,-0.034593395405145014
f3eb3a16-b250-4bc7-ac66-23ede9030c80,Gianna Southwick,F,353,-0.07254841164426766,0.0920991010378833,0.037720220505506816,0.0930188129317396,-0.07858322959987656,0.023544499304851377,-0.034828191138760844
051c6bbf-be07-499c-98ec-3ce9179ce4de,Spencer Duane,M,425,-0.010925355429818267,0.08185898396702394,-0.025072682095033955,0.08167014414673217,-0.030683354141425697,-0.06841511944463968,-0.03599803752485222
ada0bbbd-af78-44e2-a7e2-9c87b116be8b,Noah Waddell,M,598,-0.04134835931823554,0.07573190534949115,0.004939056010985031,0.07825818940763056,-0.14330389449650113,0.050574101857665144,-0.036409303307250514
aabcf6ba-177f-4f35-ade3-0ea5de2f193f,Ben Slive,M,1739,0.0013721071527715762,0.06270021559255758,-0.03798984705650793,0.06159040180954156,-0.016913493049443524,-0.000814974406025906,-0.03661773990373635
469e5fa1-ea76-4286-bdf8-ddd2d18aab5a,Emma Van Hee,F,2136,-0.017047454820917875,0.05560504382620794,-0.019766316521570244,0.05551137209219674,-0.12543755392101588,0.01117140359526151,-0.036813771342488116
95b59457-55b1-40cc-a948-dbefa16c3f4b,Jake Kuhlman,M,517,-0.0204810901100354,0.09248249302520557,-0.016483805756809546,0.09228632822187355,0.1306733576237713,0.034506291696563315,-0.03696489586684495
1ea37944-3e4c-45da-ad87-506f5024d389,Aaron Li,M,311,-0.00861290921343572,0.09697294734586606,-0.028508422849143077,0.09732826627321609,-0.09806703482876702,-0.14317921041666729,-0.037121332062578796
89ccc27e-1751-4730-a998-db0cb9224349,Brooke Revuelta,F,856,0.01894283660338574,0.07409934880907852,-0.05680105544008874,0.07318520954173725,0.0018758993395662866,0.07464301530913416,-0.037858218836703
0d14405e-2e45-4dcb-8fb7-73558c261b4f,Seone Mendez,F,327,-0.0004964968283480334,0.09725110180361346,-0.03750759007539386,0.0970342448440737,-0.027881889640288694,-0.08907544529763271,-0.03800408690374189
00ab745e-aec0-4f44-acfb-0c24511b3999,Sarah Pham,F,732,-0.03491752846157191,0.08018727269991786,-0.0032460327740406014,0.07976162673550287,-0.07442661108309093,0.0493790903797029,-0.03816356123561251
df8c0e05-75ea-4ef3-923e-685ff05f23f5,Selim Ben Ali,M,666,0.011501559457090988,0.07821293844628618,-0.049825138627608984,0.08219326724690425,-0.01431861162382169,-0.042275254548924585,-0.038323579170518
7bf10f67-cf48-4d2d-96ea-4e7d2646d9a8,Ryan Smith,M,2045,-0.03791713405313361,0.06092502643345424,-0.00042695816696645234,0.05993961743879107,-0.07908815089766495,0.003268378001446372,-0.03834409222010006
c844b814-8025-407b-becf-3c96ea4b19a6,Preston Gordon,M,1150,-0.07641739532443462,0.07322410581538992,0.037843696572076514,0.07420661689133741,-0.05205416713992141,0.055171740020583504,-0.0385736987523581
8fb8df0b-4365-4585-b5b9-a489397a79c9,Khuong Huynh,M,808,0.005695891924719662,0.07443570731058016,-0.04440206826526274,0.07642658499581587,0.09335641898224811,-0.07189073023591559,-0.038706176340543075
89647b43-f3f5-49e6-896f-614f0175a3f5,Jackson Ayotte,M,4726,-5.533018429256709e-05,0.04381757899463099,-0.0390981173423463,0.04280014666439421,0.040195269812395476,-0.054901612214844145,-0.039153447526638865
da9631ef-607d-48b6-a8d1-1915057b4741,Davis Daniel Carvalho,M,680,0.025021891015442468,0.07644844614632541,-0.06422674043474198,0.07804978042613248,0.10132586713192171,0.09470021418234202,-0.03920484941929951
47c3107f-c90a-473a-b1a8-900fcf13e984,MJ Greiner,M,324,-0.008746432116439275,0.0831819355039983,-0.030495642741094366,0.08666930656086433,0.0375083801309415,-0.1837415774329834,-0.03924207485753364
33fcb3fe-f32a-4b52-9f31-4d2225c9b126,Jemere Plummer,M,874,-0.03656868811825022,0.07215980568571191,-0.0028979279526005126,0.07375774244889273,0.0012976582104392942,0.0661206539982415,-0.03946661607085073
82817430-aa8f-40bd-b767-deabe0bb34ac,Eris Rivera,,358,-0.036174875681558874,0.08274472784936898,-0.0033646949080258746,0.086132870334235,0.05057299389112468,-0.057857676970248566,-0.03953957058958475
fe290a4f-f158-4446-a336-4cefd4b03f88,Nicholas Khamphilath,M,328,-0.03983832970887805,0.09123074515495413,-7.476795161040663e-05,0.09267021982211854,-0.09800943468937355,0.22273333648479424,-0.03991309766048846
aad127cb-f0a0-4b72-95bf-0a64105d41c3,Hannah Shin,F,306,0.0243756426618121,0.0941087235103617,-0.06433576454119574,0.09426392197431417,0.0022957235364369057,0.13236489168577745,-0.039960121879383644
1f281337-8943-4c9b-8ee0-82b3c10cbeb1,Ashley Lu,F,339,-0.02172765318646428,0.09432298781893446,-0.01831422215425852,0.09425356682946752,0.16114853624950232,-0.036572632502374566,-0.0400418753407228
8dd7bb87-1082-4114-809e-888ac57df014,Chase Mason,M,1352,0.01580463301513937,0.06678038883704965,-0.05587606263529447,0.06972057267432523,-0.1950774565766915,0.011958723486606633,-0.0400714296201551
f13e0c0b-2355-4897-aadf-3ac220a78afa,Ryan Camras,M,577,-0.02821874135875002,0.0856968864910679,-0.011899647434002418,0.08818516884526235,-0.12928854759316194,-0.023343618985681068,-0.04011838879275244
11e203e1-6239-4f00-aaf9-752aae883120,Rodrigo Reyes,M,1304,-0.09797565903392631,0.06706151182035519,0.05765627397218744,0.06613971200833521,-0.06761914168013493,0.08820953553402452,-0.04031938506173887
bca78de4-9ff3-4dba-b182-6765f2a40fcc,Neil Mediratta,M,1391,-0.061154334376634895,0.06881194003697194,0.02046640472981082,0.0663330205522007,-0.06617001132937916,0.09877461057069338,-0.04068792964682408
a67aea6b-f0f7-4954-a262-8f641a389861,Karolina Fleming,F,312,-0.019162526937014476,0.08523410923603787,-0.021811413073472254,0.08638429647026837,-0.046294541633182015,0.2451552479480483,-0.04097394001048673
516dd7f5-7df4-4175-804a-937b39c6bcd5,Nicholas Astbury,M,329,-0.023904560468900323,0.08974837012194808,-0.01723094949966825,0.08898109158501351,-0.0438306302165806,-0.014586023568238566,-0.04113550996856857
57a5785e-8dd2-493d-8d2d-31459d308371,Victoria Yu,F,858,0.02152176784987149,0.07011068654347093,-0.06297784347666656,0.07378282277956345,0.15411490861664046,-0.12560097476741716,-0.04145607562679507
40a21e10-dc44-4ce2-8419-07e755dcd61f,A.j. Scarp,M,383,-0.03591464359908763,0.08536409070382144,-0.005672317691982672,0.0845405778028628,-0.2042296459990711,0.008250929718840505,-0.0415869612910703
c739088c-4a93-4960-b11e-fd8f5769cc6e,Ivana King,F,551,-0.04571853937075841,0.09099613489107936,0.003778579143085388,0.08853612843215368,0.20446229772281854,0.02990705232053892,-0.041939960227673025
c14774e8-bb9b-4512-a867-fb4aed28941d,Harrison Yee,M,1804,-0.003035715796762626,0.06721931751034149,-0.038925186491203884,0.06387143284616685,-0.02777555541861236,-0.19131359289989786,-0.041960902287966506
e80c361b-ab9c-45a3-95ef-363bfb7ee817,Brett Clayton,M,683,0.019708100220931647,0.07650705600656892,-0.06181620485288024,0.07977380038604746,-0.061361593431494214,0.09778893509749116,-0.04210810463194859
2cff4f24-1547-4fe0-af74-9e3412f1ba71,Sam Querrey,M,2724,-0.05374624965244277,0.05157313545279306,0.011603326504790597,0.05138191910416085,-0.008487152211349743,0.024482797510903077,-0.042142923147652174
f3c174a3-27f6-473d-99bb-867fd0c63e41,Blake Lowe,M,341,0.014977142988767914,0.0838200980077826,-0.05721924290850051,0.08504409069376229,-0.20900560184375763,0.048257182409734825,-0.042242099919732594
bf08506d-dd1b-44e7-af1a-20a2772d986f,Lucas Guidroz,M,532,-0.05585209923354487,0.08216847785575795,0.012945816436314787,0.08373260303408876,0.03210775134883987,-0.005954492861720616,-0.042906282797230084
50982c9d-4d95-48ce-8e38-6704fde63599,Thomas Romano,M,642,-0.0197508492504104,0.07728389291088474,-0.023286087756847616,0.07563970229941853,0.04948733461798816,0.18424293173973147,-0.04303693700725802
79046b96-4601-4443-ad6a-b1d2451be668,Rachel Summers,F,4508,0.019148106656339894,0.04228847635767781,-0.06237209018142046,0.043584250647583284,-0.019779628315222345,-0.00537022302333162,-0.04322398352508057
cb9ea037-f204-4216-ac56-930a01009166,Matt Burkhardt,M,2594,-0.07584506961242732,0.05265151721410271,0.032485598945657265,0.05257386080419574,0.06187041795177993,-0.06763007145417949,-0.04335947066677005
9ca93d3c-68c2-4d4f-a534-fc4b00bfe362,Collin Vero-Casavant,M,600,-0.03538687430318442,0.0794771877210923,-0.00848214296830442,0.07773657556867157,-0.10519744078533841,0.04103054908095882,-0.04386901727148884
08208add-da5e-4a73-adb0-f1a86bf28153,Alex Guy,M,1569,0.012470458179634967,0.06521164716631303,-0.05673638872473407,0.06429661487630972,-0.08249244683051829,0.1781066211791922,-0.0442659305450991
d8610fd6-1ab3-409a-bea3-d7f7b87d7ee0,Shea Donahue,F,2898,-0.02831917994973958,0.05375079806194931,-0.016181478755634644,0.0541452477918148,-0.027735730887879798,0.009717559875786812,-0.04450065870537422
ab3af95f-cc49-4ff2-a731-668dd10a6b50,Farzin Amiri,M,2210,-0.04688658594566273,0.05635346980888735,0.0020491930464492,0.05757733217471528,0.07988231372099626,-0.11150512683294403,-0.04483739289921353
376dbe04-6c7e-42dc-9c5c-690a3b567f4f,Michael Fahey,M,433,-0.018172189785615085,0.09432301404005221,-0.027006843153374486,0.09725096886612755,0.007859592053338029,0.2201103360329527,-0.045179032938989575
9ab20bb2-64e3-477e-b75d-9aa83b8a68b8,Adrian Garza,M,418,0.014642479378612445,0.0938380168414759,-0.05984952899531402,0.09459892585589205,0.14596755407009,-0.0681123806119352,-0.04520704961670157
12b298bc-6545-409a-ba9d-bd5b2d6f0e00,Sepand (sep) Attar,M,810,-0.06353987520063989,0.08366712898977602,0.017922628860803987,0.08250187255173683,-0.1251793848777226,0.08133618894194983,-0.0456172463398359
53cffd68-8c08-4ad7-88fd-a72ee20d716e,Marisa Ruiz,F,2140,-0.02774744994119574,0.05719371233294686,-0.01788077815536786,0.05378158402682899,-0.02391479456184674,0.011927941772968059,-0.0456282280965636
0ccab93d-398c-40a8-821f-07a2ded79dde,Zoeya Khan,F,7274,-0.04852764532567385,0.03443227999203428,0.0023301690623615495,0.034134651426216994,-0.05371715317742659,0.047357847079265665,-0.046197476263312304
397b3fba-650e-465c-ae98-03422712e358,Riley Hanks,F,602,-0.016178757453856905,0.08838600205249006,-0.030303508314578006,0.0860658013300556,-0.07561035008313738,0.0878590899295728,-0.04648226576843491
26ef815c-33ef-404d-a3b8-f0a26c240109,Stephen Madonia,M,5264,-0.030424676687088946,0.03934684244321525,-0.016187816175547418,0.040762999120726014,0.004887747587087383,0.07656259775995598,-0.046612492862636364
c9214130-b23f-433b-86e5-c243cee0d062,Ping Boon Chia,M,440,-0.04817074541733992,0.09244776941115783,0.0011309359889923548,0.09237165353270432,-0.07773709027423434,0.08749548496342308,-0.04703980942834757
cfd359f6-5e22-4d9e-b02f-171fbb8f3759,Connor Duvally,M,579,-0.03030114824644915,0.08195344304862394,-0.01678663449652664,0.0763675883828434,-0.06472402547358863,-0.25817731361642415,-0.04708778274297579
d196fd35-a56a-4533-8687-542a22730546,Selina Turulja,F,496,0.026706886342135378,0.08448421732447232,-0.0739632346096991,0.0812198753370712,-0.31493410165312946,-0.09208410921705586,-0.047256348267563725
d93f56ce-61cc-477d-a26c-17d04e53b2ff,Anna Lenhart,F,685,-0.006258820701608192,0.08157157164411118,-0.042186227456060904,0.08349744146141896,-0.1696388738466827,-0.2390408682520334,-0.0484450481576691
537a30ba-024c-4630-8543-f95f3850fd4c,Nick Erves,M,371,-0.05469375480669892,0.09442646852681905,0.005629408068041429,0.09497801669419458,0.12729530000781653,0.039718715029633894,-0.04906434673865749
0517f4a6-2648-470e-a9ff-8cf78eee3421,Connor McCartney,M,2999,-0.0568578067167583,0.05079543275058592,0.007416921701936504,0.05521095003283959,0.09014213858704219,0.008840745840745583,-0.0494408850148218
c7e5faaf-722e-43ea-a652-316dde5de973,Landon Ivey,M,423,-0.014607914703690762,0.0840177308126809,-0.03585957004267691,0.08667105712044489,0.10961631486610712,-0.007386117334886497,-0.05046748474636767
e0c80aa0-cb42-47cb-a487-02660638bd80,Garrett Ivey,M,423,-0.014607914703690763,0.0840177308126809,-0.035859570042676904,0.08667105712044489,0.10961631486610728,-0.007386117334886497,-0.05046748474636767
001e944e-7159-46c8-afe6-63c2754d9241,Brodie Smith,M,465,-0.015051883380106292,0.08083095278587621,-0.03553132594901589,0.08015888765480811,-0.24588859956101183,0.04372123251939389,-0.05058320932912218
e2ee6b65-a480-4cea-a637-ccf209bd6d82,Jose Gomez,M,421,-0.04591290314709529,0.09315853590861688,-0.004883868806580127,0.0914828874390247,-0.24756076219035633,-0.0878521994627957,-0.05079677195367542
fd06ae1c-aa59-4e87-9dea-e7beffc9d2a7,Willy Chung,M,341,-0.026962140326096205,0.09487340268851864,-0.024180220880628992,0.09501033114828665,-0.15543855598602072,0.07721151368270503,-0.0511423612067252
e8249159-5daf-4a7e-832e-990247a1f742,Ammol Ramchandani,M,304,-0.05285893418305119,0.08653719149347196,0.0017086313293541665,0.08585285984010921,0.06795526805293627,-0.0157880771443964,-0.051150302853697024
25139050-f977-4456-9545-7d63b72fa380,David Litvinov,M,4160,-0.00026884403265415473,0.046850140087013534,-0.050988498928807836,0.04692643201708252,-0.028091290762470945,0.12799855054121378,-0.05125734296146199
af472932-bdca-4a6f-96f5-c8474817512e,Stephanie Vogt,F,662,-0.0276007345624465,0.07902451745450256,-0.024174984792170725,0.08032764953398436,-0.09935825914362942,0.04231596603843006,-0.05177571935461722
0e2e2c5c-e628-4b06-ad6e-f2c3984b162b,Tarie Caouette,F,360,-0.029269096274718936,0.09064990026136005,-0.02262933726213787,0.0913024398026161,0.018598287787768977,0.04342888630412629,-0.0518984335368568
291820f6-dd9a-4b63-8708-197e3b1f192b,Raymond Chang,M,532,0.03371793796670583,0.08470538914465493,-0.08587565510220438,0.08640583849800557,0.07302570622954925,-0.037524986502485806,-0.05215771713549855
d85f8ddb-3931-47dc-ba23-28113e20b633,Theo Yun,M,360,-0.04768608083994019,0.0907973153877667,-0.004643693928810221,0.09053458391010176,-0.1715071726519892,0.03495777995846597,-0.05232977476875041
86215655-2f12-4285-b988-ace97b983003,Dylan Kato,M,477,0.01052076706081498,0.08145022331307862,-0.06311706810201598,0.08120261216170428,0.03315834996096842,-0.06490861181982788,-0.052596301041201
6770c5c5-e1a4-4d71-9d8c-532a04ca65cd,John Hopkins,M,314,-0.0465247993208576,0.08619997563041014,-0.006394302398743266,0.08506346659451634,0.035867077422670916,-0.08089397469205149,-0.05291910171960087
f66ee093-a4d5-4d46-b849-266452b932fb,Kitri Boser,F,312,-0.009141471939787774,0.09471939295434456,-0.04409345108464214,0.09249096031549763,-0.03641411817235351,0.14160091145149262,-0.05323492302442991
099cea76-474b-4085-b77e-83baefab2b16,Kristin Vogel,F,417,-0.06987832921264084,0.08076219870683289,0.015977176234474446,0.08443255766492752,-0.042901581856265414,-0.08577300686393913,-0.05390115297816639
53dc05fa-2ac4-4d8f-9283-9d31bcae2734,Sasha Fisher,F,490,-0.03727748045696029,0.08044385304075562,-0.01683518954392257,0.08343512918244274,-0.03127730578622457,0.11592192058240841,-0.054112670000882865
f8ddc06d-e919-415d-a5dc-bf9ce07b870d,Tiffany Landgraf,F,489,-0.04321207776571649,0.0864703674335357,-0.011093044848348539,0.08750443516413817,0.08362361587231391,-0.02888333082413578,-0.05430512261406503
deb34ab5-bc2e-4fda-894e-600a62ca0fa7,Michael Shaw,M,872,-0.010383796443711497,0.07148029082090429,-0.044175204545295235,0.07123925991828914,0.08131943964777683,-0.14098898015786204,-0.054559000989006734
12682fd5-cce0-4377-aa0e-c234e1be6638,Jesse Ferlianto,M,446,-0.07346361309381222,0.08505947911089284,0.018126726773780848,0.08322669860670287,0.042885888416502364,0.02992925202661156,-0.05533688632003137
785692bf-003b-470f-96cf-c43bdf61c082,Longsheng Liu,M,384,-0.034949202176875895,0.08423779510718213,-0.020614038555981398,0.09049227515130581,-0.23455618558069768,0.21795631318601183,-0.05556324073285729
5106c31c-ea6c-49ba-81ca-b622b1d7afd1,Mackonner Dy,M,632,-0.03493396415606834,0.07891629577842754,-0.020977136472185038,0.08002710905530061,-0.07935046455976788,0.02630315397747475,-0.05591110062825337
8722e766-5899-4c75-bab6-7791157fa3ad,Connor Weeks,M,461,-0.05271151020525272,0.0808487252185437,-0.003359367083879222,0.08101268857023776,-0.044347844326639387,0.05089434441611615,-0.056070877289131946
a6a6dbc3-d022-414c-a149-542368879e60,Kyle Borawski,M,341,-0.025086305639285638,0.09740034514976728,-0.0314088885934511,0.09746954325579461,-0.008531729161101424,-0.06769227539024918,-0.05649519423273673
7d2587cd-0152-4be3-9b29-25d06e5d93c3,Jay Wang,M,646,-0.06589341001192903,0.08805533169062246,0.009207554813975505,0.08892665038785844,-0.15436438874636177,0.09820205452413373,-0.05668585519795352
7867cc51-11d1-471f-a8bb-9d8370b6a698,Nicholas Wade,M,2763,0.004807753573406192,0.05410375713982794,-0.06175744213459328,0.052193089576477746,-0.08022664367593178,-0.026683126939860365,-0.05694968856118708
738265f6-e8cf-4d0c-8f2e-88ca455d1dc5,Ernesto Russo,M,1115,-0.04148417582255565,0.07414423533901794,-0.015626925307268908,0.0752740713440219,-0.02992036418979712,-0.006531226481068303,-0.05711110112982455
139f2249-820e-4e28-ad94-3b82f07ee699,Jojo Henderson,F,312,-0.0212025019722918,0.09645263817073159,-0.03624048798190119,0.09642101371432224,-0.06749878498173688,-0.03604675047843823,-0.05744298995419299
254c5192-68ee-4711-8545-718414ea56a8,Justin Lui,M,426,-0.03920749436375937,0.0893291968133832,-0.019071378559492452,0.0856096357219632,-0.025509332584559823,-0.018629064711561998,-0.058278872923251825
bf59aa30-8db2-4ef6-9d7d-28ca1e32346c,Kara Andrews,F,336,-0.055652680153352146,0.09307199296770687,-0.0031972012228680975,0.09163116523512069,-0.16957978986400551,-0.11041974872683609,-0.05884988137622024
8b7405b5-f3bc-4e32-bfbc-cc2e14f7454c,Jose Martinez,M,2743,0.05475933209826009,0.05388264502942709,-0.11379278556122421,0.053709554918606364,-0.0927769268811293,-0.01650908820272142,-0.059033453462964125
c3066b2d-fc90-4774-a571-cde5fc5583d4,Chloe Diskin,F,2296,-0.04168039926660006,0.056090616195043096,-0.017577715558044337,0.05493078898346708,-0.09279934014748495,-0.04111001616626402,-0.059258114824644395
ad13ca35-c83d-4c06-8555-7b4f20b416bc,Noah Zwiren,M,625,-0.036717064982953525,0.0793569192149494,-0.02299590681183713,0.07784628815352156,-0.0018168668496237005,-0.010586516166110197,-0.059712971794790654
414a9a4f-31d0-41b2-9e75-0839782b3cfb,Ian Yi,M,320,-0.011591134753112258,0.09579261599806949,-0.04813003358556063,0.09307493405436854,-0.09783597571348804,-0.1833868675677503,-0.059721168338672886
7ef0e6aa-5130-41c0-9c7c-68cb94fa2d3d,Jack Sahid,M,522,-0.052002931359975,0.08391608439167747,-0.008233727963621323,0.0847031241143695,-0.10586535587929302,-0.03848592312506622,-0.06023665932359633
ae103be7-01f5-4d0a-ad3e-ad524a4f6309,Seina Shima,F,819,-0.01712559503631856,0.07695648988861414,-0.043316615893483866,0.07824179592074722,-0.031842406991589585,-0.10547969977600495,-0.060442210929802426
ba813c27-91c4-4441-88a0-e9b36e5e1e9b,Nguyen Hung Anh,M,480,-0.025160169929880728,0.09518429286280304,-0.03598474011962534,0.09449536420966485,-0.11148871405708488,-0.09592982585323241,-0.06114491004950606
e4e64e82-81e5-446c-9251-b6fac101373b,Phong Tran Sr,M,626,-0.025160169929880738,0.09518429286280304,-0.035984740119625346,0.09449536420966485,-0.11148871405708495,-0.09592982585323256,-0.061144910049506083
78a3a6aa-7466-4741-9247-1d6636afcff9,Cheyenne Jones,F,781,-0.00693280506107668,0.07999978904017518,-0.05479487870986767,0.08508977423200181,0.022227104237725257,0.14852953412220019,-0.06172768377094435
7a4471b4-3407-47cb-a0f6-8eb5bf74bab2,Austin Mireles,M,599,-0.04492638061835427,0.0828223840831435,-0.017220696078650174,0.08628485594413866,-0.0030291516359828574,0.028286483107777795,-0.06214707669700445
85a456db-344a-41bf-9c22-6e2e9c09ba98,Divin Sarthak,M,635,-0.04492638061835427,0.0828223840831435,-0.01722069607865018,0.08628485594413866,-0.0030291516359828596,0.02828648310777785,-0.06214707669700445
9e8ad96a-17a3-48bf-9363-7b35cc96b2b8,Averee Beck,F,1326,-0.029678917408357205,0.07330328576375339,-0.03312797108739535,0.07795782486227668,-0.13759383690972543,0.07767509430146967,-0.06280688849575256
34df6ae0-3b15-474c-81a9-63bebc580ed7,Brian Bonilla,M,976,-0.010584202518018001,0.07915745912049682,-0.052386787311148514,0.0768104944349116,-0.05282269752618733,-0.05380393896741564,-0.06297098982916652
1e71a00f-4ec7-4a9b-9e13-c19e90e92598,Taylor Garcia,F,655,0.0050280413207837845,0.07914054415542726,-0.0684291154568064,0.07673342886688671,0.0125056404850323,-0.06810635403994095,-0.06340107413602261
4553e8f7-d51d-41cd-bc23-752742441bff,Garrison Eaby,M,2665,-0.024293009120155234,0.05489705460409453,-0.039132774308642475,0.05724634275934482,-0.020550415010605203,0.08687337348687092,-0.0634257834287977
093e0d43-0636-40bf-8461-4c7d552b16aa,David McNally,M,342,-0.03170517038185705,0.09630689027917942,-0.03239587302230816,0.09586407433313299,-0.0571852988814757,0.07879333425437753,-0.06410104340416521
02faaffd-abb1-4773-93d2-47f3d04d7876,Ryan Smosna,M,357,-0.025854808052763016,0.08996370539050251,-0.03856777726440466,0.09106608396205908,-0.021005323210319712,0.05198282287003893,-0.06442258531716769
a542c7e8-5602-480d-9fd2-b870091858e5,Chloe Zigliara,F,393,-0.04642355861515346,0.09447947129133054,-0.01827121498654477,0.09409011234733036,-0.10923583243274426,0.06646639586254707,-0.06469477360169823
e0f2fcd1-9bdb-4242-93fb-4f7e583c425e,Wasan Komonrattana,M,421,-0.025228757556653485,0.08743664091888192,-0.03950979470243179,0.08903892070179556,0.10025227306787317,-0.01002316631182568,-0.06473855225908527
c32446f8-bb47-4d48-8d5b-26aba4b20cb2,Trang Huynh,F,2003,-0.01200532743382778,0.061428547784818176,-0.052873300255427455,0.0590543786363201,-0.13756810616706655,0.05217113071653321,-0.06487862768925523
b14dd745-7463-4dc1-acbd-7ab1b32af58d,Anna Clarice Patrimonio,F,606,-0.08018523657623731,0.07795970121443442,0.015285772633495514,0.07791516007889487,-0.08502782187178436,0.02211158086463802,-0.0648994639427418
ea0b7d06-7e9f-4786-a4ed-24da5029559f,Dale Kim,M,2385,-0.1121382071651585,0.05542854276513169,0.046326179432505644,0.05359428544388509,-0.07663905949989162,0.043362485611313104,-0.06581202773265285
19d2c48c-110f-4747-b795-ffe32aa73d58,Zach Drost,M,387,-0.08840482664920846,0.08599709700725262,0.0225246187255656,0.08587501040312842,-0.08685409290871254,-0.1795979202397698,-0.06588020792364285
4565d8c4-de25-4391-bcf3-3e822ad7783d,Jai Grewal,M,990,-0.038025822866341034,0.07410608941018736,-0.027888777803144218,0.07432227274332866,-0.10229194473234166,0.00501290243497813,-0.06591460066948525
be334c3f-ea1d-4761-99fa-fb9776180b3b,Cassy Deng,F,400,-0.034052632510416965,0.09630632825457176,-0.03240152353132747,0.09447871161284704,-0.09352405732342706,-0.003621012797432182,-0.06645415604174443
20a05d48-2059-4900-ad17-c58c875d715b,Thatcher Schwendiman,M,969,-0.08131695224939813,0.0744837506522721,0.014639377210855531,0.07554336244347137,0.004388290764024848,-0.14308785517619324,-0.06667757503854259
3d81052b-beb5-43a8-9941-a5595a0be3c8,Brianna Kemp,F,999,-0.07836276377324178,0.0702133243575031,0.011684848239389412,0.06721946434371527,-0.18865205453548306,0.11444569601183815,-0.06667791553385237
10305bd1-b475-4fd5-9a32-aa03d8d988b9,Gorka Sanchez,M,448,-0.01680683462207708,0.07879894087488687,-0.050114756340650386,0.08281790334875037,-0.0029862791352056814,0.003507200205413081,-0.06692159096272747
7864fbf6-245b-40e7-af07-0fb16958c3c1,Kamden Bradstreet,M,1300,-0.011828852109988786,0.07216519200239117,-0.05545308402157399,0.0719052307312356,-0.09531251482992814,-0.08807845168908894,-0.06728193613156278
d0f63c78-f753-45d9-a510-1b05298ea680,Erik Forsythe,M,1390,-0.03837097691955477,0.06709368499617689,-0.0290593734594434,0.06423918299043248,-0.1435675963652569,0.06499335469495973,-0.06743035037899817
4c87b545-c39a-482a-aa24-0ce2951f20d8,Connie Lee,F,1864,-0.039520653879534434,0.05923688911493982,-0.028334749028012526,0.05977599335895306,0.06684690237179078,-0.07994170900531525,-0.06785540290754696
d70642e4-3d95-430a-a537-acc04e56c97d,Dustin Boyer,M,1531,-0.027147847973931168,0.07083806697858094,-0.04077467588999599,0.06636666831764593,-0.02771888438286777,-0.01130514019090775,-0.06792252386392716
5a5237bd-64cd-433c-99ba-34badaa2820c,Braylon Ohrel,M,801,-0.08511208739936395,0.07938737015771002,0.016174116290484788,0.07549894006615569,0.027721960360763267,-0.024817027776170737,-0.06893797110887916
ab0e7256-6f4e-43de-b85d-6bfab0bbc41d,Brayden Nguyen,M,1140,-0.07005142143957935,0.06755664865684147,0.0008069700867754697,0.07174226451813662,-0.03455811114669671,2.1667046418886355e-05,-0.06924445135280388
b62bbf31-a191-4912-a701-063b97ce356a,Varun Ganti,M,405,-0.03664548476434478,0.08911150197111702,-0.0327267707336542,0.0897893141387955,0.26626585311109874,-0.11774849233568481,-0.06937225549799898
5111e47d-5ce8-4384-bea6-da14612074b7,Zhe Chen,F,490,-0.06553736565168217,0.08266273741279553,-0.003962743925827656,0.08589849062279621,0.04034130069403317,0.1085212079557058,-0.06950010957750982
857cfd09-e91b-4282-9b4d-862264295094,Brent Werbeck,M,545,-0.013623136124566693,0.08354914575647801,-0.05602409870024334,0.08517796137975761,-0.07449091759452223,-0.057657035013348054,-0.06964723482481003
de14b3af-3ee1-467a-864b-7af6467f64d4,Laura Madison,F,375,-0.011785914791802644,0.0887617672205065,-0.05794867812366604,0.08866465451263929,0.001270858387244442,0.02491541734044989,-0.06973459291546868
493d192e-3eff-4058-8f2f-fa84530b5a39,Easton Horricks,M,2424,0.01423779612958782,0.05608451048642188,-0.08507785180565304,0.057968409681299744,-0.05704703300064121,0.21022004777166406,-0.07084005567606522
d57934e4-fe65-4168-8fd7-26da1b07cb2d,Michelle Murphy,F,1981,-0.025689374069569115,0.06367946069894367,-0.045664029746041584,0.062309803744171596,-0.05962440902523326,0.03433378707246477,-0.0713534038156107
9d80e298-b7d6-4094-988d-6dd488a91c52,Matt Rucinski,M,1020,-0.05185801780361684,0.07410227762797222,-0.019715743004647634,0.07042096237325617,-0.18066572061713082,0.17657354570481326,-0.07157376080826447
f5cfdc91-1dff-4919-b2b0-a23c128e0bce,Helen Challenger,F,307,-0.05581225937822461,0.09443044089732698,-0.01592365696839066,0.09433210592875137,-0.08534880221185763,0.13417515975886782,-0.07173591634661527
e1cb8dc7-930e-4fd6-8034-cdbf250ae62a,TY Parrish,M,910,0.011167907188960519,0.07259533487350363,-0.08306658956303076,0.07301388689722906,-0.024784069416588225,0.01327524603312312,-0.07189868237407024
7373777c-5fd6-4386-b471-cae504678696,Jon Nilson,M,464,-0.038657764322634694,0.09498231620370153,-0.0333244395408193,0.09377783481521429,-0.3374289222636364,0.18797205301584605,-0.071982203863454
efbf9c7c-1162-47d8-9e9f-0d4c4a1f4458,Alex Toth,M,302,-0.02657180708325036,0.09177610618896885,-0.045706233213313935,0.09361760789300418,0.0525421141315789,-0.024503430799290914,-0.07227804029656429
4f142e8d-9a57-41cb-a89b-5b4c3af752fa,Ella Boydston,F,4060,-0.06431982074116217,0.04485791448100001,-0.008137662848496997,0.04523801581140795,-0.06274360357746199,0.025456217884158052,-0.07245748358965917
020d8ae2-4895-4135-b7dc-6f43b34c9926,David Hall,M,1767,-0.010982130625944256,0.06203744248932467,-0.061487557191077326,0.05947483273514745,-0.03655441733046065,0.003964039450228203,-0.07246968781702158
8df7caa9-af2f-4381-833a-f56776546f88,Claudio Quinones Garcia,M,2777,-0.02498588697108244,0.05199976408117375,-0.047542475065599825,0.05237330084256783,-0.03523901915749576,-0.02153072144298852,-0.07252836203668227
db9a79b4-d8bb-4b04-aa39-e996a29ca6d1,Aline Morales,F,570,-0.01870381514489966,0.07978508914635696,-0.054141746510617685,0.07984437719863698,0.18157538853223004,-0.019581117327185572,-0.07284556165551734
64bd1db9-29c3-48c8-ac61-22eea701198c,Eva Kohutova,,317,-0.02270430954880319,0.0959646734313286,-0.05105369290837929,0.09750848476710157,0.11085130699650336,0.10305483783095917,-0.07375800245718248
15156d9c-65c8-4a3c-a392-c3082975cfc4,James Broker,M,1959,-0.04695317221866021,0.062441686183497803,-0.026897094888922793,0.06189953034528897,-0.026826348903710707,0.1558857715305247,-0.073850267107583
5d73e0b9-a7f9-4521-961b-8d79742ee23f,Albert Wan,M,2186,-0.06654077869504539,0.05729016307115008,-0.007755102221134409,0.05977318294087917,-0.04922944826229191,0.188168838101743,-0.07429588091617981
de16fee2-9205-4559-9fe7-48b918184e8a,Ethan Dysert,M,383,-0.02978974121216067,0.0961134621721751,-0.045153366422212335,0.09361891145942998,-0.07270122421916925,-0.011156616431873044,-0.07494310763437301
42f928d1-d33d-4f8a-b6f4-90d785e60cbe,Parker Dyer,M,488,-0.0588082694306374,0.08756801901580337,-0.01615550486485436,0.0852298958497566,-0.2876543019514674,0.13126866158906372,-0.07496377429549175
649a30be-e691-4be4-8677-b9a55699f2b8,Ivy Tschetter,F,1141,-0.019770958228722595,0.0695615873161069,-0.05575203760495631,0.06603217104379086,-0.024036696439069923,-0.00010376327561267177,-0.07552299583367891
67bdbec2-8067-4822-88a8-2811d633b291,Adam Gustad,M,444,-0.03461056344674038,0.09507350696156433,-0.04119172641957952,0.09392929917016175,0.006199439348778879,0.026435262144345554,-0.0758022898663199
8a71d348-6401-4068-bedd-f4ed30460d2f,Andrew Caldarella,M,2625,-0.048717100672352215,0.053456084103477235,-0.02788374949106808,0.05170483208877334,-0.03430339597433746,-0.0026984132178585487,-0.0766008501634203
672d1e92-e53c-4d93-a4e7-586d69743b85,Dexter Rangel,M,485,-0.05222062381324843,0.09485401254645688,-0.024626283626857953,0.09571377239792761,-0.17854547428778658,0.08100750651019419,-0.07684690744010639
a756ee87-c12d-4264-bc6d-0e2c56fba4ff,Dan Nguyen,M,393,-0.053099172539365656,0.09560560885085337,-0.02505112668487445,0.09597338250237467,0.011302663043535884,-0.02147608665574874,-0.0781502992242401
23145e4f-c3b0-43f2-8172-462c66fab2c2,Andy Amattayakul,M,534,-0.05431015607376771,0.09338097578419696,-0.024355283645111546,0.09417234598106962,-0.02818455499466102,0.00819795736488371,-0.07866543971887927
ce10eeaa-0854-4c37-ab63-73f16bed85bc,Syed Uzair Sufi,M,1951,-0.05432714296482149,0.0586116495595127,-0.024473749845880258,0.059746201677296225,0.04939171235268651,-0.015294275595927257,-0.07880089281070174
c79ef5cd-2d17-4fbf-83a9-34d4aaaaebd8,Masa Grgan,F,498,-0.05427896375055817,0.09176137240350175,-0.024663332103765263,0.0902875494021671,0.00751168379718107,-0.2199364493283414,-0.07894229585432344
ed0f1751-16db-4125-9ea7-bbfdf2ce0a4f,Josh Nix,M,341,-0.05749812361165713,0.09321670965856985,-0.021589592883637695,0.09489408440639768,0.01872926256942277,-0.04890089254857432,-0.07908771649529484
59618b60-e466-4dbf-ab27-2080ba8bef91,Tobias Golberg,M,369,-0.04739062464509869,0.09714862111917673,-0.03223606422740319,0.09572613734491812,0.10259532647330359,-0.15177140038975662,-0.07962668887250188
84c59a96-e5ba-4963-b34c-855f719998b5,Devon Farnsworth,M,513,-0.0716381166219096,0.08081701059584462,-0.008052551717245103,0.07900610207140997,-0.1666069241800354,-0.059126979592723054,-0.0796906683391547
33e8c243-d1a8-4821-89cf-e15bf003e6f4,Ryan Skufca,M,959,-0.07040265547287035,0.0725483549011949,-0.00955996815261735,0.07348917298413493,-0.02615257051490678,0.0814590857489556,-0.0799626236254877
91025a95-6e03-4830-a936-aefea2c5ca37,Monica Paolicelli,F,525,-0.04464891830818524,0.08191764814376615,-0.03552580427117018,0.07827970760580782,0.14793231155401523,-0.2282997166383058,-0.08017472257935541
71c8bad4-9344-41c3-b0bc-86675b6f38d9,Evie Kenna,F,1536,-0.03937170040748159,0.06206259186228324,-0.04089069743371332,0.06054700249395188,-0.0525685078287635,-0.06182170713897554,-0.0802623978411949
cfea3f18-f48e-4d60-b610-4d70b2ba82b0,Shih Bin Chen,M,530,-0.0013749481987625747,0.09004152997281129,-0.07983225714095658,0.083778673113739,-0.2819868944256484,0.024314012409593355,-0.08120720533971916
c2ae5c9c-61b7-41be-99a7-00ac41b8749b,Dustin Wang,M,530,-0.0013749481987625721,0.09004152997281129,-0.0798322571409566,0.08377867311373902,-0.2819868944256476,0.024314012409593452,-0.08120720533971917
2a0171dc-c866-4170-9021-78d3c53c7318,Andrew Loftin,M,475,-0.03828283286795015,0.0802587064939299,-0.04330524690091798,0.08130503749175712,-0.12916008859140357,0.1936690170823091,-0.08158807976886813
cbd1cfb1-5a03-4181-bbbd-67689238cf50,Johan Nilsson,M,955,-0.02356451228652383,0.0715060674813266,-0.0589612418673753,0.0709020903827464,-0.11965470553056365,0.016486100354574852,-0.08252575415389914
96b4319e-8158-4a5d-8eaa-ee8476457076,Chris Patrick,M,356,-0.03319433123400103,0.09741920451681918,-0.04975076743968585,0.09623545990533464,-0.03845279685524489,-0.12592765271461584,-0.08294509867368688
97b1e68f-699b-47cb-a501-cd97f6a5edc7,Alex Rastorgouev,M,310,-0.03757683926040065,0.0938219172496399,-0.04543970796403867,0.0952719623804343,0.18394162736847267,0.15552200524811757,-0.08301654722443932
73820892-5991-4711-80c5-a2411025eb75,James Kaoma,M,2149,-0.07420692293452179,0.05946752922018716,-0.00931568869360954,0.05858077279008881,-0.05346565649445654,0.15963814313361746,-0.08352261162813132
348255bf-f94e-47cb-ab5d-95969c2bd7b9,Aiko Yoshitomi,F,4697,-0.03710632170564728,0.04164419867588316,-0.04669648276519633,0.04313025672908939,0.03292441639015434,0.025352373701634668,-0.08380280447084361
0142557a-6231-455b-8eee-daf5f67fc1ff,James Seagraves,M,2444,0.040696678062340674,0.05652233388440587,-0.12452029314546606,0.05605587137869516,-0.03292264311891173,-0.06745853759476376,-0.08382361508312539
4ebf78a8-2d54-451d-a45f-42544f6a60f1,Kayla Nesbitt,F,758,-0.03419664570325282,0.07445472522762657,-0.05053505779862116,0.07445664973372984,-0.10257794538248945,0.19553066431653374,-0.08473170350187398
084513ac-a561-44af-9df6-a14107f70be1,Waymon Peet,M,408,-0.05508037217687959,0.08644395644380101,-0.029704554533209276,0.08414406793697685,0.0898453397739445,-0.025681553219487844,-0.08478492671008886
2196b118-0e4c-40b3-8e54-1b7f0c278d12,Mauro Conde,M,496,-0.05099897672371996,0.09621954840429027,-0.03410366614558531,0.09457650228645186,-0.23524315967816067,0.04716984160612622,-0.08510264286930527
4c1c2c50-a75e-45b4-adc1-c83bb3b5677b,Ashley Mackie,F,470,-0.042961994760103026,0.08431883637244475,-0.04216828939644288,0.08070199102728585,-0.12680312155363965,-0.026931513811649585,-0.08513028415654592
1c81bffd-a391-4713-9e12-b0be14836038,Matt Baca,M,530,-0.04383765904297984,0.0798141843216438,-0.041309097591206274,0.07888704978850425,-0.11020169590670949,0.023632925768239395,-0.08514675663418611
fb6a0d45-8a9b-4fb6-94c8-635cc6dca77e,Dodo Kong,F,479,-0.03128504570926554,0.08876105967516733,-0.05386664534026859,0.08623696752962438,-0.22829103247849178,0.041535738680375286,-0.08515169104953413
88208c8a-5718-41db-b156-0d45b9d54c6e,Ngoc Trieu Tran,M,563,-0.06329160238822351,0.08477232592738328,-0.02207081485455156,0.08572274053602977,-0.11836230921811675,0.03289075057633079,-0.08536241724277507
64a6650b-96f6-4382-8db8-9edcd7838743,Kento Tamaki,M,3189,-0.053341872091914586,0.0503672017338751,-0.032129956037867495,0.049667150750721825,-0.0029053197412298726,0.01932157653850168,-0.08547182812978207
a552ba50-5178-4107-aec6-ab9c0a0989b3,Aizec Olson,M,909,-0.06079641183469376,0.07987098200202652,-0.024872904426426475,0.08344451039109892,-0.11953001340643857,0.018606102447516124,-0.08566931626112023
5e5e27c7-e3bf-479b-b339-4276a5fa5516,Jolie Lam,F,594,-0.07814390662507664,0.08119933016255661,-0.008286442096989083,0.0787531687914765,0.05211044792967554,-0.11062244970111315,-0.08643034872206573
609957ef-fdf8-4171-bd10-f48df4519bb0,Dylan Goldman,M,483,-0.02182975318837767,0.08680986516034003,-0.06465333668098229,0.08693683984954703,-0.05260450454511491,-0.12452439088214287,-0.08648308986935996
da9be995-93ad-4eff-807f-8914e2ea300a,Jeffrey Stone Jr.,M,444,-0.07781018754818506,0.09494260130801287,-0.00868015925435707,0.09597327571944332,0.11635710772809925,-0.04260022074157979,-0.08649034680254213
2cb697da-8f48-4208-95ff-7e419fbc0013,Rachael Fitzgerald,F,418,-0.05196141816787442,0.09326183065026629,-0.03462859132946186,0.09382589988661198,0.049170226743387814,-0.05024576695440892,-0.08659000949733628
210dc1aa-77d9-4c42-b14a-d4d9ab39feb4,Park Seong Yong,M,469,-0.02320339618650967,0.08926046318452394,-0.06342085616511765,0.09039715694660545,-0.032146660197655656,0.08282530001946778,-0.08662425235162732
3475b356-f7a8-4fd4-b203-38a698e500ed,Cody Milton,M,596,-0.03638189214335903,0.0905703019539939,-0.050362336029539115,0.0932968837998034,0.13795130347242737,0.04891377758168814,-0.08674422817289815
cbfbb61e-c9de-4ef8-b68d-26fe027d14b9,Anders Jansson,M,730,-0.05780296735330192,0.07820393346825495,-0.028945214706175098,0.07965118595903374,0.061646439696884804,0.015488505878290499,-0.08674818205947701
5f23308c-2443-4583-aa04-254e664a328c,HO Tam,F,2275,-0.01239085765094342,0.05478176165192348,-0.07435872609690948,0.053069718878219575,-0.0087118419438007,-0.05891655782969648,-0.0867495837478529
910ddcee-8ffa-4ee9-9bdc-507fb3f394dd,Ryan Lucci,M,451,-0.038063938047456176,0.0901089001414164,-0.04894593241118307,0.09077919927248443,-0.304785358180447,0.2973664550276728,-0.08700987045863925
1dfa0d32-552b-4ca9-a029-7139363eb65d,Savanna Ullmann,F,335,-0.07453282949959592,0.09382833177762816,-0.012620682842114593,0.09404264658323415,-0.10593154773438442,-0.12328717956010389,-0.08715351234171051
23a8af5a-fed3-445d-99aa-1a5f69a05ff6,Brie Aldridge,F,3069,-0.07845534425819953,0.0529504590711029,-0.008795713493788429,0.05365438891581906,-0.10324603518275734,0.0719179933485785,-0.08725105775198795
541bae3b-cb07-4c73-8f7a-42a1e0d38cde,Sam Libo,M,484,-0.053106905691092894,0.09145162843198397,-0.03501874975438177,0.08886770881245461,-0.0275107534681546,-0.19386931341064845,-0.08812565544547465
274af60a-13f9-49c3-ac7a-442ad7960caf,Kaifen Yi,F,302,-0.03432765010856657,0.08592948449359863,-0.0540798666259183,0.08689097517835012,-0.10257105800875713,0.040339542128362896,-0.08840751673448487
fcc36b68-b11b-4589-baa0-7d31f599eba1,Aaron Fuhrman,M,1050,-0.04567784308103271,0.08649029430788602,-0.043053102083082155,0.08740164114844926,-0.15605622838940855,0.03615138062363727,-0.08873094516411487
345caa15-505e-4c27-9392-f213830b746e,Chrissie Cruz,F,423,-0.052051426511260955,0.09470902199316727,-0.0372236761846051,0.09554234558747435,0.12911379361050995,-0.13867505934909047,-0.08927510269586605
b3f48e8c-c552-4a9c-b200-42de913820ad,Brenden Everhart,M,306,-0.06571199525968498,0.093876729961785,-0.02370694461108031,0.09288531718763567,-0.14682853041522118,-0.010717685140071015,-0.08941893987076528
816de2e5-fe06-428b-be6c-2fac3438a27e,Matthew Stith,M,425,-0.02588207300729113,0.08781693329429874,-0.06375233205940088,0.08878868852379604,-0.009438107953681168,-0.01978628714986196,-0.08963440506669201
5e3e0f33-bbb6-4c23-94c2-c92cfee744f6,Zandrix Acob,M,1235,-0.06169979027696795,0.07073476606749905,-0.02800768283274838,0.07262907810177353,0.012609770588178415,-0.024108192461623056,-0.08970747310971633
98a22483-2b9f-47d6-bac9-d853d06f7c4b,David Dutrieuille,M,449,-0.03616973847046865,0.08308974293607997,-0.05405910653700774,0.08343635913608384,-0.05718334094719436,0.1549086543495366,-0.09022884500747638
5a48d9fe-f61f-436f-9451-cd3b0bbda6d8,Nicholas Maleganeas,M,660,-0.049125956525700655,0.09208719244131675,-0.04118084367173576,0.09204833877352159,-0.04600271355732083,0.021609939000255367,-0.09030680019743642
47c71346-519b-4058-a952-9979c52d792e,Justin Pagan,M,317,-0.048157419452853865,0.09566847438331148,-0.042257065935457666,0.09497628330189423,0.027751156041583788,-0.02403961756597126,-0.09041448538831154
7bc3eb60-72a3-4ca7-bca7-c0dd8b9a42db,Chase Parker,M,343,0.024931334002627276,0.09370159365921193,-0.11550195031358626,0.09341550299406862,-0.13692470128545928,0.012319463695057124,-0.09057061631095899
a4ae7ae8-87b6-4649-a11b-20a0ca2aef50,Logan Thompson,M,407,0.024931334002627266,0.09370159365921193,-0.1155019503135864,0.09341550299406863,-0.13692470128545925,0.012319463695057126,-0.09057061631095914
be912f1f-93ec-4094-ba3e-6d1e9311cda3,Jay Lee,M,313,-0.024711862887856748,0.09201463753565577,-0.06603428900081944,0.09061333274879073,-0.08951115253008826,0.054062611610333315,-0.09074615188867619
6628bcaa-36ae-4ece-8446-e8bc1b2e33e6,Natnicha Lueangtawikit,F,383,-0.06227187572075872,0.09225389355458581,-0.028580746985867628,0.09389736531407257,-0.17661510066363068,0.040831934048845386,-0.09085262270662635
fd9d1436-6f09-41f7-8658-d1349bdf1ba5,Chandler Carnett,M,639,0.004294407445027601,0.08171968343736871,-0.09557020812194415,0.08509254572348969,0.12131134948074201,-0.11836914100605372,-0.09127580067691655
c263bd93-bd93-4722-bf88-d24529837529,Martin Thomas,M,447,-0.05492826136776111,0.08589052030485847,-0.036559442374484066,0.08792247956425978,-0.05779452622667566,0.11846636186074495,-0.09148770374224519
384352f7-75e1-4970-a261-35cc5c80b729,Zachary Higginson,M,509,-0.02235848979406091,0.09523639257911587,-0.06928412204587021,0.09469562842194386,-0.24159156271942556,0.06148793448631567,-0.09164261183993112
e7139f62-049c-48e6-b08b-d8ea0fd44e82,Sydnee Metzold,F,652,-0.040494838755236434,0.07656340150966712,-0.05174355691621261,0.0744548769387044,0.0907144573276248,0.09753930840289231,-0.09223839567144904
c55511d4-9211-4789-a6b1-63add890b167,Dillin Parsons,M,408,-0.05032710123011105,0.09425337975061314,-0.04193331396974573,0.09584303089582229,0.0698927735087221,-0.040774670425995446,-0.09226041519985678
26bd8869-21d6-4c7e-9edc-0bd16aebf18a,Evan Pratt,M,570,-0.0498595748171696,0.08271787642065967,-0.04252027335532026,0.08002424115303712,0.03140344499527125,-0.030690613613909703,-0.09237984817248986
666db10a-f8de-4310-a988-cb0005f38a30,Edgaras Zilys,M,901,-0.006314320405007725,0.07574629603269785,-0.08647353385880734,0.07205004409131817,-0.10790530611596277,0.012939698602355597,-0.09278785426381506
dca3335c-a2fa-4863-b26c-a2e587de7534,Maebry Jones,F,1262,-0.06621863418593735,0.06630477574679346,-0.02675177004515603,0.0722082190589167,0.041378641616228444,0.030482680113156052,-0.09297040423109337
1bb4e304-37c1-43eb-b223-6eb45ab3b78a,Madeline Schulte,F,2830,-0.07718295227856725,0.0536091837471011,-0.016197894734966453,0.05266528839501735,0.05243543240252603,0.04082179702253553,-0.0933808470135337
3aaf19e8-1b29-469a-98e0-a1d7adedf742,Nathan Peters,M,482,-0.06376146737486951,0.07920371676179395,-0.0296217560481153,0.08499295355039374,0.08804606908612353,-0.028515614998015797,-0.09338322342298482
67e3b942-0f26-41b5-8abf-51fa09849e19,Walter Lau,M,895,-0.059162653656783554,0.08078938176145342,-0.03428249780070325,0.07866053437484842,-0.20802861485379542,0.017547688023550313,-0.0934451514574868
1e754a3f-b603-4e6f-b3d0-2cdd8819a267,Tucker Segars,M,309,-0.030142164037682963,0.09539339609028027,-0.06337650998134611,0.09548417554077876,-0.0483963773259639,0.04092613344563057,-0.09351867401902908
dafc4c81-f88d-46cd-ba95-938451cfc7c3,Matthew Pokorny,M,616,-0.03443059535418377,0.0860174412387988,-0.05938400377371934,0.08522901594549874,0.06771981687788257,0.03922567895707029,-0.0938145991279031
7d1a5320-aaee-46b1-a912-da2edd195248,Rika Fujiwara,F,1149,-0.017701370432565436,0.0704208358247898,-0.07616350235284232,0.07129799296389301,0.013882667259852481,0.07089606043730384,-0.09386487278540775
91ccec0d-b14e-41bc-8a23-0d9bcacfbe5b,Kevin Pham,M,759,-0.07238360476560822,0.0833911436854293,-0.021542080420130182,0.08359984881201091,-0.0852414404654391,0.05390782756293892,-0.0939256851857384
40c23f2e-99c3-4c87-8cc6-32f8b2d7b334,Carolina Mayorga-Perry,F,1167,-0.10809014489284038,0.06515965889497805,0.01405594851077146,0.06720093791087531,0.0656781808899507,0.10489600228752105,-0.09403419638206892
c971bb40-090b-4e47-be58-905495e38401,Miles Hoover,M,5921,-0.029381611170450895,0.03769769008553524,-0.06541768275664282,0.03976352433072791,0.08900762250140216,0.016819389791152186,-0.09479929392709371
26898786-4fd1-4dd9-bc18-a5c515a6b0ef,Maverick Messinger,M,1122,0.016192402867836696,0.0658534985402894,-0.11161102623702464,0.06689076960829139,0.07503814507584468,-0.11469781691014065,-0.09541862336918794
dd2f2fe3-5333-4036-9d88-f108bdcee3fc,Giovanna Morelli,F,5193,-0.02603951250045168,0.040391715354643164,-0.06964288878267319,0.03962508178163923,0.011297699164502439,0.020650139976047265,-0.09568240128312487
33116bdf-0bf4-4281-bbd8-6f4090e9312c,Kara Wheatley,F,1753,0.013921314978933997,0.06187814918240457,-0.10987031629724074,0.061806234921320036,-0.01898050911361747,0.009806371087176368,-0.09594900131830675
8ef05c0d-a40e-494f-b27e-77c36449e9ae,Chantal Mabie,F,342,-0.015074418642916762,0.08340901615803716,-0.08090161854917911,0.0854908537221019,-0.11695273449688376,0.09905934345200029,-0.09597603719209588
c3012322-e95e-4e38-a0d8-106f9e236869,Keilly Ulery,F,4949,-0.020909498300906597,0.04042872109511411,-0.07530813632038792,0.040968335034947796,-0.01364782855428108,0.014934328436600036,-0.09621763462129451
3d8167c1-429c-4e5d-91cc-2caefa151f19,Paranya Jareonvongrayab,F,665,-0.09912763315840978,0.08104037514214843,0.00288571819607559,0.07793648642017327,-0.22097945969573896,-0.07188801165936407,-0.09624191496233418
27bace9b-afb2-424a-af5b-f69ccce01725,Sabrina Guillebeaux,F,788,-0.005507827238419451,0.07623339271096186,-0.09086839528197839,0.08127319856221307,0.006759361322830961,0.16706734251201216,-0.09637622252039785
660a75bf-df9f-4da0-ba25-07abf3e50b4b,Mikael Vollbach,M,1169,-0.020162621584681857,0.07225076169968692,-0.07675955128903587,0.06826690357473617,-0.019121953616221474,0.04594571968766817,-0.09692217287371774
6392c4f6-2b1d-4595-b7ff-9958bed31ff4,Ronan Camron,M,701,-0.041413512988788516,0.07653173269392531,-0.05599932911244873,0.07559961105449475,0.024785228043355513,-0.11865129278348766,-0.09741284210123724
2a1c197a-eede-4639-9fbf-1133d648f7c7,Demetric Marrero Jr,M,1957,-0.06421349359360339,0.05986665593397393,-0.03333144186347231,0.057258881589831626,-0.07304979707868961,-0.05030774136134123,-0.0975449354570757
6671611c-baff-4f05-9334-9f9c5b7698ee,Paula Avellan Rizzo,F,340,-0.026343510054985485,0.08964347394030033,-0.07139185836070801,0.08935218386141888,-0.06067977850596169,-0.1441062563976675,-0.0977353684156935
7afc02f4-1e87-45c2-a101-0d48ecc05f8d,Martin Stanchev,M,1020,-0.09501572773879344,0.07099913781091047,-0.0027469868820655654,0.0685913383080956,-0.014368022208611069,0.02378765804655947,-0.097762714620859
6c3ea21e-2ecb-4feb-9843-43776c7a76a9,Garrett Singletary,M,522,-0.03822208249702817,0.08498386086318215,-0.0596574304953719,0.08155827110140583,-0.26233739034506565,0.10331623768560717,-0.09787951299240008
6ddc6413-ec78-4979-8a07-3e00630a9cb2,Blake Goodman,M,377,-0.09246827074634865,0.09198258112222266,-0.005884076011620474,0.08670913964984833,-0.13457821149863206,-0.004937956649149418,-0.09835234675796913
79934cbf-ac3c-4444-8a99-9f82aa89d712,Jared Cohen,M,371,-0.07545693001395687,0.09382570293634065,-0.0229336626898214,0.0909773524962875,-0.09655027493151846,-0.1305453571909663,-0.09839059270377827
dba7cf49-9f57-43e3-878d-a63ced26a243,Jaeda Minniefield,F,7150,-0.037475632974873205,0.034403553751976075,-0.061020029916634216,0.035466194893667265,0.02319065434300677,-0.039883620488962324,-0.09849566289150742
bde1ffe8-4651-40ac-8e1b-24e850ff7586,Tommy Labat,M,720,-0.04868514815653161,0.08300184515046685,-0.05075007763568114,0.08069158618969312,-0.2555716312631739,0.16763254094098154,-0.09943522579221276
3bf240a7-1bfe-4d69-aab5-e610db80e818,Nadia Echeverria,F,443,-0.07486520502192762,0.08264847357109129,-0.025351714619019028,0.08119370408544527,-0.08913409343696929,0.0484742750865821,-0.10021691964094664
53955191-e756-453e-bf46-162afae7d905,Danica Wolf,F,644,-0.03259692188660443,0.07720997905588867,-0.06764151503099798,0.07514989010671064,-0.050808220021866475,-0.026498754476403576,-0.10023843691760241
19a1f7fe-1d16-418a-be95-785266ff586e,Yolena Carlon,F,1070,-0.0588912846588056,0.06705028509148339,-0.041642104000589576,0.07116745740128665,0.11965486522358679,0.07886751782108405,-0.10053338865939518
d05d0739-3776-491b-8973-51cd4826a885,Taylor Stockton,M,778,-0.0945317663345595,0.08209599858977856,-0.006203112785008174,0.08132831577479681,-0.11964578033279062,-0.0808932390922536,-0.10073487911956767
b67f32da-c777-48ab-a6bd-4f5087d2a40f,Ekaterina Biakina,F,2487,-0.04531439905612063,0.05725218719177254,-0.055494972472426476,0.056704874085240595,-0.0447771459847851,-0.046081203372281034,-0.1008093715285471
14f68da3-a855-4656-a618-81b5d8ff6bec,Jarryd Woog,M,963,-0.11132266880893651,0.07245568599025079,0.010274559381792248,0.06959684624070216,-0.05076414822023838,-0.0489480126466025,-0.10104810942714426
37a4491a-bf9f-4f29-900b-b5b1f15c9d0f,Elina Geut,F,528,-0.08870643287299151,0.08432915091285424,-0.012915290457495319,0.08635422544650531,0.1826659421712663,-0.07378021318949822,-0.10162172333048683
9068b689-e580-4d2f-ac56-8c57d54a7c11,Eli Trumeter,M,616,-0.07326469348225968,0.07884860183808258,-0.028530944799513958,0.07982362369037257,-0.20218586299119953,0.1619768556048584,-0.10179563828177364
135937d9-d132-41c5-9cfd-d2b0112288b2,Daniel Traxler,M,2873,-0.03432131633511853,0.053994267938578366,-0.06803773331137769,0.053775608763394454,-0.039450311801661635,-0.01225922190170433,-0.10235904964649623
ff001002-a253-446f-bd52-cd12465ba8f8,Guangsian Lin,M,371,-0.05965493319886197,0.08750476737025419,-0.04280918762216119,0.08765740160407848,-0.06138641285087727,-0.0652103105428587,-0.10246412082102316
3b7dc75e-0c73-4576-872a-a32e27106d67,Cole Whitaker,M,958,-0.11705797733123964,0.07073900219879206,0.014453686841189977,0.06948937886705198,0.013364111259722148,0.019973687025836184,-0.10260429049004967
8df75868-d07f-4d36-adba-d6e720a2c097,Alex Chan,F,458,-0.07078173891815229,0.08666927812386319,-0.032086784451812976,0.08663626088031931,0.036400705124135554,-0.10608930510393712,-0.10286852336996527
7ae4f842-ea7a-42e1-80ac-9ad235f10ed0,Lexi Jensen,F,1117,-0.06323843061824742,0.07169293454453422,-0.039752546128393046,0.07192541839878126,-0.11731431800756849,0.10616336162007749,-0.10299097674664047
14516bcf-5f07-4efd-b90a-09be553e3bfa,Emma Wang,F,570,-0.0936328162690615,0.08571502155663772,-0.009359169999479082,0.08774401337539371,0.0629105772025771,0.03272239528594947,-0.10299198626854059
d9ce8a56-7c25-4d42-9f9b-964a5a02e537,Elliot Markowitz,M,846,-0.060298489174829654,0.0711034147073093,-0.0427262326592229,0.0717984632743014,-0.09159305324849688,0.0032324229233145884,-0.10302472183405256
94b1585a-19be-4842-b8a1-e17d9ee917b4,Michael Benash,M,443,-0.06392354727327239,0.08419558735556662,-0.039202083953940633,0.08817100655115193,-0.11451442261092604,0.05330913590791407,-0.10312563122721302
81695a18-feb6-4133-b505-4c8990fbea18,Ant Tran,M,339,-0.11702942228883978,0.08404220891858213,0.01323441812491325,0.08630338115122375,-0.04141825466994708,-0.05729235165780377,-0.10379500416392654
e4bf2cca-f71a-4ded-89fe-39db811423db,Jace Howard,M,2512,-0.030901667093609714,0.053276440552050365,-0.0735567877756843,0.05345843658073936,-0.06625310306635802,0.14253403406727522,-0.10445845486929402
ac8ceab0-87e0-4d34-8f30-ca2b5c01bbad,Keaten Kappes,M,2216,-0.07254096657995569,0.055389805186789424,-0.03203134312104441,0.0575220704562877,0.05541502771593704,0.08222869581631159,-0.1045723097010001
f8dadb3a-8b90-481c-8d9a-b51ee127a4ff,Shay Hugo,M,418,-0.026074158356466752,0.08782232538222122,-0.07857526058498986,0.0829540405752894,0.05167773992699857,-0.03281919547815577,-0.1046494189414566
3bb15eba-5e68-4c58-b866-a80945be280d,Evan Ankrom,M,536,-0.07719741842033263,0.08344334232359503,-0.02749631158634142,0.08278526372680314,-0.12104104239485948,0.13457900145641735,-0.10469373000667405
f91b88a1-7d1e-41ad-9782-200959faf6bd,Olivia McMillan,F,6977,-0.05465205926625831,0.03469780426976575,-0.05006865050503908,0.03457886347050626,0.057078618600654586,-0.0019481848640282861,-0.10472070977129738
d24967d0-68b6-440e-9f7c-4ecc2fc3e7f5,Ilvana Trujillo,F,744,-0.037859237158657945,0.08030091391155363,-0.06754039927284966,0.08066450366280623,-0.2464998189904041,0.24561297955842842,-0.1053996364315076
658d2f1c-5f7d-4baa-a6ca-d29d3fed6166,Wade Bryant,M,669,-0.08878262213584384,0.07794529883445604,-0.016770659114296826,0.08068365356603296,0.0528537911582752,0.09727142448488667,-0.10555328125014067
1d5698ad-f0a1-4ff7-8321-6c166069946e,Pally Ray,M,2559,-0.06049089987726653,0.06012832843935357,-0.04510618612311505,0.05992146039958751,-0.019255906728035593,-0.05409512031798396,-0.10559708600038159
9532d3f8-9418-4b59-af95-3cc5e7c2a066,Kelly Chen,F,1448,-0.03857696310991024,0.06706169625992958,-0.0682689823657791,0.06828609360261656,0.16436320327236803,0.041328837097182665,-0.10684594547568933
086c9ee0-0aa3-4d2e-bc64-22a683f44d73,Ahmad El-Zarif,M,1046,-0.06052201424552765,0.07024333310657473,-0.046744468441974274,0.07133214769018985,-0.030839304599304125,0.19340784170305708,-0.10726648268750193
2e0c0227-6e3e-43d5-8037-7f8bd0f9b935,Gabriel Joseph,M,4603,-0.06535465020955496,0.041723233666678926,-0.042017981961011516,0.04140399510706724,-0.019768813682856257,0.0017559616926229552,-0.10737263217056647
9d55617e-fe7a-4d1c-8bda-3637647ff5cc,Jonny Pickleball Andrews,M,3140,-0.0931650993909538,0.05162553926898756,-0.014892821921242395,0.05211489799645129,-0.019794757861448714,0.06794343122363401,-0.10805792131219619
38fdc174-96d6-459f-a27c-df35eb9f945c,Ashley Griffith,F,7596,-0.04284963513240246,0.033401165542693706,-0.06530778579115452,0.03417018882344137,0.003422781373920391,-0.03662163755996613,-0.10815742092355699
608756f6-bfc7-41b5-9cfd-5e69eacfe513,Victoria Dimuzio,F,5954,-0.056261088145555145,0.037319509881607996,-0.05209107828165418,0.03747097245735404,-0.0031086399041451245,0.03501894546392473,-0.10835216642720932
91c84f14-5709-4981-b97d-24bdd39a5a31,Alyssia Fossorier,F,312,-0.06610423729360607,0.08769692441118225,-0.04240086826153191,0.08656225808461113,-0.003958409417101585,-0.056857785458456066,-0.10850510555513798
b191bf5b-58d6-4232-ba55-1defadd14f79,Diego Lebron Perez,M,449,-0.08336435625632019,0.09053294962234273,-0.025154815981502845,0.08985202596818495,-0.2046632677590846,-0.10647510427043701,-0.10851917223782304
070be5dd-2dcf-44b6-b2e7-37d9fbd29aa2,Adalynn Lund,F,1481,-0.053537441892743544,0.07405001580402565,-0.05521227359383505,0.07211104881109985,0.010451166459342362,-0.06576576842633897,-0.1087497154865786
7c564f89-1c58-4597-b689-e37bd0ecd511,John Thorn,M,864,-0.06835343540869189,0.07373657538598508,-0.040868805464128244,0.07371325105325362,0.1459664278858509,-0.10632316174734883,-0.10922224087282013
1dcfe215-9845-4590-9432-8a3087e748af,Brittany Levkulich,F,1660,-0.10624595204720644,0.06812031901170222,-0.00444926151130505,0.06905840080841567,-0.31532126373098285,0.1653634273189806,-0.11069521355851149
b025eccb-868e-4ce6-a4db-c1082a288b59,Maddy Rasmusen,F,6301,-0.026609856268439026,0.03686185297272591,-0.08419580203507508,0.03641030217833427,0.008449350955078282,-0.004166644946519159,-0.1108056583035141
47690bb2-18cf-4172-889a-1f9cc5bb6d9d,Amir Tabatabaeian,M,884,-0.04070332263582259,0.07725792744356012,-0.07078020378051951,0.07703970015948323,-0.005754046524213755,-0.11708207677988247,-0.1114835264163421
798294b4-02e6-4c16-b3f6-9337758ae915,Kendall Kikkawa,M,799,-0.05351119575492246,0.0735936230422927,-0.05820479090670658,0.07518529837366081,0.006708409492325296,0.09062806745577559,-0.11171598666162905
c41e0c36-ca79-48b6-8453-15978e5f2655,Warren Tamanaha,M,429,-0.07036707416370672,0.08480547142609426,-0.04136727232796841,0.08886202916299375,0.03946222255189079,0.2307652196438504,-0.11173434649167513
0bc24306-92b4-44e1-8b21-0aaf0c9ee4f7,Jasraj Sethi,M,333,-0.050932095406513875,0.08477890842571467,-0.062052389054884916,0.0864838306923563,-0.10249351218862655,0.06557811275611593,-0.11298448446139879
acf4ae69-cc7f-4a30-a613-c8ca0b80e11c,Zachary Grabovic,M,721,-0.06627428006820338,0.07665370913952643,-0.047076831625406025,0.07508440688578155,-0.013627071699008082,-0.03990079271026762,-0.1133511116936094
72696117-bdb1-4e90-9131-e702b3ab2dff,Brenna Murray,F,1429,-0.03765800489548913,0.06498626952160141,-0.0760053501398331,0.06478853705605497,-0.08488004248770549,0.008937647607511659,-0.11366335503532224
db824b1b-d422-46dc-b8a7-8cb41f546165,Harsh Nanavati,M,400,-0.03607575974434171,0.08473368813951235,-0.07778627628216156,0.08455769433001356,-0.015561752150403832,-0.0022999901785231503,-0.11386203602650327
f8917832-134f-4323-a2f2-ac19251c6e01,Sarah Williams,F,2807,-0.04322133045195289,0.05204070877866364,-0.0706744161313214,0.05088451563526585,-0.14874839836178036,0.03700489524825414,-0.11389574658327428
b65efb9d-3466-4500-986d-ed13e9bb25f5,Elise Fortino,F,609,-0.0912862864894346,0.0789733822571225,-0.02326553126815343,0.08159802682780412,0.08956471529567805,-0.011876099846274295,-0.11455181775758802
0d95388f-4063-43ff-bd5e-bfee39700a34,Joe Prince,M,459,-0.021538530519081882,0.08732096087365698,-0.09320262790486322,0.08833319572512742,-0.10424915590533819,0.15122917943097844,-0.11474115842394511
3a7e0d88-17bf-4606-bc70-1a4cf90f2b0b,Caden Salefsky,M,308,-0.093425738628246,0.08762496732113603,-0.021416742907204682,0.09121301364856471,0.21083300287819104,-0.10216420579456928,-0.11484248153545068
6ae70906-53f3-49ed-a7a1-8d967a528300,Chas Howard,M,841,-0.013152751005632624,0.07951135001593103,-0.10263966781697872,0.08141379485533026,-0.007915698168934789,-0.010181870543116504,-0.11579241882261135
11f51dda-44ea-4b63-a3ea-a5cbb8b5351f,Haley Frank,F,318,-0.10387306654653818,0.08940156225669275,-0.012664262975944501,0.0884627680660243,-0.001378759067913973,-0.04372399665349527,-0.11653732952248268
7cf93ef3-86b7-4bb4-937b-5b5dc4c72c32,Valerie R Simon,F,4499,-0.0478258861810334,0.04487897794401454,-0.06910583563202047,0.045927343025630146,-0.015101064872636238,0.04995138931866295,-0.11693172181305386
3352fcce-bc05-4a02-bf59-c1984cec3e56,Chris Walker,M,582,-0.055132153837947104,0.08561523168759826,-0.06187786139279614,0.08774206719979699,-0.10224275172958402,0.07514238610815245,-0.11701001523074325
56f0b269-240a-42cb-b404-0b0bf747ad98,Dylan Lewis,M,1291,-0.022563858917317145,0.06926601142742775,-0.0949421957544728,0.06997954624619382,-0.11581659426571562,0.013518722918114094,-0.11750605467178994
2c1692a6-0fa2-47b0-9d2b-e12b5c054ef4,Janet Liu,F,2330,-0.057009941857638545,0.05739820595124669,-0.06053853680246537,0.057724956240886,0.10278878613109575,-0.13427858581904858,-0.11754847866010391
11f6cca4-a2aa-48a8-b1c8-da7d4c420f87,Ian Hutter,M,430,-0.03985160294762333,0.08593502956677693,-0.07855522121862044,0.08377543095066374,-0.14651919112378775,0.14457734035916942,-0.11840682416624376
0a287886-b880-4c46-8c66-ea4d198a7eba,Pablo Copetti,M,948,-0.10858462556986868,0.07300774904692472,-0.00993960629680153,0.07314120784296077,-0.10411401821619568,0.1437240894469187,-0.11852423186667022
2158878b-6457-4309-954a-e20e5b350240,Princess Gbadamosi,F,321,-0.08880110744805841,0.08663421539534906,-0.02974175362244663,0.08855093135065562,-0.056530430547585026,-0.14963564145280386,-0.11854286107050505
cf21b2b4-0f5b-43c0-b8b1-18b64b376cd2,Lucas Pereyra,M,1200,-0.11420399920251266,0.07002436626583063,-0.004967153192858898,0.06873649250274654,0.15575427324765204,-0.09327695923833461,-0.11917115239537156
69f2c636-4483-4d7b-81bd-e2ac920b88e0,Angel Hernandez,M,940,-0.027372253387759754,0.08122428444117272,-0.0920211027391962,0.07949148690466061,-0.02954857965944294,-0.0008116675379089283,-0.11939335612695595
b43c46a3-0b98-4fdb-aa93-6c3982761aeb,Rob Hutchins,M,736,-0.08999977692409245,0.07543869940515575,-0.02948984232515515,0.07656192703790042,0.0460466623408354,0.12475933070717488,-0.1194896192492476
ac1f0c8e-dc15-4277-8a62-3b81f29ad15d,Jake Faryniarz,M,445,-0.06481949056748942,0.08581155802282643,-0.05474868824119134,0.08752033386756182,0.1015807816560311,-0.17238595322588643,-0.11956817880868076
dd1fe72e-5c35-47ea-8996-1f6a3c0c5538,Justin Fullmer,M,864,-0.023272935181690785,0.07431275154553292,-0.09671707406892892,0.07871139683970754,0.02105590613086134,0.021157980300393623,-0.1199900092506197
df07bbd8-1ba4-48b3-830f-b37884bf81e2,Ethan Jauschneg,M,408,-0.06275564522022735,0.08152524961510957,-0.05732210447589966,0.08587235492656509,0.04428194293995229,0.0919396542325457,-0.120077749696127
92b20d3a-70c5-453e-8b2d-38c1c552b693,Edward Kim,M,999,-0.06245554119479268,0.08191870542647874,-0.057864618920174325,0.08047295028928118,-0.14017505497700328,-0.09517173238182154,-0.120320160114967
97da7b88-56d2-4e36-b0b2-2bd28d8320c1,Lucah Folden,F,614,-0.06591097234798952,0.08123345949861294,-0.054606069947234236,0.08208397909669422,0.04322847992499469,-0.16135840724808084,-0.12051704229522375
276c3b2a-2dca-4124-a404-18ab4d412dcb,Jordan Bridge,M,1015,-0.04144432724565458,0.07894761153153601,-0.07907462929019075,0.07829077890088067,-0.17214616206991612,-0.021716083309526478,-0.12051895653584534
e9b96752-ca0f-479c-a4be-01d0db777051,Matt Haugdahl,M,482,-0.05629800741104417,0.09002107835630244,-0.06435892448952478,0.08952027778348073,-0.403468547401073,0.1649140410966788,-0.12065693190056895
988e88e7-a3e0-4d04-8d2a-a26802cbbe8e,Rachel Janssen,F,1346,-0.0440082079216652,0.08206391243973081,-0.0777474949313014,0.0858700870671652,0.06940651355146045,0.09301595692960839,-0.12175570285296661
d69ec633-93c9-4d07-8870-be9f5acd5330,Rachel Rettger,F,7325,-0.10925445226115332,0.03497304916550371,-0.012516240484733779,0.03555962622579898,0.00739771505258969,0.06872115317344148,-0.1217706927458871
00e04f40-f239-42cd-baaa-0800e5f7d525,Sarah Carpenter,F,821,-0.04368738165739421,0.07500939520882474,-0.07828088158649579,0.07679465818029595,0.03223548818940714,-0.21471993592105712,-0.12196826324389001
17acdeab-879d-46c1-bc2c-b31d17acb8ed,Jeremy Lim,M,1063,-0.035774582059047204,0.07414946452852503,-0.08622180200228478,0.07713260315414555,-0.1029245217158556,0.15744888734127566,-0.12199638406133198
392de00d-8c51-4096-be1c-b9e59d882913,Lauren Wong,F,999,-0.0715334474120319,0.07404202931785693,-0.05056763553265748,0.07299439921521124,-0.06658013267189804,0.07742402747352425,-0.12210108294468938
bcc72b93-5072-475b-a088-e8cffc39af23,Mason Durbin,M,663,-0.09154517393305787,0.07776945329246063,-0.030665907205116416,0.07565025693317652,-0.018187834294652004,-0.017753295401389303,-0.12221108113817429
1d200bd4-3d5b-41f2-9235-3ebfce0a4bb0,Miyu Hazawa,F,646,-0.04663751788151829,0.08064452770313439,-0.07580074625413863,0.07819753286509194,-0.02230095827307893,-0.062198368996809715,-0.12243826413565692
d84bd7f0-1e75-4a53-a14d-dc204685ff86,Cloe Murillo,F,359,-0.026796333968457514,0.09069117522009995,-0.09578663328299782,0.08708302875881219,-0.13095049971832176,-0.15392396119018337,-0.12258296725145533
17465066-7501-4a45-9185-6536cf0c7024,Ridley Seguso,M,451,-0.06215233721368782,0.08832465213177078,-0.06047471403368759,0.08980914880831038,-0.017031719503804006,-0.07813771393499586,-0.12262705124737541
87541b06-c5b5-40a6-8210-e1b1051ff90a,Nick Werner,M,490,-0.05956435023052254,0.08416576058089036,-0.06409328334950484,0.08698009043501656,-0.1928345732754387,-0.02220356098601287,-0.12365763358002738
40ab197e-f916-4039-88de-1cb817d6e520,HE Phoenix,M,477,-0.03710072493599995,0.09589298484590052,-0.0873174621276961,0.0935500121647631,0.02416442535126392,-0.05905141860965323,-0.12441818706369606
ff8b1213-7fc1-4777-b14b-3630be544034,David Sigler,M,503,-0.026187097031204334,0.091412210663332,-0.09833104519020457,0.08948953492392059,-0.2657386780148428,0.05753023023035114,-0.1245181422214089
5ee2742d-1d00-47fa-bca0-bf8d6116bff8,Brandon Contratto,M,539,-0.08022818381440361,0.0889181048088247,-0.044298432651509546,0.08855782191038133,-0.46035809821964413,0.07138981998098662,-0.12452661646591315
8a1346e9-8c24-4f09-91fe-d61f1a9fed2e,Arielle Nealy,F,359,-0.052885641467957996,0.08339466173750719,-0.07228002085867209,0.08366892270780867,0.03132920657084522,-0.046146981775414514,-0.1251656623266301
a710716e-7a2b-4ecd-8416-f499c9b120e7,AJ Khawaja,M,591,-0.052907385060405376,0.08342730882336855,-0.07227068650365318,0.08768372691974656,-0.013546033736584048,-0.06959000534724226,-0.12517807156405855
0341fa7f-5ebd-4db7-a10d-201efc09d1f1,ED Chao,M,548,-0.05290738506040542,0.08342730882336856,-0.07227068650365329,0.08768372691974657,-0.01354603373658411,-0.06959000534724237,-0.1251780715640587
51d7e9af-91e2-4bb6-8cdc-ddaef8eed65a,Emily Gaskins,F,541,-0.07472612566215685,0.08833571798090512,-0.05051350342464377,0.08916112750982434,0.05054809150075342,-0.02560582691729203,-0.1252396290868006
27ec8d58-6907-42a3-b994-fc0b3c304fe3,Alec Weller,M,530,-0.029591911704595113,0.09094229501705915,-0.09581835921763714,0.08901795562710636,-0.12985388742772655,0.009424222049743346,-0.12541027092223225
fb810271-770c-4165-8988-ab0723401bee,Harrison Gold,M,321,-0.02889517728799622,0.08851968360188207,-0.09672224763844074,0.08329616606706958,-0.23485696112390844,-0.12031604240074054,-0.12561742492643696
b179dfb4-dcf9-4da2-94d2-4ed21ef015b0,Cynthia McPherson,F,953,-0.0710551889260489,0.07549216564508245,-0.05500095605911809,0.07876661185724355,0.02138042768166616,0.07823940601052957,-0.12605614498516698
edca189d-8781-4491-a146-868c85f7cf25,Blake Suard,M,373,-0.03616022653053316,0.08340049086104465,-0.09071485080850941,0.08816760199306962,-0.09646240572726013,0.004829321295021142,-0.12687507733904257
8983be9d-1de3-4ae2-a6ed-1584a478bc33,William Owens,M,938,-0.07228374249315689,0.07287550840427598,-0.05462274701319802,0.07414448155465428,-0.0033999924268340786,0.028852269663120232,-0.1269064895063549
ce39808f-90a7-4c17-9566-c6c83697b695,Marco Leung,M,2295,-0.08013659275727743,0.05522157666654541,-0.04678583168677606,0.054249980582516406,-0.003712713978114996,-0.052207116036027325,-0.1269224244440535
ad27fa70-ef8e-493c-8871-caf9afce0801,Dave Weinbach,M,1354,-0.07249497212625287,0.06873069934062723,-0.05493089504312258,0.06936832493340345,-0.0993326636977042,-0.09226539006229928,-0.12742586716937546
bfff61ed-6e32-441f-931d-8acf81c09dd3,Victoria Helmuth,F,567,-0.07404657582616651,0.08708141596730748,-0.05344534226045323,0.08790723511896145,0.013283662256072347,-0.044044963063867903,-0.12749191808661975
41c769d6-a3de-4db0-b7b7-cec7c5dee51c,Ishan Balakrishnan,M,660,-0.07557932655339258,0.07981418574606472,-0.05212959915928298,0.0825306112181742,0.1359338292968064,0.01327242026179177,-0.12770892571267556
220ac572-6824-41c5-b2da-18f4c7f18e2f,Alex Lantz,M,486,-0.09528644964509711,0.08672713219970031,-0.03268224215903982,0.08849045960367295,0.2303992164509599,0.01769613382985532,-0.12796869180413695
d38dbab9-f977-42bf-bdb8-393263e08056,Samuel Gabet,M,445,-0.061140544957644365,0.0877042519374459,-0.0668312859957404,0.08997978714567348,0.15855119681516067,-0.09762800487746837,-0.12797183095338477
14da50fe-4769-4bc3-aa3c-5d2e8a8527c1,Court Zalinski,F,773,-0.10894732116718278,0.08130930517569082,-0.019204437037907397,0.08225887904002034,0.11314948660942699,-0.1515825439595336,-0.12815175820509017
42e4adb8-6fef-4278-8f1e-f76c012dc754,Matthew Krakowski,M,513,-0.08675358729734324,0.08585783572609092,-0.041479211872829144,0.08792913932035512,-0.1441023591022881,0.08628198091511495,-0.12823279917017238
d5d2a4dc-fb77-4686-8f63-d75694831b5c,Karthik Ganesh,M,1328,-0.04557177975152727,0.07005264870081396,-0.0830016621433927,0.0677514329737047,0.03515233194253538,-0.23077841551646952,-0.12857344189491998
b924b201-a7b1-4af5-83ef-d132c2d27008,Lara Giltinan,F,2672,-0.08572336835729774,0.052014889705609836,-0.0429744777821245,0.05156123065761181,-0.11444994193245557,0.07631865695578795,-0.12869784613942226
3b609732-aeb8-49ef-af26-4321e6e0d151,Bryanna Ojeda,F,2376,-0.08199372508788365,0.05437337683694988,-0.04736940942017397,0.054792702815322204,-0.15335903568894507,0.11236126810420687,-0.12936313450805761
25a6f570-d617-427a-9fc4-3bf6115a9a84,Hannah Blatt,F,7575,-0.10338616088568461,0.03350331392685425,-0.026289714778768333,0.03382127247617851,0.02901289013943641,-0.026400470827441416,-0.12967587566445293
a9782e86-e5ae-46d3-9194-ac89fdaed622,Alexander Crum,M,3213,-0.0865730195181588,0.0481595454593056,-0.043126712591228855,0.04838208367607008,-0.04387614247670435,-0.024502494168301445,-0.12969973210938765
3f523db3-f8c4-46c8-a54f-533d7220d27b,Kyle Goodburn,M,901,-0.07508818257696676,0.07305418383037315,-0.05476803318511044,0.07070768720957413,-0.1036099459674998,-0.07347833887147866,-0.1298562157620772
af94be9e-b2f9-413a-aa9c-450cf6021c10,Michael Vallejo,M,806,-0.033862258085363826,0.08192807189052313,-0.09635966343692709,0.08127577382799644,-0.03639840416428284,-0.07729636699358729,-0.13022192152229092
73c5d397-f260-441e-b3ef-c4afc9755e59,Matthew Sah,M,391,-0.09188070520143711,0.08577575072305951,-0.03956060409793491,0.08434834463208661,0.04050137514456674,-0.2253180751840008,-0.13144130929937203
20b31bab-0fc2-4599-bb4c-209b96e09893,Marykate Washelesky,F,424,-0.027382716159424204,0.08496242641742557,-0.10417737133305154,0.0877525772732122,0.020762876124578326,-0.035315873573698316,-0.13156008749247575
5ba04f05-e201-4587-9613-7761c3afc0cf,Nicole Pitts,F,899,-0.09542938242940319,0.07274067771733146,-0.03710245862081515,0.06961716384460159,0.08960276405154366,-0.17474021751368723,-0.13253184105021834
a4206588-8cb0-44cb-a526-5de7fabaf8c6,Pieter De Vries,M,780,-0.08023931450526263,0.0791537640130927,-0.053422264033672964,0.08289670153979962,-0.027936690002141166,0.0678398652891125,-0.1336615785389356
82c003c2-8144-4d6a-85c8-9271e63514c4,Zefeng Li,M,488,-0.07541821014725648,0.08881047768522983,-0.058460212848969836,0.0888741858600416,-0.05967982390912914,0.024109844798699338,-0.13387842299622632
18fe24f0-d51c-4237-abc7-6839f4b6fd30,Cian Li,M,714,-0.07541821014725664,0.08881047768522983,-0.05846021284896982,0.0888741858600416,-0.05967982390912919,0.024109844798699317,-0.13387842299622646
e813ca8d-346f-4071-a933-4df20663f624,Sarah Mulhern,F,882,-0.037422969086667715,0.07455827375804354,-0.09763809931173492,0.07262177203209948,-0.051350947515794707,-0.005900591715329017,-0.13506106839840265
f13c20c3-1fed-4a9e-abec-f3f3bf1f8f91,Anne-Sophie Courteau,F,3262,-0.07836762497317143,0.047342915925342455,-0.057458570327330157,0.0489973928183179,0.0074104000881513215,0.0012749485704096264,-0.13582619530050158
16deb566-c508-4f05-84d9-a01fb527a005,Michael I,M,619,-0.07943882773083372,0.08587168689881237,-0.05647246107399499,0.08426693151753081,-0.10846944067344302,0.0115423787962177,-0.13591128880482872
358376d4-f156-492c-b4c6-0bd3f5a69f86,Justin Dages,M,818,-0.06836123187354938,0.08285403788893776,-0.06801447357906228,0.08027761240342186,-0.08246771268838274,-0.09477686510982303,-0.13637570545261166
d0a30dc1-a7d7-475c-bfc9-d55e0aa8e7e3,Ethan Bakalinsky,M,2322,-0.08363695432519105,0.05889034144536912,-0.05276681637542901,0.059979477649426315,-0.061345532424715465,0.04393796001529524,-0.13640377070062007
4a1d619c-6252-42ec-b171-91ea42fc4c1f,Han Hyuck Chu,M,685,-0.07127191025511442,0.0771799821733218,-0.06553619073397295,0.0776515295292954,0.0644545892700657,0.03309900564063972,-0.13680810098908736
a770fd12-8c42-4b11-a19a-7a962828391b,Jason Taylor,M,530,-0.08245575073373941,0.08355492112491518,-0.05454443217552446,0.0856434717553425,-0.037984928232602536,0.11689331573897818,-0.13700018290926386
ecd31a05-120f-4373-b5c1-21136f8f0bf1,Braden Jacobson,M,4176,-0.061511644144952,0.044319872493167975,-0.07596807120086518,0.04418930180814604,-0.08555989122817974,0.05164192365470578,-0.13747971534581718
dee643dc-920a-42e7-9596-7052f08cd4e8,Jamie Voelker,F,1413,-0.06966928397850097,0.0732505324395704,-0.06784432990591316,0.06913582761383678,-0.02569977973753943,0.006525343026783459,-0.13751361388441413
14425212-36dd-43e0-bd0e-518303d3a8c8,Jake Presser,M,673,-0.07312040726975876,0.07501577278573256,-0.0644556258218544,0.07431667952105689,-0.035115990140447285,0.08973971237941929,-0.13757603309161315
1e216feb-426b-400d-b79e-3db55899141e,Savanna Ticknor,F,1607,-0.02535504761316324,0.0634164179424022,-0.1126731791465247,0.0643784776088792,-0.03613098495788901,0.14155649087022149,-0.13802822675968793
03ee9ee1-7ce1-4704-9a48-a504790e91b0,Justin Graham,M,1381,-0.06260324342900613,0.08011894052895552,-0.07593786141550464,0.07910023998700723,-0.0930047308512503,0.01157121792646593,-0.13854110484451077
00333c0f-cfae-404f-a137-0dca5a3d67dd,Duncan Mulenga Jr.,M,545,-0.05117563038118624,0.08850670417110541,-0.08852360044481779,0.08737412359493192,0.0002594607064396999,-0.03132303642442486,-0.13969923082600402
33dbfc0d-f246-40da-a277-74c31f2662ae,Ryan Ng,M,644,-0.07614532629771946,0.08365376929822496,-0.06386227370854985,0.08598610938682989,0.014744451677613363,-0.07146362409468189,-0.14000760000626933
d0bac3dd-65e3-4682-9928-7344468332a5,David Creswell,M,721,-0.04331862130441618,0.08393794780863009,-0.09674258646562228,0.08172514791965751,-0.11889108201171913,-0.18878895520969663,-0.14006120777003847
6cea98b2-6f2a-4759-9e98-5f878e2e3bf4,Thomas Provost,M,555,-0.07806759050046323,0.08631188858419901,-0.06224599649523882,0.087999067041666,-0.14468659790546293,-0.06138383942888669,-0.14031358699570207
7a300520-8298-4458-8968-db478e23e9be,Tobias Moreno,M,1425,-0.07649295945594907,0.06915246510652077,-0.06461452965707677,0.06835570206233396,-0.012053259493142258,-0.05994331631132707,-0.14110748911302584
3d1d26f9-b591-4b81-80be-a2e708e216a7,Chase Holderman,M,546,-0.08869806938609942,0.08620815178282154,-0.05274818766672101,0.08797129058618634,-0.0941937433794186,0.022541280621146208,-0.14144625705282043
f2f22110-2d83-4a94-9e5b-811d3b01898c,Clayton Boydston,M,2707,-0.0766341990524722,0.052415256597084355,-0.06491424753005319,0.05406995426711327,-0.08543079636877825,0.11006305191061451,-0.14154844658252538
7d4e35ed-83cd-4872-81da-6a78d5a7a4d4,Bryson Alexander,M,668,-0.07997145994703526,0.07938324099992454,-0.06190842813909824,0.08019042921344544,0.1878677811877398,-0.2642507528795057,-0.1418798880861335
6eb8ea1c-31ca-4c18-ba0c-ab8a75cdc24f,William Hsieh,M,581,-0.09652463375184943,0.08386516486589235,-0.045358559667539676,0.08667012078267874,-0.10219700435639861,0.17917846976501894,-0.1418831934193891
34270d82-e968-407d-a918-8aa57f0123a6,Elsie Hendershot,F,4211,-0.08889870142987982,0.04373057334630075,-0.05302878573408004,0.041761290522720144,0.013514890812627573,-0.07458320480810966,-0.14192748716395986
0b75af4a-8c68-4ff7-a2f1-09bda71b5bed,Andre Mercado,M,7596,-0.09726023410628419,0.034371911801837685,-0.04485546547200675,0.033341072538907626,-0.08413410417926041,0.021330955174853353,-0.14211569957829095
4e220040-a533-4d43-85ba-29ad38b5a3b7,Clemens Graute,M,764,-0.04423431702619278,0.08157593252307435,-0.09838937529936027,0.08077987542538055,-0.08184079124611714,0.008847356674292772,-0.14262369232555305
8085a986-b03a-4c96-9d50-a42d3cba3934,Jacob Bolkowy,M,591,-0.047600109058352214,0.08094447167448728,-0.09548323485676817,0.08227776320393893,-0.0815842537133706,0.026719006902264742,-0.1430833439151204
ae06a675-5997-41b0-a199-6da1bb0b49a1,Giorgia Vitale,F,1694,-0.04321379475372368,0.06168764283170924,-0.09999377241955466,0.060037827521338995,-0.05990713605228405,0.034716902572299764,-0.14320756717327834
49918aa2-e0c2-4736-a4b8-eb980f78f717,Filipe Parichkov,M,1291,-0.08658270282161522,0.07087171788508213,-0.056688432648043,0.06934319080513582,-0.08788282006416587,-0.061283640625246154,-0.14327113546965822
c8e4c697-0b57-45e3-8799-227779ee5f1e,Pui Long Fan,F,1525,-0.09118503646722839,0.06918942236708776,-0.05211135692885971,0.07098167267382004,-0.03784301661054663,0.07322017404367609,-0.1432963933960881
7ab0b456-a129-4879-86a6-05d34bd8781e,Domenika Turkovic,F,1731,0.012417874232989626,0.06048187893915058,-0.15706834752448648,0.060321057490960533,-0.0624255763076794,0.07289481350874483,-0.14465047329149686
4212e979-7692-4231-8934-d6a7042aa217,Lauren Hidalgo-Smith,F,1910,-0.12426395700353655,0.058970437807942304,-0.02047957022790581,0.058039927653255344,0.03489199846434901,-0.057744587050479884,-0.14474352723144238
f77a3228-78ba-4aa7-9b98-4b7513df0c71,Bryan Hammond,M,420,-0.09436129887661508,0.08819416557275707,-0.050490903386995384,0.08482799033941853,-0.31799492036528165,0.1191973897483211,-0.14485220226361045
107fd341-2c28-4ae5-b7a2-162706c2fcb9,E. Elenga Satuala,F,569,-0.0652785758100626,0.08530006107902076,-0.07967102375510177,0.08788924826853968,-0.18571772548935395,0.005637173286322859,-0.14494959956516437
00ab134c-1282-4628-824f-88a0cea38214,Luke Cartenuto,M,833,-0.09277167252918632,0.07512773050013312,-0.05229358683838482,0.07795607430566491,-0.00037097426855889045,0.07047397075478593,-0.14506525936757114
3e929e47-f22a-440c-925e-1e6080ec7fbe,Alex Gray,M,349,-0.08938144377696335,0.08444716435538205,-0.05634988984697484,0.08668793925143684,0.08499675266860585,0.0838487433742041,-0.1457313336239382
a973d880-71ca-48d1-b127-a7e23afd5a19,Matthew Mead,M,4252,-0.062383949505052654,0.04812005638779219,-0.08392907107140955,0.05079446042727607,0.03642893416610982,0.15692623267552358,-0.1463130205764622
01ef6089-cac8-4488-bff2-9d715d159a74,Katherine Allan,F,325,-0.05534938275084063,0.08665519333099227,-0.09159895940349007,0.09014886010036563,0.08378762265903364,-0.0635185607038809,-0.1469483421543307
738bfd67-8a18-461d-a4c2-f46a1ba6b1da,Ryan Ali,M,482,-0.06432831500695103,0.09269728515772495,-0.08347545210195632,0.09145054262560522,0.018072265072323238,-0.059955425504013976,-0.14780376710890736
07a9bb92-74c6-4aef-9148-83b4a3371691,Sarah Jane Lim,F,738,-0.05220568609626532,0.07940168870899152,-0.09590452217338596,0.07813503878760504,-0.1302133280732583,-0.08224843724538085,-0.1481102082696513
7cbd7e4d-3d2c-40f8-8c09-40c271d64a73,Louie Payetta,M,1249,-0.11787053101505701,0.07087380307241854,-0.030396000530658288,0.0680350670828252,0.10298315852289004,-0.11016893190467186,-0.14826653154571529
722347d4-487c-473f-aec0-f856533f520d,Brookes Jones,M,1318,-0.07232366499477835,0.071622276205462,-0.07659345585538183,0.07529460193559656,-0.017507065785806204,0.18494011573355948,-0.14891712085016018
8f62717f-c19d-4c11-a681-1818ce1c0ab1,Alexia Alvarez,F,306,-0.07399022632031238,0.09438184027662051,-0.07519196152891494,0.09559570128334298,-0.006981434836397901,0.043197008510410556,-0.14918218784922732
2ef7e171-fdfc-4727-ae17-cec4b8899dcc,Keaton Cullimore,M,495,-0.044312837477683005,0.09021933418345499,-0.10514130689462427,0.09179931659778645,-0.10221879978209786,0.09398035413469122,-0.14945414437230728
72781a5b-7e26-47ae-a581-625e4fa96099,Hudson De Risi,M,1265,-0.16747753216636943,0.07316861391597844,0.017734127969518475,0.07618058838671886,0.11351874599209963,-0.026187869681410843,-0.14974340419685095
daa8e6e6-9a3e-407e-8557-c8f5abd68516,Corey Waters,M,314,-0.050420019081054035,0.09056624047016607,-0.09949595786481727,0.08724445372892199,0.036647377444145535,0.022445809349481913,-0.1499159769458713
bb20d284-a077-49bd-8409-a3452e3067f3,Kevin Caulfield,M,2017,-0.07693106177936902,0.06207098377613916,-0.07325901983310333,0.06359860159836096,-0.05269817409957222,0.020035102623287268,-0.15019008161247235
ef6713e4-bbb0-4f41-b874-15c7fe79d5e6,Charlotte Wasson,F,555,-0.07898022973127716,0.08487157838215681,-0.0716986936448574,0.08647055558632166,0.09111524692318487,0.08397996006526995,-0.15067892337613456
222bf2cd-da9b-4c4c-ab99-0fa77bec15c6,Jason Loyd,M,1344,-0.06199764275202148,0.06375972976527945,-0.08891249961262353,0.06344342565948739,0.02582357603000133,-0.05410169406279186,-0.150910142364645
b66624a6-5643-4f2f-a32f-3398e6119085,Mara Vasvatekis,F,478,-0.08689096044222236,0.08192186016865895,-0.06404641762945365,0.08357551082130761,0.08678168010060563,-0.013593060732214163,-0.150937378071676
6aa0a796-9759-40f5-9c8f-bf4461d032fb,Helena Jansen,F,4005,-0.06561538796314222,0.04623280674148267,-0.08579579324087547,0.04641664407226991,0.13084305895512194,-0.09016744169506007,-0.1514111812040177
b75145d3-4245-4d72-80a3-622487389ba0,Jerry Worsham,M,305,-0.03964318103662538,0.08617471946830307,-0.11287644089891884,0.0846110493505188,-0.05140719341234113,0.11922274550317309,-0.15251962193554422
0c3263ce-a370-475e-8cd7-32414ea409dd,Ben Cawston,M,807,-0.06586121682103398,0.08089551648507909,-0.0868412690079207,0.07977448771513417,-0.1467178192022049,-0.09827426285756583,-0.15270248582895468
947ad32d-852b-4b3f-b488-c1f20147f44a,Brian Kerr,M,1114,-0.08827547681224258,0.06663460219658811,-0.06481007727047947,0.06943375998924137,0.09540621281542193,-0.05622541621271814,-0.15308555408272206
8bfb2660-cdda-43fb-81cb-5ff420c9f86e,Jae Centonze,M,1036,-0.046004464526907395,0.08321925230211422,-0.10737467448315022,0.08142815398431003,-0.0945522353239314,-0.11865729558239,-0.15337913901005762
a9a9997e-9128-4275-b895-bc68df2374e0,Frank Solana,M,438,-0.13063514130442705,0.08930221814155587,-0.023544998823565484,0.08888243156530766,-0.08370940240317826,0.01845242899550201,-0.15418014012799253
aa0157dc-6eeb-48b9-b679-d5cd6b4a5237,Ryan Sherry,M,1891,-0.0836180743656319,0.0629794610996765,-0.0705682722460265,0.06438916431653821,0.09148475742369694,0.02175782204120455,-0.15418634661165842
69633ccf-87be-4975-a578-53d6e166c91b,Wil Shaffer,M,4557,-0.08073374248890536,0.04227933252788352,-0.07356490019240461,0.042908758572532325,-0.01187143200584848,0.014089845416491515,-0.15429864268130997
d56a6779-9a18-4f34-9519-9a7c7c8b2d0e,Derek Shearer,M,1660,-0.05321446721563592,0.0649262414204291,-0.1019166137252468,0.0661195205980299,0.05992058756976051,0.06831497526816954,-0.1551310809408827
9885290a-b002-41ab-b27c-eeacbc197822,Flynn Orton,M,680,-0.10690863123588548,0.07500496346892703,-0.04913601951873931,0.08077195361512793,0.18588667271300635,0.059868897694281296,-0.1560446507546248
52e042f4-517b-483d-a264-f2f3dfa3f940,Jimmy Terzian,M,1039,-0.07849411642954426,0.06708811861043475,-0.07810438098678289,0.07304323392311267,0.2094708716873108,-0.17769062416561615,-0.15659849741632714
4d73f750-808b-4f08-a96f-359f8835df54,Izaak Gonzalez,M,1032,-0.07618190928287408,0.08571081344535546,-0.0805010912341504,0.08789334346531687,0.04888745029840246,0.011208152444043634,-0.1566830005170245
25572d77-114a-4f7b-9552-04c56a665d39,Guangmao Wang,M,496,-0.10978082777976861,0.08097161821719852,-0.04735161575426149,0.08312622824273909,-0.06443382728852702,0.024695856771700157,-0.1571324435340301
9db29a7a-1fce-4394-a1f0-a5fbd2bc2e7b,Jake Anderson,M,5182,-0.057972058759777643,0.042240105028380805,-0.09994472223661155,0.041604829173201366,0.01855184712825794,0.001148765425371994,-0.1579167809963892
8a990576-fa1d-4878-8b39-62e5475de915,Alison Bruggeman,F,380,-0.07711328222516328,0.08529943885334636,-0.08110315751382104,0.08113019880519345,-0.15552137380917966,0.14066659693416314,-0.1582164397389843
0a84556e-30f6-4500-8c95-a9ccbc51c7b1,Leah J,F,667,-0.07453253121066535,0.08235901578346566,-0.08372611142824776,0.07857400788403668,-0.09041926742076363,0.006136247338139369,-0.1582586426389131
03db4060-fcb3-41f7-83d5-7ee732dd8841,Jade Rau,F,4583,-0.08605864697800215,0.044876669077672605,-0.07259998347060999,0.04429182016256486,-0.012837180084458347,0.01917333808466025,-0.15865863044861214
0d40af37-5b44-4f00-a2c8-03ea5e34960c,Ram Kotnana,M,310,-0.07858759455443651,0.090997229892368,-0.08066854249780517,0.0914629086838033,-0.1886247453647672,0.10397349327072208,-0.15925613705224168
48359011-0793-437a-bfa2-b7a4c5194689,Roger Dugas,M,1601,-0.06850886284036396,0.06600303620388104,-0.09087058748137603,0.06577136027376444,0.034078340407480714,0.035607863295391264,-0.15937945032174
a0582749-fb23-42cc-98ed-1915464c4814,Luke Wasson,M,7449,-0.06389504795112508,0.03372752438186992,-0.09605937141658294,0.03355995587996106,0.009607466499491913,0.061416729105476464,-0.15995441936770802
07bb4de3-2fcc-4a5a-b210-29a8d692b5e5,Anton Betita,M,325,-0.08677834622346824,0.08523049624199605,-0.07331418087672188,0.08448549324811187,-0.08540499505755252,0.127791077621904,-0.16009252710019012
42c1d15a-dd1f-42a2-b368-63d203fcc81c,Yuhan Tao,F,328,-0.08005878151978581,0.0934561268058535,-0.08082329753920794,0.09271722191854034,0.013050089742500487,0.01871790101693684,-0.16088207905899377
8bb65860-512b-48cd-b5c0-edb4ca72efea,Bailee Jackson,F,436,-0.08261658608373185,0.09088001179716107,-0.07846882008931334,0.09024082379588051,0.06431214352314162,-0.17843308848626455,-0.16108540617304518
5c35babd-ded9-4e8f-a70e-5712c2a95d50,Sophia Phuong Anh Tran,F,2718,-0.10575923897140861,0.05378304691813655,-0.0577973647999385,0.05369295245414388,0.0381882793047416,0.01966685994646829,-0.16355660377134712
101e37db-cdb8-4c51-9630-2aecd12baa89,Jimmy Liong Kai Long,M,1895,-0.10266138825408637,0.06195236878524619,-0.060982040457764904,0.05942131643284378,0.008387190108860748,-0.02791458327890107,-0.16364342871185128
cfca938e-f09c-4712-bb3f-2b88df706c8c,Nhật Minh T,M,896,-0.09183573264866841,0.07889107833599776,-0.0722028136330922,0.07602620347308248,-0.1907857999772898,0.09335084946718465,-0.16403854628176062
6b446a3b-76f2-4d55-8c84-94ea8bdde2ac,Andrew Wang,M,966,-0.04890767777359655,0.07404216652542511,-0.11541251226917584,0.07353794542368854,-0.08534257293145175,0.006789889999215551,-0.1643201900427724
22135bb3-55b3-404e-9853-ee3ea3b18a06,Kei Sawaki,F,1342,-0.0694533603546473,0.0697115020219715,-0.09514479974903142,0.0696656656804188,-0.0014064406039483778,0.003788677365003626,-0.16459816010367873
a8256366-d2f9-4787-bf8c-d8e76c55fa86,Mouaad Alhouni,M,2666,-0.0942018044456688,0.05419629942628093,-0.07050399143936935,0.053209514012407554,-0.018790549019750358,-0.018737309035700672,-0.16470579588503814
099f73e4-578d-4eb1-9a31-955b0da91bdb,Sara Perles,F,542,-0.042447724388080386,0.08094644618575222,-0.1224946200443179,0.08418571032758965,-0.05245288670069272,-0.0925165545753369,-0.16494234443239827
b046a7b0-2e97-403a-b28a-210cca13d0cc,Omar Garcia-Heredia,M,694,-0.06196157095226435,0.07657370986779206,-0.10405390795589473,0.0751370725404959,-0.0687055504405686,0.06072257153751288,-0.16601547890815907
c83efa76-ad13-43d0-a6b4-1a9dbc4bcbf1,Sammy Melin,F,680,-0.1072816529909842,0.07854810430916913,-0.058819771030363996,0.07855398186530604,0.03895473101600653,-0.053694527942024846,-0.1661014240213482
12e4929d-3cf3-47ef-9b8f-4c9477a8e762,Sydney Donkena,F,1311,-0.12435906280197966,0.0640532550902889,-0.042582954329104895,0.06852763023781133,-0.05442945206233182,-0.01682231727228077,-0.16694201713108456
e5915579-1c1d-4406-b707-6d877bcebedd,Kwan Wun Man,F,1125,-0.10721342253593823,0.07884193116394077,-0.060071473182499384,0.07625772479676605,0.012376559039300163,-0.034551879177480205,-0.1672848957184376
66d6c944-63ff-400d-a729-da58b13dced2,Vova Zverkovsky,M,998,-0.13988166974315955,0.07478889575248313,-0.02869778954861576,0.0766100583612334,-0.09911566952874483,0.07070457245448473,-0.1685794592917753
782b4237-20c6-46a8-896c-d3060d356777,Jordan Betts,M,456,-0.06560583966056523,0.08524850117392631,-0.10354928935632746,0.08648541282559774,-0.23086019688653445,0.04803744398530367,-0.16915512901689267
8b4525e3-c6be-43e1-b2ca-778ff6899bdb,Lauren Andersen,F,372,-0.14040325145089258,0.09129399363852178,-0.029786644274502963,0.09097773202899816,-0.12563544918878172,0.18169207235204354,-0.17018989572539556
91846d4e-67fb-4891-87a6-bed8362b8e2c,Olivia Phillips,F,2073,-0.06985488564133092,0.0628741117159569,-0.10037492431972099,0.0643867751780758,0.053501499362820844,-0.005303539903372714,-0.17022980996105191
f9ae639d-11c5-4336-8b09-71d0fb6f9d9b,Sienna Hitzeman,F,916,-0.11006702058207109,0.07967285742747392,-0.060485327947995035,0.07920162883867596,0.0733567485753113,-0.04994635811753795,-0.17055234853006612
5bdaf230-63a7-41cb-8fcd-d774ec99d51e,Victoria Nguyen,F,1741,-0.09834227845732822,0.060723617981057444,-0.07262508296105791,0.061824416889185524,-0.14214052333732155,0.10441769305747449,-0.17096736141838614
a33fae19-76c1-4ec3-9845-2b2b471baa70,Johnny Goldberg,M,3064,-0.07706517890015464,0.0524881751045244,-0.0941387481865002,0.051054865155036516,-0.04540720603981315,0.11125312611537298,-0.17120392708665483
7bdd399d-fcb1-404f-ba07-afbf4c47bb3a,Ajit Kurki,M,550,-0.10832095245623577,0.09061966755451549,-0.06328823944888413,0.09052470895773489,-0.026499429065271328,-0.079158377613944,-0.17160919190511992
623c9f3d-7974-463d-8e10-0b290ed48533,Alicia Lai,F,797,-0.0750884516062414,0.08366332872966527,-0.09677138393043119,0.08057565350726821,-0.020910667637693378,-0.11969555394230365,-0.1718598355366726
95c0348f-d93e-44ba-b55e-4971a2d7c1c0,Scott Berke,M,962,-0.12135934667186131,0.08200422856130611,-0.050524691469059406,0.08020988249051735,-0.03662812140871347,-0.18171701589307387,-0.1718840381409207
964141f0-2f93-4294-a303-c41735341b46,Allie Davis,F,1290,-0.09878177345469157,0.06929194406371326,-0.0736997195236611,0.07191051907805525,0.11599315714395696,0.09890617128213715,-0.17248149297835266
910196c3-1d57-456f-b407-bc550a2edec6,Ryan Gilbert,M,1866,-0.10434074059714682,0.06297745008090096,-0.06827816110594473,0.062165297700191184,-0.10565045858365071,0.2156342552722093,-0.17261890170309155
cc970ae2-c153-440d-bead-b105528bc74c,Ying Suet Lam,F,598,-0.06904190109164371,0.08083232316209758,-0.10380717649505683,0.080896032589242,-0.08211342774299452,0.12291376491979662,-0.17284907758670054
ece1da5c-10cc-41a6-bc48-66d82a4ea10c,Prycen Haas,M,1330,-0.1441962977221729,0.06678752415066681,-0.02899173702373122,0.0651451785598577,-0.02833946271536986,-0.12952463400260722,-0.17318803474590413
f88138cf-6e2c-476a-ba4b-d9f40234575c,Joshua Yoo,M,339,-0.0785792638590489,0.08538458046209266,-0.0946790908155964,0.08482445696557778,-0.09133259832175751,-0.010505333713094872,-0.1732583546746453
89d0497d-bd25-485e-a32c-872afa95b3d5,Mary Monson,F,1537,-0.04224092451423882,0.06593902002017,-0.13112786633530535,0.06409926670433884,-0.17420596340332167,0.11674513084386814,-0.17336879084954415
b6928a70-4384-418f-87d9-76ae2637ea69,Bryce Larson,M,2150,-0.1409873168558725,0.060132570808490333,-0.032409364893557814,0.06204730812894346,-0.009670709770564506,0.06470362556161657,-0.17339668174943032
a0581131-7d36-4424-b7f1-a5a4eaaed30f,Cc Eleven Sacca,F,554,-0.08735345123210639,0.07992956276049085,-0.08653726307627425,0.07858174033042649,0.02962889261817125,0.03862224326605898,-0.17389071430838066
2a490031-a7b4-4833-8d61-b9970960d2dc,Monika Wynne,F,4094,-0.09070361854648115,0.04768089640087726,-0.08349609631064717,0.04738398105025908,0.012844043817697319,-0.056097406769280156,-0.17419971485712832
b9078ad5-9d55-4617-9c9d-131823dfca0b,Luke Ness,M,2999,-0.1066809846435933,0.05574872576306677,-0.06870512747845221,0.054705311013607726,-0.11128384749644833,-0.00539396774888628,-0.17538611212204552
8af41b49-c25b-4103-bf60-fa36ab5fc278,Chase Ora,M,1018,-0.11556125528751887,0.07707586679523348,-0.06053790114149448,0.07961430060846322,0.08814983580517557,-0.15673347287920017,-0.17609915642901336
33fd646f-21cf-4475-a4e1-5064b97b5917,Athilla Miasara Bt Azizul Azhar,F,737,-0.10440360486071672,0.0833776637854257,-0.07197619274624523,0.08299438908031898,0.0444138514274987,-0.11009477534596934,-0.17637979760696193
b70cca60-0d9b-45e7-9327-ec95e850d1e2,William Hart,M,1229,-0.07746267764878266,0.07457369104271594,-0.09905141341804508,0.07487308409441779,-0.18416530888583413,-0.1743151656891845,-0.17651409106682775
23becc4a-36a4-4854-884e-d2efa8998955,Ana Gordon,F,1019,-0.0624911315032829,0.07610417784185003,-0.11414151414676066,0.07779765652510796,-0.08543814282930379,0.008557427053371943,-0.17663264565004355
d1045e15-2ae2-4e2c-b7ba-21a326affe05,Alexa Quintanilla,F,658,-0.11098276966723725,0.08249437686054856,-0.06611239689710152,0.07989790729113828,0.034690116367643964,-0.15281192972976354,-0.17709516656433877
2f28b85f-2645-4f75-8571-67335413387b,Morgan Downing,F,928,-0.05499220487054171,0.07974419481454763,-0.12212359087409613,0.08268105984642986,0.025901196067652427,-0.1273384782955508,-0.17711579574463784
26106b4f-970b-48b1-8a08-7d921540935b,Hannah Ward,F,430,-0.06926195790601487,0.08786289224275286,-0.1088218279154577,0.0895988483306053,-0.0910508738444601,0.10141585667145601,-0.17808378582147258
d36e9231-a965-46ae-9a8a-7ce05416805c,Joshua Reason,M,1529,-0.08252523907128358,0.06735745340836041,-0.09609335684810077,0.065548070478115,-0.17049886724057967,-0.05474174143562624,-0.17861859591938434
46f2280d-18d7-4589-9157-c5e6492099cd,Polina Libo,F,2506,-0.10653546632557262,0.05385772856935757,-0.0743079043667529,0.05456424450105596,0.015418668822469906,0.04005740832201575,-0.18084337069232553
e6129a52-f99b-4c66-be30-8f96d7635250,Andrew Angulo,M,872,-0.09463573232317395,0.07818580565330954,-0.08723227141371523,0.0741226361448313,-0.1814199767562878,-0.10680496060169017,-0.18186800373688916
ebf07b70-cdce-4260-b30d-b8dc278c8975,Mickulas Ray,M,595,-0.09336877037233345,0.08861131807129204,-0.08953799376983534,0.08609298368779243,-0.02676622911052716,0.09285173411467756,-0.18290676414216878
d0513962-42f2-40e9-904e-b5b615587b98,Janaye Sakkas,F,1039,-0.07718783755645188,0.07791512370995382,-0.10604860788598834,0.07434504593909955,0.022924897520438792,0.04714988428414671,-0.18323644544244022
b8339aa2-dc4f-47be-963e-6f6bf373562d,Devon Sikora,M,835,-0.10420316947550544,0.08082389553192458,-0.07986837219510123,0.08225239716787996,-0.12260742835145685,0.11073540412923706,-0.1840715416706067
0d659a6e-9386-45c5-a3c0-8f8ce4efaa14,Poongi Hong,M,828,-0.08509602246142657,0.07456340502887665,-0.10028838608527407,0.07737813447141466,-0.027601671834111358,0.16371661297840057,-0.18538440854670063
ad45f02d-1352-4922-8228-76179833d104,Colin Wong,M,1280,-0.08253577388064058,0.06405066427255983,-0.1030207104005143,0.06561654911307015,-0.051317885209619114,0.0943728027103296,-0.1855564842811549
ae22d796-6114-4ec9-8a76-8393e96cb1d0,Preston Bies,M,764,-0.09716881348877349,0.07302322139032213,-0.08849673748146022,0.07779583669793406,-0.012772462984683612,0.06323643537208644,-0.1856655509702337
46ac090a-65d8-4ef5-a469-7bc7a80f0503,John Macauley,M,576,-0.11022832925588179,0.08933787676186093,-0.07552685703276539,0.08943240201216758,0.1362353223136984,-0.07284570917070718,-0.18575518628864718
5c428248-d346-49fc-8c5e-ad19fb318da2,Dayna La Belle,F,499,-0.04957150383460749,0.0833047693684882,-0.13629266876515606,0.08736643468969842,-0.040093023771776495,0.01310293140837698,-0.18586417259976354
75b14d37-7db7-492d-8a47-fe11d5aa2f82,Mayu Ito,F,1361,-0.11630156420515178,0.0692652040555608,-0.0711675379783719,0.06979361446469867,-0.023023873017478207,-0.18562051919816216,-0.1874691021835237
8a82c8d2-7822-4069-bb2c-1bcff3dbd2e8,Jonathan Aiken,M,466,-0.09889791975593097,0.08381835288326239,-0.08882192582352808,0.08311679751038607,0.0361647147246259,-0.044474938295921335,-0.18771984557945903
d1ca938d-f130-4aa7-a753-1004bd0661e6,Caroline Maguire,F,704,-0.11905185543038051,0.0775793612495226,-0.06903343945199351,0.08107131543565811,0.09355700541079343,0.0371206188686346,-0.18808529488237402
e4adde58-d9a0-4f1c-afb4-96bbc7f33d22,Benjamin Grant,M,1343,-0.11899208794639182,0.07368225268740305,-0.06962233794503009,0.07348208633399587,-0.07338812994553136,-0.1758061223315386,-0.1886144258914219
65d6b76a-dbd9-4a49-b142-73e92ad98f8e,Andrew Curtis,M,340,-0.0751221787067052,0.09087663411512201,-0.11426065135883769,0.09024541096306522,-0.10503108358967918,-0.10853756384683295,-0.1893828300655429
9684fa0b-ddad-4427-962f-ed7a309a21d4,Kasia Carr,F,815,-0.11502060835661174,0.08172450493803081,-0.07497085857201026,0.08338948127327453,-0.06011696413540038,0.08016012284788528,-0.189991466928622
f8b6b217-f9f8-4fd3-a71d-ae4dfcbb9c89,Ava Ignatowich,F,8593,-0.10980577624758216,0.03264631445721243,-0.08059792594666255,0.03303691689102037,0.04365520773824712,-0.02948531232569375,-0.1904037021942447
684de940-3788-41f6-9d4b-b843da242dae,Wesley Hanson,M,1324,-0.09651913371993259,0.06890511313742484,-0.09526997640909345,0.07124184931880195,-0.1368150855384335,0.2640240579038666,-0.19178911012902605
16e2bfc0-c047-47a9-851d-1cc79ad3f7b1,Chase Womack,M,1927,-0.05347302574384846,0.060084671891566105,-0.13911498246004722,0.06090529465154614,-0.13306289147209424,0.013875093310823382,-0.19258800820389568
f483a4bf-83ff-4e34-8629-72eed44e2662,Jeffrey Moulton,M,663,-0.11675161733834277,0.08838889115321485,-0.07633058259949861,0.0893953547031221,0.08845963786546056,-0.07329738074451907,-0.19308219993784137
3701f5a0-aa34-4a06-a718-7b223491362e,Ethan Violette,M,1418,-0.10212981395826214,0.07124636150495352,-0.0911513066635381,0.06735887242644803,-0.18414448757905516,-0.02669886623884412,-0.19328112062180025
4a7604e0-0f45-4057-8da0-bbfd0a58df83,Cami Blake,F,959,-0.060894016077417165,0.07716298410990927,-0.13317444992651276,0.07556487459803823,-0.1955855303070819,0.21877397791931372,-0.1940684660039299
49584147-f7e8-48c5-a789-8bc479a9251e,Emma Cook,F,445,-0.07268133556478755,0.08427296979638062,-0.12162103973550126,0.0893028704153263,-0.056156621444313416,0.20407965585053595,-0.19430237530028882
bbf16648-a08b-4864-ad42-80848523bf44,Chelsea Purcell,F,894,-0.04672079321688463,0.06962254966811306,-0.14789387642232651,0.07289833317100657,0.08410509286478603,0.03618064135658103,-0.19461466963921115
258ef186-666f-4fb3-be50-916b633c96e6,Maximilian Wild,M,3298,-0.11947971667497398,0.048799796557114604,-0.07551371151296764,0.04793371352085433,-0.037293512000067884,-0.028290965013980564,-0.19499342818794163
7969379b-12b1-4f80-8fa2-0e548c1e4127,Julian Slive,M,1152,-0.09935829338752696,0.07067591374566116,-0.0957152517225303,0.0680040788367342,-0.08886628352169024,0.04871976976672348,-0.19507354511005726
4e82e645-294f-424e-b1e7-28f93e2cb7cc,Benjamin Bramblett,M,1399,-0.10410292207932045,0.06589380490689987,-0.09247964427411692,0.07219667954613049,-0.14027240589881498,0.1732012161283544,-0.19658256635343738
8aac4bf9-2442-48f4-83c1-589b0a00b071,Mulima Mulenga,M,689,-0.10027604395958988,0.07793190161173287,-0.0974969654029063,0.0829360257974534,0.07325371990327055,-0.03361746538834147,-0.19777300936249617
f809c1c0-fbca-4d67-9c59-23b02cbf0128,Anni Xie,F,908,-0.12848369641433943,0.07727088719745354,-0.07115875193116046,0.0785436445362905,-0.08758682433262184,-0.01946153435832855,-0.19964244834549988
906cfb51-866b-461e-8794-bdad7c46cb22,Brittni Tonnessen,F,702,-0.10345085746489752,0.08031672276983294,-0.09619324509863553,0.07669576589725273,-0.19359059524752567,-0.049112907859400236,-0.19964410256353304
607ff7e3-ba06-47f2-8bdc-0f66a4a6614f,V. Mary Rivas,F,1157,-0.11030569938560834,0.07346616792816416,-0.08987115823262108,0.0717007299954988,-0.08062519560266361,0.12783577911216162,-0.20017685761822943
37a2a373-8d3e-4177-bf1b-e6c9eaa52f5e,Natalia Simson,F,2073,-0.05133730308778217,0.058839194324662586,-0.1494921444891005,0.05813909630274705,-0.028974466581941943,0.16948514452739047,-0.20082944757688267
790712df-aadd-46e3-8e04-29143bac56ce,Kayla Field,F,391,-0.11958091555876973,0.09138034934616591,-0.08245463659002193,0.09018697049780962,-0.024410136233928483,-0.1381313571577288,-0.20203555214879165
1c565be0-8543-4679-8dad-1bc917b2f41c,Alexandre Gauthier,M,722,-0.1429395238854905,0.07919102422158919,-0.059187031854338705,0.0821398699090623,-0.022465941685360515,-0.01682517116805991,-0.2021265557398292
aa45af3b-41b0-4e03-9a17-4ca16a108df3,Vincent Rettke,M,1716,-0.009618188134339229,0.06170446317262483,-0.19335276390613693,0.06548091465435482,-0.05047059033212239,-0.04737435374940879,-0.20297095204047616
36b47dfd-00db-4bf3-ae56-e6cd61e51a97,Ryan Lam,M,695,-0.061642898090062154,0.07389536037352541,-0.14435827804739965,0.07603075572710849,-0.13552505178645927,0.07518959585044158,-0.2060011761374618
237778ff-378f-4f99-82cb-cc3bb7b5d02e,Caleb Herrick,M,639,-0.09005998517044587,0.08204772618822734,-0.11630969166009661,0.08482688724927934,0.16913419146518358,-0.1213420300151982,-0.20636967683054247
7bee4b61-53bf-41c1-a04f-1be4ade890ad,Sabrina Palavra,F,811,-0.1834717967596834,0.07623368727735207,-0.02411389894729406,0.07667777486992045,-0.06985226358814964,-0.04505100249928137,-0.20758569570697746
0ac11983-04a4-49b8-80b6-afbc7453465e,George Bulger,M,800,-0.10774159459972658,0.0740687069282331,-0.10137495796630565,0.07960262910177694,0.22797521476942498,-0.02203870583321397,-0.20911655256603223
3f5b4c15-bf91-488f-bd3b-e4bb388f3728,Austin Oreilly,M,740,-0.0527724188202537,0.07909180330660459,-0.15756698253400017,0.07795068085518438,-0.2661784551467548,0.0771856421078843,-0.21033940135425389
2030bb81-feec-428a-85d9-c8188445ed00,Ariana Ajani,F,575,-0.12894929830807475,0.08294181564146183,-0.08265659575522731,0.081056508178403,-0.176343219092859,0.1047057299658526,-0.21160589406330205
c4542ad5-6e33-408f-b457-75535f5bd72a,Adrian Garza,M,928,-0.09961885913083608,0.0739886179216015,-0.11230996549442644,0.07631707423811715,-0.18157753498770038,-0.04408519672745961,-0.21192882462526252
9fa6a300-42c2-4a96-b7c0-9afbe1342e59,Adair Garcia,M,2843,-0.12666451050135888,0.056202825595572624,-0.08663189744763129,0.05637116347247291,-0.047008394779097525,-0.04018817366393326,-0.21329640794899019
481d9fef-ed7a-4fc9-9d19-a4f9b5a57d56,Ella Cosma,F,2655,-0.10094573164020859,0.0538434822611368,-0.1129191076987684,0.05267704341803111,0.04816588913413336,-0.04346306272836275,-0.213864839338977
d6efd47e-1b45-47fb-a6e6-124f29020e63,Elizabeth Roy,F,421,-0.06391858042986595,0.07972029421641427,-0.15015905689152462,0.08569870434841077,0.06673780932560576,0.11672220673131031,-0.21407763732139057
eb3f00bd-6375-4e9f-9e4a-9a945ebdfd74,Anri Ferris,F,769,-0.08582647969787574,0.07492391681750064,-0.12887240251044513,0.0770550292928448,-0.06845998162308009,0.19714522434321274,-0.21469888220832087
1e5d81dc-961d-455a-b80f-d6c30c518cde,Caden Nemoff,M,6798,-0.10688809090841546,0.0355957663330272,-0.10879390018624567,0.03600414698557004,-0.03770519998199599,0.040894086877426815,-0.21568199109466113
26b13d9f-ccab-497c-8e3a-68299be5ea70,Daniel Phillips,M,1969,-0.11195735449185758,0.0590585750903477,-0.1054279231736449,0.0602523933985929,0.03425821313910196,-0.03820104600119032,-0.21738527766550247
22839b0d-41bf-4830-8f1e-0da170ebc723,Haley Ferguson,F,1874,-0.1285612157108103,0.06131432262057691,-0.08914385906526479,0.05969372138464571,-0.12059184618450121,0.008300909874488923,-0.2177050747760751
d1467954-5b55-4724-9cd5-4d8dd54f2fc0,Jake Benjamin,M,683,-0.10828589865443185,0.08330684852634666,-0.11215144661627297,0.08163875347449988,-0.021586809190694115,-0.2095401611274409,-0.2204373452707048
8a614993-d082-4ab8-af12-348c954ff276,Emanuel Dickson,M,1444,-0.09175258800155449,0.06806678343646352,-0.12897599509670002,0.07043229548146081,0.03374573705177851,-0.10357450964885447,-0.2207285830982545
c2c74ae6-6b11-4a40-80e6-b7b924d2d83f,Matthew Finnerty,M,2059,-0.13291293943660568,0.0596364942474791,-0.08874509250830157,0.05932818059905072,0.004779327535790887,0.028085151743537488,-0.22165803194490724
4be45b4a-461b-43e3-b0a4-33effdc2248a,Dalia Garza,F,1382,-0.16763225991629316,0.07372055216201263,-0.055665961745830286,0.0748303210464595,0.16628190788302266,-0.03730099562915659,-0.22329822166212343
ef7deb1d-5f94-4563-8d32-cf5555e1a71f,Sebastian Gutierrez,M,629,-0.09396414009104215,0.07874533079790386,-0.13189881365740355,0.08104406324491684,0.15295270935597144,0.017013451016389347,-0.2258629537484457
44599572-39cc-41f6-b9c1-283a4c39649d,Nicole Kalhorn,F,664,-0.06055335760779905,0.07864177611329486,-0.1654935131938167,0.07804744971301888,-0.2104659713686305,-0.015950130715252572,-0.22604687080161573
21ed6c0a-6f07-4e74-afae-9e2218085daf,Levi Daniel,M,1653,-0.10737200575517096,0.06721190835718382,-0.1199330826654438,0.06613481969716117,-0.1163761123469793,0.03009907320183085,-0.22730508842061475
5520bc45-676e-45a7-bf34-7d91529fdd63,Billy Buchhauser,M,1363,-0.1280819136076701,0.07196861464507237,-0.09945304828517867,0.07177214550436817,-0.010314037104365667,-0.04491618960027501,-0.22753496189284877
6518ca38-f4c7-4fd8-84e1-38a7904132c2,Sharienne Ricardo,F,908,-0.1391717238460256,0.07463702090415485,-0.09066445070847809,0.07170090847851084,-0.10888600182642348,-0.018680268559878796,-0.2298361745545037
d889476e-0b2f-4acf-a873-f7aea0b92dab,Evgeniy Kim,M,2640,-0.10089487203942146,0.05167964226517062,-0.129485770190716,0.05406979399111332,-0.07055469358748948,0.07685945013946882,-0.23038064223013746
80217cca-df99-4019-a90f-385622ca057a,Zach Gonnering,M,8769,-0.11895752932522771,0.03426350216562443,-0.11530452917689739,0.034533855200967724,0.02536758993105597,-0.05472715293360159,-0.23426205850212511
28084fc7-8653-4ff0-bc3b-1bf582d03a75,Jay Evans,M,1751,-0.08642803219785831,0.07920559601933708,-0.15040539924807128,0.08078006708396279,-0.22152077626874833,-0.10313714505589891,-0.2368334314459296
4f91b214-a32b-4bce-ba22-0ec6b7021444,Deanna Pham,F,557,-0.1671217787473085,0.08152730521740795,-0.07013882901233988,0.07977957993284455,-0.035567710754158335,-0.0531397373254336,-0.23726060775964836
ec94501d-8b59-4236-b77d-7238f8925e48,Marcela Aguila Ampon,F,8605,-0.11588144077660872,0.03286260806182336,-0.12142545541712164,0.033171184037252395,0.04666203487125666,-0.020659308633529806,-0.23730689619373035
8d4ab63d-f14c-4013-a97a-3789015b9bd8,Tatiana Ruhl,F,3424,-0.1708710989675191,0.050061782307524935,-0.06687475237877308,0.05041920343029202,0.011228683094302699,-0.07835615635226686,-0.23774585134629217
4c974436-715d-41f0-9705-f25f108db163,Aleck Blair,M,740,-0.10175503801640888,0.07926412943559537,-0.1362354429963657,0.0808400119751612,0.11179162972886256,-0.12442661393366419,-0.2379904810127746
cd9ee524-11da-4099-805f-1f362f2bc468,Stevie Petropouleas,F,3205,-0.1374121126717038,0.04845256065625307,-0.10172328708819452,0.049589484631336354,-0.09549979116838894,0.021447636435354196,-0.23913539975989834
ab4e123b-f089-497a-ac5d-5b5065a1fcf9,Michael Coleman,M,1031,-0.10666796616695627,0.07543108473918149,-0.1328742109289639,0.07756136253163134,0.010494954602416322,0.004128014909663677,-0.23954217709592018
edfe3f1d-98b7-4bfb-a107-01ce62316094,Dionne Lim,F,1809,-0.12711505146958502,0.05959894786212194,-0.11255149847829576,0.05948125713596243,-0.04569389775145927,-0.08401686765291423,-0.23966654994788078
6aa6ce7a-8246-4bfd-9d8a-a67bb5f95257,Bao Duong,M,801,-0.05403094484804965,0.07553963859869738,-0.1856799140656077,0.07807512088739384,-0.08275139709619457,0.02210753456427689,-0.23971085891365734
a991a28b-3f46-4367-854e-6e5ed5132056,Matthew Nesbitt,M,690,-0.10933823402622744,0.08778713495989204,-0.1304840772858342,0.0839396694488441,-0.013166616957909803,-0.26730479452462785,-0.23982231131206164
77deb777-2c7f-42a3-9ed0-856a13d4e3cc,Hsieh Chen-An,M,1708,-0.13849249864751956,0.07448041916721232,-0.10187673807268889,0.07744238193341088,-0.11926420450399358,-0.16321456345034713,-0.24036923672020843
a63bfef8-a400-4137-bc95-0bd11ecf64db,Dylan Ciampini,F,820,-0.17680092798576447,0.0737150591786303,-0.06614639610519592,0.07629431567010855,0.10190430555655168,-0.04595184893090622,-0.24294732409096037
6e4cfa2f-6e11-4c05-9490-059d6218a579,Brett Finan,M,1320,-0.1202847404081642,0.07486334549164413,-0.12423911059209614,0.07474678504449278,-0.15363714410749316,0.060176913625415704,-0.24452385100026033
620360f7-1497-4331-9bba-6cfd07a4b59e,Kathryn Glavinovich,F,437,-0.10217388489040909,0.08210792550443163,-0.14467550302786605,0.0845491014292009,0.1396774696592462,-0.1462571272333238,-0.24684938791827515
ab53383d-abb2-4bcf-adea-398e6c6dd36a,Cleo Bond,F,1936,-0.17296341099807908,0.060892568413853605,-0.07605976681788981,0.062470306653100244,0.12243409360537096,-0.13529861780379798,-0.2490231778159689
4e39b9bd-436d-495d-99d7-c2818bbea4ab,Camila Zilveti,F,5494,-0.11386086264611134,0.03964892752916968,-0.13540065902016568,0.04145946334544786,0.02396169339550092,-0.007775993759872355,-0.24926152166627702
5883c77e-d6e0-4848-9473-866396578248,Audrey Adele Brown,F,5532,-0.12315478252183062,0.04026992787103952,-0.12801619000463796,0.04082266226283248,0.01656812207463087,-0.06014056819352494,-0.2511709725264686
68d3b279-8b2d-4055-8eb3-b28448c1f7d2,Katie Neils,F,575,-0.06708939086116182,0.07997806091363348,-0.18488541261458016,0.07961450877628014,-0.10483857279728506,-0.03696805362167602,-0.25197480347574197
1ad19b48-ae39-44aa-b2a0-5a40a6b71420,Daniel Byun,M,3117,-0.11185818296184971,0.05421901916095001,-0.14268394724013966,0.05355065400453923,-0.11835875869712773,0.013587661066856473,-0.25454213020198935
c58f8822-c9f6-4480-90f7-09ec5b810736,Mia Turcsany,F,1174,-0.1168745045285329,0.07106397795775052,-0.13777162928769804,0.07140833249508131,0.008917160694445207,-0.07924402706460523,-0.2546461338162309
98915a37-fa53-445c-8c1c-974170c606d7,Ryan Eveloff,M,2195,-0.11618357644729284,0.05544930864185825,-0.13899422389207033,0.05935418746394173,0.10659969084436055,0.06427920333270642,-0.25517780033936316
1d775d93-6cbb-4ed0-addc-244a46d15aae,Louise Kwong,F,927,-0.12065948913580848,0.0755400439303489,-0.1359800890669817,0.07768856177605898,-0.12480069726439454,0.09920458202178828,-0.25663957820279015
6f149538-c6f6-4ad5-9e60-2afc100f97c1,Spartak Rahachou,M,3251,-0.13238114929947475,0.04773417777208749,-0.12441585522349385,0.04949811242628958,0.07438431772663755,-0.0934849056174087,-0.2567970045229686
c5a54559-45bd-4816-9db0-9646a9926969,Jaxon Madsen,M,567,-0.09126407926653247,0.07872267342337497,-0.16590112806207338,0.07885363485041641,-0.01097735686338079,-0.11579505842580168,-0.25716520732860587
da1847da-b6a7-43cc-8ba1-1b6c775f29c4,Andrew Anh Pham,M,2257,-0.08084510679491337,0.06605971562052951,-0.17646025599984919,0.06543014009367726,-0.09788931136753015,0.086920248045387,-0.25730536279476257
a87b7fe9-f316-4ea7-b054-2e813c786750,Stephanie Alliev,F,524,-0.17269995329805218,0.08569573280888451,-0.0879137663907706,0.08366395453116451,-0.15394395276516523,0.020732995850419638,-0.2606137196888228
c00d1e76-0116-49f5-b0b4-9b518b9cd628,MJ Marrero,,953,-0.16613577876280797,0.07395701672845749,-0.09699898666038372,0.07195896138325213,-0.10307364910332122,0.059322829675898796,-0.2631347654231917
f932a82f-0702-44ac-9a1f-09bb5670b25c,Christian Lund,M,1306,-0.16560340009517022,0.06951715899690734,-0.09901629451607956,0.06845875288973831,-0.09510358275321786,0.06622843451756835,-0.2646196946112498
fdbc0750-8ded-4bfe-9657-4b84779dcee6,Tiffany Wang,F,714,-0.1292434767103085,0.08222872966284678,-0.1399610345666399,0.08243974986619954,0.028485199479326064,0.08953896473652925,-0.26920451127694844
5c5c1775-a31b-4f49-b822-42afe860fd24,Stephen Bass,M,1528,-0.1128735242960389,0.0635811897815555,-0.15707313323206024,0.06316259562446339,0.080514551688121,-0.07762599253056254,-0.26994665752809915
4da698bf-605d-4c6c-8566-6bfbdb6c1a24,Genie Bouchard,F,8110,-0.15819542518128973,0.03347819876095086,-0.11466517791709432,0.033422593069096986,0.008610888020396492,0.010381404504382805,-0.27286060309838406
49d53a66-df0a-4419-892e-0fe6c788391e,Wendy Weston,F,1896,-0.12366411990515386,0.0629144436400492,-0.17742700387722776,0.06575662669392106,-0.12120783662832667,0.0650105426103928,-0.3010911237823816
b08631ba-76d5-4262-8d27-5b2350646c00,Tomoko Taniguchi,F,1535,-0.12756264067884607,0.062342016234983866,-0.17952043163511047,0.06504429959888074,-0.02726346462603139,-0.019853794119836038,-0.30708307231395654
53b056f9-095a-40fa-881d-142629905f8a,Luana Stanciu,F,4720,-0.16239119532164883,0.04160674610639159,-0.1529555396083419,0.042290157562490605,0.077464517703284,-0.09728163361196791,-0.31534673492999077
24415389-0764-4512-a3e8-ddee23d96417,Evan Zoeteman,M,607,-0.09971081714912886,0.0830640317437065,-0.21757423618028002,0.08289926523608118,-0.06995401491942857,0.01860484657000896,-0.3172850533294089
22989ac3-e778-487a-ba32-a30243acd294,Christine Trifunovic,F,3617,-0.19129359640055368,0.04721886747939795,-0.13235710201199166,0.048641122518146486,-0.002655872738118264,-0.02858448120306003,-0.32365069841254535
1072c348-fd0a-4303-9dc3-be20c9736074,Jessica Jones,F,1427,-0.09370811040065012,0.07182722729541588,-0.23471512138579723,0.06881071328073574,-0.06957656825335835,-0.179004979077405,-0.32842323178644733
b3edcbe7-c081-406a-b28e-3cd34988d4dd,Simone Leonard,F,2725,-0.17214711279034264,0.05383641036517174,-0.16218386223564285,0.05329760659944547,0.06763768243491723,-0.11464589371524156,-0.3343309750259855
9c9c45e5-6fb8-4f4f-a85e-16cebb11972d,Andi Godwin,F,2005,-0.16854482251409533,0.05980606903786807,-0.1746772695288618,0.06000489066144912,-0.03327926116805941,-0.017736391930228693,-0.34322209204295717
316a0784-5829-4fad-89a1-438e5aac2504,Jazz Hearn IV,F,1382,-0.22600820504122945,0.06462802542139726,-0.11993424284126389,0.0662603642257471,0.16677258031510042,0.012997995162872276,-0.34594244788249334
84a2e8e4-b4fd-4625-8011-244c37e62b72,Jessica Mason,F,4536,-0.19677461866403262,0.04444579820428201,-0.15093044590805366,0.047770742228360474,0.11171446474063933,-0.03229622330119854,-0.3477050645720863
07456e73-2a8c-4bcc-a487-7300ea9d852f,Cody Sivan,M,1575,-0.1845201644683512,0.0693134133131859,-0.1846992206412436,0.0711504312741392,-0.010831119341268704,-0.07129634884784343,-0.36921938510959484
c62c2081-d9ce-4750-93f5-c9163bf46f74,Yaamunan Venkatesan,M,1748,-0.1902591506098937,0.05999422066003495,-0.18432854583574665,0.06177842966158708,-0.018289505430347457,-0.00958447619894957,-0.3745876964456404
2feffeaa-aca5-4c5d-aad6-62eb0d38a6be,Abigail Okelley,F,2768,-0.22940077566902647,0.05600191315454862,-0.19405151744595597,0.05284951470549051,-0.07208455927913893,-0.012551390928359036,-0.42345229311498245
