match_id,game_number,ra_pre,wa_pre,rb_pre,wb_pre,ra_post,wa_post,rb_post,wb_post
00199ec4-0f98-4909-affe-35823a3ff511,3,7,6,3,1,6,5,0,0
00209021-0a75-4d7d-9ff7-e2405889f658,1,11,6,8,3,10,5,9,3
00441970-c390-4f18-a91d-6e08d1721f92,3,5,1,9,6,6,2,10,5
004baac6-c6ff-4676-a163-9bc65ff727ff,3,9,6,4,1,6,1,14,10
004ea030-e956-413f-9545-8ad762ec0848,3,11,6,10,5,7,5,3,1
00536dcb-0a05-4c15-8c90-3a55846232c7,3,10,6,5,1,9,5,4,0
0053f5d8-31d3-494d-b096-6c8d13a5722d,3,8,2,12,6,14,6,13,5
005484c9-e189-4f77-9a61-d18d424c3f29,1,9,6,4,1,13,6,17,9
00570d46-d809-4191-a8f8-a70af6b021f2,3,7,3,10,6,9,5,8,5
00758b90-a89a-4b98-9c4e-c7f9ccba79a4,3,8,6,4,2,11,3,15,9
00782288-3c46-44b8-8c84-2de6fc0044fa,3,10,4,11,6,9,3,11,5
0084690d-91e1-40a5-862d-b9c30f918b86,1,9,4,11,6,5,1,9,5
0097f037-e9a9-4f1c-b580-41845743af77,3,4,0,9,6,5,1,9,5
009913ae-fc9f-4025-ba98-abee42aa1880,3,7,6,1,0,10,5,6,2
009a9be1-a46c-4cf6-883a-ebc640468d2b,1,16,6,16,5,9,5,7,2
00a15862-1dd5-4f78-9403-e9b60e1f1be9,3,4,0,9,6,9,5,10,5
00a57de4-08a1-4d81-8fd6-741fd49fe2d4,3,8,6,2,0,12,4,13,5
00aea8cb-0beb-4b9c-8db0-50320c005598,3,9,6,5,1,7,2,5,0
00b45b65-2af6-4b5a-9a2a-6b6f8d35da1d,3,10,6,7,3,8,5,5,1
00d558df-77e4-47fe-ad80-c0def653329c,1,9,3,12,6,12,8,8,3
00e098fc-56c5-446e-a412-ad0529e935a8,3,15,4,16,6,9,3,12,5
00f04bf0-313e-4c3f-b667-be60c87f9a20,3,12,6,9,2,9,5,6,2
00f72059-c2a9-4e34-bdab-7fae80aa683c,1,12,6,12,5,6,0,11,6
00f839b5-3523-4582-8744-af8869b5455d,3,10,5,11,6,10,4,12,5
0106c0db-dc23-4716-8528-01876688d868,3,14,6,11,3,8,5,5,1
010eb9d8-6bc2-4ad2-814d-c56ad64262c6,3,10,1,14,6,18,10,11,3
0131605e-1072-44ee-91e2-a6eff504bcbf,1,11,5,11,6,15,7,14,4
01479881-be09-411e-9571-a89dab8babb9,3,11,5,11,6,7,3,10,5
014f9127-38ba-40f1-b056-a96488ebd110,1,8,2,12,6,7,3,9,5
0152a94a-7146-41ce-b433-3a7f3d299a5d,1,6,0,11,6,8,2,11,5
019b520d-4fc5-421e-bb3d-bd34d9847124,3,18,6,16,4,6,5,0,0
01a0569e-92a0-4867-a1aa-e064eb531894,3,9,6,4,1,22,9,28,12
01a4defc-0841-4beb-9a5b-e05c3a91a7de,1,14,6,10,2,9,6,12,8
01af8320-40db-4459-b8ab-8f83917df07b,1,2,0,7,6,10,3,12,5
01bfebfc-16ad-442f-97ec-c548f052506e,1,17,5,17,6,3,1,7,5
01cee61f-bbff-41ca-a334-d47a279e4e42,1,9,6,5,1,7,5,2,0
01e13e8e-12f3-4ceb-bd10-fe95fb575cb9,3,10,6,5,1,8,5,7,3
01e2e357-9e5e-4c16-a467-a994c439a562,3,9,6,4,1,8,5,11,7
01e3c657-f231-4c5b-8b4e-1024b74dcc82,3,10,4,11,6,7,3,10,5
01f8a88b-65af-47ea-a1f3-881c59c5b149,1,6,3,9,6,9,3,11,5
01f9fe1e-c568-466e-af24-195ed8cca3b9,3,15,6,8,4,8,3,11,7
020354a4-b548-433e-b67c-f55a5de319e3,1,10,5,5,1,7,5,2,0
0208e234-b78d-4981-9739-525c2924ab90,3,12,6,8,1,10,5,8,4
021b9ee2-5c34-468e-a21e-e19800bd5310,3,5,2,8,6,11,5,11,5
02202e32-0f99-4b79-9908-d66b852d995b,1,9,6,4,1,7,5,4,2
0230ea25-73d9-4a8e-ad3d-d80405ba6b3a,3,12,3,15,6,6,2,9,5
0234785c-c106-4730-991f-f83bd9ae8c11,3,14,5,14,6,17,2,19,5
02369cd7-abed-4c35-8ed5-350151502ea4,3,9,6,7,3,9,3,13,8
02383fb7-8ecc-4716-a301-fa703b860002,3,1,0,7,6,6,2,9,5
0242c69d-1b47-4432-8c81-5ff0823e6fb6,3,12,6,8,1,10,5,9,3
024fdab0-ede0-433b-adec-eab73977efe7,3,9,6,7,3,11,5,7,1
026a369c-c947-4520-abbe-fba67e762247,3,5,0,11,6,8,4,10,5
02806a39-7731-4729-b61e-718cacb6b242,3,9,6,5,1,7,5,2,0
028b7abf-f7b8-4b17-a240-8394b2f87d22,1,10,1,15,6,2,0,6,5
02914020-aa09-421e-aaa7-16dcb52f5647,3,14,6,14,5,18,8,18,7
02c44b3d-736b-4d8b-9edf-1f6eea7ce5ab,3,12,6,9,4,9,5,6,2
02df32dd-60bd-4900-80ec-c9000e44b51e,3,17,6,12,1,9,5,6,2
02e04de4-8ef3-473d-8623-ad94e75c9c70,3,9,6,7,3,8,1,13,8
0319c490-5b32-486f-88b0-bda9415068b0,3,8,6,4,1,17,5,17,6
031abb31-355d-4e2c-ab2c-bf55540a044d,3,12,4,14,6,12,4,12,5
031d60cb-f93a-437d-88f3-06db9673b9ec,1,4,1,9,6,14,10,7,2
032c2355-62fc-4c54-80b7-e501fccf24ab,3,6,3,8,6,11,1,15,5
0337c637-a1a9-4ee1-8cac-80ea7ec745d8,3,6,3,9,6,9,3,10,5
03389d46-dd21-4160-a6be-14b457fce0f6,3,7,1,13,6,9,2,10,5
0342785a-5f5f-4164-90e5-91511417bf1e,1,11,5,12,6,16,4,16,5
03460950-6966-4bd6-950e-1608e1262f25,1,11,5,12,6,6,2,9,5
034b8c2e-38ec-40a6-b28f-f5a17428ae71,1,2,0,8,6,9,3,10,5
03560f47-1f85-4087-bf37-754a7f242239,3,18,6,17,4,8,5,2,0
0357575e-5e02-4006-b00b-c5f0285baf12,1,11,6,7,1,11,5,8,2
036e6b24-ff18-464d-bd62-d5a4aa355932,1,10,6,8,3,20,7,20,8
037e5afd-2506-49d1-ba6c-c0485686d8e7,3,10,5,11,6,7,6,2,1
03924c49-37cc-49a1-9a02-60a1bfd45fb8,1,11,6,8,2,14,5,15,7
03acfee1-050c-4477-be3c-56d53942a9e9,1,13,5,14,6,9,6,5,2
03b1cc04-f0a1-424a-b0d8-33b4b2780744,3,9,6,6,2,7,5,3,1
03b63676-5569-47a7-866f-ab9c0176b37f,1,13,6,12,5,11,4,14,7
03dd8f92-81a1-44c9-baa1-a941c394c229,3,8,1,13,6,17,8,13,5
03f4274d-3d96-414b-9ecd-e166c0676319,3,12,6,11,5,7,2,10,6
040200da-9cd3-402e-8f15-b81f3a534780,3,4,1,9,6,6,0,11,5
04189b1d-e01c-472e-b02a-6a575b263470,1,3,0,9,6,9,3,10,5
0426e5f9-73a9-4752-81e6-c113f8d4c496,1,3,1,8,6,6,2,9,5
043f8959-2507-42f5-9d77-72b25672da24,3,11,6,10,5,8,5,8,4
044b0e94-4e3f-44d1-8e6d-832ff202ad2a,3,8,6,3,0,18,5,21,9
044e04f8-548e-47a1-ae9a-1e4118ec4cf5,1,12,5,12,6,3,1,8,5
045012b8-1128-419f-989e-40fd7115c172,1,9,4,11,6,17,7,17,6
046cd2ac-cb77-47ad-8f16-a77256313330,3,6,0,11,6,2,0,7,5
047aee1f-d89d-4331-8d56-29fbb5571340,3,9,3,12,6,10,6,9,5
0483cd8d-7902-45db-9bd6-f736ea82140f,1,16,6,15,5,18,3,20,6
048c19a3-8910-4676-9277-76c78200a4ea,3,11,4,12,6,7,3,10,5
0490123f-4716-4257-b029-95c9570d4e05,3,7,6,4,2,14,5,10,2
0497e9e8-3ce2-40dc-824c-cf536a0bc60b,3,9,6,6,3,15,5,16,6
04add018-cd14-4621-9882-2b7d84b96661,1,8,3,11,6,2,0,7,5
04bb5ff2-b500-4369-baf5-06e2d2b2ea6b,1,5,1,10,6,0,0,5,5
04bc9ff0-61bb-410a-ac55-151c65a4248c,3,17,6,15,5,11,5,9,2
04be98ab-33fc-4298-be7b-5c12c2c35d57,1,9,6,6,2,21,7,23,9
04cb23e8-0def-4a4c-91a6-7f6d5ac8e8e1,1,11,3,13,6,0,0,6,5
04cba133-09b8-4b57-8627-42f6a6034a72,1,10,5,11,6,10,4,10,5
04d72738-c81b-4028-8a78-2e122be8438b,3,13,6,13,5,10,5,6,2
04da4868-ead8-4976-b7ec-b6ae9fb10976,1,9,6,4,1,11,6,13,9
04f3f71a-7fda-45f2-8810-d3bd11cb60f2,1,10,6,7,3,11,6,13,7
050f25d2-93f3-45b5-a6fc-986d6955d616,1,12,6,8,0,8,5,2,0
0522f622-aa94-4584-a570-39848d2b31e2,1,17,5,16,5,9,5,10,6
05231ae6-bd2d-4f95-8886-a1e17f13ab07,3,10,6,5,1,7,5,4,2
0529f0ae-e891-4007-86d7-bf4e94570fb5,3,19,6,19,5,7,5,4,2
053d3805-a24d-49a7-98f5-93844d1c674c,3,8,6,3,0,9,5,7,3
0542751c-0de5-4c42-aceb-637f09dd4d64,3,7,4,9,6,12,7,6,1
0542751c-0de5-4c42-aceb-637f09dd4d64,5,11,4,12,6,0,0,5,5
055f38c8-2e6c-41ab-8b93-15628de6c40e,1,8,3,10,6,3,0,10,5
05665577-26f5-4d5b-9557-4f2e33aefbbd,3,17,4,18,6,8,4,10,5
0567e880-fa47-442e-bcb6-d5f5730615c5,3,12,2,16,6,21,7,19,5
056c82b0-83f6-4050-a435-2a2958a8e6f7,3,7,2,11,6,8,2,13,5
056cc558-21bd-4471-8e81-f315e08630dc,1,12,6,11,4,9,5,13,8
057876b9-e816-497c-a756-7628a5249ec4,3,13,6,9,2,8,5,8,4
058de0bc-305f-462e-a54a-e531b781b454,1,15,6,13,4,7,5,2,0
0594e464-9e53-4560-9d87-f8f9dbc94e60,3,3,1,7,6,4,0,10,5
05a1b232-17a2-4a5c-9edf-a10b8ec7a41d,1,14,6,13,5,11,6,9,5
05ad6946-3718-45bc-bfe0-31f08017b035,1,14,6,13,4,15,5,11,1
05d44556-ab64-4591-bf94-9fcc134fa1b5,1,11,6,6,1,11,5,10,4
05db895a-e8f5-4df4-bd46-489feca3f1ff,3,7,3,10,6,11,3,12,5
05f81677-eaa4-4340-907e-47881cc796fe,3,21,6,20,5,15,5,12,2
061d1f5b-c55c-41fd-bf32-86f0e60647cc,1,8,3,11,5,4,0,10,5
062003fa-425d-468f-81d0-becb9cf1baad,1,8,2,12,6,6,2,8,5
06249d43-0d6e-4dad-aca9-b76d071b976e,3,8,6,2,0,12,5,13,5
0626f0c4-d817-4f76-b016-69eed204a3cb,3,5,1,10,6,8,4,8,5
0636071d-bdc1-4bde-8752-2f68f9896c41,3,6,2,9,6,16,9,10,2
063b9206-b1f0-4fef-affb-b63b0d1d89aa,1,15,5,15,6,3,1,7,5
063e7546-68a5-4bdd-92b3-c666526ba70f,3,10,6,6,1,13,5,9,1
0643d213-e961-42c5-a408-05b54ae84ac5,3,12,6,8,3,5,5,0,0
0644ecff-525e-4618-a6f4-e88d3311ffae,3,9,4,11,6,14,7,10,3
067498bc-037c-430c-94ca-254e8eacd38c,1,8,4,10,6,4,0,9,5
067c864e-5d4f-4d75-8df4-594da25dbb62,3,11,6,10,4,9,5,9,1
067dd297-2495-44fb-bc6d-7bbaa22cfe9e,3,12,6,11,4,12,6,12,6
067e26d4-bf8a-4e6f-8d61-353e64d87ded,3,12,6,9,2,13,5,15,7
06814bb0-96bb-491c-929c-bfaccf511490,1,2,0,9,6,1,0,8,5
0688693d-ed8f-41ba-abf0-26b471d663c1,1,12,6,12,5,9,5,8,3
0690d32c-c812-47da-ba28-90451389e829,1,14,6,14,5,11,5,9,3
0698c5c9-5b1a-4d58-a3ce-d074e42fb10a,1,13,6,9,2,13,5,13,5
06a51ef2-de64-40eb-99b9-71ba5549711a,3,11,6,9,4,11,5,10,4
06a74cf3-62fc-4f12-a64b-793d6192275b,1,4,0,10,6,10,4,11,5
06abd524-3efd-4fbb-acd0-886cf984b26f,3,8,2,11,6,6,2,10,5
06b231b1-986c-4edc-a66b-e196a7b43829,3,16,5,16,6,11,3,15,5
06d33475-4035-486d-869d-0fa8dcb82a8c,3,8,6,4,1,10,5,6,2
06e8502d-e67c-411e-94e0-3147a9f22433,3,6,2,12,6,7,5,9,5
070408a3-e878-4f66-b332-5f17bf05530c,1,17,6,15,3,15,5,14,4
0707ccfb-1a24-44b8-b5d0-2d066c48972f,3,14,5,14,6,8,4,9,5
073434e2-444d-439d-9a64-98b91ad1ca6a,3,2,1,6,6,18,10,16,7
073f3aae-61f7-4852-8a1b-693dc0b58c5a,3,10,6,7,3,16,5,17,6
07472d2c-70ea-4ddf-a0e2-1e987c0e0335,3,1,0,7,6,14,2,17,5
076052bb-9ab0-481b-aec1-a384822ae09b,1,16,6,14,3,6,5,0,0
076970de-bb2f-4793-b9c4-9017bc7011e8,1,9,4,11,6,3,1,6,5
076bae03-3a61-45e5-952e-f05c9ae402e3,1,11,5,12,6,7,3,9,5
0770958e-d5aa-4cd5-9630-2c352b3c993b,3,11,6,11,5,9,5,5,1
07808206-46e6-4b71-8482-cab98b40fbd6,1,10,5,9,5,13,4,16,7
0783f3b5-b117-4961-8ced-3542ec95ef5b,1,12,6,5,0,22,16,5,0
07897a60-6c24-440e-9301-6ca524461c0c,1,8,6,5,2,9,5,6,2
07a1c5ec-03d2-4d25-9871-d33158037ffc,3,13,3,16,6,16,8,12,3
07aff9f5-6021-477a-b8e0-4ec161b21a83,3,11,2,15,6,5,1,9,5
07b0ac8d-754d-4aa3-a489-4ea9c6b98a0a,3,14,6,10,2,9,5,5,1
07be8a20-54be-4d4b-a16a-3b5932fe35da,3,7,4,9,6,13,5,13,5
07ca7652-a67e-4ba6-a9e4-f42bb8911cd4,3,11,6,9,4,12,3,16,7
07d0744e-4491-48c3-ac88-6a62cd5d367b,3,10,6,8,4,10,3,13,7
07d790e2-5414-466c-bee9-220d14537781,1,6,2,10,6,0,0,5,5
07e9d556-9d1b-473f-8445-1d92072ab439,3,13,5,14,6,12,7,9,4
07ee54f6-f574-40dd-9fc4-09f542bc555b,3,9,3,12,6,11,5,10,5
07f2916f-689d-4d10-a280-8fd2e0c5a148,3,11,4,12,6,12,4,15,5
0808baa6-b8db-4d0f-a91a-742b8bdd4d80,3,10,6,4,0,11,5,16,9
080b52b5-4ce8-48b7-8a4d-b7f33d4f2050,1,8,5,3,1,11,5,7,1
08142c0e-a491-4dcc-ba66-43ae7bcf7528,3,10,3,13,6,19,8,14,3
0819975f-d99e-4608-b106-0bccc5a26c91,3,10,6,7,3,11,5,7,1
081ad138-72b6-4f5c-bb9c-006ebae899fb,3,11,6,9,3,10,5,4,0
081c63f4-3c73-4d76-9e29-7b786173530e,3,5,1,10,6,5,3,7,5
082ec466-3047-424c-8fae-326dc312ec66,3,5,1,10,6,4,2,6,5
08309e12-852c-4193-9a88-e1b62d9debd3,3,15,6,14,5,14,5,11,3
0832c9a9-8f7e-44ac-9a49-98d3a6d78044,3,14,3,16,6,17,4,18,3
083723d2-51b8-4471-b8d2-27216462b2c8,3,11,6,9,3,10,5,7,1
08412751-f945-4295-bb94-7c18a2d38e3e,1,11,6,11,5,5,3,7,6
088e29cb-c8c7-4219-bc5e-ede29c436bf9,3,9,6,5,2,9,5,7,3
08a11121-270f-4b3e-9a1e-aea5fd2254a5,1,8,6,3,0,9,5,5,1
08ab5ece-d7c9-4804-8258-298225e391c9,1,9,6,8,4,6,5,0,0
08c37bb4-e51e-4ba5-903c-03a596fc3b50,3,8,2,12,6,4,0,8,5
08cdf218-153f-4be3-b637-5d0bd14c055a,1,8,6,3,1,6,5,3,1
08d5e269-96d8-48cd-b6d5-77e085a52fd6,1,11,6,9,3,12,4,16,9
08f4bacc-b25e-4aa2-9b85-a0e4c70fbd53,3,7,3,10,6,17,7,16,6
0903c3e5-e7f8-4be6-82b0-a643ace2d99d,3,8,2,11,6,7,1,11,5
09188a0e-8ed2-48e2-8757-b1c5fe49e2d5,3,15,3,17,6,0,0,6,5
0919c105-4a08-4101-9faf-87115c94a57e,3,11,6,7,1,7,5,3,1
091afd26-eac1-447a-8c8c-14f2d757d12d,3,12,6,9,1,10,5,7,3
0920de31-7cb1-4f13-a126-c7b33e3d683a,3,3,1,7,6,11,5,12,5
09367dd8-5129-4021-9592-8311edb4426a,1,13,4,15,6,10,4,10,5
0944669e-9680-425f-9b67-3ed89fe76d14,1,16,6,12,3,4,1,11,8
094c0258-be47-403d-9d64-cdae4a6ede1a,3,12,6,7,3,8,5,1,0
0952ced7-cee1-4e11-ac8d-ce1cb5ef6583,3,18,6,17,5,9,5,4,2
096356ab-04ea-47fe-bf7a-4d44743284bb,1,11,4,13,6,8,2,11,5
0963df06-cb28-47b6-9065-0db136cc8761,3,13,6,9,2,10,5,9,3
096f624f-b053-409b-9ed6-a6d49e9da678,1,10,6,7,3,7,5,2,0
097950b6-7be2-4429-a839-b713f1837a2a,3,11,6,5,0,8,5,4,0
0984a306-7f86-4fe6-b3f4-cef7f2d36454,1,3,2,7,6,9,3,11,5
0984b06c-e3b2-44f1-ac0e-47da3da28641,1,10,6,8,4,6,5,6,4
09974071-2327-4a11-9f0f-c8114c884a32,1,10,6,6,2,7,5,5,3
099adbb4-0b64-4b81-bf06-9e7df0e05683,1,16,6,14,4,8,5,2,0
099eaacd-374c-4073-8038-6b74e973bf8e,3,9,5,10,6,10,7,7,4
09a6ab24-42c8-4bdc-8ae6-e35a205eaffe,1,9,2,14,6,12,4,14,5
09bd6748-0571-4c5b-9ce5-94c4ab1230c7,3,16,4,17,6,17,7,18,7
09d0f20a-d6ec-4b63-934d-61d6822b80e0,3,14,6,10,2,22,3,29,9
09d76022-58fc-448b-9c67-1a5775439fc8,1,10,6,3,1,16,6,14,9
09db996d-ff92-4393-b5b5-91ce9859079d,3,12,6,12,5,7,5,2,0
09e6a705-cf10-4b05-a44f-9c0a5e7b5482,3,9,6,6,2,10,5,6,2
09ede63a-ae95-493c-9d38-c778904c2113,3,9,6,4,1,13,4,20,11
0a0f614f-9ffe-439b-a60a-48c30c5adf9d,1,10,6,5,2,9,5,5,1
0a1047fb-93b5-405c-a35b-f53f075876c3,3,11,2,14,6,17,9,12,2
0a1a0229-a494-4cb3-b258-89219d6b9b91,3,9,6,4,1,17,5,15,3
0a3f87c7-e459-4a7f-b95a-3aa919efb75d,1,7,2,11,6,17,5,17,5
0a52c598-12a8-4a6a-818d-c83429c2d92e,3,17,5,17,6,15,6,13,2
0a59f30f-a432-4539-9b73-2262a2a063f6,3,8,3,11,6,0,0,5,5
0a651c48-bf62-4911-b876-4b5114902ac9,1,16,6,13,5,12,6,11,5
0a732c73-69ca-46a2-aeaf-8649cbf87435,3,10,6,6,2,8,5,8,4
0a75e1e3-a8df-4b76-a3a9-d7c7e06995c4,3,8,6,3,1,16,5,17,5
0a8bce05-de7c-43f6-a781-30a451d017a4,3,16,6,15,5,5,1,8,6
0a8d924e-7a5d-4aa1-a980-95bfb27ab9df,1,10,3,13,6,8,2,11,5
0a92a517-f613-4a73-be4a-0a334351528d,3,7,3,10,6,12,8,6,1
0a99a966-a37c-417c-9f2d-55413afb44e4,1,12,4,14,6,12,6,12,6
0a9a38a3-330f-473d-9e66-191494ebe1ab,3,10,6,6,1,8,5,2,0
0a9ed9a6-2342-4f52-9dfd-f1d084c504f3,3,6,6,0,0,12,5,13,5
0a9fa3d9-e751-4213-a377-ab97faa737a0,1,11,5,11,6,3,1,8,5
0aaa0414-9cb6-4d10-ae91-1dd29a9a0e00,3,20,4,21,6,9,7,4,1
0aaf2169-d044-44ab-b6d5-aa758b019759,3,10,2,14,6,4,2,7,5
0ad1c1ef-e420-480c-87b8-758fba041503,3,11,6,5,1,11,5,8,2
0ad5d497-526e-48b9-9532-4df0b89fc212,1,4,1,8,6,20,10,15,3
0add753f-d0f7-494a-bf58-b26cb207cdfe,3,7,6,3,1,7,5,2,0
0addac59-7edf-4784-a83a-304f67c07b00,1,11,6,7,1,9,5,6,2
0af117f0-4ef3-4ac7-9447-a38c488ed80a,3,10,5,11,6,11,3,13,5
0af3dbdd-7700-4352-b92b-800c4fd3cf7a,3,16,6,15,4,0,0,0,0
0b0d8845-23a4-4fe5-9096-bb569c3ec547,3,2,1,3,1,0,0,0,0
0b2a1f54-3200-478b-bf58-ed266d20b033,3,14,6,13,5,14,5,12,2
0b46e419-89be-4ca1-aa1d-4ffd5d29d68a,3,8,3,10,6,19,8,15,3
0b4a39f8-3a06-4b3f-a147-c992c91daacf,3,8,6,3,1,13,5,15,7
0b543ca6-1ff7-40e3-b0e7-ae8d3b46587c,1,8,6,3,0,9,5,5,1
0b6479a5-ae74-4b31-9d59-d76554bf066d,3,10,2,12,6,5,1,10,5
0b6af93a-b975-4015-bb2f-62a891496977,3,17,6,12,3,17,5,18,6
0b74a56a-14d9-4af1-ad74-5bc44ff98de2,1,13,6,9,1,11,5,16,12
0b760f45-d7cc-4be9-9cc4-4069a0a8f1eb,1,17,6,17,5,14,7,13,7
0b84b0af-3782-4f83-bd03-37cc76bd896d,1,13,4,14,6,12,3,13,5
0b87b168-e4cf-4a8d-b66a-d07472a3c29a,3,8,6,4,1,10,5,5,1
0b8afec6-325c-4df4-a9cf-19e7ea6f065f,1,14,6,10,2,10,5,10,4
0ba28a3a-3c5d-49ac-9719-4b3085b98ca6,3,16,6,15,5,2,1,6,6
0bd3e7df-ec7b-4930-a40c-2b4efcb37a7b,3,10,3,12,6,2,0,8,5
0befd1e6-a7ea-473d-ab79-e28f80dd8df0,1,7,6,8,5,13,5,7,1
0bfb205c-47be-4109-8641-844c9c21ed81,3,9,2,13,6,14,8,12,6
0c053d29-f3bc-46af-a775-2b1c0b29d3fe,1,6,3,8,6,14,8,8,0
0c1b72e5-2ea9-40e8-ad3f-cb484e4ca5bf,1,7,4,8,6,15,7,11,3
0c1d3df8-1913-4c64-983d-3d0607e7c19a,3,15,6,15,5,11,4,14,7
0c215fe1-fe5d-43c0-8e22-aaa238ff296c,3,3,1,8,6,5,3,6,5
0c23bfa7-ecdd-4ef0-8a31-70585967206a,1,11,6,7,1,22,5,24,7
0c2615e6-7d02-420e-9140-d8a051985c11,3,8,3,11,6,8,2,10,5
0c358cd4-28b1-4adc-a771-e06be0511c39,3,11,6,10,4,12,4,15,8
0c41d31d-33dc-40e3-9c48-48dd784a6728,1,11,1,16,6,17,9,14,6
0c5ebd5d-ac01-4931-a806-f52cc5f51b87,3,10,6,9,3,14,5,13,4
0ca25f29-5bad-481e-8cf1-49b4bec6cfd5,1,1,0,8,6,0,0,5,5
0cb811bc-4f87-4d24-9cbc-040133902a35,3,16,6,12,2,8,5,8,4
0cbeb606-5ac6-4168-97b9-eb541cbeedb7,3,12,6,10,4,7,5,3,1
0cd3dafa-16bc-48d4-ba3d-77102d80faf7,3,8,4,9,6,7,3,9,5
0d01aaaf-99f1-4bf6-84df-c0aee04eaa2f,3,10,6,6,1,12,5,8,2
0d07f4a5-67a5-4a59-affc-b257ab68b916,1,9,5,10,6,7,3,8,5
0d123984-7290-417d-b11f-660edc39cc43,3,7,5,8,6,2,0,6,5
0d254f38-d21a-4771-954c-6dd571cee3cb,1,11,5,7,2,16,5,19,7
0d278a44-3bcb-482e-9599-522d3d91e0aa,1,7,5,8,6,8,2,10,5
0d2cb1d7-66a2-4d17-969e-afa536105d19,3,7,3,10,6,20,9,15,4
0d49c96c-0de3-43bd-b221-d59cb7a00caa,3,9,4,11,6,10,7,4,0
0d516f23-ab55-44de-b59f-80e6a3e473d5,3,10,6,7,3,11,5,9,3
0d535426-6039-4257-9490-22469b601c85,3,15,6,15,5,9,5,5,1
0d5988fa-0fd1-4b82-bfa8-141f7b2a517f,1,7,0,12,6,11,5,11,5
0d65ae55-4361-413c-b738-b1642717d714,3,7,4,9,6,8,2,12,5
0d74cd06-cd70-49a5-a73e-74d7d5136c02,3,10,6,8,4,12,6,12,6
0d7568a9-47a6-4690-991a-99c58211e6f3,3,2,0,8,6,7,5,6,5
0d7663bc-270c-445e-a27e-a94109b8793f,1,2,0,7,5,8,0,19,10
0d88406e-2aa5-4256-b85b-59cbd0628428,3,12,6,8,2,8,5,2,0
0d910113-4b9f-40ad-8af4-0f505eaf52d8,3,8,6,3,1,12,5,16,8
0d910ee6-e392-4843-a7d0-24900b47bc29,1,14,5,14,6,12,6,8,0
0d98446a-5ad0-4701-8920-79ac7131d949,1,12,6,11,4,13,3,16,7
0dc82701-ec4e-4617-beea-d811f4c3e2da,3,12,5,12,6,15,6,12,2
0dc914a5-11ec-4dbc-a386-29785b00fb14,3,8,3,9,6,19,9,16,4
0dca14c8-7bf3-4889-b6e2-d36392d7e14d,3,10,6,5,1,20,6,23,9
0dcaf17a-bf7f-432d-9bd6-51d5ddd91fae,3,9,3,12,6,17,9,13,4
0dccca02-a31a-4028-9e39-6edc886b8dc8,1,7,1,11,6,8,4,11,5
0ddb9d29-340b-432d-89b9-7e0563f98ec6,3,8,6,2,0,7,5,2,0
0df3846c-1ee4-4149-993d-71eac86b51a2,3,8,5,9,6,10,7,7,4
0dff690d-f2bf-413a-a430-d1a8fd838286,3,13,6,13,5,12,5,8,2
0e1ad22c-bb10-46b7-8fc7-4abd424fed67,1,4,1,9,6,13,7,11,5
0e236618-7547-4e31-846e-2e6f08713d68,3,8,6,3,0,7,5,2,0
0e3d23c3-2731-4737-a513-a63cd10b477b,3,18,6,16,4,11,5,11,5
0e44b552-b5f1-4e0b-9cc9-b5c574be7ff9,1,14,6,9,1,9,5,5,1
0e49ff45-6ec5-4a8b-9b91-c4a07710f441,3,1,0,7,6,8,0,12,5
0e572a6c-c1bd-4b26-a658-94f4ceb110b5,3,13,6,11,4,11,4,15,8
0e5f81f0-bac2-4403-8d81-b5b8a56941c0,1,19,6,17,4,10,3,13,7
0e6230a5-7b91-4526-ac4e-294943c59b81,1,12,4,13,6,14,6,14,6
0e63de73-9aaf-4ab5-9ded-49318a847a8e,3,8,6,4,2,13,5,15,7
0e6a0b0f-891d-4a0d-be6d-b2e22edb850f,3,17,5,18,6,10,4,11,5
0e7c68ab-cca9-4bf5-a35f-eb5589f374aa,3,14,6,13,4,6,5,0,0
0e7e386f-4f57-4100-8952-553f5a88e440,3,7,6,3,1,10,5,5,1
0e8b6e87-f17e-46da-8a9e-b57eb5b061ca,1,8,4,10,6,2,0,7,5
0e8efc35-6b76-45fd-b180-7b4432b95f60,1,9,0,14,6,2,0,8,5
0ecb7624-598a-41bc-b2fc-5aa961f72556,1,11,6,5,2,11,5,6,3
0edfc183-c1a7-433e-aae4-365ff9ec2ddf,3,10,6,4,0,18,6,22,10
0ee7c8e1-4d4a-4453-9434-47be299c5c53,3,8,6,4,2,15,5,17,7
0efed1ef-1f68-4732-9841-1b5bc178d705,3,12,5,14,6,9,6,5,2
0f056e37-1e2c-43a8-ba2e-b666c5c4c358,3,10,6,6,1,10,5,7,3
0f3b7a07-7230-4c5d-be1a-3deb78978d82,1,11,6,6,0,7,5,3,1
0f3df63a-cee1-432a-a8cc-b2d6e179ad83,3,16,6,13,3,10,5,11,5
0f450d8e-04e6-455a-b8e4-dcbda36f0678,3,9,6,5,2,8,5,5,1
0f58c37e-5f9e-4815-883c-e55789633fea,1,16,5,16,6,8,2,12,5
0f5ff1c8-d533-4dd6-a2bc-1c426e6231b0,1,7,6,2,0,6,5,0,0
0f634538-8235-4a00-95f5-45d807fe4930,3,12,6,8,2,8,5,7,3
0f6c3cbe-32c8-4d81-8d7b-487533725124,3,3,1,7,6,18,7,16,5
0f6e8f10-36de-4314-a4e0-ca6d17d5919b,1,14,6,13,4,10,5,9,3
0f70a4ce-c6aa-4479-8aaf-d8e7f951836a,1,8,1,14,6,15,9,11,6
0f70bd0f-2f0a-4065-b73c-78b49eb07b9a,3,15,6,14,5,9,2,12,6
0f776561-a565-4c17-b8d7-7e143a641e5e,3,9,6,3,0,7,5,2,0
0f7885b4-d229-4256-8a23-4497388aca6f,3,5,1,9,6,8,0,14,5
0f8182f4-621d-4570-8e02-232550b4377e,3,8,6,5,2,14,2,19,9
0f8547c9-dea4-4806-b73d-3cdaa64bde4d,1,7,1,12,6,5,1,8,5
0f8afac3-0312-4c9c-a42d-38f47989af45,3,4,1,8,6,15,4,16,5
0fb969e4-1eff-4ab0-8ec8-e63cb3c8e4ab,3,9,6,5,1,11,5,10,4
0fc21360-2399-462b-81e6-a1442c842a43,1,6,2,10,6,9,3,12,5
0fc7504b-6e4b-4b86-992b-317b77ce4211,3,12,6,8,5,10,5,7,3
0fcdac22-f23f-4147-9c4b-c6a0f9ed123a,3,7,6,2,1,5,2,12,10
0fda203b-7b4b-46ba-b8fc-87037603352c,3,4,3,7,6,14,6,12,5
0fe1105a-e3bc-400b-af88-ebcadf560d80,1,9,6,8,4,12,2,16,7
0fe70616-f572-4cbd-85b8-4f031c861d60,3,12,6,7,1,14,5,10,2
0fecafe5-e58a-4c48-b6c2-32d99686e713,3,11,6,9,3,4,2,9,8
0fecdb3b-01c1-442b-820e-c1275cf1d578,3,8,3,11,6,8,2,10,5
0fefd3c6-b603-4fe4-9d69-cdb683829257,3,6,2,9,6,7,3,10,5
0ff4b0aa-3e78-49ec-a6fa-d87088de6c0c,1,9,2,13,6,9,3,11,5
0fff12cf-1a0e-46df-bc36-7be7fbb77794,3,10,3,13,6,5,1,8,5
1008a5bf-edbf-44f5-9c17-29b3ebc6148a,3,8,6,3,1,10,5,9,3
100be96f-06ef-4ba0-b887-ec1172009d19,1,11,5,11,6,3,1,8,5
100f2f27-f529-42db-9ba2-0b235584627e,3,5,3,8,6,20,9,15,4
1013f134-b3f7-4dcc-8156-dcca30acb3c2,1,6,6,0,0,13,5,8,0
1015df76-e739-43fa-8b33-079b182e8336,3,10,6,7,3,7,5,2,0
10291182-caca-4be8-baff-793875e8c81f,1,4,1,8,6,18,11,13,3
102a5752-3f2b-4dab-bc65-8bc0db7a5303,1,7,6,2,0,11,5,8,2
103399d9-9ed4-4462-a675-8b604bfbdcd9,1,11,6,7,2,10,5,10,4
103faabb-d3b1-41a7-8192-92df7d8f469d,1,9,2,12,6,12,4,13,5
10439459-8ca1-4517-9edf-b68dde43845a,1,15,6,14,5,5,4,0,0
104acf7a-2697-4cca-badb-84d6234fe331,1,7,3,9,6,16,6,15,5
104d5c5a-add9-46da-87ef-e8646406a7d7,3,11,6,9,3,8,5,2,0
10674754-79d8-47f4-bfee-2442e6c26b2f,1,13,6,11,3,16,5,13,3
106b2606-894d-4770-aa87-a3daf6c25d59,3,13,6,12,4,6,5,0,0
107109cf-f940-4705-b508-9930d5af96de,1,14,4,15,6,4,2,7,5
107a237a-8327-4a87-ab50-d0bd717f1b43,3,11,6,10,4,6,5,0,0
10889c9e-3dc2-41eb-ab1c-eba5de72485e,3,16,6,11,3,9,5,7,3
108c18de-616b-4d62-9ad7-565b92ec367c,1,8,6,3,1,7,5,9,4
109359a2-8c52-498f-b10c-068b425110bf,3,12,6,8,2,8,5,9,5
109ccb3e-3503-453e-b7a3-478c4b72630e,3,13,6,10,2,8,5,2,0
109fe282-81b0-4733-8c2e-c61cd993fa27,3,11,6,6,1,6,5,3,1
10b946df-cf8e-441b-9556-fea21dbbf8a5,3,13,6,10,2,12,5,9,3
10c4ec81-62bc-4299-8062-a6fe824fec6a,3,9,5,4,0,6,5,3,1
10c67516-72f9-4917-a026-f3bf123ce3d1,1,11,6,7,2,8,5,5,1
10ce6f41-b6a8-431c-9def-2f33ed63e14d,1,8,6,4,1,9,5,7,3
10d7c547-b69a-42fe-909b-22759294f27e,3,6,6,0,0,8,3,4,0
10ec4539-1b31-4d2c-8303-8fa7458154cb,1,21,6,19,5,12,5,15,8
1104176c-d862-4ad6-be18-e393f5d682d2,1,6,5,2,0,19,9,9,0
1109530e-bf0a-4c0d-8a10-6ba753791290,1,6,0,12,6,14,4,15,5
11098c5a-4fe9-4a8f-b406-623cf8d5d412,3,12,6,11,4,11,5,8,2
111da0c6-c19f-4e0a-80ec-6ecc7cd30d44,3,5,1,9,6,11,2,14,5
1124a5e6-cf87-4153-9863-b4dbbc924c2b,1,8,3,10,6,18,6,18,5
112f52e0-08e2-45f2-bf6c-cce72e32ad1b,3,12,6,8,1,8,5,2,0
11321ca5-d2e9-4393-a5c1-21721fe0d61a,3,7,6,2,0,7,1,16,11
1158c82b-90bd-49f6-be8a-e008c37d0ca7,3,13,2,14,6,6,4,7,5
115d0be3-c03f-4eef-a09a-5a2cbb469e2c,1,8,6,2,0,5,2,14,11
1166f34e-fca7-4930-a1bb-83e00d195180,1,11,6,6,1,15,5,12,4
1184fb22-de2d-4ff5-8d7f-bf6eff8dc9a3,1,6,2,8,5,3,1,8,5
118dcab0-92f1-4f9f-91ca-8817425a3dc7,3,13,5,13,6,19,7,19,4
118ebc09-cc14-471c-b392-6ca463f1f13e,1,11,6,11,5,7,5,2,0
119547b8-3bfe-4760-80e5-bf15be240d4a,1,8,6,4,1,9,5,5,1
11a2d7e0-1ae2-4e70-b896-745226d879fc,3,11,6,11,5,9,2,11,5
11a3025f-c629-4f95-8eaf-df9895ef85c2,3,12,6,8,2,11,5,8,2
11a81fcf-d4b1-4261-97d0-be85c77d288e,3,4,0,9,6,1,1,0,0
11af528a-1299-450c-864d-5a502ae3aa09,1,7,3,9,6,9,3,12,5
11bd728a-5ccb-4db8-835e-c178130cb13e,3,14,6,14,5,8,5,2,0
11c35724-d1be-40c5-b8b8-7b67ab55fc2e,3,16,6,11,1,15,5,17,7
11e0c8dd-9eb0-4e31-b2c6-b86544ebf3f5,3,3,0,8,6,20,11,11,1
11ec883c-c0ea-4bc6-88ea-f73b97fd8426,3,8,4,7,6,16,7,13,3
11f6fbe0-3216-4c1b-b9bc-99e799821b82,3,9,6,11,5,7,5,6,2
11ffe528-a3d9-4074-a785-8fe3db599367,1,8,3,10,6,18,8,13,3
12147c38-280c-4f10-be67-b781a5e50e63,3,9,6,7,3,8,5,2,0
121721a5-8ef1-42c1-a385-1852ce34142c,3,7,2,10,6,16,6,17,5
121ea9de-8a2b-4ef1-919a-cac0ff556629,1,13,6,13,5,6,5,0,0
1227dbfa-7b3d-41d8-a082-2403f1c7f0f2,3,12,6,10,4,13,4,16,8
123a2971-4c22-4f6e-877d-46f5b75a73a7,1,9,6,4,0,11,5,10,4
1244ba3d-3530-4c46-bacf-36330076e09d,3,10,6,6,2,11,5,9,3
124bce72-5823-4f9d-97f7-41c79da08e25,1,12,6,8,2,7,5,4,2
125043e4-ecf8-4c3a-b4b4-0b2b6dd4abfb,1,15,6,13,3,10,5,8,4
12580d36-1c8b-4ea1-96ff-5d532c240072,3,9,6,5,3,7,5,5,3
125ef92e-f7da-4070-a434-6c3f018d985f,1,11,4,13,6,10,7,5,2
12600f9f-b4f4-4307-aafc-b6d26aea524c,1,13,6,12,5,6,5,2,0
126a0bb9-9843-4eec-9bf6-699bba90f8b9,3,8,6,3,1,6,5,5,3
126f39d6-02c6-4afe-812c-73679383d52b,1,11,6,9,3,5,5,0,0
126fc499-e51b-47fd-8963-f94dea07118f,1,20,6,18,5,16,5,15,2
12763e2e-d054-4604-99a8-e34e83444984,3,6,2,8,6,9,1,9,5
12964919-814c-449b-98ba-5081a8c9022b,3,13,6,10,3,7,5,2,0
129e5848-39b1-4c54-8e6d-8fd2af459102,3,11,4,13,6,7,3,9,5
129e9096-675b-4c6e-86c9-2a11606e7177,3,8,6,2,0,9,5,6,2
12ada0e2-032d-44e4-b91f-1d7f6ae0f689,1,13,6,11,3,7,5,4,2
12b03060-ccd5-4462-bf1a-f99c34a0d5a0,1,2,0,8,6,10,4,10,5
12c0d296-251c-415a-b370-be58c6f61bd0,3,12,6,12,5,17,8,15,7
12c1b77e-a34c-43fe-b926-a871f40d09b8,3,10,6,5,1,10,5,9,3
12cf6c6c-9bd6-44aa-a46c-fed944b89739,1,12,6,8,2,12,5,14,6
12fb4b93-8254-4906-ac31-6da721c68a75,3,11,6,9,4,13,5,14,5
132c6a2f-0c5c-4800-a84c-5b4d53524b51,1,6,2,9,6,10,4,11,5
134980e4-52ee-4b67-a4e1-23b776b958f6,1,8,6,3,0,14,5,12,4
135a7365-cdc5-424f-a12b-9faf5d95ad5e,1,14,6,13,4,10,5,7,3
1362579a-f984-4e34-b979-d7470a609c11,3,2,0,8,6,9,3,10,4
1395964c-ad8e-4a79-b084-73ddcd3dc622,1,11,2,15,6,23,9,16,3
13ab51b3-7b1d-4b9a-bf77-a18725e5d9b9,3,12,5,12,6,12,6,7,1
13af0ff6-2c78-4965-85b8-ded20dde3a19,1,12,6,9,4,7,5,4,2
13bb95bc-073c-4baa-8941-d3bf325f45e7,1,11,6,9,4,9,5,7,3
13c99443-065a-4275-ba4e-da78157e7e1b,3,11,6,7,2,12,5,7,1
13d1a2af-51c6-49cf-b86a-af8077189ae2,1,1,0,7,6,12,6,11,5
13d3a9b1-73c5-4fa1-8455-4c112e27dbf2,1,9,6,8,4,8,5,6,4
13de617d-fda0-4008-ac23-4d9a9127df2c,1,16,5,17,6,9,6,3,0
13de6c47-b9cd-4207-98ae-794690c2449f,3,9,6,5,2,8,5,5,1
13eae7a9-9946-4e68-8ebb-284ee138b8fa,3,15,6,12,4,11,5,5,1
13fb417c-48f4-4c11-8856-ca288460fdc6,3,11,6,5,0,15,5,16,6
13fde88f-7cc5-4a1a-845f-bdd504535192,1,9,6,5,1,11,0,18,10
1425ab57-200a-4de8-b727-d168b4014703,3,13,6,12,4,17,4,18,5
1445a07e-f02d-491b-9a46-0dbf183ad0ee,3,10,6,6,1,8,5,2,0
1447ced0-4d46-4ad2-9eee-129f454651ae,1,16,5,17,6,22,10,21,7
144fc9e0-fc0c-4ede-ade8-ab67cbcf4f39,1,8,6,2,0,10,5,7,1
14591d25-ab57-44d9-8946-c5b93ede537a,3,10,3,13,6,5,1,9,5
145e7530-3860-425f-ac72-57ab75672d2c,1,4,1,8,6,8,2,10,5
14608f32-10bd-4876-8b53-ff957da1cd9c,1,9,4,11,6,5,1,9,5
14609877-eb82-4ffb-941c-edda6c2c1619,1,2,0,6,5,2,0,18,14
146ba071-6aed-406f-b1bd-7cbd0eb50e79,1,12,4,14,6,8,4,9,5
1482b93c-6938-4ce3-a6e3-d9718854271e,3,15,5,16,6,14,6,11,2
14834d25-7367-45ef-8e0e-816cf60a2d57,3,7,6,3,1,8,5,3,1
14a5d9da-8109-4d47-ad27-2efe4d871c0a,1,19,6,18,4,8,2,12,7
14a96fcc-093c-4848-8412-90e43fb7b3f1,3,8,5,9,6,4,0,9,5
14aa4aa2-fd77-48a8-bc59-5a8d1853493e,3,20,6,19,5,3,0,8,6
14ad9b19-684c-4eef-96e9-5fc6f714692d,1,4,3,1,0,7,2,13,8
14b9f043-9701-4d1a-b341-8d13a5e96a66,3,9,6,8,4,12,6,12,6
14bd129c-a051-4193-a408-adef714b3de5,1,6,2,10,6,0,0,5,5
14f443af-e99c-455d-9724-ed7d187391e0,1,9,1,14,6,4,0,10,4
14faa8c7-1400-4b24-9c01-89c5e496c879,3,10,6,2,0,16,5,7,3
14fd3700-9a65-4203-abfa-a39b1794c598,3,12,6,10,4,9,5,9,5
15048df1-48ee-42ed-99dd-2934bda9df9a,3,9,6,4,1,9,5,7,3
150f3dd4-d954-4d28-a764-a32c5fb5a8c0,3,5,3,7,6,0,0,6,5
151474a4-8aff-41ad-a7fc-f0633416db8d,3,6,2,9,6,6,1,10,5
151f837d-9498-4e61-b674-278b11a42eb3,1,11,6,7,2,6,5,2,0
152745a5-1f76-4e48-a974-064061818a95,3,11,6,8,3,7,5,7,5
15486adb-27c9-4ee3-965d-34631601038e,3,11,6,8,3,9,5,7,3
155064fd-aaf4-475f-a4e4-513fc178f85d,1,12,4,13,6,0,0,7,5
1552f9a1-1926-48aa-884b-380f7bb36ab2,1,13,5,14,6,11,5,11,6
155aa62f-06ad-4fa1-b120-afe75cb53305,3,11,6,9,3,11,5,8,2
157ffba1-02ea-4fa1-9ffb-7b7ec3e2bf54,3,12,6,10,4,10,5,9,3
15844c9f-1c39-4e53-bbb9-d9f53225add5,1,8,6,7,4,16,5,15,3
1586951a-4e9e-402c-a943-d82a24608a1b,3,13,6,15,5,7,5,2,0
159e6021-7f9f-4a80-8f13-884a8b1ef38d,1,16,6,16,5,17,5,18,8
15a51707-21cc-4ebb-abe2-8b8ddca53112,1,11,6,6,0,6,5,0,0
15b6094c-ca94-4205-a3ba-4098770948a4,3,15,6,13,3,8,5,5,1
15c7848d-a75d-44a8-b32a-1eff021602b1,1,5,0,10,6,4,0,10,5
15da7d9e-9357-4ff3-87ea-f6726e8df095,1,9,6,5,2,9,2,15,9
15fe2c33-0da9-476c-b6d5-7f60a29b8559,3,16,6,15,5,4,1,8,6
15fede10-95f7-4125-9c59-e4c62424cef4,3,13,6,13,5,10,2,13,6
162bf523-79f4-48f0-84a7-c9c19a4774c5,1,11,5,5,1,10,5,7,1
16520680-9820-4284-ab26-8b6d315637e9,1,10,4,12,6,18,6,17,6
16847e91-ec55-4b77-ace1-1d883965cfe9,1,13,6,12,4,9,5,6,2
16918933-03fa-444d-abb1-cb79d34dc3e1,1,9,6,5,1,12,5,8,2
16a034d7-a0b9-4101-b276-cc52c17d304b,1,10,3,13,6,11,8,6,3
16ad6f51-67f8-447f-8166-ecf223d42705,1,13,6,11,3,12,5,6,0
16bc3290-3bb5-4358-ad8d-ea8d1b175cca,3,5,1,9,6,4,2,8,5
16c86975-b82b-4041-ab48-1284045317eb,3,8,4,9,6,8,2,10,5
16e806db-6734-4086-addf-f3e9c22d72b9,3,8,6,3,0,16,5,20,9
1705b5ab-6a9c-44ff-a8b5-61091c607bbb,3,9,6,6,3,7,2,12,8
171b34cb-c450-4c18-b936-117a3250ab68,3,12,6,9,3,9,2,15,8
172be802-f558-441b-84de-4ecb5166c5fe,1,18,5,18,6,13,6,8,1
1766a8ba-b003-4902-9b53-cb1490f842b1,3,16,6,14,4,6,3,10,7
17704768-54ac-4af6-88a5-a3b1930647ec,1,8,5,7,3,17,6,15,4
1776a95f-ee81-49f7-b880-7ea545c0ea63,3,7,4,8,6,13,7,10,2
1777c8dc-6903-41cf-9dfa-8f169826f9f5,3,11,3,14,6,6,2,10,5
179e77c1-b5c1-4fa9-8533-63e32b02b951,3,14,5,15,6,8,2,11,5
17a53e78-3d29-4292-8f92-dcb6382fa30b,1,11,6,6,1,10,5,9,3
17b7da8f-9301-45ee-a468-8c1e74ef09a3,1,7,6,3,1,6,5,0,0
17b96ebf-5802-42c9-b09a-f0e0c3efbce4,1,11,6,8,2,10,5,8,4
17c08feb-ec48-4bbc-9c53-48f283b98dab,3,18,6,15,2,0,0,0,0
17c2db0b-bcc3-478f-94af-c3f9036dc487,3,10,6,8,4,14,6,14,6
17c43155-fd63-46e0-8b9d-fc1450332f50,1,9,1,13,6,3,1,7,5
17d2d338-b3a1-41d2-9d22-15e6457bb282,3,14,5,14,6,5,3,10,5
17d8c315-6782-43a7-bdb4-e620b9bc375e,3,6,1,11,6,12,4,12,5
17e0ccd1-845f-49c7-83b8-ce16d1262c36,1,11,6,6,1,5,5,0,0
17e5b62b-6730-4f7d-8356-14b8f26f2385,3,19,6,15,4,9,5,5,1
17e6d3d7-ead3-4194-9b63-4e5669b73f4b,1,5,0,10,6,15,11,7,1
17ecf658-c5e2-40d3-81ed-85f5da185e70,1,8,6,5,2,7,5,2,0
17eecae7-509e-4ba1-bdfc-a5d2852ff9e7,1,10,6,7,3,14,5,14,4
17f27d88-031e-4594-980d-508c82cea6e7,3,9,6,7,3,8,0,15,8
17fc0e78-c5db-42f1-8d05-7b3ae83425f2,1,10,5,10,6,7,1,11,5
18067f9f-5337-4e18-b391-3b239b6c54e1,3,11,6,10,4,6,5,0,0
181e4567-b099-4da5-a79a-e1c5a678013c,3,11,6,8,2,14,5,15,7
1821608b-41a4-4e14-9c28-b6856f9ba18a,3,11,6,7,2,14,5,13,3
1830e23f-15ed-45e8-b41c-ce63746d29c9,3,9,6,2,0,10,5,10,3
1839d8a2-0121-4ded-b93f-33d98352c9a9,1,17,6,13,2,10,3,16,9
18413f08-e148-4d5e-87aa-6efcf0963c7d,3,9,5,10,6,11,6,6,1
184666c4-d2a8-48c4-9a94-ff1e575bbbad,1,7,6,4,2,5,5,0,0
1848459e-cbff-4454-89d3-76e36e21e5d5,1,15,6,12,2,8,5,2,0
18513d70-35a5-4d7a-9ce5-952d30613409,1,16,4,18,6,2,0,8,5
18527df7-63d6-4e31-879b-4fc983417a43,3,10,4,11,6,8,7,2,0
18582455-cccb-4050-aee0-1a19c9c0e7e7,1,1,0,6,5,6,0,21,14
185e8573-2804-4629-b3a8-2236bbf8b0fd,1,10,6,6,2,10,5,8,2
186a1c3f-9df8-4766-9cd6-380268990624,3,15,6,9,5,4,1,7,6
18745554-1645-44ed-b097-830f0fb3ba07,3,16,3,19,6,9,3,12,5
189fd3ec-f6ee-4f9c-88bc-54f519d6b2e6,3,11,6,7,2,6,5,2,0
18a42b88-3429-4f43-9629-256dd1872cae,3,10,6,6,2,9,5,8,4
18a906b1-c5b7-4bdd-a180-698dd0f9d4b6,3,8,5,6,4,8,1,9,5
18ab4a0e-95ad-4068-9b86-300bfe3a5e1d,1,14,6,11,2,10,5,9,5
18b11e7f-b1c1-4583-88a4-735bdd0f83a9,3,10,4,12,6,4,2,6,5
18b9f704-0970-4890-a445-c7d56a89e4a9,1,13,6,10,3,11,5,7,1
18ccacd5-bec0-44ab-9b1b-e52b6e23600c,3,11,2,14,6,6,4,9,5
18ccacd5-bec0-44ab-9b1b-e52b6e23600c,5,11,4,12,6,0,0,5,5
18d234a9-07ce-408e-89e3-bf06ce7fd5a0,3,17,6,15,3,9,5,3,1
18e114a6-ac1d-47f4-bac7-5b2a498b3394,3,7,6,4,2,6,2,12,9
18ed3571-6913-4a04-8461-c8f7c6ef4030,3,8,6,5,2,16,5,17,7
18edf5b2-aa00-4b63-945c-840532beafd7,3,6,3,3,1,0,0,0,0
18efdce3-e8fd-4a71-a913-62afb9ac46e1,1,7,6,6,3,7,5,2,0
191b1399-a5f8-4821-befe-8ec4ccbd7983,3,11,5,12,6,9,6,6,3
1932e737-e49d-4f6d-ae43-4329e3d005d6,3,8,3,11,6,10,4,10,5
193b59f0-d122-45ee-aa86-e747c640426f,1,10,6,4,0,6,5,3,1
1946b103-9de8-4574-8a3d-a958e69bed20,3,11,3,14,6,12,9,7,4
194c8833-7919-4442-b744-12bc2642e87b,3,10,6,6,2,13,5,11,3
1956bcd1-5853-4d9b-90ac-dcb9ec986b5d,3,7,6,2,0,15,5,14,4
19763dbd-3cf2-46be-85ad-9c0503ead8c7,3,15,6,15,5,16,6,15,5
198b2612-1e77-4ef7-ad4a-670ea28a45df,3,7,6,3,0,8,5,7,1
198f414e-c86c-4cf8-89b2-8ac720fbc403,3,4,2,7,6,4,0,10,5
19ac79d7-086f-40c7-bd2d-110ae86badee,1,10,6,6,2,10,5,6,2
19acfa80-1775-49c1-8580-10038b6601d9,1,2,0,8,6,5,1,9,5
19bbf880-bd26-4a70-8fb9-0a8d72eeba05,1,3,1,8,6,0,0,5,5
19c08d02-f69f-47fe-82f4-c97cceed56ea,3,9,4,10,6,5,1,9,5
19c16890-bdc0-43ac-b30b-0296a3ed45ae,1,5,3,7,6,4,0,10,5
19ccbeaf-e3af-432d-8e7a-50bba272a53a,1,3,1,7,6,8,2,12,5
19cf0783-2904-4ab5-a354-6ada78d14d55,3,8,6,6,3,13,6,13,7
19d65e97-976f-41b5-812f-f0ca220ad49e,3,10,6,5,0,6,5,0,0
19e0beb2-046e-493f-aa44-eec5dc186634,1,14,0,20,6,20,8,15,5
19fa5488-d3ae-428e-929c-98744feed510,3,8,4,10,6,10,4,12,5
1a25b238-bf39-49d3-bdd7-c147ade42880,3,9,6,4,1,11,5,12,6
1a2c7fb2-5f08-4dda-8d11-849f84b45a7d,3,6,2,9,6,18,9,13,3
1a3ddef8-d39c-4548-98c6-946f5dec612d,1,3,0,8,6,16,8,9,5
1a6ecbf8-dac1-43b5-b6f4-57f376991ce1,3,8,6,7,4,7,5,2,0
1a71abd0-c03f-4540-bb42-9e3d1b1e2acd,3,9,6,5,2,12,5,10,2
1a7e7dca-fcfe-4b9f-98be-1c3fed3e190b,3,12,6,7,0,16,5,14,4
1a960cf4-8e1e-4f72-bc03-fe824cf2eb82,1,6,2,9,6,0,0,6,5
1ab08be4-b6e7-4ed0-b297-b35041f7c075,1,11,6,8,3,8,5,2,0
1ac038a5-7b5a-4011-967c-7021fc352f41,1,14,6,13,5,6,1,10,6
1ac0f39f-544d-4263-b87b-68845480b1c8,3,14,6,13,5,7,5,2,0
1ac29d46-e2bf-41e8-8d6e-6c8f110d6da1,3,1,0,7,6,21,11,14,3
1ad2d7cd-bd40-48ee-af3c-1a8170d058ec,3,7,6,3,1,10,5,4,0
1ad52a46-348e-4e15-bdc0-fe40b8291f46,1,13,6,10,2,8,5,2,0
1ad5556b-c755-4a65-a0ad-f9026e1875ee,1,8,2,11,6,6,2,9,5
1adfaf82-db7a-40a4-93cd-db9c9ddf8071,3,13,6,10,1,7,5,5,3
1aec67f1-5183-49b1-b3c0-efa1114993b5,3,9,6,6,1,10,5,7,3
1af76ebe-da49-4eef-b996-146edffa9527,3,8,6,5,3,8,5,7,3
1afeb7f6-64f5-4393-8b40-87cbfee77c9c,3,11,6,10,5,10,5,8,2
1b0a6a96-fd4e-4f19-947a-13fdab6389d3,3,8,3,11,6,2,0,7,5
1b0b2cde-fa80-407a-a618-f6f8ea130cc6,1,11,6,11,5,9,5,7,3
1b24dccb-f59d-4d91-9b82-ce723cf50985,3,10,6,5,1,9,5,8,4
1b2d790c-7d04-4166-9521-32c8d7ea20bb,3,10,6,9,5,12,5,12,3
1b3c08c5-17c2-4f94-aa65-2e8130c3f71d,3,11,6,9,4,10,3,14,7
1b53227e-c166-4149-b307-c6df526d41a8,3,12,5,13,6,11,6,5,0
1b552b19-9d1a-471d-89cf-fd7e754afa8b,3,7,6,2,0,11,5,6,0
1b56e573-1ad7-42f2-82e0-e88137482fa9,3,10,2,14,6,19,6,16,5
1b669f27-a829-4205-b0f4-7c57b7f156e4,3,11,6,8,2,5,5,0,0
1b76b2a5-decc-4979-b951-277bb33c892c,3,10,6,7,2,7,5,3,1
1b7e348b-fe16-423f-9b06-cdb7441afdf1,1,26,5,27,6,8,2,12,5
1b8e2f14-fd67-4f82-b4e8-c2480a505611,3,7,6,2,0,14,5,15,7
1b903e40-c041-407d-bbbc-a96cf1ff7988,3,13,6,10,3,9,5,4,0
1b9ac662-83b1-4b7e-a1b7-f365b6aa9644,3,11,5,12,1,0,0,0,0
1b9fff23-bd47-4ab8-9780-28b6acb358eb,3,8,6,5,3,6,5,2,0
1bb94e35-1099-469c-bf7c-0e76844d5d7a,3,11,6,9,4,6,3,5,2
1bba5508-ba82-496f-a0fc-802ee88c0739,1,17,6,17,5,8,5,2,0
1bc82578-ea47-401d-8334-608f7d773b86,3,13,5,12,6,11,5,12,6
1bcd7ac6-2d2d-4f4f-af97-01018ca8e704,1,13,6,13,5,7,1,11,6
1bcf21e9-40d9-4b23-9435-a3f840d689bc,1,11,3,13,6,2,0,7,5
1bddf9a1-c771-4bc0-adfa-ac8264b1a2f6,3,12,6,11,5,8,5,8,4
1bf11723-34f9-46ec-9e8f-dff2ecaa1618,3,6,2,10,6,0,0,5,5
1bfda913-6639-46b3-9eaa-e26402c868e0,3,11,3,13,6,25,7,25,6
1c1487be-88cb-461a-8c24-08411a82f8c8,1,4,0,10,6,15,9,10,5
1c178ef8-ae0f-4c1a-979f-000d53e2cf1f,3,10,6,7,3,7,5,3,1
1c20d70d-dd08-4fb3-a0a4-03230cc9109e,3,13,6,12,4,5,5,0,0
1c335752-f8fa-433e-b32a-b743d8bb3f8e,3,9,6,9,5,9,5,5,1
1c39a32b-170d-4089-83f1-9c8223aa4442,3,10,2,14,6,18,6,16,5
1c44d222-c89b-4bf9-a40f-5a824d7af894,1,6,6,0,0,10,5,8,2
1c63fd91-4fc5-4151-88f0-a1a70de748e7,3,9,6,8,5,6,5,2,0
1c673eca-bd6c-4fab-97ba-69837b043aa3,1,12,6,9,3,9,5,6,2
1c6de75e-9d2d-45bf-ae2d-35c86df7fe92,3,11,6,11,5,16,6,15,5
1c746bde-af18-46e7-a56a-f9f15287432e,1,17,6,16,5,8,5,2,0
1c86214e-ff8f-4e63-8da3-0bda0eb9f323,3,6,6,0,0,10,5,8,2
1c955e22-8222-4fe2-9a83-022245083458,3,11,6,8,3,13,5,6,0
1c97e877-90c0-4393-8c09-9b31d18f94bd,3,11,4,13,6,7,3,8,4
1ca0351f-b4cc-499d-8728-a69d6b2609a3,3,14,6,12,4,6,5,3,1
1ca42b65-a2ad-4c0f-83c1-f9ba4f2636df,1,15,6,12,3,12,5,12,4
1ca933d3-6b1b-4420-aa97-bf411249f5f6,1,11,6,7,1,8,5,2,0
1cb1a214-6236-440e-bd84-eafc0fc1b4cc,1,15,3,17,6,6,4,8,5
1cde251b-0125-4af8-89f4-578341d3daf0,1,3,0,8,6,11,3,13,5
1cea94cc-5b87-43c5-9d86-429c44e326b7,3,9,2,12,6,16,9,10,2
1cebf8da-e269-4373-9368-b2024475cb85,3,9,1,14,6,0,0,5,5
1cf38f3c-50d9-4198-a8ad-b09b07ae0bf2,1,10,6,6,2,14,7,17,9
1d16cc94-e776-4d57-9d35-8ba2132cd78b,3,11,6,9,3,12,5,6,0
1d3cabd3-dfae-4c20-b07e-9e43daac5a94,3,11,2,15,6,3,1,7,5
1d6042ce-9303-4969-b65a-ccba85c2bca4,1,4,0,9,6,2,0,8,5
1d70e54a-8f1e-4dbc-8cea-dc9229d10bdf,3,10,5,12,6,5,1,8,5
1d743ed4-af60-450d-9d37-5c169cbad84b,1,10,6,5,1,12,5,9,1
1d7fcea4-10bb-4286-abfc-70b02dcb05e6,1,19,6,18,4,16,5,14,3
1d97c8a3-6ec2-4c40-b955-43b815e7c1b8,3,13,6,8,0,12,5,11,5
1d982877-c933-4b9a-b66a-17e6598d731f,1,7,0,12,6,5,1,10,5
1d9f9e75-fcc2-44ce-acc2-e6abcd09150a,3,5,1,10,6,5,3,6,5
1dbed1af-8d0e-4ff4-a0c1-2886d627a71e,1,13,6,9,2,8,5,6,2
1dcc30fa-4f42-454a-8bb5-e352ed73ce8b,1,5,1,9,6,13,5,14,5
1dcda06c-9740-4be5-b1f2-6cc22f73009d,3,8,6,4,1,8,5,2,0
1dce73b9-62aa-4e6d-a1ab-b7e5a0070da7,3,14,6,9,1,8,5,4,0
1dcf7141-a9d4-4c6f-a4f3-0af2c26210a5,3,14,6,8,1,12,3,19,10
1dd50fa8-6a7a-4d34-9cfc-f25e75372b12,3,13,6,9,2,12,5,13,4
1dd78426-1d73-423b-b633-10bec135ba7b,1,10,6,5,0,17,6,20,10
1de1807a-05aa-45c5-a24b-73a2a79eade0,3,12,6,7,1,7,5,3,1
1de878ac-22a7-418a-820d-a69cbb457fd7,3,9,6,5,1,23,5,24,6
1dee6267-0245-4542-b6a9-4371035080ed,1,14,6,12,3,11,3,14,8
1df1d389-dc4e-46d0-b668-ba572b076d37,3,9,6,5,2,5,5,0,0
1e13ea6d-f080-4adc-9f47-e38c00744850,3,11,1,16,6,16,8,13,5
1e208e89-29ee-449a-b363-a676df293ffd,3,6,1,10,6,11,5,12,5
1e21a4c6-de45-4d38-b864-3e878a4ae425,3,9,6,4,0,9,5,6,2
1e25cd26-d986-4763-8526-ac4d27d22c05,1,9,6,5,2,14,5,17,7
1e301089-bbe2-46dd-8b8e-3e309850c88e,3,8,6,4,1,13,5,13,5
1e32b3f2-a779-46a4-9ca0-78b43665fbce,3,9,6,6,2,14,5,9,1
1e354a59-df7c-4091-8617-f482f0ac1e60,1,16,6,13,2,5,5,0,0
1e48aa8e-6272-4592-bd5c-97a61b70e9f3,1,4,0,10,6,9,3,10,5
1e58dbf1-3059-45e3-b037-6d6e0b36cafc,3,10,6,5,1,8,5,8,4
1e5e2354-e11c-4882-96a2-45b1a716453c,3,12,6,9,3,15,5,15,5
1e7097cd-be76-4f0e-a2c9-6884344e3450,3,10,2,13,6,7,3,10,5
1e7363b8-d096-42d9-a709-ef5ffa0fdcc7,1,6,2,9,6,9,1,14,5
1e7d1138-5360-4cb8-8242-2048ddaa5844,1,16,6,12,2,7,5,4,2
1e7eb9a2-8a97-422c-819d-38d679221a9e,1,11,6,5,0,9,5,5,1
1e872c73-7562-4b4f-a7d1-6fdca90893fc,3,7,6,3,1,11,4,9,3
1e8e9e5a-bee3-45fa-ad74-5809cdc6545e,3,8,5,9,6,7,1,10,5
1eb44c89-e197-48c2-8eb9-80d35b8317b2,1,5,2,8,6,7,3,9,5
1ed59c2d-6398-432a-9b9d-7658906f1eb2,1,18,6,18,5,11,5,9,3
1ed64b54-b2fc-4caa-b0e1-00d12df289b3,1,12,6,9,2,12,3,18,10
1ef49e8d-34d2-4ee0-b702-b5d6c081f25e,1,16,6,14,4,16,5,14,2
1efc7e0a-25d4-4eb7-b1cd-56936b1e5456,3,14,6,9,1,9,5,6,2
1efce837-f4e6-42f6-8507-186ff7dff7a5,3,15,6,12,3,10,5,4,0
1f012c55-7f20-4222-988e-a0ceeebd834e,1,4,1,9,6,15,10,7,2
1f212403-12b7-4ffc-9d98-363ffc05be50,1,2,0,8,6,14,4,15,5
1f2a903a-abd9-4bc2-8bd1-5a2284f4b565,1,10,4,12,6,7,5,7,5
1f2b8de8-b9d3-4ab4-a43e-54803492a8c0,1,10,6,7,2,11,5,10,4
1f3556b9-415d-4018-a401-0a821d67ab94,3,12,6,11,4,8,5,2,0
1f43b51f-6efa-494c-a696-85fd4e5119b8,3,11,6,4,0,8,5,5,1
1f47fd6f-49f9-40ac-a033-a76ee3ab2f1e,3,11,6,11,4,5,5,0,0
1f5075c8-4039-4818-a14b-9a448dec18f9,3,18,6,16,3,5,5,0,0
1f6a2633-a436-4a95-a723-11fe5a8b355c,1,6,1,10,6,6,2,9,5
1f6fda3f-db8f-4d0b-b0d6-0458004601c8,1,8,6,3,0,13,6,16,10
1f991553-d265-4921-95af-d215714c374b,1,12,4,13,6,14,4,16,5
1fa85444-3849-4927-ac4a-e7254dd81f12,1,6,4,7,6,11,7,11,7
1faac8df-c5db-4438-a3f2-5907412daa81,1,9,2,13,6,7,3,9,5
1fb691fb-f9ba-4573-8698-80f955e3b69d,3,14,6,13,5,10,5,10,4
1fba86e6-bc3f-4a78-9c27-25c442a5bcd0,3,6,6,1,0,9,5,8,4
1fce82b1-d9ec-462c-a1e5-e5d491118ff4,3,12,6,10,4,11,5,11,5
1fe15914-20c9-4335-acf5-df767a66111a,3,8,6,3,1,9,5,8,4
1ff1e226-1565-41d9-8ecf-4e0e5a126fbe,3,9,6,4,1,6,5,2,0
200a3320-8371-4415-bbb9-5b4ab2ec4b15,1,8,5,3,0,22,14,8,0
201fea6e-2eb5-41fc-beb2-c93ed8ca0100,3,12,6,12,5,9,5,6,2
203ac715-ca82-43fb-864b-49bbfd75b766,1,4,0,9,5,2,0,7,5
205aeb93-a9dd-4b2f-8d3b-bd821b9a41c9,1,9,5,8,5,8,5,5,3
205b044e-8b69-4266-a5ad-ef6a1cee8a4e,1,12,6,10,3,13,3,17,8
20794766-1480-4b8f-a15e-e86763e2de5e,1,10,6,6,2,7,5,2,0
208b5853-c26d-4283-8905-d6ae67137ec0,3,6,0,10,6,0,0,6,5
208fae95-43c7-4252-b073-c02efc05d838,3,11,6,11,5,14,5,4,0
20975686-df2d-4fcb-80a4-fed01d78c0a6,1,11,4,12,6,13,5,14,5
20a488b5-7ff9-4fa8-b80e-5c8d3da4bfcc,3,5,0,11,6,3,1,7,5
20e03b5e-1a83-44f0-9125-8995c8c75c50,1,13,6,11,4,9,2,13,7
210c4b2b-5bdf-4281-bce6-57c7311a81d3,1,7,6,1,0,7,5,2,0
210f5634-8628-47c8-acbd-c3ade93ad871,3,14,6,12,4,6,5,5,3
2114f496-236f-402c-822d-b446e6a568fb,3,11,6,11,5,10,5,6,2
212d15ae-24cb-4b2b-9b30-b72a4303a899,1,7,3,9,6,5,1,10,5
213aac53-313d-49f3-b654-e333b1d9e6d0,1,13,6,13,5,9,4,8,4
2143f592-a9b5-4433-a20f-0822b82ea8f2,3,12,4,13,6,12,7,7,1
214699fa-c3f7-444d-804a-b63f1aaa7919,1,9,6,7,3,8,5,2,0
214b9be4-c7de-4038-91c4-22a82d475b6b,1,7,6,1,0,7,5,3,1
216b7ae0-35f1-4607-afe3-edd510c6b43d,1,15,6,13,3,12,5,7,1
216e1090-5a45-45dc-9d6c-62dc610eebe2,1,7,6,2,0,7,5,2,0
217f1185-621e-44cc-81a5-2c97373bdea5,3,13,3,15,6,11,3,7,0
21892812-4075-4c95-b78f-549ba049f7dc,3,14,6,14,5,8,5,3,1
219e2639-8481-44c8-8794-4796b4e2ce0e,1,13,6,10,3,9,1,15,8
21a5b591-c514-48b7-9fef-a52ebd7d2c2e,3,9,6,4,1,5,5,0,0
21b05e66-884b-4f3d-942c-528525b75946,3,11,6,8,4,18,5,21,9
21b1f3a0-b98a-4966-9504-e77fa4e2a0d5,3,20,6,20,5,9,5,9,4
21e3ce89-0e13-4e71-b538-d553e33b6ba1,1,7,2,10,6,2,1,6,5
21e662b1-29a5-4bdc-be93-eae5997d09b7,1,7,1,12,6,19,7,18,5
21f0c4c3-d600-4c76-8842-ce521baf5a29,3,11,6,6,1,10,5,7,1
21fde98c-a5e5-413e-beb9-4fbea5221081,3,11,6,5,0,15,5,19,9
222cf5cc-e24b-467b-8b8c-f2f67aed6be5,3,9,6,4,1,11,5,10,4
2239576a-1f3a-4176-96fa-4050afee5520,3,7,6,1,0,2,1,4,3
224661ad-e48b-4a71-8aa6-7888ebe55350,1,9,3,11,6,9,3,11,5
22575397-80ca-42ac-a514-58aeec9b1749,1,9,2,13,6,0,0,5,5
2264ce30-beee-4678-8ad6-de52a5c40948,3,6,6,1,0,15,5,12,4
22686c8c-5a03-47b7-95c7-58b251873044,3,12,6,10,3,7,5,2,0
227c1922-967d-4b15-89b2-b5904b3a84ba,1,11,6,8,1,9,5,5,1
2298e69e-fe03-489f-b22e-f174fd39ca2e,1,7,2,11,6,15,9,5,0
22a996a8-d239-41e1-88a9-0909ac0b7345,3,1,0,7,6,3,1,7,5
22b08c2c-f9be-4a39-a14a-4380fdf3e4dc,1,14,5,14,5,9,3,11,5
22d124e4-17cb-4d99-8fc8-fb87be2f9e21,1,12,6,10,4,10,5,6,0
22eb2eaf-6d39-4d2b-98d6-85d675181762,1,8,1,12,6,2,0,8,5
22f43be7-0991-4b2b-a2cd-47bb0513ea5e,3,10,1,15,6,16,6,14,5
230c6583-7a86-4381-bad9-a94540ac0670,1,16,3,20,6,5,1,10,5
231aab8a-03a1-4c1a-bc42-448f6f90369b,1,11,6,7,1,8,4,2,0
232eb6d6-6cd8-41c6-af47-ac04f4ee185b,3,9,3,12,6,2,0,7,5
23395ac1-1083-4019-9e2d-891c9c7df9a7,1,0,0,6,6,11,5,11,5
2339f48e-d624-4db4-8ae9-288730bcd2e8,3,9,3,17,6,5,3,6,5
233ef188-9d35-416f-8a6e-485ce8c8ae71,3,10,6,5,1,9,5,4,0
234ec741-90e9-4c65-a1d2-3f1d67af7e65,3,9,2,13,6,16,10,11,4
23507ab9-f4c7-4aa4-ba32-2e0a109bca76,3,12,4,14,6,18,6,18,6
2357607f-6e0a-408f-b51c-2063ab4197e2,3,1,0,7,6,24,11,16,3
2367afea-55ff-4cd8-b11a-2732b53ef250,3,11,5,13,6,3,1,6,5
2367afea-55ff-4cd8-b11a-2732b53ef250,5,5,2,8,6,14,9,8,3
237d3e26-76f2-4c5a-99bd-df6ac3187a30,1,10,6,6,2,10,5,9,3
239111bc-b59f-4e57-9197-2489a00f6042,1,12,2,15,6,6,2,9,5
23aa7f99-cc82-4047-947c-d5fd5398bd5f,3,9,6,7,3,13,5,15,5
23b0b857-f0a8-4835-bcb7-17120907da46,3,7,4,11,6,3,2,7,5
23d7ed59-30db-4fef-a727-94dd352aec42,1,8,4,9,6,14,7,10,2
23e0cea9-6d28-4b74-9982-8f5475ed4f20,1,14,6,11,3,7,2,14,8
23f5a611-aab9-4df2-ac4c-fd6e18ac012e,1,6,6,1,0,7,5,3,1
23fe7f9f-c6aa-401e-bb62-da62ebf30068,3,17,5,18,6,7,6,4,3
241a6682-3ffc-4aef-a1eb-e511b88f79a0,1,9,6,3,1,13,5,11,3
241e0043-2098-48dd-addf-514e3bdd4a97,1,15,6,14,5,14,3,17,6
243bbe9b-0172-4c23-a741-a0fc72d3f2cc,3,11,3,14,6,22,8,13,0
243c0a03-5550-41f1-97e7-5818eddc3172,3,9,6,9,5,11,5,10,3
2442a548-af95-42e0-bc30-32b4c5b2dffb,1,6,6,4,3,8,5,3,1
24438903-5b92-46f1-adf2-9ebb9959b9b1,1,8,6,4,2,8,5,9,5
24444031-8127-4d86-918b-f9e6cde34e38,3,13,5,13,6,9,6,7,3
246092bf-aa88-4062-84a0-dbeddc1dd01b,1,14,6,13,5,10,5,8,2
24678785-f7fa-44fd-bf12-1ee479bc40a2,3,6,1,11,6,2,0,7,5
246b9341-8035-4bb5-a339-482b255c75a3,3,9,2,12,6,12,4,13,5
24719cb2-3409-4fc1-8695-e2b6ba1661ad,1,7,6,2,1,11,5,4,1
247937a2-17e8-4a18-9d01-d510d08ff132,1,6,1,11,6,15,9,12,6
248e4b94-c563-444a-a32d-b20f0f331d5f,3,11,3,13,6,5,3,7,5
24b902f6-d7bd-4655-b5ca-354bc269d5fc,1,14,6,12,3,15,3,18,8
24db66d5-dd46-417a-8a38-454208e0c8a9,3,1,0,6,6,27,11,20,2
24eca743-c5b1-4c62-aa02-9bcbee4e782a,3,21,6,21,5,11,5,5,1
24f4d273-9282-4276-8606-4b71e4ada3ab,1,16,6,15,4,7,5,2,0
25235d15-f701-43d7-ae66-2ce1460d33f7,3,7,6,1,0,8,5,9,5
25282fda-9517-4542-96ed-ac5b88127528,1,8,1,13,6,3,1,6,3
25332224-6e21-4008-b5f0-420b6735b445,1,7,6,3,1,12,5,11,5
2548b4ba-f857-43ae-8847-6995ca1f07d0,1,13,5,13,6,6,2,9,5
255c92cc-7966-426d-9c84-412f3d0e5886,3,11,1,15,6,15,10,7,1
256d8dcc-b205-4219-ab57-7904bf6dd488,3,8,6,3,0,6,5,0,0
256dfd2f-93c9-4580-8b63-930c408391d4,3,9,6,4,1,7,5,2,0
2575fa00-bd94-4a96-9fad-4ac44f5bd975,3,9,3,11,6,11,3,13,5
25935947-92f1-49d0-b2d9-7861cfc44f84,1,13,4,14,6,16,6,17,7
25957f9f-2af0-4156-8ad8-09173ead46be,3,12,5,12,6,9,6,6,2
259a1298-787d-45dc-9abf-b85f2fc734da,3,11,6,5,0,14,5,15,5
259ef617-3265-45fe-8aae-596aca9338d8,1,16,6,14,4,8,1,14,7
259f8eaa-537c-4249-976d-ec42d575e7f7,3,10,5,11,6,14,6,14,7
25a8c209-ed24-4eeb-b7a2-50498fce677a,1,10,6,4,0,8,5,5,1
25acd1fd-de82-4789-beef-b563b58bf15d,1,10,6,9,5,15,4,18,7
25c07307-1755-405e-83cf-8e99627ce6b1,3,12,6,8,2,12,5,12,4
25c73c29-2cd0-40bb-bdd7-fafa066c75f6,1,7,5,2,0,17,12,4,0
25cb2d36-0b23-40cc-8741-2f4bec8b54ba,1,9,3,11,6,2,0,8,5
25cdb6c5-f266-41dd-8459-553f265347fc,1,12,6,11,5,7,5,6,3
25db62b2-6fb4-4867-be01-a6dec4162328,3,10,6,6,2,9,5,6,3
25e8f036-1f12-42fa-b16a-f8e48eb632aa,3,11,6,5,0,18,5,18,4
25f208fc-e775-4681-8263-3962606e394f,3,14,6,12,3,13,5,13,5
25f23b33-c4d9-4e78-85b3-6efc36167eac,3,12,6,9,3,10,5,11,5
25fd28ca-1eae-4e7e-96c2-32bce441563e,3,12,6,7,1,10,5,9,3
2607751f-51c3-43c7-9d9f-db0ae0501f3e,3,16,6,12,2,8,5,6,2
2609768a-7c6a-4aed-8de7-dfef4aefd08b,3,9,6,6,2,9,5,8,4
260c0bac-7636-4021-b5ed-4104aedb430f,3,13,4,12,4,0,0,0,0
261c7e02-779d-4c14-bdc4-254fdb484e8b,1,9,3,11,6,11,3,13,5
262e38e2-3977-4d47-b600-b3003e548a72,1,7,2,10,6,17,7,16,5
262e8e89-3c5a-4943-a99d-dbd46a8c405e,1,4,0,10,6,7,1,11,5
264503a6-80c2-4a7c-af94-51a7a35c9b5a,1,4,0,10,6,9,1,13,5
2679aa58-dad8-4ba6-85ee-9107ce319434,3,7,4,5,1,13,7,9,3
26861c2a-99c6-402d-96a5-5ff11ec8f5aa,1,16,4,17,6,13,7,10,4
26879e7a-4155-4edb-a2a3-82337fb211ec,3,11,6,8,3,11,4,15,9
269d9bf1-07cc-4740-8e66-8a1548afe859,3,6,0,12,6,22,12,13,4
26b54f8a-1d36-487d-ac69-9c930f980e08,3,11,6,5,0,8,5,9,5
26ba94bb-781d-42ae-bfc2-126bbdb56373,1,11,6,8,3,21,6,20,4
26cc5aa2-24b6-42cd-ac46-e10d2cb056e3,3,9,6,4,1,20,5,27,12
26ddf793-7883-439e-95c1-d973d10989df,3,7,3,10,6,8,4,9,5
26eab207-1b49-431d-9db4-6b1cd15b57a5,1,10,3,12,6,12,6,12,5
26fc9442-f3f2-41ba-9865-5be54157211c,3,7,2,11,6,8,4,8,5
2703e13c-0863-4d7d-b7cc-edc4b98f59eb,1,11,3,14,6,7,1,11,5
270a664b-159a-4e42-896c-f2194ecef7a8,3,7,3,9,6,5,1,8,5
270cd4e6-6567-48fb-8fad-ff43dc3d7c59,1,14,6,13,4,6,1,12,7
27133631-6753-443d-8c08-1c88fcb56e8c,3,14,4,16,6,14,7,9,2
2715aee2-fd0a-400e-badc-6371c3bb9a4b,3,9,6,5,1,7,5,3,1
27323357-e8f9-41b7-a604-fad7e6139297,1,14,6,13,5,10,5,9,3
27369355-b4a1-4d81-93f2-faa5efaf5659,3,10,6,7,3,17,5,16,4
2740f4cd-1f71-4fac-b0b0-2768d8c0ea80,3,10,6,5,1,6,5,6,4
2741d19b-59bc-4782-a86e-00dabca12eeb,3,4,0,9,6,19,11,13,3
2751b5e5-bab6-435e-8f6b-e056c5cf0f4e,1,9,6,5,1,9,5,7,3
275f6bc1-8711-46c4-bf81-68ab3108784c,1,6,6,1,0,7,5,2,0
27622772-3596-4de9-8fce-8e389190326e,3,12,6,11,5,8,3,10,6
279ad1e3-ac5c-450c-8fd6-9970ee37a017,3,11,6,9,3,6,5,0,0
27a8ebc4-158f-4bec-b6e3-601304c9efc2,3,13,6,12,5,11,5,10,4
27aa18fd-29ef-4cf0-bf43-5e4166568777,3,11,6,11,5,6,3,8,6
27aad5b8-7063-4de8-b779-a0cf5b789d93,1,9,6,4,1,16,5,17,5
27b2e61d-5367-45c0-b28f-d789c724eef9,1,9,3,12,6,6,0,10,5
27be4fc7-4d13-4efd-8165-09ef381b90fd,3,11,6,7,2,11,5,10,4
27caf6c2-3b7a-43af-b02d-ac81c8305c9f,1,9,6,3,0,6,5,2,0
27e150c7-1949-44f9-8506-9714a045a144,3,3,0,8,6,5,3,8,5
27e7e845-f1aa-489d-8b4d-765f084a8877,3,11,6,6,1,14,5,13,3
27eeb353-b4bc-4e54-9eae-aa1ed0a9726d,1,10,6,7,2,8,5,3,1
28082eed-5a91-4b17-8e22-de79adb20807,3,10,3,13,6,2,0,7,5
28090562-53e0-4a60-9630-f334f61444dc,3,9,6,8,4,7,5,2,0
28240661-72fb-4a1f-90c2-85dcb2a78701,3,8,6,2,0,7,5,6,4
28283580-8bfb-4690-ab4b-f8efdc598cdb,3,12,6,9,3,10,6,9,5
282b803b-392c-49b8-a361-6fddd8945a40,1,15,6,13,4,10,5,10,4
2839f9de-1d75-4f21-bc7e-cf631a9ae4bd,3,7,4,9,6,11,6,6,1
283e3eea-cff7-4709-be13-eabe9c3e2cdd,3,5,1,10,6,17,11,11,4
2840da0a-13c6-4155-91d4-77af622d1ffc,3,13,6,9,1,6,5,0,0
28553a18-6cb0-43f0-9727-dcaa8ca6c3d5,3,9,6,7,4,12,5,12,4
2855fec5-2a3e-4fbd-8619-ecff754ebd88,3,10,6,4,0,7,5,2,0
289acdcb-c2da-450f-b7c9-36474617956e,3,6,6,0,0,10,5,14,8
289b6411-0b57-43c2-b99f-5571e02121d3,3,9,5,10,6,17,8,14,5
28a87874-6a33-4f9e-a413-56d2b0ccf269,3,10,6,4,0,8,5,11,7
28af1de4-4746-47a7-84b0-f598ecd66a2d,3,7,6,3,1,9,5,6,2
28ce1a7b-24d4-4e81-8312-d1f9141f14e9,1,10,5,10,6,13,3,15,5
28ed4e77-a1e9-4dc1-87c8-01a5103fcfb9,3,11,6,7,1,10,5,4,0
28fe80b6-abef-4d7e-a404-acea3a3cdbda,3,13,5,14,6,11,6,7,2
2904a369-76d3-41c2-bc4d-9520e777c2d8,3,10,5,11,6,2,0,6,5
291480f5-7997-4c52-9b50-dde3b8ba8254,3,3,0,9,6,4,0,8,5
2916ffd5-7531-4740-878b-9f43a5e29490,1,7,2,11,6,2,0,7,5
2930d88a-3197-49bb-b473-3816c6d0460f,3,8,2,12,6,17,9,11,2
29312986-3d6a-4b6e-b94f-eb0199792ddc,1,6,1,10,6,7,3,10,5
29466a00-2576-403e-9ba8-a247bcde639a,1,6,5,1,0,25,13,11,0
2946fba5-9dae-4afb-9743-5f0ceca80c7f,3,18,5,18,6,8,4,9,5
2951f1ee-17ed-4191-ac50-afb80b685405,1,13,5,13,6,11,6,6,0
295d2ac7-8b72-49de-9120-b57f486695a0,3,13,6,12,5,16,6,15,5
296b505d-d7ef-47c8-8c69-6a6f7816ebd6,1,9,6,9,5,6,2,8,6
296f26db-988e-4d26-9a20-a5fd71837ac4,3,14,6,10,1,7,5,2,0
2991d9de-80d8-4c60-ab06-aa87c463a1c5,1,11,3,13,6,11,5,11,5
29b5e1b6-35c1-4004-bcc4-d88a15db251c,1,9,6,8,4,5,5,0,0
29bbb1de-ded6-4ed6-a3f9-df3ffd53fadf,3,12,5,13,6,11,6,7,2
29cef7d4-d64b-4f1a-a153-6ca86a79f2c7,1,11,6,7,1,6,5,0,0
29d3a3c1-1af4-4a26-945d-bed6ef2ab2a1,3,10,6,9,4,7,5,4,2
29d7073c-d69a-4dbf-b9e3-5da23c82fa52,3,5,2,8,6,19,9,17,7
2a1104e7-385e-45c1-b4dc-ae8f2729dd54,3,9,6,5,2,12,5,12,4
2a18f888-4b65-44e5-9c9a-48958008d134,3,12,6,12,5,5,5,0,0
2a36f891-a941-4de6-893b-fca0f3f757ff,3,9,6,5,2,12,5,11,3
2a3a2fbb-4b99-46f8-a8b6-3b95a4f87893,1,16,6,16,5,7,5,0,0
2a470f8c-9741-4e90-8a33-ca94d42b3222,3,15,1,20,6,11,5,11,5
2a61bd2b-d357-43e5-9474-af97a508da61,3,13,6,11,3,10,5,7,1
2a7e5342-8a3a-4bbb-92b3-e85ffe99d5a6,3,15,4,16,6,6,2,10,5
2a8549d0-b465-4f11-9620-3b5d7c0640e9,3,12,6,9,3,12,5,6,0
2a8e567d-c9f6-4bcc-b3d9-1478e89ba386,3,15,5,16,6,12,6,9,2
2a939221-266f-43ff-8420-63e5786789e7,1,9,2,12,6,0,0,6,5
2a959885-05e1-4849-a1ad-5c5b5245b0ea,1,14,6,13,5,10,5,10,4
2aa8e059-05d5-45c7-ac24-78138322a179,3,8,6,7,4,7,5,4,2
2ab10a15-ef47-4d6f-a724-70024e504ff7,3,9,6,7,3,13,5,11,3
2abd12b9-8e40-438d-a940-037b5bc8ae35,3,9,4,4,0,0,0,0,0
2abdb086-051c-4aaa-9b06-6152ef0bc0ac,3,9,2,14,6,15,7,14,5
2ac4ee00-b42f-4afd-b54e-bbb5a50e4f42,3,12,4,13,6,2,0,8,5
2ac99b29-e13d-47ee-a786-67cf7073cf22,3,8,6,2,0,14,5,14,4
2aca4c1c-ae2d-457b-98b9-fd46ee88aaec,3,8,3,10,6,22,11,18,6
2ad74657-d6fd-49f6-9a8f-b1770de6d861,3,14,5,15,6,8,2,10,5
2ad813e7-f991-4325-ba64-fd2cdbcdb47d,3,9,4,10,6,4,0,9,5
2ae579e0-2892-41ad-aeca-1816e52572a9,1,8,4,10,6,10,7,4,1
2af0f2a7-fce6-4813-b55d-aab49f5cdd1c,3,10,6,9,5,10,3,13,6
2af45280-5464-40d8-a045-81f7c6569259,3,16,6,11,0,8,5,5,3
2af4afce-a110-474d-96d7-c7883b2d302d,3,16,6,11,1,11,5,10,4
2b0b442f-dc44-4daa-aeb9-137d29030d5d,3,12,6,10,4,6,5,0,0
2b17d4c0-8a77-4971-84ac-db86fa1c4f4d,1,8,6,2,0,8,5,6,2
2b20b0ae-c36c-4868-bec9-7ab6f9768a93,3,10,3,12,6,19,9,16,4
2b25ad14-06b7-4f83-a1d9-1fb2545be430,1,9,6,5,1,7,5,2,0
2b2d5b10-e150-40a0-b802-a1fe4ecddb4a,3,12,6,10,4,12,3,16,7
2b39537b-d892-4c32-ba4f-fc62084db8c0,3,10,6,5,1,7,5,3,1
2b43e01e-7d1d-4af2-be59-5a7a4bc6ce78,3,11,6,9,3,11,3,15,8
2b5b38bb-4d93-4991-82f5-0aaf8089a4a6,3,17,6,17,5,7,5,4,2
2b61c5f7-af9e-451f-939a-7372074acfaf,3,8,6,7,4,8,5,3,1
2b61e075-3d30-4e18-a95d-25470c0680a6,3,4,0,9,6,0,0,5,5
2b79a508-0154-4df6-8509-52cabd6dc949,1,9,6,8,4,10,5,8,4
2b7f4da1-4cca-4b02-965c-7596c2431907,3,3,0,9,6,9,4,8,5
2b8a2df7-f678-418a-90e8-b7b41f6138e6,3,10,6,9,5,14,6,13,5
2b8bc869-6dde-418f-b4d6-a87f98dd9f5c,1,7,6,1,0,13,5,9,1
2ba39491-b2a5-4bfa-96e8-9f3e45d15daf,3,13,6,11,4,14,5,11,3
2bbad2be-eec1-4256-aaef-33d1177e969a,3,13,6,12,5,12,4,13,7
2bcfb320-ce7d-4783-9352-d68f210bd16f,3,5,0,10,6,16,10,13,6
2bd77a32-a863-4794-abb8-96cb2495ab6d,1,7,6,2,0,10,5,5,1
2bf039d6-c3f3-49fc-a163-050bc0824e58,3,13,6,12,5,12,4,14,7
2c034ecf-e4af-4c7f-9b6a-49cf9a3858d9,3,3,0,9,6,12,6,10,5
2c06bb25-46f2-4905-817d-a12714acf782,3,10,1,14,6,7,1,12,5
2c1bf457-7f1f-458e-b20b-255e1c13080b,1,12,5,12,6,3,1,7,5
2c391cee-069f-42b7-8a6c-37da85f2bc72,3,7,2,11,6,9,3,11,5
2c3a2020-ecf2-46c4-9e7a-fdcc520dbcf7,1,8,6,4,2,7,2,14,9
2c49eac2-f0b6-4919-9bf6-4d1340f39f4e,1,9,6,4,0,10,5,8,4
2c4fb04c-d90f-4e2c-8ca1-febb47074bea,3,7,6,4,3,11,5,4,0
2c56b38e-2cd9-456a-8b86-21161f21ef32,3,15,5,15,6,11,6,9,3
2c5c20d2-cae1-4cec-a573-eb3c3959d105,1,15,6,14,4,15,5,17,9
2c7866ae-ab51-420a-8d75-a76e7d923a52,3,5,1,10,6,14,6,14,5
2c7f8af9-2c8f-4109-ada8-8fa21b1d193a,3,16,6,10,3,8,5,2,0
2cac96be-7135-40a0-8556-d970892625b0,1,11,4,12,6,10,2,13,5
2cad4bac-6cd1-47f2-8038-2128553041c2,3,16,5,17,6,8,4,10,5
2cb978ae-40cb-4100-bd23-d06766906558,3,8,6,4,2,8,5,9,5
2cbb1b39-96c3-4925-aa3d-f0d68b7b5171,3,7,1,12,6,17,8,12,5
2cc8a592-20eb-4646-bdd3-cfb377195cff,3,18,6,16,3,18,4,23,9
2d003494-4229-4410-a9af-367b9072a35f,3,11,6,6,1,12,5,6,2
2d02cd3d-81ac-48f0-a812-c22aabe6ed43,3,10,4,12,6,15,5,15,5
2d1c3584-2233-4d81-979b-21224df76d20,3,8,4,9,6,13,8,10,4
2d21234b-7210-436c-9f84-9897cc23114b,3,7,5,7,6,15,6,12,2
2d45478a-4d99-47ec-b69e-7f615c6a30e9,1,9,6,7,4,10,5,8,2
2d45a46b-0841-41ea-8365-079c216f4a64,3,10,2,14,6,11,9,5,2
2d517046-7145-4c86-9233-b9bdc81fdad7,3,5,0,11,6,24,12,18,4
2d54c94d-c7a8-4981-bbb9-3934bed996d3,3,0,0,6,6,0,0,3,2
2d5652df-2ba9-45bf-8b86-162b4faa41e4,1,13,3,16,6,7,3,9,5
2d59a15c-fe87-4613-8412-fbaa6273d38f,1,8,6,6,4,5,5,0,0
2d6cd557-6b61-48ba-8aed-af3d3eb36433,3,8,6,9,4,12,8,16,8
2d76aedc-9426-4b00-8ec4-b9a7a3bfcf69,3,13,6,10,3,9,5,9,5
2d7b2209-62df-43b0-bf86-73c2e5506e7f,3,8,6,7,4,5,5,0,0
2dbe6e03-e1bd-4a43-8ea9-15fbac55f9f9,1,9,6,5,1,6,5,0,0
2dc57855-113b-4051-8db8-ad640e3e6149,3,14,4,15,6,9,3,12,5
2dded50b-1b3b-472d-9445-92e1d77ddb2b,1,11,6,8,2,13,5,14,6
2e24a461-2b8c-4972-8f72-57da020bfbd0,1,1,0,6,5,3,0,11,7
2e3ce30b-fde9-49da-8eef-aaccf2c2cc73,1,12,6,11,3,19,5,15,1
2e41eb80-9e69-49be-91e9-cf201181d524,3,8,4,9,6,4,0,10,5
2e49155e-6dbf-48da-87d6-f6c3ede073e9,3,14,6,10,2,7,5,5,3
2e5c93dd-92ce-467d-87f1-835c1734a684,1,9,6,3,0,5,5,0,0
2e76f911-ee2f-4e31-bb87-5dddf37e7647,3,11,5,11,6,13,8,11,5
2e7d5ed3-ab67-4d44-bf4e-46876204f770,3,6,6,1,0,9,5,9,4
2e82ea56-66c6-486d-8730-3b007866fb0d,1,14,6,12,3,10,5,8,4
2e87adc6-096f-4717-88fe-1a42f19af191,3,11,6,9,2,5,5,0,0
2ea0e5c4-a0c8-4241-a08e-a516ccb949e4,3,11,6,5,0,9,2,7,0
2ea14fe3-d75a-496c-8af0-6695e3ec5ea9,3,11,5,12,6,17,8,14,5
2eae804c-67a2-40ae-969b-effa0189d29a,3,8,6,5,2,10,5,10,6
2eafffd4-9ce3-452e-9119-ad6c3553c030,3,9,4,11,6,14,7,9,2
2ecca834-b823-4c28-b471-2e954360e4d8,1,3,0,9,6,4,0,9,5
2eeaeab3-6b7e-4c06-a221-6d1af180ff92,3,9,6,9,5,8,5,2,0
2ef851c1-81cb-4150-a8e0-cdd5285bd7ae,3,11,6,10,4,11,5,10,4
2f29f1d5-4ac3-4db9-a596-3f0f614473ea,3,11,6,8,2,10,5,4,0
2f2b9ad7-fc1c-470d-8583-d9a1a20ee30e,3,8,6,3,0,11,5,8,2
2f47eba0-a8ab-4158-b6e0-b57c1fe67ef3,1,10,6,9,5,6,1,11,6
2f515a55-4f59-4628-aa87-3c412ac4e0f0,3,9,1,13,6,17,6,15,3
2f60076e-849d-4f76-bd70-5c7a71ea4add,3,11,6,8,2,14,5,11,3
2f645b48-4688-4530-ad9f-c8ebe50dedf8,3,5,0,7,4,9,2,10,5
2f6f1453-3f6f-4755-b14c-fdc832d404f1,3,10,6,6,1,9,5,5,1
2f762b4c-bce7-4b71-8e89-1c6a35942a8b,1,12,6,6,1,12,5,10,2
2f769607-c3be-4781-aeb3-5c616e639f32,1,3,0,8,6,4,0,10,5
2f852003-4125-4dc1-b3e9-1d13240b209b,1,7,3,10,6,9,3,11,5
2f946038-6332-404c-a9e9-f5e13a479a5d,1,16,6,12,1,12,5,9,2
2f98bd65-b599-427d-863b-7ef8aac29c0d,3,7,6,1,0,13,3,20,11
2f9c17a0-9c99-43f3-8974-bb3f3e745bb6,3,9,6,6,2,12,5,7,1
2facbe0d-6fd7-49cc-a604-e03138cadecf,3,13,4,14,6,14,8,12,4
2fb4263a-087c-4640-8639-578dbccbda72,3,8,6,4,1,10,5,6,2
2fb4686c-16d8-45f4-b014-ff83e2c4d357,3,9,6,6,2,13,5,12,5
2fc596c9-f1f4-4973-bcd5-cca8812b0342,3,10,6,8,3,7,5,3,1
2fd03616-b951-43a4-bdb4-e6825b137047,1,5,0,10,6,7,3,10,5
2fe93e9f-8821-41e3-b2a6-09ddd981dd81,1,10,6,8,3,7,5,7,5
2fec26ed-ec3c-4b96-b254-982ed8ae4e54,1,14,6,13,4,6,5,0,0
2fedab78-01d2-4770-8567-96e609118672,3,6,6,0,0,6,5,7,5
2fef1ce9-6559-4a25-82b9-970a05b6d0c8,1,8,4,9,6,5,1,9,5
2ff88f2b-87a2-475f-83f3-b627234b1b89,3,10,6,9,5,19,7,18,6
30051148-a4e1-4d99-9b3e-90275e0dae20,1,14,5,15,6,12,3,13,5
3012e2cf-1787-43f0-abe1-015fdd22b516,3,5,2,8,6,3,1,8,5
301afd1a-8c9e-4a0c-a222-3efff3975037,1,11,6,6,1,9,2,17,10
301ddb16-7cd7-4545-beb7-1ee03ee7a09c,1,14,6,12,4,8,5,6,2
301e3214-c627-474d-b906-5bb420ce6eea,3,4,1,8,6,6,0,11,5
302031e4-ddfc-4437-b1be-69f0ca6158e3,3,10,6,6,2,10,5,10,2
3029971b-61d3-405b-b67d-2ec64967b033,3,17,6,14,2,6,5,0,0
303ca9f4-d376-40a4-b6dd-99968127ba0c,1,9,6,3,0,10,5,11,5
303de34a-70d2-4114-8dc1-88674ae564b0,1,8,2,12,6,21,10,15,4
30400135-69d4-430a-9de4-a874fe33cd45,1,11,2,14,6,3,1,8,5
304c5544-7f32-43d1-9e2e-860f5d6daf64,3,15,6,15,5,8,5,2,0
3057eaaa-1fc6-4572-8a76-51dca122ca5b,1,6,1,10,6,7,1,11,5
3067e6c1-d483-47f7-9cc9-0063ff0aef56,1,10,3,12,6,9,5,12,5
306d92dd-73a9-42e8-95cc-51ab233df999,3,14,5,15,5,9,6,4,1
307f0273-4e64-4d9b-9abb-eab2fba418cb,3,9,6,3,0,9,5,5,0
30830def-f17d-48be-b6c7-ccbfaf59124a,3,9,2,12,6,7,3,9,5
3085df27-ebcc-4365-b4f9-a04a682254da,1,11,5,10,6,7,5,9,6
309b5201-5453-4353-ad94-8484a1f2d9ad,1,9,6,4,1,11,2,18,10
30ad1d5e-ee9a-47b2-a3b4-7c35ed6a3300,3,12,6,9,3,10,1,16,8
30b12762-d18c-42c1-bcd5-c8291cba1709,3,11,0,17,6,7,3,9,5
30b76f55-17b6-4841-a6da-68a9411fb062,1,13,5,13,6,10,6,8,2
30b77e7c-e138-442b-add4-fccbb8ef36e7,1,11,3,14,6,7,3,8,5
30c13d60-34ff-442b-9ede-f9ff60f3eaf4,1,4,0,7,4,6,0,12,6
30e878dc-c712-41af-a4c2-3c2669c822f2,3,15,6,14,5,6,1,12,6
310cd1ba-150a-42e2-a82b-b667c676d8f5,3,10,6,5,1,6,5,2,0
311eb828-2180-4ed4-84b6-fd668603af3e,1,8,6,5,3,7,5,2,0
312ce14d-5f6c-4788-86a6-59058ad63b2e,3,8,6,2,0,9,5,5,1
31513a1e-e6ee-44f6-bc94-80bfe05917a0,3,13,6,12,4,11,3,15,7
3160411b-2217-4cad-a14b-61d763203f0e,1,9,6,3,0,6,5,3,1
316b158b-ba20-4d88-a923-8c7edebcfef1,3,20,6,18,4,23,7,23,7
3171dc52-4c2e-49a6-92eb-4fef7ef77caf,1,18,6,16,3,15,5,15,4
317b84d7-2ca9-42f2-9536-f52f20759c5d,3,10,6,5,1,10,5,10,4
318382e6-a204-49aa-99fa-5210f7c070d7,3,11,6,6,1,10,5,10,4
31880441-0796-4e5a-ab2f-9cfcce3a7815,3,7,3,10,6,14,9,9,4
31aabc75-f75d-4209-b79c-047f55d440c4,3,15,6,12,2,20,6,23,9
31ba10c7-117c-482b-9003-5e4e2d8d985b,3,16,6,12,3,10,5,11,5
31c3f993-873f-4507-9e48-ff4f62fc36c2,1,5,2,8,6,2,0,7,5
31e1db47-a6a2-4d9c-980c-67086dfbeee4,3,12,6,12,5,9,5,8,4
31e2b273-a64e-42e2-b245-8ab1d9064969,3,10,5,11,6,8,4,8,5
31e8e5b8-f8c4-45b0-b81b-aba11a932f12,1,3,0,10,6,9,3,11,5
31f85a92-e0c4-4861-bb39-b0d2726f3fa2,3,17,6,15,3,7,5,2,0
32050ff2-9a79-4bd6-aba7-5a61580981df,1,11,5,8,2,7,3,12,9
32163103-7b19-4720-83c7-b3779f7cfafc,3,15,6,12,3,6,5,4,1
32274e14-fee5-4233-b5bd-6109bc399ef7,1,11,6,10,5,8,5,8,4
326a2ce7-c7f4-4e8c-8547-d958865e7ceb,3,3,1,8,6,10,2,12,5
3279136b-6765-4822-8bcd-174ab42cf915,3,11,6,6,1,5,5,0,0
327aa794-3dbe-40df-b1ff-1f287c07f3fb,3,12,6,8,2,9,5,7,3
32831cc4-2ef0-4b18-8774-aaa69706c95b,1,20,6,20,5,11,5,8,2
329138a3-3b7f-4dd2-ba52-e56f3b81a453,1,3,1,4,3,6,2,15,9
3296603f-1022-4fc9-9fa2-67415fef0d18,3,10,6,4,0,8,5,3,1
32a1300d-009d-4c02-9801-71497df8de86,3,12,6,9,3,12,5,12,4
32aabe0a-146b-43db-8a8e-8d6d94a0168f,3,8,6,3,0,17,5,12,2
32baa617-2aea-4ff2-bbd6-647996e4b0ad,3,8,6,2,0,10,3,18,11
32ef2655-3205-4515-a4d6-391ac4cfaf19,1,8,6,6,3,7,5,3,1
32f5d1ef-cf1e-4256-a931-e796765687e9,3,14,6,12,4,15,7,16,7
330c8fab-8275-4877-992b-c657d237d42d,3,11,6,9,3,8,5,2,0
3312aba9-58ba-442c-b739-d4a8e8b06356,3,10,6,9,4,11,5,7,1
331737ab-56c2-4cbc-8ee7-d1666e2254d6,1,7,1,12,6,5,1,10,5
3318b87c-9f14-4a13-9bcb-970f7489ef5d,3,12,6,9,2,16,5,16,6
333887e4-0d0a-492e-b7cf-32b87e178cde,3,8,6,2,1,8,5,8,4
33440b25-a946-4436-bc93-835575fbb20c,1,4,0,9,6,19,7,18,5
33481abb-4126-4cd7-b7b8-49bb80c127a3,3,11,6,6,1,12,5,12,4
33508280-7982-446a-bc1f-f97d69ae92e1,3,6,0,11,6,14,4,16,5
33556efe-4b4d-49d6-86d9-8d0bed8e223b,3,10,3,13,6,8,2,11,5
33654f05-8bb5-41c3-8638-332cc9597b1e,3,20,6,20,5,14,2,11,0
33703273-0654-4ac8-bd8c-ffe53e8cc9dc,1,8,6,5,3,5,5,0,0
337ed1ec-5dde-42e3-ad1a-50fd1adeb3d4,1,11,6,7,2,9,2,15,9
3383f3df-ab73-4c62-bdd4-846fe2619b12,1,5,2,9,6,2,0,7,5
339d1d6d-9541-4884-96ad-5405d3a621c9,1,7,2,10,6,13,9,7,1
33a1924c-0645-4cfe-a307-de3173ba0323,3,9,6,7,3,6,5,0,0
33abdcf7-9ea8-49f3-8d98-b5c7f804ae8d,3,12,6,11,4,9,3,11,7
33b383c8-6ef7-479e-9587-5438e4c99014,3,12,6,10,4,10,5,9,3
33c6f523-e864-409a-ad9c-7e90e4bb4c58,3,8,6,3,1,6,5,4,2
33ce0bb6-03e6-4b24-bf26-bfa350db3122,3,12,6,11,4,13,5,9,1
33d4348a-b199-4ce8-ad5e-d65bdd922fd5,1,3,2,7,6,3,0,12,5
33dfdce3-7a6d-4165-8604-1630be32bc8c,3,11,6,11,5,12,4,14,7
33e87c76-56e8-42ce-ade6-98382d18ae72,3,9,5,10,6,10,6,6,3
33e9925b-ea94-424a-b67c-91d74c533b4a,1,9,6,8,5,4,1,9,6
33f78114-b9b4-40d8-8ff0-adea1c4428fd,3,12,6,8,1,8,5,3,1
340a8121-0509-428b-ac5a-d0a3b381cf2a,3,7,4,8,6,8,4,9,5
3437346c-8cb3-4839-87c2-aaa5a2b33c71,3,9,6,9,5,8,5,4,2
3439248f-af4a-4384-ae06-4290371f37bd,3,12,3,15,6,6,2,8,5
343ccf8a-29b6-4d58-beba-e1a21d1cbc11,1,5,0,10,6,18,8,16,5
344eca36-98e6-4a73-b486-78a9af3ea864,1,13,6,12,4,13,5,8,0
3462b24b-ab58-4e6d-88e4-08518068ca54,1,12,6,9,3,10,5,11,5
346a5071-d0f0-4a31-9f92-087026126e07,3,15,6,13,4,9,5,6,2
3470d94e-8a7b-4923-a470-edc0b56f1a65,1,8,2,10,5,11,3,13,4
3475c2e6-4f65-4e44-82b1-215dece7ce87,3,10,6,5,1,6,5,3,1
348ad3be-879a-4c24-8673-ca3054a90119,1,13,5,13,6,12,4,14,5
3494e76a-3fea-404e-85dc-659b79e39972,3,8,6,6,3,9,5,7,3
34bb4c5c-e1d0-4158-af3c-a3eee8ffe77c,1,7,5,2,0,13,8,4,0
34bb61d9-f39f-44b6-abc6-ad0f466928aa,3,11,3,14,6,23,11,19,6
34bf9cac-2c57-4ce1-a8e0-c356947eb716,3,10,6,9,4,8,5,3,1
34c329d4-4a92-4097-9f51-d01d8cdeb9ba,3,8,6,3,0,11,5,10,4
34c36adc-fea7-4c5e-ae1f-b6a3a62ede8e,3,15,6,14,4,8,5,5,1
34c55045-b816-40b4-aa27-5175f9f96183,3,12,5,13,6,8,6,4,1
34cb2918-cff5-4476-b433-1d33facd2161,1,14,5,15,6,3,1,7,5
34cd4344-2425-45d2-b3b0-77d35545a4fb,3,14,6,12,4,6,1,11,7
34ce8c5e-74a4-42a8-805e-b0b7432c5ac2,3,16,6,16,5,8,4,10,7
34d8bcd1-3c9a-4fe6-9d31-f802610c7dc7,3,14,6,13,4,8,5,2,0
34ede982-0e18-4b97-9d3d-358a1a06bf18,1,0,0,6,6,12,6,11,5
34f10f73-47f7-40da-ab44-5e161ca2d932,1,11,5,12,6,2,0,7,5
350898c4-36e8-48fd-b20b-d06a8f352261,3,4,1,9,6,9,5,8,5
350e2b14-ea93-4cff-ba1b-7fc506a82645,1,8,6,4,1,8,5,3,1
3512e2e5-d7f5-4904-b826-ff0325cabcbb,3,11,6,8,2,9,5,5,1
3513ef0e-6ba7-4847-a4b9-3a14aefb134e,3,13,4,15,6,16,8,13,4
351e5210-caec-416d-98c3-f0075af2d3e7,1,5,0,11,6,8,2,11,5
35209cc0-bf9f-4b30-b504-75bbdce29f2a,1,9,6,5,1,7,5,2,0
35328c33-7c66-4979-956f-c0163e58eae3,1,5,1,9,6,11,7,9,5
353f8371-6e95-48ef-846c-240b34ea6fde,3,1,0,7,6,10,4,10,5
355824e7-ed02-4294-a83d-a06dcd397a97,3,6,2,9,6,30,10,22,4
355c25d5-8573-4f34-b223-9f1204edabc2,3,7,6,4,2,6,5,0,0
356339fe-ba04-427a-8317-56d945957b23,3,14,6,12,3,12,5,9,3
356572ef-0457-4562-93cc-1ccf439a9d07,3,5,2,8,6,0,0,6,5
359599fc-d294-4443-bade-ce68423190bb,3,9,6,5,1,14,5,15,6
35def3b0-f224-4f5e-b468-4a5bd5773a7c,1,13,6,9,2,12,5,12,4
35e9fed8-fc96-4d84-a2f5-8457af004047,1,8,5,8,6,10,6,8,2
35f3e378-a8fe-43d7-8a16-bc3f43117ce1,3,6,2,10,6,2,0,7,5
35f5d6e5-6641-4644-9b16-e11942f2868f,3,8,6,3,1,12,5,11,3
35ff46a9-da9b-4cb3-a94a-df34155218a1,3,12,6,7,1,10,5,7,1
3604b43b-5b44-4e59-bb03-57d15b5ced6e,3,12,6,6,0,7,5,4,0
363fbc32-db21-4a06-b5fb-60a9dc9c15dc,1,2,1,4,3,15,5,13,8
3644a4d3-2876-4dc3-b16c-2a937556b202,1,13,5,13,6,7,1,11,5
364c6038-5bc8-4293-a51d-4d8017d4ff42,3,15,6,14,5,12,4,13,7
364d73ab-a4a5-4af1-af44-5ab64ff1ddd3,3,10,6,5,1,9,5,5,1
365bef4b-81fb-4f72-9576-2b94b2dba315,3,12,6,11,4,11,5,7,1
365d9ecf-d74a-43d3-9f55-f4c31c9cc757,3,10,3,11,6,12,4,14,5
366319d4-ccfc-4399-8d29-cdedc826b7b7,3,9,3,11,6,0,0,5,5
3663a7ef-c313-4265-81a1-445c2ed89910,3,14,4,15,6,10,6,10,6
366f4e4b-0314-4600-bae6-e99d35d94cb7,3,12,6,6,0,7,5,2,0
36744cde-7435-443c-9555-7c5cb7d3a523,3,4,1,9,6,8,4,9,5
3698454e-8dc6-4515-be90-d9575f917826,3,14,3,17,6,4,0,9,5
369fccba-3447-44c8-abd6-5735df44a5d3,1,5,1,10,6,4,2,7,5
36a5331e-097b-4932-842d-36a436b1a4a5,3,8,3,11,6,8,4,9,5
36ae84c4-1d3e-48e0-9eff-b112bba1972e,3,16,4,17,6,15,7,13,3
36c8557d-eb79-4730-bf33-06a41ecf63da,1,11,4,12,6,10,2,13,5
36cf3390-96cf-40ee-965d-c4b4ead219fd,1,8,6,3,2,9,5,6,2
36d35150-bd5c-474d-abda-70394956fd83,3,12,4,14,6,13,7,8,1
36d5e537-b41f-49bc-865f-0266b4fc121a,1,13,6,12,4,13,5,12,4
36d684d1-6f33-4ab7-a047-f2825e77d54e,1,4,2,8,6,7,3,9,5
36de6ae6-b81a-42b5-8aaf-dc3691ec5953,3,11,5,11,6,10,4,12,5
36ed01db-0aec-41ab-9df1-555a6ff1d15e,3,12,3,15,6,0,0,5,5
36ed01db-0aec-41ab-9df1-555a6ff1d15e,5,15,6,11,3,6,5,4,2
36ef608a-6cdb-4bec-be34-28edcfda14e0,1,12,6,8,2,6,5,3,1
3704746c-ee6d-4110-911e-76891802f2b2,1,12,6,9,2,18,5,18,6
3704a658-34e0-4c9a-aecc-1cf83119540e,1,14,6,10,3,11,3,14,8
37065aaf-9442-4413-a69c-2a95bc1afd54,3,15,4,16,6,5,1,9,5
3707410e-1b74-439b-9c89-8d69417c55fb,3,8,4,10,6,6,2,9,5
370aa14c-046a-4747-b0d7-08611baf1979,3,8,3,10,6,9,3,12,5
37155eb5-d46b-4f64-b6e1-b9ad8d719d44,3,10,6,9,5,6,3,8,6
37221151-eb18-44b9-bad0-8ac57fe1bbb9,3,3,0,9,6,5,1,8,5
372412c7-da4a-4b3f-8579-53f59a47ae2c,3,12,6,9,3,8,5,5,1
37282177-2eeb-460c-89ec-1df40fe6b9a1,3,14,6,9,1,11,5,12,6
372e90f4-e12f-4c80-b80e-82e560fd5ff4,3,9,2,12,6,12,6,11,5
3730576a-ec5d-4ca2-98a5-9b2f0e5e6dbd,3,12,6,10,3,8,5,5,3
37314de8-839c-4310-ad0c-1f06960e9273,3,7,2,10,6,11,3,12,4
373f219f-fd24-4a67-9ff6-fa7beadda50a,1,7,6,1,0,6,5,2,0
3744b504-d946-4542-8279-59e8d2b971ac,3,11,6,10,5,7,2,11,6
375b49aa-d085-4d13-9021-6dd753e8ed3b,3,2,0,8,6,4,2,7,4
375fa766-d207-43d7-a0a2-513e72448bf5,3,1,0,7,6,15,5,16,5
3762bac9-3748-42c8-8385-a315e3e81885,3,6,6,0,0,6,5,3,1
3764f15b-3f2d-4fdc-a775-f88f2a50f51f,1,12,4,13,6,3,1,8,5
376bd544-1367-4a30-807c-212a6d53cb13,3,4,2,8,6,9,5,8,5
37742292-eb13-497f-bf60-fbb59272b3c3,3,11,5,12,6,9,3,12,5
37755351-8d94-4531-858d-7a6153068e36,1,11,5,17,5,1,0,7,5
377a8c97-071d-4aca-8ca9-a913217ba5e5,1,9,5,10,6,7,3,9,5
37980b58-4ccb-4d22-8bf4-03c611805cbc,1,13,5,13,6,2,0,7,5
37997810-ab07-49e8-b0a2-45ed8cef4818,1,10,6,7,2,7,5,3,1
37af9cf3-46e1-420b-962f-6f4c81a5fd80,1,10,6,5,0,9,5,7,3
37b10daf-a0ef-4168-8bf0-dfb75f972868,3,11,6,5,0,11,5,10,4
37d2f31b-1024-4084-a806-d67303e736d7,3,9,6,4,1,15,5,16,6
37db69ce-dc45-4d03-aa10-575d7cb31c2a,3,9,6,5,2,14,7,18,9
37ee4d12-d4ee-4bdc-9aa8-6211bef27eca,3,8,6,2,0,7,5,2,0
38165484-6434-4746-bf83-5e9e75eebae4,1,8,3,11,6,7,1,10,5
382a0135-4cff-4993-8261-b19f68c82429,1,16,6,16,5,10,5,6,1
3834a469-30b0-46fe-bc7e-44949d402888,1,11,4,12,6,12,7,8,1
38420c46-2e5f-4985-acfd-e34a791ddf40,1,13,6,10,2,11,5,9,2
384609ec-2742-44c1-b689-1f504b30d842,3,10,6,7,3,15,5,15,5
384b6049-84ef-486e-8ab3-8ca3a79dee57,1,6,3,9,6,0,0,5,5
384d2525-8baf-4666-aae3-0a39a5c6de44,1,6,6,0,0,15,5,18,8
3898c0d5-44cd-4386-a11f-5b100886457a,3,13,4,10,6,10,7,3,1
38a65492-95ac-468c-9bda-43092ae45ff9,1,7,2,12,6,19,7,17,5
38aedaef-d43c-4aa8-8448-22ca86e52578,3,9,6,4,1,10,5,13,7
38bd406a-c686-4eed-9889-3bc5c9a585d7,1,11,4,13,6,4,2,7,5
38bf1627-68be-475b-aef6-192a1127d095,3,10,2,13,6,11,7,10,5
38c9bd0d-4a5b-4d24-b6be-02b85a1e255e,3,17,6,15,4,8,5,9,4
38dd98bf-4550-43e6-818d-c6866f26aad0,3,7,4,9,6,10,1,12,5
38ddbdf0-04e9-4049-924f-d0ca2dd9656b,3,9,3,11,6,9,5,10,5
38e06a11-73ca-4c26-b036-ce96c7ae6d02,3,11,6,6,0,17,5,19,7
38f1849a-295c-44d6-8857-e6ca151a13a6,3,9,6,6,2,12,5,13,7
38f401b3-a887-45ca-b88c-cf447fade1ca,1,6,6,0,0,11,5,11,5
3912f2e5-3b61-4761-8626-10608d6a1315,1,9,5,9,6,6,2,9,5
393b066f-a072-495d-93f0-c4b4ec5758d6,1,7,2,10,6,6,2,10,5
393ef911-5f7f-4d49-8208-4af945d609ad,3,6,2,9,6,9,3,13,5
39427258-7c23-4521-aa14-5069c179e4ce,1,14,6,12,3,12,5,9,3
395865fa-b93c-46df-8a94-a0149c6ffa0a,1,6,0,11,6,4,0,10,5
395a7b75-0400-4cfd-aab1-19d82874c8e2,3,13,6,10,2,16,5,17,7
395aa103-4b06-42fb-94fe-b3b49b656f14,3,3,0,9,6,11,3,13,5
39654c88-f782-4c0d-8962-624a39ee054e,3,10,6,7,2,14,5,12,4
3973a4aa-6f2b-47b1-8d32-eb15eec551d0,1,6,2,9,6,3,1,7,5
3974ef29-acf7-4c50-9efe-d77853e83031,3,11,6,6,0,9,5,7,3
39765e0c-cc6d-45dd-a56d-1cfc573222a5,3,12,6,11,4,8,2,10,7
39783cde-6179-4e3d-8664-88bf4fe219fa,3,11,6,9,4,18,3,21,7
39783cde-6179-4e3d-8664-88bf4fe219fa,5,12,6,13,4,5,5,0,0
39898ede-24c1-4987-bdf9-1b373686ee6d,1,15,5,16,6,8,4,9,5
398cb17b-8746-47d3-8a53-bb7f92efc5ee,3,13,6,8,0,15,5,14,4
3994ef6e-9eaf-49b5-8869-ae4f1175b553,3,15,6,14,3,7,5,2,0
39980843-afbe-495a-b46e-24d6ef52ff6a,3,9,6,4,1,9,5,5,1
399c7cf6-ad6e-42e7-80c4-4d7cc6099b71,1,5,1,10,6,4,2,6,5
39b69c93-c7f2-4a73-9dd5-af18c4affdc8,3,14,6,14,5,10,4,12,7
39b69c93-c7f2-4a73-9dd5-af18c4affdc8,5,11,6,10,5,10,4,8,2
39be3579-4382-465a-b6cb-2279e26a7e70,3,12,6,8,0,5,2,2,0
39ca0370-30b2-446a-8431-7761fa85aa77,1,14,6,15,5,11,5,8,4
39d8f986-0b3d-4018-9174-dccd49c8750f,3,4,1,9,6,14,7,10,5
39e391e2-a796-4524-8421-60322368604a,1,9,5,9,6,11,6,8,2
39fbebf7-2d11-4846-8b06-00364f1e1284,3,10,6,8,3,14,5,14,6
3a1070e9-3729-4aeb-97db-2fab0c620f58,3,6,2,10,6,8,4,9,5
3a1070e9-3729-4aeb-97db-2fab0c620f58,5,10,2,14,6,20,10,15,4
3a166aed-8360-4710-84e1-8d9391ba99d6,1,6,2,9,6,11,3,14,5
3a41466f-c559-4a16-852c-97b008f3c6ff,3,9,2,12,6,4,0,10,5
3a48b823-7174-4c23-aeaf-b53b12f20b6a,3,5,1,10,6,2,0,7,5
3a491ddc-5c5a-4a48-8497-c5413ef436b6,1,12,6,10,3,11,5,9,3
3a506b5b-f30b-410e-9c9a-269bc1f284f8,1,8,3,10,6,0,0,6,5
3a5c2625-eb9c-4544-8617-7f053d881fdf,3,13,5,14,6,10,2,13,5
3a66d4cf-f55d-4f1f-8e2b-ec4ec9b0d91a,3,9,6,6,3,12,3,16,8
3a74acad-04c4-4f02-aadc-2a41006a9580,1,11,5,11,6,5,1,9,5
3a775238-c4de-4272-a720-0ed6ed4ca738,3,5,3,8,6,16,9,11,4
3a89ba1a-4c5e-4111-8991-c4b40bf94493,3,9,6,4,1,7,5,2,0
3a95ea82-2ca7-4036-a4c2-f9ba2cb6615c,3,17,6,16,5,5,5,0,0
3aa10143-6b37-470c-84fb-dcda764bfcd0,1,3,0,5,3,5,0,19,13
3ab38b1b-b096-4e53-886d-165414e01fd2,1,12,4,14,6,14,6,13,6
3ab8a4b1-81d7-4a6a-abc9-f6920b538b32,1,8,6,3,1,6,5,2,0
3afb8a1b-3f5d-480c-a891-7aaf54990f36,3,12,6,10,4,6,5,3,1
3b0f8464-3a42-4e9b-ad38-91c7cb547618,1,12,5,13,6,7,3,9,5
3b18d7ab-a940-484e-ae51-52bac547c3e7,1,11,6,7,1,6,5,0,0
3b1e656e-e8fe-460c-bcc6-58e5e96d43f2,3,5,2,9,6,14,9,5,0
3b2ff389-2c9c-49f8-830f-60a9dd61e036,1,9,6,6,3,8,5,5,1
3b37e242-e989-4ca5-a704-25ce06e7ed38,3,8,6,4,2,12,5,15,7
3b3bb0d8-f1be-4b83-a784-8ccbc6f8fc65,3,12,6,10,3,11,5,9,3
3b4d5bc7-ec32-475e-b3f9-28ec8135a228,1,6,2,10,6,8,2,10,5
3b54185f-1cef-4fb9-b9dc-675d4fa7b8ab,1,17,6,14,2,9,5,7,3
3b55f8d7-5cd5-439c-8585-1d5df2ba3436,3,5,1,10,6,2,0,7,5
3b5aa680-193a-49cc-aebd-21b646c3a4d6,1,17,6,13,3,13,4,18,8
3b64b908-c160-45a6-b838-5a3805c68370,3,9,6,3,0,12,6,16,10
3b841518-e7f8-4e1b-ba80-9cd129a30247,3,16,5,18,6,9,6,5,2
3b9dfdd3-90e0-42f8-bc7f-5fb1d14ca99e,1,10,3,12,6,10,4,12,5
3b9e2adb-9f65-4c42-8c9c-2a3cc6a2545d,1,4,3,7,6,17,6,14,5
3bc0f8d3-4681-4c7a-bef1-991571104b36,3,9,3,12,6,16,9,11,4
3bcb000c-d671-4021-b180-d437c305785b,1,5,1,10,6,3,1,6,5
3bced5f8-e496-4286-9f4a-9c8875ee150e,3,11,6,10,3,11,5,12,6
3bdc9f5b-d8aa-4316-905a-026a1e813e20,3,6,2,7,3,0,0,0,0
3be39877-13ff-4e1b-b13e-988698738276,3,8,6,2,0,7,2,17,11
3be66a25-77f1-4363-8c9b-c6486826a4d8,3,10,1,15,6,13,5,12,5
3be8e874-1a9e-497f-93e1-06492329c9b9,3,12,5,13,6,8,4,8,5
3bf43a43-bc8f-4a1a-9bd8-79618a908647,3,9,6,5,1,6,5,0,0
3c04245a-3d54-422e-9e30-8178ed8e3a80,3,15,6,15,5,8,2,11,6
3c2706d0-13ae-4490-9601-b95ce98597f4,3,12,3,15,6,9,3,12,5
3c302588-0a58-4b4c-8a09-7205e9f89683,3,10,4,12,6,14,8,9,4
3c3e99ca-46f5-4029-aa6f-762529d0b3a6,1,14,6,11,3,8,5,2,0
3c3f12f5-91d8-4d66-94be-45e7e56a4796,1,14,6,10,1,9,5,5,1
3c417254-f204-4508-ac24-c725b0ee890c,3,2,0,8,6,8,2,11,5
3c67909d-9853-48c4-a450-6ff8e2195e51,1,18,6,18,5,8,5,2,0
3c6f1534-2c4f-433d-a5b1-b7bd8e803917,3,11,5,12,6,11,6,7,2
3c7664ec-b00f-4d8e-9734-1836ab7b1355,3,11,3,13,6,15,5,16,5
3c7b3382-bbe0-4b97-a5f2-b6a898aec685,1,12,5,13,6,7,3,9,5
3c86a60a-6893-434d-a8bd-f8a7d6633f2e,1,6,1,10,6,13,5,14,6
3c897171-ad72-43ad-94a3-f8e0f82035aa,3,11,5,11,6,8,5,6,2
3c89fc51-1978-4aa6-b24e-c4e325ca647e,1,4,1,8,5,6,0,11,5
3c8f890d-85bb-4375-ad87-655ffcba8e16,1,5,0,11,6,5,1,9,5
3c97221b-f0dd-4694-9820-da78129f03b4,3,19,6,18,4,10,5,9,5
3cb0d6d0-9149-4532-8a97-a5c2838e6dd9,3,11,6,11,5,9,5,5,1
3cce4233-16cb-40fb-894d-ed301f0b61c4,1,10,6,9,4,7,5,2,0
3cdf2dde-32de-4dc7-8a05-b09600ab6ca1,3,8,6,4,2,8,5,8,3
3ce34e98-0610-450c-96a9-42c4114ff1fc,3,11,6,9,3,12,5,9,3
3ced18fa-17a6-4ce9-b635-474a7cf33192,1,9,3,11,6,8,4,9,5
3cf0477c-72d0-42fb-9232-d9f74b00c868,1,16,6,15,4,16,5,14,4
3cfa3c93-fc87-42c9-8b98-535aca6bdd8d,3,7,2,11,6,17,9,12,2
3cfe28e5-2852-41d0-8f62-cba77a26e78c,3,3,0,8,6,0,0,6,5
3d3ec7b3-aa9f-47ec-bfbf-b01cbae3a361,3,15,5,15,6,5,1,10,5
3d46daae-5806-4b22-a97a-1ad0966e3d27,3,10,6,6,2,7,5,3,1
3d5f8e2e-eb70-4a80-9833-19bfc0f0e2a3,1,7,2,10,6,14,6,12,5
3d613922-ef1c-41c6-a11d-3813dd9b9555,3,9,6,7,3,10,5,5,1
3d617a1d-6e9e-4eda-ae00-76600647bd11,1,5,1,10,6,17,10,9,2
3d849ba4-c53f-478a-92e5-33cc3beb7d0c,3,9,5,5,1,8,5,6,4
3d9f9589-d4bb-4133-adc2-de0b81ea896c,1,13,6,14,5,14,2,16,6
3db077ea-0fc8-4573-a3bc-2f8b3f2c95ee,3,7,6,3,1,14,5,12,4
3dbe587d-20b3-48d4-94c2-4fe618bdd79a,3,6,2,10,6,3,1,7,5
3de31551-6ef0-4f31-a451-483776562c93,3,2,0,8,6,9,3,10,5
3de5a469-fe6c-4689-a4b1-46de5b08b97a,3,11,3,13,6,2,0,7,5
3de64277-b726-4ab6-b579-014101d4ae02,1,18,6,16,4,6,1,12,7
3df5c6bf-2966-470d-aa73-7f3f02c34c78,3,9,6,4,0,9,5,6,2
3df7a7b7-046e-474b-ae4e-8a1b4491dcc7,1,9,3,10,6,4,0,9,5
3e161f40-0c8d-4cb2-bd4a-0ec3037c4187,3,14,6,12,4,16,8,16,8
3e181644-5d92-4ed6-8a29-6b88ea4312c3,3,9,6,4,1,12,5,11,3
3e1d07d2-2d10-4987-b655-f57564ecc238,3,12,6,9,3,10,5,10,2
3e27714a-0e3c-49bf-b576-92542b76f837,3,11,6,7,2,9,5,5,1
3e295361-bede-46ac-89ee-60cd6de9fcc0,1,13,6,10,2,10,5,6,2
3e5677a5-96c6-4ef5-a63d-485ef6b26637,1,11,6,6,1,9,5,6,2
3e60d08c-2f63-4f97-9fe9-a35ef9900011,3,14,6,8,0,11,5,8,2
3e954357-a676-426d-bc12-de93c82ecc41,3,13,6,9,1,20,5,23,8
3ea59a87-f8ec-4fbc-8461-bc7dfa3073ff,1,12,6,8,2,9,5,7,3
3eacfc6c-d45e-4b68-a131-914a54a22622,3,9,6,7,3,7,5,4,2
3eb70f89-9045-4737-8262-a2f72e11b0ff,3,8,3,11,6,16,8,11,2
3ec0f2ba-eee9-416a-97ba-6b4a5bd51aac,3,11,6,8,3,8,5,5,1
3ed07ed0-e1d2-477d-ad86-2f9276428f73,3,12,6,6,0,11,5,9,3
3ed687a6-b0f3-4390-a54c-02f9a84d4bba,1,7,6,2,0,12,5,6,0
3ee27d21-927a-4b23-9190-12092571fa5d,3,13,6,13,5,11,5,9,2
3ee87076-bf81-44e6-8554-7e6a1fe4a3b2,1,8,3,11,6,11,3,13,5
3eec3e93-3fa5-440f-8d37-00844c67f553,3,15,4,16,6,13,5,13,5
3f06b359-e16d-40ec-91d0-08bff2a03ecc,3,6,6,0,0,9,2,6,0
3f175f3d-72e2-41a6-8027-e98a46ada92b,3,7,1,12,6,10,6,10,5
3f18a39f-f7d7-40ca-89ba-fc54451df8dd,3,13,6,11,3,9,5,7,2
3f36b41d-982e-481a-803c-bacb76ef6629,1,7,1,11,6,5,1,10,5
3f397f65-8f27-48cd-aecd-d5d7f019a6ed,3,15,3,17,6,14,4,15,5
3f46f86f-4e45-47dc-9d4d-b35d0f46b416,1,8,2,12,6,4,0,9,5
3f54626f-a9b1-40e4-acf0-6d46b2611be0,3,15,5,15,6,6,2,10,5
3f578c65-6b93-4d60-ae01-1dc513280a1f,3,5,0,11,6,3,1,6,5
3f615cbd-213e-4771-8e54-84004be39746,1,8,6,4,2,7,5,3,1
3f629fa4-864b-4ff7-8f56-c3bd331c49fe,3,8,3,11,6,15,8,9,2
3f6735a4-9c88-49a5-999e-90f9a5c63f5e,3,13,2,16,6,15,9,8,0
3f76fa69-c7a2-4887-9124-6303ce9f99dc,3,14,6,12,3,9,5,9,5
3f7ffecc-9001-4a39-8404-5d4faf3fa426,3,12,6,11,4,7,3,9,7
3fb8fd74-8ca7-4148-a884-665574047cc4,1,11,5,12,6,9,3,11,5
3fbf4fb3-13de-4b64-a958-4f3bd36aca78,3,9,6,4,1,9,5,12,8
3ff8394d-c563-48a6-9f52-2f4f0b77b53b,3,0,0,0,0,0,0,1,1
400954e3-0cb4-4f5e-8990-d8b68bb0b92e,3,11,6,7,2,11,4,17,10
40134bd1-41b1-4665-9635-c35f9ef32f65,3,16,3,18,6,6,2,9,5
40224415-ddc5-4f79-9821-9c02ac56261e,3,7,2,11,6,14,9,6,1
404f6898-da4c-43bd-86f7-7f133c684720,3,6,0,12,6,17,3,14,2
40551372-ca41-4b2c-bcd1-169be8428e03,3,11,6,7,2,9,5,7,3
406c514a-06c2-4bb5-9a64-b5524ac7aeb8,3,15,6,11,2,9,5,5,1
407569ba-fea0-42d0-9a02-c3b747b3dcc3,1,8,1,9,6,14,6,9,5
408acbf3-beb7-439e-b340-37e3e5edbb8e,3,13,6,12,4,7,3,9,7
40928072-ebdd-46a4-8bf4-a577234ada4d,3,9,6,3,0,6,5,5,3
409e9438-00a4-490b-b7b3-8c2e3a27124f,3,13,6,8,1,9,5,5,1
40a0543c-7b6b-480a-a1af-8809e37868ce,1,8,6,4,1,8,5,5,3
40a46032-e7c4-4056-b88b-88f118dcc2a4,1,8,6,4,1,12,5,6,0
40a723d2-05a4-4d6f-8b59-8a94dd3c23ca,3,9,4,11,6,9,3,11,5
40af5607-cf49-4a0a-9220-d5105948d19b,1,6,2,10,6,7,2,9,5
40db6d67-71af-49de-b6a6-7a10b94cbed4,3,4,1,8,6,3,1,8,5
412b2b48-3a9d-438d-b201-97f8bcab273c,3,4,2,7,6,3,1,7,5
41308e5b-b7df-443b-afe1-435506a834dd,1,10,6,5,0,8,5,5,3
413bd12a-de72-45d5-8d95-9f7a4fb80faf,3,15,6,8,0,6,5,5,3
414543b9-c537-4b7c-bc23-27255c1f30e7,3,10,5,11,6,4,2,6,5
4164be3f-9088-4bdc-8797-ee821ac82d99,1,14,6,14,5,8,5,2,0
418439ac-a57e-446c-aa5b-06d5963e980e,3,7,1,12,6,3,1,7,5
41849e8c-01b5-4763-9032-0ebc64fde548,1,6,6,0,0,11,5,7,1
41895238-fa7e-4971-9a2c-35889808d760,3,8,3,9,6,6,0,9,2
419110ec-6084-43db-824d-ea5751fc734a,1,16,6,12,2,7,5,5,3
41ba9e02-40e7-4c6f-84bb-25af2ced86c0,3,11,6,9,4,7,1,6,1
41bee111-bf51-4c57-be11-268b0e49bdff,1,13,5,13,6,12,6,10,2
41c46d9e-7b49-4512-a714-44ef7aeb4ae1,3,17,6,14,3,6,5,4,2
41c4a013-b5b0-43d2-9ed0-9c4a518f1e53,1,5,3,7,6,2,0,7,5
41cd7a42-c7c7-4187-b48a-85f44e20d077,3,14,6,14,5,23,5,24,8
41d6ff8e-034e-4cae-b032-a199c7dfb7d3,3,5,3,7,6,0,0,5,5
41e36e7e-7495-4e7d-95ab-d05b84c3a7f3,3,9,1,13,6,3,1,7,5
41e444fb-7fc8-4169-af67-dc1933974d18,3,17,5,17,6,10,4,10,5
41f0d82b-21e2-4ebb-8035-2c6a075c4e12,1,14,6,13,5,6,5,3,1
42019dde-405f-4d25-bde2-a311d8e51fab,3,9,5,9,6,14,6,10,2
4205e06b-0767-4c62-b8ea-ee3b9b27884e,3,10,6,5,1,10,5,12,6
420b34b7-27f3-4488-a036-60a384ff1be5,1,8,4,10,6,13,5,13,5
421da8a0-d9ef-494c-b9bf-77622518f1b7,3,10,6,5,1,14,5,16,6
4229630a-1e46-4f83-81cb-e5bcfb610e29,3,10,6,7,2,8,5,4,2
422c46c0-2f38-4f10-99ab-11c7476f971c,1,10,6,4,2,13,5,4,0
423c787a-8520-4e75-9944-a82b497ab8d7,1,7,2,11,6,23,9,21,7
42469f73-c09f-4925-b183-31a5411d6090,3,12,6,12,5,12,5,9,3
42568382-e63a-4976-b50e-1e13d5d915fb,3,10,5,10,6,7,1,10,5
425e97e1-1657-4446-88c4-d695135373c5,3,5,2,9,6,19,10,13,4
4262a7f0-01ae-4d9b-b552-3ffdd2cfe4a0,3,12,6,9,2,10,5,6,2
4268f2ab-f0b0-4162-b86d-88dbcfa446df,3,9,6,5,1,7,5,5,3
426a6115-74c6-47ee-819f-df8ff03ecc74,3,3,1,7,6,6,2,10,5
42800e2c-8a93-49b0-866f-6788e63a0550,3,17,4,18,6,8,4,10,4
4282a59d-b78a-4290-aa33-66a2fa5bd8e2,3,5,0,11,6,26,6,24,5
4299ed17-e8b3-4f20-b671-8676a1758675,3,16,6,14,3,16,5,15,5
42a23971-8e02-46c4-a013-5d7e3f3fb4cf,1,8,6,2,0,6,5,3,1
42aab237-34a1-4e0a-87c5-2b1186994d13,3,13,6,12,4,13,3,15,7
42bf0e6b-6084-4c5d-a014-257e2f394a7b,3,12,5,12,6,7,1,11,5
42c23566-e5f7-4d85-b9e5-0755f2daa656,3,3,0,8,6,0,0,6,5
42c3d7cd-9cd7-4f8d-82bf-a5fa4a49e8b2,3,10,6,5,1,7,5,2,0
42c8c15f-a108-43d8-a5ee-23308d99ac63,3,15,6,13,3,10,5,9,4
42c991a6-1ee4-4984-975c-c5911ba9da35,3,5,1,9,6,15,7,14,5
42e6563e-fc7a-4a05-8003-50fa53a05d48,1,2,0,8,6,5,1,8,5
42fe3d4a-6fd3-4a23-88d7-0e083e4445a3,1,9,6,4,1,12,5,13,5
43215059-a608-4d11-859c-7c50ca981968,1,11,3,11,6,6,2,7,5
4325b48c-b44d-4e6c-b0ae-2294f9924d75,3,6,2,7,3,0,0,0,0
43292758-82e3-47b3-b442-4ccb74e4f790,3,6,3,9,6,21,8,16,2
433d30c2-65e4-4b1b-bfc5-981b7d347830,3,11,6,6,1,10,5,7,1
43513852-0e35-44bc-a6f1-9301334e06fa,1,14,5,14,6,4,0,10,5
435b3a04-0203-44d3-a9f5-64b3ecae5e40,1,8,6,4,1,13,5,11,3
436dabeb-e18d-49a9-9796-4e93bd5bc987,3,0,0,6,6,9,3,7,5
436e12a0-78c2-4960-abf5-7f3b7763efe5,1,14,6,9,3,6,5,4,2
4371764f-28d6-48d2-930a-0ad004d4400d,1,9,3,11,6,10,2,14,5
43799e99-6ac5-453c-9705-b2cb7e9d2a8e,3,14,5,15,6,6,0,10,5
4381a520-f818-4697-aed2-b4556cf5e54d,1,15,4,16,6,11,7,9,3
438623c7-b51b-49a0-aa7d-bcddad893c38,1,15,6,11,2,9,5,8,4
43ab6af3-2293-48a7-ab6f-c4e4ae80e5b6,1,6,5,2,0,16,8,6,0
43b0f8c8-3bb1-4b7e-82e5-1128d319ea7e,3,4,1,9,6,10,2,12,5
43b2e456-4a4c-4e98-be05-7d611f0fd327,3,6,4,3,1,0,0,0,0
43ca551a-0aa8-4ab8-af12-3a0e15f96c40,3,15,6,14,5,12,3,15,6
43df3cde-aaa3-4713-9734-3f1e7a718f87,1,15,6,11,3,7,5,2,0
43e6176b-a048-44d9-b8be-96e3cb18367e,3,11,4,12,6,5,3,8,5
43ea8681-78f0-417a-8897-20f8361f986a,3,12,6,9,3,13,5,11,3
43f123b6-89bf-44d1-be69-1ce6b9537027,3,5,1,9,6,11,5,12,5
43f8fd1e-5935-4cb5-9648-8a47bcbe3600,3,5,2,9,6,14,7,12,5
440011b5-2aaa-4f12-8a58-d8e945eb5dc3,3,12,6,8,2,12,5,13,4
44047ea5-6161-4c4e-9410-bc18f4312cb4,1,9,1,13,6,10,4,12,5
440b14a1-8aaa-44b9-b342-62aba8a65249,3,9,6,3,0,24,9,29,13
441162f1-5a38-44a0-be3f-f34ab5a4ee26,3,9,5,7,4,0,0,0,0
4411f33e-252a-4e49-bea9-6e1c41ba3f26,1,10,6,5,1,8,5,7,3
4417f033-089d-463d-9481-b4a7ab1edf93,1,1,0,7,6,0,0,5,5
44247cc2-633a-4951-bd38-5bafa30375b6,3,18,5,17,6,4,2,8,5
44365a9b-7fb5-4537-aea0-d67f15bf4a5b,3,9,2,11,6,11,3,13,5
44381ccb-8851-4d55-90c0-867323578d12,3,15,6,13,4,5,2,9,7
445e1c83-c865-4e60-8971-d87370a0438f,1,15,6,12,2,13,5,12,3
44614dd0-8b59-4d82-b4de-5c1466d6036f,3,3,1,7,5,7,0,9,1
4463d09b-2c87-4a51-b961-3cbb52ad3d4b,1,10,6,5,1,8,5,4,0
44695b72-6176-4d94-b152-d7e069a55a10,3,8,3,11,6,23,8,18,3
446f0a77-ca8d-4adc-ba5a-668218e2ada0,1,12,6,11,4,10,5,4,0
447413e7-3188-4722-b0ca-da2f3cc90b66,3,8,4,5,1,0,0,0,0
44a2b771-c641-42c7-94ab-afe8ba85d320,3,12,6,9,2,11,5,7,1
44bb50ef-3ab3-40a7-af39-f1d81d3a8e67,1,12,6,10,3,12,5,12,5
44d688f2-4bd1-44b4-a9e1-f3574031a655,3,8,6,6,2,8,2,4,0
44e731a2-679b-496a-9330-bb0b768d7207,3,10,6,6,1,6,5,0,0
44e96198-e4bc-4591-b19e-71c8b750e228,3,3,1,8,6,16,6,16,5
44ead740-1507-475c-9dc9-5e4e68fb65ad,1,9,6,6,3,18,5,22,10
45032fd1-29b6-450b-9b21-d2fd48e74bd2,1,12,6,12,5,8,5,4,2
450b48f7-f944-4a03-a261-77d1329b6054,3,12,6,7,0,12,5,11,5
450dfab8-e694-4ecf-a1d6-2cbe0d0f1ea6,3,14,5,14,6,3,1,8,5
45128157-2d69-4dc6-949a-cfc1a958e98f,3,11,6,9,3,10,5,5,1
45335837-402b-4eb0-a61d-3122f6ce9064,3,10,6,8,4,13,6,14,6
455a9e02-e51f-4c40-8ee9-0845921540dd,3,14,6,10,3,7,5,4,1
455ff999-bd11-4e85-abf5-e52184531b2f,3,8,6,5,3,9,5,8,4
45622d7d-fea1-44df-b79f-2d16445cfc08,3,12,5,12,6,9,6,5,1
4573042e-025b-4726-97e4-346511717e01,1,11,2,14,6,0,0,6,5
457e3a7f-7834-460d-888d-6f84b88fc3f1,1,7,1,12,6,21,7,19,5
4587a152-ca8f-4455-8779-6c504bf4b0c2,1,11,6,9,4,11,5,9,3
458c2ace-8b45-4773-a1b7-84f2158a53e7,3,1,0,7,6,10,4,11,5
4591f1cb-29ee-49e2-8d8e-eaa477438bc1,3,10,6,9,4,7,5,4,2
4597354b-224c-450d-8aae-473b7e46b0b6,3,15,5,13,4,9,5,4,0
459a3e47-4dbb-419e-a0fb-bf28835d594f,3,13,6,12,4,8,5,3,1
459b7aa4-3d07-4544-8c27-8112959c24d7,3,18,6,16,4,8,5,5,1
45aa9482-5c12-46e0-a1eb-e4f478b23fdc,3,16,6,16,5,5,3,6,6
45b401b5-0820-4fa1-9065-64e547715f4d,3,12,6,10,4,8,5,5,1
45d516ab-989e-4289-a97f-d92f6dd0cd6d,1,14,6,12,3,14,5,13,5
460c01b6-ac9b-410c-b99e-a7aae9b05496,3,2,0,8,6,13,0,30,13
461ddc3e-9838-4f44-805a-3bb12c6ba91f,3,7,6,1,0,7,5,3,1
4625f814-602c-46a6-9ae8-8dc889d645f1,3,11,6,11,5,14,4,15,7
462e123e-5424-4924-8e27-d3c07ed60075,3,8,3,10,6,12,8,9,3
465c14bc-0332-4ba3-86d1-1306b0dde918,1,6,6,4,3,10,5,8,4
4668ab0a-d156-432b-bf41-ed9cc96edcd3,3,10,5,8,2,11,5,8,2
466fd12d-d6c2-4246-9326-1b5f76ced094,1,6,1,11,6,9,3,10,5
468d1e27-842c-4b56-9aa9-7e25ee98b4e1,3,15,6,14,4,8,5,2,0
4698e018-247d-48c3-80eb-63ae2dd565c5,3,5,2,8,6,2,0,5,2
46a56d9c-767b-4ec9-8de6-1df94c657f31,3,9,6,8,4,10,5,9,2
46a59e6d-8e94-4ed7-823c-3a13dcf9c23f,3,16,6,14,4,6,1,11,7
46b93790-9b3d-41f5-a5f2-13a994bc6c71,1,13,6,12,5,10,5,7,1
46bc0542-5ca1-444e-b934-21d83b0f5fed,3,6,6,1,0,8,5,4,2
46c4d9b0-82bc-407d-9cc5-923f821c3150,1,14,5,16,6,11,6,7,2
46c6cdcc-f811-4f61-bedf-f9db8aea3e9c,1,15,6,10,1,6,5,2,0
46cf0907-83c6-44b2-8b4b-77c781f273b6,3,13,6,8,1,11,5,7,1
46db5638-1649-4328-8eeb-7ec61bb76642,1,13,6,11,4,11,5,8,2
46e4f2da-a28e-4565-903e-3f3c85461b7f,1,16,5,17,6,7,1,11,5
46ee2273-ea80-4171-8bb8-36888db49914,1,9,3,11,6,13,5,13,5
4709f47a-9540-4daa-8667-55085501026f,3,11,6,8,3,11,5,10,4
47188f68-df73-46ff-ad0f-d450c68a4ec7,3,10,6,7,3,6,5,3,1
474a3926-4f68-4bd2-891a-72e1a9f15c1a,1,8,0,14,6,2,0,7,4
475d5670-76d5-4757-9db8-dc170897f14f,3,9,6,5,2,10,4,14,10
4761eb9f-d57c-4797-8ec5-e2066890a8eb,3,8,6,10,5,7,5,2,0
47728e30-f194-4c28-8172-0b1f6c82862a,3,8,2,12,6,16,9,7,0
477526db-3e0e-4438-a120-7822e72cc257,1,4,2,8,5,13,7,11,5
477eb5f8-7db6-4013-b1f2-0c7dadf84fe5,3,5,2,8,6,4,0,9,5
4794454b-b67d-457e-b384-e04c9c9e36b9,3,8,6,3,0,14,5,17,9
47b10b14-d1b5-450c-a0a3-6009450ee289,1,9,4,11,6,8,4,8,5
47bbed19-a034-49c4-979d-d04a5ba63988,1,8,1,12,6,2,0,7,5
47c48c7d-a61e-48d6-b8cf-546d346ae421,3,10,6,6,2,13,5,13,5
47c8afad-1817-4797-a46b-c262d31c5606,3,5,1,10,6,15,6,12,5
47cef19f-08cb-4c98-bc39-46b0dd61276f,1,4,0,11,6,13,5,13,5
47dd1ad9-dd2e-4dbc-8560-22e6f6ef1ddc,3,7,3,10,6,10,6,8,5
47e600a0-c7eb-425e-b1db-0f1369d7d392,1,13,5,13,6,10,4,11,5
47e921db-bc4c-4cd1-b967-5f8cdfc8d6f7,1,4,1,9,6,12,4,12,5
4806f287-9ce7-4803-99c6-ad6848436888,3,14,6,12,4,6,5,2,0
48107680-ec20-45bc-86b3-7ff39a6f96a4,1,10,6,10,5,7,5,4,2
481142c2-96f9-4170-adfb-84451b0ea54c,1,10,4,11,6,5,1,10,5
4819c9a5-f9f3-4f9a-b594-1e347df69f05,3,8,4,10,6,7,1,11,5
482613c3-ca00-4bf1-adcf-78381fd10963,3,12,6,11,5,12,5,7,1
482ecab2-74ad-4607-9b8a-9718ab4fa964,1,10,6,6,2,12,5,12,4
484591c7-2c31-4fdc-a0d8-231fc508607e,3,12,6,9,3,10,5,8,2
48683fe3-ea7e-4fca-9de0-84faa4ea6b2a,1,8,4,9,6,12,7,8,2
486b4e7b-4311-4465-8e6d-a060b5109fe6,1,0,0,6,6,0,0,5,5
487d3835-85f3-41cd-b297-66fe725b820d,3,10,3,13,6,2,0,7,5
4889b144-1d66-4361-a1a7-363d39141c5f,3,10,6,6,2,8,5,5,1
48b0ddcc-2708-4ec8-a1e3-0906d649724e,3,16,6,9,2,13,5,13,5
48cb1930-b35e-4677-a52f-a6ec3ebbca00,1,12,2,15,6,8,2,11,5
48ccd959-0690-4dbf-8d18-ae5c9269054f,1,6,2,10,6,14,4,15,5
48d3a84e-905a-4a7c-beb6-01b62ebc5d48,1,7,2,10,6,13,1,18,5
48e5ef85-9ac8-4495-9e75-ac0c839c388c,1,12,3,14,6,15,8,13,6
48fbb5bf-8e87-4f6c-b2f6-afb9a9281da6,3,9,6,3,0,9,5,5,1
48fd67f8-7519-4eba-b5c1-8d6649003617,3,13,6,8,1,10,5,11,5
4917b9e2-9874-4ef5-9750-eaaa853747da,1,10,6,6,1,13,5,11,3
491ef889-18be-4a1b-b0fe-53e48d105fb5,3,7,1,11,6,4,0,9,5
49361fdd-f2f0-44e0-8a3e-5049ace1dbf2,3,9,6,9,5,10,1,12,5
49428ad0-b7cc-4e89-a68e-c595ca663354,3,11,4,12,6,0,0,7,5
49505fa0-c9d8-4756-a649-873ae6207e70,1,12,6,11,5,13,4,15,7
4950d364-71d2-4659-9a72-af5bfaadbae0,3,7,1,14,4,0,0,0,0
4952f445-5f51-453c-af5a-2e334e99b199,3,15,5,16,6,10,4,11,5
4953524f-0f13-407b-a58a-c68ba69949e7,3,10,6,8,4,7,5,5,3
49680783-0f03-4664-bc12-b390e3277866,3,11,2,14,6,16,8,15,6
4977ae33-484e-4e9c-be95-b272a98bdd5d,1,12,5,13,6,10,6,8,3
497a69db-60a7-4279-95ed-a827f164419b,3,13,4,14,6,5,3,8,5
499b9385-a0c0-4c03-ac17-053d3bb100ea,1,11,3,14,6,7,3,8,5
499bbc25-a84f-450d-984c-d7aac2d3723c,3,12,3,14,6,5,0,9,2
499d9cce-c09a-4974-9aca-04d69f1b4ea3,3,10,6,6,2,12,3,18,9
49a0a4da-8e41-4df3-99ca-8b35ed888d7c,3,9,6,7,3,11,5,10,4
49a167ef-047d-41d8-84b1-99442790ec81,3,15,6,9,0,13,5,12,4
49a82d87-d57d-4d43-bca0-8c0541c9e055,1,9,6,6,2,12,5,8,2
49ac531f-73e3-4320-a9b5-9f25a0b74111,1,8,6,3,1,6,5,4,2
49b28e4c-4f3a-48f6-84cb-71fabf40cc6d,1,5,2,9,6,11,3,13,5
49c53243-2848-47bc-8997-78ebf717f88b,1,11,6,7,2,10,3,16,9
49ca41a8-c4d8-4d61-975b-eb276cc67fd6,3,11,6,7,3,8,5,6,2
49ca8328-3771-425b-9852-53f06fe2f6e7,3,10,6,5,0,21,6,24,10
49dccdaf-2ee7-4265-acf1-f6793dca828a,3,13,4,15,6,18,8,15,4
49ed3bd8-c625-40d7-9741-67b11bed245f,3,8,2,12,6,6,2,8,5
49ff8920-7051-40ad-b589-8e1bb189feaa,3,11,3,13,6,2,0,7,5
4a088640-4353-45f4-ac04-533ce9b04a42,1,13,6,12,5,6,5,2,0
4a2d6c8d-27a1-4700-864d-b479c163c363,1,14,6,11,3,15,6,15,7
4a4d59a7-bcf4-42c0-9058-93c8aad513ab,3,14,6,14,5,8,5,2,0
4a817bd7-7ad6-497e-9c26-d857e1f79889,3,11,5,12,6,11,6,5,0
4a91f7f8-e42c-400a-b36f-5ea74e3dd7a8,1,13,6,10,3,11,5,10,4
4aaa85ef-9573-4794-9ea3-dbf4818a8b1f,3,13,6,10,3,14,5,12,4
4ab98da9-4969-4114-8975-391497e7b156,1,11,3,13,6,2,0,8,5
4abe9b2d-27b4-4d95-ae21-6580d8c43515,3,6,3,8,6,11,5,11,5
4abed20e-40f6-4196-a544-3e330dcf8c84,1,11,6,7,2,7,5,2,0
4aca212a-95c6-4634-a4f4-c8c3a0a920d6,1,12,2,14,5,14,9,6,0
4acb55f0-0cc2-4143-9c6e-426c5e5d2673,3,11,6,11,5,12,4,14,7
4af52b4f-a71f-4f22-82f9-477ef37a7390,1,11,6,11,4,10,2,14,7
4af71536-4110-42cb-91da-75542b47b3ee,1,10,6,8,4,13,5,12,4
4affc7fc-e12c-4079-b7ea-e99c87c7d688,1,12,5,12,6,14,7,11,4
4b232d44-b348-4cf2-a65b-e431669bdacb,3,16,6,11,1,13,5,14,6
4b28339a-da86-4635-a09d-c1ecf4acd037,1,12,5,12,6,4,0,11,5
4b2998c7-3442-49d8-83c0-175b21075c10,3,11,5,12,6,9,3,10,5
4b2c45af-333a-4570-87dd-e4031396621b,3,10,1,14,6,4,0,7,5
4b3588a6-2ee0-4ee0-afb8-992609379c4a,3,10,4,11,6,21,7,21,7
4b3b7c58-1e08-4d32-9d71-aec5921658f7,3,15,6,10,0,8,5,5,3
4b3d8a52-51dc-46a7-bfb3-79bc69db2d7d,1,14,4,15,6,4,1,9,5
4b3f6e90-355e-4f6e-a504-2220300b2541,3,13,5,14,6,10,3,11,5
4b46794e-cedb-4109-abd0-225a41db8c64,1,1,0,7,6,2,0,7,5
4b50a0eb-8656-447c-b584-e79e141c04bd,3,5,2,8,6,13,7,12,4
4b652c31-1d95-450e-9c93-e92daa63d958,1,5,3,7,6,2,0,9,5
4b6bfdf0-0673-426c-ad20-be1dcb8fd09b,1,10,6,8,3,12,4,16,9
4b6fc24c-236b-4d59-8673-f0ca7b6ce586,3,11,6,9,3,14,5,14,6
4b7094fe-cbd6-4ab7-adf9-3d5254cbd51c,1,16,6,14,4,12,6,12,6
4b9c2cf7-1d05-4a8a-abda-ef16e76cb7dc,1,5,0,14,6,0,0,6,5
4ba5ee01-bfd3-48e9-83c2-92c65e7046aa,3,10,6,8,3,11,5,12,6
4baeefcb-7f7e-4ccb-aed6-412b9eb385a6,3,14,6,12,4,9,3,12,7
4bc95653-7ae4-41e8-9e43-b9108c423a6d,3,14,6,13,5,7,5,2,0
4bdcd6de-cfff-420d-85c4-35b381082f7b,3,12,6,7,0,16,5,12,2
4bdf972f-9ee5-4700-b65d-b11d92f262b3,1,10,6,6,2,10,5,8,2
4be0ffca-8a17-4754-8d13-c774a989407a,3,12,6,11,4,8,5,2,0
4bf29f9e-7020-4b38-930d-5d39a09d97cc,3,12,6,8,2,8,5,7,3
4bf4e24c-3f3e-4d7d-9bc1-607a55346f34,1,12,6,7,0,7,5,4,2
4bfe95ab-1555-4f0c-a166-a7756a57ae94,3,12,6,9,2,7,5,2,0
4c16233f-bb6f-4e00-bbb5-e19565c0395a,3,9,6,5,2,7,5,4,2
4c22c44b-a2cf-4beb-b9f2-bd685dfac9bd,1,14,5,14,6,12,6,8,1
4c3b1f0a-ec7e-457c-9e5d-56a0b1d61a7a,3,6,6,1,0,10,5,8,4
4c467030-38a6-4e44-af9e-db35e1ca7a54,3,12,6,8,2,8,5,8,4
4c540334-5b3f-41a7-9a39-912f560059c2,3,15,6,12,3,6,3,2,0
4c54f77a-cfcc-48b2-a7ee-86cc990aa3bf,1,9,3,11,6,2,0,5,3
4c6be1f4-2eea-40c4-b805-d179ddff2790,3,8,6,5,3,10,5,12,6
4c75b586-8c67-4476-8c6e-a75e34a65a38,1,6,1,10,6,2,0,8,5
4c7ba704-0cd6-4131-a68b-89517e71ce37,1,0,0,0,0,8,0,21,14
4c7bd2a9-f079-4600-9759-e17e45021228,1,10,6,7,3,10,5,10,4
4c90d387-3ebb-4b98-8123-481f5e52c079,1,14,6,10,2,9,5,4,0
4c948d91-aab9-420b-82ba-301371904127,3,10,6,5,1,6,5,2,0
4c9bcbf4-e36c-412d-bd90-e054ebc29058,3,18,4,20,6,6,2,8,5
4ca8fffa-a61e-42cc-823c-ec32b6242f6b,1,9,3,12,6,5,1,9,5
4caee8a6-d3be-43e4-8d3f-17454e2a4fcc,1,10,6,5,1,6,5,5,3
4cb1a451-cd0f-4053-b96e-b5c48d11c672,3,12,6,11,5,15,4,17,7
4cb9bb3e-9fa5-4d5f-a8d0-d07927776a56,1,11,4,12,6,14,8,15,8
4cc16390-4a3c-4836-8f51-d682ff09f5cb,3,12,5,12,6,0,0,6,5
4cc342ad-1a8f-402d-a072-456765130c19,3,11,4,13,6,2,0,7,5
4ce93714-f4cd-4e43-8456-a5f35c0e80ed,1,13,6,13,5,8,5,4,2
4d0d1495-26ff-4e9e-a29e-8610aff00699,3,17,5,17,6,5,3,8,5
4d28794d-e73f-4a27-b820-cdc2361b1d24,3,6,2,10,6,7,1,11,5
4d6e6eeb-dd14-4918-b3fa-2368fd636e21,3,13,6,10,3,8,5,8,4
4d6f84ca-9562-4c79-92b5-ebe5aa9e0ac8,3,9,6,8,5,12,6,11,5
4d788122-f8a8-4cb4-a52c-d22301a4fb75,1,9,6,5,2,9,5,5,1
4d7a7259-311b-472e-881f-aa927519d303,3,8,6,5,2,7,5,3,1
4d81d251-c6e8-4036-81fd-c7520a7c523c,3,7,4,9,6,10,7,6,3
4d963d4a-ddc3-4fd1-8a50-23f17b5c93fb,3,6,6,0,0,13,5,13,5
4d98200f-93e1-43a0-bcd9-17bb027a0e54,1,10,3,12,6,4,2,8,5
4d9c0f79-4cc4-43ef-9f35-990f61dfcbb2,3,4,1,9,6,5,3,7,5
4da6bd0c-cb30-45a9-9583-1cafab57d171,1,9,2,13,6,5,3,7,5
4da70b85-8aac-447d-a480-981f80a780e2,1,9,4,11,6,10,7,5,1
4db0a138-f04e-48ab-beac-faf0596993e5,3,13,4,16,5,6,2,9,5
4db42a56-a601-4fa9-af91-275d07bc37aa,3,14,6,13,4,8,2,12,7
4dbfb331-2e6b-49cf-b6ea-1adb8f9ebe62,3,5,2,9,6,15,5,16,5
4dc200dc-f67d-4d2b-a5c0-f8c4f29015c0,3,11,5,12,6,9,6,4,1
4dc8d881-d7d4-4e3a-a429-54927b9680fb,1,18,6,16,4,14,3,18,7
4dcf582d-b76b-410d-a629-0563c8d8b5ad,3,10,3,13,6,15,8,10,3
4dcff942-12e3-4314-9a9e-2afba69d3636,3,12,6,8,1,12,5,8,2
4dd4432b-1a81-42a8-9a63-a3982c1e5af9,3,9,6,3,0,10,5,8,4
4dd70625-e227-4cda-b87b-b50cdf87e05c,1,9,6,3,0,16,5,16,4
4de8f0d0-7d1a-4bbc-9bfa-847702a29e48,1,15,6,12,3,5,5,0,0
4def9303-e138-4a5a-a820-0c29b58909ce,3,10,6,8,4,8,5,6,2
4e16093a-6d71-404d-a291-82b81e0addf1,3,13,4,15,6,5,1,8,5
4e36d733-bb9a-44f2-b2ab-e78c231b49fa,3,13,2,16,6,10,4,11,5
4e5915e8-5b17-4747-964e-676df5cb66cc,3,8,6,6,3,22,8,23,9
4e597118-4680-462b-9e29-07100a45fa42,3,6,2,10,6,17,7,15,5
4e5e4d38-1c85-4161-af2f-58436e0216c3,1,11,5,11,6,9,6,7,3
4e6f1987-a327-4ffd-a1a7-d3f207bb9cb1,3,2,0,7,6,2,0,8,5
4e7f092a-e4ba-4217-bc25-caddbc66d869,1,10,6,5,1,9,5,7,3
4eaebefe-b92f-4cf4-a489-f0d854150ef3,1,14,4,16,6,8,2,11,5
4ebb9b18-3e01-4eb5-8008-b33d3e441336,3,10,6,8,4,8,5,4,0
4ebf0f0a-46d4-4715-8c09-bf272aaac844,1,14,6,11,2,14,4,19,10
4eca53fa-9a73-4087-99fc-f664f815707c,1,1,0,7,6,13,1,16,5
4ecffc31-f5d2-438d-b64a-2f3f0171c372,3,5,2,8,6,11,9,5,1
4ed094b4-b870-425d-9efd-d8a53f1abad5,3,4,1,8,6,2,0,8,5
4ee57e82-2b10-4ab3-97de-40dfba33592a,1,11,3,14,6,7,3,9,5
4eead8bd-8d21-4bf0-8b22-755c36068cfe,3,11,6,10,4,6,5,0,0
4eed0cbe-92c6-4958-86db-d1b187093b24,3,8,6,10,4,7,5,7,3
4f04e9a3-4daa-4024-a17d-0ae4e09faa0e,1,16,6,14,3,8,5,5,3
4f0900b7-8217-4b44-bfa0-28cbc871c95e,1,8,1,12,6,2,0,7,5
4f09d0af-74aa-435a-a2b9-6d7255afe46c,1,6,0,11,6,4,0,10,5
4f0b34a1-c189-471e-8985-7e8e17aed37f,3,11,4,13,6,8,2,12,5
4f0e4f26-b2fd-4bcf-bd03-ad4466727565,3,15,5,16,6,16,4,14,1
4f1260b5-7ac2-4190-88bf-eae74f29fb97,3,12,6,12,4,10,5,9,5
4f24633c-a39d-4d0f-b082-0d115f362fff,3,15,3,18,6,4,0,10,5
4f3899a3-d37e-44da-a909-5ea825f5af4c,3,13,6,8,2,0,0,0,0
4f5164b3-59f7-43c3-a771-e073317ef5e9,3,11,6,7,2,10,5,4,0
4f5d4d86-60e1-4d95-92bd-db8e38d3dc2e,1,15,6,12,2,7,5,3,1
4f6908b5-094e-4ed2-a6ba-c58869f30884,1,12,6,10,3,9,5,4,0
4f780c34-9a6a-4136-a2da-73ea477be679,3,9,6,5,1,6,5,0,0
4f94ea2c-e8a5-4e77-a50e-1e768b2c9f0c,3,13,6,10,3,10,5,4,0
4f96370e-9c6f-4306-b6c5-ac87a8329892,1,12,6,7,0,6,5,0,0
4f9a6749-aeac-4c3f-9973-85ff75c1e906,3,9,6,6,3,7,5,3,1
4fa3db0c-5ade-4dd8-bd42-540d5b5ce965,3,10,6,9,4,10,5,4,0
4fd38e1d-37fa-4811-8cc1-e269afddfb7f,3,7,6,3,2,11,5,4,1
4fda2d83-bdbd-4954-b32f-9c19d916d58d,3,12,6,10,2,11,5,7,1
4fe8a210-d905-4efb-b661-65825411fd21,1,6,3,5,2,17,7,18,10
4ff4c758-6edf-4c4b-b95e-f4e91be77575,3,1,0,7,6,7,0,20,13
4ff6b1a9-cbaf-4032-8b21-472abe339df3,1,8,3,10,6,2,0,7,5
4ffdbb75-c337-4c31-ac32-907f407e2300,3,11,3,13,6,12,8,7,1
500fbbe2-e9a6-4442-80d6-a315c6b3cfb0,1,8,2,12,6,3,1,7,5
502578b6-d070-4439-8536-e918174ef81c,3,11,6,8,2,23,6,24,8
502d3ab1-f93b-4a2e-afce-c9cfb1e8b454,1,4,0,10,6,12,4,12,5
502d6044-a8e1-46b4-80b7-fc8637f06b70,3,8,6,4,1,9,5,8,4
502fbc97-289b-44d9-b5eb-517af4a698ab,3,12,6,9,3,11,5,7,1
50669bd7-8f9b-4a67-a27c-17f8301d054f,1,10,6,6,2,8,5,5,1
506a6623-199c-463c-a5ef-f1cb6a5f4931,3,1,0,6,6,5,1,9,5
50710e12-6ca1-45af-872d-fa336e2426d2,1,4,0,10,6,14,6,12,5
5082a557-2d40-40d1-a10f-54112aacf889,1,6,6,0,0,10,5,7,1
509afa19-e1fc-4129-b071-d716345676df,3,13,6,12,4,9,5,6,2
50b01c8e-13e0-4a74-9b00-d82123ef0dc6,3,6,1,10,6,15,4,16,5
50bacd8c-dd3c-4f65-b2c5-1a023d4280ab,1,9,6,4,1,5,5,0,0
50c4e4e7-05c3-443c-abb3-489d55f72566,1,16,3,16,6,12,4,12,5
50e486d7-709a-4e3b-9dfc-f9d1b8e2b59d,1,10,4,11,6,11,7,8,2
50f3dca4-f5e0-4f32-8f53-b17978c0bc92,3,11,6,8,3,7,5,2,0
50fc90b7-76c5-49d0-9cf0-a4da3abad834,3,11,6,8,2,10,2,15,9
510cb1d3-68db-4cf5-92dc-31ae874e3bef,3,17,6,14,3,13,5,10,2
5110efa7-1aaf-46fc-91d9-4e7352f63b86,3,10,2,13,6,2,0,7,5
51187e56-d453-4b37-8e71-05a93558ce03,3,13,6,12,4,7,5,3,1
514abe3a-febe-4944-8075-39c7d1e33a27,1,12,5,11,6,0,0,5,5
51504a27-31b6-49e9-8582-4a9750f73cc7,3,4,1,9,6,25,12,21,5
51615375-7c74-48db-a07f-f73905a8a15b,3,13,6,12,5,1,0,7,6
51644209-adc2-430b-83bc-34abcea08e85,1,2,0,8,6,9,3,11,5
516dbced-072e-4f32-bb44-917cbfc24490,3,16,6,13,3,8,5,6,2
51788348-b955-4bec-b99e-41d88325e5f3,1,11,6,7,2,6,5,5,2
518df02e-cea5-4969-bac1-ce707a1778b5,3,7,6,2,0,7,5,4,2
519825ad-a79d-4145-807d-84ae325ef67c,3,11,6,9,4,16,7,15,7
519f59d8-f42d-4e91-b88f-733d258d2d53,3,7,6,2,0,13,5,9,1
51a63501-469d-4c87-b408-730a88882377,3,9,6,5,1,9,5,6,2
51a7393a-0220-4b42-9a9a-eb30d405b717,3,15,6,12,2,10,5,7,3
51ac65ff-a94c-4535-829b-1b900711fda2,1,7,1,12,6,17,9,10,3
51bc6ef6-b465-4683-af29-f6b73b54ba14,3,11,6,8,3,9,5,4,0
51d3065a-cc0e-4125-aca5-827b61bf646e,1,11,5,12,6,13,6,10,3
51f3811f-ed6d-4813-aebf-9a66a37f9b92,1,8,3,11,6,8,0,12,5
51f3986a-f369-462e-8156-605df9770fa3,1,11,6,5,1,8,5,9,5
521694bb-41bf-4876-93ca-83b7f82a618f,3,8,6,2,0,16,5,13,3
522210f3-9074-44a4-ba03-c9d4bbf2af0a,1,16,5,17,6,17,7,15,4
52242040-84de-425d-85d2-6d13457719f2,1,10,6,7,2,8,5,2,0
52243738-269e-47d3-92d1-69c4c8540b2c,3,2,0,7,6,2,0,7,5
52373ecf-6d3e-4663-a782-45ebf6b85f04,1,11,6,7,1,10,5,6,2
524dd6fa-6c56-4ab5-af3f-1d955571262d,1,9,6,7,4,8,5,5,1
5259f87f-7b4b-4830-8410-a02b6bf677bd,3,3,0,6,3,15,7,15,8
525e916b-1fc1-41e5-afc6-581e36f1bbce,3,15,5,16,6,3,1,7,5
525ee09e-071e-4200-8dc7-debde6596106,3,4,0,10,6,2,0,5,2
52664f66-d6dc-4421-abc1-a90735ed47a4,3,13,6,12,5,6,5,6,4
526ff707-47db-4740-98ee-764da8bf0212,3,10,6,8,4,8,5,6,2
527bd3a0-cdcb-45ab-bea7-01e847d69965,1,12,5,13,6,7,6,1,0
527c2c35-7774-40ff-a75d-34a9f59e988e,3,15,6,14,4,7,5,2,0
52827a9d-31a7-4e86-ac5d-b65647f05cca,3,6,3,8,6,2,0,7,5
5288fc18-b843-4606-80f1-7c6047e9b513,3,15,6,16,4,12,5,7,1
528eceb4-7bb6-4258-ad6e-75928dfdf907,1,6,1,11,6,18,6,16,5
52999e58-5c07-47cb-8679-ec266b6ae58b,3,17,6,13,1,10,5,6,2
529d1382-65f3-41d5-95f0-d8d03ce83ed4,3,12,3,14,6,10,4,12,4
52b3feb0-9578-423e-8e79-a7f3cf369275,3,9,3,12,6,0,0,5,5
52c5c3a1-0c72-4333-9b06-705b13881be2,3,7,6,3,1,10,5,10,6
52d309fc-a5cd-4926-9e26-1d20ae68f1c8,1,11,6,9,3,7,5,5,3
52d784ec-7210-4c9e-906b-0c9311559fb0,1,4,0,9,6,0,0,5,5
52da7022-3c03-4289-bab6-b285852fd9f2,3,11,4,12,6,12,7,8,2
52e25109-2c4a-4ed2-8dcc-43a0feb72b0a,3,14,5,15,6,10,6,9,3
52e4b967-59b6-4109-b826-3ef9fa1d69df,1,8,6,4,2,10,5,8,2
52ed1dfb-bc7f-4906-bd6d-13213f12582a,1,17,6,17,5,10,5,10,4
52f14601-abf5-4eaf-b308-556af1a953ad,3,13,6,7,0,14,5,18,8
52fcbba3-0959-4f58-85fa-6d0f19215e51,1,9,2,13,6,8,2,10,5
530ce13a-01b6-4ebc-8ea7-a8fa8e65ed99,3,15,4,16,6,2,0,8,5
5321d353-1013-40a8-b6c2-298924d0c06a,1,9,6,6,2,12,5,8,2
532be312-b88b-4b4d-9235-982c524f37a7,1,6,6,0,0,9,5,4,0
5353129e-d99a-4e8d-b7e3-990fa27cda9e,3,10,6,5,1,6,1,14,10
535d89f9-b52d-4eea-97df-9a9473a7d3fa,3,11,6,9,4,6,5,2,0
53693a89-5325-444e-8075-75b5ce146f5c,3,10,6,6,3,10,5,6,0
536b676b-0185-41b1-93b8-9c09a5ecede8,3,14,6,12,4,8,5,8,4
536b7c57-6e84-443c-a7d4-8d7f104aeaae,3,9,6,3,0,13,5,15,5
5396d8d7-31c7-48e1-ade7-660c71c472cb,1,14,6,8,4,8,5,3,1
53a977da-7edd-4dce-a11e-76e6c611844b,1,2,0,8,6,2,0,7,5
53b70fcb-88fb-4be2-add8-8496a34f4820,3,9,6,4,0,9,5,6,2
53ba27cd-336b-428d-bcf7-0130ae4c1f57,1,6,6,0,0,6,5,4,2
53bc681e-a793-405e-86b9-dcf4a6b2da7e,3,9,1,12,6,6,2,9,5
53d6f697-0007-45dc-ad6e-fa07020c361a,3,11,4,12,6,7,3,9,5
541e14a4-0ecf-4083-b33e-c30d1cca9a4f,1,12,6,9,3,17,6,19,7
5425b9b1-0e2c-4814-aa87-d78a0c7d1509,3,11,6,6,1,9,1,17,10
5434dc67-4024-41ca-a039-df924a5b5fd0,3,4,1,8,6,0,0,5,5
543c0785-e000-413b-9c25-a0ae68b2b6fa,3,13,2,17,6,6,2,8,5
543c3917-bc81-425e-9def-acbe5d330938,3,14,1,18,6,6,2,9,5
5463a550-fff2-4953-a9d3-19adaf847abe,1,11,3,14,6,4,2,7,5
547a3d8e-c656-415c-9d07-2c5597b793c3,3,14,4,15,6,10,7,6,2
5482d550-8c89-4d5d-862c-6735b22e5f4c,1,9,6,5,1,11,5,13,7
549854e9-e3ac-4e9b-ab04-a0a71c5d50f1,1,10,3,13,6,4,2,6,5
54aea439-da64-4a76-890b-cdfc8547c3af,3,9,6,5,2,19,4,19,5
54aea439-da64-4a76-890b-cdfc8547c3af,5,14,6,13,4,15,6,14,6
54ba8e61-6c91-4785-9631-a74ab542391c,3,5,2,9,6,6,2,8,5
54c1c87a-28e9-4b74-8f28-11bae7b0345a,3,17,5,16,6,13,6,9,1
54c36aba-f05c-42ab-a958-84855218df7b,3,9,2,13,6,0,0,5,5
54c92a52-93f5-40b8-9b86-94a07e62dea8,1,17,6,16,4,9,5,8,3
54d910b0-fa96-40a7-a1ef-066b862478a7,1,7,2,10,6,10,4,12,5
54e3deac-02dd-4f88-8e38-c3911128b27d,3,8,5,9,6,7,3,9,5
5500d3ad-76b1-4f14-aa52-d518a813d7df,1,5,2,8,6,18,9,11,1
5514f99a-202b-466a-a399-ecb62253bbd9,1,13,6,11,3,11,5,7,1
552ee005-389b-4a77-8261-7f270dd3518a,3,8,2,11,6,9,1,14,5
5539da12-f290-45e6-a610-f49e6d8a529b,1,12,6,6,1,7,5,2,0
554a55e7-bb8b-41ac-8808-4c58d6f498cf,3,11,6,6,0,9,5,12,8
554ccd8c-92b5-46bb-bf4c-ef8f4b5b82aa,1,8,4,10,6,12,4,12,5
5555cc12-6023-42a3-825e-6a97230d95f1,3,10,6,5,0,14,5,15,4
55566354-c4cc-426b-b4d5-e73640ec35d6,3,7,6,1,0,12,5,16,8
555a0c5b-3c94-4bd0-985d-28fa99f12ae5,1,15,6,14,4,10,5,5,0
555a9580-7ee9-4754-8aa4-24521730bb8e,1,8,2,12,6,10,4,11,5
55618fcd-14df-417f-b141-4c49365d15da,1,14,5,14,6,4,2,8,5
55625bc5-dae7-4fc6-b686-fadf284439d6,3,13,6,11,3,6,5,0,0
5571c78a-4e4c-4f4e-a7b9-631d17a6f4ef,3,9,6,3,0,6,2,13,11
55762541-9bcb-4fdd-bfd5-3bbb6c7b17f3,3,7,6,5,3,8,5,2,0
55871b30-631d-4784-8c3e-149600cd9a18,1,9,6,7,4,13,5,11,3
5588ccf8-fa08-4e77-9745-47990babb9f4,3,11,6,9,3,18,5,17,5
55c05346-105b-45d0-b641-a403899a8eb5,3,15,6,15,5,6,5,0,0
55c24b1c-5b6e-43ea-96cf-3f3e347d060f,3,14,4,15,6,3,1,7,5
55d03928-69a9-4635-8a31-28d5a68188b7,1,9,6,4,0,12,5,12,4
55de53ce-b257-4d08-bcf9-c3498e3f19ad,1,12,6,10,3,13,5,14,6
55df047e-21cf-442c-b06a-27248cb45b35,3,9,3,12,6,2,0,7,5
55e692c7-0252-42dc-8560-9bb7251b89cc,1,8,6,4,2,12,5,13,5
55f68716-ac8a-46f3-995c-8fd45c37f354,3,10,3,12,6,10,3,11,5
55fbb2af-4fb1-4fba-8125-3370a68c3b0d,1,9,6,4,0,20,5,18,4
560ce97b-bd3f-453e-8d69-11322acf4e9a,3,3,1,8,6,8,2,11,5
5614bc38-86c4-48bd-b2fd-85543e6dd8ba,1,24,6,21,3,15,4,19,9
561d3cfc-a5c5-4556-b809-caf34844b474,3,13,6,12,4,9,5,4,0
563aacb6-4792-4d29-b9b3-b594517e8ab0,1,11,6,6,1,10,5,9,2
563c6a9c-0ee7-428b-b613-2c753f45dbbb,1,11,5,12,6,7,1,11,5
5672fbd8-8989-406c-9ae7-9943e8325736,3,15,4,17,6,12,7,7,2
567ccce4-4a39-4295-a515-c6049d3b67dc,3,4,0,10,6,4,0,6,2
5693b23c-f051-4c2e-9916-48d14db43034,1,12,6,11,5,8,5,4,0
56f78851-5f74-4249-8a65-1a7eb18a104e,3,10,6,5,1,10,5,12,6
57061fe4-bd5c-48e8-ae5c-1901f416565f,1,10,4,11,6,5,1,10,5
571360ea-f659-4f2a-b991-c185a7cd3076,3,4,1,9,6,7,5,7,5
5721ed5f-e6f6-46ad-8635-8643f6105b63,3,8,3,11,6,17,8,12,3
573a4330-2e29-436d-8434-db9fbe7755db,1,12,6,10,4,10,5,6,0
573b03b1-99d8-41a3-9dd1-7bef19c11a1c,1,12,6,8,3,11,5,8,2
573cac7f-0273-446b-85a0-a0e8b84fc8a9,3,4,1,9,6,13,10,3,0
573cb60a-9023-4400-8d38-a875b80e057f,1,0,0,6,6,9,3,10,5
57460c09-c98c-4e9b-9bfa-a15617cd7a9a,1,13,6,12,5,4,1,9,6
5747a134-b443-4532-8568-b722c755c9cb,1,11,3,13,6,4,2,7,5
574bbb34-c604-4d1a-804e-73119b57b2b1,3,14,6,13,4,8,2,12,7
576971e0-dc8d-4f85-8957-0047207a7ca0,3,10,3,12,6,5,1,10,5
57749c32-f03c-49f4-b0d5-14cad0cecb8d,3,11,6,8,3,14,7,14,8
577e6e94-daeb-483a-a1d1-f550bef0f57a,3,12,5,12,6,5,2,8,5
578e589e-b16b-4da5-a532-8278be0af6b1,3,11,6,6,1,8,5,8,4
57a525d1-e44f-467b-9536-cf6dfb43324d,1,10,6,5,0,12,5,9,3
57ab1908-ec17-4ffd-ab4f-ec1c6294f222,1,13,5,13,6,17,6,15,3
57ac7fe9-5065-4893-8bee-340552086a10,3,4,1,8,6,15,5,15,5
57adf7bf-7752-4013-a37c-c4e4c4fc7b50,1,8,3,12,6,3,1,8,5
57ae56c2-bc06-497c-b7f2-0b98deaece98,1,14,3,17,6,3,1,6,5
57b2fd00-9021-480b-9034-5d9782d72f76,3,10,6,6,2,7,5,3,1
57c89bef-a3f5-4966-9533-7f989e465073,3,9,5,10,6,13,6,8,1
57cba2d7-416f-49b8-9f05-e080b46ced62,1,10,6,8,3,12,5,10,4
57d21cfb-d122-481f-a34e-ede1df98e650,3,13,6,9,1,8,5,5,3
57dea0ae-e819-4374-ac8d-18a7feaa82fa,1,5,2,9,6,9,3,11,5
57f84dd7-61e3-4fa9-8e3b-1880898a2143,3,9,6,6,2,15,5,13,3
57fa5f20-f732-44e3-a36d-392be6594ed6,1,9,4,5,1,6,5,0,0
5804e70b-68af-4406-bc74-b0b0ae1c0fa3,1,2,0,8,6,8,2,10,5
58180ccf-b7d1-4178-87de-8601a671a298,3,13,6,7,0,22,12,9,0
581c7f70-dbf9-485f-bc33-dc6e31a42da1,1,11,6,8,2,12,5,10,4
581d43dd-6eef-416d-8054-5aa4aa46f453,3,13,6,8,0,13,5,12,4
58204007-09ec-45cf-94e6-f4ecb69668af,1,8,4,10,6,0,0,5,5
5829462f-17a9-4416-94d0-93e280ccc452,3,16,4,17,6,5,1,9,5
58349f2d-f096-4a20-bbec-55d565fc8cb3,1,7,1,11,6,3,1,8,5
584f00e2-8e06-4a45-b479-a98990b85c68,3,4,2,8,6,14,9,7,2
585245b9-c840-4bb6-b998-68696af9aec3,1,3,0,9,6,21,9,16,5
5853f00e-1a0c-47a4-b224-eabdfefd11c0,3,9,6,9,5,6,2,10,6
585471a5-18b7-4393-a41e-e55c4631e39f,3,6,1,11,6,5,1,9,5
586662a1-7e58-4a2f-a46d-57618a62e244,1,14,5,15,6,11,6,8,3
586948ed-5e22-48f4-9e12-949e7c5e0745,3,14,6,10,2,15,4,21,10
586ce21b-5208-42d0-8607-9c6a1a18c99f,3,9,3,12,6,14,8,6,1
588152c9-d212-46c3-8b8e-3e755c6b4b9f,1,15,6,12,2,20,4,24,10
588fa61e-ae99-4bbb-920b-464bf2cf5044,1,11,6,7,1,8,5,3,1
589005d8-4326-4482-b86d-ed86fd65b75c,3,7,6,2,0,16,5,16,6
589ea619-b79b-4218-8f16-db2e8498c440,1,10,2,12,6,13,9,8,2
58aad2bf-4229-4cb8-bb13-18549884cdb8,1,10,4,12,6,2,0,6,5
58adffcb-e65c-4ca1-8e5c-2aef143e35c5,3,14,6,11,2,13,5,10,2
58c02b9b-30b2-4dc0-9000-2c5baab31d0b,1,4,1,9,6,8,1,11,5
58c448c1-a8b2-425a-b6d2-1689d70255ba,3,14,5,15,6,6,2,8,5
58cae76f-9e1c-49ca-84fd-c97dd838c8dc,1,10,6,6,2,9,5,4,0
58cc9d31-ec2f-40ce-a58e-b2cf0af83119,1,13,6,9,2,10,3,15,9
58d0cb45-2b72-4aae-acae-082d65c2953e,1,6,0,11,6,6,2,9,5
58f0e9fc-eb3d-4c97-bf83-c9e28b8ef3d0,3,20,6,19,4,8,5,3,1
590263f2-7997-4ec9-a312-9793918777c4,1,12,4,14,6,3,1,6,5
592422f5-b5ec-46ff-8b60-f8cde2ea3f47,1,8,2,11,5,2,0,7,4
592bb951-9c1d-452a-8dd2-27d756cf269e,3,16,6,15,5,7,2,10,6
595913dd-884a-4917-842e-1537d9a35307,3,9,6,6,2,10,5,7,3
595c07b6-56db-4166-9039-ceccd10a0321,3,9,6,6,3,6,5,4,2
595fb407-dad8-4512-910f-d320dd3123d4,3,19,6,18,4,14,5,12,4
596e6c9a-7bd8-49a2-9f8a-cf4668a4c0e4,3,14,6,13,4,12,5,7,1
5976d82d-cd89-4006-802b-423c7e0ab951,3,12,6,7,1,8,5,2,0
5984c55c-93b1-4053-84cf-e8b27b8f558d,1,9,6,8,4,13,5,13,5
598686e4-4b35-4023-a068-9a18f544cdaa,3,11,5,12,6,9,3,10,5
59b291aa-c922-4f3b-a86d-f7f8936eec7e,3,10,5,11,6,19,8,16,5
59b51f20-f004-46e0-acc7-0648cdd3a8d0,1,12,6,10,2,7,5,5,3
59b7514b-115b-4ecb-96f8-d5c12c06b225,3,2,1,6,6,0,0,6,5
59b9ce28-b7e6-48f3-a013-273102ca6306,3,12,4,13,6,16,7,16,7
59d863b9-971b-4f71-9e59-e188e3b30bff,3,10,6,4,1,11,5,9,3
59eec6e2-a33b-4b9c-b7d2-d8ce1f2429f6,3,13,5,14,6,10,6,8,3
5a341140-5454-4399-b699-9fa8154dc212,1,2,0,8,6,5,1,9,5
5a3ba6ad-c1b7-4c03-b6c5-ed72f3faea46,1,10,6,6,2,14,5,11,1
5a40b697-674e-4bbf-8f6d-aad90064d231,1,7,6,1,0,6,5,2,0
5a4171c9-ec3f-4bd9-bc87-dfc3ddcc92a8,1,4,0,10,6,10,4,10,5
5a61d937-0bd0-4dae-9fb9-be9a3b7d37ee,3,11,6,9,3,13,5,13,5
5a757b1c-bbfc-45f5-bcb2-13ef8406c31d,3,4,0,10,6,4,0,7,2
5a82ee56-79d6-4c79-9698-1a9f740264eb,1,6,3,9,6,5,1,8,5
5a855357-2014-445f-be27-77cb3ab7eeb6,1,7,1,12,6,13,10,3,0
5a863930-4708-4116-9b42-895a7236f3f6,1,7,1,12,6,9,5,8,5
5aaa2f28-384c-4bf8-9b5c-7a6f2e8e697e,3,3,0,9,6,6,2,9,5
5aaedae7-7241-4023-ba3e-e74bb039ae9d,3,13,6,9,2,14,5,15,5
5aaee98b-7789-4a1e-9622-5c86b924e214,3,11,5,9,4,6,2,9,5
5abadb39-e731-495a-9bc1-e674686dda59,3,12,6,11,4,6,5,0,0
5ac62e18-7c64-4bfe-b166-019416a67d26,3,8,6,4,1,8,5,3,1
5ac916ca-f5c0-4d13-acc7-3f880b173ea1,3,7,3,10,6,10,6,9,5
5ada26b7-42bd-4045-8339-d4efe49384f4,3,17,6,16,5,11,4,14,7
5ae42d94-5306-49fa-ba66-c9a44783280d,1,11,5,12,6,13,6,10,3
5aeb820f-b63e-41a5-aea3-10ce6149a440,1,10,6,7,3,8,5,9,5
5aee72e7-8b08-40bd-9a6a-628ada64b97f,1,20,6,19,5,8,5,7,3
5af54b5a-9581-4a01-ac84-59cf8b3c54a6,3,7,4,6,4,16,6,12,4
5b205931-8ba5-4095-a2f7-d56efbc988a5,1,6,2,10,6,6,2,9,5
5b37b5d6-823b-4288-9afb-a1a84ed7ef7e,1,6,6,0,0,9,5,8,4
5b391513-d2fe-467b-97e4-51a1752ca159,1,8,6,2,0,5,5,0,0
5b44ec48-cb91-4e7c-8b3e-6639a853a5a8,3,3,0,9,6,27,12,19,4
5b461ea9-d356-4e15-99ad-af2eac4d81fe,3,7,3,10,6,4,0,9,5
5b46a920-f438-4345-b9fd-0994f33b02a4,3,17,5,16,6,3,1,7,5
5b4c4258-c848-4997-86ee-ac5dc300fe30,3,11,6,5,0,8,5,6,2
5b4eea18-20f5-41a0-83c2-5bffc3c147eb,3,11,6,8,4,17,5,18,4
5b723aba-ffa8-43c2-aa7e-c72819fddb1c,1,15,6,13,4,11,4,15,8
5b882995-9a9e-4947-856f-7e10ea7b8667,1,4,2,7,6,4,2,7,5
5b9c0328-1a88-4d05-82e7-88b510aaeebd,3,14,6,12,4,13,5,10,2
5b9c85fa-3880-4b61-922a-654320cb8352,3,12,4,13,6,6,2,9,5
5ba35470-5b5c-4f27-b7ff-95cbbeca374f,1,18,6,17,4,13,5,7,1
5ba90b3b-8cab-40e4-8b1a-adf9fd015e43,1,6,2,9,6,5,1,10,5
5baaa4ed-b91b-4642-a526-3188254a7b26,1,14,6,12,4,9,5,4,0
5bda0ff7-b835-421b-a00d-2903e933e84c,1,8,6,3,1,10,5,2,0
5be1d899-b0b4-4c0c-b59f-3e0440304b1c,3,15,5,16,6,3,1,6,5
5bf17375-63d8-4ccc-b250-67620d26782b,3,10,6,7,2,15,5,12,2
5c17d91f-c913-44dd-9a9c-215f23c2325c,3,7,4,8,6,2,0,8,5
5c1b4e40-e7c7-43ca-96a6-a7903c163925,3,10,6,5,1,12,3,19,10
5c28f5db-00dc-4a78-ad8b-9256d9800387,3,17,4,19,6,8,2,11,5
5c31580a-f83c-4b25-98f2-1453cce7eb87,1,16,5,17,6,3,1,6,5
5c3882e2-eb37-4c9b-ac5d-ad58ce13b51a,1,5,2,8,6,3,1,6,5
5c431afa-072e-48f2-af2f-fab26a643ed6,1,18,6,12,0,17,4,25,12
5c463c60-a796-49c2-8a5e-65730432afe2,3,7,6,1,0,8,5,5,1
5c514492-ea24-43a4-9b7b-e237917b18dd,3,12,6,9,2,3,1,10,9
5c57b30e-269f-40bc-bf4e-586e9c9cb2a8,3,7,6,4,3,10,5,9,3
5c632857-6966-47ae-8431-5d34c208e0dc,1,8,6,7,4,11,5,9,2
5c720a88-c8e7-474a-8835-826aa96c2b01,3,2,1,7,6,17,10,8,1
5c7ecbf3-b628-4eb8-8f69-28f3c9e6d4c3,3,14,6,12,4,8,5,5,1
5c7fc038-cd11-454e-8755-ce13047fa5e9,1,3,1,11,6,12,10,7,2
5c8077d3-c1a8-4f9a-8e5f-bac280630c01,1,14,4,16,6,0,0,5,5
5ca310ca-0517-49e2-9355-2b110ccaba71,3,5,1,10,6,7,3,8,5
5ca7edc4-06b6-4aa5-9e4c-4b580be4d78a,1,11,6,11,5,10,4,4,0
5cb55843-a7a2-4e48-8eb3-cd18646ab2fa,1,11,6,7,2,9,5,4,0
5cb637a4-a19e-493b-8ab8-294ade401333,3,6,6,1,0,8,5,4,2
5cd13270-55fc-4b08-9b9c-e5d425874d5e,3,7,6,2,0,7,5,5,3
5cd142dc-72cb-4d97-aec9-c4cd5cf22af9,1,9,1,13,6,4,2,8,5
5cd6b6f6-7d05-4f71-9124-c6668a513da9,1,0,0,7,6,8,2,10,5
5ce0d1b5-ebf9-4ef4-98dc-c403d6cf886b,3,11,6,7,1,9,5,7,3
5ce16942-0b54-4e37-b1f7-456b541fc64a,3,11,5,9,3,5,0,11,6
5ce63c4c-360c-4d57-a759-e5c66b72a4a7,3,11,6,9,3,10,5,7,2
5ce8c64b-f8e8-47fc-88d2-2d9530218639,1,10,4,11,6,11,7,9,3
5cec64bf-8fe1-4c5c-88a6-fdcdf2ee16c7,3,9,5,4,1,8,5,2,0
5cf5c5ca-b664-4a5a-b7ff-86f2d2ec2c3c,3,13,6,10,2,9,5,7,3
5d202757-f4bb-4466-b8a7-8d9eed606237,3,12,6,4,0,10,5,5,3
5d33f591-a78e-4c40-86c7-301f88c2e646,3,7,6,4,2,10,5,4,0
5d477478-b69e-4e27-aa7f-f93c65118603,3,14,6,12,4,10,3,13,7
5d4a684f-1663-4f64-b37d-5de865be9dfb,3,16,6,12,3,7,5,4,2
5d5b1297-04b7-431d-92cb-1ed15de5bcc4,1,10,6,8,4,7,5,3,1
5d61b7d6-a6db-4061-a6b6-e7d5be9fdeb1,3,11,4,13,6,8,2,11,5
5d634f26-7006-4a98-b23f-d7b70718b5a6,3,13,6,10,3,13,5,10,2
5d6f7010-ec64-4abd-8675-175092de18da,3,21,6,18,4,18,6,18,6
5d726aa1-b054-4a92-b722-fe6f1ca8b678,1,4,0,9,6,9,3,13,5
5d86aa29-e498-48a7-b37d-fe8699c39df7,3,6,2,10,6,16,3,16,2
5db58e2a-fd1f-4b48-860e-4a1258826a5b,3,7,6,1,0,7,5,2,0
5ddab91b-7ca1-4c36-bf66-9decbeee0e05,3,12,3,14,6,7,3,10,5
5ddc3a20-4693-4f53-8f60-1bae23fe7d9c,3,10,3,12,6,15,6,14,5
5de3bcb1-0f72-4a0c-8fe2-b05808ff04f5,3,7,0,13,6,17,12,10,4
5de3bcb1-0f72-4a0c-8fe2-b05808ff04f5,5,8,6,2,0,7,5,4,2
5de60796-57a0-4e20-a6d5-2c1ad68f0ea9,1,17,5,18,6,10,4,11,5
5de69e57-cae6-4d1e-87c7-ce5d52f76000,1,9,3,12,6,10,6,8,5
5debb25f-4c48-4ecb-b668-deba2d1bdebc,3,9,6,5,1,12,5,7,1
5e056ea4-c6f8-4f11-a559-3b0ff00da597,3,8,3,10,5,4,0,10,5
5e11198c-6d7e-4662-bbef-5e78491d3a42,1,7,6,2,0,11,5,13,7
5e202715-604a-4909-9615-6b54563edda1,3,7,2,9,6,9,3,11,5
5e4a25da-abe7-463a-aea5-32083ff9e88f,3,15,2,18,6,12,2,15,5
5e4fce2e-ab96-44ae-a0c9-3e430fa06059,3,16,6,16,5,8,5,2,0
5e770f86-2545-40f0-b9da-bfb8ea922790,3,10,5,11,6,14,4,15,5
5e7e026f-abb3-48fb-b109-6824ac663355,1,3,1,8,6,8,2,11,5
5e7fe0c8-63d3-40f0-b8c3-8f1e79d3a8e3,1,11,6,9,3,7,5,5,3
5e8e01ca-57ca-4495-85cd-cbd9fc68d03d,3,0,0,6,6,14,6,13,5
5e97ec66-1ca2-4a7a-b530-8a6f8fc2a227,1,7,0,12,6,8,4,9,5
5ebea141-2599-4bd5-901c-c1790681598e,3,8,3,9,6,2,0,6,3
5ed38cf1-4768-498f-82c9-006882c6d7d1,3,11,6,10,5,10,6,9,5
5eeaa581-8d09-420c-8fa6-346ef6196a3e,1,12,6,11,4,16,6,17,6
5ef051a0-0c5f-46f2-8afa-52e00174ca31,1,8,6,2,0,6,5,3,1
5ef951ad-e241-4046-b918-57b02da24277,3,8,6,4,2,10,5,7,2
5f0935b2-d1e3-43dd-8961-6240665ece11,3,10,6,8,4,11,5,9,3
5f1252d8-c53f-4b96-b3a3-8c795ef7356b,1,4,1,9,6,6,2,8,5
5f22ae86-fa26-4c48-9e9e-e10cf489a0a9,3,10,4,11,6,12,6,13,6
5f29d8e6-1c7c-4f13-ae87-996eb95aa558,3,8,3,11,6,12,8,8,3
5f3adb1c-35fa-4e95-ac90-c98589a953ee,3,6,2,10,6,4,0,8,5
5f43fb8a-8cd2-4b87-9914-abf6cbcfe3e7,1,8,2,11,6,4,2,7,5
5f5ae492-e4bb-4d44-951a-7851e5bda96b,3,10,6,5,0,9,4,4,0
5f612783-6f74-49e7-96b1-6168b342cbcb,1,19,5,19,6,20,8,21,9
5f650fc7-1c66-47c0-a945-a97e52ea2db1,3,13,6,13,5,18,5,15,3
5f6a2362-5c3c-4279-bbe8-cfd8959bea63,1,3,2,8,6,9,4,9,5
5f7655ea-601f-4b38-b482-3dccc09f1225,3,2,0,9,6,3,0,9,7
5f76644d-39bd-4a7f-ad1b-415735dccada,3,11,6,9,3,11,3,16,8
5f7a8cf6-97f9-4bbb-968c-95bbbe0706af,1,11,6,10,5,3,0,8,6
5f985be7-8b70-41ed-881a-0cba0705d26a,1,13,6,9,2,6,5,6,4
5fa47403-5e84-4ab9-8fe2-d7a4b1cda898,1,9,6,3,0,16,5,18,7
5fab5a13-ae51-44bc-acdd-05a99cd6602a,3,10,2,15,6,12,7,9,5
5fb70b34-3031-477d-9283-e6789bea6669,1,7,6,2,0,7,5,3,1
5fc7fdc3-a80b-4aa8-b254-1f78a5c80475,3,10,6,7,3,6,5,2,0
5fd8c144-1e6c-4ba6-a4c4-16eb1d83b406,3,10,6,9,4,10,3,10,3
5fe3e7de-0e76-46bf-aecb-cbc1aba60041,3,12,6,10,3,9,5,4,0
5fe56a1f-955a-4242-a647-9d1c88e3e8a7,1,6,1,10,6,0,0,6,5
5fe7fd55-05c7-4de9-8442-5c775b54f698,1,11,6,8,2,11,6,12,8
5febd583-8704-4aff-bdba-f39a047242c9,3,12,6,9,2,6,5,0,0
5ff737ae-627c-4f56-9f17-fedf22f91780,3,16,6,13,3,9,5,7,3
5ffc5725-83c6-4381-809a-db2c4a1780ac,3,10,6,5,0,16,4,14,6
60033362-39b7-4728-999e-6b62dcd0ace1,3,11,6,7,1,19,5,22,8
600cb560-5327-4eea-a412-90d7adca0b64,3,3,0,9,6,12,6,11,4
6014d7a3-f43a-4cb2-b98a-2efcc5ef4087,3,14,6,15,5,7,5,2,0
60230883-42b7-4325-8dd2-9fd54f3caec9,1,12,6,17,5,4,1,11,6
6027b5ac-8509-4f38-a7ef-2c81106b84ff,3,8,1,13,6,5,1,8,5
60301e40-396a-41fa-be07-250ea6adc289,1,12,6,8,2,10,5,8,2
60302dfe-6d18-48bb-83d7-fe7d9108091f,3,15,4,16,6,13,8,10,4
604fb056-9f3e-4836-98a0-cbf7af475dd8,1,8,5,3,0,8,5,4,2
605eb95c-4988-4ac8-bf45-e7dbd05ba22a,3,10,6,6,2,9,5,8,4
60612688-9e35-4d5a-8779-7a25d32d1e22,3,12,3,15,6,12,6,11,5
606dab3b-0126-437e-aeaf-33ce1edf3344,1,5,0,11,6,4,2,7,4
607364f9-16d5-4d1d-9425-4317c1fd3669,3,9,6,6,3,9,5,8,4
60757f4d-2bf1-4cde-a4ae-f0675649e444,1,15,6,13,5,17,6,17,5
6087fce0-b196-4f39-8c52-794735bde49b,1,10,2,13,6,8,2,12,5
609b2e83-f8cf-4224-8152-132ae7a77eb8,1,5,0,7,6,0,0,5,5
60aa5d69-469a-41fe-9ec1-c321d7e9b269,3,14,4,16,6,11,7,7,2
60c4bd3e-0ee8-439f-8ec0-696d6b057565,3,8,6,4,2,12,3,18,8
60d314a9-77c4-412b-9626-0616050c9710,3,7,6,2,1,7,5,3,1
60d7d48d-7181-47da-a6e2-5b492910ddb8,3,11,3,13,6,3,1,8,5
60db41df-1edf-43ce-aad6-1e2d9c540b17,1,11,6,9,4,9,5,5,1
60e81148-4645-438d-ad3f-e716deef79a1,3,5,0,11,6,8,4,9,5
60fceb42-97f8-4c53-99ca-b448b436ab5c,3,12,5,13,6,15,5,15,6
611a3739-3b2e-4c0a-9c82-75b9a0f0e61f,3,12,6,9,3,10,3,15,8
612bbcde-2f77-481b-aa31-dace3bbc0b10,3,9,6,5,2,6,5,3,1
61419ae6-dca8-4e4e-a97c-8d83ee97327f,3,7,2,11,6,2,0,7,5
6144ba6e-469d-44c0-95b4-1a950b97f769,3,8,6,6,3,14,5,11,3
6167b60d-dce8-420e-b9a2-f0dac324a894,1,17,6,13,2,11,5,8,2
6183ded2-2920-4287-91c1-ccf7b0b21c29,3,14,6,9,1,11,4,17,11
61ba8eea-44bf-4d00-965e-37e76a999304,3,14,3,16,6,23,9,23,8
61c50586-8ac5-44f8-8663-302bd8bf8f3a,3,11,6,8,3,11,5,8,2
61cefe3e-fe5b-46da-80ec-ea0559968682,1,12,5,13,6,7,6,2,1
61d0602d-4e67-47e7-9e52-41e3cb081a39,3,1,0,7,6,7,1,10,5
61d76b3d-9e7d-465c-9cc4-4c6ffde85f70,1,11,4,12,6,16,4,18,5
61db70bc-e79e-4d1b-92f7-35a7dfef2df9,3,13,6,8,1,7,5,6,4
61e35ffa-908a-4145-a497-b0c91913e4f6,3,16,6,15,5,12,5,11,3
61f5fc93-20d4-4d81-bdf8-c13b81bdda4e,3,13,6,10,3,17,5,18,6
6204b101-3c51-4de9-96c9-52e20b21c198,3,4,3,7,6,8,2,11,5
62149e12-3d37-4e9c-83a2-5cf691dd30b7,3,14,5,14,6,14,7,12,4
623937bc-e227-4211-aba9-0ac7aa23be28,1,13,6,10,3,9,5,5,1
623dd60e-93c6-4a4e-afa1-9d74f0b1a68f,1,6,2,9,6,7,1,12,5
62412ea2-e9bd-4f69-b87f-45927fbb0105,3,6,2,10,6,7,1,11,5
6243f123-f94c-4746-baee-c20a109de0d5,1,5,1,9,6,2,0,7,5
62445a26-5956-4d5d-9e93-a400f56f0891,1,6,5,2,0,18,12,4,0
62511dc0-2352-4cc3-ab6e-786ad8c9bebf,1,12,6,10,4,8,5,8,4
6251f6b1-ade3-4592-9c89-6fba6d66bad0,3,14,4,16,6,11,7,6,3
625a37f7-38ab-4742-b762-3f379adf1d43,1,11,6,8,3,10,1,17,8
62653ac1-1ebe-4096-a93a-4d4fabf34708,3,15,4,15,6,13,7,11,3
626cd9a0-0761-4e99-8f24-adefa04eca6b,3,12,6,11,5,11,5,10,4
62707bd8-93d4-4fe5-a98b-20ec86efd917,3,13,5,17,6,8,2,11,5
62825743-58a8-48af-aeb3-558f9e704665,3,9,6,4,1,10,5,8,2
628266e0-9353-4ec8-ba3d-bdefaee2869a,3,14,6,13,5,8,5,7,3
628e7534-d356-41f3-bde6-3f9d97081aed,3,6,1,11,6,15,10,6,1
6297806d-b75b-44d8-9b01-e6dba9e4e268,1,9,6,5,2,15,5,16,6
62aba499-b743-476e-8f5f-2cce99e4a89d,1,4,1,9,6,21,8,17,5
62ad439e-c6be-46e0-a933-b7fbdb8e20c1,1,7,3,9,6,9,3,11,5
62ba48c4-3c6a-4297-8125-824b0b651b67,3,11,6,11,5,2,0,7,6
62bf271e-e3cd-4fe9-9150-e371205261a7,1,15,6,15,5,7,3,9,6
62cb6c9c-63d9-4a5b-90a2-0866726b3d97,3,10,6,4,0,9,5,7,3
62cc6287-f50f-4e93-9474-17136307ad48,1,9,6,6,2,5,1,12,9
62d0e2af-2c31-466b-8e28-3dd92c63ada9,3,4,1,9,6,12,6,10,5
62d3d6d1-6afe-4274-b2e8-c5d8670f7341,3,7,6,3,1,9,3,15,10
62d6a95b-b400-46ba-b4c1-407927cf74b5,1,8,6,4,1,9,5,6,2
62d821cb-ec89-40ce-8bf0-7e340421c87d,3,7,2,11,6,3,1,6,5
62d821cb-ec89-40ce-8bf0-7e340421c87d,5,12,5,11,5,11,5,8,2
62e0b10c-1ed4-4b8c-b4ee-d8127f87f39b,1,13,6,7,0,12,5,12,4
62f8235d-f966-4549-9cf4-56ac0d7c1fda,3,7,6,1,0,3,2,0,0
62f97fee-fe14-4f4a-a6ad-2b19697b88c6,3,12,6,10,4,6,5,6,4
632170dd-3800-4dc3-b18b-acc96a701105,3,10,6,9,5,9,5,6,2
6324df7b-1030-44ee-9359-8b93904d761f,3,8,3,11,6,24,9,19,4
63565fc3-76d1-42e9-a7bb-5b437900d6dd,3,9,6,6,3,12,5,10,2
63639e46-926c-4118-82a6-2fcde60b6a08,1,1,0,7,6,10,4,8,5
6372e8d3-1e61-4b87-a227-8e1d6c937225,3,20,6,20,5,11,5,9,3
6379a8bf-9d46-4634-95d4-393476aa2a19,3,16,6,15,5,9,5,5,1
639c6e64-46ad-4960-84b7-f05f9a4ced3a,3,14,5,15,6,10,2,12,5
63a48e97-e710-4e4c-8cdd-0601adc3c6d6,3,7,3,10,6,15,9,9,4
63aa1555-a8c1-451c-973d-304de430b169,3,8,2,11,6,15,9,10,2
63c4e8a8-9b50-479b-a8f7-dab2fd1b248d,3,12,5,12,6,4,1,8,5
6405eb90-700c-4ad5-ba31-c2fe7545cdd9,3,12,3,14,6,14,2,17,5
640eee5b-8255-4855-8c21-d982bde4dc33,1,10,6,3,0,13,5,15,7
64119a94-62d5-493d-9413-8d4e7fd01737,3,16,6,16,5,8,5,3,1
641a537d-37e0-48db-9ffa-f8dbf378d3fe,3,13,3,15,6,0,0,5,5
64260201-2642-498b-b314-9f8125a09ea7,1,14,6,12,4,9,5,4,0
6430c05f-a496-4b44-8c6c-ced8e06c9867,3,9,6,4,1,9,5,4,0
64310fbd-fa50-4282-a0d5-cf0174f0dd06,3,11,6,5,0,13,5,14,5
6437711c-c08c-4325-a77e-eab4d1d00ddf,3,10,4,12,6,11,3,13,5
6439ef07-e16f-45f7-98f9-5caf3f0a9449,3,9,6,7,3,5,5,0,0
644f519b-3b92-42ed-b9b4-acd75510dacf,1,4,1,9,6,3,1,7,5
64599805-b998-4258-ac01-f2cc166d7338,1,13,5,12,5,4,0,9,5
6474348e-e406-479b-b1f1-a0a31944a639,1,11,5,12,6,9,6,6,3
64875ce8-bb6e-40e6-92ea-eb1436ce3c43,3,16,6,13,2,9,5,4,0
6488cc50-2ad6-474d-973a-a8a9a1e18f5e,3,11,4,12,6,18,7,14,2
648d13dc-b1b0-4c4f-b5da-82983690dc90,1,9,6,3,0,8,5,6,2
64b3544f-a1ed-4734-a9f2-fbbf1d64aaad,3,13,5,13,6,11,3,14,5
64b71722-9b57-4e47-b11e-aeb45daee3e0,3,15,5,15,6,11,3,14,5
64da1876-2dde-459e-a3e0-c3246b25fa2b,3,9,6,4,1,7,5,5,3
64da73e8-513e-4efc-a894-118376aea479,1,8,6,7,4,13,5,9,1
64dc51b7-f187-4c65-86c0-81750df57af6,3,15,6,14,5,12,6,11,5
64e3be68-a0a7-4181-ac92-cd06db52205e,3,13,6,13,5,13,6,11,5
64e73e28-1693-4319-b9e8-90e9d41c6a14,3,11,6,8,3,11,5,8,2
64ff01d0-f1f1-4f0c-ba83-21d28053c738,3,16,5,16,6,0,0,4,3
651101c8-a824-47ad-b124-255035fd0ac0,3,11,6,11,5,19,6,17,5
6521601e-3820-4a4f-9ab3-bd6a96cab985,3,11,4,13,6,9,3,10,5
6541a209-4a85-4baa-8911-5f550f5daa06,1,12,6,10,4,7,5,2,0
6543f60d-b8fb-46d7-9977-9de3e717aa79,1,11,6,5,2,12,5,6,3
6548e1ac-4d54-47b9-a336-dc2716988388,1,7,2,11,6,8,4,8,5
654f916e-50a0-4c18-9d6f-23435f7d2566,3,12,6,10,3,10,5,5,1
655d5fa3-3465-4ad9-a733-03a7447fe3c8,1,2,0,7,6,2,0,8,5
656e294b-c0b4-4d10-9715-604f7e0afe8e,1,14,5,15,6,8,6,5,2
6572b4cc-03a1-49da-a221-f034f092190e,3,9,3,11,6,5,1,9,5
657cfd69-9850-439e-8e3d-c67d64867a9f,3,10,6,5,1,9,5,7,3
657cfd69-9850-439e-8e3d-c67d64867a9f,5,10,6,4,0,15,5,13,3
65843dbf-d9cb-4ec6-8a71-e2de20d0882b,3,9,1,14,6,4,0,9,5
65843dbf-d9cb-4ec6-8a71-e2de20d0882b,5,12,1,16,6,16,6,14,5
65881ba9-79ac-41f1-800d-8592a883606b,3,11,6,6,1,9,3,6,0
6595131c-9d2e-468b-9909-5810a74eb37a,3,10,2,13,6,8,4,10,5
65a1681d-da9a-43c5-8d5e-d824bc95cb4f,1,8,4,10,6,11,5,11,5
65a3ab81-2498-45ad-ad91-8bdd00dd028a,3,6,6,0,0,7,5,2,0
65b75836-147d-4ef6-855c-adb185d92a5e,3,12,4,13,5,11,8,8,4
65bd7be6-4b63-4e68-a4ce-80d9f21bc7fc,3,10,6,6,2,7,5,3,1
65d55154-874b-4907-8250-88ecca3bb288,3,5,0,10,6,0,0,5,5
65e237bd-8781-400f-8316-6718ba3ace8d,3,9,2,12,6,7,3,10,5
660ccff2-bfd4-446d-946e-d21405c68913,1,10,6,7,2,10,5,4,0
66323762-21a1-4d03-b969-eeb7310045d3,3,0,0,5,4,10,5,14,9
66378338-da07-4e25-89f3-bd2d8b1b3a78,3,13,5,13,6,13,7,12,4
663bc334-2182-4239-b03e-949e2a4077c9,3,10,6,5,1,4,1,13,10
663d4608-fb75-47b8-8b27-b54ceb063bd6,3,10,6,7,2,12,5,11,5
6644ae55-75a2-441e-8c1a-f34e0b41cbab,1,11,6,9,3,7,5,4,2
66535b08-1b59-4a29-a053-5030bcf8f787,3,11,6,6,0,13,5,11,4
665bf139-3a76-4507-8cf2-e6e81d7da542,1,13,4,14,6,9,3,12,5
66607490-430b-498c-bbfc-d7fa409d65bb,1,2,0,9,6,6,2,8,5
6661caeb-3202-4d04-9843-046461a30ac8,1,9,5,5,1,10,5,8,4
667ef042-62b3-4db1-912e-7520037c10b3,1,12,4,14,6,19,7,15,3
669d5b0f-e17b-4eeb-b36e-31e9d82969a8,1,12,5,12,3,3,0,10,8
66c7bc17-5151-48a1-9cb6-db08ff830eb8,1,4,1,9,6,7,3,9,5
66d5f203-c954-4b36-8ae3-2bb6e719615c,1,9,4,10,6,9,3,12,5
66dbb131-657e-4e2c-b463-9a60e0f260da,1,8,4,9,6,3,1,8,5
67026538-5f62-4391-b647-f52df027cbda,3,9,6,6,3,8,5,9,5
6727250c-ddb1-427e-89fa-d55d170f5998,1,9,4,10,6,7,3,10,5
672e59f5-3f90-4931-9449-e930675f5292,1,16,6,15,5,7,5,3,1
6732d059-3cf2-4b85-a480-898ef12f6983,1,9,6,3,0,8,5,7,3
674e37b7-5e3f-4556-92e3-fddc95db889c,1,8,3,10,6,13,5,13,5
674f77d1-65f6-4f9d-a7a1-d2c351d29028,1,16,5,16,6,10,4,12,5
6752ac8b-3915-4d71-8192-b288242776c0,3,6,6,0,0,7,5,6,4
675e36eb-e055-4f1a-b7d8-175c8ad1868b,3,9,6,5,2,11,5,9,3
6767ff88-66e4-45aa-9fea-4da14a82442c,3,13,6,10,2,11,5,8,2
676e3071-b1fe-451e-b58b-c8e297c13f56,3,12,6,10,4,10,5,8,2
677e9a13-3cb1-4896-90bf-397920b4cf99,1,11,6,5,0,7,5,3,1
6781de03-1e2b-4e8d-8d1d-c74a8aac3c35,3,15,4,15,6,10,2,13,5
67824a7e-7c63-4432-9563-3f037f97b543,3,13,6,12,4,10,5,6,2
678e233f-cab9-4c4b-97f5-daa2ca583c8d,3,11,2,15,6,16,9,10,3
679f7f53-e25a-42d4-a495-0aea12ece73e,3,9,4,8,3,5,2,11,6
67a88a5b-ee02-4ae3-ad6b-ce4f166ff40d,3,12,4,15,6,15,5,16,5
67a94af7-99d8-4d14-ab08-ed22be4de272,3,7,3,10,6,13,8,7,2
67b7ae0d-368f-44d4-8840-f6202bcd5b2b,3,7,6,3,2,15,5,14,3
67c2e063-84e3-4b46-b204-d72aca8cd1b3,3,11,2,14,6,3,1,7,5
67d68f43-b9ea-4970-bee9-3d9b5e2a8e9b,3,15,5,15,6,5,1,9,5
67e8acbe-7795-4837-8bc2-a17b2d86bba7,3,17,6,15,5,13,5,12,4
67f8ac8d-d317-4811-b1f6-893c46636b20,1,13,6,10,3,7,5,2,0
67fb20e2-fa5a-413b-adbc-2d2875b5aa54,3,9,6,4,1,11,5,9,3
6801ae6e-1ed6-42c5-9722-7061e82a0cc5,3,13,6,8,1,9,5,8,4
6811d9c8-043b-476c-bccd-5978ba2ca768,1,9,6,5,2,9,5,9,5
6822a6da-f21c-4ec5-ad62-17bbe2102697,3,8,2,12,6,8,2,11,5
68345551-1d60-4b1f-985a-240b0ed84430,3,12,6,10,3,5,1,4,0
683a0e62-bc3e-4626-bb4e-115153ba255e,3,6,2,9,6,14,8,13,6
683d9a01-7946-4b77-abaf-66b0b3427e92,3,6,2,10,6,3,1,7,5
6876a566-99e3-4cb9-b6d7-0ab1b36940d3,1,11,1,15,6,8,2,12,5
687cfb26-2f88-4269-bf31-2d155682ddce,3,9,6,7,3,7,5,3,1
68854ad7-285a-437e-92f7-622bfaad126e,3,10,4,12,6,5,3,6,5
688f579d-f093-40ed-8b4c-7da6a6d34796,3,4,1,8,6,3,1,7,5
689dd7e8-3173-4356-9b39-be55060e482d,1,3,1,8,6,14,8,10,5
68b2aca9-57d4-46b3-81f8-f56f61877b8c,3,5,1,10,6,13,5,12,5
68bd6c5a-3b0a-475b-af58-3a720fa317fd,3,12,3,16,6,5,1,8,5
68d1a4ce-e9b3-4fa0-8b62-3b89e37ed998,1,11,6,7,1,16,6,19,9
68dcabce-1afb-4af7-bd53-9be5583617ba,1,16,6,11,2,8,5,5,1
68f6554b-99dc-491a-a772-82697015ad0c,1,9,6,5,1,14,5,13,5
68fc1d78-9231-44e4-b760-10bb8284a0de,1,11,5,11,5,10,5,4,0
68fc3163-e1b0-4d44-a993-4d0505d81ea7,3,6,6,0,0,13,4,21,12
6908e454-7dda-46dd-be7c-4de8a85c2ed8,1,11,6,6,1,8,5,4,0
692cc250-15b8-4292-a7e0-664e8726efd1,3,13,6,9,2,11,6,15,8
692d1256-6fc5-4160-8ca9-54b56a070ef2,1,10,6,10,5,6,5,0,0
693aa216-4402-4a20-b443-b1e352d0184c,1,9,6,6,2,10,5,5,1
69564b66-c5cd-45c5-a6a7-28bc882f92eb,3,12,6,11,4,10,4,12,8
695792d6-fcbd-440a-9ccc-b2a9c30a8d0d,1,6,2,9,6,11,5,12,5
695ec8d3-d41c-48b3-9409-f9177f15fa9e,3,13,6,12,4,7,1,12,7
6962822a-ab4c-4fdf-8a06-5f1713224220,3,10,6,10,5,9,5,4,0
69673ef1-1122-4731-afc9-e9c828afb67e,1,5,2,9,6,12,6,10,5
6977ef82-b5e3-479c-af5e-1380a8465cb3,1,3,0,8,6,2,0,8,5
697a9d79-1241-4f22-b35a-0608f2f6a06d,3,7,2,11,6,5,1,9,5
697aa80b-47d7-4d30-a179-f88d85e28fb4,3,6,2,9,6,10,4,12,5
697c09e2-d7a5-4359-8849-5f510c7e94ac,3,9,6,5,2,9,5,5,1
697c09e2-d7a5-4359-8849-5f510c7e94ac,5,3,1,7,6,13,7,11,5
69dd66a2-5c51-4d26-b345-ceee75e4c0ad,1,8,6,4,1,12,5,9,3
69e62c9a-ba76-4fe2-bca5-c60cf007101d,1,10,2,13,6,13,10,8,4
69edc416-9293-4439-a28d-097c1d88a1e6,3,11,6,8,3,10,5,4,0
69fbe0c1-98e2-4ad3-91aa-ce8cfec54dbc,3,15,6,14,5,11,5,10,3
69fc47fe-7390-4b13-8cbd-b3cacfe28c52,3,10,5,10,6,7,1,12,5
6a0e06f0-2639-473e-99fc-0003d853dd74,3,14,6,14,5,7,5,2,0
6a1a03ce-8d15-4788-b970-8f4aa365e504,3,9,2,13,6,18,6,16,5
6a23552c-8654-4d2c-972b-b5d9944452cc,3,6,6,0,0,20,5,20,4
6a24a86c-ec4f-4cef-8418-e7783778dda6,1,9,6,7,3,9,3,12,8
6a25bd45-6ee3-452c-8c79-5b88d9c43012,3,9,6,4,1,9,5,4,0
6a35130f-20de-4232-b17c-2f05f54f17e0,3,11,1,15,6,0,0,6,5
6a364b3e-5773-47e4-9d5d-c6f1f899130a,3,9,6,8,4,9,5,4,0
6a3e6b71-c5c0-493d-aa46-ffea47154729,1,9,3,12,6,9,3,10,5
6a4205c5-dee7-4c10-ba1a-6e7a98370c50,1,9,6,4,1,12,5,13,7
6a62ac64-2b28-42ec-9afc-59ca5034518a,1,11,6,9,3,7,5,3,1
6a6e463a-6577-4655-9257-0f2f92d6872b,1,5,1,10,6,2,0,7,5
6a75785a-8542-40f5-a1d5-50e120d2086a,1,3,0,8,6,21,11,13,2
6a9605bb-8163-4eb7-8cae-63a7a3bcafb8,3,1,0,0,0,0,0,0,0
6a9caaf1-5fd4-4ef5-a60f-0807e7163faa,3,12,6,10,3,8,5,4,2
6ab37255-c50f-4636-9f11-f041ef2629e2,1,9,6,5,2,6,5,2,0
6abd28cf-3495-4885-81dc-3974908934c7,1,3,0,9,6,2,0,6,5
6abe14e7-24f7-4dd4-a2b0-68c48f025039,1,3,1,8,6,5,2,7,5
6ac016d8-1998-4702-9b11-cbd3c1eea389,1,11,6,11,5,10,6,9,5
6ae774af-1e98-4c93-80f0-cda88fb67212,3,10,6,3,1,10,3,13,10
6af3b28d-affa-42c1-ab67-01ed9a4c4e6c,3,6,6,1,0,7,5,0,0
6af6de82-a2ba-4dea-aee7-208a84599b44,1,12,5,12,4,12,7,11,2
6b05f92b-32d1-4ac7-b8ea-ba1b72313640,3,10,6,8,4,13,6,15,6
6b0d7db4-491e-4217-9550-a2b0c03150d4,3,12,6,11,5,8,5,5,0
6b17f092-da6f-4d79-a978-e5930a1facb6,1,11,6,7,1,13,5,11,5
6b1c9bc3-0756-4dec-9463-4a30e662bddc,1,15,6,9,1,16,5,18,6
6b2294e5-9d8a-492f-be66-2e8340293d43,1,12,3,14,6,2,0,8,5
6b259727-f29a-42ac-81f0-bec17a83047a,1,0,0,1,1,0,0,0,0
6b34b994-f22c-4d84-8872-86bd4c7e6ef4,1,10,6,6,1,8,5,3,1
6b5bf081-1e70-450f-8acc-e4236051e4c5,1,9,6,7,3,8,2,13,8
6b65f8d2-30bc-4cc1-90ac-b1c79142a710,3,13,6,12,5,7,5,2,0
6b6c1ae3-83a1-494c-b6fc-ad08ce772405,3,14,6,14,5,12,5,9,3
6b73ac3a-c096-4d9c-b998-73e1569a8377,3,17,3,20,6,15,5,14,5
6b796f94-3507-4018-9508-ca9f2277a33d,3,7,6,2,1,8,3,15,10
6b79867a-69a8-4615-b673-23f99285af1a,3,12,5,12,6,8,6,4,0
6b8695ff-e8b3-41e7-b77b-9d732e6f829f,3,11,6,8,2,9,5,9,5
6b895729-b321-45c4-a284-ca76eb1a3fa4,3,13,5,14,6,8,6,4,1
6bd27a96-7a65-4a15-9dfa-f0e13afebd88,1,0,0,5,5,6,2,8,5
6bd311bb-014c-4ac3-83f0-148f89e0268d,1,7,6,3,1,13,5,12,4
6be094f7-c43c-41cf-b77d-88e75351159d,3,15,6,13,5,9,5,6,2
6be37d96-1f05-404a-9ab8-a3bf114135b6,1,6,1,11,6,13,7,11,5
6bf4288e-6144-4584-a054-a2bbebc73190,1,13,6,12,4,10,4,13,8
6c194e95-9319-4404-8d82-d3805b90c109,3,8,6,3,0,7,5,5,3
6c19ddb9-5090-49cf-8dd3-d32f64380348,3,16,5,17,6,8,4,9,5
6c36aa77-9914-4764-99a8-7d5f6b29d8cd,3,11,5,12,6,6,2,9,5
6c49eac6-8b7a-4507-b5df-629368384cf3,3,1,0,6,5,0,0,6,6
6c5495e3-e0e1-4a93-a7d3-22b99ed00606,3,9,6,5,2,9,5,5,1
6c66c472-c879-4a3e-9917-0cfbe8bd3101,3,7,0,12,6,29,12,24,4
6c68b3f6-3ebe-4741-b1da-c9bd6554ad2b,1,10,5,11,6,9,2,10,5
6c68c279-513c-4e53-a917-da19728e4b23,3,6,6,1,0,7,5,5,3
6c6c9366-0382-4519-947c-b5eba881235d,3,12,5,13,6,16,7,13,4
6c71a6af-23ce-4d39-84a9-e7eccedcb34e,3,18,6,15,5,14,5,11,3
6c7c82be-5ce7-4ab6-93fc-f6dc1072d1ec,1,11,6,9,4,16,5,20,9
6ca0ad44-e13a-4e44-9def-c1b84068dca2,3,5,2,9,6,11,5,10,5
6ca4c47e-8bb3-4684-a0b1-649fee5e95a9,1,6,2,9,6,23,11,19,5
6caeb0b2-7fb4-4782-b8a3-29fc77a4ac0c,3,8,2,13,6,7,3,9,5
6caeb983-d1dc-4aea-8829-595fde739244,3,15,2,19,6,17,5,17,5
6cbe45b7-374b-4dc9-9259-3e0983b25461,1,7,6,2,0,9,1,18,11
6cc79ece-c2a9-46d7-95ea-a321c5a894bc,1,13,6,10,1,13,5,13,5
6cdc3f83-f0d0-44f4-aafc-164089f7dcac,1,9,6,3,0,18,3,22,6
6ce0473d-9b45-4e46-8781-4ad1335e527d,3,11,6,10,5,27,9,26,8
6ce79770-9769-4bfc-889d-63c1bc58f961,1,7,6,2,0,7,5,2,0
6d05dfee-93c8-4edc-85f0-46e6f2227ed8,3,10,4,12,6,18,3,19,5
6d0f7529-9d43-4873-9044-8ca6a09d0f4c,1,11,4,15,6,13,7,13,7
6d15975b-e553-4e8c-ba3c-3976d3e3913f,3,13,5,12,6,2,0,7,5
6d3810d1-a9d7-440d-8f65-78188fa08b46,3,2,2,2,1,0,0,0,0
6d4108f3-a254-49e8-9cb3-48f5cbb48e19,3,10,6,4,0,11,5,6,0
6d475d62-529a-4ec4-8ab1-6c69cd6772a2,1,18,4,20,6,5,1,9,5
6d57020e-eda3-441d-a8b5-bcabc6b052c0,3,15,4,17,6,16,6,15,6
6d6026ea-1baf-41d4-a4d6-371761350b6d,3,12,6,8,2,11,5,7,1
6d6e56f5-0172-4b17-a96b-73481f02bcae,3,12,6,8,2,11,5,7,1
6d73a3cf-fbb3-4581-8655-5522477d7c47,3,11,6,2,0,9,5,6,4
6d89689b-0557-413a-86f0-1d751582bc4b,3,15,6,14,4,8,2,6,2
6d89f5af-5b65-4420-9a03-00df13090d14,3,8,3,11,6,9,5,8,5
6d963e1f-94ef-4bfb-a6d6-e2c6b7435bc8,1,9,6,8,3,12,5,12,5
6d99d223-f97b-4f75-862e-3550b8396093,1,6,2,9,6,9,5,10,5
6d9aa8ee-58df-44e0-bf04-eae22afdafc5,3,10,6,7,3,9,2,15,8
6da186b1-4c14-47a3-8252-2a0a4513aba0,3,10,6,5,0,8,5,4,2
6da1b6db-9f60-4d7a-8216-f612cf9526e7,1,7,1,12,6,5,1,8,5
6da2169f-f5a4-440c-b3ac-17a94997df9c,1,11,6,9,3,11,1,17,8
6dac01f8-026f-4b55-a701-1bc33a7af18e,1,11,6,8,2,12,5,11,5
6dbd0c13-e139-4d14-8d49-b2b6ae62f21d,1,9,6,9,5,10,2,12,6
6dc6c31a-0211-4c53-9a58-6b6083f492d4,1,18,6,17,4,7,2,12,6
6dcd6b48-3f2d-403e-adce-5f07ef822dd7,1,7,1,11,6,8,4,10,4
6df06206-1111-4653-ab44-56991d9c56f4,1,3,0,9,6,10,4,10,5
6dfb4a74-db3b-41a1-9d8a-32f2b32452f6,3,14,3,17,6,4,2,8,5
6e01ac17-a7e4-4b6b-9ddf-cc8d577b0329,3,7,2,11,6,21,9,12,1
6e20691b-364e-469a-a225-c0e00dce987d,3,10,6,7,2,10,5,8,4
6e3b6bed-69f1-427d-b31e-63066ee8057f,3,8,6,2,0,7,5,4,2
6e54aa89-bf71-41e1-b753-50cab3b7c335,1,5,1,9,6,0,0,5,5
6e67c450-10bb-4c1f-b751-d35301613d91,3,3,1,8,6,4,0,8,5
6e7e44d4-cf7d-40c4-bdf9-44da83aad0a5,3,17,6,14,4,6,1,11,7
6e917c8a-c5c3-4d2c-bee4-8413032368ab,3,8,0,15,6,20,8,18,5
6e93eaaa-7245-4225-bda3-204f631792e3,3,11,6,8,2,15,5,17,7
6e949bc3-7f2e-475e-9e6a-ab75b452945b,3,8,4,9,6,15,7,16,7
6ea42aa1-0e53-4916-a3a2-8cd4371dc81e,1,10,6,6,1,15,5,18,8
6ea622aa-e8cd-41c9-9858-c3d7cde94446,1,18,6,16,3,10,5,5,1
6eb3b652-9e79-4147-86fa-2279822b99e4,1,14,6,12,4,21,8,25,12
6eb59d50-ed3c-4d06-bc27-bdba627d0ae9,1,4,2,7,6,3,1,8,5
6ecb2797-c32f-44d1-87fe-71581df9e9d1,1,12,4,9,1,12,1,16,7
6ee0aff9-baa3-49ad-bd30-80be5626c4f0,3,5,1,10,6,11,5,10,5
6ef56466-fa81-4bcc-89b7-d58305aa3fa8,1,15,6,13,4,12,3,16,7
6efcc29d-aa2e-4d3e-a660-d2381f14eca0,3,8,4,10,6,10,7,5,2
6f1f33bc-e2cb-4d13-afce-98e02b7a755c,1,9,6,7,3,9,5,6,2
6f45a35f-e5d9-46b0-9e87-59152bd3a94f,3,12,6,11,4,7,5,2,0
6f4ba5da-6b49-4f4d-96c5-8f4bccfe7ed1,1,9,6,6,3,10,5,10,4
6f638716-15c0-4e25-b3ed-23ec44149745,3,9,6,4,0,11,5,12,5
6f7a1ec8-d7d2-4ce1-b759-1c601d97986e,1,8,3,10,6,0,0,5,5
6f991b6f-a209-4770-be1f-26c02d2ecc4d,3,13,6,10,2,9,5,5,1
6f9a799b-6b65-4995-9d89-58f61a81af29,3,13,6,11,4,4,1,10,7
6fb80e61-c649-4c6a-b64f-82482faffd8b,3,9,6,3,0,8,3,15,11
6fbde211-8eb4-4f6d-b570-aef6b0373b5f,1,5,0,11,6,6,2,8,5
6fbe9053-dc95-4598-9222-061f4919ec0c,1,9,1,15,6,9,3,11,5
6fcf0df3-c852-4d86-b88f-73bdb5696d84,3,11,6,6,0,10,5,7,3
6fd23339-3a42-4a8f-a44a-01c40777603d,1,9,6,8,5,10,5,11,3
6fd383f3-0567-4eac-8303-4ec9a3faf9b8,3,12,3,15,6,16,6,15,5
6fe1883a-b980-43fd-addd-7f91439fc6f9,1,2,0,7,6,5,1,10,5
6fec0706-e213-4038-a951-7da53c3247b3,1,1,0,6,6,16,4,18,5
6ffe5326-d901-4593-861b-c15ae6dac0d8,3,3,0,9,6,4,0,8,3
6ffefd11-0729-4144-ad82-50c01210c5c9,1,10,6,9,5,8,5,5,1
700223aa-3227-4046-b5d5-32fa28740362,3,9,6,7,4,6,5,6,4
70066910-d3af-47cc-bfac-cbddaf75fd25,1,7,6,1,0,12,5,15,6
70066a7e-808d-4b64-9e10-fcf5a5f153d6,3,8,5,9,6,9,6,5,2
700a0f8f-64fa-40c1-8769-19b7edf769e7,3,13,6,12,5,7,5,3,1
700cb171-3379-49fd-9bbd-042fea130357,3,14,6,10,2,7,5,3,1
70194515-ff63-4155-a4a5-0564af15f9f7,3,9,6,6,2,7,5,2,0
701b828a-f343-42e7-92f0-2416fe778e68,1,11,6,5,0,11,5,12,6
703356fa-85d4-459d-a378-87f9a796585b,3,14,6,10,0,7,2,4,0
703546b9-a53f-4f92-99bd-befe62d0b6aa,3,12,6,9,3,7,2,15,8
7046de38-3462-4274-a54a-d50c6447ecb0,3,11,6,7,2,8,5,4,0
70568889-39a8-42b4-b619-9e1d98aa339f,3,9,6,6,2,23,5,25,10
705d367d-86c4-407d-ba69-fd1caccde73b,1,12,4,10,4,9,6,3,1
7075798f-fbfd-4e3e-a36f-c84f2dc0e360,3,6,6,1,0,7,5,2,0
7091dad8-8067-43ce-9737-2dd5fa39c404,1,10,6,4,0,8,5,5,1
70921e41-9289-43e6-8064-2d0b90f3eaab,1,13,6,8,1,9,5,5,1
70ab6d76-aa4e-43de-b7a2-199f677415a8,3,13,6,12,5,8,5,7,3
70b4e758-bdf8-4c0f-994b-670c35af8a83,3,9,6,6,2,14,5,14,6
70bc5b87-98a7-421c-894b-17e1b175e3ea,3,14,5,15,6,11,6,7,2
70c99fdd-70ef-43b0-b3bf-674c67fd5034,1,10,6,5,1,8,5,6,2
70cdfd84-ea53-446f-895a-465ef112826f,1,9,3,11,6,15,5,15,5
70efb1bf-74ec-4bc8-9d6d-d947829a2c45,3,11,6,9,3,7,5,4,2
70f01aa3-1159-4d1d-b4b3-1398a8e883b7,1,15,6,13,3,6,5,0,0
70febfa1-7fa6-449c-ab57-62ce90cb7199,3,4,2,8,6,4,2,7,5
7104e22f-dfb9-49f4-8b1b-2587e6f614b8,3,11,5,11,6,18,7,16,4
7115aa82-193e-4692-ae8d-1f0b802b6284,1,12,6,9,3,8,5,5,1
7118f738-1461-47c8-821d-e08027778b00,3,8,1,12,6,15,5,16,5
711a9282-8c82-4c4b-895e-ebfb8785fa34,1,8,6,5,2,11,5,9,3
711df37c-2479-4574-8c52-8482a914a802,3,1,0,7,6,7,3,9,5
713a7ad6-ffee-432b-be0c-0616ab391a8d,3,16,5,17,6,10,4,10,5
713ff129-ffbd-4a12-a611-09128a27307f,3,13,6,11,3,8,5,4,2
71463258-a745-43a4-8652-30da2b02f5bc,3,10,3,13,6,13,5,12,5
71477a37-5dd9-4a83-a6c5-1b26904b5821,3,8,6,7,4,9,3,12,7
71477a37-5dd9-4a83-a6c5-1b26904b5821,5,15,5,17,6,9,3,11,5
714888f8-2bd3-4460-8e17-856022f2f110,3,9,6,7,3,11,5,9,3
716542c4-f3bb-438d-b2df-1d167122e5ce,3,11,6,2,0,11,5,7,4
7179f541-6236-4a7c-9497-264e6bc776e2,3,16,6,12,2,18,5,19,3
717b6411-72c4-4552-84f0-89e846717ee0,1,10,6,6,1,13,5,12,6
717d6df8-4498-461f-8d43-792a0fc144e7,3,13,6,9,1,10,5,8,4
718ca2ce-0fb7-4b28-85f2-82dcaa0c69f5,3,10,2,14,6,19,9,16,7
718d48f0-7ac9-4409-8d52-280a63ff86b5,3,13,6,12,4,10,5,6,2
718fa9ca-c69b-49d5-a1c9-7e95d98f15bc,1,12,4,14,6,16,7,9,0
71954ac9-64dd-4c09-a005-9f5f2e7c3f17,3,10,5,10,6,10,6,8,3
71a18eca-840e-40e1-92a7-f832edae4955,1,3,1,7,6,0,0,5,5
71a241a0-18b6-4177-b45d-f1b060fc6230,1,12,6,8,1,15,4,18,8
71aeaabf-8bbc-4bc2-bf33-f58176b45e71,3,9,6,4,1,8,5,6,2
71c54d19-8529-4a87-93f6-ab9381c626f1,3,10,6,6,1,8,5,4,2
71cb6b8d-d5d5-4cd9-9192-3db65fd67e97,3,15,4,16,3,8,5,8,4
71d99bc8-b3f3-4cae-8321-7027202fbef3,3,7,3,9,6,29,14,25,9
7210962e-fc4f-4aea-87c4-81b1ba9e361b,1,7,1,8,6,0,0,5,5
721903aa-ba89-4396-83a3-126731a135f8,1,14,5,16,6,8,6,3,0
722b4f81-d304-4a25-98ed-7a4cbd655435,3,6,6,0,0,8,5,7,3
7237cf04-0c75-4bf5-8490-16ef4c563452,3,17,6,17,5,6,5,3,1
725d2e4c-7b93-4113-ad5a-61176ba12c6a,3,6,2,10,6,8,4,9,5
729d3863-95d2-4686-8954-7647d73c8947,1,14,6,15,4,11,5,9,3
729f2dd8-1072-45e3-94b9-4e902fd1e318,3,12,6,8,2,13,5,12,4
72a58818-84fe-41ce-9bbc-dba03c9f7c61,3,4,2,7,6,2,0,8,5
72a5d964-8622-49c2-8503-d798530abc08,1,11,6,6,0,7,5,2,0
72ab3ba7-abaa-482f-b7a2-2da606527e25,3,12,6,9,3,10,5,8,1
72b76127-2fca-41e5-9080-c2510dc5be3b,3,10,6,9,4,6,3,2,0
72c12be1-0c57-4f27-b34e-0f78b699c9f8,1,8,3,10,6,3,1,7,5
72c7d329-3518-48bc-b398-9612385fcfe1,3,10,6,8,4,10,5,11,5
72d25495-3016-4251-a018-9854206f0503,3,9,4,11,6,15,3,17,5
72fca940-ab0f-40b8-ab52-c6d3aa934a82,3,13,6,11,4,9,5,6,2
72ffc423-15ad-4d18-afcb-bebaaf99df66,3,8,1,12,6,11,5,11,5
7320a9a0-79ca-4e9d-8cdf-418f423ad213,3,10,6,5,1,7,5,3,1
732a1432-5b29-430d-8e2b-4e70ec743de9,1,6,0,11,6,18,8,15,5
73370bd5-6785-41dc-8e6a-966308c5fdbf,3,15,6,12,3,10,5,8,2
733941fb-f983-4259-8303-7481e88e4a0b,3,15,6,11,2,12,5,12,4
734820cc-f33f-465d-af18-63e6d2619478,3,16,6,14,3,16,5,12,2
734aea8c-181c-46d6-8c04-b722ce37f5c9,1,9,3,12,5,11,3,12,5
735d8abf-587e-4b8a-9a53-94c2fecb8819,3,10,6,6,2,11,5,10,4
7361bb8b-f4d3-4be9-ad5a-5f09db071442,3,7,3,10,6,0,0,0,0
736b4625-2f97-4b11-902b-6b1af56ce197,3,9,2,13,6,13,7,11,5
73722c08-a798-4816-8ef5-f18441670f60,1,8,6,2,0,14,5,11,3
7374c5a6-bcd0-4ab2-a4eb-8c31b5731dd9,3,15,6,11,2,11,5,10,4
737ac572-fe1f-4740-b177-e8f2816cee97,3,1,0,7,6,6,2,8,5
738f602b-b7be-4dca-833a-03b73c2d7d57,1,14,1,20,6,13,7,11,5
7390158b-bb93-4db8-97bc-38ef81e79acf,3,12,6,8,1,7,5,3,1
73941c7e-2a07-4bde-a58a-63b604f87641,1,2,0,7,6,0,0,6,5
7396bc3a-ad70-486e-b431-442304cd9350,3,13,6,9,2,6,5,3,1
73adce2e-e38c-47e2-b811-7a87ee1f6213,1,9,6,5,1,13,5,13,5
73be348a-0491-4851-8493-3129412f1a5b,3,0,0,0,0,1,0,2,2
73c0a0dc-0cb8-46e5-a4d9-89615f32148c,3,9,6,8,3,9,5,5,1
73d5a28d-c387-48c3-98e0-61ed9783b392,1,13,6,11,3,11,5,10,4
73ee1d0b-60fa-4ad5-9cbe-f56fdcfa758c,3,19,4,20,6,9,1,12,5
73fef43c-564d-44c8-8809-b1708b8b2c09,3,13,6,9,1,6,0,14,10
74060ef3-496b-4906-a32b-b4c583292940,3,12,5,12,6,13,5,15,6
741c760c-4108-4c1e-aa14-cdcc1334b705,1,5,2,8,6,0,0,6,5
741cfbd3-23fd-4b84-8beb-e9ea1b12bac4,3,11,6,8,3,16,5,16,4
74267c0a-fa3f-421b-9e1b-8d1724c4cebc,1,5,1,9,6,4,0,9,5
742d0a90-0fbc-403c-a985-c529ad6d2ffe,3,9,2,12,6,4,2,7,5
7432ce33-67fa-49bd-8d76-ab7ac9b8f0d8,3,6,3,8,6,0,0,5,5
743b217a-eb22-4b1b-8906-5a6d61db4884,3,11,6,8,3,16,7,19,8
74525adf-4fa9-4bfd-9998-91fefb74283d,1,13,2,16,6,4,2,7,5
74565133-7400-46d1-bd3f-828b328cee35,1,15,6,11,1,17,3,22,10
745e0016-5586-4cf8-9d68-3b4cfc09c785,1,12,6,11,4,11,5,7,1
7461d04f-c76d-4dc7-afc3-75ecae39c387,1,10,3,12,6,0,0,5,5
747e91f8-3559-418c-92a7-0dd6edd60381,3,9,3,12,6,5,1,9,5
748a88a8-fec0-4acb-92cb-043809368442,3,7,6,2,1,8,5,4,0
748c1b09-53e5-4b49-b53a-f7d155599d1e,3,12,6,10,3,11,5,9,2
74946db7-e637-49d4-8834-ef21b513feef,1,2,0,7,6,4,2,7,5
74948474-9101-41da-ba75-4b418d2a4c8c,1,10,2,13,6,4,2,7,5
7499dfa3-a6bf-4baa-a099-46f5b89ae6a3,3,9,6,3,1,9,2,13,10
74ae8908-3dbb-473d-852e-bac668ae2121,3,12,6,12,5,9,5,5,1
74aea924-3178-4feb-8574-13ead29148fa,3,8,3,10,6,13,7,12,6
74b7acd0-bfe3-4ccf-8c48-2aa4999ba9cb,1,13,6,11,4,7,5,5,3
74c8924e-23b9-4fb3-8c3c-8fc3f1c6d944,1,8,1,12,6,15,7,13,5
74e6dd35-4191-4fef-92ab-c632752ebeb5,3,12,4,14,6,11,5,10,5
74ea4798-0f94-4dd3-886e-2bf51d7c1d28,1,11,1,15,6,6,2,10,5
74ef1347-bc44-4f17-9688-3b22c5694e97,1,10,6,7,3,6,5,2,0
74f16c2b-9fd8-409c-98d1-f653e6400876,3,15,6,13,3,10,5,10,4
74f39e8a-c798-4322-a5e1-2c723370ac5b,3,9,6,5,1,17,5,14,4
74f7d4dd-4642-4e93-94f4-36e0178e3cbe,3,12,6,7,1,9,5,4,0
750bf4ca-b3e5-4a3b-aa16-0f244dafb3cc,1,21,6,20,5,6,5,2,0
750d363b-f4f3-4b50-9474-e4b32f1212ac,3,7,6,3,1,7,5,7,5
750f9f4b-d729-4566-916b-f19a7c4d019f,1,10,5,11,6,9,6,3,0
753efaa4-1d75-42ac-9cc8-4cca7af9acdf,1,4,1,9,6,24,10,18,3
7551fd2e-1b1d-430e-a26d-ad26fe864134,3,7,2,11,6,20,11,16,5
755829b8-54dc-4e83-b5ea-6481c1d92022,1,8,6,3,1,13,5,11,3
758a7dd6-f6c2-4a6e-93cc-f2dd7b344e39,3,10,4,11,6,6,2,9,5
758a7dd6-f6c2-4a6e-93cc-f2dd7b344e39,5,12,6,8,2,11,5,12,6
758c30d8-ea58-4291-9043-8c4d65491259,3,9,6,7,3,8,5,2,0
75947202-4756-4211-9dc6-bb7de2801cb0,3,8,6,3,0,9,3,4,0
75a570d4-a301-4752-9d79-ea592de5e55d,3,1,0,7,6,18,8,14,5
75b4d173-8148-42d6-8ae9-15673937fcc6,1,8,6,3,0,14,5,15,7
75bb4db9-73cf-4609-8fa3-aa8b289398b2,1,11,6,8,2,17,5,17,5
75d65521-3c33-4962-afc5-80c186d07160,1,9,6,4,0,10,5,6,2
75d7da1d-7eec-4bb1-924b-73766b8c5503,3,13,6,9,2,10,5,12,6
75d916ac-7c0c-478e-9c69-cbccde99a431,3,9,6,4,0,8,5,2,0
75df91ce-8c2c-4d19-92ed-f8df94f93efa,1,5,2,8,6,2,0,7,5
75ef142d-5839-4935-8a2f-eda631898d73,3,3,0,7,5,12,3,15,5
76197528-b625-43ef-9d77-82a9307d0c39,1,14,5,14,6,6,2,10,5
762394ed-f180-40a9-95f7-aad49dd609b8,3,11,6,7,2,10,5,9,5
765334c6-3ce0-4ad6-b285-e6d54ce0aad1,3,7,6,2,1,14,6,17,9
765bb724-b731-4bc0-a23f-935506d991f5,3,11,6,6,1,8,5,5,1
765d431a-f085-4e1e-b8db-43ef80d869ac,3,12,6,8,2,13,5,11,3
765da19b-b0e1-47a7-b851-455a44dabc6d,3,3,0,9,6,6,4,6,5
7668a235-38ba-495f-a57f-a13b73393000,1,12,6,10,4,12,5,13,5
7673b45f-c5e5-4a0e-8d10-05c23506776c,3,12,4,13,6,16,8,16,4
76853cdc-d1da-4766-abd6-d71eca725bcd,3,9,6,3,0,11,5,8,2
7685d412-5abb-496c-83b3-5c16721ecbbb,3,8,6,4,1,11,5,8,2
769a6400-c96c-4ec8-b314-62008813a279,3,9,6,8,5,3,2,6,6
76b21024-c367-49d0-9445-c5ec4868c270,3,7,3,9,5,4,2,5,1
76c68c36-5156-40c6-a04a-71baf01d1c80,3,9,6,3,0,8,5,6,2
76d306bc-640c-4702-8259-3ea8ad1a2dcf,3,19,6,18,5,9,5,7,3
76d42dae-f396-49a4-b495-0fd27de3d052,3,12,4,14,6,17,7,18,7
76d6a798-18f5-46d8-9911-55205f00845b,3,9,6,4,0,9,5,9,5
76d7cc95-576f-43e8-a224-6edaf4b17d40,3,10,6,7,2,10,5,4,0
76e28c34-b33e-4a3a-890b-980878815258,3,7,6,6,4,12,5,7,1
76eec37f-70dd-42ac-aedc-6d10f7a5ce8f,3,7,2,10,6,13,10,8,4
76fc0b0b-2e4a-408c-9dc5-eeba64ba7acf,3,5,3,8,6,7,3,9,5
76fd37f1-9161-46cf-a00d-1819fb978658,3,15,6,13,3,8,5,4,2
7704f01a-1aff-40dd-bffe-8eb7ef3ac0b4,3,12,6,6,0,13,5,17,9
773a504c-45ee-42d3-a021-7c623fd554cd,3,9,1,13,6,2,0,7,5
77529c66-b06b-4b2f-9991-c6534671ec85,1,7,3,9,6,11,7,8,4
776de2c4-bdb8-4d66-b364-2c27a22e9ae0,3,14,5,14,6,5,1,9,5
7770be9d-9b86-483f-9163-d66be284fc56,1,7,6,1,0,8,4,15,11
7783496b-c3a3-42f9-901f-4fdafabbede5,1,17,6,17,5,11,6,9,5
7788c4f1-fd85-40a8-84e6-8e345a0fd111,3,8,6,2,0,7,5,3,1
778d84bd-615d-4725-9a74-5480a21843cf,3,10,6,7,3,7,5,3,1
77937d8b-22da-44a9-b067-35884b9db216,3,14,6,11,3,6,5,2,0
77a08a86-a6d4-494c-891a-884d27017c43,3,8,6,4,2,13,5,16,7
77b24560-8555-4579-95e8-436c667c40d5,1,14,6,13,5,10,5,7,1
77b97fa9-63c5-4797-b8fe-48b197ab58f8,1,10,6,5,0,9,5,4,0
77e57cda-df0a-4cce-9531-dee22cbc5fcc,3,8,4,10,6,4,0,8,5
77edee52-5879-4c4c-a907-9f041a377561,3,9,6,7,4,7,5,3,1
7804f137-edfd-4e9e-a3ef-225cf6b46e9d,3,15,6,15,5,8,2,10,6
7809515d-8ef0-47c7-9ec3-c3de6887a3f8,1,13,6,12,5,16,7,14,6
78161b40-47f0-46cd-9493-f1e6746eac9e,3,11,4,13,6,16,7,12,3
7816e70d-4b28-4006-8fdf-699078333989,3,8,3,11,6,0,0,5,5
7819d985-e3cc-4893-bab0-86e80374a880,3,10,6,4,0,8,5,5,1
781cfbd3-da15-4519-8887-65db9000d12a,3,9,6,6,2,5,2,3,0
781f38f9-999b-43ac-bfe2-c43ffc84fe0e,3,18,5,19,6,10,6,7,1
785730ee-1c38-4c8a-a9ed-1b9e2c5fffcd,3,7,3,9,6,7,1,12,5
788687b1-e45a-44cf-a647-cda66930d9b5,1,13,6,8,1,7,5,2,0
788d9109-f19f-4c0b-9613-8c2a9f8b1e7b,1,11,3,13,6,6,2,10,5
78adcd30-24b8-4d7e-a6d0-c6dbe791e979,1,10,6,10,5,13,6,11,5
78b2191d-4b41-44f9-a899-60ab083cc338,1,8,6,6,3,10,5,6,2
78c110be-5ccf-47cf-ac2f-495d02882f34,1,11,5,11,6,9,6,6,2
78c11bde-2692-4fa6-bdc1-c29d56f6bacb,1,12,6,11,4,7,3,10,7
78cd0d10-7d71-4f6c-a824-67223befb625,3,13,3,16,6,9,5,10,5
78f2e5aa-ddc3-4f5d-9043-d30639f819bb,1,8,3,11,6,22,9,17,4
7903a772-e12d-4962-85c4-738aca0e0928,3,9,6,3,0,17,5,18,4
79396f88-0dd4-4dcc-a4cd-71d501756679,3,5,0,11,6,2,0,5,2
794fd635-faa3-4cd9-b3b8-f65514726567,1,21,6,18,3,18,5,20,6
796d8678-58ed-41c9-be6c-0096ed67b345,1,9,5,9,6,7,3,10,5
796fc124-8123-4993-aab7-127959c53a98,3,9,3,12,6,23,10,18,5
79762795-e25c-4343-89f6-1fdfb01af8df,3,17,5,17,6,10,6,8,2
7986836a-8309-45ef-bc88-fe0f6debb730,3,6,2,9,6,8,4,9,5
7986a4e2-2bff-4a76-bd81-f211926ed726,1,11,6,10,4,7,5,4,2
799530e7-6e42-4bec-b8dd-e7e50e3644f6,3,15,6,11,2,11,5,8,2
79a08a8c-5684-4825-8ed5-e325ac13cec1,3,16,6,8,1,12,5,14,6
79ace6a8-95a6-476d-9c61-4de2b4b82224,3,10,5,11,6,15,6,9,0
79bd14ce-be04-4231-953c-d0d59ea58b98,3,4,2,7,6,12,5,11,5
79e1c856-26d4-46c5-a351-89e99d9a45c5,1,13,6,11,4,6,3,10,7
79fc13c3-dbaa-4929-842e-aa7aac67bd5a,3,7,6,1,0,9,5,4,0
7a0826cf-466b-4f9d-8354-6a15e548f6fd,3,8,6,3,0,12,5,12,6
7a0cdcbe-56ed-40c8-b40a-febdebcd9145,1,13,6,12,4,8,5,6,4
7a0f0a8d-1e6b-4810-9d84-1dbb389da661,3,13,6,12,4,8,5,3,1
7a18fa9f-eafe-4825-9e38-5c021a425990,3,9,6,8,3,6,5,0,0
7a268a49-9c98-45e3-bd69-90f5e17ebc1e,3,20,4,21,6,4,2,7,5
7a3ec4d9-39ac-49d5-bafe-70d30a90f10a,3,20,6,19,4,15,5,14,3
7a425b4b-263c-4a0a-a415-0c60a63cb339,3,8,5,5,2,14,6,16,8
7a442087-39dc-43af-97f0-b69ea71e11b6,1,8,6,3,1,11,5,6,0
7a445f5b-309a-46b2-a95f-ea0ae85af86b,3,14,6,13,5,5,2,9,6
7a46ede0-a2be-4a2f-b84e-fa45aaaeed36,3,16,6,14,4,12,3,15,7
7a4b386e-f899-485d-89eb-5c6f8c8b474b,3,15,6,13,3,10,5,7,3
7a4bc576-89cb-4493-a4f3-76f069c2d5a6,3,12,6,10,3,14,5,10,2
7a5622a4-3514-4df7-997d-8b4f351430f8,3,4,2,7,6,3,1,8,5
7a65666a-c7cb-40ff-b73c-cd971616f554,3,7,6,3,1,8,5,3,1
7a805d7d-9395-4f41-a137-6454c7cf3f7a,3,17,6,18,5,13,5,10,2
7a8deadb-49cf-4783-a72f-c5e1cdf4ba1b,3,10,6,10,5,6,5,0,0
7aa2f570-744d-4474-af76-73263640fbaf,1,8,6,4,2,14,5,15,5
7aa99c2c-7063-417a-94d5-4c8f4b2440c0,3,7,6,1,0,7,5,2,0
7ab93164-ea49-47a3-a4a8-7fb503fb4142,1,6,1,11,6,15,7,12,5
7abf558c-3ce2-4e1d-8343-f72588d5bcd3,3,12,6,12,5,9,5,6,2
7acf37f3-4a70-4025-9730-649dc5c34778,1,12,6,9,2,6,2,12,9
7ad2a478-e92a-4ba1-bdde-65bf1e662b68,3,3,0,9,6,5,1,8,5
7ad87d99-94b3-4fd4-bde5-2697f1aad76c,1,8,6,6,3,25,5,22,4
7ae3fa51-ca2a-46c1-8421-5bad5da71790,1,10,6,10,5,7,5,2,0
7b018b61-2d60-4c39-8b79-3850c78e54ed,3,12,6,10,3,8,5,3,1
7b04bbf8-73a8-4e5c-9430-e4981b6c7af6,1,14,5,16,6,14,6,16,7
7b06c248-bfc5-41c8-9bad-a6f560437af0,1,8,6,4,1,7,5,5,3
7b0a2d30-eef5-462f-ad79-7f8fa33f49b8,3,6,2,6,3,14,6,18,8
7b10dd47-1561-435c-8420-04458d594aa7,3,10,6,9,5,9,5,6,2
7b14bef7-c7ff-4d5c-b73c-d7c793d78093,3,10,6,9,4,7,5,6,4
7b2db780-c51a-41e6-ac65-f3342bd75594,1,10,6,8,4,12,5,13,6
7b450b15-d640-45c8-b7d6-7768b7aa41d9,3,8,6,5,3,6,5,3,1
7b516e7a-c69f-43ea-90fb-a91ea82a97e5,3,12,6,11,4,6,5,0,0
7b552b4d-9171-488f-a05a-09b1ad3b776f,1,8,3,10,6,13,8,7,1
7b586487-2aca-461c-ac99-927042106f4d,1,8,5,2,0,6,4,2,0
7b64a833-9c0b-4a09-aad9-be51d754d6a9,1,13,4,11,6,15,5,9,5
7b6514b6-f453-4767-833f-89a1b49bd67b,3,7,2,11,6,4,2,6,5
7b93892f-0909-4aa9-bd50-156218425049,3,15,6,13,4,6,5,4,2
7b9698cc-2302-45d5-b67b-fdd0cf838392,1,11,6,8,3,9,5,5,1
7b9a0c38-22c8-47ec-b552-13804a82ec15,3,18,6,16,4,9,5,9,4
7be1bded-6e24-4b47-af30-c17cfcea0463,1,3,1,8,6,5,1,8,5
7bf048e0-429a-4a58-aead-183337dfb020,3,15,6,13,4,10,6,10,6
7bf0614b-9f05-4238-acb9-8edbc04e9f00,3,4,0,10,6,14,8,10,5
7bf180e8-5c14-4110-965e-3645b89dfbc2,3,5,1,10,6,24,11,17,4
7bfc370f-8d23-45db-86bc-d5f8556f32cd,1,8,6,2,0,11,5,15,9
7c1095fb-d984-430b-bffb-c865a13e96e6,1,8,6,2,0,9,5,4,0
7c123d55-9ea6-4569-99f5-20c6d375b465,1,15,5,15,6,0,0,6,5
7c29f7da-3429-4324-84e1-9fcbae004c30,1,10,6,7,2,7,5,4,2
7c46a1ce-01b2-4eaf-9d10-5f6da5372500,1,8,2,13,6,10,6,10,5
7c500afa-c3a9-4b11-9362-9a57f591fea9,3,6,1,10,6,13,5,13,5
7c5a87e4-df6a-4587-b68a-2ce5ed8a914d,1,13,6,11,4,10,5,11,5
7c6d189f-8b79-4f61-941a-80736148b03a,3,9,6,5,1,11,5,9,3
7c7b2d67-894e-4be3-a1f9-8975262cd92c,1,12,5,10,4,7,2,11,7
7c7c70f7-38a2-461d-a3a4-d99e19bea387,3,8,6,5,2,10,4,15,10
7c83b2c9-45a9-4a2e-aab9-ce87d4dc7fdf,3,11,4,14,6,11,5,10,5
7ca859bc-8dbd-4500-bc8f-adc64edad4a1,1,10,6,6,1,17,6,19,9
7cb8711e-2ecc-4eff-961c-d6a1f5e89e86,3,6,2,9,6,5,3,8,5
7cbe6203-ab68-4339-b2ed-713ca659936b,3,7,6,7,5,6,5,0,0
7cd4559b-b827-4ae0-91d9-68ff2039bfb0,3,9,6,7,4,7,5,3,1
7ceaa079-c716-4319-8392-bccb0d16f4b3,3,7,1,10,6,0,0,5,5
7d145c54-8765-4958-9f42-2113ee956b0a,3,16,5,17,6,7,3,11,5
7d16b1f7-5d82-4151-878c-686b222803ee,3,13,5,13,6,4,0,9,5
7d1de361-0cda-475a-bc6f-b2b487e87f07,1,4,0,9,6,6,2,9,5
7d218ff5-d59d-44fe-bb91-d100f37c8224,1,7,2,11,6,6,2,8,5
7d568896-5ef9-4155-a171-0a6a76a576ba,3,10,5,10,6,5,3,7,5
7d6195dc-2044-4751-ac9c-5edfdbee103b,1,11,6,7,2,6,5,2,0
7d6540f7-a13c-4424-9fec-8bf1d4afb21f,3,9,5,9,6,6,6,3,1
7d7289ad-6c6a-4e48-9a83-c187a40b3803,3,4,1,7,6,0,0,5,5
7d82a15e-516b-4c96-91e4-524bf08b0b8d,3,7,6,1,0,10,5,14,8
7d8538bb-c5f0-48a1-8caa-0de7a022fb90,3,15,5,15,6,14,6,12,2
7d8c03c2-5160-4d93-8b1f-bad54e593248,1,4,0,10,6,7,1,10,5
7d9a33ab-eb68-4188-9f9f-daf79bcac40a,3,9,6,3,0,22,6,26,10
7da153c4-3665-443e-931e-230d2b786b4a,3,6,2,10,6,8,4,9,5
7da236ce-8b0f-4aea-9455-58bf8909d6bf,1,14,6,14,5,14,6,10,2
7db26e49-b9ab-46d1-98ca-ca84e4910817,3,14,5,13,6,18,6,19,7
7df5fc8b-e1f4-44a9-b449-400568504931,1,8,6,3,1,14,5,15,5
7df68cae-45b5-47d8-bc13-2b2f9e3ff2e4,3,5,1,10,6,13,5,13,5
7e262149-17f2-4407-8e18-c5fc5a0c646d,3,9,6,4,0,10,5,4,0
7e27dee9-f647-4e3d-8d13-85dcbfd00e85,1,3,1,7,6,2,0,8,5
7e452e58-3a04-4e65-8ebd-d2e5868af221,1,13,6,8,0,5,5,0,0
7e4a1fc7-66ad-4194-814a-79d165e0d798,1,8,5,9,6,4,0,8,5
7e5c98d6-5639-4b4b-833a-3e6f18c26f68,3,6,2,9,6,6,2,9,5
7e5eb7e8-7b3f-4c36-9fc2-b0b60a1ad1b2,3,10,6,5,1,14,5,16,6
7e6c6d37-14f4-4e82-b458-1cf2a5ba56ed,3,10,3,13,6,10,4,11,5
7e79339a-1d58-47e5-b5d5-77f9a2129798,3,8,3,10,6,17,8,13,3
7e81a97e-9e89-42f9-aa84-2bc949363f7b,1,9,6,7,3,7,5,4,2
7e85f813-d738-4dac-9405-c6a01c01cd42,1,8,6,2,0,9,5,5,1
7e890cab-5f51-41a4-8492-ca280329df1e,1,5,2,9,6,11,3,13,5
7e8f1555-308f-4984-8e5a-9475b083fa69,3,9,6,9,5,15,6,13,5
7e91e172-63ae-4c4a-b1ce-de06923140c5,1,16,5,19,3,10,5,7,2
7e933984-e0ed-4c53-a706-f886194d8cc7,3,11,6,10,4,8,5,3,1
7e97156b-3ecc-4d5c-8d72-c10afe0d1ab8,3,8,1,14,6,15,10,6,1
7e9b3e65-b969-449c-ae6b-96a8da5639eb,1,6,2,10,6,6,0,10,5
7ea60e1c-5d79-4a29-bcfe-873b7604a65e,3,13,4,14,6,11,7,9,2
7ed3129f-c261-4cc3-b0fe-efd19f627921,3,6,2,9,6,13,9,8,2
7ee77f37-f2d3-4ace-91ae-009b5d504e24,3,9,6,4,1,14,5,11,3
7ef84fb9-3ad1-469a-9ae6-d328c90aed4f,3,2,0,7,6,7,1,11,5
7efe48ea-1b9a-4880-a0f3-3f380a069c8b,1,4,1,8,6,9,3,11,5
7f008436-8cbb-4c46-bba9-ec4bf47753a0,3,15,4,15,6,15,5,16,5
7f01e93d-6f91-479a-bb37-f330e9cf2f41,3,10,6,7,2,9,5,9,5
7f2010ea-736c-480e-b721-93c258078247,3,13,5,9,1,8,5,2,0
7f20868f-1b86-4de9-bed9-c6ee99ad82bc,3,10,5,9,6,0,0,6,5
7f2bdc13-c3fc-4acc-8234-7e8f80ab0ec8,3,11,4,11,6,2,0,7,5
7f2fe172-637c-496f-aaee-96520394daf3,3,14,6,11,2,6,5,0,0
7f46610c-8f60-4ec8-a26c-1fa03f716d31,3,10,4,11,6,7,3,9,5
7f49fe31-4289-4119-a8cb-52bb1378772b,3,7,1,12,6,6,0,11,5
7f52f61b-fb6e-4be9-9271-e84d5fe28d3c,3,9,6,4,1,6,5,2,0
7f6139be-336c-4b73-999b-5331c94fde42,1,6,1,11,6,14,6,12,5
7f855dfe-d99f-4611-8ecb-f93c6548f214,1,9,6,3,0,8,5,7,3
7f8634b5-b7cd-41af-90e7-57de1aa5089b,3,12,6,10,2,9,5,8,4
7fa50b39-5edc-4b95-9f71-19df068c8d4b,1,16,5,17,6,13,4,12,5
7fa5e43f-bcb1-42e2-a353-e6aea442e76e,3,8,6,3,1,11,5,11,5
7fb29d47-25b0-4b07-b461-36d64593e7a8,3,8,6,2,0,8,5,8,4
7fb47516-b949-4567-b53c-cc527f3e0a11,3,9,6,4,0,7,5,2,0
7fc85666-b491-4c38-abaf-3aa15301425d,3,10,5,10,6,5,1,9,5
7fd76b38-428a-4f26-8804-27ad8b8acd17,1,10,4,12,5,17,7,14,2
7fe71915-97da-42e0-9b52-ddbbe4ce9487,3,12,6,5,0,10,8,2,0
7febd1b1-ee48-4b50-b63d-4fb931187fb2,1,10,4,12,6,14,3,14,5
8007ddf6-7b86-4f97-b397-a4fe3d647ba4,3,14,6,12,5,6,5,2,0
80166a3e-0b98-4f5b-ae95-65299d28409e,3,18,5,19,6,12,4,13,5
8016a2cd-f66b-4f1c-b808-4963150f5257,3,9,6,8,4,12,5,10,4
8030399c-88dc-45ec-9765-33ff6494cc8a,3,11,6,2,0,10,5,7,4
803c8633-01d1-4a3a-aec5-e400baf8478a,3,13,5,13,4,9,5,8,4
80476dc1-6e45-4d51-b1c3-d418e0203d55,3,5,2,9,6,9,5,10,5
8057443d-818d-4bcd-ad75-5b9e69e947a0,1,11,6,7,2,9,5,8,4
805cd335-bbc3-4a6f-a714-611732d63235,3,13,6,12,5,7,5,4,2
80625fc7-ac8e-4b0f-b34a-34093a2c8c25,3,9,6,7,3,8,5,4,2
8070e96f-dc55-49e5-bd92-cbb1b704a2a3,1,12,2,16,6,16,10,11,4
807d1b46-0de3-4921-a3be-fa584ab167f7,3,5,2,8,6,2,0,7,5
807ebca5-4d67-4780-9d8e-6b729fe16235,1,11,6,11,5,11,5,9,3
8093b85b-d18c-4cdb-a4fe-45c1d46dd2fa,3,18,6,14,2,8,5,7,3
809c8a80-98cc-4793-bde4-d44813d68659,1,9,6,7,5,10,3,12,6
809fe252-69a9-420c-a284-8ddf7f4f846c,1,18,6,18,5,18,6,19,9
80a8b230-7d52-4a5b-9f10-a22442e9fc34,3,10,6,7,3,13,5,13,5
80b99738-9dbc-455a-b698-e8021807573e,3,8,6,2,0,11,5,9,3
80d829ad-586a-481a-9d24-cfd599d2fef1,3,8,6,3,0,6,5,0,0
80ddfe6e-d734-41cc-84bd-3e4ff98819d8,1,10,2,14,6,6,1,9,5
80ea93da-de41-45f8-b40e-bb1c5046b661,3,13,6,12,4,16,5,13,3
8105ace7-c013-4f48-833d-0fcd27b5ee9e,1,10,6,7,3,10,5,7,1
810c76df-52bf-4d67-b256-3377c9536de1,1,10,6,7,4,8,5,5,1
81156dfa-8ece-48cb-aeb5-db396231cad1,3,9,6,6,2,9,3,14,9
8117a356-1ade-45a4-ac3a-e669de5799d3,1,13,3,15,6,3,1,8,5
812072a9-792c-4636-998f-189c52ad0b7f,3,10,3,12,6,0,0,6,5
8128877e-bb21-416f-a361-f22b6bd8105e,3,6,2,10,6,11,3,14,5
81414781-9f29-43b3-9bb3-f531e65b965a,3,12,6,7,0,7,3,2,0
81463b45-f90b-4c08-8da8-7f94dd09155a,3,16,5,14,2,0,0,0,0
815fea0d-d9a9-4a1e-818d-1d9ca197fce3,3,10,2,13,6,9,6,4,1
8160f3ca-d8c6-4774-b6bd-56ff45912465,3,10,3,12,6,0,0,6,5
816e91aa-d3c3-40a2-bd86-23a19d7df091,1,14,5,14,6,9,3,11,5
81738feb-5817-4b22-8f54-5cd70a4ea3bd,3,10,6,5,1,11,2,20,10
8196495c-03a3-48ac-99ce-ac1825cfb00b,3,11,6,7,2,6,1,14,9
81a5bf52-0ecd-4dd2-9938-3c3804913a31,3,14,5,14,6,3,1,7,5
81bbaa59-a8de-43d8-8d30-9aad69eefad7,1,9,5,10,6,9,2,11,5
81cd3dfa-b55a-4b82-91a0-159e0f6676f4,3,14,6,13,4,21,7,24,11
81cd8bfd-c261-4139-ac1c-4635f559aea1,3,16,6,15,5,8,5,7,3
81d6f071-ed97-4390-baa9-633ec3c090e8,1,5,0,10,6,6,0,12,5
8208ea5d-6003-4388-af50-6df5cdd23287,3,11,6,10,5,4,2,4,1
820a97ba-8702-4b67-8e72-13019669c250,3,9,6,8,4,7,3,10,7
8215c4a1-18e2-4c73-aeed-957648d812ae,3,13,6,12,5,7,5,2,0
8226f2aa-8850-4ebc-9d4d-6e81d4f26c3e,3,8,3,11,6,10,1,12,5
8227c6ca-e812-4cc0-9dff-ab7e7644f173,1,9,2,13,6,6,2,9,5
822b3017-0db3-4757-9aa9-a0f0f986cd7c,1,13,6,8,1,13,5,11,3
823b9079-48f6-4677-be8f-e84819481957,3,6,3,8,6,7,3,10,5
8242d45c-3d5d-4842-8abb-b56b1e4cea76,3,14,6,14,5,6,5,0,0
82439de5-45ba-4f6c-9635-d1265bdb87cc,1,2,0,7,6,4,0,9,5
82652424-2bfc-4b23-9ffd-3774d48555a7,1,8,6,2,0,8,5,7,3
826ac075-334d-42ce-8491-13ff62f8f42d,3,2,0,7,6,18,8,16,5
826ec5d1-9e50-4ec6-addc-fcfe85a15da6,3,9,6,5,1,8,5,3,1
82726188-fedf-4889-9cf0-56c6411f4426,1,12,6,9,3,10,5,9,3
8278e700-ac6a-4941-abb8-118e136549b2,1,9,2,13,6,3,1,7,5
8284059c-a527-4cf3-84f8-3c1f7245f154,1,12,3,15,6,4,2,6,5
828a177a-0e65-4eb6-afb6-9d451631673d,1,1,1,0,0,0,0,0,0
82a1a7e5-febf-4e36-bad5-7bfd531447bc,3,9,6,6,2,9,5,5,1
82a1f609-f9a7-48ef-bf76-d19584b8aecf,3,8,6,3,0,7,5,4,2
82a366f5-ceba-4d62-b5ed-8f5eb97964cb,3,13,6,10,2,12,5,12,6
82ac5916-9ecf-4f8c-b505-4a9950002a2a,1,8,3,10,6,11,3,14,5
82afb8eb-da96-405c-b396-9f4f93c372d4,1,12,6,9,3,7,5,3,1
82b3b915-4a48-41f0-bb46-961c560dd290,3,7,2,10,6,6,4,8,5
82d66a19-b193-40f2-a161-b692272a3dc5,3,7,6,6,4,10,5,5,1
82db342d-8792-4372-b58f-592c63e0b372,3,13,6,10,2,19,5,23,11
82ecf829-a645-4efb-85b4-4dd86a465b5c,1,6,1,10,6,15,7,13,5
8309dd94-e567-4fdb-b706-5294b6cb8719,1,8,6,3,0,8,5,4,2
8315c775-043c-42ba-b245-dc002bcd9df3,3,2,0,8,6,13,11,4,1
835d049c-8d52-46de-8f72-251a1c3a982f,3,8,6,7,4,9,5,4,0
8361dab0-d864-45dc-a9c5-65feebf0f867,1,11,5,12,6,16,4,17,5
8376c790-bd6b-4b98-a8ab-7b517273df28,3,13,5,14,6,12,7,11,4
837bb005-5b33-47c8-a3c7-acb0c346d629,3,11,6,9,4,7,5,4,2
837cf0d5-8739-4e82-9b75-941905006b36,3,14,6,12,3,10,5,9,5
838d0aa0-8de2-46c9-a684-92d970d4335b,1,17,4,19,6,9,2,11,5
83957c94-98a5-472c-8547-3b41d3d05bc5,3,7,3,4,1,8,3,5,1
83c01b62-d1ea-4e7a-b930-0dd0f144dc80,3,13,6,11,4,10,3,14,7
83c50de8-e871-4340-9aee-5d6354b3c890,3,20,6,18,4,8,5,4,0
83ed381b-cca1-467d-9c00-a1132859f499,1,10,6,8,3,14,5,12,4
83ee799d-1597-457f-8149-a725e23785ce,1,13,6,11,4,10,5,10,4
84053fb2-6d1d-402a-bb68-0cf1dbfe9b93,3,11,4,13,6,8,2,10,5
8417610c-c8ce-4df6-8200-ae7e1f2629bf,3,10,6,6,2,6,5,3,1
842caa8d-e3b9-4585-bbcf-9ee5a25a6736,1,12,6,9,3,5,1,10,8
8443f53c-07b2-4ed3-a44c-84a745392914,3,9,6,4,1,7,5,2,0
8472be4b-a8c3-46f4-a962-cc6152d6b14c,3,17,6,16,3,10,5,6,2
847616ec-bfd7-42e2-a3f0-7dd1412b4795,3,13,6,10,2,8,5,3,1
847bebbc-6726-4000-98fa-fda1d4c97c9a,1,6,5,2,0,19,9,12,0
84899d65-63db-46c0-9d5c-4447e4564b7a,3,14,6,11,2,6,5,0,0
84a38a68-84ff-4399-a6b8-52de295114e1,3,6,1,11,6,22,10,17,2
84cbe7a5-ad12-44dd-9643-79193c34e6a6,3,9,6,6,2,9,5,7,3
84cee5ce-ffd0-40a8-9f32-c1bb339beeac,3,8,6,2,0,12,5,12,4
84cf81dd-9add-40b6-b888-1cebe6e47e35,1,13,5,13,6,0,0,6,5
84d27ea2-cbf4-403e-9c4b-c197da868a9b,1,17,6,14,3,4,1,11,8
84f36ab8-e7fd-43ee-8790-a3fc561638f9,3,9,6,4,0,11,4,15,8
84f78d6f-b153-44e6-9f34-b496ca20d074,3,14,6,11,3,8,5,4,0
850651f4-a76f-469d-8994-1cd90ee06227,3,5,1,10,6,0,0,6,4
85082573-6654-499c-86eb-f215a3f53b2a,1,15,6,15,5,14,2,17,6
850ec4b5-89b8-4fde-9518-326927478ab4,1,9,6,9,3,10,5,9,5
85371ddf-ccd1-4ff4-9833-8cee4d137446,1,11,2,16,6,5,1,9,5
853f606f-a3a4-4f5f-9770-fe80a60b3a12,3,15,6,11,2,13,6,16,8
855925b3-128e-4139-ad92-6d1d4d7175b0,3,8,6,5,3,6,5,6,4
85846e92-3fd9-4c4b-a40c-5b0aca9609e2,1,2,0,8,6,0,0,5,5
8588c3c4-e8a0-4934-ad2a-2742843e0ddb,1,9,6,10,4,6,5,2,0
858c49b6-2056-4e87-a94c-4258e73eeb29,1,12,6,12,5,14,4,14,8
858eaf3b-f3b8-4518-a47f-dcbaa1c269e8,3,11,4,13,6,16,7,12,3
85aa9610-2897-4947-9507-380e7b40e128,3,9,6,8,4,6,5,0,0
85cb0dc2-f6cc-4133-912d-34e23367df3f,3,13,6,13,5,10,5,5,1
85eaea3e-dff9-4e58-bae5-654aa61c3ffe,3,11,6,6,1,13,5,14,6
85ebd946-8aaa-4e37-b41c-070d7c67bfad,3,6,6,2,1,13,5,13,7
85eea938-12fe-46fe-b8ec-09eab2d150ed,3,13,6,12,5,9,0,14,6
85f4ab92-3a28-4e0b-93cb-4b8b6ae88199,3,6,3,10,6,7,7,2,0
85fd1910-fadc-4a67-84a2-32e3c9661bf9,3,9,6,5,2,16,5,19,6
86133e9f-9370-45b3-96eb-248d681cf562,3,7,2,11,6,9,5,9,5
8619e819-f588-4ca7-8807-b30d164fe93d,3,12,6,11,3,6,5,0,0
863dcc97-cc3b-486f-94ac-99015ef84d3b,1,15,6,13,4,7,5,6,4
86437636-d0b1-4c98-b5a9-99b2a4ab7b43,1,6,1,10,6,2,0,7,5
8668e11e-b6bc-4852-a38c-7ff48b51be38,3,10,6,7,2,8,5,2,0
867aacb1-e420-483c-b818-8e6dd1182f69,3,12,6,8,2,11,5,7,1
8690e248-2b87-4496-ae02-d107080171fa,3,2,0,7,6,9,3,12,5
8693e154-0bbc-48f4-aa41-9260141435f4,3,14,6,12,3,14,5,13,5
86958023-9de8-44c5-8b9b-290185c18f8a,3,10,5,10,6,3,1,10,5
86ae6e6f-6ae9-4f4d-b287-a37410144e66,3,18,6,15,3,13,4,18,9
86c1e265-5998-4611-89e3-e881dbdf9820,3,11,6,6,1,11,5,10,4
86c31b19-db04-4ae6-a2cd-55791040c688,3,14,6,13,4,9,5,9,5
86cd58fe-2540-4ee5-92e4-5438ecc6bfb6,1,15,3,18,6,4,2,7,5
86ce8f27-036c-4871-ae03-04fff7d1b398,3,10,3,12,6,16,6,16,5
86d812c7-de7f-4f50-bea9-a04096c7ab65,3,9,6,4,0,9,5,10,6
870038a0-0b43-4f89-b491-69bd6c331c6f,3,10,6,9,5,6,5,2,0
870403b4-3d4d-43ab-9c74-dcea6e75c19c,3,11,6,6,1,5,5,0,0
870a8015-81b0-49d5-88f3-9e72091dc70f,3,8,6,2,0,13,5,12,4
870ae700-c616-4602-8290-4776075a2804,3,11,5,13,6,13,6,7,0
8719dd65-ab3b-40ce-9ae5-e761ea451392,1,11,6,7,2,10,5,6,0
871c6022-1327-4700-b3b0-ac93ee8ba0ee,3,9,6,6,2,11,5,10,4
8721447f-9326-4bb6-b2d1-bf070fe28a87,3,13,6,9,1,10,5,12,8
872f82a2-87ec-40ef-8b63-41c578585fe4,1,13,5,11,2,13,5,14,6
876806e3-9603-4d0f-a743-7ec2b3c22ec0,3,7,6,4,2,16,5,16,6
876c13a1-d00c-4eea-98f4-aabf28019a1f,3,6,2,10,6,17,7,15,5
876f2ee3-ab7c-49c9-9aaa-3cff41ee3dc1,1,17,6,16,4,8,5,2,0
87804837-9894-48e7-82f3-8d2b7addfc1f,3,13,6,12,4,11,3,14,7
878098d1-f1b9-4a92-9e48-ca228317f6ab,1,8,6,5,2,7,5,2,0
8785300b-5258-4a44-a703-7c7ead251f61,3,10,6,9,4,7,1,12,7
8789353c-11e7-40b7-9093-638813a65c51,1,11,6,9,4,9,5,6,2
878a00f2-cd38-4470-9beb-105b82d70d3c,1,8,6,3,1,7,5,4,2
879d19bb-4025-484d-976c-f86d837d9c22,3,12,6,11,4,12,5,13,5
87b0939e-021b-47cf-9db2-4677a4a82a24,3,9,6,8,4,8,4,11,8
87b16082-3735-48b8-9dcb-df845c534375,1,12,2,16,6,21,9,16,3
87bf31fc-5059-4317-9e65-3bc025ee22e4,1,15,6,14,5,5,2,9,6
87c8548e-617d-45b2-af9b-708fb9e9e192,3,10,6,4,0,13,5,9,1
87c99906-60d9-42f6-a055-bc4b16deeae1,3,14,5,15,6,8,6,4,1
87f04756-139a-4be2-bac7-103b697a55c2,3,9,6,2,0,10,5,4,0
880621a9-da3e-4d96-ab56-5fc009b52672,3,11,6,10,5,16,7,16,6
8816d033-e432-4093-8b3d-347bebd544d9,1,11,6,7,2,14,5,20,11
88419cf0-5410-4784-a789-5f8cfa916199,3,8,6,4,1,8,5,3,1
884e7fde-8bf2-4123-a215-50507145712c,3,13,6,8,1,12,5,11,3
885af551-a486-4fc1-8de1-c47fa4e8b183,3,14,6,13,4,14,6,14,6
8866cbd9-8c66-4118-9b0d-f8c3fdda7759,3,14,4,15,6,12,4,15,5
8877b418-31c6-4f52-afe6-3e5c565fb7de,1,10,3,12,6,15,8,11,3
8884e8c4-9953-41c2-9dd4-3e3c80509a50,3,7,6,3,1,9,5,5,1
8892fdc9-bf90-40ed-a03f-162c33c295e4,3,15,5,15,6,7,3,9,5
889b1c42-9f79-4435-b6e8-8edea113a0e4,3,10,6,7,2,6,5,0,0
88a3192e-0b2a-444f-9987-9223f1d4dfb6,3,12,6,7,1,7,5,5,3
88ae5c1b-b907-4398-9a1f-d93bd6aa1cc4,3,9,2,12,6,10,6,9,5
88b59c21-6048-4903-a114-b2012b04f493,3,9,6,12,5,8,4,12,4
88b7bd02-d6b5-4867-980a-5e97d136e5e1,1,14,6,14,5,6,5,0,0
88c9b357-d0c0-4a4d-b797-4f51cedc275c,3,11,6,9,3,13,5,14,6
88c9b357-d0c0-4a4d-b797-4f51cedc275c,5,13,6,11,3,12,5,9,3
88caa614-a23c-4ca5-b69d-1bf527ce2fe3,3,14,6,13,4,12,5,9,3
88d5e927-97a2-42dc-bd8d-91a920ac42db,3,2,0,8,6,5,1,9,5
88dd2892-08c5-4f03-8519-bde0396761b4,1,5,1,9,6,2,0,8,5
88e44582-a8b8-4288-8204-2ac92bd3484b,3,5,1,10,6,16,10,10,2
88f793a7-1e01-4d27-b574-bd117e5c76b4,3,10,4,11,6,6,0,11,5
88fb8f33-e281-4feb-9833-5eb6a9684453,1,10,6,8,3,10,5,5,1
88fea66c-26e6-48be-aa70-0244ddb3613d,1,15,6,11,2,6,5,6,2
89077afa-4889-4b4a-a627-5c931dece91a,3,11,6,6,1,5,5,0,0
890784e6-e78a-4566-993c-8c94a1f0bf30,3,10,6,5,1,9,5,5,1
890d4459-b880-40ec-98d8-3704630840c3,3,7,3,9,6,15,5,16,5
890f7bf9-6347-49a9-a400-b792307bfec6,3,13,5,13,6,5,3,8,5
891ceb5a-0edf-443e-9672-5d2fbded2fb5,3,3,0,8,6,9,4,9,5
892021bd-292a-4be2-b89c-7cf23c5939bb,3,10,6,6,1,13,5,6,0
892c47a5-abd0-4d02-84f4-cc65a1b68e91,3,12,5,12,6,4,0,10,5
89571a61-e844-4eb8-a8aa-1ab79d53f585,3,11,4,13,6,12,6,11,6
89658138-20c9-4e5f-bf96-f064d7694b9f,1,12,4,13,6,12,7,8,2
89783a0d-815c-4d8d-aeb8-8b974cbd9c3e,3,2,0,8,5,20,8,16,5
8978d8d8-859d-400d-83c9-b38346a4913f,1,13,6,12,5,13,5,12,4
897aeebf-cd98-4e31-ab1f-7a81f4096869,3,8,3,10,6,7,1,11,5
897e37ad-cecf-448f-895a-e46681bc82dd,3,10,3,12,6,10,2,14,5
897fd54c-695e-444b-84dc-30d4794b6efe,1,6,1,11,6,0,0,5,5
8984d350-a345-4732-9148-7b59531901ad,3,16,4,17,6,12,4,12,5
898bb31a-e519-4b67-9d0b-61fa8ebe3e6b,1,10,3,13,6,17,8,12,3
8992e6d5-66a8-4aa4-9de7-9d91092c9a28,3,8,2,11,6,14,9,9,3
89a35f53-6aa8-4522-b3ff-f8b8f05090d0,3,13,6,13,5,24,6,26,9
89ab4790-8640-4f4c-abc7-8d3c6f7dc6d1,3,10,6,7,3,5,5,0,0
89af6913-3f01-46a2-999d-f9a8efedacb4,1,10,6,7,3,10,5,10,4
89c7d02c-ea77-4052-952e-f85af2ee5b1f,1,11,2,14,6,6,2,10,5
89d23cfa-9074-41ec-82c9-c4056ebebc63,3,14,6,12,4,7,5,4,2
89d26983-1b08-466d-97b7-bc88ffbdce00,3,8,3,8,6,13,8,4,1
89d2e432-3fd4-4a04-b8f4-eb9246d25618,1,8,3,11,6,4,2,7,5
89d8fd0b-753b-4895-99e6-28b1d9551a4b,3,12,6,8,1,11,5,12,6
89eb8039-fdf3-4d67-8719-f391bba992d6,3,1,0,7,6,17,7,15,5
8a06b1e5-fd2f-4bda-bfc5-6abc887b8ee1,3,14,5,16,6,5,3,7,5
8a1171fe-f199-4fa4-9d65-8e0acca8d425,1,11,6,8,3,8,5,5,1
8a15b9ad-b5ac-484c-b9ba-5aa881f41712,1,10,6,8,3,11,5,9,3
8a1df831-4009-4d50-a43d-20a63cbb80cc,3,11,6,10,4,7,5,2,0
8a2cf433-8471-43b2-bab0-9eddcc06d01c,3,7,1,12,6,5,1,9,5
8a349685-d5a8-4692-a17d-0f7fca8fcf79,3,16,5,16,6,7,6,2,0
8a3dc7d0-6f1b-4d89-af7a-ab2386472fc2,1,9,3,12,6,3,1,6,5
8a40038b-ea15-4931-b232-7666e7040462,3,6,0,12,6,17,9,12,5
8a4323ce-c91f-4f9b-b2fe-60cc51fd891e,1,11,6,6,1,11,5,8,2
8a6c554b-37dc-4fc8-8c54-3ba89e2a4974,3,16,6,14,3,10,5,5,1
8a76e66a-d02a-4f95-ac63-613b8f303739,1,17,4,19,6,9,5,8,5
8a7d7fcc-492e-4836-ae77-b0411151c9f2,1,13,4,14,6,0,0,5,5
8a8c7f2c-221d-4cbd-96fb-4cf808d50a8d,1,13,6,12,5,6,1,11,6
8a9cc4b5-5403-497e-8a06-93d480526d18,1,14,4,15,6,0,0,7,5
8aa2cdec-f88e-406d-955a-9dd65a5ce2a9,3,5,0,11,6,20,12,11,4
8aa4cc34-5733-4c0a-af66-3216cffc089b,1,11,6,6,1,7,5,3,1
8aac4945-d132-40e0-99a1-601f91b8e6b4,3,7,2,12,6,8,3,8,5
8ac389f6-43ea-439a-8016-d56631cccc40,1,8,2,12,6,2,0,7,5
8ac5e333-13de-4137-851a-5cb6ad1b3a3d,1,9,6,4,0,13,5,11,3
8ad52284-a30e-4d64-ba72-08f0a123fac1,3,9,3,11,6,15,9,14,8
8add1a0d-70f2-413a-8cd8-64e5eb5b83ff,1,9,3,5,1,8,5,2,0
8af7099b-05d7-4dd6-a1b7-b9b518ed4bed,3,12,6,11,5,5,2,9,6
8af74576-10c7-4f22-9afc-496f7bbd6d21,3,6,6,1,0,7,5,2,0
8b067003-1d9a-4b98-a864-2b765470df11,1,18,4,20,6,12,4,13,5
8b0aa930-5f99-408c-af7a-5f282ed0eeef,3,4,1,8,6,16,6,15,5
8b104066-2e3c-4ef3-bd02-f585eb086390,1,5,0,10,6,12,6,11,5
8b17de91-ad0f-4c19-a5b7-d8fa32ba12a0,1,23,5,24,6,12,4,12,5
8b1ee1d2-f59b-4a56-85fc-77e6812cc8db,3,10,6,8,3,17,5,14,2
8b250628-366f-4a34-9b60-c325544042fd,3,9,6,7,3,7,5,2,0
8b2d58e2-f88d-4e48-b496-5acd2ea7cf70,3,12,6,10,3,9,3,13,8
8b3b6954-fdbb-4daa-96de-fd784fd056fc,1,8,2,12,6,22,11,17,5
8b3e81a4-bd9b-4548-a4b4-32cb9f50d3b5,3,7,0,12,6,20,8,17,5
8b53c7e7-4284-4855-aaff-1db7bd72f7c2,3,12,3,15,6,4,2,7,5
8b5a58c7-e744-41e0-bc12-aeb5e587510e,3,16,6,9,1,15,5,21,8
8b6a0843-693f-4baa-b6ed-70a23af11346,3,18,6,16,4,11,2,16,7
8b6b1154-cab2-4af3-8f56-82ecce6bfa01,3,10,6,6,1,9,5,9,5
8b86919e-ba5b-4a2c-853e-0d4d16431513,3,10,6,7,3,7,5,2,0
8b9d8f72-dbe8-450b-9b6e-d0b79e9dc9fb,1,6,3,8,6,21,10,18,5
8ba8357d-9442-4a5a-9ab0-0e62459daf73,1,10,3,12,6,0,0,5,5
8ba9ac25-dc7e-4b6f-a181-89790ca02a4b,3,11,6,8,2,9,5,9,5
8bb05795-4280-435a-aec8-19826745b317,3,9,4,10,6,4,2,7,5
8bb9d9be-7e1f-438e-9312-f940416ed827,3,13,6,10,3,5,5,0,0
8bda28a6-27da-44a0-aa86-e7d88e27cfed,1,12,6,9,2,7,5,2,0
8bde6a47-7375-4bee-85d2-f04dc9977d69,1,17,6,11,1,9,0,18,10
8bdef1b5-a816-4ccb-abd2-013f501eb3d6,3,11,6,9,3,10,5,7,3
8be5d235-9e12-4e59-9ac9-e196741ee9e6,3,7,5,8,6,8,6,4,1
8bf11b12-e3ac-4f69-97f5-fbda8173a16e,3,9,6,6,3,9,5,6,2
8bf5d74f-80da-43b6-bcfc-de0a18c52fcb,3,17,5,17,6,12,3,15,5
8bf64ae4-8008-4b58-8ce0-745a9c57df3f,3,7,3,10,6,8,2,10,5
8bfa478b-029c-44b4-81a7-793c0881d84f,3,6,3,9,6,23,9,19,4
8c0b5672-863f-4354-8a02-38f58683d35a,1,5,1,9,6,13,7,11,5
8c24b0c1-5f25-43df-9363-7c1c6ea32b05,3,9,6,4,1,9,5,5,1
8c257169-3a46-4539-b03a-619720ea5237,1,13,4,14,6,9,5,9,5
8c32d40b-3f46-4b33-9382-10b8d62a74d2,3,12,5,10,3,0,0,0,0
8c3566e2-924b-44de-9a10-a832c30d0fae,3,10,6,7,2,7,5,2,0
8c4229e1-b8c8-4d0b-8810-879ed654c9c9,1,7,6,2,0,0,0,0,0
8c4aa9cc-c395-485d-83bc-aa780ff1a074,1,8,1,13,6,11,5,12,5
8c5c425d-a4be-43e5-9a6c-850d4c188cf2,1,7,4,8,6,14,7,11,3
8c61d4cc-9f73-44a0-9edf-665f4c82f4f1,1,15,4,16,6,8,2,12,5
8c7ac0a7-b201-4072-8863-f1a2c7056678,1,9,6,6,2,13,5,15,7
8c7c5cf7-874c-43d6-abe8-4f2d8adc425e,1,8,6,2,0,9,5,4,0
8c88451c-31cc-4b50-9f57-dea3c1942bb1,1,18,6,14,2,8,5,6,2
8c9ebd0c-d543-44a8-b51d-cd348b237231,1,12,5,12,6,8,6,5,1
8caf5b12-d755-4a88-ab34-d96bc1fe03fa,3,10,1,14,6,0,0,6,5
8cbafd54-1f09-40ac-b569-4a15f2f0898c,3,13,6,13,4,13,4,14,8
8cd02efb-57d6-413e-a499-172d5f4bc360,3,3,2,6,6,7,3,10,5
8cd0685f-661f-47dc-8437-42f109f6f2f7,3,9,6,9,5,11,5,9,3
8cef4f42-9114-4461-9d13-a41a1d489574,1,7,1,11,6,15,7,13,5
8cf11fa3-7f27-4f68-8ec4-f80cd331eeaa,1,12,6,10,4,12,5,10,4
8cf1e6a9-dfc6-45c0-a5b8-57b8ff2ce814,3,5,1,11,6,15,9,11,6
8d06c084-3374-4425-923a-368866785a96,1,13,6,10,2,7,5,3,1
8d07d178-7a78-4465-83dd-3728d44a742a,1,11,5,11,6,8,2,11,5
8d092575-5a84-41d9-9e3c-766f68d5bb2b,3,10,6,5,1,6,5,2,0
8d12c2f0-a4f0-4cf0-a89f-4761d1cec774,3,9,6,5,2,12,5,14,6
8d19e750-8e30-4d71-b0ba-b31a27b9ba9b,1,8,6,4,1,11,5,5,0
8d386e78-228d-4375-a2b2-c417cafa94f7,1,9,6,3,0,6,5,2,0
8d4a5161-45a2-477d-970b-86a0d6f9e9d5,1,9,6,3,0,10,5,13,7
8d4ab87d-21fe-4f79-a9e9-de6a300e0d13,3,12,6,11,4,11,5,8,2
8d5bda1a-2349-4d66-a065-12c814cbd754,1,7,3,10,6,12,8,7,2
8d62632e-5022-4bc0-8db8-ad00d287db8e,1,1,0,7,6,14,4,14,5
8d631388-d972-4b3c-91d4-b9d08cdeb0df,3,14,6,13,4,13,3,15,7
8d6520b3-2782-48b2-8dba-b1d6e51bdb13,3,8,6,6,3,8,5,2,0
8d748699-1cdb-4041-b31f-049c209cc24f,1,12,3,15,6,6,2,8,5
8d7e434a-9819-4074-a5dc-511fa8b67bc7,1,5,2,9,6,8,4,9,5
8d82e4ef-ae5b-447a-9d23-29887bd7ed69,3,2,0,9,6,5,0,15,10
8d9b9bed-5806-4cfc-adb0-18389d3c19a0,1,15,6,11,2,16,4,20,10
8db3b0d1-2985-4672-9fe7-0f78b0c4fe48,3,9,4,11,6,9,7,3,0
8dc10b7e-dbe6-4255-8def-4e43016a5b9c,3,12,4,12,6,8,2,11,5
8dc45fa1-7af0-4d51-ac23-d627402a8260,3,14,5,15,6,9,7,7,4
8dc7a95b-05bc-4daa-b4c0-90b3cd4498c5,3,16,6,16,5,9,5,6,2
8df6afc0-4071-4c2e-b8d0-a655ab821408,3,7,2,11,6,12,6,11,5
8dfd4651-c4b4-4140-9769-e6a85cc35e6b,3,6,0,11,6,8,1,12,5
8e18823b-a910-4236-b433-5ed480f6d017,1,9,3,12,6,9,5,9,5
8e1d89ba-71ce-4d60-b0d3-766b821db9cb,1,11,3,13,6,13,8,8,2
8e1df45d-6700-444f-b4e4-0bb617f6ba68,3,16,4,18,6,8,7,2,1
8e20e4ff-4547-4994-be54-6130b371dd72,3,8,6,3,0,8,5,5,3
8e87b539-30f4-4ae7-8fdc-9f0b878b641f,3,11,6,7,2,14,5,14,4
8e970dfc-bad3-469f-aa8c-143362acf3a7,1,14,6,13,4,8,1,11,7
8e9dc451-fec7-4501-adf6-2310c0c0f2c6,1,13,6,11,4,11,5,9,3
8ea02c27-04f7-4e2e-9c2c-592af2a4b69d,1,10,6,4,0,11,5,15,9
8ea1af14-055f-4ba9-a9b2-50616cb8ff0d,3,6,3,9,6,6,1,7,2
8ea3464f-cd0c-4a05-9491-c5a1c06c3a57,3,5,1,10,6,16,2,16,5
8ea385a6-4498-4fd2-81f8-0c2c19db0551,3,6,6,1,0,12,5,9,3
8ea8e06f-61a0-472c-88a8-6daeb8571c18,1,8,6,3,2,9,5,7,3
8eadf58d-08c2-42db-85af-f0f18022eb66,3,10,6,6,1,17,5,20,7
8eb3e4ac-5d80-4864-9462-dd8af550f390,1,10,2,14,6,3,1,7,5
8eb85154-08ad-46f0-b47a-ff5e71aefaa2,3,5,0,11,6,14,0,28,12
8ebbeca0-1007-4e96-9c3a-d41cff9fd3f5,1,15,6,13,3,14,4,18,9
8ebf5679-a77c-4805-b393-7105c4c5d875,3,9,6,9,5,16,5,14,4
8edbc602-0777-40bd-8b26-8b00b00f8201,3,9,6,5,1,6,5,0,0
8efe0df4-098e-43f6-9398-1f93183d8a7c,3,13,5,13,6,3,1,7,5
8f1f1a7b-e91d-4ae8-a948-8e65623b90d3,1,9,6,6,2,11,5,6,0
8f21cb77-df5a-4bed-b9b6-4acee07689e4,3,8,6,4,2,8,5,8,4
8f4ae97f-48fb-403f-82f7-58b208dfaaea,1,15,6,16,5,6,2,8,5
8f56c544-432a-4fd1-bb7f-9bd33f1c19ec,3,3,1,9,6,4,2,6,5
8f611465-ad55-4764-9a58-55ea61273645,1,13,6,4,0,9,5,2,0
8f747a5a-6ebf-4891-9cd5-24d145d037d3,1,10,6,9,3,9,5,6,2
8f7a8468-abd5-4125-bba6-2921fbc2cc2d,3,6,4,8,6,12,7,8,3
8f7cb571-a305-431d-b624-c9f5f23f51cc,1,10,6,6,2,12,5,12,4
8f7eecbb-7e67-4ab7-970c-469ac006551c,1,7,6,3,0,13,5,14,6
8f8483d7-b3ac-4af6-b067-b3e6914b5f0c,3,11,6,11,5,9,5,6,2
8fa509b5-f083-4f91-b2e0-580c26048d3a,3,8,3,10,6,21,8,17,3
8fb0ad6f-2f4a-4689-ba45-f14ff5f0e2ab,3,8,6,4,1,7,5,4,2
8fb1ad55-3f02-435b-864b-02bc1ae04f82,3,9,4,10,6,12,7,7,1
8fb4265b-954d-4cce-8700-56ffa9fe44e5,3,14,6,12,4,8,5,9,4
8fb5308d-1dd2-4bf5-839e-9247a814bcf8,3,14,6,9,0,7,5,3,1
8fddc67d-934b-44ac-a932-9944793b4ff4,3,13,6,11,4,11,5,6,0
8ffb8bde-78be-473a-be41-789e6303c20f,3,12,6,10,3,8,5,4,2
8ffc5938-055c-4b26-b73c-05a993a42149,3,11,6,8,2,7,5,7,5
9008227a-c15f-4cb5-b550-6bec610c6d7e,3,10,5,11,6,7,6,1,0
90168fcb-1792-471f-87c6-9f1e0e9ce311,1,9,0,15,6,10,4,10,5
901c75bf-3551-45c4-ae4b-17d9eb73efca,1,7,3,10,6,14,8,9,2
9021f9f3-aae3-427f-93ba-c798cdb273aa,3,13,3,15,6,16,9,12,4
902234e0-865d-453c-9d36-7c76069081c5,1,16,5,16,6,11,5,12,6
90264e61-3e42-4267-a588-0472bc270da3,1,9,6,8,5,9,5,5,1
902f4059-b03b-4a9b-9252-b528d63b1fb5,1,13,6,10,3,7,5,2,0
90552d20-69e5-4cd6-90ae-6cdaacba1f14,1,1,0,6,6,2,0,7,5
90579132-4c58-4748-a7e9-2327c1fcd9f7,1,5,0,12,6,2,0,7,5
906206c8-3989-4087-8b31-152ed803c03c,3,15,6,10,1,12,5,12,4
90659368-c379-431c-a30f-655e3ce2e4f8,3,11,5,11,6,10,6,6,0
906c3f30-e058-40c8-a4a3-d20eec36c0b5,3,8,2,12,6,4,0,9,5
9070b15a-721e-4a8a-acf7-4ad14b135078,1,15,6,9,0,10,5,9,3
90720bc0-e7dd-4942-8a09-1fd898e1e687,3,13,4,14,6,14,7,10,2
9074352f-cd40-48f5-ab37-86066e8322b5,1,7,4,9,6,12,2,12,5
908cd844-9b2d-4927-baaf-04c51283bfee,3,11,6,8,3,8,5,4,0
909671df-2f55-48dc-84e1-0726a269cab1,1,10,6,6,1,11,5,8,2
90a024f0-71df-49d9-8ce8-84e9ce433b57,1,13,6,13,5,17,7,16,6
90c17a1a-fab5-4be9-8921-4e6dbcfb0077,3,10,6,9,5,10,5,8,2
90cacde6-a40a-408c-b411-97ad5d02a374,1,10,5,10,6,0,0,5,5
90d17903-b6fd-4651-a708-4964b40d123a,3,12,6,9,2,14,5,11,3
90d53f21-8dfd-4303-adcd-ec3d876aac1a,1,11,4,13,6,8,2,10,5
90e680b4-1f18-4df5-a591-6621914ecafa,1,7,3,10,6,8,4,9,5
90f6a946-3955-407b-994b-72bd4b285b5a,3,8,1,13,6,12,4,13,5
912212fb-893b-422a-8254-ac64bd998651,1,8,0,13,6,10,4,12,5
9123e8cb-efbf-42fd-8aaa-4f83abf923e4,3,11,6,10,5,10,3,13,6
913480f4-7578-4bc4-a011-42558d2d79e7,3,8,3,11,6,10,4,11,5
913a3302-220c-4980-8408-57e940424362,3,9,6,3,0,9,5,6,2
913bca65-ebc8-4e0f-ad78-da1697bb4bc1,3,9,6,5,1,8,5,7,5
914b1370-41fe-453b-9e54-bd30ba91e8e0,1,12,6,9,2,6,5,0,0
9159437c-ef2e-48ee-a6b0-369c18925575,1,9,6,6,2,8,4,3,0
915e577c-c244-4bf2-976c-a1c8d53c73a7,3,3,0,8,6,0,0,5,5
916677c0-cf23-4080-bd16-19f3ecba5307,3,17,6,16,4,9,5,5,1
9169bfa7-245c-42c4-b826-1fd5fbacc2be,3,5,3,7,6,13,9,10,4
9185268b-b232-4698-89e7-617aa33616d4,3,11,4,12,6,10,7,6,2
91b16992-fcc9-480f-8965-955d928918b0,1,7,3,10,6,6,2,8,5
91d7e7f3-2eb5-4058-9a4a-63e34b2a6217,3,11,5,12,6,14,6,12,3
91da37fa-7481-408f-802c-6f5d75373082,3,20,6,19,5,6,5,2,0
91ef66d1-4fc4-4e6b-b4d1-79eac4bc0aff,3,16,6,13,3,11,5,7,1
91f02e68-ef3c-4c87-a596-78696c93c4a1,3,6,2,10,6,11,2,11,2
91f37a55-54bd-433a-878c-0ec55fc08db6,3,10,4,11,6,5,1,9,5
92027345-114c-4fec-b78c-4ef208a9acab,3,14,6,14,5,7,5,5,3
92158b56-8cb3-40ec-8b92-db242245e32c,3,11,6,11,5,8,2,11,6
922ef664-5370-4e6b-b4a1-176cf4b50cd1,3,17,6,15,3,6,5,0,0
9231f674-ed3c-43ab-a74d-9286ba1d04fb,3,16,6,12,2,14,5,12,2
9258d3d8-a554-4f0b-b624-bc82d380401c,1,8,3,11,6,0,0,5,5
925c5098-34ae-432b-b98d-656596b1d94e,3,4,1,9,6,17,7,15,5
926ecf95-53ad-4578-b227-b552b005228c,3,6,6,0,0,11,5,7,1
9278810b-88f1-4167-abbe-08b661fce1bc,3,11,6,10,5,9,5,7,3
9279fb43-58d9-4e16-8721-15a9f7176c87,1,9,6,6,3,9,5,6,2
927ba564-cc7a-4ea5-8e72-63814be17448,3,9,2,13,6,7,0,9,2
9282db2d-8fe4-42a4-8cfb-c925b1f70778,3,10,4,11,6,10,7,3,0
9295d889-cf0e-466b-a54e-978c11c24332,1,14,3,17,6,10,4,11,5
9298dfbb-e327-4c68-8a63-3e881323d769,3,1,0,7,6,18,3,19,5
92b914ad-a816-457c-92bd-46916abf58ac,3,8,2,11,6,16,9,13,7
92bf503e-9e62-4439-b13e-1d101edffd89,3,9,6,5,2,8,5,6,2
92ca54c9-a362-403d-a891-cb8ee22958f3,3,7,6,0,0,6,5,5,3
92f9509e-f970-45bb-8032-483121ce44cd,1,14,6,11,3,14,5,14,4
93070dbd-491b-448c-8eb8-451ed647ed0c,3,11,6,6,0,7,5,2,0
930de04d-5175-4502-ab6c-e0d452a7be10,1,11,5,6,1,14,5,14,4
932176a2-506f-46f9-a073-490e7541d7dc,1,11,5,12,6,3,1,7,5
9329bed5-f17d-4490-9c52-3be0db46f8ed,3,10,6,7,3,12,5,12,4
933eab55-9f12-4711-a040-8c6fafef0509,3,17,6,16,5,17,6,18,5
934776d5-7ab2-4007-8b31-7517288a2d0c,1,7,4,8,5,5,1,9,5
9347ce05-2cf8-46d7-8c23-72584571cf2e,3,10,6,9,4,11,5,10,4
934c69ee-1822-4ce6-98b0-07647856fe2f,3,15,6,12,2,13,5,15,7
9352f156-bdd1-4bc8-9845-89818db5b1bb,3,10,6,10,5,11,5,9,3
9356c9dd-8068-4a99-ac25-776fc7807914,1,10,6,6,1,8,5,5,3
936034b4-91cf-4b0b-9c17-98e3dcaca733,3,6,6,0,0,6,5,3,1
93670f6f-b671-429f-a1d1-84e8cf0efca2,1,11,6,9,4,8,5,9,5
9371c913-663c-475b-83a2-f6dbbba8ee91,3,12,6,11,4,13,5,9,1
9390a129-53c4-4304-aeee-3213e71acb1c,3,12,4,14,6,13,8,9,4
9397219a-6750-4a4d-85e8-f2581bea1523,3,13,5,13,6,9,6,6,2
9397219a-6750-4a4d-85e8-f2581bea1523,5,9,6,7,3,7,5,2,0
939f9257-4a09-49c8-b9e0-17fb3bcecda7,3,9,6,7,3,10,5,8,3
93af1396-4835-4ba6-a869-36c2dcc7cff3,1,0,0,6,6,16,4,18,5
93c17668-734a-4a98-9d75-850f5affe816,3,8,3,11,6,3,1,6,5
93d6c3ad-bffc-42aa-ba06-0dbecb31cdcc,1,13,6,11,4,11,5,9,2
93e89b24-62b8-45d4-97b0-5746d0132055,1,12,6,8,2,10,3,15,9
93fb50cd-171b-4476-aad9-b3ccd4baa8c9,1,10,6,9,4,5,5,0,0
9405bd48-987e-40a9-849a-9216c7c4e379,1,13,6,7,0,15,5,18,8
9407bf17-479e-4ad4-87bb-6062576cf9ac,3,11,5,11,6,13,6,11,3
9424fb35-3935-41ff-9976-d915876e564b,3,7,6,1,0,8,5,7,3
9428f823-a153-4e72-ab38-c23d188af0ec,3,13,6,12,4,16,6,14,6
942cb86c-8c1b-4f36-998f-d9d380033700,3,8,6,2,0,9,5,4,0
943b351c-ff12-4455-b93b-14b7adaf1fc2,3,14,6,10,3,18,4,22,9
94476b07-26be-41b6-abf5-0124aa5dccde,3,9,6,5,2,10,5,10,4
944cefac-6db9-4ad3-8765-10c16e540819,3,7,4,8,6,14,7,10,2
944eec5e-a1ec-4f1b-9a57-27f299dc9599,3,7,2,10,6,4,0,10,5
945e1432-eb7f-4953-9340-3cd0817b1585,3,9,6,5,2,10,5,9,3
94603b2b-b2e8-4383-bf6e-b21d24940e4f,3,11,6,10,5,8,5,6,2
94603b2b-b2e8-4383-bf6e-b21d24940e4f,5,12,6,12,5,9,5,4,0
9491785b-3c4d-4e81-8719-50eade21bb78,1,13,6,10,2,13,5,12,4
9495f4b9-8173-489d-8d4f-b02594a7bb9b,1,12,4,14,6,10,7,6,3
94964f83-8641-45a0-8a25-f1c23f22ff50,3,8,3,11,6,5,1,8,5
94a3e5f1-0101-4aa2-88a9-703032aebc2d,3,8,6,4,1,11,5,8,2
94b75568-459e-4b80-8b9f-6b2c9a50b25a,3,9,3,12,6,16,8,9,2
94d7f9f3-6d0f-47ed-9aaa-ed7ccba7d0f8,1,12,6,11,5,11,5,9,3
94da71b3-ea60-4e01-9ff1-326e390ad7d4,3,12,6,9,2,13,5,17,11
94e2e07b-13e5-41ea-9e09-fb419d7fa917,3,22,6,19,3,10,5,9,3
94ea0900-78f6-4227-a085-5a699739237a,3,13,6,12,5,10,5,5,1
94eb1f0e-47fd-4df9-8e00-816bc6944c69,1,9,6,5,2,10,5,10,4
94f3a80e-e7a0-43eb-8a49-dc497ff6fdb2,3,10,6,5,1,17,5,19,6
94f56931-fdbf-4c70-9e2e-cfddd8dacbbf,3,10,5,11,6,8,4,9,5
9508511a-a369-431b-ba70-4a3d736c94e9,1,11,5,11,6,7,3,9,5
951ae13e-9ad9-42a5-b4dd-ba2ce09a65cf,3,8,2,12,6,8,4,9,5
9523dfd4-aeba-4ded-a5ca-a6f2b6907e7e,3,11,1,13,6,11,5,12,5
9544f91b-ec97-470b-8130-1d002b707d63,3,10,2,13,6,9,1,13,5
9550c2ea-10a0-4e7a-ab86-e67677617685,1,2,1,7,6,18,10,11,2
95607533-622b-4a34-ba93-0a9f5db20105,1,12,6,10,4,7,2,11,7
956be1e9-e5c4-4903-a360-7311d567e965,3,8,1,12,6,4,0,10,5
956daf6a-87b1-4572-bc4c-449c8c382aff,3,8,6,3,0,7,5,4,2
956e0dcc-0812-44c5-93ad-7986f282322d,1,9,2,12,6,8,4,9,5
957649b6-3550-4074-9e2d-d7273ca52659,1,1,0,6,5,0,0,4,4
958488df-5e24-42f7-8060-3341991e0c26,3,9,6,4,1,12,5,10,4
959130c5-cd1f-4158-b8fc-41f3e8c57390,3,17,6,15,3,10,5,7,3
959f43ab-7752-4afd-9c10-4d9fe15e85fc,3,13,6,10,3,10,5,9,3
95c1539f-3fe2-43b2-bd31-d2fdef4aedbb,1,13,6,11,4,13,5,13,5
95ce76f3-6f47-42fb-9b3c-853af36fe18a,3,10,6,5,1,8,5,7,3
95d3b65f-3c9f-48a7-aeec-306829e7e5de,3,13,5,13,6,13,7,12,4
95dab8e2-9087-411e-a445-9d44d3b743ce,3,11,6,7,2,10,5,7,1
95f804f3-ea5f-4acf-ba77-aa9138aee3b8,1,11,3,13,6,14,4,15,5
960d1d3a-2fa6-4c85-9729-c5ef2b7c59ad,3,6,2,9,6,23,12,18,6
961b100a-efe2-47e7-95e1-e3a8001a07fd,1,14,4,16,6,8,4,9,5
9620b361-bdaa-4c7d-aa0e-b247e509c88b,1,11,6,8,3,5,5,0,0
96532172-e71e-45ef-88b9-2dd595be72f5,1,11,6,10,5,9,5,5,1
96546be6-2d50-4325-ae71-53a62c63505d,1,5,1,10,6,12,6,11,5
96565d6c-d201-4c55-afc0-549ccf6cd6c1,3,16,6,10,5,5,5,0,0
965bebe4-329e-4aa4-8c8d-b08a25102269,1,10,6,6,1,10,5,5,1
967306ed-8913-410f-97f2-330761d9950d,3,9,6,3,0,19,4,24,9
96780f0f-e4ee-4e53-9e54-074da0770cc6,3,13,5,13,6,9,6,4,0
96783cab-841c-4b08-a391-f7cfa44d7f43,3,2,0,4,3,0,0,6,6
968ba1cf-3cb8-46de-a9f2-35680c4638c7,3,17,6,14,3,7,5,2,0
9692a161-992f-4501-afc6-4da6fad0506e,1,9,4,11,6,12,7,7,2
969bab0b-a4a3-444e-8c68-13c74758fffd,1,9,6,7,5,7,5,1,0
96a99bbb-da59-49c4-af5c-4478812277db,1,13,6,10,3,16,5,15,3
96b8507d-b6b8-4faf-9eb6-60b283eef6f6,3,15,6,10,0,17,5,16,4
96d4403c-c02d-4a13-be87-69d01bb77d36,1,10,3,12,6,8,7,2,1
96e0d0bc-078a-4f45-b2a3-3143609c6fa5,1,11,6,6,0,10,5,4,0
96ea89bf-a7cb-4cce-9bbe-b64d1da3c21d,3,4,2,8,6,5,1,9,5
9706a49c-723b-4d5c-a7d4-27ce8cb89a84,1,20,6,18,5,19,7,19,6
970916dc-efcc-4c64-9a39-5c9fa9e31f87,3,8,2,11,6,15,5,16,5
97158c96-9a49-42c7-ba48-ce32bdb25957,3,11,6,8,3,11,5,9,3
9729ae2f-384d-483c-8c9f-bdec8b21797b,1,9,3,12,6,2,0,8,5
972dc4c8-1d4e-4827-93b2-7a1af5fe071f,3,12,3,15,6,17,8,10,3
974614bd-f981-48b7-83dc-fb9b7b9dd01a,3,12,6,6,0,10,5,11,5
974f1148-06fe-4e06-ab68-5375e6ccd41c,3,16,6,15,5,12,5,12,4
974f517c-2eca-40ff-9124-8149de3c4beb,1,6,1,11,6,14,4,15,5
974fb534-1ab5-4220-8e90-0702726f891b,3,9,6,3,0,15,4,22,12
977b0d38-2f0f-443e-bfb8-a75ef4370cf6,3,11,6,4,1,13,2,7,1
97a23e85-15a8-4ed1-a765-25cd44fef92b,3,12,5,13,6,12,4,11,4
97e884f2-7829-4b23-90fe-f4a8b3c3bc8a,3,11,6,8,3,15,5,15,5
97f3fdc6-b7d3-4b60-aee2-7cbf1f76afb8,3,11,6,6,1,8,5,4,0
981e58be-4b5b-4825-bcf3-bb6a84b80a97,1,6,2,9,6,13,6,11,5
98424245-737a-4e72-960a-d53bf4795f25,3,8,6,2,0,11,5,9,3
98582a3e-736c-4558-91b6-aa8d5e2bf27c,1,10,2,13,6,12,8,11,6
985fc82e-4f04-46a2-bd12-4e83c7e5d87b,3,13,4,16,6,13,7,10,3
9870c1b9-9222-4edf-8395-fb5ac8ddb618,1,4,0,10,6,12,6,10,5
98766b7c-bc9e-4229-9851-a4ec61ac5141,1,11,6,9,3,5,5,0,0
98810ad6-6a59-4a98-8acc-711ca80cc139,1,9,6,3,0,12,5,15,7
9890e60a-6fc6-4550-a00a-e003fed759d9,3,14,2,17,6,0,0,0,0
98aff161-9c6e-47de-a3ee-8bfd0f025bea,1,9,6,6,3,6,5,2,0
98b7263d-118c-40d9-940e-6009b219fa6e,1,10,3,13,6,5,3,7,4
98c03c4e-b418-4ec4-99d8-5361766e8acf,3,9,3,11,6,8,4,9,5
98c1f2de-aef8-4bea-923a-891af3be9d45,1,6,2,9,6,15,7,14,5
98c79f9b-a708-47bf-b8e9-95af67f91f1c,1,8,1,12,6,0,0,6,5
98d71718-2efd-49b5-86a1-32df77a17440,3,17,4,18,6,16,7,12,2
98dba729-c4ad-4f61-b1ae-59f8a419da1d,3,12,6,11,5,8,3,10,6
98fad414-44b2-48d6-9f99-97e340396eb9,3,10,6,7,2,8,5,2,0
99031f97-0995-4cc8-917c-1f11b62e764c,3,14,6,12,3,7,5,2,0
991614c5-aa09-4fa4-8eb8-425a6b8383ed,3,9,6,6,2,12,5,7,1
991a96f7-e0e1-4482-8422-a09432e9afe7,1,17,6,15,4,12,5,13,5
9927da75-aa00-44ee-9018-4ffcfe01ffb6,3,9,6,4,1,13,5,13,5
99319f99-9354-47a6-adb8-81f71281f2bf,3,15,6,13,4,20,7,20,7
994bf444-486b-4e50-9c21-5bb17d70ed6c,3,11,6,9,3,7,1,13,8
9951570c-0910-4b80-8cb6-ab9758522a22,1,0,0,6,6,18,12,9,4
99569a48-48bd-42e3-b39b-90d75aaf24bc,3,9,6,7,3,10,5,7,3
99655753-07dd-4cdf-b853-f70fa6d31d75,3,11,6,11,5,7,5,0,0
996c531c-9ae7-48c9-b05a-3854afe55305,3,1,0,6,6,9,3,12,5
997dd6db-99e4-4e62-8aa4-2a86d1a8cfef,3,12,6,10,4,3,0,9,7
997f2418-f771-46f5-bf60-d84bc93cd782,3,9,6,5,1,9,5,6,2
9985825b-bd9c-4cb2-adf9-4bc8148e01e5,1,12,6,10,3,11,5,8,2
9993b458-3513-4e64-8817-6d41b723ecb8,3,10,6,9,5,3,0,8,6
999bf299-d294-406a-abc7-0098c79aff93,3,11,6,10,5,4,1,9,6
99b1e61a-f4d0-4a92-afe2-3b5f31c60417,3,8,5,8,6,10,6,9,3
99b27d34-b8af-40ce-8e13-5ff31184aa1d,1,12,6,10,4,10,1,15,7
99ca6d3e-092e-49f8-9d16-4f7347dbf6f2,3,13,6,11,4,9,5,6,2
99d5b9a0-23cf-4cd1-a326-a68128e1bf99,3,10,5,11,6,10,6,7,2
99dcccf5-cd5b-4220-aa50-f0d7b199c5b7,1,19,4,21,6,12,1,16,5
99df2ba4-2f79-499b-95cb-6986ec03c52a,1,13,6,12,5,13,5,11,3
99e3c70f-6717-4f8f-bfa1-83d8228119a1,3,5,0,11,6,7,3,8,5
99ec495e-85f4-4c64-991a-a1de9dc5ae14,3,12,2,16,6,12,6,10,5
9a05ea65-e440-4fa5-985c-ff64f8f4ed21,3,8,6,3,0,11,5,8,2
9a08750b-0d7b-4299-a88e-25635a3a4830,3,13,6,12,5,7,5,3,1
9a09155a-4bde-47ff-8267-7884f3d9ee57,3,4,1,9,6,11,7,9,5
9a19429d-1b01-49ea-90fc-566339db77e9,3,7,6,3,2,7,5,2,0
9a1c0f51-c47c-47fc-a450-da3de0684aa4,3,10,6,8,3,9,5,4,0
9a21192b-764b-4ca8-b554-fa2bb8789ef8,3,1,0,7,6,0,0,5,5
9a3d2f8a-02c6-449e-834b-67054fff4934,3,1,0,7,6,10,4,11,5
9a3f4c51-729b-4041-8dab-57220c6d3520,3,14,6,11,2,12,5,10,4
9a45b740-e07c-46a8-8f5c-f7e5156915b8,3,0,0,1,1,3,1,4,2
9a49cb72-b30c-4a12-ad30-99f498deaa52,1,7,1,12,6,10,2,12,5
9a4fa473-87d3-49d5-b7e8-1cbb3dbcd187,3,9,3,12,6,6,4,6,5
9a597602-aa57-4550-b8ff-8bd8610f0b1a,1,7,6,2,0,7,5,3,1
9a6766b3-f6c9-4e1f-83dc-d39d6c137165,3,14,6,9,1,7,5,3,1
9a6d04c9-0e18-4919-95fc-bccab34dc6ed,1,13,6,12,5,16,6,15,5
9a78d23f-a375-42b0-8567-ea6abfe885a8,1,4,1,9,6,12,4,13,5
9a7c2267-ee9d-490e-856e-2ae939056859,3,15,6,15,5,3,1,7,6
9abc59a9-0e1d-4780-bc22-1964d70cad4e,3,11,4,13,6,11,7,9,3
9ac1d2d7-98ce-463f-ae80-dd9531586b2c,1,10,5,10,4,12,5,7,1
9acf96b9-7086-40ac-bfda-ed839bbfc456,3,9,6,6,3,10,3,15,8
9ad5df69-3bff-4919-b1ef-c8b44d9ebf48,1,9,6,4,0,10,5,7,2
9b013b71-818b-4183-836e-2396c8855434,3,11,6,7,2,14,5,17,7
9b0587bd-15b1-4df8-9307-07654e817a1b,3,14,6,14,5,9,5,6,2
9b130d9a-2ddb-47ea-9043-b1df69736b15,3,10,6,5,2,7,5,3,1
9b143f52-fc63-4f7e-a52c-cc135bf0cde9,3,8,6,3,1,12,5,11,3
9b144697-6c7e-4293-a913-4a6924510d06,3,18,6,17,5,11,4,13,7
9b16504d-2168-402b-822b-6401174439c4,3,8,2,11,6,0,0,5,5
9b171332-0802-426a-bfb8-d815a99ef8a1,3,1,0,7,6,12,4,14,5
9b1b321c-ba5b-496e-ac85-489863594386,3,3,1,8,6,14,6,13,5
9b3713a2-82b0-439f-8e86-34b81c011e4a,1,7,6,3,2,7,5,3,1
9b3bb658-00e7-4490-98a4-b1c556b799ae,3,14,6,11,2,9,5,5,1
9b42b143-7162-4038-9f79-aad84f098889,1,6,2,10,6,8,2,11,5
9b430962-abdd-43a4-880c-b0421e375f0b,3,11,6,10,4,7,3,11,7
9b4ce1a7-59b1-42e4-948b-c6e3d70bf506,3,12,6,12,5,9,5,5,1
9b55baa1-070d-4894-a097-5c1e3055ae5e,3,10,4,12,6,11,7,6,1
9b6032df-27a5-4609-ba7a-86d2bb1fabd4,3,5,1,10,6,10,2,12,5
9b645583-bc9a-47ed-9683-1d257ea692aa,1,13,6,10,4,10,5,4,0
9b8d0f95-0d06-4be3-bd2c-a72bda2ddb73,3,8,6,3,1,9,5,9,5
9b96954a-a6f5-4996-9192-d9ed22b7b314,1,8,2,11,6,6,2,8,5
9ba78b68-05c4-47d2-8b31-e2d295ee5e04,3,12,5,13,6,19,7,17,4
9badc33b-19ab-4499-be6a-308662714ed8,3,12,6,7,1,8,5,8,4
9bb8cad9-7ef3-445c-9d06-dfed44a388a2,1,10,6,7,2,23,5,21,5
9bbc99b2-46bd-4211-bf7c-a8e4ae1b0b5a,3,10,6,8,3,16,5,16,6
9be2c89f-3e13-4210-927e-fb30a66c607f,3,10,6,6,1,7,5,3,1
9be5fb3c-cecd-4ba6-8a82-6c98228c1828,3,9,4,12,6,10,4,10,5
9bfd5663-8a23-4da3-a5dd-2f9e0ed6da1a,1,8,0,14,6,14,11,6,2
9bfd56fb-5908-49af-8d87-6d5e33bdd835,3,7,3,9,6,5,1,9,5
9c02cb2f-2d6b-452a-9d78-dfeb8717d8c3,3,10,6,8,3,16,5,16,6
9c058a8a-c888-4fcb-b668-7867fada0dcf,3,16,6,15,4,9,5,4,0
9c0966a7-efef-4b52-b7d6-fec548c5f53f,3,9,6,9,2,13,6,22,8
9c151e80-cd56-4f38-a6a9-9092140ecf2a,3,9,6,8,4,8,5,4,2
9c1824d7-13ad-4c56-8a21-17bad0390f77,1,15,4,16,6,15,5,15,5
9c1b4785-58a0-4ee5-bfff-6eb4f4b90c34,1,10,3,12,6,19,11,16,6
9c23f09d-2e70-4141-bb06-97483cdce158,3,8,2,12,6,35,12,30,6
9c3cae9f-2339-406a-8c8a-e7ff1905b417,1,10,6,5,1,11,2,19,10
9c5c0d94-b0c2-49b4-bdec-3ef382b9eb26,1,11,5,9,3,7,0,15,8
9c792733-d179-494a-84cd-71b2c8872fd8,1,13,6,11,3,8,5,3,1
9c7f3c18-57f0-492e-82d8-c23c27740e51,3,4,1,9,6,2,0,6,5
9c82017e-692b-4586-9cd5-b593ec970754,1,11,5,12,6,8,6,4,0
9c843059-d4b5-42b2-82ba-2093f4379c0d,3,8,1,13,6,15,10,8,3
9c879ddd-43b6-41a2-99ac-51db27574025,1,15,6,15,5,7,5,2,0
9c952967-153a-4372-abb0-cf00dfdc52a2,3,5,3,3,1,1,1,3,2
9c9f1103-5c85-4a92-9066-2c8d95b213f8,3,12,6,9,2,20,5,21,7
9cb41af5-b9b3-4cea-a583-0174a4cb474b,3,22,6,22,5,2,1,8,6
9cc70129-d2d3-42d2-bc92-c738e90f9dd6,3,11,5,12,6,17,5,17,6
9d167d87-bf6d-4bfd-80b2-8c977cdd4b6a,3,10,6,9,5,10,5,7,3
9d274e2d-3e4e-49b7-b419-12aa09195726,1,12,6,8,1,9,5,6,2
9d30fd0e-2b13-4a8c-89d5-8de334ef5970,3,8,1,12,6,0,0,6,5
9d623ad2-261a-4346-a1ba-c3401319a445,3,7,6,4,2,19,9,21,10
9d6299e8-b7d5-45af-9157-9b2d6a779f45,3,11,3,13,6,12,6,12,5
9d654f85-9b7c-402e-a7fa-15e611fc2377,3,15,6,12,3,11,5,7,1
9d7a7a88-a053-4e47-b8cb-f50a88b17a73,3,8,6,3,1,6,5,2,0
9d9260ba-d48c-45cf-8372-6b09542ceffd,3,10,6,5,1,12,5,15,7
9db683d3-72da-41c7-9a22-2f6c34544a55,3,10,6,10,5,8,5,2,0
9dba7eda-c8f2-48ba-bc36-27f13f3457d2,3,10,2,14,6,15,3,18,5
9de02ccc-ec6f-42d2-a7a3-1ab7ab153c0e,3,18,5,19,6,21,8,18,5
9de1de4a-8557-4fbc-9637-19bb55f4afb6,1,11,6,10,5,8,5,7,3
9de700d9-7031-46f6-a5fd-8426315cc721,3,16,3,19,6,10,3,10,5
9df692df-8d66-42b4-a0a5-382eb1796c09,3,9,4,10,6,5,1,10,5
9e0644a1-8068-4f46-8bc6-f39869ad8f0a,3,8,6,5,2,10,5,5,1
9e0b1364-d6d2-40d4-b598-79c3334b217e,1,9,6,5,1,7,5,2,0
9e125047-54ba-4589-b454-ee4bc4fe0bdd,3,17,6,14,2,9,4,6,2
9e154491-cf1d-42e2-8371-2cb15f14eb83,1,15,6,15,5,16,5,11,1
9e1b9aaa-e32e-4319-8a59-07ad8eaf1b3a,1,2,1,6,6,7,1,11,5
9e6879b2-7c16-4bb4-ae10-88873f869a0b,1,14,6,14,5,6,5,0,0
9e68b73f-2f4f-4752-8c67-9f23e598788a,3,6,6,0,0,8,5,12,8
9e6f476c-7eec-48c4-966a-10c10c0d36c2,3,10,5,10,6,11,7,10,4
9e759298-356e-44f0-9b68-e713e00de326,1,14,5,13,4,13,5,11,3
9e87aeba-de39-4378-ad86-411a8c342507,3,12,6,7,0,9,5,5,1
9e97a807-e8fa-47b2-b418-14ffea248f32,1,6,2,11,6,21,9,19,7
9e99252e-7e2a-443f-92f7-f105ca3873ec,1,9,4,11,6,12,7,8,3
9ebd3305-c4eb-4080-a4ac-3da0f07c85e6,3,13,6,13,5,9,5,6,2
9ed2cd4c-1c87-4903-ab87-c353418f9607,3,11,5,11,6,4,0,9,5
9ee7bbba-68b5-4169-9684-7ec6e2dad789,1,11,6,9,4,7,5,2,0
9f13087c-1b7b-4beb-854f-f3b75df4ffa2,3,8,3,11,6,19,8,14,2
9f18e799-2237-4fba-85b9-442ff9b4c3b2,3,13,6,11,3,12,5,9,3
9f27dc72-74b3-4435-92f5-69851dab3b75,1,4,1,8,6,11,3,13,5
9f2d04f3-e9a0-4c73-870c-7e4aa64af73e,3,10,3,9,6,10,4,9,5
9f31798c-084e-4f29-8d63-6e4363860571,1,11,6,8,3,13,5,14,6
9f340ed1-de1c-4b38-be8f-583a90d1fde6,3,7,6,1,0,15,5,14,4
9f4fba96-cfff-4af7-b176-e21ea7706ef6,3,11,6,11,5,9,5,4,0
9f593766-8eca-4a5d-9a56-3b4e6eba100d,3,8,2,12,6,7,0,10,3
9f676652-65f8-442a-a7e3-57ac516d9525,3,11,6,7,1,12,5,11,5
9f6bd387-36c1-478c-91b2-ae730e2353b1,3,18,6,15,5,6,5,2,0
9f6ce146-45f6-4ded-91ce-5aa7b58ab8ea,3,5,4,5,3,0,0,0,0
9f6f1f33-d1f7-4769-8484-7c7f1a3fe873,1,14,6,10,2,10,5,8,2
9f6fcdec-f2ea-40be-8788-2a92fe5e306c,3,5,0,11,6,2,0,9,7
9f794814-0480-4ad7-b7c5-23795ff6feb3,3,8,4,10,6,9,5,9,5
9f79c961-77e2-4318-a902-297390113736,1,13,5,14,6,9,7,7,4
9f94f346-876a-4222-8f0f-d58573e519f0,1,6,1,11,6,11,7,8,5
9f9e9fd0-af60-4db6-8217-ef52c7561cfe,1,12,5,12,6,13,5,15,6
9fbf74d5-57c7-46d8-a75a-16ea978b14a5,3,14,6,12,3,7,5,4,2
9fcb78a2-f76b-4e1d-819c-1e91b2e59f7a,1,6,3,8,6,0,0,6,5
9fcfd9c7-10f2-4f7b-b7c3-fa460901c69d,1,11,3,13,6,5,3,8,5
9fd280eb-00ff-4461-9d73-f88f24afd766,3,11,6,5,1,11,2,18,10
9fdb4868-ceef-445d-a80a-ffb5448439e9,1,21,6,17,6,3,3,4,3
9fe4ee71-7a13-4eaf-b396-c488f35b8ae4,1,2,0,8,6,16,4,16,5
9ffed707-64d1-4fbe-9d31-8e313147c598,3,8,6,2,0,10,5,6,0
a017648d-e379-4ac9-b546-ddeab5b75d5d,3,10,6,7,3,6,5,3,1
a017cedb-8ad1-4122-8ae9-ec7a1901797c,3,12,6,6,0,14,5,14,6
a018d3ba-3b34-4a31-8d47-fcf21f41b73a,3,7,6,1,0,18,5,17,4
a02091b4-ca19-4a51-8af8-80d6dd25bc74,3,8,2,11,6,16,8,15,6
a0236cbd-2641-46c8-9c88-a9d06b04e9ee,3,15,6,11,3,11,5,9,3
a02dadc8-cc75-4504-847c-b15ccd643668,3,9,6,5,1,10,5,5,1
a038c16f-cd56-4716-8610-08d5e4cfe9fa,3,10,6,5,1,23,6,26,9
a03fd184-171e-4d50-97ba-101dcd93870b,3,8,3,10,6,13,7,12,6
a05c1c84-833f-480b-848d-0df3a2dc221e,1,8,6,6,3,13,5,11,3
a075d593-5f5a-45d2-a14e-f728b4976830,3,11,6,9,3,13,3,16,8
a08edc02-3a91-4eff-be8c-8c5bdf8286a3,3,9,4,11,6,20,6,20,6
a09b3d55-75b1-4c8b-ace3-4dce16b87ca6,3,13,4,15,6,18,8,18,8
a0bdf912-d47b-4ae8-b1a5-f7db3f5deaff,1,5,0,10,6,9,3,12,5
a0c66c9e-5900-4810-b640-56e16c18369e,1,12,3,15,6,10,4,10,5
a0cdf3f3-ecd7-4242-9550-3ffba98a1d5a,3,10,3,13,6,7,1,11,5
a0d01041-9e0f-487f-9939-ed91060d7d82,3,8,6,3,1,10,5,9,3
a0e44f1e-d7e3-47f6-a89f-c847220a8b53,3,13,6,8,1,7,5,3,1
a0ed88eb-26b8-46a2-8c76-6b54b9f64621,1,1,0,7,6,5,1,8,5
a0f36ae2-553b-44eb-8572-3b70f2c8fa7c,3,13,4,15,6,14,8,11,4
a10350a8-f8fe-4c32-9265-1a9a22af4dcf,1,11,2,14,6,10,2,15,5
a1091d8a-bf15-4f53-a042-a39a342038fe,1,17,6,11,5,8,5,2,1
a10a5285-571f-49d4-8a65-72adfed54343,1,8,6,2,0,5,5,0,0
a125f0e3-c765-41d7-8133-f8e68e28aba6,3,15,6,13,4,4,1,9,7
a12b3d97-6909-4d07-946f-e919c79c8aac,1,12,6,8,2,13,5,12,4
a12c7be4-bece-46ff-b5fc-3bb7242dfa68,1,14,6,11,3,12,5,14,6
a1389f1c-902c-4651-822a-3c7efc4b9f46,1,4,1,9,6,15,6,13,5
a149217d-559f-44f7-92a7-5cce2439cd5a,1,10,6,8,4,12,3,15,7
a19a5005-f806-4245-be3a-d9e8ac258f82,1,8,6,5,2,7,5,3,1
a1b02dc6-9783-4c7c-8371-6200862662ea,1,11,6,7,2,7,5,3,1
a1b1959f-070f-4e3e-8d30-bc5a4f330ba4,1,11,5,11,6,10,6,7,1
a1b368e2-631c-4f95-8bf2-e10db082f7ab,3,6,2,10,6,7,3,8,5
a1b7d23a-be8a-433f-82ae-263d4dac932e,1,5,1,9,6,3,1,7,5
a1d3fbbe-c4ed-44f5-9ef7-80714e46b92f,1,11,6,6,1,16,5,19,7
a1d492be-064c-492c-ad42-f090f4951100,3,11,6,10,5,6,5,0,0
a1ef05aa-3e0c-4611-bfc8-4e5935360271,1,10,6,7,2,10,5,6,2
a1f51ab5-3440-4b8c-9962-8a1d9a62999c,1,8,6,2,0,14,5,17,7
a208d630-cfb8-4780-a141-4c6f9bbe4f35,1,8,5,9,6,9,6,4,1
a209100b-143a-4486-8587-db32a740ee6b,3,9,3,13,6,8,0,15,5
a2319e19-e1d5-4675-97b4-13b8089e90f9,1,11,4,13,6,4,0,8,5
a2323d56-611a-43b3-9278-ed5fb7d4dd41,1,17,5,17,6,7,3,10,5
a23983ae-4804-4c91-93a8-ea5f2d10e52a,1,10,6,5,0,12,5,10,4
a256be50-2aa2-480d-8ddf-8dfbf49e177b,3,7,6,1,0,10,5,6,2
a25a2a72-a56a-4856-9b0a-c1ffdac10323,3,12,6,9,3,11,3,14,8
a26b3ad8-1e1b-42a2-b8d8-f9d5eab5735b,3,7,1,12,6,8,2,10,5
a27588b1-dba7-40e9-a27d-961af712468e,1,11,3,13,6,13,5,14,4
a2771e97-d68d-4fcb-ba38-b301e34801fa,1,15,6,11,1,11,5,7,0
a2797e0d-25d7-45d6-945f-862ecd9867e4,3,2,0,8,6,13,5,12,5
a27a96ac-4242-49d0-966f-b6a925ec9195,3,9,6,5,1,8,5,3,1
a285e984-f870-4b63-bdbf-571fb59a95d3,3,5,1,10,6,13,7,11,5
a29933b0-bd12-4726-a5be-9b983ae39e30,1,9,3,11,6,13,8,9,3
a2aa898f-2930-4b67-9956-915ac5bf6c18,1,14,6,11,2,8,5,3,1
a2c5bf49-2e60-4ba9-a498-f84a5d2e835d,3,13,6,12,4,11,4,14,8
a2f3afe9-2612-4b2d-ab6f-bf4c1ada0222,1,8,4,10,6,10,1,13,5
a2f3bca2-a213-46df-8d1d-14d0da652c1e,1,5,1,8,6,10,6,10,5
a2ff928a-7add-4f46-857f-a0ae6d71dd80,3,14,4,13,1,0,0,0,0
a31345f6-fdea-402c-9ad2-5a003af750ae,1,8,6,5,2,6,5,0,0
a32a708d-7980-48f3-ab25-02e0e67a1f61,3,14,6,11,3,11,5,8,1
a33fb534-cba8-4d92-960f-7551d0359942,3,7,1,11,6,8,2,12,5
a34b769c-40e1-40ab-925a-26d2d2257db7,1,6,1,10,6,2,0,8,5
a35ad6f1-d542-4b75-a180-d6ba5d67ad13,3,13,6,7,0,7,5,4,2
a3600747-caec-4de8-a53c-aa9bf0a0f6af,3,13,4,15,6,14,2,18,5
a379b6be-f5ea-4444-9e47-c688611b8cf7,1,12,4,12,6,17,7,13,1
a3846725-7e01-4476-871f-5dd52ba6f997,3,16,6,14,3,8,5,4,2
a3a518de-31ea-4a2b-a045-8e61fa1425f0,1,10,6,6,2,17,4,23,10
a3b409cc-484c-4fc1-bb21-8a441c15d7e4,1,9,4,11,6,10,7,6,2
a3bdea78-613e-48fd-aa3d-dd118d3ecd4d,1,8,6,2,0,15,5,15,5
a3d7eed8-653a-4fb7-8f2f-a07413bb8b4d,3,15,6,14,5,11,5,8,2
a3dc227e-8778-4437-96dd-2f1e0a7ec3f7,3,13,6,11,4,7,5,4,2
a3dd8358-2759-4538-8a63-03b96a137a10,3,0,0,6,6,4,0,9,5
a3eb39f7-1d41-4280-b557-a3ab5fe34574,3,14,6,10,2,10,3,16,9
a3f69848-60ec-4b41-8636-8a998cb6d2c6,3,15,6,10,3,14,5,10,2
a400001b-7378-4f81-b6f4-aa1837afebc0,1,7,2,11,6,6,4,7,5
a4052bbf-242f-451b-899e-120ad7ef396e,3,9,5,6,1,13,6,8,2
a4055299-bfe9-47de-85fd-622813bdd559,3,8,6,7,4,9,5,7,3
a4117540-6626-4c4d-8238-e1ac17372ae9,1,15,6,10,1,8,5,5,1
a4400b9e-c26c-44c5-a30b-d2c6f315ac09,3,11,6,9,3,10,5,5,1
a446de94-5d0f-4ae6-9259-42cfb90bba3b,1,12,6,12,5,10,5,8,4
a4555478-a14b-4366-9ce6-5c9212025ef5,1,11,4,13,6,6,2,9,5
a469edf0-af43-496d-9b2b-1758979d098a,3,11,6,8,2,9,1,16,9
a46cd4db-d700-4ce4-ab7d-fb43a2262721,1,10,6,6,2,18,6,20,8
a47415f3-0eaa-4f56-aae4-b820704c746e,1,11,6,8,2,10,5,11,7
a4749c74-160f-4238-ac1f-e652c3dc1581,1,9,6,8,4,15,5,12,2
a47adcc1-6f56-421f-9fdb-21480f019a19,3,1,0,6,6,16,10,13,6
a47f6a53-69a9-402b-b3a2-958a11ae9b33,1,13,5,13,6,7,5,3,1
a48338d8-92fc-4a2e-9bc6-fbd42dddd7c5,1,8,6,3,0,9,5,9,5
a48345c0-b408-497b-863e-68bed285269c,3,12,6,9,2,10,1,14,6
a4975978-d5c9-4f76-b86a-920ae2dd67b4,3,11,6,6,1,8,5,8,4
a4a5cf01-e3ac-44d9-9c90-b54f68cc5b27,3,4,0,9,5,5,3,8,5
a4b3c563-885d-4b56-8add-8937b90a1946,1,13,6,10,3,11,2,17,8
a4b709c0-a0f8-4e1c-895e-e17bc29aea7a,3,10,6,8,3,10,5,6,2
a4b8f7ee-17b4-44c8-973f-f86a4f565403,3,13,6,10,2,10,5,6,2
a4c2a2a6-7d20-4de1-a45d-d86c863a3878,3,14,5,15,6,10,6,8,3
a4c34c5e-01d4-4e19-bd61-17d0be46aa50,3,13,6,12,4,5,5,0,0
a4c5d11a-f445-4927-bb75-e7790b0f2b2e,3,12,5,12,6,6,4,7,5
a4d15f0e-781d-4dd1-a94b-058c727bed37,3,9,6,7,3,6,5,0,0
a4d324de-ac18-4149-adb6-c905e6884536,1,11,6,8,2,9,5,7,3
a4d9add4-979d-401e-95b8-b2b0b8c893ad,1,4,1,8,6,8,2,12,5
a4e0358b-2359-41a4-9a89-a9f4f541376b,1,12,6,11,4,5,5,0,0
a4ea20f9-e3ef-409d-b82f-dd572f2c5934,1,8,4,9,6,3,1,8,5
a4eb9af9-e45b-4813-af3e-5d22b7c96804,1,8,6,4,2,8,5,7,3
a4ebbba5-6973-4762-900a-d1ee79580d51,3,10,6,5,1,11,4,10,2
a4f77547-270d-4b81-a4e4-03205ea06cca,1,15,6,13,4,6,5,5,3
a4fc2593-5512-4a4c-87df-cb09c8921ed9,3,4,0,11,6,2,0,10,8
a500ecb5-2143-4be6-8c6c-4a2f8ccf7f8f,1,16,6,14,3,5,5,0,0
a51c49c8-9917-4c91-85c6-ec4095fa9ea5,1,7,3,11,6,5,1,8,5
a526ea37-008d-453d-9b0d-ec07e2cee5a3,3,3,2,1,0,11,5,9,3
a531683a-7470-47d2-8331-fdb75c7bdea4,3,13,6,12,5,9,5,4,0
a5317eb4-ccdd-4221-995e-2b5cd1be7693,1,8,3,11,6,9,5,9,5
a53893fe-4351-479f-a33d-a61a9820b314,3,10,6,4,0,6,5,2,0
a54cd4ad-3399-4318-92a2-5b7b444f20e7,3,6,3,9,6,11,8,4,1
a54dd811-0590-4363-9c5f-eb4d3dbcaac8,3,10,6,7,2,9,5,7,3
a550b388-406f-42c8-95a1-5128b63e195b,3,10,5,9,6,11,6,10,3
a55c7bf1-3a51-4260-b11a-5fd29a244163,3,4,0,10,6,20,8,17,5
a55dde45-27e0-4bd2-b616-b836e2f412fb,3,7,6,2,0,13,5,15,7
a5698dfa-9874-4431-b475-852ea6c06a61,1,2,0,8,6,4,0,9,5
a5a0eb25-682d-4c85-b92b-9449ef0b16d3,3,9,6,8,4,10,5,4,0
a5b74dbd-d940-4e2d-aff6-caea575a48f0,3,6,2,9,6,11,3,15,5
a5c0c204-c3a7-4398-8e7e-060e49dd37ec,1,11,6,9,3,12,5,10,2
a5d18442-d38e-4f41-a1b7-71d9d4b05a34,3,10,6,8,3,6,5,0,0
a5dbb790-d985-4163-af6d-045ad36e757a,1,13,6,13,5,5,5,0,0
a5efdbab-6f29-47cf-b62c-ee2a5fcf9016,3,16,6,14,4,8,5,6,2
a5f47554-4bae-467f-8fb7-5d7baa1d97e5,1,10,6,5,0,7,5,5,3
a5f7674a-2dc8-4e47-9060-91580bd5531f,3,22,6,20,4,12,1,17,7
a6004d63-e21d-4462-8dff-628ba9d109d4,1,5,1,9,6,9,3,11,5
a6070bf9-4bda-4386-8c06-137c54a63048,3,15,5,16,6,7,6,1,0
a60b1c37-daf4-4ce9-9722-f2bb5a2952fc,1,11,6,9,3,11,5,13,6
a60b9b89-8da2-4624-a0b9-458ad20bf72b,1,15,3,17,6,12,6,11,5
a60cc1b0-d2ea-41a8-9685-5ad52589b194,3,14,6,9,1,20,5,24,8
a60ed538-8286-4cd0-b1d5-1aaa52d7fdf3,1,11,3,12,6,10,6,9,5
a6185055-3aa0-4b66-ab6e-ad221fbab745,1,10,6,3,0,8,5,3,1
a62d082a-26c7-4a8b-ae0e-16d764b89173,1,12,5,12,6,10,2,14,5
a6624018-3c7e-4bad-88b9-a7887e3fba20,3,8,6,4,1,13,3,19,10
a666043d-c05f-4caa-a844-b1b9bc98d7a6,1,13,6,13,5,7,5,2,0
a668377f-02cb-4f2e-a102-b68146d9907d,3,13,6,11,3,18,6,19,7
a685543b-b059-4034-999c-e77d5c1bab30,3,8,3,11,6,16,8,9,2
a68d0a96-78e9-4b39-999e-8a331eda437c,1,12,6,12,5,7,5,3,1
a696f415-4ddd-4d93-bf85-ff4e208faab5,1,3,0,9,6,16,8,13,5
a69bea72-6ee5-4d57-9e5b-a5076ff8c642,3,8,3,11,6,13,4,13,5
a69bf899-3f03-4973-8cda-996a8c577765,1,4,0,9,6,4,2,8,5
a6a1ee6f-c82b-4aa8-b0c3-a2d1be6da2f2,3,17,4,18,6,10,7,7,3
a6b54a8c-bf9f-4651-84f6-cdd580b0c4c6,1,15,4,18,5,5,1,9,5
a6c5692a-a63a-45ab-9d62-56238f22d45f,1,10,6,6,2,9,5,5,1
a6d401c0-53ce-42cf-af2d-cd53fb0affca,1,9,6,7,3,8,5,4,2
a6dd4714-27d0-4c6c-a7c5-f5ad5dcfad31,3,10,6,9,5,12,3,15,6
a6e7e96a-32e0-4298-8ecf-b31d64c109a2,3,9,6,7,4,9,5,4,0
a70cbff3-c80a-4da1-ba27-c63f31098f77,3,9,6,4,1,11,5,13,7
a73041c7-7d73-4e17-a887-675c01447103,3,12,6,11,4,7,5,6,4
a74d4d7c-d47c-449a-91ea-e04a208e4bc1,3,10,6,10,5,8,2,11,6
a76ad64a-ff6a-4ca3-ba6c-4ceab8f4f9ca,3,10,6,8,4,14,5,14,3
a7a90d67-77e7-4bc2-b5a6-1a6b03472b35,3,19,4,20,6,3,1,6,5
a7a96f33-8dfb-4895-aefe-2c74057cc3a3,1,11,4,12,6,8,4,9,5
a7d0434c-d38d-482e-9f20-dc993a7db976,3,9,3,11,6,2,0,8,5
a7d183bb-dc0b-4ea5-8da5-837ad54e2ba1,1,11,6,10,4,10,5,6,2
a7e35701-46d6-458c-a7b4-aa607a270b12,1,2,0,8,6,7,0,25,18
a7e49db8-6532-4e86-a657-908f0f714cd4,1,8,6,5,2,8,5,4,2
a82982f3-0c26-4d9d-813b-b51a36d97418,3,8,6,6,3,17,5,21,10
a844e182-37cd-44f0-b195-1d3f25cf1893,3,14,6,8,2,10,5,8,4
a84d5928-12ee-466b-a9c5-92cb0a817aa6,3,4,1,8,6,2,0,8,5
a861b4a3-5e1f-4c65-84bd-085e006d3cf8,3,10,6,6,2,7,5,5,3
a865f2f4-9583-4b98-888d-17160a28c251,1,11,6,7,2,5,5,0,0
a86d79cb-ef24-4b26-bf4c-6757dec17130,1,11,5,8,3,17,5,17,4
a87e3a4e-9bb5-4fd1-a60e-9fc6e66e94b5,1,10,2,15,6,9,3,10,5
a882f062-d689-4a97-bd4a-7f361478c311,3,16,6,15,5,7,2,10,6
a898b11f-4afa-4a98-b71a-44f8be9ffb76,3,14,3,16,6,15,5,15,5
a8a2b11e-88b7-43e1-b697-07fd43564c0b,3,8,3,11,6,10,8,3,0
a8c525e2-7906-4486-a9f7-7b2b7d66b0d0,3,11,6,9,2,10,5,9,3
a8d19e93-85d8-4a85-852f-0d865a8144cc,3,4,0,9,6,7,3,14,5
a8d5eac7-0f4d-49b8-a81b-05c47fb92fb1,3,8,3,10,6,5,1,10,5
a8dc2a82-acd4-4484-924b-adf0f4fc606b,1,12,6,8,1,12,5,11,5
a8e12b3b-af89-40a6-a3df-40261039af8e,3,15,6,14,5,9,5,5,1
a90c9421-508d-455d-9163-085a3b4bd0e7,1,9,6,6,2,8,5,3,1
a92306fe-4502-4a30-b56c-7a5014866658,1,6,1,11,6,16,10,10,3
a94328f6-0272-4574-9795-474a7057d8ae,3,11,6,8,2,10,5,5,1
a97c88bc-e190-4b67-bd7e-1d85208e081c,3,15,6,13,3,23,6,23,7
a983f810-ca48-4059-9c0a-fe485cb19c39,3,5,2,9,6,6,2,9,5
a98ea091-b797-4c97-a40a-4bf36fd5b879,1,9,3,12,6,23,10,18,5
a9a32d4e-f87d-432f-b0d1-4d7099ad2f48,3,15,6,14,4,8,5,3,1
a9ad624e-d608-49fd-aa03-071680cb5c82,3,12,6,8,2,5,5,0,0
a9b7eff7-1648-4663-84e2-c8fb55ae50f4,3,16,6,13,2,15,5,15,5
a9bd1801-c5dd-4001-a5ac-725038cd2d7b,1,7,0,11,6,12,6,10,5
a9bd9c4f-9bd8-49b8-bbbb-93a8ea3b3d2f,3,1,0,7,6,25,11,15,2
a9be314a-5937-4641-b948-26a0533ede07,3,9,6,4,1,6,5,4,2
a9c6b9a5-0c3e-49ca-870b-6d11729443d5,3,9,6,5,2,11,2,14,5
a9d17879-b629-4d16-aa78-761ed8460fdc,3,4,0,9,6,6,0,10,5
a9d561b2-f367-4d6c-8c32-594f6272249d,1,12,6,12,5,12,6,11,5
a9d71971-52af-467b-917f-f97310dc7119,3,12,6,12,4,8,2,4,0
a9e0cccb-498b-4676-9e8f-05f87f68ff3d,1,11,6,10,4,6,5,0,0
a9e8929e-fc88-4b14-9e87-be55ccef1548,3,6,1,10,6,12,4,14,5
a9ee6814-dcd8-4a10-84f4-3316c8248289,3,15,6,13,4,9,5,4,0
aa09fb15-8fe7-4940-816f-991d94c4451e,1,11,6,8,2,6,4,3,1
aa18c3f5-4bdf-4210-9e68-c6393d6bf152,3,11,6,10,4,16,5,13,3
aa25b77a-40e7-45bb-adec-b0d9acabb3f7,3,9,6,5,1,5,3,0,0
aa33fe23-d0da-4599-a35d-8fafdaab97bd,1,9,6,6,3,7,5,2,0
aa3779ed-7480-4869-bf81-306f7d7bcf99,1,13,6,11,4,12,5,6,0
aa4c790f-719f-423f-b5d7-bf108eec27db,3,7,1,12,6,6,0,11,5
aa4dc13a-add2-41a8-8815-2d163a3ccb59,3,13,3,16,6,14,6,10,5
aa8e7a0d-76bd-4a53-b709-7d219e106016,3,11,6,5,0,8,5,6,2
aaadbe0f-243a-4cc4-aa0c-e21a7b7b8f76,3,6,3,10,6,2,0,6,5
aaaf0592-a2af-43f9-a144-bf8bd8a78da4,3,9,6,3,0,14,5,15,5
aaaf5812-5c48-4ec6-915e-0c76a065ead4,1,6,4,8,6,10,7,6,3
aae7cf79-aca3-4fcc-8fb1-b95c8d649b31,3,13,6,10,3,10,5,12,6
aae9b4c7-1ea7-40e8-9007-f374e2b73dba,3,14,6,13,5,6,5,2,0
aaebbe9a-5124-43ca-a833-d5381f341d1a,3,13,6,10,3,7,2,13,8
aaf141f2-405d-42db-bc84-b62f60937979,3,13,6,11,4,14,5,9,1
ab05c9b8-caf9-4d43-af04-8729f50af9e0,3,8,6,2,0,13,5,13,5
ab289d73-1b34-4172-823f-fec1bee35494,1,3,0,8,6,0,0,6,5
ab364bb5-0553-47b4-8293-97f6832d02fd,1,6,1,11,6,14,6,12,5
ab43b127-b5b1-4d96-9472-7a25b3916a4a,3,11,2,14,6,8,2,11,5
ab4d8fc3-f5dc-49c1-aad6-2eb4d8f6f000,3,7,2,10,6,0,0,6,5
ab5207b7-b08a-4422-b914-412c1e27dfd7,3,12,4,14,6,17,9,16,5
ab5f06e4-0ce2-4a6f-acce-0f245baece8d,1,6,1,11,6,3,1,7,5
ab70af75-3d48-4e7d-b562-f357614f4441,1,9,6,4,0,7,5,2,0
ab744549-3c65-4989-b339-deadd9921cc9,3,14,6,11,3,9,5,5,1
ab7c413f-bc72-474b-89fc-6e8900932053,3,11,6,6,1,22,8,25,11
ab7e995c-fdc4-4a04-9abd-0da70ca4dd8d,3,17,5,12,6,13,6,4,0
ab891f5a-5831-4d14-9e0b-8bb97876e13c,1,5,3,10,6,7,3,13,5
aba2e5d5-6eb8-4c8c-9e5c-f65fef001633,1,13,4,14,6,5,3,7,5
aba6ef9b-4923-4e79-9890-c2a4c550e6a2,3,10,6,9,5,8,5,4,0
abc61a01-53c7-4b3a-a41e-3eb1408f7563,3,21,3,23,6,20,7,19,6
abc734f2-33ef-4429-8c15-33cdef93dc06,3,20,6,12,4,8,5,1,0
abe065cd-cac3-42ac-85ea-da452b9db873,1,12,6,11,5,9,5,6,2
abf1bae8-b477-4f3b-a61a-0c2ad9f25cae,3,14,6,13,5,9,5,5,1
abf95806-adba-48f5-92ef-30d0bffc84d6,3,12,6,10,4,17,8,18,8
abfd3f24-5587-4843-9621-d3af86aa5ee0,1,9,6,5,1,16,5,18,6
abffe2bc-759a-405e-ba01-71c62b7b141e,1,2,0,8,6,10,2,13,5
ac0ab552-2153-4205-b547-e7e556a59b24,3,13,4,14,6,9,2,11,5
ac0cea34-bfd9-4cd7-9189-6e19f8be9e27,1,12,6,11,4,6,0,10,7
ac0ff1fe-1496-43dc-b7de-c00db3da5324,1,13,6,10,3,16,3,20,8
ac2c7585-ac54-42c6-be8a-25c95c0fbcf3,1,10,4,11,6,13,3,14,5
ac4407fa-5571-4a09-9db9-bb61943a5b65,3,6,3,8,6,6,4,8,5
ac4af6bc-f671-4446-a322-82a304f004a7,1,12,6,9,2,10,5,8,4
ac4c3211-c5a1-4e9c-85e8-d364c44d8756,3,8,6,4,2,11,5,8,2
ac612505-e4a4-4266-9333-03ddd9ed75b7,3,14,6,13,4,11,5,6,0
ac804484-9070-4aaa-b536-05d31e0a6ce6,3,14,6,8,1,7,5,8,6
ac8115d7-481a-4386-aa31-7ae266e312b4,1,4,1,9,6,4,2,7,5
ac90b1d0-4445-4dfa-a5f9-8aeede365e1e,3,12,6,8,1,8,5,5,3
ac90b474-d3e9-407f-8a76-2d3c0476d3a9,1,12,6,9,2,12,5,9,3
ac98750a-6d76-4edf-8bb5-66fd1eebc83b,1,10,6,7,3,9,5,8,4
acaea6de-c5cc-4822-a25b-95644c203553,3,11,6,9,3,11,5,8,2
acc182e4-fb35-4b11-94e0-9afdcd765190,3,10,6,5,0,10,5,9,3
ace8e6ff-5daa-4134-a074-8e2decf7156d,1,11,5,12,6,2,0,8,5
acef65ab-ac1f-4799-b7ee-e07c6a0b4601,3,7,2,11,6,12,9,6,3
acf6dec7-eb31-4d35-858d-dfcaeef3a803,3,10,6,9,4,6,5,0,0
acfa3b2a-5f77-45ca-9fdc-6335ae7a9532,3,2,0,8,6,6,0,12,5
acfbcb55-bfeb-4339-a665-52aa57e66830,1,9,6,7,3,12,5,6,0
acfda55b-d388-4715-85f8-0c4c52be9ab3,3,14,6,12,4,9,5,7,3
ad01356c-a6f5-4397-9f60-779d540f1494,3,6,5,3,1,0,0,0,0
ad0abf27-989b-4c69-a9ba-c9bf70334593,1,11,6,6,1,11,2,20,9
ad0bcd51-e339-4c54-a2e0-8ed93d96da4c,3,9,6,5,1,11,5,9,3
ad0e6bd7-0e61-4e3c-a969-a40357a80e5e,3,8,4,10,6,9,3,11,5
ad41a907-6d86-45ea-9298-08e302bcca10,1,16,6,11,0,10,5,8,4
ad451e03-c97a-4fd8-8e75-8765bb5211fe,3,5,1,10,6,14,6,12,5
ad5b9485-fa5b-4160-ba3a-4d5112b93d7c,3,8,6,4,2,12,5,14,6
ad61a9f1-de67-4b27-921e-a34d2f984365,3,11,6,8,3,10,5,12,6
ad63175c-e913-4eb2-9f72-99bba0ba5680,3,14,5,14,6,14,7,12,4
ad644698-a66a-4812-8ac9-e9124335ea30,3,12,5,13,6,13,4,12,5
ad71aa49-99ff-4160-bbb7-59f98b4d5971,3,6,1,10,6,8,4,8,5
ad738fca-625d-4a8a-a831-e0cf134eee25,1,18,5,19,6,5,3,8,5
ad757c29-a8e7-4ee1-b988-8722c96f625a,1,11,6,7,2,8,5,6,2
ad7c075f-bae4-4223-8de1-f4ad74fc7850,1,12,6,6,0,11,5,8,2
ad7f8b27-da92-4298-9ee0-a5701eeb1cbb,1,12,6,9,3,7,5,3,1
ad95380b-5a84-4b98-8a9f-1c457e0a3126,1,11,6,7,2,12,1,19,8
ad9a2492-9198-45c5-8d3c-3c63d900b9a2,3,10,3,13,6,10,2,12,5
ad9e61ef-fe8c-46a1-8093-e457c0b888d6,1,12,6,11,5,14,5,14,4
adb2b26b-859f-417f-8bed-11ed6a7e2295,3,8,3,11,6,18,8,12,3
adb44930-9bce-428e-9c15-861cd6a6af8e,3,10,6,9,4,9,5,6,2
adc0f2bb-13b2-43f2-a60e-69aa04ca9614,3,9,2,13,6,3,1,6,5
adecf272-27ee-48bf-8408-2e3b18570a64,3,8,6,3,1,9,5,9,5
adf84e0d-b1f6-4d49-9cdd-a159ed630514,1,14,6,10,2,7,5,4,2
adf8abab-5806-4ebb-b1b0-9334d559857a,3,13,6,10,3,12,5,8,2
adfebd62-dc33-4098-ad07-4064dc0c1a19,3,7,3,9,6,7,3,9,5
ae0799a4-4703-42fe-b92e-073aae7b7236,1,16,6,13,2,8,5,3,1
ae09504e-9f7e-42d4-9f8b-29c151eed487,3,8,6,5,2,14,3,16,8
ae0d9997-6bfd-4e98-adfc-7cc5bd1277f1,1,12,6,6,0,9,5,4,0
ae1711be-bc36-4edb-af76-1738731e0809,1,3,1,8,6,26,12,20,5
ae1be54c-4dff-4a79-a726-871287bd4b14,1,10,6,10,5,7,5,2,0
ae375cc3-d934-4b8c-91d7-00bdebf65b9e,1,3,0,9,6,5,0,18,12
ae570322-401a-4235-b67c-b95081064efd,3,10,6,6,1,6,5,0,0
ae679bd7-c6bc-47ef-8dc5-384e68922240,1,4,2,7,6,6,2,9,5
ae6a39d0-8eca-4852-b98f-f8587a4a31ff,3,8,6,3,1,12,5,10,2
ae707aa5-1df8-4575-9aa9-30f4a00b0f0e,3,18,6,18,5,11,5,6,0
ae80dbc8-b0d7-4976-914a-b03cb151ae01,3,13,3,16,6,15,8,11,3
ae9df98e-3a78-4b74-9804-6097975b9c4d,3,13,6,10,3,8,5,10,6
aec46acb-6181-428c-aa1b-bfec3f40aaaf,1,8,2,11,6,6,2,9,5
aec9538c-6d10-4fa8-a201-23baa6cac711,3,9,1,13,6,16,2,16,5
aef2ad21-fb3a-4ae3-b28a-b631cd4bd629,3,8,6,3,1,7,5,1,0
aefc33d1-9070-483e-8639-9a8d4eb0b2b6,3,7,5,4,2,5,4,6,4
af1e5dee-0d53-488e-901f-62777da0b1a2,1,2,2,0,0,0,0,0,0
af2476c7-c8c3-43a9-b5e1-5b72b3ad44fc,3,11,3,13,6,10,4,11,5
af279700-f7c0-4c21-b5ce-6907d79806d2,3,14,6,12,3,6,5,2,0
af415aca-5bba-415d-80de-e11584f53ba8,1,8,6,6,3,5,1,11,8
af539fa8-a374-49cc-8dde-e7d0218c1ce1,3,12,6,10,3,19,7,20,8
af55bbe3-c152-427c-a2c8-59b4618cbff3,3,15,6,13,4,16,3,20,7
af6484c1-4adb-42d2-98a7-47a346344e34,3,19,5,20,6,11,6,6,1
af87bc75-da0c-41ca-a9f2-9deb930eecdf,3,17,6,16,4,9,5,7,3
af9045b5-91ab-4f69-acc7-619e1fa36f6d,3,8,6,6,3,11,1,17,8
af94ea51-12c2-42a1-9704-ff2dddbb6663,3,16,4,17,6,4,0,6,2
af951e51-9a1d-4c53-9e35-b750a96756c4,1,10,4,10,5,7,1,11,5
afb6d3ca-bfd6-4517-9903-ab4c4139893b,1,5,1,10,6,10,4,11,5
afb97ce0-8e9d-480c-8153-47cdb9a942ff,1,10,6,5,0,10,5,5,1
afc67ce4-555d-4552-b039-5e4c9f445b16,3,9,3,11,6,4,2,7,5
afcbcc46-43ca-47f3-9660-1ecb9908feae,1,9,6,5,1,11,3,16,10
afcc58f1-d7f3-4d97-8d56-4be1024eed00,3,13,4,12,6,18,5,18,5
aff7c2e0-d170-4080-9e0c-193b0e25e2c3,3,10,6,6,1,18,3,23,10
b01ea524-4015-4cbc-8723-9dfc44f3a451,1,7,2,14,6,4,1,12,5
b02610cd-9f72-4485-80a7-8c1355e3afa7,1,14,6,8,0,15,5,19,9
b02633d7-393b-49ba-bb24-35ba6b616a12,3,10,4,12,6,7,5,7,5
b03d457b-b60b-469b-a085-7167eefee97d,3,10,4,11,6,11,7,8,2
b0540df5-1956-4cfb-817f-bc857125b503,1,12,5,13,6,11,5,11,6
b05eb803-bc02-4581-b8bf-6676de16e590,3,8,6,4,2,21,7,26,13
b0850ca6-a933-4529-a6f1-d4930cba7b2b,3,10,6,5,1,11,5,13,7
b0903dbc-ce5b-4472-adab-a436a0a8f74b,3,2,0,8,6,4,2,7,5
b0a03a94-dbc1-47d8-b185-c08e8c29ac8e,3,12,6,10,4,11,5,10,4
b0b0498f-80c0-4abb-85c9-fe5fcc152d60,3,9,3,11,5,8,3,7,3
b0d78c64-8017-4a72-a520-0a95996ec526,1,11,6,7,4,10,5,5,2
b0e42c36-22ef-45d2-a3c4-8d390bac9073,1,6,2,9,6,2,0,8,5
b107c01b-21a4-4e73-aa07-85120c39442d,1,10,5,11,6,12,6,9,2
b1118f4d-2909-40f4-9c0a-be5cb589ad2b,1,3,1,9,6,16,8,13,5
b1642553-3484-4295-87df-3751538ff559,1,9,3,12,6,8,2,10,5
b171983c-7547-49ed-b113-52f6f4e2bdf3,1,7,2,10,6,11,3,14,5
b17c5b36-7c5f-48b8-aba0-cce16eecdfbf,3,8,6,7,4,6,5,0,0
b1c634f1-d173-4faa-988b-ef661f41cd5d,1,6,6,1,0,8,5,2,0
b1c97229-6ad7-43bf-92ef-bac492d873ba,1,14,6,14,5,12,4,14,7
b1cd9745-d16a-47d5-8e90-090b87c61b0e,3,9,6,9,5,11,3,12,6
b1fa7b1b-0dcc-4b90-8ddd-554268cb1b77,3,11,6,10,4,6,5,0,0
b202bf77-da28-4897-82f4-5ac1fa71dd0b,3,12,5,12,6,8,6,5,1
b20acb7a-84ab-40b7-b6ca-59b7759d1826,3,9,6,5,1,8,5,2,0
b20c26d6-a247-44c9-a1ac-75637ae0ca6d,3,12,5,13,6,15,6,11,2
b211194f-e6a2-4459-9026-ffd795d703f4,1,12,5,13,6,12,6,7,0
b22412d3-5187-454c-8dba-aec3f5906fcb,1,9,6,7,4,7,5,2,0
b22a3c81-aee7-4750-b7b5-1178ebc18ccc,1,7,1,12,6,6,1,8,5
b233063c-a226-43c1-bd87-5791e7716dea,3,8,6,3,1,9,5,9,5
b23a6822-0743-48a0-b0f8-0ea72ba9ccb9,1,5,1,10,6,21,7,18,5
b248bd97-bd04-4df3-ac8e-4023b8986cf8,3,3,0,4,2,0,0,0,0
b253c512-b48c-4f07-83a6-ac624dc9c1f8,1,9,1,14,6,14,6,14,5
b2546b62-b5ad-4ffb-859f-9587471987fe,1,3,1,8,6,16,8,12,5
b26c4cc2-205f-4c73-9664-cb1db8abf880,3,10,6,7,3,7,5,3,1
b27c1812-8ccb-43a2-b3af-24008ba9f84c,3,14,6,10,2,12,5,11,5
b2822230-2a1d-4580-be0a-2610f8d1ec6c,1,12,6,7,2,8,5,6,2
b289b292-6286-456b-bee9-a91b24c9cadf,3,11,6,9,4,16,5,16,4
b290aa4b-09fe-44c6-bab2-3adb62ac20e3,3,10,6,6,1,14,7,16,10
b2a07392-d149-4d7b-b2ec-e9063706509e,1,3,0,9,6,6,2,9,5
b2ac4acf-f44e-4166-be63-64ee635f15c4,1,11,6,16,5,6,3,10,6
b2c7283e-dbee-4622-9f00-c0069a7980cd,3,14,3,16,6,14,8,9,1
b2cc362c-9ddb-4e05-b998-2755f520120d,1,11,4,6,0,17,12,6,0
b2cd3d67-2f7e-4a25-ae4f-76d3abd268b8,3,10,6,6,2,17,5,16,6
b2e6f59c-83d7-409e-96dc-2451fd675b33,1,8,6,3,1,13,5,10,2
b2e94836-0bf0-4fe6-8c4a-f0eb15ccdbf4,1,9,6,3,1,13,5,9,1
b2e9982e-f55c-4939-8008-2712ea3ab5b8,1,11,2,14,6,2,0,8,5
b307baf1-f6a6-40f3-8bb1-e3d6fd792915,1,13,4,14,6,5,3,7,5
b311b1a4-85b9-421b-99d7-8b5e0649fb6a,3,2,0,8,6,18,2,21,5
b3218d32-583c-44cc-8964-e7a3d5ac22fc,3,6,6,0,0,12,5,10,4
b32245d6-ecc2-4055-9d9f-dd6939bc0ebd,3,9,6,6,2,17,5,12,2
b323d10f-260e-4d66-bcd9-b18fa167456f,1,10,2,14,6,4,2,7,5
b325b595-a5fe-49d6-9bdd-932d29f1e02c,1,8,3,11,6,7,3,9,5
b3264f20-c351-40c0-8a2d-cf7cbefe977f,3,10,4,11,6,10,4,12,5
b3273cab-e093-40d9-9575-98117d9ade45,1,7,6,3,1,8,5,3,1
b32faf30-34d4-4e4e-80ed-3e213862523d,3,13,6,8,0,15,5,12,2
b330a2ae-7b71-4f7c-9a3d-1d43bbfc87a9,1,12,5,13,6,13,6,9,2
b33438bd-6151-48d0-992e-d9e19d80d15b,3,12,6,7,1,9,5,5,1
b359e7b6-5ce5-4350-ba1f-1968e09f24c5,3,17,6,17,5,5,1,9,6
b3681b26-1a7b-4b96-8bec-22b10d36f4ec,1,6,2,9,6,13,5,13,5
b394327e-2b4f-4afe-945e-61b4cf790666,1,9,4,12,6,8,7,1,0
b399df86-1329-43de-bc4d-246e49dd8d2e,1,8,1,12,5,0,0,4,4
b3a46db2-ee02-4c5f-bb04-5e7b700018fa,1,6,2,9,5,8,3,8,4
b3a85362-e961-49a8-8d5e-5684c7c8597c,3,12,6,11,3,8,5,5,1
b3a8e892-2f49-4b5a-9cde-a281b37a98ed,1,9,6,6,3,9,5,4,0
b3d34574-8ca7-4105-a920-51221204fb13,3,16,4,17,6,13,7,9,3
b3d5fcf2-af98-494a-876b-9806c87a32db,1,13,6,13,5,10,5,6,2
b3d99537-1990-4ea4-878e-ecb6b52102b4,1,14,6,11,2,11,5,11,5
b3dc7ccc-4ebf-4cd9-a461-5ec94bec061f,3,8,6,5,2,9,1,16,9
b3e385d1-c8b6-469c-b249-a7d2ffd512fa,3,9,6,6,2,8,5,4,0
b3ea9e31-dee3-490d-b32e-5930820007ed,1,13,5,13,6,2,0,7,5
b3f2f8c9-ba73-47aa-a3c0-2473639a7e1a,3,13,6,11,3,10,5,11,3
b3f33f83-32ca-4934-ad5e-869e60cc3b16,1,10,6,6,1,8,5,2,0
b410a512-492c-4db6-bac5-997a6212c2fe,3,14,6,10,2,11,5,6,0
b4131a7b-e248-430c-b266-d27bc363e876,3,14,6,12,4,5,2,10,7
b42eaa88-9d27-44de-a985-5e8446ffa80f,3,11,3,13,6,14,4,15,5
b433a8f5-c3d9-4358-8cdd-614fe2b6763e,3,13,6,10,4,15,5,14,4
b43e8918-f786-417b-b482-6aecfa1e6dec,3,11,2,15,6,19,10,13,4
b447031b-37b1-4dc4-b593-a9bf061d9b4b,3,11,5,11,6,17,7,14,4
b44bb828-27f4-4fbc-819e-a5ee5305210a,3,11,6,9,3,10,5,8,4
b45df3f9-3161-4727-a82e-d1ef9cbfa475,1,11,6,10,5,9,2,12,5
b4601d0c-c077-405d-aa1f-86932a084a9d,3,11,4,14,6,17,8,13,4
b47069dd-5b59-4905-9947-14b2ae26a4df,3,10,6,8,3,13,5,10,2
b4736625-8e14-4b19-80fe-094b63c9880c,3,14,6,10,1,14,5,12,4
b47d558c-72bf-46d8-b4f4-7199fcfe8ff1,1,3,1,7,6,0,0,6,5
b47e9bb6-40f8-4086-ba7e-f6facb571052,3,11,6,8,3,13,5,7,1
b47fbedd-e26a-4fd1-898f-fbf6ada89578,3,11,6,11,5,8,5,4,2
b481f086-847e-43ef-8be9-71efc98248af,1,7,6,1,0,17,5,18,6
b48df568-8e7c-46e2-b85b-c9abcfc57a7b,3,8,5,8,6,5,3,8,5
b491cbad-d9fb-4330-84e2-4a4cb16efd7e,1,10,6,9,5,11,5,9,3
b498640f-26ac-4f3d-b389-a3e6127d8bbc,3,3,0,9,6,15,9,10,5
b49f55de-6c22-4c73-acd0-32f4f07afcfa,3,7,2,10,6,4,0,9,5
b4a16d3d-8512-441f-a9b5-31f546ba4b83,1,10,6,9,5,11,4,13,7
b4a19444-fe4b-4502-844f-e42dee4903c4,3,11,6,9,4,11,4,15,8
b4ae28cd-8b11-4953-8ff2-27dd1a5f33d9,3,10,6,6,2,6,5,3,1
b4badc6f-2363-41f8-9434-4619c57d2c21,3,7,3,10,6,10,2,13,5
b4baf789-5b58-4cf5-aaef-be4c44109204,1,9,6,3,1,13,5,9,5
b4c732cd-e029-49ff-bc6b-f466c5d99044,1,14,6,11,3,11,5,11,5
b4c85b76-429f-433f-bb2e-5e2f9943c729,3,13,6,11,4,8,5,2,0
b4d172cf-e811-44ca-b258-3aaf4d4ef63f,1,14,6,9,1,8,5,9,5
b4e25578-97cc-4d81-8920-fff7727647fd,1,9,6,7,3,13,5,9,1
b4fdad2a-42dd-485d-b813-21c135e20a2d,3,15,6,13,4,9,5,6,2
b521fabb-6637-46cd-9e4d-997bd691f223,1,20,4,22,6,12,8,9,4
b529f3a6-0f53-48bf-ad49-1d2c81464394,1,17,6,13,5,7,5,3,1
b52edf33-7619-45d4-87d5-92895031a316,1,10,4,9,6,14,7,5,2
b533f766-045a-479e-b3ba-b127ed2c86c8,3,8,6,2,0,10,5,12,6
b540b85a-1690-4f52-9032-e6d7fad556f6,1,8,6,5,2,8,5,3,1
b5442e2c-962f-4358-8c40-af10ff23be2f,1,11,6,11,5,10,2,12,6
b5525da0-4735-4abc-8d62-ce53678a02fc,1,19,5,21,6,17,5,18,6
b55cffb6-b7d2-4158-9921-663c142238f0,3,6,3,8,6,17,8,13,3
b55d9669-7024-4cae-b938-9553fa41a1e1,3,13,6,11,4,19,4,23,8
b56a1894-228f-4524-a980-6252508ce940,1,14,6,10,5,5,5,0,0
b56e5af6-0d9c-4864-98aa-ff592bce24cd,1,9,6,8,4,7,5,3,1
b58d2487-0514-4359-a688-0494f25b5a65,3,8,6,3,0,13,5,12,4
b594eeb5-93d2-4b84-b6e9-fb0d9fa83033,3,15,6,15,5,6,2,9,6
b5bbebc0-e8bd-4672-a307-0c491f4ca57c,1,14,6,15,4,11,5,10,4
b5d0c677-baed-4cc1-a514-16122a501229,3,10,6,9,5,9,5,6,2
b5e887fd-09a0-48f4-a770-0bf9a2a1496a,3,12,3,15,6,6,4,6,5
b5f1bde2-5943-47f6-801f-b145395ec534,3,10,6,4,0,14,6,18,10
b5f7846a-2882-4ba1-8c32-56f0b17dc0c7,3,8,6,5,2,10,5,11,7
b5f80958-662b-41ae-8c14-7939f042de9d,1,13,6,10,2,6,5,3,1
b60d4544-52a5-4fc9-a3f8-3edb3c7e6443,1,8,6,3,1,6,5,3,1
b6212e8f-d4c0-4619-be9f-850372d2bc76,3,5,2,8,6,17,9,12,2
b6224d78-3f13-482d-9ef1-9e15ad3d49e3,3,8,6,4,1,5,5,0,0
b62d6ce7-6c35-4263-a676-e4c22cab01b2,3,4,1,8,6,12,2,17,5
b62e55e9-8c45-46c5-867e-9269c2e98653,3,6,0,11,6,5,1,10,5
b6379542-e5b4-49f1-a2bf-f8903c1a9c02,1,10,6,7,2,8,5,2,0
b638fe7b-d279-4f86-9958-7ad97f7769db,3,9,4,10,6,2,0,7,5
b64cfc38-c47a-4103-9c2e-d54fbe6cd19c,1,4,1,9,6,17,9,13,6
b64db468-7f38-4dfe-a017-4947e237eff1,3,7,6,4,2,3,1,10,9
b65526ef-f2b5-4158-8790-26751dc04bbc,1,6,3,9,6,15,7,13,5
b664f467-20b2-4003-a4dc-895b7285204d,1,16,5,16,6,6,2,10,5
b669b204-770f-491c-9926-a9f14c8a35ed,3,13,6,8,1,8,5,8,4
b673bf2e-211c-47a5-bd11-1f6ee81a6f44,1,14,6,13,5,6,1,10,6
b678e848-9315-47aa-a572-21b8ae99da89,3,19,6,15,3,6,3,8,6
b67e964c-a8f8-4a85-88dc-7c5320935a18,3,10,6,9,4,9,5,6,2
b683e70a-26eb-4d39-93df-02473c84fce9,1,4,1,9,6,4,0,8,5
b6862fcd-b7ef-4e40-9f75-7e11b54d3a0f,3,12,2,16,6,18,10,13,4
b6895d63-c981-4441-a94a-9f2be1a20054,3,9,6,6,2,9,5,8,4
b68f8e2e-a9d5-4a60-acf6-36afedcce3f7,1,11,6,6,1,16,3,23,10
b6a3a3b3-7b63-433f-9d2c-ef0c017302b9,3,6,6,0,0,6,5,6,4
b6aa4af8-a0cf-4af9-bda0-e92372fa3487,3,14,4,16,6,14,4,16,5
b6b8db4e-07c4-4bda-95db-1853651d01cc,1,8,2,12,6,8,4,8,5
b6dda6d8-9f6c-47b4-a741-f024cfe4629c,3,14,6,12,4,8,5,6,2
b6df7f21-b733-42ea-b709-12beca4192f7,3,5,2,9,6,27,12,19,6
b6ef5a4b-3664-46cb-9911-233ca1926ef5,1,11,3,13,6,7,3,9,5
b730437b-ff6a-4227-8b35-3de79384d35d,3,8,6,2,0,8,5,7,3
b7316d39-b1bf-4320-8695-943a66f5ad64,1,12,6,10,3,7,5,2,0
b739fdf4-846a-4306-b2ac-a8bfb6b5e15a,1,13,6,11,4,11,2,16,7
b73f3d5a-7429-48cc-9375-344a38623e1a,1,3,0,8,6,0,0,6,5
b749ef2b-ed7f-470c-8983-97cf9f6ef9a5,3,8,6,7,5,9,2,13,6
b753a908-c318-47d9-88d8-498459eae34b,1,12,5,12,6,5,1,10,5
b7578b91-b7c9-4f56-a7db-e1b3dfbe1947,3,11,5,8,6,12,4,9,5
b7611cd7-29ff-4b88-92ec-e6ff39c6d4d6,3,9,6,5,1,16,5,16,6
b765c7d9-15ce-449e-aded-760ef0517dfe,3,3,0,8,6,5,1,11,5
b78a04cc-a61f-49ee-a618-c3aafdcfcf98,1,8,4,10,5,8,2,10,5
b7b0bfb0-edad-44f6-a30f-761097b52618,3,17,6,15,4,8,5,5,1
b7d379de-df18-46da-a513-1750d869cbf8,1,4,1,9,6,7,3,8,5
b7d540ee-7e69-4f06-929a-59fc6ede5c65,3,10,2,14,6,6,2,9,5
b7db1999-66ba-4045-baa7-8bfa1d310e5e,1,11,6,10,5,19,8,19,7
b7ea2049-c9ab-48d9-83f9-9bad84764a67,3,5,2,9,6,8,4,9,5
b7ea5b6a-443c-4615-a9e8-91274e6a658a,3,12,6,11,5,6,3,9,6
b7ead375-a4e6-49d0-9a0f-6526ab75e519,1,14,6,9,1,13,5,13,5
b7ecc0fb-eb44-4a96-b475-e3c16d077abb,1,7,3,10,6,7,3,8,5
b7ee659b-225d-41f2-94fe-2d6e3b3e2170,3,14,6,11,3,11,5,8,2
b7f570f1-4eb8-40be-9f7f-90372b6293c2,3,8,6,4,1,10,5,6,2
b834d300-08ca-4f8c-8abf-7ece88f5c131,3,8,6,5,2,5,5,0,0
b835ae36-3ccb-499b-a8de-7b2add3aa7da,1,9,2,15,6,11,3,13,4
b854953c-249b-46bc-b18d-74dbd6c94c58,1,10,2,14,6,10,4,10,5
b85f2aa9-3f35-4075-9423-03d6298b7817,3,13,6,11,4,6,5,2,0
b8716f4f-a3b3-47d9-a0d1-d3ede5e08f1a,3,9,6,5,1,8,5,3,1
b8817bec-91ff-4edc-85f5-2f45bb6abb5f,3,12,5,13,6,6,2,8,5
b89175fe-0031-46ec-ade6-60256a1bdcba,1,16,6,15,5,7,5,3,1
b8990484-cc7f-4ce2-9c53-a7c5ecd7849f,3,7,6,2,1,14,5,18,7
b8c398bc-2c60-48bc-875f-4038bc717254,1,7,6,2,0,7,5,3,1
b8cb7b48-6cba-4425-9a63-193606b0e0a3,1,5,1,9,6,17,10,10,2
b8cbeb09-3558-4c47-903f-0f3c8d344956,1,12,6,12,4,17,6,16,6
b8e2b694-e330-472f-8227-c6711119d331,3,13,6,12,5,8,5,5,1
b8e87eca-92fb-4ba3-9389-24b276ec36fe,3,0,0,6,6,8,6,6,5
b8ec3c70-94cd-41d2-a40b-f4f376dbe48f,1,11,5,11,6,10,6,8,2
b90d3c4b-08ca-4021-a622-086522cf687e,3,17,6,15,3,9,5,9,5
b9165bed-48a3-4db8-b2fb-8d8f147914ca,1,16,4,17,6,13,7,11,3
b9207271-9f4a-4af5-9cea-c522374fc92c,3,12,4,13,6,10,2,13,5
b9210b9e-ee65-4610-b992-9b44c9275555,3,11,6,9,3,9,5,7,3
b95dfb5b-d383-432f-b114-0ede722a9846,3,12,1,16,6,8,2,10,5
b969fd96-6052-409f-b652-183b6106447f,3,10,6,6,1,12,6,16,9
b9962785-5ee7-4578-baac-0c7d5232ae81,1,10,6,5,0,5,5,0,0
b9b04128-298d-4567-b299-9e072b2fffe7,1,7,2,10,6,10,5,6,2
b9ba167d-515f-472c-b4a5-7228462ea5e7,1,11,2,14,6,8,2,11,5
b9c37c48-b619-469c-bb22-a53040751f3b,3,14,2,16,6,25,11,19,5
b9c5a246-9ed1-4faa-b3d2-00fe232f4fe7,3,15,4,17,6,11,7,8,3
b9df4286-49c4-4f86-bfd6-bf9a2faa7c97,1,13,6,12,5,10,6,10,5
b9e0d4de-4c4c-4bc8-9b75-bb87645705b7,1,9,6,5,1,8,5,2,0
b9e29b75-e205-4d44-8478-76ff4c1fd94b,1,8,6,5,3,8,5,8,4
b9e8498e-ead7-4fa1-b6a3-4b0461c4918d,1,11,6,5,0,6,5,2,0
b9f3929f-84ed-4f18-a34d-d62247a522f0,3,20,6,19,4,12,5,8,2
ba0aaf7b-7ade-43bd-a671-1be79851af7e,1,11,6,9,4,17,5,21,10
ba1768fc-fdf9-4e98-a832-72c88826c612,3,8,6,3,0,14,5,10,2
ba295df4-4499-4c7a-8cd5-c6bc21eae02f,1,10,6,10,5,9,3,10,6
ba56e729-2d77-4b1d-8773-45a40bff3052,3,11,6,11,5,9,5,5,1
ba794920-4408-409f-9eea-e0b2dc30bc19,3,1,0,7,6,5,1,9,5
ba7acd98-8da7-4d25-86b7-832199b05fa2,1,7,1,12,6,9,2,10,5
ba816145-6df3-4ec7-a6fe-0c11cb625ddd,1,11,3,13,6,5,1,11,5
ba83c577-ea61-4e09-99f0-2511bd93ecb1,1,8,6,5,2,10,5,5,1
ba870198-d150-45e1-ba80-93a228eed070,3,9,6,4,1,7,5,4,2
ba870198-d150-45e1-ba80-93a228eed070,5,2,0,7,6,9,2,13,4
baa031f7-d9e9-4c19-b18d-1cd77e65e413,3,8,6,3,0,9,5,4,0
baa5af03-3946-46a8-a0da-819bc99e2269,3,14,6,12,3,8,5,4,2
baac5a23-75a4-4cd5-9b17-bb878ae895f0,1,8,4,10,6,6,2,9,5
bab09038-7c5c-4652-af63-85745812b7b0,3,13,6,12,4,6,2,9,7
bab806b6-e833-44c6-9956-3edf17470688,3,15,6,10,0,12,5,11,5
babdc3f4-e867-4a17-a71c-2f34f8d69807,1,8,1,12,6,9,3,12,5
bac2573e-2c8a-41f6-b4c9-c84f50cdb0b1,3,13,6,13,5,14,4,16,7
bad3e780-2369-423c-b75b-429c8abf005e,1,8,3,10,6,6,0,11,5
baff05cd-e7e7-46c4-9517-09f12d09df9f,3,12,6,9,2,14,5,10,2
bb077f68-cee5-4232-8564-0dfef3bae11b,3,10,6,4,0,8,5,5,1
bb0d36ac-b0c0-45ac-ae02-4cbac9ec6f78,1,21,6,20,5,16,3,19,6
bb16aece-6879-4b3e-86f8-59604977b51c,1,9,6,2,0,9,5,4,0
bb1e03cf-9afb-4956-87cd-d977c58c78ea,1,12,4,14,6,14,7,10,3
bb29d91c-dfd5-4d14-83de-161873fc3030,1,10,4,12,6,5,1,10,5
bb35772b-dd21-4a0d-9159-e25fdf98a096,3,10,6,6,2,12,3,17,9
bb3e24a8-be7e-45c3-a17b-04cb5269bade,3,8,2,12,6,7,3,9,5
bb4a797f-d105-4aff-a568-64b4668426f6,1,3,0,9,6,20,11,12,3
bb4b7abd-4c84-4a8c-bbc0-cd0deaf5f765,3,10,6,9,4,10,5,5,1
bb790b48-4da3-40fd-9792-e134017109d2,1,7,6,1,0,9,5,5,1
bb82c29e-546f-4758-8ded-557322f76e80,3,8,6,2,0,10,5,8,2
bb8345ca-0874-4a06-85b1-f0d5043d35dd,3,10,6,5,1,12,5,16,8
bb99b491-0aa5-43cf-83ba-c22345318cd2,3,8,6,4,1,14,5,8,0
bb9edddd-765b-49e9-bdd6-ca2cc9f8f942,3,12,4,13,6,14,7,11,3
bbb27b6a-e1b9-4155-8118-1cbe04b34fa2,1,18,6,14,3,14,5,12,2
bbbc576f-51c1-426f-8770-e5577a8a73c5,3,13,6,10,3,8,5,7,3
bbc17d1e-e48d-4c81-a9a7-20f13bf6516b,3,4,1,8,6,8,2,11,5
bbfe8eff-db1f-4d24-96be-ce8627439784,1,10,6,6,2,9,5,6,2
bc192da2-01fb-4d2e-8b2a-8359c7ef6a99,3,9,6,7,3,9,3,12,8
bc1eb0bb-f2fc-4e6e-8fda-b59b20e8bb08,3,8,6,2,0,6,5,2,0
bc3b9b86-961c-4d6b-b32d-c275f21be783,3,9,6,4,1,7,5,2,0
bc3dfc9f-2acb-4ff9-a5da-81c6044cc98e,1,10,6,8,4,9,5,9,5
bc433b44-7819-48df-acd9-a32b711d48f7,3,9,6,7,3,10,5,5,1
bc4aaaf9-b7b3-4dac-9143-338ff0eec065,3,12,3,15,6,5,1,8,5
bc4e423f-1e20-4733-b1e7-2618dbbe100f,3,8,6,5,2,8,5,5,3
bc4eb1a4-543e-4c49-8ed1-5162c59b61f2,3,12,6,13,5,12,3,13,6
bc572ef7-b5a4-4741-a265-1b7523d47854,3,10,6,6,1,7,5,4,2
bc6290be-a471-4272-8620-3fa44f44b303,1,12,3,15,6,9,3,11,5
bc6fe9ee-a2f8-4c8d-94cc-a2acbd6b1f76,1,4,2,7,6,13,7,12,5
bc92c3f0-0c1c-4fe9-b056-cd2cc3110056,3,11,6,8,2,9,3,14,9
bc990327-a4f4-4a33-8dcf-05ac493a46d1,1,9,6,5,1,13,5,8,0
bc9bea84-e649-4ba6-bdb1-1de3e3ffa19e,1,12,6,10,3,6,5,0,0
bca54d12-b561-4fe2-a9ba-026bf19cd19d,3,8,6,1,0,9,5,5,1
bca940d4-bce9-4e5f-a601-9830136ae7b5,3,8,6,3,0,10,5,7,3
bcbe4ab6-aa17-4164-a9c9-d8a9139f2a5f,1,10,2,14,6,11,5,10,5
bcc67394-47c9-4915-bffe-5443a108bafb,1,12,6,10,3,11,3,16,8
bcfae7eb-c69e-4812-9dfd-da8c6a6f6554,3,6,6,1,0,8,5,5,3
bd0af00f-c09d-47ab-919e-49b56028e3b7,3,10,3,13,6,5,1,9,5
bd0e33d5-02b5-4b67-bc79-0f05bd0786e2,3,6,3,9,6,5,1,8,5
bd10b0e5-0ad0-49ad-901c-303fd4603422,3,10,6,8,3,10,4,13,9
bd169976-4aea-48cd-8b7d-fcbd55e717fb,3,15,6,13,3,9,5,5,1
bd1e6d0f-040f-4084-9aef-fd13d6921eb3,3,5,2,8,6,11,3,14,5
bd2308ad-026f-427a-b484-44960d25bde8,3,7,1,11,6,33,11,29,8
bd3df9c1-be53-43bf-9683-380a7388cf28,1,16,5,17,6,13,6,10,3
bd503489-269e-4052-98c7-0bf2da1ab47a,3,15,3,17,6,9,3,11,5
bd597d56-b4c5-4afd-a6a9-c3bc11a4188a,3,11,6,8,2,7,5,0,0
bd6936df-f19e-4083-b393-34f186d97028,3,11,6,6,1,8,5,7,3
bd6ea047-5afb-44cb-be5a-a5c7e17a533c,3,6,1,11,6,7,4,6,5
bd6fe018-38e8-4cc1-8d75-5fa6d48aeffb,3,10,3,13,6,0,0,5,5
bd7af1a2-0122-41bd-b832-75745d13e7bd,3,10,6,9,4,12,5,10,4
bd8984bb-3576-4c93-9590-28cb4cdc22f5,1,15,5,15,6,2,0,8,5
bd934617-746a-491b-a014-e0dfd9026597,3,8,6,4,1,18,5,18,5
bd942b45-a346-4737-8d5b-40874d20ed30,1,11,3,13,6,5,1,10,5
bdb465ba-a0ce-4001-80f5-2d3281e6a5dd,3,10,6,7,2,8,0,5,0
bdbbf3fa-89f2-4587-b71a-a74d41d7e3f1,1,10,6,4,0,9,5,5,1
bdc62bce-88aa-4ee5-ace0-7ec0be985232,1,13,6,12,4,10,5,6,2
bdc94f61-01d4-4fa1-b4de-8e0138ea2a51,1,6,2,9,6,12,6,12,5
bdcb6861-2674-473d-9151-903e383e8201,1,9,2,13,6,12,6,10,5
bdd9edf6-2beb-4a8d-9fd0-152caae7348a,1,9,1,13,6,13,5,14,5
bde3cae4-1457-4995-8732-de7d2a48e0a4,3,15,6,11,1,6,2,4,0
bde4ca77-878e-4427-835e-0a89f8f7117a,3,15,4,16,6,7,1,12,5
bde5bd6c-666b-4e27-9dc1-623ac50aaf1e,1,8,6,3,0,8,5,3,1
be008247-f571-42a6-9e06-344dbf4162fd,3,14,5,15,6,9,5,9,6
be0772e4-c064-4cf4-b450-e1fa19d50eaf,3,9,6,6,2,9,5,8,4
be0c4e29-15b4-4ace-b00e-7c29560e6885,3,12,6,10,4,9,5,5,1
be0e1512-ab84-4800-bc17-232a9e56c9f6,3,14,6,14,5,13,5,10,1
be139a5c-c8f5-4701-b8d7-cd72942da203,3,10,6,6,1,8,5,5,3
be184525-c782-4832-b88f-31c907362e6e,3,12,4,13,6,22,8,22,8
be31ae4c-bacd-4293-8b0b-6b87d1a42a42,3,14,4,16,6,9,3,11,5
be3e1e32-c294-448b-99a6-5e6727aeb030,3,12,5,12,6,13,7,14,8
be4b4e74-a060-4b27-8fe1-52fa94ea286e,3,12,6,7,1,11,5,10,4
be5a4510-e79f-4599-a353-78384b677169,3,10,4,12,6,11,3,12,5
be5d84ea-297f-41b4-b19c-34ed29ac723e,1,12,6,8,2,6,5,5,3
be66ccbf-d0ab-4296-8f25-522070ffe492,3,12,6,8,2,9,4,15,10
be66d7a8-adef-4730-87bc-d9220b16eb37,1,13,6,13,5,15,5,12,2
be769704-dd45-47a5-9fa5-4e4039190502,1,3,0,8,6,4,0,9,5
be87cca2-c51b-48cc-815b-677f24be2611,3,6,2,10,6,5,1,8,5
be97c343-b274-4e94-af07-f5bf362f40ad,1,10,2,14,6,13,5,13,5
be9ec823-97c9-46c9-a984-021d915e1302,1,12,6,6,1,7,5,4,2
be9f6cf8-c243-4436-88d4-32fe0e96b9ad,3,11,6,11,5,6,5,0,0
beb19002-829c-4d1f-96e7-35f6dcb820d7,1,9,4,11,6,4,2,6,5
bebf3479-b8cd-4b06-b722-b95ff36395f7,1,8,3,10,6,3,1,8,5
bed6c084-4a3b-405b-a27d-f3596a67e3c2,3,11,4,13,6,14,7,9,2
bee0f0e2-c4a2-4bf5-9560-c84c3987b6c6,1,7,3,10,6,8,2,11,5
bee75f7d-9b60-4335-b364-f871b60edd55,3,11,6,9,4,13,5,13,5
beeab418-041b-4644-92c0-3dc320444ee1,1,18,6,15,3,10,5,8,2
bef0b997-fd94-458d-a25c-590d7f4b6be6,1,12,6,9,3,10,5,8,4
bef48c43-d51c-4b81-931b-07193e842f2f,1,14,4,16,6,11,7,8,3
bf04cf24-eb3f-4891-a3f2-ce3cec8c8677,1,8,1,13,6,16,10,9,2
bf080063-1675-4f7a-bf5a-82685a0f0ba3,3,9,6,4,1,9,5,9,5
bf2af24b-5743-4366-a34e-2f5029ff8bca,1,14,6,9,1,13,5,9,1
bf79d6c9-0c98-4622-bfcd-5d861933618b,3,7,4,8,6,7,1,12,5
bf7d26cc-200a-4773-af7a-d7080fb99d06,3,16,6,15,5,9,5,5,1
bf96e06f-aa70-43ba-8def-b88afe349c27,3,9,6,4,0,11,5,12,5
bfa2e286-2736-4cee-b443-5b7c358048eb,1,13,6,11,4,13,5,9,1
bfae9538-d2d0-4989-add8-dfa8ad274114,1,13,6,11,4,9,5,7,3
bfafd8e8-c137-40e6-8022-2f333499ea03,3,11,6,7,1,8,5,2,0
bfb9b6aa-2309-4b5c-9f11-d24a56bcd6a7,1,4,0,9,6,9,1,14,5
bfc65eed-9b69-44a0-ad43-25c2409b97db,3,10,6,8,4,7,5,4,2
bfd8721e-b442-48a4-8b3d-fd1a60db19a5,1,5,3,8,6,16,8,15,7
bfe308d6-438f-4c26-8ab9-902cdeb9d590,3,5,1,10,6,20,10,14,3
bff0592e-579a-4d00-a5bc-945753bf32ef,1,8,6,2,0,6,5,4,2
c0075be0-f63f-4046-af1f-eca37ddc7367,1,6,6,0,0,10,5,9,3
c0080891-eba0-44cb-be73-9b4043852040,1,10,3,12,6,6,2,8,5
c02ae937-e845-4c53-b0f5-6c52f4885df2,3,7,6,2,0,7,5,2,0
c02bc141-d509-4f4d-ad13-27e4703b67f6,1,10,4,12,6,2,0,7,5
c02fa5db-48a5-4a0e-9314-37653571fcd8,1,16,6,15,4,8,4,11,8
c04f9a3c-339b-422e-a0ae-f1e6b2c35049,3,15,6,12,3,16,5,7,3
c054f611-b979-4741-92ef-af190c6ba626,1,7,1,12,6,7,3,8,5
c0615c0e-e8e9-4e55-8a62-4044ae0ab39f,3,11,3,13,6,3,1,7,5
c072d6ba-e604-4d9d-91f4-510c43441b37,3,12,6,7,1,13,5,14,6
c0835374-d24f-4040-863a-6442ac238060,1,10,6,8,4,7,5,2,0
c086e829-32b8-4d99-a138-72292db63535,1,5,0,11,6,14,6,13,5
c090a93f-7e2a-4ec3-b6c7-f117284f4b1d,3,8,3,10,6,10,3,11,5
c09ca2c9-4ad5-41ca-9b1b-32946d99e076,3,11,6,9,3,8,5,4,2
c0ae8a12-ddfc-486f-ab2d-c117da4182e3,1,9,6,4,1,12,5,12,4
c0b0b167-8bd7-42a3-91bb-455b9fde5c5a,1,5,1,10,6,7,1,10,5
c0c34328-643f-412d-bffb-1a8f557ac701,3,9,4,10,6,8,7,2,0
c0db0e63-61c9-4dde-a161-b87707cce984,3,5,3,9,6,3,1,7,5
c0dd8509-1ca8-4324-817f-2c30191e7b32,3,16,5,17,6,8,6,4,1
c0fe7286-0fd2-432d-b194-21749858face,1,4,2,8,6,13,7,10,5
c1062571-07fa-4239-96ad-a06b25ceb190,1,19,6,17,4,13,4,8,0
c10b8762-51cb-482b-bfab-d6052d2d5459,3,8,6,3,0,9,5,6,2
c11ce80e-519e-4c51-817d-c2cb7955410a,3,11,3,14,6,11,3,13,5
c14144a5-0ae3-4444-92d4-1559131c2a10,3,9,6,6,3,7,5,2,0
c153838a-d474-4144-9fbe-87c731dfd500,3,10,6,6,2,5,5,0,0
c1573023-96ee-4cb4-954d-ca5038761908,3,6,6,1,0,12,5,9,3
c15bfb36-0448-48f0-b48e-e4852fe40ea1,3,10,5,11,6,19,6,15,2
c15d2d0b-b0b3-4772-810c-2d2a76627c15,3,9,6,7,4,18,5,22,9
c15d36d1-d45e-4399-b946-1aeff5c2daa7,3,4,2,8,6,13,5,13,5
c15f512d-ee38-43d8-9af9-a5479b77f932,3,5,1,10,6,20,10,13,4
c1629fab-4a15-4c0a-91b7-7f9b334540fb,3,8,4,10,6,20,6,16,2
c16e1398-bdef-435e-be9f-09cee4df9394,1,8,1,13,6,9,3,10,5
c19a8d45-0518-4b7d-be9a-89f4c0a8e896,3,8,6,2,0,13,3,20,11
c19bc2db-1fc5-49e8-9cc0-877613a78fcf,3,9,6,6,2,7,5,3,1
c1aacd0d-7452-4e51-b6aa-44ff11ae23b9,3,13,6,8,1,11,5,11,5
c1ab9850-8519-4dbc-9a18-f4b2aa4e7ccb,3,9,6,5,2,10,5,9,3
c1b31fbc-93ff-4c82-80bc-8b26a003fe86,3,5,3,8,6,4,2,7,5
c1bb9d84-23f7-41d5-9973-febf19a662c0,1,10,6,7,3,6,3,10,8
c1c3440b-d3eb-4744-9df9-058b2ff723ce,3,11,6,10,4,11,3,13,7
c1c50d99-25c5-4208-a957-c8e6374e8261,1,13,6,11,4,8,3,12,7
c1d05049-dd8e-4d8b-aca7-520fb8b0ef5a,3,7,3,10,6,7,3,9,5
c22d11e9-8881-4dd7-b8d4-6e644ddcf779,3,10,6,6,2,14,3,19,9
c2404806-375e-4e89-a54e-ca8d09ac40b5,1,11,5,10,5,9,5,6,2
c247d3b3-87b5-4cc0-985d-6121ad2812de,3,7,6,2,0,13,5,14,5
c259ae25-27eb-486b-b81f-c53edb82d9c6,3,9,6,5,2,8,5,6,2
c28f3278-7746-46af-a1a4-384d9a16ac9e,1,7,2,10,6,6,2,10,5
c296865f-32ff-430f-9ab0-3acc38ef2698,3,12,6,7,1,10,5,10,4
c2a894ea-f4a5-4ff2-a369-646af0b3ea3d,1,4,1,9,6,16,6,14,5
c2ac16e2-528f-4ed9-a26c-96dd33f76ee7,1,18,5,7,0,3,2,1,0
c2ac4faf-9e03-4a2b-a309-23412850d346,3,10,4,11,6,20,10,19,6
c2b057a4-5a3f-45f1-9979-a0dcdbdbcb3f,1,9,6,5,1,12,5,9,3
c2d7a17a-5540-435d-9191-b74ddd624ca7,3,17,6,16,5,15,5,14,4
c2da2fa0-09eb-4968-8668-f8e4688c840a,1,11,6,6,1,12,5,11,3
c2e94602-28d8-4dcc-9430-105cb35dab4d,3,7,6,3,2,12,5,12,4
c2ea236f-b97c-484a-90bc-97d3fa17485e,1,8,6,6,3,12,5,9,2
c2ff2e93-d188-43de-aa6c-0df7aa672330,1,12,6,10,4,13,4,17,8
c30e0b23-2d70-4407-9b30-6b8bc4f6825b,3,4,2,8,6,2,0,6,5
c3172581-0802-4223-b758-e7b27bde4831,1,14,4,15,6,14,6,15,6
c322272a-07fe-478c-a3d6-38f6626fd4ae,1,8,1,13,6,6,0,11,5
c331e2b0-45aa-4ace-9069-134deb7e7d88,3,10,6,4,0,9,5,10,6
c335ead6-64ad-48b4-9371-0571d4cd67f8,3,7,2,11,6,7,3,8,5
c3414d0d-27cc-41cc-92db-47cf32db4656,3,12,6,8,2,14,5,17,7
c34c858e-0138-443c-a412-5cebb549e08d,3,7,2,10,6,6,2,10,5
c34cb64d-1eca-43fb-b528-089e15d12d99,3,9,6,3,0,17,5,19,7
c35624f4-ec00-4339-ac17-454ae44b5e88,1,9,6,4,1,9,5,7,3
c35742b4-397d-4a2c-9beb-d32a5352ccf9,1,13,4,15,6,19,3,20,5
c363a2c9-6b6c-4bfa-8368-db1dc5d3996d,1,7,6,4,3,13,5,11,3
c3681617-df89-4f28-8650-a97575de0ea2,1,9,6,5,2,10,5,8,2
c378edfc-cc29-4895-a023-3fe9c9bbd647,1,12,6,9,3,17,7,18,8
c37f0ed8-e178-4cbd-82e7-b4ed55322383,3,1,0,6,6,13,7,11,5
c3830fa9-39aa-4dd3-b4d4-d20b405994ae,3,12,5,13,6,12,7,9,4
c3856e39-45ca-441a-b584-93224f1cc2a5,3,12,6,10,4,7,5,2,0
c38c917f-fb46-4e92-bf26-c5ad520679db,3,10,6,8,4,10,5,11,5
c3968877-fa00-45a0-b704-ce96ba56a752,1,14,6,13,4,9,5,8,4
c3ae3cda-140b-4743-840e-ef4ca6a4086c,3,10,6,5,1,8,5,7,3
c3b7cf63-cc3d-491f-aa3d-6c968204cff6,1,12,6,9,2,14,4,19,10
c3ca98f4-39fc-408a-a024-86e5f825c65f,3,9,6,3,0,13,5,17,9
c3d7a80a-9136-4e33-ad29-277c843e7f5c,3,10,3,12,6,3,1,8,5
c3db8caf-a4ed-4352-a744-21b4755eb07c,3,14,4,16,6,23,9,20,5
c3dbbe11-7d81-4b44-b0a9-14c0872ca45d,3,4,0,9,6,28,12,20,4
c3e1cfba-353a-4a01-a999-6519d3c59e20,3,11,6,10,5,17,7,18,6
c3e897da-6ba4-4043-8e80-b8a1d907dfed,1,12,6,7,4,13,5,9,4
c3e98f02-4952-4202-885f-50ce76b4ee38,3,12,6,8,1,21,5,27,12
c3f05986-e25b-4a08-a024-f27614022b03,1,4,1,8,6,11,2,15,5
c4039728-64e0-4b94-859c-b9001931826a,1,11,6,9,4,18,7,19,7
c40dcf06-6a6c-4433-b9e3-90e31e243a29,3,8,6,5,2,16,5,13,3
c459248f-b62c-4bca-b393-add3824aa1e2,1,12,6,9,3,23,7,26,11
c4996b67-87e4-4924-b7b1-e25ea2797439,3,10,6,5,1,8,5,6,2
c49d6e4b-3fb5-4c08-93b7-8749dc67e678,1,12,6,9,3,6,5,3,1
c4cca2da-6b9a-4e8e-9d41-f00dc45a0dfc,1,10,6,10,5,15,5,14,4
c4d451c4-1422-4761-9068-00c9837f5466,3,12,6,8,2,6,2,3,0
c4eb30d0-cfc5-490a-8d23-57ef7072730e,3,12,5,12,6,3,1,8,5
c4f3c5e4-bb3d-43dc-9a29-493ef692c4e7,3,10,5,12,6,14,5,15,6
c4f53d7b-2321-43e0-be11-cbeeff5c4b67,1,8,6,2,0,10,5,8,1
c53a7a19-a8fe-4264-9a98-7c922883e8d2,1,1,0,7,6,2,0,6,5
c53b24f3-1641-42f2-8512-e906379521fe,1,8,6,3,0,8,5,4,2
c5535a8e-1640-4556-8d5e-654304fbf82d,1,8,2,11,6,9,1,13,5
c557649a-ad77-4c33-a84e-e2e5a8e2620c,3,13,6,11,4,13,4,16,8
c5584bd6-f17d-4c67-9497-c92885b7c17b,3,9,6,3,0,11,5,8,2
c55cb32d-cc3c-451b-9d2b-2afb46e810a9,3,9,0,15,6,21,12,13,4
c57ebd9f-88f7-4201-904c-2e2cc64c57bd,3,11,4,13,6,15,9,12,5
c5868dd0-34c3-4676-bd60-d2986e708f2e,3,9,2,12,6,9,1,14,5
c5a4ab6f-67cc-484e-815c-49d61c143456,1,10,6,9,4,12,5,11,3
c5d114d2-0311-47ea-89c3-218f2eb94c08,3,12,6,9,3,7,5,7,5
c5d7a8db-83dd-434d-adfa-cfcbf2bc0187,3,4,1,9,6,19,10,12,3
c5d85658-17d1-488b-8853-f7ccf71b113c,3,6,2,10,6,6,2,9,5
c5f3d28c-e89c-471c-9915-2f4400ab2ea5,1,12,2,15,6,11,3,14,5
c5f4c736-4891-4db2-8083-7b89f524bfff,1,7,2,11,6,24,6,18,6
c5f94899-31a9-4935-9de7-b9e86538ccfe,1,14,6,10,1,10,5,6,2
c5fbd05a-9889-47bb-b3e3-5b3af99c7e1f,3,14,6,12,4,10,5,8,2
c5fee7ba-4aab-43a6-bd65-10b949fb623e,3,9,6,4,0,16,5,13,3
c612188f-a347-4943-a5d4-76f0114bd98b,3,13,6,11,3,9,5,6,2
c6131990-1239-4092-ba5f-3dc938d86d98,1,16,6,14,4,6,1,11,7
c6150192-c532-4041-bf83-a5cc3eed12de,3,5,2,9,6,28,6,24,5
c61f10e4-aebc-4df4-86e5-e18cfe95fa33,3,12,6,11,4,12,2,16,7
c6211673-67f4-46ad-9862-2bbd2e4d38de,3,8,6,5,1,6,3,2,0
c627ad9b-64fa-4880-b844-832da1136d58,3,4,2,2,0,0,0,0,0
c627d330-4e9d-4626-8c93-e711689fccbf,3,9,6,6,3,16,2,15,0
c633c198-8906-4d6f-9047-800b74c32a8e,1,6,3,8,6,5,0,9,5
c65a12eb-6b7e-4a60-843a-5d3e778e1790,3,7,3,9,6,10,4,11,5
c66047ef-f906-4257-a5d7-040c8ae63459,1,11,6,6,1,11,5,13,7
c6619174-6454-4b06-a613-e860ab4a3b39,3,11,6,8,2,7,5,2,0
c6666981-1a8e-4902-8048-2a816a121312,1,10,3,12,6,2,0,8,5
c6706d68-7936-4c44-bd4b-f31f30700dc0,3,8,6,4,1,10,5,6,2
c6858c52-d81e-4cfa-9daa-19a9d6f2cea9,1,11,1,16,6,19,9,12,3
c6948288-0fc7-4c7e-979b-f8e2f73066f9,1,7,2,10,5,2,0,7,5
c69e75ae-b93d-499b-8127-86da2020e66f,1,6,1,11,6,7,1,10,5
c6a0976d-450a-4368-bdcd-1aa4a89330f8,1,11,4,12,6,0,0,6,5
c6a7224e-48ed-4e71-9fb6-bf92d90b10d4,3,19,6,19,5,7,1,10,6
c6bc2b0f-bee6-40d1-8107-8d3ffa2c073b,1,8,5,9,5,10,6,7,2
c6c3bda4-22e4-4056-9ab6-d285270b367d,3,4,3,1,0,9,8,2,0
c6cc2f4d-2182-4eb1-afa7-7ca20cf1ee90,3,11,6,7,2,5,5,0,0
c6f1c8b7-f618-490e-9269-eb201a8d6e1d,3,2,1,7,6,0,0,5,5
c6f33a32-c4b5-4efd-ba02-486f0326ebe8,3,10,6,4,0,12,5,8,2
c70058f6-46ef-4322-9801-f2547fdddf38,1,15,4,17,6,9,3,11,5
c70c5045-7363-4bb2-9a78-3ebafc87ca94,1,14,6,12,3,14,5,10,2
c70ce832-4cd0-4c41-8736-0f4eb853de2a,1,13,6,8,1,19,8,23,11
c7394f40-281f-4282-9190-aab7e76774ee,3,12,6,8,1,10,5,14,8
c73d2879-e96e-48b1-9f59-b9b5f3167217,3,6,6,0,0,10,5,6,0
c760d5f4-1d74-4516-821c-55e0ca88f48a,3,10,6,6,1,8,5,3,1
c760e76c-1203-4476-9060-7e61ff591145,3,13,6,12,5,9,2,13,6
c767287b-a6c9-41ac-8667-d37c7974af72,3,9,6,6,3,8,5,6,1
c78ef0bd-a182-4b2f-91b1-127f38f852c3,1,12,6,11,5,11,3,13,6
c7a2a3d2-a81a-4f64-ae6f-276b4697b8b6,3,9,6,4,1,7,5,2,0
c7a33821-558a-4b65-8634-4aabf27bc555,1,4,1,9,6,12,2,15,5
c7b3a756-87ce-49d9-ab0b-78d8df15db5d,1,12,6,9,3,10,5,7,1
c7ce73d9-f295-4370-921b-9bafdfa67d9d,3,9,3,10,6,4,0,7,2
c7d183a4-b33a-4a4b-bf88-9a5fde479350,3,7,6,5,3,12,4,16,9
c7d824f7-8de6-4765-bdfc-227463a651f2,3,12,6,9,2,12,2,17,9
c7e08325-c82f-44d7-8845-fd887fc78305,3,6,6,0,0,6,5,3,1
c7e5d7d0-0551-4a3e-9064-714c66b9ba4e,3,3,1,7,6,11,5,12,5
c7fb7fc9-db52-4ae3-9a20-520a52fa8204,3,7,2,11,6,22,9,13,2
c801268c-7b26-4abe-9a73-6efeedd5db9c,1,11,6,8,3,8,4,8,4
c802257f-124c-45a8-86dd-c11121d090ad,3,5,1,8,6,6,2,8,5
c804b013-642f-4903-ae36-2994f82de162,3,8,4,10,6,10,7,4,1
c80ab79a-7a6b-4d71-9e69-e72169adfe8a,3,12,6,12,5,6,5,0,0
c83ab9f6-52f7-4040-a7dc-7ec9813aa9dd,3,12,6,8,1,6,5,0,0
c842e720-4427-49a7-92d3-3e550b534f07,1,9,5,9,6,9,5,11,6
c8490d1d-8d1b-42eb-bcff-e2e3c424328f,3,8,6,4,2,19,6,24,12
c856ec17-7896-463b-89f2-51eff30d853a,3,9,6,4,1,9,6,7,3
c85b16e5-2cce-45da-870c-6765efb4025d,3,16,6,14,3,8,5,4,1
c877c1a2-2c46-473e-8ed5-33d38ac3ebe4,3,15,6,15,5,14,5,11,3
c87a3876-cc82-47b4-ba0f-4d44d616b013,1,13,6,8,1,11,5,10,4
c87fad59-cede-4e05-ba3e-537556c282f4,3,9,6,6,2,10,4,11,5
c8afeacc-1145-4684-b36e-ed4535069910,3,6,3,9,5,13,5,14,5
c8b579f4-0cf9-4f9c-8d2d-6d2059798c14,3,10,4,12,6,13,7,10,3
c8c2716d-6f56-401c-8ec3-80b49b1c6a4f,1,6,0,10,5,4,0,12,7
c8c72ef8-e013-434a-8ba0-9aba17e48bcf,3,13,6,10,3,7,5,6,4
c8ce4233-cd01-4ba4-9f2f-ef9b6cb94c26,3,13,6,11,4,8,5,4,0
c8d39cd6-4c71-4f7b-9840-24cfcb318272,1,4,0,10,6,3,1,7,5
c8dda32b-6fda-4cfd-bf1f-c5f52923c385,3,10,6,3,0,7,5,2,0
c8e058fd-7fc8-439d-a9ee-ec5879c90754,3,9,6,7,3,5,5,0,0
c8ec59af-12be-4ba2-9040-dc6f59b1d866,3,5,3,7,6,10,4,11,5
c902f8aa-3575-4d1e-802d-deff4d0f54b4,1,13,2,17,6,15,5,15,5
c90dad78-8fa2-4eb8-b3ea-159162f6f588,3,4,2,8,6,7,3,9,5
c90dc2e9-7c23-4a5a-b22d-a74a8d8be86c,1,8,6,4,1,12,5,8,2
c927c6d0-259e-4b58-8078-fb10e3e2ba26,1,9,3,12,6,17,6,14,5
c92de3ae-0c0d-4123-ac45-19ae6eab420e,3,7,6,1,0,5,0,16,11
c949e85e-3214-4f49-89d8-8bed0f13394b,3,10,6,5,1,8,5,5,1
c954ff41-826b-42df-b89c-549ea2560443,3,12,4,14,6,6,2,8,5
c95e2dd6-d0ba-4fb3-9ef2-a87b7782b510,1,12,6,11,4,9,5,6,2
c9762bf0-2254-45bf-9a77-bd2d429fc6e0,1,10,6,6,1,16,5,15,5
c97993ee-7846-46b7-9550-41eaab978ff2,3,6,2,9,6,0,0,7,5
c98aca77-9d62-4798-a172-ab472c17ceff,3,8,3,13,6,19,10,14,5
c99ea410-b1c9-4e76-bee2-9a5305d0e7b7,1,11,5,11,6,6,2,10,5
c9aa28be-ea51-4c0d-85a1-af5428df5fc3,1,12,6,9,2,7,5,4,2
c9bd6604-0793-4a0d-b0cf-440db55ec9d1,3,6,2,11,6,23,5,22,5
c9c444a2-0fe8-4daa-9aef-24b057afeb7e,3,12,5,13,6,10,6,6,1
c9d8b7c0-b0cd-4d53-ae96-8995b7b72219,3,7,3,9,6,21,8,17,3
c9da195b-ba4d-4258-8969-6d4bd93d07f1,1,6,3,8,6,16,4,18,5
c9dc4bc0-0ab7-4f33-bc3d-f4c260fc66d4,3,16,5,17,6,13,6,10,3
c9e70d0a-9b5e-497b-9a33-7576629be7a5,3,10,6,7,2,13,5,15,7
c9ec2872-df3c-4913-bb79-8c21f597033b,3,9,6,4,0,10,5,6,2
c9ec71bc-77a7-4246-9461-8794816176fe,1,6,6,1,0,7,5,3,1
c9f21600-d176-4a7d-ad6c-59c4eadf5388,3,12,6,6,0,12,5,13,5
c9f6fc22-090b-455a-a474-81d607ddc767,3,9,6,4,0,11,5,15,9
c9f9fb80-a4ea-420a-a93d-878fd0cff74b,3,6,3,9,6,2,0,7,5
ca0cecdd-9471-46a5-a0cb-3c8a781a483a,3,15,6,12,2,10,5,6,2
ca0dc686-7a48-4e64-9471-de7036e36efd,1,12,6,11,4,17,5,14,4
ca1292b8-9a48-4c50-b45f-e61974368d89,3,6,3,9,6,11,3,13,5
ca1d6d83-e441-4981-9985-8a9bd206f77d,3,15,6,15,5,9,5,4,0
ca2b65d5-26e1-44ef-875a-3ae18bae85af,3,8,1,13,6,19,10,12,3
ca465a82-9d42-4e3c-b62f-107c8e35190d,3,10,1,15,6,6,2,8,5
ca5647ec-542c-45fe-a49f-ee6174771161,3,9,6,4,0,12,2,14,5
ca5ea04d-569a-4368-a117-b74a68e3b30e,1,7,1,11,6,8,4,10,5
ca68ac69-3252-4936-9145-cb26b6c783fe,3,10,5,10,6,5,3,8,5
ca6e85ff-ea50-4b70-918f-311005f9c2f6,3,15,6,13,3,11,5,10,4
ca8ec54e-431b-450e-8958-c63695481df6,1,17,6,12,0,9,5,8,4
cac854ab-dfe4-49aa-bef8-8527f23fae8f,3,16,5,16,6,16,6,17,7
cacc28f4-5d83-4505-95c0-7213fa1f6543,1,7,2,10,6,13,5,12,5
cad257ec-f82f-4e9f-b706-ba1233255d5f,3,19,6,20,5,8,5,2,0
cafb790e-9b59-4a0f-b63e-f29c746880f3,3,12,6,11,4,8,5,3,1
cb065cd4-8471-474d-befd-3c110d311a9a,3,7,3,10,6,20,8,15,2
cb08aec0-cb9d-4e42-b237-a1c92bd878dc,3,11,4,13,6,5,1,9,5
cb2d4c34-d51b-491e-9b7f-836c7bc3e5e2,3,9,1,13,6,8,2,12,5
cb320cc5-8857-41ec-a082-1d1cb90c7d8b,1,9,4,11,6,9,3,10,5
cb48f50f-c408-413e-9326-7293cd3306ba,3,12,6,8,2,11,5,13,7
cb68567a-824e-41f3-b69a-67c6bbe97ff6,3,15,3,17,6,6,2,9,5
cb6e188f-5308-4960-80bf-d54b3394032a,3,2,0,8,6,8,4,9,5
cb6e9fc1-8cd3-4b87-bae5-6fdf965ab252,3,10,6,6,1,10,5,5,1
cb70b5ca-6982-4193-87c0-4c5a45064498,3,12,6,9,3,7,5,2,0
cb79b682-ac0f-4d80-928b-11dd25e1b280,3,14,4,17,6,0,0,5,5
cb7b5fe2-c0f0-438a-973a-bf09d042576b,1,8,6,3,1,9,5,7,3
cb820e05-dd67-4cce-b4ce-96c54f00c604,3,11,6,8,3,9,5,4,0
cb84c0e3-c6ce-4f82-871e-34427b44a73b,1,14,3,17,6,13,8,6,1
cb956093-ed83-4892-8c67-6c5838108383,1,12,6,7,1,9,5,5,1
cba347e1-3515-4acc-82e6-d46062931f36,3,10,2,13,6,8,3,7,1
cbb9d59c-615f-4e62-972f-411e6db477fa,1,10,6,4,0,10,5,6,0
cbcfb2d5-3975-411f-811b-90dc5a152ebe,1,10,6,5,1,7,5,2,0
cbd0473c-66b0-46e0-8dd7-26bb93a54e7d,3,9,6,4,1,16,5,19,7
cbda93c3-c142-4988-946a-671649426e86,3,10,6,11,5,7,5,4,2
cbf1b161-a234-4001-8b36-ac41491d1141,1,10,6,7,2,15,5,14,4
cbfa029e-d1ca-48db-9ec7-f1b3dcea9d78,3,11,4,12,6,6,2,10,5
cc002a78-d494-412d-b3f7-96119fdd02da,3,10,6,7,2,8,1,4,0
cc0330e3-3ec8-4654-b262-d610b177e862,1,11,4,13,6,9,7,4,1
cc2d608e-9453-4d9b-a06e-b335a364d0d1,3,7,6,6,5,2,2,0,0
cc316167-fe58-4a0f-bb2e-1fc25d2d6677,1,8,3,11,6,12,7,8,1
cc323ec3-ea50-429c-850e-67ba19fd17fc,1,8,2,10,6,0,0,5,5
cc3c4836-29b3-4fb2-8fc8-d0c7f009db02,3,10,6,4,0,11,5,7,1
cc3d6d88-eb09-4025-a548-139325c2b2e6,3,16,6,13,3,6,5,2,0
cc4e980f-6a7c-49a3-b826-05c49deaa130,3,12,6,9,3,15,5,13,3
cc65edcd-d905-4fe2-b48c-864d9f76e277,3,9,6,5,1,10,5,9,5
cc68e8c1-e370-4432-b944-c79265951f5d,1,8,6,3,0,17,3,23,11
cc6f792b-9040-4987-9599-cb936be86999,1,10,6,9,4,10,5,6,2
cc79b406-6b0e-426b-a631-39c9cec646ce,3,11,6,9,4,5,5,0,0
cc9033b2-1677-44f0-beb2-9b760865c51a,3,8,5,8,6,11,6,7,1
ccab9f3b-b6ef-4ee9-806f-52267ac98df8,1,12,6,9,1,10,5,4,0
ccb2d917-0707-4ea8-9933-fd6b9d816e13,1,16,6,15,5,9,5,7,3
ccc447b3-1f48-4262-8090-f99b82d97173,1,8,5,3,0,29,20,9,0
ccc7d68e-ff00-4229-a24a-403406dc4c86,1,12,3,14,6,0,0,5,5
ccca0fb6-66d5-4995-9995-cdd4d5c6e283,3,11,6,7,2,8,5,5,1
ccd79784-a48c-4f55-8430-9419f57582ab,3,15,6,13,3,10,4,13,9
ccdaf3ff-822d-425f-a7b6-f72726a43224,3,10,6,6,1,8,5,5,3
ccdd2487-9d44-4cd2-925d-2abcf689dd57,3,6,3,8,6,10,4,11,5
cce9a09c-a53e-41f1-aa98-927437e29bc4,3,14,6,10,1,12,5,9,3
ccf3702d-0ffa-4df2-9763-76bf77a335de,3,9,3,11,6,9,3,11,5
cd0b5b47-28d9-47b7-84bb-1c707cbb5405,1,11,6,10,5,5,0,10,6
cd16f0a1-3bbf-43da-a30a-85074c575434,1,8,5,2,0,12,8,5,0
cd48b59f-3fec-4521-9457-80669ddaecb3,3,11,6,10,5,13,5,10,2
cd4b9570-8051-4799-8dab-7ff609457451,3,13,6,11,3,14,5,11,3
cd4c57c8-52a4-4adc-b4bc-3c0b8258f171,1,11,6,6,1,6,5,2,0
cd59dfab-2eaa-431c-bef9-b943c5c988aa,1,16,6,11,1,8,5,5,1
cd68fa89-80f2-4f5b-81da-9b260d35e5c4,3,16,6,13,2,20,5,21,7
cd6d8f5e-5cec-419f-9244-436cf90e0465,3,15,6,14,5,11,5,8,2
cd6f7d49-b3d8-4d69-a6e0-f385533db4e9,3,4,1,8,6,16,6,15,5
cd74005f-a981-4750-8310-fca811756348,3,14,6,11,2,7,5,3,1
cd7522a2-4ff8-4429-bc5e-6be4f99d72ea,3,11,6,9,4,19,6,20,6
cd9364d8-baeb-4bb0-9584-86ada7a11de8,3,9,6,4,1,9,5,5,1
cd9d34af-43b4-4b72-95a5-30097d698158,1,12,6,7,1,10,5,9,3
cdaa6a92-2842-4873-9b1d-6c623ad92475,1,10,1,14,6,15,7,12,6
cdb1e02e-21de-4e2c-91c0-0f9ed8893689,3,8,1,13,6,6,2,9,5
cdb9d2e2-05c4-4888-a9ff-7efcfc5952cb,3,14,4,16,6,0,0,0,0
cdc2e1f9-bd97-406b-ba06-9c22eee0fea0,3,13,6,13,5,7,5,2,0
cdc7ec44-d623-407f-a0be-2eac2f72a01c,1,9,5,5,1,8,5,4,0
cddace2d-2609-4feb-bdd4-6e490aaa190d,1,7,6,1,0,10,5,13,7
cde487ae-171c-4900-8127-37c599b74d83,1,14,6,13,4,14,5,13,5
cdec61ca-b6d6-4e29-8b77-9dbf2ecfe2de,3,11,6,9,3,13,5,13,5
ce110aef-07d3-4e87-b94f-04fae8b5f8ec,3,13,5,14,6,4,0,8,5
ce1b97fe-cfe8-41c4-9774-cfa19935830f,3,13,4,14,6,4,2,8,5
ce354eb2-7bf2-412d-9066-c2c90ed6aa96,3,13,6,11,5,6,5,2,0
ce3b5c33-0902-494c-a890-de4a2d54a508,3,17,6,12,2,13,6,14,8
ce41f4ee-fbef-463e-876a-087ff94230f9,3,13,6,13,4,9,5,6,2
ce65ab13-acbd-4db8-a977-37fd2e46b294,3,8,6,5,2,16,3,20,9
ce6bdc81-668b-4c51-a0eb-fec7578cfad9,1,8,6,3,0,12,5,13,7
ce72cc8b-638e-481d-84cd-239dafe73cb0,3,3,1,7,6,9,3,11,5
ce737a34-ca34-4837-8e66-96ef1c6f898f,3,9,2,12,6,6,2,10,5
ce830e23-dc65-44cc-8cdd-59f58d3410fc,3,11,3,13,6,8,2,11,5
ce830e23-dc65-44cc-8cdd-59f58d3410fc,5,3,3,0,0,6,5,0,0
ce87e8ef-e1c0-45b1-9528-256b673effcf,1,10,3,13,6,5,1,9,5
cea9ef3c-a19f-433b-8ea8-b11ba71c9748,1,1,0,7,6,14,8,10,5
ceaf1fcc-31b1-447d-ae5e-7d95176b21c9,3,10,6,6,1,6,5,0,0
ceb3ac3e-e914-409c-bfe6-2cf724103ce2,3,13,4,15,6,13,5,15,5
ceb93b8d-c390-4713-a715-c4c453809260,3,11,6,8,4,11,5,10,4
ced55ec6-b8cc-413a-a92a-641a944006ae,1,6,4,8,6,0,0,5,5
ceec1c1c-23e8-4e12-869f-119ffb4ea987,1,8,6,7,2,8,5,8,4
cf0dd8bf-77e7-4aff-9b76-b2327e7d6ce0,1,10,6,10,5,9,5,4,0
cf0e6f01-418d-4912-8329-71308ad7dd89,3,11,5,12,6,11,5,11,6
cf194c7a-8669-4ed7-908f-20a1f0ec4bc9,3,4,0,11,6,6,2,9,5
cf1dfd96-c730-45f9-a8ca-5d7b5002f974,1,12,6,8,1,7,5,2,0
cf3087c7-3cc0-4253-8a8a-d56423eb0365,3,7,6,3,1,7,5,2,0
cf3d90ba-0fa5-42a4-b187-23c0ea3dc3e4,3,10,6,7,3,10,5,12,6
cf672e82-5475-4fdc-abd5-a877b821b76e,1,12,4,14,6,28,9,27,9
cf818c31-fe4d-4f43-b6d2-261da5f5d6da,3,16,6,15,5,8,5,8,4
cf855d4b-0893-4b55-aef6-e63d7e722ece,1,10,1,14,6,15,9,12,6
cf8ee73c-8d5f-4b27-8942-1d75d3e3042f,1,6,2,10,6,3,1,6,5
cf98971a-a193-48f1-9fd9-2e00d465fe82,3,12,5,13,6,10,6,8,3
cf9e79eb-4d4b-4854-9b91-887cbf736f68,3,3,2,7,6,23,9,17,1
cfae54e3-5de6-4e0c-8ae3-0ea3d940e38f,1,7,6,2,0,11,5,9,3
cfc7cca4-9006-440e-a99a-330c9caef70b,3,6,1,11,6,18,10,15,7
cfd2c84d-5999-44e8-bb23-1355b29d1ce4,1,6,1,11,6,20,6,19,5
cfdda525-2054-4fe1-b9bd-b810ccc41f06,3,9,6,4,0,8,5,2,0
cfe41e0e-1f8d-4731-9aa3-6ba103617d01,3,11,6,11,5,7,5,3,1
cfefb37d-11e4-4285-b709-ed19ad6a3eb1,3,7,1,12,6,14,4,14,5
cffeeb7e-0367-4ea8-a9f4-84df3fbbcdcd,1,8,6,3,0,9,4,5,1
cfffb02d-4972-4636-8adf-430c49c53662,3,8,3,11,6,5,1,9,5
d0112289-b493-4472-9c0c-fff2e70cfa30,3,10,6,9,4,11,5,7,1
d04203f6-06e1-404b-8386-a721894c6f31,1,13,6,13,5,8,5,2,0
d04b293b-5380-47cc-aff9-85be5a189131,1,3,1,8,6,17,7,15,5
d07f37f1-4bc8-4c3a-a536-56f94b4bab86,1,10,4,12,6,8,2,10,5
d0820d2a-8ef0-493e-b472-7216d440b782,1,10,6,6,1,15,5,16,6
d095c7aa-8089-46c9-b9c1-a1e02c94ba5a,3,12,6,9,3,11,5,8,1
d098eb98-5ca6-45a8-b99c-e4c10aa6da9e,3,4,1,8,6,9,3,11,5
d0b08e57-96ad-4897-914d-6beea9c28c93,3,11,6,8,3,8,5,6,2
d0b31f0d-623f-4ed6-8b2b-fbc7abcd1a3d,1,9,6,7,4,9,4,4,0
d0bacf14-c69c-4e2e-b895-965724b319c5,1,6,2,9,6,4,0,9,5
d0c40354-4b7f-419d-8c65-056b1f704e26,3,10,5,7,2,0,0,0,0
d0ce3655-e758-4f70-9d33-c1f37aad6892,1,8,6,3,1,8,5,7,3
d0eafe03-e926-4dfb-80a8-ada3026c602c,1,7,2,11,6,12,9,3,0
d0ec5f53-8571-42ea-8451-042e79399198,1,6,1,10,6,2,0,8,5
d0f75222-3709-4c36-b567-20ceb19b06d4,1,12,2,15,6,11,5,11,5
d0f75d5c-bfd0-4b7b-acf3-d4a2a7428092,1,6,0,10,5,0,0,6,5
d0ffc438-94c0-4945-9969-34322917bad9,1,9,6,4,0,9,5,6,2
d1160a12-0ef2-4e5f-b30e-10725cf105d4,3,5,2,9,6,16,4,17,5
d11736ff-c364-4a04-8513-33c40651af97,3,3,1,8,6,3,1,7,5
d12328ce-668c-41e0-8a7a-652e59e67c4f,3,8,6,4,1,10,5,5,1
d129d133-bf57-4be8-9c51-c059af4198c7,1,10,6,4,0,15,5,14,4
d14475c2-68dd-46b4-a557-26cbf93de16a,3,6,2,10,6,7,1,12,5
d1453128-9ff6-4c10-8607-51024c44476e,3,5,1,10,6,20,8,13,1
d1491776-c7eb-4fc4-bad7-c94b0b437736,3,12,6,12,5,12,5,9,3
d16ddbfc-6ac7-4c10-a665-2d8ead574297,1,12,6,9,3,9,2,15,8
d16efee4-da3c-4d39-a5c7-6f0a7cf83875,1,6,3,6,2,14,9,5,1
d1b7e47c-51fd-46ed-a944-e37a64e449cc,3,11,6,8,3,7,2,13,8
d1c3bda2-d307-4c24-aabb-0df1d385d558,3,18,6,15,2,15,5,14,4
d1c999e2-b48c-4f24-a24f-b5ecc5693f2f,1,6,2,10,6,9,1,12,5
d1edff3b-dc74-442a-b485-411aad4ff4a6,3,12,6,10,5,5,2,9,6
d1f9458f-c35a-4fe8-9e95-a75d1e986e8c,3,9,4,10,6,12,6,12,6
d1f9458f-c35a-4fe8-9e95-a75d1e986e8c,5,5,2,8,6,19,10,14,4
d2100d67-cb10-4c07-a1e7-6c0917686be7,3,10,4,12,6,9,4,12,5
d21b7e3b-5b56-4c83-b3fa-be492679c5ba,3,13,6,9,2,10,5,10,4
d21bdcf5-f33f-43bd-bf48-1f2843bc80d5,3,9,6,4,1,12,5,11,3
d2238a88-c5a2-4f05-b263-96c0fb25c67b,3,3,0,8,6,4,2,7,5
d26ac5ee-9c26-4ac1-8b17-18c2f8645907,3,1,0,7,6,17,11,8,1
d26b4ac9-1b0c-462c-91ea-f67c28b3af16,3,12,4,13,6,17,8,14,4
d280f92b-29e8-4044-aafd-6615df9c8b1a,3,14,6,14,5,11,5,8,1
d28ac9a6-cd99-4174-94f9-ed8144df384a,1,12,5,13,6,9,6,4,1
d28cf43e-6a14-41af-80f7-90ac87b9ece7,1,11,6,7,1,7,5,2,0
d2a8a5ac-ddec-4f37-8e65-8cbda487ccd0,3,10,2,14,6,13,5,13,5
d2a8cf0c-0033-44c2-893d-d184005918e5,1,10,6,6,2,8,5,6,2
d2bd4fdc-af66-4b3f-861d-506cf5d1d35b,3,11,2,13,6,16,7,14,5
d2c1c77c-c337-4bf4-83cb-0ce977906f39,1,10,6,9,5,13,8,13,7
d2cbed5c-9586-4073-b7a3-c8c5f28bead9,3,8,3,10,6,10,3,13,5
d2d90315-28a2-4afa-8b53-abc8c0f2e905,3,11,6,5,0,6,5,4,2
d2e4e3f7-c407-45e0-806f-661e63305b28,3,15,3,18,6,6,2,10,5
d2f31e45-a451-4375-a1ff-ce12e8b1ba55,3,15,6,12,2,6,5,0,0
d2f55f93-a873-405b-a520-f038aacb03ba,3,13,6,13,5,8,5,1,0
d300eefb-b555-47a8-8538-f89eea76d953,1,7,6,1,0,8,4,8,4
d3123fd9-b3c8-45ef-bb1e-590f2e0442f7,1,8,3,10,6,0,0,5,5
d31c8746-9f63-4f18-a2ac-43e90a0ab820,3,18,6,17,4,9,5,5,1
d3225f5e-dbca-40d3-b68c-dad2f1dbeddc,3,9,6,5,2,9,4,10,4
d32b3bea-3d87-4796-a6e2-1d5c5b4c2454,3,13,6,12,5,10,5,8,2
d348a6d5-9cda-47ee-b8f3-1d480470f97c,1,9,5,9,6,14,7,12,4
d35a342c-eb3e-4bed-9b75-8f24e5b49f12,3,15,6,15,5,8,5,2,0
d360a614-d7ef-4dac-8912-c296def8baf9,1,7,6,7,5,15,6,13,5
d36186a0-fa1a-4548-a658-35298270ce7c,3,12,6,9,3,16,5,14,2
d383d053-3195-48c5-8b56-204fda44c574,3,11,5,12,6,5,3,7,5
d387139f-22a3-4285-b02f-735237058f2e,1,9,2,13,6,17,7,14,5
d398aa48-1a1d-4899-a6dc-b0fb04335177,1,12,6,9,2,17,6,18,8
d3a2f74b-3436-454c-abcc-f31169032441,1,12,6,9,2,7,5,3,1
d3accb11-0345-42e5-898f-ed9636069c4c,3,11,6,11,5,13,5,14,4
d3c3adbe-a897-4132-b684-a6dcede97814,3,13,4,14,6,17,5,18,5
d3c50c83-29ea-4e6b-80ff-165bf8cce79e,3,13,6,11,3,14,5,11,3
d3ce4d43-fc98-446d-b5ce-2afa5b43fc18,3,8,5,3,0,8,1,13,7
d3ce4e4a-cc69-42d5-8558-e101fcb68cfb,1,8,4,9,6,13,5,15,5
d3fc1960-4fad-42a9-aabc-83935d531255,1,12,3,13,6,7,1,11,5
d400cd98-653e-4796-9015-3ccf0654e080,1,15,6,12,2,13,5,10,3
d412133d-df14-4a46-8b88-06cd6b4838f0,3,12,3,14,6,5,1,10,5
d4199bb7-c274-4f0d-bd88-504ebc6b83c9,3,3,1,8,6,8,2,11,5
d423aa6b-327c-4470-afa6-39b964d92d12,3,11,5,12,6,4,2,6,5
d42d86c4-6abd-4ef4-b41e-15bb8e2d0692,3,8,6,5,3,9,5,8,4
d43444ff-ffd3-46ec-8658-071cdf88b547,3,12,4,14,6,8,4,9,5
d445a52e-f99f-44a4-adcd-f06acf0fce41,3,6,3,9,6,9,5,8,3
d45f6f10-2fb9-4214-98a2-0f1325658510,1,9,6,7,3,10,3,14,8
d470d4ee-739a-41ce-a27b-d55f101c22f6,3,11,6,10,4,9,5,5,1
d487a584-e41f-4456-9c6d-4abda8b3cf5b,3,8,6,2,0,8,5,3,1
d4908645-34bd-4701-be0a-8e4ef649b9da,3,12,6,7,0,11,5,9,3
d49f0c37-70c1-4d7b-906d-0b5dcf13e2ca,3,11,6,10,4,10,5,7,3
d4a0beb9-b611-43ca-b0cd-6148b7bf9ed6,3,4,1,8,6,13,4,11,2
d4ca52b6-c219-4043-bad0-1d9fa24214a3,1,10,6,7,2,8,5,4,2
d4dc0fff-97b6-433b-b2c2-534c25c27a00,3,9,6,6,3,20,5,20,6
d4ebf83a-dddf-4e2d-9ead-a554d7d531cd,3,11,6,8,2,6,5,0,0
d4ebf83a-dddf-4e2d-9ead-a554d7d531cd,5,14,6,13,5,8,5,5,1
d50e59a2-27e6-4efc-a0c6-cf9f00e1235a,1,5,1,9,6,5,3,7,5
d513d195-0797-4577-bb7f-bba698a1cb07,3,11,6,6,1,10,5,8,2
d52b8003-00f6-48dd-9006-0f5027ed1c16,3,9,2,14,6,20,9,12,1
d536b033-b9a5-4887-a7ab-2aef910f1ad4,3,9,6,4,1,6,5,3,1
d53bdb73-3c3e-4803-a8f3-223d69766f8a,1,13,3,15,6,7,3,11,5
d5405734-0ca7-48e0-a6bf-28c0e3af6eee,1,10,1,16,6,14,6,13,5
d54c5bd4-faef-4e54-ae14-a4e3c9ca7203,1,11,6,8,3,12,6,13,7
d54feec1-b4f7-44de-8368-a118edc2c38c,3,7,2,11,6,7,3,9,5
d56417b8-7875-42f7-9124-957bc647d268,3,7,6,1,0,11,5,11,5
d59633c3-0dad-4612-ae13-188c958e0478,3,10,6,7,3,12,5,14,6
d5b79773-0c87-4e0f-8a80-f3a7990589e5,3,8,6,3,1,10,5,8,2
d5c05630-4ae9-477d-aa5c-456fb554067c,1,11,3,14,6,9,3,10,5
d5c433c3-10c3-4542-8fbc-be71e413aa3f,3,9,6,8,4,5,5,0,0
d5d4db9b-9722-4860-9c04-8bcc2948d821,3,12,6,7,1,8,5,6,2
d5e31400-1914-4760-8b78-347a55a738e0,3,3,0,9,6,6,0,11,5
d5e80457-9382-4fbf-9a1b-f1c376f658d0,1,16,6,11,1,7,5,3,1
d5efb8d9-b9d3-49a4-b98c-a79609c19a88,1,9,6,3,0,7,5,2,0
d5effd79-62d6-4f54-a50b-aeae7e28e942,1,19,6,18,4,12,5,10,4
d5f5add0-3c95-4b4b-b6b8-6fb734da1b3b,3,4,1,8,6,7,5,8,5
d5f78c4c-77e9-40d3-81f2-aa842b21bd50,3,7,6,3,2,6,5,2,0
d5fdb694-1025-4266-88c0-552d3f356963,3,11,6,7,1,9,5,6,2
d6060353-fbf3-447e-ad46-a6a843d3c522,1,11,6,7,2,9,5,8,4
d60bac4e-a383-4601-b2ef-181d3bf98784,3,10,6,6,1,8,2,15,10
d61ddff9-126c-43a2-b68a-05e11dac27d5,1,14,4,15,6,6,0,11,5
d62390d6-a410-42bf-ba8b-8b5b2b3e149b,3,9,6,4,1,13,5,12,4
d6337c04-af55-403b-a968-064ca0da208b,1,12,6,7,1,20,5,22,5
d634e0fb-2867-4ac8-9cea-044366caf851,3,9,6,8,4,9,3,11,7
d6424796-c656-45aa-83fa-4902a1f094d4,1,7,6,2,1,10,5,10,4
d64d32be-2acc-4eee-9d2b-f12db5594982,1,13,6,10,3,8,5,6,2
d65f051c-e849-4de9-b0ad-1fd19bdb88fd,1,12,6,8,2,12,4,17,10
d66304c8-7478-4a26-aef1-09e5e657208c,3,7,1,11,6,2,0,4,2
d6641b4c-d220-4864-b8ae-7d66226f8d54,3,12,6,9,2,7,5,3,1
d68fddae-4fa5-4634-a46b-57d67859bd8d,3,7,6,4,2,11,5,10,4
d69c5d66-c5ba-40ca-b7be-22619d9c656b,1,13,3,14,6,12,8,8,2
d6a101b5-222e-47ad-9bda-3fa4a6400e94,3,14,6,13,5,12,5,10,2
d6c28550-3c5a-4427-be96-f4343d5c001d,3,17,6,18,5,12,5,7,1
d6c28550-3c5a-4427-be96-f4343d5c001d,5,8,6,6,4,7,5,5,3
d6d476ce-9398-4705-b605-2a4b69b017e4,3,12,4,14,6,11,8,7,4
d6d492cd-f0d7-4a66-a86c-9bae52e29119,3,17,6,15,4,9,5,6,2
d6d67f0a-b3b7-4794-9f77-71be68141957,1,12,6,10,4,5,2,11,7
d6dd9795-1bff-4d10-bf43-75ca6f7d0a59,1,9,6,5,1,11,4,6,0
d6e55b09-01dd-4184-bbb6-74d590bfa36e,3,10,6,5,2,10,5,13,7
d6e763df-d8b4-489a-8263-efbc8853bbb0,3,13,6,9,1,10,2,8,1
d6e8f9a3-4b17-48ac-9445-f8c70964dfc2,3,10,6,7,2,7,5,2,0
d6ed1c15-2f86-4371-8ed4-0e571483312a,3,16,5,17,6,17,6,14,3
d6f8ee69-5c30-4b60-9138-c1ca454de3b6,3,11,6,5,0,10,5,8,2
d6f96d75-86ca-4a3b-a4c1-52786daee77c,3,14,5,16,6,9,6,5,2
d6fc3ded-62b5-45af-b995-159d8ea7a70f,3,7,4,8,6,12,7,8,2
d72f8b3c-77c3-49b2-94d2-d26e38254d1a,3,6,2,10,6,8,4,9,5
d72f8b3c-77c3-49b2-94d2-d26e38254d1a,5,11,6,8,3,11,2,16,8
d72ffb49-9fe8-46ee-a7ad-2a226e68591b,1,5,1,9,6,10,6,9,5
d733c8bb-8f3e-4f00-9fb3-a54122f4ef0f,1,28,4,28,6,11,3,12,5
d735c08b-ffaa-434a-8d4d-c37579a066e3,1,7,6,3,2,9,5,6,2
d7387afa-db3d-4d3e-8c12-756aa2bd9053,3,25,6,24,5,6,3,9,6
d739cc40-b4c3-4c1f-8184-1eb62e7d7547,3,18,6,15,3,13,5,12,4
d7648b40-03c8-4b6e-b87a-90ccdfc0453c,3,6,6,0,0,12,5,15,7
d7774f16-b350-4ed0-b947-c10e4ca130bf,1,10,6,8,3,10,5,10,4
d7782e41-8d18-4276-ad75-88d2b6785b77,1,3,1,7,6,18,10,11,3
d77b1551-d797-4a12-bbd7-55869c26500a,3,4,3,2,1,19,9,16,6
d77cfb32-313b-4a75-bc77-3e60ba550600,3,4,1,9,6,5,1,9,5
d77dc5b8-0dcd-4327-9c82-d339f421c2cc,3,9,5,9,6,15,6,11,1
d7852d6b-fd69-4857-8f8c-6e9b419a896f,3,8,6,4,2,5,5,0,0
d7897854-4822-46f5-ad4e-547c187a1e5d,3,3,1,9,6,6,3,11,5
d78ddd11-63d6-40b9-8be8-8435678f10ec,3,7,6,1,0,7,5,3,1
d78fcdc8-09ad-4c22-9dd4-524b95f861e0,3,10,4,11,6,9,7,6,2
d79bf56d-bbfa-4507-804e-2c1b2bbe6ed3,3,10,3,12,6,20,10,16,4
d79da18b-9490-42a1-852e-b696c597974e,3,12,4,13,6,4,0,9,5
d79e082b-df2e-4d5f-b438-d698ab751deb,1,13,6,12,4,13,5,12,4
d7a3630d-8bec-45c6-b46c-ed1b97de1f24,1,10,6,0,0,11,5,0,0
d7b3b700-7cba-49c3-867b-96872960eae2,3,5,1,9,6,10,0,16,5
d7bd6585-febe-4219-a6f9-a55801611ffe,1,9,6,3,0,7,5,2,0
d7da3f79-fc2e-4346-aece-630bc8f2ddac,1,6,0,12,6,8,4,8,5
d7dd64ee-e8d2-44d0-96d2-67214e11e735,3,11,4,12,6,9,3,12,5
d7ebb493-dae2-421a-89b6-b78e85f6b182,1,7,6,4,2,8,5,3,1
d80ba2bd-50a6-4112-8a7f-aa23765f0e91,1,4,2,7,6,3,1,7,5
d821f8e0-c0d0-48d6-ac37-a9c0b140aa69,3,17,6,14,3,10,5,6,0
d822ab8f-24f4-404b-b14f-9fc27b2d7942,3,9,4,11,6,11,7,6,1
d8376b9f-d57a-47c4-a7b2-badebbf72628,1,13,6,12,4,12,5,10,4
d83c4edd-94ae-4cc1-9111-489403f4294f,3,7,1,11,6,12,5,9,2
d8432ad9-434f-49c1-9d92-d4b7782ccbd6,3,9,6,8,4,9,3,12,7
d8573055-924a-48cb-9c2e-471104813ed6,1,8,4,9,6,2,0,7,5
d862d0c8-91b1-4755-87ba-2d65193f1566,3,7,3,9,6,4,0,9,5
d867ba5c-b4c9-41e9-8abf-0296d0cec466,1,10,6,6,2,7,5,4,2
d87e396f-0b83-4f6b-9272-dd6d6ca0e413,3,12,6,9,3,11,5,7,1
d88094e9-999f-4f95-8639-09e0b6ce6490,3,6,6,2,1,7,5,2,0
d885444e-af5b-43d8-ab0a-0f4fc4433473,3,6,2,10,6,15,9,13,7
d8952ffd-174b-4d8b-8b4c-62b03bec8c93,1,2,0,8,6,7,3,8,5
d8a6d101-0e12-4c36-8954-2eb827d2ccb2,3,20,6,13,4,10,2,10,7
d8a8316e-f465-49ec-be58-abfa61b220e6,1,9,6,7,3,9,5,6,2
d8ab069a-8746-4a5a-9d39-c943040c1c1b,3,10,5,12,6,13,4,12,1
d8ab8e2d-7c39-4aea-8cd8-aa6ac75009d9,1,10,3,13,6,8,4,9,5
d8b558c5-7417-4e1c-aa72-8f90907a05e0,3,9,6,4,1,12,5,14,6
d8b558c5-7417-4e1c-aa72-8f90907a05e0,5,13,6,12,5,13,5,10,2
d8d250b5-c1be-4875-a133-cb751e7361b0,3,14,6,12,4,8,3,12,7
d8d3d304-2285-4005-b395-a01361aea3a2,3,9,6,3,1,7,5,2,0
d8f7a798-67f6-453d-8d97-59fabc4e45a7,3,9,6,4,0,8,5,3,1
d8fdf3c1-468a-408e-a7c1-c46df024863b,1,12,5,13,6,8,6,5,2
d91fe4b1-1514-4ac7-9d6e-0510572d78d5,3,16,6,14,4,15,6,14,6
d920674e-39f0-45de-aea9-34c7e2a46d19,1,0,0,6,6,0,0,5,5
d9207ed3-fc82-49a5-9270-d8707ef181db,3,12,5,12,6,30,14,27,11
d92a1003-c0b6-4082-b7a9-4a9e16f391e4,3,14,6,10,2,15,5,14,4
d937edcc-c157-42fa-ae05-483bc9a2431a,3,12,6,8,2,6,5,3,1
d93b7897-36ed-4ca7-a719-85e5e3cb4bde,3,9,2,12,6,21,10,16,4
d93f25c3-b80e-48c7-82c7-30b1fb3bc3a2,1,7,1,12,6,6,0,11,5
d9540ad3-a81c-4e88-ba4d-dcf564c25be4,3,11,4,12,6,10,2,14,5
d9558eb6-3e5e-4a02-b039-a4dd902be16e,3,10,6,10,5,11,5,7,1
d972a83e-695e-4006-b1ea-faf6a4d1826d,3,8,5,9,6,6,2,9,5
d979b09f-1a38-4169-bd8a-6367c47f056f,1,3,1,8,6,2,0,8,5
d980ec08-06be-4326-b5d7-cfa82ad80955,3,7,4,3,0,5,2,1,0
d9afe321-bbdf-4a2e-b20d-c9537685050b,3,14,6,11,3,8,5,6,4
d9c01515-117a-472f-9b94-66afa35fab58,3,10,6,9,5,9,2,12,6
d9c71b7f-e669-41af-9597-89b828c352a3,3,10,6,7,2,12,5,13,7
d9c8431c-8ff5-47de-bcaf-7d56b65cacb6,1,9,6,5,1,8,5,4,2
d9d02289-c076-49ee-b252-d032f2a185c0,3,6,2,9,6,14,8,12,6
d9d1e85a-ed62-4cc6-89f0-749273af87f1,1,11,6,9,3,11,5,7,1
d9e66191-c721-4b70-b36c-2946265d3363,3,12,6,9,3,6,1,13,8
d9ef1637-873e-4c2f-a045-9c1a1047757e,1,9,5,10,6,14,7,11,4
d9f684da-ffc4-493d-ad95-70080128c9be,3,9,6,8,4,12,5,10,4
d9fbfe37-5b61-4015-b979-9cf85e04c80b,1,16,6,12,1,13,5,9,1
da0a61d2-d126-45db-8478-00b16405014d,3,10,3,13,6,11,5,10,5
da1452c0-de15-4f82-83bf-aad4de230cf3,3,5,1,9,6,4,2,8,5
da1864a3-127b-4992-b631-4fa444924709,3,9,6,3,0,15,5,18,7
da1fc96e-5b13-461a-8bf5-068bad96b231,3,14,6,10,2,8,0,14,6
da2c0a4a-709c-4edb-ae59-7d4562191815,1,10,3,13,6,0,0,5,5
da47eb5d-94c7-49c5-b2d4-343f4fb7fddc,1,14,6,11,2,11,5,10,4
da4f78dc-4da6-4825-923b-3d9f175c7db9,3,12,6,12,5,7,3,8,6
da515545-f18d-47fe-91d8-262a8f81e923,3,11,6,14,4,10,5,15,5
da53a62c-e789-4537-bd9e-893ba2f3413a,3,11,6,10,5,7,5,2,0
da5b87dc-4bab-49e8-a8e8-5da17a587e2d,1,7,1,12,6,13,3,15,5
da662227-89eb-44ec-af6d-a6d41e1eb8cf,3,8,2,11,6,13,5,13,5
da67ed94-470e-45f3-861f-e763ac520f5c,1,11,6,9,4,8,5,4,0
da6bdf09-19c3-4531-8d57-1b6328425757,3,16,6,15,5,10,3,12,6
da88a47e-eec5-4d5f-9f84-9b76fa9c9d06,1,2,0,8,6,5,1,8,5
da8b4b0e-78b3-4788-996b-cfdd913d8f7d,3,12,6,12,5,10,5,6,2
dabcb948-560c-4866-96a0-3834652c0faa,3,2,0,8,6,16,10,11,6
dae1dc87-6c14-445e-aa63-0e347f5f3e40,3,14,5,14,6,9,3,11,5
dae6a112-3dab-43c3-b76f-31f53d456c72,1,11,6,6,1,9,5,11,7
dae9aa1f-2074-48b6-9341-0c3f24888c1e,3,10,6,8,3,7,5,6,4
daeb32e7-6df6-45a7-b7db-c76a411e576e,1,11,4,13,6,0,0,5,5
daed5ac4-b0a8-43ec-add0-0136407bd477,3,7,0,6,3,0,0,0,0
daf99d41-4eff-4f47-a132-36c23fa88087,1,19,6,17,3,12,5,7,1
dafb47a0-0563-41b7-98ff-add42b502f9f,3,5,1,10,6,8,4,9,5
db0a77f5-8a29-4b84-9e9a-fb86d9a3481f,1,2,0,7,6,3,1,7,5
db1541f0-3dbe-4cab-bcad-2447588bbb2c,3,9,3,11,6,23,11,20,6
db25d60e-6527-4164-9714-d28f0443da5f,1,9,6,4,1,7,5,4,2
db5430a7-0322-4e74-b140-1b22a3838a3e,3,9,6,4,0,11,2,12,3
db57120c-c8ba-454b-a9e6-855be025d977,3,15,4,16,6,5,1,10,5
db612da7-0043-49ac-8e0c-c86d399940e0,3,13,6,12,5,9,5,8,4
db6f6cce-b716-449e-bb2d-81899633d7af,1,10,6,5,1,10,5,6,0
db72fefb-1447-4e95-b836-adf0f17dd926,3,9,3,11,6,11,8,6,2
db8543e1-b20e-4ac1-b7fc-edadeb3fe654,3,11,6,8,2,8,5,4,2
db953069-0998-43a1-a831-056a5cae24d7,3,9,6,6,3,9,5,5,1
dba7bee4-4699-4c6f-93d0-84bf9f280838,1,6,2,10,6,10,4,10,5
dbad2845-3798-4a47-bfc2-4c2fad270275,3,17,6,15,4,10,2,9,2
dbb820f1-0155-4007-823b-5f97eb0b21b4,3,8,6,3,0,7,5,7,5
dbc19470-7a04-4d57-9f8c-f7ceb0aa078a,3,8,6,2,0,9,4,4,0
dbc5dd98-5928-4b4b-9147-cff946cc83c7,3,10,6,5,0,17,5,17,5
dbd05511-83fe-4aeb-9906-d7edda05a5e2,3,18,6,15,3,12,1,18,8
dbf31455-a0c0-4e72-b688-f2c724e46a8a,1,14,6,13,5,11,2,14,6
dbff58c9-3bbe-454f-ae70-440cb4903cc5,1,6,3,8,6,13,5,14,5
dc06647e-5597-4bcc-8f17-1d41150f5fae,3,11,6,6,0,9,5,8,4
dc06c96d-cfc9-4cd9-acea-0bf1e7afe3f3,3,9,6,4,1,9,5,5,1
dc613ff3-76c4-4cde-bd13-bc7b8068c5d8,1,8,6,4,2,6,5,5,3
dc74a4c3-44fc-4588-a187-9117cfd7cf4b,1,7,6,2,0,10,5,7,3
dc844832-2bc0-4982-89d0-6fb5d2a0afeb,3,7,2,10,6,12,6,12,5
dca86720-e74e-403a-b0f7-939ae32909dc,1,12,5,13,6,10,6,6,1
dcaa7841-362f-4a21-b8af-eca168d4c490,1,9,6,6,2,17,7,17,9
dcb0bd9e-a4b9-4b75-86eb-c5a2a7442ac4,3,4,1,7,4,20,10,16,6
dcb2dbe4-f272-4096-8119-85e0e371e2d2,3,8,3,10,6,19,8,16,3
dcc9545f-ff40-4b33-9cc3-bab475b6dd63,3,10,6,5,1,10,5,13,7
dcddaeef-80ec-4e6d-9a0b-5cab1c28bedf,3,8,6,5,2,10,5,4,1
dce175bb-48fb-4d21-b3fe-9595a9cfe3da,3,5,2,5,3,11,3,17,8
dce8603c-309f-4b4c-8a20-f6e98988ad4d,3,14,6,13,5,10,5,9,3
dceca466-8356-4fe0-b790-9d55fba69797,3,4,1,8,6,10,4,11,5
dd049e8e-1b09-4669-b466-0d73ca69612f,3,4,1,9,6,0,0,5,5
dd26e81b-b32e-44d3-a4b1-957b5e638564,1,9,6,5,1,11,5,9,3
dd3d1485-9363-48e3-ab70-cc7df02cb19f,3,12,6,11,4,7,5,4,2
dd4cc9c7-09ea-4aa5-9e5f-bd3c2f14801e,1,13,6,9,2,13,4,19,10
dd53b52a-5d85-4e22-901f-be2f97f6a178,1,8,6,2,0,21,5,25,9
dd5d6dba-5587-4109-8d45-17d77326f32b,3,8,3,11,6,4,2,7,5
dd5fa847-91ae-48fd-89e6-86e4f8cf5117,1,11,6,8,2,6,2,12,8
dd64fc63-82ed-49e3-b8ea-7440a748ca2b,1,11,6,7,2,7,5,4,2
dd8ac9a4-96f7-4f72-a88b-0ab81118e8d6,3,11,6,7,2,17,5,17,5
dd8cf10b-132a-4564-87a5-23d4621d8ea8,3,10,6,9,4,9,5,9,5
dd98bbce-c5a8-40a0-901c-9680b0d1edff,3,12,6,8,2,6,5,0,0
dda08e94-6c6d-46d0-981a-100239c38316,1,10,6,7,3,12,5,13,5
ddaab284-2f30-40cf-bdb5-1aa442df4428,3,17,6,11,1,9,5,6,2
ddab6cdf-14b0-4f72-bc77-8adc504c1988,3,14,6,13,5,8,5,7,3
ddad84c6-daeb-457d-9010-31faa0fc304c,3,9,3,12,6,12,8,8,3
ddb46f9e-d95a-4dbb-897b-3c79601b2cad,3,9,6,3,0,8,5,8,4
ddc70e39-d5cd-4924-a9d1-3a559efb2e18,3,10,6,9,4,7,5,2,0
dddd9a0c-c5c3-420a-800a-7738d5dd50e6,3,11,6,6,1,10,5,4,0
dde60bee-1589-4d82-bedf-6f0158094121,3,20,4,21,6,0,0,5,5
de062143-5dce-4f75-8d66-cc3e576c538e,3,9,6,4,0,4,2,0,0
de0f68df-c549-4e1d-97f7-d8ad19707939,3,11,6,15,5,3,3,7,6
de3181f4-2c59-4861-b7b0-bc63ad730d75,1,14,6,13,4,7,5,3,1
de49ca0c-8ccd-4b44-adcb-589f7fc60f08,1,12,6,10,4,10,1,15,7
de4cf9a3-4f3c-4fd4-9f56-e97e120f3b8d,1,8,3,10,6,10,9,6,4
de75bff9-9d35-4490-a61d-d4483303371d,3,10,6,7,2,7,5,5,3
de8aebcb-da26-4a44-a54e-73e091e5e276,1,10,6,8,3,13,5,10,2
de8e6d8e-e089-4bd6-828c-8915652ae50a,3,12,5,12,6,4,2,7,5
de9d7939-3721-4b60-87f1-df859746e8ca,1,14,6,11,3,9,2,15,8
dea76b41-dd77-4d03-9a17-c9acd5eae5e4,3,6,6,0,0,14,5,13,3
df1b3b45-3857-43ce-986b-5a43ab03eb79,1,10,6,9,4,11,5,9,3
df285ff5-469c-425c-b2b3-598206c087dc,1,4,0,10,6,15,6,14,5
df2fac98-1f0c-451a-9a33-e028af709e78,3,12,6,11,4,8,5,3,1
df3cd3ae-d8e9-4290-9328-1603c7698586,1,11,3,14,6,18,8,17,7
df66a9d7-391b-40d7-9ba6-dcaceaa502e3,1,12,4,14,6,17,9,14,5
df80ca96-e87b-4abd-9120-dc7413a06d39,1,11,6,6,1,10,5,8,2
df98b352-b309-4370-a5bc-7c417bba90ba,1,10,6,11,3,13,5,10,2
df98c242-661c-43c1-85fc-76562a13485d,1,7,3,9,6,6,2,9,5
df9e832a-055e-4b1a-a482-1bdddacd1964,3,9,6,8,4,10,0,16,7
dfa2239e-7733-4a2c-9bec-328c007e2fae,3,16,6,16,4,12,4,14,8
dfb8972b-feb8-48f4-af5b-517a5ff467dd,1,8,6,5,2,8,5,4,2
dfbc6a45-6e43-428e-a910-fc7d95a6ffc1,3,5,1,9,6,2,0,7,5
dfd69282-14dd-4249-a30f-891caf4265a5,3,6,2,10,6,2,0,7,5
dfe22eb4-b4b3-40bf-b2f3-8a4c84cd08be,1,8,6,6,3,9,5,7,2
dff53159-09ea-4193-a6aa-84473e05d229,1,9,6,7,4,5,2,9,7
e008fea4-6896-4da3-a4d4-b901cb43e773,1,10,6,5,1,7,5,3,1
e0167f06-6a95-425e-91bd-14f575d07e8d,3,2,1,7,6,10,4,11,5
e0275dd5-5813-4ab5-8efc-7bd5f8866951,1,16,6,14,3,10,5,2,0
e0289dc7-7c45-4e79-8421-1f175aaa9ef9,3,11,6,7,1,7,5,3,1
e02fa084-b3f7-4ff5-ab4c-bc155cf49412,3,16,5,16,6,14,7,12,4
e0353aca-55bf-4510-bbe7-45f758147322,1,9,1,13,6,9,3,12,5
e0583e80-1a61-4032-b2e6-544beab85d38,3,12,6,7,1,10,5,9,3
e08770b9-8c5d-4569-9ee5-a2e06c3fad64,3,8,6,2,0,8,5,6,2
e0989e24-79d1-4d2f-83b4-c43554847cf2,1,2,0,7,5,4,0,15,12
e0a41c14-c7b2-49bf-96ec-1f28602b35a0,1,13,5,14,6,6,0,11,5
e0f2eb3a-b26d-44d6-80a3-860699b4a132,1,13,4,11,4,22,8,21,7
e105810d-4f7b-443c-b29f-202db640bd4b,1,6,6,1,0,14,5,10,2
e123a48e-271d-43cc-aedb-d5bc496c6289,3,10,4,12,6,12,7,8,3
e125a900-31e9-4e84-a0c2-8843a95d35f9,3,11,4,14,6,13,7,11,2
e12b6bdb-807b-41d7-b60c-f93f273b234b,1,9,6,5,1,10,5,5,1
e12dfadd-a01c-4d66-bf09-c8d8329d70a1,3,11,3,15,6,12,4,12,5
e13636ac-303f-4f26-b5b1-9398cd690d32,3,11,6,6,0,11,5,9,3
e13acf2e-fcc5-422e-9652-6dd8659c72e6,1,8,5,9,5,11,6,6,1
e13e1137-a4c1-4d99-894a-24b858a63e26,1,8,6,5,3,7,5,5,3
e1628ff1-4d2e-481c-8246-953cc8f94d56,3,11,6,10,5,10,3,13,6
e16bc882-3c14-4f7f-a117-84f75605185d,1,12,6,9,2,6,5,0,0
e176731a-36be-4eb5-91fa-16b529e764dc,1,9,3,12,6,14,4,15,5
e17ad70e-a2b9-45a3-9ebc-bcc4cd31e11f,3,8,6,3,1,10,5,7,1
e17e4229-e23b-420d-8a36-af71c73309fa,1,5,2,9,6,20,11,14,5
e18792ab-74d0-4b3f-a304-a9029cc46b76,3,13,6,12,3,15,5,17,6
e1995d3c-edae-48dd-83de-619056fdcae4,3,7,6,2,0,11,5,7,1
e19adf3c-ed77-48e0-8b0e-e32d99d70c94,3,5,2,8,6,3,1,7,5
e1a03f53-eb19-44a2-9d97-207f28f12ac7,3,13,4,14,6,20,9,17,5
e1b89e3a-a6f3-4de7-9dfd-fd23515d346f,3,7,3,9,6,0,0,6,5
e1b8ad6e-ddd2-43c3-b0c3-f035bd73ec59,3,8,2,11,6,5,0,9,5
e1bc8e05-2506-45f6-94f0-efb237346d1b,1,8,6,4,1,14,5,16,6
e1bf9b54-6c07-4a14-945c-34eeeef4741d,3,16,6,14,3,9,5,7,3
e1d1c26e-7471-4b2a-bd87-0bd2d473087f,1,13,5,14,6,0,0,5,5
e1f90377-37a8-4d8c-a72c-c6b28b13e56d,3,13,6,12,5,9,6,9,5
e20b8850-f992-479c-a660-dc140e1f3239,3,12,4,11,6,10,3,10,3
e215be16-f957-4fd2-9f0f-1aed88a89c3e,3,9,6,5,2,18,5,18,6
e2253f2a-9095-4d55-bec3-c177b373e080,3,10,6,7,2,8,5,4,2
e227600d-aeeb-4d1f-99bc-fb55d05e92de,3,13,6,10,4,13,4,18,8
e237a120-d8de-4362-b2f5-b188675625fc,3,1,0,7,6,7,3,8,5
e246eb01-836f-4a8f-b624-0ec247ab5da4,1,11,6,8,3,5,2,11,8
e250e889-8e17-4405-afea-e31ba230f350,1,17,5,19,6,15,7,14,4
e25a26f0-5958-4b46-9f16-41155bff9625,1,9,6,4,1,7,5,3,1
e25d7a00-cf18-4b75-a7aa-51ca912bd7df,1,5,1,9,6,7,1,11,5
e26c48a6-2915-46e1-8eb5-4a20215a01d1,3,11,6,7,2,16,5,20,7
e27d5f4e-088a-4b25-a6f8-ae0549245718,3,9,6,7,4,4,1,10,7
e2839182-1aa5-4cd2-bbb8-e0ac34ea6fd8,3,10,6,6,2,6,5,2,0
e283af89-6f77-4d35-87b2-5e13d58b1e94,1,9,6,4,0,11,5,6,2
e28b7f01-9fbc-412f-86fb-871506c9faad,1,12,6,7,1,13,5,10,2
e29d33a7-3334-4b2e-ba55-177ebf6f490d,3,10,4,7,0,8,0,4,0
e2a226d4-31cd-4f7e-bbfd-f7eab832166e,3,8,6,4,2,11,5,9,3
e2a41540-e1b5-41fb-ac06-240c8dc76147,3,13,6,11,4,19,9,19,9
e301e288-47f5-40e0-8fbe-a21b5571f07d,3,12,4,13,6,2,0,8,5
e30527a3-c33e-48c8-9de4-398288fd95b7,3,8,2,11,6,21,10,16,4
e3065d1c-f927-468b-b357-038b01d2cb36,3,12,6,5,1,7,5,4,2
e306fb3f-430f-4274-81da-654b10c281ac,3,17,6,17,5,13,6,11,5
e30f4558-d7a2-4cd8-8d5d-2bafaa8d2aa3,1,12,6,10,2,12,5,6,0
e30f79f1-ed24-4f7f-b5fb-559e317e2057,1,2,0,8,6,5,1,9,5
e34c1148-1331-4e11-a38c-3aeb8f5c957a,3,12,5,12,6,2,0,8,5
e3501ce9-514a-45a9-94f2-7673d00e6516,3,9,6,5,1,7,5,2,0
e387a724-fae8-41a2-8fba-2fa8c1b05678,3,10,6,8,3,7,5,2,0
e38a11fa-28ce-42f1-aa0d-d75461062a62,1,14,6,11,2,15,5,8,0
e392c7f5-94c5-4b56-b890-6eeb16580407,1,15,6,11,2,12,6,14,7
e3b10f57-a742-4482-b212-ba0ec7325305,3,13,6,12,5,11,5,8,2
e3b65bfc-06ed-41c8-97ed-39ca05b69ddc,3,9,6,5,1,5,2,3,1
e3bfecd2-5530-4e2d-8c25-56345d592b3e,1,9,6,7,3,13,6,13,7
e3c95389-c513-4144-b948-47eea342f00b,1,9,6,5,2,15,5,17,7
e3d15c15-05a1-473c-9ae5-8f36785f7473,3,7,6,1,0,7,5,2,0
e3d1cc9f-213c-4b46-a21f-2d79e5e4ddcb,1,10,6,7,3,12,5,12,4
e3e71808-7c66-4cab-adfe-095bafc4c5ec,1,11,3,13,6,19,6,18,5
e3ee1d41-633d-4a15-a55d-986b3c321eb1,3,11,4,13,6,7,3,9,5
e3ff6681-e130-45de-91af-075b9c8207ed,3,7,6,1,0,12,5,14,6
e4263d5a-1cb1-4a4b-8b8f-0d69384943cc,1,15,4,16,6,12,7,9,3
e4448063-7888-4ac2-8422-76778fb0b0a5,3,12,6,11,5,16,5,19,7
e445aa47-1094-4d8a-b047-0cfbf0159509,3,7,6,3,1,12,3,8,0
e4468558-858f-4e11-b701-b3fd23d706c9,1,9,6,5,2,9,5,6,2
e4664f43-7048-4c82-828b-5b02f3c31170,1,14,6,13,4,8,5,2,0
e4705dcd-27d8-4ffe-a10b-ee15156f1306,3,11,3,13,6,11,3,15,5
e472e49f-dad4-46e0-b1fc-363a898fd8f3,3,17,6,16,4,12,4,14,8
e4799a7c-253c-4423-a58b-13e87ee5eb41,3,9,6,5,2,6,5,2,0
e4962b00-212e-4f59-9ce8-0fe0c64ef5d9,3,11,4,12,6,6,2,8,5
e4a0c0c1-a52f-4294-8c6f-901862db45f3,1,15,6,14,5,9,6,9,5
e4a22370-a862-4195-9417-ffeb7149809b,3,8,6,7,4,12,5,13,5
e4aea96d-b981-489c-9f82-e8e87122d36d,1,15,6,13,4,13,5,10,2
e4c9138d-b743-4d1a-a106-4a8a9667282f,1,17,6,15,4,4,1,6,2
e4e5c62a-ef02-4a00-b3f8-cea9c6da4fdc,3,11,6,10,5,8,5,2,0
e4eabe66-6e89-49fa-9071-cea7b46223cc,3,9,6,6,3,12,5,10,2
e4ee84cb-82ab-4fec-b06b-4d0cf3630148,3,13,6,13,5,7,5,2,0
e4ef10da-4996-4d9e-bed9-2ffe62db8758,3,10,6,6,2,7,5,4,2
e50250c0-9a14-45d5-8f77-4a0fa9cff2d4,3,9,3,11,6,15,8,11,3
e50d4dba-59d2-4b72-8b96-8d89a089f54c,3,12,6,9,2,14,5,13,2
e5145da9-7833-437a-8678-b8a7f61aaf46,3,11,3,13,6,0,0,5,5
e53674ec-b9e8-4bd4-a8a6-d6377a103282,1,5,1,10,6,7,1,12,5
e5453e8a-53b7-4e00-ae80-7740eb38c40a,3,10,5,10,6,6,2,9,5
e55a5528-a415-4ae3-a05c-e80d9cbd51cc,3,15,5,16,6,11,6,5,0
e564127a-a65b-4189-8622-d6254fc9eab7,1,13,6,8,1,9,5,6,2
e5677746-236e-4e12-8d3f-78e11a6fa6cb,1,7,3,9,6,4,0,11,5
e56a315b-7594-498b-82bc-85ee8072d0e6,3,10,6,6,2,10,5,7,1
e56bd814-5f63-40a8-ba64-a33420216a78,1,10,6,8,3,8,5,5,3
e5aa17db-fd5f-4e96-a775-3d1c99025c57,3,4,0,10,6,24,12,17,4
e5aa7ddc-03a3-4d74-9467-19c5d3664c7e,3,9,4,10,6,14,6,15,6
e5ba1136-066d-4d98-938e-245faf237b77,3,7,6,1,0,6,5,4,2
e5bfc932-2ffb-43d4-bd69-ada71e41c8a0,1,9,6,3,0,7,5,2,0
e5c12a4e-4940-4891-be48-8b81e1f2581e,3,5,2,9,6,11,7,9,5
e5d367a2-ef47-479b-95ce-bf3e93325fdb,3,10,4,12,6,16,4,17,5
e5d4790f-80b0-45dd-a2bd-0f5731b8c1e3,3,14,6,8,1,15,5,18,8
e5e4eada-b2fd-40b1-bac7-7b4f0d790d45,3,13,5,14,6,10,1,15,5
e5fbe341-79f5-43a5-b73e-2b287be9030d,1,5,2,8,6,17,3,20,5
e6205d98-e7e7-4056-8324-f1bd261eb62f,1,0,0,7,6,2,0,9,7
e62e2fa3-90c5-4b27-860c-91c731b7eb35,3,9,3,12,6,9,8,1,0
e64a7a87-c3a2-467d-a040-0f3b8092f629,3,5,2,8,6,7,3,9,5
e64d1049-58f7-4fc0-9610-2d11e9fee337,1,11,4,13,6,11,5,11,5
e651fd32-3a49-4675-9b23-b5693826ee19,3,8,3,10,6,6,2,9,5
e653b81f-048c-44e2-8e2c-f0077a20dc09,3,4,2,7,6,4,0,10,5
e6556266-c9ca-4095-bd9c-78554938e508,3,10,4,11,6,14,6,16,6
e659d14b-78e2-4a45-9013-3e2bc3674863,3,13,6,10,3,8,5,5,1
e65ffd11-b6cc-4b59-9576-963fd0fd1461,1,10,2,11,5,7,1,10,5
e666d972-f779-4fa8-9514-d7fcf61c4fd9,1,11,6,6,1,14,6,16,8
e6696f81-bd2f-45b1-9b13-673839af7b4a,1,9,2,13,6,2,0,6,5
e66f312e-ed10-4e5f-a71d-4b7e25d0c29b,1,6,4,7,6,7,7,3,1
e6876ca5-7f45-4411-aad0-6f2a3960b2fa,1,9,6,4,1,6,5,5,3
e68d9a97-dbee-4d29-9e73-f07109f4b104,3,11,4,13,6,2,0,6,5
e69ba88d-9a82-4305-94c8-98ff5e5d23e7,3,11,6,9,2,9,5,3,1
e6a1e618-be36-4f3d-b65b-844fad43af3f,1,3,1,7,6,2,0,8,5
e6b6706f-11d4-4ca9-8fd0-3194d9b30117,3,7,6,4,2,8,5,2,0
e6ba424c-61b6-438a-b961-92801ea37269,1,2,0,7,6,3,1,8,5
e6bc4f32-37c6-4b23-8ede-468717d5def7,1,9,3,12,6,9,8,1,0
e6d88092-314e-49f3-a224-6c5dbef6df3d,1,10,6,8,4,13,5,8,2
e6fb2d44-0431-4370-b4a2-1c855be67c01,3,7,6,1,0,7,5,5,3
e6fcea18-622e-40b7-946a-f1cf9010406c,3,13,5,14,6,12,7,9,4
e6fcecc9-cc1a-4f4d-b25e-ebb5b14646c1,3,14,6,12,3,17,8,18,9
e70162b4-d746-4bc5-bc80-b25b2aede884,1,10,6,3,1,5,5,0,0
e7116bdc-2325-475f-81aa-4b0057d7b56f,3,8,6,8,5,7,5,6,4
e72173b8-aead-42b5-ab25-9ad491ab161c,1,5,1,9,6,5,1,10,5
e7223ca6-0f8e-4f82-a41b-a249ee78b273,3,10,6,9,4,17,5,19,9
e722901d-9074-418b-a985-429e9832e14d,1,12,5,10,6,13,6,7,3
e728c8bb-d3e1-4a9e-883d-a3b29987deda,1,9,4,11,6,16,7,12,3
e72a5f13-419c-4872-9b1b-4231f2c30f0d,3,14,6,13,5,5,5,0,0
e741299b-eb89-4c1b-abf3-c5b16db77e16,3,11,6,6,1,9,5,7,3
e74c8a36-2a3e-49ef-b93f-4ef9baf8014b,1,10,6,10,5,11,5,8,2
e752a903-3e2b-4695-982e-8b9e8ea2d97d,3,18,5,18,6,7,6,2,0
e777359d-98f1-48a6-b589-636c69ee4c26,3,12,6,11,5,8,3,10,6
e7a50bde-7ce0-448b-aa59-b7a890c61222,1,8,4,9,6,10,2,13,5
e7a605a7-16e5-4164-9bf8-896f237f459f,3,5,2,8,6,14,8,12,6
e7b13c02-b391-4e2f-bb16-88fee0129c8b,1,8,6,5,3,7,5,2,0
e7b5c76f-7b92-4323-aeec-5e9d26e672f0,3,10,3,12,6,7,3,10,5
e7ddb780-9b02-4b4c-8767-0e18bf8178fc,3,11,6,8,2,14,5,12,4
e7ea6fe2-365f-41bd-97ff-465cf7ea80f4,1,6,3,9,6,8,2,10,5
e7ee3646-9d8b-47cd-810d-b7582907c158,3,10,6,4,0,8,5,5,1
e7fda481-f408-4667-8baa-119e2708aaf7,1,1,0,6,6,11,5,8,5
e8028cf1-cb97-4007-9be7-f30f5e4df5a2,1,14,4,15,6,2,0,7,5
e8145e84-57c2-41b5-a7f9-ca39085c06ab,3,9,6,6,2,10,5,5,0
e825ed42-49dd-4ea7-a123-d61d00730fe1,1,9,6,6,2,7,5,5,3
e831e27e-8499-4530-84d0-1194a783a53b,3,13,4,14,6,11,3,14,5
e83c3c58-f767-40fa-9b6d-73fd31fc67f5,3,9,3,11,6,21,8,14,3
e8408c10-f5b9-4ca8-bc82-fa5fe1712e6a,1,9,6,7,3,6,5,0,0
e854292e-2401-4bc5-8e5f-394236c3f66c,1,7,2,10,6,2,0,8,5
e874d2ac-0385-4d85-bed1-d6ad918c858a,1,6,2,10,6,13,5,12,5
e88e2573-3833-4bf7-8344-07f1ec4dc5ee,3,8,6,2,0,12,5,13,5
e8903519-45d0-447e-ac4e-dd46d59a3914,3,10,6,6,2,10,5,8,2
e89104ff-03e6-406f-b754-be093d7bb78e,3,8,6,6,3,16,5,14,4
e8a7f8c9-6b49-404d-a2fd-de2e4d7a3c90,3,4,0,11,6,11,0,23,13
e8a9192e-dbc2-44e4-b2d1-bb53b1810cad,3,8,6,3,1,7,5,3,1
e8a97887-1dc3-4688-8ef9-56b992c9d0d8,3,8,6,5,2,11,5,7,1
e8bb8a97-a765-49f5-9cc7-1c7e08db5fe0,3,8,3,11,6,5,1,9,5
e8c048c7-9d83-45d0-bbee-8cdb83e8acd6,3,10,6,4,1,8,5,8,4
e8d59539-5dc9-46d1-af5e-1faa0536f696,1,9,6,4,1,7,5,2,0
e8e53a99-bd36-4182-8a68-22dd2d3e00ff,1,7,4,8,6,10,6,5,1
e8e69c05-1ca8-4be5-b23f-77a60bf94814,3,13,6,10,2,9,5,6,2
e8e9971d-25fc-45be-b954-ec4c2e6fb2b0,3,6,1,11,6,2,0,7,5
e8ebcd74-7c43-4100-a9af-7415911f726a,1,18,4,19,6,13,5,14,5
e8efc2c7-5af8-4ea4-81c2-f42813fa5757,3,7,3,9,6,14,4,15,5
e8fcfefa-f834-4a9f-97b2-3770961dc0d1,3,9,3,12,6,12,4,12,5
e90715de-0329-40ae-ad67-2b3763a666de,3,6,6,0,0,6,5,2,0
e91e0126-f6be-4f98-9123-05e9f39d0c10,1,9,4,11,6,11,3,12,5
e92226ee-9147-4db7-9a6e-36760a3d0c00,3,6,3,8,6,21,9,23,8
e922907b-5aa9-4e3b-ab93-221bba5d21f9,1,13,5,13,6,8,4,9,5
e9247673-e703-497d-9088-75c961ac3877,3,9,3,12,6,11,5,10,5
e924b5ed-5f9d-4c71-a245-a95ed23196af,3,11,6,8,2,9,3,14,9
e92cc81f-14ad-4a47-81eb-3fc93936e342,3,10,6,6,2,18,5,15,3
e93fed7d-b5d9-4fd6-a7cf-57d2a84779c1,3,14,6,10,2,6,5,0,0
e940f650-a80f-44bc-991c-9ab02cabe003,3,14,4,15,6,4,2,8,5
e94a0075-9b5c-42e0-a15d-679fa609b4e3,1,8,4,10,6,8,4,9,5
e95b1447-923e-48c9-8c21-87e6afc3f239,1,8,6,2,0,8,5,6,2
e95d50c6-dccf-4d97-91ac-af1ac8727cca,1,12,4,13,6,2,0,8,5
e9680b42-9845-44f9-a43b-a3e2217ae889,3,11,6,9,3,12,5,12,6
e970e009-1849-4400-a635-680de6ee16a0,1,9,3,11,6,11,8,5,1
e9903c1c-f139-43d5-91ec-140a5f81813c,3,12,6,10,3,9,5,3,1
e9a65e7a-71b5-4866-8612-3a3f496305c0,3,7,6,4,3,8,5,6,2
e9b3c18b-0665-4b89-9304-22ad9bc8b097,1,12,6,6,0,9,5,9,5
e9e5f114-23c0-4f30-8817-8a086cd99aae,1,2,1,4,3,15,5,17,9
e9fecc5a-8195-4856-b25e-1fad718bcad0,1,14,4,14,6,12,8,10,4
ea03e0c3-2839-427d-b6a4-e8dbd0ca1518,3,10,4,11,6,15,8,14,4
ea065d56-e849-41c2-a12a-cd518d5dbeb8,1,12,6,9,3,6,5,2,0
ea18f1ce-cd5e-4c92-ac0f-2c53f2c70d48,1,15,4,17,6,19,7,16,2
ea1b0795-0000-454d-8d94-24b552238508,3,6,0,11,6,2,0,11,8
ea26f04c-b1ed-4879-a89c-89b96371fbdd,3,10,6,10,5,8,5,3,1
ea3ade03-f128-4e2c-96f6-161f2b923808,3,11,3,13,6,5,1,10,5
ea5dc47f-07f8-4752-8d48-da3d4374d92b,1,4,2,8,6,14,9,7,1
ea6d3886-1bf8-41f7-8599-2f9ef1b1021d,1,11,6,10,5,15,5,14,4
ea6d4e34-3921-47f1-85a2-ad96e3fd21a3,1,10,6,5,1,17,5,20,8
ea8388e0-7865-4995-be57-62c92fb9afea,3,8,6,6,3,8,5,4,2
ea977ab0-1058-417b-8e67-a84338505b97,3,10,6,9,4,13,5,10,4
ea980976-51e9-4da5-bb0b-76dba5556c78,3,15,6,12,2,13,5,16,7
eaa00224-097b-4e3b-8ec1-4a50379ec3aa,1,11,6,9,4,1,0,8,7
eaaeb364-7731-4314-85dd-eeda1a65abf6,1,9,6,7,3,7,5,3,1
eabdb706-6d95-40aa-8f5c-bff86695a0ca,3,8,5,8,6,8,6,4,0
eabfd8cb-753b-4e06-8c2a-17839cf639f6,3,5,1,10,5,14,6,13,5
eae33a84-4a55-4fe1-af84-98a812be8e29,3,13,6,10,3,10,5,9,3
eae3f72c-6ca6-4ed5-964c-e1830cac3f8e,1,7,3,10,6,14,8,13,7
eaf09f09-7a08-4bd3-a2e5-75a9116392dc,1,6,4,7,6,20,7,17,3
eaf38a18-7912-4940-8c90-b9d0499ae703,3,9,6,6,2,8,5,3,1
eaf5fd27-10f1-4680-a449-8f836fc8183d,3,9,6,3,0,9,2,17,11
eafaa903-aace-4448-8783-0b99d472ac70,3,13,6,10,3,10,3,14,8
eafc5955-8ef1-4e4e-9eb7-28f47e428da6,3,11,6,5,0,9,5,6,2
eb0c497a-7d9b-4048-8657-c92e85304c08,3,17,6,13,2,18,6,20,8
eb0fdd36-548a-4aed-85c6-8138dbd8f83c,3,14,6,12,3,6,5,0,0
eb136a82-f46a-4d97-b1f1-fb087e7fae51,3,10,4,12,6,16,7,10,1
eb193719-558b-42f3-a68d-8f4dac1c72ec,1,9,6,4,1,10,5,9,3
eb1dbe40-0b7c-4bd4-849d-5307fa5460e1,1,5,2,10,6,13,7,12,5
eb1e0f91-66d5-4262-b8e3-d4a8ecabe648,1,4,0,9,6,21,9,16,5
eb2858a4-51a7-48ec-a3a7-554f1cf3a891,3,11,6,6,1,8,5,13,8
eb336d16-3744-4c1a-bb12-54a2cfb5663f,3,6,3,9,6,10,2,14,5
eb3550d8-0c54-4d2e-805e-6aa4c2ebb7e7,3,7,3,10,6,8,4,9,5
eb3d4a00-30e2-4690-bac0-ddd79210b418,3,9,6,4,1,7,5,3,1
eb471481-3b53-4085-ad88-b8bf83f7c8a8,1,14,5,14,6,9,6,5,1
eb4770e6-28a2-4a9b-9bfa-ca3547b8d0ab,3,9,0,15,6,7,3,8,5
eb531d7d-6df4-402b-a240-1e41e533dc31,1,11,4,12,6,0,0,6,5
eb8d6be1-ef15-483d-bfb1-fd4b3009ce38,1,10,5,11,6,10,6,8,3
eb8f2a25-37f7-4696-b2a5-815518ae1f1a,3,10,6,7,2,10,5,8,4
ebacea3d-8035-44ee-93e4-1204706bbfdc,1,15,5,12,2,10,5,5,1
ebb81f46-aa8e-4139-96fc-4dd95dae9b8f,1,11,6,8,3,7,5,2,0
ebba4b65-cb0d-49e1-9e27-51ba7c08736c,1,2,1,6,6,20,12,16,5
ebc66378-9298-468c-a726-5d6f90f5a263,1,10,6,8,4,14,5,14,4
ec06c7fb-bc89-4220-85de-1e56af0fc8c9,3,19,6,16,4,12,5,13,5
ec09d140-080f-473a-8cb5-773b3e9944d0,3,11,6,5,0,21,13,8,0
ec152295-fdbb-4b1b-a264-d706060a5109,1,1,0,8,6,9,5,12,5
ec1e49e6-715a-4c42-80d5-55fdf8ec4929,3,8,4,9,6,2,0,8,5
ec213a9d-3214-49be-9bf8-d568731d8209,3,15,6,14,4,8,5,5,3
ec216a03-b76e-4713-8cae-6b8952451e96,3,14,5,14,6,4,2,8,5
ec2d0dd2-257e-451e-b678-3b80eea32d66,3,11,5,11,6,11,6,8,2
ec2dfcab-9c3c-4ac6-8e6a-8c0b1de83133,3,12,6,10,4,12,5,13,5
ec561ae5-6851-4810-b1cb-5ca195b2f12b,1,8,6,5,2,12,5,10,4
ec5c88b9-04dc-4cd8-8ad2-1e2699b9a3f6,1,15,6,12,3,6,5,0,0
ec7a8c8e-7905-4a42-b521-6e6b56c4b801,3,11,6,7,1,11,5,10,4
ec7b1f48-93af-45b0-bc05-d600f8251e15,1,7,6,5,3,11,5,9,5
ec879c3f-d2a4-407a-b388-66d29a32edad,1,9,1,13,6,19,10,12,2
ec95399b-2b0a-4c3a-9c37-7c577107b5be,1,15,6,12,3,4,1,11,8
ec964cf1-e2b6-4ffc-bc7c-98b98ec924d0,1,10,6,5,1,9,5,5,1
eccc87ac-e6a7-4c6f-bc36-396f2359027e,3,6,3,8,6,7,3,10,5
ecfb7db0-a104-4ef7-99bf-b5e862dd67d8,3,2,0,8,6,28,9,23,5
ed023176-ccbb-494d-b230-15387787e371,1,6,1,10,6,7,2,10,5
ed102f10-9de2-4dd6-8ca2-91cb494cfb2c,3,7,2,10,6,13,5,13,5
ed314543-b4c3-4166-9c78-d36a29d8ac99,3,6,2,9,6,7,3,8,3
ed4a51c1-56c0-4dcd-b535-75542f1578bb,1,1,0,7,6,19,11,10,3
ed4e89fb-595b-4633-be8c-32254be8f9e5,1,16,5,17,6,5,1,8,5
ed7cc246-53cd-4884-8a17-4ff6582516f6,1,12,6,8,1,9,5,4,0
ed8afb94-d418-4963-8472-d39b1adc4c6b,3,12,6,8,2,8,5,8,4
ed8e0c6d-ba04-44f4-aef3-5c20c073000a,3,11,6,8,3,10,5,7,3
ed9776c2-fd2b-4237-837a-04e8262c9f67,3,7,6,2,1,12,5,13,5
ed9a1d4a-e6fd-4478-966c-1ad55047b76e,3,17,6,14,2,17,6,18,8
eda5695e-4690-463f-86f2-00b658ee3621,3,11,6,7,1,12,4,17,11
edada77d-2cb2-4f7a-b159-36fffac12e90,1,10,6,7,3,7,4,8,6
edbd5c44-7632-4809-8e01-569dbbcb9584,1,12,6,8,1,8,5,3,1
edbdde36-5181-4df5-be26-32f55596ad73,3,15,6,13,2,10,5,7,3
edbf412c-632e-414a-9347-98355442506b,3,4,2,7,6,16,9,11,3
ede58927-bdaf-4dea-8c3e-abd524c68d52,1,13,6,11,4,10,5,6,0
ede98287-8b5c-4e78-a025-d591b83d2f6c,3,14,6,9,1,5,5,0,0
edee56f5-05c9-4e20-9181-d7a47d671d80,3,8,6,4,1,8,5,2,0
edf38cba-5f58-411d-955c-4d7348624d13,1,4,1,9,6,19,11,13,4
edf431c6-9920-417a-8262-3ce53e589360,3,15,2,18,6,5,1,9,5
edf7abb3-deed-45c4-beaa-cf9a517f47c9,3,10,6,5,1,7,5,4,2
edfeb027-d48a-4cfa-8c4b-72d099f14b9e,1,8,6,2,0,10,5,8,2
ee1e28ab-09ac-47d7-a506-4dff82065107,1,8,2,11,6,7,3,10,5
ee1f9f4a-ed07-4ec2-b7cf-b38c17e29c9c,3,12,5,12,6,12,4,14,5
ee231de5-ebab-4dc4-b2da-199c1d5ef6c8,1,8,6,5,2,8,5,3,1
ee397a92-ca6d-4ba7-8f27-ff0175bce2c0,3,10,5,11,6,6,2,8,5
ee3b3700-301d-4961-9797-c26ccbc19b39,1,9,6,4,0,7,5,7,5
ee401591-f2bb-42a2-9a96-069d0c22362e,1,11,5,12,6,9,6,4,1
ee411585-d212-470d-8a55-2462ea578503,3,8,6,3,1,6,5,3,1
ee5a918c-2688-4c5d-adae-778b7d70e1ad,1,7,6,7,5,7,5,4,2
ee5d51b1-b913-4517-b71a-d152d5f60189,3,12,4,13,6,5,1,10,5
ee64737e-5028-41a7-8997-96e45fd6ecc8,3,12,6,8,1,7,5,3,1
ee6df980-bd4c-4bc9-9b81-7334713a073b,1,13,6,9,2,6,5,2,0
ee7b11c4-98c3-4f78-9e03-68f595a11cdd,3,6,2,9,6,7,1,11,5
ee982134-f9b4-40b1-b08e-f174cb9d8fc9,3,11,6,8,3,6,1,13,8
eea6e200-e050-47fe-989d-46c417552551,1,7,1,11,6,3,1,8,5
eeaa3b1b-1b34-4957-affd-819819d7e8a9,3,9,3,11,6,8,4,10,5
eebc77ce-44ad-4332-9842-b6c317fe9128,1,6,3,8,6,6,2,9,5
eec7f806-25b8-4213-af3f-0fb4736b7716,1,9,6,4,0,13,5,12,4
eed029cd-c969-4f14-b376-9969d693e031,3,9,5,9,6,4,2,8,5
eee2fa3e-3a50-401c-b9e0-b9deef313be7,1,11,6,7,1,13,5,13,5
eefc5e2b-ac18-404d-8e5a-649a35ca284d,3,11,5,11,6,13,8,12,5
ef00ae0c-8d2c-452a-b089-0fe454d33cec,3,12,6,9,2,12,5,8,2
ef14eb3c-1aa2-4ccf-a524-217c6792e6eb,1,4,2,7,6,4,0,9,5
ef1d71a8-c848-4769-b423-bece2b091ab3,3,14,6,13,5,11,5,6,0
ef21001b-dd35-4209-82ce-64a02624ef71,1,9,5,4,1,8,5,6,2
ef244e2d-1843-4fde-a3cb-e4e6bb50ec09,1,14,6,13,5,5,5,0,0
ef25205b-2711-415f-9104-a57391b75b16,1,12,4,13,6,10,2,14,4
ef2604f4-7967-416e-a724-d2717db46bd5,3,7,3,9,6,11,5,12,5
ef26c5c7-dba7-456a-8e98-02964fdcfe62,3,11,6,10,4,8,5,4,2
ef28341b-d050-4b65-bfb9-1102f287d33a,3,8,3,11,6,9,3,10,5
ef2fa698-fa05-48b0-9a09-bb5214799af2,1,13,3,16,6,11,8,5,2
ef3a9401-3949-45d8-941a-ef9721c3c966,3,14,5,15,6,16,6,16,6
ef3ebbd3-7dab-4973-846b-7d4513156974,1,1,0,6,5,9,0,25,15
ef4dc03d-1a0c-41a1-8fe6-4bb84067aee7,1,8,6,6,1,6,5,6,4
ef72fd39-8a7a-43b5-bfde-86b18e487ba1,3,7,6,7,5,6,5,0,0
ef753a10-61de-4f1f-b0ba-e5aadc023c6e,3,8,6,3,1,8,5,5,1
ef7803a7-977c-4566-b32c-023ae08e12e0,3,11,6,7,2,7,5,5,3
ef84eb08-e54c-415e-9e63-294c4598cdcb,1,9,6,6,3,17,5,16,3
ef90da03-a0a8-4f26-a416-b17a52d2ea12,1,7,4,9,6,0,0,5,5
ef931d64-de06-4941-96f2-f7f7bcd52a39,3,18,6,17,5,8,2,10,6
ef9b7e78-b17f-4364-9762-659f529cd9e1,3,11,4,12,6,7,1,12,5
efb13510-096a-4506-932b-a990047fa57b,1,11,6,6,0,5,5,0,0
efb4f7f6-5117-43fd-8f93-cc9ec4b2c92e,1,9,5,10,6,13,3,14,5
efc11e65-a4dd-40ab-a6b2-38ed66987dad,3,11,6,6,1,10,5,9,3
efc565e7-4a60-40eb-9b36-b05d65ae7f74,3,11,6,4,0,7,5,4,2
efcb2053-33ae-4134-8b30-eaa7f5008874,3,8,6,4,1,12,5,7,1
eff5bfc9-0e2e-4d1f-a05a-9041ab775eef,3,9,6,4,1,10,4,7,3
effb182b-5c62-4d27-91bc-70604816554c,1,10,6,7,2,7,5,2,0
f0056aae-d70f-4704-a859-014df80adf2f,1,2,0,7,6,3,1,7,5
f006b100-6afe-4fd3-bbd9-8d7d5575285f,1,17,4,18,6,6,4,8,5
f00be107-3f0f-4b6c-b3ea-1b4c4496c564,3,12,6,11,4,4,0,9,7
f01df85c-e5c3-4570-9525-0d282a38c92c,3,12,6,10,3,8,5,3,1
f03cd98a-74dd-488d-99d8-3c507a2eb37a,3,15,6,14,5,8,5,6,2
f04d4b75-9f64-49e1-aa1e-75b5938d2d51,3,3,1,8,6,20,10,14,3
f07cb8ac-0a0e-4302-8a84-9ae95b3cccf5,3,11,6,11,5,10,5,6,2
f07fbf54-a2dd-476e-9b1b-d8baf483cf93,1,8,2,12,6,9,3,11,3
f095c873-336e-4d61-b6ce-724b12d9594f,3,10,6,5,0,6,5,0,0
f0af9314-4584-48ea-a45d-099792e26500,3,8,3,11,6,7,3,9,5
f0b0e028-fe21-43d3-a8bb-6caa5edebdf0,3,11,6,10,4,10,5,4,2
f0b42f6e-c1ee-403d-a37d-ac46a91bd805,3,7,6,2,0,8,5,2,0
f0c5ee66-089d-4be7-abf3-e8ff11c5315a,1,11,4,12,6,10,4,11,5
f0c6be80-83c4-4d6c-a7f5-03e55e3d91ea,1,5,0,11,6,9,5,9,5
f0ca686e-1b22-4e01-b1c4-8dba69a78401,1,13,4,14,6,9,1,12,5
f0ce8d5f-b284-4209-a020-40e1907255ad,1,10,6,7,2,11,5,9,3
f0d5aa01-1c37-4df7-8cc6-acc7202ab5d6,1,9,6,9,5,8,5,3,1
f0d9d9c7-9d91-472a-beed-215aa594618e,1,10,6,6,1,13,5,15,7
f0de3d2b-649a-4dbf-aac6-055d242ea7f6,3,8,4,6,1,15,7,12,4
f0e10617-7b8f-432d-8f79-fe78a43b74ed,3,4,1,8,6,6,0,12,5
f0e1febc-a1d3-4ecf-8aff-1a5ba3b37524,1,3,1,7,6,2,0,8,5
f0ebef8a-f136-4d1c-8476-7bdd3986384a,3,8,6,2,0,17,5,16,4
f0eee04a-074e-4a87-913c-87ae7311fc32,1,12,6,9,3,9,6,11,7
f0f67bee-25e8-49db-8c8a-77020fe98dc0,1,8,6,4,1,17,5,16,4
f103f3de-1341-4ed3-8799-781655f2ff1d,1,7,6,2,0,12,4,14,6
f10dd034-baea-491e-b8fa-3f0244152ae4,3,12,6,8,2,18,3,24,9
f136e196-b703-40c7-b963-ee5cff814a8a,3,8,2,12,6,20,10,15,4
f1473fd9-605b-4611-9516-0646393f04cf,3,15,6,15,5,11,3,13,6
f152ca63-fbf9-4e8b-858e-da10e5f48e20,3,12,6,10,4,9,5,8,4
f15b02de-fcec-4f31-a34e-d717bf2204b5,3,12,6,10,4,8,5,4,0
f166078b-64e3-4f38-943c-9086787067f2,3,5,1,12,6,11,5,10,5
f183400e-12ab-4d04-876d-6d82c31690df,3,13,6,10,2,13,5,10,2
f183bd8e-cdb6-42e6-9996-1ff607b21935,1,12,6,9,3,19,5,18,4
f194e865-7a2f-4789-bdb5-940cd0daf9a8,1,14,4,15,6,0,0,6,5
f195379a-345a-4b98-8f4e-af50097d86d4,1,12,1,16,6,22,8,18,5
f19985f7-dce0-4d41-9afc-959d9ea95841,3,10,6,6,2,7,5,4,2
f19f60c0-06fb-4fe3-b705-0a6b36184a39,3,11,6,11,5,14,5,12,4
f1a1925e-3f4e-44fd-8966-dc83e9f2e242,3,10,3,13,6,10,6,9,5
f1a4894c-b70b-4795-8309-385553240156,1,12,6,12,5,2,0,7,6
f1b6d53d-0657-455c-bdb0-1590c067c088,3,9,6,5,2,11,5,9,3
f1bc1aa7-1644-44e5-893c-f9fdc31e3340,1,2,1,5,5,15,10,11,5
f1c28cc8-232a-4d33-9bc8-653f3a6829f8,3,6,2,9,6,3,1,8,5
f1d14d46-19b9-4d4e-bfbe-6b6ed46d265c,3,12,6,9,3,13,5,12,4
f1e2a97c-baa5-4481-9c18-ac44657276b3,1,11,6,10,5,8,3,11,6
f1e3d051-2f60-45cb-b585-52ae0a9f3712,1,11,6,7,2,7,4,2,0
f1e4d852-219f-46f4-a65b-0c53d904baba,3,13,6,11,3,12,5,11,4
f1ee7cdd-c88d-4fba-aecf-4d05dd030519,1,12,3,15,6,11,8,3,0
f1f04a15-4e21-48b8-8b38-98dc6e66a52d,3,13,6,12,4,7,5,2,0
f1f7abb8-0ae3-44dc-983e-8701e426c4d6,3,10,6,10,5,15,7,14,6
f1fbb011-90e1-434d-ba37-833e27c54d96,1,14,6,13,4,7,5,2,0
f1fe4ce4-c997-4a22-9ad0-b59b7fae9657,3,13,5,13,6,14,8,15,9
f21abb44-1260-4fdf-8276-4ae537a82326,3,12,6,10,3,12,3,15,4
f21dbc15-1c31-4aca-a1a5-29e7e3f74019,1,12,5,12,5,8,5,4,2
f2313624-d132-47c3-9e38-3c28f48ada10,3,13,2,18,6,7,1,10,5
f23ee20e-0e85-4e15-ba31-5b265199ee10,1,11,6,5,0,9,5,5,1
f23f601e-a670-4d05-8979-bdae62800c41,3,13,4,15,6,14,7,10,3
f2430634-a2ff-4b1d-8b3d-d1ee8ee9234c,3,8,6,3,0,12,5,7,1
f245184b-3024-4339-bfbf-5b8eb36da4e2,3,8,6,5,2,7,5,3,1
f262ed4e-ddcb-416f-bfa9-6b674600bdde,3,6,6,1,0,7,5,5,3
f26ca234-107f-4e99-81c0-57ae8922fe4d,1,5,1,9,6,0,0,6,5
f271c97e-facf-4d10-8f85-e5a286833801,3,9,4,11,6,13,7,9,2
f277f3b7-71bb-4f9c-aea8-8a7f85fc592d,3,15,6,13,3,6,5,0,0
f2882b45-577b-4864-a999-49c3e217f0ea,3,16,6,16,5,9,5,4,0
f28aa00a-b719-46e5-9ba2-4c3dffe036aa,1,5,1,10,6,5,1,9,5
f28e7370-0f17-412b-a037-ad9c5f2f2d5d,3,19,5,15,6,2,0,2,1
f2939b3d-64f9-4524-adce-e15c7e77a399,1,11,5,12,6,6,2,9,5
f2a749aa-8f12-458e-a0bd-2e639e949869,3,6,0,11,6,13,5,14,5
f2a8c3b4-996e-455e-8b8d-542c9077e42d,3,12,4,14,6,5,1,9,5
f2be8a50-32a5-44e0-b41d-408e9e6753b0,3,13,6,13,4,5,5,0,0
f2bf6f37-e425-4a3c-92e2-f6a387c3a628,3,9,5,9,6,13,6,9,1
f2c29526-7ec1-42cf-b668-21bb63d4d32b,1,2,0,8,6,14,4,15,4
f2f02069-9beb-46e3-bc0f-ddd4fd588cb7,3,9,6,3,0,23,5,25,9
f3055895-4fa6-42da-8dc7-198965bab361,3,5,1,11,6,9,3,12,5
f307584f-ea8b-4c06-83d1-941c08258c7b,1,4,0,10,6,3,1,7,5
f310d335-41e7-4df9-98bc-d180a0dd0fb8,1,12,4,14,6,10,7,4,1
f3195d4d-0c09-4bff-86e1-aab9adc55567,3,8,2,11,6,8,2,11,5
f31c6ea2-0397-4539-832e-1f1adcf7be37,3,11,6,9,3,10,5,5,1
f331723b-2c4a-4932-803b-baa0bbb97ab5,3,2,0,8,6,6,4,7,5
f33852a0-c30c-4954-926e-cd1690c2d378,3,12,6,10,3,10,5,6,2
f338f361-ba9f-4b35-ad17-2c611b2536d8,3,10,6,7,2,10,5,4,0
f35cff3a-0c7f-4b24-9c59-efd9bcfdf5db,1,10,5,10,6,2,0,7,5
f35ff7c0-ab9c-4e9b-aa43-5199dc215146,1,10,3,12,6,4,2,7,5
f360d3ab-3d8a-4b99-a4ff-76de3f2d8ae8,3,9,6,4,0,18,5,20,8
f37c6196-c2a1-40c7-b263-3eed62974906,3,5,2,8,6,0,0,6,5
f37cf165-b14e-44a3-956f-860e53305d01,1,4,1,8,6,19,7,18,5
f38bd6e1-227c-4002-8e29-2076425ba0b8,1,14,6,10,2,7,5,2,0
f3982b88-9b0b-407b-b70d-ed10ccc5f610,3,11,4,12,6,12,6,12,6
f3ab9d8c-4527-49b9-9a8a-546bc34653f2,3,11,6,7,2,12,5,13,5
f3b8e045-f8e2-4bdc-9fcd-ddb6a01bd247,3,7,4,9,6,0,0,5,5
f3e069ab-5844-49d3-9b55-33791cf41408,3,12,6,8,2,10,5,11,5
f4297568-058e-4750-b7bf-e7d284a83660,3,14,5,15,6,6,6,1,0
f430c601-5323-4204-8edd-dad5ed4f51e4,3,10,6,10,5,18,5,16,4
f4395d0d-a57f-4e0f-8e46-e056f52ec2dd,1,10,6,6,1,14,5,12,4
f44f13a7-e14e-4598-9642-23e6f54debb4,3,9,6,6,3,9,5,6,2
f48263f3-c54f-4eb3-a5d2-6b6dae5adc67,1,10,6,7,2,9,5,8,3
f4943575-3bfd-48b5-aa6c-847bcf28a1e8,3,14,6,9,0,17,4,10,0
f4bd1c57-a48f-4e38-911f-8153fccf36a3,1,7,6,3,2,8,5,8,4
f4c5c50a-fe5f-4a49-9bda-4e4174589a1c,3,11,6,8,2,7,5,3,1
f4c7c3a1-1852-47f9-aa1b-2f8d6b7013ac,1,5,1,10,6,4,0,9,5
f4ced784-d97c-484f-9a8b-ed977e14bf53,3,12,6,6,3,6,5,2,1
f4d35bb1-5848-47d2-8b78-bbadd696cd1d,3,11,3,14,5,18,8,9,2
f4d76b7d-bf10-4b18-b79f-41d97a3635b0,1,13,3,15,6,9,5,10,5
f4defb02-197b-426a-998f-840a6354b435,1,7,1,11,6,5,3,8,5
f4df8378-8ef7-47cf-ae9a-bac8e76f5fa9,3,13,6,13,5,5,1,8,6
f4e6cac6-1f06-44b1-90a5-52346a0b0fb8,3,4,2,8,6,17,9,12,3
f4f09835-bb32-4fe0-9ec2-3bdc9894ff91,3,11,6,10,5,13,2,16,6
f4f1adba-011f-42b0-8cd2-4850e52cb2a0,3,10,6,7,3,6,5,4,2
f5032744-fac7-4ae4-af6d-1532d37f1125,3,9,4,10,6,15,8,12,3
f51853ba-8b52-4a16-b4be-99ad349bec0e,1,0,0,6,6,16,6,14,5
f51f4bb0-9baf-41f9-8962-0cbf67088b34,1,11,6,7,1,5,5,0,0
f5265f07-855c-49bf-b549-7b7aa9d1906c,3,10,6,9,4,13,0,17,4
f543dc1b-74d7-45c9-a80a-3a5fb91aad8c,3,15,6,15,5,7,5,6,4
f54f29bd-9e19-4646-8377-60a49e4814ae,1,11,6,10,4,13,3,16,6
f5575039-4adc-40a1-a9b5-a9277bc2574b,1,7,2,11,6,19,8,16,6
f55d0292-bfc1-43c3-a67b-1ff2d8a12ea2,1,12,6,9,2,8,5,4,2
f5657ecd-c3f0-43f0-918f-06546674e9cc,3,19,6,18,4,6,4,5,1
f56a7598-2472-48c7-9425-72938d258af6,1,15,6,11,2,9,5,8,4
f57aaed1-a7bb-48cd-beae-92debacdff1f,1,20,6,18,4,3,0,10,7
f57acb4c-db9e-4340-809c-302bc54343dc,3,14,6,12,3,17,5,14,4
f59409ce-a3b2-4c3b-8871-186708aba94c,3,11,6,10,5,5,3,4,2
f59aa44d-d304-422b-9dc0-eebaf42aee0a,1,12,3,14,5,0,0,6,5
f59f6eb9-9522-4797-8156-2faae78d25e1,3,7,2,13,6,13,5,13,5
f5ec3c76-7588-41b1-9187-73a389a39c68,1,10,6,8,3,8,5,2,0
f5f2b65c-3bfd-4afc-9986-037c88ce8abf,1,11,3,13,6,16,8,13,3
f601b3ad-7bbd-4555-ae8a-c21bd2f4422d,1,13,6,9,2,11,5,9,3
f60305fd-b27b-41fc-9e46-25a49edabe11,1,8,6,3,1,17,5,15,3
f6140afe-b882-4f69-ae35-a188f6579d1c,3,10,6,5,0,6,5,0,0
f6300048-5bc6-496a-82bb-e47ee782d35c,1,10,5,4,0,11,4,8,2
f63d8a88-bb21-493c-acf5-9bfc27cc5990,3,10,2,13,6,5,3,7,5
f65c501a-ddc8-4c9a-820d-42e103474a8f,3,6,6,0,0,7,5,2,0
f65e45d1-10fb-4bc4-9692-01419107aada,1,8,3,11,6,22,8,17,3
f6617d3b-01b0-4de7-8811-87f330c34490,1,10,6,9,5,7,5,5,3
f6619a8a-7a2c-419b-9e2f-402eba77ac10,3,13,2,15,6,11,7,9,5
f66334a8-6a4f-4a51-a3ff-91bc4b793ec0,3,13,6,7,3,10,2,11,8
f6678492-b63b-4e5f-911c-0b27ab3db05e,3,8,6,7,4,8,5,2,0
f68a6de9-8c9b-4526-92d9-4503f545aa95,3,11,6,7,1,15,5,15,5
f68cdf3d-d514-437d-b625-157a01374962,3,8,6,3,0,10,5,5,1
f68d0444-a6fb-4359-b73f-bbc27fe64fff,3,6,6,0,0,6,5,6,4
f6974c0a-8fff-4592-9a17-57111d1d21a0,3,6,2,10,6,13,3,14,5
f6985767-088e-49be-adde-dcdf956dd3ee,3,12,6,12,4,14,5,10,2
f699c662-d669-4dd3-acc2-30cbc5aa293e,1,10,3,13,6,4,2,7,5
f6ab900a-aa7c-4db5-83dc-f92174d870ad,1,4,1,8,6,2,0,7,5
f6b2bfee-f63f-47b1-8693-725a9ea39699,1,13,6,7,1,9,5,5,1
f6d67500-d275-4d70-8e9c-feae57b3f318,3,6,1,11,6,15,10,7,2
f6d98670-0a09-40ac-ab70-9196805a1b1f,1,11,6,7,2,5,5,0,0
f6ebe554-8f33-4c1a-a8f5-ecdf5bd0db40,3,14,6,14,5,6,2,9,6
f70063ee-a76e-4ea8-97e0-b17dba9c6fa3,1,14,5,14,6,12,6,14,7
f731c3d6-226a-4200-8c79-fe60bfa2fe29,3,5,1,10,6,10,2,13,5
f74a6c38-cc8c-4ca3-81a5-fa177a0ef0cf,3,5,1,10,6,10,4,10,5
f74aebf7-513b-46c2-9ed1-377a1038eff1,3,14,6,8,0,8,5,7,3
f74c61a7-2aa5-4448-9ab2-4f56753a99cc,3,13,4,15,6,11,7,6,1
f75d40ff-c901-4bad-ae8f-5dc3fe676a76,3,11,6,8,2,8,5,5,3
f7613a49-be17-4c24-b782-e9f63bc104a7,3,18,6,16,4,5,5,0,0
f7721a1b-3640-4d28-8de0-9aff552113a3,1,2,0,6,5,3,1,8,5
f773611b-0e2b-4936-bb43-887fee9daf5c,1,9,5,9,5,4,2,6,4
f78d0aab-389e-449c-94f0-987ed9cab028,3,9,2,14,6,14,6,12,5
f795b278-7676-4184-ab5b-fceaf3c45aa3,1,15,6,14,5,11,4,14,7
f799d429-8b7d-4955-8420-58f24c245533,3,7,3,10,6,5,1,9,5
f7bec38e-95e8-425c-bda9-5abd820a545c,1,6,3,9,6,6,2,8,5
f7cef37d-41be-4dcf-b99a-5f8e260e270c,1,10,6,10,5,15,5,17,8
f7e1cf3c-9bbb-455a-8a28-9d10c047ce55,3,7,6,3,1,14,5,13,5
f7eac4e3-8399-4943-bd3d-a24a7c807308,3,11,6,10,4,11,5,8,1
f7ebdf38-18ee-44a4-a12e-93abe4e9f414,1,13,5,12,6,8,4,10,5
f7ee7e14-d6a0-434f-8667-17d70292d101,1,16,4,18,6,9,3,11,5
f7f2bc7f-7747-4b09-96f3-8c64c6db15f4,3,10,6,6,1,14,5,13,5
f7f5c2e1-4ec4-4a26-aef2-ae5061c8d776,1,16,6,12,2,9,5,7,3
f7fe062c-9941-4e3e-a981-50d65840e2c0,3,13,5,14,6,9,6,4,1
f7fe762d-bb2d-4c4a-b83e-eab7194aecf1,3,3,2,7,6,5,1,8,5
f804fa90-4035-49b5-a3bd-8dab96a1d84b,3,9,6,4,1,11,5,8,2
f80a9750-46c2-41de-8542-6ce42c09911b,3,14,6,11,4,15,5,15,4
f810c062-e515-49a9-ab66-aa4c21e14ebf,1,12,4,13,6,9,7,5,2
f8211ad2-1408-4b0d-aa4d-b69313d46be9,3,8,6,4,2,10,3,16,9
f8347072-e3de-4f6d-9ec4-b6b61599275f,1,12,2,15,6,5,1,10,5
f834fae9-dc99-4b31-9901-dfb26036add6,3,3,2,7,6,6,2,9,5
f837d97b-2abd-4cf1-9bb6-5ae0e92d167a,1,9,6,7,3,9,5,5,1
f83839d3-9ac8-4627-88c1-ef574acf7854,3,9,5,7,4,20,6,18,6
f839d998-d1b7-4536-a854-ced178d0355c,3,9,3,11,6,7,1,12,5
f83ec0d5-9bb6-4f64-8a9b-f8214fa20aa8,1,9,6,5,2,16,5,15,3
f878680a-72e3-4757-886c-fc92e9107f98,3,6,6,2,1,12,5,13,6
f8954448-8122-4587-9e0f-540b0f6ae9ea,1,7,6,2,0,6,5,0,0
f89f24ed-ff40-4db0-9139-4e18114c3afa,3,6,1,11,6,13,3,11,2
f8a7055f-6dd0-4779-abba-5ddf8b59b628,3,8,6,5,2,11,5,11,5
f8a99574-6847-4865-b593-fd19492bbc99,3,9,6,7,3,7,5,3,1
f8b691da-9781-45de-897f-651378f1e438,1,7,6,1,0,6,5,2,0
f8c41f77-87ba-48d2-ba2f-46c22de4cc2b,1,9,3,12,6,7,1,10,5
f8cddeab-5f33-42e6-8c57-c29de5379895,1,8,5,11,6,3,1,9,5
f8d6f51f-eb20-4b4b-b38c-a7a3f1436077,3,8,1,12,6,21,9,18,6
f8e6eae0-e510-4b71-aaa1-1bf5238ecb69,1,9,6,5,1,6,5,0,0
f9026d92-6cac-4980-ad3a-c0a6eb6a81f6,1,5,1,9,6,10,6,8,5
f90cc21a-c643-4bbe-a1b5-3a4f3f98db86,3,4,0,9,6,3,1,7,5
f91582b0-21ae-4bf6-ab6b-0a94b471ae1b,3,17,3,19,6,12,9,8,4
f91963b3-8ce9-4f4a-b83b-829cbff84b50,1,11,6,9,4,10,5,9,3
f9342bad-f6b9-4365-89cf-d73dd9bbf2c6,1,8,3,10,6,7,1,12,5
f93f573d-9337-4f56-935f-6b2ac4f0ccff,1,14,6,11,3,18,5,16,2
f9404923-3d2b-4965-baa5-84898128bd44,1,15,6,12,3,7,5,3,1
f94afdb3-6ef0-4971-8d00-00aef3fca52a,1,10,4,11,6,11,5,12,5
f94b738b-4b0a-4b68-87b8-1bb0568d2f36,1,11,6,5,0,12,5,8,1
f955a157-2ab8-49a9-8f22-1e8674cf3d1f,1,14,6,12,4,7,5,3,1
f9591ad4-eb04-4d14-81a8-44fd07e977e3,3,12,6,12,5,10,5,5,1
f970ddc2-e48d-463f-a6db-4390c8b8667c,1,8,6,5,2,8,5,5,3
f98c990a-33a3-49fd-a60d-524d2cb9c143,1,10,6,6,2,9,5,6,2
f9b4f236-8699-4c07-a91d-4f1f2e3f580c,1,10,6,6,1,6,5,0,0
f9b929dd-a61e-4ba4-9120-9a224f19348d,3,10,6,5,1,9,5,7,3
f9bbe7b5-c080-4b4e-bc18-ddf75cf8dbcc,3,14,3,17,6,12,4,13,5
f9c74343-761d-406e-9906-837b34bf44b3,3,6,3,8,6,0,0,5,5
f9cc507c-c728-4c8b-8809-ded9da53e812,3,9,4,11,6,5,1,9,5
f9cdee89-4a02-4bf9-a722-ed02c387e47c,1,10,6,5,0,8,5,2,0
f9d4bd22-134f-45f0-a220-70f8e79fa3b0,3,14,5,14,6,11,3,9,0
f9e4721e-3e2c-43b9-9fe8-23210d009d14,3,14,6,14,5,13,5,10,4
f9ed53fa-a65a-48c3-981c-5b6224f4809d,3,11,6,9,4,14,5,14,4
f9f2d779-3184-4c62-adb8-7976900f0029,1,8,6,3,1,5,4,6,4
f9f3ee59-acf5-4ce3-91cc-a4d6b76b16f9,3,12,6,9,3,7,5,4,2
fa0414af-2090-4c7d-ae30-579121a3338a,3,6,6,0,0,6,5,2,0
fa074654-2eec-44ea-96f1-bb81363d9114,3,16,6,13,2,11,0,17,7
fa1975c6-95ae-4c8a-8d8d-cf68f739f0b1,1,11,6,8,2,9,5,7,3
fa37384c-824c-406c-a98d-226ffe7da8ac,1,10,6,5,0,20,5,21,7
fa471572-350e-4b8a-b201-c1ecff2b0d69,3,15,6,13,3,8,5,2,0
fa4dda79-afb0-4fb0-ac3c-6f9257139f4a,3,22,6,21,5,8,5,6,2
fa4de33b-13b7-4f4c-91a6-df0de9adca06,1,11,5,12,6,9,6,3,0
fa5ee220-6a33-4a8d-9bf1-87b7e3e8b18e,3,13,6,11,3,5,5,0,0
fa600bf7-9e33-4072-adaf-8eb69d7c5ca6,1,7,6,3,1,15,5,13,3
fa81c3a2-580d-48e2-b1ed-6a76202eac97,3,7,3,10,6,9,5,8,5
fa832989-9aec-4f22-8ce8-e8441210ed53,1,11,6,10,3,12,5,10,4
fa871777-d898-475e-a526-6bd4adf102a0,1,8,5,4,0,9,7,1,0
faa191cd-e622-4d5b-badc-b0f12f225f55,1,11,6,9,2,9,5,4,0
fab992c7-4238-4d82-b6b7-e90560e24ed4,3,11,6,7,2,8,5,8,4
fac1a955-766a-4d0d-a676-6cb9c4fce54c,1,9,4,10,6,10,7,4,0
fac94807-276c-48eb-af60-0daa3b3e555b,1,17,4,18,6,6,0,12,5
faca296f-bfec-47d7-89e3-48e11707e8d3,1,20,6,18,4,13,5,8,2
facd0df5-4548-4a97-a1da-d17c1ea31f19,3,9,6,4,0,8,2,4,0
fadfeabf-d8b6-4d57-8fe4-82cea371e99a,3,16,6,15,3,10,5,6,2
faeb3fac-57e4-4270-86cc-814b119746d6,3,13,3,15,6,16,8,11,3
fb0ae6be-a5e6-4d8a-9ee9-a4eb91144936,3,10,6,7,3,13,4,18,9
fb0f76a7-4865-4123-afda-540a556678bd,1,11,6,5,0,17,5,20,7
fb1f04b3-1645-4d7b-9ee9-991dd502647f,3,14,6,11,2,8,3,14,9
fb3aa4da-ffd1-4bf4-85d6-62a55a62370d,3,10,3,13,6,6,2,9,5
fb518e65-3e31-4068-b659-1f4e5b3bf138,1,16,6,15,5,10,5,6,0
fb55c604-44ee-4575-aaf7-5792b508932c,3,11,6,8,2,13,5,7,2
fb585e29-362d-4e23-9db8-27f533f94ac0,1,10,6,7,3,5,5,0,0
fb6dcb36-1dc8-4bb0-9bac-de62870346b5,1,15,6,12,3,14,5,16,6
fb8294a6-6f0c-4076-b555-9c843b11ef2c,1,6,5,0,0,10,5,6,0
fb9c8750-5aa2-4b70-b282-a35e873fdf6e,1,9,6,5,1,9,5,5,1
fb9d178a-4243-457c-90a0-49e870e84a8e,3,11,4,12,6,7,3,9,5
fbb89737-29f1-4fd5-a9f8-5532896e68fc,3,9,6,5,2,8,5,6,2
fbbdfd77-abbe-41ed-b00c-6c17df1f1ccf,3,16,6,16,5,12,5,8,2
fbc4b3a8-bbe8-4607-8e7d-7d8a24ece5fe,3,12,6,11,4,5,5,0,0
fbca11bb-bec4-419b-9fac-615dd5d538ec,1,4,0,10,6,20,8,16,5
fbd1ae97-a5d9-4d9c-8c82-be53865513c0,3,11,6,6,0,13,5,13,5
fbd593b3-24c3-4119-a377-701855025dc8,3,14,5,14,6,14,7,12,4
fbe3db9a-fe99-4c6e-a2b8-308522f89ec8,3,1,0,7,6,16,8,12,5
fbeb4f5f-93c9-41fa-839d-82306e156463,3,21,6,17,2,7,5,4,2
fbefa29a-c80a-41e4-8c4f-8e7b954b86aa,1,1,0,6,6,8,2,11,5
fbf4249b-9275-4c7d-86f1-118525766870,1,13,6,13,5,12,6,11,5
fbfe7450-6e32-4122-af4d-cf73ccd7a777,3,12,6,7,1,13,5,11,3
fc011821-cf46-4ce8-b645-955e8321ee07,3,8,2,11,6,19,4,16,2
fc0492f8-96b8-4535-ac91-1115d568c0ee,3,9,6,7,4,8,5,7,3
fc059f53-28f2-40eb-a8be-67af0a9e2b25,1,10,5,4,0,6,6,1,0
fc0a269d-17fe-423e-a5ee-a4346895bdbe,3,10,6,7,2,0,0,0,0
fc125965-050d-46ce-9d15-b4ff37d1fcad,3,6,1,10,6,20,8,17,5
fc1d5d60-a8b2-4692-9a2f-55db9a1606dc,1,8,2,11,6,17,9,13,3
fc1f8b9b-202b-4fab-89ec-12bb1814970b,1,12,6,11,5,7,5,2,0
fc28a5d9-3a1f-41a2-9146-3224164a1b39,3,9,3,13,6,14,4,15,5
fca75c91-ff75-4b4a-83d3-9e9b3e09b3d5,3,14,6,14,5,12,5,9,3
fcaba683-b019-4b84-a9eb-da1b7ac63486,1,9,4,10,6,0,0,6,5
fcb6917f-0a25-4b43-a852-b9944829c208,3,9,4,10,6,17,5,18,5
fcb8402d-3c60-42f5-b7ea-9340b0e55476,1,7,2,11,6,6,2,8,5
fcb84c58-90fe-4b8e-aacd-b01155c75c57,3,14,6,10,2,6,5,4,2
fcc30c1e-f281-4007-9c4c-0276d2dae30e,1,9,6,7,4,9,5,5,1
fccbdad0-0112-4a05-b2f0-3d21eac262a4,1,14,6,13,4,6,0,12,7
fcce09b3-56ff-4041-9c0a-82bab70672eb,3,11,6,8,2,14,5,11,3
fced915b-49aa-4050-9491-59242fd6799c,3,10,2,13,6,3,1,7,5
fcee3415-c128-4636-aa25-5dba8b73fc12,1,14,6,12,3,11,5,10,4
fcf765f2-2092-45d8-b6be-79624ad0ffa4,1,9,5,4,0,16,11,4,0
fd17891a-a02a-4697-b5b7-380b7dad12d9,3,10,6,7,2,10,5,4,0
fd1ef19c-1bb5-45f8-9141-acee6a47dcec,1,11,6,9,3,5,5,0,0
fd50c9c7-eabd-4bb0-84e3-ff099c15e815,1,13,6,10,3,10,5,9,3
fd53ab2d-713e-484b-8d75-74717647d503,3,11,6,8,3,7,5,7,5
fd6f5091-bbd9-49c8-be6d-3266541c7407,1,11,6,11,5,8,5,5,3
fd9ae89c-7ebe-4700-9464-3e9f37a3872a,1,0,0,6,6,2,0,7,5
fda1a069-c519-4b61-8071-52ca678b17a5,3,6,2,9,6,9,0,13,4
fda8ba79-1e01-4e98-8ebe-9c88dcffc4f6,3,13,6,9,2,8,5,2,0
fdb7a322-87a1-479f-9d76-7dda3b797252,3,9,4,10,6,19,7,20,7
fdd27c0d-d1b8-45a1-ae1c-966f1581fab1,3,0,0,6,6,10,6,8,5
fddd0153-d72d-4698-ad8e-e21f45cadf82,3,10,6,6,1,9,5,7,3
fddefc00-8755-49f4-973d-8dba81bb0522,3,16,6,15,4,11,5,7,3
fde6d174-14ce-4a15-a9e4-3f8b90618b92,3,8,6,3,1,17,5,18,6
fdfc6afc-8000-43c1-b64b-4f41cf33c719,1,12,3,14,6,15,9,12,4
fdfd9f58-39fe-46b3-82ca-ba8e06ef1b1d,1,5,2,9,6,4,2,6,5
fe2092bc-8bfe-45d2-9402-3a808646d468,1,6,1,10,6,2,0,7,5
fe26d40f-39d9-481d-ba0a-51ace2dfb758,3,8,6,4,1,9,5,9,5
fe459eb2-cf2f-4111-bcd4-f677e3bae54b,3,11,6,10,5,9,4,12,7
fe4fe56d-3328-4f4c-88a0-ee4c0a4ebd3f,3,7,1,11,6,8,4,9,5
fe59ba0b-3e4a-4b0f-81e0-3df3258d1f88,1,9,1,14,6,14,6,13,5
fe714255-11fa-4d9c-a706-8c6a3b2baf38,3,8,5,9,6,11,3,13,5
fe8667be-dc5c-4f82-b01d-2146c96672e7,3,18,6,17,5,16,6,15,5
fe957ed0-01bf-4ba6-961b-4bf476e6bcd6,3,19,6,17,4,10,5,8,2
feadb8a8-6c00-4745-8cda-4a66c990988b,3,16,6,14,5,9,5,6,2
feadc13a-8b4b-4392-b66c-1f02a8178d2b,3,9,6,4,0,13,5,14,6
feb432a1-53b5-49e8-aedd-2b7cc05fd1cf,3,13,3,14,6,13,3,15,5
fecd1f85-0241-47f1-8e0e-8e7c76a604a5,1,6,6,0,0,6,5,3,0
fecfb080-bfe5-4201-bb19-2dc583834ac0,1,11,6,8,2,16,5,18,7
fed3bac9-f066-449f-926a-b7db5e4d1311,3,7,2,10,6,4,0,10,5
fee5fae0-dd0b-4902-8b71-62691f74c44a,3,12,6,9,4,7,5,3,1
fef6984b-edcf-46e2-861f-46eeda210ac0,1,11,6,5,0,11,5,10,4
ff033016-a9db-4d98-85d8-80ca7d9af943,3,8,5,9,6,7,6,1,0
ff0b9c82-e2c3-4ed9-b2e9-a715f1da3201,1,3,1,8,6,34,12,28,5
ff0f92e4-5f99-47d9-bfba-060ab5e0df0a,1,7,3,9,6,12,9,8,4
ff118524-c468-414f-b19e-3116f489fd94,1,11,4,12,6,5,3,7,5
ff19eb82-0249-4270-bbc5-d9bdeb615243,3,11,6,8,2,6,5,0,0
ff1cc8de-a33d-43df-8f2a-0f09c6cfdef1,3,8,2,12,6,7,1,11,5
ff23cd53-6d35-45f6-b759-9f3cd5cc1ed1,1,9,6,4,0,8,5,3,1
ff35a54d-3e59-418b-abe8-7e2a73d64429,1,9,1,13,6,7,3,10,5
ff38dc0d-50aa-4c30-a4e3-e829a4da7294,1,8,6,3,0,6,5,0,0
ff3c7b38-df25-49eb-9ac8-a77a6b53af15,3,7,1,9,6,17,5,12,5
ff47b933-e00e-4377-a7fa-ad9363f5e2a1,1,15,6,14,5,7,2,10,6
ff6c70ca-4ad8-45cd-84c8-8e371201eb79,1,5,2,9,6,15,9,10,3
ff6fc68d-90f9-4224-a14b-d5320ab1672b,1,17,6,15,3,13,5,12,4
ff82a456-56dd-4068-b121-8e02e879db8b,3,13,6,10,3,12,1,18,8
ff88cea3-38a8-44a6-b091-494c01992d37,1,10,5,10,6,0,0,6,5
ff8dd848-ba08-4914-81c9-e01d9cd16e14,1,15,6,15,4,19,5,17,3
ff969db2-3e7b-4bb7-85a9-fc0acce595b6,3,11,6,9,4,6,5,3,1
ff9f2ad0-e06b-4d11-ab6a-85c961107a21,1,13,5,15,6,7,6,4,3
ffbbdf8a-cdb1-4ef9-a5a4-b0064d6ea6b1,3,8,3,11,6,0,0,5,5
ffbf3049-a4ac-42d4-a738-4ac95997e349,3,9,6,7,3,10,5,5,1
ffd421ea-d5f5-40c3-a336-9cfaf60d61d7,3,6,6,0,0,11,5,12,6
ffdfe4c2-f4dc-4c8f-9455-c66f80d75bdb,3,15,5,15,6,7,1,12,5
ffe7d210-ea70-48ee-8ec6-ec26cb7e81ab,3,11,5,11,6,17,6,15,3
ffed9a04-d5bb-40f2-a586-3ea1c745471d,3,11,1,16,6,6,2,9,5
fff627d6-2c21-4455-8333-cfb67b613711,3,11,6,16,7,10,3,7,0
fffe43e9-a569-4eec-b34b-a8f62c88eb1f,3,11,5,11,6,9,5,11,6
