game_id,margin,a1,a2,a3,a4,dyad1,dyad2,match_idx,ctx_idx,tour_idx,best_of,game_number,event_name,date,stage
48cb1930-b35e-4677-a52f-a6ec3ebbca00:g1,-7,0,1,2,3,0,1,0,1,0,1,1,MLP San Diego,2026-07-16,Round 1 RR
4f04e9a3-4daa-4024-a17d-0ae4e09faa0e:g1,5,4,0,5,3,2,3,1,0,0,1,1,MLP San Diego,2026-07-16,Round 1 RR
4f0900b7-8217-4b44-bfa0-28cbc871c95e:g1,-10,6,7,4,8,4,5,2,2,0,1,1,MLP San Diego,2026-07-16,Round 5 RR
5082a557-2d40-40d1-a10f-54112aacf889:g1,10,9,10,5,3,6,3,3,0,0,1,1,MLP San Diego,2026-07-16,Round 3 RR
5bda0ff7-b835-421b-a00d-2903e933e84c:g1,10,6,11,8,1,7,8,4,0,0,1,1,MLP San Diego,2026-07-16,Round 5 RR
5c8077d3-c1a8-4f9a-8e5f-bac280630c01:g1,-7,12,13,14,15,9,10,5,0,0,1,1,MLP San Diego,2026-07-16,Round 5 RR
6a6e463a-6577-4655-9257-0f2f92d6872b:g1,-10,16,13,15,10,11,12,6,1,0,1,1,MLP San Diego,2026-07-16,Round 5 RR
73941c7e-2a07-4bde-a58a-63b604f87641:g1,-11,17,16,9,10,13,6,7,0,0,1,1,MLP San Diego,2026-07-16,Round 5 RR
77b24560-8555-4579-95e8-436c667c40d5:g1,5,15,10,2,3,12,1,8,1,0,1,1,MLP San Diego,2026-07-16,Round 3 RR
85846e92-3fd9-4c4b-a40c-5b0aca9609e2:g1,-11,8,1,18,2,8,14,9,0,0,1,1,MLP San Diego,2026-07-16,Round 1 RR
8e1d89ba-71ce-4d60-b0d3-766b821db9cb:g1,3,19,20,21,11,15,16,10,1,0,1,1,MLP San Diego,2026-07-16,Round 4 RR
8eb3e4ac-5d80-4864-9462-dd8af550f390:g1,-8,12,17,22,9,17,18,11,2,0,1,1,MLP San Diego,2026-07-16,Round 5 RR
b60d4544-52a5-4fc9-a3f8-3edb3c7e6443:g1,9,22,9,5,18,18,19,12,2,0,1,1,MLP San Diego,2026-07-16,Round 3 RR
c70ce832-4cd0-4c41-8736-0f4eb853de2a:g1,2,23,20,24,21,20,21,13,0,0,1,1,MLP San Diego,2026-07-16,Round 4 RR
ce87e8ef-e1c0-45b1-9528-256b673effcf:g1,-7,21,11,0,1,16,0,14,1,0,1,1,MLP San Diego,2026-07-16,Round 5 RR
d9ef1637-873e-4c2f-a045-9c1a1047757e:g1,2,4,8,5,18,5,19,15,2,0,1,1,MLP San Diego,2026-07-16,Round 1 RR
df1b3b45-3857-43ce-986b-5a43ab03eb79:g1,4,25,19,7,11,22,23,16,0,0,1,1,MLP San Diego,2026-07-16,Round 4 RR
faca296f-bfec-47d7-89e3-48e11707e8d3:g1,5,22,15,18,2,24,14,17,0,0,1,1,MLP San Diego,2026-07-16,Round 3 RR
fb6dcb36-1dc8-4bb0-9bac-de62870346b5:g1,2,23,25,24,6,25,26,18,2,0,1,1,MLP San Diego,2026-07-16,Round 4 RR
03cc27d4-efa8-403b-a67a-b9f77481d6d9:g1,6,17,16,18,2,13,14,19,0,0,1,1,MLP San Diego,2026-07-17,Round 4 RR
062fe453-c2c7-4899-8e66-dcdefe2d0441:g1,-7,16,13,2,3,11,1,20,1,0,1,1,MLP San Diego,2026-07-17,Round 4 RR
0a401824-f3b8-4195-9195-a64dee01ff39:g1,-2,21,11,16,13,16,11,21,1,0,1,1,MLP San Diego,2026-07-17,Round 3 RR
0b101229-f45a-4206-869d-9bfb9aa03148:g1,-2,26,27,28,29,27,28,22,2,0,1,1,MLP San Diego,2026-07-17,Round 4 RR
0e924682-1391-4a64-930e-79c5c1a6d426:g1,-5,18,2,25,19,14,22,23,0,0,1,1,MLP San Diego,2026-07-17,Round 5 RR
0ee01b69-e5f6-41cd-b7f6-b97296e69f32:g1,-7,26,30,29,31,29,30,24,0,0,1,1,MLP San Diego,2026-07-17,Round 4 RR
1b277a06-891a-4d28-a805-21f7ee49f1fd:g1,-7,24,6,22,9,26,18,25,2,0,1,1,MLP San Diego,2026-07-17,Round 1 RR
1cedf364-8a04-4faa-86ab-c8f9216bba27:g1,-5,32,33,26,27,31,27,26,2,0,1,1,MLP San Diego,2026-07-17,Round 5 RR
1d690a5c-3568-45b6-9a88-d68cff340b71:g1,-3,34,35,36,37,32,33,27,2,0,1,1,MLP San Diego,2026-07-17,Round 3 RR
22e12c59-c2cd-4a11-ad94-b6dfe277bfe7:g1,2,31,38,39,40,34,35,28,1,0,1,1,MLP San Diego,2026-07-17,Round 1 RR
2df95311-c709-475a-89b0-047b10dc27fe:g1,-8,34,35,32,33,32,31,29,2,0,1,1,MLP San Diego,2026-07-17,Round 2 RR
3a6f6f6a-bf05-44e0-8514-562499f65bab:g1,-5,32,41,26,30,36,29,30,0,0,1,1,MLP San Diego,2026-07-17,Round 5 RR
3abbf4d6-8f74-4912-b7d7-f4d289e205e5:g1,-9,27,42,43,38,37,38,31,0,0,1,1,MLP San Diego,2026-07-17,Round 4 RR
3bbbfd71-a28d-47e0-85e9-acdbfdcf7821:g1,-7,7,11,9,10,23,6,32,0,0,1,1,MLP San Diego,2026-07-17,Round 1 RR
3de0b060-9cf7-4883-97df-e2f622a06684:g1,-4,44,21,15,10,39,12,33,1,0,1,1,MLP San Diego,2026-07-17,Round 1 RR
42dbdcb5-b4d9-410f-9e9c-dc3adf48d664:g1,-4,5,18,23,25,19,25,34,2,0,1,1,MLP San Diego,2026-07-17,Round 5 RR
4a0b5d1a-c348-4591-b138-348b5b177c89:g1,-4,5,3,23,20,3,20,35,0,0,1,1,MLP San Diego,2026-07-17,Round 5 RR
5651ccef-6719-48e8-8076-7c0671d1fa15:g1,-5,45,46,47,39,40,41,36,1,0,1,1,MLP San Diego,2026-07-17,Round 3 RR
5aaf3a07-bbb1-4621-a5c8-3acaf4000336:g1,6,35,45,36,40,42,43,37,0,0,1,1,MLP San Diego,2026-07-17,Round 3 RR
68c65c32-c626-4bbd-9a75-9be5fa651a21:g1,-9,19,20,0,1,15,0,38,1,0,1,1,MLP San Diego,2026-07-17,Round 3 RR
711a2afe-3829-4690-a0ff-1bb23f824ba9:g1,-7,12,13,5,3,9,3,39,0,0,1,1,MLP San Diego,2026-07-17,Round 4 RR
720287fe-8e7a-4130-a5fd-e9a68c4f793a:g1,-2,43,38,37,40,38,44,40,0,0,1,1,MLP San Diego,2026-07-17,Round 1 RR
74565133-7400-46d1-bd3f-828b328cee35:g1,-2,24,21,4,0,21,2,41,0,0,1,1,MLP San Diego,2026-07-17,Round 5 RR
80acbf33-5228-47e6-b934-6f368f6341cf:g1,2,48,41,42,30,45,46,42,1,0,1,1,MLP San Diego,2026-07-17,Round 5 RR
8a919395-d5df-4d8a-90d8-eee5352a4035:g1,-10,34,49,33,48,47,48,43,0,0,1,1,MLP San Diego,2026-07-17,Round 2 RR
90cf9c13-53a1-44b3-adf0-5452d0cec577:g1,2,35,45,32,41,42,36,44,0,0,1,1,MLP San Diego,2026-07-17,Round 2 RR
9aa597b3-3834-46c3-b30a-e03af3ccee48:g1,-3,23,25,4,8,25,5,45,2,0,1,1,MLP San Diego,2026-07-17,Round 3 RR
a6fcf43f-7298-481f-8a91-b8189c69a9db:g1,-4,6,11,17,16,7,13,46,0,0,1,1,MLP San Diego,2026-07-17,Round 3 RR
a8c9f1e5-61e6-47a0-84d4-778d05ead683:g1,-9,12,17,5,18,17,19,47,2,0,1,1,MLP San Diego,2026-07-17,Round 4 RR
b958f82f-5abf-4252-800b-3df03f2b5c1f:g1,-6,2,3,20,19,1,15,48,1,0,1,1,MLP San Diego,2026-07-17,Round 5 RR
bca1a96e-15b2-48e1-ae73-30503839f031:g1,-5,24,21,12,13,21,9,49,0,0,1,1,MLP San Diego,2026-07-17,Round 3 RR
c0fec7a4-9823-4e02-a79a-f2c64ea7a511:g1,5,23,20,4,0,20,2,50,0,0,1,1,MLP San Diego,2026-07-17,Round 3 RR
c760c6a4-c456-4197-b4da-497eabaf0d62:g1,-6,24,21,22,15,21,24,51,0,0,1,1,MLP San Diego,2026-07-17,Round 1 RR
ca3b17a7-49e3-4686-ac63-20e9bad7ee68:g1,9,25,19,8,1,22,8,52,0,0,1,1,MLP San Diego,2026-07-17,Round 3 RR
d56ef065-364c-4be3-bb10-e3a78b2befbc:g1,-9,33,48,27,42,48,37,53,0,0,1,1,MLP San Diego,2026-07-17,Round 5 RR
dc70b35f-2539-4d9c-9c26-19d6e56b7ee9:g1,-10,45,46,48,41,40,45,54,1,0,1,1,MLP San Diego,2026-07-17,Round 2 RR
de1ec5df-299c-4b60-bac9-84f84b218e21:g1,5,6,24,17,12,26,17,55,2,0,1,1,MLP San Diego,2026-07-17,Round 3 RR
dfb7c259-4359-4590-9654-3f60810ac279:g1,2,34,49,50,47,47,49,56,0,0,1,1,MLP San Diego,2026-07-17,Round 3 RR
e75eb243-7c57-4a97-8f24-39ba6ac1da45:g1,-9,42,30,31,38,46,34,57,1,0,1,1,MLP San Diego,2026-07-17,Round 4 RR
ef190dc2-428b-43a8-8a5c-91f225193235:g1,6,28,29,36,37,28,33,58,2,0,1,1,MLP San Diego,2026-07-17,Round 1 RR
06ff8a02-1629-4a27-a3ad-b49db513190c:g1,11,51,52,53,54,50,51,59,2,1,3,1,2026 Macon PPA Challenger,2026-07-18,Round 16
06ff8a02-1629-4a27-a3ad-b49db513190c:g2,9,51,52,53,54,50,51,59,2,1,3,2,2026 Macon PPA Challenger,2026-07-18,Round 16
0805a284-bb7e-45e9-888d-ea8de7c85b21:g1,11,55,56,57,58,52,53,60,1,1,3,1,2026 Macon PPA Challenger,2026-07-18,Round 64
0805a284-bb7e-45e9-888d-ea8de7c85b21:g2,10,55,56,57,58,52,53,60,1,1,3,2,2026 Macon PPA Challenger,2026-07-18,Round 64
0902f324-7df5-4551-a751-66cebaa5352c:g1,-2,59,60,61,62,54,55,61,2,1,3,1,2026 Macon PPA Challenger,2026-07-18,Round 32
0902f324-7df5-4551-a751-66cebaa5352c:g2,2,59,60,61,62,54,55,61,2,1,3,2,2026 Macon PPA Challenger,2026-07-18,Round 32
0902f324-7df5-4551-a751-66cebaa5352c:g3,9,59,60,61,62,54,55,61,2,1,3,3,2026 Macon PPA Challenger,2026-07-18,Round 32
0bb798c3-283a-447f-a415-388d44fe2bf7:g1,-2,63,64,65,66,56,57,62,1,1,3,1,2026 Macon PPA Challenger,2026-07-18,Round 32
0bb798c3-283a-447f-a415-388d44fe2bf7:g2,-4,63,64,65,66,56,57,62,1,1,3,2,2026 Macon PPA Challenger,2026-07-18,Round 32
103c8d8a-f362-41d0-a6b6-e270e11040ce:g1,3,67,68,69,70,58,59,63,2,1,3,1,2026 Macon PPA Challenger,2026-07-18,Round 32
103c8d8a-f362-41d0-a6b6-e270e11040ce:g2,11,67,68,69,70,58,59,63,2,1,3,2,2026 Macon PPA Challenger,2026-07-18,Round 32
12c0d296-251c-415a-b370-be58c6f61bd0:g1,7,71,72,65,66,60,57,64,1,1,3,1,2026 Macon PPA Challenger,2026-07-18,Round 16
12c0d296-251c-415a-b370-be58c6f61bd0:g2,-4,71,72,65,66,60,57,64,1,1,3,2,2026 Macon PPA Challenger,2026-07-18,Round 16
12c0d296-251c-415a-b370-be58c6f61bd0:g3,2,71,72,65,66,60,57,64,1,1,3,3,2026 Macon PPA Challenger,2026-07-18,Round 16
132cdc82-0e2d-4fba-8fa3-304952938d56:g1,2,53,54,73,74,51,61,65,2,1,3,1,2026 Macon PPA Challenger,2026-07-18,Round 32
132cdc82-0e2d-4fba-8fa3-304952938d56:g2,2,53,54,73,74,51,61,65,2,1,3,2,2026 Macon PPA Challenger,2026-07-18,Round 32
13f2a7f3-3343-480d-ad36-cb47d63d5e1f:g1,4,75,76,77,78,62,63,66,2,1,3,1,2026 Macon PPA Challenger,2026-07-18,Round 16
13f2a7f3-3343-480d-ad36-cb47d63d5e1f:g2,5,75,76,77,78,62,63,66,2,1,3,2,2026 Macon PPA Challenger,2026-07-18,Round 16
1ec97164-5b21-4f91-9169-5ce00620a392:g1,5,79,80,81,82,64,65,67,1,1,3,1,2026 Macon PPA Challenger,2026-07-18,Round 64
1ec97164-5b21-4f91-9169-5ce00620a392:g2,2,79,80,81,82,64,65,67,1,1,3,2,2026 Macon PPA Challenger,2026-07-18,Round 64
23693283-2560-4f98-b1d9-c7fc62960eff:g1,7,83,84,85,86,66,67,68,1,1,3,1,2026 Macon PPA Challenger,2026-07-18,Round 32
23693283-2560-4f98-b1d9-c7fc62960eff:g2,8,83,84,85,86,66,67,68,1,1,3,2,2026 Macon PPA Challenger,2026-07-18,Round 32
24e95325-0829-4cb2-ba21-0a9300b37ed9:g1,5,87,88,89,90,68,69,69,2,1,3,1,2026 Macon PPA Challenger,2026-07-18,Round 32
24e95325-0829-4cb2-ba21-0a9300b37ed9:g2,6,87,88,89,90,68,69,69,2,1,3,2,2026 Macon PPA Challenger,2026-07-18,Round 32
27552026-2bc3-4ddb-994b-cd3e5447fe29:g1,11,91,92,93,94,70,71,70,2,1,3,1,2026 Macon PPA Challenger,2026-07-18,Round 32
27552026-2bc3-4ddb-994b-cd3e5447fe29:g2,2,91,92,93,94,70,71,70,2,1,3,2,2026 Macon PPA Challenger,2026-07-18,Round 32
29e303b4-338e-4417-9e7c-5c42872927e0:g1,-10,95,96,97,98,72,73,71,1,1,3,1,2026 Macon PPA Challenger,2026-07-18,Round 32
29e303b4-338e-4417-9e7c-5c42872927e0:g2,-7,95,96,97,98,72,73,71,1,1,3,2,2026 Macon PPA Challenger,2026-07-18,Round 32
2b2f422e-51a3-4233-819f-830f9b64d0f0:g1,10,99,100,101,102,74,75,72,2,1,3,1,2026 Macon PPA Challenger,2026-07-18,Round 32
2b2f422e-51a3-4233-819f-830f9b64d0f0:g2,8,99,100,101,102,74,75,72,2,1,3,2,2026 Macon PPA Challenger,2026-07-18,Round 32
2ba39491-b2a5-4bfa-96e8-9f3e45d15daf:g1,2,55,56,103,104,52,76,73,1,1,3,1,2026 Macon PPA Challenger,2026-07-18,Quarter Finals
2ba39491-b2a5-4bfa-96e8-9f3e45d15daf:g2,-7,55,56,103,104,52,76,73,1,1,3,2,2026 Macon PPA Challenger,2026-07-18,Quarter Finals
2ba39491-b2a5-4bfa-96e8-9f3e45d15daf:g3,4,55,56,103,104,52,76,73,1,1,3,3,2026 Macon PPA Challenger,2026-07-18,Quarter Finals
2d76aedc-9426-4b00-8ec4-b9a7a3bfcf69:g1,2,105,106,107,108,77,78,74,1,1,3,1,2026 Macon PPA Challenger,2026-07-18,Round 16
2d76aedc-9426-4b00-8ec4-b9a7a3bfcf69:g2,-5,105,106,107,108,77,78,74,1,1,3,2,2026 Macon PPA Challenger,2026-07-18,Round 16
2d76aedc-9426-4b00-8ec4-b9a7a3bfcf69:g3,3,105,106,107,108,77,78,74,1,1,3,3,2026 Macon PPA Challenger,2026-07-18,Round 16
2ed0d84e-6067-4c82-9dbb-681dc1495973:g1,6,77,78,109,110,63,79,75,2,1,3,1,2026 Macon PPA Challenger,2026-07-18,Round 32
2ed0d84e-6067-4c82-9dbb-681dc1495973:g2,7,77,78,109,110,63,79,75,2,1,3,2,2026 Macon PPA Challenger,2026-07-18,Round 32
38659004-a059-4c0b-bab9-8d3de4704ec1:g1,7,111,112,113,114,80,81,76,1,1,3,1,2026 Macon PPA Challenger,2026-07-18,Quarter Finals
38659004-a059-4c0b-bab9-8d3de4704ec1:g2,7,111,112,113,114,80,81,76,1,1,3,2,2026 Macon PPA Challenger,2026-07-18,Quarter Finals
38f09e9a-afc8-4f6e-ab12-0aca98708ebe:g1,-3,115,116,117,118,82,83,77,1,1,3,1,2026 Macon PPA Challenger,2026-07-18,Round 64
38f09e9a-afc8-4f6e-ab12-0aca98708ebe:g2,-2,115,116,117,118,82,83,77,1,1,3,2,2026 Macon PPA Challenger,2026-07-18,Round 64
3b83ba0f-cd54-4aed-ac8b-4ebe005774ce:g1,11,119,120,121,122,84,85,78,2,1,3,1,2026 Macon PPA Challenger,2026-07-18,Round 32
3b83ba0f-cd54-4aed-ac8b-4ebe005774ce:g2,-7,119,120,121,122,84,85,78,2,1,3,2,2026 Macon PPA Challenger,2026-07-18,Round 32
3b83ba0f-cd54-4aed-ac8b-4ebe005774ce:g3,10,119,120,121,122,84,85,78,2,1,3,3,2026 Macon PPA Challenger,2026-07-18,Round 32
3ce747d3-a8d2-45eb-8e7a-435054e15b12:g1,10,55,56,123,124,52,86,79,1,1,3,1,2026 Macon PPA Challenger,2026-07-18,Round 32
3ce747d3-a8d2-45eb-8e7a-435054e15b12:g2,2,55,56,123,124,52,86,79,1,1,3,2,2026 Macon PPA Challenger,2026-07-18,Round 32
3de5a469-fe6c-4689-a4b1-46de5b08b97a:g1,5,111,112,55,56,80,52,80,1,1,3,1,2026 Macon PPA Challenger,2026-07-18,Semi-Finals
3de5a469-fe6c-4689-a4b1-46de5b08b97a:g2,-5,111,112,55,56,80,52,80,1,1,3,2,2026 Macon PPA Challenger,2026-07-18,Semi-Finals
3de5a469-fe6c-4689-a4b1-46de5b08b97a:g3,-8,111,112,55,56,80,52,80,1,1,3,3,2026 Macon PPA Challenger,2026-07-18,Semi-Finals
440d4786-c11c-4ecc-88d1-57306fbf5e8a:g1,6,125,126,127,128,87,88,81,2,1,3,1,2026 Macon PPA Challenger,2026-07-18,Round 32
440d4786-c11c-4ecc-88d1-57306fbf5e8a:g2,6,125,126,127,128,87,88,81,2,1,3,2,2026 Macon PPA Challenger,2026-07-18,Round 32
441c8707-0ed3-449a-84d1-2c18ee591165:g1,10,103,104,97,98,76,73,82,1,1,3,1,2026 Macon PPA Challenger,2026-07-18,Round 16
441c8707-0ed3-449a-84d1-2c18ee591165:g2,3,103,104,97,98,76,73,82,1,1,3,2,2026 Macon PPA Challenger,2026-07-18,Round 16
466acaab-ce44-451a-85a6-eb3a24cc93be:g1,7,129,130,131,132,89,90,83,1,1,3,1,2026 Macon PPA Challenger,2026-07-18,Round 64
466acaab-ce44-451a-85a6-eb3a24cc93be:g2,10,129,130,131,132,89,90,83,1,1,3,2,2026 Macon PPA Challenger,2026-07-18,Round 64
484591c7-2c31-4fdc-a0d8-231fc508607e:g1,2,133,134,71,72,91,60,84,1,1,3,1,2026 Macon PPA Challenger,2026-07-18,Semi-Finals
484591c7-2c31-4fdc-a0d8-231fc508607e:g2,-3,133,134,71,72,91,60,84,1,1,3,2,2026 Macon PPA Challenger,2026-07-18,Semi-Finals
484591c7-2c31-4fdc-a0d8-231fc508607e:g3,6,133,134,71,72,91,60,84,1,1,3,3,2026 Macon PPA Challenger,2026-07-18,Semi-Finals
50764eb9-28c8-4282-b000-40f4ab532b3f:g1,11,111,112,135,136,80,92,85,1,1,3,1,2026 Macon PPA Challenger,2026-07-18,Round 64
50764eb9-28c8-4282-b000-40f4ab532b3f:g2,8,111,112,135,136,80,92,85,1,1,3,2,2026 Macon PPA Challenger,2026-07-18,Round 64
519f59d8-f42d-4e91-b88f-733d258d2d53:g1,-3,59,60,137,138,54,93,86,2,1,3,1,2026 Macon PPA Challenger,2026-07-18,Quarter Finals
519f59d8-f42d-4e91-b88f-733d258d2d53:g2,10,59,60,137,138,54,93,86,2,1,3,2,2026 Macon PPA Challenger,2026-07-18,Quarter Finals
519f59d8-f42d-4e91-b88f-733d258d2d53:g3,10,59,60,137,138,54,93,86,2,1,3,3,2026 Macon PPA Challenger,2026-07-18,Quarter Finals
53a4ec49-682a-4512-8918-8a347403bcbc:g1,11,63,64,139,140,56,94,87,1,1,3,1,2026 Macon PPA Challenger,2026-07-18,Round 64
53a4ec49-682a-4512-8918-8a347403bcbc:g2,10,63,64,139,140,56,94,87,1,1,3,2,2026 Macon PPA Challenger,2026-07-18,Round 64
566c1483-3736-428a-ad09-3b98323ca5fe:g1,10,133,134,141,142,91,95,88,1,1,3,1,2026 Macon PPA Challenger,2026-07-18,Round 32
566c1483-3736-428a-ad09-3b98323ca5fe:g2,5,133,134,141,142,91,95,88,1,1,3,2,2026 Macon PPA Challenger,2026-07-18,Round 32
57dce1b9-b1cb-41db-831a-b16c8b83fe68:g1,-7,125,126,143,144,87,96,89,2,1,3,1,2026 Macon PPA Challenger,2026-07-18,Quarter Finals
57dce1b9-b1cb-41db-831a-b16c8b83fe68:g2,-7,125,126,143,144,87,96,89,2,1,3,2,2026 Macon PPA Challenger,2026-07-18,Quarter Finals
5fd0dad8-d373-44ce-bc64-10c5aeb2d166:g1,11,145,146,147,148,97,98,90,1,1,3,1,2026 Macon PPA Challenger,2026-07-18,Round 64
5fd0dad8-d373-44ce-bc64-10c5aeb2d166:g2,11,145,146,147,148,97,98,90,1,1,3,2,2026 Macon PPA Challenger,2026-07-18,Round 64
62b12115-aa95-4bd6-b1e0-13ac802f7507:g1,8,149,150,151,152,99,100,91,2,1,3,1,2026 Macon PPA Challenger,2026-07-18,Round 32
62b12115-aa95-4bd6-b1e0-13ac802f7507:g2,4,149,150,151,152,99,100,91,2,1,3,2,2026 Macon PPA Challenger,2026-07-18,Round 32
687cfb26-2f88-4269-bf31-2d155682ddce:g1,-2,51,52,59,60,50,54,92,2,1,3,1,2026 Macon PPA Challenger,2026-07-18,Semi-Finals
687cfb26-2f88-4269-bf31-2d155682ddce:g2,10,51,52,59,60,50,54,92,2,1,3,2,2026 Macon PPA Challenger,2026-07-18,Semi-Finals
687cfb26-2f88-4269-bf31-2d155682ddce:g3,7,51,52,59,60,50,54,92,2,1,3,3,2026 Macon PPA Challenger,2026-07-18,Semi-Finals
6b7e7b61-1a60-4389-b36f-d290399f690a:g1,6,65,66,153,154,57,101,93,1,1,3,1,2026 Macon PPA Challenger,2026-07-18,Round 64
6b7e7b61-1a60-4389-b36f-d290399f690a:g2,8,65,66,153,154,57,101,93,1,1,3,2,2026 Macon PPA Challenger,2026-07-18,Round 64
6ec2b4ec-e660-4e56-9f9f-d4196faeb5a7:g1,-3,67,68,59,60,58,54,94,2,1,3,1,2026 Macon PPA Challenger,2026-07-18,Round 16
6ec2b4ec-e660-4e56-9f9f-d4196faeb5a7:g2,-2,67,68,59,60,58,54,94,2,1,3,2,2026 Macon PPA Challenger,2026-07-18,Round 16
70066a7e-808d-4b64-9e10-fcf5a5f153d6:g1,3,83,84,71,72,66,60,95,1,1,3,1,2026 Macon PPA Challenger,2026-07-18,Bronze
70066a7e-808d-4b64-9e10-fcf5a5f153d6:g2,-7,83,84,71,72,66,60,95,1,1,3,2,2026 Macon PPA Challenger,2026-07-18,Bronze
70066a7e-808d-4b64-9e10-fcf5a5f153d6:g3,3,83,84,71,72,66,60,95,1,1,3,3,2026 Macon PPA Challenger,2026-07-18,Bronze
71b31eb0-57bd-495b-bb11-56969c928d9d:g1,-5,155,156,85,86,102,67,96,1,1,3,1,2026 Macon PPA Challenger,2026-07-18,Round 64
71b31eb0-57bd-495b-bb11-56969c928d9d:g2,-2,155,156,85,86,102,67,96,1,1,3,2,2026 Macon PPA Challenger,2026-07-18,Round 64
741cfbd3-23fd-4b84-8beb-e9ea1b12bac4:g1,6,157,158,59,60,103,54,97,2,1,3,1,2026 Macon PPA Challenger,2026-07-18,Bronze
741cfbd3-23fd-4b84-8beb-e9ea1b12bac4:g2,-4,157,158,59,60,103,54,97,2,1,3,2,2026 Macon PPA Challenger,2026-07-18,Bronze
741cfbd3-23fd-4b84-8beb-e9ea1b12bac4:g3,4,157,158,59,60,103,54,97,2,1,3,3,2026 Macon PPA Challenger,2026-07-18,Bronze
7c1b4089-645b-49c8-be93-1c93ff3ab253:g1,-4,159,160,71,72,104,60,98,1,1,3,1,2026 Macon PPA Challenger,2026-07-18,Quarter Finals
7c1b4089-645b-49c8-be93-1c93ff3ab253:g2,-2,159,160,71,72,104,60,98,1,1,3,2,2026 Macon PPA Challenger,2026-07-18,Quarter Finals
7ea61ad4-4975-400e-b65b-ade89ca0fb24:g1,-10,161,162,113,114,105,81,99,1,1,3,1,2026 Macon PPA Challenger,2026-07-18,Round 32
7ea61ad4-4975-400e-b65b-ade89ca0fb24:g2,5,161,162,113,114,105,81,99,1,1,3,2,2026 Macon PPA Challenger,2026-07-18,Round 32
7ea61ad4-4975-400e-b65b-ade89ca0fb24:g3,-6,161,162,113,114,105,81,99,1,1,3,3,2026 Macon PPA Challenger,2026-07-18,Round 32
7f424d48-c546-49cf-8c5e-3c8c739ac53b:g1,-8,163,164,107,108,106,78,100,1,1,3,1,2026 Macon PPA Challenger,2026-07-18,Round 32
7f424d48-c546-49cf-8c5e-3c8c739ac53b:g2,4,163,164,107,108,106,78,100,1,1,3,2,2026 Macon PPA Challenger,2026-07-18,Round 32
7f424d48-c546-49cf-8c5e-3c8c739ac53b:g3,-2,163,164,107,108,106,78,100,1,1,3,3,2026 Macon PPA Challenger,2026-07-18,Round 32
81013dd8-6ccb-47e4-adeb-9934c977e29b:g1,9,105,106,129,130,77,89,101,1,1,3,1,2026 Macon PPA Challenger,2026-07-18,Round 32
81013dd8-6ccb-47e4-adeb-9934c977e29b:g2,-2,105,106,129,130,77,89,101,1,1,3,2,2026 Macon PPA Challenger,2026-07-18,Round 32
81013dd8-6ccb-47e4-adeb-9934c977e29b:g3,5,105,106,129,130,77,89,101,1,1,3,3,2026 Macon PPA Challenger,2026-07-18,Round 32
82e8f923-5202-4745-a653-2d9f61c66e23:g1,9,157,158,165,166,103,107,102,2,1,3,1,2026 Macon PPA Challenger,2026-07-18,Round 32
82e8f923-5202-4745-a653-2d9f61c66e23:g2,11,157,158,165,166,103,107,102,2,1,3,2,2026 Macon PPA Challenger,2026-07-18,Round 32
83693f3c-ea0f-4c1a-8468-2167fd89562b:g1,4,133,134,105,106,91,77,103,1,1,3,1,2026 Macon PPA Challenger,2026-07-18,Quarter Finals
83693f3c-ea0f-4c1a-8468-2167fd89562b:g2,6,133,134,105,106,91,77,103,1,1,3,2,2026 Macon PPA Challenger,2026-07-18,Quarter Finals
845fe4b3-02d2-4620-98cb-c354f6773d1f:g1,9,167,168,169,170,108,109,104,1,1,3,1,2026 Macon PPA Challenger,2026-07-18,Round 64
845fe4b3-02d2-4620-98cb-c354f6773d1f:g2,-8,167,168,169,170,108,109,104,1,1,3,2,2026 Macon PPA Challenger,2026-07-18,Round 64
845fe4b3-02d2-4620-98cb-c354f6773d1f:g3,4,167,168,169,170,108,109,104,1,1,3,3,2026 Macon PPA Challenger,2026-07-18,Round 64
853f606f-a3a4-4f5f-9770-fe80a60b3a12:g1,9,51,52,143,144,50,96,105,2,1,3,1,2026 Macon PPA Challenger,2026-07-18,Finals
853f606f-a3a4-4f5f-9770-fe80a60b3a12:g2,-4,51,52,143,144,50,96,105,2,1,3,2,2026 Macon PPA Challenger,2026-07-18,Finals
853f606f-a3a4-4f5f-9770-fe80a60b3a12:g3,2,51,52,143,144,50,96,105,2,1,3,3,2026 Macon PPA Challenger,2026-07-18,Finals
85a7a9e2-2df5-43bb-8656-c29c3fafada1:g1,5,171,172,173,174,110,111,106,1,1,3,1,2026 Macon PPA Challenger,2026-07-18,Round 64
85a7a9e2-2df5-43bb-8656-c29c3fafada1:g2,-2,171,172,173,174,110,111,106,1,1,3,2,2026 Macon PPA Challenger,2026-07-18,Round 64
85a7a9e2-2df5-43bb-8656-c29c3fafada1:g3,7,171,172,173,174,110,111,106,1,1,3,3,2026 Macon PPA Challenger,2026-07-18,Round 64
8a0e9e5b-8abd-4f62-9745-5ae303eebe2f:g1,6,175,176,177,178,112,113,107,1,1,3,1,2026 Macon PPA Challenger,2026-07-18,Round 32
8a0e9e5b-8abd-4f62-9745-5ae303eebe2f:g2,6,175,176,177,178,112,113,107,1,1,3,2,2026 Macon PPA Challenger,2026-07-18,Round 32
9319e28a-a8e6-4ba1-afb6-a6ff69b77946:g1,8,179,180,181,182,114,115,108,1,1,3,1,2026 Macon PPA Challenger,2026-07-18,Round 64
9319e28a-a8e6-4ba1-afb6-a6ff69b77946:g2,9,179,180,181,182,114,115,108,1,1,3,2,2026 Macon PPA Challenger,2026-07-18,Round 64
a1a6e09f-e2fb-4731-943b-92f1ff9f072e:g1,-5,183,184,141,142,116,95,109,1,1,3,1,2026 Macon PPA Challenger,2026-07-18,Round 64
a1a6e09f-e2fb-4731-943b-92f1ff9f072e:g2,-2,183,184,141,142,116,95,109,1,1,3,2,2026 Macon PPA Challenger,2026-07-18,Round 64
aa3bb15d-3a40-472c-b2c5-925261fdffcc:g1,6,185,186,117,118,117,83,110,1,1,3,1,2026 Macon PPA Challenger,2026-07-18,Round 32
aa3bb15d-3a40-472c-b2c5-925261fdffcc:g2,8,185,186,117,118,117,83,110,1,1,3,2,2026 Macon PPA Challenger,2026-07-18,Round 32
ac4ecd15-5679-4bbe-8921-f66d8f19c029:g1,9,137,138,187,188,93,118,111,2,1,3,1,2026 Macon PPA Challenger,2026-07-18,Round 16
ac4ecd15-5679-4bbe-8921-f66d8f19c029:g2,4,137,138,187,188,93,118,111,2,1,3,2,2026 Macon PPA Challenger,2026-07-18,Round 16
adaeba2a-795f-41d5-9384-62b41ca58b2f:g1,7,157,158,143,144,103,96,112,2,1,3,1,2026 Macon PPA Challenger,2026-07-18,Semi-Finals
adaeba2a-795f-41d5-9384-62b41ca58b2f:g2,-2,157,158,143,144,103,96,112,2,1,3,2,2026 Macon PPA Challenger,2026-07-18,Semi-Finals
adaeba2a-795f-41d5-9384-62b41ca58b2f:g3,-9,157,158,143,144,103,96,112,2,1,3,3,2026 Macon PPA Challenger,2026-07-18,Semi-Finals
aded4807-337c-4a13-a8b4-ab167964b752:g1,4,137,138,189,190,93,119,113,2,1,3,1,2026 Macon PPA Challenger,2026-07-18,Round 32
aded4807-337c-4a13-a8b4-ab167964b752:g2,8,137,138,189,190,93,119,113,2,1,3,2,2026 Macon PPA Challenger,2026-07-18,Round 32
af041201-44a1-483e-9321-5849759ec4aa:g1,4,191,192,193,194,120,121,114,1,1,3,1,2026 Macon PPA Challenger,2026-07-18,Round 64
af041201-44a1-483e-9321-5849759ec4aa:g2,7,191,192,193,194,120,121,114,1,1,3,2,2026 Macon PPA Challenger,2026-07-18,Round 64
b17c0a3a-bc01-4663-9723-f1bcdb0e3046:g1,-4,99,100,143,144,74,96,115,2,1,3,1,2026 Macon PPA Challenger,2026-07-18,Round 16
b17c0a3a-bc01-4663-9723-f1bcdb0e3046:g2,-11,99,100,143,144,74,96,115,2,1,3,2,2026 Macon PPA Challenger,2026-07-18,Round 16
b244b927-2558-4977-8673-bfdf81877099:g1,-2,195,196,197,198,122,123,116,1,1,3,1,2026 Macon PPA Challenger,2026-07-18,Round 64
b244b927-2558-4977-8673-bfdf81877099:g2,-3,195,196,197,198,122,123,116,1,1,3,2,2026 Macon PPA Challenger,2026-07-18,Round 64
b3745b58-3eea-40c1-9467-3fddc4f3c8fb:g1,-9,163,164,199,200,106,124,117,1,1,3,1,2026 Macon PPA Challenger,2026-07-18,Round 64
b3745b58-3eea-40c1-9467-3fddc4f3c8fb:g2,2,163,164,199,200,106,124,117,1,1,3,2,2026 Macon PPA Challenger,2026-07-18,Round 64
b3745b58-3eea-40c1-9467-3fddc4f3c8fb:g3,6,163,164,199,200,106,124,117,1,1,3,3,2026 Macon PPA Challenger,2026-07-18,Round 64
ba3c2eaa-22cc-4f93-90fc-2efda035f577:g1,11,143,144,201,202,96,125,118,2,1,3,1,2026 Macon PPA Challenger,2026-07-18,Round 32
ba3c2eaa-22cc-4f93-90fc-2efda035f577:g2,10,143,144,201,202,96,125,118,2,1,3,2,2026 Macon PPA Challenger,2026-07-18,Round 32
c050b8a8-6141-4cdc-b0ef-51e272419538:g1,9,157,158,75,76,103,62,119,2,1,3,1,2026 Macon PPA Challenger,2026-07-18,Quarter Finals
c050b8a8-6141-4cdc-b0ef-51e272419538:g2,8,157,158,75,76,103,62,119,2,1,3,2,2026 Macon PPA Challenger,2026-07-18,Quarter Finals
c0af3a32-8569-45ce-ac24-337dc6b3ebf7:g1,-2,177,178,203,204,113,126,120,1,1,3,1,2026 Macon PPA Challenger,2026-07-18,Round 64
c0af3a32-8569-45ce-ac24-337dc6b3ebf7:g2,5,177,178,203,204,113,126,120,1,1,3,2,2026 Macon PPA Challenger,2026-07-18,Round 64
c0af3a32-8569-45ce-ac24-337dc6b3ebf7:g3,5,177,178,203,204,113,126,120,1,1,3,3,2026 Macon PPA Challenger,2026-07-18,Round 64
c158300b-4be2-47dc-80a3-027b79f82820:g1,-6,149,150,87,88,99,68,121,2,1,3,1,2026 Macon PPA Challenger,2026-07-18,Round 16
c158300b-4be2-47dc-80a3-027b79f82820:g2,-7,149,150,87,88,99,68,121,2,1,3,2,2026 Macon PPA Challenger,2026-07-18,Round 16
c3c541ac-b5dd-4c43-9036-e2970ba68f2c:g1,-5,145,146,111,112,97,80,122,1,1,3,1,2026 Macon PPA Challenger,2026-07-18,Round 32
c3c541ac-b5dd-4c43-9036-e2970ba68f2c:g2,7,145,146,111,112,97,80,122,1,1,3,2,2026 Macon PPA Challenger,2026-07-18,Round 32
c3c541ac-b5dd-4c43-9036-e2970ba68f2c:g3,-4,145,146,111,112,97,80,122,1,1,3,3,2026 Macon PPA Challenger,2026-07-18,Round 32
c4f1f5dd-46b8-4c27-baec-5a23e90bf0a1:g1,3,75,76,205,206,62,127,123,2,1,3,1,2026 Macon PPA Challenger,2026-07-18,Round 32
c4f1f5dd-46b8-4c27-baec-5a23e90bf0a1:g2,8,75,76,205,206,62,127,123,2,1,3,2,2026 Macon PPA Challenger,2026-07-18,Round 32
c574f6e4-e52a-427a-9365-e00bf4abc083:g1,11,107,108,207,208,78,128,124,1,1,3,1,2026 Macon PPA Challenger,2026-07-18,Round 64
c574f6e4-e52a-427a-9365-e00bf4abc083:g2,6,107,108,207,208,78,128,124,1,1,3,2,2026 Macon PPA Challenger,2026-07-18,Round 64
c7394f40-281f-4282-9190-aab7e76774ee:g1,3,159,160,175,176,104,112,125,1,1,3,1,2026 Macon PPA Challenger,2026-07-18,Round 16
c7394f40-281f-4282-9190-aab7e76774ee:g2,-7,159,160,175,176,104,112,125,1,1,3,2,2026 Macon PPA Challenger,2026-07-18,Round 16
c7394f40-281f-4282-9190-aab7e76774ee:g3,2,159,160,175,176,104,112,125,1,1,3,3,2026 Macon PPA Challenger,2026-07-18,Round 16
cc453783-05da-4108-ad23-27f7ca7f8364:g1,-6,191,192,55,56,120,52,126,1,1,3,1,2026 Macon PPA Challenger,2026-07-18,Round 16
cc453783-05da-4108-ad23-27f7ca7f8364:g2,-7,191,192,55,56,120,52,126,1,1,3,2,2026 Macon PPA Challenger,2026-07-18,Round 16
d07c0a30-ce74-4fc3-aae7-0608096217cb:g1,-2,83,84,111,112,66,80,127,1,1,3,1,2026 Macon PPA Challenger,2026-07-18,Round 16
d07c0a30-ce74-4fc3-aae7-0608096217cb:g2,-5,83,84,111,112,66,80,127,1,1,3,2,2026 Macon PPA Challenger,2026-07-18,Round 16
d081f508-4c97-4239-94e9-e310b0b517d3:g1,6,103,104,167,168,76,108,128,1,1,3,1,2026 Macon PPA Challenger,2026-07-18,Round 32
d081f508-4c97-4239-94e9-e310b0b517d3:g2,2,103,104,167,168,76,108,128,1,1,3,2,2026 Macon PPA Challenger,2026-07-18,Round 32
d37de024-c911-4cba-a758-b8ab689e89ed:g1,9,159,160,197,198,104,123,129,1,1,3,1,2026 Macon PPA Challenger,2026-07-18,Round 32
d37de024-c911-4cba-a758-b8ab689e89ed:g2,9,159,160,197,198,104,123,129,1,1,3,2,2026 Macon PPA Challenger,2026-07-18,Round 32
d6b46036-6e4f-4860-b87b-0b3fe1a79c3d:g1,10,97,98,209,210,73,129,130,1,1,3,1,2026 Macon PPA Challenger,2026-07-18,Round 64
d6b46036-6e4f-4860-b87b-0b3fe1a79c3d:g2,7,97,98,209,210,73,129,130,1,1,3,2,2026 Macon PPA Challenger,2026-07-18,Round 64
d7852d6b-fd69-4857-8f8c-6e9b419a896f:g1,-2,51,52,87,88,50,68,131,2,1,3,1,2026 Macon PPA Challenger,2026-07-18,Quarter Finals
d7852d6b-fd69-4857-8f8c-6e9b419a896f:g2,10,51,52,87,88,50,68,131,2,1,3,2,2026 Macon PPA Challenger,2026-07-18,Quarter Finals
d7852d6b-fd69-4857-8f8c-6e9b419a896f:g3,9,51,52,87,88,50,68,131,2,1,3,3,2026 Macon PPA Challenger,2026-07-18,Quarter Finals
da607455-d5f5-4c40-a0b6-7773f3f4fbba:g1,4,79,80,179,180,64,114,132,1,1,3,1,2026 Macon PPA Challenger,2026-07-18,Round 32
da607455-d5f5-4c40-a0b6-7773f3f4fbba:g2,-6,79,80,179,180,64,114,132,1,1,3,2,2026 Macon PPA Challenger,2026-07-18,Round 32
da607455-d5f5-4c40-a0b6-7773f3f4fbba:g3,-6,79,80,179,180,64,114,132,1,1,3,3,2026 Macon PPA Challenger,2026-07-18,Round 32
dba285f4-bff2-4bea-a462-a53c65720ad1:g1,4,175,176,211,212,112,130,133,1,1,3,1,2026 Macon PPA Challenger,2026-07-18,Round 64
dba285f4-bff2-4bea-a462-a53c65720ad1:g2,4,175,176,211,212,112,130,133,1,1,3,2,2026 Macon PPA Challenger,2026-07-18,Round 64
ddb704c8-af42-4224-b1d2-c45ee61aa1ce:g1,5,157,158,91,92,103,70,134,2,1,3,1,2026 Macon PPA Challenger,2026-07-18,Round 16
ddb704c8-af42-4224-b1d2-c45ee61aa1ce:g2,9,157,158,91,92,103,70,134,2,1,3,2,2026 Macon PPA Challenger,2026-07-18,Round 16
e66df990-bf96-4e66-afb1-2bd437b0e719:g1,8,187,188,213,214,118,131,135,2,1,3,1,2026 Macon PPA Challenger,2026-07-18,Round 32
e66df990-bf96-4e66-afb1-2bd437b0e719:g2,-2,187,188,213,214,118,131,135,2,1,3,2,2026 Macon PPA Challenger,2026-07-18,Round 32
e66df990-bf96-4e66-afb1-2bd437b0e719:g3,8,187,188,213,214,118,131,135,2,1,3,3,2026 Macon PPA Challenger,2026-07-18,Round 32
e7c69b0a-04a7-4da8-8983-d56412988288:g1,2,55,56,133,134,52,91,136,1,1,3,1,2026 Macon PPA Challenger,2026-07-18,Finals
e7c69b0a-04a7-4da8-8983-d56412988288:g2,7,55,56,133,134,52,91,136,1,1,3,2,2026 Macon PPA Challenger,2026-07-18,Finals
eaa61255-8bbf-4e58-8447-ace0ab8e71b3:g1,-3,123,124,215,216,86,132,137,1,1,3,1,2026 Macon PPA Challenger,2026-07-18,Round 64
eaa61255-8bbf-4e58-8447-ace0ab8e71b3:g2,9,123,124,215,216,86,132,137,1,1,3,2,2026 Macon PPA Challenger,2026-07-18,Round 64
eaa61255-8bbf-4e58-8447-ace0ab8e71b3:g3,2,123,124,215,216,86,132,137,1,1,3,3,2026 Macon PPA Challenger,2026-07-18,Round 64
ec82e138-d161-496f-887b-41c9d301f1ac:g1,-2,161,162,217,218,105,133,138,1,1,3,1,2026 Macon PPA Challenger,2026-07-18,Round 64
ec82e138-d161-496f-887b-41c9d301f1ac:g2,2,161,162,217,218,105,133,138,1,1,3,2,2026 Macon PPA Challenger,2026-07-18,Round 64
ec82e138-d161-496f-887b-41c9d301f1ac:g3,5,161,162,217,218,105,133,138,1,1,3,3,2026 Macon PPA Challenger,2026-07-18,Round 64
f591785f-2077-4369-8227-03f90ee6a711:g1,10,71,72,171,172,60,110,139,1,1,3,1,2026 Macon PPA Challenger,2026-07-18,Round 32
f591785f-2077-4369-8227-03f90ee6a711:g2,7,71,72,171,172,60,110,139,1,1,3,2,2026 Macon PPA Challenger,2026-07-18,Round 32
f705bcdc-051b-46bd-b81b-ef710048e53c:g1,-2,219,220,113,114,134,81,140,1,1,3,1,2026 Macon PPA Challenger,2026-07-18,Round 64
f705bcdc-051b-46bd-b81b-ef710048e53c:g2,-4,219,220,113,114,134,81,140,1,1,3,2,2026 Macon PPA Challenger,2026-07-18,Round 64
f7e39bfe-547a-45df-89f3-0df13b27d959:g1,-7,185,186,113,114,117,81,141,1,1,3,1,2026 Macon PPA Challenger,2026-07-18,Round 16
f7e39bfe-547a-45df-89f3-0df13b27d959:g2,-5,185,186,113,114,117,81,141,1,1,3,2,2026 Macon PPA Challenger,2026-07-18,Round 16
fa4dda79-afb0-4fb0-ac3c-6f9257139f4a:g1,-2,125,126,119,120,87,84,142,2,1,3,1,2026 Macon PPA Challenger,2026-07-18,Round 16
fa4dda79-afb0-4fb0-ac3c-6f9257139f4a:g2,5,125,126,119,120,87,84,142,2,1,3,2,2026 Macon PPA Challenger,2026-07-18,Round 16
fa4dda79-afb0-4fb0-ac3c-6f9257139f4a:g3,4,125,126,119,120,87,84,142,2,1,3,3,2026 Macon PPA Challenger,2026-07-18,Round 16
fc4fbe71-30f2-4e79-8aae-7741d8159373:g1,-2,221,222,191,192,135,120,143,1,1,3,1,2026 Macon PPA Challenger,2026-07-18,Round 32
fc4fbe71-30f2-4e79-8aae-7741d8159373:g2,-9,221,222,191,192,135,120,143,1,1,3,2,2026 Macon PPA Challenger,2026-07-18,Round 32
ff3b079f-fd92-4245-a286-28cc2efc600d:g1,6,133,134,179,180,91,114,144,1,1,3,1,2026 Macon PPA Challenger,2026-07-18,Round 16
ff3b079f-fd92-4245-a286-28cc2efc600d:g2,3,133,134,179,180,91,114,144,1,1,3,2,2026 Macon PPA Challenger,2026-07-18,Round 16
048525b7-0c87-4248-8721-d904f3b31a2c:g1,6,17,16,25,19,13,22,145,0,0,1,1,MLP San Diego,2026-07-18,Round 1 RR
073f5daf-d82d-464c-bbe9-d3673b456bfd:g1,6,29,31,34,49,30,47,146,0,0,1,1,MLP San Diego,2026-07-18,Round 5 RR
07f85162-9241-42cd-80b8-125ffb2c2e73:g1,3,32,33,28,29,31,28,147,2,0,1,1,MLP San Diego,2026-07-18,Round 3 RR
13f333c3-f0c2-4897-9c16-8d8d158c44d9:g1,-5,8,223,12,13,136,9,148,0,0,1,1,MLP San Diego,2026-07-18,Round 2 RR
167d7847-0319-4cd8-9cf5-369ea9c214ba:g1,-3,1,0,15,10,0,12,149,1,0,1,1,MLP San Diego,2026-07-18,Round 4 RR
1dc22283-dfc1-43bc-bb7d-4ed8b02e790b:g1,3,1,0,13,16,0,11,150,1,0,1,1,MLP San Diego,2026-07-18,Round 2 RR
26e2e9b5-94c7-441f-b47e-9984fbcd1cb5:g1,7,18,2,6,11,14,7,151,0,0,1,1,MLP San Diego,2026-07-18,Round 2 RR
2bc395ed-4228-4d49-bbaa-f8f8c87b1b58:g1,-10,36,39,33,48,137,48,152,0,0,1,1,MLP San Diego,2026-07-18,Round 4 RR
2efdb058-bac3-48ec-ad75-eaee5440cb3f:g1,-3,4,0,17,16,2,13,153,0,0,1,1,MLP San Diego,2026-07-18,Round 2 RR
2f2350cb-b110-4dc3-8fb2-deba3f0d5198:g1,-5,47,39,48,41,41,45,154,1,0,1,1,MLP San Diego,2026-07-18,Round 4 RR
3356ef28-5c8f-4cad-aa8b-85960df1b027:g1,-4,27,42,35,45,37,42,155,0,0,1,1,MLP San Diego,2026-07-18,Round 1 RR
46cc6115-3424-4cb7-b067-70328c5d90dc:g1,-10,33,48,43,38,48,38,156,0,0,1,1,MLP San Diego,2026-07-18,Round 3 RR
4803ff34-9f56-46a2-be04-6b6f74c80ae5:g1,-5,28,29,224,35,28,138,157,2,0,1,1,MLP San Diego,2026-07-18,Round 5 RR
4fd247be-6347-4e3c-839e-6c95181bdfa8:g1,7,2,3,44,21,1,39,158,1,0,1,1,MLP San Diego,2026-07-18,Round 2 RR
5a006e0f-af46-4ff6-8623-7de214b919d7:g1,-2,47,39,42,30,41,46,159,1,0,1,1,MLP San Diego,2026-07-18,Round 2 RR
5bba9330-0cfa-4704-a9e4-4f8d29e48b16:g1,7,29,31,50,39,30,139,160,0,0,1,1,MLP San Diego,2026-07-18,Round 1 RR
623fb77f-ae01-441b-8ad1-5bd81060f0ef:g1,-6,36,37,32,33,33,31,161,2,0,1,1,MLP San Diego,2026-07-18,Round 4 RR
6e7991a3-5665-4d4f-8376-5a7855582fd1:g1,8,43,38,35,45,38,42,162,0,0,1,1,MLP San Diego,2026-07-18,Round 5 RR
71ebca1d-6ae8-473a-9b0b-d93356fac0cc:g1,-2,13,16,19,20,11,15,163,1,0,1,1,MLP San Diego,2026-07-18,Round 1 RR
7750271d-e5ca-4720-b2ac-2b9b3f8d2faf:g1,-2,5,18,6,24,19,26,164,2,0,1,1,MLP San Diego,2026-07-18,Round 2 RR
7881475d-5a9f-40f7-804d-a42bbfa28198:g1,7,10,15,20,19,12,15,165,1,0,1,1,MLP San Diego,2026-07-18,Round 2 RR
7a30f736-70c2-4f0c-ad07-b2483007f2b2:g1,8,9,10,25,19,6,22,166,0,0,1,1,MLP San Diego,2026-07-18,Round 2 RR
871b6786-387e-418b-820a-b005f508ba9d:g1,3,8,4,12,17,5,17,167,2,0,1,1,MLP San Diego,2026-07-18,Round 2 RR
8d6a6deb-6459-4e39-847c-a1efb9f34a1c:g1,-2,26,27,224,35,27,138,168,2,0,1,1,MLP San Diego,2026-07-18,Round 1 RR
91d85728-a71c-4432-9f93-853e3194533f:g1,11,22,9,23,25,18,25,169,2,0,1,1,MLP San Diego,2026-07-18,Round 2 RR
95ee8eb4-ef62-4089-9093-e521c7468326:g1,6,14,15,23,20,10,20,170,0,0,1,1,MLP San Diego,2026-07-18,Round 2 RR
990cc6e9-f414-49f1-a6c8-9a9a43427e67:g1,-4,8,223,22,15,136,24,171,0,0,1,1,MLP San Diego,2026-07-18,Round 4 RR
9d3670c0-ce07-4d8e-ab47-25b55b09a530:g1,-6,37,40,32,41,44,36,172,0,0,1,1,MLP San Diego,2026-07-18,Round 4 RR
b767a529-12fc-469b-8324-af5d7b2e6d97:g1,4,26,30,34,49,29,47,173,0,0,1,1,MLP San Diego,2026-07-18,Round 1 RR
c0ece913-4029-4ff1-a901-07abbd58fa8b:g1,-2,37,40,26,30,44,29,174,0,0,1,1,MLP San Diego,2026-07-18,Round 2 RR
c3aaaa5e-8449-4bf4-9907-5c21b624874a:g1,-7,42,30,45,46,46,40,175,1,0,1,1,MLP San Diego,2026-07-18,Round 1 RR
d0476b86-a187-4723-82c2-30cc34faaad9:g1,-5,12,13,23,20,9,20,176,0,0,1,1,MLP San Diego,2026-07-18,Round 1 RR
d084b4ab-0c36-4139-ae21-212fda5b524d:g1,-7,36,37,26,27,33,27,177,2,0,1,1,MLP San Diego,2026-07-18,Round 2 RR
d5286c0e-6f0f-48b5-aa9c-da362ee21113:g1,-11,8,4,22,9,5,18,178,2,0,1,1,MLP San Diego,2026-07-18,Round 4 RR
deb1b08b-0db0-439d-9761-2b4341c5f71b:g1,3,5,3,24,21,3,21,179,0,0,1,1,MLP San Diego,2026-07-18,Round 2 RR
e7d80091-ea93-4e7e-b235-6db982c3f3e8:g1,3,12,17,23,25,17,25,180,2,0,1,1,MLP San Diego,2026-07-18,Round 1 RR
ea732643-2177-40c0-bf88-0eac2dcdd0e5:g1,-8,48,41,31,38,45,34,181,1,0,1,1,MLP San Diego,2026-07-18,Round 3 RR
eb691242-841d-4391-9b50-386854db6c85:g1,-9,4,0,9,10,2,6,182,0,0,1,1,MLP San Diego,2026-07-18,Round 4 RR
f7d7ffd3-4026-4c98-86e6-a80914554cb0:g1,-5,31,38,49,46,34,140,183,1,0,1,1,MLP San Diego,2026-07-18,Round 5 RR
02383fb7-8ecc-4716-a301-fa703b860002:g1,4,188,222,145,158,141,142,184,0,1,3,1,2026 Macon PPA Challenger,2026-07-19,Round 16
02383fb7-8ecc-4716-a301-fa703b860002:g2,-9,188,222,145,158,141,142,184,0,1,3,2,2026 Macon PPA Challenger,2026-07-19,Round 16
02383fb7-8ecc-4716-a301-fa703b860002:g3,-9,188,222,145,158,141,142,184,0,1,3,3,2026 Macon PPA Challenger,2026-07-19,Round 16
03c1a5e7-b01e-4b83-87f3-9275dee7ab0e:g1,9,126,133,56,87,143,144,185,0,1,3,1,2026 Macon PPA Challenger,2026-07-19,Round 16
03c1a5e7-b01e-4b83-87f3-9275dee7ab0e:g2,6,126,133,56,87,143,144,185,0,1,3,2,2026 Macon PPA Challenger,2026-07-19,Round 16
0529f0ae-e891-4007-86d7-bf4e94570fb5:g1,6,84,51,88,216,145,146,186,0,1,3,1,2026 Macon PPA Challenger,2026-07-19,Round 16
0529f0ae-e891-4007-86d7-bf4e94570fb5:g2,-2,84,51,88,216,145,146,186,0,1,3,2,2026 Macon PPA Challenger,2026-07-19,Round 16
0529f0ae-e891-4007-86d7-bf4e94570fb5:g3,4,84,51,88,216,145,146,186,0,1,3,3,2026 Macon PPA Challenger,2026-07-19,Round 16
0cc4db6a-aaa3-41f2-bf73-f2f47e7079fd:g1,-3,219,53,93,85,147,148,187,0,1,3,1,2026 Macon PPA Challenger,2026-07-19,Round 64
0cc4db6a-aaa3-41f2-bf73-f2f47e7079fd:g2,-4,219,53,93,85,147,148,187,0,1,3,2,2026 Macon PPA Challenger,2026-07-19,Round 64
187b0da5-9ef1-462d-bc0c-475b85792fa3:g1,4,191,59,54,108,149,150,188,0,1,3,1,2026 Macon PPA Challenger,2026-07-19,Round 64
187b0da5-9ef1-462d-bc0c-475b85792fa3:g2,4,191,59,54,108,149,150,188,0,1,3,2,2026 Macon PPA Challenger,2026-07-19,Round 64
191367d6-5300-48d0-a9ed-74eb2871a7bb:g1,11,105,149,111,94,151,152,189,0,1,3,1,2026 Macon PPA Challenger,2026-07-19,Round 32
191367d6-5300-48d0-a9ed-74eb2871a7bb:g2,-3,105,149,111,94,151,152,189,0,1,3,2,2026 Macon PPA Challenger,2026-07-19,Round 32
191367d6-5300-48d0-a9ed-74eb2871a7bb:g3,-9,105,149,111,94,151,152,189,0,1,3,3,2026 Macon PPA Challenger,2026-07-19,Round 32
24db65ab-3dc7-483a-ab7e-8a3aa693b93c:g1,-5,92,86,225,97,153,154,190,0,1,3,1,2026 Macon PPA Challenger,2026-07-19,Round 64
24db65ab-3dc7-483a-ab7e-8a3aa693b93c:g2,-2,92,86,225,97,153,154,190,0,1,3,2,2026 Macon PPA Challenger,2026-07-19,Round 64
25957f9f-2af0-4156-8ad8-09173ead46be:g1,-2,84,51,146,144,145,155,191,0,1,3,1,2026 Macon PPA Challenger,2026-07-19,Semi-Finals
25957f9f-2af0-4156-8ad8-09173ead46be:g2,2,84,51,146,144,145,155,191,0,1,3,2,2026 Macon PPA Challenger,2026-07-19,Semi-Finals
25957f9f-2af0-4156-8ad8-09173ead46be:g3,3,84,51,146,144,145,155,191,0,1,3,3,2026 Macon PPA Challenger,2026-07-19,Semi-Finals
2690d57e-4ff5-47d5-a17a-e5c7c0faefdb:g1,9,83,67,226,227,156,157,192,0,1,3,1,2026 Macon PPA Challenger,2026-07-19,Round 64
2690d57e-4ff5-47d5-a17a-e5c7c0faefdb:g2,9,83,67,226,227,156,157,192,0,1,3,2,2026 Macon PPA Challenger,2026-07-19,Round 64
2a3235b9-36d9-408f-a998-c821c04c0d13:g1,6,143,228,225,97,158,154,193,0,1,3,1,2026 Macon PPA Challenger,2026-07-19,Round 32
2a3235b9-36d9-408f-a998-c821c04c0d13:g2,2,143,228,225,97,158,154,193,0,1,3,2,2026 Macon PPA Challenger,2026-07-19,Round 32
3132a80c-10f2-4cce-baf7-6e1be9f08e15:g1,-4,187,112,88,216,159,146,194,0,1,3,1,2026 Macon PPA Challenger,2026-07-19,Round 32
3132a80c-10f2-4cce-baf7-6e1be9f08e15:g2,-8,187,112,88,216,159,146,194,0,1,3,2,2026 Macon PPA Challenger,2026-07-19,Round 32
33279c1c-3b70-4994-98ad-a538dbab357c:g1,7,56,87,73,107,144,160,195,0,1,3,1,2026 Macon PPA Challenger,2026-07-19,Round 32
33279c1c-3b70-4994-98ad-a538dbab357c:g2,6,56,87,73,107,144,160,195,0,1,3,2,2026 Macon PPA Challenger,2026-07-19,Round 32
3372d3be-efae-459d-aeda-c2292187a5ab:g1,-5,77,63,124,120,161,162,196,0,1,3,1,2026 Macon PPA Challenger,2026-07-19,Round 32
3372d3be-efae-459d-aeda-c2292187a5ab:g2,-8,77,63,124,120,161,162,196,0,1,3,2,2026 Macon PPA Challenger,2026-07-19,Round 32
3b3aa7f7-adda-4324-a95d-96da21b3b9ed:g1,10,72,60,193,91,163,164,197,0,1,3,1,2026 Macon PPA Challenger,2026-07-19,Round 64
3b3aa7f7-adda-4324-a95d-96da21b3b9ed:g2,7,72,60,193,91,163,164,197,0,1,3,2,2026 Macon PPA Challenger,2026-07-19,Round 64
3f5b07c9-4708-45d5-a305-6c3afc5a5e43:g1,7,84,51,213,135,145,165,198,0,1,3,1,2026 Macon PPA Challenger,2026-07-19,Round 32
3f5b07c9-4708-45d5-a305-6c3afc5a5e43:g2,7,84,51,213,135,145,165,198,0,1,3,2,2026 Macon PPA Challenger,2026-07-19,Round 32
4258f114-bb9e-49ac-aa24-352f2bf8fc39:g1,-6,178,150,73,107,166,160,199,0,1,3,1,2026 Macon PPA Challenger,2026-07-19,Round 64
4258f114-bb9e-49ac-aa24-352f2bf8fc39:g2,3,178,150,73,107,166,160,199,0,1,3,2,2026 Macon PPA Challenger,2026-07-19,Round 64
4258f114-bb9e-49ac-aa24-352f2bf8fc39:g3,-6,178,150,73,107,166,160,199,0,1,3,3,2026 Macon PPA Challenger,2026-07-19,Round 64
4632b8e7-cac0-4047-9482-450fab182aec:g1,10,84,51,229,230,145,167,200,0,1,3,1,2026 Macon PPA Challenger,2026-07-19,Round 64
4632b8e7-cac0-4047-9482-450fab182aec:g2,9,84,51,229,230,145,167,200,0,1,3,2,2026 Macon PPA Challenger,2026-07-19,Round 64
4a2e539f-84a4-4b80-9a78-052316889535:g1,-5,78,64,177,62,168,169,201,0,1,3,1,2026 Macon PPA Challenger,2026-07-19,Round 64
4a2e539f-84a4-4b80-9a78-052316889535:g2,7,78,64,177,62,168,169,201,0,1,3,2,2026 Macon PPA Challenger,2026-07-19,Round 64
4a2e539f-84a4-4b80-9a78-052316889535:g3,10,78,64,177,62,168,169,201,0,1,3,3,2026 Macon PPA Challenger,2026-07-19,Round 64
4baf6815-8df8-4b5a-90d5-3df4536eb8d9:g1,-5,106,90,124,120,170,162,202,0,1,3,1,2026 Macon PPA Challenger,2026-07-19,Round 16
4baf6815-8df8-4b5a-90d5-3df4536eb8d9:g2,-10,106,90,124,120,170,162,202,0,1,3,2,2026 Macon PPA Challenger,2026-07-19,Round 16
5293726d-27a1-46a9-9064-5a413b5a02ee:g1,7,188,222,202,130,141,171,203,0,1,3,1,2026 Macon PPA Challenger,2026-07-19,Round 64
5293726d-27a1-46a9-9064-5a413b5a02ee:g2,4,188,222,202,130,141,171,203,0,1,3,2,2026 Macon PPA Challenger,2026-07-19,Round 64
55484119-0b9b-44f6-b219-dca6980723e1:g1,9,146,144,205,79,155,172,204,0,1,3,1,2026 Macon PPA Challenger,2026-07-19,Round 32
55484119-0b9b-44f6-b219-dca6980723e1:g2,-4,146,144,205,79,155,172,204,0,1,3,2,2026 Macon PPA Challenger,2026-07-19,Round 32
55484119-0b9b-44f6-b219-dca6980723e1:g3,6,146,144,205,79,155,172,204,0,1,3,3,2026 Macon PPA Challenger,2026-07-19,Round 32
5a6bfebe-a147-49d6-9d9e-4d1ff04e6b34:g1,8,75,162,111,94,173,152,205,0,1,3,1,2026 Macon PPA Challenger,2026-07-19,Round 16
5a6bfebe-a147-49d6-9d9e-4d1ff04e6b34:g2,2,75,162,111,94,173,152,205,0,1,3,2,2026 Macon PPA Challenger,2026-07-19,Round 16
5b5e6047-1984-48d8-a39f-5cd03a14cf06:g1,2,103,138,176,231,174,175,206,0,1,3,1,2026 Macon PPA Challenger,2026-07-19,Round 32
5b5e6047-1984-48d8-a39f-5cd03a14cf06:g2,6,103,138,176,231,174,175,206,0,1,3,2,2026 Macon PPA Challenger,2026-07-19,Round 32
5ba9b9a4-a320-45db-b37b-dc465076317f:g1,11,146,144,145,158,155,142,207,0,1,3,1,2026 Macon PPA Challenger,2026-07-19,Quarter Finals
5ba9b9a4-a320-45db-b37b-dc465076317f:g2,3,146,144,145,158,155,142,207,0,1,3,2,2026 Macon PPA Challenger,2026-07-19,Quarter Finals
624f2e32-57d8-4ad9-8e58-133d8b894abc:g1,10,145,158,161,190,142,176,208,0,1,3,1,2026 Macon PPA Challenger,2026-07-19,Round 64
624f2e32-57d8-4ad9-8e58-133d8b894abc:g2,7,145,158,161,190,142,176,208,0,1,3,2,2026 Macon PPA Challenger,2026-07-19,Round 64
687130f4-10ae-40c4-8881-c7c9dbcb9c31:g1,6,88,216,232,113,146,177,209,0,1,3,1,2026 Macon PPA Challenger,2026-07-19,Round 64
687130f4-10ae-40c4-8881-c7c9dbcb9c31:g2,2,88,216,232,113,146,177,209,0,1,3,2,2026 Macon PPA Challenger,2026-07-19,Round 64
715937ff-06a6-4f69-897c-7b48eef50a9e:g1,-7,68,160,188,222,178,141,210,0,1,3,1,2026 Macon PPA Challenger,2026-07-19,Round 32
715937ff-06a6-4f69-897c-7b48eef50a9e:g2,-6,68,160,188,222,178,141,210,0,1,3,2,2026 Macon PPA Challenger,2026-07-19,Round 32
824572a4-9d31-4bba-a922-214aa4a4a36a:g1,3,111,94,115,74,152,179,211,0,1,3,1,2026 Macon PPA Challenger,2026-07-19,Round 64
824572a4-9d31-4bba-a922-214aa4a4a36a:g2,10,111,94,115,74,152,179,211,0,1,3,2,2026 Macon PPA Challenger,2026-07-19,Round 64
8a122449-27b5-40ef-906a-184c7f08e6b3:g1,9,233,157,136,234,180,181,212,0,1,3,1,2026 Macon PPA Challenger,2026-07-19,Round 64
8a122449-27b5-40ef-906a-184c7f08e6b3:g2,11,233,157,136,234,180,181,212,0,1,3,2,2026 Macon PPA Challenger,2026-07-19,Round 64
8ce86002-0c57-418e-b4e4-ac3a349365d2:g1,5,143,228,235,156,158,182,213,0,1,3,1,2026 Macon PPA Challenger,2026-07-19,Round 64
8ce86002-0c57-418e-b4e4-ac3a349365d2:g2,8,143,228,235,156,158,182,213,0,1,3,2,2026 Macon PPA Challenger,2026-07-19,Round 64
8efe0df4-098e-43f6-9398-1f93183d8a7c:g1,7,124,120,126,133,162,143,214,0,1,3,1,2026 Macon PPA Challenger,2026-07-19,Quarter Finals
8efe0df4-098e-43f6-9398-1f93183d8a7c:g2,-2,124,120,126,133,162,143,214,0,1,3,2,2026 Macon PPA Challenger,2026-07-19,Quarter Finals
8efe0df4-098e-43f6-9398-1f93183d8a7c:g3,-5,124,120,126,133,162,143,214,0,1,3,3,2026 Macon PPA Challenger,2026-07-19,Quarter Finals
97c91862-50f2-4c77-a8ce-97e470ba2c0f:g1,6,125,134,171,236,183,184,215,0,1,3,1,2026 Macon PPA Challenger,2026-07-19,Round 32
97c91862-50f2-4c77-a8ce-97e470ba2c0f:g2,3,125,134,171,236,183,184,215,0,1,3,2,2026 Macon PPA Challenger,2026-07-19,Round 32
986f3adc-8250-4081-810d-be0af58ab5f6:g1,7,146,144,197,110,155,185,216,0,1,3,1,2026 Macon PPA Challenger,2026-07-19,Round 64
986f3adc-8250-4081-810d-be0af58ab5f6:g2,10,146,144,197,110,155,185,216,0,1,3,2,2026 Macon PPA Challenger,2026-07-19,Round 64
98b224eb-7f75-4ffb-a2fa-5eb05a19f9e7:g1,10,145,158,78,64,142,168,217,0,1,3,1,2026 Macon PPA Challenger,2026-07-19,Round 32
98b224eb-7f75-4ffb-a2fa-5eb05a19f9e7:g2,2,145,158,78,64,142,168,217,0,1,3,2,2026 Macon PPA Challenger,2026-07-19,Round 32
9dee13a1-8c76-47dc-b265-050b2685cd15:g1,2,126,133,191,59,143,149,218,0,1,3,1,2026 Macon PPA Challenger,2026-07-19,Round 32
9dee13a1-8c76-47dc-b265-050b2685cd15:g2,7,126,133,191,59,143,149,218,0,1,3,2,2026 Macon PPA Challenger,2026-07-19,Round 32
9e66ad4b-9386-49dd-8aa2-a368e6670703:g1,-4,213,135,214,237,165,186,219,0,1,3,1,2026 Macon PPA Challenger,2026-07-19,Round 64
9e66ad4b-9386-49dd-8aa2-a368e6670703:g2,7,213,135,214,237,165,186,219,0,1,3,2,2026 Macon PPA Challenger,2026-07-19,Round 64
9e66ad4b-9386-49dd-8aa2-a368e6670703:g3,5,213,135,214,237,165,186,219,0,1,3,3,2026 Macon PPA Challenger,2026-07-19,Round 64
9ebd3305-c4eb-4080-a4ac-3da0f07c85e6:g1,8,84,51,103,138,145,174,220,0,1,3,1,2026 Macon PPA Challenger,2026-07-19,Quarter Finals
9ebd3305-c4eb-4080-a4ac-3da0f07c85e6:g2,-2,84,51,103,138,145,174,220,0,1,3,2,2026 Macon PPA Challenger,2026-07-19,Quarter Finals
9ebd3305-c4eb-4080-a4ac-3da0f07c85e6:g3,4,84,51,103,138,145,174,220,0,1,3,3,2026 Macon PPA Challenger,2026-07-19,Quarter Finals
9fba9318-6f15-4c3d-a87f-cf5a523a6a40:g1,7,233,157,93,85,180,148,221,0,1,3,1,2026 Macon PPA Challenger,2026-07-19,Round 32
9fba9318-6f15-4c3d-a87f-cf5a523a6a40:g2,8,233,157,93,85,180,148,221,0,1,3,2,2026 Macon PPA Challenger,2026-07-19,Round 32
a16ce1ee-d8f1-4004-a093-79e9fe0be703:g1,7,77,63,218,121,161,187,222,0,1,3,1,2026 Macon PPA Challenger,2026-07-19,Round 64
a16ce1ee-d8f1-4004-a093-79e9fe0be703:g2,3,77,63,218,121,161,187,222,0,1,3,2,2026 Macon PPA Challenger,2026-07-19,Round 64
a230d642-feec-4a22-8c12-9f3f072898af:g1,-8,84,51,233,157,145,180,223,0,1,3,1,2026 Macon PPA Challenger,2026-07-19,Finals
a230d642-feec-4a22-8c12-9f3f072898af:g2,-3,84,51,233,157,145,180,223,0,1,3,2,2026 Macon PPA Challenger,2026-07-19,Finals
a28b2b66-5d8b-48a5-8744-c45aa72039a9:g1,-3,76,192,201,118,188,189,224,0,1,3,1,2026 Macon PPA Challenger,2026-07-19,Round 64
a28b2b66-5d8b-48a5-8744-c45aa72039a9:g2,-2,76,192,201,118,188,189,224,0,1,3,2,2026 Macon PPA Challenger,2026-07-19,Round 64
a4d1defc-8000-459a-adc7-ee65d44fff8e:g1,10,233,157,75,162,180,173,225,0,1,3,1,2026 Macon PPA Challenger,2026-07-19,Quarter Finals
a4d1defc-8000-459a-adc7-ee65d44fff8e:g2,4,233,157,75,162,180,173,225,0,1,3,2,2026 Macon PPA Challenger,2026-07-19,Quarter Finals
a7cd79e1-693f-4f9f-9eb9-da8ce97545ec:g1,7,124,120,104,119,162,190,226,0,1,3,1,2026 Macon PPA Challenger,2026-07-19,Round 64
a7cd79e1-693f-4f9f-9eb9-da8ce97545ec:g2,4,124,120,104,119,162,190,226,0,1,3,2,2026 Macon PPA Challenger,2026-07-19,Round 64
a9852061-a08b-4b11-bc8d-8405b9c697d1:g1,-2,172,122,106,90,191,170,227,0,1,3,1,2026 Macon PPA Challenger,2026-07-19,Round 64
a9852061-a08b-4b11-bc8d-8405b9c697d1:g2,-7,172,122,106,90,191,170,227,0,1,3,2,2026 Macon PPA Challenger,2026-07-19,Round 64
acfacb02-cc76-4c8a-bf72-2740a005d2ec:g1,2,187,112,238,220,159,192,228,0,1,3,1,2026 Macon PPA Challenger,2026-07-19,Round 64
acfacb02-cc76-4c8a-bf72-2740a005d2ec:g2,3,187,112,238,220,159,192,228,0,1,3,2,2026 Macon PPA Challenger,2026-07-19,Round 64
b4e432f6-91f8-46f3-af65-8d43ce3e3602:g1,8,233,157,126,133,180,143,229,0,1,3,1,2026 Macon PPA Challenger,2026-07-19,Semi-Finals
b4e432f6-91f8-46f3-af65-8d43ce3e3602:g2,5,233,157,126,133,180,143,229,0,1,3,2,2026 Macon PPA Challenger,2026-07-19,Semi-Finals
b57af940-510b-4022-a741-766a907f68fe:g1,10,75,162,239,207,173,193,230,0,1,3,1,2026 Macon PPA Challenger,2026-07-19,Round 64
b57af940-510b-4022-a741-766a907f68fe:g2,5,75,162,239,207,173,193,230,0,1,3,2,2026 Macon PPA Challenger,2026-07-19,Round 64
b620cec8-3796-4b26-b609-e8faf25747cb:g1,4,221,137,151,240,194,195,231,0,1,3,1,2026 Macon PPA Challenger,2026-07-19,Round 64
b620cec8-3796-4b26-b609-e8faf25747cb:g2,10,221,137,151,240,194,195,231,0,1,3,2,2026 Macon PPA Challenger,2026-07-19,Round 64
bc87b734-83aa-42a6-a568-91838d202d89:g1,-2,83,67,106,90,156,170,232,0,1,3,1,2026 Macon PPA Challenger,2026-07-19,Round 32
bc87b734-83aa-42a6-a568-91838d202d89:g2,-6,83,67,106,90,156,170,232,0,1,3,2,2026 Macon PPA Challenger,2026-07-19,Round 32
be325631-642a-4ce0-ac89-fd0041bbc209:g1,-2,105,149,89,123,151,196,233,0,1,3,1,2026 Macon PPA Challenger,2026-07-19,Round 64
be325631-642a-4ce0-ac89-fd0041bbc209:g2,2,105,149,89,123,151,196,233,0,1,3,2,2026 Macon PPA Challenger,2026-07-19,Round 64
be325631-642a-4ce0-ac89-fd0041bbc209:g3,4,105,149,89,123,151,196,233,0,1,3,3,2026 Macon PPA Challenger,2026-07-19,Round 64
bf47a58e-7241-4a4a-8af7-aac8dda23ded:g1,4,233,157,143,228,180,158,234,0,1,3,1,2026 Macon PPA Challenger,2026-07-19,Round 16
bf47a58e-7241-4a4a-8af7-aac8dda23ded:g2,6,233,157,143,228,180,158,234,0,1,3,2,2026 Macon PPA Challenger,2026-07-19,Round 16
c38c917f-fb46-4e92-bf26-c5ad520679db:g1,5,103,138,221,137,174,194,235,0,1,3,1,2026 Macon PPA Challenger,2026-07-19,Round 16
c38c917f-fb46-4e92-bf26-c5ad520679db:g2,-7,103,138,221,137,174,194,235,0,1,3,2,2026 Macon PPA Challenger,2026-07-19,Round 16
c38c917f-fb46-4e92-bf26-c5ad520679db:g3,2,103,138,221,137,174,194,235,0,1,3,3,2026 Macon PPA Challenger,2026-07-19,Round 16
c57821ad-2898-4fbe-9dcf-f35ea71b1554:g1,10,75,162,201,118,173,189,236,0,1,3,1,2026 Macon PPA Challenger,2026-07-19,Round 32
c57821ad-2898-4fbe-9dcf-f35ea71b1554:g2,-3,75,162,201,118,173,189,236,0,1,3,2,2026 Macon PPA Challenger,2026-07-19,Round 32
c57821ad-2898-4fbe-9dcf-f35ea71b1554:g3,4,75,162,201,118,173,189,236,0,1,3,3,2026 Macon PPA Challenger,2026-07-19,Round 32
c5ae5686-7ec4-4006-abf0-dee5c3f8a9e4:g1,10,126,133,215,128,143,197,237,0,1,3,1,2026 Macon PPA Challenger,2026-07-19,Round 64
c5ae5686-7ec4-4006-abf0-dee5c3f8a9e4:g2,8,126,133,215,128,143,197,237,0,1,3,2,2026 Macon PPA Challenger,2026-07-19,Round 64
c8afdf51-e7f5-4e5d-aa0d-14002a074429:g1,7,103,138,241,200,174,198,238,0,1,3,1,2026 Macon PPA Challenger,2026-07-19,Round 64
c8afdf51-e7f5-4e5d-aa0d-14002a074429:g2,2,103,138,241,200,174,198,238,0,1,3,2,2026 Macon PPA Challenger,2026-07-19,Round 64
cd0edd81-9856-4c5f-8cb9-6792e15bb804:g1,-8,205,79,242,243,172,199,239,0,1,3,1,2026 Macon PPA Challenger,2026-07-19,Round 64
cd0edd81-9856-4c5f-8cb9-6792e15bb804:g2,4,205,79,242,243,172,199,239,0,1,3,2,2026 Macon PPA Challenger,2026-07-19,Round 64
cd0edd81-9856-4c5f-8cb9-6792e15bb804:g3,4,205,79,242,243,172,199,239,0,1,3,3,2026 Macon PPA Challenger,2026-07-19,Round 64
d6388dee-d804-44b8-8f1d-5f0e67df3743:g1,-2,125,134,146,144,183,155,240,0,1,3,1,2026 Macon PPA Challenger,2026-07-19,Round 16
d6388dee-d804-44b8-8f1d-5f0e67df3743:g2,-3,125,134,146,144,183,155,240,0,1,3,2,2026 Macon PPA Challenger,2026-07-19,Round 16
e1528994-8318-4896-87a5-b6423ad44cbe:g1,10,56,87,244,204,144,200,241,0,1,3,1,2026 Macon PPA Challenger,2026-07-19,Round 64
e1528994-8318-4896-87a5-b6423ad44cbe:g2,9,56,87,244,204,144,200,241,0,1,3,2,2026 Macon PPA Challenger,2026-07-19,Round 64
e9c10337-9751-438a-8170-67a57f5a24e1:g1,2,171,236,101,198,184,201,242,0,1,3,1,2026 Macon PPA Challenger,2026-07-19,Round 64
e9c10337-9751-438a-8170-67a57f5a24e1:g2,6,171,236,101,198,184,201,242,0,1,3,2,2026 Macon PPA Challenger,2026-07-19,Round 64
ece45ba4-f40a-4795-98d0-7226eb848877:g1,7,176,231,117,61,175,202,243,0,1,3,1,2026 Macon PPA Challenger,2026-07-19,Round 64
ece45ba4-f40a-4795-98d0-7226eb848877:g2,11,176,231,117,61,175,202,243,0,1,3,2,2026 Macon PPA Challenger,2026-07-19,Round 64
edf1e697-3905-45e4-a9cc-d618b430e02b:g1,-2,221,137,72,60,194,163,244,0,1,3,1,2026 Macon PPA Challenger,2026-07-19,Round 32
edf1e697-3905-45e4-a9cc-d618b430e02b:g2,2,221,137,72,60,194,163,244,0,1,3,2,2026 Macon PPA Challenger,2026-07-19,Round 32
edf1e697-3905-45e4-a9cc-d618b430e02b:g3,2,221,137,72,60,194,163,244,0,1,3,3,2026 Macon PPA Challenger,2026-07-19,Round 32
eec3e2ea-1b90-491c-b0d1-dc11a45b1843:g1,5,125,134,245,210,183,203,245,0,1,3,1,2026 Macon PPA Challenger,2026-07-19,Round 64
eec3e2ea-1b90-491c-b0d1-dc11a45b1843:g2,11,125,134,245,210,183,203,245,0,1,3,2,2026 Macon PPA Challenger,2026-07-19,Round 64
fd1dc7d0-8976-4606-befc-8757bf72dca9:g1,-6,68,160,189,179,178,204,246,0,1,3,1,2026 Macon PPA Challenger,2026-07-19,Round 64
fd1dc7d0-8976-4606-befc-8757bf72dca9:g2,4,68,160,189,179,178,204,246,0,1,3,2,2026 Macon PPA Challenger,2026-07-19,Round 64
fd1dc7d0-8976-4606-befc-8757bf72dca9:g3,6,68,160,189,179,178,204,246,0,1,3,3,2026 Macon PPA Challenger,2026-07-19,Round 64
0aa62dda-8730-4207-97ef-1b17e1711aa7:g1,-6,23,20,26,30,20,29,247,0,0,1,1,MLP San Diego,2026-07-19,One and Done - Playoff W
2c53a496-e265-4fcd-906c-d38a94ab6f38:g1,-7,9,10,29,31,6,30,248,0,0,1,1,MLP San Diego,2026-07-19,One and Done - Playoff W
5650646e-7630-4820-a673-0ec9aafe190d:g1,-2,23,25,26,27,25,27,249,2,0,1,1,MLP San Diego,2026-07-19,One and Done - Playoff W
5b19b840-0a14-4567-93d9-d846089761ee:g1,-6,15,10,31,38,12,34,250,1,0,1,1,MLP San Diego,2026-07-19,One and Done - Playoff W
60731dad-bd70-4004-8355-6010bf198e61:g1,-3,19,20,42,30,15,46,251,1,0,1,1,MLP San Diego,2026-07-19,One and Done - Playoff W
66fb66fa-d38e-40a9-bcb5-3a24c0e40957:g1,5,5,18,36,37,19,33,252,2,0,1,1,MLP San Diego,2026-07-19,One and Done - Playoff W
6ae16726-2dd9-4a37-9ae9-e6f5316096c4:g1,7,32,41,29,31,36,30,253,0,0,1,1,MLP San Diego,2026-07-19,Round 3 RR
88ee6763-4e65-403d-b106-b40d4ef68d9c:g1,5,33,48,17,16,48,13,254,0,0,1,1,MLP San Diego,2026-07-19,One and Done - Playoff W
9f623914-db98-461b-8dbf-ad30e38ede29:g1,6,48,41,13,16,45,11,255,1,0,1,1,MLP San Diego,2026-07-19,One and Done - Playoff W
a9f4e753-30db-4923-be0c-70d17fcd0f16:g1,-7,22,15,43,38,24,38,256,0,0,1,1,MLP San Diego,2026-07-19,One and Done - Playoff W
c84c0fa4-731b-4889-aba0-dd394ad836dc:g1,-7,18,2,37,40,14,44,257,0,0,1,1,MLP San Diego,2026-07-19,One and Done - Playoff W
dea45020-9f4a-4689-b535-e5311a95a58b:g1,2,32,33,12,17,31,17,258,2,0,1,1,MLP San Diego,2026-07-19,One and Done - Playoff W
dee31dad-d501-48e0-b710-3cd3431e02eb:g1,-11,5,3,36,39,3,137,259,0,0,1,1,MLP San Diego,2026-07-19,One and Done - Playoff W
e5637fa8-d825-4160-be72-f91ef4ca51c4:g1,3,22,9,28,29,18,28,260,2,0,1,1,MLP San Diego,2026-07-19,One and Done - Playoff W
f2415761-1e6f-4cea-aea2-90478fed83e8:g1,3,2,3,47,39,1,41,261,1,0,1,1,MLP San Diego,2026-07-19,One and Done - Playoff W
f643f919-b895-4060-bf78-f75f707d75e0:g1,-6,36,39,27,42,137,37,262,0,0,1,1,MLP San Diego,2026-07-19,Round 2 RR
00c44498-a6b0-4c1d-b1d0-9022c3f0887f:g1,-2,246,247,43,38,205,38,263,0,0,1,1,MLP Chicago,2026-07-23,Round 4 RR
3d4c5774-07fa-4d94-9077-3341dd65f47f:g1,10,26,30,35,45,29,42,264,0,0,1,1,MLP Chicago,2026-07-23,Round 1 RR
46fa2943-65d0-4a1f-9a46-838c2943168b:g1,2,248,249,158,233,206,207,265,0,0,1,1,MLP Chicago,2026-07-23,Round 4 RR
541d6748-4fee-4df7-8f41-4a457bfce171:g1,8,27,42,224,250,37,208,266,0,0,1,1,MLP Chicago,2026-07-23,Round 1 RR
6a619bf2-ed12-4424-9043-0bd06a45cdea:g1,5,27,42,251,252,37,209,267,0,0,1,1,MLP Chicago,2026-07-23,Round 2 RR
766cb253-6c4a-4465-b089-f5f23ce0fc11:g1,-3,249,253,83,233,210,211,268,1,0,1,1,MLP Chicago,2026-07-23,Round 4 RR
800b7fac-8b03-47c9-85b0-63e4663b5cba:g1,3,42,30,46,45,46,40,269,1,0,1,1,MLP Chicago,2026-07-23,Round 1 RR
828bad0f-b167-4f4e-b67b-2b8649b0986c:g1,-3,26,27,254,255,27,212,270,2,0,1,1,MLP Chicago,2026-07-23,Round 2 RR
82dfb716-2793-4b85-b625-fa8ab8b42203:g1,6,25,256,157,257,213,214,271,0,0,1,1,MLP Chicago,2026-07-23,Round 2 RR
bd785d18-8900-4421-aefe-68580f1f2896:g1,4,26,27,35,224,27,138,272,2,0,1,1,MLP Chicago,2026-07-23,Round 1 RR
c47665ea-49e5-4147-bd16-1e58f998c17f:g1,3,19,20,257,247,15,215,273,1,0,1,1,MLP Chicago,2026-07-23,Round 2 RR
d46437d2-5349-4bd6-bca8-0998b1e4fd5f:g1,-7,257,247,31,38,215,34,274,1,0,1,1,MLP Chicago,2026-07-23,Round 4 RR
d4d1b516-5fa8-44d9-9eb3-c7c1f4b5e687:g1,-5,23,20,246,247,20,205,275,0,0,1,1,MLP Chicago,2026-07-23,Round 2 RR
dcbe0644-4204-44d7-a943-b3e5454ff6c0:g1,-2,25,23,246,157,25,216,276,2,0,1,1,MLP Chicago,2026-07-23,Round 2 RR
ed21d30f-c3fb-40db-a661-ed0d0605e0a5:g1,-6,258,248,158,51,217,218,277,2,0,1,1,MLP Chicago,2026-07-23,Round 4 RR
f27ebcf9-b51b-4e5f-8406-b9df14dc401b:g1,-9,246,157,28,29,216,28,278,2,0,1,1,MLP Chicago,2026-07-23,Round 4 RR
f2c29aa4-99da-4722-a61e-0c6918967be8:g1,7,259,253,51,40,219,220,279,0,0,1,1,MLP Chicago,2026-07-23,Round 4 RR
f7249c90-c243-4a14-be8b-1d4c8dd3f92d:g1,-2,157,257,29,31,214,30,280,0,0,1,1,MLP Chicago,2026-07-23,Round 4 RR
fdff8679-6ba6-46d1-bfe6-c4016fd2747a:g1,-8,42,30,260,252,46,221,281,1,0,1,1,MLP Chicago,2026-07-23,Round 2 RR
03b6dee1-a18a-4519-a733-323b8998ed1f:g1,-10,261,16,262,253,222,223,282,1,0,1,1,MLP Chicago,2026-07-24,Round 3 RR
049b7b60-f5c0-4e05-a9cf-04ac7d27b2dd:g1,-5,17,16,259,253,13,219,283,0,0,1,1,MLP Chicago,2026-07-24,Round 3 RR
0b37b3f6-2618-4a3d-9a7d-e102fa1dac7a:g1,-4,25,23,251,254,25,224,284,2,0,1,1,MLP Chicago,2026-07-24,Round 5 RR
0e1bb84d-0b69-41c8-a730-21ab26261a77:g1,7,51,40,263,84,220,225,285,0,0,1,1,MLP Chicago,2026-07-24,Round 3 RR
0e8dd14f-0695-4960-a1a0-51cce3a12ed7:g1,2,264,263,4,8,226,5,286,2,0,1,1,MLP Chicago,2026-07-24,Round 1 RR
11911571-b9ac-429a-9802-39abfee8de41:g1,3,265,247,34,45,227,228,287,0,0,1,1,MLP Chicago,2026-07-24,Round 5 RR
13dd52bf-7c33-43e3-aa62-180e2935ae06:g1,-5,28,29,26,27,28,27,288,2,0,1,1,MLP Chicago,2026-07-24,Round 5 RR
1431580e-3cdd-428e-99eb-73cfb3335e81:g1,9,254,260,246,257,229,230,289,0,0,1,1,MLP Chicago,2026-07-24,Round 1 RR
177cd937-223c-4bdd-962b-a1a15db03345:g1,-8,12,261,8,223,231,136,290,0,0,1,1,MLP Chicago,2026-07-24,Round 4 RR
26b76ecf-3e6d-485e-a2b8-b8161e450e94:g1,-6,23,20,27,42,20,37,291,0,0,1,1,MLP Chicago,2026-07-24,Round 4 RR
2970b2dc-9afc-4f63-a9a6-c0fb6aa2b9ad:g1,-7,25,256,26,30,213,29,292,0,0,1,1,MLP Chicago,2026-07-24,Round 4 RR
2ac4c270-0611-460e-8a21-5b8d412f6b5a:g1,6,43,38,26,30,38,29,293,0,0,1,1,MLP Chicago,2026-07-24,Round 5 RR
2cea46e3-4026-402c-a5d1-c4245b75c870:g1,-2,12,261,248,249,231,206,294,0,0,1,1,MLP Chicago,2026-07-24,Round 3 RR
35335c7e-4de7-44a5-865a-b09125bebfa9:g1,5,261,16,0,223,222,232,295,1,0,1,1,MLP Chicago,2026-07-24,Round 4 RR
39c8762d-42b8-429c-abb0-d3adc161fe53:g1,-4,158,51,264,263,218,226,296,2,0,1,1,MLP Chicago,2026-07-24,Round 3 RR
3cc14929-245a-4055-becf-0a0806eafd72:g1,8,247,257,250,45,215,233,297,1,0,1,1,MLP Chicago,2026-07-24,Round 5 RR
400f202a-6950-496b-a37e-5f8cccfe4801:g1,-3,17,16,4,0,13,2,298,0,0,1,1,MLP Chicago,2026-07-24,Round 4 RR
54994d37-2d6f-4dc2-87d0-20efa21af19e:g1,-6,256,20,266,260,234,235,299,1,0,1,1,MLP Chicago,2026-07-24,Round 5 RR
5cbd5d96-998b-4d83-a8bd-4d95157b49d3:g1,-5,158,233,264,267,207,236,300,0,0,1,1,MLP Chicago,2026-07-24,Round 3 RR
678d8e75-4fdd-406a-bf62-b8c354d9011d:g1,3,31,38,42,30,34,46,301,1,0,1,1,MLP Chicago,2026-07-24,Round 5 RR
69793b78-19e4-492a-984e-a69a4cc79142:g1,2,12,17,258,248,17,217,302,2,0,1,1,MLP Chicago,2026-07-24,Round 3 RR
71dd5a83-f1d2-423e-a20b-ea1dc07aa62c:g1,-2,157,257,35,250,214,237,303,0,0,1,1,MLP Chicago,2026-07-24,Round 5 RR
8ac173a8-85f4-48df-b623-7f4bdc0019c8:g1,-11,256,20,42,30,234,46,304,1,0,1,1,MLP Chicago,2026-07-24,Round 4 RR
9147671b-a315-4a00-91d5-74fbe43b60d2:g1,-3,224,45,29,31,238,30,305,0,0,1,1,MLP Chicago,2026-07-24,Round 2 RR
98d1bee9-0fd6-4aee-8366-9febc39ac8a0:g1,3,26,30,254,260,29,229,306,0,0,1,1,MLP Chicago,2026-07-24,Round 2 RR
9cd44e6a-78ad-4479-a75d-541dccad6b5a:g1,6,264,267,4,0,236,2,307,0,0,1,1,MLP Chicago,2026-07-24,Round 1 RR
a0b870c8-87ee-4d77-886a-07088fd0fb2f:g1,4,268,267,0,223,239,232,308,1,0,1,1,MLP Chicago,2026-07-24,Round 1 RR
af2f6ea2-41e7-4961-83d8-96daaf58baeb:g1,6,255,254,246,157,212,216,309,2,0,1,1,MLP Chicago,2026-07-24,Round 1 RR
ba69b883-bbb5-4c02-a259-a8e3ecfed4fc:g1,3,29,31,27,42,30,37,310,0,0,1,1,MLP Chicago,2026-07-24,Round 5 RR
c3ea047f-de97-4936-898d-b5dfba0e1b87:g1,2,246,157,34,35,216,32,311,2,0,1,1,MLP Chicago,2026-07-24,Round 5 RR
c7bf8b49-97fa-491c-b266-9853a02c053e:g1,9,23,25,26,27,25,27,312,2,0,1,1,MLP Chicago,2026-07-24,Round 4 RR
cc465ba3-4b87-428d-b8d8-306c52922a4f:g1,6,255,266,265,247,240,227,313,0,0,1,1,MLP Chicago,2026-07-24,Round 1 RR
cf9b63fa-808f-40a3-bdc5-4645515d05f0:g1,-9,35,250,43,38,237,38,314,0,0,1,1,MLP Chicago,2026-07-24,Round 2 RR
d0886d73-9e03-4e99-a6d1-7988c541ec15:g1,11,25,256,254,260,213,229,315,0,0,1,1,MLP Chicago,2026-07-24,Round 5 RR
d318e79e-86e2-4cb9-a8fe-8e875d689258:g1,4,12,17,4,8,17,5,316,2,0,1,1,MLP Chicago,2026-07-24,Round 4 RR
d579254a-0724-47d4-8d06-b3760fe79ffa:g1,-3,35,224,28,29,138,28,317,2,0,1,1,MLP Chicago,2026-07-24,Round 2 RR
eb147030-3624-4f28-b65e-c053d26725ab:g1,2,263,268,8,223,241,136,318,0,0,1,1,MLP Chicago,2026-07-24,Round 1 RR
f0a97594-01b9-489b-bb52-05a6084f6615:g1,2,83,233,84,267,211,242,319,1,0,1,1,MLP Chicago,2026-07-24,Round 3 RR
f1f5d4f6-848b-4d02-8998-ec57cb9732f4:g1,-2,266,260,247,257,235,215,320,1,0,1,1,MLP Chicago,2026-07-24,Round 1 RR
ffdb3b43-011e-4757-96a8-54ecad01f644:g1,-6,250,45,31,38,233,34,321,1,0,1,1,MLP Chicago,2026-07-24,Round 2 RR
0a157968-7250-42fa-96e4-62c64da9a24b:g1,-2,254,260,35,250,229,237,322,0,0,1,1,MLP Chicago,2026-07-25,Round 4 RR
0bdb1d88-6e1e-48da-8cbe-8f848ad1be8b:g1,-9,258,269,263,268,243,241,323,0,0,1,1,MLP Chicago,2026-07-25,Round 2 RR
0ca7efd7-9a76-4dd4-bd69-c1fddeb3050e:g1,-5,251,254,34,35,224,32,324,2,0,1,1,MLP Chicago,2026-07-25,Round 4 RR
10033bd4-99e9-4a4d-909e-81e4951f0d6e:g1,-4,28,29,254,255,28,212,325,2,0,1,1,MLP Chicago,2026-07-25,Round 3 RR
126f2897-d188-4600-ade8-57629f01db7b:g1,3,26,27,246,265,27,244,326,2,0,1,1,MLP Chicago,2026-07-25,Round 3 RR
133cf11d-d3eb-4448-8e82-7789b5d4e764:g1,-2,4,8,158,51,5,218,327,2,0,1,1,MLP Chicago,2026-07-25,Round 2 RR
13bdbcd3-3d67-4988-9964-6528098b452d:g1,4,35,250,23,20,237,20,328,0,0,1,1,MLP Chicago,2026-07-25,Round 3 RR
156c7902-5585-4ab8-9379-222d64f4ef9e:g1,3,51,40,17,16,220,13,329,0,0,1,1,MLP Chicago,2026-07-25,Round 1 RR
1c9ca388-a922-4bed-aa3b-205561187979:g1,8,266,260,45,250,235,233,330,1,0,1,1,MLP Chicago,2026-07-25,Round 4 RR
2184685b-1a95-4658-b6ab-97e11b089cc9:g1,7,29,31,23,20,30,20,331,0,0,1,1,MLP Chicago,2026-07-25,Round 1 RR
27efb858-0de1-4ebe-b8ea-414d0e418500:g1,-2,27,42,265,247,37,227,332,0,0,1,1,MLP Chicago,2026-07-25,Round 3 RR
290204e6-7878-4cd6-9aed-58e40b8398ed:g1,-6,270,0,259,253,245,219,333,0,0,1,1,MLP Chicago,2026-07-25,Round 5 RR
306e6550-ad84-4f78-b1d8-455f54a414bb:g1,3,42,30,257,247,46,215,334,1,0,1,1,MLP Chicago,2026-07-25,Round 3 RR
3d9fe8b7-daf4-4b73-9608-6c5dde624b83:g1,-6,263,268,12,261,241,231,335,0,0,1,1,MLP Chicago,2026-07-25,Round 5 RR
4f7072c4-6916-4ea2-8f18-8565b55766a5:g1,-2,29,31,254,260,30,229,336,0,0,1,1,MLP Chicago,2026-07-25,Round 3 RR
56520919-20b9-41be-82a3-7d2b1bea6c97:g1,-2,251,266,34,45,246,228,337,0,0,1,1,MLP Chicago,2026-07-25,Round 4 RR
6549b08c-d469-4509-947b-c15d46a920bb:g1,-9,0,1,83,233,0,211,338,1,0,1,1,MLP Chicago,2026-07-25,Round 2 RR
66bb2c3f-a262-4de9-9620-96c235f773cc:g1,-4,34,35,23,25,32,25,339,2,0,1,1,MLP Chicago,2026-07-25,Round 3 RR
73e58915-9cd3-46bd-a72d-37ff62de7470:g1,-4,262,249,268,267,247,239,340,1,0,1,1,MLP Chicago,2026-07-25,Round 2 RR
79c5e003-6cc2-426a-94c1-5b7deb3317a6:g1,-4,158,83,12,261,248,231,341,0,0,1,1,MLP Chicago,2026-07-25,Round 1 RR
7ecb2dd3-b59e-4c91-a893-a0f90ddb628c:g1,2,264,267,17,16,236,13,342,0,0,1,1,MLP Chicago,2026-07-25,Round 5 RR
93e21465-c595-40ff-8f52-a0b904f5e48a:g1,4,268,267,261,16,239,222,343,1,0,1,1,MLP Chicago,2026-07-25,Round 5 RR
94185627-7c21-4fa1-8c81-71c86f498f0f:g1,-6,158,51,12,17,218,17,344,2,0,1,1,MLP Chicago,2026-07-25,Round 1 RR
95957fc6-4146-41d7-8f67-4538c240b722:g1,7,45,250,256,20,233,234,345,1,0,1,1,MLP Chicago,2026-07-25,Round 3 RR
9698565f-45c2-4856-af38-87733efee9a2:g1,11,43,38,25,256,38,213,346,0,0,1,1,MLP Chicago,2026-07-25,Round 1 RR
9c8e16b1-6a2c-448b-8e72-5a5ee73e1356:g1,2,0,1,262,253,0,223,347,1,0,1,1,MLP Chicago,2026-07-25,Round 5 RR
9db60a17-ef7a-4ca7-a394-6684c680d61b:g1,-2,23,20,251,266,20,246,348,0,0,1,1,MLP Chicago,2026-07-25,Round 5 RR
a1be6d76-d3cf-4c21-bb71-7a3e92fbd814:g1,-6,8,223,248,249,136,206,349,0,0,1,1,MLP Chicago,2026-07-25,Round 5 RR
a5db81eb-1ed5-422c-b4c8-40aab0bddfc0:g1,-3,83,233,261,16,211,222,350,1,0,1,1,MLP Chicago,2026-07-25,Round 1 RR
aad5478d-e79b-44e5-81de-71c363e692a4:g1,7,270,223,158,83,249,248,351,0,0,1,1,MLP Chicago,2026-07-25,Round 2 RR
b074d038-c67e-43ec-970a-b88d8d8c82fb:g1,-11,270,8,258,248,250,217,352,2,0,1,1,MLP Chicago,2026-07-25,Round 5 RR
b37381e6-8ebc-4724-9eb6-8be405c0fdd0:g1,-6,264,263,12,17,226,17,353,2,0,1,1,MLP Chicago,2026-07-25,Round 5 RR
be9fabbf-584e-4176-94a4-26d2c4fc7c6e:g1,-6,4,0,51,40,2,220,354,0,0,1,1,MLP Chicago,2026-07-25,Round 2 RR
c5cc1a96-078f-4e13-a992-ea3a07d98138:g1,2,31,38,266,260,34,235,355,1,0,1,1,MLP Chicago,2026-07-25,Round 3 RR
c7160705-42a6-4794-a3ef-74fdd5ef8ca2:g1,-5,248,249,264,267,206,236,356,0,0,1,1,MLP Chicago,2026-07-25,Round 2 RR
cfcd66bd-07ad-46fa-a762-817e78aba26f:g1,4,31,38,256,20,34,234,357,1,0,1,1,MLP Chicago,2026-07-25,Round 1 RR
ea7e62b7-532e-4919-9911-5a72871f255d:g1,10,258,248,264,263,217,226,358,2,0,1,1,MLP Chicago,2026-07-25,Round 2 RR
eef4638e-ce6e-4801-9175-8f0c2e4f24da:g1,7,26,30,246,257,29,230,359,0,0,1,1,MLP Chicago,2026-07-25,Round 3 RR
f0bafc42-713a-4fb8-a14c-f4d55885342d:g1,-7,34,45,25,256,228,213,360,0,0,1,1,MLP Chicago,2026-07-25,Round 3 RR
f509185b-37d9-4fda-b6b3-f796b90f569c:g1,5,43,38,255,266,38,240,361,0,0,1,1,MLP Chicago,2026-07-25,Round 3 RR
f6457830-13bc-4702-8d3c-f5bd0eefde38:g1,2,28,29,25,23,28,25,362,2,0,1,1,MLP Chicago,2026-07-25,Round 1 RR
049eb62c-cfbe-4670-a47b-73e111a161bf:g1,7,271,272,273,274,251,252,363,2,1,3,1,PPA Italy P125 Portoroz,2026-07-25,Round 16
049eb62c-cfbe-4670-a47b-73e111a161bf:g2,11,271,272,273,274,251,252,363,2,1,3,2,PPA Italy P125 Portoroz,2026-07-25,Round 16
06f9384b-5848-453c-95e1-8237d59fb0d8:g1,9,275,61,276,277,253,254,364,2,1,3,1,PPA Italy P125 Portoroz,2026-07-25,Round 16
06f9384b-5848-453c-95e1-8237d59fb0d8:g2,7,275,61,276,277,253,254,364,2,1,3,2,PPA Italy P125 Portoroz,2026-07-25,Round 16
0aaaa3f3-2ca4-4dc3-8874-36f9a8aba8bf:g1,8,278,279,280,281,255,256,365,1,1,3,1,PPA Italy P125 Portoroz,2026-07-25,Round 32
0aaaa3f3-2ca4-4dc3-8874-36f9a8aba8bf:g2,7,278,279,280,281,255,256,365,1,1,3,2,PPA Italy P125 Portoroz,2026-07-25,Round 32
0c15e86a-c567-47f3-8631-21ee79d06bd6:g1,-2,282,125,283,284,257,258,366,2,1,3,1,PPA Italy P125 Portoroz,2026-07-25,Round 8
0c15e86a-c567-47f3-8631-21ee79d06bd6:g2,4,282,125,283,284,257,258,366,2,1,3,2,PPA Italy P125 Portoroz,2026-07-25,Round 8
0c15e86a-c567-47f3-8631-21ee79d06bd6:g3,2,282,125,283,284,257,258,366,2,1,3,3,PPA Italy P125 Portoroz,2026-07-25,Round 8
0d752ddf-b086-4fce-af7a-aa9c36c0a220:g1,-6,285,286,287,288,259,260,367,1,1,3,1,PPA Italy P125 Portoroz,2026-07-25,Round 8
0d752ddf-b086-4fce-af7a-aa9c36c0a220:g2,9,285,286,287,288,259,260,367,1,1,3,2,PPA Italy P125 Portoroz,2026-07-25,Round 8
0d752ddf-b086-4fce-af7a-aa9c36c0a220:g3,9,285,286,287,288,259,260,367,1,1,3,3,PPA Italy P125 Portoroz,2026-07-25,Round 8
16f2bea4-1b7a-44dc-8083-70a804d74bf0:g1,11,129,175,289,290,261,262,368,1,1,3,1,PPA Italy P125 Portoroz,2026-07-25,Round 32
16f2bea4-1b7a-44dc-8083-70a804d74bf0:g2,11,129,175,289,290,261,262,368,1,1,3,2,PPA Italy P125 Portoroz,2026-07-25,Round 32
1f42c2bf-0333-4db1-809c-783da38c3fe1:g1,2,291,292,293,294,263,264,369,1,1,3,1,PPA Italy P125 Portoroz,2026-07-25,Round 16
1f42c2bf-0333-4db1-809c-783da38c3fe1:g2,-5,291,292,293,294,263,264,369,1,1,3,2,PPA Italy P125 Portoroz,2026-07-25,Round 16
1f42c2bf-0333-4db1-809c-783da38c3fe1:g3,9,291,292,293,294,263,264,369,1,1,3,3,PPA Italy P125 Portoroz,2026-07-25,Round 16
221d7ab9-6d07-49cb-9629-eafd45891b73:g1,2,285,286,295,296,259,265,370,1,1,3,1,PPA Italy P125 Portoroz,2026-07-25,Finals
221d7ab9-6d07-49cb-9629-eafd45891b73:g2,-2,285,286,295,296,259,265,370,1,1,3,2,PPA Italy P125 Portoroz,2026-07-25,Finals
221d7ab9-6d07-49cb-9629-eafd45891b73:g3,4,285,286,295,296,259,265,370,1,1,3,3,PPA Italy P125 Portoroz,2026-07-25,Finals
2907b6bb-7685-46d3-b1d6-b3e7f0ee6f64:g1,-6,297,298,299,300,266,267,371,2,1,3,1,PPA Italy P125 Portoroz,2026-07-25,Round 32
2907b6bb-7685-46d3-b1d6-b3e7f0ee6f64:g2,-3,297,298,299,300,266,267,371,2,1,3,2,PPA Italy P125 Portoroz,2026-07-25,Round 32
2978b43c-8544-4392-bccf-af8fed93e7d0:g1,-6,301,302,299,300,268,267,372,2,1,3,1,PPA Italy P125 Portoroz,2026-07-25,Round 16
2978b43c-8544-4392-bccf-af8fed93e7d0:g2,3,301,302,299,300,268,267,372,2,1,3,2,PPA Italy P125 Portoroz,2026-07-25,Round 16
2978b43c-8544-4392-bccf-af8fed93e7d0:g3,5,301,302,299,300,268,267,372,2,1,3,3,PPA Italy P125 Portoroz,2026-07-25,Round 16
2b0c0421-afcd-495f-8814-5d28522ae4e5:g1,-2,303,304,305,306,269,270,373,2,1,3,1,PPA Italy P125 Portoroz,2026-07-25,Quarter Finals
2b0c0421-afcd-495f-8814-5d28522ae4e5:g2,-4,303,304,305,306,269,270,373,2,1,3,2,PPA Italy P125 Portoroz,2026-07-25,Quarter Finals
2c4cd0a0-6f57-4182-a02d-75ea3c82f756:g1,10,307,308,309,310,271,272,374,1,1,3,1,PPA Italy P125 Portoroz,2026-07-25,Round 32
2c4cd0a0-6f57-4182-a02d-75ea3c82f756:g2,10,307,308,309,310,271,272,374,1,1,3,2,PPA Italy P125 Portoroz,2026-07-25,Round 32
430b1a51-b09b-4130-a1a3-503e29179b71:g1,6,311,312,313,314,273,274,375,1,1,3,1,PPA Italy P125 Portoroz,2026-07-25,Round 32
430b1a51-b09b-4130-a1a3-503e29179b71:g2,4,311,312,313,314,273,274,375,1,1,3,2,PPA Italy P125 Portoroz,2026-07-25,Round 32
4b4eb8f6-1751-4223-9b8d-f83da4471d2c:g1,11,276,277,315,316,254,275,376,2,1,3,1,PPA Italy P125 Portoroz,2026-07-25,Round 32
4b4eb8f6-1751-4223-9b8d-f83da4471d2c:g2,7,276,277,315,316,254,275,376,2,1,3,2,PPA Italy P125 Portoroz,2026-07-25,Round 32
5153f8ed-2bba-4290-a073-48512f518761:g1,-6,301,302,303,304,268,269,377,2,1,3,1,PPA Italy P125 Portoroz,2026-07-25,Round 8
5153f8ed-2bba-4290-a073-48512f518761:g2,-4,301,302,303,304,268,269,377,2,1,3,2,PPA Italy P125 Portoroz,2026-07-25,Round 8
564332b7-f1a5-4257-8c38-3c71d950f651:g1,2,317,318,319,320,276,277,378,2,1,3,1,PPA Italy P125 Portoroz,2026-07-25,Round 32
564332b7-f1a5-4257-8c38-3c71d950f651:g2,3,317,318,319,320,276,277,378,2,1,3,2,PPA Italy P125 Portoroz,2026-07-25,Round 32
5df93ec3-27d4-49d1-8213-c9dce3f489a4:g1,-8,271,272,305,306,251,270,379,2,1,3,1,PPA Italy P125 Portoroz,2026-07-25,Finals
5df93ec3-27d4-49d1-8213-c9dce3f489a4:g2,-4,271,272,305,306,251,270,379,2,1,3,2,PPA Italy P125 Portoroz,2026-07-25,Finals
63281e81-3eda-425a-ab5b-479c3906b8eb:g1,10,295,296,321,322,265,278,380,1,1,3,1,PPA Italy P125 Portoroz,2026-07-25,Round 32
63281e81-3eda-425a-ab5b-479c3906b8eb:g2,11,295,296,321,322,265,278,380,1,1,3,2,PPA Italy P125 Portoroz,2026-07-25,Round 32
63783ed8-f365-4c4e-b087-a6de8a4bd259:g1,5,305,306,323,324,270,279,381,2,1,3,1,PPA Italy P125 Portoroz,2026-07-25,Round 8
63783ed8-f365-4c4e-b087-a6de8a4bd259:g2,8,305,306,323,324,270,279,381,2,1,3,2,PPA Italy P125 Portoroz,2026-07-25,Round 8
64e46fc8-ace2-493f-9e1b-728db5421951:g1,3,273,274,325,326,252,280,382,2,1,3,1,PPA Italy P125 Portoroz,2026-07-25,Round 32
64e46fc8-ace2-493f-9e1b-728db5421951:g2,-8,273,274,325,326,252,280,382,2,1,3,2,PPA Italy P125 Portoroz,2026-07-25,Round 32
64e46fc8-ace2-493f-9e1b-728db5421951:g3,9,273,274,325,326,252,280,382,2,1,3,3,PPA Italy P125 Portoroz,2026-07-25,Round 32
71c5a102-1cb2-4aa5-ad18-f89d69d04557:g1,-4,327,328,283,284,281,258,383,2,1,3,1,PPA Italy P125 Portoroz,2026-07-25,Round 16
71c5a102-1cb2-4aa5-ad18-f89d69d04557:g2,-5,327,328,283,284,281,258,383,2,1,3,2,PPA Italy P125 Portoroz,2026-07-25,Round 16
763d71ea-ed63-47c2-a5c7-86d037e07abf:g1,-5,307,308,287,288,271,260,384,1,1,3,1,PPA Italy P125 Portoroz,2026-07-25,Round 16
763d71ea-ed63-47c2-a5c7-86d037e07abf:g2,-5,307,308,287,288,271,260,384,1,1,3,2,PPA Italy P125 Portoroz,2026-07-25,Round 16
7b00dbc9-c0c1-454e-acea-7b290e81125a:g1,8,329,330,331,332,282,283,385,1,1,3,1,PPA Italy P125 Portoroz,2026-07-25,Round 32
7b00dbc9-c0c1-454e-acea-7b290e81125a:g2,6,329,330,331,332,282,283,385,1,1,3,2,PPA Italy P125 Portoroz,2026-07-25,Round 32
7c0e2dc1-5447-467c-9d0d-ede986cfec2c:g1,-8,333,334,335,336,284,285,386,1,1,3,1,PPA Italy P125 Portoroz,2026-07-25,Round 32
7c0e2dc1-5447-467c-9d0d-ede986cfec2c:g2,-5,333,334,335,336,284,285,386,1,1,3,2,PPA Italy P125 Portoroz,2026-07-25,Round 32
8ac9dd86-3a19-4f5b-8234-3e67d0d53158:g1,-2,129,175,295,296,261,265,387,1,1,3,1,PPA Italy P125 Portoroz,2026-07-25,Quarter Finals
8ac9dd86-3a19-4f5b-8234-3e67d0d53158:g2,3,129,175,295,296,261,265,387,1,1,3,2,PPA Italy P125 Portoroz,2026-07-25,Quarter Finals
8ac9dd86-3a19-4f5b-8234-3e67d0d53158:g3,3,129,175,295,296,261,265,387,1,1,3,3,PPA Italy P125 Portoroz,2026-07-25,Quarter Finals
8cb3b5d7-f6bc-400c-8e16-75db449c4070:g1,7,337,338,339,340,286,287,388,1,1,3,1,PPA Italy P125 Portoroz,2026-07-25,Round 32
8cb3b5d7-f6bc-400c-8e16-75db449c4070:g2,7,337,338,339,340,286,287,388,1,1,3,2,PPA Italy P125 Portoroz,2026-07-25,Round 32
8e53a549-8948-4689-a672-fca5dc047fc0:g1,10,271,272,305,306,251,270,389,2,1,3,1,PPA Italy P125 Portoroz,2026-07-25,Semi-Finals
8e53a549-8948-4689-a672-fca5dc047fc0:g2,3,271,272,305,306,251,270,389,2,1,3,2,PPA Italy P125 Portoroz,2026-07-25,Semi-Finals
90029bea-a012-459d-abb4-bb740702b086:g1,6,278,279,341,342,255,288,390,1,1,3,1,PPA Italy P125 Portoroz,2026-07-25,Round 16
90029bea-a012-459d-abb4-bb740702b086:g2,5,278,279,341,342,255,288,390,1,1,3,2,PPA Italy P125 Portoroz,2026-07-25,Round 16
9205e208-152c-4058-9747-02a983e477e0:g1,-8,343,344,345,346,289,290,391,2,1,3,1,PPA Italy P125 Portoroz,2026-07-25,Round 32
9205e208-152c-4058-9747-02a983e477e0:g2,-6,343,344,345,346,289,290,391,2,1,3,2,PPA Italy P125 Portoroz,2026-07-25,Round 32
97b1c444-2502-4927-aa02-34a32cdb5c79:g1,4,129,175,278,279,261,255,392,1,1,3,1,PPA Italy P125 Portoroz,2026-07-25,Round 8
97b1c444-2502-4927-aa02-34a32cdb5c79:g2,7,129,175,278,279,261,255,392,1,1,3,2,PPA Italy P125 Portoroz,2026-07-25,Round 8
9e9680dc-1887-438c-8d5d-a1f01405a086:g1,4,295,296,347,348,265,291,393,1,1,3,1,PPA Italy P125 Portoroz,2026-07-25,Round 16
9e9680dc-1887-438c-8d5d-a1f01405a086:g2,5,295,296,347,348,265,291,393,1,1,3,2,PPA Italy P125 Portoroz,2026-07-25,Round 16
a43408b4-56b1-4ed5-bd2f-13e9b6635ff9:g1,9,349,350,337,338,292,286,394,1,1,3,1,PPA Italy P125 Portoroz,2026-07-25,Round 16
a43408b4-56b1-4ed5-bd2f-13e9b6635ff9:g2,-5,349,350,337,338,292,286,394,1,1,3,2,PPA Italy P125 Portoroz,2026-07-25,Round 16
a43408b4-56b1-4ed5-bd2f-13e9b6635ff9:g3,2,349,350,337,338,292,286,394,1,1,3,3,PPA Italy P125 Portoroz,2026-07-25,Round 16
a49324fc-6463-4454-9980-582f52c7840f:g1,10,285,286,335,336,259,285,395,1,1,3,1,PPA Italy P125 Portoroz,2026-07-25,Round 16
a49324fc-6463-4454-9980-582f52c7840f:g2,10,285,286,335,336,259,285,395,1,1,3,2,PPA Italy P125 Portoroz,2026-07-25,Round 16
ab4dfd09-15d8-430b-975a-7ddd8d6a2e50:g1,10,291,292,351,352,263,293,396,1,1,3,1,PPA Italy P125 Portoroz,2026-07-25,Round 32
ab4dfd09-15d8-430b-975a-7ddd8d6a2e50:g2,10,291,292,351,352,263,293,396,1,1,3,2,PPA Italy P125 Portoroz,2026-07-25,Round 32
ac2e5f3b-61ad-47ff-b981-03125d8f8837:g1,-11,353,354,311,312,294,273,397,1,1,3,1,PPA Italy P125 Portoroz,2026-07-25,Round 16
ac2e5f3b-61ad-47ff-b981-03125d8f8837:g2,-11,353,354,311,312,294,273,397,1,1,3,2,PPA Italy P125 Portoroz,2026-07-25,Round 16
b3804c2a-553b-4de6-bb3a-d8e5a8c55564:g1,5,282,125,271,272,257,251,398,2,1,3,1,PPA Italy P125 Portoroz,2026-07-25,Quarter Finals
b3804c2a-553b-4de6-bb3a-d8e5a8c55564:g2,-2,282,125,271,272,257,251,398,2,1,3,2,PPA Italy P125 Portoroz,2026-07-25,Quarter Finals
b3804c2a-553b-4de6-bb3a-d8e5a8c55564:g3,-2,282,125,271,272,257,251,398,2,1,3,3,PPA Italy P125 Portoroz,2026-07-25,Quarter Finals
ba0eff71-6717-42fd-857f-f666e9f37a15:g1,5,285,286,291,292,259,263,399,1,1,3,1,PPA Italy P125 Portoroz,2026-07-25,Quarter Finals
ba0eff71-6717-42fd-857f-f666e9f37a15:g2,3,285,286,291,292,259,263,399,1,1,3,2,PPA Italy P125 Portoroz,2026-07-25,Quarter Finals
bb3ad5f7-ca30-4c7e-be63-c68ece9279ef:g1,4,305,306,317,318,270,276,400,2,1,3,1,PPA Italy P125 Portoroz,2026-07-25,Round 16
bb3ad5f7-ca30-4c7e-be63-c68ece9279ef:g2,9,305,306,317,318,270,276,400,2,1,3,2,PPA Italy P125 Portoroz,2026-07-25,Round 16
cbc5bba7-814c-4012-bf23-f26f03e0fd1b:g1,7,355,356,323,324,295,279,401,2,1,3,1,PPA Italy P125 Portoroz,2026-07-25,Round 16
cbc5bba7-814c-4012-bf23-f26f03e0fd1b:g2,-5,355,356,323,324,295,279,401,2,1,3,2,PPA Italy P125 Portoroz,2026-07-25,Round 16
cbc5bba7-814c-4012-bf23-f26f03e0fd1b:g3,-3,355,356,323,324,295,279,401,2,1,3,3,PPA Italy P125 Portoroz,2026-07-25,Round 16
cd364442-f8a0-4f36-a081-93fc971b7c23:g1,11,293,294,357,358,264,296,402,1,1,3,1,PPA Italy P125 Portoroz,2026-07-25,Round 32
cd364442-f8a0-4f36-a081-93fc971b7c23:g2,7,293,294,357,358,264,296,402,1,1,3,2,PPA Italy P125 Portoroz,2026-07-25,Round 32
cd9e0014-c60b-4626-afd6-22f397b413a0:g1,7,303,304,359,360,269,297,403,2,1,3,1,PPA Italy P125 Portoroz,2026-07-25,Round 16
cd9e0014-c60b-4626-afd6-22f397b413a0:g2,8,303,304,359,360,269,297,403,2,1,3,2,PPA Italy P125 Portoroz,2026-07-25,Round 16
d29638fd-adfd-4120-bfc3-a586127418b6:g1,7,271,272,275,61,251,253,404,2,1,3,1,PPA Italy P125 Portoroz,2026-07-25,Round 8
d29638fd-adfd-4120-bfc3-a586127418b6:g2,2,271,272,275,61,251,253,404,2,1,3,2,PPA Italy P125 Portoroz,2026-07-25,Round 8
d6660e7f-4a35-472b-b1b2-10fb16ed83ad:g1,6,341,342,361,362,288,298,405,1,1,3,1,PPA Italy P125 Portoroz,2026-07-25,Round 32
d6660e7f-4a35-472b-b1b2-10fb16ed83ad:g2,6,341,342,361,362,288,298,405,1,1,3,2,PPA Italy P125 Portoroz,2026-07-25,Round 32
d9e13b28-4cf9-4610-9a8a-eb2c612c4474:g1,7,129,175,295,296,261,265,406,1,1,3,1,PPA Italy P125 Portoroz,2026-07-25,Bronze
d9e13b28-4cf9-4610-9a8a-eb2c612c4474:g2,-10,129,175,295,296,261,265,406,1,1,3,2,PPA Italy P125 Portoroz,2026-07-25,Bronze
d9e13b28-4cf9-4610-9a8a-eb2c612c4474:g3,-11,129,175,295,296,261,265,406,1,1,3,3,PPA Italy P125 Portoroz,2026-07-25,Bronze
df366adc-cb4b-4913-b27e-2dbed905a15e:g1,11,349,350,363,364,292,299,407,1,1,3,1,PPA Italy P125 Portoroz,2026-07-25,Round 32
df366adc-cb4b-4913-b27e-2dbed905a15e:g2,11,349,350,363,364,292,299,407,1,1,3,2,PPA Italy P125 Portoroz,2026-07-25,Round 32
ebbaa023-c987-48aa-80cb-e8855c5f6ce1:g1,9,285,286,129,175,259,261,408,1,1,3,1,PPA Italy P125 Portoroz,2026-07-25,Semi-Finals
ebbaa023-c987-48aa-80cb-e8855c5f6ce1:g2,7,285,286,129,175,259,261,408,1,1,3,2,PPA Italy P125 Portoroz,2026-07-25,Semi-Finals
ec266c74-081c-4f84-87cc-a26d0713b194:g1,8,287,288,365,366,260,300,409,1,1,3,1,PPA Italy P125 Portoroz,2026-07-25,Round 32
ec266c74-081c-4f84-87cc-a26d0713b194:g2,8,287,288,365,366,260,300,409,1,1,3,2,PPA Italy P125 Portoroz,2026-07-25,Round 32
f7a1879a-5e4d-4d16-b247-210fa89a73c5:g1,11,282,125,345,346,257,290,410,2,1,3,1,PPA Italy P125 Portoroz,2026-07-25,Round 16
f7a1879a-5e4d-4d16-b247-210fa89a73c5:g2,11,282,125,345,346,257,290,410,2,1,3,2,PPA Italy P125 Portoroz,2026-07-25,Round 16
faacba10-f963-4405-97e2-74509bb40f1b:g1,9,295,296,349,350,265,292,411,1,1,3,1,PPA Italy P125 Portoroz,2026-07-25,Round 8
faacba10-f963-4405-97e2-74509bb40f1b:g2,10,295,296,349,350,265,292,411,1,1,3,2,PPA Italy P125 Portoroz,2026-07-25,Round 8
fe1daa37-17c2-4dad-8c4f-4fa18ae0405c:g1,8,291,292,311,312,263,273,412,1,1,3,1,PPA Italy P125 Portoroz,2026-07-25,Round 8
fe1daa37-17c2-4dad-8c4f-4fa18ae0405c:g2,-4,291,292,311,312,263,273,412,1,1,3,2,PPA Italy P125 Portoroz,2026-07-25,Round 8
fe1daa37-17c2-4dad-8c4f-4fa18ae0405c:g3,6,291,292,311,312,263,273,412,1,1,3,3,PPA Italy P125 Portoroz,2026-07-25,Round 8
ffe3412e-7d93-4d02-848f-fc07e5bebf86:g1,4,129,175,329,330,261,282,413,1,1,3,1,PPA Italy P125 Portoroz,2026-07-25,Round 16
ffe3412e-7d93-4d02-848f-fc07e5bebf86:g2,6,129,175,329,330,261,282,413,1,1,3,2,PPA Italy P125 Portoroz,2026-07-25,Round 16
037b8f87-c745-4b7b-bb5c-c4e7324293f7:g1,-4,31,38,262,253,34,223,414,1,0,1,1,MLP Chicago,2026-07-26,One and Done - Playoff W
151a9474-1aa1-48c6-b7fb-4b622e9864eb:g1,-3,42,30,83,233,46,211,415,1,0,1,1,MLP Chicago,2026-07-26,One and Done - Playoff W
2639bf2f-6280-4a76-8ea8-323c91322ca9:g1,-2,26,30,51,40,29,220,416,0,0,1,1,MLP Chicago,2026-07-26,One and Done - Playoff W
2a2c7de9-317a-4945-b1a0-1d46a07ad8ad:g1,5,263,268,265,247,241,227,417,0,0,1,1,MLP Chicago,2026-07-26,One and Done - Playoff W
366bcb0a-b3e5-4f1c-8ea9-79ef7a7fd5e9:g1,2,26,27,158,51,27,218,418,2,0,1,1,MLP Chicago,2026-07-26,One and Done - Playoff W
40fec6d4-8b7c-40c7-9eed-e70d755ab3fa:g1,7,28,29,258,248,28,217,419,2,0,1,1,MLP Chicago,2026-07-26,One and Done - Playoff W
45f3ea2a-c6a6-49ac-ae71-dcd613622ce5:g1,-5,43,38,259,253,38,219,420,0,0,1,1,MLP Chicago,2026-07-26,One and Done - Playoff W
4d11a2da-dbd8-44b4-915b-118d40183f6c:g1,9,29,31,248,262,30,301,421,0,0,1,1,MLP Chicago,2026-07-26,One and Done - Playoff W
5a72aafe-e05c-49c7-a260-bb9e774be7b2:g1,5,264,263,246,265,226,244,422,2,0,1,1,MLP Chicago,2026-07-26,One and Done - Playoff W
5aa2cfda-fcef-41b4-b175-1edfbc8380ff:g1,-2,266,260,16,261,235,222,423,1,0,1,1,MLP Chicago,2026-07-26,One and Done - Playoff W
8df101a0-57a5-40ec-aaba-04980e8a890e:g1,-5,251,266,12,261,246,231,424,0,0,1,1,MLP Chicago,2026-07-26,One and Done - Playoff W
90e90007-8f26-4c23-a581-3678f21e373a:g1,-10,27,42,158,233,37,207,425,0,0,1,1,MLP Chicago,2026-07-26,One and Done - Playoff W
9fd29834-d9dc-47ae-98d1-de4a6d9fb48b:g1,7,268,267,257,247,239,215,426,1,0,1,1,MLP Chicago,2026-07-26,One and Done - Playoff W
f8258531-7965-41da-9818-eb6f6ebfd3ae:g1,-8,255,254,12,17,212,17,427,2,0,1,1,MLP Chicago,2026-07-26,One and Done - Playoff W
436d3016-b35e-4012-86ca-edd7d917c307:g1,3,287,304,296,306,302,303,428,0,1,3,1,PPA Italy P125 Portoroz,2026-07-26,Finals
436d3016-b35e-4012-86ca-edd7d917c307:g2,-3,287,304,296,306,302,303,428,0,1,3,2,PPA Italy P125 Portoroz,2026-07-26,Finals
436d3016-b35e-4012-86ca-edd7d917c307:g3,-3,287,304,296,306,302,303,428,0,1,3,3,PPA Italy P125 Portoroz,2026-07-26,Finals
fde29dfc-ad1e-438e-97a6-452ffb0bb7a2:g1,2,327,286,305,292,304,305,429,0,1,3,1,PPA Italy P125 Portoroz,2026-07-26,Bronze
fde29dfc-ad1e-438e-97a6-452ffb0bb7a2:g2,-4,327,286,305,292,304,305,429,0,1,3,2,PPA Italy P125 Portoroz,2026-07-26,Bronze
fde29dfc-ad1e-438e-97a6-452ffb0bb7a2:g3,9,327,286,305,292,304,305,429,0,1,3,3,PPA Italy P125 Portoroz,2026-07-26,Bronze
024439b8-5f81-4f3b-a538-d9d43047fcf5:g1,7,8,1,246,367,8,306,430,0,0,1,1,Amway MLP Orlando,2026-07-30,Round 1 RR
02e7aa7d-d911-49f1-8b22-04b54e3051f6:g1,10,368,369,370,67,307,308,431,2,0,1,1,Amway MLP Orlando,2026-07-30,Round 2 RR
0be286b8-0ca5-4337-ac9a-2962075015cc:g1,-6,371,372,254,260,309,229,432,0,0,1,1,Amway MLP Orlando,2026-07-30,Round 2 RR
0d58a6d3-95ef-482b-a1c2-b6705781f4ca:g1,6,257,247,3,373,215,310,433,1,0,1,1,Amway MLP Orlando,2026-07-30,Round 3 RR
0e39a70a-a567-4b89-a8b5-572bd397c541:g1,10,32,49,254,260,311,229,434,0,0,1,1,Amway MLP Orlando,2026-07-30,Round 1 RR
11aca6c8-7040-454e-b5a2-9ab3cf95767f:g1,-2,374,261,375,376,312,313,435,0,0,1,1,Amway MLP Orlando,2026-07-30,Round 4 RR
1eb4f5eb-9578-426b-b4f8-8145c0d416d9:g1,-4,83,233,253,262,211,223,436,1,0,1,1,Amway MLP Orlando,2026-07-30,Round 1 RR
2183e201-d1ec-4fe1-aae1-13b05dfdad8f:g1,2,261,16,377,378,222,314,437,1,0,1,1,Amway MLP Orlando,2026-07-30,Round 5 RR
28cdfaae-407f-4c71-8141-0bec3a2fe670:g1,4,377,378,260,252,314,221,438,1,0,1,1,Amway MLP Orlando,2026-07-30,Round 2 RR
2ac6de9e-4a51-4494-b596-d774e7a122ef:g1,11,33,48,251,252,48,209,439,0,0,1,1,Amway MLP Orlando,2026-07-30,Round 1 RR
34725943-09a8-4756-9f44-fbae292ce1bf:g1,-2,51,40,258,253,220,315,440,0,0,1,1,Amway MLP Orlando,2026-07-30,Round 1 RR
3705be93-3e43-4f93-9e7e-f40734c19743:g1,-8,0,1,253,262,0,223,441,1,0,1,1,Amway MLP Orlando,2026-07-30,Round 3 RR
41336fa6-02d0-4fb6-9eac-97ab71df6fe9:g1,8,369,2,375,379,316,317,442,0,0,1,1,Amway MLP Orlando,2026-07-30,Round 2 RR
43e37247-81ff-45a8-aca3-99bda8536f3c:g1,-2,12,17,371,380,17,318,443,2,0,1,1,Amway MLP Orlando,2026-07-30,Round 5 RR
4739c0ac-fc02-425e-aafa-419dfcbf876f:g1,7,270,8,258,248,250,217,444,2,0,1,1,Amway MLP Orlando,2026-07-30,Round 3 RR
4b27ddad-1ec1-4b09-8f83-47b527b92d20:g1,2,246,265,5,381,244,319,445,2,0,1,1,Amway MLP Orlando,2026-07-30,Round 3 RR
54876164-6bb4-495a-bf00-9f5428d5eb81:g1,2,246,367,5,382,306,320,446,0,0,1,1,Amway MLP Orlando,2026-07-30,Round 3 RR
68774b99-d06e-4373-ae5e-32f7e84d658e:g1,2,41,48,260,252,45,221,447,1,0,1,1,Amway MLP Orlando,2026-07-30,Round 1 RR
73a013d5-4d01-45c5-b8a7-63e676308378:g1,2,265,247,381,3,227,321,448,0,0,1,1,Amway MLP Orlando,2026-07-30,Round 3 RR
761ac937-32e0-4d50-95d8-446eefeff5bf:g1,5,383,384,83,233,322,211,449,1,0,1,1,Amway MLP Orlando,2026-07-30,Round 3 RR
7b41ef8d-877f-4d1c-a0ed-aa90b6524afd:g1,-5,12,261,371,372,231,309,450,0,0,1,1,Amway MLP Orlando,2026-07-30,Round 5 RR
7ee8e2f2-7f7e-4c03-b3d6-2ebc358701ae:g1,-3,8,1,248,249,8,206,451,0,0,1,1,Amway MLP Orlando,2026-07-30,Round 3 RR
83773a53-9b81-4770-8b05-8e1866f53c05:g1,3,0,1,247,257,0,215,452,1,0,1,1,Amway MLP Orlando,2026-07-30,Round 1 RR
8c3f7421-26b3-458b-8cc0-1c5de316ba50:g1,8,368,385,370,376,323,324,453,0,0,1,1,Amway MLP Orlando,2026-07-30,Round 2 RR
9f7c0c56-c06d-4ab0-9766-45f637998946:g1,3,2,386,379,376,325,326,454,1,0,1,1,Amway MLP Orlando,2026-07-30,Round 2 RR
a1d02ed1-8dd0-4301-9b06-db6ad3d259c5:g1,-4,270,8,265,246,250,244,455,2,0,1,1,Amway MLP Orlando,2026-07-30,Round 1 RR
a51cd4a9-549e-4a66-bd05-ae6300a31724:g1,-2,371,380,255,254,318,212,456,2,0,1,1,Amway MLP Orlando,2026-07-30,Round 2 RR
a6b572de-dbab-4fd3-9b1d-a33e81d653c3:g1,2,387,383,158,233,327,207,457,0,0,1,1,Amway MLP Orlando,2026-07-30,Round 3 RR
b8c0afd0-dc89-4d1f-b29d-de56e5e99441:g1,9,388,384,51,40,328,220,458,0,0,1,1,Amway MLP Orlando,2026-07-30,Round 3 RR
c01a9d32-6f7a-4589-b1b6-74d469ce79a3:g1,-2,17,16,380,377,13,329,459,0,0,1,1,Amway MLP Orlando,2026-07-30,Round 5 RR
c1c6493e-1125-464e-8a1c-445801d7e205:g1,8,380,377,251,252,329,209,460,0,0,1,1,Amway MLP Orlando,2026-07-30,Round 2 RR
c2802cac-4afc-4ae9-bdf6-f6398f36c034:g1,-2,158,233,248,262,207,301,461,0,0,1,1,Amway MLP Orlando,2026-07-30,Round 1 RR
c7e1d647-9743-4584-b147-bab821b0859b:g1,-2,270,0,265,247,245,227,462,0,0,1,1,Amway MLP Orlando,2026-07-30,Round 1 RR
ccdb161c-f892-4c7a-bedd-da42cb533776:g1,10,261,16,389,379,222,330,463,1,0,1,1,Amway MLP Orlando,2026-07-30,Round 4 RR
d1b5a867-0e48-41b0-a3ad-0963b7dbd40c:g1,8,32,33,255,254,31,212,464,2,0,1,1,Amway MLP Orlando,2026-07-30,Round 1 RR
d2f8c674-c34c-455c-8862-9a49de0f74d1:g1,11,17,16,370,389,13,331,465,0,0,1,1,Amway MLP Orlando,2026-07-30,Round 4 RR
e5db4032-1c76-4bdd-875d-b47e27807d33:g1,8,12,17,67,370,17,308,466,2,0,1,1,Amway MLP Orlando,2026-07-30,Round 4 RR
e6fe6b20-78bd-4ce3-913a-735e475da3df:g1,11,158,51,258,248,218,217,467,2,0,1,1,Amway MLP Orlando,2026-07-30,Round 1 RR
f4d932f6-70e3-4717-866c-d889a7f3770d:g1,9,388,387,158,51,332,218,468,2,0,1,1,Amway MLP Orlando,2026-07-30,Round 3 RR
f718a09c-2f21-4ec6-8f15-af77bd226197:g1,-7,270,0,258,253,245,315,469,0,0,1,1,Amway MLP Orlando,2026-07-30,Round 3 RR
087eff6f-395b-4e4b-9c5c-7f2677a3a9a3:g1,-8,17,261,32,49,333,311,470,0,0,1,1,Amway MLP Orlando,2026-07-31,Round 2 RR
0a670d97-42d2-40f8-aa1c-74eb92e06dde:g1,9,387,383,270,0,327,245,471,0,0,1,1,Amway MLP Orlando,2026-07-31,Round 4 RR
0f80baeb-a784-491a-9454-b79863432e8f:g1,3,0,1,373,3,0,310,472,1,0,1,1,Amway MLP Orlando,2026-07-31,Round 2 RR
173599b1-43bc-477a-863c-38fcb6852173:g1,-2,270,223,381,3,249,321,473,0,0,1,1,Amway MLP Orlando,2026-07-31,Round 2 RR
1822aede-d23c-44ca-96eb-6e0886d26cab:g1,3,259,253,388,384,219,328,474,0,0,1,1,Amway MLP Orlando,2026-07-31,Round 2 RR
3175b326-9f7b-4782-ac75-77f278fcbd85:g1,5,260,252,385,2,221,334,475,1,0,1,1,Amway MLP Orlando,2026-07-31,Round 4 RR
3bdf2249-d9ee-4803-b7f6-a99510c81a08:g1,8,262,253,383,384,223,322,476,1,0,1,1,Amway MLP Orlando,2026-07-31,Round 2 RR
3be4b333-8343-4f26-a26d-30d83499177c:g1,7,260,252,389,376,221,335,477,1,0,1,1,Amway MLP Orlando,2026-07-31,Round 5 RR
446313fc-d696-4fb4-a647-e6863330e1e6:g1,-5,373,3,83,233,310,211,478,1,0,1,1,Amway MLP Orlando,2026-07-31,Round 4 RR
467855ea-211f-4ad1-ab4d-f6810f6970cd:g1,-10,261,16,48,41,222,45,479,1,0,1,1,Amway MLP Orlando,2026-07-31,Round 2 RR
565148ef-f211-4ba6-88b1-55cf13e107b7:g1,-2,12,16,33,48,336,48,480,0,0,1,1,Amway MLP Orlando,2026-07-31,Round 2 RR
57267599-c1fe-4a70-b43c-97e006bccdce:g1,-7,258,248,388,387,217,332,481,2,0,1,1,Amway MLP Orlando,2026-07-31,Round 2 RR
5c9e9ea0-0efd-4359-8a06-d78bc005ef7c:g1,10,368,369,12,17,307,17,482,2,0,1,1,Amway MLP Orlando,2026-07-31,Round 1 RR
5cd5b08d-2388-426c-a19d-0cded8effa8f:g1,-9,258,248,246,265,217,244,483,2,0,1,1,Amway MLP Orlando,2026-07-31,Round 4 RR
713b7b83-668b-49f3-8c16-4978f0572996:g1,-4,270,8,5,381,250,319,484,2,0,1,1,Amway MLP Orlando,2026-07-31,Round 2 RR
7455cb56-b18f-4294-863b-d49bf4773701:g1,6,383,384,0,1,322,0,485,1,0,1,1,Amway MLP Orlando,2026-07-31,Round 4 RR
77d4b662-1b99-4317-880e-0f84149595c4:g1,-6,8,1,5,382,8,320,486,0,0,1,1,Amway MLP Orlando,2026-07-31,Round 2 RR
82d06e32-69da-45e4-a243-46fedcc67806:g1,4,253,262,257,247,223,215,487,1,0,1,1,Amway MLP Orlando,2026-07-31,Round 4 RR
88a7ce2f-dcbf-49bc-b847-eb922587db36:g1,-9,255,254,368,369,212,307,488,2,0,1,1,Amway MLP Orlando,2026-07-31,Round 4 RR
8f533288-4239-42b5-95d1-164c1ef4c304:g1,6,5,381,158,51,319,218,489,2,0,1,1,Amway MLP Orlando,2026-07-31,Round 4 RR
94190dad-d9e7-421a-bf08-921941618612:g1,8,368,385,17,261,323,333,490,0,0,1,1,Amway MLP Orlando,2026-07-31,Round 1 RR
95329469-fc1e-47f7-a6c0-d3ace8124c69:g1,-7,251,252,375,376,209,313,491,0,0,1,1,Amway MLP Orlando,2026-07-31,Round 5 RR
9673e5f1-2a77-43f4-8467-fd573ab8d980:g1,2,254,260,67,389,229,337,492,0,0,1,1,Amway MLP Orlando,2026-07-31,Round 5 RR
9ac51748-1d4e-477a-8583-b07fb4510f17:g1,-3,32,49,371,372,311,309,493,0,0,1,1,Amway MLP Orlando,2026-07-31,Round 4 RR
a0bfc3c2-b757-4faf-bc53-e32069ae7792:g1,3,386,2,16,261,325,222,494,1,0,1,1,Amway MLP Orlando,2026-07-31,Round 1 RR
a824f2cd-aa8a-4db3-b959-f57e33caeea2:g1,8,32,33,371,380,31,318,495,2,0,1,1,Amway MLP Orlando,2026-07-31,Round 4 RR
a9340ec5-83c9-4aec-a0ad-4582878030d1:g1,-11,248,262,387,383,301,327,496,0,0,1,1,Amway MLP Orlando,2026-07-31,Round 2 RR
ae529eb2-34a0-43dc-9b1f-2f023a53c8b4:g1,2,369,2,12,16,316,336,497,0,0,1,1,Amway MLP Orlando,2026-07-31,Round 1 RR
af74fe14-35e0-4691-b270-f4bf630f1a16:g1,9,388,384,8,1,328,8,498,0,0,1,1,Amway MLP Orlando,2026-07-31,Round 4 RR
b13b138c-e0a3-46a0-8199-d8f3f9d8cabe:g1,9,255,254,375,67,212,338,499,2,0,1,1,Amway MLP Orlando,2026-07-31,Round 5 RR
be2b620e-f2c6-49d8-96a0-652b5078e022:g1,-2,12,17,32,33,17,31,500,2,0,1,1,Amway MLP Orlando,2026-07-31,Round 2 RR
c057196c-bea6-4399-93ce-ffa12e3cd003:g1,-2,258,253,265,247,315,227,501,0,0,1,1,Amway MLP Orlando,2026-07-31,Round 4 RR
c49a1302-d8c1-49f0-a147-ac2eaa2e0206:g1,-6,251,252,368,385,209,323,502,0,0,1,1,Amway MLP Orlando,2026-07-31,Round 4 RR
c5d4373f-605d-4e99-9563-dcb9c6fdc309:g1,6,33,48,380,377,48,329,503,0,0,1,1,Amway MLP Orlando,2026-07-31,Round 4 RR
c66805c7-145b-40c0-b6c2-6c6b31d498d9:g1,9,388,387,270,8,332,250,504,2,0,1,1,Amway MLP Orlando,2026-07-31,Round 4 RR
c733f80c-9153-4613-8931-9b213835dd62:g1,10,48,41,377,378,45,314,505,1,0,1,1,Amway MLP Orlando,2026-07-31,Round 4 RR
d20a205c-94e1-4858-b30b-f2b65e69ce44:g1,-11,5,382,158,233,320,207,506,0,0,1,1,Amway MLP Orlando,2026-07-31,Round 4 RR
d585ca72-d501-4c4b-bd72-8cedde91899d:g1,8,381,3,51,40,321,220,507,0,0,1,1,Amway MLP Orlando,2026-07-31,Round 4 RR
dadbe4a9-8dd8-4fb6-af09-928bb0c43c25:g1,2,248,262,157,257,301,214,508,0,0,1,1,Amway MLP Orlando,2026-07-31,Round 4 RR
fa2d505b-d409-41f2-a360-52d17002130c:g1,-9,254,260,369,2,229,316,509,0,0,1,1,Amway MLP Orlando,2026-07-31,Round 4 RR
09217d33-ca22-4ec6-a614-ed5f6f6340e5:g1,5,390,222,391,392,339,340,510,1,1,3,1,2026 Wisconsin PPA Challenger,2026-08-01,Round 16
09217d33-ca22-4ec6-a614-ed5f6f6340e5:g2,2,390,222,391,392,339,340,510,1,1,3,2,2026 Wisconsin PPA Challenger,2026-08-01,Round 16
09d5f0e1-85d8-481e-9edb-c5db3c662ed2:g1,4,393,394,390,222,341,339,511,1,1,3,1,2026 Wisconsin PPA Challenger,2026-08-01,Quarter Finals
09d5f0e1-85d8-481e-9edb-c5db3c662ed2:g2,4,393,394,390,222,341,339,511,1,1,3,2,2026 Wisconsin PPA Challenger,2026-08-01,Quarter Finals
0b808563-65ab-4686-986d-6eda63f32e28:g1,10,395,396,397,398,342,343,512,2,1,3,1,2026 Wisconsin PPA Challenger,2026-08-01,Round 16
0b808563-65ab-4686-986d-6eda63f32e28:g2,6,395,396,397,398,342,343,512,2,1,3,2,2026 Wisconsin PPA Challenger,2026-08-01,Round 16
0f5325b2-1eda-4cbc-8380-d0a61a17ed2f:g1,9,399,202,400,401,344,345,513,2,1,3,1,2026 Wisconsin PPA Challenger,2026-08-01,Round 32
0f5325b2-1eda-4cbc-8380-d0a61a17ed2f:g2,7,399,202,400,401,344,345,513,2,1,3,2,2026 Wisconsin PPA Challenger,2026-08-01,Round 32
160924f1-5ca8-4484-95ac-e3f718621a24:g1,-3,393,394,402,403,341,346,514,1,1,3,1,2026 Wisconsin PPA Challenger,2026-08-01,Semi-Finals
160924f1-5ca8-4484-95ac-e3f718621a24:g2,2,393,394,402,403,341,346,514,1,1,3,2,2026 Wisconsin PPA Challenger,2026-08-01,Semi-Finals
160924f1-5ca8-4484-95ac-e3f718621a24:g3,-3,393,394,402,403,341,346,514,1,1,3,3,2026 Wisconsin PPA Challenger,2026-08-01,Semi-Finals
1a0d3604-8e21-43f9-86a6-f87ab1456249:g1,-4,404,405,406,407,347,348,515,2,1,3,1,2026 Wisconsin PPA Challenger,2026-08-01,Round 32
1a0d3604-8e21-43f9-86a6-f87ab1456249:g2,-5,404,405,406,407,347,348,515,2,1,3,2,2026 Wisconsin PPA Challenger,2026-08-01,Round 32
1ce5fbc4-d8d2-4b72-8949-245624c98f54:g1,8,408,137,409,54,349,350,516,2,1,3,1,2026 Wisconsin PPA Challenger,2026-08-01,Round 16
1ce5fbc4-d8d2-4b72-8949-245624c98f54:g2,8,408,137,409,54,349,350,516,2,1,3,2,2026 Wisconsin PPA Challenger,2026-08-01,Round 16
1e93b059-c321-4205-a669-d1aaf25f4864:g1,7,410,411,412,413,351,352,517,1,1,3,1,2026 Wisconsin PPA Challenger,2026-08-01,Round 32
1e93b059-c321-4205-a669-d1aaf25f4864:g2,2,410,411,412,413,351,352,517,1,1,3,2,2026 Wisconsin PPA Challenger,2026-08-01,Round 32
20c0622c-2886-4d07-909d-9f798b90c987:g1,-2,414,415,95,211,353,354,518,1,1,3,1,2026 Wisconsin PPA Challenger,2026-08-01,Round 32
20c0622c-2886-4d07-909d-9f798b90c987:g2,-9,414,415,95,211,353,354,518,1,1,3,2,2026 Wisconsin PPA Challenger,2026-08-01,Round 32
2e9a1f52-75f1-420d-a8b8-b7d46a3ce5d8:g1,5,231,416,417,418,355,356,519,2,1,3,1,2026 Wisconsin PPA Challenger,2026-08-01,Round 16
2e9a1f52-75f1-420d-a8b8-b7d46a3ce5d8:g2,-2,231,416,417,418,355,356,519,2,1,3,2,2026 Wisconsin PPA Challenger,2026-08-01,Round 16
2e9a1f52-75f1-420d-a8b8-b7d46a3ce5d8:g3,-5,231,416,417,418,355,356,519,2,1,3,3,2026 Wisconsin PPA Challenger,2026-08-01,Round 16
3f65028f-8b27-408b-ad31-4d4e74f320c4:g1,6,77,419,406,407,357,348,520,2,1,3,1,2026 Wisconsin PPA Challenger,2026-08-01,Round 16
3f65028f-8b27-408b-ad31-4d4e74f320c4:g2,11,77,419,406,407,357,348,520,2,1,3,2,2026 Wisconsin PPA Challenger,2026-08-01,Round 16
3f767156-b05c-43ba-a287-b2b7650a2323:g1,6,410,411,420,421,351,358,521,1,1,3,1,2026 Wisconsin PPA Challenger,2026-08-01,Round 16
3f767156-b05c-43ba-a287-b2b7650a2323:g2,7,410,411,420,421,351,358,521,1,1,3,2,2026 Wisconsin PPA Challenger,2026-08-01,Round 16
40482420-bc9d-47f9-9cf7-e2ec1e72a8b2:g1,-3,77,419,408,137,357,349,522,2,1,3,1,2026 Wisconsin PPA Challenger,2026-08-01,Quarter Finals
40482420-bc9d-47f9-9cf7-e2ec1e72a8b2:g2,-9,77,419,408,137,357,349,522,2,1,3,2,2026 Wisconsin PPA Challenger,2026-08-01,Quarter Finals
426ad666-faad-4dfd-ae79-4a442aa6afde:g1,-9,422,423,424,425,359,360,523,1,1,3,1,2026 Wisconsin PPA Challenger,2026-08-01,Round 16
426ad666-faad-4dfd-ae79-4a442aa6afde:g2,2,422,423,424,425,359,360,523,1,1,3,2,2026 Wisconsin PPA Challenger,2026-08-01,Round 16
426ad666-faad-4dfd-ae79-4a442aa6afde:g3,-2,422,423,424,425,359,360,523,1,1,3,3,2026 Wisconsin PPA Challenger,2026-08-01,Round 16
42ec2afc-3d69-4dea-907f-f8d63646060f:g1,8,426,144,427,428,361,362,524,2,1,3,1,2026 Wisconsin PPA Challenger,2026-08-01,Round 16
42ec2afc-3d69-4dea-907f-f8d63646060f:g2,2,426,144,427,428,361,362,524,2,1,3,2,2026 Wisconsin PPA Challenger,2026-08-01,Round 16
45126a0d-edda-4cfe-ae3a-fdb741355e51:g1,10,402,403,111,176,346,363,525,1,1,3,1,2026 Wisconsin PPA Challenger,2026-08-01,Round 16
45126a0d-edda-4cfe-ae3a-fdb741355e51:g2,-3,402,403,111,176,346,363,525,1,1,3,2,2026 Wisconsin PPA Challenger,2026-08-01,Round 16
45126a0d-edda-4cfe-ae3a-fdb741355e51:g3,4,402,403,111,176,346,363,525,1,1,3,3,2026 Wisconsin PPA Challenger,2026-08-01,Round 16
50b1fb70-d7a9-47ed-92f7-cc4dc1cf12c1:g1,-2,429,430,426,144,364,361,526,2,1,3,1,2026 Wisconsin PPA Challenger,2026-08-01,Semi-Finals
50b1fb70-d7a9-47ed-92f7-cc4dc1cf12c1:g2,-9,429,430,426,144,364,361,526,2,1,3,2,2026 Wisconsin PPA Challenger,2026-08-01,Semi-Finals
536a1cb5-12e5-4a9d-b383-2ce141363286:g1,7,431,432,397,398,365,343,527,2,1,3,1,2026 Wisconsin PPA Challenger,2026-08-01,Round 32
536a1cb5-12e5-4a9d-b383-2ce141363286:g2,-5,431,432,397,398,365,343,527,2,1,3,2,2026 Wisconsin PPA Challenger,2026-08-01,Round 32
536a1cb5-12e5-4a9d-b383-2ce141363286:g3,-6,431,432,397,398,365,343,527,2,1,3,3,2026 Wisconsin PPA Challenger,2026-08-01,Round 32
54c5ca49-c871-4080-a80e-5c2dcb63ae53:g1,11,433,6,399,202,366,344,528,2,1,3,1,2026 Wisconsin PPA Challenger,2026-08-01,Round 16
54c5ca49-c871-4080-a80e-5c2dcb63ae53:g2,8,433,6,399,202,366,344,528,2,1,3,2,2026 Wisconsin PPA Challenger,2026-08-01,Round 16
5b293b41-0294-48c2-957c-5ab621e4cdac:g1,4,410,411,434,435,351,367,529,1,1,3,1,2026 Wisconsin PPA Challenger,2026-08-01,Quarter Finals
5b293b41-0294-48c2-957c-5ab621e4cdac:g2,4,410,411,434,435,351,367,529,1,1,3,2,2026 Wisconsin PPA Challenger,2026-08-01,Quarter Finals
5db1028d-bb80-4eff-a23a-68146cdff78a:g1,5,402,403,436,437,346,368,530,1,1,3,1,2026 Wisconsin PPA Challenger,2026-08-01,Round 32
5db1028d-bb80-4eff-a23a-68146cdff78a:g2,7,402,403,436,437,346,368,530,1,1,3,2,2026 Wisconsin PPA Challenger,2026-08-01,Round 32
5dd0c3ee-b780-4e12-8826-ce78b9e6b4b6:g1,9,433,6,438,439,366,369,531,2,1,3,1,2026 Wisconsin PPA Challenger,2026-08-01,Quarter Finals
5dd0c3ee-b780-4e12-8826-ce78b9e6b4b6:g2,9,433,6,438,439,366,369,531,2,1,3,2,2026 Wisconsin PPA Challenger,2026-08-01,Quarter Finals
660cc35a-5a7e-4191-9f25-20e1651a8dd9:g1,8,429,430,417,418,364,356,532,2,1,3,1,2026 Wisconsin PPA Challenger,2026-08-01,Quarter Finals
660cc35a-5a7e-4191-9f25-20e1651a8dd9:g2,6,429,430,417,418,364,356,532,2,1,3,2,2026 Wisconsin PPA Challenger,2026-08-01,Quarter Finals
66496a40-1aa6-4182-9f3f-4eb7d49e561a:g1,-2,96,164,434,435,370,367,533,1,1,3,1,2026 Wisconsin PPA Challenger,2026-08-01,Round 32
66496a40-1aa6-4182-9f3f-4eb7d49e561a:g2,8,96,164,434,435,370,367,533,1,1,3,2,2026 Wisconsin PPA Challenger,2026-08-01,Round 32
66496a40-1aa6-4182-9f3f-4eb7d49e561a:g3,-3,96,164,434,435,370,367,533,1,1,3,3,2026 Wisconsin PPA Challenger,2026-08-01,Round 32
66e11375-eadc-4706-89b1-91ca8585dbc5:g1,-10,440,441,434,435,371,367,534,1,1,3,1,2026 Wisconsin PPA Challenger,2026-08-01,Round 16
66e11375-eadc-4706-89b1-91ca8585dbc5:g2,-8,440,441,434,435,371,367,534,1,1,3,2,2026 Wisconsin PPA Challenger,2026-08-01,Round 16
6b6a3335-7982-40f4-91d0-ec77b8359814:g1,-7,71,442,443,444,372,373,535,1,1,3,1,2026 Wisconsin PPA Challenger,2026-08-01,Quarter Finals
6b6a3335-7982-40f4-91d0-ec77b8359814:g2,-9,71,442,443,444,372,373,535,1,1,3,2,2026 Wisconsin PPA Challenger,2026-08-01,Quarter Finals
70dd060d-402c-47f3-b690-3ca9b43f4896:g1,-4,402,403,410,411,346,351,536,1,1,3,1,2026 Wisconsin PPA Challenger,2026-08-01,Finals
70dd060d-402c-47f3-b690-3ca9b43f4896:g2,2,402,403,410,411,346,351,536,1,1,3,2,2026 Wisconsin PPA Challenger,2026-08-01,Finals
70dd060d-402c-47f3-b690-3ca9b43f4896:g3,-2,402,403,410,411,346,351,536,1,1,3,3,2026 Wisconsin PPA Challenger,2026-08-01,Finals
71682e32-0fd1-4455-a09c-c256ae76c5dd:g1,-6,445,446,443,444,374,373,537,1,1,3,1,2026 Wisconsin PPA Challenger,2026-08-01,Round 32
71682e32-0fd1-4455-a09c-c256ae76c5dd:g2,-7,445,446,443,444,374,373,537,1,1,3,2,2026 Wisconsin PPA Challenger,2026-08-01,Round 32
72c0f0a8-8eba-48f1-a40e-3e10d8ef8d54:g1,-8,402,403,424,425,346,360,538,1,1,3,1,2026 Wisconsin PPA Challenger,2026-08-01,Quarter Finals
72c0f0a8-8eba-48f1-a40e-3e10d8ef8d54:g2,9,402,403,424,425,346,360,538,1,1,3,2,2026 Wisconsin PPA Challenger,2026-08-01,Quarter Finals
72c0f0a8-8eba-48f1-a40e-3e10d8ef8d54:g3,10,402,403,424,425,346,360,538,1,1,3,3,2026 Wisconsin PPA Challenger,2026-08-01,Quarter Finals
74040556-3628-44b5-8983-c253aa85cf64:g1,11,171,118,447,156,375,376,539,1,1,3,1,2026 Wisconsin PPA Challenger,2026-08-01,Round 32
74040556-3628-44b5-8983-c253aa85cf64:g2,6,171,118,447,156,375,376,539,1,1,3,2,2026 Wisconsin PPA Challenger,2026-08-01,Round 32
77245075-8439-441f-a81b-c9d9d91de848:g1,3,391,392,448,449,340,377,540,1,1,3,1,2026 Wisconsin PPA Challenger,2026-08-01,Round 32
77245075-8439-441f-a81b-c9d9d91de848:g2,7,391,392,448,449,340,377,540,1,1,3,2,2026 Wisconsin PPA Challenger,2026-08-01,Round 32
795a3f0b-630c-4139-9f34-d3a3e70e9500:g1,-3,450,451,440,441,378,371,541,1,1,3,1,2026 Wisconsin PPA Challenger,2026-08-01,Round 32
795a3f0b-630c-4139-9f34-d3a3e70e9500:g2,3,450,451,440,441,378,371,541,1,1,3,2,2026 Wisconsin PPA Challenger,2026-08-01,Round 32
795a3f0b-630c-4139-9f34-d3a3e70e9500:g3,-2,450,451,440,441,378,371,541,1,1,3,3,2026 Wisconsin PPA Challenger,2026-08-01,Round 32
81a2d933-0a27-49e9-bcd5-bb4b43596913:g1,-4,452,453,420,421,379,358,542,1,1,3,1,2026 Wisconsin PPA Challenger,2026-08-01,Round 32
81a2d933-0a27-49e9-bcd5-bb4b43596913:g2,8,452,453,420,421,379,358,542,1,1,3,2,2026 Wisconsin PPA Challenger,2026-08-01,Round 32
81a2d933-0a27-49e9-bcd5-bb4b43596913:g3,-7,452,453,420,421,379,358,542,1,1,3,3,2026 Wisconsin PPA Challenger,2026-08-01,Round 32
85d51cf5-7978-47f7-a945-6e64964938c4:g1,4,424,425,454,198,360,380,543,1,1,3,1,2026 Wisconsin PPA Challenger,2026-08-01,Round 32
85d51cf5-7978-47f7-a945-6e64964938c4:g2,2,424,425,454,198,360,380,543,1,1,3,2,2026 Wisconsin PPA Challenger,2026-08-01,Round 32
86358ef9-2712-4d1f-8b88-7103a498dc82:g1,7,455,456,457,458,381,382,544,1,1,3,1,2026 Wisconsin PPA Challenger,2026-08-01,Round 64
86358ef9-2712-4d1f-8b88-7103a498dc82:g2,8,455,456,457,458,381,382,544,1,1,3,2,2026 Wisconsin PPA Challenger,2026-08-01,Round 64
89aef1ca-d3f0-496f-8f4b-f4b954e60749:g1,8,219,79,116,459,383,384,545,1,1,3,1,2026 Wisconsin PPA Challenger,2026-08-01,Round 32
89aef1ca-d3f0-496f-8f4b-f4b954e60749:g2,11,219,79,116,459,383,384,545,1,1,3,2,2026 Wisconsin PPA Challenger,2026-08-01,Round 32
8fa6e51c-7fd4-4a1b-b06e-7d7eb655af91:g1,5,438,439,53,460,369,385,546,2,1,3,1,2026 Wisconsin PPA Challenger,2026-08-01,Round 16
8fa6e51c-7fd4-4a1b-b06e-7d7eb655af91:g2,4,438,439,53,460,369,385,546,2,1,3,2,2026 Wisconsin PPA Challenger,2026-08-01,Round 16
96819104-8097-4fa7-bf3d-48b7c7759f5f:g1,-2,105,461,422,423,386,359,547,1,1,3,1,2026 Wisconsin PPA Challenger,2026-08-01,Round 32
96819104-8097-4fa7-bf3d-48b7c7759f5f:g2,8,105,461,422,423,386,359,547,1,1,3,2,2026 Wisconsin PPA Challenger,2026-08-01,Round 32
96819104-8097-4fa7-bf3d-48b7c7759f5f:g3,-7,105,461,422,423,386,359,547,1,1,3,3,2026 Wisconsin PPA Challenger,2026-08-01,Round 32
9f333268-740e-44ef-9b71-f5cc904696c1:g1,6,71,442,443,444,372,373,548,1,1,3,1,2026 Wisconsin PPA Challenger,2026-08-01,Bronze
9f333268-740e-44ef-9b71-f5cc904696c1:g2,-2,71,442,443,444,372,373,548,1,1,3,2,2026 Wisconsin PPA Challenger,2026-08-01,Bronze
9f333268-740e-44ef-9b71-f5cc904696c1:g3,-6,71,442,443,444,372,373,548,1,1,3,3,2026 Wisconsin PPA Challenger,2026-08-01,Bronze
a2535f55-335e-4df6-a596-52b398bcd475:g1,10,427,428,462,463,362,387,549,2,1,3,1,2026 Wisconsin PPA Challenger,2026-08-01,Round 32
a2535f55-335e-4df6-a596-52b398bcd475:g2,9,427,428,462,463,362,387,549,2,1,3,2,2026 Wisconsin PPA Challenger,2026-08-01,Round 32
a2b38b97-754b-48f8-829d-a40b32471c84:g1,8,71,442,464,465,372,388,550,1,1,3,1,2026 Wisconsin PPA Challenger,2026-08-01,Round 32
a2b38b97-754b-48f8-829d-a40b32471c84:g2,3,71,442,464,465,372,388,550,1,1,3,2,2026 Wisconsin PPA Challenger,2026-08-01,Round 32
a3b49636-34cd-42de-8142-460c281589e2:g1,-9,408,137,429,430,349,364,551,2,1,3,1,2026 Wisconsin PPA Challenger,2026-08-01,Bronze
a3b49636-34cd-42de-8142-460c281589e2:g2,-6,408,137,429,430,349,364,551,2,1,3,2,2026 Wisconsin PPA Challenger,2026-08-01,Bronze
aaa4312c-92a3-4723-aefe-1bbb6a65ebfa:g1,6,71,442,95,211,372,354,552,1,1,3,1,2026 Wisconsin PPA Challenger,2026-08-01,Round 16
aaa4312c-92a3-4723-aefe-1bbb6a65ebfa:g2,8,71,442,95,211,372,354,552,1,1,3,2,2026 Wisconsin PPA Challenger,2026-08-01,Round 16
ad470676-e420-4c0d-8451-c682363dd3da:g1,8,466,467,468,469,389,390,553,2,1,3,1,2026 Wisconsin PPA Challenger,2026-08-01,Round 32
ad470676-e420-4c0d-8451-c682363dd3da:g2,10,466,467,468,469,389,390,553,2,1,3,2,2026 Wisconsin PPA Challenger,2026-08-01,Round 32
bfb73e35-e70d-4724-a953-84627b170db2:g1,11,412,413,470,471,352,391,554,1,1,3,1,2026 Wisconsin PPA Challenger,2026-08-01,Round 64
bfb73e35-e70d-4724-a953-84627b170db2:g2,8,412,413,470,471,352,391,554,1,1,3,2,2026 Wisconsin PPA Challenger,2026-08-01,Round 64
c4468320-0bf5-4a28-b6c5-47f5bc39f9ed:g1,11,111,176,195,196,363,122,555,1,1,3,1,2026 Wisconsin PPA Challenger,2026-08-01,Round 32
c4468320-0bf5-4a28-b6c5-47f5bc39f9ed:g2,7,111,176,195,196,363,122,555,1,1,3,2,2026 Wisconsin PPA Challenger,2026-08-01,Round 32
c4de14b8-7d9b-44f2-b542-e47160bc6f82:g1,4,429,430,466,467,364,389,556,2,1,3,1,2026 Wisconsin PPA Challenger,2026-08-01,Round 16
c4de14b8-7d9b-44f2-b542-e47160bc6f82:g2,3,429,430,466,467,364,389,556,2,1,3,2,2026 Wisconsin PPA Challenger,2026-08-01,Round 16
cc98073f-4fb2-4c51-ac3f-b39ff56790a3:g1,8,426,144,395,396,361,342,557,2,1,3,1,2026 Wisconsin PPA Challenger,2026-08-01,Quarter Finals
cc98073f-4fb2-4c51-ac3f-b39ff56790a3:g2,4,426,144,395,396,361,342,557,2,1,3,2,2026 Wisconsin PPA Challenger,2026-08-01,Quarter Finals
d1ca2fda-3ac0-4a3e-becc-c4de76da3c2b:g1,5,390,222,108,472,339,392,558,1,1,3,1,2026 Wisconsin PPA Challenger,2026-08-01,Round 32
d1ca2fda-3ac0-4a3e-becc-c4de76da3c2b:g2,4,390,222,108,472,339,392,558,1,1,3,2,2026 Wisconsin PPA Challenger,2026-08-01,Round 32
da1e8892-ae1a-4c20-9002-9bfd86dc475e:g1,4,410,411,443,444,351,373,559,1,1,3,1,2026 Wisconsin PPA Challenger,2026-08-01,Semi-Finals
da1e8892-ae1a-4c20-9002-9bfd86dc475e:g2,4,410,411,443,444,351,373,559,1,1,3,2,2026 Wisconsin PPA Challenger,2026-08-01,Semi-Finals
dc0f485f-da40-45e1-84fb-5729f5014dad:g1,-2,393,394,171,118,341,375,560,1,1,3,1,2026 Wisconsin PPA Challenger,2026-08-01,Round 16
dc0f485f-da40-45e1-84fb-5729f5014dad:g2,11,393,394,171,118,341,375,560,1,1,3,2,2026 Wisconsin PPA Challenger,2026-08-01,Round 16
dc0f485f-da40-45e1-84fb-5729f5014dad:g3,9,393,394,171,118,341,375,560,1,1,3,3,2026 Wisconsin PPA Challenger,2026-08-01,Round 16
dd39672d-9799-4ad3-a018-b17e4f0ccea6:g1,-4,443,444,219,79,373,383,561,1,1,3,1,2026 Wisconsin PPA Challenger,2026-08-01,Round 16
dd39672d-9799-4ad3-a018-b17e4f0ccea6:g2,3,443,444,219,79,373,383,561,1,1,3,2,2026 Wisconsin PPA Challenger,2026-08-01,Round 16
dd39672d-9799-4ad3-a018-b17e4f0ccea6:g3,4,443,444,219,79,373,383,561,1,1,3,3,2026 Wisconsin PPA Challenger,2026-08-01,Round 16
e52ef8b3-42ea-4461-853e-618790ff8ef2:g1,8,393,394,455,456,341,381,562,1,1,3,1,2026 Wisconsin PPA Challenger,2026-08-01,Round 32
e52ef8b3-42ea-4461-853e-618790ff8ef2:g2,5,393,394,455,456,341,381,562,1,1,3,2,2026 Wisconsin PPA Challenger,2026-08-01,Round 32
f1de9bfa-7727-44ed-bd98-a12d9082c88c:g1,3,433,6,408,137,366,349,563,2,1,3,1,2026 Wisconsin PPA Challenger,2026-08-01,Semi-Finals
f1de9bfa-7727-44ed-bd98-a12d9082c88c:g2,-9,433,6,408,137,366,349,563,2,1,3,2,2026 Wisconsin PPA Challenger,2026-08-01,Semi-Finals
f1de9bfa-7727-44ed-bd98-a12d9082c88c:g3,7,433,6,408,137,366,349,563,2,1,3,3,2026 Wisconsin PPA Challenger,2026-08-01,Semi-Finals
f3cd555d-a986-4588-bfca-127950a40793:g1,3,426,144,433,6,361,366,564,2,1,3,1,2026 Wisconsin PPA Challenger,2026-08-01,Finals
f3cd555d-a986-4588-bfca-127950a40793:g2,-7,426,144,433,6,361,366,564,2,1,3,2,2026 Wisconsin PPA Challenger,2026-08-01,Finals
f3cd555d-a986-4588-bfca-127950a40793:g3,-4,426,144,433,6,361,366,564,2,1,3,3,2026 Wisconsin PPA Challenger,2026-08-01,Finals
0179d922-5255-4351-a0cb-c23a159d4382:g1,5,253,262,3,382,223,393,565,1,0,1,1,Amway MLP Orlando,2026-08-01,Round 5 RR
09489472-6d9b-40c9-97a4-843eab0080f0:g1,-3,260,252,261,16,221,222,566,1,0,1,1,Amway MLP Orlando,2026-08-01,Round 3 RR
0a069753-e8db-4a03-8507-14afcc8315a6:g1,3,158,51,246,265,218,244,567,2,0,1,1,Amway MLP Orlando,2026-08-01,Round 2 RR
0ece18b1-9652-4f6b-af13-87e4cef6f209:g1,11,259,253,381,3,219,321,568,0,0,1,1,Amway MLP Orlando,2026-08-01,Round 5 RR
11049a69-5544-4114-9cb1-2d9d2256e2d7:g1,4,254,260,12,16,229,336,569,0,0,1,1,Amway MLP Orlando,2026-08-01,Round 3 RR
169fcd46-359a-4a05-821e-1613cd8778e9:g1,-10,67,389,371,372,337,309,570,0,0,1,1,Amway MLP Orlando,2026-08-01,Round 1 RR
1b5851c5-510c-46a3-a4d5-9994f0b9c5d5:g1,-8,2,386,48,41,325,45,571,1,0,1,1,Amway MLP Orlando,2026-08-01,Round 5 RR
21479f78-b28c-4c66-bfc3-87f5367f164a:g1,-8,246,265,388,387,244,332,572,2,0,1,1,Amway MLP Orlando,2026-08-01,Round 5 RR
26c2ce6f-e661-457e-8ea7-f4cdb386a65f:g1,-6,67,389,33,48,337,48,573,0,0,1,1,Amway MLP Orlando,2026-08-01,Round 3 RR
35fd1b71-8251-4fdc-8a65-4f05a202ca54:g1,6,158,233,157,257,207,214,574,0,0,1,1,Amway MLP Orlando,2026-08-01,Round 2 RR
38c7463a-8946-475f-b770-50a4697a1173:g1,-10,375,376,32,49,313,311,575,0,0,1,1,Amway MLP Orlando,2026-08-01,Round 3 RR
3fcafea4-d657-4d36-9f9b-8de928ee56a4:g1,-4,377,378,2,386,314,325,576,1,0,1,1,Amway MLP Orlando,2026-08-01,Round 3 RR
5378c697-3f30-4241-8ed6-b1239ac94825:g1,3,51,40,8,0,220,394,577,0,0,1,1,Amway MLP Orlando,2026-08-01,Round 5 RR
5950fee1-e85c-4397-8f77-68bc254bb284:g1,3,83,233,0,1,211,0,578,1,0,1,1,Amway MLP Orlando,2026-08-01,Round 5 RR
5e70b2e2-79ef-45cc-88a7-957f8a89402d:g1,7,51,40,265,247,220,227,579,0,0,1,1,Amway MLP Orlando,2026-08-01,Round 2 RR
71e0ac0e-5293-4492-aaf1-0adeb8f5a9ec:g1,8,389,376,377,378,335,314,580,1,0,1,1,Amway MLP Orlando,2026-08-01,Round 1 RR
73440a66-a046-4457-9e06-c0fa3529ac81:g1,-5,255,254,17,12,212,17,581,2,0,1,1,Amway MLP Orlando,2026-08-01,Round 3 RR
7618ced5-f2ba-47cc-b238-28df7724ef15:g1,4,265,247,387,383,227,327,582,0,0,1,1,Amway MLP Orlando,2026-08-01,Round 5 RR
7f58e9d3-f998-4958-8d17-ccf8873a0634:g1,-9,370,67,32,33,308,31,583,2,0,1,1,Amway MLP Orlando,2026-08-01,Round 3 RR
8059b74b-af20-4bfe-9c2c-14a2eadbf766:g1,-7,67,370,371,380,308,318,584,2,0,1,1,Amway MLP Orlando,2026-08-01,Round 1 RR
96fd28cd-d40a-4e52-9379-2fab7c428181:g1,-2,380,377,368,385,329,323,585,0,0,1,1,Amway MLP Orlando,2026-08-01,Round 3 RR
a35ec3ce-f491-41b5-9e66-c7eed2f5a24c:g1,9,258,249,52,373,395,396,586,0,0,1,1,Amway MLP Orlando,2026-08-01,Round 5 RR
a7bb49e9-c07b-4879-af2a-c913476ecbfc:g1,2,368,385,33,48,323,48,587,0,0,1,1,Amway MLP Orlando,2026-08-01,Round 5 RR
b2db039d-c436-4b52-b991-dc90b5c1b662:g1,-7,83,233,257,247,211,215,588,1,0,1,1,Amway MLP Orlando,2026-08-01,Round 2 RR
be445cd9-3a7a-4e9b-8558-2f7c868fe5a5:g1,8,368,369,32,33,307,31,589,2,0,1,1,Amway MLP Orlando,2026-08-01,Round 5 RR
c468631f-aaf7-4fce-a2c4-4240b7767856:g1,-7,375,376,380,377,313,329,590,0,0,1,1,Amway MLP Orlando,2026-08-01,Round 1 RR
c4790383-6e2d-47ce-b599-5eede7d9f9e5:g1,7,255,266,17,261,240,333,591,0,0,1,1,Amway MLP Orlando,2026-08-01,Round 3 RR
c625350a-ed1a-41f1-a8b4-6500149540b7:g1,-5,389,376,48,41,335,45,592,1,0,1,1,Amway MLP Orlando,2026-08-01,Round 3 RR
c6325e9d-2f83-4010-b3b0-eb92b0243570:g1,4,371,372,369,2,309,316,593,0,0,1,1,Amway MLP Orlando,2026-08-01,Round 3 RR
d15ce099-bfef-4e5d-a2a3-3e0ed6ad7682:g1,-2,257,247,384,383,215,322,594,1,0,1,1,Amway MLP Orlando,2026-08-01,Round 5 RR
d3d842dd-33ba-45e8-a0eb-bc871f0a319a:g1,8,158,233,270,223,207,249,595,0,0,1,1,Amway MLP Orlando,2026-08-01,Round 5 RR
d7c82170-9045-4bc3-ac3f-f574e7fbd62d:g1,-2,158,51,270,8,218,250,596,2,0,1,1,Amway MLP Orlando,2026-08-01,Round 5 RR
e87b6604-4468-4ac8-a567-b3d5f12d930b:g1,-10,157,257,388,384,214,328,597,0,0,1,1,Amway MLP Orlando,2026-08-01,Round 5 RR
f26745e1-6e60-4d77-be2a-5c69913de970:g1,2,258,248,5,381,217,319,598,2,0,1,1,Amway MLP Orlando,2026-08-01,Round 5 RR
f7fbb23d-7f68-41cd-9422-91d511388297:g1,-4,371,380,368,369,318,307,599,2,0,1,1,Amway MLP Orlando,2026-08-01,Round 3 RR
07ad6b43-eb6b-4066-a1dc-61c618de0b55:g1,7,473,425,464,460,397,398,600,0,1,3,1,2026 Wisconsin PPA Challenger,2026-08-02,Round 64
07ad6b43-eb6b-4066-a1dc-61c618de0b55:g2,8,473,425,464,460,397,398,600,0,1,3,2,2026 Wisconsin PPA Challenger,2026-08-02,Round 64
1951c1e5-234c-404f-b617-dabb4a09c675:g1,11,450,429,474,392,399,400,601,0,1,3,1,2026 Wisconsin PPA Challenger,2026-08-02,Round 32
1951c1e5-234c-404f-b617-dabb4a09c675:g2,-2,450,429,474,392,399,400,601,0,1,3,2,2026 Wisconsin PPA Challenger,2026-08-02,Round 32
1951c1e5-234c-404f-b617-dabb4a09c675:g3,3,450,429,474,392,399,400,601,0,1,3,3,2026 Wisconsin PPA Challenger,2026-08-02,Round 32
1f092833-6253-4085-bde8-93127da7a0f0:g1,-8,393,430,144,410,401,402,602,0,1,3,1,2026 Wisconsin PPA Challenger,2026-08-02,Semi-Finals
1f092833-6253-4085-bde8-93127da7a0f0:g2,-7,393,430,144,410,401,402,602,0,1,3,2,2026 Wisconsin PPA Challenger,2026-08-02,Semi-Finals
29a35792-c149-43ea-a23a-684c0790fe11:g1,-2,96,439,443,416,403,404,603,0,1,3,1,2026 Wisconsin PPA Challenger,2026-08-02,Round 32
29a35792-c149-43ea-a23a-684c0790fe11:g2,-2,96,439,443,416,403,404,603,0,1,3,2,2026 Wisconsin PPA Challenger,2026-08-02,Round 32
2a57d57e-d3ed-4d07-a406-5b0ca4b07376:g1,2,77,105,428,435,405,406,604,0,1,3,1,2026 Wisconsin PPA Challenger,2026-08-02,Round 32
2a57d57e-d3ed-4d07-a406-5b0ca4b07376:g2,-2,77,105,428,435,405,406,604,0,1,3,2,2026 Wisconsin PPA Challenger,2026-08-02,Round 32
2a57d57e-d3ed-4d07-a406-5b0ca4b07376:g3,-4,77,105,428,435,405,406,604,0,1,3,3,2026 Wisconsin PPA Challenger,2026-08-02,Round 32
394da2b4-08c1-4297-869f-58b108b217bd:g1,3,427,219,475,399,407,408,605,0,1,3,1,2026 Wisconsin PPA Challenger,2026-08-02,Round 64
394da2b4-08c1-4297-869f-58b108b217bd:g2,6,427,219,475,399,407,408,605,0,1,3,2,2026 Wisconsin PPA Challenger,2026-08-02,Round 64
3f2a99b8-37ea-4ecf-930a-f7f453ea9b31:g1,-2,473,425,427,219,397,407,606,0,1,3,1,2026 Wisconsin PPA Challenger,2026-08-02,Round 16
3f2a99b8-37ea-4ecf-930a-f7f453ea9b31:g2,-3,473,425,427,219,397,407,606,0,1,3,2,2026 Wisconsin PPA Challenger,2026-08-02,Round 16
45243b0a-aa5a-453b-833d-e99f4182ed91:g1,-3,404,458,438,420,409,410,607,0,1,3,1,2026 Wisconsin PPA Challenger,2026-08-02,Round 64
45243b0a-aa5a-453b-833d-e99f4182ed91:g2,4,404,458,438,420,409,410,607,0,1,3,2,2026 Wisconsin PPA Challenger,2026-08-02,Round 64
45243b0a-aa5a-453b-833d-e99f4182ed91:g3,-7,404,458,438,420,409,410,607,0,1,3,3,2026 Wisconsin PPA Challenger,2026-08-02,Round 64
46fe32c2-b338-4cea-98da-e424a84af887:g1,3,53,79,231,451,411,412,608,0,1,3,1,2026 Wisconsin PPA Challenger,2026-08-02,Round 32
46fe32c2-b338-4cea-98da-e424a84af887:g2,2,53,79,231,451,411,412,608,0,1,3,2,2026 Wisconsin PPA Challenger,2026-08-02,Round 32
4aee2a74-7a04-48ea-8569-d17caf5c0bd1:g1,7,71,476,202,171,413,414,609,0,1,3,1,2026 Wisconsin PPA Challenger,2026-08-02,Round 32
4aee2a74-7a04-48ea-8569-d17caf5c0bd1:g2,-3,71,476,202,171,413,414,609,0,1,3,2,2026 Wisconsin PPA Challenger,2026-08-02,Round 32
4aee2a74-7a04-48ea-8569-d17caf5c0bd1:g3,9,71,476,202,171,413,414,609,0,1,3,3,2026 Wisconsin PPA Challenger,2026-08-02,Round 32
517436a5-d1e0-441d-9831-85de8e37964a:g1,11,466,434,407,436,415,416,610,0,1,3,1,2026 Wisconsin PPA Challenger,2026-08-02,Round 64
517436a5-d1e0-441d-9831-85de8e37964a:g2,-6,466,434,407,436,415,416,610,0,1,3,2,2026 Wisconsin PPA Challenger,2026-08-02,Round 64
517436a5-d1e0-441d-9831-85de8e37964a:g3,-5,466,434,407,436,415,416,610,0,1,3,3,2026 Wisconsin PPA Challenger,2026-08-02,Round 64
53117481-3854-44bb-84d4-95362fccd213:g1,4,403,6,395,63,417,418,611,0,1,3,1,2026 Wisconsin PPA Challenger,2026-08-02,Quarter Finals
53117481-3854-44bb-84d4-95362fccd213:g2,6,403,6,395,63,417,418,611,0,1,3,2,2026 Wisconsin PPA Challenger,2026-08-02,Quarter Finals
5565e458-1c67-4fa1-895b-d2ec7f04a69c:g1,8,395,63,407,436,418,416,612,0,1,3,1,2026 Wisconsin PPA Challenger,2026-08-02,Round 32
5565e458-1c67-4fa1-895b-d2ec7f04a69c:g2,8,395,63,407,436,418,416,612,0,1,3,2,2026 Wisconsin PPA Challenger,2026-08-02,Round 32
59da640c-a519-4b62-b620-2f60f6d7d0e9:g1,10,108,397,469,445,419,420,613,0,1,3,1,2026 Wisconsin PPA Challenger,2026-08-02,Round 64
59da640c-a519-4b62-b620-2f60f6d7d0e9:g2,7,108,397,469,445,419,420,613,0,1,3,2,2026 Wisconsin PPA Challenger,2026-08-02,Round 64
5fdd964c-6784-4620-99e8-305237f536e0:g1,2,403,6,137,222,417,421,614,0,1,3,1,2026 Wisconsin PPA Challenger,2026-08-02,Semi-Finals
5fdd964c-6784-4620-99e8-305237f536e0:g2,6,403,6,137,222,417,421,614,0,1,3,2,2026 Wisconsin PPA Challenger,2026-08-02,Semi-Finals
6dcce84c-790d-4db6-9d50-0f35e1ce3655:g1,10,196,477,195,478,422,423,615,0,1,3,1,2026 Wisconsin PPA Challenger,2026-08-02,Round 64
6dcce84c-790d-4db6-9d50-0f35e1ce3655:g2,4,196,477,195,478,422,423,615,0,1,3,2,2026 Wisconsin PPA Challenger,2026-08-02,Round 64
758fc965-e8c4-4e20-940f-76bb5015cd0f:g1,-8,428,435,137,222,406,421,616,0,1,3,1,2026 Wisconsin PPA Challenger,2026-08-02,Round 16
758fc965-e8c4-4e20-940f-76bb5015cd0f:g2,-2,428,435,137,222,406,421,616,0,1,3,2,2026 Wisconsin PPA Challenger,2026-08-02,Round 16
7cd6315f-ac92-42e0-ad31-ff08415ab0eb:g1,6,137,222,71,476,421,413,617,0,1,3,1,2026 Wisconsin PPA Challenger,2026-08-02,Quarter Finals
7cd6315f-ac92-42e0-ad31-ff08415ab0eb:g2,8,137,222,71,476,421,413,617,0,1,3,2,2026 Wisconsin PPA Challenger,2026-08-02,Quarter Finals
8834a844-5cc9-4a89-8c96-9ca53c6ae2bf:g1,-10,443,416,395,63,404,418,618,0,1,3,1,2026 Wisconsin PPA Challenger,2026-08-02,Round 16
8834a844-5cc9-4a89-8c96-9ca53c6ae2bf:g2,-3,443,416,395,63,404,418,618,0,1,3,2,2026 Wisconsin PPA Challenger,2026-08-02,Round 16
8834a844-5cc9-4a89-8c96-9ca53c6ae2bf:g3,5,443,416,395,63,404,418,618,0,1,3,3,2026 Wisconsin PPA Challenger,2026-08-02,Round 16
92a80ee9-494d-4b5d-aa98-04179c031677:g1,8,408,390,479,461,424,425,619,0,1,3,1,2026 Wisconsin PPA Challenger,2026-08-02,Round 16
92a80ee9-494d-4b5d-aa98-04179c031677:g2,9,408,390,479,461,424,425,619,0,1,3,2,2026 Wisconsin PPA Challenger,2026-08-02,Round 16
9ad0e828-50e6-475b-9c4b-e9a9daa82f81:g1,9,144,410,426,402,402,426,620,0,1,3,1,2026 Wisconsin PPA Challenger,2026-08-02,Round 16
9ad0e828-50e6-475b-9c4b-e9a9daa82f81:g2,2,144,410,426,402,402,426,620,0,1,3,2,2026 Wisconsin PPA Challenger,2026-08-02,Round 16
9df2ae6f-276f-4da7-bbfa-57b6c343d61f:g1,10,144,410,196,477,402,422,621,0,1,3,1,2026 Wisconsin PPA Challenger,2026-08-02,Round 32
9df2ae6f-276f-4da7-bbfa-57b6c343d61f:g2,10,144,410,196,477,402,422,621,0,1,3,2,2026 Wisconsin PPA Challenger,2026-08-02,Round 32
a0059eba-fa55-4ff4-8199-68ca1bd0605a:g1,6,403,6,95,417,417,427,622,0,1,3,1,2026 Wisconsin PPA Challenger,2026-08-02,Round 32
a0059eba-fa55-4ff4-8199-68ca1bd0605a:g2,2,403,6,95,417,417,427,622,0,1,3,2,2026 Wisconsin PPA Challenger,2026-08-02,Round 32
ab9d7dd1-b921-45d6-87de-9e397d3fcb94:g1,9,426,402,467,424,426,428,623,0,1,3,1,2026 Wisconsin PPA Challenger,2026-08-02,Round 32
ab9d7dd1-b921-45d6-87de-9e397d3fcb94:g2,2,426,402,467,424,426,428,623,0,1,3,2,2026 Wisconsin PPA Challenger,2026-08-02,Round 32
ad25b6c7-d72f-442d-b3e0-88d1655cb835:g1,5,393,430,427,219,401,407,624,0,1,3,1,2026 Wisconsin PPA Challenger,2026-08-02,Quarter Finals
ad25b6c7-d72f-442d-b3e0-88d1655cb835:g2,5,393,430,427,219,401,407,624,0,1,3,2,2026 Wisconsin PPA Challenger,2026-08-02,Quarter Finals
af78f236-1ef5-4a8e-9deb-d59797fbc345:g1,-6,446,405,473,425,429,397,625,0,1,3,1,2026 Wisconsin PPA Challenger,2026-08-02,Round 32
af78f236-1ef5-4a8e-9deb-d59797fbc345:g2,-2,446,405,473,425,429,397,625,0,1,3,2,2026 Wisconsin PPA Challenger,2026-08-02,Round 32
b0bccb09-9bdb-4d9e-8780-e77207dcb77a:g1,8,428,435,454,432,406,430,626,0,1,3,1,2026 Wisconsin PPA Challenger,2026-08-02,Round 64
b0bccb09-9bdb-4d9e-8780-e77207dcb77a:g2,10,428,435,454,432,406,430,626,0,1,3,2,2026 Wisconsin PPA Challenger,2026-08-02,Round 64
b3f598af-eea3-43b4-a506-3f69d61861a0:g1,7,479,461,394,480,425,431,627,0,1,3,1,2026 Wisconsin PPA Challenger,2026-08-02,Round 32
b3f598af-eea3-43b4-a506-3f69d61861a0:g2,7,479,461,394,480,425,431,627,0,1,3,2,2026 Wisconsin PPA Challenger,2026-08-02,Round 32
b443455f-c2f1-428c-9777-2abd1aeb2653:g1,-6,431,198,444,418,432,433,628,0,1,3,1,2026 Wisconsin PPA Challenger,2026-08-02,Round 32
b443455f-c2f1-428c-9777-2abd1aeb2653:g2,-2,431,198,444,418,432,433,628,0,1,3,2,2026 Wisconsin PPA Challenger,2026-08-02,Round 32
b8725099-71ec-471d-a7e7-b2843baea17c:g1,-6,450,429,71,476,399,413,629,0,1,3,1,2026 Wisconsin PPA Challenger,2026-08-02,Round 16
b8725099-71ec-471d-a7e7-b2843baea17c:g2,-8,450,429,71,476,399,413,629,0,1,3,2,2026 Wisconsin PPA Challenger,2026-08-02,Round 16
bf3eafed-e431-4dc2-9708-4623b25689b9:g1,7,393,430,438,420,401,410,630,0,1,3,1,2026 Wisconsin PPA Challenger,2026-08-02,Round 32
bf3eafed-e431-4dc2-9708-4623b25689b9:g2,11,393,430,438,420,401,410,630,0,1,3,2,2026 Wisconsin PPA Challenger,2026-08-02,Round 32
c2de501d-94bb-4555-9a83-420778b34405:g1,6,403,6,53,79,417,411,631,0,1,3,1,2026 Wisconsin PPA Challenger,2026-08-02,Round 16
c2de501d-94bb-4555-9a83-420778b34405:g2,2,403,6,53,79,417,411,631,0,1,3,2,2026 Wisconsin PPA Challenger,2026-08-02,Round 16
c3efe6e6-b448-4081-83cf-067711f9f58b:g1,-3,144,410,403,6,402,417,632,0,1,3,1,2026 Wisconsin PPA Challenger,2026-08-02,Finals
c3efe6e6-b448-4081-83cf-067711f9f58b:g2,2,144,410,403,6,402,417,632,0,1,3,2,2026 Wisconsin PPA Challenger,2026-08-02,Finals
c3efe6e6-b448-4081-83cf-067711f9f58b:g3,-4,144,410,403,6,402,417,632,0,1,3,3,2026 Wisconsin PPA Challenger,2026-08-02,Finals
ca7e4b4b-1700-43ed-a68c-57e1ef869eca:g1,-10,468,452,474,392,434,400,633,0,1,3,1,2026 Wisconsin PPA Challenger,2026-08-02,Round 64
ca7e4b4b-1700-43ed-a68c-57e1ef869eca:g2,-6,468,452,474,392,434,400,633,0,1,3,2,2026 Wisconsin PPA Challenger,2026-08-02,Round 64
cd30cc6c-6ac5-4b40-a1ce-c556709c1be2:g1,-2,411,396,427,219,435,407,634,0,1,3,1,2026 Wisconsin PPA Challenger,2026-08-02,Round 32
cd30cc6c-6ac5-4b40-a1ce-c556709c1be2:g2,-2,411,396,427,219,435,407,634,0,1,3,2,2026 Wisconsin PPA Challenger,2026-08-02,Round 32
d15ce490-dc0f-4cb4-91c2-1f57062b385f:g1,7,144,410,408,390,402,424,635,0,1,3,1,2026 Wisconsin PPA Challenger,2026-08-02,Quarter Finals
d15ce490-dc0f-4cb4-91c2-1f57062b385f:g2,5,144,410,408,390,402,424,635,0,1,3,2,2026 Wisconsin PPA Challenger,2026-08-02,Quarter Finals
d20e9ff3-e3ee-4ade-bad2-0550fe918184:g1,8,137,222,481,442,421,436,636,0,1,3,1,2026 Wisconsin PPA Challenger,2026-08-02,Round 32
d20e9ff3-e3ee-4ade-bad2-0550fe918184:g2,7,137,222,481,442,421,436,636,0,1,3,2,2026 Wisconsin PPA Challenger,2026-08-02,Round 32
de754da1-b46e-4889-a539-21418dafe0d0:g1,9,393,430,444,418,401,433,637,0,1,3,1,2026 Wisconsin PPA Challenger,2026-08-02,Round 16
de754da1-b46e-4889-a539-21418dafe0d0:g2,9,393,430,444,418,401,433,637,0,1,3,2,2026 Wisconsin PPA Challenger,2026-08-02,Round 16
e5b26b9d-959f-475c-8e67-6c6e6fb27334:g1,5,408,390,108,397,424,419,638,0,1,3,1,2026 Wisconsin PPA Challenger,2026-08-02,Round 32
e5b26b9d-959f-475c-8e67-6c6e6fb27334:g2,-8,408,390,108,397,424,419,638,0,1,3,2,2026 Wisconsin PPA Challenger,2026-08-02,Round 32
e5b26b9d-959f-475c-8e67-6c6e6fb27334:g3,3,408,390,108,397,424,419,638,0,1,3,3,2026 Wisconsin PPA Challenger,2026-08-02,Round 32
f8b9d2a0-04fc-44fb-80a9-23eefee3fac5:g1,7,443,416,409,447,404,437,639,0,1,3,1,2026 Wisconsin PPA Challenger,2026-08-02,Round 64
f8b9d2a0-04fc-44fb-80a9-23eefee3fac5:g2,2,443,416,409,447,404,437,639,0,1,3,2,2026 Wisconsin PPA Challenger,2026-08-02,Round 64
fcaed3a7-9376-4ce2-88f6-e5fee79b28ed:g1,7,95,417,54,472,427,438,640,0,1,3,1,2026 Wisconsin PPA Challenger,2026-08-02,Round 64
fcaed3a7-9376-4ce2-88f6-e5fee79b28ed:g2,2,95,417,54,472,427,438,640,0,1,3,2,2026 Wisconsin PPA Challenger,2026-08-02,Round 64
04d5b38a-679a-4788-8159-79fdfc74657f:g1,-3,381,3,388,384,321,328,641,0,0,1,1,Amway MLP Orlando,2026-08-02,Round 1 RR
1a455c41-6a01-4b94-bc58-5e0910919fa9:g1,-10,3,382,383,384,393,322,642,1,0,1,1,Amway MLP Orlando,2026-08-02,Round 1 RR
21202878-480b-4bb7-af07-fd3528930ec0:g1,8,33,49,258,249,439,395,643,0,0,1,1,Amway MLP Orlando,2026-08-02,One and Done - Playoff W
38bb1d5f-a933-43e9-8160-6fbaece2af8a:g1,6,383,384,2,386,322,325,644,1,0,1,1,Amway MLP Orlando,2026-08-02,One and Done - Playoff W
636bab2e-269f-4256-bf65-2829da5e8f83:g1,9,369,2,32,49,316,311,645,0,0,1,1,Amway MLP Orlando,2026-08-02,Round 5 RR
63fcd0cf-ec56-40dd-a164-291505d070c6:g1,-4,482,41,483,269,440,441,646,0,0,1,1,Amway MLP Orlando,2026-08-02,One and Done - Playoff W
659ce753-0795-4e17-b1d0-a3c52d3c932b:g1,-11,52,373,387,383,396,327,647,0,0,1,1,Amway MLP Orlando,2026-08-02,Round 1 RR
6c53185e-223b-49cb-ad66-e94525dc852a:g1,-2,49,41,249,269,442,443,648,1,0,1,1,Amway MLP Orlando,2026-08-02,One and Done - Playoff W
76c17a3c-4776-4318-85bc-5a531a7a4514:g1,2,51,40,254,260,220,229,649,0,0,1,1,Amway MLP Orlando,2026-08-02,One and Done - Playoff W
815489aa-bbf3-4b22-9aca-05fb0ef20c99:g1,-9,387,383,369,2,327,316,650,0,0,1,1,Amway MLP Orlando,2026-08-02,One and Done - Playoff W
869b9e75-497b-401b-be9d-82ed306a9f23:g1,6,484,233,255,266,444,240,651,0,0,1,1,Amway MLP Orlando,2026-08-02,One and Done - Playoff W
8960a0d8-eb65-4657-97d7-26b42f0ea9a3:g1,4,380,377,265,247,329,227,652,0,0,1,1,Amway MLP Orlando,2026-08-02,One and Done - Playoff W
900ceede-b4fb-44d6-80b8-e95543b13a9b:g1,-2,388,384,368,385,328,323,653,0,0,1,1,Amway MLP Orlando,2026-08-02,One and Done - Playoff W
976270f4-fb71-47b5-b5d4-95800d2eb14b:g1,-6,51,484,255,254,445,212,654,2,0,1,1,Amway MLP Orlando,2026-08-02,One and Done - Playoff W
bbb32572-66eb-441c-80d8-ae5f1c563ba2:g1,-6,388,387,368,369,332,307,655,2,0,1,1,Amway MLP Orlando,2026-08-02,One and Done - Playoff W
c4099fc9-a091-4e78-9cb3-05f3e7dedb57:g1,3,485,380,246,265,446,244,656,2,0,1,1,Amway MLP Orlando,2026-08-02,One and Done - Playoff W
cad57866-77ae-455a-a57c-2b0a3472010e:g1,-7,5,381,388,387,319,332,657,2,0,1,1,Amway MLP Orlando,2026-08-02,Round 1 RR
e205ba6a-fec6-4801-bd9d-89a38ade8c4f:g1,7,372,377,257,247,447,215,658,1,0,1,1,Amway MLP Orlando,2026-08-02,One and Done - Playoff W
eeb5df1c-9831-4091-b275-53edfe937063:g1,-9,83,233,260,252,211,221,659,1,0,1,1,Amway MLP Orlando,2026-08-02,One and Done - Playoff W
f8afa061-4db8-4e7d-917f-0b114dda17fa:g1,5,33,482,258,483,448,449,660,2,0,1,1,Amway MLP Orlando,2026-08-02,One and Done - Playoff W
07765b62-38e7-441d-80c0-3b83aa87f796:g1,6,372,377,260,252,447,221,661,1,0,1,1,MLP Playoffs Dallas Presented By EisnerAmper,2026-08-07,RR
0d6fec25-8b38-4c04-ac6e-08edda0d95b5:g1,-2,28,29,246,265,28,244,662,2,0,1,1,MLP Playoffs Dallas Presented By EisnerAmper,2026-08-07,RR
0e21fa7a-6d5e-4645-940e-d093d1900817:g1,-3,380,377,254,260,329,229,663,0,0,1,1,MLP Playoffs Dallas Presented By EisnerAmper,2026-08-07,RR
2a42017d-ac91-48c3-9b74-fb62432a45d3:g1,2,31,38,257,247,34,215,664,1,0,1,1,MLP Playoffs Dallas Presented By EisnerAmper,2026-08-07,RR
596db202-1654-4b3e-b718-3906f8bba2ce:g1,-3,264,263,26,27,226,27,665,2,0,1,1,MLP Playoffs Dallas Presented By EisnerAmper,2026-08-07,RR
7d42c629-67d4-4832-a2f1-9cdcbfb93560:g1,2,264,267,27,42,236,37,666,0,0,1,1,MLP Playoffs Dallas Presented By EisnerAmper,2026-08-07,RR
b155faa7-bc01-4cb8-8662-18c1c8a4db9c:g1,-4,268,267,42,30,239,46,667,1,0,1,1,MLP Playoffs Dallas Presented By EisnerAmper,2026-08-07,RR
d7050002-73c6-4a31-ac8c-65c82996804b:g1,10,263,268,26,30,241,29,668,0,0,1,1,MLP Playoffs Dallas Presented By EisnerAmper,2026-08-07,RR
d8c62465-0ba2-4d04-8f2d-088bca846557:g1,2,371,372,255,266,309,240,669,0,0,1,1,MLP Playoffs Dallas Presented By EisnerAmper,2026-08-07,RR
f52201c5-6a9a-42b8-b8da-bb6ef69e0689:g1,2,371,380,255,254,318,212,670,2,0,1,1,MLP Playoffs Dallas Presented By EisnerAmper,2026-08-07,RR
0f48ba7c-d4a3-4775-95c9-d9fa6672f746:g1,6,259,253,25,256,219,213,671,0,0,1,1,MLP Playoffs Dallas Presented By EisnerAmper,2026-08-08,RR
3565fa1d-a5b2-4c61-825e-ee19383016c8:g1,-2,248,259,25,23,450,25,672,2,0,1,1,MLP Playoffs Dallas Presented By EisnerAmper,2026-08-08,RR
3ea9f262-04bd-4339-9f78-e25f02a949d9:g1,9,31,38,257,247,34,215,673,1,0,1,1,MLP Playoffs Dallas Presented By EisnerAmper,2026-08-08,RR
5aa5a0c5-3d21-43e8-8627-ab5d004f6fc8:g1,10,29,31,157,257,30,214,674,0,0,1,1,MLP Playoffs Dallas Presented By EisnerAmper,2026-08-08,RR
6aac6f91-25b9-4820-b65c-c036bb112944:g1,9,262,253,256,20,223,234,675,1,0,1,1,MLP Playoffs Dallas Presented By EisnerAmper,2026-08-08,RR
72baaddd-9481-4cb6-9844-39468a57cdc5:g1,10,43,38,265,247,38,227,676,0,0,1,1,MLP Playoffs Dallas Presented By EisnerAmper,2026-08-08,RR
7f396b1e-099b-4a84-b77e-652249f5e7e9:g1,-5,372,377,260,252,447,221,677,1,0,1,1,MLP Playoffs Dallas Presented By EisnerAmper,2026-08-08,RR
aa079624-445d-4fff-a8c2-3d48500069df:g1,-2,248,262,23,20,301,20,678,0,0,1,1,MLP Playoffs Dallas Presented By EisnerAmper,2026-08-08,RR
bc6efd44-9e77-4304-9cb1-6b76348152a0:g1,3,380,377,254,260,329,229,679,0,0,1,1,MLP Playoffs Dallas Presented By EisnerAmper,2026-08-08,RR
da272734-2da7-4842-be36-6b066c6cca80:g1,7,43,38,265,247,38,227,680,0,0,1,1,MLP Playoffs Dallas Presented By EisnerAmper,2026-08-08,RR
da7b07d9-7239-44ac-8b7a-8efb40a3237b:g1,7,371,380,255,254,318,212,681,2,0,1,1,MLP Playoffs Dallas Presented By EisnerAmper,2026-08-08,RR
dc54bcf7-3453-4fb8-94dd-8f06f15c7e8a:g1,6,28,29,246,265,28,244,682,2,0,1,1,MLP Playoffs Dallas Presented By EisnerAmper,2026-08-08,RR
f9ae592a-2e8e-4e52-bb92-7d8fbb5e2328:g1,2,371,372,255,266,309,240,683,0,0,1,1,MLP Playoffs Dallas Presented By EisnerAmper,2026-08-08,RR
40ce3562-8c46-44eb-9d51-675e76e598b1:g1,7,263,268,27,42,241,37,684,0,0,1,1,MLP Playoffs Dallas Presented By EisnerAmper,2026-08-09,RR
5ee2f3af-5edc-477d-98d0-fca097df320d:g1,4,248,262,23,20,301,20,685,0,0,1,1,MLP Playoffs Dallas Presented By EisnerAmper,2026-08-09,RR
725961d5-8d0a-4e1f-87b4-fe394b076e1f:g1,-7,258,248,25,23,217,25,686,2,0,1,1,MLP Playoffs Dallas Presented By EisnerAmper,2026-08-09,RR
776fa1b6-77af-416f-9dc0-aa8b7171b648:g1,6,262,253,256,20,223,234,687,1,0,1,1,MLP Playoffs Dallas Presented By EisnerAmper,2026-08-09,RR
884dd46a-fa18-4041-b576-2d4f44ab0620:g1,6,268,267,42,30,239,46,688,1,0,1,1,MLP Playoffs Dallas Presented By EisnerAmper,2026-08-09,RR
98f6b7f7-500f-4925-9541-c06fa65159f6:g1,-5,264,267,26,30,236,29,689,0,0,1,1,MLP Playoffs Dallas Presented By EisnerAmper,2026-08-09,RR
dd116dd9-6dc7-45ee-82ce-cfe734a5d39d:g1,10,259,253,25,256,219,213,690,0,0,1,1,MLP Playoffs Dallas Presented By EisnerAmper,2026-08-09,RR
fe6409ca-ddfe-4a42-85a8-faa2c2640049:g1,-6,264,263,26,27,226,27,691,2,0,1,1,MLP Playoffs Dallas Presented By EisnerAmper,2026-08-09,RR
02b32640-26e3-4b60-af6a-70a92d7e204f:g1,2,486,487,488,489,451,452,692,1,1,3,1,PPA125 - GOLD COAST,2026-08-14,PRO MEN's DOUBLES MAIN DRAW — Round 16
02b32640-26e3-4b60-af6a-70a92d7e204f:g2,6,486,487,488,489,451,452,692,1,1,3,2,PPA125 - GOLD COAST,2026-08-14,PRO MEN's DOUBLES MAIN DRAW — Round 16
19f545d1-9b47-4773-bbf5-99eb18e1afa7:g1,3,490,491,492,493,453,454,693,1,1,3,1,PPA125 - GOLD COAST,2026-08-14,PRO MEN's DOUBLES MAIN DRAW — Round 16
19f545d1-9b47-4773-bbf5-99eb18e1afa7:g2,8,490,491,492,493,453,454,693,1,1,3,2,PPA125 - GOLD COAST,2026-08-14,PRO MEN's DOUBLES MAIN DRAW — Round 16
734818d0-8cbb-4bea-bfd5-46bfa42ff82c:g1,3,494,495,496,497,455,456,694,2,1,3,1,PPA125 - GOLD COAST,2026-08-14,WOMEN'S PRO DOUBLES MAIN DRAW — Round 16
734818d0-8cbb-4bea-bfd5-46bfa42ff82c:g2,5,494,495,496,497,455,456,694,2,1,3,2,PPA125 - GOLD COAST,2026-08-14,WOMEN'S PRO DOUBLES MAIN DRAW — Round 16
7e79c44b-83b0-4766-bff7-170468895baf:g1,6,498,499,500,501,457,458,695,1,1,3,1,PPA125 - GOLD COAST,2026-08-14,PRO MEN's DOUBLES MAIN DRAW — Round 16
7e79c44b-83b0-4766-bff7-170468895baf:g2,4,498,499,500,501,457,458,695,1,1,3,2,PPA125 - GOLD COAST,2026-08-14,PRO MEN's DOUBLES MAIN DRAW — Round 16
b8f029c4-43de-4641-994f-af1008fcb60d:g1,7,502,13,503,504,459,460,696,1,1,3,1,PPA125 - GOLD COAST,2026-08-14,PRO MEN's DOUBLES MAIN DRAW — Round 16
b8f029c4-43de-4641-994f-af1008fcb60d:g2,5,502,13,503,504,459,460,696,1,1,3,2,PPA125 - GOLD COAST,2026-08-14,PRO MEN's DOUBLES MAIN DRAW — Round 16
e721b4bf-8dbf-4b1b-b957-cf25bc1b09d5:g1,8,505,506,507,508,461,462,697,1,1,3,1,PPA125 - GOLD COAST,2026-08-14,PRO MEN's DOUBLES MAIN DRAW — Round 16
e721b4bf-8dbf-4b1b-b957-cf25bc1b09d5:g2,11,505,506,507,508,461,462,697,1,1,3,2,PPA125 - GOLD COAST,2026-08-14,PRO MEN's DOUBLES MAIN DRAW — Round 16
f20b9f08-d9bc-414d-846e-8706efbf0d2a:g1,10,509,510,511,512,463,464,698,1,1,3,1,PPA125 - GOLD COAST,2026-08-14,PRO MEN's DOUBLES MAIN DRAW — Round 16
f20b9f08-d9bc-414d-846e-8706efbf0d2a:g2,9,509,510,511,512,463,464,698,1,1,3,2,PPA125 - GOLD COAST,2026-08-14,PRO MEN's DOUBLES MAIN DRAW — Round 16
21946850-cb25-45e0-b91c-419b089fd5e7:g1,9,383,384,268,267,322,239,699,1,0,1,1,Toray MLP Playoffs Newport Beach,2026-08-14,RR
7484ac56-aee1-470c-9e0e-0116274e594d:g1,7,388,384,263,268,328,241,700,0,0,1,1,Toray MLP Playoffs Newport Beach,2026-08-14,RR
93b28a12-b295-4a57-8876-9e196632198e:g1,2,48,41,31,38,45,34,701,1,0,1,1,Toray MLP Playoffs Newport Beach,2026-08-14,RR
9c20bc32-88c9-44ce-becc-a16f57a1bd4f:g1,8,388,387,264,263,332,226,702,2,0,1,1,Toray MLP Playoffs Newport Beach,2026-08-14,RR
e3551ef1-bef4-40dc-9406-86837191b6ca:g1,-3,32,33,28,29,31,28,703,2,0,1,1,Toray MLP Playoffs Newport Beach,2026-08-14,RR
014a9f95-2df7-4486-a3bc-8a2e50fb64c1:g1,-6,513,376,514,515,465,466,704,1,1,3,1,2026 Seattle PPA Challenger,2026-08-15,
014a9f95-2df7-4486-a3bc-8a2e50fb64c1:g2,-11,513,376,514,515,465,466,704,1,1,3,2,2026 Seattle PPA Challenger,2026-08-15,
0588e823-40d2-453b-b114-d0017e24cc3e:g1,-2,516,374,144,231,467,468,705,2,1,3,1,2026 Seattle PPA Challenger,2026-08-15,Round 16
0588e823-40d2-453b-b114-d0017e24cc3e:g2,-5,516,374,144,231,467,468,705,2,1,3,2,2026 Seattle PPA Challenger,2026-08-15,Round 16
069ec23a-690f-492b-b711-70a0b7c71e19:g1,8,517,390,195,196,469,122,706,1,1,3,1,2026 Seattle PPA Challenger,2026-08-15,
069ec23a-690f-492b-b711-70a0b7c71e19:g2,3,517,390,195,196,469,122,706,1,1,3,2,2026 Seattle PPA Challenger,2026-08-15,
089e629e-38e5-49d9-81c7-81e2f8d1b978:g1,2,137,518,519,520,470,471,707,2,1,3,1,2026 Seattle PPA Challenger,2026-08-15,Round 32
089e629e-38e5-49d9-81c7-81e2f8d1b978:g2,-5,137,518,519,520,470,471,707,2,1,3,2,2026 Seattle PPA Challenger,2026-08-15,Round 32
089e629e-38e5-49d9-81c7-81e2f8d1b978:g3,6,137,518,519,520,470,471,707,2,1,3,3,2026 Seattle PPA Challenger,2026-08-15,Round 32
091e1b32-7b40-4789-8cb0-787532553d59:g1,7,521,522,523,524,472,473,708,1,1,3,1,2026 Seattle PPA Challenger,2026-08-15,
091e1b32-7b40-4789-8cb0-787532553d59:g2,-2,521,522,523,524,472,473,708,1,1,3,2,2026 Seattle PPA Challenger,2026-08-15,
091e1b32-7b40-4789-8cb0-787532553d59:g3,6,521,522,523,524,472,473,708,1,1,3,3,2026 Seattle PPA Challenger,2026-08-15,
09417892-8242-48d7-86d6-cf54bb7e8538:g1,11,525,37,526,527,474,475,709,2,1,3,1,2026 Seattle PPA Challenger,2026-08-15,Round 32
09417892-8242-48d7-86d6-cf54bb7e8538:g2,9,525,37,526,527,474,475,709,2,1,3,2,2026 Seattle PPA Challenger,2026-08-15,Round 32
0bbfb4c1-f3ff-4722-bdc4-91ad7d5d0b5a:g1,-4,528,529,517,390,476,469,710,1,1,3,1,2026 Seattle PPA Challenger,2026-08-15,
0bbfb4c1-f3ff-4722-bdc4-91ad7d5d0b5a:g2,-2,528,529,517,390,476,469,710,1,1,3,2,2026 Seattle PPA Challenger,2026-08-15,
0cb5d868-1246-4f92-8884-0b87b1102cd6:g1,6,27,396,429,530,477,478,711,2,1,3,1,2026 Seattle PPA Challenger,2026-08-15,Round 16
0cb5d868-1246-4f92-8884-0b87b1102cd6:g2,6,27,396,429,530,477,478,711,2,1,3,2,2026 Seattle PPA Challenger,2026-08-15,Round 16
0cba8ed0-7db7-4095-a0b0-e65b88d38175:g1,10,88,531,532,533,479,480,712,2,1,3,1,2026 Seattle PPA Challenger,2026-08-15,Round 32
0cba8ed0-7db7-4095-a0b0-e65b88d38175:g2,10,88,531,532,533,479,480,712,2,1,3,2,2026 Seattle PPA Challenger,2026-08-15,Round 32
0d9e8d40-e76b-448a-9fe9-92ec08c381b2:g1,3,27,396,433,51,477,481,713,2,1,3,1,2026 Seattle PPA Challenger,2026-08-15,Semi-Finals
0d9e8d40-e76b-448a-9fe9-92ec08c381b2:g2,3,27,396,433,51,477,481,713,2,1,3,2,2026 Seattle PPA Challenger,2026-08-15,Semi-Finals
0f9aa5b9-c435-4fbb-a0db-370b85268a99:g1,10,27,396,534,535,477,482,714,2,1,3,1,2026 Seattle PPA Challenger,2026-08-15,Round 32
0f9aa5b9-c435-4fbb-a0db-370b85268a99:g2,9,27,396,534,535,477,482,714,2,1,3,2,2026 Seattle PPA Challenger,2026-08-15,Round 32
15da23bf-ba12-4b58-b07c-d645f342b514:g1,7,536,537,538,539,483,484,715,2,1,3,1,2026 Seattle PPA Challenger,2026-08-15,Round 64
15da23bf-ba12-4b58-b07c-d645f342b514:g2,8,536,537,538,539,483,484,715,2,1,3,2,2026 Seattle PPA Challenger,2026-08-15,Round 64
187abcdd-3965-4e20-8d8f-505906336d15:g1,9,540,541,542,543,485,486,716,1,1,3,1,2026 Seattle PPA Challenger,2026-08-15,
187abcdd-3965-4e20-8d8f-505906336d15:g2,-2,540,541,542,543,485,486,716,1,1,3,2,2026 Seattle PPA Challenger,2026-08-15,
187abcdd-3965-4e20-8d8f-505906336d15:g3,4,540,541,542,543,485,486,716,1,1,3,3,2026 Seattle PPA Challenger,2026-08-15,
1ae8ff92-4db4-4b1a-aaa9-1732a65b4f4e:g1,2,433,51,144,231,481,468,717,2,1,3,1,2026 Seattle PPA Challenger,2026-08-15,Quarter Finals
1ae8ff92-4db4-4b1a-aaa9-1732a65b4f4e:g2,6,433,51,144,231,481,468,717,2,1,3,2,2026 Seattle PPA Challenger,2026-08-15,Quarter Finals
1d5d711b-a8e4-4285-a8e7-1b1c93677841:g1,-2,544,545,517,390,487,469,718,1,1,3,1,2026 Seattle PPA Challenger,2026-08-15,
1d5d711b-a8e4-4285-a8e7-1b1c93677841:g2,-6,544,545,517,390,487,469,718,1,1,3,2,2026 Seattle PPA Challenger,2026-08-15,
1e00ba75-09d5-4a17-9266-08e5b0e2d63e:g1,10,185,163,440,453,488,489,719,1,1,3,1,2026 Seattle PPA Challenger,2026-08-15,
1e00ba75-09d5-4a17-9266-08e5b0e2d63e:g2,11,185,163,440,453,488,489,719,1,1,3,2,2026 Seattle PPA Challenger,2026-08-15,
1fad7f17-0de7-47e1-ba3b-7365c2b75e0f:g1,9,450,546,547,548,490,491,720,1,1,3,1,2026 Seattle PPA Challenger,2026-08-15,
1fad7f17-0de7-47e1-ba3b-7365c2b75e0f:g2,11,450,546,547,548,490,491,720,1,1,3,2,2026 Seattle PPA Challenger,2026-08-15,
2415f9bd-0f00-413a-ac82-6128b88239f3:g1,8,433,51,536,537,481,483,721,2,1,3,1,2026 Seattle PPA Challenger,2026-08-15,Round 32
2415f9bd-0f00-413a-ac82-6128b88239f3:g2,6,433,51,536,537,481,483,721,2,1,3,2,2026 Seattle PPA Challenger,2026-08-15,Round 32
253c6202-b65b-4322-8100-c4d3494123df:g1,-4,514,515,549,550,466,492,722,1,1,3,1,2026 Seattle PPA Challenger,2026-08-15,
253c6202-b65b-4322-8100-c4d3494123df:g2,-9,514,515,549,550,466,492,722,1,1,3,2,2026 Seattle PPA Challenger,2026-08-15,
3070e147-812a-4152-8b1d-913afffc777b:g1,6,67,59,551,552,493,494,723,2,1,3,1,2026 Seattle PPA Challenger,2026-08-15,Round 32
3070e147-812a-4152-8b1d-913afffc777b:g2,3,67,59,551,552,493,494,723,2,1,3,2,2026 Seattle PPA Challenger,2026-08-15,Round 32
323606e8-806e-4881-b323-28ddbcbd2393:g1,8,20,553,554,555,495,496,724,1,1,3,1,2026 Seattle PPA Challenger,2026-08-15,
323606e8-806e-4881-b323-28ddbcbd2393:g2,3,20,553,554,555,495,496,724,1,1,3,2,2026 Seattle PPA Challenger,2026-08-15,
35fcca57-6b44-4108-82b8-4dcbd4313afa:g1,2,402,220,96,222,497,498,725,1,1,3,1,2026 Seattle PPA Challenger,2026-08-15,
35fcca57-6b44-4108-82b8-4dcbd4313afa:g2,2,402,220,96,222,497,498,725,1,1,3,2,2026 Seattle PPA Challenger,2026-08-15,
3aa35d97-831f-40d6-8444-2dc35a53982e:g1,9,27,396,67,59,477,493,726,2,1,3,1,2026 Seattle PPA Challenger,2026-08-15,Quarter Finals
3aa35d97-831f-40d6-8444-2dc35a53982e:g2,-5,27,396,67,59,477,493,726,2,1,3,2,2026 Seattle PPA Challenger,2026-08-15,Quarter Finals
3aa35d97-831f-40d6-8444-2dc35a53982e:g3,7,27,396,67,59,477,493,726,2,1,3,3,2026 Seattle PPA Challenger,2026-08-15,Quarter Finals
3c05fa78-2f8d-4737-b950-59ecba61ce60:g1,-10,556,557,558,559,499,500,727,2,1,3,1,2026 Seattle PPA Challenger,2026-08-15,Round 16
3c05fa78-2f8d-4737-b950-59ecba61ce60:g2,-4,556,557,558,559,499,500,727,2,1,3,2,2026 Seattle PPA Challenger,2026-08-15,Round 16
3da90831-f9ea-441c-9a45-05a7928dddf7:g1,11,250,461,560,561,501,502,728,1,1,3,1,2026 Seattle PPA Challenger,2026-08-15,
3da90831-f9ea-441c-9a45-05a7928dddf7:g2,10,250,461,560,561,501,502,728,1,1,3,2,2026 Seattle PPA Challenger,2026-08-15,
3e6b79f7-9b63-46c4-83b7-a899c3b1c28c:g1,2,562,563,514,515,503,466,729,1,1,3,1,2026 Seattle PPA Challenger,2026-08-15,
3e6b79f7-9b63-46c4-83b7-a899c3b1c28c:g2,-3,562,563,514,515,503,466,729,1,1,3,2,2026 Seattle PPA Challenger,2026-08-15,
3e6b79f7-9b63-46c4-83b7-a899c3b1c28c:g3,-3,562,563,514,515,503,466,729,1,1,3,3,2026 Seattle PPA Challenger,2026-08-15,
3f786b61-b5a8-4bc7-a491-d0a14c64196a:g1,7,564,565,431,202,504,505,730,2,1,3,1,2026 Seattle PPA Challenger,2026-08-15,Round 32
3f786b61-b5a8-4bc7-a491-d0a14c64196a:g2,7,564,565,431,202,504,505,730,2,1,3,2,2026 Seattle PPA Challenger,2026-08-15,Round 32
41c35cce-313f-4328-8d4d-8f58485c7707:g1,5,566,430,567,568,506,507,731,2,1,3,1,2026 Seattle PPA Challenger,2026-08-15,Round 16
41c35cce-313f-4328-8d4d-8f58485c7707:g2,7,566,430,567,568,506,507,731,2,1,3,2,2026 Seattle PPA Challenger,2026-08-15,Round 16
4b3c67ec-defb-4b2c-b27c-32f94d9ea145:g1,-3,569,79,570,571,508,509,732,1,1,3,1,2026 Seattle PPA Challenger,2026-08-15,
4b3c67ec-defb-4b2c-b27c-32f94d9ea145:g2,-8,569,79,570,571,508,509,732,1,1,3,2,2026 Seattle PPA Challenger,2026-08-15,
4f5cec05-568e-40e6-9c7f-3e6b7dfc2881:g1,-2,219,171,549,550,510,492,733,1,1,3,1,2026 Seattle PPA Challenger,2026-08-15,
4f5cec05-568e-40e6-9c7f-3e6b7dfc2881:g2,-5,219,171,549,550,510,492,733,1,1,3,2,2026 Seattle PPA Challenger,2026-08-15,
503786c0-e447-4b0f-92d6-215890f703f3:g1,-8,570,571,572,424,509,511,734,1,1,3,1,2026 Seattle PPA Challenger,2026-08-15,
503786c0-e447-4b0f-92d6-215890f703f3:g2,4,570,571,572,424,509,511,734,1,1,3,2,2026 Seattle PPA Challenger,2026-08-15,
503786c0-e447-4b0f-92d6-215890f703f3:g3,-3,570,571,572,424,509,511,734,1,1,3,3,2026 Seattle PPA Challenger,2026-08-15,
525e798d-5a60-43c2-9c6c-ec3650f4d4c3:g1,10,144,231,53,573,468,512,735,2,1,3,1,2026 Seattle PPA Challenger,2026-08-15,Round 32
525e798d-5a60-43c2-9c6c-ec3650f4d4c3:g2,10,144,231,53,573,468,512,735,2,1,3,2,2026 Seattle PPA Challenger,2026-08-15,Round 32
53253aa4-2a24-42b7-9542-8527c4f429d7:g1,7,233,40,549,550,513,492,736,1,1,3,1,2026 Seattle PPA Challenger,2026-08-15,
53253aa4-2a24-42b7-9542-8527c4f429d7:g2,5,233,40,549,550,513,492,736,1,1,3,2,2026 Seattle PPA Challenger,2026-08-15,
553632ef-79a7-4818-bb40-f2b1836ab770:g1,7,394,451,130,199,514,515,737,1,1,3,1,2026 Seattle PPA Challenger,2026-08-15,
553632ef-79a7-4818-bb40-f2b1836ab770:g2,5,394,451,130,199,514,515,737,1,1,3,2,2026 Seattle PPA Challenger,2026-08-15,
558adaa6-3546-415e-b342-ed7c65c0a96e:g1,2,544,545,185,163,487,488,738,1,1,3,1,2026 Seattle PPA Challenger,2026-08-15,
558adaa6-3546-415e-b342-ed7c65c0a96e:g2,11,544,545,185,163,487,488,738,1,1,3,2,2026 Seattle PPA Challenger,2026-08-15,
56477291-9d1d-4937-adeb-7d1ae9ea5959:g1,-10,250,461,219,171,501,510,739,1,1,3,1,2026 Seattle PPA Challenger,2026-08-15,
56477291-9d1d-4937-adeb-7d1ae9ea5959:g2,-2,250,461,219,171,501,510,739,1,1,3,2,2026 Seattle PPA Challenger,2026-08-15,
595f38a9-872a-4e9d-bc01-f2ebbe45d516:g1,10,402,220,574,575,497,516,740,1,1,3,1,2026 Seattle PPA Challenger,2026-08-15,
595f38a9-872a-4e9d-bc01-f2ebbe45d516:g2,5,402,220,574,575,497,516,740,1,1,3,2,2026 Seattle PPA Challenger,2026-08-15,
5c7177d6-6534-4b9c-87bc-44b629d17da1:g1,5,450,546,394,451,490,514,741,1,1,3,1,2026 Seattle PPA Challenger,2026-08-15,
5c7177d6-6534-4b9c-87bc-44b629d17da1:g2,2,450,546,394,451,490,514,741,1,1,3,2,2026 Seattle PPA Challenger,2026-08-15,
5e9e08ec-112e-4d39-8f3f-9f46e47f4416:g1,3,513,376,576,577,465,517,742,1,1,3,1,2026 Seattle PPA Challenger,2026-08-15,
5e9e08ec-112e-4d39-8f3f-9f46e47f4416:g2,5,513,376,576,577,465,517,742,1,1,3,2,2026 Seattle PPA Challenger,2026-08-15,
60f801c6-ac81-429d-a01f-5a4eb184291f:g1,-8,219,171,450,546,510,490,743,1,1,3,1,2026 Seattle PPA Challenger,2026-08-15,
60f801c6-ac81-429d-a01f-5a4eb184291f:g2,2,219,171,450,546,510,490,743,1,1,3,2,2026 Seattle PPA Challenger,2026-08-15,
60f801c6-ac81-429d-a01f-5a4eb184291f:g3,2,219,171,450,546,510,490,743,1,1,3,3,2026 Seattle PPA Challenger,2026-08-15,
642dcce1-acb6-4082-a67d-dc908c2e36ce:g1,-4,77,78,567,568,63,507,744,2,1,3,1,2026 Seattle PPA Challenger,2026-08-15,Round 32
642dcce1-acb6-4082-a67d-dc908c2e36ce:g2,-3,77,78,567,568,63,507,744,2,1,3,2,2026 Seattle PPA Challenger,2026-08-15,Round 32
66ee4df9-3686-49ea-bf9e-b801e15eca01:g1,7,50,578,579,580,518,519,745,2,1,3,1,2026 Seattle PPA Challenger,2026-08-15,Round 32
66ee4df9-3686-49ea-bf9e-b801e15eca01:g2,2,50,578,579,580,518,519,745,2,1,3,2,2026 Seattle PPA Challenger,2026-08-15,Round 32
68b3d50d-6f94-4fba-96e5-9a5863c90ba4:g1,6,410,411,581,582,351,520,746,1,1,3,1,2026 Seattle PPA Challenger,2026-08-15,
68b3d50d-6f94-4fba-96e5-9a5863c90ba4:g2,3,410,411,581,582,351,520,746,1,1,3,2,2026 Seattle PPA Challenger,2026-08-15,
69d4ca71-2cdc-46e2-baf2-29f9f873d616:g1,2,526,527,583,584,475,521,747,2,1,3,1,2026 Seattle PPA Challenger,2026-08-15,Round 64
69d4ca71-2cdc-46e2-baf2-29f9f873d616:g2,4,526,527,583,584,475,521,747,2,1,3,2,2026 Seattle PPA Challenger,2026-08-15,Round 64
6a346603-fb5e-4037-98d0-2bc01450be91:g1,-4,414,415,95,444,353,522,748,1,1,3,1,2026 Seattle PPA Challenger,2026-08-15,
6a346603-fb5e-4037-98d0-2bc01450be91:g2,-4,414,415,95,444,353,522,748,1,1,3,2,2026 Seattle PPA Challenger,2026-08-15,
6d3737d9-7000-4522-a9d0-4ee1771fe191:g1,6,579,580,585,586,519,523,749,2,1,3,1,2026 Seattle PPA Challenger,2026-08-15,Round 64
6d3737d9-7000-4522-a9d0-4ee1771fe191:g2,6,579,580,585,586,519,523,749,2,1,3,2,2026 Seattle PPA Challenger,2026-08-15,Round 64
70a26e86-0d8f-4787-8d0c-168ee0568384:g1,6,587,138,468,469,524,390,750,2,1,3,1,2026 Seattle PPA Challenger,2026-08-15,Round 32
70a26e86-0d8f-4787-8d0c-168ee0568384:g2,9,587,138,468,469,524,390,750,2,1,3,2,2026 Seattle PPA Challenger,2026-08-15,Round 32
7277ee12-ceca-446a-852d-1573b697a3da:g1,6,525,37,88,531,474,479,751,2,1,3,1,2026 Seattle PPA Challenger,2026-08-15,Round 16
7277ee12-ceca-446a-852d-1573b697a3da:g2,8,525,37,88,531,474,479,751,2,1,3,2,2026 Seattle PPA Challenger,2026-08-15,Round 16
740bb667-b877-416c-ae2f-3b7949521a9c:g1,-5,534,535,588,589,482,525,752,2,1,3,1,2026 Seattle PPA Challenger,2026-08-15,Round 64
740bb667-b877-416c-ae2f-3b7949521a9c:g2,4,534,535,588,589,482,525,752,2,1,3,2,2026 Seattle PPA Challenger,2026-08-15,Round 64
740bb667-b877-416c-ae2f-3b7949521a9c:g3,8,534,535,588,589,482,525,752,2,1,3,3,2026 Seattle PPA Challenger,2026-08-15,Round 64
749e1893-84b6-4b55-8daf-33ce33817efe:g1,2,590,591,592,593,526,527,753,1,1,3,1,2026 Seattle PPA Challenger,2026-08-15,
749e1893-84b6-4b55-8daf-33ce33817efe:g2,3,590,591,592,593,526,527,753,1,1,3,2,2026 Seattle PPA Challenger,2026-08-15,
754ff64b-909c-4196-8d7b-792d19b42c56:g1,-2,27,396,525,37,477,474,754,2,1,3,1,2026 Seattle PPA Challenger,2026-08-15,Finals
754ff64b-909c-4196-8d7b-792d19b42c56:g2,-2,27,396,525,37,477,474,754,2,1,3,2,2026 Seattle PPA Challenger,2026-08-15,Finals
78db2e0f-020f-4538-b74e-335d611eff30:g1,7,581,582,594,452,520,528,755,1,1,3,1,2026 Seattle PPA Challenger,2026-08-15,
78db2e0f-020f-4538-b74e-335d611eff30:g2,10,581,582,594,452,520,528,755,1,1,3,2,2026 Seattle PPA Challenger,2026-08-15,
79fddab8-ae5c-401f-aac1-43c50ed60d5d:g1,7,544,545,595,596,487,529,756,1,1,3,1,2026 Seattle PPA Challenger,2026-08-15,
79fddab8-ae5c-401f-aac1-43c50ed60d5d:g2,3,544,545,595,596,487,529,756,1,1,3,2,2026 Seattle PPA Challenger,2026-08-15,
7f8819c0-1aa1-42bd-8f93-ef7deffd0a5d:g1,-2,50,578,558,559,518,500,757,2,1,3,1,2026 Seattle PPA Challenger,2026-08-15,Quarter Finals
7f8819c0-1aa1-42bd-8f93-ef7deffd0a5d:g2,6,50,578,558,559,518,500,757,2,1,3,2,2026 Seattle PPA Challenger,2026-08-15,Quarter Finals
7f8819c0-1aa1-42bd-8f93-ef7deffd0a5d:g3,4,50,578,558,559,518,500,757,2,1,3,3,2026 Seattle PPA Challenger,2026-08-15,Quarter Finals
7fa2c791-a0b4-4067-99c3-bb4bb33c83b8:g1,3,36,302,556,557,530,499,758,2,1,3,1,2026 Seattle PPA Challenger,2026-08-15,Round 32
7fa2c791-a0b4-4067-99c3-bb4bb33c83b8:g2,-2,36,302,556,557,530,499,758,2,1,3,2,2026 Seattle PPA Challenger,2026-08-15,Round 32
7fa2c791-a0b4-4067-99c3-bb4bb33c83b8:g3,-2,36,302,556,557,530,499,758,2,1,3,3,2026 Seattle PPA Challenger,2026-08-15,Round 32
8217c29d-c8bf-4c2e-a6e1-901c6e7f637d:g1,10,516,374,597,598,467,531,759,2,1,3,1,2026 Seattle PPA Challenger,2026-08-15,Round 32
8217c29d-c8bf-4c2e-a6e1-901c6e7f637d:g2,8,516,374,597,598,467,531,759,2,1,3,2,2026 Seattle PPA Challenger,2026-08-15,Round 32
8680c899-bc72-4a7e-9de0-4d70a46999eb:g1,2,558,559,122,599,500,532,760,2,1,3,1,2026 Seattle PPA Challenger,2026-08-15,Round 32
8680c899-bc72-4a7e-9de0-4d70a46999eb:g2,6,558,559,122,599,500,532,760,2,1,3,2,2026 Seattle PPA Challenger,2026-08-15,Round 32
8c5069c7-9252-4081-a2b6-d21825d33d56:g1,9,600,601,64,602,533,534,761,1,1,3,1,2026 Seattle PPA Challenger,2026-08-15,
8c5069c7-9252-4081-a2b6-d21825d33d56:g2,-7,600,601,64,602,533,534,761,1,1,3,2,2026 Seattle PPA Challenger,2026-08-15,
8c5069c7-9252-4081-a2b6-d21825d33d56:g3,10,600,601,64,602,533,534,761,1,1,3,3,2026 Seattle PPA Challenger,2026-08-15,
8d9f1276-91be-432b-a145-e7b6da1cf8fd:g1,5,233,40,402,220,513,497,762,1,1,3,1,2026 Seattle PPA Challenger,2026-08-15,
8d9f1276-91be-432b-a145-e7b6da1cf8fd:g2,7,233,40,402,220,513,497,762,1,1,3,2,2026 Seattle PPA Challenger,2026-08-15,
8f1b0a22-fac9-4075-9bd4-8cd2593b2b5a:g1,5,96,222,603,604,498,535,763,1,1,3,1,2026 Seattle PPA Challenger,2026-08-15,
8f1b0a22-fac9-4075-9bd4-8cd2593b2b5a:g2,6,96,222,603,604,498,535,763,1,1,3,2,2026 Seattle PPA Challenger,2026-08-15,
94c257b0-c012-4cec-9e54-577b8af58f41:g1,-9,419,605,429,530,536,478,764,2,1,3,1,2026 Seattle PPA Challenger,2026-08-15,Round 32
94c257b0-c012-4cec-9e54-577b8af58f41:g2,-6,419,605,429,530,536,478,764,2,1,3,2,2026 Seattle PPA Challenger,2026-08-15,Round 32
9b50b77e-ecdb-4996-bd82-5095434637bc:g1,7,606,223,521,522,537,472,765,1,1,3,1,2026 Seattle PPA Challenger,2026-08-15,
9b50b77e-ecdb-4996-bd82-5095434637bc:g2,6,606,223,521,522,537,472,765,1,1,3,2,2026 Seattle PPA Challenger,2026-08-15,
9c447cad-dc0a-43ca-bb0f-b1da85b8d3d9:g1,-5,219,171,607,608,510,538,766,1,1,3,1,2026 Seattle PPA Challenger,2026-08-15,
9c447cad-dc0a-43ca-bb0f-b1da85b8d3d9:g2,7,219,171,607,608,510,538,766,1,1,3,2,2026 Seattle PPA Challenger,2026-08-15,
9c447cad-dc0a-43ca-bb0f-b1da85b8d3d9:g3,7,219,171,607,608,510,538,766,1,1,3,3,2026 Seattle PPA Challenger,2026-08-15,
9e5cb208-7e30-4224-9cc4-198cb815ef54:g1,-3,609,610,611,612,539,540,767,1,1,3,1,2026 Seattle PPA Challenger,2026-08-15,
9e5cb208-7e30-4224-9cc4-198cb815ef54:g2,4,609,610,611,612,539,540,767,1,1,3,2,2026 Seattle PPA Challenger,2026-08-15,
9e5cb208-7e30-4224-9cc4-198cb815ef54:g3,3,609,610,611,612,539,540,767,1,1,3,3,2026 Seattle PPA Challenger,2026-08-15,
a17ef54a-6c77-479a-b5b9-544b8a4c5c6d:g1,2,613,614,615,616,541,542,768,1,1,3,1,2026 Seattle PPA Challenger,2026-08-15,
a17ef54a-6c77-479a-b5b9-544b8a4c5c6d:g2,9,613,614,615,616,541,542,768,1,1,3,2,2026 Seattle PPA Challenger,2026-08-15,
a236712a-19bf-4f99-8870-0493675ce6e6:g1,6,393,617,20,553,543,495,769,1,1,3,1,2026 Seattle PPA Challenger,2026-08-15,
a236712a-19bf-4f99-8870-0493675ce6e6:g2,4,393,617,20,553,543,495,769,1,1,3,2,2026 Seattle PPA Challenger,2026-08-15,
a50596fc-0a1f-4eb2-8e48-89eaa42c4a3a:g1,-4,393,617,618,63,543,544,770,1,1,3,1,2026 Seattle PPA Challenger,2026-08-15,
a50596fc-0a1f-4eb2-8e48-89eaa42c4a3a:g2,9,393,617,618,63,543,544,770,1,1,3,2,2026 Seattle PPA Challenger,2026-08-15,
a50596fc-0a1f-4eb2-8e48-89eaa42c4a3a:g3,10,393,617,618,63,543,544,770,1,1,3,3,2026 Seattle PPA Challenger,2026-08-15,
a582eaab-f8c9-48e7-b7db-e4632602316b:g1,3,233,40,517,390,513,469,771,1,1,3,1,2026 Seattle PPA Challenger,2026-08-15,
a582eaab-f8c9-48e7-b7db-e4632602316b:g2,2,233,40,517,390,513,469,771,1,1,3,2,2026 Seattle PPA Challenger,2026-08-15,
a6f1418a-25bf-4ec0-a93b-4cc6b63fc1f2:g1,8,433,51,564,565,481,504,772,2,1,3,1,2026 Seattle PPA Challenger,2026-08-15,Round 16
a6f1418a-25bf-4ec0-a93b-4cc6b63fc1f2:g2,-7,433,51,564,565,481,504,772,2,1,3,2,2026 Seattle PPA Challenger,2026-08-15,Round 16
a6f1418a-25bf-4ec0-a93b-4cc6b63fc1f2:g3,9,433,51,564,565,481,504,772,2,1,3,3,2026 Seattle PPA Challenger,2026-08-15,Round 16
abb853c5-8e34-4bad-919c-772460701012:g1,-2,410,411,20,553,351,495,773,1,1,3,1,2026 Seattle PPA Challenger,2026-08-15,
abb853c5-8e34-4bad-919c-772460701012:g2,-4,410,411,20,553,351,495,773,1,1,3,2,2026 Seattle PPA Challenger,2026-08-15,
af1f1d57-a4c1-4cc3-b533-d8e3e71ac3c4:g1,5,606,223,572,424,537,511,774,1,1,3,1,2026 Seattle PPA Challenger,2026-08-15,
af1f1d57-a4c1-4cc3-b533-d8e3e71ac3c4:g2,9,606,223,572,424,537,511,774,1,1,3,2,2026 Seattle PPA Challenger,2026-08-15,
b124ad4a-bac2-488d-97fa-ba0e4b52705d:g1,3,50,578,137,518,518,470,775,2,1,3,1,2026 Seattle PPA Challenger,2026-08-15,Round 16
b124ad4a-bac2-488d-97fa-ba0e4b52705d:g2,2,50,578,137,518,518,470,775,2,1,3,2,2026 Seattle PPA Challenger,2026-08-15,Round 16
b6c0f5fd-3407-4b3d-a545-3aa531043118:g1,3,233,40,609,610,513,539,776,1,1,3,1,2026 Seattle PPA Challenger,2026-08-15,
b6c0f5fd-3407-4b3d-a545-3aa531043118:g2,10,233,40,609,610,513,539,776,1,1,3,2,2026 Seattle PPA Challenger,2026-08-15,
b70d43bb-fdcd-46f2-a8c8-6e6dbc58e68d:g1,-8,50,578,525,37,518,474,777,2,1,3,1,2026 Seattle PPA Challenger,2026-08-15,Semi-Finals
b70d43bb-fdcd-46f2-a8c8-6e6dbc58e68d:g2,-8,50,578,525,37,518,474,777,2,1,3,2,2026 Seattle PPA Challenger,2026-08-15,Semi-Finals
b713945e-dac5-4322-a111-6fbba3e289a6:g1,8,20,553,186,124,495,545,778,1,1,3,1,2026 Seattle PPA Challenger,2026-08-15,
b713945e-dac5-4322-a111-6fbba3e289a6:g2,-3,20,553,186,124,495,545,778,1,1,3,2,2026 Seattle PPA Challenger,2026-08-15,
b713945e-dac5-4322-a111-6fbba3e289a6:g3,2,20,553,186,124,495,545,778,1,1,3,3,2026 Seattle PPA Challenger,2026-08-15,
ba2c3d86-b1ab-4747-892f-d182f6dce2d6:g1,2,67,59,587,138,493,524,779,2,1,3,1,2026 Seattle PPA Challenger,2026-08-15,Round 16
ba2c3d86-b1ab-4747-892f-d182f6dce2d6:g2,4,67,59,587,138,493,524,779,2,1,3,2,2026 Seattle PPA Challenger,2026-08-15,Round 16
bdabcb04-9670-4436-bdf7-fec720ff6ec0:g1,8,391,446,619,620,546,547,780,1,1,3,1,2026 Seattle PPA Challenger,2026-08-15,
bdabcb04-9670-4436-bdf7-fec720ff6ec0:g2,2,391,446,619,620,546,547,780,1,1,3,2,2026 Seattle PPA Challenger,2026-08-15,
c0048494-1282-41d3-ac36-9251812108b0:g1,-4,572,424,621,622,511,548,781,1,1,3,1,2026 Seattle PPA Challenger,2026-08-15,
c0048494-1282-41d3-ac36-9251812108b0:g2,2,572,424,621,622,511,548,781,1,1,3,2,2026 Seattle PPA Challenger,2026-08-15,
c0048494-1282-41d3-ac36-9251812108b0:g3,8,572,424,621,622,511,548,781,1,1,3,3,2026 Seattle PPA Challenger,2026-08-15,
c5e98ed4-e27b-47b7-8f5b-5e3e1b66c273:g1,11,623,624,625,626,549,550,782,1,1,3,1,2026 Seattle PPA Challenger,2026-08-15,
c5e98ed4-e27b-47b7-8f5b-5e3e1b66c273:g2,11,623,624,625,626,549,550,782,1,1,3,2,2026 Seattle PPA Challenger,2026-08-15,
c858147a-dfa1-4685-8b4a-8df363bf51b1:g1,11,627,628,629,630,551,552,783,1,1,3,1,2026 Seattle PPA Challenger,2026-08-15,
c858147a-dfa1-4685-8b4a-8df363bf51b1:g2,6,627,628,629,630,551,552,783,1,1,3,2,2026 Seattle PPA Challenger,2026-08-15,
cd54dd21-1a09-4dff-aa4e-49f896ba3474:g1,7,618,63,141,142,544,95,784,1,1,3,1,2026 Seattle PPA Challenger,2026-08-15,
cd54dd21-1a09-4dff-aa4e-49f896ba3474:g2,8,618,63,141,142,544,95,784,1,1,3,2,2026 Seattle PPA Challenger,2026-08-15,
ce0e5395-05c7-40ad-a559-8002b6840e1e:g1,9,393,617,631,632,543,553,785,1,1,3,1,2026 Seattle PPA Challenger,2026-08-15,
ce0e5395-05c7-40ad-a559-8002b6840e1e:g2,9,393,617,631,632,543,553,785,1,1,3,2,2026 Seattle PPA Challenger,2026-08-15,
ce4cad65-3268-4b36-81c3-7b2edad12a1e:g1,3,631,632,197,98,553,554,786,1,1,3,1,2026 Seattle PPA Challenger,2026-08-15,
ce4cad65-3268-4b36-81c3-7b2edad12a1e:g2,2,631,632,197,98,553,554,786,1,1,3,2,2026 Seattle PPA Challenger,2026-08-15,
d11595a7-4184-4046-b653-bd8af78f969a:g1,-2,633,389,600,601,555,533,787,1,1,3,1,2026 Seattle PPA Challenger,2026-08-15,
d11595a7-4184-4046-b653-bd8af78f969a:g2,5,633,389,600,601,555,533,787,1,1,3,2,2026 Seattle PPA Challenger,2026-08-15,
d11595a7-4184-4046-b653-bd8af78f969a:g3,9,633,389,600,601,555,533,787,1,1,3,3,2026 Seattle PPA Challenger,2026-08-15,
d60da231-7599-41b6-9c10-39867e7a7501:g1,11,233,40,95,444,513,522,788,1,1,3,1,2026 Seattle PPA Challenger,2026-08-15,
d60da231-7599-41b6-9c10-39867e7a7501:g2,2,233,40,95,444,513,522,788,1,1,3,2,2026 Seattle PPA Challenger,2026-08-15,
dacceaea-c07e-497b-8891-c434fce5f81f:g1,-7,613,614,627,628,541,551,789,1,1,3,1,2026 Seattle PPA Challenger,2026-08-15,
dacceaea-c07e-497b-8891-c434fce5f81f:g2,3,613,614,627,628,541,551,789,1,1,3,2,2026 Seattle PPA Challenger,2026-08-15,
dacceaea-c07e-497b-8891-c434fce5f81f:g3,2,613,614,627,628,541,551,789,1,1,3,3,2026 Seattle PPA Challenger,2026-08-15,
db1b39e3-e3cb-4c0e-b6cd-87d71ee20703:g1,-5,391,446,618,63,546,544,790,1,1,3,1,2026 Seattle PPA Challenger,2026-08-15,
db1b39e3-e3cb-4c0e-b6cd-87d71ee20703:g2,-6,391,446,618,63,546,544,790,1,1,3,2,2026 Seattle PPA Challenger,2026-08-15,
dd58df51-a52a-4862-b3be-9b37e0f61ffe:g1,11,186,124,634,116,545,556,791,1,1,3,1,2026 Seattle PPA Challenger,2026-08-15,
dd58df51-a52a-4862-b3be-9b37e0f61ffe:g2,11,186,124,634,116,545,556,791,1,1,3,2,2026 Seattle PPA Challenger,2026-08-15,
e685774a-5f89-48db-9893-593b236e420f:g1,-6,528,529,635,636,476,557,792,1,1,3,1,2026 Seattle PPA Challenger,2026-08-15,
e685774a-5f89-48db-9893-593b236e420f:g2,4,528,529,635,636,476,557,792,1,1,3,2,2026 Seattle PPA Challenger,2026-08-15,
e685774a-5f89-48db-9893-593b236e420f:g3,2,528,529,635,636,476,557,792,1,1,3,3,2026 Seattle PPA Challenger,2026-08-15,
e6f4aff0-88e3-451e-be59-3d162e8c77c2:g1,8,606,223,590,591,537,526,793,1,1,3,1,2026 Seattle PPA Challenger,2026-08-15,
e6f4aff0-88e3-451e-be59-3d162e8c77c2:g2,7,606,223,590,591,537,526,793,1,1,3,2,2026 Seattle PPA Challenger,2026-08-15,
e86243a5-6e13-45c8-8879-b37cec7f1b9a:g1,3,410,411,637,638,351,558,794,1,1,3,1,2026 Seattle PPA Challenger,2026-08-15,
e86243a5-6e13-45c8-8879-b37cec7f1b9a:g2,2,410,411,637,638,351,558,794,1,1,3,2,2026 Seattle PPA Challenger,2026-08-15,
eec503c3-aaf2-4404-81ff-f3bbd8745e5e:g1,8,525,37,566,430,474,506,795,2,1,3,1,2026 Seattle PPA Challenger,2026-08-15,Quarter Finals
eec503c3-aaf2-4404-81ff-f3bbd8745e5e:g2,7,525,37,566,430,474,506,795,2,1,3,2,2026 Seattle PPA Challenger,2026-08-15,Quarter Finals
ef11fe54-249f-4977-86be-f77005d105c1:g1,-2,633,389,613,614,555,541,796,1,1,3,1,2026 Seattle PPA Challenger,2026-08-15,
ef11fe54-249f-4977-86be-f77005d105c1:g2,-2,633,389,613,614,555,541,796,1,1,3,2,2026 Seattle PPA Challenger,2026-08-15,
f81c7a5c-6968-4cce-901c-67bc5bbeb106:g1,4,623,624,549,550,549,492,797,1,1,3,1,2026 Seattle PPA Challenger,2026-08-15,
f81c7a5c-6968-4cce-901c-67bc5bbeb106:g2,-7,623,624,549,550,549,492,797,1,1,3,2,2026 Seattle PPA Challenger,2026-08-15,
f81c7a5c-6968-4cce-901c-67bc5bbeb106:g3,-2,623,624,549,550,549,492,797,1,1,3,3,2026 Seattle PPA Challenger,2026-08-15,
fa19c4c6-cb83-492c-a86f-7d42ac082a31:g1,-2,606,223,393,617,537,543,798,1,1,3,1,2026 Seattle PPA Challenger,2026-08-15,
fa19c4c6-cb83-492c-a86f-7d42ac082a31:g2,-2,606,223,393,617,537,543,798,1,1,3,2,2026 Seattle PPA Challenger,2026-08-15,
faa18883-d718-49aa-bd98-785bcb891033:g1,9,633,389,540,541,555,485,799,1,1,3,1,2026 Seattle PPA Challenger,2026-08-15,
faa18883-d718-49aa-bd98-785bcb891033:g2,9,633,389,540,541,555,485,799,1,1,3,2,2026 Seattle PPA Challenger,2026-08-15,
fd44aa50-2f40-4fac-914f-d1573468b54a:g1,11,393,617,639,640,543,559,800,1,1,3,1,2026 Seattle PPA Challenger,2026-08-15,
fd44aa50-2f40-4fac-914f-d1573468b54a:g2,10,393,617,639,640,543,559,800,1,1,3,2,2026 Seattle PPA Challenger,2026-08-15,
feafb800-55b7-4728-b6cb-ec9d728610df:g1,10,566,430,641,405,506,560,801,2,1,3,1,2026 Seattle PPA Challenger,2026-08-15,Round 32
feafb800-55b7-4728-b6cb-ec9d728610df:g2,8,566,430,641,405,506,560,801,2,1,3,2,2026 Seattle PPA Challenger,2026-08-15,Round 32
ffc8ae61-a62c-4991-88b1-07ef0926f3e7:g1,2,549,550,129,472,492,561,802,1,1,3,1,2026 Seattle PPA Challenger,2026-08-15,
ffc8ae61-a62c-4991-88b1-07ef0926f3e7:g2,-2,549,550,129,472,492,561,802,1,1,3,2,2026 Seattle PPA Challenger,2026-08-15,
ffc8ae61-a62c-4991-88b1-07ef0926f3e7:g3,5,549,550,129,472,492,561,802,1,1,3,3,2026 Seattle PPA Challenger,2026-08-15,
052b6aec-5a44-4bcb-ba77-9a3dfffb82e0:g1,-6,505,506,509,510,461,463,803,1,1,3,1,PPA125 - GOLD COAST,2026-08-15,PRO MEN's DOUBLES MAIN DRAW — Finals
052b6aec-5a44-4bcb-ba77-9a3dfffb82e0:g2,-2,505,506,509,510,461,463,803,1,1,3,2,PPA125 - GOLD COAST,2026-08-15,PRO MEN's DOUBLES MAIN DRAW — Finals
0b9c33d1-25f4-4197-95e3-8e2c97f3c1d8:g1,-6,642,489,486,643,562,563,804,0,1,3,1,PPA125 - GOLD COAST,2026-08-15,PRO MIXED DOUBLES MAIN DRAW — Round 32
0b9c33d1-25f4-4197-95e3-8e2c97f3c1d8:g2,2,642,489,486,643,562,563,804,0,1,3,2,PPA125 - GOLD COAST,2026-08-15,PRO MIXED DOUBLES MAIN DRAW — Round 32
0b9c33d1-25f4-4197-95e3-8e2c97f3c1d8:g3,-4,642,489,486,643,562,563,804,0,1,3,3,PPA125 - GOLD COAST,2026-08-15,PRO MIXED DOUBLES MAIN DRAW — Round 32
14859c8a-8918-452a-873b-bcb721adb652:g1,5,506,644,645,495,564,565,805,0,1,3,1,PPA125 - GOLD COAST,2026-08-15,PRO MIXED DOUBLES MAIN DRAW — Round 16
14859c8a-8918-452a-873b-bcb721adb652:g2,6,506,644,645,495,564,565,805,0,1,3,2,PPA125 - GOLD COAST,2026-08-15,PRO MIXED DOUBLES MAIN DRAW — Round 16
33d19c54-363e-4407-af3f-abc47097060d:g1,-6,644,646,12,647,566,567,806,2,1,3,1,PPA125 - GOLD COAST,2026-08-15,WOMEN'S PRO DOUBLES MAIN DRAW — Finals
33d19c54-363e-4407-af3f-abc47097060d:g2,-9,644,646,12,647,566,567,806,2,1,3,2,PPA125 - GOLD COAST,2026-08-15,WOMEN'S PRO DOUBLES MAIN DRAW — Finals
407b5ca4-7f35-4f47-bfe2-7117bb65778d:g1,-2,648,491,499,494,568,569,807,0,1,3,1,PPA125 - GOLD COAST,2026-08-15,PRO MIXED DOUBLES MAIN DRAW — Round 16
407b5ca4-7f35-4f47-bfe2-7117bb65778d:g2,-6,648,491,499,494,568,569,807,0,1,3,2,PPA125 - GOLD COAST,2026-08-15,PRO MIXED DOUBLES MAIN DRAW — Round 16
4d51d989-18cf-4c8d-b569-54fa46840cab:g1,10,644,646,649,643,566,570,808,2,1,3,1,PPA125 - GOLD COAST,2026-08-15,WOMEN'S PRO DOUBLES MAIN DRAW — Quarter Finals
4d51d989-18cf-4c8d-b569-54fa46840cab:g2,10,644,646,649,643,566,570,808,2,1,3,2,PPA125 - GOLD COAST,2026-08-15,WOMEN'S PRO DOUBLES MAIN DRAW — Quarter Finals
6c7dab42-637d-4b53-8e76-b199b833451b:g1,11,646,13,498,649,571,572,809,0,1,3,1,PPA125 - GOLD COAST,2026-08-15,PRO MIXED DOUBLES MAIN DRAW — Round 16
6c7dab42-637d-4b53-8e76-b199b833451b:g2,3,646,13,498,649,571,572,809,0,1,3,2,PPA125 - GOLD COAST,2026-08-15,PRO MIXED DOUBLES MAIN DRAW — Round 16
6f8ed072-a5c6-4130-84ba-953747b65f80:g1,6,509,510,498,499,463,457,810,1,1,3,1,PPA125 - GOLD COAST,2026-08-15,PRO MEN's DOUBLES MAIN DRAW — Quarter Finals
6f8ed072-a5c6-4130-84ba-953747b65f80:g2,6,509,510,498,499,463,457,810,1,1,3,2,PPA125 - GOLD COAST,2026-08-15,PRO MEN's DOUBLES MAIN DRAW — Quarter Finals
801255b9-6042-4ef0-9413-10c70f0ff103:g1,9,12,647,494,495,567,455,811,2,1,3,1,PPA125 - GOLD COAST,2026-08-15,WOMEN'S PRO DOUBLES MAIN DRAW — Quarter Finals
801255b9-6042-4ef0-9413-10c70f0ff103:g2,2,12,647,494,495,567,455,811,2,1,3,2,PPA125 - GOLD COAST,2026-08-15,WOMEN'S PRO DOUBLES MAIN DRAW — Quarter Finals
80a8b544-b591-46af-906e-895d35e224c9:g1,3,650,648,651,652,573,574,812,2,1,3,1,PPA125 - GOLD COAST,2026-08-15,WOMEN'S PRO DOUBLES MAIN DRAW — Quarter Finals
80a8b544-b591-46af-906e-895d35e224c9:g2,7,650,648,651,652,573,574,812,2,1,3,2,PPA125 - GOLD COAST,2026-08-15,WOMEN'S PRO DOUBLES MAIN DRAW — Quarter Finals
85050ae0-1663-476d-b91a-5c9b6bb8c62d:g1,4,490,491,502,13,453,459,813,1,1,3,1,PPA125 - GOLD COAST,2026-08-15,PRO MEN's DOUBLES MAIN DRAW — Bronze
85050ae0-1663-476d-b91a-5c9b6bb8c62d:g2,8,490,491,502,13,453,459,813,1,1,3,2,PPA125 - GOLD COAST,2026-08-15,PRO MEN's DOUBLES MAIN DRAW — Bronze
8c7f889e-2b96-4b13-b97a-d5ced605e3be:g1,8,505,506,486,487,461,451,814,1,1,3,1,PPA125 - GOLD COAST,2026-08-15,PRO MEN's DOUBLES MAIN DRAW — Quarter Finals
8c7f889e-2b96-4b13-b97a-d5ced605e3be:g2,8,505,506,486,487,461,451,814,1,1,3,2,PPA125 - GOLD COAST,2026-08-15,PRO MEN's DOUBLES MAIN DRAW — Quarter Finals
8ddcc02a-baf7-4f82-a59a-99088e6cd22a:g1,7,505,506,490,491,461,453,815,1,1,3,1,PPA125 - GOLD COAST,2026-08-15,PRO MEN's DOUBLES MAIN DRAW — Semi-Finals
8ddcc02a-baf7-4f82-a59a-99088e6cd22a:g2,10,505,506,490,491,461,453,815,1,1,3,2,PPA125 - GOLD COAST,2026-08-15,PRO MEN's DOUBLES MAIN DRAW — Semi-Finals
a00e7eee-d12b-4bf3-b6fd-8bedb2006542:g1,4,502,13,653,645,459,575,816,1,1,3,1,PPA125 - GOLD COAST,2026-08-15,PRO MEN's DOUBLES MAIN DRAW — Quarter Finals
a00e7eee-d12b-4bf3-b6fd-8bedb2006542:g2,7,502,13,653,645,459,575,816,1,1,3,2,PPA125 - GOLD COAST,2026-08-15,PRO MEN's DOUBLES MAIN DRAW — Quarter Finals
ad1087f3-576f-40a2-bef5-8fa74defee51:g1,-2,650,648,654,655,573,576,817,2,1,3,1,PPA125 - GOLD COAST,2026-08-15,WOMEN'S PRO DOUBLES MAIN DRAW — Bronze
ad1087f3-576f-40a2-bef5-8fa74defee51:g2,-8,650,648,654,655,573,576,817,2,1,3,2,PPA125 - GOLD COAST,2026-08-15,WOMEN'S PRO DOUBLES MAIN DRAW — Bronze
af9da379-b504-411c-8234-11735b928b42:g1,-10,644,646,650,648,566,573,818,2,1,3,1,PPA125 - GOLD COAST,2026-08-15,WOMEN'S PRO DOUBLES MAIN DRAW — Semi-Finals
af9da379-b504-411c-8234-11735b928b42:g2,10,644,646,650,648,566,573,818,2,1,3,2,PPA125 - GOLD COAST,2026-08-15,WOMEN'S PRO DOUBLES MAIN DRAW — Semi-Finals
af9da379-b504-411c-8234-11735b928b42:g3,9,644,646,650,648,566,573,818,2,1,3,3,PPA125 - GOLD COAST,2026-08-15,WOMEN'S PRO DOUBLES MAIN DRAW — Semi-Finals
c3c92c37-7631-492e-a11e-60f3661d02f2:g1,6,509,510,502,13,463,459,819,1,1,3,1,PPA125 - GOLD COAST,2026-08-15,PRO MEN's DOUBLES MAIN DRAW — Semi-Finals
c3c92c37-7631-492e-a11e-60f3661d02f2:g2,-6,509,510,502,13,463,459,819,1,1,3,2,PPA125 - GOLD COAST,2026-08-15,PRO MEN's DOUBLES MAIN DRAW — Semi-Finals
c3c92c37-7631-492e-a11e-60f3661d02f2:g3,3,509,510,502,13,463,459,819,1,1,3,3,PPA125 - GOLD COAST,2026-08-15,PRO MEN's DOUBLES MAIN DRAW — Semi-Finals
d6595d2d-797d-42b6-9d69-90e6c536b184:g1,-9,654,655,12,647,576,567,820,2,1,3,1,PPA125 - GOLD COAST,2026-08-15,WOMEN'S PRO DOUBLES MAIN DRAW — Semi-Finals
d6595d2d-797d-42b6-9d69-90e6c536b184:g2,-5,654,655,12,647,576,567,820,2,1,3,2,PPA125 - GOLD COAST,2026-08-15,WOMEN'S PRO DOUBLES MAIN DRAW — Semi-Finals
e12b969b-2b82-441c-a039-84c235927371:g1,2,490,491,656,657,453,577,821,1,1,3,1,PPA125 - GOLD COAST,2026-08-15,PRO MEN's DOUBLES MAIN DRAW — Quarter Finals
e12b969b-2b82-441c-a039-84c235927371:g2,5,490,491,656,657,453,577,821,1,1,3,2,PPA125 - GOLD COAST,2026-08-15,PRO MEN's DOUBLES MAIN DRAW — Quarter Finals
f33c568b-f5f2-49e7-8d0d-52f0c962409a:g1,4,502,654,658,493,578,579,822,0,1,3,1,PPA125 - GOLD COAST,2026-08-15,PRO MIXED DOUBLES MAIN DRAW — Round 32
f33c568b-f5f2-49e7-8d0d-52f0c962409a:g2,2,502,654,658,493,578,579,822,0,1,3,2,PPA125 - GOLD COAST,2026-08-15,PRO MIXED DOUBLES MAIN DRAW — Round 32
f94cb167-0a8f-44ae-a41c-b457391b235b:g1,-8,487,659,498,649,580,572,823,0,1,3,1,PPA125 - GOLD COAST,2026-08-15,PRO MIXED DOUBLES MAIN DRAW — Round 32
f94cb167-0a8f-44ae-a41c-b457391b235b:g2,-4,487,659,498,649,580,572,823,0,1,3,2,PPA125 - GOLD COAST,2026-08-15,PRO MIXED DOUBLES MAIN DRAW — Round 32
fc3dde85-56c2-43eb-9365-802010fc3e73:g1,-2,651,652,660,661,574,581,824,2,1,3,1,PPA125 - GOLD COAST,2026-08-15,WOMEN'S PRO DOUBLES MAIN DRAW — Round 16
fc3dde85-56c2-43eb-9365-802010fc3e73:g2,7,651,652,660,661,574,581,824,2,1,3,2,PPA125 - GOLD COAST,2026-08-15,WOMEN'S PRO DOUBLES MAIN DRAW — Round 16
fc3dde85-56c2-43eb-9365-802010fc3e73:g3,5,651,652,660,661,574,581,824,2,1,3,3,PPA125 - GOLD COAST,2026-08-15,WOMEN'S PRO DOUBLES MAIN DRAW — Round 16
ff2e9855-9ce4-4775-a053-dbf5c9637afb:g1,-5,490,652,651,662,582,583,825,0,1,3,1,PPA125 - GOLD COAST,2026-08-15,PRO MIXED DOUBLES MAIN DRAW — Round 16
ff2e9855-9ce4-4775-a053-dbf5c9637afb:g2,-10,490,652,651,662,582,583,825,0,1,3,2,PPA125 - GOLD COAST,2026-08-15,PRO MIXED DOUBLES MAIN DRAW — Round 16
1cd5b671-edac-4a5c-9dd6-6d61d18979a1:g1,2,48,41,31,38,45,34,826,1,0,1,1,Toray MLP Playoffs Newport Beach,2026-08-15,RR
1d4b0140-ad7b-42ff-9152-059655b6ed28:g1,7,368,369,371,380,307,318,827,2,0,1,1,Toray MLP Playoffs Newport Beach,2026-08-15,RR
209fb9f1-971c-4ac6-951b-ed56ecc04dfe:g1,-7,2,386,372,377,325,447,828,1,0,1,1,Toray MLP Playoffs Newport Beach,2026-08-15,RR
601688b6-0d1f-408b-8872-f6a47276f389:g1,7,383,384,268,267,322,239,829,1,0,1,1,Toray MLP Playoffs Newport Beach,2026-08-15,RR
62b12db2-d7db-48b7-9856-9fb4ed001b0c:g1,-7,22,9,259,248,18,450,830,2,0,1,1,Toray MLP Playoffs Newport Beach,2026-08-15,RR
72318817-6f37-48d8-85c8-7c4334975eb6:g1,2,10,15,253,262,12,223,831,1,0,1,1,Toray MLP Playoffs Newport Beach,2026-08-15,RR
7f8f2ec2-939d-469d-bc7e-43871483bd21:g1,6,388,384,263,268,328,241,832,0,0,1,1,Toray MLP Playoffs Newport Beach,2026-08-15,RR
916cbf7a-588a-47f3-84bf-da31fe49af85:g1,-4,32,33,28,29,31,28,833,2,0,1,1,Toray MLP Playoffs Newport Beach,2026-08-15,RR
9bd1ee19-01d1-44e0-a595-25d34c182bb0:g1,6,22,15,248,262,24,301,834,0,0,1,1,Toray MLP Playoffs Newport Beach,2026-08-15,RR
9d61d06f-0666-4def-ab73-93f881ec1703:g1,-7,368,385,380,377,323,329,835,0,0,1,1,Toray MLP Playoffs Newport Beach,2026-08-15,RR
aa379c2d-8ef0-4f31-8e04-735657f682b4:g1,9,388,387,264,263,332,226,836,2,0,1,1,Toray MLP Playoffs Newport Beach,2026-08-15,RR
cbf452cc-f6d5-4222-8adb-1253fc759feb:g1,-3,9,10,259,253,6,219,837,0,0,1,1,Toray MLP Playoffs Newport Beach,2026-08-15,RR
d032c030-4424-466f-822d-e4ec2be12f2e:g1,5,33,48,43,38,48,38,838,0,0,1,1,Toray MLP Playoffs Newport Beach,2026-08-15,RR
d5bb6eb6-f76e-4186-9f3c-61d5c01800fb:g1,5,32,49,29,31,311,30,839,0,0,1,1,Toray MLP Playoffs Newport Beach,2026-08-15,RR
e439956e-399c-44ff-a469-2be1c40a5eb3:g1,6,369,2,371,372,316,309,840,0,0,1,1,Toray MLP Playoffs Newport Beach,2026-08-15,RR
002a65d3-ae42-4422-9e28-f40df1b75d1f:g1,-2,637,598,431,629,584,585,841,0,1,3,1,2026 Seattle PPA Challenger,2026-08-16,
002a65d3-ae42-4422-9e28-f40df1b75d1f:g2,-6,637,598,431,629,584,585,841,0,1,3,2,2026 Seattle PPA Challenger,2026-08-16,
007f193b-92a9-444b-a9a7-60fa1fd3c7b9:g1,9,390,88,532,581,586,587,842,0,1,3,1,2026 Seattle PPA Challenger,2026-08-16,
007f193b-92a9-444b-a9a7-60fa1fd3c7b9:g2,2,390,88,532,581,586,587,842,0,1,3,2,2026 Seattle PPA Challenger,2026-08-16,
07940a05-6ea3-4419-a251-07520b4add1b:g1,7,525,544,63,518,588,589,843,0,1,3,1,2026 Seattle PPA Challenger,2026-08-16,
07940a05-6ea3-4419-a251-07520b4add1b:g2,6,525,544,63,518,588,589,843,0,1,3,2,2026 Seattle PPA Challenger,2026-08-16,
08bb16b3-018e-4e76-9de9-ae71534525e6:g1,7,50,393,610,641,590,591,844,0,1,3,1,2026 Seattle PPA Challenger,2026-08-16,
08bb16b3-018e-4e76-9de9-ae71534525e6:g2,11,50,393,610,641,590,591,844,0,1,3,2,2026 Seattle PPA Challenger,2026-08-16,
09e19cf1-114e-4fdd-9d65-74d43973a2f9:g1,6,250,430,431,629,592,585,845,0,1,3,1,2026 Seattle PPA Challenger,2026-08-16,
09e19cf1-114e-4fdd-9d65-74d43973a2f9:g2,8,250,430,431,629,592,585,845,0,1,3,2,2026 Seattle PPA Challenger,2026-08-16,
0be73e0a-cf57-4a91-bc92-c9d718a6d0f7:g1,2,51,40,124,558,220,593,846,0,1,3,1,2026 Seattle PPA Challenger,2026-08-16,
0be73e0a-cf57-4a91-bc92-c9d718a6d0f7:g2,5,51,40,124,558,220,593,846,0,1,3,2,2026 Seattle PPA Challenger,2026-08-16,
0e89b1b0-6a14-4d32-af14-1196b3041ae7:g1,7,250,430,530,517,592,594,847,0,1,3,1,2026 Seattle PPA Challenger,2026-08-16,
0e89b1b0-6a14-4d32-af14-1196b3041ae7:g2,9,250,430,530,517,592,594,847,0,1,3,2,2026 Seattle PPA Challenger,2026-08-16,
1768cc02-9ffc-4a72-8d04-a8858b487fb2:g1,8,516,444,556,451,595,596,848,0,1,3,1,2026 Seattle PPA Challenger,2026-08-16,
1768cc02-9ffc-4a72-8d04-a8858b487fb2:g2,2,516,444,556,451,595,596,848,0,1,3,2,2026 Seattle PPA Challenger,2026-08-16,
17e748ec-a4d2-4329-99e1-37d879e61b8d:g1,11,628,37,543,663,597,598,849,0,1,3,1,2026 Seattle PPA Challenger,2026-08-16,
17e748ec-a4d2-4329-99e1-37d879e61b8d:g2,10,628,37,543,663,597,598,849,0,1,3,2,2026 Seattle PPA Challenger,2026-08-16,
20dbe8a8-8292-40f4-ba72-1233112f01ea:g1,-6,302,624,606,396,599,600,850,0,1,3,1,2026 Seattle PPA Challenger,2026-08-16,
20dbe8a8-8292-40f4-ba72-1233112f01ea:g2,9,302,624,606,396,599,600,850,0,1,3,2,2026 Seattle PPA Challenger,2026-08-16,
20dbe8a8-8292-40f4-ba72-1233112f01ea:g3,2,302,624,606,396,599,600,850,0,1,3,3,2026 Seattle PPA Challenger,2026-08-16,
22de3cd6-525c-4b6f-8bc2-931d4f066369:g1,6,429,572,593,567,601,602,851,0,1,3,1,2026 Seattle PPA Challenger,2026-08-16,
22de3cd6-525c-4b6f-8bc2-931d4f066369:g2,4,429,572,593,567,601,602,851,0,1,3,2,2026 Seattle PPA Challenger,2026-08-16,
2a75bc5f-3ee0-4398-b263-74d5f3c9968c:g1,7,580,620,521,664,603,604,852,0,1,3,1,2026 Seattle PPA Challenger,2026-08-16,
2a75bc5f-3ee0-4398-b263-74d5f3c9968c:g2,2,580,620,521,664,603,604,852,0,1,3,2,2026 Seattle PPA Challenger,2026-08-16,
3263b833-75f0-4d0d-a482-e70e6a59da51:g1,3,374,410,566,411,605,606,853,0,1,3,1,2026 Seattle PPA Challenger,2026-08-16,
3263b833-75f0-4d0d-a482-e70e6a59da51:g2,3,374,410,566,411,605,606,853,0,1,3,2,2026 Seattle PPA Challenger,2026-08-16,
333472ef-4366-45c7-b0cc-049eb387a735:g1,-9,536,446,415,397,607,608,854,0,1,3,1,2026 Seattle PPA Challenger,2026-08-16,
333472ef-4366-45c7-b0cc-049eb387a735:g2,-9,536,446,415,397,607,608,854,0,1,3,2,2026 Seattle PPA Challenger,2026-08-16,
35332005-c69c-4caa-a73e-63addc0dc1f0:g1,9,587,222,565,574,609,610,855,0,1,3,1,2026 Seattle PPA Challenger,2026-08-16,
35332005-c69c-4caa-a73e-63addc0dc1f0:g2,7,587,222,565,574,609,610,855,0,1,3,2,2026 Seattle PPA Challenger,2026-08-16,
380a7fff-264f-4a35-82ac-f18516ead041:g1,11,606,396,391,202,600,611,856,0,1,3,1,2026 Seattle PPA Challenger,2026-08-16,
380a7fff-264f-4a35-82ac-f18516ead041:g2,9,606,396,391,202,600,611,856,0,1,3,2,2026 Seattle PPA Challenger,2026-08-16,
385519d2-8dae-40cb-af7b-431df24592a9:g1,10,51,40,394,78,220,612,857,0,1,3,1,2026 Seattle PPA Challenger,2026-08-16,
385519d2-8dae-40cb-af7b-431df24592a9:g2,8,51,40,394,78,220,612,857,0,1,3,2,2026 Seattle PPA Challenger,2026-08-16,
43523b12-5114-4b70-80bd-c4f27bdc4f53:g1,8,250,430,302,624,592,599,858,0,1,3,1,2026 Seattle PPA Challenger,2026-08-16,
43523b12-5114-4b70-80bd-c4f27bdc4f53:g2,2,250,430,302,624,592,599,858,0,1,3,2,2026 Seattle PPA Challenger,2026-08-16,
476b9a03-c6b4-4681-aad3-723505315f8a:g1,7,530,517,665,424,594,613,859,0,1,3,1,2026 Seattle PPA Challenger,2026-08-16,
476b9a03-c6b4-4681-aad3-723505315f8a:g2,3,530,517,665,424,594,613,859,0,1,3,2,2026 Seattle PPA Challenger,2026-08-16,
47ae80c7-c946-4cc3-88e8-1923093728eb:g1,-7,50,393,402,551,590,614,860,0,1,3,1,2026 Seattle PPA Challenger,2026-08-16,
47ae80c7-c946-4cc3-88e8-1923093728eb:g2,11,50,393,402,551,590,614,860,0,1,3,2,2026 Seattle PPA Challenger,2026-08-16,
47ae80c7-c946-4cc3-88e8-1923093728eb:g3,6,50,393,402,551,590,614,860,0,1,3,3,2026 Seattle PPA Challenger,2026-08-16,
48812f04-146b-4ab3-88e7-23ca28cad83e:g1,5,250,430,433,223,592,615,861,0,1,3,1,2026 Seattle PPA Challenger,2026-08-16,
48812f04-146b-4ab3-88e7-23ca28cad83e:g2,-5,250,430,433,223,592,615,861,0,1,3,2,2026 Seattle PPA Challenger,2026-08-16,
48812f04-146b-4ab3-88e7-23ca28cad83e:g3,9,250,430,433,223,592,615,861,0,1,3,3,2026 Seattle PPA Challenger,2026-08-16,
48bf727a-0105-436a-88be-8d60b3742034:g1,4,124,558,79,59,593,616,862,0,1,3,1,2026 Seattle PPA Challenger,2026-08-16,
48bf727a-0105-436a-88be-8d60b3742034:g2,-5,124,558,79,59,593,616,862,0,1,3,2,2026 Seattle PPA Challenger,2026-08-16,
48bf727a-0105-436a-88be-8d60b3742034:g3,4,124,558,79,59,593,616,862,0,1,3,3,2026 Seattle PPA Challenger,2026-08-16,
4d4333f1-931d-4c19-a492-ace608c2c52c:g1,-5,374,410,515,535,605,617,863,0,1,3,1,2026 Seattle PPA Challenger,2026-08-16,
4d4333f1-931d-4c19-a492-ace608c2c52c:g2,11,374,410,515,535,605,617,863,0,1,3,2,2026 Seattle PPA Challenger,2026-08-16,
4d4333f1-931d-4c19-a492-ace608c2c52c:g3,3,374,410,515,535,605,617,863,0,1,3,3,2026 Seattle PPA Challenger,2026-08-16,
4fea6d24-6073-4016-a800-406478ee3184:g1,9,636,666,576,584,618,619,864,0,1,3,1,2026 Seattle PPA Challenger,2026-08-16,
4fea6d24-6073-4016-a800-406478ee3184:g2,3,636,666,576,584,618,619,864,0,1,3,2,2026 Seattle PPA Challenger,2026-08-16,
564ebc3e-6126-4592-a5fe-2a22d7faa259:g1,2,516,444,390,88,595,586,865,0,1,3,1,2026 Seattle PPA Challenger,2026-08-16,
564ebc3e-6126-4592-a5fe-2a22d7faa259:g2,3,516,444,390,88,595,586,865,0,1,3,2,2026 Seattle PPA Challenger,2026-08-16,
5809a23a-fbb9-45bf-9cca-bf13c6703041:g1,-4,64,578,450,231,620,621,866,0,1,3,1,2026 Seattle PPA Challenger,2026-08-16,
5809a23a-fbb9-45bf-9cca-bf13c6703041:g2,-5,64,578,450,231,620,621,866,0,1,3,2,2026 Seattle PPA Challenger,2026-08-16,
5d503725-cad3-4778-8376-ae15525b642c:g1,8,628,37,415,397,597,608,867,0,1,3,1,2026 Seattle PPA Challenger,2026-08-16,
5d503725-cad3-4778-8376-ae15525b642c:g2,8,628,37,415,397,597,608,867,0,1,3,2,2026 Seattle PPA Challenger,2026-08-16,
6d99acde-eb37-4cc8-aa3f-e62859be4b34:g1,2,613,67,614,419,622,623,868,0,1,3,1,2026 Seattle PPA Challenger,2026-08-16,
6d99acde-eb37-4cc8-aa3f-e62859be4b34:g2,7,613,67,614,419,622,623,868,0,1,3,2,2026 Seattle PPA Challenger,2026-08-16,
714d8c44-a74f-4107-916a-e151911c1d40:g1,5,374,410,554,564,605,624,869,0,1,3,1,2026 Seattle PPA Challenger,2026-08-16,
714d8c44-a74f-4107-916a-e151911c1d40:g2,-9,374,410,554,564,605,624,869,0,1,3,2,2026 Seattle PPA Challenger,2026-08-16,
714d8c44-a74f-4107-916a-e151911c1d40:g3,7,374,410,554,564,605,624,869,0,1,3,3,2026 Seattle PPA Challenger,2026-08-16,
72c440fb-9291-4b11-b34b-2ad7b8a1701e:g1,9,617,144,77,600,625,626,870,0,1,3,1,2026 Seattle PPA Challenger,2026-08-16,
72c440fb-9291-4b11-b34b-2ad7b8a1701e:g2,5,617,144,77,600,625,626,870,0,1,3,2,2026 Seattle PPA Challenger,2026-08-16,
734e2144-fd74-4aa7-8e20-1cfbdc5482ab:g1,3,587,222,628,37,609,597,871,0,1,3,1,2026 Seattle PPA Challenger,2026-08-16,
734e2144-fd74-4aa7-8e20-1cfbdc5482ab:g2,-4,587,222,628,37,609,597,871,0,1,3,2,2026 Seattle PPA Challenger,2026-08-16,
734e2144-fd74-4aa7-8e20-1cfbdc5482ab:g3,-9,587,222,628,37,609,597,871,0,1,3,3,2026 Seattle PPA Challenger,2026-08-16,
74a07580-9bed-4c40-b751-e2efa0710307:g1,11,233,137,526,639,627,628,872,0,1,3,1,2026 Seattle PPA Challenger,2026-08-16,
74a07580-9bed-4c40-b751-e2efa0710307:g2,9,233,137,526,639,627,628,872,0,1,3,2,2026 Seattle PPA Challenger,2026-08-16,
750bbaf5-7bcb-460a-99c0-950f9f43e29e:g1,7,525,544,628,37,588,597,873,0,1,3,1,2026 Seattle PPA Challenger,2026-08-16,
750bbaf5-7bcb-460a-99c0-950f9f43e29e:g2,5,525,544,628,37,588,597,873,0,1,3,2,2026 Seattle PPA Challenger,2026-08-16,
758df934-86f8-4819-b348-d07d5404a392:g1,7,302,624,514,552,599,629,874,0,1,3,1,2026 Seattle PPA Challenger,2026-08-16,
758df934-86f8-4819-b348-d07d5404a392:g2,5,302,624,514,552,599,629,874,0,1,3,2,2026 Seattle PPA Challenger,2026-08-16,
784d598d-f12a-4296-b28a-507c7d80298f:g1,-6,433,223,617,144,615,625,875,0,1,3,1,2026 Seattle PPA Challenger,2026-08-16,
784d598d-f12a-4296-b28a-507c7d80298f:g2,-2,433,223,617,144,615,625,875,0,1,3,2,2026 Seattle PPA Challenger,2026-08-16,
7fa64770-6009-464c-b728-4e8365d6bf7a:g1,-5,633,36,591,557,630,631,876,0,1,3,1,2026 Seattle PPA Challenger,2026-08-16,
7fa64770-6009-464c-b728-4e8365d6bf7a:g2,9,633,36,591,557,630,631,876,0,1,3,2,2026 Seattle PPA Challenger,2026-08-16,
7fa64770-6009-464c-b728-4e8365d6bf7a:g3,2,633,36,591,557,630,631,876,0,1,3,3,2026 Seattle PPA Challenger,2026-08-16,
862576ac-d115-40c9-9f14-d9d9b48e3605:g1,9,450,231,589,631,621,632,877,0,1,3,1,2026 Seattle PPA Challenger,2026-08-16,
862576ac-d115-40c9-9f14-d9d9b48e3605:g2,2,450,231,589,631,621,632,877,0,1,3,2,2026 Seattle PPA Challenger,2026-08-16,
89cc21f4-e352-4f91-ab34-6cd9870d535f:g1,7,50,393,450,231,590,621,878,0,1,3,1,2026 Seattle PPA Challenger,2026-08-16,
89cc21f4-e352-4f91-ab34-6cd9870d535f:g2,6,50,393,450,231,590,621,878,0,1,3,2,2026 Seattle PPA Challenger,2026-08-16,
8a42ab4c-6156-4286-abc0-77ba65b851c0:g1,5,566,411,618,531,606,633,879,0,1,3,1,2026 Seattle PPA Challenger,2026-08-16,
8a42ab4c-6156-4286-abc0-77ba65b851c0:g2,10,566,411,618,531,606,633,879,0,1,3,2,2026 Seattle PPA Challenger,2026-08-16,
8acf6aa0-9468-40ae-bdaa-7de6b552b476:g1,-8,124,558,20,138,593,634,880,0,1,3,1,2026 Seattle PPA Challenger,2026-08-16,
8acf6aa0-9468-40ae-bdaa-7de6b552b476:g2,6,124,558,20,138,593,634,880,0,1,3,2,2026 Seattle PPA Challenger,2026-08-16,
8acf6aa0-9468-40ae-bdaa-7de6b552b476:g3,4,124,558,20,138,593,634,880,0,1,3,3,2026 Seattle PPA Challenger,2026-08-16,
8b540aec-8a0c-4de4-9cfa-e5ffc48a32c4:g1,7,538,630,543,663,635,598,881,0,1,3,1,2026 Seattle PPA Challenger,2026-08-16,
8b540aec-8a0c-4de4-9cfa-e5ffc48a32c4:g2,-7,538,630,543,663,635,598,881,0,1,3,2,2026 Seattle PPA Challenger,2026-08-16,
8b540aec-8a0c-4de4-9cfa-e5ffc48a32c4:g3,-7,538,630,543,663,635,598,881,0,1,3,3,2026 Seattle PPA Challenger,2026-08-16,
8ef0ea8c-5a9a-4d94-af98-033cb3d1f1ef:g1,10,250,430,374,410,592,605,882,0,1,3,1,2026 Seattle PPA Challenger,2026-08-16,
8ef0ea8c-5a9a-4d94-af98-033cb3d1f1ef:g2,4,250,430,374,410,592,605,882,0,1,3,2,2026 Seattle PPA Challenger,2026-08-16,
90057497-67f2-479e-bf8c-17b1d041ae9a:g1,4,79,59,405,472,616,636,883,0,1,3,1,2026 Seattle PPA Challenger,2026-08-16,
90057497-67f2-479e-bf8c-17b1d041ae9a:g2,6,79,59,405,472,616,636,883,0,1,3,2,2026 Seattle PPA Challenger,2026-08-16,
90121414-7965-466b-971f-abf1908b7a66:g1,7,51,40,519,563,220,637,884,0,1,3,1,2026 Seattle PPA Challenger,2026-08-16,
90121414-7965-466b-971f-abf1908b7a66:g2,3,51,40,519,563,220,637,884,0,1,3,2,2026 Seattle PPA Challenger,2026-08-16,
91c56f73-69c9-4c73-854c-57026799ae91:g1,7,197,534,667,626,638,639,885,0,1,3,1,2026 Seattle PPA Challenger,2026-08-16,
91c56f73-69c9-4c73-854c-57026799ae91:g2,10,197,534,667,626,638,639,885,0,1,3,2,2026 Seattle PPA Challenger,2026-08-16,
92267720-7a8d-430e-a2fc-b8961d4f7296:g1,11,617,144,569,537,625,640,886,0,1,3,1,2026 Seattle PPA Challenger,2026-08-16,
92267720-7a8d-430e-a2fc-b8961d4f7296:g2,7,617,144,569,537,625,640,886,0,1,3,2,2026 Seattle PPA Challenger,2026-08-16,
92d265e9-3392-46a4-b3a1-b9476ac6abde:g1,4,51,40,633,36,220,630,887,0,1,3,1,2026 Seattle PPA Challenger,2026-08-16,
92d265e9-3392-46a4-b3a1-b9476ac6abde:g2,5,51,40,633,36,220,630,887,0,1,3,2,2026 Seattle PPA Challenger,2026-08-16,
9b7b234e-2969-4b49-b156-b929df19eaa2:g1,-6,566,430,50,578,506,518,888,2,1,3,1,2026 Seattle PPA Challenger,2026-08-16,Bronze
9b7b234e-2969-4b49-b156-b929df19eaa2:g2,2,566,430,50,578,506,518,888,2,1,3,2,2026 Seattle PPA Challenger,2026-08-16,Bronze
9b7b234e-2969-4b49-b156-b929df19eaa2:g3,-3,566,430,50,578,506,518,888,2,1,3,3,2026 Seattle PPA Challenger,2026-08-16,Bronze
a5c19a8c-294f-4066-a5fa-a4207e325317:g1,6,515,535,522,527,617,641,889,0,1,3,1,2026 Seattle PPA Challenger,2026-08-16,
a5c19a8c-294f-4066-a5fa-a4207e325317:g2,7,515,535,522,527,617,641,889,0,1,3,2,2026 Seattle PPA Challenger,2026-08-16,
a74f3b76-2aa0-41f5-a418-68b1349038c5:g1,6,402,551,592,533,614,642,890,0,1,3,1,2026 Seattle PPA Challenger,2026-08-16,
a74f3b76-2aa0-41f5-a418-68b1349038c5:g2,9,402,551,592,533,614,642,890,0,1,3,2,2026 Seattle PPA Challenger,2026-08-16,
a9dc3684-a2b5-402e-a7db-ad8a54ebf95f:g1,-3,588,575,610,641,643,591,891,0,1,3,1,2026 Seattle PPA Challenger,2026-08-16,
a9dc3684-a2b5-402e-a7db-ad8a54ebf95f:g2,-5,588,575,610,641,643,591,891,0,1,3,2,2026 Seattle PPA Challenger,2026-08-16,
aab37f2e-e19f-40e1-b03f-eb665c8073e0:g1,2,617,144,51,40,625,220,892,0,1,3,1,2026 Seattle PPA Challenger,2026-08-16,
aab37f2e-e19f-40e1-b03f-eb665c8073e0:g2,-6,617,144,51,40,625,220,892,0,1,3,2,2026 Seattle PPA Challenger,2026-08-16,
aab37f2e-e19f-40e1-b03f-eb665c8073e0:g3,11,617,144,51,40,625,220,892,0,1,3,3,2026 Seattle PPA Challenger,2026-08-16,
aac605bc-dbe7-418b-a19e-8a379e22f23a:g1,3,525,544,617,144,588,625,893,0,1,3,1,2026 Seattle PPA Challenger,2026-08-16,
aac605bc-dbe7-418b-a19e-8a379e22f23a:g2,-2,525,544,617,144,588,625,893,0,1,3,2,2026 Seattle PPA Challenger,2026-08-16,
aac605bc-dbe7-418b-a19e-8a379e22f23a:g3,-3,525,544,617,144,588,625,893,0,1,3,3,2026 Seattle PPA Challenger,2026-08-16,
b0507ad3-ee9d-4edb-ab25-1f2dae6bd079:g1,2,51,40,250,430,220,592,894,0,1,3,1,2026 Seattle PPA Challenger,2026-08-16,
b0507ad3-ee9d-4edb-ab25-1f2dae6bd079:g2,2,51,40,250,430,220,592,894,0,1,3,2,2026 Seattle PPA Challenger,2026-08-16,
b4c540c7-4b15-42cd-ade2-8e4a248b84c4:g1,3,433,223,109,627,615,644,895,0,1,3,1,2026 Seattle PPA Challenger,2026-08-16,
b4c540c7-4b15-42cd-ade2-8e4a248b84c4:g2,5,433,223,109,627,615,644,895,0,1,3,2,2026 Seattle PPA Challenger,2026-08-16,
b69474a9-c4c7-4eae-aabf-3d16751082d2:g1,9,124,558,580,620,593,603,896,0,1,3,1,2026 Seattle PPA Challenger,2026-08-16,
b69474a9-c4c7-4eae-aabf-3d16751082d2:g2,8,124,558,580,620,593,603,896,0,1,3,2,2026 Seattle PPA Challenger,2026-08-16,
b9ee0cb9-cb3e-4ba5-af81-9797bd731786:g1,-7,469,548,526,639,645,628,897,0,1,3,1,2026 Seattle PPA Challenger,2026-08-16,
b9ee0cb9-cb3e-4ba5-af81-9797bd731786:g2,-5,469,548,526,639,645,628,897,0,1,3,2,2026 Seattle PPA Challenger,2026-08-16,
c32d6290-7f3f-4d63-b546-d890e868dc39:g1,3,96,559,452,597,646,647,898,0,1,3,1,2026 Seattle PPA Challenger,2026-08-16,
c32d6290-7f3f-4d63-b546-d890e868dc39:g2,8,96,559,452,597,646,647,898,0,1,3,2,2026 Seattle PPA Challenger,2026-08-16,
c918eaa5-6375-41c1-94f6-966419f354a5:g1,-4,633,389,627,628,555,551,899,1,1,3,1,2026 Seattle PPA Challenger,2026-08-16,
c918eaa5-6375-41c1-94f6-966419f354a5:g2,-2,633,389,627,628,555,551,899,1,1,3,2,2026 Seattle PPA Challenger,2026-08-16,
d19419bf-cd3f-4326-916c-cf03c6ba71cf:g1,8,668,539,669,670,648,649,900,0,1,3,1,2026 Seattle PPA Challenger,2026-08-16,
d19419bf-cd3f-4326-916c-cf03c6ba71cf:g2,8,668,539,669,670,648,649,900,0,1,3,2,2026 Seattle PPA Challenger,2026-08-16,
d1b98831-ba6a-468b-9155-75f9fb000e64:g1,8,566,411,96,559,606,646,901,0,1,3,1,2026 Seattle PPA Challenger,2026-08-16,
d1b98831-ba6a-468b-9155-75f9fb000e64:g2,6,566,411,96,559,606,646,901,0,1,3,2,2026 Seattle PPA Challenger,2026-08-16,
d32ba985-3931-4a0f-a964-f435f1f4c974:g1,4,20,138,197,534,634,638,902,0,1,3,1,2026 Seattle PPA Challenger,2026-08-16,
d32ba985-3931-4a0f-a964-f435f1f4c974:g2,9,20,138,197,534,634,638,902,0,1,3,2,2026 Seattle PPA Challenger,2026-08-16,
d35aa439-bb60-464e-91bc-99782a46ead6:g1,4,77,600,585,219,626,650,903,0,1,3,1,2026 Seattle PPA Challenger,2026-08-16,
d35aa439-bb60-464e-91bc-99782a46ead6:g2,8,77,600,585,219,626,650,903,0,1,3,2,2026 Seattle PPA Challenger,2026-08-16,
de3c628c-77dc-47f7-9e9e-9f39a815974f:g1,-4,50,393,617,144,590,625,904,0,1,3,1,2026 Seattle PPA Challenger,2026-08-16,
de3c628c-77dc-47f7-9e9e-9f39a815974f:g2,3,50,393,617,144,590,625,904,0,1,3,2,2026 Seattle PPA Challenger,2026-08-16,
de3c628c-77dc-47f7-9e9e-9f39a815974f:g3,-9,50,393,617,144,590,625,904,0,1,3,3,2026 Seattle PPA Challenger,2026-08-16,
e0910147-dd90-47f7-8cac-a120f17b978a:g1,-2,233,137,587,222,627,609,905,0,1,3,1,2026 Seattle PPA Challenger,2026-08-16,
e0910147-dd90-47f7-8cac-a120f17b978a:g2,-2,233,137,587,222,627,609,905,0,1,3,2,2026 Seattle PPA Challenger,2026-08-16,
e4d97cb3-c4b8-4d99-bd6c-cd7853cf06e9:g1,9,519,563,583,577,637,651,906,0,1,3,1,2026 Seattle PPA Challenger,2026-08-16,
e4d97cb3-c4b8-4d99-bd6c-cd7853cf06e9:g2,9,519,563,583,577,637,651,906,0,1,3,2,2026 Seattle PPA Challenger,2026-08-16,
e6a65333-9714-4d2d-90cd-f002a328f68f:g1,6,633,36,613,67,630,622,907,0,1,3,1,2026 Seattle PPA Challenger,2026-08-16,
e6a65333-9714-4d2d-90cd-f002a328f68f:g2,7,633,36,613,67,630,622,907,0,1,3,2,2026 Seattle PPA Challenger,2026-08-16,
e73c56e5-58ab-4d51-b511-b3d97feac5c3:g1,6,433,223,636,666,615,618,908,0,1,3,1,2026 Seattle PPA Challenger,2026-08-16,
e73c56e5-58ab-4d51-b511-b3d97feac5c3:g2,5,433,223,636,666,615,618,908,0,1,3,2,2026 Seattle PPA Challenger,2026-08-16,
e824914f-49eb-4c00-90cb-16d958b5c07f:g1,3,20,138,429,572,634,601,909,0,1,3,1,2026 Seattle PPA Challenger,2026-08-16,
e824914f-49eb-4c00-90cb-16d958b5c07f:g2,8,20,138,429,572,634,601,909,0,1,3,2,2026 Seattle PPA Challenger,2026-08-16,
e83e7f20-4d6f-4c70-a390-24a5988f2a93:g1,-11,562,520,394,78,652,612,910,0,1,3,1,2026 Seattle PPA Challenger,2026-08-16,
e83e7f20-4d6f-4c70-a390-24a5988f2a93:g2,-9,562,520,394,78,652,612,910,0,1,3,2,2026 Seattle PPA Challenger,2026-08-16,
ecdfbec7-697e-4ff5-970b-f14b1863066c:g1,5,554,564,468,171,624,653,911,0,1,3,1,2026 Seattle PPA Challenger,2026-08-16,
ecdfbec7-697e-4ff5-970b-f14b1863066c:g2,8,554,564,468,171,624,653,911,0,1,3,2,2026 Seattle PPA Challenger,2026-08-16,
ef556a08-74d2-46e6-a052-0df4392e9f6d:g1,2,109,627,608,122,644,654,912,0,1,3,1,2026 Seattle PPA Challenger,2026-08-16,
ef556a08-74d2-46e6-a052-0df4392e9f6d:g2,4,109,627,608,122,644,654,912,0,1,3,2,2026 Seattle PPA Challenger,2026-08-16,
f502b8ff-5b3d-4bfd-a0a6-a41b04128829:g1,9,525,544,668,539,588,648,913,0,1,3,1,2026 Seattle PPA Challenger,2026-08-16,
f502b8ff-5b3d-4bfd-a0a6-a41b04128829:g2,11,525,544,668,539,588,648,913,0,1,3,2,2026 Seattle PPA Challenger,2026-08-16,
f5a8b8e5-4a88-4915-a98a-31030804253f:g1,2,525,544,516,444,588,595,914,0,1,3,1,2026 Seattle PPA Challenger,2026-08-16,
f5a8b8e5-4a88-4915-a98a-31030804253f:g2,6,525,544,516,444,588,595,914,0,1,3,2,2026 Seattle PPA Challenger,2026-08-16,
fb9b4b66-d12a-4cca-a0f5-73cbac35956a:g1,6,233,40,393,617,513,543,915,1,1,3,1,2026 Seattle PPA Challenger,2026-08-16,
fb9b4b66-d12a-4cca-a0f5-73cbac35956a:g2,5,233,40,393,617,513,543,915,1,1,3,2,2026 Seattle PPA Challenger,2026-08-16,
fbfa1864-0a40-475a-bdd7-f1eba5728c24:g1,11,63,518,53,601,589,655,916,0,1,3,1,2026 Seattle PPA Challenger,2026-08-16,
fbfa1864-0a40-475a-bdd7-f1eba5728c24:g2,-5,63,518,53,601,589,655,916,0,1,3,2,2026 Seattle PPA Challenger,2026-08-16,
fbfa1864-0a40-475a-bdd7-f1eba5728c24:g3,11,63,518,53,601,589,655,916,0,1,3,3,2026 Seattle PPA Challenger,2026-08-16,
ffedd465-ab8e-4dd6-ab40-14912d03f6cd:g1,6,64,578,616,568,620,656,917,0,1,3,1,2026 Seattle PPA Challenger,2026-08-16,
ffedd465-ab8e-4dd6-ab40-14912d03f6cd:g2,5,64,578,616,568,620,656,917,0,1,3,2,2026 Seattle PPA Challenger,2026-08-16,
0a8e1484-a8f7-4c97-8676-a267b6a8ea15:g1,-2,647,510,655,671,657,658,918,0,1,3,1,PPA125 - GOLD COAST,2026-08-16,PRO MIXED DOUBLES MAIN DRAW — Quarter Finals
0a8e1484-a8f7-4c97-8676-a267b6a8ea15:g2,3,647,510,655,671,657,658,918,0,1,3,2,PPA125 - GOLD COAST,2026-08-16,PRO MIXED DOUBLES MAIN DRAW — Quarter Finals
0a8e1484-a8f7-4c97-8676-a267b6a8ea15:g3,8,647,510,655,671,657,658,918,0,1,3,3,PPA125 - GOLD COAST,2026-08-16,PRO MIXED DOUBLES MAIN DRAW — Quarter Finals
0dff48c9-7a90-4ab6-aaeb-0198b5c87b01:g1,4,646,13,651,662,571,583,919,0,1,3,1,PPA125 - GOLD COAST,2026-08-16,PRO MIXED DOUBLES MAIN DRAW — Quarter Finals
0dff48c9-7a90-4ab6-aaeb-0198b5c87b01:g2,-3,646,13,651,662,571,583,919,0,1,3,2,PPA125 - GOLD COAST,2026-08-16,PRO MIXED DOUBLES MAIN DRAW — Quarter Finals
0dff48c9-7a90-4ab6-aaeb-0198b5c87b01:g3,6,646,13,651,662,571,583,919,0,1,3,3,PPA125 - GOLD COAST,2026-08-16,PRO MIXED DOUBLES MAIN DRAW — Quarter Finals
3518de51-6457-43dc-8b0f-c5594205608e:g1,6,12,509,672,501,659,660,920,0,1,3,1,PPA125 - GOLD COAST,2026-08-16,PRO MIXED DOUBLES MAIN DRAW — Round 16
3518de51-6457-43dc-8b0f-c5594205608e:g2,11,12,509,672,501,659,660,920,0,1,3,2,PPA125 - GOLD COAST,2026-08-16,PRO MIXED DOUBLES MAIN DRAW — Round 16
798f2fd0-85ba-4cb1-81b5-cf77b2264e2c:g1,7,647,510,650,505,657,661,921,0,1,3,1,PPA125 - GOLD COAST,2026-08-16,PRO MIXED DOUBLES MAIN DRAW — Bronze
798f2fd0-85ba-4cb1-81b5-cf77b2264e2c:g2,-3,647,510,650,505,657,661,921,0,1,3,2,PPA125 - GOLD COAST,2026-08-16,PRO MIXED DOUBLES MAIN DRAW — Bronze
798f2fd0-85ba-4cb1-81b5-cf77b2264e2c:g3,2,647,510,650,505,657,661,921,0,1,3,3,PPA125 - GOLD COAST,2026-08-16,PRO MIXED DOUBLES MAIN DRAW — Bronze
87319c76-c61b-4c42-9821-d3ba0756d473:g1,-8,506,644,650,505,564,661,922,0,1,3,1,PPA125 - GOLD COAST,2026-08-16,PRO MIXED DOUBLES MAIN DRAW — Quarter Finals
87319c76-c61b-4c42-9821-d3ba0756d473:g2,-4,506,644,650,505,564,661,922,0,1,3,2,PPA125 - GOLD COAST,2026-08-16,PRO MIXED DOUBLES MAIN DRAW — Quarter Finals
8e049504-2b96-4b3f-9217-557edcffc9c3:g1,9,655,671,502,654,658,578,923,0,1,3,1,PPA125 - GOLD COAST,2026-08-16,PRO MIXED DOUBLES MAIN DRAW — Round 16
8e049504-2b96-4b3f-9217-557edcffc9c3:g2,8,655,671,502,654,658,578,923,0,1,3,2,PPA125 - GOLD COAST,2026-08-16,PRO MIXED DOUBLES MAIN DRAW — Round 16
bb555334-e544-45c3-90d1-26e627e7fa19:g1,11,12,509,499,494,659,569,924,0,1,3,1,PPA125 - GOLD COAST,2026-08-16,PRO MIXED DOUBLES MAIN DRAW — Quarter Finals
bb555334-e544-45c3-90d1-26e627e7fa19:g2,8,12,509,499,494,659,569,924,0,1,3,2,PPA125 - GOLD COAST,2026-08-16,PRO MIXED DOUBLES MAIN DRAW — Quarter Finals
c65a1c3d-6bac-4db6-b7b7-2e52a595f734:g1,7,12,509,650,505,659,661,925,0,1,3,1,PPA125 - GOLD COAST,2026-08-16,PRO MIXED DOUBLES MAIN DRAW — Semi-Finals
c65a1c3d-6bac-4db6-b7b7-2e52a595f734:g2,-2,12,509,650,505,659,661,925,0,1,3,2,PPA125 - GOLD COAST,2026-08-16,PRO MIXED DOUBLES MAIN DRAW — Semi-Finals
c65a1c3d-6bac-4db6-b7b7-2e52a595f734:g3,2,12,509,650,505,659,661,925,0,1,3,3,PPA125 - GOLD COAST,2026-08-16,PRO MIXED DOUBLES MAIN DRAW — Semi-Finals
d4b00914-99cb-47d3-a1ba-90bfa5e025db:g1,-2,646,13,12,509,571,659,926,0,1,3,1,PPA125 - GOLD COAST,2026-08-16,PRO MIXED DOUBLES MAIN DRAW — Finals
d4b00914-99cb-47d3-a1ba-90bfa5e025db:g2,2,646,13,12,509,571,659,926,0,1,3,2,PPA125 - GOLD COAST,2026-08-16,PRO MIXED DOUBLES MAIN DRAW — Finals
d4b00914-99cb-47d3-a1ba-90bfa5e025db:g3,3,646,13,12,509,571,659,926,0,1,3,3,PPA125 - GOLD COAST,2026-08-16,PRO MIXED DOUBLES MAIN DRAW — Finals
d6dbb005-b2a0-44d1-ab6b-5aa6a89c8c81:g1,2,647,510,486,643,657,563,927,0,1,3,1,PPA125 - GOLD COAST,2026-08-16,PRO MIXED DOUBLES MAIN DRAW — Round 16
d6dbb005-b2a0-44d1-ab6b-5aa6a89c8c81:g2,3,647,510,486,643,657,563,927,0,1,3,2,PPA125 - GOLD COAST,2026-08-16,PRO MIXED DOUBLES MAIN DRAW — Round 16
f5e4427e-fadb-4b26-9072-a9bd4966bce7:g1,4,646,13,647,510,571,657,928,0,1,3,1,PPA125 - GOLD COAST,2026-08-16,PRO MIXED DOUBLES MAIN DRAW — Semi-Finals
f5e4427e-fadb-4b26-9072-a9bd4966bce7:g2,8,646,13,647,510,571,657,928,0,1,3,2,PPA125 - GOLD COAST,2026-08-16,PRO MIXED DOUBLES MAIN DRAW — Semi-Finals
0555c8d2-68bf-4f0e-8bc3-6ff57f5a4ec5:g1,6,22,9,259,248,18,450,929,2,0,1,1,Toray MLP Playoffs Newport Beach,2026-08-16,RR
15d79aaf-cfe4-471b-bade-0352e5b84acf:g1,-6,32,49,29,31,311,30,930,0,0,1,1,Toray MLP Playoffs Newport Beach,2026-08-16,RR
2a785be1-b359-4209-a072-6c044716b263:g1,3,9,10,248,262,6,301,931,0,0,1,1,Toray MLP Playoffs Newport Beach,2026-08-16,RR
525620e7-82fa-4d4e-96e1-f95e24aef9e9:g1,5,32,33,28,29,31,28,932,2,0,1,1,Toray MLP Playoffs Newport Beach,2026-08-16,RR
6cb33668-0e73-440a-a577-cf4141846b7b:g1,9,2,386,372,377,325,447,933,1,0,1,1,Toray MLP Playoffs Newport Beach,2026-08-16,RR
8c6ac76d-e3b6-41dd-b2a5-39a490945b50:g1,-5,33,48,43,38,48,38,934,0,0,1,1,Toray MLP Playoffs Newport Beach,2026-08-16,RR
914ade3f-4370-4dfd-a1ff-37065f2823b8:g1,8,369,2,371,372,316,309,935,0,0,1,1,Toray MLP Playoffs Newport Beach,2026-08-16,RR
97a0f97b-5fd6-453f-8507-1156cc4c42eb:g1,-2,22,15,259,253,24,219,936,0,0,1,1,Toray MLP Playoffs Newport Beach,2026-08-16,RR
9c9f4682-2f7b-4903-837e-241cfaa42d3a:g1,-2,368,385,380,377,323,329,937,0,0,1,1,Toray MLP Playoffs Newport Beach,2026-08-16,RR
9cfda7f7-2f3a-4cbc-b30d-162e93faeb1d:g1,-7,15,10,253,262,12,223,938,1,0,1,1,Toray MLP Playoffs Newport Beach,2026-08-16,RR
aa1e4d2a-ba8b-4e25-9755-dc100b777a6e:g1,6,369,368,371,380,307,318,939,2,0,1,1,Toray MLP Playoffs Newport Beach,2026-08-16,RR
d9ff2724-0c6b-476f-876a-d8ce34421e60:g1,-9,48,41,31,38,45,34,940,1,0,1,1,Toray MLP Playoffs Newport Beach,2026-08-16,RR
fb6c1514-0bc9-49bf-92f1-7454160a9491:g1,2,33,48,43,38,48,38,941,0,0,1,1,Toray MLP Playoffs Newport Beach,2026-08-16,RR
4750c711-81b0-4bf1-9770-0a6070e0e373:g1,6,262,253,15,10,223,12,942,1,0,1,1,Toray MLP Playoffs Newport Beach,2026-08-17,RR
4dc7f8df-5dcc-4c41-827c-70b4187a5a1c:g1,-3,32,49,29,31,311,30,943,0,0,1,1,Toray MLP Playoffs Newport Beach,2026-08-17,RR
9c258e85-2ae4-4cfa-aea7-e3a4d62e040c:g1,6,248,259,22,9,450,18,944,2,0,1,1,Toray MLP Playoffs Newport Beach,2026-08-17,RR
9c4250b8-f4f7-4f99-99a8-908d398f5a28:g1,-5,259,253,22,15,219,24,945,0,0,1,1,Toray MLP Playoffs Newport Beach,2026-08-17,RR
e2cda58d-ba24-4ddf-b570-58f501d5a1c3:g1,3,248,262,9,10,301,6,946,0,0,1,1,Toray MLP Playoffs Newport Beach,2026-08-17,RR
24d5f2eb-4f56-48bb-8418-18b15b91862d:g1,7,673,40,674,515,662,663,947,1,1,3,1,PPA Canada Vancouver 250 - Junior 500 Presented by Luzz Pickleball,2026-08-22,Draw — Round 16
24d5f2eb-4f56-48bb-8418-18b15b91862d:g2,11,673,40,674,515,662,663,947,1,1,3,2,PPA Canada Vancouver 250 - Junior 500 Presented by Luzz Pickleball,2026-08-22,Draw — Round 16
2ba42884-6bf6-446a-9566-30c335bd1a9c:g1,10,675,676,677,678,664,665,948,1,1,3,1,PPA Canada Vancouver 250 - Junior 500 Presented by Luzz Pickleball,2026-08-22,Draw — Round 32
2ba42884-6bf6-446a-9566-30c335bd1a9c:g2,10,675,676,677,678,664,665,948,1,1,3,2,PPA Canada Vancouver 250 - Junior 500 Presented by Luzz Pickleball,2026-08-22,Draw — Round 32
4117a7c4-e806-4104-8a8c-a1f1842f08c0:g1,-6,391,446,679,451,546,666,949,1,1,3,1,PPA Canada Vancouver 250 - Junior 500 Presented by Luzz Pickleball,2026-08-22,Draw — Round 16
4117a7c4-e806-4104-8a8c-a1f1842f08c0:g2,-7,391,446,679,451,546,666,949,1,1,3,2,PPA Canada Vancouver 250 - Junior 500 Presented by Luzz Pickleball,2026-08-22,Draw — Round 16
419aeb29-d1f0-4f8c-bdf5-acef41c81c38:g1,4,146,680,675,676,667,664,950,1,1,3,1,PPA Canada Vancouver 250 - Junior 500 Presented by Luzz Pickleball,2026-08-22,Draw — Round 16
419aeb29-d1f0-4f8c-bdf5-acef41c81c38:g2,4,146,680,675,676,667,664,950,1,1,3,2,PPA Canada Vancouver 250 - Junior 500 Presented by Luzz Pickleball,2026-08-22,Draw — Round 16
419b4627-4f46-4e1a-8111-df90d14d0ac7:g1,3,20,572,681,682,668,669,951,1,1,3,1,PPA Canada Vancouver 250 - Junior 500 Presented by Luzz Pickleball,2026-08-22,Draw — Round 16
419b4627-4f46-4e1a-8111-df90d14d0ac7:g2,7,20,572,681,682,668,669,951,1,1,3,2,PPA Canada Vancouver 250 - Junior 500 Presented by Luzz Pickleball,2026-08-22,Draw — Round 16
46bbb4bc-5aed-4163-8ae4-cc25f35b364b:g1,5,517,562,683,684,670,671,952,1,1,3,1,PPA Canada Vancouver 250 - Junior 500 Presented by Luzz Pickleball,2026-08-22,Draw — Round 32
46bbb4bc-5aed-4163-8ae4-cc25f35b364b:g2,4,517,562,683,684,670,671,952,1,1,3,2,PPA Canada Vancouver 250 - Junior 500 Presented by Luzz Pickleball,2026-08-22,Draw — Round 32
5470d637-7014-4dfe-aad0-ee1c92f802ac:g1,6,606,223,613,614,537,541,953,1,1,3,1,PPA Canada Vancouver 250 - Junior 500 Presented by Luzz Pickleball,2026-08-22,Draw — Quarter Finals
5470d637-7014-4dfe-aad0-ee1c92f802ac:g2,5,606,223,613,614,537,541,953,1,1,3,2,PPA Canada Vancouver 250 - Junior 500 Presented by Luzz Pickleball,2026-08-22,Draw — Quarter Finals
582a381b-3ec0-463e-808c-722ac27ba6a4:g1,6,685,5,374,6,672,673,954,2,1,3,1,PPA Canada Vancouver 250 - Junior 500 Presented by Luzz Pickleball,2026-08-22,Draw — Finals
582a381b-3ec0-463e-808c-722ac27ba6a4:g2,-7,685,5,374,6,672,673,954,2,1,3,2,PPA Canada Vancouver 250 - Junior 500 Presented by Luzz Pickleball,2026-08-22,Draw — Finals
582a381b-3ec0-463e-808c-722ac27ba6a4:g3,-5,685,5,374,6,672,673,954,2,1,3,3,PPA Canada Vancouver 250 - Junior 500 Presented by Luzz Pickleball,2026-08-22,Draw — Finals
698bd0a6-2f0a-4a24-be38-e6b3575ee547:g1,7,374,6,686,687,673,674,955,2,1,3,1,PPA Canada Vancouver 250 - Junior 500 Presented by Luzz Pickleball,2026-08-22,Draw — Quarter Finals
698bd0a6-2f0a-4a24-be38-e6b3575ee547:g2,8,374,6,686,687,673,674,955,2,1,3,2,PPA Canada Vancouver 250 - Junior 500 Presented by Luzz Pickleball,2026-08-22,Draw — Quarter Finals
6cf3f5e5-7202-413d-8910-cf5a5ed99b07:g1,4,685,5,564,558,672,675,956,2,1,3,1,PPA Canada Vancouver 250 - Junior 500 Presented by Luzz Pickleball,2026-08-22,Draw — Semi-Finals
6cf3f5e5-7202-413d-8910-cf5a5ed99b07:g2,9,685,5,564,558,672,675,956,2,1,3,2,PPA Canada Vancouver 250 - Junior 500 Presented by Luzz Pickleball,2026-08-22,Draw — Semi-Finals
7b803d24-fe78-4ece-8728-ce2cd25c5e5d:g1,-3,606,223,373,627,537,676,957,1,1,3,1,PPA Canada Vancouver 250 - Junior 500 Presented by Luzz Pickleball,2026-08-22,Draw — Semi-Finals
7b803d24-fe78-4ece-8728-ce2cd25c5e5d:g2,3,606,223,373,627,537,676,957,1,1,3,2,PPA Canada Vancouver 250 - Junior 500 Presented by Luzz Pickleball,2026-08-22,Draw — Semi-Finals
7b803d24-fe78-4ece-8728-ce2cd25c5e5d:g3,2,606,223,373,627,537,676,957,1,1,3,3,PPA Canada Vancouver 250 - Junior 500 Presented by Luzz Pickleball,2026-08-22,Draw — Semi-Finals
7d32ba1e-1a2d-4c75-a967-da23b33e7620:g1,9,146,680,450,256,667,677,958,1,1,3,1,PPA Canada Vancouver 250 - Junior 500 Presented by Luzz Pickleball,2026-08-22,Draw — Quarter Finals
7d32ba1e-1a2d-4c75-a967-da23b33e7620:g2,-5,146,680,450,256,667,677,958,1,1,3,2,PPA Canada Vancouver 250 - Junior 500 Presented by Luzz Pickleball,2026-08-22,Draw — Quarter Finals
7d32ba1e-1a2d-4c75-a967-da23b33e7620:g3,-11,146,680,450,256,667,677,958,1,1,3,3,PPA Canada Vancouver 250 - Junior 500 Presented by Luzz Pickleball,2026-08-22,Draw — Quarter Finals
82863db3-bb12-4fb5-98b2-814d06e80d84:g1,7,373,627,20,572,676,668,959,1,1,3,1,PPA Canada Vancouver 250 - Junior 500 Presented by Luzz Pickleball,2026-08-22,Draw — Quarter Finals
82863db3-bb12-4fb5-98b2-814d06e80d84:g2,-10,373,627,20,572,676,668,959,1,1,3,2,PPA Canada Vancouver 250 - Junior 500 Presented by Luzz Pickleball,2026-08-22,Draw — Quarter Finals
82863db3-bb12-4fb5-98b2-814d06e80d84:g3,5,373,627,20,572,676,668,959,1,1,3,3,PPA Canada Vancouver 250 - Junior 500 Presented by Luzz Pickleball,2026-08-22,Draw — Quarter Finals
8762ce9c-9a36-4670-9d5d-d9a573db318e:g1,-4,629,669,688,689,678,679,960,1,1,3,1,PPA Canada Vancouver 250 - Junior 500 Presented by Luzz Pickleball,2026-08-22,Draw — Round 32
8762ce9c-9a36-4670-9d5d-d9a573db318e:g2,-4,629,669,688,689,678,679,960,1,1,3,2,PPA Canada Vancouver 250 - Junior 500 Presented by Luzz Pickleball,2026-08-22,Draw — Round 32
93e10f37-efa8-4113-9437-71c34c0d3a5f:g1,4,373,627,517,562,676,670,961,1,1,3,1,PPA Canada Vancouver 250 - Junior 500 Presented by Luzz Pickleball,2026-08-22,Draw — Round 16
93e10f37-efa8-4113-9437-71c34c0d3a5f:g2,5,373,627,517,562,676,670,961,1,1,3,2,PPA Canada Vancouver 250 - Junior 500 Presented by Luzz Pickleball,2026-08-22,Draw — Round 16
97247d7c-3abc-4670-a227-52ad4700f2bb:g1,7,88,396,690,535,680,681,962,2,1,3,1,PPA Canada Vancouver 250 - Junior 500 Presented by Luzz Pickleball,2026-08-22,Draw — Round 16
97247d7c-3abc-4670-a227-52ad4700f2bb:g2,11,88,396,690,535,680,681,962,2,1,3,2,PPA Canada Vancouver 250 - Junior 500 Presented by Luzz Pickleball,2026-08-22,Draw — Round 16
97b6a9d4-0b4b-4d3a-a5d4-38525afda4f8:g1,6,14,51,88,396,682,680,963,2,1,3,1,PPA Canada Vancouver 250 - Junior 500 Presented by Luzz Pickleball,2026-08-22,Draw — Quarter Finals
97b6a9d4-0b4b-4d3a-a5d4-38525afda4f8:g2,7,14,51,88,396,682,680,963,2,1,3,2,PPA Canada Vancouver 250 - Junior 500 Presented by Luzz Pickleball,2026-08-22,Draw — Quarter Finals
9edfc498-25f6-463a-91b0-51cbba9e29fc:g1,-2,14,51,374,6,682,673,964,2,1,3,1,PPA Canada Vancouver 250 - Junior 500 Presented by Luzz Pickleball,2026-08-22,Draw — Semi-Finals
9edfc498-25f6-463a-91b0-51cbba9e29fc:g2,-3,14,51,374,6,682,673,964,2,1,3,2,PPA Canada Vancouver 250 - Junior 500 Presented by Luzz Pickleball,2026-08-22,Draw — Semi-Finals
9f4fc800-6160-4583-a127-c65ffc7894f7:g1,-9,606,223,673,40,537,662,965,1,1,3,1,PPA Canada Vancouver 250 - Junior 500 Presented by Luzz Pickleball,2026-08-22,Draw — Finals
9f4fc800-6160-4583-a127-c65ffc7894f7:g2,6,606,223,673,40,537,662,965,1,1,3,2,PPA Canada Vancouver 250 - Junior 500 Presented by Luzz Pickleball,2026-08-22,Draw — Finals
9f4fc800-6160-4583-a127-c65ffc7894f7:g3,-6,606,223,673,40,537,662,965,1,1,3,3,PPA Canada Vancouver 250 - Junior 500 Presented by Luzz Pickleball,2026-08-22,Draw — Finals
a5f3d15b-5f65-485e-8248-a8c577be1fab:g1,2,605,485,686,687,683,674,966,2,1,3,1,PPA Canada Vancouver 250 - Junior 500 Presented by Luzz Pickleball,2026-08-22,Draw — Round 16
a5f3d15b-5f65-485e-8248-a8c577be1fab:g2,-2,605,485,686,687,683,674,966,2,1,3,2,PPA Canada Vancouver 250 - Junior 500 Presented by Luzz Pickleball,2026-08-22,Draw — Round 16
a5f3d15b-5f65-485e-8248-a8c577be1fab:g3,-3,605,485,686,687,683,674,966,2,1,3,3,PPA Canada Vancouver 250 - Junior 500 Presented by Luzz Pickleball,2026-08-22,Draw — Round 16
acccfb08-e4cb-4079-9b47-5ef6d25f11b8:g1,-8,137,518,519,691,470,684,967,2,1,3,1,PPA Canada Vancouver 250 - Junior 500 Presented by Luzz Pickleball,2026-08-22,Draw — Round 16
acccfb08-e4cb-4079-9b47-5ef6d25f11b8:g2,6,137,518,519,691,470,684,967,2,1,3,2,PPA Canada Vancouver 250 - Junior 500 Presented by Luzz Pickleball,2026-08-22,Draw — Round 16
acccfb08-e4cb-4079-9b47-5ef6d25f11b8:g3,7,137,518,519,691,470,684,967,2,1,3,3,PPA Canada Vancouver 250 - Junior 500 Presented by Luzz Pickleball,2026-08-22,Draw — Round 16
b1cf9bb8-e71e-450a-8d0b-caf36f121356:g1,4,606,223,688,689,537,679,968,1,1,3,1,PPA Canada Vancouver 250 - Junior 500 Presented by Luzz Pickleball,2026-08-22,Draw — Round 16
b1cf9bb8-e71e-450a-8d0b-caf36f121356:g2,7,606,223,688,689,537,679,968,1,1,3,2,PPA Canada Vancouver 250 - Junior 500 Presented by Luzz Pickleball,2026-08-22,Draw — Round 16
b7bdfe76-3bda-4405-9cd7-1ad0f5ba25cc:g1,8,673,40,679,451,662,666,969,1,1,3,1,PPA Canada Vancouver 250 - Junior 500 Presented by Luzz Pickleball,2026-08-22,Draw — Quarter Finals
b7bdfe76-3bda-4405-9cd7-1ad0f5ba25cc:g2,-2,673,40,679,451,662,666,969,1,1,3,2,PPA Canada Vancouver 250 - Junior 500 Presented by Luzz Pickleball,2026-08-22,Draw — Quarter Finals
b7bdfe76-3bda-4405-9cd7-1ad0f5ba25cc:g3,6,673,40,679,451,662,666,969,1,1,3,3,PPA Canada Vancouver 250 - Junior 500 Presented by Luzz Pickleball,2026-08-22,Draw — Quarter Finals
ced3ef39-81e7-417d-b318-0ac6448e920f:g1,4,674,515,607,692,663,685,970,1,1,3,1,PPA Canada Vancouver 250 - Junior 500 Presented by Luzz Pickleball,2026-08-22,Draw — Round 32
ced3ef39-81e7-417d-b318-0ac6448e920f:g2,9,674,515,607,692,663,685,970,1,1,3,2,PPA Canada Vancouver 250 - Junior 500 Presented by Luzz Pickleball,2026-08-22,Draw — Round 32
e1c8f370-c22b-43f3-a388-d6006ab3e637:g1,-2,613,614,618,402,541,686,971,1,1,3,1,PPA Canada Vancouver 250 - Junior 500 Presented by Luzz Pickleball,2026-08-22,Draw — Round 16
e1c8f370-c22b-43f3-a388-d6006ab3e637:g2,9,613,614,618,402,541,686,971,1,1,3,2,PPA Canada Vancouver 250 - Junior 500 Presented by Luzz Pickleball,2026-08-22,Draw — Round 16
e1c8f370-c22b-43f3-a388-d6006ab3e637:g3,6,613,614,618,402,541,686,971,1,1,3,3,PPA Canada Vancouver 250 - Junior 500 Presented by Luzz Pickleball,2026-08-22,Draw — Round 16
e2df2ac0-94e2-42ea-8742-6416b1521b4e:g1,3,673,40,450,256,662,677,972,1,1,3,1,PPA Canada Vancouver 250 - Junior 500 Presented by Luzz Pickleball,2026-08-22,Draw — Semi-Finals
e2df2ac0-94e2-42ea-8742-6416b1521b4e:g2,-6,673,40,450,256,662,677,972,1,1,3,2,PPA Canada Vancouver 250 - Junior 500 Presented by Luzz Pickleball,2026-08-22,Draw — Semi-Finals
e2df2ac0-94e2-42ea-8742-6416b1521b4e:g3,3,673,40,450,256,662,677,972,1,1,3,3,PPA Canada Vancouver 250 - Junior 500 Presented by Luzz Pickleball,2026-08-22,Draw — Semi-Finals
e3a23aba-394f-43fc-a5e1-b9f1b0d9508f:g1,8,564,558,693,694,675,687,973,2,1,3,1,PPA Canada Vancouver 250 - Junior 500 Presented by Luzz Pickleball,2026-08-22,Draw — Round 16
e3a23aba-394f-43fc-a5e1-b9f1b0d9508f:g2,10,564,558,693,694,675,687,973,2,1,3,2,PPA Canada Vancouver 250 - Junior 500 Presented by Luzz Pickleball,2026-08-22,Draw — Round 16
e3ac71f3-2a53-46fc-9a78-ee1a7ea13cf0:g1,10,429,430,695,696,364,688,974,2,1,3,1,PPA Canada Vancouver 250 - Junior 500 Presented by Luzz Pickleball,2026-08-22,Draw — Round 16
e3ac71f3-2a53-46fc-9a78-ee1a7ea13cf0:g2,10,429,430,695,696,364,688,974,2,1,3,2,PPA Canada Vancouver 250 - Junior 500 Presented by Luzz Pickleball,2026-08-22,Draw — Round 16
e4821053-0f33-410c-8a6d-52d6fdbee83f:g1,3,685,5,137,518,672,470,975,2,1,3,1,PPA Canada Vancouver 250 - Junior 500 Presented by Luzz Pickleball,2026-08-22,Draw — Quarter Finals
e4821053-0f33-410c-8a6d-52d6fdbee83f:g2,9,685,5,137,518,672,470,975,2,1,3,2,PPA Canada Vancouver 250 - Junior 500 Presented by Luzz Pickleball,2026-08-22,Draw — Quarter Finals
e60b9e31-e72b-41f9-8aaf-c95c01c3e21d:g1,2,450,256,390,608,677,689,976,1,1,3,1,PPA Canada Vancouver 250 - Junior 500 Presented by Luzz Pickleball,2026-08-22,Draw — Round 16
e60b9e31-e72b-41f9-8aaf-c95c01c3e21d:g2,7,450,256,390,608,677,689,976,1,1,3,2,PPA Canada Vancouver 250 - Junior 500 Presented by Luzz Pickleball,2026-08-22,Draw — Round 16
e9f6598f-6f7e-41f5-a6e3-3e2ed44a17a4:g1,3,450,256,618,402,677,686,977,1,1,3,1,PPA Canada Vancouver 250 - Junior 500 Presented by Luzz Pickleball,2026-08-22,Draw — Bronze
e9f6598f-6f7e-41f5-a6e3-3e2ed44a17a4:g2,9,450,256,618,402,677,686,977,1,1,3,2,PPA Canada Vancouver 250 - Junior 500 Presented by Luzz Pickleball,2026-08-22,Draw — Bronze
ea2cb35e-f7d6-4435-be0e-2399273fc3dc:g1,5,564,558,429,430,675,364,978,2,1,3,1,PPA Canada Vancouver 250 - Junior 500 Presented by Luzz Pickleball,2026-08-22,Draw — Quarter Finals
ea2cb35e-f7d6-4435-be0e-2399273fc3dc:g2,2,564,558,429,430,675,364,978,2,1,3,2,PPA Canada Vancouver 250 - Junior 500 Presented by Luzz Pickleball,2026-08-22,Draw — Quarter Finals
0a2daf74-810b-484f-ada5-2a251031768d:g1,3,680,485,689,694,690,691,979,0,1,3,1,PPA Canada Vancouver 250 - Junior 500 Presented by Luzz Pickleball,2026-08-23,Draw — Round 16
0a2daf74-810b-484f-ada5-2a251031768d:g2,2,680,485,689,694,690,691,979,0,1,3,2,PPA Canada Vancouver 250 - Junior 500 Presented by Luzz Pickleball,2026-08-23,Draw — Round 16
0b69304f-fa98-451b-9ad2-9efa5e6dda32:g1,9,137,40,688,690,692,693,980,0,1,3,1,PPA Canada Vancouver 250 - Junior 500 Presented by Luzz Pickleball,2026-08-23,Draw — Round 32
0b69304f-fa98-451b-9ad2-9efa5e6dda32:g2,9,137,40,688,690,692,693,980,0,1,3,2,PPA Canada Vancouver 250 - Junior 500 Presented by Luzz Pickleball,2026-08-23,Draw — Round 32
0b89f597-14fa-44c9-a910-647bbb402d74:g1,2,627,5,618,558,694,695,981,0,1,3,1,PPA Canada Vancouver 250 - Junior 500 Presented by Luzz Pickleball,2026-08-23,Draw — Round 16
0b89f597-14fa-44c9-a910-647bbb402d74:g2,5,627,5,618,558,694,695,981,0,1,3,2,PPA Canada Vancouver 250 - Junior 500 Presented by Luzz Pickleball,2026-08-23,Draw — Round 16
12d600b2-1c71-4c49-9c06-73f5c535dbc6:g1,-5,685,223,673,14,696,697,982,0,1,3,1,PPA Canada Vancouver 250 - Junior 500 Presented by Luzz Pickleball,2026-08-23,Draw — Semi-Finals
12d600b2-1c71-4c49-9c06-73f5c535dbc6:g2,4,685,223,673,14,696,697,982,0,1,3,2,PPA Canada Vancouver 250 - Junior 500 Presented by Luzz Pickleball,2026-08-23,Draw — Semi-Finals
12d600b2-1c71-4c49-9c06-73f5c535dbc6:g3,5,685,223,673,14,696,697,982,0,1,3,3,PPA Canada Vancouver 250 - Junior 500 Presented by Luzz Pickleball,2026-08-23,Draw — Semi-Finals
1a9c3c27-9c2b-4995-a85d-c6f7217a981d:g1,8,685,223,691,572,696,698,983,0,1,3,1,PPA Canada Vancouver 250 - Junior 500 Presented by Luzz Pickleball,2026-08-23,Draw — Round 16
1a9c3c27-9c2b-4995-a85d-c6f7217a981d:g2,-2,685,223,691,572,696,698,983,0,1,3,2,PPA Canada Vancouver 250 - Junior 500 Presented by Luzz Pickleball,2026-08-23,Draw — Round 16
1a9c3c27-9c2b-4995-a85d-c6f7217a981d:g3,9,685,223,691,572,696,698,983,0,1,3,3,PPA Canada Vancouver 250 - Junior 500 Presented by Luzz Pickleball,2026-08-23,Draw — Round 16
1c8bd0e0-4057-4e97-af80-c1bd208eb8f7:g1,10,256,374,697,677,699,700,984,0,1,3,1,PPA Canada Vancouver 250 - Junior 500 Presented by Luzz Pickleball,2026-08-23,Draw — Round 32
1c8bd0e0-4057-4e97-af80-c1bd208eb8f7:g2,11,256,374,697,677,699,700,984,0,1,3,2,PPA Canada Vancouver 250 - Junior 500 Presented by Luzz Pickleball,2026-08-23,Draw — Round 32
1d053c8c-5646-43e7-920c-16ebf7e00ef4:g1,-6,256,374,402,88,699,701,985,0,1,3,1,PPA Canada Vancouver 250 - Junior 500 Presented by Luzz Pickleball,2026-08-23,Draw — Round 16
1d053c8c-5646-43e7-920c-16ebf7e00ef4:g2,4,256,374,402,88,699,701,985,0,1,3,2,PPA Canada Vancouver 250 - Junior 500 Presented by Luzz Pickleball,2026-08-23,Draw — Round 16
1d053c8c-5646-43e7-920c-16ebf7e00ef4:g3,11,256,374,402,88,699,701,985,0,1,3,3,PPA Canada Vancouver 250 - Junior 500 Presented by Luzz Pickleball,2026-08-23,Draw — Round 16
2592ae0a-69c1-49ef-82a6-c74142af90c6:g1,10,146,6,614,698,702,703,986,0,1,3,1,PPA Canada Vancouver 250 - Junior 500 Presented by Luzz Pickleball,2026-08-23,Draw — Round 32
2592ae0a-69c1-49ef-82a6-c74142af90c6:g2,8,146,6,614,698,702,703,986,0,1,3,2,PPA Canada Vancouver 250 - Junior 500 Presented by Luzz Pickleball,2026-08-23,Draw — Round 32
32e65918-79b1-484d-ab81-eae11b991d42:g1,-11,564,558,14,51,675,682,987,2,1,3,1,PPA Canada Vancouver 250 - Junior 500 Presented by Luzz Pickleball,2026-08-23,Draw — Bronze
32e65918-79b1-484d-ab81-eae11b991d42:g2,-9,564,558,14,51,675,682,987,2,1,3,2,PPA Canada Vancouver 250 - Junior 500 Presented by Luzz Pickleball,2026-08-23,Draw — Bronze
398fa903-4bf8-43c9-ac18-a2e7807ae9fa:g1,8,390,518,519,562,704,705,988,0,1,3,1,PPA Canada Vancouver 250 - Junior 500 Presented by Luzz Pickleball,2026-08-23,Draw — Round 32
398fa903-4bf8-43c9-ac18-a2e7807ae9fa:g2,10,390,518,519,562,704,705,988,0,1,3,2,PPA Canada Vancouver 250 - Junior 500 Presented by Luzz Pickleball,2026-08-23,Draw — Round 32
4d9316a0-1941-45d7-8ad2-09e112603ea7:g1,2,685,223,146,6,696,702,989,0,1,3,1,PPA Canada Vancouver 250 - Junior 500 Presented by Luzz Pickleball,2026-08-23,Draw — Quarter Finals
4d9316a0-1941-45d7-8ad2-09e112603ea7:g2,2,685,223,146,6,696,702,989,0,1,3,2,PPA Canada Vancouver 250 - Junior 500 Presented by Luzz Pickleball,2026-08-23,Draw — Quarter Finals
4ece6c31-ef9f-469b-b5fe-8e333953e36f:g1,-2,20,51,137,40,706,692,990,0,1,3,1,PPA Canada Vancouver 250 - Junior 500 Presented by Luzz Pickleball,2026-08-23,Draw — Semi-Finals
4ece6c31-ef9f-469b-b5fe-8e333953e36f:g2,6,20,51,137,40,706,692,990,0,1,3,2,PPA Canada Vancouver 250 - Junior 500 Presented by Luzz Pickleball,2026-08-23,Draw — Semi-Finals
4ece6c31-ef9f-469b-b5fe-8e333953e36f:g3,2,20,51,137,40,706,692,990,0,1,3,3,PPA Canada Vancouver 250 - Junior 500 Presented by Luzz Pickleball,2026-08-23,Draw — Semi-Finals
536e6fd0-31ef-432b-b2ed-4ac1bd7159ae:g1,-6,605,446,689,694,707,691,991,0,1,3,1,PPA Canada Vancouver 250 - Junior 500 Presented by Luzz Pickleball,2026-08-23,Draw — Round 32
536e6fd0-31ef-432b-b2ed-4ac1bd7159ae:g2,-2,605,446,689,694,707,691,991,0,1,3,2,PPA Canada Vancouver 250 - Junior 500 Presented by Luzz Pickleball,2026-08-23,Draw — Round 32
569d9be7-7662-45de-8ba8-3b1f989456f5:g1,-10,373,430,146,6,708,702,992,0,1,3,1,PPA Canada Vancouver 250 - Junior 500 Presented by Luzz Pickleball,2026-08-23,Draw — Round 16
569d9be7-7662-45de-8ba8-3b1f989456f5:g2,-5,373,430,146,6,708,702,992,0,1,3,2,PPA Canada Vancouver 250 - Junior 500 Presented by Luzz Pickleball,2026-08-23,Draw — Round 16
62489f64-100a-46b3-99af-76d63a98fd1a:g1,9,673,14,699,700,697,709,993,0,1,3,1,PPA Canada Vancouver 250 - Junior 500 Presented by Luzz Pickleball,2026-08-23,Draw — Round 32
62489f64-100a-46b3-99af-76d63a98fd1a:g2,10,673,14,699,700,697,709,993,0,1,3,2,PPA Canada Vancouver 250 - Junior 500 Presented by Luzz Pickleball,2026-08-23,Draw — Round 32
653e343d-f137-4767-958e-c980bc46ca86:g1,9,673,14,680,485,697,690,994,0,1,3,1,PPA Canada Vancouver 250 - Junior 500 Presented by Luzz Pickleball,2026-08-23,Draw — Quarter Finals
653e343d-f137-4767-958e-c980bc46ca86:g2,7,673,14,680,485,697,690,994,0,1,3,2,PPA Canada Vancouver 250 - Junior 500 Presented by Luzz Pickleball,2026-08-23,Draw — Quarter Finals
67ea3cc4-78d3-4587-a69a-757936da3072:g1,2,20,51,627,5,706,694,995,0,1,3,1,PPA Canada Vancouver 250 - Junior 500 Presented by Luzz Pickleball,2026-08-23,Draw — Quarter Finals
67ea3cc4-78d3-4587-a69a-757936da3072:g2,6,20,51,627,5,706,694,995,0,1,3,2,PPA Canada Vancouver 250 - Junior 500 Presented by Luzz Pickleball,2026-08-23,Draw — Quarter Finals
73deedd9-689c-44ac-a2b2-bd00e9f58322:g1,11,685,223,701,702,696,710,996,0,1,3,1,PPA Canada Vancouver 250 - Junior 500 Presented by Luzz Pickleball,2026-08-23,Draw — Round 32
73deedd9-689c-44ac-a2b2-bd00e9f58322:g2,9,685,223,701,702,696,710,996,0,1,3,2,PPA Canada Vancouver 250 - Junior 500 Presented by Luzz Pickleball,2026-08-23,Draw — Round 32
768eb6d2-7828-4602-b7d9-69497a9f337d:g1,-2,450,429,579,574,399,711,997,0,1,3,1,PPA Canada Vancouver 250 - Junior 500 Presented by Luzz Pickleball,2026-08-23,Draw — Round 32
768eb6d2-7828-4602-b7d9-69497a9f337d:g2,2,450,429,579,574,399,711,997,0,1,3,2,PPA Canada Vancouver 250 - Junior 500 Presented by Luzz Pickleball,2026-08-23,Draw — Round 32
768eb6d2-7828-4602-b7d9-69497a9f337d:g3,-9,450,429,579,574,399,711,997,0,1,3,3,PPA Canada Vancouver 250 - Junior 500 Presented by Luzz Pickleball,2026-08-23,Draw — Round 32
7a8bd5c6-6974-4b19-b778-4614d3c4b074:g1,-10,691,572,695,517,698,712,998,0,1,3,1,PPA Canada Vancouver 250 - Junior 500 Presented by Luzz Pickleball,2026-08-23,Draw — Round 32
7a8bd5c6-6974-4b19-b778-4614d3c4b074:g2,7,691,572,695,517,698,712,998,0,1,3,2,PPA Canada Vancouver 250 - Junior 500 Presented by Luzz Pickleball,2026-08-23,Draw — Round 32
7a8bd5c6-6974-4b19-b778-4614d3c4b074:g3,2,691,572,695,517,698,712,998,0,1,3,3,PPA Canada Vancouver 250 - Junior 500 Presented by Luzz Pickleball,2026-08-23,Draw — Round 32
906e242b-b845-4fdf-8317-4f1a21a2ac03:g1,9,627,5,686,515,694,713,999,0,1,3,1,PPA Canada Vancouver 250 - Junior 500 Presented by Luzz Pickleball,2026-08-23,Draw — Round 32
906e242b-b845-4fdf-8317-4f1a21a2ac03:g2,8,627,5,686,515,694,713,999,0,1,3,2,PPA Canada Vancouver 250 - Junior 500 Presented by Luzz Pickleball,2026-08-23,Draw — Round 32
a32895e6-fe60-4e89-bba4-f7d425dfb422:g1,8,137,40,579,574,692,711,1000,0,1,3,1,PPA Canada Vancouver 250 - Junior 500 Presented by Luzz Pickleball,2026-08-23,Draw — Round 16
a32895e6-fe60-4e89-bba4-f7d425dfb422:g2,5,137,40,579,574,692,711,1000,0,1,3,2,PPA Canada Vancouver 250 - Junior 500 Presented by Luzz Pickleball,2026-08-23,Draw — Round 16
a84928de-ab9c-4a8a-9101-15d47f3817f5:g1,5,20,51,613,396,706,714,1001,0,1,3,1,PPA Canada Vancouver 250 - Junior 500 Presented by Luzz Pickleball,2026-08-23,Draw — Round 16
a84928de-ab9c-4a8a-9101-15d47f3817f5:g2,6,20,51,613,396,706,714,1001,0,1,3,2,PPA Canada Vancouver 250 - Junior 500 Presented by Luzz Pickleball,2026-08-23,Draw — Round 16
abaf14cd-5655-4676-b885-ad332803e6af:g1,8,673,14,137,40,697,692,1002,0,1,3,1,PPA Canada Vancouver 250 - Junior 500 Presented by Luzz Pickleball,2026-08-23,Draw — Bronze
abaf14cd-5655-4676-b885-ad332803e6af:g2,11,673,14,137,40,697,692,1002,0,1,3,2,PPA Canada Vancouver 250 - Junior 500 Presented by Luzz Pickleball,2026-08-23,Draw — Bronze
b3e092fb-01db-428b-8b31-df0a404a863a:g1,6,373,430,693,703,708,715,1003,0,1,3,1,PPA Canada Vancouver 250 - Junior 500 Presented by Luzz Pickleball,2026-08-23,Draw — Round 32
b3e092fb-01db-428b-8b31-df0a404a863a:g2,6,373,430,693,703,708,715,1003,0,1,3,2,PPA Canada Vancouver 250 - Junior 500 Presented by Luzz Pickleball,2026-08-23,Draw — Round 32
b5d8daca-3e9a-4348-962c-e42789cee67d:g1,10,673,14,390,518,697,704,1004,0,1,3,1,PPA Canada Vancouver 250 - Junior 500 Presented by Luzz Pickleball,2026-08-23,Draw — Round 16
b5d8daca-3e9a-4348-962c-e42789cee67d:g2,3,673,14,390,518,697,704,1004,0,1,3,2,PPA Canada Vancouver 250 - Junior 500 Presented by Luzz Pickleball,2026-08-23,Draw — Round 16
b6de3c81-dd95-4dd3-9331-23d01f7a4330:g1,-2,256,374,137,40,699,692,1005,0,1,3,1,PPA Canada Vancouver 250 - Junior 500 Presented by Luzz Pickleball,2026-08-23,Draw — Quarter Finals
b6de3c81-dd95-4dd3-9331-23d01f7a4330:g2,2,256,374,137,40,699,692,1005,0,1,3,2,PPA Canada Vancouver 250 - Junior 500 Presented by Luzz Pickleball,2026-08-23,Draw — Quarter Finals
b6de3c81-dd95-4dd3-9331-23d01f7a4330:g3,-3,256,374,137,40,699,692,1005,0,1,3,3,PPA Canada Vancouver 250 - Junior 500 Presented by Luzz Pickleball,2026-08-23,Draw — Quarter Finals
b88e0984-7259-4a04-b5b6-0d05a7195000:g1,11,402,88,629,696,701,716,1006,0,1,3,1,PPA Canada Vancouver 250 - Junior 500 Presented by Luzz Pickleball,2026-08-23,Draw — Round 32
b88e0984-7259-4a04-b5b6-0d05a7195000:g2,2,402,88,629,696,701,716,1006,0,1,3,2,PPA Canada Vancouver 250 - Junior 500 Presented by Luzz Pickleball,2026-08-23,Draw — Round 32
c3ba3706-0337-4f2d-8aec-4a4c5dbfba60:g1,8,618,558,607,535,695,717,1007,0,1,3,1,PPA Canada Vancouver 250 - Junior 500 Presented by Luzz Pickleball,2026-08-23,Draw — Round 32
c3ba3706-0337-4f2d-8aec-4a4c5dbfba60:g2,4,618,558,607,535,695,717,1007,0,1,3,2,PPA Canada Vancouver 250 - Junior 500 Presented by Luzz Pickleball,2026-08-23,Draw — Round 32
cc48de52-d01f-427f-86c5-9feea8d4623c:g1,8,20,51,685,223,706,696,1008,0,1,3,1,PPA Canada Vancouver 250 - Junior 500 Presented by Luzz Pickleball,2026-08-23,Draw — Finals
cc48de52-d01f-427f-86c5-9feea8d4623c:g2,6,20,51,685,223,706,696,1008,0,1,3,2,PPA Canada Vancouver 250 - Junior 500 Presented by Luzz Pickleball,2026-08-23,Draw — Finals
d1d6e31b-c9bd-462c-a9bb-911c0035e5ac:g1,-2,564,608,613,396,718,714,1009,0,1,3,1,PPA Canada Vancouver 250 - Junior 500 Presented by Luzz Pickleball,2026-08-23,Draw — Round 32
d1d6e31b-c9bd-462c-a9bb-911c0035e5ac:g2,-6,564,608,613,396,718,714,1009,0,1,3,2,PPA Canada Vancouver 250 - Junior 500 Presented by Luzz Pickleball,2026-08-23,Draw — Round 32
f558d25c-9fdb-4fe6-a92e-bc8b8f35341c:g1,10,680,485,704,678,690,719,1010,0,1,3,1,PPA Canada Vancouver 250 - Junior 500 Presented by Luzz Pickleball,2026-08-23,Draw — Round 32
f558d25c-9fdb-4fe6-a92e-bc8b8f35341c:g2,11,680,485,704,678,690,719,1010,0,1,3,2,PPA Canada Vancouver 250 - Junior 500 Presented by Luzz Pickleball,2026-08-23,Draw — Round 32
2267da6c-53b6-4d0d-87dc-69351c4f67c7:g1,-2,383,384,31,38,322,34,1011,1,0,1,1,DoorDash MLP Finals New York City Powered by Toray,2026-08-28,RR
2bfada35-6842-4528-84f5-a99a57045952:g1,2,388,384,43,38,328,38,1012,0,0,1,1,DoorDash MLP Finals New York City Powered by Toray,2026-08-28,RR
4f45728a-5030-4673-ae83-1c2c63d9935c:g1,-6,383,384,31,38,322,34,1013,1,0,1,1,DoorDash MLP Finals New York City Powered by Toray,2026-08-28,RR
5c776884-e170-423b-a60e-6d268bb718f6:g1,9,388,384,43,38,328,38,1014,0,0,1,1,DoorDash MLP Finals New York City Powered by Toray,2026-08-28,RR
5ccc8f4b-7537-4c8e-aa79-3f3a33137519:g1,9,368,369,248,259,307,450,1015,2,0,1,1,DoorDash MLP Finals New York City Powered by Toray,2026-08-28,RR
8c2b4eb3-98eb-43b7-ab23-cd8c3885e534:g1,3,2,386,253,262,325,223,1016,1,0,1,1,DoorDash MLP Finals New York City Powered by Toray,2026-08-28,RR
aea52f6b-3a1e-4710-b0a2-3d7c1b31d712:g1,10,388,387,28,29,332,28,1017,2,0,1,1,DoorDash MLP Finals New York City Powered by Toray,2026-08-28,RR
b7f22d41-a6a2-4952-97ea-3494a0daecd2:g1,5,387,383,29,31,327,30,1018,0,0,1,1,DoorDash MLP Finals New York City Powered by Toray,2026-08-28,RR
db135156-1832-4217-950e-deeb1f508c53:g1,3,387,383,29,31,327,30,1019,0,0,1,1,DoorDash MLP Finals New York City Powered by Toray,2026-08-28,RR
e52c4eba-6e5b-46de-8fe0-8420fa098bcc:g1,9,388,387,28,29,332,28,1020,2,0,1,1,DoorDash MLP Finals New York City Powered by Toray,2026-08-28,RR
e8fe776b-58b9-43f3-ae0f-4a40c4288208:g1,5,369,2,248,262,316,301,1021,0,0,1,1,DoorDash MLP Finals New York City Powered by Toray,2026-08-28,RR
067c61d4-d886-4ddc-8a84-3bfc01e607bb:g1,3,450,546,219,220,490,134,1022,1,1,3,1,Atlanta PPA Challenger,2026-08-29,Round 32
067c61d4-d886-4ddc-8a84-3bfc01e607bb:g2,-6,450,546,219,220,490,134,1022,1,1,3,2,Atlanta PPA Challenger,2026-08-29,Round 32
067c61d4-d886-4ddc-8a84-3bfc01e607bb:g3,-8,450,546,219,220,490,134,1022,1,1,3,3,Atlanta PPA Challenger,2026-08-29,Round 32
0d0496cf-c0fb-4d55-a8b6-3fa6e43483cc:g1,-2,179,180,705,706,114,720,1023,1,1,3,1,Atlanta PPA Challenger,2026-08-29,Round 64
0d0496cf-c0fb-4d55-a8b6-3fa6e43483cc:g2,5,179,180,705,706,114,720,1023,1,1,3,2,Atlanta PPA Challenger,2026-08-29,Round 64
0d0496cf-c0fb-4d55-a8b6-3fa6e43483cc:g3,3,179,180,705,706,114,720,1023,1,1,3,3,Atlanta PPA Challenger,2026-08-29,Round 64
0d91c046-0b22-49da-bf24-4512f8f503d9:g1,6,572,424,104,707,511,721,1024,1,1,3,1,Atlanta PPA Challenger,2026-08-29,Round 32
0d91c046-0b22-49da-bf24-4512f8f503d9:g2,4,572,424,104,707,511,721,1024,1,1,3,2,Atlanta PPA Challenger,2026-08-29,Round 32
17f98d5d-0f93-401d-86a0-4ab527f91a21:g1,2,627,628,260,393,551,722,1025,1,1,3,1,Atlanta PPA Challenger,2026-08-29,Finals
17f98d5d-0f93-401d-86a0-4ab527f91a21:g2,6,627,628,260,393,551,722,1025,1,1,3,2,Atlanta PPA Challenger,2026-08-29,Finals
1c249696-6e76-4c3f-a27d-636e2b7586f1:g1,-10,558,708,17,157,723,724,1026,2,1,3,1,Atlanta PPA Challenger,2026-08-29,Bronze
1c249696-6e76-4c3f-a27d-636e2b7586f1:g2,2,558,708,17,157,723,724,1026,2,1,3,2,Atlanta PPA Challenger,2026-08-29,Bronze
1c249696-6e76-4c3f-a27d-636e2b7586f1:g3,-9,558,708,17,157,723,724,1026,2,1,3,3,Atlanta PPA Challenger,2026-08-29,Bronze
1d2943e6-1e98-495a-bf1e-e7752a930c10:g1,7,709,37,433,126,725,726,1027,2,1,3,1,Atlanta PPA Challenger,2026-08-29,Finals
1d2943e6-1e98-495a-bf1e-e7752a930c10:g2,3,709,37,433,126,725,726,1027,2,1,3,2,Atlanta PPA Challenger,2026-08-29,Finals
1f86e30c-1335-488f-9caa-235ebf228bfd:g1,3,129,600,141,142,727,95,1028,1,1,3,1,Atlanta PPA Challenger,2026-08-29,Round 64
1f86e30c-1335-488f-9caa-235ebf228bfd:g2,3,129,600,141,142,727,95,1028,1,1,3,2,Atlanta PPA Challenger,2026-08-29,Round 64
20a57686-b99b-4ff2-82f9-2bd8d1a936d9:g1,4,710,171,711,712,728,729,1029,1,1,3,1,Atlanta PPA Challenger,2026-08-29,Round 32
20a57686-b99b-4ff2-82f9-2bd8d1a936d9:g2,5,710,171,711,712,728,729,1029,1,1,3,2,Atlanta PPA Challenger,2026-08-29,Round 32
210cafc1-cb5f-495a-a010-502531effd17:g1,2,87,430,477,713,730,731,1030,2,1,3,1,Atlanta PPA Challenger,2026-08-29,Round 32
210cafc1-cb5f-495a-a010-502531effd17:g2,9,87,430,477,713,730,731,1030,2,1,3,2,Atlanta PPA Challenger,2026-08-29,Round 32
2710f891-1a05-4600-86f2-012a25da827c:g1,4,260,393,233,222,722,732,1031,1,1,3,1,Atlanta PPA Challenger,2026-08-29,Quarter Finals
2710f891-1a05-4600-86f2-012a25da827c:g2,2,260,393,233,222,722,732,1031,1,1,3,2,Atlanta PPA Challenger,2026-08-29,Quarter Finals
2795baa0-ee5c-4c9f-b7d9-107adbc4b55c:g1,11,709,37,149,150,725,99,1032,2,1,3,1,Atlanta PPA Challenger,2026-08-29,Quarter Finals
2795baa0-ee5c-4c9f-b7d9-107adbc4b55c:g2,6,709,37,149,150,725,99,1032,2,1,3,2,Atlanta PPA Challenger,2026-08-29,Quarter Finals
27f86dd0-e978-48cc-9fbf-4a62d4bb9fc3:g1,7,175,79,117,714,733,734,1033,1,1,3,1,Atlanta PPA Challenger,2026-08-29,Round 64
27f86dd0-e978-48cc-9fbf-4a62d4bb9fc3:g2,-3,175,79,117,714,733,734,1033,1,1,3,2,Atlanta PPA Challenger,2026-08-29,Round 64
27f86dd0-e978-48cc-9fbf-4a62d4bb9fc3:g3,4,175,79,117,714,733,734,1033,1,1,3,3,Atlanta PPA Challenger,2026-08-29,Round 64
2c51ad29-5390-4275-b23e-37ead3648b7b:g1,-8,187,715,716,119,735,736,1034,2,1,3,1,Atlanta PPA Challenger,2026-08-29,Round 32
2c51ad29-5390-4275-b23e-37ead3648b7b:g2,-2,187,715,716,119,735,736,1034,2,1,3,2,Atlanta PPA Challenger,2026-08-29,Round 32
31df841b-feab-4b54-830f-96adb4e57eb5:g1,-3,125,138,89,717,737,738,1035,2,1,3,1,Atlanta PPA Challenger,2026-08-29,Round 32
31df841b-feab-4b54-830f-96adb4e57eb5:g2,9,125,138,89,717,737,738,1035,2,1,3,2,Atlanta PPA Challenger,2026-08-29,Round 32
31df841b-feab-4b54-830f-96adb4e57eb5:g3,9,125,138,89,717,737,738,1035,2,1,3,3,Atlanta PPA Challenger,2026-08-29,Round 32
3296aacb-407f-42d1-98a8-ba9b8c4c6acf:g1,8,402,72,718,243,739,740,1036,1,1,3,1,Atlanta PPA Challenger,2026-08-29,Round 32
3296aacb-407f-42d1-98a8-ba9b8c4c6acf:g2,10,402,72,718,243,739,740,1036,1,1,3,2,Atlanta PPA Challenger,2026-08-29,Round 32
32ad8aa5-a791-448f-ac93-f0e167ea9b82:g1,-7,55,719,718,243,741,740,1037,1,1,3,1,Atlanta PPA Challenger,2026-08-29,Round 64
32ad8aa5-a791-448f-ac93-f0e167ea9b82:g2,-2,55,719,718,243,741,740,1037,1,1,3,2,Atlanta PPA Challenger,2026-08-29,Round 64
36568fa4-e7a8-4453-bd4a-eeb73b5a718b:g1,10,84,56,720,721,742,743,1038,1,1,3,1,Atlanta PPA Challenger,2026-08-29,Round 64
36568fa4-e7a8-4453-bd4a-eeb73b5a718b:g2,9,84,56,720,721,742,743,1038,1,1,3,2,Atlanta PPA Challenger,2026-08-29,Round 64
3ce7ff7b-504d-47ed-933e-4a5beb7f190c:g1,11,233,222,722,723,732,744,1039,1,1,3,1,Atlanta PPA Challenger,2026-08-29,Round 64
3ce7ff7b-504d-47ed-933e-4a5beb7f190c:g2,7,233,222,722,723,732,744,1039,1,1,3,2,Atlanta PPA Challenger,2026-08-29,Round 64
40a16f5e-4e87-47e1-bc50-bfc3269f5879:g1,5,68,374,724,725,745,746,1040,2,1,3,1,Atlanta PPA Challenger,2026-08-29,Round 32
40a16f5e-4e87-47e1-bc50-bfc3269f5879:g2,8,68,374,724,725,745,746,1040,2,1,3,2,Atlanta PPA Challenger,2026-08-29,Round 32
441742eb-b044-4ac6-a49c-be215b8a3746:g1,10,461,163,199,200,747,124,1041,1,1,3,1,Atlanta PPA Challenger,2026-08-29,Round 64
441742eb-b044-4ac6-a49c-be215b8a3746:g2,11,461,163,199,200,747,124,1041,1,1,3,2,Atlanta PPA Challenger,2026-08-29,Round 64
444d8bb2-471c-4009-b3da-1ff4d6f14688:g1,8,260,393,615,563,722,748,1042,1,1,3,1,Atlanta PPA Challenger,2026-08-29,Round 32
444d8bb2-471c-4009-b3da-1ff4d6f14688:g2,7,260,393,615,563,722,748,1042,1,1,3,2,Atlanta PPA Challenger,2026-08-29,Round 32
4458d974-cd77-4571-8839-b2722fcd96dd:g1,8,260,393,105,106,722,77,1043,1,1,3,1,Atlanta PPA Challenger,2026-08-29,Round 16
4458d974-cd77-4571-8839-b2722fcd96dd:g2,9,260,393,105,106,722,77,1043,1,1,3,2,Atlanta PPA Challenger,2026-08-29,Round 16
451d2ef4-cdae-4185-a774-385eeac45a3b:g1,7,76,78,53,54,749,51,1044,2,1,3,1,Atlanta PPA Challenger,2026-08-29,Round 32
451d2ef4-cdae-4185-a774-385eeac45a3b:g2,6,76,78,53,54,749,51,1044,2,1,3,2,Atlanta PPA Challenger,2026-08-29,Round 32
455f331b-d76c-4c02-8c6a-8bf8cf8760a7:g1,10,410,411,726,727,351,750,1045,1,1,3,1,Atlanta PPA Challenger,2026-08-29,Round 64
455f331b-d76c-4c02-8c6a-8bf8cf8760a7:g2,10,410,411,726,727,351,750,1045,1,1,3,2,Atlanta PPA Challenger,2026-08-29,Round 64
463f3cd7-d30c-44e2-b35d-2568097ed254:g1,5,233,222,710,171,732,728,1046,1,1,3,1,Atlanta PPA Challenger,2026-08-29,Round 16
463f3cd7-d30c-44e2-b35d-2568097ed254:g2,5,233,222,710,171,732,728,1046,1,1,3,2,Atlanta PPA Challenger,2026-08-29,Round 16
46468783-bbad-48e9-8553-8910023b4565:g1,-6,93,59,728,120,751,752,1047,2,1,3,1,Atlanta PPA Challenger,2026-08-29,Round 32
46468783-bbad-48e9-8553-8910023b4565:g2,-9,93,59,728,120,751,752,1047,2,1,3,2,Atlanta PPA Challenger,2026-08-29,Round 32
4a8b371f-a220-4810-8045-803d163f399f:g1,4,105,106,175,79,77,733,1048,1,1,3,1,Atlanta PPA Challenger,2026-08-29,Round 32
4a8b371f-a220-4810-8045-803d163f399f:g2,-2,105,106,175,79,77,733,1048,1,1,3,2,Atlanta PPA Challenger,2026-08-29,Round 32
4a8b371f-a220-4810-8045-803d163f399f:g3,3,105,106,175,79,77,733,1048,1,1,3,3,Atlanta PPA Challenger,2026-08-29,Round 32
4c8af069-8521-4531-8f3c-9dd094b17dbf:g1,11,219,220,132,729,134,753,1049,1,1,3,1,Atlanta PPA Challenger,2026-08-29,Round 64
4c8af069-8521-4531-8f3c-9dd094b17dbf:g2,9,219,220,132,729,134,753,1049,1,1,3,2,Atlanta PPA Challenger,2026-08-29,Round 64
4cb07dc6-71c7-4b33-bfe5-a019afaa67ed:g1,2,84,56,627,628,742,551,1050,1,1,3,1,Atlanta PPA Challenger,2026-08-29,Round 16
4cb07dc6-71c7-4b33-bfe5-a019afaa67ed:g2,-7,84,56,627,628,742,551,1050,1,1,3,2,Atlanta PPA Challenger,2026-08-29,Round 16
4cb07dc6-71c7-4b33-bfe5-a019afaa67ed:g3,-6,84,56,627,628,742,551,1050,1,1,3,3,Atlanta PPA Challenger,2026-08-29,Round 16
4e1485f2-a161-4519-9fc9-3735448cce23:g1,-3,426,370,91,94,754,755,1051,2,1,3,1,Atlanta PPA Challenger,2026-08-29,Round 32
4e1485f2-a161-4519-9fc9-3735448cce23:g2,5,426,370,91,94,754,755,1051,2,1,3,2,Atlanta PPA Challenger,2026-08-29,Round 32
4e1485f2-a161-4519-9fc9-3735448cce23:g3,3,426,370,91,94,754,755,1051,2,1,3,3,Atlanta PPA Challenger,2026-08-29,Round 32
4e710cf5-0ede-419e-bb83-7915aed4c949:g1,9,709,37,730,731,725,756,1052,2,1,3,1,Atlanta PPA Challenger,2026-08-29,Round 32
4e710cf5-0ede-419e-bb83-7915aed4c949:g2,9,709,37,730,731,725,756,1052,2,1,3,2,Atlanta PPA Challenger,2026-08-29,Round 32
501d386e-f685-4c7f-900a-13e0927c0ac1:g1,4,75,732,466,428,757,758,1053,2,1,3,1,Atlanta PPA Challenger,2026-08-29,Round 32
501d386e-f685-4c7f-900a-13e0927c0ac1:g2,2,75,732,466,428,757,758,1053,2,1,3,2,Atlanta PPA Challenger,2026-08-29,Round 32
530fc970-9356-4ba8-a1cb-3c68d4df8968:g1,6,61,88,733,734,759,760,1054,2,1,3,1,Atlanta PPA Challenger,2026-08-29,Round 32
530fc970-9356-4ba8-a1cb-3c68d4df8968:g2,-4,61,88,733,734,759,760,1054,2,1,3,2,Atlanta PPA Challenger,2026-08-29,Round 32
530fc970-9356-4ba8-a1cb-3c68d4df8968:g3,5,61,88,733,734,759,760,1054,2,1,3,3,Atlanta PPA Challenger,2026-08-29,Round 32
53546b20-7843-42d8-83c4-7337acc8297b:g1,9,105,106,240,735,77,761,1055,1,1,3,1,Atlanta PPA Challenger,2026-08-29,Round 64
53546b20-7843-42d8-83c4-7337acc8297b:g2,6,105,106,240,735,77,761,1055,1,1,3,2,Atlanta PPA Challenger,2026-08-29,Round 64
5371b5c9-5794-45f9-9f03-07a18bd942c5:g1,7,709,37,728,120,725,752,1056,2,1,3,1,Atlanta PPA Challenger,2026-08-29,Round 16
5371b5c9-5794-45f9-9f03-07a18bd942c5:g2,11,709,37,728,120,725,752,1056,2,1,3,2,Atlanta PPA Challenger,2026-08-29,Round 16
55c20f67-c428-4026-bff1-ae4adb30258a:g1,3,633,389,95,736,555,762,1057,1,1,3,1,Atlanta PPA Challenger,2026-08-29,Round 32
55c20f67-c428-4026-bff1-ae4adb30258a:g2,7,633,389,95,736,555,762,1057,1,1,3,2,Atlanta PPA Challenger,2026-08-29,Round 32
57ee3ff2-436c-45cf-be51-4909c838ae24:g1,-6,572,424,260,393,511,722,1058,1,1,3,1,Atlanta PPA Challenger,2026-08-29,Semi-Finals
57ee3ff2-436c-45cf-be51-4909c838ae24:g2,7,572,424,260,393,511,722,1058,1,1,3,2,Atlanta PPA Challenger,2026-08-29,Semi-Finals
57ee3ff2-436c-45cf-be51-4909c838ae24:g3,-8,572,424,260,393,511,722,1058,1,1,3,3,Atlanta PPA Challenger,2026-08-29,Semi-Finals
57fdc010-6219-416a-9839-3c9a242abd04:g1,9,710,171,737,738,728,763,1059,1,1,3,1,Atlanta PPA Challenger,2026-08-29,Round 64
57fdc010-6219-416a-9839-3c9a242abd04:g2,5,710,171,737,738,728,763,1059,1,1,3,2,Atlanta PPA Challenger,2026-08-29,Round 64
58538a87-8902-493c-b19f-bfd47f163f81:g1,-5,739,740,83,741,764,765,1060,1,1,3,1,Atlanta PPA Challenger,2026-08-29,Round 16
58538a87-8902-493c-b19f-bfd47f163f81:g2,5,739,740,83,741,764,765,1060,1,1,3,2,Atlanta PPA Challenger,2026-08-29,Round 16
58538a87-8902-493c-b19f-bfd47f163f81:g3,4,739,740,83,741,764,765,1060,1,1,3,3,Atlanta PPA Challenger,2026-08-29,Round 16
5ad531b3-e65a-4009-b912-f0f2979c7c8f:g1,2,233,222,633,389,732,555,1061,1,1,3,1,Atlanta PPA Challenger,2026-08-29,Bronze
5ad531b3-e65a-4009-b912-f0f2979c7c8f:g2,-3,233,222,633,389,732,555,1061,1,1,3,2,Atlanta PPA Challenger,2026-08-29,Bronze
5ad531b3-e65a-4009-b912-f0f2979c7c8f:g3,-6,233,222,633,389,732,555,1061,1,1,3,3,Atlanta PPA Challenger,2026-08-29,Bronze
5fb76fb8-338c-44ce-a0f4-13ca864d5562:g1,-4,633,389,402,72,555,739,1062,1,1,3,1,Atlanta PPA Challenger,2026-08-29,Round 16
5fb76fb8-338c-44ce-a0f4-13ca864d5562:g2,5,633,389,402,72,555,739,1062,1,1,3,2,Atlanta PPA Challenger,2026-08-29,Round 16
5fb76fb8-338c-44ce-a0f4-13ca864d5562:g3,3,633,389,402,72,555,739,1062,1,1,3,3,Atlanta PPA Challenger,2026-08-29,Round 16
6112ee90-3b71-4468-83f3-6de644fa87b3:g1,10,402,72,742,743,739,766,1063,1,1,3,1,Atlanta PPA Challenger,2026-08-29,Round 64
6112ee90-3b71-4468-83f3-6de644fa87b3:g2,4,402,72,742,743,739,766,1063,1,1,3,2,Atlanta PPA Challenger,2026-08-29,Round 64
632b5347-f530-40c7-9bd5-9390020802e7:g1,-7,17,157,709,37,724,725,1064,2,1,3,1,Atlanta PPA Challenger,2026-08-29,Semi-Finals
632b5347-f530-40c7-9bd5-9390020802e7:g2,5,17,157,709,37,724,725,1064,2,1,3,2,Atlanta PPA Challenger,2026-08-29,Semi-Finals
632b5347-f530-40c7-9bd5-9390020802e7:g3,-5,17,157,709,37,724,725,1064,2,1,3,3,Atlanta PPA Challenger,2026-08-29,Semi-Finals
66b4b4c6-3698-450f-9002-c20aedebb719:g1,8,67,587,744,236,767,768,1065,2,1,3,1,Atlanta PPA Challenger,2026-08-29,Round 32
66b4b4c6-3698-450f-9002-c20aedebb719:g2,10,67,587,744,236,767,768,1065,2,1,3,2,Atlanta PPA Challenger,2026-08-29,Round 32
6c4bcd6e-1544-422d-b3d4-252d13b07f59:g1,5,410,411,219,220,351,134,1066,1,1,3,1,Atlanta PPA Challenger,2026-08-29,Round 16
6c4bcd6e-1544-422d-b3d4-252d13b07f59:g2,-8,410,411,219,220,351,134,1066,1,1,3,2,Atlanta PPA Challenger,2026-08-29,Round 16
6c4bcd6e-1544-422d-b3d4-252d13b07f59:g3,-6,410,411,219,220,351,134,1066,1,1,3,3,Atlanta PPA Challenger,2026-08-29,Round 16
70fcdd33-f000-4f89-bb33-ca37b0bf37c4:g1,7,17,157,558,708,724,723,1067,2,1,3,1,Atlanta PPA Challenger,2026-08-29,Quarter Finals
70fcdd33-f000-4f89-bb33-ca37b0bf37c4:g2,-7,17,157,558,708,724,723,1067,2,1,3,2,Atlanta PPA Challenger,2026-08-29,Quarter Finals
70fcdd33-f000-4f89-bb33-ca37b0bf37c4:g3,8,17,157,558,708,724,723,1067,2,1,3,3,Atlanta PPA Challenger,2026-08-29,Quarter Finals
734bc305-666c-43fa-9f35-9f2d264bcbe1:g1,-4,745,746,167,168,769,108,1068,1,1,3,1,Atlanta PPA Challenger,2026-08-29,Round 64
734bc305-666c-43fa-9f35-9f2d264bcbe1:g2,-4,745,746,167,168,769,108,1068,1,1,3,2,Atlanta PPA Challenger,2026-08-29,Round 64
765589b7-25a4-4b03-bf0f-a576841279ff:g1,-5,61,88,36,396,759,770,1069,2,1,3,1,Atlanta PPA Challenger,2026-08-29,Quarter Finals
765589b7-25a4-4b03-bf0f-a576841279ff:g2,5,61,88,36,396,759,770,1069,2,1,3,2,Atlanta PPA Challenger,2026-08-29,Quarter Finals
765589b7-25a4-4b03-bf0f-a576841279ff:g3,2,61,88,36,396,759,770,1069,2,1,3,3,Atlanta PPA Challenger,2026-08-29,Quarter Finals
7681be2b-b355-4ee5-a135-f1f2e449af52:g1,10,36,396,75,732,770,757,1070,2,1,3,1,Atlanta PPA Challenger,2026-08-29,Round 16
7681be2b-b355-4ee5-a135-f1f2e449af52:g2,9,36,396,75,732,770,757,1070,2,1,3,2,Atlanta PPA Challenger,2026-08-29,Round 16
7769e906-83fc-4371-97fb-ced205f9ac9d:g1,9,83,741,747,748,765,771,1071,1,1,3,1,Atlanta PPA Challenger,2026-08-29,Round 64
7769e906-83fc-4371-97fb-ced205f9ac9d:g2,8,83,741,747,748,765,771,1071,1,1,3,2,Atlanta PPA Challenger,2026-08-29,Round 64
7ae3c8cf-9ffd-4b70-a3ed-188834af36cc:g1,8,108,451,447,749,772,773,1072,1,1,3,1,Atlanta PPA Challenger,2026-08-29,Round 64
7ae3c8cf-9ffd-4b70-a3ed-188834af36cc:g2,-3,108,451,447,749,772,773,1072,1,1,3,2,Atlanta PPA Challenger,2026-08-29,Round 64
7ae3c8cf-9ffd-4b70-a3ed-188834af36cc:g3,-3,108,451,447,749,772,773,1072,1,1,3,3,Atlanta PPA Challenger,2026-08-29,Round 64
7b990a66-5b73-42f8-bb59-73ed91e07daf:g1,11,627,628,750,751,551,774,1073,1,1,3,1,Atlanta PPA Challenger,2026-08-29,Round 64
7b990a66-5b73-42f8-bb59-73ed91e07daf:g2,10,627,628,750,751,551,774,1073,1,1,3,2,Atlanta PPA Challenger,2026-08-29,Round 64
83939f2c-48e7-417c-aacb-8e895c9a7e11:g1,3,433,126,426,370,726,754,1074,2,1,3,1,Atlanta PPA Challenger,2026-08-29,Quarter Finals
83939f2c-48e7-417c-aacb-8e895c9a7e11:g2,-2,433,126,426,370,726,754,1074,2,1,3,2,Atlanta PPA Challenger,2026-08-29,Quarter Finals
83939f2c-48e7-417c-aacb-8e895c9a7e11:g3,3,433,126,426,370,726,754,1074,2,1,3,3,Atlanta PPA Challenger,2026-08-29,Quarter Finals
83a97cf7-5de7-4826-99ce-454872085bc7:g1,7,711,712,153,194,729,775,1075,1,1,3,1,Atlanta PPA Challenger,2026-08-29,Round 64
83a97cf7-5de7-4826-99ce-454872085bc7:g2,6,711,712,153,194,729,775,1075,1,1,3,2,Atlanta PPA Challenger,2026-08-29,Round 64
92084317-09a8-40d9-b60c-7dee65d862b6:g1,10,95,736,183,184,762,116,1076,1,1,3,1,Atlanta PPA Challenger,2026-08-29,Round 64
92084317-09a8-40d9-b60c-7dee65d862b6:g2,5,95,736,183,184,762,116,1076,1,1,3,2,Atlanta PPA Challenger,2026-08-29,Round 64
925558f6-242f-4a83-b350-9b10402a8b31:g1,6,233,222,129,600,732,727,1077,1,1,3,1,Atlanta PPA Challenger,2026-08-29,Round 32
925558f6-242f-4a83-b350-9b10402a8b31:g2,4,233,222,129,600,732,727,1077,1,1,3,2,Atlanta PPA Challenger,2026-08-29,Round 32
970c59f5-e7f4-42a4-9591-5b40118ebef1:g1,10,36,396,69,70,770,59,1078,2,1,3,1,Atlanta PPA Challenger,2026-08-29,Round 32
970c59f5-e7f4-42a4-9591-5b40118ebef1:g2,10,36,396,69,70,770,59,1078,2,1,3,2,Atlanta PPA Challenger,2026-08-29,Round 32
973d0dc1-5abf-41cc-84c7-254778b5a135:g1,-3,410,411,570,571,351,509,1079,1,1,3,1,Atlanta PPA Challenger,2026-08-29,Round 32
973d0dc1-5abf-41cc-84c7-254778b5a135:g2,3,410,411,570,571,351,509,1079,1,1,3,2,Atlanta PPA Challenger,2026-08-29,Round 32
973d0dc1-5abf-41cc-84c7-254778b5a135:g3,6,410,411,570,571,351,509,1079,1,1,3,3,Atlanta PPA Challenger,2026-08-29,Round 32
9c8dcb8e-c054-4988-8535-69754bce089c:g1,-5,111,112,752,753,80,776,1080,1,1,3,1,Atlanta PPA Challenger,2026-08-29,Round 64
9c8dcb8e-c054-4988-8535-69754bce089c:g2,11,111,112,752,753,80,776,1080,1,1,3,2,Atlanta PPA Challenger,2026-08-29,Round 64
9c8dcb8e-c054-4988-8535-69754bce089c:g3,7,111,112,752,753,80,776,1080,1,1,3,3,Atlanta PPA Challenger,2026-08-29,Round 64
9d92497b-b68c-4977-8e41-ec8d98552947:g1,-2,125,138,149,150,737,99,1081,2,1,3,1,Atlanta PPA Challenger,2026-08-29,Round 16
9d92497b-b68c-4977-8e41-ec8d98552947:g2,-2,125,138,149,150,737,99,1081,2,1,3,2,Atlanta PPA Challenger,2026-08-29,Round 16
a2d2bbdc-2e7c-4c3b-916c-a180f74f3465:g1,8,739,740,754,755,764,777,1082,1,1,3,1,Atlanta PPA Challenger,2026-08-29,Round 64
a2d2bbdc-2e7c-4c3b-916c-a180f74f3465:g2,9,739,740,754,755,764,777,1082,1,1,3,2,Atlanta PPA Challenger,2026-08-29,Round 64
a430b80a-201b-4c16-9ea1-ebad28a22e5f:g1,-4,134,40,394,176,778,779,1083,1,1,3,1,Atlanta PPA Challenger,2026-08-29,Round 16
a430b80a-201b-4c16-9ea1-ebad28a22e5f:g2,10,134,40,394,176,778,779,1083,1,1,3,2,Atlanta PPA Challenger,2026-08-29,Round 16
a430b80a-201b-4c16-9ea1-ebad28a22e5f:g3,9,134,40,394,176,778,779,1083,1,1,3,3,Atlanta PPA Challenger,2026-08-29,Round 16
a5759555-6e0a-44dd-a402-2ccdc3bf2f2a:g1,-2,68,374,61,88,745,759,1084,2,1,3,1,Atlanta PPA Challenger,2026-08-29,Round 16
a5759555-6e0a-44dd-a402-2ccdc3bf2f2a:g2,-2,68,374,61,88,745,759,1084,2,1,3,2,Atlanta PPA Challenger,2026-08-29,Round 16
a5f0e0bb-0b95-4a04-917c-29de89421cfd:g1,10,17,157,76,78,724,749,1085,2,1,3,1,Atlanta PPA Challenger,2026-08-29,Round 16
a5f0e0bb-0b95-4a04-917c-29de89421cfd:g2,10,17,157,76,78,724,749,1085,2,1,3,2,Atlanta PPA Challenger,2026-08-29,Round 16
a93027c5-7c00-4dbf-98e4-f9f056de6fa5:g1,11,558,708,214,756,723,780,1086,2,1,3,1,Atlanta PPA Challenger,2026-08-29,Round 32
a93027c5-7c00-4dbf-98e4-f9f056de6fa5:g2,9,558,708,214,756,723,780,1086,2,1,3,2,Atlanta PPA Challenger,2026-08-29,Round 32
a9b6ee93-3324-4196-a9be-ff4f428eee9e:g1,-2,191,192,572,424,120,511,1087,1,1,3,1,Atlanta PPA Challenger,2026-08-29,Round 16
a9b6ee93-3324-4196-a9be-ff4f428eee9e:g2,7,191,192,572,424,120,511,1087,1,1,3,2,Atlanta PPA Challenger,2026-08-29,Round 16
a9b6ee93-3324-4196-a9be-ff4f428eee9e:g3,-8,191,192,572,424,120,511,1087,1,1,3,3,Atlanta PPA Challenger,2026-08-29,Round 16
aa705f91-e378-4c4c-9501-3e3f0e88a7be:g1,-2,191,192,161,757,120,781,1088,1,1,3,1,Atlanta PPA Challenger,2026-08-29,Round 64
aa705f91-e378-4c4c-9501-3e3f0e88a7be:g2,3,191,192,161,757,120,781,1088,1,1,3,2,Atlanta PPA Challenger,2026-08-29,Round 64
aa705f91-e378-4c4c-9501-3e3f0e88a7be:g3,4,191,192,161,757,120,781,1088,1,1,3,3,Atlanta PPA Challenger,2026-08-29,Round 64
aadb07b5-0166-48a0-80ba-82a2df4dd85e:g1,7,84,56,447,749,742,773,1089,1,1,3,1,Atlanta PPA Challenger,2026-08-29,Round 32
aadb07b5-0166-48a0-80ba-82a2df4dd85e:g2,7,84,56,447,749,742,773,1089,1,1,3,2,Atlanta PPA Challenger,2026-08-29,Round 32
acd18c44-a82d-4a41-a0e0-9749c1353695:g1,2,433,126,61,88,726,759,1090,2,1,3,1,Atlanta PPA Challenger,2026-08-29,Semi-Finals
acd18c44-a82d-4a41-a0e0-9749c1353695:g2,9,433,126,61,88,726,759,1090,2,1,3,2,Atlanta PPA Challenger,2026-08-29,Semi-Finals
b2b23d4e-7e34-4ace-9678-0bcd3142d570:g1,-9,115,116,615,563,82,748,1091,1,1,3,1,Atlanta PPA Challenger,2026-08-29,Round 64
b2b23d4e-7e34-4ace-9678-0bcd3142d570:g2,-3,115,116,615,563,82,748,1091,1,1,3,2,Atlanta PPA Challenger,2026-08-29,Round 64
bc08054c-78eb-4d84-b989-07571fac45ec:g1,4,394,176,461,163,779,747,1092,1,1,3,1,Atlanta PPA Challenger,2026-08-29,Round 32
bc08054c-78eb-4d84-b989-07571fac45ec:g2,-2,394,176,461,163,779,747,1092,1,1,3,2,Atlanta PPA Challenger,2026-08-29,Round 32
bc08054c-78eb-4d84-b989-07571fac45ec:g3,2,394,176,461,163,779,747,1092,1,1,3,3,Atlanta PPA Challenger,2026-08-29,Round 32
bcdd2566-cb0c-4c16-8692-bd7d2ee9f56f:g1,6,134,40,739,740,778,764,1093,1,1,3,1,Atlanta PPA Challenger,2026-08-29,Quarter Finals
bcdd2566-cb0c-4c16-8692-bd7d2ee9f56f:g2,-4,134,40,739,740,778,764,1093,1,1,3,2,Atlanta PPA Challenger,2026-08-29,Quarter Finals
bcdd2566-cb0c-4c16-8692-bd7d2ee9f56f:g3,-2,134,40,739,740,778,764,1093,1,1,3,3,Atlanta PPA Challenger,2026-08-29,Quarter Finals
c321f064-ccb4-4b2a-af66-7f9a07f4b595:g1,3,134,40,167,168,778,108,1094,1,1,3,1,Atlanta PPA Challenger,2026-08-29,Round 32
c321f064-ccb4-4b2a-af66-7f9a07f4b595:g2,4,134,40,167,168,778,108,1094,1,1,3,2,Atlanta PPA Challenger,2026-08-29,Round 32
c66acda4-7167-4382-8d47-d7425459bfc3:g1,-3,87,430,426,370,730,754,1095,2,1,3,1,Atlanta PPA Challenger,2026-08-29,Round 16
c66acda4-7167-4382-8d47-d7425459bfc3:g2,-9,87,430,426,370,730,754,1095,2,1,3,2,Atlanta PPA Challenger,2026-08-29,Round 16
df36c89d-cde5-4d74-bb3f-f679f17047bf:g1,-8,177,758,570,571,782,509,1096,1,1,3,1,Atlanta PPA Challenger,2026-08-29,Round 64
df36c89d-cde5-4d74-bb3f-f679f17047bf:g2,5,177,758,570,571,782,509,1096,1,1,3,2,Atlanta PPA Challenger,2026-08-29,Round 64
df36c89d-cde5-4d74-bb3f-f679f17047bf:g3,-2,177,758,570,571,782,509,1096,1,1,3,3,Atlanta PPA Challenger,2026-08-29,Round 64
dfdc59e6-3bc6-4cc2-852e-795bbfac1887:g1,-4,759,107,169,170,783,109,1097,1,1,3,1,Atlanta PPA Challenger,2026-08-29,Round 64
dfdc59e6-3bc6-4cc2-852e-795bbfac1887:g2,-3,759,107,169,170,783,109,1097,1,1,3,2,Atlanta PPA Challenger,2026-08-29,Round 64
dfe0540b-0425-4319-9fee-51342fed9146:g1,7,572,424,219,220,511,134,1098,1,1,3,1,Atlanta PPA Challenger,2026-08-29,Quarter Finals
dfe0540b-0425-4319-9fee-51342fed9146:g2,-8,572,424,219,220,511,134,1098,1,1,3,2,Atlanta PPA Challenger,2026-08-29,Quarter Finals
dfe0540b-0425-4319-9fee-51342fed9146:g3,9,572,424,219,220,511,134,1098,1,1,3,3,Atlanta PPA Challenger,2026-08-29,Quarter Finals
e21b76c5-bd6b-4fb2-914f-fab6af28eb62:g1,6,739,740,169,170,764,109,1099,1,1,3,1,Atlanta PPA Challenger,2026-08-29,Round 32
e21b76c5-bd6b-4fb2-914f-fab6af28eb62:g2,8,739,740,169,170,764,109,1099,1,1,3,2,Atlanta PPA Challenger,2026-08-29,Round 32
e7d63f7a-2c52-433d-9b8b-74255f36c322:g1,9,572,424,760,761,511,784,1100,1,1,3,1,Atlanta PPA Challenger,2026-08-29,Round 64
e7d63f7a-2c52-433d-9b8b-74255f36c322:g2,8,572,424,760,761,511,784,1100,1,1,3,2,Atlanta PPA Challenger,2026-08-29,Round 64
e9780f69-5058-4645-b227-1c1dad528a5a:g1,-10,633,389,627,628,555,551,1101,1,1,3,1,Atlanta PPA Challenger,2026-08-29,Quarter Finals
e9780f69-5058-4645-b227-1c1dad528a5a:g2,2,633,389,627,628,555,551,1101,1,1,3,2,Atlanta PPA Challenger,2026-08-29,Quarter Finals
e9780f69-5058-4645-b227-1c1dad528a5a:g3,-5,633,389,627,628,555,551,1101,1,1,3,3,Atlanta PPA Challenger,2026-08-29,Quarter Finals
eb1e21fb-ded3-4276-9fc4-45c29e8b8569:g1,9,450,546,762,763,490,785,1102,1,1,3,1,Atlanta PPA Challenger,2026-08-29,Round 64
eb1e21fb-ded3-4276-9fc4-45c29e8b8569:g2,10,450,546,762,763,490,785,1102,1,1,3,2,Atlanta PPA Challenger,2026-08-29,Round 64
f2d04195-6210-494b-a0f9-17d22baca5b0:g1,3,558,708,67,587,723,767,1103,2,1,3,1,Atlanta PPA Challenger,2026-08-29,Round 16
f2d04195-6210-494b-a0f9-17d22baca5b0:g2,7,558,708,67,587,723,767,1103,2,1,3,2,Atlanta PPA Challenger,2026-08-29,Round 16
f60bfaa9-6212-4023-88ad-e7f4aa9bd194:g1,8,104,707,207,208,721,128,1104,1,1,3,1,Atlanta PPA Challenger,2026-08-29,Round 64
f60bfaa9-6212-4023-88ad-e7f4aa9bd194:g2,3,104,707,207,208,721,128,1104,1,1,3,2,Atlanta PPA Challenger,2026-08-29,Round 64
f6a8f3e3-97a5-463b-9d74-20e0f2244be3:g1,-6,739,740,627,628,764,551,1105,1,1,3,1,Atlanta PPA Challenger,2026-08-29,Semi-Finals
f6a8f3e3-97a5-463b-9d74-20e0f2244be3:g2,-5,739,740,627,628,764,551,1105,1,1,3,2,Atlanta PPA Challenger,2026-08-29,Semi-Finals
f8c01bb3-3787-4fd0-b57c-7769024706f6:g1,11,394,176,455,764,779,786,1106,1,1,3,1,Atlanta PPA Challenger,2026-08-29,Round 64
f8c01bb3-3787-4fd0-b57c-7769024706f6:g2,7,394,176,455,764,779,786,1106,1,1,3,2,Atlanta PPA Challenger,2026-08-29,Round 64
f8f2ff45-617b-4d44-9cb3-dd3c4a988d2b:g1,7,627,628,111,112,551,80,1107,1,1,3,1,Atlanta PPA Challenger,2026-08-29,Round 32
f8f2ff45-617b-4d44-9cb3-dd3c4a988d2b:g2,8,627,628,111,112,551,80,1107,1,1,3,2,Atlanta PPA Challenger,2026-08-29,Round 32
f8fc5876-80e5-4296-9f11-bcc8966ebdce:g1,4,83,741,179,180,765,114,1108,1,1,3,1,Atlanta PPA Challenger,2026-08-29,Round 32
f8fc5876-80e5-4296-9f11-bcc8966ebdce:g2,2,83,741,179,180,765,114,1108,1,1,3,2,Atlanta PPA Challenger,2026-08-29,Round 32
fd05ea6e-25a1-4b41-8525-3a20c493fa49:g1,11,433,126,716,119,726,736,1109,2,1,3,1,Atlanta PPA Challenger,2026-08-29,Round 16
fd05ea6e-25a1-4b41-8525-3a20c493fa49:g2,4,433,126,716,119,726,736,1109,2,1,3,2,Atlanta PPA Challenger,2026-08-29,Round 16
fd9d98d4-8779-4c59-a1fe-f66d7439d451:g1,6,149,150,73,74,99,61,1110,2,1,3,1,Atlanta PPA Challenger,2026-08-29,Round 32
fd9d98d4-8779-4c59-a1fe-f66d7439d451:g2,3,149,150,73,74,99,61,1110,2,1,3,2,Atlanta PPA Challenger,2026-08-29,Round 32
2236e344-0510-40f5-b1ee-8bcb6c4200d5:g1,3,386,2,253,262,325,223,1111,1,0,1,1,DoorDash MLP Finals New York City Powered by Toray,2026-08-29,RR
2250accf-b8af-4a73-a349-c1c19e3b2247:g1,-9,368,369,388,387,307,332,1112,2,0,1,1,DoorDash MLP Finals New York City Powered by Toray,2026-08-29,RR
57b3c2ea-9fdd-4f74-9fb2-4f4ca602ea32:g1,-3,386,2,383,384,325,322,1113,1,0,1,1,DoorDash MLP Finals New York City Powered by Toray,2026-08-29,RR
58c2371e-a8a2-4e7a-802b-7f515b3a4381:g1,7,368,385,388,384,323,328,1114,0,0,1,1,DoorDash MLP Finals New York City Powered by Toray,2026-08-29,RR
59e98e6f-51ea-4949-9d6b-2a3ff7f8af4d:g1,10,368,369,248,259,307,450,1115,2,0,1,1,DoorDash MLP Finals New York City Powered by Toray,2026-08-29,RR
7449948f-daeb-4a30-a2da-1b86e76f4563:g1,3,369,2,387,383,316,327,1116,0,0,1,1,DoorDash MLP Finals New York City Powered by Toray,2026-08-29,RR
90047488-611d-47b1-aeaa-f9676fd5032e:g1,7,368,385,259,253,323,219,1117,0,0,1,1,DoorDash MLP Finals New York City Powered by Toray,2026-08-29,RR
059e1852-e434-4444-8a1d-2d643da01f9a:g1,-4,68,134,168,214,787,788,1118,0,1,3,1,Atlanta PPA Challenger,2026-08-30,Round 32
059e1852-e434-4444-8a1d-2d643da01f9a:g2,2,68,134,168,214,787,788,1118,0,1,3,2,Atlanta PPA Challenger,2026-08-30,Round 32
059e1852-e434-4444-8a1d-2d643da01f9a:g3,-5,68,134,168,214,787,788,1118,0,1,3,3,Atlanta PPA Challenger,2026-08-30,Round 32
05a94fd9-5d36-473e-b314-55ca30df80fe:g1,7,125,382,600,88,789,790,1119,0,1,3,1,Atlanta PPA Challenger,2026-08-30,Round 32
05a94fd9-5d36-473e-b314-55ca30df80fe:g2,9,125,382,600,88,789,790,1119,0,1,3,2,Atlanta PPA Challenger,2026-08-30,Round 32
09f0f3cb-d2b2-4e2f-a71c-d7d8ecea36ef:g1,7,84,430,61,219,791,792,1120,0,1,3,1,Atlanta PPA Challenger,2026-08-30,Quarter Finals
09f0f3cb-d2b2-4e2f-a71c-d7d8ecea36ef:g2,2,84,430,61,219,791,792,1120,0,1,3,2,Atlanta PPA Challenger,2026-08-30,Quarter Finals
1304bb9b-2abc-4370-822a-fc6d847c5d57:g1,-7,105,149,410,396,151,793,1121,0,1,3,1,Atlanta PPA Challenger,2026-08-30,Round 32
1304bb9b-2abc-4370-822a-fc6d847c5d57:g2,-6,105,149,410,396,151,793,1121,0,1,3,2,Atlanta PPA Challenger,2026-08-30,Round 32
1ca84479-1f9e-4288-ac9d-768fd57b7e62:g1,-9,715,424,426,757,794,795,1122,0,1,3,1,Atlanta PPA Challenger,2026-08-30,Round 64
1ca84479-1f9e-4288-ac9d-768fd57b7e62:g2,-2,715,424,426,757,794,795,1122,0,1,3,2,Atlanta PPA Challenger,2026-08-30,Round 64
3d6ce9be-c93f-420e-bb01-cb21a321018b:g1,-8,461,708,627,709,796,797,1123,0,1,3,1,Atlanta PPA Challenger,2026-08-30,Round 32
3d6ce9be-c93f-420e-bb01-cb21a321018b:g2,3,461,708,627,709,796,797,1123,0,1,3,2,Atlanta PPA Challenger,2026-08-30,Round 32
3d6ce9be-c93f-420e-bb01-cb21a321018b:g3,-4,461,708,627,709,796,797,1123,0,1,3,3,Atlanta PPA Challenger,2026-08-30,Round 32
3e77a199-cb50-43a4-b71a-74a5970feda0:g1,2,21,138,716,106,798,799,1124,0,1,3,1,Atlanta PPA Challenger,2026-08-30,Round 32
3e77a199-cb50-43a4-b71a-74a5970feda0:g2,-4,21,138,716,106,798,799,1124,0,1,3,2,Atlanta PPA Challenger,2026-08-30,Round 32
3e77a199-cb50-43a4-b71a-74a5970feda0:g3,3,21,138,716,106,798,799,1124,0,1,3,3,Atlanta PPA Challenger,2026-08-30,Round 32
40139ee6-9860-4ec1-af99-39bc743aca53:g1,-5,17,223,233,100,800,801,1125,0,1,3,1,Atlanta PPA Challenger,2026-08-30,Round 16
40139ee6-9860-4ec1-af99-39bc743aca53:g2,9,17,223,233,100,800,801,1125,0,1,3,2,Atlanta PPA Challenger,2026-08-30,Round 16
40139ee6-9860-4ec1-af99-39bc743aca53:g3,-2,17,223,233,100,800,801,1125,0,1,3,3,Atlanta PPA Challenger,2026-08-30,Round 16
46e711ea-b2ee-4b0e-a9c0-76ad2b17f7d9:g1,-5,558,389,61,219,802,792,1126,0,1,3,1,Atlanta PPA Challenger,2026-08-30,Round 32
46e711ea-b2ee-4b0e-a9c0-76ad2b17f7d9:g2,-7,558,389,61,219,802,792,1126,0,1,3,2,Atlanta PPA Challenger,2026-08-30,Round 32
46ed7f6e-c74e-4838-badc-b8d365b46c53:g1,5,93,411,53,108,803,804,1127,0,1,3,1,Atlanta PPA Challenger,2026-08-30,Round 64
46ed7f6e-c74e-4838-badc-b8d365b46c53:g2,9,93,411,53,108,803,804,1127,0,1,3,2,Atlanta PPA Challenger,2026-08-30,Round 64
4d9e0449-6edb-4fee-bbf9-7ce1170cfab3:g1,9,21,138,765,766,798,805,1128,0,1,3,1,Atlanta PPA Challenger,2026-08-30,Round 64
4d9e0449-6edb-4fee-bbf9-7ce1170cfab3:g2,4,21,138,765,766,798,805,1128,0,1,3,2,Atlanta PPA Challenger,2026-08-30,Round 64
50281784-2e6b-4535-8179-37ed1292d08c:g1,-11,627,709,628,37,797,597,1129,0,1,3,1,Atlanta PPA Challenger,2026-08-30,Semi-Finals
50281784-2e6b-4535-8179-37ed1292d08c:g2,-9,627,709,628,37,797,597,1129,0,1,3,2,Atlanta PPA Challenger,2026-08-30,Semi-Finals
54676b15-e1f8-45ed-a36d-42a9ddf6d444:g1,-2,84,430,75,162,791,173,1130,0,1,3,1,Atlanta PPA Challenger,2026-08-30,Round 16
54676b15-e1f8-45ed-a36d-42a9ddf6d444:g2,10,84,430,75,162,791,173,1130,0,1,3,2,Atlanta PPA Challenger,2026-08-30,Round 16
54676b15-e1f8-45ed-a36d-42a9ddf6d444:g3,3,84,430,75,162,791,173,1130,0,1,3,3,Atlanta PPA Challenger,2026-08-30,Round 16
56a6aae7-daec-4a62-98b5-253b66a2d21a:g1,10,83,157,111,94,806,152,1131,0,1,3,1,Atlanta PPA Challenger,2026-08-30,Round 32
56a6aae7-daec-4a62-98b5-253b66a2d21a:g2,-3,83,157,111,94,806,152,1131,0,1,3,2,Atlanta PPA Challenger,2026-08-30,Round 32
56a6aae7-daec-4a62-98b5-253b66a2d21a:g3,-5,83,157,111,94,806,152,1131,0,1,3,3,Atlanta PPA Challenger,2026-08-30,Round 32
59b19691-7a85-4c48-b545-2789657f3e0a:g1,-7,732,176,716,106,807,799,1132,0,1,3,1,Atlanta PPA Challenger,2026-08-30,Round 64
59b19691-7a85-4c48-b545-2789657f3e0a:g2,-6,732,176,716,106,807,799,1132,0,1,3,2,Atlanta PPA Challenger,2026-08-30,Round 64
5bdc867c-0d20-480c-b7fd-e315f3d92abf:g1,4,739,374,767,768,808,809,1133,0,1,3,1,Atlanta PPA Challenger,2026-08-30,Round 64
5bdc867c-0d20-480c-b7fd-e315f3d92abf:g2,6,739,374,767,768,808,809,1133,0,1,3,2,Atlanta PPA Challenger,2026-08-30,Round 64
5d4c780a-4e07-4aa3-ab80-b6fb6ea52e51:g1,3,56,587,191,59,810,149,1134,0,1,3,1,Atlanta PPA Challenger,2026-08-30,Round 64
5d4c780a-4e07-4aa3-ab80-b6fb6ea52e51:g2,-5,56,587,191,59,810,149,1134,0,1,3,2,Atlanta PPA Challenger,2026-08-30,Round 64
5d4c780a-4e07-4aa3-ab80-b6fb6ea52e51:g3,-7,56,587,191,59,810,149,1134,0,1,3,3,Atlanta PPA Challenger,2026-08-30,Round 64
603dec0b-dc01-4fe1-8996-8988c1f06264:g1,4,410,396,84,430,793,791,1135,0,1,3,1,Atlanta PPA Challenger,2026-08-30,Semi-Finals
603dec0b-dc01-4fe1-8996-8988c1f06264:g2,-7,410,396,84,430,793,791,1135,0,1,3,2,Atlanta PPA Challenger,2026-08-30,Semi-Finals
603dec0b-dc01-4fe1-8996-8988c1f06264:g3,2,410,396,84,430,793,791,1135,0,1,3,3,Atlanta PPA Challenger,2026-08-30,Semi-Finals
6421f14e-87f3-494c-8650-116920226145:g1,8,739,374,769,222,808,811,1136,0,1,3,1,Atlanta PPA Challenger,2026-08-30,Round 32
6421f14e-87f3-494c-8650-116920226145:g2,7,739,374,769,222,808,811,1136,0,1,3,2,Atlanta PPA Challenger,2026-08-30,Round 32
68d5d15d-fecc-435c-b99a-6062547a5ab8:g1,2,260,433,744,736,812,813,1137,0,1,3,1,Atlanta PPA Challenger,2026-08-30,Round 64
68d5d15d-fecc-435c-b99a-6062547a5ab8:g2,5,260,433,744,736,812,813,1137,0,1,3,2,Atlanta PPA Challenger,2026-08-30,Round 64
68df5981-1656-4a77-b4a2-4da5fe8e18f1:g1,7,233,100,97,119,801,814,1138,0,1,3,1,Atlanta PPA Challenger,2026-08-30,Round 32
68df5981-1656-4a77-b4a2-4da5fe8e18f1:g2,4,233,100,97,119,801,814,1138,0,1,3,2,Atlanta PPA Challenger,2026-08-30,Round 32
6ca88710-3fb1-45dc-9b14-7499aa2cec0a:g1,-5,770,771,168,214,815,788,1139,0,1,3,1,Atlanta PPA Challenger,2026-08-30,Round 64
6ca88710-3fb1-45dc-9b14-7499aa2cec0a:g2,2,770,771,168,214,815,788,1139,0,1,3,2,Atlanta PPA Challenger,2026-08-30,Round 64
6ca88710-3fb1-45dc-9b14-7499aa2cec0a:g3,-4,770,771,168,214,815,788,1139,0,1,3,3,Atlanta PPA Challenger,2026-08-30,Round 64
70fa67de-aee0-4c13-88d2-a367af04699a:g1,6,125,382,89,192,789,816,1140,0,1,3,1,Atlanta PPA Challenger,2026-08-30,Round 64
70fa67de-aee0-4c13-88d2-a367af04699a:g2,6,125,382,89,192,789,816,1140,0,1,3,2,Atlanta PPA Challenger,2026-08-30,Round 64
799595ae-9356-46c1-afbb-2f18a4172ee5:g1,2,111,94,78,72,152,817,1141,0,1,3,1,Atlanta PPA Challenger,2026-08-30,Round 64
799595ae-9356-46c1-afbb-2f18a4172ee5:g2,4,111,94,78,72,152,817,1141,0,1,3,2,Atlanta PPA Challenger,2026-08-30,Round 64
7a563043-a519-45ae-b0e1-7815e1b1b79b:g1,3,600,88,734,615,790,818,1142,0,1,3,1,Atlanta PPA Challenger,2026-08-30,Round 64
7a563043-a519-45ae-b0e1-7815e1b1b79b:g2,9,600,88,734,615,790,818,1142,0,1,3,2,Atlanta PPA Challenger,2026-08-30,Round 64
7b2e5cb7-ea44-4ae3-b88d-6bb0de17b2ae:g1,2,769,222,394,428,811,819,1143,0,1,3,1,Atlanta PPA Challenger,2026-08-30,Round 64
7b2e5cb7-ea44-4ae3-b88d-6bb0de17b2ae:g2,2,769,222,394,428,811,819,1143,0,1,3,2,Atlanta PPA Challenger,2026-08-30,Round 64
7b5f02fe-2e76-40ce-82ca-c90ad44bb5f0:g1,9,410,396,260,433,793,812,1144,0,1,3,1,Atlanta PPA Challenger,2026-08-30,Quarter Finals
7b5f02fe-2e76-40ce-82ca-c90ad44bb5f0:g2,2,410,396,260,433,793,812,1144,0,1,3,2,Atlanta PPA Challenger,2026-08-30,Quarter Finals
7e12a9c8-a4d8-4566-bbcb-89844ef2864d:g1,-10,105,149,73,179,151,820,1145,0,1,3,1,Atlanta PPA Challenger,2026-08-30,Round 64
7e12a9c8-a4d8-4566-bbcb-89844ef2864d:g2,2,105,149,73,179,151,820,1145,0,1,3,2,Atlanta PPA Challenger,2026-08-30,Round 64
7e12a9c8-a4d8-4566-bbcb-89844ef2864d:g3,7,105,149,73,179,151,820,1145,0,1,3,3,Atlanta PPA Challenger,2026-08-30,Round 64
802aa2a9-cc5f-4624-ac2f-a27221c1a557:g1,9,461,708,161,74,796,821,1146,0,1,3,1,Atlanta PPA Challenger,2026-08-30,Round 64
802aa2a9-cc5f-4624-ac2f-a27221c1a557:g2,3,461,708,161,74,796,821,1146,0,1,3,2,Atlanta PPA Challenger,2026-08-30,Round 64
8ab326bd-9844-4569-8f85-b5e7f277f9dd:g1,4,633,370,97,119,822,814,1147,0,1,3,1,Atlanta PPA Challenger,2026-08-30,Round 64
8ab326bd-9844-4569-8f85-b5e7f277f9dd:g2,-2,633,370,97,119,822,814,1147,0,1,3,2,Atlanta PPA Challenger,2026-08-30,Round 64
8ab326bd-9844-4569-8f85-b5e7f277f9dd:g3,-8,633,370,97,119,822,814,1147,0,1,3,3,Atlanta PPA Challenger,2026-08-30,Round 64
8be560cd-1288-4388-82ac-bd7579908619:g1,2,55,120,21,138,823,798,1148,0,1,3,1,Atlanta PPA Challenger,2026-08-30,Round 16
8be560cd-1288-4388-82ac-bd7579908619:g2,4,55,120,21,138,823,798,1148,0,1,3,2,Atlanta PPA Challenger,2026-08-30,Round 16
8cce9fe4-b562-4b28-9efe-19d68d6165de:g1,10,55,120,171,236,823,184,1149,0,1,3,1,Atlanta PPA Challenger,2026-08-30,Round 64
8cce9fe4-b562-4b28-9efe-19d68d6165de:g2,6,55,120,171,236,823,184,1149,0,1,3,2,Atlanta PPA Challenger,2026-08-30,Round 64
8feca692-99ee-4bab-81cc-3709e934a73c:g1,-7,187,107,61,219,824,792,1150,0,1,3,1,Atlanta PPA Challenger,2026-08-30,Round 64
8feca692-99ee-4bab-81cc-3709e934a73c:g2,-5,187,107,61,219,824,792,1150,0,1,3,2,Atlanta PPA Challenger,2026-08-30,Round 64
9415cad5-e561-477c-9d1e-6164c0aacc0f:g1,9,628,37,54,763,597,825,1151,0,1,3,1,Atlanta PPA Challenger,2026-08-30,Round 64
9415cad5-e561-477c-9d1e-6164c0aacc0f:g2,5,628,37,54,763,597,825,1151,0,1,3,2,Atlanta PPA Challenger,2026-08-30,Round 64
a18a4f93-42a6-4481-905c-63b383538c81:g1,10,233,100,724,220,801,826,1152,0,1,3,1,Atlanta PPA Challenger,2026-08-30,Round 64
a18a4f93-42a6-4481-905c-63b383538c81:g2,10,233,100,724,220,801,826,1152,0,1,3,2,Atlanta PPA Challenger,2026-08-30,Round 64
a55481c2-5bb9-4ac2-bc98-6ed8a92c5a92:g1,10,68,134,738,756,787,827,1153,0,1,3,1,Atlanta PPA Challenger,2026-08-30,Round 64
a55481c2-5bb9-4ac2-bc98-6ed8a92c5a92:g2,7,68,134,738,756,787,827,1153,0,1,3,2,Atlanta PPA Challenger,2026-08-30,Round 64
a81313c3-958f-456b-90e3-9e4d6ab15238:g1,2,393,67,737,713,828,829,1154,0,1,3,1,Atlanta PPA Challenger,2026-08-30,Round 64
a81313c3-958f-456b-90e3-9e4d6ab15238:g2,8,393,67,737,713,828,829,1154,0,1,3,2,Atlanta PPA Challenger,2026-08-30,Round 64
aecdf936-1a51-48e8-94cd-6b151df6283b:g1,-6,627,709,91,741,797,830,1155,0,1,3,1,Atlanta PPA Challenger,2026-08-30,Round 64
aecdf936-1a51-48e8-94cd-6b151df6283b:g2,8,627,709,91,741,797,830,1155,0,1,3,2,Atlanta PPA Challenger,2026-08-30,Round 64
aecdf936-1a51-48e8-94cd-6b151df6283b:g3,7,627,709,91,741,797,830,1155,0,1,3,3,Atlanta PPA Challenger,2026-08-30,Round 64
b3486d8a-dfb1-4759-b308-3a52a5be90b9:g1,11,558,389,772,773,802,831,1156,0,1,3,1,Atlanta PPA Challenger,2026-08-30,Round 64
b3486d8a-dfb1-4759-b308-3a52a5be90b9:g2,5,558,389,772,773,802,831,1156,0,1,3,2,Atlanta PPA Challenger,2026-08-30,Round 64
b9d9d58c-6807-44d1-a57b-bba8d9ad37fa:g1,2,150,729,76,95,832,833,1157,0,1,3,1,Atlanta PPA Challenger,2026-08-30,Round 64
b9d9d58c-6807-44d1-a57b-bba8d9ad37fa:g2,-4,150,729,76,95,832,833,1157,0,1,3,2,Atlanta PPA Challenger,2026-08-30,Round 64
b9d9d58c-6807-44d1-a57b-bba8d9ad37fa:g3,3,150,729,76,95,832,833,1157,0,1,3,3,Atlanta PPA Challenger,2026-08-30,Round 64
bfb951ea-5784-4ff3-b313-6defe650d594:g1,-2,739,374,628,37,808,597,1158,0,1,3,1,Atlanta PPA Challenger,2026-08-30,Round 16
bfb951ea-5784-4ff3-b313-6defe650d594:g2,-7,739,374,628,37,808,597,1158,0,1,3,2,Atlanta PPA Challenger,2026-08-30,Round 16
c5c82729-265a-4a22-b738-c9f2d3b3b018:g1,10,546,36,774,163,834,835,1159,0,1,3,1,Atlanta PPA Challenger,2026-08-30,Round 64
c5c82729-265a-4a22-b738-c9f2d3b3b018:g2,10,546,36,774,163,834,835,1159,0,1,3,2,Atlanta PPA Challenger,2026-08-30,Round 64
c64c996f-b162-4188-bc9e-1a675f15e38b:g1,4,260,433,191,59,812,149,1160,0,1,3,1,Atlanta PPA Challenger,2026-08-30,Round 32
c64c996f-b162-4188-bc9e-1a675f15e38b:g2,2,260,433,191,59,812,149,1160,0,1,3,2,Atlanta PPA Challenger,2026-08-30,Round 32
cb4e6bc7-637a-47b3-b091-b9424bed7e77:g1,4,17,223,150,729,800,832,1161,0,1,3,1,Atlanta PPA Challenger,2026-08-30,Round 32
cb4e6bc7-637a-47b3-b091-b9424bed7e77:g2,5,17,223,150,729,800,832,1161,0,1,3,2,Atlanta PPA Challenger,2026-08-30,Round 32
d13c579d-a62f-44e8-8ce0-67cca16dfa5d:g1,8,627,709,55,120,797,823,1162,0,1,3,1,Atlanta PPA Challenger,2026-08-30,Quarter Finals
d13c579d-a62f-44e8-8ce0-67cca16dfa5d:g2,-4,627,709,55,120,797,823,1162,0,1,3,2,Atlanta PPA Challenger,2026-08-30,Quarter Finals
d13c579d-a62f-44e8-8ce0-67cca16dfa5d:g3,7,627,709,55,120,797,823,1162,0,1,3,3,Atlanta PPA Challenger,2026-08-30,Quarter Finals
d4a01e91-705b-44f1-9e64-6d2e43e79c65:g1,4,410,396,466,711,793,836,1163,0,1,3,1,Atlanta PPA Challenger,2026-08-30,Round 64
d4a01e91-705b-44f1-9e64-6d2e43e79c65:g2,11,410,396,466,711,793,836,1163,0,1,3,2,Atlanta PPA Challenger,2026-08-30,Round 64
d859f5a0-9039-4d71-b86c-8165a48d6a99:g1,9,75,162,241,207,173,837,1164,0,1,3,1,Atlanta PPA Challenger,2026-08-30,Round 64
d859f5a0-9039-4d71-b86c-8165a48d6a99:g2,5,75,162,241,207,173,837,1164,0,1,3,2,Atlanta PPA Challenger,2026-08-30,Round 64
da7dc722-f92a-4212-95e3-2a03e8ddbfc0:g1,-3,572,477,759,733,838,839,1165,0,1,3,1,Atlanta PPA Challenger,2026-08-30,Round 64
da7dc722-f92a-4212-95e3-2a03e8ddbfc0:g2,2,572,477,759,733,838,839,1165,0,1,3,2,Atlanta PPA Challenger,2026-08-30,Round 64
da7dc722-f92a-4212-95e3-2a03e8ddbfc0:g3,-4,572,477,759,733,838,839,1165,0,1,3,3,Atlanta PPA Challenger,2026-08-30,Round 64
e987b5d1-8239-416f-bab0-60b76fe4e1c5:g1,-6,111,94,410,396,152,793,1166,0,1,3,1,Atlanta PPA Challenger,2026-08-30,Round 16
e987b5d1-8239-416f-bab0-60b76fe4e1c5:g2,-5,111,94,410,396,152,793,1166,0,1,3,2,Atlanta PPA Challenger,2026-08-30,Round 16
eaeed47b-bf1b-4441-ab2a-b981220ee6fe:g1,-4,61,219,125,382,792,789,1167,0,1,3,1,Atlanta PPA Challenger,2026-08-30,Round 16
eaeed47b-bf1b-4441-ab2a-b981220ee6fe:g2,6,61,219,125,382,792,789,1167,0,1,3,2,Atlanta PPA Challenger,2026-08-30,Round 16
eaeed47b-bf1b-4441-ab2a-b981220ee6fe:g3,3,61,219,125,382,792,789,1167,0,1,3,3,Atlanta PPA Challenger,2026-08-30,Round 16
eb64c640-8cc8-466c-ad99-2041a9bb93ee:g1,-5,126,40,627,709,840,797,1168,0,1,3,1,Atlanta PPA Challenger,2026-08-30,Round 16
eb64c640-8cc8-466c-ad99-2041a9bb93ee:g2,-6,126,40,627,709,840,797,1168,0,1,3,2,Atlanta PPA Challenger,2026-08-30,Round 16
ebc5e378-5b9c-4098-9069-b0997a39aa07:g1,-2,393,67,55,120,828,823,1169,0,1,3,1,Atlanta PPA Challenger,2026-08-30,Round 32
ebc5e378-5b9c-4098-9069-b0997a39aa07:g2,-8,393,67,55,120,828,823,1169,0,1,3,2,Atlanta PPA Challenger,2026-08-30,Round 32
ec911524-18b0-4087-b236-82648b0e115e:g1,5,628,37,759,733,597,839,1170,0,1,3,1,Atlanta PPA Challenger,2026-08-30,Round 32
ec911524-18b0-4087-b236-82648b0e115e:g2,8,628,37,759,733,597,839,1170,0,1,3,2,Atlanta PPA Challenger,2026-08-30,Round 32
ed7e9b9b-ec8b-4256-a904-1897dd563c9f:g1,-6,168,214,260,433,788,812,1171,0,1,3,1,Atlanta PPA Challenger,2026-08-30,Round 16
ed7e9b9b-ec8b-4256-a904-1897dd563c9f:g2,-8,168,214,260,433,788,812,1171,0,1,3,2,Atlanta PPA Challenger,2026-08-30,Round 16
ef311afa-cd60-45bb-86ed-d364b4795374:g1,-4,410,396,628,37,793,597,1172,0,1,3,1,Atlanta PPA Challenger,2026-08-30,Finals
ef311afa-cd60-45bb-86ed-d364b4795374:g2,2,410,396,628,37,793,597,1172,0,1,3,2,Atlanta PPA Challenger,2026-08-30,Finals
ef311afa-cd60-45bb-86ed-d364b4795374:g3,-9,410,396,628,37,793,597,1172,0,1,3,3,Atlanta PPA Challenger,2026-08-30,Finals
f03983b0-c833-433d-93c7-672ba02354b7:g1,-7,233,100,628,37,801,597,1173,0,1,3,1,Atlanta PPA Challenger,2026-08-30,Quarter Finals
f03983b0-c833-433d-93c7-672ba02354b7:g2,7,233,100,628,37,801,597,1173,0,1,3,2,Atlanta PPA Challenger,2026-08-30,Quarter Finals
f03983b0-c833-433d-93c7-672ba02354b7:g3,-4,233,100,628,37,801,597,1173,0,1,3,3,Atlanta PPA Challenger,2026-08-30,Quarter Finals
f4712945-15c0-4304-97ba-5bf6fee1ce11:g1,7,84,430,93,411,791,803,1174,0,1,3,1,Atlanta PPA Challenger,2026-08-30,Round 32
f4712945-15c0-4304-97ba-5bf6fee1ce11:g2,8,84,430,93,411,791,803,1174,0,1,3,2,Atlanta PPA Challenger,2026-08-30,Round 32
fc2fac03-c52e-4c56-8d74-471f4cd67fbe:g1,5,126,40,426,757,840,795,1175,0,1,3,1,Atlanta PPA Challenger,2026-08-30,Round 32
fc2fac03-c52e-4c56-8d74-471f4cd67fbe:g2,4,126,40,426,757,840,795,1175,0,1,3,2,Atlanta PPA Challenger,2026-08-30,Round 32
48a9385b-c006-4be8-aaff-ae11b6b9e5b3:g1,2,2,386,383,384,325,322,1176,1,0,1,1,DoorDash MLP Finals New York City Powered by Toray,2026-08-30,RR
acb9d506-3f0a-455b-9330-f0fe6a8edc2c:g1,-5,368,385,388,384,323,328,1177,0,0,1,1,DoorDash MLP Finals New York City Powered by Toray,2026-08-30,RR
da2d0853-e276-4889-ad09-a7dba65654c1:g1,2,368,369,388,387,307,332,1178,2,0,1,1,DoorDash MLP Finals New York City Powered by Toray,2026-08-30,RR
fc6e3aba-0d43-43a7-87a4-f48b58c32c70:g1,-2,369,2,387,383,316,327,1179,0,0,1,1,DoorDash MLP Finals New York City Powered by Toray,2026-08-30,RR
00c268f4-23b0-41ae-9a8d-d37c51a2599d:g1,5,68,775,446,776,841,842,1180,0,1,3,1,PPA Tour: Veolia Pickleball National Championships,2026-08-31,Qualifier — Round 16
00c268f4-23b0-41ae-9a8d-d37c51a2599d:g2,2,68,775,446,776,841,842,1180,0,1,3,2,PPA Tour: Veolia Pickleball National Championships,2026-08-31,Qualifier — Round 16
043f4e18-47bb-4382-b922-b530ab6b4d7e:g1,3,221,390,97,98,843,73,1181,1,1,3,1,PPA Tour: Veolia Pickleball National Championships,2026-08-31,Qualifier — Round 16
043f4e18-47bb-4382-b922-b530ab6b4d7e:g2,5,221,390,97,98,843,73,1181,1,1,3,2,PPA Tour: Veolia Pickleball National Championships,2026-08-31,Qualifier — Round 16
21bae483-ca4e-4e8d-a4ec-f21bf9eca1a1:g1,-5,106,777,403,709,844,845,1182,0,1,3,1,PPA Tour: Veolia Pickleball National Championships,2026-08-31,Qualifier — Round 16
21bae483-ca4e-4e8d-a4ec-f21bf9eca1a1:g2,2,106,777,403,709,844,845,1182,0,1,3,2,PPA Tour: Veolia Pickleball National Championships,2026-08-31,Qualifier — Round 16
21bae483-ca4e-4e8d-a4ec-f21bf9eca1a1:g3,-8,106,777,403,709,844,845,1182,0,1,3,3,PPA Tour: Veolia Pickleball National Championships,2026-08-31,Qualifier — Round 16
264f4b48-5a15-4388-919e-000b57438c1a:g1,10,187,778,551,552,846,494,1183,2,1,3,1,PPA Tour: Veolia Pickleball National Championships,2026-08-31,Qualifier — Quarter Finals
264f4b48-5a15-4388-919e-000b57438c1a:g2,6,187,778,551,552,846,494,1183,2,1,3,2,PPA Tour: Veolia Pickleball National Championships,2026-08-31,Qualifier — Quarter Finals
32bb0928-87a6-4482-bed7-7a6a04696192:g1,4,179,180,705,706,114,720,1184,1,1,3,1,PPA Tour: Veolia Pickleball National Championships,2026-08-31,Qualifier — Round 32
32bb0928-87a6-4482-bed7-7a6a04696192:g2,2,179,180,705,706,114,720,1184,1,1,3,2,PPA Tour: Veolia Pickleball National Championships,2026-08-31,Qualifier — Round 32
38c50f03-74ed-429f-86a9-a6acaac47b2b:g1,5,732,390,53,108,847,804,1185,0,1,3,1,PPA Tour: Veolia Pickleball National Championships,2026-08-31,Qualifier — Round 32
38c50f03-74ed-429f-86a9-a6acaac47b2b:g2,-5,732,390,53,108,847,804,1185,0,1,3,2,PPA Tour: Veolia Pickleball National Championships,2026-08-31,Qualifier — Round 32
38c50f03-74ed-429f-86a9-a6acaac47b2b:g3,2,732,390,53,108,847,804,1185,0,1,3,3,PPA Tour: Veolia Pickleball National Championships,2026-08-31,Qualifier — Round 32
40e89197-547a-402d-8702-67a8141f2e84:g1,2,627,628,779,780,551,848,1186,1,1,3,1,PPA Tour: Veolia Pickleball National Championships,2026-08-31,Qualifier — Round 16
40e89197-547a-402d-8702-67a8141f2e84:g2,7,627,628,779,780,551,848,1186,1,1,3,2,PPA Tour: Veolia Pickleball National Championships,2026-08-31,Qualifier — Round 16
414ea42a-7020-4b76-a6f3-0b27a8a4cead:g1,3,106,461,455,723,849,850,1187,1,1,3,1,PPA Tour: Veolia Pickleball National Championships,2026-08-31,Qualifier — Round 32
414ea42a-7020-4b76-a6f3-0b27a8a4cead:g2,8,106,461,455,723,849,850,1187,1,1,3,2,PPA Tour: Veolia Pickleball National Championships,2026-08-31,Qualifier — Round 32
4486f3d7-fe7f-439f-9e34-362c32af5861:g1,7,781,105,782,783,851,852,1188,0,1,3,1,PPA Tour: Veolia Pickleball National Championships,2026-08-31,Qualifier — Round 32
4486f3d7-fe7f-439f-9e34-362c32af5861:g2,8,781,105,782,783,851,852,1188,0,1,3,2,PPA Tour: Veolia Pickleball National Championships,2026-08-31,Qualifier — Round 32
48de0db9-4929-4436-9957-b9e4d01dd07e:g1,5,67,59,119,777,493,853,1189,2,1,3,1,PPA Tour: Veolia Pickleball National Championships,2026-08-31,Qualifier — Semi-Finals
48de0db9-4929-4436-9957-b9e4d01dd07e:g2,4,67,59,119,777,493,853,1189,2,1,3,2,PPA Tour: Veolia Pickleball National Championships,2026-08-31,Qualifier — Semi-Finals
4c4ce4b2-08f4-4886-b6df-98b0e308e7f8:g1,-2,119,741,59,222,854,855,1190,0,1,3,1,PPA Tour: Veolia Pickleball National Championships,2026-08-31,Qualifier — Round 16
4c4ce4b2-08f4-4886-b6df-98b0e308e7f8:g2,-7,119,741,59,222,854,855,1190,0,1,3,2,PPA Tour: Veolia Pickleball National Championships,2026-08-31,Qualifier — Round 16
4f1ae5b6-4321-4177-9558-e26e7b4c180e:g1,6,633,36,732,390,630,847,1191,0,1,3,1,PPA Tour: Veolia Pickleball National Championships,2026-08-31,Qualifier — Round 16
4f1ae5b6-4321-4177-9558-e26e7b4c180e:g2,7,633,36,732,390,630,847,1191,0,1,3,2,PPA Tour: Veolia Pickleball National Championships,2026-08-31,Qualifier — Round 16
5042f7ff-d691-432a-b4c4-ec87f1a19f6a:g1,6,75,162,724,784,173,856,1192,0,1,3,1,PPA Tour: Veolia Pickleball National Championships,2026-08-31,Qualifier — Round 32
5042f7ff-d691-432a-b4c4-ec87f1a19f6a:g2,-3,75,162,724,784,173,856,1192,0,1,3,2,PPA Tour: Veolia Pickleball National Championships,2026-08-31,Qualifier — Round 32
5042f7ff-d691-432a-b4c4-ec87f1a19f6a:g3,9,75,162,724,784,173,856,1192,0,1,3,3,PPA Tour: Veolia Pickleball National Championships,2026-08-31,Qualifier — Round 32
552ad630-6d5b-43fc-a31d-b42f3a0f316d:g1,10,572,424,175,741,511,857,1193,1,1,3,1,PPA Tour: Veolia Pickleball National Championships,2026-08-31,Qualifier — Round 16
552ad630-6d5b-43fc-a31d-b42f3a0f316d:g2,-2,572,424,175,741,511,857,1193,1,1,3,2,PPA Tour: Veolia Pickleball National Championships,2026-08-31,Qualifier — Round 16
552ad630-6d5b-43fc-a31d-b42f3a0f316d:g3,3,572,424,175,741,511,857,1193,1,1,3,3,PPA Tour: Veolia Pickleball National Championships,2026-08-31,Qualifier — Round 16
583a8d9d-4164-4b2b-a7b3-e42c38c126ff:g1,-7,67,59,187,778,493,846,1194,2,1,3,1,PPA Tour: Veolia Pickleball National Championships,2026-08-31,Qualifier — Finals
583a8d9d-4164-4b2b-a7b3-e42c38c126ff:g2,-2,67,59,187,778,493,846,1194,2,1,3,2,PPA Tour: Veolia Pickleball National Championships,2026-08-31,Qualifier — Finals
5aa2fa59-3f2f-4873-bbf2-e1f2a8563e0f:g1,-6,44,564,402,551,858,614,1195,0,1,3,1,PPA Tour: Veolia Pickleball National Championships,2026-08-31,Qualifier — Round 32
5aa2fa59-3f2f-4873-bbf2-e1f2a8563e0f:g2,2,44,564,402,551,858,614,1195,0,1,3,2,PPA Tour: Veolia Pickleball National Championships,2026-08-31,Qualifier — Round 32
5aa2fa59-3f2f-4873-bbf2-e1f2a8563e0f:g3,-5,44,564,402,551,858,614,1195,0,1,3,3,PPA Tour: Veolia Pickleball National Championships,2026-08-31,Qualifier — Round 32
60a38cef-a3ca-4bc5-acc3-b2e13bb4db4d:g1,5,461,708,219,54,796,859,1196,0,1,3,1,PPA Tour: Veolia Pickleball National Championships,2026-08-31,Qualifier — Round 32
60a38cef-a3ca-4bc5-acc3-b2e13bb4db4d:g2,6,461,708,219,54,796,859,1196,0,1,3,2,PPA Tour: Veolia Pickleball National Championships,2026-08-31,Qualifier — Round 32
66b9c679-8e00-41d0-aa90-b060c4425621:g1,6,785,786,205,79,860,172,1197,0,1,3,1,PPA Tour: Veolia Pickleball National Championships,2026-08-31,Qualifier — Round 32
66b9c679-8e00-41d0-aa90-b060c4425621:g2,-2,785,786,205,79,860,172,1197,0,1,3,2,PPA Tour: Veolia Pickleball National Championships,2026-08-31,Qualifier — Round 32
66b9c679-8e00-41d0-aa90-b060c4425621:g3,5,785,786,205,79,860,172,1197,0,1,3,3,PPA Tour: Veolia Pickleball National Championships,2026-08-31,Qualifier — Round 32
6ba60dac-e661-4ea0-b56a-22b890d9aa7d:g1,11,107,176,787,788,861,862,1198,1,1,3,1,PPA Tour: Veolia Pickleball National Championships,2026-08-31,Qualifier — Round 32
6ba60dac-e661-4ea0-b56a-22b890d9aa7d:g2,11,107,176,787,788,861,862,1198,1,1,3,2,PPA Tour: Veolia Pickleball National Championships,2026-08-31,Qualifier — Round 32
71445e72-73ac-4822-a6c1-701068d23b52:g1,3,789,382,778,790,863,864,1199,0,1,3,1,PPA Tour: Veolia Pickleball National Championships,2026-08-31,Qualifier — Round 32
71445e72-73ac-4822-a6c1-701068d23b52:g2,8,789,382,778,790,863,864,1199,0,1,3,2,PPA Tour: Veolia Pickleball National Championships,2026-08-31,Qualifier — Round 32
742ad868-2da5-41f9-aebd-689fab7b59f5:g1,-5,186,79,179,180,865,114,1200,1,1,3,1,PPA Tour: Veolia Pickleball National Championships,2026-08-31,Qualifier — Round 16
742ad868-2da5-41f9-aebd-689fab7b59f5:g2,5,186,79,179,180,865,114,1200,1,1,3,2,PPA Tour: Veolia Pickleball National Championships,2026-08-31,Qualifier — Round 16
742ad868-2da5-41f9-aebd-689fab7b59f5:g3,-3,186,79,179,180,865,114,1200,1,1,3,3,PPA Tour: Veolia Pickleball National Championships,2026-08-31,Qualifier — Round 16
7b93d0c4-0e29-4ece-a636-ae4945c4d903:g1,-6,791,792,119,741,866,854,1201,0,1,3,1,PPA Tour: Veolia Pickleball National Championships,2026-08-31,Qualifier — Round 32
7b93d0c4-0e29-4ece-a636-ae4945c4d903:g2,2,791,792,119,741,866,854,1201,0,1,3,2,PPA Tour: Veolia Pickleball National Championships,2026-08-31,Qualifier — Round 32
7b93d0c4-0e29-4ece-a636-ae4945c4d903:g3,-8,791,792,119,741,866,854,1201,0,1,3,3,PPA Tour: Veolia Pickleball National Championships,2026-08-31,Qualifier — Round 32
7cf7e342-0050-47bd-878e-a06019039ca9:g1,3,75,162,785,786,173,860,1202,0,1,3,1,PPA Tour: Veolia Pickleball National Championships,2026-08-31,Qualifier — Round 16
7cf7e342-0050-47bd-878e-a06019039ca9:g2,4,75,162,785,786,173,860,1202,0,1,3,2,PPA Tour: Veolia Pickleball National Championships,2026-08-31,Qualifier — Round 16
83a95545-1bee-410c-b8a2-8595a1ed993a:g1,-9,391,129,106,461,867,849,1203,1,1,3,1,PPA Tour: Veolia Pickleball National Championships,2026-08-31,Qualifier — Round 16
83a95545-1bee-410c-b8a2-8595a1ed993a:g2,2,391,129,106,461,867,849,1203,1,1,3,2,PPA Tour: Veolia Pickleball National Championships,2026-08-31,Qualifier — Round 16
83a95545-1bee-410c-b8a2-8595a1ed993a:g3,-3,391,129,106,461,867,849,1203,1,1,3,3,PPA Tour: Veolia Pickleball National Championships,2026-08-31,Qualifier — Round 16
943daa73-b978-4747-b60a-6434abfc034b:g1,9,461,708,793,11,796,868,1204,0,1,3,1,PPA Tour: Veolia Pickleball National Championships,2026-08-31,Qualifier — Round 16
943daa73-b978-4747-b60a-6434abfc034b:g2,6,461,708,793,11,796,868,1204,0,1,3,2,PPA Tour: Veolia Pickleball National Championships,2026-08-31,Qualifier — Round 16
98915b2b-15eb-47ff-ba28-c1190cd1638b:g1,2,781,105,770,771,851,815,1205,0,1,3,1,PPA Tour: Veolia Pickleball National Championships,2026-08-31,Qualifier — Round 16
98915b2b-15eb-47ff-ba28-c1190cd1638b:g2,10,781,105,770,771,851,815,1205,0,1,3,2,PPA Tour: Veolia Pickleball National Championships,2026-08-31,Qualifier — Round 16
9e538138-b3d7-4d59-902d-f1f32296f5a7:g1,-5,177,758,191,192,782,120,1206,1,1,3,1,PPA Tour: Veolia Pickleball National Championships,2026-08-31,Qualifier — Round 32
9e538138-b3d7-4d59-902d-f1f32296f5a7:g2,-7,177,758,191,192,782,120,1206,1,1,3,2,PPA Tour: Veolia Pickleball National Championships,2026-08-31,Qualifier — Round 32
a95f4b7b-45b1-4576-95e9-1e05ea56ef09:g1,2,76,771,205,109,869,870,1207,2,1,3,1,PPA Tour: Veolia Pickleball National Championships,2026-08-31,Qualifier — Quarter Finals
a95f4b7b-45b1-4576-95e9-1e05ea56ef09:g2,3,76,771,205,109,869,870,1207,2,1,3,2,PPA Tour: Veolia Pickleball National Championships,2026-08-31,Qualifier — Quarter Finals
a9a1f3d3-3624-4fa8-b398-5acc33c52494:g1,-3,546,77,770,771,871,815,1208,0,1,3,1,PPA Tour: Veolia Pickleball National Championships,2026-08-31,Qualifier — Round 32
a9a1f3d3-3624-4fa8-b398-5acc33c52494:g2,2,546,77,770,771,871,815,1208,0,1,3,2,PPA Tour: Veolia Pickleball National Championships,2026-08-31,Qualifier — Round 32
a9a1f3d3-3624-4fa8-b398-5acc33c52494:g3,-6,546,77,770,771,871,815,1208,0,1,3,3,PPA Tour: Veolia Pickleball National Championships,2026-08-31,Qualifier — Round 32
aa679140-cd5e-4266-b4bc-c2ea717812a2:g1,2,97,98,570,794,73,872,1209,1,1,3,1,PPA Tour: Veolia Pickleball National Championships,2026-08-31,Qualifier — Round 32
aa679140-cd5e-4266-b4bc-c2ea717812a2:g2,-2,97,98,570,794,73,872,1209,1,1,3,2,PPA Tour: Veolia Pickleball National Championships,2026-08-31,Qualifier — Round 32
aa679140-cd5e-4266-b4bc-c2ea717812a2:g3,2,97,98,570,794,73,872,1209,1,1,3,3,PPA Tour: Veolia Pickleball National Championships,2026-08-31,Qualifier — Round 32
c1ba4a4f-faf8-439f-97c8-3a3b5991b90f:g1,4,175,741,790,795,857,873,1210,1,1,3,1,PPA Tour: Veolia Pickleball National Championships,2026-08-31,Qualifier — Round 32
c1ba4a4f-faf8-439f-97c8-3a3b5991b90f:g2,6,175,741,790,795,857,873,1210,1,1,3,2,PPA Tour: Veolia Pickleball National Championships,2026-08-31,Qualifier — Round 32
c5d8c054-4f74-4ee3-bd6f-57f14cbe2b60:g1,-8,394,712,107,176,874,861,1211,1,1,3,1,PPA Tour: Veolia Pickleball National Championships,2026-08-31,Qualifier — Round 16
c5d8c054-4f74-4ee3-bd6f-57f14cbe2b60:g2,-6,394,712,107,176,874,861,1211,1,1,3,2,PPA Tour: Veolia Pickleball National Championships,2026-08-31,Qualifier — Round 16
c8eda448-48dd-4b30-b4df-a6d081268e7e:g1,-8,76,771,187,778,869,846,1212,2,1,3,1,PPA Tour: Veolia Pickleball National Championships,2026-08-31,Qualifier — Semi-Finals
c8eda448-48dd-4b30-b4df-a6d081268e7e:g2,-9,76,771,187,778,869,846,1212,2,1,3,2,PPA Tour: Veolia Pickleball National Championships,2026-08-31,Qualifier — Semi-Finals
ce3293be-1f31-4465-8cb6-92faf9d44168:g1,-2,391,129,796,783,867,875,1213,1,1,3,1,PPA Tour: Veolia Pickleball National Championships,2026-08-31,Qualifier — Round 32
ce3293be-1f31-4465-8cb6-92faf9d44168:g2,5,391,129,796,783,867,875,1213,1,1,3,2,PPA Tour: Veolia Pickleball National Championships,2026-08-31,Qualifier — Round 32
ce3293be-1f31-4465-8cb6-92faf9d44168:g3,6,391,129,796,783,867,875,1213,1,1,3,3,PPA Tour: Veolia Pickleball National Championships,2026-08-31,Qualifier — Round 32
ceedae4e-d390-4f5c-854d-9666cc017013:g1,-2,606,396,59,222,600,855,1214,0,1,3,1,PPA Tour: Veolia Pickleball National Championships,2026-08-31,Qualifier — Round 32
ceedae4e-d390-4f5c-854d-9666cc017013:g2,-9,606,396,59,222,600,855,1214,0,1,3,2,PPA Tour: Veolia Pickleball National Championships,2026-08-31,Qualifier — Round 32
d1114782-f599-4b99-a229-8135d79d4be8:g1,8,789,382,402,551,863,614,1215,0,1,3,1,PPA Tour: Veolia Pickleball National Championships,2026-08-31,Qualifier — Round 16
d1114782-f599-4b99-a229-8135d79d4be8:g2,2,789,382,402,551,863,614,1215,0,1,3,2,PPA Tour: Veolia Pickleball National Championships,2026-08-31,Qualifier — Round 16
d2270eee-4bce-474f-ace5-8a5605b39f73:g1,-7,270,797,106,777,876,844,1216,0,1,3,1,PPA Tour: Veolia Pickleball National Championships,2026-08-31,Qualifier — Round 32
d2270eee-4bce-474f-ace5-8a5605b39f73:g2,-3,270,797,106,777,876,844,1216,0,1,3,2,PPA Tour: Veolia Pickleball National Championships,2026-08-31,Qualifier — Round 32
d38327f8-d51e-4f42-bff9-7f37174b76e2:g1,4,446,776,798,799,842,877,1217,0,1,3,1,PPA Tour: Veolia Pickleball National Championships,2026-08-31,Qualifier — Round 32
d38327f8-d51e-4f42-bff9-7f37174b76e2:g2,8,446,776,798,799,842,877,1217,0,1,3,2,PPA Tour: Veolia Pickleball National Championships,2026-08-31,Qualifier — Round 32
dfed88c0-5d9f-4297-98ee-cdfbbdb7b529:g1,7,119,777,53,54,853,51,1218,2,1,3,1,PPA Tour: Veolia Pickleball National Championships,2026-08-31,Qualifier — Quarter Finals
dfed88c0-5d9f-4297-98ee-cdfbbdb7b529:g2,2,119,777,53,54,853,51,1218,2,1,3,2,PPA Tour: Veolia Pickleball National Championships,2026-08-31,Qualifier — Quarter Finals
dff04f83-a2a2-4159-994e-dcf27dffb56d:g1,-6,410,411,108,451,351,772,1219,1,1,3,1,PPA Tour: Veolia Pickleball National Championships,2026-08-31,Qualifier — Round 16
dff04f83-a2a2-4159-994e-dcf27dffb56d:g2,2,410,411,108,451,351,772,1219,1,1,3,2,PPA Tour: Veolia Pickleball National Championships,2026-08-31,Qualifier — Round 16
dff04f83-a2a2-4159-994e-dcf27dffb56d:g3,4,410,411,108,451,351,772,1219,1,1,3,3,PPA Tour: Veolia Pickleball National Championships,2026-08-31,Qualifier — Round 16
e2cf808c-573b-48f8-b8c9-993e4e4d515c:g1,7,793,11,552,424,868,878,1220,0,1,3,1,PPA Tour: Veolia Pickleball National Championships,2026-08-31,Qualifier — Round 32
e2cf808c-573b-48f8-b8c9-993e4e4d515c:g2,5,793,11,552,424,868,878,1220,0,1,3,2,PPA Tour: Veolia Pickleball National Championships,2026-08-31,Qualifier — Round 32
ea25000d-0f23-4d8e-8a77-ea1f7a54e044:g1,4,402,222,191,192,879,120,1221,1,1,3,1,PPA Tour: Veolia Pickleball National Championships,2026-08-31,Qualifier — Round 16
ea25000d-0f23-4d8e-8a77-ea1f7a54e044:g2,-7,402,222,191,192,879,120,1221,1,1,3,2,PPA Tour: Veolia Pickleball National Championships,2026-08-31,Qualifier — Round 16
ea25000d-0f23-4d8e-8a77-ea1f7a54e044:g3,-6,402,222,191,192,879,120,1221,1,1,3,3,PPA Tour: Veolia Pickleball National Championships,2026-08-31,Qualifier — Round 16
eb62d91f-db15-4c45-adf6-b5f001e1524a:g1,10,403,709,187,107,845,824,1222,0,1,3,1,PPA Tour: Veolia Pickleball National Championships,2026-08-31,Qualifier — Round 32
eb62d91f-db15-4c45-adf6-b5f001e1524a:g2,4,403,709,187,107,845,824,1222,0,1,3,2,PPA Tour: Veolia Pickleball National Championships,2026-08-31,Qualifier — Round 32
efe2387b-95fd-4168-8749-b4fbf5a8bf40:g1,8,108,451,115,116,772,82,1223,1,1,3,1,PPA Tour: Veolia Pickleball National Championships,2026-08-31,Qualifier — Round 32
efe2387b-95fd-4168-8749-b4fbf5a8bf40:g2,8,108,451,115,116,772,82,1223,1,1,3,2,PPA Tour: Veolia Pickleball National Championships,2026-08-31,Qualifier — Round 32
f89dfc95-e8c2-4354-b01b-1ffce83fbff3:g1,-8,219,220,779,780,134,848,1224,1,1,3,1,PPA Tour: Veolia Pickleball National Championships,2026-08-31,Qualifier — Round 32
f89dfc95-e8c2-4354-b01b-1ffce83fbff3:g2,-4,219,220,779,780,134,848,1224,1,1,3,2,PPA Tour: Veolia Pickleball National Championships,2026-08-31,Qualifier — Round 32
fa6ecef0-5a44-45c8-a9cb-45d1f667c598:g1,10,633,36,76,794,630,880,1225,0,1,3,1,PPA Tour: Veolia Pickleball National Championships,2026-08-31,Qualifier — Round 32
fa6ecef0-5a44-45c8-a9cb-45d1f667c598:g2,6,633,36,76,794,630,880,1225,0,1,3,2,PPA Tour: Veolia Pickleball National Championships,2026-08-31,Qualifier — Round 32
074af72e-8efa-402a-a6df-208e7dfa6b03:g1,8,28,45,800,87,881,882,1226,0,1,3,1,PPA Tour: Veolia Pickleball National Championships,2026-09-01,Round 64
074af72e-8efa-402a-a6df-208e7dfa6b03:g2,-2,28,45,800,87,881,882,1226,0,1,3,2,PPA Tour: Veolia Pickleball National Championships,2026-09-01,Round 64
074af72e-8efa-402a-a6df-208e7dfa6b03:g3,-3,28,45,800,87,881,882,1226,0,1,3,3,PPA Tour: Veolia Pickleball National Championships,2026-09-01,Round 64
0e4c5afc-9665-40be-9683-8b42e18aca19:g1,11,386,25,624,558,883,884,1227,0,1,3,1,PPA Tour: Veolia Pickleball National Championships,2026-09-01,Round 64
0e4c5afc-9665-40be-9683-8b42e18aca19:g2,3,386,25,624,558,883,884,1227,0,1,3,2,PPA Tour: Veolia Pickleball National Championships,2026-09-01,Round 64
15a1856b-b2e8-40a6-91b8-5aa56be4a26f:g1,-11,732,558,789,158,885,886,1228,2,1,3,1,PPA Tour: Veolia Pickleball National Championships,2026-09-01,Round 64
15a1856b-b2e8-40a6-91b8-5aa56be4a26f:g2,-2,732,558,789,158,885,886,1228,2,1,3,2,PPA Tour: Veolia Pickleball National Championships,2026-09-01,Round 64
245f2b59-00c4-4738-8a3d-7b17796e79f2:g1,11,35,385,125,160,887,888,1229,0,1,3,1,PPA Tour: Veolia Pickleball National Championships,2026-09-01,Round 64
245f2b59-00c4-4738-8a3d-7b17796e79f2:g2,8,35,385,125,160,887,888,1229,0,1,3,2,PPA Tour: Veolia Pickleball National Championships,2026-09-01,Round 64
25939a3c-fbc5-41ae-81fb-0086cfed2a9a:g1,9,261,264,801,485,889,890,1230,0,1,3,1,PPA Tour: Veolia Pickleball National Championships,2026-09-01,Round 64
25939a3c-fbc5-41ae-81fb-0086cfed2a9a:g2,9,261,264,801,485,889,890,1230,0,1,3,2,PPA Tour: Veolia Pickleball National Championships,2026-09-01,Round 64
26b06dfd-2120-4a9c-b894-8d11f8f775da:g1,6,250,430,544,52,592,891,1231,0,1,3,1,PPA Tour: Veolia Pickleball National Championships,2026-09-01,Round 64
26b06dfd-2120-4a9c-b894-8d11f8f775da:g2,2,250,430,544,52,592,891,1231,0,1,3,2,PPA Tour: Veolia Pickleball National Championships,2026-09-01,Round 64
2f74dad7-8bac-4bbb-86a5-82b317a0bd33:g1,8,259,253,633,36,219,630,1232,0,1,3,1,PPA Tour: Veolia Pickleball National Championships,2026-09-01,Round 64
2f74dad7-8bac-4bbb-86a5-82b317a0bd33:g2,10,259,253,633,36,219,630,1232,0,1,3,2,PPA Tour: Veolia Pickleball National Championships,2026-09-01,Round 64
3343aa58-0975-40c6-87ac-2da42c896386:g1,4,9,383,75,162,892,173,1233,0,1,3,1,PPA Tour: Veolia Pickleball National Championships,2026-09-01,Round 64
3343aa58-0975-40c6-87ac-2da42c896386:g2,5,9,383,75,162,892,173,1233,0,1,3,2,PPA Tour: Veolia Pickleball National Championships,2026-09-01,Round 64
3c0544b1-c1f6-4c65-96cc-3433d555a415:g1,4,83,373,802,803,893,894,1234,1,1,3,1,PPA Tour: Veolia Pickleball National Championships,2026-09-01,Round 64
3c0544b1-c1f6-4c65-96cc-3433d555a415:g2,-6,83,373,802,803,893,894,1234,1,1,3,2,PPA Tour: Veolia Pickleball National Championships,2026-09-01,Round 64
3c0544b1-c1f6-4c65-96cc-3433d555a415:g3,-5,83,373,802,803,893,894,1234,1,1,3,3,PPA Tour: Veolia Pickleball National Championships,2026-09-01,Round 64
3d888dac-ff50-43a8-9f6c-f21a0da706f7:g1,9,377,26,516,221,895,896,1235,0,1,3,1,PPA Tour: Veolia Pickleball National Championships,2026-09-01,Round 64
3d888dac-ff50-43a8-9f6c-f21a0da706f7:g2,5,377,26,516,221,895,896,1235,0,1,3,2,PPA Tour: Veolia Pickleball National Championships,2026-09-01,Round 64
45cd07d5-edf2-46c9-b754-d3829ea068ee:g1,11,48,368,59,222,897,855,1236,0,1,3,1,PPA Tour: Veolia Pickleball National Championships,2026-09-01,Round 64
45cd07d5-edf2-46c9-b754-d3829ea068ee:g2,2,48,368,59,222,897,855,1236,0,1,3,2,PPA Tour: Veolia Pickleball National Championships,2026-09-01,Round 64
48034652-1309-4bf2-8b62-90f0c785f356:g1,5,20,389,804,785,898,899,1237,1,1,3,1,PPA Tour: Veolia Pickleball National Championships,2026-09-01,Round 64
48034652-1309-4bf2-8b62-90f0c785f356:g2,9,20,389,804,785,898,899,1237,1,1,3,2,PPA Tour: Veolia Pickleball National Championships,2026-09-01,Round 64
4bdcaf3e-1a5c-4144-8fb9-9ae199e945fb:g1,8,388,384,403,709,328,845,1238,0,1,3,1,PPA Tour: Veolia Pickleball National Championships,2026-09-01,Round 64
4bdcaf3e-1a5c-4144-8fb9-9ae199e945fb:g2,11,388,384,403,709,328,845,1238,0,1,3,2,PPA Tour: Veolia Pickleball National Championships,2026-09-01,Round 64
530dcfc4-b98a-441e-ac09-df891684b7c1:g1,-9,5,40,17,249,900,901,1239,0,1,3,1,PPA Tour: Veolia Pickleball National Championships,2026-09-01,Round 64
530dcfc4-b98a-441e-ac09-df891684b7c1:g2,-4,5,40,17,249,900,901,1239,0,1,3,2,PPA Tour: Veolia Pickleball National Championships,2026-09-01,Round 64
561ba530-e145-4105-bc63-abb0e32712f3:g1,-3,544,393,450,546,902,490,1240,1,1,3,1,PPA Tour: Veolia Pickleball National Championships,2026-09-01,Round 64
561ba530-e145-4105-bc63-abb0e32712f3:g2,3,544,393,450,546,902,490,1240,1,1,3,2,PPA Tour: Veolia Pickleball National Championships,2026-09-01,Round 64
561ba530-e145-4105-bc63-abb0e32712f3:g3,-2,544,393,450,546,902,490,1240,1,1,3,3,PPA Tour: Veolia Pickleball National Championships,2026-09-01,Round 64
62543d19-5d1a-4a13-af7c-b10b5412855c:g1,7,369,38,461,708,903,796,1241,0,1,3,1,PPA Tour: Veolia Pickleball National Championships,2026-09-01,Round 64
62543d19-5d1a-4a13-af7c-b10b5412855c:g2,8,369,38,461,708,903,796,1241,0,1,3,2,PPA Tour: Veolia Pickleball National Championships,2026-09-01,Round 64
681d1a81-04e6-4a2b-be5d-1655b031f392:g1,-3,506,24,685,223,904,696,1242,0,1,3,1,PPA Tour: Veolia Pickleball National Championships,2026-09-01,Round 64
681d1a81-04e6-4a2b-be5d-1655b031f392:g2,4,506,24,685,223,904,696,1242,0,1,3,2,PPA Tour: Veolia Pickleball National Championships,2026-09-01,Round 64
681d1a81-04e6-4a2b-be5d-1655b031f392:g3,-7,506,24,685,223,904,696,1242,0,1,3,3,PPA Tour: Veolia Pickleball National Championships,2026-09-01,Round 64
6d9b2b24-bce9-445c-bad6-4c2976c4cd75:g1,4,84,372,160,792,905,906,1243,1,1,3,1,PPA Tour: Veolia Pickleball National Championships,2026-09-01,Round 64
6d9b2b24-bce9-445c-bad6-4c2976c4cd75:g2,-3,84,372,160,792,905,906,1243,1,1,3,2,PPA Tour: Veolia Pickleball National Championships,2026-09-01,Round 64
6d9b2b24-bce9-445c-bad6-4c2976c4cd75:g3,5,84,372,160,792,905,906,1243,1,1,3,3,PPA Tour: Veolia Pickleball National Championships,2026-09-01,Round 64
6fbe239e-094f-46e2-9f0b-a406d0b2cbd2:g1,2,31,3,627,628,907,551,1244,1,1,3,1,PPA Tour: Veolia Pickleball National Championships,2026-09-01,Round 64
6fbe239e-094f-46e2-9f0b-a406d0b2cbd2:g2,-7,31,3,627,628,907,551,1244,1,1,3,2,PPA Tour: Veolia Pickleball National Championships,2026-09-01,Round 64
6fbe239e-094f-46e2-9f0b-a406d0b2cbd2:g3,6,31,3,627,628,907,551,1244,1,1,3,3,PPA Tour: Veolia Pickleball National Championships,2026-09-01,Round 64
762632b1-e3c0-48bb-8ef7-71340064799c:g1,7,51,267,50,673,908,909,1245,0,1,3,1,PPA Tour: Veolia Pickleball National Championships,2026-09-01,Round 64
762632b1-e3c0-48bb-8ef7-71340064799c:g2,-2,51,267,50,673,908,909,1245,0,1,3,2,PPA Tour: Veolia Pickleball National Championships,2026-09-01,Round 64
762632b1-e3c0-48bb-8ef7-71340064799c:g3,2,51,267,50,673,908,909,1245,0,1,3,3,PPA Tour: Veolia Pickleball National Championships,2026-09-01,Round 64
764ace3d-5841-4ad6-9c0f-d92d5add3b01:g1,-2,83,157,233,6,806,910,1246,0,1,3,1,PPA Tour: Veolia Pickleball National Championships,2026-09-01,Round 64
764ace3d-5841-4ad6-9c0f-d92d5add3b01:g2,-7,83,157,233,6,806,910,1246,0,1,3,2,PPA Tour: Veolia Pickleball National Championships,2026-09-01,Round 64
7a017246-a891-4022-b704-bbf59bd58102:g1,10,39,246,805,370,911,912,1247,0,1,3,1,PPA Tour: Veolia Pickleball National Championships,2026-09-01,Round 64
7a017246-a891-4022-b704-bbf59bd58102:g2,2,39,246,805,370,911,912,1247,0,1,3,2,PPA Tour: Veolia Pickleball National Championships,2026-09-01,Round 64
7de5e3e4-a35a-4ba6-8b38-47d3025a7a11:g1,2,16,806,99,134,913,914,1248,0,1,3,1,PPA Tour: Veolia Pickleball National Championships,2026-09-01,Round 64
7de5e3e4-a35a-4ba6-8b38-47d3025a7a11:g2,8,16,806,99,134,913,914,1248,0,1,3,2,PPA Tour: Veolia Pickleball National Championships,2026-09-01,Round 64
7e2e917d-6edc-4d4d-9008-2919eed1137a:g1,2,710,506,446,807,915,916,1249,1,1,3,1,PPA Tour: Veolia Pickleball National Championships,2026-09-01,Round 64
7e2e917d-6edc-4d4d-9008-2919eed1137a:g2,3,710,506,446,807,915,916,1249,1,1,3,2,PPA Tour: Veolia Pickleball National Championships,2026-09-01,Round 64
7eea1f35-45bf-4c3e-9c11-68a67a0d128f:g1,3,252,808,105,162,917,918,1250,1,1,3,1,PPA Tour: Veolia Pickleball National Championships,2026-09-01,Round 64
7eea1f35-45bf-4c3e-9c11-68a67a0d128f:g2,3,252,808,105,162,917,918,1250,1,1,3,2,PPA Tour: Veolia Pickleball National Championships,2026-09-01,Round 64
80e568f0-27ff-4d4b-8745-4ddbf832fded:g1,9,46,266,106,461,919,849,1251,1,1,3,1,PPA Tour: Veolia Pickleball National Championships,2026-09-01,Round 64
80e568f0-27ff-4d4b-8745-4ddbf832fded:g2,-2,46,266,106,461,919,849,1251,1,1,3,2,PPA Tour: Veolia Pickleball National Championships,2026-09-01,Round 64
80e568f0-27ff-4d4b-8745-4ddbf832fded:g3,2,46,266,106,461,919,849,1251,1,1,3,3,PPA Tour: Veolia Pickleball National Championships,2026-09-01,Round 64
899ef550-3176-49b8-a8ae-1b2361a49666:g1,2,42,18,257,126,920,921,1252,0,1,3,1,PPA Tour: Veolia Pickleball National Championships,2026-09-01,Round 64
899ef550-3176-49b8-a8ae-1b2361a49666:g2,7,42,18,257,126,920,921,1252,0,1,3,2,PPA Tour: Veolia Pickleball National Championships,2026-09-01,Round 64
8f7db409-7209-483a-969a-8cb1052af0c5:g1,-9,233,256,0,249,922,923,1253,1,1,3,1,PPA Tour: Veolia Pickleball National Championships,2026-09-01,Round 64
8f7db409-7209-483a-969a-8cb1052af0c5:g2,-2,233,256,0,249,922,923,1253,1,1,3,2,PPA Tour: Veolia Pickleball National Championships,2026-09-01,Round 64
902c6393-cebf-47e9-99ce-c0ca5fd553ad:g1,3,381,3,21,138,321,798,1254,0,1,3,1,PPA Tour: Veolia Pickleball National Championships,2026-09-01,Round 64
902c6393-cebf-47e9-99ce-c0ca5fd553ad:g2,2,381,3,21,138,321,798,1254,0,1,3,2,PPA Tour: Veolia Pickleball National Championships,2026-09-01,Round 64
908320bd-ad6d-4b59-9bb4-7bbabc2c78b1:g1,-10,224,378,37,247,924,925,1255,0,1,3,1,PPA Tour: Veolia Pickleball National Championships,2026-09-01,Round 64
908320bd-ad6d-4b59-9bb4-7bbabc2c78b1:g2,-5,224,378,37,247,924,925,1255,0,1,3,2,PPA Tour: Veolia Pickleball National Championships,2026-09-01,Round 64
9348b76e-2ad6-4a07-b0ec-5d996ebc1556:g1,7,44,800,528,624,926,927,1256,1,1,3,1,PPA Tour: Veolia Pickleball National Championships,2026-09-01,Round 64
9348b76e-2ad6-4a07-b0ec-5d996ebc1556:g2,6,44,800,528,624,926,927,1256,1,1,3,2,PPA Tour: Veolia Pickleball National Championships,2026-09-01,Round 64
9638d3fe-c27b-4ae6-b563-81b0afd305ea:g1,-8,265,19,84,100,928,929,1257,0,1,3,1,PPA Tour: Veolia Pickleball National Championships,2026-09-01,Round 64
9638d3fe-c27b-4ae6-b563-81b0afd305ea:g2,7,265,19,84,100,928,929,1257,0,1,3,2,PPA Tour: Veolia Pickleball National Championships,2026-09-01,Round 64
9638d3fe-c27b-4ae6-b563-81b0afd305ea:g3,-6,265,19,84,100,928,929,1257,0,1,3,3,PPA Tour: Veolia Pickleball National Championships,2026-09-01,Round 64
9db3df5e-a0f1-4ac0-ade3-3d8ff55ab617:g1,3,134,40,410,411,778,351,1258,1,1,3,1,PPA Tour: Veolia Pickleball National Championships,2026-09-01,Round 64
9db3df5e-a0f1-4ac0-ade3-3d8ff55ab617:g2,3,134,40,410,411,778,351,1258,1,1,3,2,PPA Tour: Veolia Pickleball National Championships,2026-09-01,Round 64
a0d320f0-6c13-4d59-aaaf-87a79df987bf:g1,-8,446,776,43,0,842,930,1259,0,1,3,1,PPA Tour: Veolia Pickleball National Championships,2026-09-01,Round 64
a0d320f0-6c13-4d59-aaaf-87a79df987bf:g2,-6,446,776,43,0,842,930,1259,0,1,3,2,PPA Tour: Veolia Pickleball National Championships,2026-09-01,Round 64
a2cb52fe-6f6f-4793-b36f-f11c35796545:g1,9,809,799,673,403,931,932,1260,1,1,3,1,PPA Tour: Veolia Pickleball National Championships,2026-09-01,Round 64
a2cb52fe-6f6f-4793-b36f-f11c35796545:g2,-2,809,799,673,403,931,932,1260,1,1,3,2,PPA Tour: Veolia Pickleball National Championships,2026-09-01,Round 64
a2cb52fe-6f6f-4793-b36f-f11c35796545:g3,-5,809,799,673,403,931,932,1260,1,1,3,3,PPA Tour: Veolia Pickleball National Championships,2026-09-01,Round 64
a93ffd16-6c06-4d05-b7f4-d88d794d0d8c:g1,9,810,14,258,379,933,934,1261,0,1,3,1,PPA Tour: Veolia Pickleball National Championships,2026-09-01,Round 64
a93ffd16-6c06-4d05-b7f4-d88d794d0d8c:g2,6,810,14,258,379,933,934,1261,0,1,3,2,PPA Tour: Veolia Pickleball National Championships,2026-09-01,Round 64
ae6cbc3f-d63e-48f9-9b3c-bfd2c6a39287:g1,5,380,268,781,105,935,851,1262,0,1,3,1,PPA Tour: Veolia Pickleball National Championships,2026-09-01,Round 64
ae6cbc3f-d63e-48f9-9b3c-bfd2c6a39287:g2,8,380,268,781,105,935,851,1262,0,1,3,2,PPA Tour: Veolia Pickleball National Championships,2026-09-01,Round 64
af869ffd-4f90-425e-89e9-299366bc5f31:g1,4,810,379,71,442,936,372,1263,1,1,3,1,PPA Tour: Veolia Pickleball National Championships,2026-09-01,Round 64
af869ffd-4f90-425e-89e9-299366bc5f31:g2,5,810,379,71,442,936,372,1263,1,1,3,2,PPA Tour: Veolia Pickleball National Championships,2026-09-01,Round 64
b754eb2b-92d4-41e3-862a-51e505aaf8ed:g1,4,68,100,793,791,937,938,1264,2,1,3,1,PPA Tour: Veolia Pickleball National Championships,2026-09-01,Round 64
b754eb2b-92d4-41e3-862a-51e505aaf8ed:g2,-3,68,100,793,791,937,938,1264,2,1,3,2,PPA Tour: Veolia Pickleball National Championships,2026-09-01,Round 64
b754eb2b-92d4-41e3-862a-51e505aaf8ed:g3,10,68,100,793,791,937,938,1264,2,1,3,3,PPA Tour: Veolia Pickleball National Championships,2026-09-01,Round 64
b9195402-3c48-4315-a4e5-a6df5c104fd1:g1,6,1,376,107,176,939,861,1265,1,1,3,1,PPA Tour: Veolia Pickleball National Championships,2026-09-01,Round 64
b9195402-3c48-4315-a4e5-a6df5c104fd1:g2,3,1,376,107,176,939,861,1265,1,1,3,2,PPA Tour: Veolia Pickleball National Championships,2026-09-01,Round 64
bc121dc7-48c8-4002-be06-c1d8e9531967:g1,2,223,680,221,390,940,843,1266,1,1,3,1,PPA Tour: Veolia Pickleball National Championships,2026-09-01,Round 64
bc121dc7-48c8-4002-be06-c1d8e9531967:g2,6,223,680,221,390,940,843,1266,1,1,3,2,PPA Tour: Veolia Pickleball National Championships,2026-09-01,Round 64
bd4a801a-fc99-4dff-99f2-677f4cc5cc3a:g1,11,22,15,789,382,24,863,1267,0,1,3,1,PPA Tour: Veolia Pickleball National Championships,2026-09-01,Round 64
bd4a801a-fc99-4dff-99f2-677f4cc5cc3a:g2,6,22,15,789,382,24,863,1267,0,1,3,2,PPA Tour: Veolia Pickleball National Championships,2026-09-01,Round 64
c0a11e43-ce31-4abe-a2da-80fe40107c54:g1,-2,16,41,572,424,941,511,1268,1,1,3,1,PPA Tour: Veolia Pickleball National Championships,2026-09-01,Round 64
c0a11e43-ce31-4abe-a2da-80fe40107c54:g2,8,16,41,572,424,941,511,1268,1,1,3,2,PPA Tour: Veolia Pickleball National Championships,2026-09-01,Round 64
c0a11e43-ce31-4abe-a2da-80fe40107c54:g3,-8,16,41,572,424,941,511,1268,1,1,3,3,PPA Tour: Veolia Pickleball National Championships,2026-09-01,Round 64
cb725de7-ca71-4aa6-987b-2c8b60311523:g1,5,805,257,367,775,942,943,1269,1,1,3,1,PPA Tour: Veolia Pickleball National Championships,2026-09-01,Round 64
cb725de7-ca71-4aa6-987b-2c8b60311523:g2,4,805,257,367,775,942,943,1269,1,1,3,2,PPA Tour: Veolia Pickleball National Championships,2026-09-01,Round 64
d23eba62-314c-45d7-a033-310a982be3e4:g1,3,32,262,371,372,944,309,1270,0,1,3,1,PPA Tour: Veolia Pickleball National Championships,2026-09-01,Round 64
d23eba62-314c-45d7-a033-310a982be3e4:g2,-6,32,262,371,372,944,309,1270,0,1,3,2,PPA Tour: Veolia Pickleball National Championships,2026-09-01,Round 64
d23eba62-314c-45d7-a033-310a982be3e4:g3,2,32,262,371,372,944,309,1270,0,1,3,3,PPA Tour: Veolia Pickleball National Championships,2026-09-01,Round 64
d48cae73-8ee0-40e5-aeaf-9eabc0198ec3:g1,-7,77,776,187,778,945,846,1271,2,1,3,1,PPA Tour: Veolia Pickleball National Championships,2026-09-01,Round 64
d48cae73-8ee0-40e5-aeaf-9eabc0198ec3:g2,-8,77,776,187,778,945,846,1271,2,1,3,2,PPA Tour: Veolia Pickleball National Championships,2026-09-01,Round 64
dc112195-16e7-43f6-8136-1e2d033419e2:g1,-2,41,23,374,389,946,947,1272,0,1,3,1,PPA Tour: Veolia Pickleball National Championships,2026-09-01,Round 64
dc112195-16e7-43f6-8136-1e2d033419e2:g2,7,41,23,374,389,946,947,1272,0,1,3,2,PPA Tour: Veolia Pickleball National Championships,2026-09-01,Round 64
dc112195-16e7-43f6-8136-1e2d033419e2:g3,2,41,23,374,389,946,947,1272,0,1,3,3,PPA Tour: Veolia Pickleball National Championships,2026-09-01,Round 64
e454a2c4-b612-4bb3-a474-e06e34c75e87:g1,-2,119,741,433,256,854,948,1273,0,1,3,1,PPA Tour: Veolia Pickleball National Championships,2026-09-01,Round 64
e454a2c4-b612-4bb3-a474-e06e34c75e87:g2,3,119,741,433,256,854,948,1273,0,1,3,2,PPA Tour: Veolia Pickleball National Championships,2026-09-01,Round 64
e454a2c4-b612-4bb3-a474-e06e34c75e87:g3,-3,119,741,433,256,854,948,1273,0,1,3,3,PPA Tour: Veolia Pickleball National Championships,2026-09-01,Round 64
e8ab7932-227a-42af-a8f5-877e5cb3b4ee:g1,2,21,11,606,382,16,949,1274,1,1,3,1,PPA Tour: Veolia Pickleball National Championships,2026-09-01,Round 64
e8ab7932-227a-42af-a8f5-877e5cb3b4ee:g2,7,21,11,606,382,16,949,1274,1,1,3,2,PPA Tour: Veolia Pickleball National Championships,2026-09-01,Round 64
eda299ec-369a-4e30-8987-6fd6eb563770:g1,6,27,31,393,67,950,828,1275,0,1,3,1,PPA Tour: Veolia Pickleball National Championships,2026-09-01,Round 64
eda299ec-369a-4e30-8987-6fd6eb563770:g2,8,27,31,393,67,950,828,1275,0,1,3,2,PPA Tour: Veolia Pickleball National Championships,2026-09-01,Round 64
f64d1b64-141a-4ecf-905a-e03ffb1d564f:g1,5,108,451,191,192,772,120,1276,1,1,3,1,PPA Tour: Veolia Pickleball National Championships,2026-09-01,Round 64
f64d1b64-141a-4ecf-905a-e03ffb1d564f:g2,-8,108,451,191,192,772,120,1276,1,1,3,2,PPA Tour: Veolia Pickleball National Championships,2026-09-01,Round 64
f64d1b64-141a-4ecf-905a-e03ffb1d564f:g3,3,108,451,191,192,772,120,1276,1,1,3,3,PPA Tour: Veolia Pickleball National Championships,2026-09-01,Round 64
f70ca134-5357-4f6f-b540-d614ccca8c6a:g1,-8,739,811,633,679,951,952,1277,1,1,3,1,PPA Tour: Veolia Pickleball National Championships,2026-09-01,Round 64
f70ca134-5357-4f6f-b540-d614ccca8c6a:g2,-2,739,811,633,679,951,952,1277,1,1,3,2,PPA Tour: Veolia Pickleball National Championships,2026-09-01,Round 64
fcc784ec-ef60-48ae-b87f-ee8eb78fb2c9:g1,9,387,2,68,775,953,841,1278,0,1,3,1,PPA Tour: Veolia Pickleball National Championships,2026-09-01,Round 64
fcc784ec-ef60-48ae-b87f-ee8eb78fb2c9:g2,10,387,2,68,775,953,841,1278,0,1,3,2,PPA Tour: Veolia Pickleball National Championships,2026-09-01,Round 64
