idx,p1_id,p2_id,p1_name,p2_name,context
0,62955f38-bdf5-46af-9622-13c7afe90619,99b25b49-2a51-412d-9fbf-e1b6804acce0,Jonathan Truong,Camden Chaffin,mens
1,3a43c56f-b9d8-4e72-ae8a-58fd69291946,7edb882c-6d17-4129-8208-710e3c82364c,Jack Sock,Federico Staksrud,mens
2,99b25b49-2a51-412d-9fbf-e1b6804acce0,a226291c-c48b-408b-a846-f45400d313a9,Camden Chaffin,Alexa Schull,mixed
3,3a43c56f-b9d8-4e72-ae8a-58fd69291946,f76f4ac5-e3cc-4fe6-a4bc-a968b8b991b1,Jack Sock,Alex Walker,mixed
4,65bcab7c-9c93-4dc8-a847-a34da426b933,87d60b6f-6f2e-4610-ab89-487e8acc097e,Martina Frantova,Mya Bui,womens
5,3e6b668a-8d26-4424-9420-3ceb18486b65,a226291c-c48b-408b-a846-f45400d313a9,Daria Walczak,Alexa Schull,womens
6,ead35052-7367-4296-96d4-064f546cc2b9,fec65f7e-f2c8-482f-ab5b-541cf53b1064,CJ Klinger,Tyra Hurricane Black,mixed
7,3d9c8684-953f-4008-b355-b6104ee56a5b,87d60b6f-6f2e-4610-ab89-487e8acc097e,Connor Mogle,Mya Bui,mixed
8,3e6b668a-8d26-4424-9420-3ceb18486b65,62955f38-bdf5-46af-9622-13c7afe90619,Daria Walczak,Jonathan Truong,mixed
9,051f5c82-82ce-4ab8-b4f8-36976638a89b,a51b59c5-1a13-4472-821a-eb9866e72adf,Sahra Dennehy,Joseph Wild,mixed
10,581183e8-3d9e-459e-b69f-7337d8b6f3d2,ec4cdfe2-c6f6-4de1-824e-9adcaeb31196,Andrei Daescu,Judit Castillo,mixed
11,52726ab1-2ac9-46c0-be90-6b0e7a2d56eb,a51b59c5-1a13-4472-821a-eb9866e72adf,Pablo Tellez,Joseph Wild,mens
12,581183e8-3d9e-459e-b69f-7337d8b6f3d2,ead35052-7367-4296-96d4-064f546cc2b9,Andrei Daescu,CJ Klinger,mens
13,1d701c30-6b5d-485f-ae97-60f3b0c50896,52726ab1-2ac9-46c0-be90-6b0e7a2d56eb,Zoey Weil,Pablo Tellez,mixed
14,7edb882c-6d17-4129-8208-710e3c82364c,eb14fc6e-ede1-4999-bec3-e36695e7f94e,Federico Staksrud,Milan Rane,mixed
15,33292af3-984d-4752-8d18-b3a5c147e9fe,81535c8c-27d9-452c-a72a-61fc9f755b01,Armaan Bhatia,Will Mackinnon,mens
16,306da673-de7e-44f5-bc16-0738b44bd089,3d9c8684-953f-4008-b355-b6104ee56a5b,Christopher Crouch,Connor Mogle,mens
17,051f5c82-82ce-4ab8-b4f8-36976638a89b,1d701c30-6b5d-485f-ae97-60f3b0c50896,Sahra Dennehy,Zoey Weil,womens
18,1728d016-1f02-4789-be73-63d12d5a5b42,fec65f7e-f2c8-482f-ab5b-541cf53b1064,Parris Todd,Tyra Hurricane Black,womens
19,eb14fc6e-ede1-4999-bec3-e36695e7f94e,f76f4ac5-e3cc-4fe6-a4bc-a968b8b991b1,Milan Rane,Alex Walker,womens
20,81535c8c-27d9-452c-a72a-61fc9f755b01,9eff9049-c45c-42ee-9a49-e9a797cc2116,Will Mackinnon,Cailyn Campbell,mixed
21,306da673-de7e-44f5-bc16-0738b44bd089,ad6e69ff-7913-4b21-86dd-9489f749be01,Christopher Crouch,Paula Rives,mixed
22,33292af3-984d-4752-8d18-b3a5c147e9fe,8f521dcc-1cb5-4c8d-933c-af6b267bd395,Armaan Bhatia,Meghan Dizon,mixed
23,3d9c8684-953f-4008-b355-b6104ee56a5b,65bcab7c-9c93-4dc8-a847-a34da426b933,Connor Mogle,Martina Frantova,mixed
24,1728d016-1f02-4789-be73-63d12d5a5b42,581183e8-3d9e-459e-b69f-7337d8b6f3d2,Parris Todd,Andrei Daescu,mixed
25,8f521dcc-1cb5-4c8d-933c-af6b267bd395,9eff9049-c45c-42ee-9a49-e9a797cc2116,Meghan Dizon,Cailyn Campbell,womens
26,87d60b6f-6f2e-4610-ab89-487e8acc097e,ad6e69ff-7913-4b21-86dd-9489f749be01,Mya Bui,Paula Rives,womens
27,8e2f9629-19d0-409d-81dc-b64fe2f3d3ff,b1ab7d76-a859-4136-8405-3ed7c9be287a,Jessie Irvine,Mari Humberg,womens
28,2c4de762-88d6-47c3-8b2b-af562c5d1f93,646f7432-e6ad-4ccf-95ee-a0e5d9514d28,Danni-Elle Townsend,Alix Truong,womens
29,295e343a-31a0-4e1d-a286-d62592291435,8e2f9629-19d0-409d-81dc-b64fe2f3d3ff,Jay Devilliers,Jessie Irvine,mixed
30,2c4de762-88d6-47c3-8b2b-af562c5d1f93,ba491f1c-0112-47a8-a348-4695289e958a,Danni-Elle Townsend,Augustus Ge,mixed
31,6cae3a50-eee6-45ea-8b28-85ef9c50e3c4,9b97206b-783a-4fab-85e9-45a6240325a5,Jade Kawamoto,Catherine Parenteau,womens
32,676b1cbc-766c-4616-bf39-1787ffd8c72a,efe9989b-5864-48c2-806c-06697024e1da,Etta Tuionetoa,Allyce Jones,womens
33,25104e43-16f9-4ce3-9085-70243d8b350a,a95df9a8-772c-4dbf-8c28-e200b7308584,Ella Yeh,Kiora Kunimoto,womens
34,ba491f1c-0112-47a8-a348-4695289e958a,bd061b42-2f82-4bbe-82be-d8bcfb37f9e1,Augustus Ge,JW Johnson,mens
35,2856d69d-887b-4e89-a5c9-975f581f84a0,7886d6aa-2310-4ae8-9874-f0fc9c3e534f,Len Yang,James Delgado,mens
36,9b97206b-783a-4fab-85e9-45a6240325a5,b03ff4de-9b8f-46a8-a530-d8f19e9d6ec9,Catherine Parenteau,Max Freeman,mixed
37,b1ab7d76-a859-4136-8405-3ed7c9be287a,cc8832b9-9a8f-4cbc-8eff-b20e9a7ff09a,Mari Humberg,Jaume Martinez Vich,mixed
38,06dc9b8a-5c01-49cf-bb4d-70d7b5f85acf,bd061b42-2f82-4bbe-82be-d8bcfb37f9e1,Brooke Buckner,JW Johnson,mixed
39,306da673-de7e-44f5-bc16-0738b44bd089,518626d4-2600-4134-8c6a-0ae9315f9625,Christopher Crouch,Cason Campbell,mens
40,4af4d4d1-9f87-4dc7-95f2-b10751d44c15,ce4f0e14-80ea-4ed0-a81c-7341d356d427,Tama Shimabukuro,Yuta Funemizu,mens
41,2856d69d-887b-4e89-a5c9-975f581f84a0,4057f30d-d42a-4189-a158-11576fb5f52a,Len Yang,Blaine Hovenier,mens
42,4af4d4d1-9f87-4dc7-95f2-b10751d44c15,676b1cbc-766c-4616-bf39-1787ffd8c72a,Tama Shimabukuro,Etta Tuionetoa,mixed
43,25104e43-16f9-4ce3-9085-70243d8b350a,7886d6aa-2310-4ae8-9874-f0fc9c3e534f,Ella Yeh,James Delgado,mixed
44,7886d6aa-2310-4ae8-9874-f0fc9c3e534f,a95df9a8-772c-4dbf-8c28-e200b7308584,James Delgado,Kiora Kunimoto,mixed
45,6f862c1d-1317-4fe7-bdcd-64caa0dbb088,b03ff4de-9b8f-46a8-a530-d8f19e9d6ec9,Ben Johns,Max Freeman,mens
46,295e343a-31a0-4e1d-a286-d62592291435,cc8832b9-9a8f-4cbc-8eff-b20e9a7ff09a,Jay Devilliers,Jaume Martinez Vich,mens
47,efe9989b-5864-48c2-806c-06697024e1da,ff38654d-daae-4bad-a1a7-690e4e5706eb,Allyce Jones,Connor Garnett,mixed
48,6cae3a50-eee6-45ea-8b28-85ef9c50e3c4,6f862c1d-1317-4fe7-bdcd-64caa0dbb088,Jade Kawamoto,Ben Johns,mixed
49,4057f30d-d42a-4189-a158-11576fb5f52a,461f063e-a587-4638-bad9-421ff33d91d7,Blaine Hovenier,Genie Erokhina,mixed
50,719e2d3b-d10d-402d-a195-41f072214679,cd7b97fc-d912-4c59-8ab3-c2d70e79d998,Isabella Dunlap,Lina Padegimaite,womens
51,d1ca938d-f130-4aa7-a753-1004bd0661e6,d93f56ce-61cc-477d-a26c-17d04e53b2ff,Caroline Maguire,Anna Lenhart,womens
52,3cab1673-2522-4dd5-ba07-2a1b88749d86,8bfb2660-cdda-43fb-81cb-5ff420c9f86e,Tristan Dussault,Jae Centonze,mens
53,27e7807c-9923-42e6-a14a-689c76bc84eb,8006e9b6-84e4-44be-aa91-cae697b98890,Kevin N,Micah Lopez,mens
54,55b78314-2f02-4a0c-83c2-b7cbfd8b4329,a70be599-8b9f-405d-9e10-f501b0046e74,Madalina Grigoriu,Shannon Pretorius,womens
55,88638eb7-8dc0-4c0a-bb9e-64480aeffd0c,c79ef5cd-2d17-4fbf-83a9-34d4aaaaebd8,Keri Lu,Masa Grgan,womens
56,10397234-6551-4a06-8bc6-aa50d6915731,7867cc51-11d1-471f-a8bb-9d8370b6a698,Liam Duffin,Nicholas Wade,mens
57,81129f3a-e29a-45c6-b77d-7deb0c05106c,bb20d284-a077-49bd-8409-a3452e3067f3,Luke Kusmider,Kevin Caulfield,mens
58,5925398b-b2a9-4e8f-ae46-5c2b59b1b818,be74032b-1035-4ece-bf4f-773b45da4d58,Nicole Conard,Mehvish Safdar,womens
59,261e4370-c013-4670-ad0e-4895056f7248,b097dd8f-ea66-4a3a-80c0-abb960e1ee33,Nancy Suiugan,Marygrace Rudd,womens
60,0d23964f-d43f-4006-b1e0-13001393216c,86e1b9d3-15ea-4b76-b488-d3135e78aa7c,Ross Whittaker,Wade Heerboth,mens
61,0f8523aa-0279-4dec-8697-0261e6a1f97a,9c9c45e5-6fb8-4f4f-a85e-16cebb11972d,Madelyn Porter,Andi Godwin,womens
62,22839b0d-41bf-4830-8f1e-0da170ebc723,38fdc174-96d6-459f-a27c-df35eb9f945c,Haley Ferguson,Ashley Griffith,womens
63,19a1f7fe-1d16-418a-be95-785266ff586e,53b056f9-095a-40fa-881d-142629905f8a,Yolena Carlon,Luana Stanciu,womens
64,3b7dc75e-0c73-4576-872a-a32e27106d67,9db29a7a-1fce-4394-a1f0-a5fbd2bc2e7b,Cole Whitaker,Jake Anderson,mens
65,386a713a-ce1e-4dbf-9810-f2e681a5f434,7ca9d38b-90c4-4871-9d61-744ee6070791,Ethan Westdorp,Neil Westdorp,mens
66,06ba18e0-687b-4aa3-822d-1c86981f576b,fa8d5d28-d8f5-4996-8c35-0f4ca3c35bae,Rafa Hewett,Anderson Scarpa,mens
67,0142557a-6231-455b-8eee-daf5f67fc1ff,e4aa3932-f0b8-4cc0-aa3b-e926f3f5075a,James Seagraves,Colby Hill,mens
68,03db4060-fcb3-41f7-83d5-7ee732dd8841,b025eccb-868e-4ce6-a4db-c1082a288b59,Jade Rau,Maddy Rasmusen,womens
69,2cb697da-8f48-4208-95ff-7e419fbc0013,d02f0502-9093-475f-a9f6-772cf0e3721f,Rachael Fitzgerald,Mikaela Smith,womens
70,8286d612-dd01-491f-8229-457170029b56,c1a46ce0-a228-4959-bea7-c365b285551e,Karen Lu,Brittany Yang,womens
71,1f281337-8943-4c9b-8ee0-82b3c10cbeb1,f51d6dfa-5101-49d8-aea5-269e481e1918,Ashley Lu,Helen To,womens
72,92b20d3a-70c5-453e-8b2d-38c1c552b693,bb4de7dc-9f25-4218-a601-318492e0884c,Edward Kim,Usama Khalid,mens
73,684de940-3788-41f6-9d4b-b843da242dae,b70cca60-0d9b-45e7-9327-ec95e850d1e2,Wesley Hanson,William Hart,mens
74,6aa0a796-9759-40f5-9c8f-bf4461d032fb,9034d36a-1b11-4c9d-ad75-5c665d87b8c5,Helena Jansen,Pierina Imparato,womens
75,53e6e33c-5cb8-4579-9e8d-8b1857a85f72,94cfb7cf-9142-4b9e-b6ec-1646e4711f29,Meggan William,Mya Barron,womens
76,42b8527d-b84e-4f50-8e0b-5937664981e3,7b85c35f-6a90-4c61-af0b-565658feeb3c,Sanil Jagtiani,Freddie Powell,mens
77,1374dfe9-4573-4ab6-991d-16bed0a6d25c,14f68da3-a855-4656-a618-81b5d8ff6bec,Edward Perez,Jarryd Woog,mens
78,5a5237bd-64cd-433c-99ba-34badaa2820c,f684d481-25b9-4def-8af3-b7b2a8e507ce,Braylon Ohrel,Francis Chi,mens
79,2f501a7d-c1f6-48ca-9e0f-8335475e7599,fc684593-8841-4dd1-b77c-5154b2f25bca,Eliana Ling,Hailee Haymore,womens
80,9d7b2972-477c-4cea-977d-f65f86dccac5,ea0b7d06-7e9f-4786-a4ed-24da5029559f,Parth Mody,Dale Kim,mens
81,15e0c195-7c57-48f3-8f90-ae4152e0d797,e468331d-9060-4b41-a570-90c36934a38b,Preston Engel,Alvaro Regalado,mens
82,28084fc7-8653-4ff0-bc3b-1bf582d03a75,6eb8ea1c-31ca-4c18-ba0c-ab8a75cdc24f,Jay Evans,William Hsieh,mens
83,94d555fb-0678-4544-b959-ac56c3e04579,c18102fc-52d5-4d42-bd1c-303ce00ae085,Lova Metor,Scott McRee,mens
84,bd8e1ad4-5402-4c55-a95b-1d39c1de2344,d1045e15-2ae2-4e2c-b7ba-21a326affe05,Spencer Liang,Alexa Quintanilla,womens
85,7b0ada81-4724-4b79-865e-e394e9358de4,b65efb9d-3466-4500-986d-ed13e9bb25f5,Caraline Cox,Elise Fortino,womens
86,42f60d5d-b964-45d5-9bf4-5e7947300edd,4553e8f7-d51d-41cd-bc23-752742441bff,Matvey Radionov,Garrison Eaby,mens
87,76419f3a-712c-4241-8940-6f9bda847ba7,f91b88a1-7d1e-41ad-9782-200959faf6bd,Lauren Stratman,Olivia McMillan,womens
88,456ccd39-e6fb-4c58-a7ae-dd059b022365,75a6cfe5-6fd4-4622-a0ae-9b98dac1636a,Natalie Araya,Lucia Changkuon,womens
89,6ddc6413-ec78-4979-8a07-3e00630a9cb2,edca189d-8781-4491-a146-868c85f7cf25,Blake Goodman,Blake Suard,mens
90,69ad3a91-2e28-476e-8a4f-26b7598f0c7a,c703437a-4054-4513-9e5b-50de868443f7,Jack Maline,Brian Johnson,mens
91,2bfe44bb-d558-411f-abeb-c8522dd42ce9,d3e486f2-7c25-4bcf-b9dd-81c14f644f60,Julian Arnold,Etienne Blaszkewycz,mens
92,33fcb3fe-f32a-4b52-9f31-4d2225c9b126,912adc0f-c751-4fa2-adeb-b08d588e1b24,Jemere Plummer,Eli Curls,mens
93,dd2f2fe3-5333-4036-9d88-f108bdcee3fc,f13c20c3-1fed-4a9e-abec-f3f3bf1f8f91,Giovanna Morelli,Anne-Sophie Courteau,womens
94,643bf8f9-ef14-425a-856f-91884496f685,68eb7e06-b923-4f20-a923-c1f54a94a357,Michael Pento,Ashton Patterson,mens
95,0bc24306-92b4-44e1-8b21-0aaf0c9ee4f7,d85f8ddb-3931-47dc-ba23-28113e20b633,Jasraj Sethi,Theo Yun,mens
96,6b432472-f73b-4f2b-b65d-5848657d117b,70c18684-f615-4d05-9aa9-5cbdbd53ab9f,Amber Policare,Carlota Trevino,womens
97,a067b12b-b26b-4a30-aed8-0f707c52beaa,c84377c6-b0ca-42dd-bc1a-2fd3d3c4ef9f,Mark Dancuart,Ryan Torresin,mens
98,0893ceab-7d1f-4e04-8cd8-95c8a8e40155,9ae9ddf2-68f6-4050-884c-5f616b18f6eb,Jesse Berkowitz,Riley Durkin,mens
99,7cf93ef3-86b7-4bb4-937b-5b5dc4c72c32,efedfcd1-7638-4c6e-8225-fea7f8d40031,Valerie R Simon,Victoria Simon,womens
100,933ddf79-a188-4256-8aad-87970c201db7,eb74c432-c1c4-456e-b010-5e21966abd01,Rachida Berjane,Fatyha Berjane,womens
101,09830d3e-0c01-443d-902f-827baab49e9d,9bd1437e-fd56-479a-bf55-1ecdd2e07682,Joshua McKinley,Bradon Ly,mens
102,4573f223-7bfb-4c38-a216-8cd8f4060e0c,7ea6e46a-c319-4768-9fb3-a286dd5f69ce,Tanner Suard,TJ Rudden,mens
103,71992955-8b6f-470b-a991-796cfa56a826,bf84d952-c6a8-4494-943d-064b223e764f,Liz Truluck,Estee Widdershoven,womens
104,5c5c1775-a31b-4f49-b822-42afe860fd24,74afd19c-8f82-4ca2-9345-e4d693111033,Stephen Bass,Marshall Brown,mens
105,56f0b269-240a-42cb-b404-0b0bf747ad98,79ee2d66-5ba3-47cc-bc43-f489a09d2d5a,Dylan Lewis,George Rangelov,mens
106,0517f4a6-2648-470e-a9ff-8cf78eee3421,a8256366-d2f9-4787-bf8c-d8e76c55fa86,Connor McCartney,Mouaad Alhouni,mens
107,96b883db-e99e-467a-b77e-607f1cf1b8b4,c22f26ba-c999-4743-8fa1-03028ba40514,Elyssa Wisner,Francesca Randazzo,womens
108,8a614993-d082-4ab8-af12-348c954ff276,c1a96204-7cdd-4a98-a917-9b66d4f9bbe9,Emanuel Dickson,Samuel Dickson,mens
109,c7e5faaf-722e-43ea-a652-316dde5de973,e0c80aa0-cb42-47cb-a487-02660638bd80,Landon Ivey,Garrett Ivey,mens
110,aa45af3b-41b0-4e03-9a17-4ca16a108df3,fe8824f9-a572-45aa-b55a-40476dfd59dd,Vincent Rettke,Michael Hollings,mens
111,3f35c92f-854a-4e9f-ac63-d51833f4cc94,9aab6e05-9b40-46b1-b520-c8d34bec1624,Django Chassang,Kalen Harbaugh,mens
112,b3f6f49d-bc24-44fd-8068-4e5971e9d61a,d0a30dc1-a7d7-475c-bfc9-d55e0aa8e7e3,Daniel Miron,Ethan Bakalinsky,mens
113,47c3107f-c90a-473a-b1a8-900fcf13e984,9fa6a300-42c2-4a96-b7c0-9afbe1342e59,MJ Greiner,Adair Garcia,mens
114,7a300520-8298-4458-8968-db478e23e9be,deb34ab5-bc2e-4fda-894e-600a62ca0fa7,Tobias Moreno,Michael Shaw,mens
115,79b8c85f-caaa-44ae-b5f1-8a1063daeafb,8ab984e9-62dc-438c-8151-6f6ed353bee6,Luis Rojas,Casey Markulike,mens
116,3bb15eba-5e68-4c58-b866-a80945be280d,dafc4c81-f88d-46cd-ba95-938451cfc7c3,Evan Ankrom,Matthew Pokorny,mens
117,df443e1a-4508-4b35-917b-2780cf0ff6c8,e2466ee7-aaa4-4c6a-a288-63e717054640,Eddy Kim,Bret Berryman,mens
118,0f2bcb8e-7a61-420c-ac30-b9626b8049a6,cdb01e3a-b0e0-449b-a7c5-278127f2cd61,Caitlin Klaassen,Mary McGowan,womens
119,336f3c17-4fbf-4d27-a66e-e2631f1729c8,9b8928b2-2ff4-4ae4-95dc-d1fb8e6922d9,Sofia Manzanares,Sable Yrjanson,womens
120,086c9ee0-0aa3-4d2e-bc64-22a683f44d73,95015a41-423e-4439-94ee-84e275c45787,Ahmad El-Zarif,Stephen Preissler,mens
121,5d445822-1b4a-4db2-aafc-c12cbeadf0a8,af94be9e-b2f9-413a-aa9c-450cf6021c10,Samuel Wells,Michael Vallejo,mens
122,04ab231b-f2ab-456a-a79a-1728f29e42fa,a756ee87-c12d-4264-bc6d-0e2c56fba4ff,Eliel Herminas,Dan Nguyen,mens
123,6f8c91a7-73ff-426d-b7ee-2f3ab52ecb1f,e6129a52-f99b-4c66-be30-8f96d7635250,Antonio Medina,Andrew Angulo,mens
124,c54e02d1-2d89-4c03-8918-0cf76f7068e4,e32bc591-7691-47a7-84d6-ce2077167296,Evan T,Joshua Cornett,mens
125,81623427-b2f0-49f0-ab5e-57d470560981,b250b70a-6e41-48e1-aa6f-4b07d606bfb5,Courtenay Leonard,Patara Tezduyar,womens
126,2c64704a-d33f-43a1-813a-442895e0c8d8,b0f3ebeb-9266-4c1d-a9c9-4df7be38e048,Michael Connors,Preston Ducrest,mens
127,23a8af5a-fed3-445d-99aa-1a5f69a05ff6,fcb0ece6-e39c-45e4-86d0-77f868175f3e,Brie Aldridge,Zoe Reavis,womens
128,18bdfa84-e194-4c4b-9241-6ba51ce3d2bb,a4ae7ae8-87b6-4649-a11b-20a0ca2aef50,Tristan Cooley,Logan Thompson,mens
129,d9606838-65bf-4a4f-bcb5-1cf0d867e705,e75f0b5e-f10a-4b83-989c-d33f9b723ca5,Jacob Lee,Tyler Kane,mens
130,2dde5c37-c3ba-4c5b-b948-c94dd024dcff,72df1f6b-5319-4cf2-9d2a-284b6f6b6be4,Lawson D,Connor Gibbs,mens
131,2f28b85f-2645-4f75-8571-67335413387b,6518ca38-f4c7-4fd8-84e1-38a7904132c2,Morgan Downing,Sharienne Ricardo,womens
132,1676f986-1e57-4e92-9ed4-5e10656c5164,d1cae50a-fc6e-4fcd-a968-e26048c36c67,Jonas Daehler,Xavier Richard,mens
133,68d03cc0-643e-40fe-8db2-43e08d36e21b,ab8102f3-92df-43e7-9fba-04e95b581fda,Josh Oakman,Dustin Parks,mens
134,220e3821-0cac-4fce-a722-a079a5359262,f13e0c0b-2355-4897-aadf-3ac220a78afa,Casey Garretson,Ryan Camras,mens
135,3d67b6d0-063e-466c-a475-7679d0764354,53eadec7-a6b1-4ce3-9825-d76affdc3f4f,Austin Bricker,Juan Varon,mens
136,3e6b668a-8d26-4424-9420-3ceb18486b65,763b4d27-8140-47cd-86f5-982706cd4ebb,Daria Walczak,Michael Loyd,mixed
137,25104e43-16f9-4ce3-9085-70243d8b350a,2856d69d-887b-4e89-a5c9-975f581f84a0,Ella Yeh,Len Yang,mixed
138,608756f6-bfc7-41b5-9cfd-5e69eacfe513,676b1cbc-766c-4616-bf39-1787ffd8c72a,Victoria Dimuzio,Etta Tuionetoa,womens
139,2856d69d-887b-4e89-a5c9-975f581f84a0,461f063e-a587-4638-bad9-421ff33d91d7,Len Yang,Genie Erokhina,mixed
140,ce4f0e14-80ea-4ed0-a81c-7341d356d427,ff38654d-daae-4bad-a1a7-690e4e5706eb,Yuta Funemizu,Connor Garnett,mens
141,0f2bcb8e-7a61-420c-ac30-b9626b8049a6,53eadec7-a6b1-4ce3-9825-d76affdc3f4f,Caitlin Klaassen,Juan Varon,mixed
142,a067b12b-b26b-4a30-aed8-0f707c52beaa,bf84d952-c6a8-4494-943d-064b223e764f,Mark Dancuart,Estee Widdershoven,mixed
143,76419f3a-712c-4241-8940-6f9bda847ba7,d3e486f2-7c25-4bcf-b9dd-81c14f644f60,Lauren Stratman,Etienne Blaszkewycz,mixed
144,03db4060-fcb3-41f7-83d5-7ee732dd8841,8bfb2660-cdda-43fb-81cb-5ff420c9f86e,Jade Rau,Jae Centonze,mixed
145,06ba18e0-687b-4aa3-822d-1c86981f576b,719e2d3b-d10d-402d-a195-41f072214679,Rafa Hewett,Isabella Dunlap,mixed
146,b025eccb-868e-4ce6-a4db-c1082a288b59,d1cae50a-fc6e-4fcd-a968-e26048c36c67,Maddy Rasmusen,Xavier Richard,mixed
147,d93f56ce-61cc-477d-a26c-17d04e53b2ff,f13e0c0b-2355-4897-aadf-3ac220a78afa,Anna Lenhart,Ryan Camras,mixed
148,e4aa3932-f0b8-4cc0-aa3b-e926f3f5075a,f51d6dfa-5101-49d8-aea5-269e481e1918,Colby Hill,Helen To,mixed
149,086c9ee0-0aa3-4d2e-bc64-22a683f44d73,55b78314-2f02-4a0c-83c2-b7cbfd8b4329,Ahmad El-Zarif,Madalina Grigoriu,mixed
150,d1ca938d-f130-4aa7-a753-1004bd0661e6,f684d481-25b9-4def-8af3-b7b2a8e507ce,Caroline Maguire,Francis Chi,mixed
151,1374dfe9-4573-4ab6-991d-16bed0a6d25c,7cf93ef3-86b7-4bb4-937b-5b5dc4c72c32,Edward Perez,Valerie R Simon,mixed
152,1f281337-8943-4c9b-8ee0-82b3c10cbeb1,ea0b7d06-7e9f-4786-a4ed-24da5029559f,Ashley Lu,Dale Kim,mixed
153,0142557a-6231-455b-8eee-daf5f67fc1ff,c1a46ce0-a228-4959-bea7-c365b285551e,James Seagraves,Brittany Yang,mixed
154,684de940-3788-41f6-9d4b-b843da242dae,c4f17333-3ce8-4d94-9ff3-389bc1f8c0dd,Wesley Hanson,Dallas Fahr,mixed
155,70c18684-f615-4d05-9aa9-5cbdbd53ab9f,c84377c6-b0ca-42dd-bc1a-2fd3d3c4ef9f,Carlota Trevino,Ryan Torresin,mixed
156,5925398b-b2a9-4e8f-ae46-5c2b59b1b818,fa8d5d28-d8f5-4996-8c35-0f4ca3c35bae,Nicole Conard,Anderson Scarpa,mixed
157,b1a0b8eb-78f8-4278-bda0-5d9397c6a7d5,dcf2ff1c-c9e8-4d61-b5f7-a6e8df0dfa5d,Liza Klyachkin,Jacob Bradshaw,mixed
158,6b432472-f73b-4f2b-b65d-5848657d117b,ca3c21b0-a715-40fd-bf00-c81e22d7da11,Amber Policare,Daniel De la Rosa,mixed
159,9d7b2972-477c-4cea-977d-f65f86dccac5,cdb01e3a-b0e0-449b-a7c5-278127f2cd61,Parth Mody,Mary McGowan,mixed
160,5a5237bd-64cd-433c-99ba-34badaa2820c,9c9c45e5-6fb8-4f4f-a85e-16cebb11972d,Braylon Ohrel,Andi Godwin,mixed
161,53b056f9-095a-40fa-881d-142629905f8a,7867cc51-11d1-471f-a8bb-9d8370b6a698,Luana Stanciu,Nicholas Wade,mixed
162,4553e8f7-d51d-41cd-bc23-752742441bff,d1045e15-2ae2-4e2c-b7ba-21a326affe05,Garrison Eaby,Alexa Quintanilla,mixed
163,86e1b9d3-15ea-4b76-b488-d3135e78aa7c,a70be599-8b9f-405d-9e10-f501b0046e74,Wade Heerboth,Shannon Pretorius,mixed
164,8286d612-dd01-491f-8229-457170029b56,af94be9e-b2f9-413a-aa9c-450cf6021c10,Karen Lu,Michael Vallejo,mixed
165,33fcb3fe-f32a-4b52-9f31-4d2225c9b126,6518ca38-f4c7-4fd8-84e1-38a7904132c2,Jemere Plummer,Sharienne Ricardo,mixed
166,47c3107f-c90a-473a-b1a8-900fcf13e984,efedfcd1-7638-4c6e-8225-fea7f8d40031,MJ Greiner,Victoria Simon,mixed
167,2c44f17e-ec2e-409f-ac80-8e7d171a037a,e79871a0-ea8d-4470-9be6-68bcaa97aacd,Jessica Brock,Ethan Aycock,mixed
168,10397234-6551-4a06-8bc6-aa50d6915731,19a1f7fe-1d16-418a-be95-785266ff586e,Liam Duffin,Yolena Carlon,mixed
169,88638eb7-8dc0-4c0a-bb9e-64480aeffd0c,9fa6a300-42c2-4a96-b7c0-9afbe1342e59,Keri Lu,Adair Garcia,mixed
170,14f68da3-a855-4656-a618-81b5d8ff6bec,2cb697da-8f48-4208-95ff-7e419fbc0013,Jarryd Woog,Rachael Fitzgerald,mixed
171,81623427-b2f0-49f0-ab5e-57d470560981,edca189d-8781-4491-a146-868c85f7cf25,Courtenay Leonard,Blake Suard,mixed
172,23a8af5a-fed3-445d-99aa-1a5f69a05ff6,9db29a7a-1fce-4394-a1f0-a5fbd2bc2e7b,Brie Aldridge,Jake Anderson,mixed
173,38fdc174-96d6-459f-a27c-df35eb9f945c,79ee2d66-5ba3-47cc-bc43-f489a09d2d5a,Ashley Griffith,George Rangelov,mixed
174,7b85c35f-6a90-4c61-af0b-565658feeb3c,dd2f2fe3-5333-4036-9d88-f108bdcee3fc,Freddie Powell,Giovanna Morelli,mixed
175,a0581131-7d36-4424-b7f1-a5a4eaaed30f,d0a30dc1-a7d7-475c-bfc9-d55e0aa8e7e3,Cc Eleven Sacca,Ethan Bakalinsky,mixed
176,56f0b269-240a-42cb-b404-0b0bf747ad98,9b8928b2-2ff4-4ae4-95dc-d1fb8e6922d9,Dylan Lewis,Sable Yrjanson,mixed
177,4939ccf3-b9d0-42c6-8254-7c220a8028aa,e468331d-9060-4b41-a570-90c36934a38b,Beatriz Lopez,Alvaro Regalado,mixed
178,74afd19c-8f82-4ca2-9345-e4d693111033,be74032b-1035-4ece-bf4f-773b45da4d58,Marshall Brown,Mehvish Safdar,mixed
179,0f8523aa-0279-4dec-8697-0261e6a1f97a,28084fc7-8653-4ff0-bc3b-1bf582d03a75,Madelyn Porter,Jay Evans,mixed
180,71992955-8b6f-470b-a991-796cfa56a826,d8d51930-abf9-468b-9e43-55a9c0728d58,Liz Truluck,Anouar Braham,mixed
181,327d9a97-a00f-4b28-b8dd-c91b6f8296ef,912adc0f-c751-4fa2-adeb-b08d588e1b24,Jenna Vlach,Eli Curls,mixed
182,13407362-97b9-4bcf-ae7a-75c3576bb99a,7ea6e46a-c319-4768-9fb3-a286dd5f69ce,Abbie Monski,TJ Rudden,mixed
183,2bfe44bb-d558-411f-abeb-c8522dd42ce9,f91b88a1-7d1e-41ad-9782-200959faf6bd,Julian Arnold,Olivia McMillan,mixed
184,49584147-f7e8-48c5-a789-8bc479a9251e,aa45af3b-41b0-4e03-9a17-4ca16a108df3,Emma Cook,Vincent Rettke,mixed
185,2f501a7d-c1f6-48ca-9e0f-8335475e7599,e6129a52-f99b-4c66-be30-8f96d7635250,Eliana Ling,Andrew Angulo,mixed
186,2f28b85f-2645-4f75-8571-67335413387b,7d860749-a84e-47fc-9883-e92ca40f5777,Morgan Downing,Kolton Youngblood,mixed
187,68d03cc0-643e-40fe-8db2-43e08d36e21b,7b0ada81-4724-4b79-865e-e394e9358de4,Josh Oakman,Caraline Cox,mixed
188,22839b0d-41bf-4830-8f1e-0da170ebc723,95015a41-423e-4439-94ee-84e275c45787,Haley Ferguson,Stephen Preissler,mixed
189,94d555fb-0678-4544-b959-ac56c3e04579,b250b70a-6e41-48e1-aa6f-4b07d606bfb5,Lova Metor,Patara Tezduyar,mixed
190,42b8527d-b84e-4f50-8e0b-5937664981e3,bd8e1ad4-5402-4c55-a95b-1d39c1de2344,Sanil Jagtiani,Spencer Liang,mixed
191,b65efb9d-3466-4500-986d-ed13e9bb25f5,fe8824f9-a572-45aa-b55a-40476dfd59dd,Elise Fortino,Michael Hollings,mixed
192,220e3821-0cac-4fce-a722-a079a5359262,482a2a18-5d10-4958-98a4-25da4fddc9a7,Casey Garretson,Lina Romero Alarcon,mixed
193,5d724580-6f68-4953-b9ac-64845d7e4930,a4ae7ae8-87b6-4649-a11b-20a0ca2aef50,Rubelle Yoo,Logan Thompson,mixed
194,3d67b6d0-063e-466c-a475-7679d0764354,f13c20c3-1fed-4a9e-abec-f3f3bf1f8f91,Austin Bricker,Anne-Sophie Courteau,mixed
195,6cea98b2-6f2a-4759-9e98-5f878e2e3bf4,eb74c432-c1c4-456e-b010-5e21966abd01,Thomas Provost,Fatyha Berjane,mixed
196,42f60d5d-b964-45d5-9bf4-5e7947300edd,d02f0502-9093-475f-a9f6-772cf0e3721f,Matvey Radionov,Mikaela Smith,mixed
197,1676f986-1e57-4e92-9ed4-5e10656c5164,456ccd39-e6fb-4c58-a7ae-dd059b022365,Jonas Daehler,Natalie Araya,mixed
198,5714d0c4-4431-4afa-9e95-11817e9d27d9,e32bc591-7691-47a7-84d6-ce2077167296,Teresa Romero,Joshua Cornett,mixed
199,f46666b8-a454-42eb-b316-f63ea86eeee2,fab2d6de-43bd-49c6-903d-d07886cb0d7e,Brendan Gallagher,Katelyn Hilliard,mixed
200,491edcb0-c087-475d-a48b-279d14e27f3a,b0f3ebeb-9266-4c1d-a9c9-4df7be38e048,Alexa Brent,Preston Ducrest,mixed
201,6f8c91a7-73ff-426d-b7ee-2f3ab52ecb1f,94cfb7cf-9142-4b9e-b6ec-1646e4711f29,Antonio Medina,Mya Barron,mixed
202,c18102fc-52d5-4d42-bd1c-303ce00ae085,c79ef5cd-2d17-4fbf-83a9-34d4aaaaebd8,Scott McRee,Masa Grgan,mixed
203,4d673453-a554-41b9-ad7c-c588058af347,e75f0b5e-f10a-4b83-989c-d33f9b723ca5,Tammy Kim,Tyler Kane,mixed
204,336f3c17-4fbf-4d27-a66e-e2631f1729c8,deb34ab5-bc2e-4fda-894e-600a62ca0fa7,Sofia Manzanares,Michael Shaw,mixed
205,0c1bb94d-3af2-42f4-b938-d712c707ace4,925c1306-6b3b-4510-8482-f34168a0842a,Callie Smith,Roscoe Bellamy,mixed
206,a91e2b68-7357-4518-baf9-f59b0b4c2477,be33755f-9262-461b-aedd-e9a7a686a82c,Christopher Haworth,Jackie Kawamoto,mixed
207,bf84d952-c6a8-4494-943d-064b223e764f,d8d51930-abf9-468b-9e43-55a9c0728d58,Estee Widdershoven,Anouar Braham,mixed
208,608756f6-bfc7-41b5-9cfd-5e69eacfe513,88fb0858-b9c3-4620-9408-0dda0eb241ef,Victoria Dimuzio,Tyler Loong,mixed
209,30eb9a2b-1570-473f-8cf1-0f7c9d21b303,ab6386c6-c7e3-422f-9134-e20e92725ee5,Zane Navratil,Emma Nelson,mixed
210,79a11da1-6aeb-4719-9b1e-9918e0163cec,a91e2b68-7357-4518-baf9-f59b0b4c2477,Christian Alshon,Christopher Haworth,mens
211,d8d51930-abf9-468b-9e43-55a9c0728d58,fa8d5d28-d8f5-4996-8c35-0f4ca3c35bae,Anouar Braham,Anderson Scarpa,mens
212,29e8121d-6f86-4192-b7af-ab05b77b89fe,34270d82-e968-407d-a918-8aa57f0123a6,Ting Chieh Wei,Elsie Hendershot,womens
213,8f521dcc-1cb5-4c8d-933c-af6b267bd395,9ce32de7-16c9-4786-a7b0-8c1c2c623d69,Meghan Dizon,Rafael Lenhard,mixed
214,71992955-8b6f-470b-a991-796cfa56a826,b68c0204-d9d4-4cba-bf23-46706abd77bf,Liz Truluck,Clayton Powell,mixed
215,925c1306-6b3b-4510-8482-f34168a0842a,b68c0204-d9d4-4cba-bf23-46706abd77bf,Roscoe Bellamy,Clayton Powell,mens
216,0c1bb94d-3af2-42f4-b938-d712c707ace4,71992955-8b6f-470b-a991-796cfa56a826,Callie Smith,Liz Truluck,womens
217,25a6f570-d617-427a-9fc4-3bf6115a9a84,be33755f-9262-461b-aedd-e9a7a686a82c,Hannah Blatt,Jackie Kawamoto,womens
218,719e2d3b-d10d-402d-a195-41f072214679,bf84d952-c6a8-4494-943d-064b223e764f,Isabella Dunlap,Estee Widdershoven,womens
219,50908953-a944-4a34-898b-16af312bc814,79a11da1-6aeb-4719-9b1e-9918e0163cec,Rachel Rohrabacher,Christian Alshon,mixed
220,719e2d3b-d10d-402d-a195-41f072214679,7886d6aa-2310-4ae8-9874-f0fc9c3e534f,Isabella Dunlap,James Delgado,mixed
221,30eb9a2b-1570-473f-8cf1-0f7c9d21b303,e96d9339-cfb6-473d-bcb3-23f2887a3e0f,Zane Navratil,John Lucian Goins,mens
222,1de884f8-7bf7-4b49-9de8-3f1fd74cabd6,52726ab1-2ac9-46c0-be90-6b0e7a2d56eb,Dylan Frazier,Pablo Tellez,mens
223,05b194b3-db88-4f77-a26f-5ef5cfbf6146,79a11da1-6aeb-4719-9b1e-9918e0163cec,Riley Newman,Christian Alshon,mens
224,29e8121d-6f86-4192-b7af-ab05b77b89fe,ab6386c6-c7e3-422f-9134-e20e92725ee5,Ting Chieh Wei,Emma Nelson,womens
225,06ba18e0-687b-4aa3-822d-1c86981f576b,7319013d-d511-4aa5-a356-4aa2cccf94f5,Rafa Hewett,Lea Jansen,mixed
226,66a6c35b-33a2-4a23-b5db-fa53c96d643a,7319013d-d511-4aa5-a356-4aa2cccf94f5,Kaitlyn Christian,Lea Jansen,womens
227,20684550-cb89-4ea2-9e2f-0f44eb920b45,925c1306-6b3b-4510-8482-f34168a0842a,Chao Yi Wang,Roscoe Bellamy,mixed
228,4af4d4d1-9f87-4dc7-95f2-b10751d44c15,efe9989b-5864-48c2-806c-06697024e1da,Tama Shimabukuro,Allyce Jones,mixed
229,29e8121d-6f86-4192-b7af-ab05b77b89fe,e96d9339-cfb6-473d-bcb3-23f2887a3e0f,Ting Chieh Wei,John Lucian Goins,mixed
230,0c1bb94d-3af2-42f4-b938-d712c707ace4,b68c0204-d9d4-4cba-bf23-46706abd77bf,Callie Smith,Clayton Powell,mixed
231,051f5c82-82ce-4ab8-b4f8-36976638a89b,1de884f8-7bf7-4b49-9de8-3f1fd74cabd6,Sahra Dennehy,Dylan Frazier,mixed
232,763b4d27-8140-47cd-86f5-982706cd4ebb,99b25b49-2a51-412d-9fbf-e1b6804acce0,Michael Loyd,Camden Chaffin,mens
233,4af4d4d1-9f87-4dc7-95f2-b10751d44c15,88fb0858-b9c3-4620-9408-0dda0eb241ef,Tama Shimabukuro,Tyler Loong,mens
234,81535c8c-27d9-452c-a72a-61fc9f755b01,9ce32de7-16c9-4786-a7b0-8c1c2c623d69,Will Mackinnon,Rafael Lenhard,mens
235,50c2125b-406c-41e7-aad6-5432c7cd8e1c,e96d9339-cfb6-473d-bcb3-23f2887a3e0f,AJ Koller,John Lucian Goins,mens
236,66a6c35b-33a2-4a23-b5db-fa53c96d643a,a000a067-1bf1-442f-a961-e6c97cb50006,Kaitlyn Christian,Nicolas Acevedo,mixed
237,676b1cbc-766c-4616-bf39-1787ffd8c72a,88fb0858-b9c3-4620-9408-0dda0eb241ef,Etta Tuionetoa,Tyler Loong,mixed
238,4af4d4d1-9f87-4dc7-95f2-b10751d44c15,608756f6-bfc7-41b5-9cfd-5e69eacfe513,Tama Shimabukuro,Victoria Dimuzio,mixed
239,52690a0c-ed4a-4e0b-bf69-4ef416cf7d55,a000a067-1bf1-442f-a961-e6c97cb50006,Eric Oncins,Nicolas Acevedo,mens
240,34270d82-e968-407d-a918-8aa57f0123a6,50c2125b-406c-41e7-aad6-5432c7cd8e1c,Elsie Hendershot,AJ Koller,mixed
241,52690a0c-ed4a-4e0b-bf69-4ef416cf7d55,7319013d-d511-4aa5-a356-4aa2cccf94f5,Eric Oncins,Lea Jansen,mixed
242,06ba18e0-687b-4aa3-822d-1c86981f576b,a000a067-1bf1-442f-a961-e6c97cb50006,Rafa Hewett,Nicolas Acevedo,mens
243,2299675b-4f10-401b-b4e2-c82a811977a4,25a6f570-d617-427a-9fc4-3bf6115a9a84,Stefan Auvergne,Hannah Blatt,mixed
244,0c1bb94d-3af2-42f4-b938-d712c707ace4,20684550-cb89-4ea2-9e2f-0f44eb920b45,Callie Smith,Chao Yi Wang,womens
245,4025f403-d676-42ee-97a1-61d9b38c211b,99b25b49-2a51-412d-9fbf-e1b6804acce0,Allison Phillips,Camden Chaffin,mixed
246,50c2125b-406c-41e7-aad6-5432c7cd8e1c,ab6386c6-c7e3-422f-9134-e20e92725ee5,AJ Koller,Emma Nelson,mixed
247,05b194b3-db88-4f77-a26f-5ef5cfbf6146,a91e2b68-7357-4518-baf9-f59b0b4c2477,Riley Newman,Christopher Haworth,mens
248,bf84d952-c6a8-4494-943d-064b223e764f,fa8d5d28-d8f5-4996-8c35-0f4ca3c35bae,Estee Widdershoven,Anderson Scarpa,mixed
249,4025f403-d676-42ee-97a1-61d9b38c211b,763b4d27-8140-47cd-86f5-982706cd4ebb,Allison Phillips,Michael Loyd,mixed
250,3e6b668a-8d26-4424-9420-3ceb18486b65,4025f403-d676-42ee-97a1-61d9b38c211b,Daria Walczak,Allison Phillips,womens
251,4a3eea39-b916-4d68-a3e2-5569c379168d,71c8bad4-9344-41c3-b0bc-86675b6f38d9,Marina Sicic,Evie Kenna,womens
252,7f18d4ff-3e7d-49ef-a389-eb79009fc38f,bbc6ac7f-84d8-4d67-973f-17d3ad4a2de7,Veronica Baldi,Antonella Sonda,womens
253,c79ef5cd-2d17-4fbf-83a9-34d4aaaaebd8,dc549667-632d-4c0c-af89-6f9da8af1e88,Masa Grgan,Viktoria Kanichova,womens
254,44dbbb24-c788-45c4-93b6-992773dda356,caa4ef34-59dd-457b-9bae-c5812c3871c6,Anna Marija Bukina,Kristiin Mets,womens
255,5c4a8848-8e77-4893-9c90-9aa188561e1d,ba4f83fd-f7b2-4e4d-acda-3b38a8fdb18e,Boris Paque,James Ling,mens
256,5ebeb666-30f1-49ea-9a6c-3acaafc78622,cc5b5eb2-af6c-45c1-a4e7-9420e23a35d2,Alex Rosa,Raymond Lawton,mens
257,80934f96-44d2-477b-b909-17b9cb6d6a9a,f91b88a1-7d1e-41ad-9782-200959faf6bd,Marcela Donatoni,Olivia McMillan,womens
258,11555f6f-dc98-411b-8d30-b8bcf7985feb,8ec136c5-ceeb-405b-9a37-69cbf074ad0f,María Fernández Costantino,Sabrina Mendez Dominguez,womens
259,05bf7513-7f0a-4f6b-bc11-5d4b14314d91,d6adc70a-8e20-4c7d-93f1-026f368c6210,Tom Protzek,Louis Laville,mens
260,096cc881-b50a-4961-b164-94d6f850f022,0d323b5f-5e88-4925-aa72-0b35edc7f6df,Bálint Bakó,Mateusz Matysik,mens
261,6ddc6413-ec78-4979-8a07-3e00630a9cb2,b3f6f49d-bc24-44fd-8068-4e5971e9d61a,Blake Goodman,Daniel Miron,mens
262,279c1930-6e9d-4a7d-acbb-f9568501da37,f0f698f8-d9c3-4e47-8d76-65fb8f9ca2a1,Alessandro Enea,Matteo Eren Enea,mens
263,61e23289-16de-4649-bac7-ae5419006e00,626853e5-c9a6-40df-9a45-24381fc6ba69,Pep Canyadell Fabregas,Rosen Naydenov,mens
264,52be8e53-d403-4a7b-b2d4-c003a1878a26,82d4ae51-0d3d-40cd-be75-4235f5453d56,Hector Sanchez Vidal,Jesus Garcia Garre,mens
265,0c3263ce-a370-475e-8cd7-32414ea409dd,2af6516c-48ed-4e4b-b7c9-67090f92b4a6,Ben Cawston,Theo Platel,mens
266,da680cbc-76f9-4f0a-9e61-26bd57dee1d3,dfecbd23-681d-4c11-9b68-1fa65cae4fd2,Rupf Anna,Fruzsina Szeli,womens
267,3c65a58b-2bc7-4dfc-91cb-bddd3209bc53,7e4b6499-bbd2-41af-8b54-a17fc89c3449,Giovanna Mandon,Marina Alcaide,womens
268,8a5114c9-3403-4bc6-b779-4c1aca7ec2bb,c3066b2d-fc90-4774-a571-cde5fc5583d4,Dora Kurdi,Chloe Diskin,womens
269,2197e919-eade-4f03-b331-4f537ecab9e6,78dbd513-76f2-45d7-bced-a3260a5fcd48,Francesca Rumi,Klara Thell-Lenntorp,womens
270,60f33eb9-abaf-4adb-815c-2ed8e68d9e36,6d4437fc-cbe8-459a-b872-ffd836454379,Claudia Caymel Romero,Katie Morris,womens
271,6bd2d6e4-c8f0-4903-a4b0-4fa9db53419d,85f275ba-2e34-4ba5-8e40-3469047c0eb4,Piercarlo Usai,Marcello Bettinelli,mens
272,19c705db-43b5-47ec-9a74-dbf5ef8e0524,1a2978c1-7ae2-4173-aedd-39dd37e7deb7,Demetrio De Vito,Umberto Vivaldi,mens
273,78d2a2b8-1cf6-42d4-947e-6314a455a6b9,e3737496-75c5-4241-b3c7-ab3deaaf468f,Cyril Peltier,Mikołaj Biedermann,mens
274,12824ad4-eead-4683-8098-560ac879a20d,1a1a39ba-bb6f-42b9-8f38-4caab2625f2c,Pedro Antonio Díaz Adrover,David Palkovský,mens
275,936d4ad7-fdef-4793-a783-8f8aba4849b0,b0ab1856-6585-433c-ba7d-5084712d0593,Stephanie Vennemann-Kohls,Anna-Lena Straub,womens
276,26cc764a-afbb-48b7-90c7-21a78d19a1c3,b1ee7296-6cd2-404b-8451-0d795ea34b7a,Kristina Jensen,Vittoria De Pasquale,womens
277,192613f1-44a9-4ad2-b8da-0a89a02fed8b,5a1eed7b-a27a-492f-b91e-890be8cddf3c,Alexandra Zapletalová,Gabriela Leova,womens
278,6386787a-2e39-4589-b3d1-d663b83b1252,f20f1487-9cfd-45e6-9cb5-e945ed5d3a9d,Francesco Gallo,Lorenzo Lanza,mens
279,5da74274-1db1-4ab6-8e96-172e05c80ddb,a6123179-2181-4314-ab81-9f31749cb8b5,Mireia Rh,Karina Zustakova,womens
280,398f98c6-387c-4361-9d97-99cdbb13f73b,42d9a582-944d-454a-bd3c-2742a71008d8,Valentina Sudati,Alessia Rossetti,womens
281,787d8221-789c-4720-9a3a-b7569342b942,d42cfe32-b34c-41aa-b76f-10d2fb5a7f35,Caroline Nothnagel,Karolina Owczarek,womens
282,93abf167-22b3-4f07-865d-20abaaf1c26b,de616602-24e3-40fd-9e05-b3b3fc30e3ae,Stefan Grubmueller,Davide Vendrame,mens
283,00aa691a-b0fc-4d1d-8107-13c0916de5af,78dc8ab7-bf74-43f5-83e3-28bd9ee4ab56,Robinn Sander,Gustaf Geterud II,mens
284,2ee9ccf5-8306-42e3-abd9-a376c223830b,3145d0ac-4c1d-4897-9c4e-0907e1a65478,Krisztian Kaszoni,Kenneth Suarez,mens
285,6c7a2a53-e724-4832-a1a3-7112c4463099,f3bc870f-21c0-4698-a3c6-be2960e9b0f9,Matteo Cugliari,Bastian Grau,mens
286,72fe2549-29c9-4ad2-b1e0-1c772e6b5452,7e90c73f-d98f-450d-9357-7ca8cfd5737f,Andrea Bosi,Alberto Seccia,mens
287,5f0f10c2-bcb7-4e9e-9ee2-0fcb86810977,d95d74f2-0788-4eb0-95eb-8bb65c8f907f,Karlo Krstanovic,Marko Lovrinovic,mens
288,a4bbd818-0a8a-446a-a240-53575d1dfa7e,aa267911-7a93-4a2f-8a03-31124cb927a4,Henrikas Traskin,Felix Grunert,mens
289,962ac4f2-5ecd-4b87-a11b-2059e6ed184f,d2c1ac51-11aa-4c50-8246-6df7ae5d35c0,Diana Toia,Rosalba Cucci,womens
290,03e323f3-e5f2-4a4c-9f9c-7b7e6fa69803,cc0aae52-a627-4912-92d6-570d1f68fbb9,Natascia Sciolti,Paola Tampieri,womens
291,d2ec9311-509a-4e17-90a4-10ced8293a08,fc152404-55a6-4161-b72e-9812142e98cf,Alex Serrano Ruano,David Illescas Cases,mens
292,26698393-0add-4cdf-bbb3-203b233ebdba,e30b26db-2e50-4ba0-b076-b62f20f0af2e,Armando Ferreira,Kym Sze,mens
293,2d072cb6-71e3-4bfc-bee4-9d23d1c31e7d,55fbb2c5-bcbf-4953-9b7f-4d9a2781fa14,Filippo Rossetti,Luca Romanelli,mens
294,554e94c5-b6ef-46af-bf2c-c8533ac8fd7e,dc59708f-1fe6-4dff-b006-17e088f66bf5,Hrvoje Radić,Luka Krstanovic,mens
295,01f8bc01-6aa9-45e3-95f2-ba4250adca73,e2bec0fc-c561-49ac-bb49-738cb16b7d2d,Raquel Amaro,Sara Chumillas,womens
296,9d6f7f04-e088-42ef-bdac-5b77a3fd6299,f2a24a6e-feb4-4be5-b3d2-6ba6bb261ce6,Gabriele Silvestri,Wojciech (voyteck) Kmiecik,mens
297,521caf06-59f2-4056-a1e7-7f341d50338b,e6ab4740-c5a4-47a7-93eb-92d33092186c,María Pintor Rodríguez,Clara Contis,womens
298,023337c8-0868-4b6d-bb62-e9effad73e56,70ff8e94-97ba-4bf9-82a5-df6ef8b93deb,Gabriele Camasta,Eugenio Fara,mens
299,93ccc589-6333-48eb-8f92-db34ef873e51,9d740bbc-0b4e-496a-9158-f7d4d92f7648,Alexsander Benica,Jonah Edelson,mens
300,5a8d862d-5d28-45c6-9e5d-683f031174e1,dda5191c-e3b6-45a5-9a68-294052c0766e,Riku Owari,Zen Yoshida,mens
301,05b194b3-db88-4f77-a26f-5ef5cfbf6146,be33755f-9262-461b-aedd-e9a7a686a82c,Riley Newman,Jackie Kawamoto,mixed
302,0d323b5f-5e88-4925-aa72-0b35edc7f6df,78dbd513-76f2-45d7-bced-a3260a5fcd48,Mateusz Matysik,Klara Thell-Lenntorp,mixed
303,0c3263ce-a370-475e-8cd7-32414ea409dd,6d4437fc-cbe8-459a-b872-ffd836454379,Ben Cawston,Katie Morris,mixed
304,05bf7513-7f0a-4f6b-bc11-5d4b14314d91,d42cfe32-b34c-41aa-b76f-10d2fb5a7f35,Tom Protzek,Karolina Owczarek,mixed
305,60f33eb9-abaf-4adb-815c-2ed8e68d9e36,61e23289-16de-4649-bac7-ae5419006e00,Claudia Caymel Romero,Pep Canyadell Fabregas,mixed
306,0c1bb94d-3af2-42f4-b938-d712c707ace4,2e0c0227-6e3e-43d5-8037-7f8bd0f9b935,Callie Smith,Gabriel Joseph,mixed
307,129b2771-34b5-4b7f-9c23-e020a6aa3e6a,b51ea0fb-c243-4427-85f8-b798febb51ff,Anna Leigh Waters,Jorja Johnson,womens
308,5925398b-b2a9-4e8f-ae46-5c2b59b1b818,a018902f-114c-4519-997c-4fdf52d4a0e1,Nicole Conard,Abbigal Hatton,womens
309,b9bacc1e-29b5-4a92-a9c1-24e08ac72215,cd1bf109-4907-4208-bca1-4d12f9494a4c,Sofia Sewing,Casey Diamond,mixed
310,3a43c56f-b9d8-4e72-ae8a-58fd69291946,c96f7a83-9cc1-4fbe-a610-126ed8e3a202,Jack Sock,Gregory Dow,mens
311,9b97206b-783a-4fab-85e9-45a6240325a5,ff38654d-daae-4bad-a1a7-690e4e5706eb,Catherine Parenteau,Connor Garnett,mixed
312,1de884f8-7bf7-4b49-9de8-3f1fd74cabd6,574957ae-e8d5-486e-aabc-a1cc6a392f8d,Dylan Frazier,Jalina Ingram,mixed
313,348255bf-f94e-47cb-ab5d-95969c2bd7b9,f86cff72-5f9c-40b1-9f28-f28aafae245f,Aiko Yoshitomi,Wyatt Stone,mixed
314,89843e44-48fd-4a3f-b8c0-5f5aa6ae5741,dbcb41e9-e983-410b-bc23-d184d034cfc0,Dekel Bar,Tyson McGuffin,mens
315,25a6f570-d617-427a-9fc4-3bf6115a9a84,79a11da1-6aeb-4719-9b1e-9918e0163cec,Hannah Blatt,Christian Alshon,mixed
316,7edb882c-6d17-4129-8208-710e3c82364c,b51ea0fb-c243-4427-85f8-b798febb51ff,Federico Staksrud,Jorja Johnson,mixed
317,348255bf-f94e-47cb-ab5d-95969c2bd7b9,d45a3391-82f4-45d0-ba66-f1901854a8d0,Aiko Yoshitomi,Darrian Young,mixed
318,b9bacc1e-29b5-4a92-a9c1-24e08ac72215,f879086b-e0e5-4772-b0a6-4055c265da69,Sofia Sewing,Tina Pisnik,womens
319,a3ed7970-35d2-485c-8285-187c298a2d83,f76f4ac5-e3cc-4fe6-a4bc-a968b8b991b1,Lacy Schneemann,Alex Walker,womens
320,469988c9-b401-4c68-9e07-e1b1b104b791,f76f4ac5-e3cc-4fe6-a4bc-a968b8b991b1,Yates Johnson,Alex Walker,mixed
321,3a43c56f-b9d8-4e72-ae8a-58fd69291946,a3ed7970-35d2-485c-8285-187c298a2d83,Jack Sock,Lacy Schneemann,mixed
322,d50310a6-9378-4228-823f-7fb54f7bd698,fc05556e-3e38-4a38-99c2-f855174a7c28,Gabriel Tardio,Hayden Patriquin,mens
323,129b2771-34b5-4b7f-9c23-e020a6aa3e6a,1bb8b2c1-ca6f-45ac-afdd-fab7e77d69d4,Anna Leigh Waters,Noe Khlif,mixed
324,a018902f-114c-4519-997c-4fdf52d4a0e1,f86cff72-5f9c-40b1-9f28-f28aafae245f,Abbigal Hatton,Wyatt Stone,mixed
325,7edb882c-6d17-4129-8208-710e3c82364c,d0f19d1e-2a6e-4eb3-b10c-1311edd599a8,Federico Staksrud,Will Howells,mens
326,d45a3391-82f4-45d0-ba66-f1901854a8d0,f86cff72-5f9c-40b1-9f28-f28aafae245f,Darrian Young,Wyatt Stone,mens
327,3af01041-5679-400a-87b8-12c01db8cec4,d50310a6-9378-4228-823f-7fb54f7bd698,Kate Fahey,Gabriel Tardio,mixed
328,db5eef5c-99dd-49d9-bbfc-65171a366bda,fc05556e-3e38-4a38-99c2-f855174a7c28,Anna Bright,Hayden Patriquin,mixed
329,89843e44-48fd-4a3f-b8c0-5f5aa6ae5741,f879086b-e0e5-4772-b0a6-4055c265da69,Dekel Bar,Tina Pisnik,mixed
330,a9a168ae-7822-4d31-b07b-fba40480c1fc,d45a3391-82f4-45d0-ba66-f1901854a8d0,Brandon French,Darrian Young,mens
331,a018902f-114c-4519-997c-4fdf52d4a0e1,a9a168ae-7822-4d31-b07b-fba40480c1fc,Abbigal Hatton,Brandon French,mixed
332,3af01041-5679-400a-87b8-12c01db8cec4,db5eef5c-99dd-49d9-bbfc-65171a366bda,Kate Fahey,Anna Bright,womens
333,1d701c30-6b5d-485f-ae97-60f3b0c50896,1de884f8-7bf7-4b49-9de8-3f1fd74cabd6,Zoey Weil,Dylan Frazier,mixed
334,1bb8b2c1-ca6f-45ac-afdd-fab7e77d69d4,7edb882c-6d17-4129-8208-710e3c82364c,Noe Khlif,Federico Staksrud,mens
335,a9a168ae-7822-4d31-b07b-fba40480c1fc,f86cff72-5f9c-40b1-9f28-f28aafae245f,Brandon French,Wyatt Stone,mens
336,051f5c82-82ce-4ab8-b4f8-36976638a89b,52726ab1-2ac9-46c0-be90-6b0e7a2d56eb,Sahra Dennehy,Pablo Tellez,mixed
337,5925398b-b2a9-4e8f-ae46-5c2b59b1b818,a9a168ae-7822-4d31-b07b-fba40480c1fc,Nicole Conard,Brandon French,mixed
338,348255bf-f94e-47cb-ab5d-95969c2bd7b9,5925398b-b2a9-4e8f-ae46-5c2b59b1b818,Aiko Yoshitomi,Nicole Conard,womens
339,53eadec7-a6b1-4ce3-9825-d76affdc3f4f,c971bb40-090b-4e47-be58-905495e38401,Juan Varon,Miles Hoover,mens
340,96fa4141-9648-475f-ab95-fb6796c2f489,a0582749-fb23-42cc-98ed-1915464c4814,Sam Weinbach,Luke Wasson,mens
341,1bab49f1-6891-4d3e-8f77-42aa4fc1d18e,89647b43-f3f5-49e6-896f-614f0175a3f5,Mohaned Alhouni,Jackson Ayotte,mens
342,1607a4f2-2592-4745-ba49-21bbeb199151,f6e249dc-5bb9-483a-a99f-df364df93341,Sydney Sonday,Kelly Goodnow,womens
343,1c9a1752-42f3-446c-8527-cdc549cc941c,cbd6f28a-2de2-41b1-9173-755315150282,Circa Luna S,Mila Messinger,womens
344,80c7b31d-c0f9-47ed-ad11-c8a9cf369925,81623427-b2f0-49f0-ab5e-57d470560981,Kaitlin Tran,Courtenay Leonard,womens
345,3f29827b-5f36-4726-a16c-bf4f038705c5,4cbfc815-dc55-4d6d-b844-f28b3aeb40d6,Alexandra Strange,Cassandra Fryberger,womens
346,3270dc72-53b7-4d35-aa4c-7f8b7b6bf905,ce7e7707-c94e-4d33-b34a-37efe3363774,Matthew Barlow,Eli Steiner,mens
347,399fe2bc-d7f3-4e31-a194-0ac3dcbf0894,f613fc75-b580-4c2a-87ae-cfe024504205,Kamyla Held,Melissa Beré,womens
348,4401d1f8-7fc6-4f08-8942-449c356678f6,ac2bf5d1-3377-488f-be6e-014c89cb6cd1,Mylin Lemke,Hannah Pardus,womens
349,1e538b1f-66e9-4166-ac60-3aef311ee0b5,f13c20c3-1fed-4a9e-abec-f3f3bf1f8f91,Jada Bui,Anne-Sophie Courteau,womens
350,d1ca938d-f130-4aa7-a753-1004bd0661e6,f90019dd-1155-4fb0-96af-1ad5ef85184b,Caroline Maguire,Volly Johnson,womens
351,146dd2f7-7f5d-495d-b2f1-96d433742fec,dc69fcde-bcda-4441-8b66-a8bafeb12ded,Eduardo Santini Ayon,Joel Poland,mens
352,2bcbe380-9376-404a-8bb4-c89ab7a8edde,3aad1ef4-ac79-442b-880f-283a5af18fbb,Cole Wilcox,Austin Romaguera,mens
353,3ce4aa7c-c96f-4a78-ab5c-051eb53a5fc3,e4bf2cca-f71a-4ded-89fe-39db811423db,Grayson Brandon,Jace Howard,mens
354,72df1f6b-5319-4cf2-9d2a-284b6f6b6be4,92b20d3a-70c5-453e-8b2d-38c1c552b693,Connor Gibbs,Edward Kim,mens
355,37a2a373-8d3e-4177-bf1b-e6c9eaa52f5e,a0581131-7d36-4424-b7f1-a5a4eaaed30f,Natalia Simson,Cc Eleven Sacca,womens
356,43a35ec2-3d7a-4c6f-b412-cac02d237a46,ac6e5c34-ef0b-42a3-8379-e8447413c6af,Vritti Sethi,Constanza Gorches,womens
357,53b056f9-095a-40fa-881d-142629905f8a,9e8ad96a-17a3-48bf-9363-7b35cc96b2b8,Luana Stanciu,Averee Beck,womens
358,8834a79d-a6ef-48ca-82dc-900db2a441a0,cf21b2b4-0f5b-43c0-b8b1-18b64b376cd2,Jayce Landheer,Lucas Pereyra,mens
359,ad27fa70-ef8e-493c-8871-caf9afce0801,b3917e17-d8cd-401f-82b5-ea6856a83e88,Dave Weinbach,David George,mens
360,90b27004-f6bd-4a12-9cfa-acde87301310,a6f57d71-bf90-48fc-b05b-abe66980a132,Joel Cassens,Mike Radermacher,mens
361,70c18684-f615-4d05-9aa9-5cbdbd53ab9f,dcd029fb-2814-401b-a1cb-0c4269d9954b,Carlota Trevino,Allie Reichert,womens
362,2030bb81-feec-428a-85d9-c8188445ed00,8ef05c0d-a40e-494f-b27e-77c36449e9ae,Ariana Ajani,Chantal Mabie,womens
363,d0a30dc1-a7d7-475c-bfc9-d55e0aa8e7e3,ea0b7d06-7e9f-4786-a4ed-24da5029559f,Ethan Bakalinsky,Dale Kim,mens
364,bd7773b4-7b8e-4da2-96ce-98fe3490ee93,f4bbf7d4-371e-42f7-9979-568f57881a11,Lindsey Newman,Adelie Osher,womens
365,49d53a66-df0a-4419-892e-0fe6c788391e,4a2236e5-8dbb-4986-b523-6ea384b51c4b,Wendy Weston,Grace Nguyen,womens
366,6a87bc44-5190-44db-8a2f-467de4de48c6,87d60b6f-6f2e-4610-ab89-487e8acc097e,Christa Gecheva,Mya Bui,womens
367,2cdfbe76-f54d-411f-8bf4-b2e2ba1fd439,bde1ffe8-4651-40ac-8e1b-24e850ff7586,Nisal Liyanage,Tommy Labat,mens
368,110bc104-eec8-451a-bdd3-c78e9d6cad2a,d50c8578-6b06-453d-99fa-7a910cc5e39e,Jamie Hafner Jr.,Jordan Tacheny,mens
369,2a490031-a7b4-4833-8d61-b9970960d2dc,85fd72c5-d264-4ad5-8f75-070e1a657508,Monika Wynne,Maya Wilson,womens
370,a8256366-d2f9-4787-bf8c-d8e76c55fa86,bb4de7dc-9f25-4218-a601-318492e0884c,Mouaad Alhouni,Usama Khalid,mens
371,5fc11785-edc1-4fca-a4eb-d71cc0d36483,b3f48e8c-c552-4a9c-b200-42de913820ad,Patrik Kevin Tsati-Onla,Brenden Everhart,mens
372,0d23964f-d43f-4006-b1e0-13001393216c,84bc805f-1c7a-4151-8c50-f3236805edea,Ross Whittaker,Aanik Lohani,mens
373,666db10a-f8de-4310-a988-cb0005f38a30,7afc02f4-1e87-45c2-a101-0d48ecc05f8d,Edgaras Zilys,Martin Stanchev,mens
374,571d4503-e073-4580-a555-be3c7f93c59c,6f40bd0c-a3d4-4be6-bf79-a40d8e21fd83,Chuck Taylor,Christopher Anderson,mens
375,94d555fb-0678-4544-b959-ac56c3e04579,aa45af3b-41b0-4e03-9a17-4ca16a108df3,Lova Metor,Vincent Rettke,mens
376,3864ce4f-1fda-45cd-9bfd-4a6cb6ba069b,7ea6e46a-c319-4768-9fb3-a286dd5f69ce,Will Lieberman,TJ Rudden,mens
377,3138ce06-22c5-459d-8e83-30ffd8856b35,fdcf0567-0817-4a26-a427-31daa7b297e0,Luke W,Karson Feyereisen,mens
378,0b75af4a-8c68-4ff7-a2f1-09bda71b5bed,26898786-4fd1-4dd9-bc18-a5c515a6b0ef,Andre Mercado,Maverick Messinger,mens
379,0ac11983-04a4-49b8-80b6-afbc7453465e,a973d880-71ca-48d1-b127-a7e23afd5a19,George Bulger,Matthew Mead,mens
380,4a1d43d1-bc2a-42ab-b2e4-fd2c2ec339cd,6f8c91a7-73ff-426d-b7ee-2f3ab52ecb1f,Ben Baravik,Antonio Medina,mens
381,6ceeb129-a28c-410e-a3da-6afb338a331d,856ad395-70ff-4234-92f8-3218f8b0ae2b,Dylan Unkert,George Wolf,mens
382,5ee2742d-1d00-47fa-bca0-bf8d6116bff8,ad7bf9e2-f1db-415b-ae1f-776f0fdca16a,Brandon Contratto,Cayden Sprowl,mens
383,9db29a7a-1fce-4394-a1f0-a5fbd2bc2e7b,f13e0c0b-2355-4897-aadf-3ac220a78afa,Jake Anderson,Ryan Camras,mens
384,6eb8ea1c-31ca-4c18-ba0c-ab8a75cdc24f,76cb507c-754e-4a0f-af03-f679a0ca4e3d,William Hsieh,Aditya Ratnala,mens
385,06bf1d7a-349c-4252-8ee0-05cb65a4a6a0,d93f56ce-61cc-477d-a26c-17d04e53b2ff,Alexis Hayden,Anna Lenhart,womens
386,1374dfe9-4573-4ab6-991d-16bed0a6d25c,80217cca-df99-4019-a90f-385622ca057a,Edward Perez,Zach Gonnering,mens
387,56a8d61e-17db-404a-bed9-bcc11bf9156d,fabf1dc9-7dd1-4b52-aa96-0df269e2a008,Julie Azzolina,Lorie Caelwaerts,womens
388,135206c1-6886-4bef-9b26-20adf7dcda45,e10e03b1-d46f-4a8e-9c5c-1a418e511328,Christian Tanner,Khalijawan Barber,mens
389,607ff7e3-ba06-47f2-8bdc-0f66a4a6614f,b89b9a41-402a-4b8f-a876-83fb95bbbfd4,V. Mary Rivas,Nina Rhoades,womens
390,034ef432-2de0-4893-b242-34baee3c73a6,4c84febc-d921-4f70-92c5-21d1c7127b24,Jillian Niemann,Samantha Morgan,womens
391,2dbd6cd3-5ab7-4b4d-ab89-4be8a202b5b7,4338e03c-c4e9-4c41-a9dc-e48e3c5f734e,Tanner Petrick,Jason Horychuk,mens
392,15fdedc7-102a-44aa-a4fb-76c8350d1a4c,f684d481-25b9-4def-8af3-b7b2a8e507ce,Ryder Brown,Francis Chi,mens
393,3a43c56f-b9d8-4e72-ae8a-58fd69291946,469988c9-b401-4c68-9e07-e1b1b104b791,Jack Sock,Yates Johnson,mens
394,3e6b668a-8d26-4424-9420-3ceb18486b65,99b25b49-2a51-412d-9fbf-e1b6804acce0,Daria Walczak,Camden Chaffin,mixed
395,25a6f570-d617-427a-9fc4-3bf6115a9a84,a91e2b68-7357-4518-baf9-f59b0b4c2477,Hannah Blatt,Christopher Haworth,mixed
396,c96f7a83-9cc1-4fbe-a610-126ed8e3a202,cd7b97fc-d912-4c59-8ab3-c2d70e79d998,Gregory Dow,Lina Padegimaite,mixed
397,90b27004-f6bd-4a12-9cfa-acde87301310,dee643dc-920a-42e7-9596-7052f08cd4e8,Joel Cassens,Jamie Voelker,mixed
398,06bf1d7a-349c-4252-8ee0-05cb65a4a6a0,e10e03b1-d46f-4a8e-9c5c-1a418e511328,Alexis Hayden,Khalijawan Barber,mixed
399,0b75af4a-8c68-4ff7-a2f1-09bda71b5bed,f4bbf7d4-371e-42f7-9979-568f57881a11,Andre Mercado,Adelie Osher,mixed
400,96fa4141-9648-475f-ab95-fb6796c2f489,fc306d88-9978-4ca0-9ed1-c91eeb1f0de1,Sam Weinbach,Hailey Munz,mixed
401,1bab49f1-6891-4d3e-8f77-42aa4fc1d18e,bd7773b4-7b8e-4da2-96ce-98fe3490ee93,Mohaned Alhouni,Lindsey Newman,mixed
402,70c18684-f615-4d05-9aa9-5cbdbd53ab9f,dc69fcde-bcda-4441-8b66-a8bafeb12ded,Carlota Trevino,Joel Poland,mixed
403,2a490031-a7b4-4833-8d61-b9970960d2dc,bb4de7dc-9f25-4218-a601-318492e0884c,Monika Wynne,Usama Khalid,mixed
404,37a2a373-8d3e-4177-bf1b-e6c9eaa52f5e,666db10a-f8de-4310-a988-cb0005f38a30,Natalia Simson,Edgaras Zilys,mixed
405,1374dfe9-4573-4ab6-991d-16bed0a6d25c,53b056f9-095a-40fa-881d-142629905f8a,Edward Perez,Luana Stanciu,mixed
406,2cdfbe76-f54d-411f-8bf4-b2e2ba1fd439,8ef05c0d-a40e-494f-b27e-77c36449e9ae,Nisal Liyanage,Chantal Mabie,mixed
407,2030bb81-feec-428a-85d9-c8188445ed00,f13e0c0b-2355-4897-aadf-3ac220a78afa,Ariana Ajani,Ryan Camras,mixed
408,7b6b98b0-27ab-4a48-96b4-12ad4732a014,80c7b31d-c0f9-47ed-ad11-c8a9cf369925,Benjamin Huynh,Kaitlin Tran,mixed
409,399fe2bc-d7f3-4e31-a194-0ac3dcbf0894,5ee2742d-1d00-47fa-bca0-bf8d6116bff8,Kamyla Held,Brandon Contratto,mixed
410,85fd72c5-d264-4ad5-8f75-070e1a657508,cf21b2b4-0f5b-43c0-b8b1-18b64b376cd2,Maya Wilson,Lucas Pereyra,mixed
411,9db29a7a-1fce-4394-a1f0-a5fbd2bc2e7b,d93f56ce-61cc-477d-a26c-17d04e53b2ff,Jake Anderson,Anna Lenhart,mixed
412,26898786-4fd1-4dd9-bc18-a5c515a6b0ef,a0581131-7d36-4424-b7f1-a5a4eaaed30f,Maverick Messinger,Cc Eleven Sacca,mixed
413,0d23964f-d43f-4006-b1e0-13001393216c,2b56b414-7c42-4609-8b2c-285506bef036,Ross Whittaker,Jayda Maldonado,mixed
414,81623427-b2f0-49f0-ab5e-57d470560981,aa45af3b-41b0-4e03-9a17-4ca16a108df3,Courtenay Leonard,Vincent Rettke,mixed
415,607ff7e3-ba06-47f2-8bdc-0f66a4a6614f,bde1ffe8-4651-40ac-8e1b-24e850ff7586,V. Mary Rivas,Tommy Labat,mixed
416,4401d1f8-7fc6-4f08-8942-449c356678f6,d50c8578-6b06-453d-99fa-7a910cc5e39e,Mylin Lemke,Jordan Tacheny,mixed
417,3270dc72-53b7-4d35-aa4c-7f8b7b6bf905,87d60b6f-6f2e-4610-ab89-487e8acc097e,Matthew Barlow,Mya Bui,mixed
418,1607a4f2-2592-4745-ba49-21bbeb199151,7867cc51-11d1-471f-a8bb-9d8370b6a698,Sydney Sonday,Nicholas Wade,mixed
419,1c9a1752-42f3-446c-8527-cdc549cc941c,f684d481-25b9-4def-8af3-b7b2a8e507ce,Circa Luna S,Francis Chi,mixed
420,4c84febc-d921-4f70-92c5-21d1c7127b24,6f40bd0c-a3d4-4be6-bf79-a40d8e21fd83,Samantha Morgan,Christopher Anderson,mixed
421,53eadec7-a6b1-4ce3-9825-d76affdc3f4f,f13c20c3-1fed-4a9e-abec-f3f3bf1f8f91,Juan Varon,Anne-Sophie Courteau,mixed
422,04ab231b-f2ab-456a-a79a-1728f29e42fa,ababc250-f834-4e1b-a3e5-f7152faf0888,Eliel Herminas,Kendall Warren,mixed
423,617f573b-5a95-4a35-b5ee-44ee16b610a9,a756ee87-c12d-4264-bc6d-0e2c56fba4ff,Jia Yi Tan,Dan Nguyen,mixed
424,1e538b1f-66e9-4166-ac60-3aef311ee0b5,c971bb40-090b-4e47-be58-905495e38401,Jada Bui,Miles Hoover,mixed
425,316a0784-5829-4fad-89a1-438e5aac2504,80217cca-df99-4019-a90f-385622ca057a,Jazz Hearn IV,Zach Gonnering,mixed
426,ce7e7707-c94e-4d33-b34a-37efe3363774,dcd029fb-2814-401b-a1cb-0c4269d9954b,Eli Steiner,Allie Reichert,mixed
427,92b20d3a-70c5-453e-8b2d-38c1c552b693,ac6e5c34-ef0b-42a3-8379-e8447413c6af,Edward Kim,Constanza Gorches,mixed
428,a6f57d71-bf90-48fc-b05b-abe66980a132,b89b9a41-402a-4b8f-a876-83fb95bbbfd4,Mike Radermacher,Nina Rhoades,mixed
429,571d4503-e073-4580-a555-be3c7f93c59c,f613fc75-b580-4c2a-87ae-cfe024504205,Chuck Taylor,Melissa Beré,mixed
430,4a1d43d1-bc2a-42ab-b2e4-fd2c2ec339cd,4a2236e5-8dbb-4986-b523-6ea384b51c4b,Ben Baravik,Grace Nguyen,mixed
431,68d3b279-8b2d-4055-8eb3-b28448c1f7d2,89647b43-f3f5-49e6-896f-614f0175a3f5,Katie Neils,Jackson Ayotte,mixed
432,49d53a66-df0a-4419-892e-0fe6c788391e,6f8c91a7-73ff-426d-b7ee-2f3ab52ecb1f,Wendy Weston,Antonio Medina,mixed
433,43a35ec2-3d7a-4c6f-b412-cac02d237a46,7afc02f4-1e87-45c2-a101-0d48ecc05f8d,Vritti Sethi,Martin Stanchev,mixed
434,034ef432-2de0-4893-b242-34baee3c73a6,a973d880-71ca-48d1-b127-a7e23afd5a19,Jillian Niemann,Matthew Mead,mixed
435,146dd2f7-7f5d-495d-b2f1-96d433742fec,f6e249dc-5bb9-483a-a99f-df364df93341,Eduardo Santini Ayon,Kelly Goodnow,mixed
436,84bc805f-1c7a-4151-8c50-f3236805edea,d1d9ab01-d487-4dca-829b-99711c77f3b5,Aanik Lohani,Linda Loch,mixed
437,3864ce4f-1fda-45cd-9bfd-4a6cb6ba069b,f90019dd-1155-4fb0-96af-1ad5ef85184b,Will Lieberman,Volly Johnson,mixed
438,15fdedc7-102a-44aa-a4fb-76c8350d1a4c,d1ca938d-f130-4aa7-a753-1004bd0661e6,Ryder Brown,Caroline Maguire,mixed
439,6cae3a50-eee6-45ea-8b28-85ef9c50e3c4,ff38654d-daae-4bad-a1a7-690e4e5706eb,Jade Kawamoto,Connor Garnett,mixed
440,6794d224-7da3-43d9-8300-e24e731f5dea,b03ff4de-9b8f-46a8-a530-d8f19e9d6ec9,Samantha Parker,Max Freeman,mixed
441,07ba5aa2-4581-4f2e-a62a-ec802353725c,2299675b-4f10-401b-b4e2-c82a811977a4,Irina Tereschenko,Stefan Auvergne,mixed
442,b03ff4de-9b8f-46a8-a530-d8f19e9d6ec9,ff38654d-daae-4bad-a1a7-690e4e5706eb,Max Freeman,Connor Garnett,mens
443,2299675b-4f10-401b-b4e2-c82a811977a4,a91e2b68-7357-4518-baf9-f59b0b4c2477,Stefan Auvergne,Christopher Haworth,mens
444,7d1a5320-aaee-46b1-a912-da2edd195248,d8d51930-abf9-468b-9e43-55a9c0728d58,Rika Fujiwara,Anouar Braham,mixed
445,719e2d3b-d10d-402d-a195-41f072214679,7d1a5320-aaee-46b1-a912-da2edd195248,Isabella Dunlap,Rika Fujiwara,womens
446,435e466e-22c7-4917-8cb4-ff45bbccde19,f879086b-e0e5-4772-b0a6-4055c265da69,Tamaryn Emmrich,Tina Pisnik,womens
447,89843e44-48fd-4a3f-b8c0-5f5aa6ae5741,cd1bf109-4907-4208-bca1-4d12f9494a4c,Dekel Bar,Casey Diamond,mens
448,6794d224-7da3-43d9-8300-e24e731f5dea,6cae3a50-eee6-45ea-8b28-85ef9c50e3c4,Samantha Parker,Jade Kawamoto,womens
449,07ba5aa2-4581-4f2e-a62a-ec802353725c,25a6f570-d617-427a-9fc4-3bf6115a9a84,Irina Tereschenko,Hannah Blatt,womens
450,50908953-a944-4a34-898b-16af312bc814,be33755f-9262-461b-aedd-e9a7a686a82c,Rachel Rohrabacher,Jackie Kawamoto,womens
451,22220f93-1344-40a4-b468-4db3e29410bb,2adf9a96-2b76-47e2-a9d1-739b146aaf24,Michael Massih,Ryan Morris,mens
452,8f937eab-4d95-403b-9876-50cf9dfb1e43,b3b5c321-caa3-4051-8716-cc07f6def722,Kyle Anderson,Liam Lamb,mens
453,5a48d9fe-f61f-436f-9451-cd3b0bbda6d8,a770fd12-8c42-4b11-a19a-7a962828391b,Nicholas Maleganeas,Jason Taylor,mens
454,dbc38a61-733a-405f-a923-ff1861ce8e91,f45799d3-6a8f-49eb-ba66-18144efc5348,Luther Ferris,Matt Carter,mens
455,1961070f-7d4a-4677-9a66-d208d917c04d,e84cb199-ef59-4c91-b7be-31ce28420fd4,Katerina Valos,Emily Martin,womens
456,16ff0938-2d6a-4c02-b131-fd0770385d34,57353b41-cf47-451a-b808-137cfea0fe37,Deborah Rossi,Olivia Isbey,womens
457,0f82379d-f256-469b-b5d2-26e86409f1a3,972dbd63-f899-4c7c-baae-57e79123a899,Andy Van der Vyver,Daiki Tanabe,mens
458,2887ee14-28a3-488c-9610-fdcb720b4ade,d11cbf0c-b928-46a7-ba53-70933e80eb97,Aaron Johnson,Benjamin Beard,mens
459,a51b59c5-1a13-4472-821a-eb9866e72adf,d212fa85-d1ac-464b-9574-8439425e061d,Joseph Wild,Lachy Donnelly,mens
460,876789c4-669c-4d49-808f-6b45e6a75f44,ab60b0bc-d1b3-4968-9dc5-f57dc5c7561c,Kepueli Fitikefu Jr,Pahulu Fitikefu,mens
461,66cb85be-fe8b-402d-a4f7-4a8e6a7c3ad7,d0d6d65c-6a52-4676-8c71-281d29a8db01,Lucas Pascoe,Harrison Brown,mens
462,b3cb33e2-a0ae-47b7-9a9d-9d48d69b7f94,f286f301-1f33-4500-b611-9b6f59d3b9fc,Denver Bannerman,Ben Spotswood,mens
463,9e2a5ee1-cdc9-4635-a15a-540ee99192b7,acf4ae69-cc7f-4a30-a613-c8ca0b80e11c,Mitchell Hargreaves,Zachary Grabovic,mens
464,1def5379-b6cb-45d2-a57c-342047ad2b99,9c3985a0-bb57-436a-bb29-1d6b59928b3c,Harry Tan,Phi Lam,mens
465,e17b879f-03b0-4f20-a9fe-5df7e102a2b8,f86cff72-5f9c-40b1-9f28-f28aafae245f,Joshua Carpenter,Wyatt Stone,mens
466,62865128-f55c-4c57-a35e-30834e4439b8,8085a986-b03a-4c96-9d50-a42d3cba3934,Bassem Kheireddin,Jacob Bolkowy,mens
467,574957ae-e8d5-486e-aabc-a1cc6a392f8d,ec94501d-8b59-4236-b77d-7238f8925e48,Jalina Ingram,Marcela Aguila Ampon,womens
468,70c18684-f615-4d05-9aa9-5cbdbd53ab9f,a0581131-7d36-4424-b7f1-a5a4eaaed30f,Carlota Trevino,Cc Eleven Sacca,womens
469,25139050-f977-4456-9545-7d63b72fa380,c971bb40-090b-4e47-be58-905495e38401,David Litvinov,Miles Hoover,mens
470,47cdc6f5-3e06-4249-adde-f588681bb483,f13c20c3-1fed-4a9e-abec-f3f3bf1f8f91,Maria Klokotzky,Anne-Sophie Courteau,womens
471,8e7a29ce-455d-4987-a967-246f45757a7c,d0513962-42f2-40e9-904e-b5b615587b98,Naomi Tran,Janaye Sakkas,womens
472,034a3000-2e5e-42b5-9b6a-1a821b967ebd,dc166307-b88c-4519-a3d2-60c6d4495152,Gregory Zukeran,Conner Koga,mens
473,1216c43e-17fa-4918-88d3-4f8b9d663dd0,7b555586-4e4c-4fc0-9f47-c7d40ddf38c1,Daniel Price,Brad Eckart,mens
474,5a2bcefc-c495-4a2d-b3cc-03b6cdecd84f,a95df9a8-772c-4dbf-8c28-e200b7308584,Xiao Yi Wang-Beckvall,Kiora Kunimoto,womens
475,1212cb97-01fb-4783-af53-2b03ef4f8367,a617eeb6-a9f1-4878-bf74-d714575cdd25,Asako Pastrana,Kerrie Tobita,womens
476,079cece3-01b2-4dd1-9e95-957b83b14cd7,69633ccf-87be-4975-a578-53d6e166c91b,Victor Rodrigo,Wil Shaffer,mens
477,b1ab7d76-a859-4136-8405-3ed7c9be287a,f6e249dc-5bb9-483a-a99f-df364df93341,Mari Humberg,Kelly Goodnow,womens
478,f4bbf7d4-371e-42f7-9979-568f57881a11,f9ae639d-11c5-4336-8b09-71d0fb6f9d9b,Adelie Osher,Sienna Hitzeman,womens
479,03b91579-1bd5-4f20-a9c1-e400cbd21255,b025eccb-868e-4ce6-a4db-c1082a288b59,Antoaneta Toskova,Maddy Rasmusen,womens
480,4f91b214-a32b-4bce-ba22-0ec6b7021444,fdbc0750-8ded-4bfe-9657-4b84779dcee6,Deanna Pham,Tiffany Wang,womens
481,6a87bc44-5190-44db-8a2f-467de4de48c6,719e2d3b-d10d-402d-a195-41f072214679,Christa Gecheva,Isabella Dunlap,womens
482,2b263831-6c1c-4189-8e0f-b7c6459cf415,545fab2b-970e-4881-a6be-c6ffee69293e,Cassie Postma,Lingzhe X,womens
483,661cf320-6ca7-48d5-8b88-752d4bc6ea68,c0a41673-9853-41a0-a5f0-3081b27289a6,Alexandra Valenstein,Heather Schallenberger,womens
484,a1164b6f-c354-4f0f-a427-396a2455dd2f,df493c7f-4227-4ee1-a359-f1d626480117,Jocelyn Bedoya,Francesca Fakidis,womens
485,615970c3-c0d4-4920-ad0b-4895dca2ca60,ee687b5a-db21-4181-b14c-001b7f53a4ce,Eddie Kang,Vikram Kumar,mens
486,573bf5af-8fea-4089-a651-bccc2ee89fb2,7e80fb5c-2c60-465c-9a02-57beaeb9d21f,Kevin Rushton,Kelly Marks,mens
487,81695a18-feb6-4133-b505-4c8990fbea18,dc7f6ac5-f007-4b8f-b343-95e524dc7d0a,Ant Tran,Luc Pham,mens
488,0517f4a6-2648-470e-a9ff-8cf78eee3421,df443e1a-4508-4b35-917b-2780cf0ff6c8,Connor McCartney,Eddy Kim,mens
489,0ac11983-04a4-49b8-80b6-afbc7453465e,b3f48e8c-c552-4a9c-b200-42de913820ad,George Bulger,Brenden Everhart,mens
490,0b75af4a-8c68-4ff7-a2f1-09bda71b5bed,1936f665-e630-462a-bd89-0dcfcf7c9e6b,Andre Mercado,Indigo Dagnall,mens
491,51e9dc35-e543-4222-ad12-69697397a975,543f0cd6-0e25-4319-8539-0a051ead76ca,Beau Covell,Markal Luckett-Smith,mens
492,8a71d348-6401-4068-bedd-f4ed30460d2f,ad637985-0ff4-4c1b-93a6-6aa0d8992a39,Andrew Caldarella,Garrett Whitehead,mens
493,55b78314-2f02-4a0c-83c2-b7cbfd8b4329,5925398b-b2a9-4e8f-ae46-5c2b59b1b818,Madalina Grigoriu,Nicole Conard,womens
494,1a84e636-31cd-4225-bd51-860dcdfd58ba,279e884e-f905-44cd-b820-6c873b68debc,Eileen Tran,Frida Mudsam,womens
495,609957ef-fdf8-4171-bd10-f48df4519bb0,81535c8c-27d9-452c-a72a-61fc9f755b01,Dylan Goldman,Will Mackinnon,mens
496,138db844-6667-4e51-b2ed-9af2782b63b1,ad13ca35-c83d-4c06-8555-7b4f20b416bc,James Yu,Noah Zwiren,mens
497,220e3821-0cac-4fce-a722-a079a5359262,ce7e7707-c94e-4d33-b34a-37efe3363774,Casey Garretson,Eli Steiner,mens
498,53eadec7-a6b1-4ce3-9825-d76affdc3f4f,bb4de7dc-9f25-4218-a601-318492e0884c,Juan Varon,Usama Khalid,mens
499,0a84556e-30f6-4500-8c95-a9ccbc51c7b1,75606179-6e19-4f25-bb8d-f66dfa19287c,Leah J,Naomi De Hart,womens
500,2c1692a6-0fa2-47b0-9d2b-e12b5c054ef4,dba7cf49-9f57-43e3-878d-a63ced26a243,Janet Liu,Jaeda Minniefield,womens
501,80217cca-df99-4019-a90f-385622ca057a,88fb0858-b9c3-4620-9408-0dda0eb241ef,Zach Gonnering,Tyler Loong,mens
502,754006ea-b6bf-48e2-9ddf-f69cf6e814c5,d127de14-ca1d-47f3-a561-f6f8ccd53b7b,Colby Holcomb,Nate Evensen,mens
503,1b74883b-79db-4c0f-aad3-c4011286f053,21ed6c0a-6f07-4e74-afae-9e2218085daf,Justin Guiltinan,Levi Daniel,mens
504,3d81052b-beb5-43a8-9941-a5595a0be3c8,481d9fef-ed7a-4fc9-9d19-a4f9b5a57d56,Brianna Kemp,Ella Cosma,womens
505,49d53a66-df0a-4419-892e-0fe6c788391e,81623427-b2f0-49f0-ab5e-57d470560981,Wendy Weston,Courtenay Leonard,womens
506,04158680-ebb3-4554-96a1-500cc6d00882,bd7773b4-7b8e-4da2-96ce-98fe3490ee93,Chloe Igleski,Lindsey Newman,womens
507,af472932-bdca-4a6f-96f5-c8474817512e,bdfff14f-d84e-4fe7-a71b-e78e75245caf,Stephanie Vogt,Isabella Hoang,womens
508,9db29a7a-1fce-4394-a1f0-a5fbd2bc2e7b,f370a1a0-2e1a-463b-a35c-30899131f7d6,Jake Anderson,Troy Akin,mens
509,0d40af37-5b44-4f00-a2c8-03ea5e34960c,c92c2e79-79c5-474a-bc5b-6ca3931da3b2,Ram Kotnana,Jack Hared,mens
510,aa45af3b-41b0-4e03-9a17-4ca16a108df3,f13e0c0b-2355-4897-aadf-3ac220a78afa,Vincent Rettke,Ryan Camras,mens
511,a6f57d71-bf90-48fc-b05b-abe66980a132,cb9ea037-f204-4216-ac56-930a01009166,Mike Radermacher,Matt Burkhardt,mens
512,d93f56ce-61cc-477d-a26c-17d04e53b2ff,e9e53f91-f77c-4e75-9acd-88839f79a070,Anna Lenhart,Jessica Lyng,womens
513,7886d6aa-2310-4ae8-9874-f0fc9c3e534f,d8d51930-abf9-468b-9e43-55a9c0728d58,James Delgado,Anouar Braham,mens
514,26898786-4fd1-4dd9-bc18-a5c515a6b0ef,89647b43-f3f5-49e6-896f-614f0175a3f5,Maverick Messinger,Jackson Ayotte,mens
515,c54e02d1-2d89-4c03-8918-0cf76f7068e4,edca189d-8781-4491-a146-868c85f7cf25,Evan T,Blake Suard,mens
516,2177a8cd-bc2d-4dfd-a6ed-e80eb7bf1cc6,dce4187f-efbf-4ef3-aeb6-f9a5f09b7d0b,Luke Williams,William Gardner,mens
517,27f9450b-b81f-47b4-a331-ad9482366614,3dc35d50-5e53-428c-bb82-7155cd885901,Brensten Chan,Jensen Kim,mens
518,0ccab93d-398c-40a8-821f-07a2ded79dde,461f063e-a587-4638-bad9-421ff33d91d7,Zoeya Khan,Genie Erokhina,womens
519,0368a6a3-c439-4fee-a89e-01028e9739f8,3406fcc8-3252-43a5-9c83-771a84fcbcf3,Cai Haught,Leah Black,womens
520,41c769d6-a3de-4db0-b7b7-cec7c5dee51c,5d73e0b9-a7f9-4521-961b-8d79742ee23f,Ishan Balakrishnan,Albert Wan,mens
521,36e21b56-6a8e-4d1c-8aea-063a49f6ef51,f036500c-90c2-4738-be0a-d1c3eb0f72cb,Jennifer Grady,Shayla Molnar,womens
522,7afc02f4-1e87-45c2-a101-0d48ecc05f8d,92b20d3a-70c5-453e-8b2d-38c1c552b693,Martin Stanchev,Edward Kim,mens
523,397b3fba-650e-465c-ae98-03422712e358,a6ca73aa-4952-44d0-b6e8-ad1c385b4b7c,Riley Hanks,Joy Leising,womens
524,53cffd68-8c08-4ad7-88fd-a72ee20d716e,dd2f2fe3-5333-4036-9d88-f108bdcee3fc,Marisa Ruiz,Giovanna Morelli,womens
525,8a990576-fa1d-4878-8b39-62e5475de915,da0e78e4-800c-4f37-af18-529b3c4ed969,Alison Bruggeman,Sarah Kaufman,womens
526,6301309a-ee41-441f-8382-00d54cb077a5,c5a54559-45bd-4816-9db0-9646a9926969,Gavin Fowler,Jaxon Madsen,mens
527,1ad19b48-ae39-44aa-b2a0-5a40a6b71420,47690bb2-18cf-4172-889a-1f9cc5bb6d9d,Daniel Byun,Amir Tabatabaeian,mens
528,5f10ff12-03e8-4384-90a7-a15682ee7edd,a973d880-71ca-48d1-b127-a7e23afd5a19,Hayden Rand,Matthew Mead,mens
529,6cc11792-8511-4066-ad3c-a2916337c01e,d88009f8-bd29-4770-80a0-754ed7e2bc96,Geancarlo Nieto,Tommy Shin,mens
530,25104e43-16f9-4ce3-9085-70243d8b350a,c3066b2d-fc90-4774-a571-cde5fc5583d4,Ella Yeh,Chloe Diskin,womens
531,e8ebad41-8be5-4660-ace3-c6c713ae2e85,f5d524c5-66e7-4ac6-8ab0-c6627dbc2f73,Darlene Mulkins,Christie Mead,womens
532,b65efb9d-3466-4500-986d-ed13e9bb25f5,e0f67fdc-7c78-4aa6-829b-f978d481b07f,Elise Fortino,Elissa L,womens
533,4de68830-5966-4b09-abbd-91bed22df13d,a7e358b0-517e-4972-89ff-d95f0797e1c7,Cade Edwards,Jase Edwards,mens
534,10397234-6551-4a06-8bc6-aa50d6915731,1caa5a84-225b-4ad4-8446-ea743c375e76,Liam Duffin,Hunter Merritt,mens
535,779aa5a2-584b-41ec-be22-f81ba0c4e5c0,b40f1add-dfc3-446d-9c65-b1ab7bec6194,Alejandro Trevino,Victor Camilo Iii,mens
536,22989ac3-e778-487a-ba32-a30243acd294,9e8ad96a-17a3-48bf-9363-7b35cc96b2b8,Christine Trifunovic,Averee Beck,womens
537,35f81e87-382e-41cc-9bab-687116861954,763b4d27-8140-47cd-86f5-982706cd4ebb,Jace Morris,Michael Loyd,mens
538,5106c31c-ea6c-49ba-81ca-b622b1d7afd1,e4f3d6c4-b30d-4732-aee5-acf2c2b41d94,Mackonner Dy,Eugene Mak,mens
539,1156b152-0789-48a6-87f3-69f1222de061,bea341c3-9f09-423a-b1b7-af53dbe457c7,Clayton Truex,Joseluis Herrera,mens
540,593f9def-4275-44ea-8841-cb38805348bf,d5d0251e-ebbb-4205-8091-d5f9fe73dd68,Takato Watanabe,Johnny Miglino,mens
541,06e87b30-1f70-46e6-a6a8-17a4086d609a,f843b220-41cb-4203-831b-6aac32b8f02a,Kailas Shekar,Riley Inn,mens
542,9780929c-0e6a-455f-ac3d-7f30e86ad2f8,b877d08b-9f1a-4d08-8d72-bbc6d364613b,Will Wimbish,Don Alto,mens
543,1bab49f1-6891-4d3e-8f77-42aa4fc1d18e,34049405-b415-4f3a-aade-5be0111ac7db,Mohaned Alhouni,Bruno Faletto,mens
544,7867cc51-11d1-471f-a8bb-9d8370b6a698,9a449e9c-69aa-4a48-8f28-217766ab25f7,Nicholas Wade,Armaan Jiwa Mawji,mens
545,4553e8f7-d51d-41cd-bc23-752742441bff,e2466ee7-aaa4-4c6a-a288-63e717054640,Garrison Eaby,Bret Berryman,mens
546,571d4503-e073-4580-a555-be3c7f93c59c,a0582749-fb23-42cc-98ed-1915464c4814,Chuck Taylor,Luke Wasson,mens
547,516c3589-ede9-41cd-ad50-8f58d172f873,ee022b81-a663-497d-9924-a6f23cc7407e,Daniel Colon,Andy Lum,mens
548,496b08fd-f2f8-462c-b552-cbc16e19d12d,b18e05f9-eb10-4b57-94b8-a66497868e05,Dylan Flippin,Oliver Hu,mens
549,8187d00f-7c10-4947-a218-1641c659356c,bc7b2475-e580-4734-bc14-814a153bec5d,Sam Angelo,Pesa Teoni,mens
550,5a415086-1723-4d38-a285-777aa98b9d3c,cb7aa373-094a-46d7-9cba-aab3d7b326fc,Junho Son,Raymond Velarde,mens
551,4fdcaa8b-8ebf-4cba-b759-d7c8e9d55ec0,c85c50d9-eaa4-4581-b6bb-583a808706bf,Elliott Schupp,Kyle Koszuta,mens
552,5d0c8ae7-4402-4327-b395-d1b705518644,b8339aa2-dc4f-47be-963e-6f6bf373562d,Damon Little,Devon Sikora,mens
553,5520bc45-676e-45a7-bf34-7d91529fdd63,798294b4-02e6-4c16-b3f6-9337758ae915,Billy Buchhauser,Kendall Kikkawa,mens
554,b70cca60-0d9b-45e7-9327-ec95e850d1e2,e6129a52-f99b-4c66-be30-8f96d7635250,William Hart,Andrew Angulo,mens
555,a9a168ae-7822-4d31-b07b-fba40480c1fc,ecd31a05-120f-4373-b5c1-21136f8f0bf1,Brandon French,Braden Jacobson,mens
556,6eb8ea1c-31ca-4c18-ba0c-ab8a75cdc24f,d0c7d486-ae64-447e-929d-7f68bd377d5a,William Hsieh,Lorin Schlecht,mens
557,11540b4d-de0b-4fd4-a6d9-8bfe927b82f9,20acbb29-2cac-495b-ae27-8c28e5aff517,Rajul Chikkalingaiah,Logan Luc,mens
558,34b954a0-c8b2-460f-8222-2de3c287f277,ec45a1c8-c145-472a-9f9f-2886c075ee20,James Krause,Zach Hatzenbeler,mens
559,42aa422c-e795-47d7-b8c6-369e2e74c111,d33abc79-fb21-487a-a225-addbd8995835,Tuny Betancourt,Jackson Wurzer,mens
560,0592f471-b28c-43c2-b9de-7be41bf740ba,f613fc75-b580-4c2a-87ae-cfe024504205,Maddie Elsey,Melissa Beré,womens
561,15fdedc7-102a-44aa-a4fb-76c8350d1a4c,6ddc6413-ec78-4979-8a07-3e00630a9cb2,Ryder Brown,Blake Goodman,mens
562,b3b5c321-caa3-4051-8716-cc07f6def722,ed75d45f-6113-4292-bc2c-21ef91dc117b,Liam Lamb,Jessica Christie,mixed
563,116eb772-477c-4f58-a37a-a3878913d8ee,22220f93-1344-40a4-b468-4db3e29410bb,Belinda Crane,Michael Massih,mixed
564,66cb85be-fe8b-402d-a4f7-4a8e6a7c3ad7,d196fd35-a56a-4533-8687-542a22730546,Lucas Pascoe,Selina Turulja,mixed
565,c5c19236-2414-46ea-8b80-4a266c1a35c5,e84cb199-ef59-4c91-b7be-31ce28420fd4,Aaron Blitz,Emily Martin,mixed
566,b8167e12-0591-4cb4-a950-ecb6da83e1e0,d196fd35-a56a-4533-8687-542a22730546,Andie Dikosavljevic,Selina Turulja,womens
567,051f5c82-82ce-4ab8-b4f8-36976638a89b,97b1256e-712c-472d-a037-965e0dd559e8,Sahra Dennehy,Somer Dalla-Bona,womens
568,a770fd12-8c42-4b11-a19a-7a962828391b,bc3a722a-6e13-4799-9036-e3d4beee6240,Jason Taylor,Bernadette Massih,mixed
569,1961070f-7d4a-4677-9a66-d208d917c04d,972dbd63-f899-4c7c-baae-57e79123a899,Katerina Valos,Daiki Tanabe,mixed
570,116eb772-477c-4f58-a37a-a3878913d8ee,8195f88c-9147-4c08-a57b-2799c88a7d9c,Belinda Crane,Chelsea Olditch,womens
571,a51b59c5-1a13-4472-821a-eb9866e72adf,b8167e12-0591-4cb4-a950-ecb6da83e1e0,Joseph Wild,Andie Dikosavljevic,mixed
572,0f82379d-f256-469b-b5d2-26e86409f1a3,8195f88c-9147-4c08-a57b-2799c88a7d9c,Andy Van der Vyver,Chelsea Olditch,mixed
573,87aab5b2-a93e-4cec-89c9-0d0cc3802318,bc3a722a-6e13-4799-9036-e3d4beee6240,Kaitlynn Hart,Bernadette Massih,womens
574,478a19c3-a2a8-4f42-afc6-f408797f1665,fc9e5496-9afd-4473-8713-303669096a99,Crystal Mildwaters,Tayah Cross,womens
575,c5c19236-2414-46ea-8b80-4a266c1a35c5,c7e7d8da-4a42-4e91-8a2d-1481c81026c0,Aaron Blitz,Stefan Djordjic,mens
576,6cbf25ef-655b-4883-91dc-cba9256545a7,8a93e5e5-4e3c-442c-b23d-9dd2e797f499,Sarah Burr,Aria Henare,womens
577,645fef2e-5e60-4264-bbd4-dd99378b4a7d,cda7df21-9bc5-4986-b080-122b97324ae9,Josh Barber,Liam Jesperson,mens
578,8a93e5e5-4e3c-442c-b23d-9dd2e797f499,d212fa85-d1ac-464b-9574-8439425e061d,Aria Henare,Lachy Donnelly,mixed
579,a46ac653-974b-40ef-a697-1be0a35bb563,dbc38a61-733a-405f-a923-ff1861ce8e91,Indiana Heather-Pereira,Luther Ferris,mixed
580,2adf9a96-2b76-47e2-a9d1-739b146aaf24,f9fdeafa-6ae6-4691-8172-f8838e7e54a8,Ryan Morris,Grace Sorbello,mixed
581,cc425be4-46ac-4369-ad56-20c06cfb3875,e67888a7-efc2-41c6-9383-c913ac741a04,Rebecca Labbett,Katie Weibler,womens
582,478a19c3-a2a8-4f42-afc6-f408797f1665,5a48d9fe-f61f-436f-9451-cd3b0bbda6d8,Crystal Mildwaters,Nicholas Maleganeas,mixed
583,75d018f2-dbb5-4e39-b08b-f0f40fd0cc30,fc9e5496-9afd-4473-8713-303669096a99,Conor Robertshawe,Tayah Cross,mixed
584,34b954a0-c8b2-460f-8222-2de3c287f277,e8ebad41-8be5-4660-ace3-c6c713ae2e85,James Krause,Darlene Mulkins,mixed
585,49d53a66-df0a-4419-892e-0fe6c788391e,b8339aa2-dc4f-47be-963e-6f6bf373562d,Wendy Weston,Devon Sikora,mixed
586,b025eccb-868e-4ce6-a4db-c1082a288b59,c971bb40-090b-4e47-be58-905495e38401,Maddy Rasmusen,Miles Hoover,mixed
587,4f91b214-a32b-4bce-ba22-0ec6b7021444,5d73e0b9-a7f9-4521-961b-8d79742ee23f,Deanna Pham,Albert Wan,mixed
588,5a2bcefc-c495-4a2d-b3cc-03b6cdecd84f,dc7f6ac5-f007-4b8f-b343-95e524dc7d0a,Xiao Yi Wang-Beckvall,Luc Pham,mixed
589,47cdc6f5-3e06-4249-adde-f588681bb483,7867cc51-11d1-471f-a8bb-9d8370b6a698,Maria Klokotzky,Nicholas Wade,mixed
590,1bab49f1-6891-4d3e-8f77-42aa4fc1d18e,461f063e-a587-4638-bad9-421ff33d91d7,Mohaned Alhouni,Genie Erokhina,mixed
591,0592f471-b28c-43c2-b9de-7be41bf740ba,bea341c3-9f09-423a-b1b7-af53dbe457c7,Maddie Elsey,Joseluis Herrera,mixed
592,88fb0858-b9c3-4620-9408-0dda0eb241ef,bd7773b4-7b8e-4da2-96ce-98fe3490ee93,Tyler Loong,Lindsey Newman,mixed
593,4553e8f7-d51d-41cd-bc23-752742441bff,dba7cf49-9f57-43e3-878d-a63ced26a243,Garrison Eaby,Jaeda Minniefield,mixed
594,25139050-f977-4456-9545-7d63b72fa380,f9ae639d-11c5-4336-8b09-71d0fb6f9d9b,David Litvinov,Sienna Hitzeman,mixed
595,7afc02f4-1e87-45c2-a101-0d48ecc05f8d,ec94501d-8b59-4236-b77d-7238f8925e48,Martin Stanchev,Marcela Aguila Ampon,mixed
596,0a84556e-30f6-4500-8c95-a9ccbc51c7b1,26898786-4fd1-4dd9-bc18-a5c515a6b0ef,Leah J,Maverick Messinger,mixed
597,4fdcaa8b-8ebf-4cba-b759-d7c8e9d55ec0,a95df9a8-772c-4dbf-8c28-e200b7308584,Elliott Schupp,Kiora Kunimoto,mixed
598,4a699157-f4b5-4a69-8187-6a7f899de72d,573bf5af-8fea-4089-a651-bccc2ee89fb2,Junie C,Kevin Rushton,mixed
599,bc7b2475-e580-4734-bc14-814a153bec5d,c3066b2d-fc90-4774-a571-cde5fc5583d4,Pesa Teoni,Chloe Diskin,mixed
600,35f81e87-382e-41cc-9bab-687116861954,f6e249dc-5bb9-483a-a99f-df364df93341,Jace Morris,Kelly Goodnow,mixed
601,cb9ea037-f204-4216-ac56-930a01009166,f4bbf7d4-371e-42f7-9979-568f57881a11,Matt Burkhardt,Adelie Osher,mixed
602,1ad19b48-ae39-44aa-b2a0-5a40a6b71420,af472932-bdca-4a6f-96f5-c8474817512e,Daniel Byun,Stephanie Vogt,mixed
603,3406fcc8-3252-43a5-9c83-771a84fcbcf3,ee022b81-a663-497d-9924-a6f23cc7407e,Leah Black,Andy Lum,mixed
604,034a3000-2e5e-42b5-9b6a-1a821b967ebd,c2a385b7-fccf-4c36-acff-e8e65f275cb5,Gregory Zukeran,Sari Kwee,mixed
605,574957ae-e8d5-486e-aabc-a1cc6a392f8d,dc69fcde-bcda-4441-8b66-a8bafeb12ded,Jalina Ingram,Joel Poland,mixed
606,04158680-ebb3-4554-96a1-500cc6d00882,146dd2f7-7f5d-495d-b2f1-96d433742fec,Chloe Igleski,Eduardo Santini Ayon,mixed
607,571d4503-e073-4580-a555-be3c7f93c59c,c0a41673-9853-41a0-a5f0-3081b27289a6,Chuck Taylor,Heather Schallenberger,mixed
608,1c9a1752-42f3-446c-8527-cdc549cc941c,e4bf2cca-f71a-4ded-89fe-39db811423db,Circa Luna S,Jace Howard,mixed
609,53cffd68-8c08-4ad7-88fd-a72ee20d716e,53eadec7-a6b1-4ce3-9825-d76affdc3f4f,Marisa Ruiz,Juan Varon,mixed
610,2177a8cd-bc2d-4dfd-a6ed-e80eb7bf1cc6,3d81052b-beb5-43a8-9941-a5595a0be3c8,Luke Williams,Brianna Kemp,mixed
611,81623427-b2f0-49f0-ab5e-57d470560981,a0582749-fb23-42cc-98ed-1915464c4814,Courtenay Leonard,Luke Wasson,mixed
612,19a1f7fe-1d16-418a-be95-785266ff586e,89647b43-f3f5-49e6-896f-614f0175a3f5,Yolena Carlon,Jackson Ayotte,mixed
613,a6f57d71-bf90-48fc-b05b-abe66980a132,c83af3e1-56d6-4e2b-b746-447c2892ace5,Mike Radermacher,Angela Morisette,mixed
614,279e884e-f905-44cd-b820-6c873b68debc,ce7e7707-c94e-4d33-b34a-37efe3363774,Frida Mudsam,Eli Steiner,mixed
615,6a87bc44-5190-44db-8a2f-467de4de48c6,763b4d27-8140-47cd-86f5-982706cd4ebb,Christa Gecheva,Michael Loyd,mixed
616,55b78314-2f02-4a0c-83c2-b7cbfd8b4329,9db29a7a-1fce-4394-a1f0-a5fbd2bc2e7b,Madalina Grigoriu,Jake Anderson,mixed
617,545fab2b-970e-4881-a6be-c6ffee69293e,8085a986-b03a-4c96-9d50-a42d3cba3934,Lingzhe X,Jacob Bolkowy,mixed
618,01080fe3-e056-427a-84b3-fffa70e9c56a,20acbb29-2cac-495b-ae27-8c28e5aff517,Chotika Wannachinda,Logan Luc,mixed
619,3dc35d50-5e53-428c-bb82-7155cd885901,f036500c-90c2-4738-be0a-d1c3eb0f72cb,Jensen Kim,Shayla Molnar,mixed
620,0ccab93d-398c-40a8-821f-07a2ded79dde,10397234-6551-4a06-8bc6-aa50d6915731,Zoeya Khan,Liam Duffin,mixed
621,0b75af4a-8c68-4ff7-a2f1-09bda71b5bed,a0581131-7d36-4424-b7f1-a5a4eaaed30f,Andre Mercado,Cc Eleven Sacca,mixed
622,06e87b30-1f70-46e6-a6a8-17a4086d609a,5925398b-b2a9-4e8f-ae46-5c2b59b1b818,Kailas Shekar,Nicole Conard,mixed
623,9e8ad96a-17a3-48bf-9363-7b35cc96b2b8,f843b220-41cb-4203-831b-6aac32b8f02a,Averee Beck,Riley Inn,mixed
624,481d9fef-ed7a-4fc9-9d19-a4f9b5a57d56,ad13ca35-c83d-4c06-8555-7b4f20b416bc,Ella Cosma,Noah Zwiren,mixed
625,34049405-b415-4f3a-aade-5be0111ac7db,70c18684-f615-4d05-9aa9-5cbdbd53ab9f,Bruno Faletto,Carlota Trevino,mixed
626,4de68830-5966-4b09-abbd-91bed22df13d,53b056f9-095a-40fa-881d-142629905f8a,Cade Edwards,Luana Stanciu,mixed
627,d8d51930-abf9-468b-9e43-55a9c0728d58,f13c20c3-1fed-4a9e-abec-f3f3bf1f8f91,Anouar Braham,Anne-Sophie Courteau,mixed
628,1212cb97-01fb-4783-af53-2b03ef4f8367,42aa422c-e795-47d7-b8c6-369e2e74c111,Asako Pastrana,Tuny Betancourt,mixed
629,1a84e636-31cd-4225-bd51-860dcdfd58ba,62865128-f55c-4c57-a35e-30834e4439b8,Eileen Tran,Bassem Kheireddin,mixed
630,25104e43-16f9-4ce3-9085-70243d8b350a,ecd31a05-120f-4373-b5c1-21136f8f0bf1,Ella Yeh,Braden Jacobson,mixed
631,75606179-6e19-4f25-bb8d-f66dfa19287c,c5a54559-45bd-4816-9db0-9646a9926969,Naomi De Hart,Jaxon Madsen,mixed
632,5520bc45-676e-45a7-bf34-7d91529fdd63,8a990576-fa1d-4878-8b39-62e5475de915,Billy Buchhauser,Alison Bruggeman,mixed
633,03b91579-1bd5-4f20-a9c1-e400cbd21255,9a449e9c-69aa-4a48-8f28-217766ab25f7,Antoaneta Toskova,Armaan Jiwa Mawji,mixed
634,81535c8c-27d9-452c-a72a-61fc9f755b01,dd2f2fe3-5333-4036-9d88-f108bdcee3fc,Will Mackinnon,Giovanna Morelli,mixed
635,5d0c8ae7-4402-4327-b395-d1b705518644,a1164b6f-c354-4f0f-a427-396a2455dd2f,Damon Little,Jocelyn Bedoya,mixed
636,15fdedc7-102a-44aa-a4fb-76c8350d1a4c,f613fc75-b580-4c2a-87ae-cfe024504205,Ryder Brown,Melissa Beré,mixed
637,1b74883b-79db-4c0f-aad3-c4011286f053,8e7a29ce-455d-4987-a967-246f45757a7c,Justin Guiltinan,Naomi Tran,mixed
638,2b263831-6c1c-4189-8e0f-b7c6459cf415,e6129a52-f99b-4c66-be30-8f96d7635250,Cassie Postma,Andrew Angulo,mixed
639,995f0eeb-090c-4805-ab56-4af240b4c697,cb7aa373-094a-46d7-9cba-aab3d7b326fc,Roanne Velarde,Raymond Velarde,mixed
640,661cf320-6ca7-48d5-8b88-752d4bc6ea68,f370a1a0-2e1a-463b-a35c-30899131f7d6,Alexandra Valenstein,Troy Akin,mixed
641,a617eeb6-a9f1-4878-bf74-d714575cdd25,dc166307-b88c-4519-a3d2-60c6d4495152,Kerrie Tobita,Conner Koga,mixed
642,47690bb2-18cf-4172-889a-1f9cc5bb6d9d,fdbc0750-8ded-4bfe-9657-4b84779dcee6,Amir Tabatabaeian,Tiffany Wang,mixed
643,da0e78e4-800c-4f37-af18-529b3c4ed969,dce4187f-efbf-4ef3-aeb6-f9a5f09b7d0b,Sarah Kaufman,William Gardner,mixed
644,c85c50d9-eaa4-4581-b6bb-583a808706bf,fc684593-8841-4dd1-b77c-5154b2f25bca,Kyle Koszuta,Hailee Haymore,mixed
645,4c84febc-d921-4f70-92c5-21d1c7127b24,51e9dc35-e543-4222-ad12-69697397a975,Samantha Morgan,Beau Covell,mixed
646,2c1692a6-0fa2-47b0-9d2b-e12b5c054ef4,bb4de7dc-9f25-4218-a601-318492e0884c,Janet Liu,Usama Khalid,mixed
647,a973d880-71ca-48d1-b127-a7e23afd5a19,f5d524c5-66e7-4ac6-8ab0-c6627dbc2f73,Matthew Mead,Christie Mead,mixed
648,df493c7f-4227-4ee1-a359-f1d626480117,e95924bc-879c-4afa-b241-725ba85d3e04,Francesca Fakidis,Jacob Dubas,mixed
649,5e3098b9-3b06-421e-ac2f-d81ee461dbc3,f609f7f1-5651-4b26-a6f3-d75c6a3d1542,Kristen Nichols,Ben Bishop,mixed
650,397b3fba-650e-465c-ae98-03422712e358,f13e0c0b-2355-4897-aadf-3ac220a78afa,Riley Hanks,Ryan Camras,mixed
651,27f9450b-b81f-47b4-a331-ad9482366614,36e21b56-6a8e-4d1c-8aea-063a49f6ef51,Brensten Chan,Jennifer Grady,mixed
652,21ed6c0a-6f07-4e74-afae-9e2218085daf,d0513962-42f2-40e9-904e-b5b615587b98,Levi Daniel,Janaye Sakkas,mixed
653,034ef432-2de0-4893-b242-34baee3c73a6,aa45af3b-41b0-4e03-9a17-4ca16a108df3,Jillian Niemann,Vincent Rettke,mixed
654,5106c31c-ea6c-49ba-81ca-b622b1d7afd1,b65efb9d-3466-4500-986d-ed13e9bb25f5,Mackonner Dy,Elise Fortino,mixed
655,a7e358b0-517e-4972-89ff-d95f0797e1c7,d93f56ce-61cc-477d-a26c-17d04e53b2ff,Jase Edwards,Anna Lenhart,mixed
656,b877d08b-9f1a-4d08-8d72-bbc6d364613b,bdfff14f-d84e-4fe7-a71b-e78e75245caf,Don Alto,Isabella Hoang,mixed
657,97b1256e-712c-472d-a037-965e0dd559e8,acf4ae69-cc7f-4a30-a613-c8ca0b80e11c,Somer Dalla-Bona,Zachary Grabovic,mixed
658,6cbf25ef-655b-4883-91dc-cba9256545a7,c31e65ba-7190-4460-a5c8-de68303d5e83,Sarah Burr,Vishal Masand,mixed
659,051f5c82-82ce-4ab8-b4f8-36976638a89b,9e2a5ee1-cdc9-4635-a15a-540ee99192b7,Sahra Dennehy,Mitchell Hargreaves,mixed
660,2887ee14-28a3-488c-9610-fdcb720b4ade,4ae4cd93-45df-4856-a64d-43273e45c54f,Aaron Johnson,Millie Smythe,mixed
661,87aab5b2-a93e-4cec-89c9-0d0cc3802318,d0d6d65c-6a52-4676-8c71-281d29a8db01,Kaitlynn Hart,Harrison Brown,mixed
662,614e164a-4197-44eb-855c-586cf79fbfc9,7886d6aa-2310-4ae8-9874-f0fc9c3e534f,Ivan Jakovljevic,James Delgado,mens
663,8085a986-b03a-4c96-9d50-a42d3cba3934,8722e766-5899-4c75-bab6-7791157fa3ad,Jacob Bolkowy,Connor Weeks,mens
664,33e8c243-d1a8-4821-89cf-e15bf003e6f4,8b7405b5-f3bc-4e32-bfbc-cc2e14f7454c,Ryan Skufca,Jose Martinez,mens
665,1f31a646-de88-4e22-8c24-835f3e94f759,387229f4-66aa-45a2-97d3-7d762fc749f7,Julian Haig,Rahil Kassam,mens
666,26898786-4fd1-4dd9-bc18-a5c515a6b0ef,e8e10ea8-2ff2-4155-9169-cc33ff8c6265,Maverick Messinger,Rio Newcombe,mens
667,c84377c6-b0ca-42dd-bc1a-2fd3d3c4ef9f,e9849183-4693-4340-abf5-f4b6f3cb226f,Ryan Torresin,Martin Emmrich,mens
668,81535c8c-27d9-452c-a72a-61fc9f755b01,cb9ea037-f204-4216-ac56-930a01009166,Will Mackinnon,Matt Burkhardt,mens
669,101d71dc-f3de-4de0-a699-429c0667811f,850116be-7d0f-4325-ab06-1f37dd3d1c7e,Altaf Merchant,Steve Deakin,mens
670,21ed6c0a-6f07-4e74-afae-9e2218085daf,25139050-f977-4456-9545-7d63b72fa380,Levi Daniel,David Litvinov,mens
671,0bef44f8-afb0-429a-968a-f19deadb7e60,16694c47-ba63-4169-837a-4d66120c1c6b,Christopher Ross,Jeremy Comazzetto,mens
672,5f367bee-cf3e-4aad-a6e6-72cca04d97e2,f76f4ac5-e3cc-4fe6-a4bc-a968b8b991b1,Angie Walker,Alex Walker,womens
673,574957ae-e8d5-486e-aabc-a1cc6a392f8d,87d60b6f-6f2e-4610-ab89-487e8acc097e,Jalina Ingram,Mya Bui,womens
674,2d89b4af-c9b4-4b85-aeca-c651e9c10929,f84214b0-709b-492c-9520-151301467892,Jaleesa Johnston,Ava Weeks,womens
675,481d9fef-ed7a-4fc9-9d19-a4f9b5a57d56,dba7cf49-9f57-43e3-878d-a63ced26a243,Ella Cosma,Jaeda Minniefield,womens
676,c85c50d9-eaa4-4581-b6bb-583a808706bf,c96f7a83-9cc1-4fbe-a610-126ed8e3a202,Kyle Koszuta,Gregory Dow,mens
677,0b75af4a-8c68-4ff7-a2f1-09bda71b5bed,9ce32de7-16c9-4786-a7b0-8c1c2c623d69,Andre Mercado,Rafael Lenhard,mens
678,b8339aa2-dc4f-47be-963e-6f6bf373562d,f609f7f1-5651-4b26-a6f3-d75c6a3d1542,Devon Sikora,Ben Bishop,mens
679,cc2d6f87-3abc-4882-b75b-4eaacadea1b1,d643346e-6bf8-410f-a7f8-a84e9b07ab53,Jesse Elliott,Michael McCaffrey,mens
680,b025eccb-868e-4ce6-a4db-c1082a288b59,f6e249dc-5bb9-483a-a99f-df364df93341,Maddy Rasmusen,Kelly Goodnow,womens
681,545fab2b-970e-4881-a6be-c6ffee69293e,96c517f9-9448-441f-8b8b-ba1e432454f6,Lingzhe X,Arisha Ladhani,womens
682,719e2d3b-d10d-402d-a195-41f072214679,ec4cdfe2-c6f6-4de1-824e-9adcaeb31196,Isabella Dunlap,Judit Castillo,womens
683,22989ac3-e778-487a-ba32-a30243acd294,435e466e-22c7-4917-8cb4-ff45bbccde19,Christine Trifunovic,Tamaryn Emmrich,womens
684,6a0af14e-1ad0-4a24-bc9b-2c1a53b05d72,8e7a29ce-455d-4987-a967-246f45757a7c,Lena Spence,Naomi Tran,womens
685,e4f3d6c4-b30d-4732-aee5-acf2c2b41d94,f22b356e-49a4-49d3-9054-ebf1ad9f1348,Eugene Mak,Tommy McLeod,mens
686,9a449e9c-69aa-4a48-8f28-217766ab25f7,ce7e7707-c94e-4d33-b34a-37efe3363774,Armaan Jiwa Mawji,Eli Steiner,mens
687,063af537-3442-4e91-81b7-4ae4b11482c5,b8132b5e-1e3e-4b61-aad0-d0dc4463c86a,Jordann Vigna,Sophia Racine,womens
688,1e216feb-426b-400d-b79e-3db55899141e,4a7604e0-0f45-4057-8da0-bbfd0a58df83,Savanna Ticknor,Cami Blake,womens
689,5106c31c-ea6c-49ba-81ca-b622b1d7afd1,c971bb40-090b-4e47-be58-905495e38401,Mackonner Dy,Miles Hoover,mens
690,435e466e-22c7-4917-8cb4-ff45bbccde19,e9849183-4693-4340-abf5-f4b6f3cb226f,Tamaryn Emmrich,Martin Emmrich,mixed
691,b8132b5e-1e3e-4b61-aad0-d0dc4463c86a,d643346e-6bf8-410f-a7f8-a84e9b07ab53,Sophia Racine,Michael McCaffrey,mixed
692,7886d6aa-2310-4ae8-9874-f0fc9c3e534f,f13c20c3-1fed-4a9e-abec-f3f3bf1f8f91,James Delgado,Anne-Sophie Courteau,mixed
693,96c517f9-9448-441f-8b8b-ba1e432454f6,cc2d6f87-3abc-4882-b75b-4eaacadea1b1,Arisha Ladhani,Jesse Elliott,mixed
694,c85c50d9-eaa4-4581-b6bb-583a808706bf,f76f4ac5-e3cc-4fe6-a4bc-a968b8b991b1,Kyle Koszuta,Alex Walker,mixed
695,9a449e9c-69aa-4a48-8f28-217766ab25f7,dba7cf49-9f57-43e3-878d-a63ced26a243,Armaan Jiwa Mawji,Jaeda Minniefield,mixed
696,5f367bee-cf3e-4aad-a6e6-72cca04d97e2,763b4d27-8140-47cd-86f5-982706cd4ebb,Angie Walker,Michael Loyd,mixed
697,614e164a-4197-44eb-855c-586cf79fbfc9,ec4cdfe2-c6f6-4de1-824e-9adcaeb31196,Ivan Jakovljevic,Judit Castillo,mixed
698,6a0af14e-1ad0-4a24-bc9b-2c1a53b05d72,cb9ea037-f204-4216-ac56-930a01009166,Lena Spence,Matt Burkhardt,mixed
699,574957ae-e8d5-486e-aabc-a1cc6a392f8d,9ce32de7-16c9-4786-a7b0-8c1c2c623d69,Jalina Ingram,Rafael Lenhard,mixed
700,387229f4-66aa-45a2-97d3-7d762fc749f7,d74782d3-060c-4f03-ab7f-75e1a1d1a2b8,Rahil Kassam,Iny Yu,mixed
701,b025eccb-868e-4ce6-a4db-c1082a288b59,ce7e7707-c94e-4d33-b34a-37efe3363774,Maddy Rasmusen,Eli Steiner,mixed
702,87d60b6f-6f2e-4610-ab89-487e8acc097e,c84377c6-b0ca-42dd-bc1a-2fd3d3c4ef9f,Mya Bui,Ryan Torresin,mixed
703,d0e78a70-d909-4cc9-bf27-c24c3bb8afa8,f843b220-41cb-4203-831b-6aac32b8f02a,Michelle Lui,Riley Inn,mixed
704,47cdc6f5-3e06-4249-adde-f588681bb483,c971bb40-090b-4e47-be58-905495e38401,Maria Klokotzky,Miles Hoover,mixed
705,21ed6c0a-6f07-4e74-afae-9e2218085daf,8e7a29ce-455d-4987-a967-246f45757a7c,Levi Daniel,Naomi Tran,mixed
706,719e2d3b-d10d-402d-a195-41f072214679,81535c8c-27d9-452c-a72a-61fc9f755b01,Isabella Dunlap,Will Mackinnon,mixed
707,22989ac3-e778-487a-ba32-a30243acd294,571d4503-e073-4580-a555-be3c7f93c59c,Christine Trifunovic,Chuck Taylor,mixed
708,bd7773b4-7b8e-4da2-96ce-98fe3490ee93,c96f7a83-9cc1-4fbe-a610-126ed8e3a202,Lindsey Newman,Gregory Dow,mixed
709,0b115fad-9fb8-414f-afea-8626fbb18bc1,3c067fd9-5723-4cee-a120-e53449b7f34c,Maricel Rose Cape,Mike Martin,mixed
710,3d89e8dc-b00e-43c3-add1-54b95767311b,fbc8560c-cc14-4422-a494-5535c899a9c4,Blake Culbert,Sierra Burns,mixed
711,0368a6a3-c439-4fee-a89e-01028e9739f8,2177a8cd-bc2d-4dfd-a6ed-e80eb7bf1cc6,Cai Haught,Luke Williams,mixed
712,1e216feb-426b-400d-b79e-3db55899141e,25139050-f977-4456-9545-7d63b72fa380,Savanna Ticknor,David Litvinov,mixed
713,8085a986-b03a-4c96-9d50-a42d3cba3934,f84214b0-709b-492c-9520-151301467892,Jacob Bolkowy,Ava Weeks,mixed
714,06e87b30-1f70-46e6-a6a8-17a4086d609a,f6e249dc-5bb9-483a-a99f-df364df93341,Kailas Shekar,Kelly Goodnow,mixed
715,063af537-3442-4e91-81b7-4ae4b11482c5,68674133-31df-4aa5-bc03-b7d4af1fb2fe,Jordann Vigna,Munroe Durie Pedersen,mixed
716,4a7604e0-0f45-4057-8da0-bbfd0a58df83,b8339aa2-dc4f-47be-963e-6f6bf373562d,Cami Blake,Devon Sikora,mixed
717,545fab2b-970e-4881-a6be-c6ffee69293e,e4f3d6c4-b30d-4732-aee5-acf2c2b41d94,Lingzhe X,Eugene Mak,mixed
718,481d9fef-ed7a-4fc9-9d19-a4f9b5a57d56,5106c31c-ea6c-49ba-81ca-b622b1d7afd1,Ella Cosma,Mackonner Dy,mixed
719,1f31a646-de88-4e22-8c24-835f3e94f759,40476ed0-657e-4633-9e58-1b999113905c,Julian Haig,Yee Nham,mixed
720,529cd049-8ceb-4d66-83ed-cb30e631dc12,e8249159-5daf-4a7e-832e-990247a1f742,Stavya Bhasin,Ammol Ramchandani,mens
721,08208add-da5e-4a73-adb0-f1a86bf28153,42b8527d-b84e-4f50-8e0b-5937664981e3,Alex Guy,Sanil Jagtiani,mens
722,1bab49f1-6891-4d3e-8f77-42aa4fc1d18e,e96d9339-cfb6-473d-bcb3-23f2887a3e0f,Mohaned Alhouni,John Lucian Goins,mens
723,1d51becb-4ea0-4878-9660-e3fd2dfaa0ea,dba7cf49-9f57-43e3-878d-a63ced26a243,Ewa Radzikowska,Jaeda Minniefield,womens
724,1d701c30-6b5d-485f-ae97-60f3b0c50896,71992955-8b6f-470b-a991-796cfa56a826,Zoey Weil,Liz Truluck,womens
725,12c765d0-8384-41d3-a498-de63fd7c37da,a95df9a8-772c-4dbf-8c28-e200b7308584,Naomi Nguyen,Kiora Kunimoto,womens
726,6a87bc44-5190-44db-8a2f-467de4de48c6,76419f3a-712c-4241-8940-6f9bda847ba7,Christa Gecheva,Lauren Stratman,womens
727,4de68830-5966-4b09-abbd-91bed22df13d,6ddc6413-ec78-4979-8a07-3e00630a9cb2,Cade Edwards,Blake Goodman,mens
728,5046c75e-a79b-4902-8d4a-d92bd3c58e9b,aa45af3b-41b0-4e03-9a17-4ca16a108df3,Aryaan Bhatia,Vincent Rettke,mens
729,c012b271-5d26-48b1-8cd5-2cd04d1d204b,c62c2081-d9ce-4750-93f5-c9163bf46f74,Matt Ngo,Yaamunan Venkatesan,mens
730,03db4060-fcb3-41f7-83d5-7ee732dd8841,bd7773b4-7b8e-4da2-96ce-98fe3490ee93,Jade Rau,Lindsey Newman,womens
731,6afbabed-1c1e-4f3d-b8fc-bd0e36fa5e97,ababc250-f834-4e1b-a3e5-f7152faf0888,Frances Altick,Kendall Warren,womens
732,53eadec7-a6b1-4ce3-9825-d76affdc3f4f,d8d51930-abf9-468b-9e43-55a9c0728d58,Juan Varon,Anouar Braham,mens
733,9db29a7a-1fce-4394-a1f0-a5fbd2bc2e7b,b3f6f49d-bc24-44fd-8068-4e5971e9d61a,Jake Anderson,Daniel Miron,mens
734,ae298393-4c55-402f-85be-0745205cd490,c18102fc-52d5-4d42-bd1c-303ce00ae085,Jay Buxton,Scott McRee,mens
735,b1254256-f3ac-46db-b28c-4dd0c6955ea0,cdb01e3a-b0e0-449b-a7c5-278127f2cd61,Eileen Wang,Mary McGowan,womens
736,18ee08e4-2965-4966-a1a4-257d66f0bdfa,bd8e1ad4-5402-4c55-a95b-1d39c1de2344,Jessica Haywood,Spencer Liang,womens
737,dd2f2fe3-5333-4036-9d88-f108bdcee3fc,f91b88a1-7d1e-41ad-9782-200959faf6bd,Giovanna Morelli,Olivia McMillan,womens
738,8e3360b6-cd42-4b0f-a3b4-6a3d7b88c012,d02f0502-9093-475f-a9f6-772cf0e3721f,Dayana Fahey,Mikaela Smith,womens
739,86e1b9d3-15ea-4b76-b488-d3135e78aa7c,ce7e7707-c94e-4d33-b34a-37efe3363774,Wade Heerboth,Eli Steiner,mens
740,11c00851-4e47-48ab-9d34-19c4d2fe5716,f46666b8-a454-42eb-b316-f63ea86eeee2,Lincoln M,Brendan Gallagher,mens
741,3cab1673-2522-4dd5-ba07-2a1b88749d86,56bfd96c-d7a3-4a67-bad6-b53d2830f324,Tristan Dussault,Joshua Elliott,mens
742,06ba18e0-687b-4aa3-822d-1c86981f576b,8bfb2660-cdda-43fb-81cb-5ff420c9f86e,Rafa Hewett,Jae Centonze,mens
743,473a6654-9d69-47df-8873-2a437768538f,4dd03e93-2a3d-4171-b8e2-0e9f8125afbc,Aditya Suresh,Sumit Sharma,mens
744,3f9e33e7-96a8-4db9-8452-4b12f79e6ba5,e6b658b6-0ab8-4c09-a3f6-b8ca25abee34,Sebastian S,Ryland M,mens
745,574957ae-e8d5-486e-aabc-a1cc6a392f8d,be74032b-1035-4ece-bf4f-773b45da4d58,Jalina Ingram,Mehvish Safdar,womens
746,b7378a50-31c2-4459-8755-e2409c951f9a,ba01e69c-49d8-43de-9df5-4c0b93345447,Kate S,Alexa Smith,womens
747,0517f4a6-2648-470e-a9ff-8cf78eee3421,80217cca-df99-4019-a90f-385622ca057a,Connor McCartney,Zach Gonnering,mens
748,1b74883b-79db-4c0f-aad3-c4011286f053,9780929c-0e6a-455f-ac3d-7f30e86ad2f8,Justin Guiltinan,Will Wimbish,mens
749,19a1f7fe-1d16-418a-be95-785266ff586e,22839b0d-41bf-4830-8f1e-0da170ebc723,Yolena Carlon,Haley Ferguson,womens
750,6ba52e03-cb80-4598-b244-a5eb1b3ab0cd,e75b39ac-5fa3-48d5-9326-abdd4c0073db,Krishna Rao,Bryce Johnson,mens
751,55b78314-2f02-4a0c-83c2-b7cbfd8b4329,f51d6dfa-5101-49d8-aea5-269e481e1918,Madalina Grigoriu,Helen To,womens
752,c9f03b76-b64d-4176-b338-a6b3a180a23c,d1045e15-2ae2-4e2c-b7ba-21a326affe05,Jessica Warren,Alexa Quintanilla,womens
753,875ed596-6185-4af8-9e03-fee0cb065d3d,c703437a-4054-4513-9e5b-50de868443f7,Christian Franke,Brian Johnson,mens
754,a018902f-114c-4519-997c-4fdf52d4a0e1,dcd029fb-2814-401b-a1cb-0c4269d9954b,Abbigal Hatton,Allie Reichert,womens
755,1f281337-8943-4c9b-8ee0-82b3c10cbeb1,8286d612-dd01-491f-8229-457170029b56,Ashley Lu,Karen Lu,womens
756,bbce4a5a-69b2-41a2-839c-31c714be6fa7,d406eedd-62c6-4670-9b94-d0dcd003aaea,Claudia Birthisel,Kiki Onyeagocha,womens
757,38fdc174-96d6-459f-a27c-df35eb9f945c,c3012322-e95e-4e38-a0d8-106f9e236869,Ashley Griffith,Keilly Ulery,womens
758,607ff7e3-ba06-47f2-8bdc-0f66a4a6614f,8ef05c0d-a40e-494f-b27e-77c36449e9ae,V. Mary Rivas,Chantal Mabie,womens
759,b025eccb-868e-4ce6-a4db-c1082a288b59,c79ef5cd-2d17-4fbf-83a9-34d4aaaaebd8,Maddy Rasmusen,Masa Grgan,womens
760,070be5dd-2dcf-44b6-b2e7-37d9fbd29aa2,2feffeaa-aca5-4c5d-aad6-62eb0d38a6be,Adalynn Lund,Abigail Okelley,womens
761,6cea98b2-6f2a-4759-9e98-5f878e2e3bf4,feb0fc40-878a-443c-ab00-932e3764cd1a,Thomas Provost,Aubin Duchier,mens
762,0d7764b9-3d03-4a04-a432-54982c8c1b5a,92b20d3a-70c5-453e-8b2d-38c1c552b693,Frank Welsher Iii,Edward Kim,mens
763,b51baaba-590a-432d-b5c5-211462b5a0f7,f5380a8b-9be5-4d48-af98-2d3dbd992fee,Carlo Ares,Blake Hardesty,mens
764,14c4c96f-0a49-4d07-b16d-f6cb782491f4,aec5d8be-9ce0-4cc5-98a4-140fad555fe0,Kentaro Hamaguchi,Donald Young,mens
765,20045230-82bb-4962-99fe-cf78c28f8641,fa8d5d28-d8f5-4996-8c35-0f4ca3c35bae,Joshua Giannelli,Anderson Scarpa,mens
766,d0bac3dd-65e3-4682-9928-7344468332a5,f10bf5d1-7eae-4cfa-8b8b-b38dc29fb713,David Creswell,Derek Ferrer,mens
767,53cffd68-8c08-4ad7-88fd-a72ee20d716e,5925398b-b2a9-4e8f-ae46-5c2b59b1b818,Marisa Ruiz,Nicole Conard,womens
768,49584147-f7e8-48c5-a789-8bc479a9251e,4ebf78a8-2d54-451d-a45f-42544f6a60f1,Emma Cook,Kayla Nesbitt,womens
769,92f4fb1f-bd02-4404-ad22-2472bb89a96f,ab0e7256-6f4e-43de-b85d-6bfab0bbc41d,Aidan Gorneau,Brayden Nguyen,mens
770,25104e43-16f9-4ce3-9085-70243d8b350a,f6e249dc-5bb9-483a-a99f-df364df93341,Ella Yeh,Kelly Goodnow,womens
771,71eeee53-c28b-460d-b1fc-9bf31cb5867e,a82abd2b-68f2-4b4c-ba37-8b919661eccc,John L,Jason Ma,mens
772,26898786-4fd1-4dd9-bc18-a5c515a6b0ef,f684d481-25b9-4def-8af3-b7b2a8e507ce,Maverick Messinger,Francis Chi,mens
773,3864ce4f-1fda-45cd-9bfd-4a6cb6ba069b,e2bd4b17-cd97-4c30-9ec4-ff1e0988779c,Will Lieberman,Hunter Bassett,mens
774,2acb2c6e-288a-4f0c-a294-4e54b878eee1,540aeb8a-c729-4c14-bef9-4688944e9057,Andrew Phanmanee,Alan Toleu,mens
775,09830d3e-0c01-443d-902f-827baab49e9d,5d445822-1b4a-4db2-aafc-c12cbeadf0a8,Joshua McKinley,Samuel Wells,mens
776,5362def0-0134-4247-8428-d6a5c32ad504,85d2c31b-02af-4fc4-ae00-0c32ffef30ee,Jack Wasserman,Justin Moore,mens
777,14d66377-02d3-4ddf-bcdc-a0cb611cb66a,c08312a9-2bf1-48db-8e54-a4c0de91cf82,Mateo Mejia,Hanson H,mens
778,2bfe44bb-d558-411f-abeb-c8522dd42ce9,7886d6aa-2310-4ae8-9874-f0fc9c3e534f,Julian Arnold,James Delgado,mens
779,89647b43-f3f5-49e6-896f-614f0175a3f5,d0a30dc1-a7d7-475c-bfc9-d55e0aa8e7e3,Jackson Ayotte,Ethan Bakalinsky,mens
780,2f28b85f-2645-4f75-8571-67335413387b,d226188a-c140-4369-9c61-6bf56ab3f931,Morgan Downing,Kristen Van Dernoot,womens
781,2a0171dc-c866-4170-9021-78d3c53c7318,56f0b269-240a-42cb-b404-0b0bf747ad98,Andrew Loftin,Dylan Lewis,mens
782,0a287886-b880-4c46-8c66-ea4d198a7eba,9fa6a300-42c2-4a96-b7c0-9afbe1342e59,Pablo Copetti,Adair Garcia,mens
783,5a5237bd-64cd-433c-99ba-34badaa2820c,f932a82f-0702-44ac-9a1f-09bb5670b25c,Braylon Ohrel,Christian Lund,mens
784,bb209921-6ef7-4176-839e-56a94c2bc03b,d36e9231-a965-46ae-9a8a-7ce05416805c,Tim McMahon,Joshua Reason,mens
785,bdfd1e77-05f0-4fc1-8da6-15e847990ba1,d3f8e393-978f-4529-96bc-d0c54b5422c2,Tennessee P,James Wolf,mens
786,3969d4ad-c532-4c49-83f3-57b4d43e57c0,856ad395-70ff-4234-92f8-3218f8b0ae2b,Z Malvern,George Wolf,mens
787,2bfe44bb-d558-411f-abeb-c8522dd42ce9,be74032b-1035-4ece-bf4f-773b45da4d58,Julian Arnold,Mehvish Safdar,mixed
788,2f28b85f-2645-4f75-8571-67335413387b,8a614993-d082-4ab8-af12-348c954ff276,Morgan Downing,Emanuel Dickson,mixed
789,469988c9-b401-4c68-9e07-e1b1b104b791,f91b88a1-7d1e-41ad-9782-200959faf6bd,Yates Johnson,Olivia McMillan,mixed
790,4de68830-5966-4b09-abbd-91bed22df13d,b025eccb-868e-4ce6-a4db-c1082a288b59,Cade Edwards,Maddy Rasmusen,mixed
791,06ba18e0-687b-4aa3-822d-1c86981f576b,bd7773b4-7b8e-4da2-96ce-98fe3490ee93,Rafa Hewett,Lindsey Newman,mixed
792,c79ef5cd-2d17-4fbf-83a9-34d4aaaaebd8,f13e0c0b-2355-4897-aadf-3ac220a78afa,Masa Grgan,Ryan Camras,mixed
793,dc69fcde-bcda-4441-8b66-a8bafeb12ded,f6e249dc-5bb9-483a-a99f-df364df93341,Joel Poland,Kelly Goodnow,mixed
794,a6f57d71-bf90-48fc-b05b-abe66980a132,b1254256-f3ac-46db-b28c-4dd0c6955ea0,Mike Radermacher,Eileen Wang,mixed
795,2a0171dc-c866-4170-9021-78d3c53c7318,dcd029fb-2814-401b-a1cb-0c4269d9954b,Andrew Loftin,Allie Reichert,mixed
796,1d51becb-4ea0-4878-9660-e3fd2dfaa0ea,80217cca-df99-4019-a90f-385622ca057a,Ewa Radzikowska,Zach Gonnering,mixed
797,12c765d0-8384-41d3-a498-de63fd7c37da,c85c50d9-eaa4-4581-b6bb-583a808706bf,Naomi Nguyen,Kyle Koszuta,mixed
798,306da673-de7e-44f5-bc16-0738b44bd089,dd2f2fe3-5333-4036-9d88-f108bdcee3fc,Christopher Crouch,Giovanna Morelli,mixed
799,14f68da3-a855-4656-a618-81b5d8ff6bec,18ee08e4-2965-4966-a1a4-257d66f0bdfa,Jarryd Woog,Jessica Haywood,mixed
800,1d701c30-6b5d-485f-ae97-60f3b0c50896,763b4d27-8140-47cd-86f5-982706cd4ebb,Zoey Weil,Michael Loyd,mixed
801,6aa0a796-9759-40f5-9c8f-bf4461d032fb,d8d51930-abf9-468b-9e43-55a9c0728d58,Helena Jansen,Anouar Braham,mixed
802,a9a168ae-7822-4d31-b07b-fba40480c1fc,dba7cf49-9f57-43e3-878d-a63ced26a243,Brandon French,Jaeda Minniefield,mixed
803,146dd2f7-7f5d-495d-b2f1-96d433742fec,f51d6dfa-5101-49d8-aea5-269e481e1918,Eduardo Santini Ayon,Helen To,mixed
804,d93f56ce-61cc-477d-a26c-17d04e53b2ff,f684d481-25b9-4def-8af3-b7b2a8e507ce,Anna Lenhart,Francis Chi,mixed
805,2e526f9d-33db-4f57-9c47-d55d98668584,fa7cb18f-9d87-4d49-bb43-5291b7201bd3,Weston Spence,Jessica Ho,mixed
806,71992955-8b6f-470b-a991-796cfa56a826,fa8d5d28-d8f5-4996-8c35-0f4ca3c35bae,Liz Truluck,Anderson Scarpa,mixed
807,c3012322-e95e-4e38-a0d8-106f9e236869,d0a30dc1-a7d7-475c-bfc9-d55e0aa8e7e3,Keilly Ulery,Ethan Bakalinsky,mixed
808,574957ae-e8d5-486e-aabc-a1cc6a392f8d,aec5d8be-9ce0-4cc5-98a4-140fad555fe0,Jalina Ingram,Donald Young,mixed
809,54b45fcd-72f8-4cfd-9a37-3c3a0989f56c,a542c7e8-5602-480d-9fd2-b870091858e5,Alexander Valencia,Chloe Zigliara,mixed
810,53cffd68-8c08-4ad7-88fd-a72ee20d716e,8bfb2660-cdda-43fb-81cb-5ff420c9f86e,Marisa Ruiz,Jae Centonze,mixed
811,53eadec7-a6b1-4ce3-9825-d76affdc3f4f,ae06a675-5997-41b0-a199-6da1bb0b49a1,Juan Varon,Giorgia Vitale,mixed
812,6a87bc44-5190-44db-8a2f-467de4de48c6,e96d9339-cfb6-473d-bcb3-23f2887a3e0f,Christa Gecheva,John Lucian Goins,mixed
813,0d7764b9-3d03-4a04-a432-54982c8c1b5a,4ebf78a8-2d54-451d-a45f-42544f6a60f1,Frank Welsher Iii,Kayla Nesbitt,mixed
814,684de940-3788-41f6-9d4b-b843da242dae,bd8e1ad4-5402-4c55-a95b-1d39c1de2344,Wesley Hanson,Spencer Liang,mixed
815,bf96031e-108d-4a37-810a-d43f63339231,c00d1e76-0116-49f5-b0b4-9b518b9cd628,Audrey Banada,MJ Marrero,mixed
816,95015a41-423e-4439-94ee-84e275c45787,d02f0502-9093-475f-a9f6-772cf0e3721f,Stephen Preissler,Mikaela Smith,mixed
817,19a1f7fe-1d16-418a-be95-785266ff586e,86e1b9d3-15ea-4b76-b488-d3135e78aa7c,Yolena Carlon,Wade Heerboth,mixed
818,2feffeaa-aca5-4c5d-aad6-62eb0d38a6be,9780929c-0e6a-455f-ac3d-7f30e86ad2f8,Abigail Okelley,Will Wimbish,mixed
819,89647b43-f3f5-49e6-896f-614f0175a3f5,8ef05c0d-a40e-494f-b27e-77c36449e9ae,Jackson Ayotte,Chantal Mabie,mixed
820,9c9c45e5-6fb8-4f4f-a85e-16cebb11972d,deb34ab5-bc2e-4fda-894e-600a62ca0fa7,Andi Godwin,Michael Shaw,mixed
821,0f8523aa-0279-4dec-8697-0261e6a1f97a,56f0b269-240a-42cb-b404-0b0bf747ad98,Madelyn Porter,Dylan Lewis,mixed
822,a018902f-114c-4519-997c-4fdf52d4a0e1,ecd31a05-120f-4373-b5c1-21136f8f0bf1,Abbigal Hatton,Braden Jacobson,mixed
823,3cab1673-2522-4dd5-ba07-2a1b88749d86,d1045e15-2ae2-4e2c-b7ba-21a326affe05,Tristan Dussault,Alexa Quintanilla,mixed
824,5a5237bd-64cd-433c-99ba-34badaa2820c,cdb01e3a-b0e0-449b-a7c5-278127f2cd61,Braylon Ohrel,Mary McGowan,mixed
825,d1ca938d-f130-4aa7-a753-1004bd0661e6,d3f8e393-978f-4529-96bc-d0c54b5422c2,Caroline Maguire,James Wolf,mixed
826,220e3821-0cac-4fce-a722-a079a5359262,ba01e69c-49d8-43de-9df5-4c0b93345447,Casey Garretson,Alexa Smith,mixed
827,d226188a-c140-4369-9c61-6bf56ab3f931,f5380a8b-9be5-4d48-af98-2d3dbd992fee,Kristen Van Dernoot,Blake Hardesty,mixed
828,1bab49f1-6891-4d3e-8f77-42aa4fc1d18e,5925398b-b2a9-4e8f-ae46-5c2b59b1b818,Mohaned Alhouni,Nicole Conard,mixed
829,6afbabed-1c1e-4f3d-b8fc-bd0e36fa5e97,b51baaba-590a-432d-b5c5-211462b5a0f7,Frances Altick,Carlo Ares,mixed
830,20045230-82bb-4962-99fe-cf78c28f8641,8286d612-dd01-491f-8229-457170029b56,Joshua Giannelli,Karen Lu,mixed
831,b90591db-36ac-44a5-9c00-9d90e27b1500,dc1013ec-dada-4f3c-8a1a-6435e5ac74e3,Leo Castillo Jr.,Alyssa C,mixed
832,875ed596-6185-4af8-9e03-fee0cb065d3d,efedfcd1-7638-4c6e-8225-fea7f8d40031,Christian Franke,Victoria Simon,mixed
833,22839b0d-41bf-4830-8f1e-0da170ebc723,92b20d3a-70c5-453e-8b2d-38c1c552b693,Haley Ferguson,Edward Kim,mixed
834,1936f665-e630-462a-bd89-0dcfcf7c9e6b,25104e43-16f9-4ce3-9085-70243d8b350a,Indigo Dagnall,Ella Yeh,mixed
835,0517f4a6-2648-470e-a9ff-8cf78eee3421,84a2e8e4-b4fd-4625-8011-244c37e62b72,Connor McCartney,Jessica Mason,mixed
836,607ff7e3-ba06-47f2-8bdc-0f66a4a6614f,c012b271-5d26-48b1-8cd5-2cd04d1d204b,V. Mary Rivas,Matt Ngo,mixed
837,5714d0c4-4431-4afa-9e95-11817e9d27d9,a4ae7ae8-87b6-4649-a11b-20a0ca2aef50,Teresa Romero,Logan Thompson,mixed
838,ababc250-f834-4e1b-a3e5-f7152faf0888,cb9ea037-f204-4216-ac56-930a01009166,Kendall Warren,Matt Burkhardt,mixed
839,070be5dd-2dcf-44b6-b2e7-37d9fbd29aa2,f932a82f-0702-44ac-9a1f-09bb5670b25c,Adalynn Lund,Christian Lund,mixed
840,76419f3a-712c-4241-8940-6f9bda847ba7,7886d6aa-2310-4ae8-9874-f0fc9c3e534f,Lauren Stratman,James Delgado,mixed
841,be74032b-1035-4ece-bf4f-773b45da4d58,f03d156f-3d8a-4830-a5d1-ae4372ad5009,Mehvish Safdar,Wesley Burrows,mixed
842,4e39b9bd-436d-495d-99d7-c2818bbea4ab,571d4503-e073-4580-a555-be3c7f93c59c,Camila Zilveti,Chuck Taylor,mixed
843,3d67b6d0-063e-466c-a475-7679d0764354,c971bb40-090b-4e47-be58-905495e38401,Austin Bricker,Miles Hoover,mens
844,14f68da3-a855-4656-a618-81b5d8ff6bec,8620b5f6-d9d5-4cb9-9a28-ed21da77511e,Jarryd Woog,Lauren Cole,mixed
845,12c765d0-8384-41d3-a498-de63fd7c37da,3270dc72-53b7-4d35-aa4c-7f8b7b6bf905,Naomi Nguyen,Matthew Barlow,mixed
846,a65a8877-2c30-4964-8b0c-52e92ecfab5c,cdb01e3a-b0e0-449b-a7c5-278127f2cd61,Sophie Abrams,Mary McGowan,womens
847,c3012322-e95e-4e38-a0d8-106f9e236869,c971bb40-090b-4e47-be58-905495e38401,Keilly Ulery,Miles Hoover,mixed
848,6b446a3b-76f2-4d55-8c84-94ea8bdde2ac,6e0c0d57-704c-4148-9229-1c623b611919,Andrew Wang,Perry Wang,mens
849,14f68da3-a855-4656-a618-81b5d8ff6bec,80217cca-df99-4019-a90f-385622ca057a,Jarryd Woog,Zach Gonnering,mens
850,856ad395-70ff-4234-92f8-3218f8b0ae2b,e6b658b6-0ab8-4c09-a3f6-b8ca25abee34,George Wolf,Ryland M,mens
851,1374dfe9-4573-4ab6-991d-16bed0a6d25c,fd565e56-6223-4ef0-882e-02346e7e0573,Edward Perez,Brooke Caruso,mixed
852,0fd983de-06ed-48c9-aa69-9d573e84708b,f58cea82-5927-40f6-9fa9-d9f9e4e3f7c1,Saurav Santhosh Nair,Patience Okpe,mixed
853,8620b5f6-d9d5-4cb9-9a28-ed21da77511e,bd8e1ad4-5402-4c55-a95b-1d39c1de2344,Lauren Cole,Spencer Liang,womens
854,20045230-82bb-4962-99fe-cf78c28f8641,bd8e1ad4-5402-4c55-a95b-1d39c1de2344,Joshua Giannelli,Spencer Liang,mixed
855,53eadec7-a6b1-4ce3-9825-d76affdc3f4f,55b78314-2f02-4a0c-83c2-b7cbfd8b4329,Juan Varon,Madalina Grigoriu,mixed
856,777bb595-b49b-413d-a28a-72355a613f10,ba01e69c-49d8-43de-9df5-4c0b93345447,Jayson Harris,Alexa Smith,mixed
857,20045230-82bb-4962-99fe-cf78c28f8641,b3f6f49d-bc24-44fd-8068-4e5971e9d61a,Joshua Giannelli,Daniel Miron,mens
858,481d9fef-ed7a-4fc9-9d19-a4f9b5a57d56,518626d4-2600-4134-8c6a-0ae9315f9625,Ella Cosma,Cason Campbell,mixed
859,d1ca938d-f130-4aa7-a753-1004bd0661e6,f13e0c0b-2355-4897-aadf-3ac220a78afa,Caroline Maguire,Ryan Camras,mixed
860,a9782e86-e5ae-46d3-9194-ac89fdaed622,f8b6b217-f9f8-4fd3-a71d-ae4dfcbb9c89,Alexander Crum,Ava Ignatowich,mixed
861,5a5237bd-64cd-433c-99ba-34badaa2820c,d0a30dc1-a7d7-475c-bfc9-d55e0aa8e7e3,Braylon Ohrel,Ethan Bakalinsky,mens
862,16deb566-c508-4f05-84d9-a01fb527a005,358376d4-f156-492c-b4c6-0bd3f5a69f86,Michael I,Justin Dages,mens
863,3fc70f61-f10c-4539-9b5a-82911efc966a,469988c9-b401-4c68-9e07-e1b1b104b791,Ava Cavataio,Yates Johnson,mixed
864,910196c3-1d57-456f-b407-bc550a2edec6,a65a8877-2c30-4964-8b0c-52e92ecfab5c,Ryan Gilbert,Sophie Abrams,mixed
865,9db29a7a-1fce-4394-a1f0-a5fbd2bc2e7b,e2466ee7-aaa4-4c6a-a288-63e717054640,Jake Anderson,Bret Berryman,mens
866,38b1bfb1-576b-4a3e-ab6b-e8bc46031c1d,d69ec633-93c9-4d07-8870-be9f5acd5330,Eric Roddy,Rachel Rettger,mixed
867,6ddc6413-ec78-4979-8a07-3e00630a9cb2,a0582749-fb23-42cc-98ed-1915464c4814,Blake Goodman,Luke Wasson,mens
868,3d9c8684-953f-4008-b355-b6104ee56a5b,5883c77e-d6e0-4848-9473-866396578248,Connor Mogle,Audrey Adele Brown,mixed
869,22839b0d-41bf-4830-8f1e-0da170ebc723,bf96031e-108d-4a37-810a-d43f63339231,Haley Ferguson,Audrey Banada,womens
870,23a8af5a-fed3-445d-99aa-1a5f69a05ff6,fc684593-8841-4dd1-b77c-5154b2f25bca,Brie Aldridge,Hailee Haymore,womens
871,1936f665-e630-462a-bd89-0dcfcf7c9e6b,53b056f9-095a-40fa-881d-142629905f8a,Indigo Dagnall,Luana Stanciu,mixed
872,0d40af37-5b44-4f00-a2c8-03ea5e34960c,2a1c197a-eede-4639-9fbf-1133d648f7c7,Ram Kotnana,Demetric Marrero Jr,mens
873,819a323b-bed3-4287-984d-ea784ed471b1,910196c3-1d57-456f-b407-bc550a2edec6,Eric Gilbert,Ryan Gilbert,mens
874,89647b43-f3f5-49e6-896f-614f0175a3f5,c62c2081-d9ce-4750-93f5-c9163bf46f74,Jackson Ayotte,Yaamunan Venkatesan,mens
875,0fd983de-06ed-48c9-aa69-9d573e84708b,8f150eb8-c932-4f37-8085-ab70d666497e,Saurav Santhosh Nair,Jasper Ou,mens
876,26b13d9f-ccab-497c-8e3a-68299be5ea70,4025f403-d676-42ee-97a1-61d9b38c211b,Daniel Phillips,Allison Phillips,mixed
877,0c5b84bb-4c04-4906-86bc-deb533ff4eec,4e73b5b4-d734-4258-91cf-b678d08200a9,Zane Ford,Maria Ford,mixed
878,1a84e636-31cd-4225-bd51-860dcdfd58ba,a6f57d71-bf90-48fc-b05b-abe66980a132,Eileen Tran,Mike Radermacher,mixed
879,53eadec7-a6b1-4ce3-9825-d76affdc3f4f,ce7e7707-c94e-4d33-b34a-37efe3363774,Juan Varon,Eli Steiner,mens
880,22839b0d-41bf-4830-8f1e-0da170ebc723,2a1c197a-eede-4639-9fbf-1133d648f7c7,Haley Ferguson,Demetric Marrero Jr,mixed
881,4af4d4d1-9f87-4dc7-95f2-b10751d44c15,646f7432-e6ad-4ccf-95ee-a0e5d9514d28,Tama Shimabukuro,Alix Truong,mixed
882,03db4060-fcb3-41f7-83d5-7ee732dd8841,7464628e-931a-44c9-b0df-749a7cb32eaa,Jade Rau,Adam Harvey,mixed
883,8f521dcc-1cb5-4c8d-933c-af6b267bd395,d0f19d1e-2a6e-4eb3-b10c-1311edd599a8,Meghan Dizon,Will Howells,mixed
884,bc7b2475-e580-4734-bc14-814a153bec5d,dba7cf49-9f57-43e3-878d-a63ced26a243,Pesa Teoni,Jaeda Minniefield,mixed
885,c3012322-e95e-4e38-a0d8-106f9e236869,dba7cf49-9f57-43e3-878d-a63ced26a243,Keilly Ulery,Jaeda Minniefield,womens
886,3fc70f61-f10c-4539-9b5a-82911efc966a,bf84d952-c6a8-4494-943d-064b223e764f,Ava Cavataio,Estee Widdershoven,womens
887,1bb8b2c1-ca6f-45ac-afdd-fab7e77d69d4,676b1cbc-766c-4616-bf39-1787ffd8c72a,Noe Khlif,Etta Tuionetoa,mixed
888,74afd19c-8f82-4ca2-9345-e4d693111033,f91b88a1-7d1e-41ad-9782-200959faf6bd,Marshall Brown,Olivia McMillan,mixed
889,1de884f8-7bf7-4b49-9de8-3f1fd74cabd6,66a6c35b-33a2-4a23-b5db-fa53c96d643a,Dylan Frazier,Kaitlyn Christian,mixed
890,435e466e-22c7-4917-8cb4-ff45bbccde19,ebb2a1e0-7c6c-48a4-b994-e81edd8ddb97,Tamaryn Emmrich,Patrick Smith,mixed
891,cd7b97fc-d912-4c59-8ab3-c2d70e79d998,dc7f6ac5-f007-4b8f-b343-95e524dc7d0a,Lina Padegimaite,Luc Pham,mixed
892,d50310a6-9378-4228-823f-7fb54f7bd698,fec65f7e-f2c8-482f-ab5b-541cf53b1064,Gabriel Tardio,Tyra Hurricane Black,mixed
893,c96f7a83-9cc1-4fbe-a610-126ed8e3a202,fa8d5d28-d8f5-4996-8c35-0f4ca3c35bae,Gregory Dow,Anderson Scarpa,mens
894,602ac701-c27e-408d-9e4e-1f7c02578def,b35ed876-bcdc-4024-9746-fe1bcb3957f5,Tam Trinh,John Cincola,mens
895,89843e44-48fd-4a3f-b8c0-5f5aa6ae5741,8e2f9629-19d0-409d-81dc-b64fe2f3d3ff,Dekel Bar,Jessie Irvine,mixed
896,3d67b6d0-063e-466c-a475-7679d0764354,ec94501d-8b59-4236-b77d-7238f8925e48,Austin Bricker,Marcela Aguila Ampon,mixed
897,129b2771-34b5-4b7f-9c23-e020a6aa3e6a,6f862c1d-1317-4fe7-bdcd-64caa0dbb088,Anna Leigh Waters,Ben Johns,mixed
898,81535c8c-27d9-452c-a72a-61fc9f755b01,a9a168ae-7822-4d31-b07b-fba40480c1fc,Will Mackinnon,Brandon French,mens
899,6f149538-c6f6-4ad5-9e60-2afc100f97c1,a9782e86-e5ae-46d3-9194-ac89fdaed622,Spartak Rahachou,Alexander Crum,mens
900,7886d6aa-2310-4ae8-9874-f0fc9c3e534f,f76f4ac5-e3cc-4fe6-a4bc-a968b8b991b1,James Delgado,Alex Walker,mixed
901,1d701c30-6b5d-485f-ae97-60f3b0c50896,a91e2b68-7357-4518-baf9-f59b0b4c2477,Zoey Weil,Christopher Haworth,mixed
902,1bab49f1-6891-4d3e-8f77-42aa4fc1d18e,dc7f6ac5-f007-4b8f-b343-95e524dc7d0a,Mohaned Alhouni,Luc Pham,mens
903,b51ea0fb-c243-4427-85f8-b798febb51ff,bd061b42-2f82-4bbe-82be-d8bcfb37f9e1,Jorja Johnson,JW Johnson,mixed
904,66cb85be-fe8b-402d-a4f7-4a8e6a7c3ad7,ad6e69ff-7913-4b21-86dd-9489f749be01,Lucas Pascoe,Paula Rives,mixed
905,06ba18e0-687b-4aa3-822d-1c86981f576b,cd1bf109-4907-4208-bca1-4d12f9494a4c,Rafa Hewett,Casey Diamond,mens
906,38b1bfb1-576b-4a3e-ab6b-e8bc46031c1d,74afd19c-8f82-4ca2-9345-e4d693111033,Eric Roddy,Marshall Brown,mens
907,3a43c56f-b9d8-4e72-ae8a-58fd69291946,ba491f1c-0112-47a8-a348-4695289e958a,Jack Sock,Augustus Ge,mens
908,719e2d3b-d10d-402d-a195-41f072214679,a000a067-1bf1-442f-a961-e6c97cb50006,Isabella Dunlap,Nicolas Acevedo,mixed
909,461f063e-a587-4638-bad9-421ff33d91d7,614e164a-4197-44eb-855c-586cf79fbfc9,Genie Erokhina,Ivan Jakovljevic,mixed
910,87d60b6f-6f2e-4610-ab89-487e8acc097e,d8d51930-abf9-468b-9e43-55a9c0728d58,Mya Bui,Anouar Braham,mixed
911,0c1bb94d-3af2-42f4-b938-d712c707ace4,2856d69d-887b-4e89-a5c9-975f581f84a0,Callie Smith,Len Yang,mixed
912,a018902f-114c-4519-997c-4fdf52d4a0e1,f0484f0e-f240-4b6f-9da5-b6dba3fa370e,Abbigal Hatton,Kenta Miyoshi,mixed
913,52726ab1-2ac9-46c0-be90-6b0e7a2d56eb,55ed7e0a-ff2d-4ac2-aad6-b6772ef4f448,Pablo Tellez,Layne Sleeth,mixed
914,2bfe44bb-d558-411f-abeb-c8522dd42ce9,9034d36a-1b11-4c9d-ad75-5c665d87b8c5,Julian Arnold,Pierina Imparato,mixed
915,5046c75e-a79b-4902-8d4a-d92bd3c58e9b,66cb85be-fe8b-402d-a4f7-4a8e6a7c3ad7,Aryaan Bhatia,Lucas Pascoe,mens
916,1e5d81dc-961d-455a-b80f-d6c30c518cde,571d4503-e073-4580-a555-be3c7f93c59c,Caden Nemoff,Chuck Taylor,mens
917,30eb9a2b-1570-473f-8cf1-0f7c9d21b303,698c5236-e88f-411c-b44f-e54f16b2d6b5,Zane Navratil,George Wall,mens
918,1374dfe9-4573-4ab6-991d-16bed0a6d25c,79ee2d66-5ba3-47cc-bc43-f489a09d2d5a,Edward Perez,George Rangelov,mens
919,50c2125b-406c-41e7-aad6-5432c7cd8e1c,ce4f0e14-80ea-4ed0-a81c-7341d356d427,AJ Koller,Yuta Funemizu,mens
920,cc8832b9-9a8f-4cbc-8eff-b20e9a7ff09a,eb14fc6e-ede1-4999-bec3-e36695e7f94e,Jaume Martinez Vich,Milan Rane,mixed
921,76419f3a-712c-4241-8940-6f9bda847ba7,b68c0204-d9d4-4cba-bf23-46706abd77bf,Lauren Stratman,Clayton Powell,mixed
922,9ce32de7-16c9-4786-a7b0-8c1c2c623d69,d8d51930-abf9-468b-9e43-55a9c0728d58,Rafael Lenhard,Anouar Braham,mens
923,99b25b49-2a51-412d-9fbf-e1b6804acce0,a91e2b68-7357-4518-baf9-f59b0b4c2477,Camden Chaffin,Christopher Haworth,mens
924,608756f6-bfc7-41b5-9cfd-5e69eacfe513,dbcb41e9-e983-410b-bc23-d184d034cfc0,Victoria Dimuzio,Tyson McGuffin,mixed
925,925c1306-6b3b-4510-8482-f34168a0842a,a95df9a8-772c-4dbf-8c28-e200b7308584,Roscoe Bellamy,Kiora Kunimoto,mixed
926,518626d4-2600-4134-8c6a-0ae9315f9625,7464628e-931a-44c9-b0df-749a7cb32eaa,Cason Campbell,Adam Harvey,mens
927,69633ccf-87be-4975-a578-53d6e166c91b,bc7b2475-e580-4734-bc14-814a153bec5d,Wil Shaffer,Pesa Teoni,mens
928,20684550-cb89-4ea2-9e2f-0f44eb920b45,33292af3-984d-4752-8d18-b3a5c147e9fe,Chao Yi Wang,Armaan Bhatia,mixed
929,06ba18e0-687b-4aa3-822d-1c86981f576b,6aa0a796-9759-40f5-9c8f-bf4461d032fb,Rafa Hewett,Helena Jansen,mixed
930,06dc9b8a-5c01-49cf-bb4d-70d7b5f85acf,99b25b49-2a51-412d-9fbf-e1b6804acce0,Brooke Buckner,Camden Chaffin,mixed
931,0c5b84bb-4c04-4906-86bc-deb533ff4eec,43df1205-e834-4427-9f1a-4e173bf93296,Zane Ford,Grayson Goldin,mens
932,3270dc72-53b7-4d35-aa4c-7f8b7b6bf905,614e164a-4197-44eb-855c-586cf79fbfc9,Matthew Barlow,Ivan Jakovljevic,mens
933,8160ad59-4654-46b1-b229-8d5f2a9a45f9,ec4cdfe2-c6f6-4de1-824e-9adcaeb31196,Hunter Johnson,Judit Castillo,mixed
934,25a6f570-d617-427a-9fc4-3bf6115a9a84,d45a3391-82f4-45d0-ba66-f1901854a8d0,Hannah Blatt,Darrian Young,mixed
935,52690a0c-ed4a-4e0b-bf69-4ef416cf7d55,f879086b-e0e5-4772-b0a6-4055c265da69,Eric Oncins,Tina Pisnik,mixed
936,8160ad59-4654-46b1-b229-8d5f2a9a45f9,d45a3391-82f4-45d0-ba66-f1901854a8d0,Hunter Johnson,Darrian Young,mens
937,6aa0a796-9759-40f5-9c8f-bf4461d032fb,be74032b-1035-4ece-bf4f-773b45da4d58,Helena Jansen,Mehvish Safdar,womens
938,5883c77e-d6e0-4848-9473-866396578248,d69ec633-93c9-4d07-8870-be9f5acd5330,Audrey Adele Brown,Rachel Rettger,womens
939,62955f38-bdf5-46af-9622-13c7afe90619,f86cff72-5f9c-40b1-9f28-f28aafae245f,Jonathan Truong,Wyatt Stone,mens
940,763b4d27-8140-47cd-86f5-982706cd4ebb,e9849183-4693-4340-abf5-f4b6f3cb226f,Michael Loyd,Martin Emmrich,mens
941,52726ab1-2ac9-46c0-be90-6b0e7a2d56eb,b03ff4de-9b8f-46a8-a530-d8f19e9d6ec9,Pablo Tellez,Max Freeman,mens
942,b68c0204-d9d4-4cba-bf23-46706abd77bf,f0484f0e-f240-4b6f-9da5-b6dba3fa370e,Clayton Powell,Kenta Miyoshi,mens
943,2e0c0227-6e3e-43d5-8037-7f8bd0f9b935,f03d156f-3d8a-4830-a5d1-ae4372ad5009,Gabriel Joseph,Wesley Burrows,mens
944,05b194b3-db88-4f77-a26f-5ef5cfbf6146,9b97206b-783a-4fab-85e9-45a6240325a5,Riley Newman,Catherine Parenteau,mixed
945,4e39b9bd-436d-495d-99d7-c2818bbea4ab,53b056f9-095a-40fa-881d-142629905f8a,Camila Zilveti,Luana Stanciu,womens
946,9eff9049-c45c-42ee-9a49-e9a797cc2116,b03ff4de-9b8f-46a8-a530-d8f19e9d6ec9,Cailyn Campbell,Max Freeman,mixed
947,574957ae-e8d5-486e-aabc-a1cc6a392f8d,a9a168ae-7822-4d31-b07b-fba40480c1fc,Jalina Ingram,Brandon French,mixed
948,6a87bc44-5190-44db-8a2f-467de4de48c6,9ce32de7-16c9-4786-a7b0-8c1c2c623d69,Christa Gecheva,Rafael Lenhard,mixed
949,35f81e87-382e-41cc-9bab-687116861954,469988c9-b401-4c68-9e07-e1b1b104b791,Jace Morris,Yates Johnson,mens
950,b1ab7d76-a859-4136-8405-3ed7c9be287a,ba491f1c-0112-47a8-a348-4695289e958a,Mari Humberg,Augustus Ge,mixed
951,aec5d8be-9ce0-4cc5-98a4-140fad555fe0,cfb42bdb-d0a0-4fc7-b1ea-a77c40aff2d2,Donald Young,Mota Alhouni,mens
952,e8e10ea8-2ff2-4155-9169-cc33ff8c6265,ecd31a05-120f-4373-b5c1-21136f8f0bf1,Rio Newcombe,Braden Jacobson,mens
953,3af01041-5679-400a-87b8-12c01db8cec4,7edb882c-6d17-4129-8208-710e3c82364c,Kate Fahey,Federico Staksrud,mixed
