player_id,full_name,gender,singles_games,db_rallies,db_rally_wins,singles_value,singles_sd,tier,singles_value_pure
129b2771-34b5-4b7f-9c23-e020a6aa3e6a,Anna Leigh Waters,F,313,107,68,2.5108,0.0511,fitted,2.3116
a91e2b68-7357-4518-baf9-f59b0b4c2477,Christopher Haworth,M,290,79,39,2.0682,0.0416,fitted,1.872
7edb882c-6d17-4129-8208-710e3c82364c,Federico Staksrud,M,542,96,59,2.0673,0.0348,fitted,1.8561
3af01041-5679-400a-87b8-12c01db8cec4,Kate Fahey,F,340,73,36,2.0332,0.0428,fitted,1.8465
8160ad59-4654-46b1-b229-8d5f2a9a45f9,Hunter Johnson,M,386,162,94,1.9762,0.0387,fitted,1.7661
14d61e81-14d5-4cb3-ae33-d427fbc1b4f6,Quang Duong,M,180,38,28,1.9553,0.0742,fitted,1.7285
79a11da1-6aeb-4719-9b1e-9918e0163cec,Christian Alshon,M,302,115,61,1.9398,0.0436,fitted,1.7269
1728d016-1f02-4789-be73-63d12d5a5b42,Parris Todd,F,247,77,47,1.9269,0.0556,fitted,1.7294
6f862c1d-1317-4fe7-bdcd-64caa0dbb088,Ben Johns,M,203,107,63,1.9112,0.0608,fitted,1.6874
db5eef5c-99dd-49d9-bbfc-65171a366bda,Anna Bright,F,31,71,41,1.8297,0.1461,fitted,1.5151
ff38654d-daae-4bad-a1a7-690e4e5706eb,Connor Garnett,M,432,149,83,1.7973,0.0374,fitted,1.582
3a43c56f-b9d8-4e72-ae8a-58fd69291946,Jack Sock,M,282,126,67,1.7855,0.0452,fitted,1.5725
cc8832b9-9a8f-4cbc-8eff-b20e9a7ff09a,Jaume Martinez Vich,M,341,116,64,1.7784,0.0434,fitted,1.5678
06dc9b8a-5c01-49cf-bb4d-70d7b5f85acf,Brooke Buckner,F,381,83,40,1.7518,0.0398,fitted,1.5712
7319013d-d511-4aa5-a356-4aa2cccf94f5,Lea Jansen,F,408,127,69,1.7332,0.0385,fitted,1.5479
925c1306-6b3b-4510-8482-f34168a0842a,Roscoe Bellamy,M,277,82,37,1.7312,0.0441,fitted,1.5241
0c5b84bb-4c04-4906-86bc-deb533ff4eec,Zane Ford,M,269,36,19,1.7173,0.0437,fitted,1.5124
e96d9339-cfb6-473d-bcb3-23f2887a3e0f,John Lucian Goins,M,269,70,41,1.7088,0.0427,fitted,1.4992
096cc881-b50a-4961-b164-94d6f850f022,Bálint Bakó,M,15,0,0,1.701,0.1438,fitted,1.5307
1bb8b2c1-ca6f-45ac-afdd-fab7e77d69d4,Noe Khlif,M,286,125,59,1.6914,0.0426,fitted,1.4784
66a6c35b-33a2-4a23-b5db-fa53c96d643a,Kaitlyn Christian,F,474,115,56,1.687,0.0357,fitted,1.5059
9b97206b-783a-4fab-85e9-45a6240325a5,Catherine Parenteau,F,286,133,64,1.6711,0.047,fitted,1.482
0763ffeb-1b1f-41c5-ab37-d17b66e50b50,Phuc Huynh,M,91,0,0,1.6627,0.0914,fitted,1.4433
e21cb6e0-aabb-43b2-a112-c0a0a59081bf,Oliver Frank,M,104,0,0,1.6457,0.0802,fitted,1.4445
2e0c0227-6e3e-43d5-8037-7f8bd0f9b935,Gabriel Joseph,M,266,51,24,1.6186,0.0448,fitted,1.416
1de884f8-7bf7-4b49-9de8-3f1fd74cabd6,Dylan Frazier,M,267,79,36,1.6106,0.0471,fitted,1.4015
bd061b42-2f82-4bbe-82be-d8bcfb37f9e1,JW Johnson,M,174,163,82,1.6007,0.0562,fitted,1.3695
3270dc72-53b7-4d35-aa4c-7f8b7b6bf905,Matthew Barlow,M,89,8,4,1.6007,0.0669,fitted,1.4006
43df1205-e834-4427-9f1a-4e173bf93296,Grayson Goldin,M,209,12,7,1.5971,0.0574,fitted,1.389
051f5c82-82ce-4ab8-b4f8-36976638a89b,Sahra Dennehy,F,83,65,39,1.5882,0.0747,fitted,1.3931
4af4d4d1-9f87-4dc7-95f2-b10751d44c15,Tama Shimabukuro,M,143,57,23,1.5868,0.053,fitted,1.3918
295e343a-31a0-4e1d-a286-d62592291435,Jay Devilliers,M,182,98,49,1.5829,0.0533,fitted,1.3651
3cec5850-24e2-44e3-96bc-ee87aa34581d,Katerina Stewart,F,44,0,0,1.5795,0.1119,fitted,1.423
9ce32de7-16c9-4786-a7b0-8c1c2c623d69,Rafael Lenhard,M,179,84,47,1.578,0.0534,fitted,1.3712
f1151ea2-759d-4d9f-a5b9-5ccd966dc3ca,Hoang Nam Ly,M,51,0,0,1.5718,0.0938,fitted,1.3761
ec4cdfe2-c6f6-4de1-824e-9adcaeb31196,Judit Castillo,F,240,34,17,1.5689,0.0491,fitted,1.379
0d14405e-2e45-4dcb-8fb7-73558c261b4f,Seone Mendez,F,47,0,0,1.5527,0.1007,fitted,1.3867
2aa8ced3-d599-4c83-86dd-ecc80196833b,Luca Mack,M,97,0,0,1.5503,0.0717,fitted,1.3356
e02ba405-3969-4135-8be6-d320b09c4f3b,Salome Devidze,F,200,0,0,1.5437,0.0618,fitted,1.3666
a9782e86-e5ae-46d3-9194-ac89fdaed622,Alexander Crum,M,146,24,14,1.5372,0.0585,fitted,1.342
7464628e-931a-44c9-b0df-749a7cb32eaa,Adam Harvey,M,249,0,0,1.5363,0.0467,fitted,1.3268
a95df9a8-772c-4dbf-8c28-e200b7308584,Kiora Kunimoto,F,150,40,24,1.5345,0.0516,fitted,1.3499
fc05556e-3e38-4a38-99c2-f855174a7c28,Hayden Patriquin,M,63,64,32,1.5296,0.1218,fitted,1.2313
d0f19d1e-2a6e-4eb3-b10c-1311edd599a8,Will Howells,M,28,136,61,1.5186,0.1273,fitted,1.3164
1bab49f1-6891-4d3e-8f77-42aa4fc1d18e,Mohaned Alhouni,M,223,0,0,1.5082,0.05,fitted,1.2878
469988c9-b401-4c68-9e07-e1b1b104b791,Yates Johnson,M,201,40,24,1.5075,0.0542,fitted,1.2981
aec5d8be-9ce0-4cc5-98a4-140fad555fe0,Donald Young,M,187,40,24,1.5051,0.0559,fitted,1.2867
3cab1673-2522-4dd5-ba07-2a1b88749d86,Tristan Dussault,M,182,0,0,1.498,0.0492,fitted,1.2873
1dd5c313-10f5-4e0a-bb9b-699913a5abe8,Mary Brascia,F,238,0,0,1.497,0.055,fitted,1.3117
dbcb41e9-e983-410b-bc23-d184d034cfc0,Tyson McGuffin,M,193,172,78,1.4925,0.0598,fitted,1.2835
52690a0c-ed4a-4e0b-bf69-4ef416cf7d55,Eric Oncins,M,109,138,72,1.4915,0.0637,fitted,1.2581
d70642e4-3d95-430a-a537-acc04e56c97d,Dustin Boyer,M,74,0,0,1.4909,0.1032,fitted,1.3232
12890797-7355-49ca-848e-56d67e33c4de,Marianna Petrei,F,45,0,0,1.483,0.1058,fitted,1.3117
b2188c16-8955-451d-8b6a-945a8907528f,Tom Evans,M,41,0,0,1.4643,0.1316,fitted,1.2876
4da698bf-605d-4c6c-8566-6bfbdb6c1a24,Genie Bouchard,F,176,51,30,1.461,0.0596,fitted,1.2842
4798e757-53f5-4e52-92aa-98172c8f7862,Roos Van Reek,F,46,0,0,1.4601,0.1102,fitted,1.2791
e1588ddc-465b-4303-9659-dab2533f80ca,Emilien Burnel,M,47,0,0,1.4544,0.0804,fitted,1.2752
d50310a6-9378-4228-823f-7fb54f7bd698,Gabriel Tardio,M,128,60,31,1.4543,0.074,fitted,1.2092
6876576c-b20e-47e3-99e4-d32759cc9f48,Patrick Kawka,M,31,0,0,1.4534,0.1808,fitted,1.1856
b51ea0fb-c243-4427-85f8-b798febb51ff,Jorja Johnson,F,164,89,48,1.4534,0.0648,fitted,1.2387
20684550-cb89-4ea2-9e2f-0f44eb920b45,Chao Yi Wang,F,273,78,47,1.4528,0.0462,fitted,1.2613
ff789b9c-80c4-442c-b97e-2e2311298cfb,Vivian Glozman,F,12,99,50,1.4424,0.2276,fitted,1.1065
f3876a38-5d1b-4324-b7df-36423f638391,John Cangelosi,M,27,0,0,1.4422,0.1316,fitted,1.2666
8c94d7b2-0dce-455e-916f-e35927d53547,Thomas Yu,M,63,0,0,1.4414,0.0998,fitted,1.2271
05bf7513-7f0a-4f6b-bc11-5d4b14314d91,Tom Protzek,M,179,0,0,1.4327,0.0497,fitted,1.2254
7f36e416-0907-43b2-8ec4-e9533088e30f,Bobbi Oshiro,F,10,0,0,1.4321,0.2097,fitted,1.1673
cfb42bdb-d0a0-4fc7-b1ea-a77c40aff2d2,Mota Alhouni,M,177,0,0,1.425,0.0548,fitted,1.2176
53008558-000d-4162-8a34-9348d3f5322a,Jhonnatan Medina Alvarez,M,111,0,0,1.4206,0.0781,fitted,1.2344
52726ab1-2ac9-46c0-be90-6b0e7a2d56eb,Pablo Tellez,M,168,75,32,1.4092,0.0696,fitted,1.1945
e838b7b5-ffd5-4a47-ac0b-f748dc6841d9,David Bieger,M,33,0,0,1.4059,0.1264,fitted,1.1944
6392c4f6-2b1d-4595-b7ff-9958bed31ff4,Ronan Camron,M,42,0,0,1.4007,0.1258,fitted,1.2477
84bc805f-1c7a-4151-8c50-f3236805edea,Aanik Lohani,M,112,0,0,1.3968,0.0845,fitted,1.1804
518626d4-2600-4134-8c6a-0ae9315f9625,Cason Campbell,M,212,68,28,1.387,0.0517,fitted,1.178
f6fa549d-8a9c-46fd-aeb8-af8a3f0f7a59,Robert Slutsky,M,22,0,0,1.3779,0.1972,fitted,1.019
06ba18e0-687b-4aa3-822d-1c86981f576b,Rafa Hewett,M,243,62,26,1.3776,0.047,fitted,1.1644
763b4d27-8140-47cd-86f5-982706cd4ebb,Michael Loyd,M,214,69,36,1.371,0.0488,fitted,1.146
99b25b49-2a51-412d-9fbf-e1b6804acce0,Camden Chaffin,M,49,86,45,1.3706,0.0821,fitted,1.1506
524b89ad-b76b-40b4-a0db-736bdc7b8adb,Hien Truong,M,53,0,0,1.3671,0.0929,fitted,1.1446
33292af3-984d-4752-8d18-b3a5c147e9fe,Armaan Bhatia,M,38,41,25,1.3657,0.0959,fitted,1.1203
a384ebf9-24d7-4624-a8a8-160bef70df63,Ammar Wazir,M,81,0,0,1.3646,0.1102,fitted,1.1484
3d9c8684-953f-4008-b355-b6104ee56a5b,Connor Mogle,M,190,48,26,1.3616,0.0505,fitted,1.1493
a498be96-114c-4857-9d60-4ff2a3e89434,Collin Shick,M,92,0,0,1.359,0.1042,fitted,1.1431
94478a4a-a920-4a12-936c-4dead2ecd1d6,Max Green,M,102,0,0,1.3563,0.0949,fitted,1.1461
8ac6f832-de64-44eb-9bef-21031e074faa,Giang Trinh,M,49,0,0,1.3554,0.0961,fitted,1.1541
8ec136c5-ceeb-405b-9a37-69cbf074ad0f,Sabrina Mendez Dominguez,F,13,0,0,1.3541,0.1465,fitted,1.2519
6aa0a796-9759-40f5-9c8f-bf4461d032fb,Helena Jansen,F,134,16,6,1.3518,0.0637,fitted,1.188
f90428f0-e4a3-4a08-a664-518ba7f188d2,Jack Munro,M,23,0,0,1.3501,0.1996,fitted,1.0134
61e23289-16de-4649-bac7-ae5419006e00,Pep Canyadell Fabregas,M,17,0,0,1.3499,0.1178,fitted,1.2085
581183e8-3d9e-459e-b69f-7337d8b6f3d2,Andrei Daescu,M,0,114,62,1.3488,0.2777,blended,
97b1256e-712c-472d-a037-965e0dd559e8,Somer Dalla-Bona,F,17,0,0,1.3418,0.2002,fitted,1.2753
701118e6-e33f-420b-8224-29358075ffaa,Jake Kusmider,M,23,0,0,1.3409,0.1473,fitted,1.187
86e1b9d3-15ea-4b76-b488-d3135e78aa7c,Wade Heerboth,M,45,0,0,1.3385,0.0885,fitted,1.1213
74afd19c-8f82-4ca2-9345-e4d693111033,Marshall Brown,M,209,0,0,1.3364,0.0539,fitted,1.112
20945292-032a-47f1-93c5-d44ada6e4783,Yufei Long,F,91,0,0,1.3354,0.0789,fitted,1.1453
7afc02f4-1e87-45c2-a101-0d48ecc05f8d,Martin Stanchev,M,56,0,0,1.3337,0.0753,fitted,1.1192
e9849183-4693-4340-abf5-f4b6f3cb226f,Martin Emmrich,M,12,12,2,1.3282,0.1824,fitted,1.0927
167e7a23-c919-460b-8586-a3966f588dcb,Hong Kit Wong,M,146,0,0,1.3256,0.065,fitted,1.1224
df443e1a-4508-4b35-917b-2780cf0ff6c8,Eddy Kim,M,200,0,0,1.3246,0.0443,fitted,1.1164
b046a7b0-2e97-403a-b28a-210cca13d0cc,Omar Garcia-Heredia,M,33,0,0,1.3212,0.1135,fitted,1.111
b03ff4de-9b8f-46a8-a530-d8f19e9d6ec9,Max Freeman,M,142,156,78,1.3199,0.0626,fitted,1.0935
55ed7e0a-ff2d-4ac2-aad6-b6772ef4f448,Layne Sleeth,F,99,24,9,1.3166,0.0927,fitted,1.1236
79ee2d66-5ba3-47cc-bc43-f489a09d2d5a,George Rangelov,M,282,0,0,1.3157,0.0388,fitted,1.109
3ad652aa-3fdd-4e53-8f34-dfdedc3c1901,Christine Maddox,F,59,0,0,1.3122,0.1383,fitted,1.1019
d8d51930-abf9-468b-9e43-55a9c0728d58,Anouar Braham,M,306,46,21,1.311,0.0385,fitted,1.1
50908953-a944-4a34-898b-16af312bc814,Rachel Rohrabacher,F,7,42,24,1.309,0.2639,blended,0.6777
719e2d3b-d10d-402d-a195-41f072214679,Isabella Dunlap,F,177,38,19,1.3078,0.0502,fitted,1.1204
34049405-b415-4f3a-aade-5be0111ac7db,Bruno Faletto,M,6,0,0,1.3058,0.1766,blended,1.0617
dc7f6ac5-f007-4b8f-b343-95e524dc7d0a,Luc Pham,M,118,0,0,1.3047,0.0613,fitted,1.098
c2c74ae6-6b11-4a40-80e6-b7b924d2d83f,Matthew Finnerty,M,260,0,0,1.3013,0.0418,fitted,1.0966
2819525e-d485-4ab3-a300-1c6dbdb3ae39,Quan Do,M,44,0,0,1.2867,0.1426,fitted,1.0206
6794d224-7da3-43d9-8300-e24e731f5dea,Samantha Parker,F,90,59,25,1.2822,0.0795,fitted,1.104
cd7b97fc-d912-4c59-8ab3-c2d70e79d998,Lina Padegimaite,F,161,24,11,1.277,0.0655,fitted,1.0979
9149113f-4ec3-4a41-924b-4c42d33754a5,William Sobek,M,14,0,0,1.272,0.1485,fitted,1.1469
c4ca8085-84ed-451f-81c0-6df4a1c8d59f,Dominique Schaefer,F,106,30,17,1.2712,0.0899,fitted,1.0809
e1cb8dc7-930e-4fd6-8034-cdbf250ae62a,TY Parrish,M,43,0,0,1.2659,0.1239,fitted,1.0869
a9a168ae-7822-4d31-b07b-fba40480c1fc,Brandon French,M,98,20,10,1.2636,0.0684,fitted,1.0435
30d7759b-93f0-467d-a07a-970ecfac06ba,Cameron Luhring,M,65,0,0,1.2583,0.0765,fitted,1.0387
ef48b1dc-afd3-4788-bed3-246eb81b57e6,Cheng En Tsai,M,34,0,0,1.2465,0.1132,fitted,1.0945
c971bb40-090b-4e47-be58-905495e38401,Miles Hoover,M,267,0,0,1.2446,0.0377,fitted,1.0304
ba491f1c-0112-47a8-a348-4695289e958a,Augustus Ge,M,119,148,76,1.2399,0.0689,fitted,0.9963
9decd87b-03ac-4d79-a1e7-d03ca3f7519b,James Ignatowich,M,54,123,44,1.2397,0.1055,fitted,1.0362
2c2a2b82-9ec7-4046-97cb-3a199ed507af,Oscar Serra,M,30,0,0,1.2375,0.1252,fitted,0.9882
38b1bfb1-576b-4a3e-ab6b-e8bc46031c1d,Eric Roddy,M,151,0,0,1.2345,0.071,fitted,1.0172
f370a1a0-2e1a-463b-a35c-30899131f7d6,Troy Akin,M,185,0,0,1.234,0.0505,fitted,1.0209
a92239e2-429d-4a0a-85b7-58cac29488ee,Jordan Chrysostom,M,126,0,0,1.234,0.0715,fitted,1.0335
be33755f-9262-461b-aedd-e9a7a686a82c,Jackie Kawamoto,F,0,83,44,1.231,0.3083,blended,
cb9ea037-f204-4216-ac56-930a01009166,Matt Burkhardt,M,217,0,0,1.2302,0.0416,fitted,1.0149
71992955-8b6f-470b-a991-796cfa56a826,Liz Truluck,F,207,64,33,1.2277,0.0532,fitted,1.0344
6cae3a50-eee6-45ea-8b28-85ef9c50e3c4,Jade Kawamoto,F,0,106,56,1.2206,0.313,blended,
2bfe44bb-d558-411f-abeb-c8522dd42ce9,Julian Arnold,M,84,0,0,1.2202,0.0934,fitted,0.9815
6f149538-c6f6-4ad5-9e60-2afc100f97c1,Spartak Rahachou,M,194,0,0,1.2184,0.0525,fitted,1.0183
608756f6-bfc7-41b5-9cfd-5e69eacfe513,Victoria Dimuzio,F,89,92,49,1.2181,0.0742,fitted,1.0322
30eb9a2b-1570-473f-8cf1-0f7c9d21b303,Zane Navratil,M,67,84,43,1.217,0.0885,fitted,0.9961
1d36eae4-41f1-4739-b9d2-0783fd371112,Samantha Buyckx,F,70,0,0,1.2164,0.076,fitted,1.0321
437c71fe-2e32-4ba4-b053-96e21195fe4b,Yu-Chieh Hsieh,F,22,0,0,1.2162,0.1482,fitted,1.0369
9a449e9c-69aa-4a48-8f28-217766ab25f7,Armaan Jiwa Mawji,M,129,0,0,1.2117,0.0515,fitted,0.9977
fdac2a31-cbb1-41bf-aec7-88db9ce139a1,Ryan Morneau,M,8,0,0,1.2095,0.2686,blended,0.9864
c5a54559-45bd-4816-9db0-9646a9926969,Jaxon Madsen,M,92,0,0,1.2024,0.0643,fitted,0.9981
98c2531f-f5ce-48b5-b251-eb69425d409c,Jillian Braverman,F,11,0,0,1.1988,0.2907,fitted,0.7939
b924b201-a7b1-4af5-83ef-d132c2d27008,Lara Giltinan,F,148,0,0,1.1956,0.0618,fitted,1.0296
ab3af95f-cc49-4ff2-a731-668dd10a6b50,Farzin Amiri,M,91,0,0,1.1906,0.1039,fitted,0.9924
3e6b668a-8d26-4424-9420-3ceb18486b65,Daria Walczak,F,18,63,29,1.1898,0.1878,fitted,0.9452
0d323b5f-5e88-4925-aa72-0b35edc7f6df,Mateusz Matysik,M,18,0,0,1.1853,0.1225,fitted,1.0329
c9f03b76-b64d-4176-b338-a6b3a180a23c,Jessica Warren,F,17,0,0,1.1721,0.1245,fitted,1.0189
7d1a5320-aaee-46b1-a912-da2edd195248,Rika Fujiwara,F,36,24,13,1.1676,0.1151,fitted,1.0165
3fc3a7df-63dc-4bcd-afd8-9bce53dd257c,Carl Hilliard,M,33,0,0,1.1667,0.1423,fitted,0.9594
6b432472-f73b-4f2b-b65d-5848657d117b,Amber Policare,F,43,0,0,1.1666,0.0963,fitted,1.0115
61e0ca34-5642-40bd-9eaf-acd7ea93480a,Marcel Chan,M,45,0,0,1.1664,0.1488,fitted,0.9869
f4c43443-fdff-4344-b291-274cfd26361e,Juan Benitez,M,142,16,8,1.1625,0.0624,fitted,0.9377
a4bbd818-0a8a-446a-a240-53575d1dfa7e,Henrikas Traskin,M,10,0,0,1.159,0.1648,fitted,1.0085
90264f6d-f165-4b60-86e5-451cf64f62ae,Emilia Schmidt,F,52,0,0,1.1584,0.1464,fitted,0.9848
cd1bf109-4907-4208-bca1-4d12f9494a4c,Casey Diamond,M,37,58,31,1.1524,0.1238,fitted,0.9163
9eff9049-c45c-42ee-9a49-e9a797cc2116,Cailyn Campbell,F,146,79,40,1.1493,0.0569,fitted,0.9541
e2466ee7-aaa4-4c6a-a288-63e717054640,Bret Berryman,M,328,0,0,1.1477,0.0354,fitted,0.9402
9dad915f-4abf-4599-a408-2f49e9f3614e,Vuk Velickovic,M,10,0,0,1.146,0.2272,fitted,0.9905
f8dadb3a-8b90-481c-8d9a-b51ee127a4ff,Shay Hugo,M,20,0,0,1.1445,0.1274,fitted,0.9445
b9bacc1e-29b5-4a92-a9c1-24e08ac72215,Sofia Sewing,F,2,67,36,1.1439,0.3076,blended,0.3112
70c18684-f615-4d05-9aa9-5cbdbd53ab9f,Carlota Trevino,F,79,0,0,1.1433,0.0696,fitted,0.9483
0c1bb94d-3af2-42f4-b938-d712c707ace4,Callie Smith,F,10,86,41,1.1427,0.1887,fitted,0.9217
81129f3a-e29a-45c6-b77d-7deb0c05106c,Luke Kusmider,M,49,0,0,1.1421,0.0839,fitted,0.9263
e18b2cb6-ae9b-4175-8947-697eabf80061,Mark Growcott,M,8,0,0,1.1363,0.1922,blended,0.9829
eb14fc6e-ede1-4999-bec3-e36695e7f94e,Milan Rane,F,139,82,35,1.135,0.0645,fitted,0.9333
258ef186-666f-4fb3-be50-916b633c96e6,Maximilian Wild,M,165,0,0,1.1338,0.065,fitted,0.9198
091e8c64-3b31-4263-889e-7170c2313b97,Santhosh Narayanan,M,30,0,0,1.1319,0.1552,fitted,0.8803
b4ea6db3-6932-4ba0-b0fd-a203f9dbd55a,Aditya Ruhela,M,11,0,0,1.1317,0.1842,fitted,0.8724
05b194b3-db88-4f77-a26f-5ef5cfbf6146,Riley Newman,M,0,39,19,1.1276,0.3202,blended,
f2a996de-50a0-4d1d-b16f-f6450daa4a1e,Kelsey Laurente,F,55,0,0,1.1257,0.0828,fitted,0.942
30d6d999-b324-4744-b08c-8309e83c57b0,Naveen Beasley,M,103,0,0,1.1255,0.0821,fitted,0.8951
5c817399-aea7-481d-9a83-aab7431eabc1,Alex Emery,M,14,0,0,1.1237,0.2278,fitted,0.6774
fa7cb18f-9d87-4d49-bb43-5291b7201bd3,Jessica Ho,F,40,0,0,1.1232,0.0871,fitted,0.9773
a3d1d85d-1dec-4810-a2cd-3d7cfefeacad,Tiến Nguyễn,M,13,0,0,1.1229,0.1768,fitted,0.9173
a51b59c5-1a13-4472-821a-eb9866e72adf,Joseph Wild,M,14,19,7,1.1218,0.1294,fitted,0.893
f879086b-e0e5-4772-b0a6-4055c265da69,Tina Pisnik,F,0,71,34,1.1201,0.326,blended,
fec65f7e-f2c8-482f-ab5b-541cf53b1064,Tyra Hurricane Black,F,0,61,29,1.1181,0.3346,blended,
e8dcdb9a-872b-45cd-8338-f2746bc0a0b1,Mikus Losbergs,M,12,0,0,1.1159,0.2251,fitted,0.7269
c3012322-e95e-4e38-a0d8-106f9e236869,Keilly Ulery,F,146,55,24,1.1149,0.0516,fitted,0.9476
7af5cd0a-26b8-4424-b743-ed83d4a1c201,Richard Livornese Jr,M,29,0,0,1.1139,0.1446,fitted,0.8665
b2039d85-3a1f-492c-ad0b-b532a7d89989,Alec Lamacchio,M,20,0,0,1.1128,0.1434,fitted,0.851
a3ed7970-35d2-485c-8285-187c298a2d83,Lacy Schneemann,F,126,45,23,1.1126,0.0781,fitted,0.8971
fa8d5d28-d8f5-4996-8c35-0f4ca3c35bae,Anderson Scarpa,M,79,0,0,1.11,0.0922,fitted,0.8563
d0d6d65c-6a52-4676-8c71-281d29a8db01,Harrison Brown,M,25,0,0,1.109,0.1164,fitted,0.9358
1e538b1f-66e9-4166-ac60-3aef311ee0b5,Jada Bui,F,78,0,0,1.1087,0.0738,fitted,0.9371
e8e10ea8-2ff2-4155-9169-cc33ff8c6265,Rio Newcombe,M,163,0,0,1.1075,0.0592,fitted,0.8955
f77a3228-78ba-4aa7-9b98-4b7513df0c71,Bryan Hammond,M,39,0,0,1.1048,0.1576,fitted,0.9703
ead35052-7367-4296-96d4-064f546cc2b9,CJ Klinger,M,0,67,35,1.1031,0.3011,blended,
f0484f0e-f240-4b6f-9da5-b6dba3fa370e,Kenta Miyoshi,M,115,0,0,1.103,0.067,fitted,0.8917
1d701c30-6b5d-485f-ae97-60f3b0c50896,Zoey Weil,F,102,117,74,1.1026,0.0661,fitted,0.8862
5ddbd656-4730-41ae-9fe6-64d2946da323,Robert Bellamy,M,7,0,0,1.0975,0.2547,blended,0.9016
b3f6f49d-bc24-44fd-8068-4e5971e9d61a,Daniel Miron,M,160,0,0,1.0971,0.0517,fitted,0.8933
8f6ef13f-89b6-460e-8583-c7e0bee9047a,Mario Barrientos,M,13,0,0,1.0964,0.2351,fitted,0.7324
8b96b5a9-1ed8-4bb8-956f-c46e8de9ab24,Mikar Larenzo Fisher,M,29,0,0,1.0946,0.1187,fitted,0.902
ded801fd-297a-4761-b63e-d8fbbfeb5762,Shelby Bates,F,37,0,0,1.0925,0.1408,fitted,0.8534
d708aae7-c00c-47dc-9931-dad8216076c6,Leander Lazaro,M,23,0,0,1.0901,0.1487,fitted,0.8309
bf84d952-c6a8-4494-943d-064b223e764f,Estee Widdershoven,F,57,0,0,1.0822,0.0927,fitted,0.8845
9dc57e5e-1e15-4c18-9f9b-ea82ae9a5d46,Andre Millet,M,48,0,0,1.078,0.1282,fitted,0.8467
a65a8877-2c30-4964-8b0c-52e92ecfab5c,Sophie Abrams,F,18,0,0,1.0766,0.1462,fitted,0.9233
614e164a-4197-44eb-855c-586cf79fbfc9,Ivan Jakovljevic,M,133,0,0,1.0739,0.0693,fitted,0.8401
4057f30d-d42a-4189-a158-11576fb5f52a,Blaine Hovenier,M,138,99,49,1.0693,0.0713,fitted,0.8181
76419f3a-712c-4241-8940-6f9bda847ba7,Lauren Stratman,F,91,0,0,1.0636,0.0959,fitted,0.858
27c647c4-cca3-42ef-a0db-7a9e5216f514,Frank Davis,M,36,0,0,1.0614,0.1342,fitted,0.8596
ce7e7707-c94e-4d33-b34a-37efe3363774,Eli Steiner,M,143,0,0,1.0613,0.0495,fitted,0.8413
f86cff72-5f9c-40b1-9f28-f28aafae245f,Wyatt Stone,M,80,50,24,1.0609,0.089,fitted,0.8131
6eb8ea1c-31ca-4c18-ba0c-ab8a75cdc24f,William Hsieh,M,171,0,0,1.06,0.0424,fitted,0.8557
db21a8a7-2a8d-4601-9c95-f00c80a982f0,Miguel Alda,M,79,0,0,1.0595,0.1165,fitted,0.8547
738bfd67-8a18-461d-a4c2-f46a1ba6b1da,Ryan Ali,M,19,0,0,1.0589,0.2144,fitted,0.7914
7925aefe-e260-4b83-8bfc-214da1d14fb5,Travis Rettenmaier,M,50,0,0,1.0583,0.1276,fitted,0.786
1bbc9415-96dd-4751-9513-95274c5fc0f9,Nicole Eugenio,F,78,0,0,1.0574,0.1144,fitted,0.8559
7886d6aa-2310-4ae8-9874-f0fc9c3e534f,James Delgado,M,167,99,47,1.0566,0.0571,fitted,0.8357
435e466e-22c7-4917-8cb4-ff45bbccde19,Tamaryn Emmrich,F,23,95,38,1.0564,0.1473,fitted,0.9438
6ee6ec8b-17cd-44f0-ad2a-a3e3460100ce,Dave Bacalla,M,89,0,0,1.0555,0.094,fitted,0.8314
29e8121d-6f86-4192-b7af-ab05b77b89fe,Ting Chieh Wei,F,117,55,34,1.055,0.0635,fitted,0.8471
0d23964f-d43f-4006-b1e0-13001393216c,Ross Whittaker,M,123,9,7,1.0548,0.0746,fitted,0.8357
7ab0b456-a129-4879-86a6-05d34bd8781e,Domenika Turkovic,F,40,0,0,1.0529,0.1427,fitted,0.8928
8df7caa9-af2f-4381-833a-f56776546f88,Claudio Quinones Garcia,M,80,0,0,1.0512,0.0966,fitted,0.831
addcdedb-1f04-4079-be09-4797a4937cc9,Kyle Yates,M,13,0,0,1.0505,0.1495,fitted,0.767
cbdf16d2-806d-4e68-9b33-a3b602b0f35b,Ksenija Tihomirova,F,10,0,0,1.0501,0.266,fitted,0.9097
b8167e12-0591-4cb4-a950-ecb6da83e1e0,Andie Dikosavljevic,F,39,0,0,1.0494,0.1187,fitted,0.8781
9bce3fcf-8e63-4ed7-b4a5-00e0063a618f,Ariana Rodriguez,F,20,0,0,1.0452,0.1712,fitted,0.9413
98019e23-09e2-43ff-917a-b7809c775f4e,Pei Chuan Kao,F,21,0,0,1.0436,0.1579,fitted,0.9169
a70be599-8b9f-405d-9e10-f501b0046e74,Shannon Pretorius,F,77,0,0,1.0417,0.0768,fitted,0.8785
f03d156f-3d8a-4830-a5d1-ae4372ad5009,Wesley Burrows,M,21,0,0,1.0397,0.1533,fitted,0.8521
73c5d397-f260-441e-b3ef-c4afc9755e59,Matthew Sah,M,30,0,0,1.0379,0.1037,fitted,0.829
a2c56686-b330-41e4-b7e8-bda8a3ec97a8,Ryan Fu,M,120,43,20,1.0372,0.0789,fitted,0.7867
574957ae-e8d5-486e-aabc-a1cc6a392f8d,Jalina Ingram,F,186,23,14,1.0364,0.0502,fitted,0.8514
c3b08889-9218-45d7-a712-72d78dd9a0bb,Tanner Tomassi,M,78,0,0,1.0334,0.1,fitted,0.7802
7b85c35f-6a90-4c61-af0b-565658feeb3c,Freddie Powell,M,50,0,0,1.0325,0.0817,fitted,0.7999
beec73d2-edf7-49ee-a61a-94a016b5fa98,Chase Ruff,M,7,0,0,1.0301,0.2075,blended,1.0342
12d79cbe-b5c7-4504-ab8f-f352a6bb8629,Thomas Wilson,M,0,0,0,1.0292,0.3929,imputed,
ba813c27-91c4-4441-88a0-e9b36e5e1e9b,Nguyen Hung Anh,M,19,0,0,1.0281,0.1492,fitted,0.8793
b1ab7d76-a859-4136-8405-3ed7c9be287a,Mari Humberg,F,122,48,23,1.0262,0.0642,fitted,0.8175
acf4ae69-cc7f-4a30-a613-c8ca0b80e11c,Zachary Grabovic,M,35,0,0,1.026,0.1228,fitted,0.8413
5e3e0f33-bbb6-4c23-94c2-c92cfee744f6,Zandrix Acob,M,71,0,0,1.0254,0.1146,fitted,0.8003
5ff7095c-6dc7-4534-8e29-1b62c6f66bba,Felicity Di Laura,F,45,0,0,1.0248,0.108,fitted,0.8305
64698ef9-a6f7-409d-b416-4892308af978,Alex Neumann,M,76,0,0,1.024,0.1074,fitted,0.7832
1151e86a-dc80-4b0f-8ae8-8d65c861a4a3,Christopher Robertson,M,11,0,0,1.0188,0.2311,fitted,0.8909
2e0acd0d-95a3-49c3-8648-720ed0fbc7d5,Lingwei Kong,F,176,0,0,1.0185,0.0582,fitted,0.8361
b1254256-f3ac-46db-b28c-4dd0c6955ea0,Eileen Wang,F,47,0,0,1.0183,0.0825,fitted,0.8563
5f53796a-48a2-463a-8799-16e283b2ae17,Nicklaus Vu,M,5,0,0,1.0133,0.2552,blended,0.8389
71b69208-128b-4395-beae-129689d36204,Willy De Vilchez,M,59,0,0,1.0129,0.1055,fitted,0.8072
e6be2540-8ee3-4cd7-90e4-f7a2b70851ec,Hao Nguyen,M,15,0,0,1.0123,0.2166,fitted,0.8187
315153f1-6830-49ac-9b35-8a68b82d120d,Jack Foster,M,62,0,0,1.0107,0.1142,fitted,0.8507
ce4f0e14-80ea-4ed0-a81c-7341d356d427,Yuta Funemizu,M,98,16,6,1.0101,0.0857,fitted,0.7642
05eb73f5-c506-4780-97b7-864cb947fcab,Juan Saez,M,15,0,0,1.006,0.1793,fitted,0.7263
aa45af3b-41b0-4e03-9a17-4ca16a108df3,Vincent Rettke,M,161,0,0,1.0027,0.0475,fitted,0.7949
1634183c-5c14-410a-a6dd-30b634f27c1a,Jasper Schaadt,M,55,0,0,1.0022,0.0831,fitted,0.8012
0c3263ce-a370-475e-8cd7-32414ea409dd,Ben Cawston,M,28,0,0,1.0015,0.12,fitted,0.8284
35f81e87-382e-41cc-9bab-687116861954,Jace Morris,M,129,0,0,0.9996,0.0582,fitted,0.7713
9027b993-ee98-43bb-8cee-7f34112e2310,Jake Bower,M,61,0,0,0.9988,0.0909,fitted,0.8063
2299675b-4f10-401b-b4e2-c82a811977a4,Stefan Auvergne,M,0,19,10,0.9968,0.3461,blended,
6866df42-48ad-423c-9e57-d7d4d6fb66ef,Vanshik Kapadia,M,35,0,0,0.9964,0.116,fitted,0.6903
493d192e-3eff-4058-8f2f-fa84530b5a39,Easton Horricks,M,104,0,0,0.9936,0.0714,fitted,0.7884
a7e358b0-517e-4972-89ff-d95f0797e1c7,Jase Edwards,M,81,0,0,0.9936,0.0675,fitted,0.7791
afc0bfc9-8cd8-4600-bd45-681092186db3,Vivienne David,F,0,47,26,0.9931,0.3631,blended,
787d8221-789c-4720-9a3a-b7569342b942,Caroline Nothnagel,F,11,0,0,0.9909,0.1516,fitted,0.8798
25a6f570-d617-427a-9fc4-3bf6115a9a84,Hannah Blatt,F,139,66,28,0.9894,0.0632,fitted,0.8119
a179a271-6190-4516-b19c-ae7ba47d5821,Drake Palm,M,34,0,0,0.9872,0.1632,fitted,0.7556
7cb07784-a295-4038-b712-ec86ecd70c39,Michelle Esquivel,F,29,0,0,0.9865,0.1646,fitted,0.7407
461f063e-a587-4638-bad9-421ff33d91d7,Genie Erokhina,F,56,55,23,0.9863,0.1084,fitted,0.7689
5dc48fe9-12fa-4762-8814-7892ac78c67a,Jayden Broderick,M,14,0,0,0.9843,0.21,fitted,0.6208
2752134c-3e9c-4932-8c3f-8165cc1e7e08,Joseph Alvarez,M,10,0,0,0.9774,0.2337,fitted,0.547
306da673-de7e-44f5-bc16-0738b44bd089,Christopher Crouch,M,137,38,19,0.9769,0.0551,fitted,0.755
ef5fb8ed-1f29-4957-8671-20b2d84a1c16,Daniel Boclinca,M,15,0,0,0.9763,0.2138,fitted,0.7862
283c842a-ddbd-4e94-9922-ef3080f75ad3,Maksims Kazijevs,M,13,0,0,0.9762,0.1935,fitted,0.6514
fb810271-770c-4165-8988-ab0723401bee,Harrison Gold,M,32,0,0,0.9735,0.106,fitted,0.7552
3864ce4f-1fda-45cd-9bfd-4a6cb6ba069b,Will Lieberman,M,49,0,0,0.972,0.0823,fitted,0.7787
5d6ffa8c-1dd3-467d-82ab-f15f348a434f,Nasa Hatakeyama,M,26,0,0,0.972,0.1271,fitted,0.8208
b9dbf1d9-f5a8-4d6b-8685-00d7f477a42e,Henry Boyle,M,40,0,0,0.9719,0.1422,fitted,0.7018
d994363a-540a-4cd3-9ce1-e83f405f73c8,Brandon Lane,M,7,0,0,0.9716,0.2245,blended,0.6576
2c4de762-88d6-47c3-8b2b-af562c5d1f93,Danni-Elle Townsend,F,36,62,40,0.9712,0.1138,fitted,0.6276
efe9989b-5864-48c2-806c-06697024e1da,Allyce Jones,F,43,89,38,0.9692,0.1315,fitted,0.7635
b6fe1237-b049-405c-a641-d57f8170a9a0,Albie Huang,F,91,6,3,0.9656,0.0691,fitted,0.7918
3aaa968d-90ed-4a57-bc29-938a618b6aa9,Jamie Haas,F,47,0,0,0.9651,0.1461,fitted,0.7272
8f521dcc-1cb5-4c8d-933c-af6b267bd395,Meghan Dizon,F,7,67,28,0.9635,0.2267,blended,0.6917
98915a37-fa53-445c-8c1c-974170c606d7,Ryan Eveloff,M,75,0,0,0.9632,0.1153,fitted,0.7484
36e99d89-796d-412a-87c7-89732e5797ea,Kyle Lewis,M,35,0,0,0.96,0.1657,fitted,0.7634
602ac701-c27e-408d-9e4e-1f7c02578def,Tam Trinh,M,94,0,0,0.9559,0.083,fitted,0.7215
49918aa2-e0c2-4736-a4b8-eb980f78f717,Filipe Parichkov,M,90,0,0,0.9554,0.0836,fitted,0.7432
b3485ff8-bab5-4443-8245-3f81cbfb2b77,Emily Cederquist,F,10,0,0,0.9529,0.2605,fitted,0.7202
646f7432-e6ad-4ccf-95ee-a0e5d9514d28,Alix Truong,F,94,8,3,0.9525,0.0896,fitted,0.7391
3e8953cb-da1b-4b21-8eea-bce935d32247,Pham Xuanvu,M,21,0,0,0.9457,0.1422,fitted,0.7614
698c5236-e88f-411c-b44f-e54f16b2d6b5,George Wall,M,3,0,0,0.945,0.2757,blended,0.7142
5f367bee-cf3e-4aad-a6e6-72cca04d97e2,Angie Walker,F,149,8,2,0.9436,0.0661,fitted,0.7502
875df336-1f62-4929-896e-8f458591d636,Zack Taylor,M,37,0,0,0.9433,0.1528,fitted,0.7503
20045230-82bb-4962-99fe-cf78c28f8641,Joshua Giannelli,M,32,0,0,0.9402,0.1437,fitted,0.6644
02a3c8ae-fb47-4b82-8001-b33d9446a90e,Robert Laidlaw,M,9,0,0,0.9397,0.2615,blended,0.6792
6a00b494-cc3d-4cd5-9fbe-077bc6958972,Dennis Uspensky,M,46,0,0,0.9394,0.099,fitted,0.7222
c920d38a-3fdf-4e0c-9ead-b246169f5b28,Jhonathan Gonzalez,M,6,0,0,0.9384,0.3223,blended,0.7573
e468331d-9060-4b41-a570-90c36934a38b,Alvaro Regalado,M,10,0,0,0.9377,0.146,fitted,0.6817
2197e919-eade-4f03-b331-4f537ecab9e6,Francesca Rumi,F,16,0,0,0.9368,0.1291,fitted,0.8104
9d7b2972-477c-4cea-977d-f65f86dccac5,Parth Mody,M,85,0,0,0.9366,0.0627,fitted,0.718
35cd3d58-d637-4680-b2a9-904ead589b3a,Myles Martin,M,43,0,0,0.9349,0.1161,fitted,0.7438
88fb0858-b9c3-4620-9408-0dda0eb241ef,Tyler Loong,M,99,67,35,0.9324,0.0905,fitted,0.671
98a49104-fb01-4da7-9a76-6c4c11fcd52f,Brad Weston,M,36,0,0,0.932,0.1252,fitted,0.7093
4de68830-5966-4b09-abbd-91bed22df13d,Cade Edwards,M,15,0,0,0.9308,0.1365,fitted,0.7148
33fcb3fe-f32a-4b52-9f31-4d2225c9b126,Jemere Plummer,M,49,0,0,0.9307,0.0977,fitted,0.7158
0517f4a6-2648-470e-a9ff-8cf78eee3421,Connor McCartney,M,188,0,0,0.928,0.0479,fitted,0.7162
4212e979-7692-4231-8934-d6a7042aa217,Lauren Hidalgo-Smith,F,58,0,0,0.9255,0.0985,fitted,0.7604
62955f38-bdf5-46af-9622-13c7afe90619,Jonathan Truong,M,69,0,0,0.9214,0.0917,fitted,0.6767
72fe2549-29c9-4ad2-b1e0-1c772e6b5452,Andrea Bosi,M,10,0,0,0.9212,0.1597,fitted,0.765
9e2a5ee1-cdc9-4635-a15a-540ee99192b7,Mitchell Hargreaves,M,53,0,0,0.9211,0.1013,fitted,0.7014
cf3075f9-4fa3-4325-84dd-fc2787bfa574,Chris Cooprider,M,29,0,0,0.9207,0.1231,fitted,0.6977
676b1cbc-766c-4616-bf39-1787ffd8c72a,Etta Tuionetoa,F,0,44,19,0.9201,0.3481,blended,
40d2074d-7cae-473c-bf6b-5c85e5d7283b,Warren Fulgenzi Jr.,M,12,0,0,0.9197,0.2332,fitted,0.4855
73820892-5991-4711-80c5-a2411025eb75,James Kaoma,M,68,0,0,0.9191,0.0917,fitted,0.7084
ada0bbbd-af78-44e2-a7e2-9c87b116be8b,Noah Waddell,M,21,0,0,0.9187,0.1235,fitted,0.6508
ecd31a05-120f-4373-b5c1-21136f8f0bf1,Braden Jacobson,M,73,32,13,0.9175,0.0658,fitted,0.6995
4553e8f7-d51d-41cd-bc23-752742441bff,Garrison Eaby,M,87,0,0,0.9151,0.0682,fitted,0.7015
2e858abd-e6cb-4a07-b6ea-fd6ca01556ae,Rachael James,F,23,0,0,0.9138,0.2021,fitted,0.6581
933fac6e-8051-4159-ae46-234b386c85b0,George Congdon,M,44,0,0,0.9128,0.1424,fitted,0.6906
9949cb55-32d2-4707-8da2-34af35bf6a37,Jesse Witten,M,40,0,0,0.9092,0.1079,fitted,0.7191
153e1bc5-0211-453c-8c08-fb20f600f3d1,Kevin Ma,M,23,0,0,0.9084,0.1525,fitted,0.7344
26ef815c-33ef-404d-a3b8-f0a26c240109,Stephen Madonia,M,69,23,10,0.908,0.0996,fitted,0.693
42b8527d-b84e-4f50-8e0b-5937664981e3,Sanil Jagtiani,M,19,0,0,0.9062,0.1494,fitted,0.6047
d8610fd6-1ab3-409a-bea3-d7f7b87d7ee0,Shea Donahue,F,69,0,0,0.9057,0.0975,fitted,0.7372
f5e7df5b-e14b-4a8d-9c13-e7b73ff4e48c,Sebastian Herrera,M,88,0,0,0.9028,0.0933,fitted,0.6939
4fdcaa8b-8ebf-4cba-b759-d7c8e9d55ec0,Elliott Schupp,M,4,0,0,0.9012,0.2274,blended,0.6994
45596674-36ae-4768-b4ee-c7181d9b2ea7,Sammy Lee,M,35,0,0,0.8995,0.1445,fitted,0.6456
64a6650b-96f6-4382-8db8-9edcd7838743,Kento Tamaki,M,81,0,0,0.8989,0.0855,fitted,0.6687
8a71d348-6401-4068-bedd-f4ed30460d2f,Andrew Caldarella,M,69,0,0,0.8943,0.0698,fitted,0.6847
9b5db00a-b0b7-46a5-815d-56878e28326c,Nok Yiu Tang,F,44,0,0,0.8933,0.0978,fitted,0.7503
5106c31c-ea6c-49ba-81ca-b622b1d7afd1,Mackonner Dy,M,47,0,0,0.8931,0.0773,fitted,0.6695
14f68da3-a855-4656-a618-81b5d8ff6bec,Jarryd Woog,M,91,0,0,0.8927,0.063,fitted,0.6842
0c1fb7ef-65d8-48bf-b19e-ff7e543f4bbc,Lê Xuân Đức,M,17,0,0,0.8914,0.1527,fitted,0.622
178d7b4e-dd30-4bf3-a0ea-cf5349e57dd8,Matthew Deaver,M,13,0,0,0.8886,0.208,fitted,0.844
ba70f3a5-4693-4aa8-a8cc-1b5c0544b75a,Nicholas Romano,M,100,0,0,0.884,0.0692,fitted,0.6762
135937d9-d132-41c5-9cfd-d2b0112288b2,Daniel Traxler,M,159,0,0,0.8824,0.0505,fitted,0.6674
a226291c-c48b-408b-a846-f45400d313a9,Alexa Schull,F,30,47,18,0.8789,0.1243,fitted,0.7008
1936f665-e630-462a-bd89-0dcfcf7c9e6b,Indigo Dagnall,M,107,0,0,0.8781,0.0596,fitted,0.661
55b78314-2f02-4a0c-83c2-b7cbfd8b4329,Madalina Grigoriu,F,94,0,0,0.8756,0.0739,fitted,0.6949
ad13ca35-c83d-4c06-8555-7b4f20b416bc,Noah Zwiren,M,23,0,0,0.873,0.1589,fitted,0.6418
d05d0739-3776-491b-8973-51cd4826a885,Taylor Stockton,M,25,0,0,0.8726,0.1657,fitted,0.6962
96fa4141-9648-475f-ab95-fb6796c2f489,Sam Weinbach,M,18,0,0,0.8715,0.1807,fitted,0.5495
d196fd35-a56a-4533-8687-542a22730546,Selina Turulja,F,28,0,0,0.8703,0.1354,fitted,0.6807
c38b9959-e8be-487c-8735-68990c1484bc,Tea Pejic,F,12,0,0,0.8698,0.2025,fitted,0.8596
c095fa42-ea37-421d-ab9c-2b821b949c05,Mitchell Vegas,M,4,0,0,0.866,0.3506,blended,0.8589
f72c029b-444a-49f1-a4f7-7bea007dc8ba,Jose Farias,M,5,0,0,0.866,0.2386,blended,0.6871
d65ff709-826f-428e-ba7a-5ff4dc3364c7,Lucas Bellamy,M,14,0,0,0.8622,0.1687,fitted,0.7008
8e2f9629-19d0-409d-81dc-b64fe2f3d3ff,Jessie Irvine,F,121,81,33,0.8621,0.0665,fitted,0.658
53eadec7-a6b1-4ce3-9825-d76affdc3f4f,Juan Varon,M,103,0,0,0.8608,0.0575,fitted,0.6367
37a4491a-bf9f-4f29-900b-b5b1f15c9d0f,Elina Geut,F,45,0,0,0.8601,0.1245,fitted,0.7392
c18fb17d-e0bb-415c-901b-fa2f928ab22c,Harsh Mehta,M,0,0,0,0.86,0.3643,imputed,
c32446f8-bb47-4d48-8d5b-26aba4b20cb2,Trang Huynh,F,45,0,0,0.8589,0.1327,fitted,0.6397
17b26730-f058-4465-a812-73ec0b724b21,Hong Yi Wong,F,10,0,0,0.8589,0.1881,fitted,0.7527
f86f33bd-4898-4687-a8d7-b77dd157651c,Elijah Bertram,M,13,0,0,0.8587,0.1931,fitted,0.5183
b70cca60-0d9b-45e7-9327-ec95e850d1e2,William Hart,M,19,0,0,0.8585,0.1736,fitted,0.5696
8b7405b5-f3bc-4e32-bfbc-cc2e14f7454c,Jose Martinez,M,19,0,0,0.8569,0.1285,fitted,0.5895
4922558e-f845-4523-a0f5-a8b9482e13db,Jake Sweeney,M,19,0,0,0.8554,0.1583,fitted,0.7012
b35ed876-bcdc-4024-9746-fe1bcb3957f5,John Cincola,M,38,0,0,0.8547,0.1336,fitted,0.5906
1d51becb-4ea0-4878-9660-e3fd2dfaa0ea,Ewa Radzikowska,F,0,0,0,0.8542,0.3919,imputed,
c57fd717-c267-4fb8-9be7-2f1c678a655f,Ali Amiri,M,24,0,0,0.852,0.1635,fitted,0.5561
a000a067-1bf1-442f-a961-e6c97cb50006,Nicolas Acevedo,M,2,98,46,0.8514,0.2386,blended,0.2942
da9631ef-607d-48b6-a8d1-1915057b4741,Davis Daniel Carvalho,M,6,0,0,0.8508,0.2786,blended,0.6517
66e1ddf7-61f6-4683-afdf-b6cc313af407,Todd Fought,M,34,49,22,0.8495,0.1584,fitted,0.5319
42be47fc-3ccd-43a2-b542-e720368670c5,Andreas Siljestrom,M,0,0,0,0.8483,0.373,imputed,
53b2b77e-52e0-4283-9266-f916ab6b8e4e,Mason Fung,M,6,0,0,0.8469,0.3072,blended,0.5656
1abf464c-e8fc-472b-b1c8-f42a5c1fc02a,Natalie Hur,F,47,0,0,0.8468,0.0963,fitted,0.65
ea90bdd7-53bf-4892-8bc9-802c55feee1e,Ruben A Gonzales Jr,M,46,0,0,0.8457,0.1363,fitted,0.653
15156d9c-65c8-4a3c-a392-c3082975cfc4,James Broker,M,61,0,0,0.8456,0.1034,fitted,0.6255
87d60b6f-6f2e-4610-ab89-487e8acc097e,Mya Bui,F,118,55,26,0.8445,0.0603,fitted,0.6569
dc63fb4e-79d1-494a-9cc3-7e8cc2f73ee5,Michaela Haet,F,5,0,0,0.8442,0.3167,blended,0.6004
cfd359f6-5e22-4d9e-b02f-171fbb8f3759,Connor Duvally,M,7,0,0,0.8441,0.1816,blended,0.5928
a8256366-d2f9-4787-bf8c-d8e76c55fa86,Mouaad Alhouni,M,117,0,0,0.8436,0.0636,fitted,0.6485
26b13d9f-ccab-497c-8e3a-68299be5ea70,Daniel Phillips,M,58,0,0,0.8431,0.0775,fitted,0.6337
18dd2b8c-d93c-43eb-be75-a64bcf36f486,Julia Ronney,F,65,0,0,0.8426,0.1014,fitted,0.6679
a991a28b-3f46-4367-854e-6e5ed5132056,Matthew Nesbitt,M,24,0,0,0.8409,0.1741,fitted,0.5991
e3737496-75c5-4241-b3c7-ab3deaaf468f,Mikołaj Biedermann,M,10,0,0,0.8389,0.1587,fitted,0.698
89843e44-48fd-4a3f-b8c0-5f5aa6ae5741,Dekel Bar,M,0,37,11,0.8385,0.3186,blended,
ca3c21b0-a715-40fd-bf00-c81e22d7da11,Daniel De la Rosa,M,6,0,0,0.838,0.2413,blended,0.3507
fe1a9f36-62eb-4ce2-b068-cb754c00051e,Nicola Schoeman,F,53,0,0,0.8372,0.0964,fitted,0.6538
10397234-6551-4a06-8bc6-aa50d6915731,Liam Duffin,M,79,0,0,0.8358,0.0678,fitted,0.6106
2c1692a6-0fa2-47b0-9d2b-e12b5c054ef4,Janet Liu,F,77,0,0,0.8355,0.0664,fitted,0.6622
ba4f83fd-f7b2-4e4d-acda-3b38a8fdb18e,James Ling,M,8,0,0,0.8346,0.1845,blended,0.7114
46f2280d-18d7-4589-9157-c5e6492099cd,Polina Libo,F,82,0,0,0.8338,0.087,fitted,0.6635
905aeac9-676b-4327-bce0-188993356c61,Mattias Johansson,M,9,0,0,0.8338,0.1773,blended,0.6369
f843b220-41cb-4203-831b-6aac32b8f02a,Riley Inn,M,24,0,0,0.8306,0.1771,fitted,0.5261
11124e87-7f5d-45fd-8282-728c39068a3c,Nick Black,M,5,0,0,0.8295,0.2757,blended,0.5945
9d6a3de4-15f0-4d12-9a27-938aeba21cca,Jaime Lladro,M,7,0,0,0.8287,0.2346,blended,0.6225
508c15cf-f061-41d1-8853-affac9b4acc4,Samuel Sippel,M,5,0,0,0.8277,0.2833,blended,0.7637
1bfba782-55f3-42e4-9889-9018e793c0b5,Leigh Waters,F,0,0,0,0.8277,0.3999,imputed,
55dbee1f-1ee7-464b-9c80-d14cd9e44b8d,Carlos Di Laura III,M,13,12,5,0.8269,0.1799,fitted,0.4906
c9430b3c-4b29-4c09-bceb-1649e4bd3324,Mariano Yeh,M,22,0,0,0.8267,0.1728,fitted,0.5146
b9078ad5-9d55-4617-9c9d-131823dfca0b,Luke Ness,M,80,0,0,0.8266,0.1043,fitted,0.6091
56f0b269-240a-42cb-b404-0b0bf747ad98,Dylan Lewis,M,73,0,0,0.824,0.0711,fitted,0.6043
6382a284-3db4-4d37-ac8a-2234c250bc81,Amrik Donkena,M,7,0,0,0.8232,0.2086,blended,0.6717
8bfb2660-cdda-43fb-81cb-5ff420c9f86e,Jae Centonze,M,49,0,0,0.8215,0.0801,fitted,0.6004
e813ca8d-346f-4071-a933-4df20663f624,Sarah Mulhern,F,27,0,0,0.821,0.1318,fitted,0.675
d43db93c-6710-4a18-a406-497eb7a068ce,Spencer Smith,M,56,9,5,0.8184,0.1131,fitted,0.5378
6bd2d6e4-c8f0-4903-a4b0-4fa9db53419d,Piercarlo Usai,M,20,0,0,0.8177,0.1327,fitted,0.6971
df443834-bfc1-4b44-9319-f2100a7fd08d,Sameer Varma,M,8,0,0,0.8176,0.2425,blended,0.6766
6c554dd1-9ba8-499d-bb63-c74971d7cec6,Jacob Mitchell,M,13,0,0,0.8174,0.1967,fitted,0.6225
17465066-7501-4a45-9185-6536cf0c7024,Ridley Seguso,M,25,0,0,0.8162,0.1689,fitted,0.6547
f51d6dfa-5101-49d8-aea5-269e481e1918,Helen To,F,74,0,0,0.8146,0.0782,fitted,0.6358
d0750864-2b51-4e8e-9379-85237904ef73,Cambell Nakayama,M,10,0,0,0.8131,0.2846,fitted,0.7176
77f2d09e-1f09-4be1-9e74-5944b02bfb05,Trevor Schwarzmann,M,83,0,0,0.8125,0.0707,fitted,0.6004
655e0349-7e66-4233-b999-b6cca2298f9b,Yana Newell,F,0,0,0,0.8109,0.4013,imputed,
2cff4f24-1547-4fe0-af74-9e3412f1ba71,Sam Querrey,M,11,0,0,0.8102,0.2502,fitted,0.5337
5046c75e-a79b-4902-8d4a-d92bd3c58e9b,Aryaan Bhatia,M,44,0,0,0.8063,0.0932,fitted,0.583
626853e5-c9a6-40df-9a45-24381fc6ba69,Rosen Naydenov,M,14,0,0,0.8028,0.1517,fitted,0.5683
2177a8cd-bc2d-4dfd-a6ed-e80eb7bf1cc6,Luke Williams,M,16,0,0,0.8027,0.1445,fitted,0.5085
adce9253-b98f-4ff2-b3f8-fc3079edb495,Tony Larson,M,11,0,0,0.8025,0.2498,fitted,0.4599
405dfd4f-2b49-4bd1-8c21-27db08700c52,Kenneth Lee,M,46,0,0,0.8023,0.1161,fitted,0.5853
ea0b7d06-7e9f-4786-a4ed-24da5029559f,Dale Kim,M,35,0,0,0.8015,0.1031,fitted,0.5591
a6e52835-d4df-46a9-bc25-83f08c59c2be,CJ Antonio,M,6,0,0,0.8002,0.3182,blended,0.4492
82c003c2-8144-4d6a-85c8-9271e63514c4,Zefeng Li,M,15,0,0,0.799,0.1688,fitted,0.5803
a4206588-8cb0-44cb-a526-5de7fabaf8c6,Pieter De Vries,M,13,0,0,0.7982,0.1708,fitted,0.5623
5c845e61-1535-429b-b071-81e2533dbaa8,Tuấn Vũ,M,5,0,0,0.797,0.2956,blended,0.6189
8620b5f6-d9d5-4cb9-9a28-ed21da77511e,Lauren Cole,F,22,0,0,0.7963,0.1205,fitted,0.5824
c2a34b34-0ed2-4d7d-8ec9-3b0cd3d9233b,Randy Blanco,M,0,0,0,0.7955,0.3512,imputed,
4b6abf90-6e87-49af-b365-0c6135b55a5f,Erik Lange,M,0,0,0,0.7954,0.3587,imputed,
7867cc51-11d1-471f-a8bb-9d8370b6a698,Nicholas Wade,M,42,0,0,0.7951,0.0993,fitted,0.5573
67a8852b-b49d-4cb0-8ff0-1f4ddf644485,Amanda Hendry,F,25,0,0,0.7947,0.1625,fitted,0.601
a84c5612-2f7f-4189-b968-b37634d4042f,Aron Ouye,M,20,0,0,0.7945,0.1946,fitted,0.6246
d6adc70a-8e20-4c7d-93f1-026f368c6210,Louis Laville,M,27,0,0,0.7931,0.1126,fitted,0.6067
c85c50d9-eaa4-4581-b6bb-583a808706bf,Kyle Koszuta,M,7,0,0,0.7928,0.2604,blended,0.3495
146dd2f7-7f5d-495d-b2f1-96d433742fec,Eduardo Santini Ayon,M,127,0,0,0.7919,0.0485,fitted,0.5734
1ad19b48-ae39-44aa-b2a0-5a40a6b71420,Daniel Byun,M,68,0,0,0.7916,0.0864,fitted,0.5611
ad000ade-c934-460c-8f97-e80390c636fb,Oleksandr Bielinskyi,M,9,0,0,0.7911,0.1933,blended,0.6834
ff4c526d-d84f-4894-bdad-2b0cfc7c62b8,Andrew Clary,M,12,0,0,0.7896,0.2128,fitted,0.6435
f684d481-25b9-4def-8af3-b7b2a8e507ce,Francis Chi,M,37,0,0,0.7885,0.0818,fitted,0.5705
c28e1a62-b0af-4336-8d1c-8b77a210b705,Andre Feliz,M,0,0,0,0.7863,0.374,imputed,
fb8a1763-24f4-43e5-b7aa-0004402dd4a7,Danna Funaro,F,38,0,0,0.7824,0.127,fitted,0.595
11989ea1-e653-42f9-91ce-13f1a78c0b4f,Lucas Coutinho,M,33,0,0,0.7824,0.1065,fitted,0.556
c74ac0bc-b18c-44c6-98f5-41834907997e,Tek Tea,M,6,0,0,0.7819,0.2497,blended,1.0821
237778ff-378f-4f99-82cb-cc3bb7b5d02e,Caleb Herrick,M,39,0,0,0.7812,0.1051,fitted,0.5757
f4bbf7d4-371e-42f7-9979-568f57881a11,Adelie Osher,F,25,0,0,0.7809,0.1091,fitted,0.6249
53cffd68-8c08-4ad7-88fd-a72ee20d716e,Marisa Ruiz,F,10,0,0,0.7807,0.1984,fitted,0.5017
08b6b1ca-9a89-4678-b5e5-5b76dc994f64,William East,M,34,0,0,0.7803,0.1267,fitted,0.5865
d45a3391-82f4-45d0-ba66-f1901854a8d0,Darrian Young,M,55,8,4,0.7793,0.1086,fitted,0.4859
d5d2a4dc-fb77-4686-8f63-d75694831b5c,Karthik Ganesh,M,20,0,0,0.7793,0.1163,fitted,0.531
8ef05c0d-a40e-494f-b27e-77c36449e9ae,Chantal Mabie,F,22,0,0,0.7792,0.1132,fitted,0.6059
798294b4-02e6-4c16-b3f6-9337758ae915,Kendall Kikkawa,M,60,0,0,0.7789,0.0748,fitted,0.552
0f82379d-f256-469b-b5d2-26e86409f1a3,Andy Van der Vyver,M,15,0,0,0.7785,0.1312,fitted,0.6097
825a7705-2296-4b6d-9a7c-e0669988d6c6,Cadell Traya,M,42,0,0,0.7772,0.0899,fitted,0.5436
69633ccf-87be-4975-a578-53d6e166c91b,Wil Shaffer,M,94,0,0,0.7762,0.065,fitted,0.5598
06e87b30-1f70-46e6-a6a8-17a4086d609a,Kailas Shekar,M,9,0,0,0.7759,0.2485,blended,0.3576
2856d69d-887b-4e89-a5c9-975f581f84a0,Len Yang,M,0,0,0,0.7754,0.3391,imputed,
4237e6e9-1da9-4287-85ba-c33d2259841c,Manfred Jeske,M,18,0,0,0.7752,0.1533,fitted,0.552
358376d4-f156-492c-b4c6-0bd3f5a69f86,Justin Dages,M,89,0,0,0.7737,0.0688,fitted,0.5703
eb88338a-8029-4801-9a7f-e4d48c9b5d83,Domenico Geminiani,M,55,0,0,0.7734,0.0833,fitted,0.5339
738265f6-e8cf-4d0c-8f2e-88ca455d1dc5,Ernesto Russo,M,34,0,0,0.7714,0.1616,fitted,0.6115
47cdc6f5-3e06-4249-adde-f588681bb483,Maria Klokotzky,F,38,0,0,0.7705,0.1218,fitted,0.618
d7c9372a-802d-4f23-81a5-66a138327331,Simone Jardim,F,4,0,0,0.7688,0.2852,blended,0.6876
3fc70f61-f10c-4539-9b5a-82911efc966a,Ava Cavataio,F,13,0,0,0.7683,0.1507,fitted,0.5339
cecffdc0-29ee-46c0-9832-2dbe04700307,Nejc Sitar,M,7,0,0,0.7658,0.2231,blended,0.4714
c8f1731e-d35a-4d9c-9962-d9eacd49a75a,Brandon Riddle,M,11,0,0,0.764,0.1724,fitted,0.537
c1a96204-7cdd-4a98-a917-9b66d4f9bbe9,Samuel Dickson,M,34,0,0,0.7635,0.0993,fitted,0.5697
9034d36a-1b11-4c9d-ad75-5c665d87b8c5,Pierina Imparato,F,54,16,5,0.7622,0.1226,fitted,0.5707
ebf07b70-cdce-4260-b30d-b8dc278c8975,Mickulas Ray,M,31,0,0,0.7622,0.1609,fitted,0.5699
ec94501d-8b59-4236-b77d-7238f8925e48,Marcela Aguila Ampon,F,141,0,0,0.7618,0.0599,fitted,0.5849
5f23308c-2443-4583-aa04-254e664a328c,HO Tam,F,36,0,0,0.7603,0.1167,fitted,0.5671
5a5237bd-64cd-433c-99ba-34badaa2820c,Braylon Ohrel,M,37,0,0,0.7586,0.0819,fitted,0.5285
a9080498-9d5d-4282-b565-d8134b057f8c,Robert Baylon,M,20,0,0,0.7585,0.1663,fitted,0.5554
15e0c195-7c57-48f3-8f90-ae4152e0d797,Preston Engel,M,23,0,0,0.7541,0.1186,fitted,0.5333
6160a7c7-6b90-41f1-96d3-af5fa1623ca5,Collin Johns,M,0,16,6,0.7526,0.3377,blended,
b68c0204-d9d4-4cba-bf23-46706abd77bf,Clayton Powell,M,39,27,12,0.7518,0.1255,fitted,0.4132
11ed643d-b6df-4198-a0b1-bee4fb905625,Mihae Kwon,F,39,0,0,0.7509,0.1088,fitted,0.544
d36e9231-a965-46ae-9a8a-7ce05416805c,Joshua Reason,M,59,0,0,0.7508,0.1129,fitted,0.499
85a456db-344a-41bf-9c22-6e2e9c09ba98,Divin Sarthak,M,46,0,0,0.7502,0.1051,fitted,0.5152
ed472d98-da42-4f3a-8ecd-bbbb26b2758a,Tejas Mahajan,M,11,0,0,0.7488,0.1898,fitted,0.6228
50c2125b-406c-41e7-aad6-5432c7cd8e1c,AJ Koller,M,45,43,13,0.7484,0.1209,fitted,0.4925
f78254c2-5dbe-4ccd-85d2-bf5538cb179c,Komal Safdar,F,37,0,0,0.7477,0.1284,fitted,0.5781
5f10ff12-03e8-4384-90a7-a15682ee7edd,Hayden Rand,M,88,0,0,0.747,0.062,fitted,0.5292
a067b12b-b26b-4a30-aed8-0f707c52beaa,Mark Dancuart,M,0,0,0,0.7466,0.3541,imputed,
42f609cc-857a-4210-9f23-30a00700c702,Eber Molina Jr,M,0,0,0,0.7443,0.398,imputed,
aa0157dc-6eeb-48b9-b679-d5cd6b4a5237,Ryan Sherry,M,129,0,0,0.744,0.077,fitted,0.5157
101e37db-cdb8-4c51-9630-2aecd12baa89,Jimmy Liong Kai Long,M,38,0,0,0.7427,0.1106,fitted,0.5169
d57934e4-fe65-4168-8fd7-26da1b07cb2d,Michelle Murphy,F,50,0,0,0.7425,0.1427,fitted,0.5588
3aad1ef4-ac79-442b-880f-283a5af18fbb,Austin Romaguera,M,13,0,0,0.7396,0.158,fitted,0.5359
6a87bc44-5190-44db-8a2f-467de4de48c6,Christa Gecheva,F,62,8,3,0.739,0.1016,fitted,0.5314
03b91579-1bd5-4f20-a9c1-e400cbd21255,Antoaneta Toskova,F,22,0,0,0.7384,0.1446,fitted,0.5961
a9a9997e-9128-4275-b895-bc68df2374e0,Frank Solana,M,7,0,0,0.7376,0.2584,blended,0.6462
4adbb03a-4a62-4a76-9a3a-c11357556ba9,Robert Stirling,M,12,0,0,0.7368,0.2136,fitted,0.2447
326be608-8941-45be-a7f9-13f8f2b0c0ce,Megan Fudge,F,0,0,0,0.7368,0.4219,imputed,
1af53bb7-816e-4292-bd2e-08374c50aa42,Sergey Afanasenka,M,0,0,0,0.7362,0.3736,imputed,
6b446a3b-76f2-4d55-8c84-94ea8bdde2ac,Andrew Wang,M,21,0,0,0.7341,0.1871,fitted,0.5749
b7d11f0e-5b35-452b-8da3-c6b8a03caf6d,Sarvinoz Saidhujaeva,F,27,0,0,0.7337,0.1795,fitted,0.5977
33e8c243-d1a8-4821-89cf-e15bf003e6f4,Ryan Skufca,M,41,0,0,0.7316,0.1143,fitted,0.4823
4c974436-715d-41f0-9705-f25f108db163,Aleck Blair,M,54,0,0,0.731,0.1265,fitted,0.5587
ab473dbc-8449-427a-968d-5f59bd1f65fd,Eunggwon Kim,M,44,0,0,0.7285,0.0944,fitted,0.4786
ce39808f-90a7-4c17-9566-c6c83697b695,Marco Leung,M,49,0,0,0.7284,0.0939,fitted,0.5699
736475dd-7ccd-40d8-8b43-8c2d9ef9e674,Maggie Brascia,F,0,0,0,0.7262,0.3926,imputed,
e319e2cf-0fce-4c72-9197-f2674c7595b8,Zak Parks,M,19,0,0,0.7259,0.1921,fitted,0.344
ac1f0c8e-dc15-4277-8a62-3b81f29ad15d,Jake Faryniarz,M,29,0,0,0.7257,0.1272,fitted,0.5021
bd8e1ad4-5402-4c55-a95b-1d39c1de2344,Spencer Liang,F,43,0,0,0.724,0.093,fitted,0.5571
469e5fa1-ea76-4286-bdf8-ddd2d18aab5a,Emma Van Hee,F,23,0,0,0.7237,0.1409,fitted,0.5233
36b47dfd-00db-4bf3-ae56-e6cd61e51a97,Ryan Lam,M,33,0,0,0.7221,0.1334,fitted,0.5965
8ad8769e-9ecc-41dd-804f-b84e3ef90593,Sarah Hua,F,19,0,0,0.7211,0.2103,fitted,0.4779
9eb2503a-b18e-42e2-986d-6c8ee07d0a36,Cade Pierson,F,39,0,0,0.7202,0.1342,fitted,0.5409
b375b4f0-25ef-446f-909b-14e14c857c72,Johan Du Randt,M,0,0,0,0.7201,0.3987,imputed,
18ee08e4-2965-4966-a1a4-257d66f0bdfa,Jessica Haywood,F,27,0,0,0.7168,0.1613,fitted,0.5852
d889476e-0b2f-4acf-a873-f7aea0b92dab,Evgeniy Kim,M,61,0,0,0.7159,0.1202,fitted,0.5245
75606179-6e19-4f25-bb8d-f66dfa19287c,Naomi De Hart,F,55,0,0,0.7148,0.0737,fitted,0.536
1374dfe9-4573-4ab6-991d-16bed0a6d25c,Edward Perez,M,124,0,0,0.7142,0.0681,fitted,0.4877
07ba5aa2-4581-4f2e-a62a-ec802353725c,Irina Tereschenko,F,5,16,4,0.7136,0.2827,blended,0.5573
7e4b6499-bbd2-41af-8b54-a17fc89c3449,Marina Alcaide,F,10,0,0,0.7124,0.1627,fitted,0.6152
af94be9e-b2f9-413a-aa9c-450cf6021c10,Michael Vallejo,M,24,0,0,0.7123,0.1046,fitted,0.4914
86215655-2f12-4285-b988-ace97b983003,Dylan Kato,M,21,0,0,0.7111,0.1923,fitted,0.4185
c79ef5cd-2d17-4fbf-83a9-34d4aaaaebd8,Masa Grgan,F,73,0,0,0.7109,0.0637,fitted,0.5526
00ab134c-1282-4628-824f-88a0cea38214,Luke Cartenuto,M,30,0,0,0.7108,0.1522,fitted,0.4267
93e811ae-381a-46a0-832c-4cfb9ee9b557,Juergen Schmieder,M,12,0,0,0.7106,0.2958,fitted,0.5707
f13c20c3-1fed-4a9e-abec-f3f3bf1f8f91,Anne-Sophie Courteau,F,88,0,0,0.7105,0.0667,fitted,0.5415
2ef7e171-fdfc-4727-ae17-cec4b8899dcc,Keaton Cullimore,M,0,0,0,0.7105,0.3675,imputed,
ca50e21b-a417-446c-aa9f-5251cee264fa,Jordan Theron,M,4,0,0,0.7101,0.2634,blended,0.559
759ecf95-26a6-4ffe-bb8b-035d3ec05f31,Matt Wright,M,0,0,0,0.7084,0.3464,imputed,
d0a30dc1-a7d7-475c-bfc9-d55e0aa8e7e3,Ethan Bakalinsky,M,112,0,0,0.7067,0.0542,fitted,0.4839
c263bd93-bd93-4722-bf88-d24529837529,Martin Thomas,M,40,0,0,0.7065,0.0871,fitted,0.455
6ca40dc0-4ab3-46ae-812f-8fed6c72643b,Robert Nunnery,M,0,0,0,0.7055,0.3959,imputed,
f538ac5a-89b1-4ce6-b4f7-39120eb025d3,Daret Gooch,M,0,0,0,0.705,0.4172,imputed,
684de940-3788-41f6-9d4b-b843da242dae,Wesley Hanson,M,7,0,0,0.7046,0.1811,blended,0.5575
dc69fcde-bcda-4441-8b66-a8bafeb12ded,Joel Poland,M,104,0,0,0.704,0.0566,fitted,0.4632
dcd029fb-2814-401b-a1cb-0c4269d9954b,Allie Reichert,F,0,0,0,0.7034,0.3931,imputed,
64014d70-f073-4be6-8bf2-ae07ba9c0846,Ben Herrick,M,14,0,0,0.7023,0.139,fitted,0.45
97d3d1e6-6add-4672-9039-0137021e4448,Eduardo Irizarry,M,3,0,0,0.7012,0.3813,blended,0.7021
3e9def11-e344-4bf7-830e-c6990a43765e,Piero Cabrera,M,7,0,0,0.7012,0.2152,blended,0.5241
972dbd63-f899-4c7c-baae-57e79123a899,Daiki Tanabe,M,4,0,0,0.698,0.2153,blended,0.5461
577d1124-44c9-435d-88e9-01a146f2d177,Eugenia Carolina Lopez Ascarate,F,0,0,0,0.6966,0.4047,imputed,
c5b50cff-54a3-4897-a8ad-2c57e1e988f9,Ben Newell,M,0,0,0,0.6912,0.3609,imputed,
07a9bb92-74c6-4aef-9148-83b4a3371691,Sarah Jane Lim,F,29,0,0,0.6911,0.1332,fitted,0.5785
ab0e7256-6f4e-43de-b85d-6bfab0bbc41d,Brayden Nguyen,M,21,0,0,0.6903,0.1174,fitted,0.4699
1e71a00f-4ec7-4a9b-9e13-c19e90e92598,Taylor Garcia,F,20,0,0,0.6902,0.2148,fitted,0.6417
be74032b-1035-4ece-bf4f-773b45da4d58,Mehvish Safdar,F,93,0,0,0.6898,0.0779,fitted,0.4969
6afbabed-1c1e-4f3d-b8fc-bd0e36fa5e97,Frances Altick,F,10,0,0,0.6896,0.1426,fitted,0.548
ec724bf3-379d-4f53-b5ae-d4e9efc1db88,Dhruv Patel,M,0,0,0,0.6892,0.4063,imputed,
337c76f4-2e83-4a59-b66b-7dc2e0555ce2,Cassidy Hoag,F,29,0,0,0.6885,0.1607,fitted,0.4463
5fc11785-edc1-4fca-a4eb-d71cc0d36483,Patrik Kevin Tsati-Onla,M,127,0,0,0.6874,0.0456,fitted,0.4607
ce10eeaa-0854-4c37-ab63-73f16bed85bc,Syed Uzair Sufi,M,43,0,0,0.6849,0.101,fitted,0.4767
d24967d0-68b6-440e-9f7c-4ecc2fc3e7f5,Ilvana Trujillo,F,21,0,0,0.6834,0.2099,fitted,0.5236
8491ab0e-10f9-4eca-8893-dbfc576ac51a,James Bragg,M,9,0,0,0.6825,0.2896,blended,0.6368
bd466ece-4e07-4e34-afc4-c854da92fa73,Carson Calhoun,M,8,0,0,0.6818,0.2132,blended,0.512
1b01b905-c937-4da4-9012-66e66764bdab,Joey Campagna,M,10,0,0,0.6796,0.2091,fitted,0.2994
ab4e123b-f089-497a-ac5d-5b5065a1fcf9,Michael Coleman,M,70,0,0,0.6791,0.0808,fitted,0.459
8df487fc-463f-40a0-893a-533cb5a77f8a,Matthew Chou,M,6,0,0,0.6771,0.2929,blended,0.5056
22220f93-1344-40a4-b468-4db3e29410bb,Michael Massih,M,5,0,0,0.6752,0.2092,blended,0.5711
348255bf-f94e-47cb-ab5d-95969c2bd7b9,Aiko Yoshitomi,F,66,12,5,0.675,0.0867,fitted,0.4916
3d1d26f9-b591-4b81-80be-a2e708e216a7,Chase Holderman,M,13,0,0,0.6734,0.211,fitted,0.3664
f862a14e-9bf2-468f-b5bd-75e68e07cbb0,Michael Beron,M,11,0,0,0.6734,0.2366,fitted,0.4799
8af41b49-c25b-4103-bf60-fa36ab5fc278,Chase Ora,M,10,0,0,0.6719,0.2183,fitted,0.5308
0bef44f8-afb0-429a-968a-f19deadb7e60,Christopher Ross,M,6,0,0,0.6709,0.1949,blended,0.5005
4e02ebc2-00b8-4bb9-b109-2625e891a9ec,Dawid Kijak,M,3,0,0,0.6692,0.4008,blended,0.5516
9124e6bd-6a6e-4026-9256-90277ca91c1c,Kace Heiner,M,33,0,0,0.6684,0.1343,fitted,0.4628
e4bf2cca-f71a-4ded-89fe-39db811423db,Jace Howard,M,55,0,0,0.6677,0.0751,fitted,0.4274
48973289-1ea5-4766-ba3e-39f8231ac531,Jason McNulty,M,0,0,0,0.6668,0.4053,imputed,
661cf320-6ca7-48d5-8b88-752d4bc6ea68,Alexandra Valenstein,F,33,0,0,0.6667,0.0942,fitted,0.5071
ab6386c6-c7e3-422f-9134-e20e92725ee5,Emma Nelson,F,42,8,2,0.6662,0.1017,fitted,0.4591
b67f32da-c777-48ab-a6bd-4f5087d2a40f,Ekaterina Biakina,F,50,0,0,0.666,0.1425,fitted,0.5016
7c564f89-1c58-4597-b689-e37bd0ecd511,John Thorn,M,50,0,0,0.6656,0.1059,fitted,0.4324
8a614993-d082-4ab8-af12-348c954ff276,Emanuel Dickson,M,50,0,0,0.6625,0.0832,fitted,0.441
842f8bec-3b5d-43c6-93db-abc161c0d9af,Emmerentia Marx,F,3,0,0,0.6617,0.3693,blended,0.6225
03ee9ee1-7ce1-4704-9a48-a504790e91b0,Justin Graham,M,45,0,0,0.6599,0.1034,fitted,0.4735
26bd8869-21d6-4c7e-9edc-0bd16aebf18a,Evan Pratt,M,26,0,0,0.6572,0.124,fitted,0.4643
660a75bf-df9f-4da0-ba25-07abf3e50b4b,Mikael Vollbach,M,5,0,0,0.6569,0.2374,blended,0.3541
4b52c4a5-80c7-49e1-9728-460a9d242392,Phillip Locklear,M,0,0,0,0.6563,0.384,imputed,
4e220040-a533-4d43-85ba-29ad38b5a3b7,Clemens Graute,M,47,0,0,0.6555,0.122,fitted,0.522
7bc3eb60-72a3-4ca7-bca7-c0dd8b9a42db,Chase Parker,M,21,0,0,0.6545,0.1424,fitted,0.429
32018d74-5317-44e7-a0c9-529f8d35eb6c,Courtney McIntosh,F,14,0,0,0.6543,0.2385,fitted,0.446
15fdedc7-102a-44aa-a4fb-76c8350d1a4c,Ryder Brown,M,15,0,0,0.6543,0.118,fitted,0.4862
d3e486f2-7c25-4bcf-b9dd-81c14f644f60,Etienne Blaszkewycz,M,4,0,0,0.6542,0.287,blended,0.2815
ae06a675-5997-41b0-a199-6da1bb0b49a1,Giorgia Vitale,F,16,0,0,0.654,0.2107,fitted,0.4488
b14dd745-7463-4dc1-acbd-7ab1b32af58d,Anna Clarice Patrimonio,F,21,0,0,0.6531,0.1521,fitted,0.5176
370e5d82-716e-4a25-8048-170cf7deb74d,Tyler Glowaki,M,11,0,0,0.6529,0.1786,fitted,0.5282
e0234acd-2405-40df-916d-652906c9f81b,Mason Park,M,3,0,0,0.6523,0.3691,blended,0.5764
228fdfb8-c8e8-478a-a5a5-6b9d3cf08ad1,Alexander Grubbs,M,0,0,0,0.6515,0.369,imputed,
276c3b2a-2dca-4124-a404-18ab4d412dcb,Jordan Bridge,M,28,0,0,0.6498,0.1789,fitted,0.4902
11555f6f-dc98-411b-8d30-b8bcf7985feb,María Fernández Costantino,F,10,0,0,0.6495,0.1524,fitted,0.5471
bc7b2475-e580-4734-bc14-814a153bec5d,Pesa Teoni,M,109,8,3,0.6493,0.0684,fitted,0.4115
f4c10dbf-3be3-439d-8dfa-76f06427be5e,Ryan Berg,M,8,0,0,0.6477,0.221,blended,0.431
65bcab7c-9c93-4dc8-a847-a34da426b933,Martina Frantova,F,69,56,33,0.6464,0.0983,fitted,0.3823
4f8d47be-abcb-454b-8fef-7b0b582c467f,Juan Medina,M,24,0,0,0.6463,0.135,fitted,0.4309
95015a41-423e-4439-94ee-84e275c45787,Stephen Preissler,M,0,0,0,0.6448,0.3714,imputed,
14425212-36dd-43e0-bd0e-518303d3a8c8,Jake Presser,M,20,0,0,0.6446,0.195,fitted,0.3482
a770fd12-8c42-4b11-a19a-7a962828391b,Jason Taylor,M,17,0,0,0.6442,0.1252,fitted,0.5223
d0da5b36-d39d-4c37-b1dc-70f0fc091b26,Pramod Dabir,M,24,0,0,0.6431,0.1316,fitted,0.3997
bcff0807-8dc8-4322-b1dc-a713b611cd4f,Mihika Yadav,F,31,0,0,0.6417,0.1262,fitted,0.5742
28df3b18-505d-45b2-ad6d-c773c0dbd0b1,Breaden Brooks,M,25,0,0,0.6401,0.1256,fitted,0.4119
c2a65079-49d6-4023-a03f-a97bc3be3bf8,Daniel Jensen,M,26,0,0,0.6394,0.1722,fitted,0.3429
109b8cf8-56c9-4b40-9b16-e4326c55138b,Nguyen Thang,M,10,0,0,0.6386,0.1906,fitted,0.3445
13671353-9263-4bdb-b1be-b5138912fdd1,Ivan Stride,M,6,0,0,0.6384,0.2588,blended,0.7384
68c97127-3873-41f9-a1ec-9bb608a7a74a,Nicolas Almeida,M,55,0,0,0.6383,0.081,fitted,0.4064
7cf93ef3-86b7-4bb4-937b-5b5dc4c72c32,Valerie R Simon,F,97,0,0,0.638,0.0647,fitted,0.4589
f6900ccc-dc52-402d-9df7-1feb31639bdc,Mingyang Liu,F,6,0,0,0.6368,0.2402,blended,0.6551
c4113020-5ba5-4296-ac84-779346254ac1,Gregorie Vinueza-Daly,M,0,0,0,0.6354,0.3827,imputed,
8ab984e9-62dc-438c-8151-6f6ed353bee6,Casey Markulike,M,50,0,0,0.6325,0.0735,fitted,0.4276
9c547321-0ea7-4a31-83ee-256eebd4635b,Kelsey Matthews,F,0,0,0,0.6325,0.4197,imputed,
9e10852b-9669-498e-86cc-5f4e7f3a53e4,Alex Wetherell,M,16,0,0,0.6323,0.1818,fitted,0.3631
0855eeca-52eb-4cea-87ea-5ba270e95bb2,Charles Yong,M,6,0,0,0.6321,0.2596,blended,0.5502
c844b814-8025-407b-becf-3c96ea4b19a6,Preston Gordon,M,5,0,0,0.632,0.2212,blended,0.3479
267b1bae-d054-4aaf-ba86-a5b19b5def0a,Matthew Fisher,M,23,0,0,0.6314,0.1178,fitted,0.387
c84377c6-b0ca-42dd-bc1a-2fd3d3c4ef9f,Ryan Torresin,M,11,0,0,0.631,0.1328,fitted,0.2722
9120d7ec-1a7e-413a-82cf-0e29009175d5,Maximo Agoglia,M,31,0,0,0.6308,0.1752,fitted,0.3933
d418b041-1859-4fe6-996d-b446bd6645e2,Matthew Kouznetsov,M,21,0,0,0.63,0.1601,fitted,0.3268
785692bf-003b-470f-96cf-c43bdf61c082,Longsheng Liu,M,10,0,0,0.6287,0.1946,fitted,0.5234
df376023-f37c-4348-8c08-ccc1473153b1,Julian Chow,M,5,0,0,0.6282,0.1949,blended,0.3533
40cecdab-843a-4c8f-bdc6-13b2eb3eb159,Vimuktha De Alwis,M,21,0,0,0.628,0.173,fitted,0.425
0142557a-6231-455b-8eee-daf5f67fc1ff,James Seagraves,M,64,0,0,0.6268,0.0866,fitted,0.3972
8b80c31e-99f0-4a2d-957f-c1d9f865020c,Kyle Pham,M,14,0,0,0.6268,0.1603,fitted,0.4461
5696b73a-533f-455e-a93c-1ce412aa150b,Allison Wu,F,11,0,0,0.6261,0.2538,fitted,0.5269
bb4de7dc-9f25-4218-a601-318492e0884c,Usama Khalid,M,50,0,0,0.6235,0.0849,fitted,0.3947
8a07a9a0-966f-42af-8f4f-b491ebb356f6,Nathan Matthews,M,12,0,0,0.6223,0.2525,fitted,0.369
0f3ebd0a-fda2-407d-8388-276f4c367652,Morgan Shepherd,M,14,0,0,0.6206,0.2397,fitted,0.4108
66cb85be-fe8b-402d-a4f7-4a8e6a7c3ad7,Lucas Pascoe,M,68,0,0,0.6194,0.0814,fitted,0.4027
16e2bfc0-c047-47a9-851d-1cc79ad3f7b1,Chase Womack,M,6,0,0,0.6192,0.2722,blended,0.4143
21fb63e5-6247-4fa5-8d30-2c7a86dc4f2c,James Kwan,M,4,0,0,0.6181,0.3097,blended,0.6019
525bfe63-4047-4100-9289-b4af47a25f98,Alia Brown,F,55,0,0,0.618,0.1006,fitted,0.4216
19d2c48c-110f-4747-b795-ffe32aa73d58,Zach Drost,M,13,0,0,0.6163,0.1726,fitted,0.3874
fc90f09b-f8a7-4c1f-922b-bbf3294cd736,Rougel Jon Lutz Aninon,M,8,0,0,0.6158,0.2366,blended,0.1552
ab53383d-abb2-4bcf-adea-398e6c6dd36a,Cleo Bond,F,41,10,6,0.6156,0.1042,fitted,0.4393
00333c0f-cfae-404f-a137-0dca5a3d67dd,Duncan Mulenga Jr.,M,30,0,0,0.6155,0.1072,fitted,0.3997
cab31252-5e1f-4e1a-962c-a878c5878625,Iker Tomas,M,26,0,0,0.6153,0.1836,fitted,0.4469
e30b26db-2e50-4ba0-b076-b62f20f0af2e,Kym Sze,M,11,0,0,0.6117,0.1435,fitted,0.4359
fb6a0d45-8a9b-4fb6-94c8-635cc6dca77e,Dodo Kong,F,10,0,0,0.6114,0.253,fitted,0.5603
e6129a52-f99b-4c66-be30-8f96d7635250,Andrew Angulo,M,37,0,0,0.6098,0.0867,fitted,0.3843
a2f46316-2f6e-4c5e-bb68-9697136e15a5,Tony Hull,M,0,0,0,0.6097,0.464,imputed,
504e8c08-caf6-4db8-b454-11ffa321261c,Lucy Kovalova,F,4,0,0,0.6092,0.3068,blended,0.365
89aaafba-7d47-4938-b918-b960dff5bebc,Ryan Finley,M,0,0,0,0.609,0.397,imputed,
8faaabdf-bef1-4f27-b928-e3f31e0cc59f,Susannah Barr,F,0,0,0,0.609,0.4133,imputed,
910196c3-1d57-456f-b407-bc550a2edec6,Ryan Gilbert,M,6,0,0,0.6085,0.2829,blended,0.1951
e41881d8-b1e1-465d-afcf-a58602cd92bd,Aidan Schenk,M,0,0,0,0.6081,0.3554,imputed,
2ef11e74-5d6a-49dc-92d4-d4e87a37c2a2,Robbie Lee,M,5,0,0,0.6067,0.3248,blended,0.6229
0818d3c6-b863-49c8-89c4-e28e1cc5fb67,Natalie Kim,F,12,0,0,0.606,0.1706,fitted,0.4488
7f994688-f848-45f4-8458-fbd4da79eab4,Adrian Legarreta,M,7,0,0,0.6059,0.3005,blended,0.283
f76f4ac5-e3cc-4fe6-a4bc-a968b8b991b1,Alex Walker,F,22,55,18,0.6051,0.1808,fitted,0.4145
2b5b9a90-b46c-4b61-a231-c45fb28eb2ba,Khanh Van Nguyen,M,5,0,0,0.6048,0.2699,blended,0.3393
94645ab0-796e-4b6f-aeee-2168f4000de9,Noah Hobrath,M,0,0,0,0.6043,0.385,imputed,
ef40c5da-1ba2-403f-929c-38312222b8e0,Chiron Burl,M,0,0,0,0.6023,0.3778,imputed,
0513b1c7-d2f4-4800-92c6-07484b9fb344,Dylan Wilhelm,M,76,0,0,0.6022,0.0755,fitted,0.4334
5925398b-b2a9-4e8f-ae46-5c2b59b1b818,Nicole Conard,F,155,0,0,0.601,0.0551,fitted,0.4116
ea824e2f-de8d-4f19-a846-0912ee33198b,Erik Josephs,M,32,0,0,0.5997,0.1506,fitted,0.3462
328249d8-eee2-45fb-84ce-4cbb8331d8c7,Arjun Thyagarajan,M,20,0,0,0.5994,0.1638,fitted,0.466
3f872035-3abb-434d-9fc7-6134ec6c40f5,Alvaro Terron,M,0,0,0,0.5992,0.3611,imputed,
41118195-75b3-4b25-adc9-07991301280a,Craig Johnson,M,0,0,0,0.5965,0.3542,imputed,
0e58c8eb-91b0-48df-8554-1ccc35106ea9,JP Gorby,M,16,0,0,0.5963,0.1413,fitted,0.4008
c14774e8-bb9b-4512-a867-fb4aed28941d,Harrison Yee,M,19,0,0,0.5956,0.1933,fitted,0.3678
35546bea-13a1-45f4-9e7e-871427f5e4eb,Alexis Almy,F,15,0,0,0.5951,0.1449,fitted,0.4162
ac8ceab0-87e0-4d34-8f30-ca2b5c01bbad,Keaten Kappes,M,33,0,0,0.595,0.114,fitted,0.3381
916daabf-e598-41ef-91da-375ea0628440,Quinn Morillo,M,7,0,0,0.5942,0.2391,blended,0.4012
279e884e-f905-44cd-b820-6c873b68debc,Frida Mudsam,F,37,0,0,0.5935,0.084,fitted,0.4248
c3066b2d-fc90-4774-a571-cde5fc5583d4,Chloe Diskin,F,93,0,0,0.5932,0.0581,fitted,0.4104
799b7d84-a6cb-43e7-a30f-ca5cba0d9a83,Dylan Payne,M,11,0,0,0.5924,0.2386,fitted,0.4774
079cece3-01b2-4dd1-9e95-957b83b14cd7,Victor Rodrigo,M,0,0,0,0.5924,0.351,imputed,
6e4cfa2f-6e11-4c05-9490-059d6218a579,Brett Finan,M,27,0,0,0.5922,0.1661,fitted,0.3772
2e520a54-a71e-4c5b-9536-e5886840ed0c,Mike Anderson,M,0,0,0,0.591,0.3664,imputed,
1caa5a84-225b-4ad4-8446-ea743c375e76,Hunter Merritt,M,22,0,0,0.5891,0.1115,fitted,0.383
4e73b5b4-d734-4258-91cf-b678d08200a9,Maria Ford,F,37,0,0,0.5861,0.0987,fitted,0.393
5a48d9fe-f61f-436f-9451-cd3b0bbda6d8,Nicholas Maleganeas,M,28,0,0,0.5854,0.1369,fitted,0.3902
dbd8aae4-f92d-41ed-a4a1-5004e76dd086,Nguyễn Hoàng,M,8,0,0,0.5854,0.2081,blended,0.5595
81535c8c-27d9-452c-a72a-61fc9f755b01,Will Mackinnon,M,29,34,17,0.5832,0.1023,fitted,0.2607
45e53881-72e4-4de1-9763-c2e7f7f854ba,Andrea Koop,F,0,0,0,0.5829,0.3829,imputed,
0d40af37-5b44-4f00-a2c8-03ea5e34960c,Ram Kotnana,M,13,0,0,0.5821,0.1463,fitted,0.3135
e80c361b-ab9c-45a3-95ef-363bfb7ee817,Brett Clayton,M,11,0,0,0.5797,0.2198,fitted,0.2102
0dfe6dd7-dcc9-407b-a761-1cafc880401b,Erik Pailet,M,0,0,0,0.5795,0.3596,imputed,
4e3bcf37-c264-475d-b956-7c3992d3d7fd,Brandon Nsekpong,M,27,0,0,0.5786,0.1691,fitted,0.2935
2a1c197a-eede-4639-9fbf-1133d648f7c7,Demetric Marrero Jr,M,20,0,0,0.5781,0.1345,fitted,0.3038
26898786-4fd1-4dd9-bc18-a5c515a6b0ef,Maverick Messinger,M,43,0,0,0.5781,0.0765,fitted,0.3408
8e48b9e8-d7b5-4f3e-8e7b-8639451768b7,Lewis Halski,M,7,0,0,0.5779,0.2385,blended,0.5138
77deb777-2c7f-42a3-9ed0-856a13d4e3cc,Hsieh Chen-An,M,41,0,0,0.5776,0.1044,fitted,0.3579
72b85855-dcb3-4d14-931f-edd3c0b097a0,Madison Grollman,F,0,0,0,0.5771,0.3967,imputed,
1c2da4a6-ad16-41a2-9c57-a5cc3b333817,Jim Dobran,M,0,0,0,0.5768,0.3618,imputed,
8a1cf975-2ac8-495e-ac76-43e8ee7b55eb,Ford Casady,M,7,0,0,0.5761,0.2394,blended,0.4566
b025eccb-868e-4ce6-a4db-c1082a288b59,Maddy Rasmusen,F,32,0,0,0.5742,0.1159,fitted,0.3713
68eb7e06-b923-4f20-a923-c1f54a94a357,Ashton Patterson,M,7,0,0,0.5742,0.2346,blended,0.3747
89ccc27e-1751-4730-a998-db0cb9224349,Brooke Revuelta,F,18,0,0,0.5722,0.2239,fitted,0.3363
bfaefd0d-6c85-4b43-8ce1-f408492fcdc9,Chris Huebner,M,8,0,0,0.5719,0.1623,blended,0.4047
0a787ca5-f7c5-4352-99f8-3c7214e231c3,Jake Wilson,M,11,0,0,0.5705,0.1682,fitted,0.2766
03db4060-fcb3-41f7-83d5-7ee732dd8841,Jade Rau,F,74,0,0,0.5675,0.0732,fitted,0.376
a3fc855e-5b10-4e7f-9c69-b7aacb6c1592,Neilson Chen,M,4,0,0,0.5671,0.3845,blended,0.4412
9780929c-0e6a-455f-ac3d-7f30e86ad2f8,Will Wimbish,M,19,0,0,0.5653,0.1107,fitted,0.3569
95d88f98-187a-455f-8c97-4f802cb6f135,Dev Shah,M,7,0,0,0.5647,0.2165,blended,0.3367
81c70547-4031-48d5-bc0c-d68ca509354d,Nguyễn Việt Hoàng,M,0,0,0,0.562,0.4431,imputed,
b743b9ec-b056-4cbb-830b-dc009e20874a,Kacey Walisundara,M,5,0,0,0.5613,0.4031,blended,0.4839
57d81852-8998-4d7c-9ed6-737c404c8650,Jericho Grollman,M,0,0,0,0.5613,0.3588,imputed,
8187d00f-7c10-4947-a218-1641c659356c,Sam Angelo,M,0,0,0,0.5607,0.3589,imputed,
6d4437fc-cbe8-459a-b872-ffd836454379,Katie Morris,F,17,0,0,0.5598,0.138,fitted,0.461
7cbd7e4d-3d2c-40f8-8c09-40c271d64a73,Louie Payetta,M,16,0,0,0.5589,0.2114,fitted,0.1458
219b05f5-8b9b-42f8-ad1a-3644c4cb924f,Mike Newell,M,0,0,0,0.5569,0.4004,imputed,
f2261867-9e72-46af-a5cd-d3d02f221fd1,Alex Long,M,0,0,0,0.5566,0.359,imputed,
22489608-f458-46cb-bd96-edf62c5a8b1b,Elliot Schneider,M,8,0,0,0.5558,0.2134,blended,0.3202
52be8e53-d403-4a7b-b2d4-c003a1878a26,Hector Sanchez Vidal,M,10,0,0,0.5538,0.1638,fitted,0.374
ad45f02d-1352-4922-8228-76179833d104,Colin Wong,M,19,0,0,0.5532,0.1335,fitted,0.3411
89935816-1180-4832-9ac2-2bd38cea311f,Gianni Mancini,M,0,0,0,0.5531,0.4009,imputed,
4025f403-d676-42ee-97a1-61d9b38c211b,Allison Phillips,F,73,32,6,0.5529,0.0732,fitted,0.3539
11f6cca4-a2aa-48a8-b1c8-da7d4c420f87,Ian Hutter,M,4,0,0,0.5528,0.3656,blended,0.3864
21ed6c0a-6f07-4e74-afae-9e2218085daf,Levi Daniel,M,66,0,0,0.5523,0.0794,fitted,0.3065
376dbe04-6c7e-42dc-9c5c-690a3b567f4f,Michael Fahey,M,10,0,0,0.5508,0.243,fitted,0.1923
0b75af4a-8c68-4ff7-a2f1-09bda71b5bed,Andre Mercado,M,84,0,0,0.5491,0.0595,fitted,0.3163
f1441ea6-2dc4-4f53-a902-fea6be55ada2,Jake Stamps,M,14,0,0,0.5476,0.2338,fitted,0.3199
414a9a4f-31d0-41b2-9e75-0839782b3cfb,Ian Yi,M,5,0,0,0.5475,0.3132,blended,0.317
79cb3f14-3b40-45de-8084-e5d27a0374a5,Matthew Powley,M,13,0,0,0.5466,0.1658,fitted,0.2825
dc549667-632d-4c0c-af89-6f9da8af1e88,Viktoria Kanichova,F,9,0,0,0.5464,0.1561,blended,0.4642
ab9f6387-dad0-4052-955d-368fc288f50c,Kristopher Heddings,M,0,0,0,0.5459,0.4147,imputed,
e668aceb-c544-4914-b6e7-adb656dbe448,Ryan Diaz,M,0,0,0,0.5454,0.4221,imputed,
a6794bd8-d791-4dde-997d-c7f1f0b84314,Van Damrongsri,M,17,0,0,0.5451,0.1645,fitted,0.2905
f8b6b217-f9f8-4fd3-a71d-ae4dfcbb9c89,Ava Ignatowich,F,137,0,0,0.5448,0.0711,fitted,0.367
4bf13186-34a0-4af6-a15e-4a00a3466b1e,Kory Tran,M,0,0,0,0.544,0.4518,imputed,
606e8959-f464-44ff-8b3e-f39ea8193bb3,Christian Andrade,M,0,0,0,0.5434,0.4096,imputed,
099cea76-474b-4085-b77e-83baefab2b16,Kristin Vogel,F,14,0,0,0.5427,0.2329,fitted,0.2151
54aa6d21-74f1-4a55-ac5f-a543912e98e9,Matthew Watson,M,4,0,0,0.542,0.2993,blended,0.3922
cc970ae2-c153-440d-bead-b105528bc74c,Ying Suet Lam,F,18,0,0,0.5419,0.1532,fitted,0.4869
1e5d81dc-961d-455a-b80f-d6c30c518cde,Caden Nemoff,M,22,0,0,0.5418,0.1227,fitted,0.3205
129a0190-c8e9-4af0-9213-3b0fe02e95e3,Alex Wen,M,7,0,0,0.5415,0.3573,blended,0.3443
8a93e5e5-4e3c-442c-b23d-9dd2e797f499,Aria Henare,F,4,0,0,0.5406,0.2698,blended,0.4212
c3fd6778-e3cc-473a-84aa-f14742e300e7,Logan Schneider,M,6,0,0,0.5404,0.2643,blended,0.2814
b4ab287d-f75c-477b-a4bf-618a56eb7719,Santiago Diaz,M,11,0,0,0.5397,0.2314,fitted,0.2836
4fde43e3-433f-45df-8a9e-1f3abbf82dc8,Lorena Duknic,F,13,0,0,0.5396,0.2151,fitted,0.2148
f13e0c0b-2355-4897-aadf-3ac220a78afa,Ryan Camras,M,8,0,0,0.5394,0.1643,blended,0.2799
6b2f535b-1f7f-49d6-9934-be5f4de93fec,Joe Beamish,M,12,0,0,0.5378,0.225,fitted,0.2638
e4c4c646-5650-45b9-8673-5b5e9d2174e0,Zachary Marceau,M,0,0,0,0.5375,0.3741,imputed,
9d80e298-b7d6-4094-988d-6dd488a91c52,Matt Rucinski,M,0,0,0,0.5366,0.365,imputed,
7637258c-90a0-4252-a447-278492177e9e,Brendon Long,M,0,0,0,0.5362,0.4111,imputed,
c4542ad5-6e33-408f-b457-75535f5bd72a,Adrian Garza,M,56,0,0,0.534,0.1308,fitted,0.3011
d32f64a3-0138-46d2-b280-890586e1d3ef,Purav Raja,M,0,0,0,0.5337,0.3822,imputed,
b4b00d3c-1974-48f2-b74e-9cf9faa04d69,Kevin Dayan,M,0,0,0,0.5326,0.3806,imputed,
291820f6-dd9a-4b63-8708-197e3b1f192b,Raymond Chang,M,0,0,0,0.5316,0.4056,imputed,
62865128-f55c-4c57-a35e-30834e4439b8,Bassem Kheireddin,M,0,0,0,0.5315,0.3707,imputed,
819a323b-bed3-4287-984d-ea784ed471b1,Eric Gilbert,M,16,0,0,0.5301,0.179,fitted,0.4262
658d2f1c-5f7d-4baa-a6ca-d29d3fed6166,Wade Bryant,M,28,0,0,0.5296,0.1427,fitted,0.3025
ad637985-0ff4-4c1b-93a6-6aa0d8992a39,Garrett Whitehead,M,8,0,0,0.529,0.1629,blended,0.2285
1d5698ad-f0a1-4ff7-8321-6c166069946e,Pally Ray,M,63,0,0,0.5287,0.1057,fitted,0.2993
14c4c96f-0a49-4d07-b16d-f6cb782491f4,Kentaro Hamaguchi,M,12,0,0,0.5279,0.2023,fitted,0.1059
f3396986-fc3c-4f43-88f5-1afdbf292611,Landon Johnson,M,0,0,0,0.5279,0.4215,imputed,
26698393-0add-4cdf-bbb3-203b233ebdba,Armando Ferreira,M,11,0,0,0.5269,0.1632,fitted,0.3763
988e88e7-a3e0-4d04-8d2a-a26802cbbe8e,Rachel Janssen,F,69,0,0,0.5266,0.0791,fitted,0.3525
ebb2a1e0-7c6c-48a4-b994-e81edd8ddb97,Patrick Smith,M,0,0,0,0.5248,0.3502,imputed,
56bfd96c-d7a3-4a67-bad6-b53d2830f324,Joshua Elliott,M,0,0,0,0.5225,0.3682,imputed,
90626d90-66b3-44a5-ba1e-fea961f6aaaf,Yuvraj Ruia,M,0,0,0,0.5221,0.4022,imputed,
93abf167-22b3-4f07-865d-20abaaf1c26b,Stefan Grubmueller,M,10,0,0,0.5213,0.1597,fitted,0.3787
524ba2e9-0a46-468c-8aef-5ad221df3893,Jorge Rodriguez,M,5,0,0,0.5209,0.2383,blended,0.4251
33116bdf-0bf4-4281-bbd8-6f4090e9312c,Kara Wheatley,F,4,0,0,0.5205,0.3089,blended,0.4897
a756ee87-c12d-4264-bc6d-0e2c56fba4ff,Dan Nguyen,M,101,0,0,0.5201,0.0557,fitted,0.3008
80217cca-df99-4019-a90f-385622ca057a,Zach Gonnering,M,216,0,0,0.5196,0.0434,fitted,0.3044
b39393fc-e643-486b-82c9-a3752435c3ff,Daniel Glass,M,6,0,0,0.5191,0.2621,blended,0.3395
2af6516c-48ed-4e4b-b7c9-67090f92b4a6,Theo Platel,M,14,0,0,0.5175,0.1388,fitted,0.2715
9c622e48-bbb8-4488-833f-83fb851efa5a,Michael Leonard,M,5,0,0,0.5168,0.2291,blended,0.2251
b2fe8144-118b-40d2-9dd3-51d64e7980be,Payton Romey,M,2,0,0,0.5152,0.363,blended,0.3826
d38dbab9-f977-42bf-bdb8-393263e08056,Samuel Gabet,M,10,0,0,0.5145,0.1978,fitted,0.3503
4565d8c4-de25-4391-bcf3-3e822ad7783d,Jai Grewal,M,20,0,0,0.5141,0.1568,fitted,0.2251
6301309a-ee41-441f-8382-00d54cb077a5,Gavin Fowler,M,27,0,0,0.5127,0.1125,fitted,0.2828
b877d08b-9f1a-4d08-8d72-bbc6d364613b,Don Alto,M,0,0,0,0.5116,0.3843,imputed,
fb77392a-03bc-4b03-88f7-c56c9e9e6a28,Grant Bond,M,12,0,0,0.5092,0.2337,fitted,0.2471
6cf329fc-7eb4-494a-9e51-59284b8117dc,Jeremy Pearson,M,8,0,0,0.5092,0.2377,blended,0.6458
0fadc58c-ce4c-4a9b-884f-8993354775ca,Rianna Valdes,F,0,0,0,0.5092,0.3877,imputed,
12c765d0-8384-41d3-a498-de63fd7c37da,Naomi Nguyen,F,17,51,22,0.5072,0.1275,fitted,0.2773
89647b43-f3f5-49e6-896f-614f0175a3f5,Jackson Ayotte,M,155,0,0,0.5067,0.0508,fitted,0.2772
ae103be7-01f5-4d0a-ad3e-ad524a4f6309,Seina Shima,F,34,0,0,0.5062,0.1234,fitted,0.3611
cf6c5503-8e61-4af6-a573-0c33e5cebf25,Dustin Kemick,M,6,0,0,0.5059,0.2076,blended,0.3233
95b59457-55b1-40cc-a948-dbefa16c3f4b,Jake Kuhlman,M,8,0,0,0.5058,0.2692,blended,0.2963
0f2bcb8e-7a61-420c-ac30-b9626b8049a6,Caitlin Klaassen,F,97,0,0,0.5058,0.0737,fitted,0.3194
ebf38e96-12f7-4098-8125-347158eda690,Mayur Patil,M,0,0,0,0.5057,0.3936,imputed,
2df9061c-a8bf-4436-952d-047857d851f9,Bruno Barrueto Deza,M,44,0,0,0.5052,0.109,fitted,0.2793
e4aa3932-f0b8-4cc0-aa3b-e926f3f5075a,Colby Hill,M,5,0,0,0.505,0.2102,blended,0.3378
404094a4-c65d-4e15-8023-f025ac226e30,Riley Bohnert,F,0,0,0,0.5042,0.3867,imputed,
78d2a2b8-1cf6-42d4-947e-6314a455a6b9,Cyril Peltier,M,7,0,0,0.5031,0.1849,blended,0.3695
116eb772-477c-4f58-a37a-a3878913d8ee,Belinda Crane,F,0,0,0,0.5029,0.4465,imputed,
b13fb67e-c1fa-4453-a248-53745e04a8d3,James Hagen,M,0,0,0,0.502,0.4494,imputed,
3f35c92f-854a-4e9f-ac63-d51833f4cc94,Django Chassang,M,21,0,0,0.5008,0.1218,fitted,0.2628
1607a4f2-2592-4745-ba49-21bbeb199151,Sydney Sonday,F,45,0,0,0.5007,0.0904,fitted,0.2989
905c5c11-7693-4a02-b2c0-e305f768e664,Patricio Pereyra,M,0,0,0,0.4999,0.3878,imputed,
a0143dc5-489f-4e96-8357-f8960a3d43b6,Cagatay Soke,M,7,0,0,0.4997,0.2207,blended,0.236
3a48d245-8dea-460b-9eba-0b4fe7abc1dc,Amir Evgamukov,M,0,0,0,0.4994,0.3751,imputed,
ff001002-a253-446f-bd52-cd12465ba8f8,Guangsian Lin,M,14,0,0,0.4993,0.1652,fitted,0.3296
e636c13b-b176-44ff-bbc1-19d058c6dc81,Axel Morgan,M,0,0,0,0.4992,0.3808,imputed,
f46666b8-a454-42eb-b316-f63ea86eeee2,Brendan Gallagher,M,0,0,0,0.4987,0.3855,imputed,
2647848d-1369-47e2-92bd-193ad9a8834b,Chris Harrison,M,5,0,0,0.4982,0.3024,blended,0.3627
7ad44e60-98f9-4c58-9a73-63eebef2c770,Rey Greenlaw,M,0,0,0,0.4982,0.3985,imputed,
0df3b359-d935-4c79-a16a-ce373f55db07,Ernesto Fajardo,M,10,0,0,0.4981,0.179,fitted,0.166
d3f8e393-978f-4529-96bc-d0c54b5422c2,James Wolf,M,13,0,0,0.4978,0.1248,fitted,0.2914
5ba3597f-0147-4420-bbc3-00da18ccf339,Justin Hunter,M,0,0,0,0.4977,0.3618,imputed,
2cb697da-8f48-4208-95ff-7e419fbc0013,Rachael Fitzgerald,F,23,0,0,0.4971,0.106,fitted,0.3274
645fef2e-5e60-4264-bbd4-dd99378b4a7d,Josh Barber,M,9,0,0,0.4968,0.1704,blended,0.3724
7bdd399d-fcb1-404f-ba07-afbf4c47bb3a,Ajit Kurki,M,87,0,0,0.4964,0.0729,fitted,0.2911
fe290a4f-f158-4446-a336-4cefd4b03f88,Nicholas Khamphilath,M,4,0,0,0.496,0.2907,blended,0.2422
4a7604e0-0f45-4057-8da0-bbfd0a58df83,Cami Blake,F,34,0,0,0.4928,0.1233,fitted,0.3354
b0472d71-815e-40ec-85c7-24fc82d96aa7,Quentin Cano Perez,M,9,0,0,0.4886,0.2569,blended,0.3429
093e132a-0458-472b-aaee-ee7e15d25e20,Chris Jammal,M,0,0,0,0.4883,0.3552,imputed,
2c9e0897-8e8f-431c-a9a3-cb94dc20db87,Abhishek Bhargava,M,0,0,0,0.4872,0.365,imputed,
94d555fb-0678-4544-b959-ac56c3e04579,Lova Metor,M,35,0,0,0.4865,0.093,fitted,0.2487
24415389-0764-4512-a3e8-ddee23d96417,Evan Zoeteman,M,19,0,0,0.4864,0.1185,fitted,0.2585
f130c658-93f9-40c8-9464-43f297da4239,Roman Kravchuk,M,8,0,0,0.486,0.2604,blended,0.3013
581520bf-6bd3-4c66-9ee3-756f955ec968,Rob Cassidy,M,5,0,0,0.4853,0.2778,blended,-0.0509
0d7764b9-3d03-4a04-a432-54982c8c1b5a,Frank Welsher Iii,M,0,0,0,0.4853,0.3714,imputed,
3bb2c0b4-c5d4-4518-a9e3-0e7df5eae3f1,Braden Shick,M,0,0,0,0.4851,0.4265,imputed,
8cefb109-0044-4545-a5c3-0cfb4df51612,Tavon Morrow,M,0,0,0,0.485,0.396,imputed,
e2aad728-1808-40cd-9385-c431792fc519,Yuki Sugiyama,M,8,0,0,0.4842,0.2141,blended,0.341
d74cc190-6e14-4db8-89e2-603f2a655691,Derek Kraje,M,0,0,0,0.4838,0.4345,imputed,
8172788a-eec8-4064-90ee-a01dd09e2729,Jaikin Gomez,M,49,0,0,0.4836,0.0836,fitted,0.2418
7e657393-16e5-4dd0-b230-47ffe15b6581,Gerald Ferrer,M,2,0,0,0.4832,0.3695,blended,0.167
5345aedd-9a86-4422-9a99-06e7e558fe8e,Radoslav Petrišin,M,4,0,0,0.4829,0.204,blended,0.3151
1bc9c639-a367-40ed-a533-fc25d0bb0704,Nebojsa Buha,M,18,0,0,0.4822,0.2352,fitted,0.3133
ae298393-4c55-402f-85be-0745205cd490,Jay Buxton,M,0,0,0,0.4821,0.4481,imputed,
8457eabc-75f8-4a1a-bf0f-781141745cd4,Dmitry Ivanenko,M,14,0,0,0.4816,0.1427,fitted,0.2884
e04005d5-30ae-44cd-9dae-8591e90b3ec6,David Dutrieuille,M,0,0,0,0.4816,0.4238,imputed,
f503299d-9080-4128-849c-53ede15830e6,Marija Venta,F,10,0,0,0.4809,0.2058,fitted,0.3759
e9681f77-3451-48cc-be64-e863afd2716a,Carter Wittendorf,M,0,0,0,0.4795,0.4626,imputed,
12682fd5-cce0-4377-aa0e-c234e1be6638,Jesse Ferlianto,M,8,0,0,0.4794,0.2434,blended,0.2646
5b55f779-6256-40ca-b283-de2b7f97cd8e,Dino Dinopoulos,M,4,0,0,0.4794,0.2859,blended,0.4586
d0f63c78-f753-45d9-a510-1b05298ea680,Erik Forsythe,M,0,0,0,0.4791,0.3411,imputed,
73059c6e-2fdb-4d82-90da-3c3c524a9c50,Christina Chin,F,0,0,0,0.4791,0.4128,imputed,
9c48e40b-ebfa-49d4-a3b9-c487c0248567,Aibika Kalsarieva,F,0,0,0,0.4788,0.3819,imputed,
2adf9a96-2b76-47e2-a9d1-739b146aaf24,Ryan Morris,M,12,0,0,0.4781,0.1595,fitted,0.3986
bb20d284-a077-49bd-8409-a3452e3067f3,Kevin Caulfield,M,8,0,0,0.4778,0.2656,blended,0.2612
220e3821-0cac-4fce-a722-a079a5359262,Casey Garretson,M,8,0,0,0.4778,0.1561,blended,0.221
383faf29-4e73-4c12-a1b9-2513287d1449,Nicolas Visser,M,0,0,0,0.4775,0.4132,imputed,
6cea98b2-6f2a-4759-9e98-5f878e2e3bf4,Thomas Provost,M,51,0,0,0.477,0.0965,fitted,0.2951
bfff61ed-6e32-441f-931d-8acf81c09dd3,Victoria Helmuth,F,8,0,0,0.476,0.2522,blended,0.4348
ef8fa89c-c1aa-45f6-ad44-6900d0161013,Austin Walker,M,0,0,0,0.4758,0.4257,imputed,
37e3c67c-bc80-4057-af95-b15bcc682ac7,Jake Walker,M,0,0,0,0.4757,0.4177,imputed,
f693cb7c-cb15-4d8f-97ad-3f4c506969f3,Peter Luck,M,0,0,0,0.4756,0.4209,imputed,
ba556542-ec4b-4655-98ca-e43a9fcc2d90,Bharat Karunakaran,M,0,0,0,0.4753,0.4075,imputed,
25c91ff7-a843-48ee-869d-168ec99c3627,Jay Jaudon,M,0,0,0,0.4749,0.3828,imputed,
086c9ee0-0aa3-4d2e-bc64-22a683f44d73,Ahmad El-Zarif,M,34,0,0,0.474,0.1237,fitted,0.208
8991011d-c11d-4049-a5ec-4cdf1421c607,Immanuel Zion,M,50,0,0,0.4731,0.0958,fitted,0.2694
a4d7d850-04d6-4853-9047-9e564db36a53,Colby Ing,M,4,0,0,0.4729,0.3541,blended,0.3147
8aac4bf9-2442-48f4-83c1-589b0a00b071,Mulima Mulenga,M,17,0,0,0.4725,0.1525,fitted,0.2855
54b45fcd-72f8-4cfd-9a37-3c3a0989f56c,Alexander Valencia,M,33,0,0,0.4721,0.1239,fitted,0.229
fd06ae1c-aa59-4e87-9dea-e7beffc9d2a7,Willy Chung,M,8,0,0,0.4711,0.2284,blended,-0.0154
8317b1ac-3305-4c5a-b1f4-c67236698fbe,Nate Gross,M,14,0,0,0.4701,0.262,fitted,0.414
ea5821d8-1e51-4a17-8737-dc4e637c6318,Monica Lyskawa,F,11,0,0,0.4692,0.2752,fitted,0.2898
1200ce66-fde9-43a6-88e7-8c7768620435,Hung Pham,M,0,0,0,0.4686,0.4037,imputed,
73b7112b-2931-4e94-aefc-ed9bdf310998,Adnan Aidi,M,7,0,0,0.4681,0.2087,blended,0.2769
7bf10f67-cf48-4d2d-96ea-4e7d2646d9a8,Ryan Smith,M,0,0,0,0.4674,0.3721,imputed,
ad7b7a03-f1df-4756-b921-2463684625d4,Kaden Seward,,0,0,0,0.4674,0.4622,imputed,
3c4d3fd2-9cfa-41c2-ad81-ebfa7620cc5a,Michael Silvio,M,10,0,0,0.4673,0.2125,fitted,0.0452
2740538c-e5a1-4eb0-b169-94b1109733a8,James Wilson,M,5,0,0,0.467,0.2722,blended,0.4541
65e4dc38-128f-4566-8108-7ecca92f6087,Angela Simon,,0,0,0,0.4665,0.4393,imputed,
875ed596-6185-4af8-9e03-fee0cb065d3d,Christian Franke,M,0,0,0,0.4652,0.4144,imputed,
d997b6e9-fbde-44ef-a65a-6438ccd6ce13,Frazier Springfield,M,0,0,0,0.4643,0.4119,imputed,
0ccab93d-398c-40a8-821f-07a2ded79dde,Zoeya Khan,F,87,0,0,0.4634,0.0713,fitted,0.2644
aabcf6ba-177f-4f35-ade3-0ea5de2f193f,Ben Slive,M,0,0,0,0.4633,0.3549,imputed,
70f7b4c5-fcac-495d-a6f5-549f88219737,Pepe Batalla,M,5,0,0,0.4621,0.2825,blended,0.1674
850116be-7d0f-4325-ab06-1f37dd3d1c7e,Steve Deakin,M,0,0,0,0.461,0.3616,imputed,
ec520acc-1c89-43ca-afd2-eea92a7f03bd,Jordan Kinney,M,0,0,0,0.4603,0.4205,imputed,
96b58008-66ab-46cc-a4b4-354e02763f19,Jason Weidman,M,0,0,0,0.459,0.3994,imputed,
453e8dfb-9820-451b-a606-67cfbac8631a,Jing Robinson,F,10,0,0,0.4588,0.1716,fitted,0.2715
dafc4c81-f88d-46cd-ba95-938451cfc7c3,Matthew Pokorny,M,0,0,0,0.4583,0.4101,imputed,
07c23d16-4200-4778-b78e-ab7bf6951754,VU Nguyen,M,5,0,0,0.4579,0.2795,blended,0.2203
54802c22-9972-4711-a229-2aa747fe071b,Noe Sariban,M,7,0,0,0.4572,0.3091,blended,0.2427
5c318788-e991-40e2-8da2-5d59011ceb3c,Erik Rosner,M,0,0,0,0.4572,0.3826,imputed,
ece1da5c-10cc-41a6-bc48-66d82a4ea10c,Prycen Haas,M,0,0,0,0.4571,0.3578,imputed,
04158680-ebb3-4554-96a1-500cc6d00882,Chloe Igleski,F,106,0,0,0.4557,0.0666,fitted,0.2526
493dbda3-57bd-42ed-b689-f1dbf26ced7a,Alexander Qi,M,0,0,0,0.4552,0.3793,imputed,
b3f48e8c-c552-4a9c-b200-42de913820ad,Brenden Everhart,M,68,0,0,0.4551,0.0698,fitted,0.2562
2b508074-59ec-455c-8974-31de393bc165,Lyn Yuen Choo,F,0,0,0,0.4551,0.3987,imputed,
0ea812f2-1542-4acd-bf98-ee7ba02dd729,Beau Kojima,M,0,0,0,0.4549,0.404,imputed,
7cb95dcc-55b4-4c3f-90aa-610dae154419,Taylor Rhinehart,M,7,0,0,0.4534,0.1853,blended,0.2492
85f275ba-2e34-4ba5-8e40-3469047c0eb4,Marcello Bettinelli,M,8,0,0,0.4531,0.1868,blended,0.3042
13f96392-08ed-48b0-aaf6-20563021588f,Matthew Kawamoto,M,0,0,0,0.4529,0.3678,imputed,
870a85a3-15db-4d1b-9f2f-ad2b3ba688fc,Gonzalo Nunez,M,0,0,0,0.4518,0.4304,imputed,
10305bd1-b475-4fd5-9a32-aa03d8d988b9,Gorka Sanchez,M,0,0,0,0.4512,0.4224,imputed,
1f90b0ab-f6eb-4b7c-b500-ac374c978857,Noah Torres,M,69,0,0,0.4508,0.0749,fitted,0.2444
b6fce5c1-aa0d-4205-963b-39a3922cdba2,Noah Hlavac,M,17,0,0,0.4508,0.1288,fitted,0.2268
8dab85af-65e6-4b2a-8769-b7697e60f36d,Dan Granot,,0,0,0,0.4507,0.463,imputed,
c5964640-5d39-4c95-b6a4-7a1faeda89a6,Amanda Rosati,F,23,0,0,0.4499,0.1321,fitted,0.234
ea6de427-cf66-45c3-a52a-7b4959309226,Brock Rzesnowiecky,M,30,0,0,0.4496,0.1153,fitted,0.2296
b62bbf31-a191-4912-a701-063b97ce356a,Varun Ganti,M,0,0,0,0.4493,0.399,imputed,
f5adee68-1c88-44b0-af6a-4d24173d4cc4,Pei-Yu Lai,F,13,0,0,0.4472,0.1913,fitted,0.3885
3d67b6d0-063e-466c-a475-7679d0764354,Austin Bricker,M,7,0,0,0.4464,0.2252,blended,-0.1485
eec3011f-7d3f-4fec-9b2a-21a9f80bcb3a,Martin Clark,M,0,0,0,0.4463,0.4046,imputed,
100936b6-8837-453b-8c21-db945fb6b049,Ngo Dang Jr,M,8,0,0,0.446,0.176,blended,0.3042
9972caa3-8ae5-4559-b5f3-720f9cb6317b,Zac Hirschler,M,0,0,0,0.4457,0.371,imputed,
93cfbc66-7b53-4a74-badb-32e891b19c23,Antoine Schaub,M,6,0,0,0.4455,0.225,blended,0.261
33906d89-45c4-4e62-b680-5aa6a89f40be,Joel Waiwaiole,M,0,0,0,0.4451,0.4048,imputed,
623c9f3d-7974-463d-8e10-0b290ed48533,Alicia Lai,F,21,0,0,0.445,0.1296,fitted,0.2616
4f142e8d-9a57-41cb-a89b-5b4c3af752fa,Ella Boydston,F,0,0,0,0.445,0.3857,imputed,
889cb986-b23e-4eed-ba24-ec836602965c,Nick McCollin,M,0,0,0,0.4447,0.3921,imputed,
bf08506d-dd1b-44e7-af1a-20a2772d986f,Lucas Guidroz,M,0,0,0,0.4434,0.3936,imputed,
64e104e8-d388-4d03-9eb9-e3f836ef942c,Tia Elpusan,F,0,0,0,0.4422,0.39,imputed,
f5a17d73-3903-4414-8eca-14c6a2192315,Matthew Minton,M,3,0,0,0.4421,0.4068,blended,0.3293
0ed76ff4-86b1-428f-9154-339dadc2dc07,Benjamin Klein,M,40,0,0,0.4421,0.0974,fitted,0.2359
e45003d7-619a-4b5f-87a6-c8713ce98cda,Gabi Dekkers,F,5,0,0,0.4419,0.2761,blended,0.3
9753b075-c90e-46c9-900c-6ff4e86e18be,Bradley Saffran,M,3,0,0,0.4417,0.2911,blended,0.4221
b3dd67b6-42ba-4109-b974-149162bb7211,Federico Nani,M,7,0,0,0.4408,0.237,blended,-0.0155
3ddd7821-36c0-44ff-942c-8822a746fe97,Alexander Lewkowicz,M,7,0,0,0.4407,0.2859,blended,0.1772
03635421-9a11-4b4e-a29f-e44b3a513b41,Taine Bernhard,M,14,0,0,0.4394,0.2296,fitted,0.3755
b7baa566-6b19-48aa-9e0c-6a0c0f9f0322,Nigel Lee,M,18,0,0,0.4394,0.1545,fitted,0.352
c1a46ce0-a228-4959-bea7-c365b285551e,Brittany Yang,F,22,0,0,0.4381,0.1103,fitted,0.2598
5da57cf9-dfc6-41f5-b853-48f191b873bf,Roman Estareja,M,2,0,0,0.4375,0.4266,blended,-0.0003
acccaab9-c68e-4be6-b2fd-9be5c9d9cc7c,Bennett Miller,M,15,0,0,0.4367,0.1387,fitted,0.1901
751b3508-0e63-4984-9ddc-1d640c1ce7d6,Ethan Fukuda,M,0,0,0,0.4365,0.4417,imputed,
88208c8a-5718-41db-b156-0d45b9d54c6e,Ngoc Trieu Tran,M,0,0,0,0.4365,0.4129,imputed,
222bf2cd-da9b-4c4c-ab99-0fa77bec15c6,Jason Loyd,M,22,0,0,0.4358,0.1632,fitted,0.1178
36d3682a-5570-4a4f-a3ca-71d1e215ce71,Evan Addington,M,0,0,0,0.4349,0.3819,imputed,
d0bac3dd-65e3-4682-9928-7344468332a5,David Creswell,M,33,0,0,0.4347,0.1201,fitted,0.1836
6ddc6413-ec78-4979-8a07-3e00630a9cb2,Blake Goodman,M,33,0,0,0.4343,0.0853,fitted,0.1875
a02fa344-be6e-4ffb-aaf8-d944c42a2a3b,Simone Kessell,F,5,0,0,0.4321,0.2718,blended,0.4558
bc83d736-0435-4230-b089-591e35878ea8,Tiến Đạt Lê,M,0,0,0,0.4319,0.426,imputed,
4214dfa2-6d13-43c3-b98b-f36e4556402d,Kayla Williams,F,44,0,0,0.4314,0.091,fitted,0.2352
35c0ffce-750c-486e-89c1-4b206ddc8446,Bradley Mixson,M,0,0,0,0.4306,0.4128,imputed,
38fdc174-96d6-459f-a27c-df35eb9f945c,Ashley Griffith,F,90,0,0,0.4301,0.0747,fitted,0.2334
ec5b120d-b707-4d35-8819-f9076fd075ac,Davis Weatherston,M,0,0,0,0.4301,0.4581,imputed,
18937216-cae1-4075-bda0-2fef0fc6c392,Ninh Nguyen,M,0,0,0,0.4299,0.3594,imputed,
ad6e69ff-7913-4b21-86dd-9489f749be01,Paula Rives,F,55,0,0,0.4298,0.09,fitted,0.216
77de556d-f966-488a-83fa-78cadad8bf53,Jared Eaton,M,0,0,0,0.4293,0.4418,imputed,
1c565be0-8543-4679-8dad-1bc917b2f41c,Alexandre Gauthier,M,21,0,0,0.429,0.1914,fitted,0.1904
34270d82-e968-407d-a918-8aa57f0123a6,Elsie Hendershot,F,46,28,10,0.4286,0.092,fitted,0.2352
bcc72b93-5072-475b-a088-e8cffc39af23,Mason Durbin,M,0,0,0,0.4284,0.3595,imputed,
42f928d1-d33d-4f8a-b6f4-90d785e60cbe,Parker Dyer,M,0,0,0,0.4272,0.3905,imputed,
c31e65ba-7190-4460-a5c8-de68303d5e83,Vishal Masand,M,0,0,0,0.4271,0.391,imputed,
fb7e4199-a3a6-40bf-a35a-bc705ae55170,Brandon Schenck,M,3,0,0,0.427,0.3923,blended,0.3074
10ead23b-57fd-4733-a8a5-3728d9f326e3,Rafael Kayo,M,5,0,0,0.4263,0.1978,blended,0.1237
f0ae0f15-acf0-4078-ad9b-89631286615b,Jason Lui,M,0,0,0,0.4257,0.4262,imputed,
c7e5faaf-722e-43ea-a652-316dde5de973,Landon Ivey,M,17,0,0,0.4247,0.152,fitted,0.168
6ada9075-a25a-47aa-9da4-a405891d7fa6,Victor Marquez,M,0,0,0,0.4247,0.3735,imputed,
034a3000-2e5e-42b5-9b6a-1a821b967ebd,Gregory Zukeran,M,10,0,0,0.4246,0.2433,fitted,0.1192
9647bc45-f17b-43c8-9658-32448d4d95b9,Leah Tauber,F,0,0,0,0.4243,0.4027,imputed,
b4d53958-c030-4f71-83e5-409a096ae3d4,Courtney Nguyen,,0,0,0,0.4236,0.4622,imputed,
6e0c0d57-704c-4148-9229-1c623b611919,Perry Wang,M,0,0,0,0.4231,0.3677,imputed,
a973d880-71ca-48d1-b127-a7e23afd5a19,Matthew Mead,M,139,0,0,0.423,0.0568,fitted,0.2006
90971714-31bc-450e-a48d-4f5616567593,Thomas Hoffman,M,0,0,0,0.423,0.4239,imputed,
4b63265f-a11b-472e-b40c-f48ea36f6400,Evan Hollinsky,M,0,0,0,0.4227,0.4463,imputed,
46ebfff1-6bd1-4b9d-8840-d35fcf22b0c1,Keegan Bigoness,M,5,0,0,0.4215,0.3143,blended,0.1018
de21623d-c2df-4c7c-878f-7740456e4e76,Connor Maris,M,6,0,0,0.4215,0.2914,blended,0.3182
70a7b10d-f4dd-4f9b-a34c-c4ff95eed0b5,Ethan Pipitone,M,9,0,0,0.4214,0.2209,blended,0.3189
0adb0afb-cd3e-4d81-b914-c1971ce16403,Mario Porcelli,M,0,0,0,0.4213,0.4518,imputed,
e8249159-5daf-4a7e-832e-990247a1f742,Ammol Ramchandani,M,0,0,0,0.4213,0.3967,imputed,
87aab5b2-a93e-4cec-89c9-0d0cc3802318,Kaitlynn Hart,F,13,0,0,0.4211,0.1726,fitted,0.1818
0c80fb8f-dca2-4b40-a6f7-130dfb06448c,Kevin Chen,M,0,0,0,0.4202,0.443,imputed,
6ae70906-53f3-49ed-a7a1-8d967a528300,Chas Howard,M,38,0,0,0.4201,0.1167,fitted,0.1571
3343b266-cf5f-4212-9fff-dab2f8872ddd,Dillon Segur,M,3,0,0,0.42,0.3018,blended,0.3524
ba4955e1-4967-4328-8ec0-836fceaea4d3,Kevin Qian,M,3,0,0,0.4192,0.3995,blended,0.2913
21787278-0f3a-4bcd-9d1f-e73deac5d400,Averry Chew,F,10,0,0,0.4191,0.2381,fitted,0.0845
a9e5e773-6d7d-4d35-927d-49b0fa031a3e,Jacqueline Burdette,,0,0,0,0.4188,0.4397,imputed,
a04f5c50-9eb4-4895-aed6-d7f922e11251,Koji Pedersen,M,42,0,0,0.4177,0.1167,fitted,0.2022
299b7e0f-d9e3-4495-8d36-2309ebdf9478,Minh Nhật,M,0,0,0,0.4177,0.4247,imputed,
1f1b392b-534c-4418-805b-34d5c13377bd,Hercilio Cabieses,M,0,0,0,0.4174,0.4044,imputed,
50982c9d-4d95-48ce-8e38-6704fde63599,Thomas Romano,M,0,0,0,0.4174,0.3426,imputed,
834a140a-bc69-4130-b24a-3e7e6e9f4780,Dixon Doege,M,5,0,0,0.4172,0.2414,blended,0.2774
585c0024-286f-4489-ab4e-ab713ed71252,Ryan Dawidjan,M,0,0,0,0.4169,0.3446,imputed,
6c7a2a53-e724-4832-a1a3-7112c4463099,Matteo Cugliari,M,6,0,0,0.4164,0.1961,blended,0.2575
020d8ae2-4895-4135-b7dc-6f43b34c9926,David Hall,M,0,0,0,0.4153,0.3953,imputed,
b43c46a3-0b98-4fdb-aa93-6c3982761aeb,Rob Hutchins,M,8,0,0,0.4151,0.2629,blended,0.2822
9db29a7a-1fce-4394-a1f0-a5fbd2bc2e7b,Jake Anderson,M,0,0,0,0.4151,0.3396,imputed,
2f501a7d-c1f6-48ca-9e0f-8335475e7599,Eliana Ling,F,14,0,0,0.4148,0.1376,fitted,0.2417
3c356589-aa1c-4cca-a36e-a43bfc2582ec,Sandeep Kanchiraju,M,3,0,0,0.4142,0.3842,blended,0.2624
101d71dc-f3de-4de0-a699-429c0667811f,Altaf Merchant,M,0,0,0,0.4127,0.3748,imputed,
a33fae19-76c1-4ec3-9845-2b2b471baa70,Johnny Goldberg,M,0,0,0,0.412,0.3482,imputed,
e2cb7124-0530-49e0-aa93-c80fba7fb0f9,Phong Dongxuan,M,0,0,0,0.412,0.4382,imputed,
31cb7020-4b6a-4788-9e37-c2d70892d76f,Julian Hall,M,5,0,0,0.4108,0.3554,blended,0.2949
1def5379-b6cb-45d2-a57c-342047ad2b99,Harry Tan,M,2,0,0,0.4096,0.3346,blended,0.4096
09121f0d-6430-473a-bf59-154923b95483,Brett Warner,,0,0,0,0.4092,0.4395,imputed,
571d4503-e073-4580-a555-be3c7f93c59c,Chuck Taylor,M,6,0,0,0.4087,0.2575,blended,-0.0059
186dc46f-2cf3-41cb-bfcb-a9f8fe1b38d5,Alex Fairbanks,M,8,0,0,0.4086,0.2597,blended,0.0913
df8c0e05-75ea-4ef3-923e-685ff05f23f5,Selim Ben Ali,M,22,0,0,0.408,0.1648,fitted,0.1327
cbfbb61e-c9de-4ef8-b68d-26fe027d14b9,Anders Jansson,M,0,0,0,0.4077,0.3743,imputed,
a542c7e8-5602-480d-9fd2-b870091858e5,Chloe Zigliara,F,44,0,0,0.4073,0.0919,fitted,0.2541
e0c80aa0-cb42-47cb-a487-02660638bd80,Garrett Ivey,M,12,0,0,0.4065,0.1724,fitted,0.1555
9ca93d3c-68c2-4d4f-a534-fc4b00bfe362,Collin Vero-Casavant,M,0,0,0,0.4059,0.3732,imputed,
40a21e10-dc44-4ce2-8419-07e755dcd61f,A.j. Scarp,M,0,0,0,0.4054,0.3953,imputed,
ca3a3394-b5c4-4c95-9d31-910d4ce5bc9c,Brandon Fritze,M,4,0,0,0.4045,0.3017,blended,0.2684
8046c82c-95d0-4e3a-80ed-5c01f7baeb7e,Derek Del Rosario,M,4,0,0,0.4036,0.3156,blended,0.2478
ad300392-ea7f-4445-893d-1b483e8f5571,Karyn Weiss,F,9,0,0,0.4034,0.2539,blended,0.5138
7373777c-5fd6-4386-b471-cae504678696,Jon Nilson,M,11,0,0,0.4034,0.243,fitted,0.1353
a9d39520-a369-4751-a09b-cb57e323e279,Chinh Vo,M,9,0,0,0.4031,0.251,blended,0.3339
b871e2a8-3498-47b9-a7c5-e75030bc1b35,Keith Read,M,0,0,0,0.4021,0.3555,imputed,
4c87b545-c39a-482a-aa24-0ce2951f20d8,Connie Lee,F,21,0,0,0.4014,0.1465,fitted,0.2012
90b27004-f6bd-4a12-9cfa-acde87301310,Joel Cassens,M,0,0,0,0.4013,0.3591,imputed,
a0582749-fb23-42cc-98ed-1915464c4814,Luke Wasson,M,136,0,0,0.4009,0.0658,fitted,0.1358
bd7773b4-7b8e-4da2-96ce-98fe3490ee93,Lindsey Newman,F,85,0,0,0.4007,0.0654,fitted,0.1913
1e754a3f-b603-4e6f-b3d0-2cdd8819a267,Tucker Segars,M,29,0,0,0.4001,0.1134,fitted,0.1425
cd71f5e4-529b-43e0-ae28-2c9127711ae2,Charles Case,M,0,0,0,0.3997,0.3813,imputed,
ad27fa70-ef8e-493c-8871-caf9afce0801,Dave Weinbach,M,0,0,0,0.3992,0.3508,imputed,
3b7dc75e-0c73-4576-872a-a32e27106d67,Cole Whitaker,M,0,0,0,0.3989,0.3591,imputed,
a24cda6f-8b16-4ea5-86b9-28a119081214,Itziar Rios,M,10,0,0,0.3987,0.1697,fitted,0.1515
7553976e-139a-455a-b6b2-a101580cfce2,Andrew Horridge,M,14,0,0,0.3983,0.1898,fitted,0.0531
bce96858-ab10-4ff3-9692-d32eab2a5b3b,Talia Saunders,F,4,0,0,0.3976,0.3279,blended,0.2779
f40135fa-ed68-4d6f-9dbd-a9fb0a210e4b,Justin Slattery,M,12,0,0,0.3974,0.1962,fitted,0.0648
666db10a-f8de-4310-a988-cb0005f38a30,Edgaras Zilys,M,10,0,0,0.3964,0.1929,fitted,-0.064
ac1c629e-1b51-4d30-94ef-f76ef5de2028,Thomas Beamish,M,0,0,0,0.3963,0.4593,imputed,
48ce5c4f-4fdb-472e-ac84-a95204554411,Daniel Weber,M,0,0,0,0.3962,0.4027,imputed,
42e4adb8-6fef-4278-8f1e-f76c012dc754,Matthew Krakowski,M,9,0,0,0.3961,0.2696,blended,0.2174
ee721710-987a-460f-a96b-cc17014117d6,Nick Vanderwarf,M,0,0,0,0.3956,0.451,imputed,
f88138cf-6e2c-476a-ba4b-d9f40234575c,Joshua Yoo,M,0,0,0,0.395,0.3704,imputed,
bf474dff-8428-4ed0-96a2-faeb66019944,Mandy Corbett,F,7,0,0,0.3946,0.2345,blended,0.4662
550248f0-e87f-4e76-9d88-9f55c89fb659,Rodrigo Grajales,M,92,0,0,0.3937,0.0646,fitted,0.1829
a82abd2b-68f2-4b4c-ba37-8b919661eccc,Jason Ma,M,17,0,0,0.3933,0.12,fitted,0.1878
3632e637-0d7a-48fd-9686-f57fea802978,Chase Nuttall,M,0,0,0,0.393,0.4506,imputed,
42f60d5d-b964-45d5-9bf4-5e7947300edd,Matvey Radionov,M,0,0,0,0.3929,0.3688,imputed,
542dfd2e-9e80-419e-b884-313fdeefb07c,Madison Wolfe,F,8,0,0,0.3919,0.2366,blended,0.2817
f8350c4d-939a-471f-b769-20b5546a6231,P H,M,0,0,0,0.3908,0.401,imputed,
d1045e15-2ae2-4e2c-b7ba-21a326affe05,Alexa Quintanilla,F,11,0,0,0.39,0.1582,fitted,0.161
ab9bc20e-b332-49a7-b09f-65567a588ccc,Anudeep Kodali,M,0,0,0,0.3884,0.4011,imputed,
e9b96752-ca0f-479c-a4be-01d0db777051,Matt Haugdahl,M,23,0,0,0.3882,0.1546,fitted,0.1528
d56a6779-9a18-4f34-9519-9a7c7c8b2d0e,Derek Shearer,M,7,0,0,0.3881,0.2703,blended,0.0709
7864fbf6-245b-40e7-af07-0fb16958c3c1,Kamden Bradstreet,M,8,0,0,0.3879,0.2355,blended,-0.0042
ef691416-a6df-4b2f-aff3-267948fc1da6,Daniel Couzens,M,0,0,0,0.3872,0.3641,imputed,
37a880e9-c698-4595-b15b-92cc32d90ad1,Gabriel Zimeri,M,0,0,0,0.3869,0.4345,imputed,
7a042b59-1053-4447-89ea-4de712246c97,Ben Davis,M,0,0,0,0.3868,0.3674,imputed,
7a94bfbc-ffb1-452a-916b-79b5f3882d64,Haddow Thul,M,0,0,0,0.386,0.392,imputed,
de16fee2-9205-4559-9fe7-48b918184e8a,Ethan Dysert,M,13,0,0,0.3853,0.1721,fitted,0.0654
ed0f1751-16db-4125-9ea7-bbfdf2ce0a4f,Josh Nix,M,4,0,0,0.385,0.3727,blended,0.2687
2b56b414-7c42-4609-8b2c-285506bef036,Jayda Maldonado,F,4,0,0,0.3836,0.2454,blended,0.2724
151e7b82-d03b-4824-8a65-3848ee5d8d26,Seth Fogelman,M,0,0,0,0.3825,0.4378,imputed,
5a2bcefc-c495-4a2d-b3cc-03b6cdecd84f,Xiao Yi Wang-Beckvall,F,10,0,0,0.3811,0.2454,fitted,-0.0826
5d73e0b9-a7f9-4521-961b-8d79742ee23f,Albert Wan,M,0,0,0,0.381,0.3573,imputed,
482a2a18-5d10-4958-98a4-25da4fddc9a7,Lina Romero Alarcon,F,11,0,0,0.3807,0.1553,fitted,0.2115
001e944e-7159-46c8-afe6-63c2754d9241,Brodie Smith,M,0,0,0,0.3805,0.3595,imputed,
941ee654-0687-490d-b570-8e779ceff2ac,Florencia Rossi Luqur,F,0,0,0,0.3799,0.3965,imputed,
e88d8638-f461-425b-81a3-a939038406ec,Pierre-David Turmel,M,0,0,0,0.3795,0.4042,imputed,
db824b1b-d422-46dc-b8a7-8cb41f546165,Harsh Nanavati,M,0,0,0,0.3794,0.3879,imputed,
e8769c70-ce67-4ff6-b6fb-dae5a6933fb1,Logan Peterson,M,0,0,0,0.3792,0.4085,imputed,
a38e73e2-c495-40f7-ad96-11d5292e6126,Ian Simms,M,7,0,0,0.3787,0.2751,blended,0.3021
ba7380b8-4820-4239-89d2-772b9c853839,Logan Rosenbach,M,0,0,0,0.3787,0.353,imputed,
78e7433d-724d-4c65-bc6b-d3b3ff4ebef0,Josh Nipperess,M,6,0,0,0.3782,0.2469,blended,0.216
c62c2081-d9ce-4750-93f5-c9163bf46f74,Yaamunan Venkatesan,M,11,0,0,0.3778,0.1955,fitted,0.0736
2be900df-9a2e-4703-b1e3-8f19fe0b0e0b,Andre Vahdat,M,8,0,0,0.3776,0.2295,blended,0.2601
6daa1e6e-a13b-4900-88ef-9165c3c3b291,Darren Crabtree,M,7,0,0,0.3773,0.2331,blended,0.2313
46a6cdd3-2a5e-4ef1-b38f-8224f86df72e,Aman Patel,M,3,0,0,0.3771,0.2935,blended,0.2495
1d775d93-6cbb-4ed0-addc-244a46d15aae,Louise Kwong,F,59,0,0,0.3768,0.0854,fitted,0.218
c6e93231-0965-43e8-9b11-fc48a498882d,Daniel McAuley,M,3,0,0,0.3767,0.3745,blended,0.1643
5a6d561e-a3e7-4348-a978-bea26d8d13d0,James Thorp,M,0,0,0,0.3767,0.4098,imputed,
167d12a0-7178-4d10-be8c-ba2d19e3ab5b,Matthew Schiller,M,0,0,0,0.3756,0.4015,imputed,
f39e2a8d-d7b6-4b66-bfeb-468b82870920,Anton Gudz,M,58,0,0,0.3746,0.1386,fitted,0.1494
d1ca938d-f130-4aa7-a753-1004bd0661e6,Caroline Maguire,F,76,0,0,0.374,0.0639,fitted,0.1947
5fcfd16c-01fc-4450-969e-73a2d733e224,Preston Lynch,M,10,0,0,0.3739,0.1751,fitted,0.1263
8444954b-9097-4ddc-b220-7d99d255c53a,Michael Massih,M,3,0,0,0.3733,0.3605,blended,0.2499
1b414aad-42ff-4237-aab5-eb9a07817b20,Dominic Denardo,M,10,0,0,0.373,0.1675,fitted,0.1667
cc30b29b-d822-41f0-94b8-f956ca75a0d4,Lâm Trần,M,0,0,0,0.373,0.4281,imputed,
ef3c46ef-52d4-4832-98ea-631f1abcf2f3,Timothy Aurelio,M,7,0,0,0.3729,0.1832,blended,0.2073
1bb4e304-37c1-43eb-b223-6eb45ab3b78a,Madeline Schulte,F,56,0,0,0.3725,0.144,fitted,0.1775
92b20d3a-70c5-453e-8b2d-38c1c552b693,Edward Kim,M,50,0,0,0.3719,0.0827,fitted,0.1524
75d018f2-dbb5-4e39-b08b-f0f40fd0cc30,Conor Robertshawe,M,13,0,0,0.3719,0.1614,fitted,0.1677
78ea2a0f-d4e5-4441-bb15-e2cee50ff2cd,Thanh Trung Hoang,M,5,0,0,0.3718,0.2781,blended,0.166
2e802b92-f1ce-47bd-ac37-bc61337923fc,Amit Verma,M,0,0,0,0.3713,0.398,imputed,
07bb4de3-2fcc-4a5a-b210-29a8d692b5e5,Anton Betita,M,0,0,0,0.371,0.4426,imputed,
5a93e247-2892-40ab-b9d8-3b7d420d8198,Torpoom Thongsinthop,M,0,0,0,0.37,0.4525,imputed,
f6e249dc-5bb9-483a-a99f-df364df93341,Kelly Goodnow,F,74,0,0,0.3698,0.0636,fitted,0.1691
57a5785e-8dd2-493d-8d2d-31459d308371,Victoria Yu,F,12,0,0,0.3693,0.2488,fitted,0.1379
127909ff-8248-401f-b4ca-73570851ce21,Dean Loock,M,4,0,0,0.3687,0.4101,blended,0.3289
1c81bffd-a391-4713-9e12-b0be14836038,Matt Baca,M,0,0,0,0.3673,0.3582,imputed,
ac28bb16-a2a2-4b44-a195-af9207c5d8d6,Duncan Hawvermale,M,0,0,0,0.3669,0.4481,imputed,
66d6c944-63ff-400d-a729-da58b13dced2,Vova Zverkovsky,M,34,0,0,0.365,0.1254,fitted,0.1427
21d221ac-e883-45c7-ae0c-92dc49c6d08c,Daniel Fogl-Kulich,M,15,0,0,0.3647,0.1986,fitted,0.1563
5c4a8848-8e77-4893-9c90-9aa188561e1d,Boris Paque,M,7,0,0,0.3646,0.1964,blended,0.2145
9e21488f-cc47-4ec5-8883-b74edc533747,Paige Miles,F,0,0,0,0.3642,0.3935,imputed,
6396521a-e346-4dbb-b306-b2f026d4f547,Julianne Le,,0,0,0,0.3641,0.4035,imputed,
242345e2-db52-48c1-8dd1-719e9624d57a,Jeff Lee,M,0,0,0,0.3625,0.445,imputed,
c114e41a-9038-439d-b968-bade4cc02fb6,Max Carrol,M,0,0,0,0.3623,0.3764,imputed,
8085a986-b03a-4c96-9d50-a42d3cba3934,Jacob Bolkowy,M,6,0,0,0.362,0.2257,blended,0.0353
e1057487-32ee-410e-a97c-75ea718e7abb,Jack Boxill,M,18,0,0,0.3615,0.1556,fitted,0.1431
115a9b03-d217-4b96-b27c-b49e2ded8c09,Troy Clemmer,M,0,0,0,0.3615,0.3858,imputed,
3ecc0545-20db-480f-bfe1-d0d33429f308,Jason Renner,M,2,0,0,0.3612,0.4352,blended,0.2929
3485e17f-3757-487d-af3a-16c5c47da0b9,Cobe Williams,M,0,0,0,0.3612,0.4132,imputed,
2debba8d-e0c6-4fec-9ff2-dcb4732abe90,Chandra Kusuma,F,8,0,0,0.3607,0.2488,blended,0.3225
d07403d3-3753-451f-9ad2-693b658ca1a7,David Hall,M,5,0,0,0.36,0.2873,blended,0.1589
a5cd14a5-96f3-4218-9926-4825b02251ed,Sonny Dackman,M,14,0,0,0.3598,0.1614,fitted,0.1772
40b8abf7-1b09-494c-873f-b407aea70591,Divyanshu Kataria,M,7,0,0,0.3597,0.2324,blended,0.076
8bfeaff6-c994-4463-b950-acb622f1a5e8,Reyna Ash,F,0,0,0,0.3595,0.4031,imputed,
a710716e-7a2b-4ecd-8416-f499c9b120e7,AJ Khawaja,M,0,0,0,0.3594,0.4031,imputed,
31a8f6d6-6693-4020-81fe-974273b4f10b,Tom Van,M,0,0,0,0.3591,0.4541,imputed,
cef7e422-3f58-4058-8c53-3660192f4bd6,Kenny Ortega,M,0,0,0,0.359,0.3665,imputed,
cfabbd90-24c1-46e2-92a9-c9a893077b82,Hoàng Nguyễn Anh,M,5,0,0,0.3588,0.2717,blended,0.3423
7f04bdfe-68d8-4ef9-a33a-f778e62d941f,Nicholas Lefavor,M,0,0,0,0.3575,0.4529,imputed,
9fa6a300-42c2-4a96-b7c0-9afbe1342e59,Adair Garcia,M,7,0,0,0.3574,0.2374,blended,0.0709
87798ebd-4830-4d51-83bc-f85ad1e41378,Maxwell Ruyle,M,0,0,0,0.3567,0.4201,imputed,
3b609732-aeb8-49ef-af26-4321e6e0d151,Bryanna Ojeda,F,57,0,0,0.3562,0.1031,fitted,0.1373
5111e47d-5ce8-4384-bea6-da14612074b7,Zhe Chen,F,5,0,0,0.356,0.2527,blended,0.1948
cc263148-7bf9-4ffd-ba88-3fa56700291c,Jonathan Merchan,M,5,0,0,0.355,0.2495,blended,0.2331
bc0b2e56-fb22-4ab5-8173-07515462c78c,Arnav Duarah,M,0,0,0,0.3548,0.3642,imputed,
2e150a11-2703-4922-8d79-00637d76f7ac,Akshay Harishankar,M,15,0,0,0.3546,0.1528,fitted,0.158
a25afa4a-e601-453e-b36f-c376a6e86d35,Simon Pilt,M,6,0,0,0.3544,0.294,blended,0.0286
fe88195a-860e-4094-ad50-96a6fcebd55f,Syabil Shaharudin,M,5,0,0,0.3544,0.235,blended,0.2505
7ea6e46a-c319-4768-9fb3-a286dd5f69ce,TJ Rudden,M,70,0,0,0.3542,0.0685,fitted,0.1343
48e508ee-f624-476e-9aaf-b58d7d5d6112,Dohyun Lee,M,5,0,0,0.354,0.2275,blended,0.1957
6679adb1-859f-4e6e-a2fa-9a800f5c95a3,AJ Carney,M,0,0,0,0.3526,0.382,imputed,
6e24f405-954d-487e-a419-eb2f5c87ec2f,Nguyen Huy,M,0,0,0,0.3525,0.375,imputed,
985299cf-6904-4a66-8378-dca4684c182d,Isidora Petkovic,F,3,0,0,0.3511,0.2722,blended,0.2742
7d2587cd-0152-4be3-9b29-25d06e5d93c3,Jay Wang,M,0,0,0,0.35,0.4156,imputed,
97850f05-09b2-4a0f-927d-f84aadb80bca,Lionel Ortiz,M,0,0,0,0.3499,0.3723,imputed,
d80c4168-c698-4545-b4b3-fc25d6bc8bff,Nick Zinn,M,0,0,0,0.3496,0.4357,imputed,
400a20aa-6bbe-4cef-bae9-47f4f0e7683b,Stephen Williams,M,0,0,0,0.3491,0.4213,imputed,
5a01fccd-f9b9-431f-a00d-ecf6a4235544,August Doucet,M,5,0,0,0.3487,0.2617,blended,0.1872
59675c83-670b-44a8-bc6b-e34657658b7e,Kelly Kraushaar,M,0,0,0,0.3486,0.4163,imputed,
cc994f98-879e-4ef1-a4e6-bfe46cdaea7a,Chase Blocker,M,13,0,0,0.3485,0.2228,fitted,-0.0288
eb390d9b-37cc-4c36-8972-e7b95cb4c235,Christopher Williams,M,6,0,0,0.3484,0.3146,blended,0.0491
01c3bc8d-edd0-4c85-90c2-f5620efb6d81,Nikita Snezhko,M,5,0,0,0.3481,0.2665,blended,0.2593
31482260-21a0-45c1-a8e5-ba5467027e20,Joel Pelletier,M,0,0,0,0.3481,0.4032,imputed,
a3d34ddb-4671-4703-b4a3-69011d131ede,Tristan Shaw,M,0,0,0,0.3474,0.4266,imputed,
d291c7aa-4552-498c-9566-564bdcd43e7e,Connor Hudson,M,3,0,0,0.3473,0.2899,blended,0.212
5c35babd-ded9-4e8f-a70e-5712c2a95d50,Sophia Phuong Anh Tran,F,42,0,0,0.347,0.1078,fitted,0.1832
2b8fc0f1-b2d8-4c7a-932f-89e262037d90,Kyle Whatnall,M,5,0,0,0.3468,0.2806,blended,-0.0236
6ff20e3d-06ae-4ce4-b487-1ff553681391,HO Hoan,M,0,0,0,0.3466,0.3963,imputed,
21cff7c4-f7a7-4133-8b2b-02b424fd50b8,Joshua Cooperman,M,17,0,0,0.3451,0.1553,fitted,0.1495
3138ce06-22c5-459d-8e83-30ffd8856b35,Luke W,M,0,0,0,0.345,0.4141,imputed,
f3c174a3-27f6-473d-99bb-867fd0c63e41,Blake Lowe,M,0,0,0,0.3448,0.3752,imputed,
cf21b2b4-0f5b-43c0-b8b1-18b64b376cd2,Lucas Pereyra,M,11,0,0,0.3444,0.1801,fitted,-0.0337
90661183-81b1-49aa-b1fe-b977bb7bf272,Jonah Matos,M,16,0,0,0.3444,0.1509,fitted,0.0723
f22d375d-5aa4-4825-afe7-eee0dcb6f437,Ruben Osorio,M,0,0,0,0.3444,0.4182,imputed,
67374341-3f7d-4434-95fe-7b6e826e6ca4,Kevin Dong,M,0,0,0,0.3441,0.3438,imputed,
f4887db9-e26e-4f1f-9634-1bfdfc0d8201,Joel Richards,M,4,0,0,0.3427,0.3691,blended,0.1575
8ad3d8a1-0257-4c30-b91d-4bcc0912ed63,Keishi Mizobe,M,6,0,0,0.3425,0.2567,blended,0.2558
6339dbaa-11a5-463f-9470-168fce97e71e,Spencer Zibas,M,5,0,0,0.3419,0.3248,blended,0.2955
e1dfcd71-f9a9-463c-bf25-926f05c43482,Shayne Nijssen-Smith,M,0,0,0,0.3416,0.4122,imputed,
2a0171dc-c866-4170-9021-78d3c53c7318,Andrew Loftin,M,0,0,0,0.3416,0.3557,imputed,
dde2e60c-2262-483b-889e-fbfeeeca9f98,Mac Young,M,6,0,0,0.3412,0.2882,blended,0.2413
92f4fb1f-bd02-4404-ad22-2472bb89a96f,Aidan Gorneau,M,6,0,0,0.3403,0.2436,blended,0.2664
0f7699a3-b272-452b-8a31-4327962604e6,Paul Lennick,M,0,0,0,0.3401,0.4359,imputed,
68674133-31df-4aa5-bc03-b7d4af1fb2fe,Munroe Durie Pedersen,M,4,0,0,0.3397,0.2089,blended,0.0522
e19074bf-bedf-4f75-bce8-95f7f1efaa69,Dan Clark,M,23,0,0,0.3394,0.1535,fitted,0.1216
17a338c7-a7db-4740-b7f6-7bd5da5d24d0,Corey Dipaola,M,0,0,0,0.3388,0.4044,imputed,
33dcefdb-0308-4ede-80ad-f05ed8c39da6,Naimi Mehta,F,0,0,0,0.3371,0.3904,imputed,
8286d612-dd01-491f-8229-457170029b56,Karen Lu,F,0,0,0,0.3367,0.4149,imputed,
e6992f37-7ef2-4a09-a2b5-1b371fa8b9a9,Sarinreach Leng,M,3,0,0,0.3363,0.3406,blended,0.1857
f561696d-b1fe-483f-888b-e0b75855cbf2,Andrew Gale,M,0,0,0,0.3358,0.4726,imputed,
ea883123-d0eb-4df7-8da2-11b779312f61,Megan McCray,F,13,0,0,0.3356,0.1688,fitted,0.2393
acf6e7dd-d585-4847-b777-8f20645bbc06,Grant Hanak,M,0,0,0,0.3356,0.472,imputed,
b1a77e6b-6663-4270-b2d3-250d9128a500,James Ngo,M,0,0,0,0.3353,0.3952,imputed,
bf96031e-108d-4a37-810a-d43f63339231,Audrey Banada,F,42,0,0,0.335,0.081,fitted,0.1343
521caf06-59f2-4056-a1e7-7f341d50338b,María Pintor Rodríguez,F,5,0,0,0.3341,0.2145,blended,0.259
a25805aa-3d37-4816-a25b-2a7e63752a7b,Yunqi He,F,9,0,0,0.3335,0.1901,blended,0.2659
72bcafef-82ac-4302-b3f3-6e7e475b86d8,Alex Fillat Perez,M,4,0,0,0.3327,0.364,blended,0.1587
f97bf9c8-44e5-4535-826d-77bacc14867b,Siddharth Patil,M,9,0,0,0.3326,0.1704,blended,0.1464
394f3100-c605-46e7-b9f2-9c4e7fa6c3ff,Oliver Wei,M,0,0,0,0.3326,0.3942,imputed,
40ab197e-f916-4039-88de-1cb817d6e520,HE Phoenix,M,15,0,0,0.3324,0.1531,fitted,0.1731
b5256e08-9c6a-4eb3-8fe6-f522b269c1ab,Dana Raugust,F,0,0,0,0.3324,0.3964,imputed,
00ab745e-aec0-4f44-acfb-0c24511b3999,Sarah Pham,F,0,0,0,0.332,0.4062,imputed,
89a43b02-812e-4b8b-963d-f4f08370e65e,Pamela Montez,F,0,0,0,0.3312,0.4698,imputed,
ab85bcae-7487-4b47-be1a-84cec97c19ec,Drew Holder,M,0,0,0,0.331,0.3785,imputed,
456ccd39-e6fb-4c58-a7ae-dd059b022365,Natalie Araya,F,6,0,0,0.3306,0.2342,blended,0.1774
e23954c9-e944-437a-88c5-79654dc33e53,Katie Diaz,,0,0,0,0.3296,0.4158,imputed,
a256084b-ce9f-4afd-9640-04a3528987cc,Carlos Rubio,M,0,0,0,0.3294,0.406,imputed,
27abe9f1-12ad-4e8b-a8ed-97b3362d38b9,Caio Bardauil,M,0,0,0,0.3294,0.3772,imputed,
b202f872-b8cc-40c8-9fea-3ca788996aca,Joel Armstrong,M,0,0,0,0.3286,0.4353,imputed,
3f43e258-294a-4fd9-80b5-795882b1e837,Austin Keefer,M,0,0,0,0.3283,0.4295,imputed,
3e929e47-f22a-440c-925e-1e6080ec7fbe,Alex Gray,M,10,0,0,0.3281,0.2093,fitted,0.0318
0c557fe1-ed48-43e7-8942-9e0e32e2e427,Hilary Toole,F,33,0,0,0.328,0.1011,fitted,0.1395
a49e64f0-0b3a-45c4-bd5a-5916ab606fb3,Gavin Gonzales,M,4,0,0,0.328,0.2513,blended,0.1331
134733d8-255c-47f3-8fd1-e64b3d6194c6,Alexei Chernikov,M,0,0,0,0.328,0.4056,imputed,
319b7de4-3105-44d0-8eb6-9eb8ff0cf1ec,Daniel Johnson,M,0,0,0,0.3278,0.3884,imputed,
47690bb2-18cf-4172-889a-1f9cc5bb6d9d,Amir Tabatabaeian,M,0,0,0,0.327,0.351,imputed,
ced79bd0-0267-494a-be87-251d92272d2e,Nathan Tsai,M,0,0,0,0.327,0.3844,imputed,
e21d9c47-6c04-4417-b649-8e177d0ab636,Allen W Wang,M,0,0,0,0.3262,0.3994,imputed,
0343accd-6e43-4a1b-9afb-c9aaaf2f2e68,Benson Parry,M,6,0,0,0.3252,0.2307,blended,0.123
575f2137-306b-4ecc-9f8b-8c9df43f0d4a,Spencer Lanier,M,0,0,0,0.3247,0.4335,imputed,
fe4bc588-554f-4f57-abf7-dc77d2302bdc,Kristian McGill,M,0,0,0,0.3247,0.4746,imputed,
ac7b6b6b-6541-43b6-8576-25d659c8787d,Nolan Smyth,M,11,0,0,0.3246,0.2222,fitted,-0.0337
cb6fbaeb-160a-40bf-9bb5-6d9072ed6e6c,LE Quoc Khanh,M,0,0,0,0.3237,0.4506,imputed,
2c59d3b0-507b-4387-83d3-010a1f4ce718,Patrick Matetich,M,0,0,0,0.3235,0.4428,imputed,
5c862622-737b-42c8-999a-7d3ae36315b3,Elisha Hougland,M,0,0,0,0.3229,0.4069,imputed,
4750e7a4-0bad-4a52-a4c5-ecd58844a4f3,Shane Du Bois,M,6,0,0,0.3227,0.2796,blended,0.1063
6ecac506-64e3-44ea-b82f-689fad6865e0,Tya Karina,F,21,0,0,0.3225,0.1344,fitted,0.1626
c5c19236-2414-46ea-8b80-4a266c1a35c5,Aaron Blitz,M,17,0,0,0.3223,0.1518,fitted,0.1312
c3a27b6a-0cb8-4247-89fe-9b95c4335808,Dallas Dunn,M,0,0,0,0.3217,0.4238,imputed,
acb4eca1-f0ef-4ce0-950f-7b209d68c698,Thiago Soto,M,13,0,0,0.3202,0.1442,fitted,0.1702
231ac261-1915-4962-a236-81af81619b2f,TG Luan,M,0,0,0,0.3201,0.459,imputed,
3dde59c2-d865-407b-a865-d8bdca49e637,Jonathan Borashan,M,7,0,0,0.319,0.3192,blended,0.1179
5f12cd95-ee09-4403-a72f-28f1c7299d64,Jason Mok,M,0,0,0,0.319,0.3634,imputed,
084513ac-a561-44af-9df6-a14107f70be1,Waymon Peet,M,0,0,0,0.319,0.3978,imputed,
52993507-24a1-496b-a72b-7da2669f113b,Spencer Weinberg,M,0,0,0,0.318,0.4529,imputed,
d76a2e6d-2ce2-400f-92b9-13ae51aefdef,Stuart Parminter,M,0,0,0,0.317,0.4312,imputed,
2512a654-2feb-48f2-936e-7ddd02ca2508,Samantha Greenhut,F,0,0,0,0.3158,0.4109,imputed,
92ea8a54-6300-4ffb-90cb-7e428521fc59,Christopher Eastwood,M,0,0,0,0.3154,0.4278,imputed,
8e32b154-326a-471b-aaf7-2689132b3cd1,Claudia Stepien,F,0,0,0,0.3153,0.4433,imputed,
5928ceea-53ea-4e31-bc0d-a2b87d34e72b,Jeronimo Alvear,M,0,0,0,0.3153,0.4492,imputed,
53dc05fa-2ac4-4d8f-9283-9d31bcae2734,Sasha Fisher,F,0,0,0,0.3149,0.4342,imputed,
b54ce769-9594-4708-9d63-7d4628de7daf,Dylan Fullmer,M,0,0,0,0.3147,0.4052,imputed,
4e989038-62d9-48c6-bd15-f483ea33b5be,Brian Buzianis,M,5,0,0,0.3144,0.1972,blended,0.1733
ebca213a-56e1-4069-b815-30e3f691b70f,Matt Mayer,M,0,0,0,0.3141,0.4453,imputed,
edf429ee-2e5f-4573-b2c5-e0a366cc2a27,Samuel Higginson,M,5,0,0,0.3118,0.2591,blended,0.0199
e2b605ed-b830-499b-a1b0-c74546ff4777,Sophia Nhi Huynh,F,27,0,0,0.3115,0.1286,fitted,0.127
a3986d59-2808-414b-8a77-26a1869022ff,Ethan Estatico,M,8,0,0,0.3113,0.2314,blended,0.2014
a79dd3b7-ca94-4cbc-86be-7b1b31e248a4,Makayla Cunningham,,0,0,0,0.311,0.4458,imputed,
79cf62ce-2401-4bbb-a211-8586c6b5155f,Ryan Huynh,M,0,0,0,0.311,0.4463,imputed,
a018902f-114c-4519-997c-4fdf52d4a0e1,Abbigal Hatton,F,0,8,3,0.3103,0.3683,blended,
673c0824-ad38-4836-8fac-07ecade6531c,Michael Holstein,M,0,0,0,0.3102,0.4374,imputed,
07aabe65-d0a6-4599-9ebf-48683b900917,Madison Wold,F,10,0,0,0.3099,0.2654,fitted,0.0098
5d302146-b32e-4d26-a63b-963ae0250260,Stefan Pongratz,M,0,0,0,0.3094,0.3841,imputed,
d7cea776-d87f-47b5-b1d8-02aeae1eff4a,Louis Vayo II,M,0,0,0,0.3088,0.4451,imputed,
c25bee9f-a5e3-4898-881c-fda8c1c2da03,Sean Curley,M,4,0,0,0.3085,0.436,blended,0.2132
82817430-aa8f-40bd-b767-deabe0bb34ac,Eris Rivera,F,9,0,0,0.3081,0.2709,blended,0.1928
6770c5c5-e1a4-4d71-9d8c-532a04ca65cd,John Hopkins,M,0,0,0,0.3081,0.4029,imputed,
22c95949-97a5-4e6a-8801-1364de32cace,Arsh Sharma,M,0,0,0,0.3077,0.4461,imputed,
d9d30395-ffb1-4ac3-a739-7273ae5acfdb,Sebastian Hinojosa,M,0,0,0,0.3076,0.4482,imputed,
a97181e0-7832-404d-ac34-fb8346ea2b98,Kallan Arledge,M,8,0,0,0.3071,0.2511,blended,0.0385
bde1ffe8-4651-40ac-8e1b-24e850ff7586,Tommy Labat,M,0,0,0,0.3069,0.3579,imputed,
03c7da24-3aa8-4bad-8932-85c2a72ccf71,Emily Stumpf,F,0,0,0,0.3052,0.4183,imputed,
1682490f-4d24-48fd-93f3-921ed8e712db,Koki Sugimoto,M,0,0,0,0.3046,0.4267,imputed,
5422dbf4-eda2-45d8-bc15-66717036a6f1,Xingnan Lin,M,0,0,0,0.3044,0.4204,imputed,
7d7cf4d4-a7d3-4585-954e-952d93ffd202,Angela Bertuleit,F,0,0,0,0.3024,0.4454,imputed,
5abfb723-a6a8-4e8c-aa11-30fb58531085,Chris Tripoli,M,0,0,0,0.3019,0.453,imputed,
5e53289a-56fd-491b-95a0-58a55b0c00f5,Jack Lawrence,M,0,0,0,0.3019,0.4247,imputed,
782b4237-20c6-46a8-896c-d3060d356777,Jordan Betts,M,8,0,0,0.3013,0.2413,blended,0.0517
1d931c3c-d96e-42a0-99e7-9957cdc6eaf2,Connor Castleberry,M,1,0,0,0.3011,0.4218,blended,0.1608
ba1265a7-0ce6-4aed-8668-68aca334dc93,Ryan Henry,M,0,0,0,0.3005,0.3756,imputed,
ffdde38c-61fc-4079-8973-c5cf67a01fd0,Ethan Hall,M,0,0,0,0.3004,0.3566,imputed,
90504d67-0bda-4182-9159-ae9595c498de,Isaac Buerkle,M,10,0,0,0.3003,0.1569,fitted,0.1027
802151ee-567b-4d2d-ad07-280a4abf75e7,Jose Roberto Velasco,M,0,0,0,0.3002,0.3893,imputed,
a72d06d6-40ae-4f46-9a46-c60e2fecd58d,Aaron Sandoval,M,0,0,0,0.2999,0.4338,imputed,
a9950e78-2b86-495e-a0d2-bb8efac93531,Malia K Lum,F,0,0,0,0.2997,0.4303,imputed,
8fb8df0b-4365-4585-b5b9-a489397a79c9,Khuong Huynh,M,2,0,0,0.2989,0.3416,blended,0.1553
83ab6087-cff9-44b2-9d3b-524508c87788,Kyle Stoker,M,4,0,0,0.2985,0.3615,blended,0.413
5f0f10c2-bcb7-4e9e-9ee2-0fcb86810977,Karlo Krstanovic,M,10,0,0,0.2984,0.158,fitted,0.1504
541bae3b-cb07-4c73-8f7a-42a1e0d38cde,Sam Libo,M,40,0,0,0.2983,0.1003,fitted,0.06
276f511d-25ce-4581-8e49-a9ca2bcc56c9,Ashton Cottrell,M,9,0,0,0.298,0.234,blended,0.0855
2fd328da-4c9e-4ae2-8eb5-fb0f658dcd8d,Nicolas Gallego,M,0,0,0,0.2979,0.4494,imputed,
6687eba3-01dd-4fcf-9b13-f1ea3a55c524,Jeff Warnick,M,0,0,0,0.2973,0.4031,imputed,
66ae2411-765b-44c6-a811-c6eb209216c2,Richard Balistreri,M,10,0,0,0.2969,0.2817,fitted,-0.0853
b3b5c321-caa3-4051-8716-cc07f6def722,Liam Lamb,M,3,0,0,0.2966,0.2495,blended,0.1386
9b7dd41d-c042-4f7d-ad76-9ea86fadcc20,Razlan Rawi,M,0,0,0,0.2966,0.4721,imputed,
46631ed3-fc5d-48c0-89b4-9fc10196f523,Reed Goldenberg,M,0,0,0,0.2961,0.4502,imputed,
f834ab97-e52d-4d47-9890-a13d06df7ab3,Hugh Pfitzner,M,0,0,0,0.2958,0.4482,imputed,
3422f191-4cec-49d7-a35c-523d0bc23d4d,Rollin Odama-Wong,M,3,0,0,0.295,0.4008,blended,0.2981
e75f0b5e-f10a-4b83-989c-d33f9b723ca5,Tyler Kane,M,10,0,0,0.2949,0.1827,fitted,0.0411
55451ddc-a54a-4deb-986f-0a5325bf9e8b,Michael Kuhlman,,0,0,0,0.2945,0.4562,imputed,
8ece463d-140b-47fa-a002-2e08b9d0140e,Sunny Krittayaweth,M,10,0,0,0.294,0.2041,fitted,-0.1389
a6a6dbc3-d022-414c-a149-542368879e60,Kyle Borawski,M,80,0,0,0.2936,0.0726,fitted,0.1022
d50c8578-6b06-453d-99fa-7a910cc5e39e,Jordan Tacheny,M,11,0,0,0.2935,0.1581,fitted,0.0521
cdb01e3a-b0e0-449b-a7c5-278127f2cd61,Mary McGowan,F,0,0,0,0.2933,0.3864,imputed,
3d89e8dc-b00e-43c3-add1-54b95767311b,Blake Culbert,M,4,0,0,0.293,0.2312,blended,0.137
7514f732-4488-4ee8-9875-1c02a2075636,Barbora Vykydalova,,0,0,0,0.2929,0.3778,imputed,
bd318e78-437e-4325-9b2f-d9322c0b5e6c,Lawson Shaw,M,0,0,0,0.2928,0.4097,imputed,
14060448-2c94-4be3-8843-a9d30fdddeb8,Ernie Garcia,M,0,0,0,0.2925,0.4213,imputed,
44599572-39cc-41f6-b9c1-283a4c39649d,Nicole Kalhorn,F,0,0,0,0.2919,0.4077,imputed,
08c496a4-798a-4922-a573-dae3555f5d9e,Denson H,M,0,0,0,0.2917,0.4522,imputed,
02faaffd-abb1-4773-93d2-47f3d04d7876,Ryan Smosna,M,0,0,0,0.2913,0.4174,imputed,
d4ab8633-56cd-4a23-b2d5-19c9972932fb,Zack Bosshard,M,0,0,0,0.2913,0.4411,imputed,
d304351f-8ef5-47b5-afc3-6ed09f6db7fe,Magnus Violet,M,10,0,0,0.2912,0.1472,fitted,0.1257
a35ca5a2-4174-483e-bf55-846745e33d6b,TU Tran,M,9,0,0,0.2904,0.2181,blended,0.1287
969cfdbd-ac58-49fb-ac71-76d91d3db435,Devin Her,M,5,0,0,0.2897,0.25,blended,0.1437
03ed9b93-c3fa-4d00-8917-278de7be93ec,Daniel Moser,M,0,0,0,0.2895,0.4486,imputed,
1156b152-0789-48a6-87f3-69f1222de061,Clayton Truex,M,0,0,0,0.2886,0.4058,imputed,
1bcb3021-298a-42b1-9e23-58e5d3dc4a70,Brennan Adamson,M,0,0,0,0.2879,0.4223,imputed,
4a1d619c-6252-42ec-b171-91ea42fc4c1f,Han Hyuck Chu,M,0,0,0,0.2873,0.3633,imputed,
3418eaf5-4176-4ed6-ac5c-c45ea36e1f82,Ashlee Candelaria,F,0,0,0,0.287,0.3892,imputed,
a430f179-9c69-4f83-89bb-ad7d63c0423f,Cristobal Del Castillo,M,6,0,0,0.2866,0.1912,blended,0.0499
3f71cd19-b00b-480e-b429-d16f063b27c7,Venise Chan,F,8,0,0,0.2861,0.2454,blended,0.2617
1a84e636-31cd-4225-bd51-860dcdfd58ba,Eileen Tran,F,5,0,0,0.2853,0.2118,blended,0.1485
1ccb5925-4a92-43f5-8974-a2a624909398,Nicholas Wiseman,M,0,0,0,0.2849,0.419,imputed,
ae5396af-18d2-4d66-bbf1-8bb03dab9d95,William Shkrob,M,2,0,0,0.2848,0.4226,blended,0.1424
4165120a-504f-4fd6-a5d9-07b1f1fd168d,Ellie Douglas,F,0,0,0,0.2848,0.4235,imputed,
a14ef311-7cb3-423f-ae62-690f98ba1408,Alec Braund,M,5,0,0,0.2846,0.3498,blended,0.2778
c8d2e5c7-40bf-4658-b1de-003b0d9058e1,Cobi Moore,M,0,0,0,0.2845,0.3519,imputed,
24fead20-0b0e-409e-bd9e-dc69fa0a8162,Mark Dancuart,M,4,0,0,0.2839,0.2481,blended,0.0183
4c1a0757-9a12-4a88-8367-f6391687f1ee,Isha Lakhani,F,0,0,0,0.2832,0.4227,imputed,
62efde25-ac5c-40eb-b49b-870cbfa6654e,Damon Curtis,M,0,0,0,0.2827,0.416,imputed,
eb7c3159-99e3-41d6-988f-71443cda0a75,Austin White,M,0,0,0,0.2827,0.3501,imputed,
3f5b4c15-bf91-488f-bd3b-e4bb388f3728,Austin Oreilly,M,44,0,0,0.2821,0.134,fitted,0.1003
03549bf7-2840-4f3f-9a41-54b0f5a53c69,永亮 曾,M,4,0,0,0.2819,0.3144,blended,0.3236
db2e014a-211a-47b6-a910-8bad6a5c4d29,Andre Mick,M,3,0,0,0.2812,0.3184,blended,-0.0739
1c8db062-1c8e-4261-82e4-c27bd8e93c5f,Nicholas Osborne,M,0,0,0,0.281,0.4297,imputed,
707d21b0-da73-478d-bbf5-cd2760e1dabd,Joseph Rotheram,M,9,0,0,0.2808,0.2922,blended,0.1048
92da6c76-9c55-4977-ac42-9e484dad5da2,Martin Michelsen,M,11,0,0,0.2804,0.2078,fitted,-0.0906
2a25f5da-ff55-4a1b-8a29-49db730b360d,Teddy Dupay,M,0,0,0,0.2803,0.4165,imputed,
8983be9d-1de3-4ae2-a6ed-1584a478bc33,William Owens,M,0,0,0,0.2801,0.3642,imputed,
141a5d80-7998-46e9-ac83-1019c415f2e6,Nick Petterson,M,0,0,0,0.2798,0.3545,imputed,
8e69c796-b56b-419f-a5ff-b97efc18e0b4,T Maxy,M,0,0,0,0.2796,0.4219,imputed,
619072c5-d77e-4118-88ee-9263e2100d89,TJ Stansbury,M,0,0,0,0.2794,0.4297,imputed,
e56859fa-db8e-49d9-a6f8-a609e40e7221,David Yahng,M,0,0,0,0.279,0.3656,imputed,
0a2d7b4b-b6c3-4b60-98b2-040a8415ed01,William Hayes,M,0,0,0,0.2785,0.4095,imputed,
ca499154-0a92-4846-90a6-cba6ce1f3d71,Steven Nikolic,M,0,0,0,0.2784,0.4229,imputed,
83df3398-7188-450a-ae58-5fd5f9899f27,Davidson Kozlowski,M,0,0,0,0.2771,0.3808,imputed,
4e721a6a-101a-4895-9d2d-b74928b73523,John-Paul Weber,M,6,0,0,0.2768,0.3132,blended,0.0824
11540b4d-de0b-4fd4-a6d9-8bfe927b82f9,Rajul Chikkalingaiah,M,0,0,0,0.2767,0.3992,imputed,
e5bbcdda-a0ad-4fa9-b46e-80cc2d973d0c,Jacob Moore,M,4,0,0,0.2766,0.4266,blended,0.2245
f387250f-3dd3-41ee-be73-148ddfc81b5d,Daiho Ozawa,M,7,0,0,0.2755,0.2254,blended,0.029
16ecbff8-84ab-4bb8-9c1f-7039c882ddb7,Flynn Kantzalis Orton,M,25,0,0,0.2754,0.1819,fitted,-0.1646
2a080a31-03da-43d5-b60b-a58ceb39e142,Cori Sidell,F,5,0,0,0.2751,0.2321,blended,0.1524
6086ae8b-648b-448a-b40e-4bacbb672a73,Ben Yue,M,0,0,0,0.2749,0.3903,imputed,
cbd1cfb1-5a03-4181-bbbd-67689238cf50,Johan Nilsson,M,10,0,0,0.2748,0.2042,fitted,-0.0991
cd9ee524-11da-4099-805f-1f362f2bc468,Stevie Petropouleas,F,65,0,0,0.2734,0.0837,fitted,0.1033
c49361ea-c1e3-4d3c-8013-2efb0343e698,Yoshinori Tamukai,M,3,0,0,0.272,0.382,blended,0.4049
6cbf25ef-655b-4883-91dc-cba9256545a7,Sarah Burr,F,8,0,0,0.272,0.2716,blended,0.1694
d32c8b36-911f-420b-8166-65586599f7a7,Jesse Knight,M,0,0,0,0.2719,0.4326,imputed,
a6123179-2181-4314-ab81-9f31749cb8b5,Karina Zustakova,F,8,0,0,0.271,0.1695,blended,0.1706
e47e0a4b-b244-48dc-8e98-49a2de919a21,Amir Salem,M,3,0,0,0.2709,0.3675,blended,0.2982
a6255e5f-36a9-41ec-9108-88e110b6d0fe,Bella Nelson,F,0,0,0,0.2703,0.4103,imputed,
be912f1f-93ec-4094-ba3e-6d1e9311cda3,Jay Lee,M,0,0,0,0.2702,0.4088,imputed,
f483a4bf-83ff-4e34-8629-72eed44e2662,Jeffrey Moulton,M,14,0,0,0.2686,0.1799,fitted,0.055
f255f5d1-192a-4b5f-98a6-c1bec5cf9a1b,Loc Lam,M,11,0,0,0.2686,0.1691,fitted,0.0138
6ea34d2e-5a12-4dab-9ed9-8a5b111157dd,Page Freeman,F,7,0,0,0.2686,0.2026,blended,0.096
a269ca80-8018-4878-ba33-73b8f3c5d912,Katie Fagan,,0,0,0,0.2686,0.4291,imputed,
db48f424-e38b-492f-bb59-9e17948e42aa,Rifanty Kahfiani,F,0,0,0,0.2686,0.4919,imputed,
9ab20bb2-64e3-477e-b75d-9aa83b8a68b8,Adrian Garza,M,12,0,0,0.2685,0.2388,fitted,-0.0468
20a05d48-2059-4900-ad17-c58c875d715b,Thatcher Schwendiman,M,0,0,0,0.2684,0.3449,imputed,
c17d9500-f3bc-4bab-bf3c-ab0df123a3b7,Ashley Hewitt,M,2,0,0,0.2681,0.4237,blended,0.333
1c0d75fe-2fa2-4f34-bb11-6614481edb5a,Başak Eraydin Yilmazcan,F,2,0,0,0.2681,0.5161,blended,0.2178
0b8388ce-a465-4fe1-b82e-8d18e405a791,Beth Kaufman,F,0,0,0,0.2681,0.4851,imputed,
e2e5fe58-6f10-43ac-a3fd-02130c7ab981,Jack Marsh,M,0,0,0,0.2677,0.4325,imputed,
2326da4c-8ee8-458f-8da8-1c86ff48d17c,Jenna Hessert,F,4,0,0,0.2675,0.3693,blended,0.3846
a5d237e9-b440-46ca-b229-6ede2ff13eff,Yodsapol Pisiviroj,M,0,0,0,0.2675,0.4169,imputed,
f54c2088-5db0-4232-a262-6ed1821d00a7,Nolan Wolgamott,M,0,0,0,0.2669,0.4514,imputed,
733d70ce-f958-4f5c-9c85-3a13c38abc92,Ryan Wilkins,M,0,0,0,0.2664,0.4627,imputed,
e3845e96-0d47-4f20-aa71-97bf36742bd0,Jayann Steffins,F,0,0,0,0.2657,0.5054,imputed,
18bdfa84-e194-4c4b-9241-6ba51ce3d2bb,Tristan Cooley,M,19,0,0,0.2651,0.1139,fitted,0.0351
1ea37944-3e4c-45da-ad87-506f5024d389,Aaron Li,M,0,0,0,0.2643,0.3726,imputed,
ceda5375-65b5-4bc8-8ee9-a96815436238,Joshua Klarfeld,M,0,0,0,0.2643,0.4421,imputed,
eff9270a-ebe1-4afc-aa27-db6e1ac9134e,Arpit Dhir,M,0,0,0,0.2642,0.4436,imputed,
093e0d43-0636-40bf-8461-4c7d552b16aa,David McNally,M,6,0,0,0.2626,0.2908,blended,0.0778
51e69569-fbe0-4b21-aa55-fb05ae4e4303,William Wert,M,5,0,0,0.2624,0.2437,blended,0.1423
ff8b1213-7fc1-4777-b14b-3630be544034,David Sigler,M,0,0,0,0.262,0.3759,imputed,
9d55617e-fe7a-4d1c-8bda-3637647ff5cc,Jonny Pickleball Andrews,M,51,0,0,0.2617,0.1522,fitted,-0.0404
8c610b07-459f-4877-aeac-b04a4ffc9518,Dylan Song,M,6,0,0,0.2617,0.1896,blended,0.0787
01da4c59-d574-49a0-9582-db348523db00,Austin Bachman,M,0,0,0,0.2617,0.386,imputed,
e875c4f7-3d46-4b98-9718-b31db389d80e,Gino Valencia,,0,0,0,0.2613,0.4374,imputed,
2c115b6b-4c0a-4992-9912-ed00d7bf07fc,Sam Kim,M,0,0,0,0.2613,0.3527,imputed,
24b1c6cf-1b94-414c-8f20-50ef04af106e,Gabriel Sternlieb,M,0,0,0,0.2613,0.3971,imputed,
609957ef-fdf8-4171-bd10-f48df4519bb0,Dylan Goldman,M,0,0,0,0.261,0.3841,imputed,
034ef82d-e77d-43ac-b0e7-4cd9c3358104,Matthew Gilbert,M,0,0,0,0.261,0.3994,imputed,
ac6be49a-fa8b-475c-ba28-f4206ada9b36,Essex Glowaki,M,5,0,0,0.2608,0.2901,blended,0.158
3760b164-aabd-4893-b5a1-91a4eef558c1,Callan Dawson,M,4,0,0,0.2607,0.3597,blended,-0.1365
392f0f5f-fd71-4e67-8176-e4598558bf93,Robert Rotaru,M,2,0,0,0.2605,0.446,blended,0.2029
030f3afe-5d7f-471e-af4d-b7abbe4cbb16,Rodrigo Yoshikata,M,0,0,0,0.26,0.3764,imputed,
46ac090a-65d8-4ef5-a469-7bc7a80f0503,John Macauley,M,21,0,0,0.2598,0.1637,fitted,0.0168
5b05831d-e460-488a-a4fb-91a088c54301,Aaron Kwek,M,0,0,0,0.2598,0.4419,imputed,
84c59a96-e5ba-4963-b34c-855f719998b5,Devon Farnsworth,M,0,0,0,0.2593,0.3643,imputed,
d4fa4b1d-2228-4620-8e8c-f4b182524e86,Alexis Nelson,F,2,0,0,0.2592,0.4046,blended,0.1172
1ce84954-ae5d-4ac0-9b18-45aa331b5693,Tony Belmonte,M,7,0,0,0.2592,0.2242,blended,-0.0239
4a1d43d1-bc2a-42ab-b2e4-fd2c2ec339cd,Ben Baravik,M,13,0,0,0.2592,0.1317,fitted,0.0116
33895bd9-c017-48f2-83b9-677708c3177e,Daniel Roditi,,0,0,0,0.2592,0.4516,imputed,
13925724-113d-42af-92ea-eaa66957202e,Timothy Cass,M,0,0,0,0.2588,0.3845,imputed,
158f965e-0732-4358-8f9c-ae78a48bdbdb,Arielle Butler,F,0,0,0,0.2587,0.382,imputed,
994842fc-32d2-46a2-8e49-98bd63528b2e,Natalie Raney,F,0,0,0,0.2585,0.4027,imputed,
73531193-151e-4111-9302-16e5625d9277,Ryne Fertitta,M,0,0,0,0.2581,0.4605,imputed,
727cdb42-cf9c-43bb-8091-0d160d5ab9ad,Jacob John,M,12,0,0,0.2579,0.2198,fitted,0.079
3c63458c-f60b-48be-bb0f-2d7dc946666f,Ellie Skingley,F,0,0,0,0.2578,0.4438,imputed,
f288907e-66c0-465e-9675-217c2ef50702,Sena Takeyama,M,4,0,0,0.2576,0.3019,blended,0.2446
fc9e5496-9afd-4473-8713-303669096a99,Tayah Cross,F,10,0,0,0.2572,0.1653,fitted,0.0381
ac78f30e-9901-4acb-b076-53c8940cc5d9,Thanh Huynh,M,7,0,0,0.2571,0.2395,blended,0.028
c96f7a83-9cc1-4fbe-a610-126ed8e3a202,Gregory Dow,M,50,0,0,0.2568,0.1201,fitted,-0.1007
d85f8ddb-3931-47dc-ba23-28113e20b633,Theo Yun,M,10,0,0,0.2566,0.1874,fitted,-0.1115
bf07288f-58dd-4cd1-94cd-7c22d8bb531c,Manny Pasricha,M,0,0,0,0.2564,0.4094,imputed,
7a300520-8298-4458-8968-db478e23e9be,Tobias Moreno,M,39,0,0,0.2563,0.093,fitted,-0.0127
3d2cdaa2-4939-49d0-9247-2bbe366ee6ec,Dean Papakonstantis,M,0,0,0,0.2562,0.4021,imputed,
7ef0e6aa-5130-41c0-9c7c-68cb94fa2d3d,Jack Sahid,M,0,0,0,0.2561,0.3647,imputed,
4136d6d2-6b0e-4af7-a0f2-54a83736e31e,Christian Borrero,M,3,0,0,0.2554,0.3539,blended,0.1506
11c00851-4e47-48ab-9d34-19c4d2fe5716,Lincoln M,M,11,0,0,0.2554,0.1464,fitted,0.038
91541d7a-5c6f-4b01-bb89-ed5479f676d6,Makiyah Cormick,M,0,0,0,0.2546,0.3629,imputed,
8b0839b0-215c-472f-8d6a-767fc2389d5e,Rey Bacalla,M,0,0,0,0.2536,0.4271,imputed,
de616602-24e3-40fd-9e05-b3b3fc30e3ae,Davide Vendrame,M,4,0,0,0.2527,0.2194,blended,0.1323
5c2f5d96-712d-4076-be75-92f30cc9db3e,Andrew Hurley,M,0,0,0,0.2527,0.3836,imputed,
a6cff7a6-b398-4390-9169-72189aeb000e,Yuri Salzano,M,4,0,0,0.2526,0.3738,blended,0.1017
48359011-0793-437a-bfa2-b7a4c5194689,Roger Dugas,M,13,0,0,0.2525,0.1795,fitted,-0.0934
ac61c337-3942-4d31-b21d-610f20150f4d,Sean Bailey,M,19,0,0,0.2523,0.1504,fitted,0.075
53c98af5-2cee-43dc-ad4d-fdcf2640ac1f,Graham Battle,M,2,0,0,0.2522,0.4408,blended,0.1725
857cfd09-e91b-4282-9b4d-862264295094,Brent Werbeck,M,0,0,0,0.252,0.3605,imputed,
2887ee14-28a3-488c-9610-fdcb720b4ade,Aaron Johnson,M,2,0,0,0.2506,0.2815,blended,0.1115
faeb4240-d633-4d44-9549-f05ba2577ccc,Zachary Card,M,0,0,0,0.2505,0.3588,imputed,
4a3dbbdc-b50e-4631-bd76-b62197483e5b,Elizabeth Dobson,F,0,0,0,0.2505,0.4449,imputed,
516c3589-ede9-41cd-ad50-8f58d172f873,Daniel Colon,M,0,0,0,0.2504,0.3942,imputed,
f20a71b2-dcbe-464a-9e2f-910071e19c65,Poongi Hong,,0,0,0,0.2503,0.4216,imputed,
dda5191c-e3b6-45a5-9a68-294052c0766e,Zen Yoshida,M,13,0,0,0.2502,0.1678,fitted,0.0799
7d5184fe-5024-4363-a126-0a3a3a2cfb67,Morgan Kaplan,M,0,0,0,0.25,0.431,imputed,
f214c924-5bf1-4a84-9305-7bed3248edc7,Mario Jurisic,M,17,0,0,0.2492,0.1422,fitted,0.0264
d6e5128d-ebb9-4714-b63f-0785d5a9bcca,Hamish Bartos,M,9,0,0,0.2491,0.2523,blended,0.0747
071411c1-41f4-456e-9293-72d33c0f0e5a,Natalie McKay,F,5,0,0,0.2489,0.3829,blended,0.1668
008a1230-584f-429a-bafe-5c6ec6488123,Allison Chuang,F,0,0,0,0.2489,0.3947,imputed,
7969379b-12b1-4f80-8fa2-0e548c1e4127,Julian Slive,M,0,0,0,0.2489,0.3471,imputed,
eb54f5ce-05fb-44c6-9934-921107631b7a,Kaihe Allen,M,6,0,0,0.2488,0.242,blended,0.0412
bcf208d8-c350-4fdf-85ad-b37bef113840,Caitlin Lewis,F,0,0,0,0.2487,0.4378,imputed,
2ac0048e-dcf6-4683-a9f8-dfe66f345b5e,Tina Bianchi,F,0,0,0,0.2476,0.4592,imputed,
a9d10b37-6c9a-4f21-8945-a3fc3e10dfea,Charlie Konkachbaev,M,6,0,0,0.2475,0.2092,blended,0.0264
819d9c90-3086-4832-a3b6-7a5a0455f59a,Cooper Jenkins,M,8,0,0,0.2468,0.2782,blended,0.1881
19399f8d-5931-4591-b7f6-407d1995c3a3,Olga Zavarotnaya,F,7,0,0,0.2468,0.2039,blended,0.2305
834a4896-bc90-4ffa-9413-bb0287115939,Wesley Miller,M,0,0,0,0.2468,0.4381,imputed,
4af6fd55-5aeb-4f75-bbcd-2808c98b1b17,Parker Wittman,M,0,0,0,0.246,0.3824,imputed,
184b5fa9-d9b5-45da-954f-206b1f6c7696,Christian Borrero,M,0,0,0,0.2458,0.4482,imputed,
2b7ae182-de69-4da4-9861-cbdd913b6daf,Gary Galt,M,0,0,0,0.2456,0.4287,imputed,
1676f986-1e57-4e92-9ed4-5e10656c5164,Jonas Daehler,M,0,0,0,0.2453,0.4186,imputed,
4aac5b4b-3afd-48db-a11a-d4f48bd685bb,Robby Greenlaw,M,0,0,0,0.2451,0.4184,imputed,
33d699a2-a67e-4809-a9d2-3ba243a57081,Tyler Miller,M,0,0,0,0.2444,0.4151,imputed,
5591cc06-e95f-4548-9c2c-a5b23a9c541d,Noah Brady,M,0,0,0,0.2442,0.4545,imputed,
771a635c-4be0-4f47-a409-229d0471803d,Maddox Castellanos,M,0,0,0,0.2437,0.3559,imputed,
01a938ca-58bb-48ab-8b22-52525762c3f2,Colt Gaston,M,0,0,0,0.2436,0.4135,imputed,
2005d61f-0446-4b18-b7c4-a6b5df624267,Stephen Moore,M,0,0,0,0.2435,0.4404,imputed,
1dcfe215-9845-4590-9432-8a3087e748af,Brittany Levkulich,F,10,0,0,0.2432,0.2036,fitted,0.1047
7d414e26-9ecd-4265-863c-8bd28546047d,Jacob Palley,M,0,0,0,0.2431,0.4678,imputed,
000fbb4a-11b8-43c7-ad67-f13bb21d047d,Samantha Delgado Garcia,,0,0,0,0.243,0.476,imputed,
ae5d479a-8dd7-4c03-a5c6-beda484e8835,Cagkan Yilmaz,M,4,0,0,0.2427,0.3016,blended,0.2018
e956d70c-8092-4bd3-98df-e349609fb0b3,Jocelyn Feirer,F,5,0,0,0.2425,0.342,blended,0.1129
b9c3cde0-064b-49c1-8ee8-0d3f8a1ef924,Joshua Chia,M,5,0,0,0.2423,0.3088,blended,0.2874
a2ff8c9b-1b33-4b83-9bbc-31aaf6704206,DJ Zeiler,M,0,0,0,0.2423,0.373,imputed,
91025a95-6e03-4830-a936-aefea2c5ca37,Monica Paolicelli,F,0,0,0,0.2416,0.3972,imputed,
d9ce8a56-7c25-4d42-9f9b-964a5a02e537,Elliot Markowitz,M,0,0,0,0.2415,0.3544,imputed,
efd980f3-0c96-45fe-b668-29e62532f113,Will Jamieson,M,2,0,0,0.2414,0.3679,blended,0.2199
f56c29a7-f5ce-4897-9dbf-d455860ef3d8,Tyler Hong,M,2,0,0,0.2409,0.3995,blended,-0.0148
ef7deb1d-5f94-4563-8d32-cf5555e1a71f,Sebastian Gutierrez,M,0,0,0,0.2407,0.3492,imputed,
dba7cf49-9f57-43e3-878d-a63ced26a243,Jaeda Minniefield,F,36,0,0,0.2404,0.0903,fitted,0.0242
44feddc7-e44a-48fe-a7dd-a8767ee85baa,Phu Dang Tran,M,0,0,0,0.2393,0.4747,imputed,
3e9561d3-9a1d-4762-8a24-929ddddf507a,Andy Stein,M,0,0,0,0.239,0.4449,imputed,
6ec80edc-492b-4344-a5b6-3e6d1c3b8180,Roy Ke,M,0,0,0,0.2386,0.44,imputed,
43a35ec2-3d7a-4c6f-b412-cac02d237a46,Vritti Sethi,F,0,0,0,0.2386,0.3963,imputed,
b53b7feb-43fb-4398-baa1-28211fa7aaaf,Lucas Cancelier,M,0,0,0,0.2386,0.441,imputed,
e59b92e7-9ec5-4d12-a896-b898056f1466,Joshua Peterson,M,11,0,0,0.2384,0.2417,fitted,0.1917
72f884b6-ba8f-4c27-a6ac-a77c0540ea42,Will Connelly,M,9,0,0,0.2384,0.1592,blended,0.0618
5d4fa63b-610d-45d4-a862-569151567888,Sowmik Garishakurti,M,3,0,0,0.2384,0.2503,blended,0.0867
5ef7f4ba-ade2-4dbc-8644-61669ac3fbd2,Mohammed Aljobori,,0,0,0,0.2383,0.4755,imputed,
18c0f98a-907c-4484-95dc-be21d0f9e9b4,Dillon Hageman,M,0,0,0,0.2383,0.4602,imputed,
2403ee64-b50f-4dd4-b0bf-94d8c18ab6bc,Kylie Imperial,F,7,0,0,0.2379,0.1942,blended,0.0473
53e91e86-91f9-4c3a-be4c-6259cd530041,Artem Strokan,M,7,0,0,0.2376,0.3131,blended,0.0016
12b298bc-6545-409a-ba9d-bd5b2d6f0e00,Sepand (sep) Attar,M,0,0,0,0.2369,0.4023,imputed,
b53ffc7f-ec4f-479c-bd5f-3934184a68e8,Jason Garriotte,M,25,0,0,0.2367,0.1384,fitted,0.027
5bb5f19d-78c9-48b5-bae8-f53f9e5ddc59,Johnny Borashan,M,5,0,0,0.2366,0.2893,blended,0.0827
0ac11983-04a4-49b8-80b6-afbc7453465e,George Bulger,M,80,0,0,0.2358,0.0693,fitted,0.0196
563ab5e2-e361-41bf-aa10-3011b24df3a2,Moses Das,M,7,0,0,0.2356,0.2575,blended,0.1605
48d6c0b1-f1a3-42a4-b706-1401457aee78,Sarita Schoenebeck,F,0,0,0,0.2356,0.4287,imputed,
7e388196-8fc7-49fd-9377-ba1e98a7193d,Cade Vanetten,M,0,0,0,0.2352,0.4243,imputed,
66e99cd2-55d9-4d6c-9a5a-71ed301f613b,Ryan Howard,M,0,0,0,0.2351,0.4253,imputed,
5ba04f05-e201-4587-9613-7761c3afc0cf,Nicole Pitts,F,7,0,0,0.235,0.2746,blended,0.0925
358131b1-6827-43f0-9278-71068913d354,Greg Bennett,M,0,0,0,0.2345,0.4452,imputed,
ac80b933-c8be-4484-9a05-c38d6a9d091e,Gabe Falls,M,0,0,0,0.2343,0.4196,imputed,
ba1def1f-afbe-4ae2-8300-dad3fa8146ee,Eric Diaz,M,8,0,0,0.2342,0.1787,blended,-0.0243
8221d4eb-3f91-4993-9d3c-623d20b21a8e,Brian Chen Bonilla,M,0,0,0,0.2341,0.3632,imputed,
21c880b9-48a2-467a-87aa-53936f1ef1d2,Rumesh Vaikuntan,M,0,0,0,0.2338,0.4232,imputed,
bddd722d-d8c2-4e43-bd3f-3fe0ae18118c,Sabrina Barisano,F,0,0,0,0.2338,0.4151,imputed,
ff75a5e2-7d32-4b4b-92c8-3629a10eae48,Hai Tran Dai,M,0,0,0,0.2335,0.466,imputed,
79b8c85f-caaa-44ae-b5f1-8a1063daeafb,Luis Rojas,M,35,0,0,0.2333,0.0891,fitted,-0.0105
f809c1c0-fbca-4d67-9c59-23b02cbf0128,Anni Xie,F,11,0,0,0.233,0.1673,fitted,0.062
5362def0-0134-4247-8428-d6a5c32ad504,Jack Wasserman,M,0,0,0,0.2327,0.4008,imputed,
f5bae71b-3e1d-4a12-acf3-dc195f05b153,Kyle Morris,M,13,0,0,0.2326,0.138,fitted,-0.0592
773c7498-b7c2-4af4-a93a-425d77c5b65d,Jonas Merckx,M,0,0,0,0.2325,0.4567,imputed,
25572d77-114a-4f7b-9552-04c56a665d39,Guangmao Wang,M,10,0,0,0.2323,0.1844,fitted,-0.0444
97b1e68f-699b-47cb-a501-cd97f6a5edc7,Alex Rastorgouev,M,0,0,0,0.2317,0.3901,imputed,
dc4b3c00-0322-45bb-9332-ea1700deef3c,Timur Tsorayev,M,0,0,0,0.2306,0.4454,imputed,
2a490031-a7b4-4833-8d61-b9970960d2dc,Monika Wynne,F,46,0,0,0.2297,0.0922,fitted,0.0332
7a4471b4-3407-47cb-a0f6-8eb5bf74bab2,Austin Mireles,M,0,0,0,0.2297,0.3597,imputed,
50ad21f5-eec8-4aa9-84ec-38f8ff1c857f,Thomas Benassi,M,0,0,0,0.2294,0.3899,imputed,
1c49ab19-88d1-43b4-94cb-ab7ec9205ec9,Regina Goldberg,F,0,0,0,0.2284,0.3884,imputed,
b205b1d4-f6ef-41e9-82e9-59e23bd41344,Graham Taylor,M,4,0,0,0.2273,0.4106,blended,0.2559
4939ccf3-b9d0-42c6-8254-7c220a8028aa,Beatriz Lopez,F,8,0,0,0.2258,0.1708,blended,0.0755
92191255-0912-4838-a473-fa4de645605d,Minh Le,M,0,0,0,0.2255,0.3981,imputed,
0356832a-074e-4d4f-9499-dfaf7be3338c,Dennis Polyakov,M,0,0,0,0.2254,0.39,imputed,
22809916-4c5b-4838-8af7-b98126c726a5,RC Orlan,M,0,0,0,0.2252,0.4618,imputed,
f2f22110-2d83-4a94-9e5b-811d3b01898c,Clayton Boydston,M,0,0,0,0.2249,0.3761,imputed,
69ad3a91-2e28-476e-8a4f-26b7598f0c7a,Jack Maline,M,21,0,0,0.2248,0.1273,fitted,0.0093
1b74883b-79db-4c0f-aad3-c4011286f053,Justin Guiltinan,M,16,0,0,0.2246,0.118,fitted,-0.0414
c55511d4-9211-4789-a6b1-63add890b167,Dillin Parsons,M,0,0,0,0.2246,0.4182,imputed,
f6dd1c21-d872-42e6-a8a4-7c42d9063b74,Jes Rochefort,F,0,0,0,0.2231,0.3889,imputed,
ff32fc96-6d59-44ad-a2bf-65255d20f6a4,Paul Anzalone,M,4,0,0,0.223,0.406,blended,0.0549
edca189d-8781-4491-a146-868c85f7cf25,Blake Suard,M,29,0,0,0.2228,0.1046,fitted,-0.0249
062f7c48-0352-4cef-98da-4c495f0c6fec,Glenn Dickerson,M,16,0,0,0.2227,0.1477,fitted,0.0371
95ca80b8-1b65-42c3-9656-5c2001f63313,Annie Hawaikirangi,F,0,0,0,0.2227,0.456,imputed,
74189f68-e7ff-473c-9544-aad496ff5efd,Madison Turosinski,,0,0,0,0.2218,0.3964,imputed,
72781a5b-7e26-47ae-a581-625e4fa96099,Hudson De Risi,M,80,0,0,0.2209,0.0774,fitted,0.0051
2b6f9cd1-b4bd-41a7-b418-4b3596fe6cdd,Max Zhang,M,0,0,0,0.2209,0.3873,imputed,
22135bb3-55b3-404e-9853-ee3ea3b18a06,Kei Sawaki,F,23,0,0,0.2196,0.1423,fitted,0.0576
8d4ab63d-f14c-4013-a97a-3789015b9bd8,Tatiana Ruhl,F,26,0,0,0.2193,0.1378,fitted,0.0087
63f0decc-0e98-4c9a-8053-bf4291cd6bd1,Oliver Gray,M,11,0,0,0.2185,0.174,fitted,-0.1153
6a0af14e-1ad0-4a24-bc9b-2c1a53b05d72,Lena Spence,F,0,0,0,0.2185,0.426,imputed,
59d10153-070d-41ea-a3b1-d357c1183ab2,Anthony Miller,M,0,0,0,0.2182,0.4447,imputed,
590dbe5f-6dd5-4ffe-9d8a-4f7c26ea9546,Tingwen Wang,F,0,0,0,0.2181,0.4022,imputed,
2d0a3598-9349-4638-b07d-1a53d48add61,Stefan Burnett,M,4,0,0,0.2178,0.2961,blended,0.1127
ea9ff71c-b00a-49ee-bcf8-63c1e4855962,Charleen Calvin,F,0,0,0,0.2178,0.4342,imputed,
2b63c45e-1c18-48fc-9b72-1a68ac8262d3,Chloe Igleski,F,4,0,0,0.2177,0.4212,blended,0.2517
9f2b565c-5dd6-4a57-b23c-d6e3819689d3,Saby Karuppiah,M,0,0,0,0.2176,0.4629,imputed,
e7125d86-deda-4461-a618-e8baf90165c7,Travis Thompsen,M,0,0,0,0.2175,0.4619,imputed,
cda7df21-9bc5-4986-b080-122b97324ae9,Liam Jesperson,M,9,0,0,0.2174,0.2027,blended,0.0544
3cc3d59a-42a0-4b20-be3f-051a03eeedfb,Quinton Birkeness,M,0,0,0,0.2168,0.45,imputed,
307b9d9d-3870-4a35-9ec7-e94b43e81695,Derek Chapman,M,0,0,0,0.2163,0.4502,imputed,
b65649b1-4e75-4a71-bae6-a0f43b141325,Shay Payne,M,0,0,0,0.2157,0.4199,imputed,
6c426d13-fed7-4324-a41a-e7030a37fbe1,Guillermo Paiz,M,0,0,0,0.2156,0.4366,imputed,
0dc513ad-3df7-4cb3-aa2f-1039e411ff16,Devin Street,M,0,0,0,0.2156,0.4625,imputed,
e8af6700-4202-4140-867d-9fff5bd07e95,James Bratt,M,0,0,0,0.2152,0.3941,imputed,
51c618e2-1c7f-4a0a-b51c-f7dd6ed22e96,Dominique Lemperle,F,0,0,0,0.2145,0.4171,imputed,
11e203e1-6239-4f00-aaf9-752aae883120,Rodrigo Reyes,M,0,0,0,0.2143,0.3454,imputed,
e0cbb1fe-4068-4bba-94a6-4dd4cb39d812,Hudson Lee,M,8,0,0,0.2141,0.2046,blended,0.0016
8ad7b4a4-47e3-4138-bd52-5b313bfa63f9,Amy Lochow,F,3,0,0,0.2134,0.3265,blended,0.0799
ed2b63c5-2b7a-4ba1-bd26-65ffd37b3a0c,Drew Von Bargen,M,0,0,0,0.2132,0.4412,imputed,
17acdeab-879d-46c1-bc2c-b31d17acb8ed,Jeremy Lim,M,20,0,0,0.2122,0.1924,fitted,-0.0618
f4b4a80f-a191-4f27-96f0-35d0b431a5f5,Taylor Wassell Jr.,M,0,0,0,0.2119,0.4506,imputed,
a029979a-d404-46fc-940b-310875a3fe2e,Matthew Marceau,M,0,0,0,0.2117,0.3869,imputed,
cfc9feef-a4ed-41a0-bb46-c58da93eaa34,Chen Rui,M,0,0,0,0.2116,0.4422,imputed,
87fa06bd-0c37-4586-878e-0c3f83ba5e3a,Yuet Magdaleine Wong,F,4,0,0,0.2112,0.3251,blended,0.1492
be99d710-8ae9-4372-bd40-328dedd2eaf5,Thaddea Lock,F,5,0,0,0.2109,0.3056,blended,0.3134
775eb158-8717-4dbc-a623-b2b6dfc19269,Kyle Chittenden,M,0,0,0,0.2109,0.4213,imputed,
a75ea524-6c16-40c4-9811-86408504c429,Payton Weber,M,0,0,0,0.2106,0.3638,imputed,
88c65967-cdf8-4e19-9344-08246013fcb9,Nolan O'Brien,M,14,0,0,0.2103,0.1767,fitted,0.0505
6518ca38-f4c7-4fd8-84e1-38a7904132c2,Sharienne Ricardo,F,60,0,0,0.2102,0.0901,fitted,0.0325
6058807d-7c3e-4f4a-b810-024392431120,Naomi Amakawa,F,0,0,0,0.2102,0.449,imputed,
fd4786c4-bd5a-499b-8a07-e2639140149b,Semisi Fanguna,M,0,0,0,0.21,0.4336,imputed,
0f3957ef-a2a3-4f07-9aab-9dd01b3d0185,Belinda Gamez,,0,0,0,0.2095,0.4875,imputed,
0bf59dd9-65e3-43d1-bd22-f11ec1f121f7,Kaicen Dudek,M,0,0,0,0.2094,0.4553,imputed,
1ca005ce-1a82-4846-8de7-34c49b69a162,Haruki Kato,M,5,0,0,0.2086,0.2467,blended,-0.217
ba1fad1b-b526-461b-a309-096886b8dab3,Tyler Barron,M,0,0,0,0.2084,0.4294,imputed,
ab8c3d23-1ec5-46fe-b2f9-eadbfedde648,Grace Thomas,F,6,0,0,0.2082,0.2015,blended,0.0504
c4bf85e4-2024-4991-9298-3600b25dde91,Thiago Braga,M,0,0,0,0.2078,0.4314,imputed,
5d89d306-148b-4e56-9ea5-d2621bb88ea8,VU Phuc,M,0,0,0,0.2062,0.4591,imputed,
fe8824f9-a572-45aa-b55a-40476dfd59dd,Michael Hollings,M,0,0,0,0.2058,0.4093,imputed,
25139050-f977-4456-9545-7d63b72fa380,David Litvinov,M,3,0,0,0.2057,0.2929,blended,0.0167
108fd077-978a-41b3-812a-45f099990700,Caden Cox,M,15,0,0,0.2053,0.164,fitted,-0.0021
79046b96-4601-4443-ad6a-b1d2451be668,Rachel Summers,F,34,0,0,0.2051,0.1363,fitted,-0.054
dce4187f-efbf-4ef3-aeb6-f9a5f09b7d0b,Will Gardner,M,0,0,0,0.2049,0.4152,imputed,
ec18a85a-9bf3-47ee-8c3c-71817ace04ab,Kyle Hagerman,M,5,0,0,0.2048,0.3018,blended,0.0587
8ee66a7a-3bf4-4eb0-ac92-72d6ec75866d,Jill Belyea,F,0,0,0,0.2048,0.471,imputed,
e48f177b-ac64-42a5-9dfc-d5e0ac5b3fa6,Michael Wolf,M,22,0,0,0.2039,0.1684,fitted,-0.2169
107fd341-2c28-4ae5-b7a2-162706c2fcb9,E. Elenga Satuala,F,35,0,0,0.2038,0.1171,fitted,0.0114
d88b37b1-b49b-495b-a5bc-56f6504e60ec,Tomoki Kajiyama,M,0,0,0,0.2038,0.4707,imputed,
254c5192-68ee-4711-8545-718414ea56a8,Justin Lui,M,0,0,0,0.2035,0.4075,imputed,
2222e10e-0078-439f-b0b1-968c7611dc80,Emily Attiyeh,F,0,0,0,0.2033,0.4567,imputed,
c98ed755-e04d-4c24-8cd3-f15e2ea5e1b2,Steven Will,M,0,0,0,0.2031,0.4588,imputed,
bc3a722a-6e13-4799-9036-e3d4beee6240,Bernadette Massih,F,13,0,0,0.203,0.1453,fitted,-0.0321
dd1fe72e-5c35-47ea-8996-1f6a3c0c5538,Justin Fullmer,M,18,0,0,0.2026,0.1872,fitted,-0.1532
794634b2-7e1a-4928-ac82-a13fd3e984b2,Jessica Wilcox,F,0,0,0,0.2026,0.3821,imputed,
aad127cb-f0a0-4b72-95bf-0a64105d41c3,Hannah Shin,F,26,0,0,0.2022,0.109,fitted,0.0368
a7b33d34-c5d4-4639-9e51-0bc342c9722b,James Karis,M,11,0,0,0.2021,0.2119,fitted,0.0772
27ec8d58-6907-42a3-b994-fc0b3c304fe3,Alec Weller,M,0,0,0,0.2018,0.3636,imputed,
18fe24f0-d51c-4237-abc7-6839f4b6fd30,Cian Li,M,0,0,0,0.2008,0.4116,imputed,
08208add-da5e-4a73-adb0-f1a86bf28153,Alex Guy,M,6,0,0,0.2005,0.2298,blended,-0.2532
d2e5f48b-1c24-46d8-a242-bef485f99966,Payton Noyes,M,0,0,0,0.2,0.4345,imputed,
34df6ae0-3b15-474c-81a9-63bebc580ed7,Brian Bonilla,M,0,0,0,0.1994,0.3549,imputed,
95c0348f-d93e-44ba-b55e-4971a2d7c1c0,Scott Berke,M,6,0,0,0.1992,0.2356,blended,0.1414
f932a82f-0702-44ac-9a1f-09bb5670b25c,Christian Lund,M,0,0,0,0.1989,0.3584,imputed,
88638eb7-8dc0-4c0a-bb9e-64480aeffd0c,Keri Lu,F,0,0,0,0.1986,0.4176,imputed,
496d8b35-d3f1-4865-a4b9-dbdbf6c9859a,Max Vogt,M,6,0,0,0.1983,0.2463,blended,-0.0732
af7f51de-226e-4464-bd09-2bc2781dcdf8,Akihiko Nishimura,M,0,0,0,0.198,0.453,imputed,
7b86b7b2-43ab-4261-88e4-642d431000bd,Joe Benson,M,2,0,0,0.1979,0.3043,blended,0.0353
f180a670-4f36-45cd-a168-9715c6e9dd15,Shaun Pickering,M,0,0,0,0.1978,0.4882,imputed,
d353db8b-8e9a-4ca5-9cba-b25b4e0d5377,Mina Ghobrial,M,16,0,0,0.1973,0.1434,fitted,0.0158
b608d28d-6b97-43c2-9fb4-37fa88af3d26,Benjamin Pepion,M,20,0,0,0.1971,0.1251,fitted,-0.0211
92d71bb3-558f-4071-a91a-687f1739bc77,Melissa Coburn,F,3,0,0,0.1969,0.3962,blended,0.2536
c54e02d1-2d89-4c03-8918-0cf76f7068e4,Evan T,M,24,0,0,0.1969,0.1133,fitted,-0.0275
28b6f95a-6f4b-48e1-9613-b52223424773,Alejandra Lopez Borobia,F,3,0,0,0.1966,0.4323,blended,0.0807
6d19860a-13c6-4d3b-bc3d-00f810f99ab7,Meredith Roberts,F,5,0,0,0.1962,0.3134,blended,-0.0109
446ffc48-42af-4b31-9fa5-0c864508e32c,Kenadi Hance,F,0,0,0,0.1958,0.4497,imputed,
cc423b58-820d-4df0-9923-3639d0945f15,Jennie Leon,,0,0,0,0.1955,0.4307,imputed,
07b5b447-0df8-48b4-8457-c7945525dfdd,Emily Lewis,,0,0,0,0.1955,0.4651,imputed,
bca78de4-9ff3-4dba-b182-6765f2a40fcc,Neil Mediratta,M,0,0,0,0.1954,0.3544,imputed,
f6fa0377-1a79-4854-8644-5efd6f8b6573,Christopher Anderson,M,0,0,0,0.1953,0.4105,imputed,
cd87ab18-2d77-4d34-b1ce-dfd6611d5d08,Sam Szymanski,M,16,0,0,0.1952,0.1766,fitted,0.1155
9885290a-b002-41ab-b27c-eeacbc197822,Flynn Orton,M,4,0,0,0.1946,0.2896,blended,-0.0796
6c21efe5-d090-4bad-9e59-7749e485e447,Hunter Morris,M,11,0,0,0.1945,0.2545,fitted,-0.1705
6d23e220-c087-4810-a5f1-0d7ebb54b553,Allison Harris,F,3,0,0,0.1945,0.4237,blended,0.0939
9e91d50d-27b0-4384-889c-2f370a6b9638,Valerio De Genua,M,4,0,0,0.194,0.376,blended,0.3105
6fe94505-9114-4a2c-9c00-e511524728c3,Khang Nguyen,M,0,0,0,0.1938,0.4557,imputed,
40c23f2e-99c3-4c87-8cc6-32f8b2d7b334,Carolina Mayorga-Perry,F,0,0,0,0.1936,0.3884,imputed,
856ad395-70ff-4234-92f8-3218f8b0ae2b,George Wolf,M,22,0,0,0.1934,0.1092,fitted,-0.0394
9b4c9361-f6a4-4fa8-abf0-d6d5b0407c87,Jack Hadaway,M,0,0,0,0.1934,0.4747,imputed,
f4d31512-e465-48f2-87e6-9857ad4902db,Ramon Martinez,M,7,0,0,0.1933,0.2748,blended,0.1407
edd35ca7-a446-4982-b32d-4af3a9ce88ed,Danny Campolieta,M,0,0,0,0.1932,0.454,imputed,
fd565e56-6223-4ef0-882e-02346e7e0573,Brooke Caruso,F,7,0,0,0.193,0.2465,blended,-0.1116
2030bb81-feec-428a-85d9-c8188445ed00,Ariana Ajani,F,9,0,0,0.1927,0.1693,blended,0.1143
db9a79b4-d8bb-4b04-aa39-e996a29ca6d1,Aline Morales,F,0,0,0,0.1927,0.4195,imputed,
8722e766-5899-4c75-bab6-7791157fa3ad,Connor Weeks,M,2,0,0,0.1919,0.3846,blended,0.2129
d554d53f-5941-46e9-b02f-a56cb2d4a04d,Camila Garcia Wright,F,2,0,0,0.1918,0.4182,blended,-0.0103
e6651e00-9706-4ef1-8623-62d5346492b9,Zalina Giometti,F,5,0,0,0.191,0.2676,blended,0.0929
6f2e433e-3f78-4b6b-8a76-982ba6a6b340,Jake Panno,M,5,0,0,0.1907,0.2999,blended,-0.153
4653c56d-2b10-45c1-a7dd-52ff7e4d5b6f,Andrea Olson,F,0,0,0,0.1906,0.4382,imputed,
2c9af8eb-871e-458a-8813-974e91730194,Kent Mori,M,0,0,0,0.1898,0.4632,imputed,
b524beb1-ae58-4ef5-862a-bd1296161cdd,Ted Holway,M,0,0,0,0.1898,0.4551,imputed,
85d2c31b-02af-4fc4-ae00-0c32ffef30ee,Justin Moore,M,0,0,0,0.1897,0.407,imputed,
001a246c-9fca-4b23-a36e-8eb37740a910,Kenny Rieschick,,0,0,0,0.1891,0.4491,imputed,
4573f223-7bfb-4c38-a216-8cd8f4060e0c,Tanner Suard,M,35,0,0,0.1882,0.0977,fitted,-0.0333
7b39a271-e846-4a84-acbf-9f0bb0de67fe,William Dau,M,0,0,0,0.1878,0.4448,imputed,
effd5123-ed8b-40a9-9952-549c83f25869,Titus L,M,0,0,0,0.1876,0.4889,imputed,
e4c3badb-87d7-4058-91d9-97867794caf8,Daniel Ortiz,M,6,0,0,0.1875,0.1796,blended,-0.0385
c92c2e79-79c5-474a-bc5b-6ca3931da3b2,Jack Hared,M,4,0,0,0.1874,0.2128,blended,0.0054
3bb15eba-5e68-4c58-b866-a80945be280d,Evan Ankrom,M,0,0,0,0.1873,0.3889,imputed,
9c3985a0-bb57-436a-bb29-1d6b59928b3c,Phi Lam,M,6,0,0,0.1871,0.2085,blended,0.1234
2b09ff22-85f1-4734-b30d-566cf37e0705,Ian Landwehr,M,5,0,0,0.1859,0.4012,blended,0.1379
a6bfd5f7-0774-4991-8c94-a732802eb152,Anthony Lacqua,M,0,0,0,0.1858,0.4528,imputed,
da42e657-9f45-4e05-98cb-29b8bbb3ee93,Sean Smith,M,0,0,0,0.1853,0.4556,imputed,
06b5863b-de3b-4a71-85d4-d2884c9f0d28,Chris Baum,M,0,0,0,0.1852,0.4091,imputed,
496b08fd-f2f8-462c-b552-cbc16e19d12d,Dylan Flippin,M,0,0,0,0.1852,0.4355,imputed,
ea02ad28-d7e8-4051-bc56-df2322eeeb9c,Nicholas Parisi,M,0,0,0,0.1848,0.4643,imputed,
7ef9a564-4c9e-4120-b7e6-af37c372beb8,Patrick McGuire,M,0,0,0,0.1847,0.4325,imputed,
eb3f00bd-6375-4e9f-9e4a-9a945ebdfd74,Anri Ferris,F,7,0,0,0.1845,0.2703,blended,0.146
64dca549-ebac-4a14-8a3b-4b04ee430ea9,Brian Tober,M,0,0,0,0.1843,0.4499,imputed,
5152e31b-0c3f-4018-bde6-b954c44530b4,Ben Rice,M,0,0,0,0.184,0.3977,imputed,
9704ba56-99bb-43df-a1a0-a79b32821abb,Valeska Hoath,,0,0,0,0.1833,0.4509,imputed,
73ee195f-c7cb-4a36-b523-d080df89efc3,Austin Kulla,M,6,0,0,0.1832,0.2445,blended,0.2264
ee3cd90e-d3eb-4af5-9a43-72d6e8adf252,Trung Hoàng Trần,M,0,0,0,0.1831,0.4692,imputed,
e21838ca-f462-4221-8a0e-b4d2ff8451f7,Cameron Ellis,M,0,0,0,0.1825,0.4693,imputed,
7e87d0e7-5996-4296-89f1-4217e5cee728,Dean Guyer,M,0,0,0,0.1818,0.3873,imputed,
59251a5a-803a-42a7-af8c-3855d243990b,Tyrel F,M,0,0,0,0.1815,0.4542,imputed,
b18e05f9-eb10-4b57-94b8-a66497868e05,Oliver Hu,M,0,0,0,0.1814,0.4387,imputed,
3d81052b-beb5-43a8-9941-a5595a0be3c8,Brianna Kemp,F,0,0,0,0.1813,0.3924,imputed,
f1dc22b2-2add-4674-9469-7e6b8f77696e,Amanda Angulo,F,11,0,0,0.1809,0.2292,fitted,0.0132
ac1fc21c-6b98-4576-939e-0cc3de0b2183,Grace Miller,,0,0,0,0.1808,0.4503,imputed,
e6a35fdd-144b-4ecd-a593-93ac47c2f44b,Riza Zalameda,,0,0,0,0.1797,0.4753,imputed,
384352f7-75e1-4970-a261-35cc5c80b729,Zachary Higginson,M,0,0,0,0.1796,0.3775,imputed,
f990e0ef-2a90-4922-a34a-637efb110d96,Daniel Howard,M,0,0,0,0.1786,0.3948,imputed,
2c084af5-b278-462f-84cd-50a4e8a5fa08,Duc Dang,M,0,0,0,0.1783,0.4618,imputed,
0341fa7f-5ebd-4db7-a10d-201efc09d1f1,ED Chao,M,0,0,0,0.1776,0.4134,imputed,
e7139f62-049c-48e6-b08b-d8ea0fd44e82,Sydnee Metzold,F,0,0,0,0.1773,0.4051,imputed,
9261ba95-53e1-4e77-8b98-84f0559c62f1,Paul Davis,M,0,0,0,0.1772,0.3934,imputed,
01c846b0-f912-43cd-b325-228888122861,Jonathan Tran,M,0,0,0,0.177,0.4487,imputed,
3208bfbf-b83a-4200-96f2-34f88773dc5c,Christina Jordan,F,7,0,0,0.1766,0.1821,blended,0.0289
d4cc150e-c121-43aa-9ab6-6d36be5bcaaf,Charlie Schuls,M,9,0,0,0.1764,0.1794,blended,0.0051
f60da670-3289-4384-9bc4-61580b509cd6,Santino Romeo,M,0,0,0,0.1757,0.4491,imputed,
537a30ba-024c-4630-8543-f95f3850fd4c,Nick Erves,M,0,0,0,0.1756,0.4292,imputed,
f6707d9d-45be-4ca4-b4fe-46926b532c13,Mitchell Tate,M,0,0,0,0.1754,0.4383,imputed,
2afd1cfd-9c89-4582-8bbc-121da7d1b1c0,Gabrielle May,F,5,0,0,0.1752,0.3018,blended,0.1047
6875307f-a173-464b-9a9f-2ca1292fe5c1,Tony Field,M,0,0,0,0.1751,0.3888,imputed,
fc684593-8841-4dd1-b77c-5154b2f25bca,Hailee Haymore,F,0,0,0,0.1749,0.4054,imputed,
b57eb700-760e-4b79-9cbd-d9e1f35eed24,Cesar Lopez,M,3,0,0,0.1747,0.405,blended,0.216
3ad73844-19f8-4010-bedc-109fa57a165b,Garrett Goh,M,0,0,0,0.1747,0.4274,imputed,
729a20df-2082-44d9-93c2-acc1756379b1,Joshua Nougaret,M,0,0,0,0.1744,0.4324,imputed,
135206c1-6886-4bef-9b26-20adf7dcda45,Christian Tanner,M,0,0,0,0.1736,0.4658,imputed,
e0eab3c2-8b2d-42ee-8668-a0ea1bc426be,Christopher Welch,M,0,0,0,0.1734,0.4777,imputed,
c0aeed14-d22d-4998-a443-7600d12b600a,Brandon Anandan,M,0,0,0,0.1733,0.3868,imputed,
1961070f-7d4a-4677-9a66-d208d917c04d,Katerina Valos,F,7,0,0,0.1717,0.2151,blended,0.0145
da1847da-b6a7-43cc-8ba1-1b6c775f29c4,Andrew Anh Pham,M,22,0,0,0.1716,0.1477,fitted,-0.0913
511dde69-7d0d-4d9a-a615-5ea727500ea1,Michael Moody,M,6,0,0,0.1714,0.3254,blended,0.0717
7001c5e2-79cf-4487-9cfa-46150553fdcf,Javier De León Albors,M,0,0,0,0.1714,0.3974,imputed,
67bdbec2-8067-4822-88a8-2811d633b291,Adam Gustad,M,0,0,0,0.1709,0.3925,imputed,
814bf77a-1430-4f64-82ac-ebd6e7f656f3,Thomas Dill,M,3,0,0,0.1708,0.2975,blended,0.1731
43ccd7a0-89f4-42d0-a27e-121d441b094c,Catalin Gard,M,6,0,0,0.1706,0.3464,blended,0.0605
f872c26f-1477-4b0f-8a4d-42390444234d,Antonio Cummings,M,5,0,0,0.1705,0.3207,blended,0.0636
51d7e9af-91e2-4bb6-8cdc-ddaef8eed65a,Emily Gaskins,F,0,0,0,0.1699,0.407,imputed,
4be860c7-1b07-4945-aa15-91878de5f9ac,Kevin Henkle,M,6,0,0,0.1696,0.222,blended,-0.0137
ccc6b7ac-3bb6-492a-9032-49f8e9891fa4,Angelo Petricone,,0,0,0,0.1694,0.4665,imputed,
1c5c3adb-ef26-4fc6-b9de-6cadb40d02ef,Oliver Casey,M,4,0,0,0.1692,0.3805,blended,0.1119
6e2ce3ca-8c0d-4805-8c4b-1d62107c082a,Herick Isago,M,0,0,0,0.1689,0.4567,imputed,
26ea82ef-d2b8-4bc6-9202-0939d6d18006,Barrett Croft,M,0,0,0,0.1687,0.4232,imputed,
2d8e3a89-e94a-4750-b9d2-9134862e3572,Bryan Lundberg,M,7,0,0,0.1684,0.1926,blended,0.0762
f132f795-2a17-4196-8561-fb6d931e3521,Kara Marbury,F,4,0,0,0.1682,0.374,blended,0.0227
ab191e61-9fad-463b-aab5-b8db45fecf9b,Carlos Miranda,M,0,0,0,0.1676,0.4575,imputed,
a2c3dd36-3686-4ac3-abd0-a5d00f6a9d69,Kady Pooler,,0,0,0,0.1675,0.4651,imputed,
4d73f750-808b-4f08-a96f-359f8835df54,Izaak Gonzalez,M,5,0,0,0.1674,0.2893,blended,0.1304
9732a1ee-59e5-4340-b059-5cfac1bead6a,Trenton Shaw,M,0,0,0,0.1674,0.4458,imputed,
9068b689-e580-4d2f-ac56-8c57d54a7c11,Eli Trumeter,M,4,0,0,0.1662,0.2372,blended,0.009
c7fd54af-f025-4663-915c-7dee1ccff38c,Zongjin Li,M,8,0,0,0.166,0.2162,blended,0.0216
81695a18-feb6-4133-b505-4c8990fbea18,Ant Tran,M,0,0,0,0.1657,0.3638,imputed,
46053e11-b7ae-4c15-9598-0fd355013137,Jack Vessa,M,2,0,0,0.1656,0.3772,blended,0.0413
b9f15be8-d481-4ec2-b3a9-7cf59c673bf4,Kat Williams,,0,0,0,0.1656,0.4662,imputed,
6eeafa8d-6118-400e-995a-e38a725a1609,Stefan Svicevic,M,8,0,0,0.1655,0.2471,blended,0.0918
eab806bd-b989-4097-ae1a-66e877ba417f,Dr Leslie Danjou,M,4,0,0,0.1648,0.3019,blended,-0.0027
bdfff14f-d84e-4fe7-a71b-e78e75245caf,Isabella Hoang,F,0,0,0,0.1647,0.4028,imputed,
ee6fde2e-179a-45e2-baa4-113919995c04,Mackenzie Cassady,,0,0,0,0.1646,0.4386,imputed,
f1d420cd-775d-44a4-a45d-de42f417203d,Jason Tee Chong Jui,M,0,0,0,0.1641,0.4635,imputed,
f47e1337-b9c8-4f33-805f-3e51510d42a4,Bryan Willey,M,0,0,0,0.1638,0.4842,imputed,
0a0819fb-c941-4723-bf54-2cb8109973a8,Christiano Versich,M,3,0,0,0.1631,0.3583,blended,0.0271
fad0fbbe-a582-4eff-a88e-3cc915011293,Matt Bernhard,M,0,0,0,0.1631,0.4679,imputed,
2dcfbd7f-d8f2-4688-a160-55b323ac146d,Trey Maust III,M,0,0,0,0.163,0.4629,imputed,
4a5341fe-e828-4940-a913-24cb89bd0133,Katie Swisher,,0,0,0,0.163,0.4927,imputed,
d9cdd4f0-ef6e-4261-9a36-2e737ad49751,Arsh Bassan,M,0,0,0,0.1626,0.4372,imputed,
7457f630-57a3-4f28-a5b1-45d45e73c920,Nicholas Dehmer,M,0,0,0,0.1621,0.4113,imputed,
3f65feb1-751a-4ad5-b1cf-0f9a5c3d9f53,Troy Osborn,M,0,0,0,0.162,0.4632,imputed,
5bc10b14-2571-4868-bbba-a6c88229c8bf,Hannah Murray,,0,0,0,0.1612,0.4544,imputed,
59a0aef3-ceef-4882-98ad-67b1c486da93,Josh Johnson,M,0,0,0,0.161,0.4632,imputed,
68a47c53-6dda-41eb-97b0-63a058b425a4,Jack Hansen,M,0,0,0,0.1608,0.4257,imputed,
1e5b0677-1576-47af-9550-53c86787e723,Jordan Tilley,M,0,0,0,0.1604,0.4693,imputed,
e90b6ccb-9643-42e9-951c-48a2b131b833,Irshad Mustafa,M,0,0,0,0.1604,0.4614,imputed,
62a00cbb-a916-4425-ae67-f004b0115cbe,Anthony Parfait,M,4,0,0,0.1599,0.3004,blended,0.164
37a2a373-8d3e-4177-bf1b-e6c9eaa52f5e,Natalia Simson,F,28,0,0,0.1598,0.1035,fitted,-0.027
d3dd5fb9-64ee-42b8-a10f-e6c92df3df2d,Dustin Spalding,M,0,0,0,0.1598,0.4322,imputed,
c2fc96eb-0896-4323-9861-3fe6d87c20c4,Anton Ulan,M,7,0,0,0.1594,0.2243,blended,0.0345
890e7bcb-0fda-4824-99f7-0cfcaf85f697,Jeffrey Brown Jr,M,0,0,0,0.1594,0.4416,imputed,
de7ffbb8-605f-4703-9ca3-d21989c15ca4,Adam Daggmarr,M,3,0,0,0.1593,0.3783,blended,0.0516
6a01a5b8-e44c-4190-a09b-d4fa084899ce,Lauralei Singsank,F,0,0,0,0.1593,0.4117,imputed,
a5fbd8ce-cad7-4d67-9929-f10e5c4a0c39,Quinnton Pari-Collins,M,0,0,0,0.1592,0.4494,imputed,
47c3107f-c90a-473a-b1a8-900fcf13e984,MJ Greiner,M,13,0,0,0.1589,0.142,fitted,-0.0534
d6226936-ad8f-4918-aee3-8a7a5954666e,Ben Whitesides,M,0,0,0,0.1589,0.4468,imputed,
14516bcf-5f07-4efd-b90a-09be553e3bfa,Emma Wang,F,0,0,0,0.1589,0.3972,imputed,
573340c2-3386-4f7f-b2aa-74ce679f7a8c,Yusuke Yoshitani,M,0,0,0,0.1581,0.4678,imputed,
17dcd6f1-b5b2-4368-b744-8eb5f93fb36c,Angus Lee,M,4,0,0,0.1575,0.3197,blended,0.1223
3a8e8ba6-c033-46de-97c8-2b68211c283f,John Ward,M,8,0,0,0.1572,0.2699,blended,0.0027
5795438e-399f-4501-84f8-7d80afd0a0d5,Sivam Rao,M,0,0,0,0.157,0.4408,imputed,
29843434-538b-4653-8356-d0fb313631e1,Megan Mariano,,0,0,0,0.157,0.4792,imputed,
716246dc-892b-4e96-a6a7-cf457b1d9699,Jorge Quintero,M,2,0,0,0.1559,0.4136,blended,0.0784
c18102fc-52d5-4d42-bd1c-303ce00ae085,Scott McRee,M,0,0,0,0.1556,0.3677,imputed,
ae2d4108-b192-475e-aad1-ae2d97e383a0,Bequi Barros Behar Luizelli,F,0,0,0,0.1555,0.4515,imputed,
cdb6bb31-e4ea-4ce1-b539-eb1fb9b6359d,Casey Taitel,F,0,0,0,0.1554,0.408,imputed,
5d445822-1b4a-4db2-aafc-c12cbeadf0a8,Samuel Wells,M,0,0,0,0.1547,0.3771,imputed,
f9e59e8b-b986-4dc9-8c67-a67052a98708,BO Lewis,M,0,0,0,0.1547,0.4611,imputed,
375142fc-5626-43b5-b56e-cecd30e02e5c,Colin Chapman,M,6,0,0,0.1546,0.2354,blended,-0.1555
336f3c17-4fbf-4d27-a66e-e2631f1729c8,Sofia Manzanares,F,6,0,0,0.1546,0.2526,blended,-0.0133
e18ec03e-4879-47d7-96f6-ca66171ffa81,Colton Phillips,M,5,0,0,0.1546,0.2186,blended,0.0328
c0854785-ada6-46ca-9df1-cf159c92d303,Stella Li,,0,0,0,0.1544,0.4524,imputed,
486da4f5-4c69-447d-8655-cddfe4e3da30,Valeriya Kolegova,F,2,0,0,0.1542,0.484,blended,0.0853
c4e1d883-e548-49dc-9e6c-8244e272d655,Austin Basque,M,16,0,0,0.1542,0.1659,fitted,-0.0441
a30241d8-d9dc-41ec-a2d1-47ee0ba599a1,Gina Li,F,0,0,0,0.1529,0.4191,imputed,
051c6bbf-be07-499c-98ec-3ce9179ce4de,Spencer Duane,M,3,0,0,0.1527,0.2583,blended,0.0346
6aa6ce7a-8246-4bfd-9d8a-a67bb5f95257,Bao Duong,M,8,0,0,0.1524,0.2617,blended,0.0328
180df744-6715-411f-b962-ea26606fae84,Jonas Valdez,M,0,0,0,0.1517,0.4615,imputed,
e5f03d3c-56c1-4fe1-9146-5c4f6aecc4af,Jayce Fitzpatrick,M,0,0,0,0.1514,0.3851,imputed,
8e3360b6-cd42-4b0f-a3b4-6a3d7b88c012,Dayana Fahey,F,7,0,0,0.1508,0.2371,blended,0.0059
dca2c596-286d-4ef9-9ee7-1dfdea78a079,Ian Anderson,M,0,0,0,0.1506,0.4388,imputed,
95cf8ab1-020b-4edb-b691-c46fb17e2378,Juan Pinilla,M,4,0,0,0.1504,0.3101,blended,0.0993
e6ab4740-c5a4-47a7-93eb-92d33092186c,Clara Contis,F,6,0,0,0.1504,0.2066,blended,0.065
3fb1157e-5ddf-47c2-861f-b73e05dd45b2,Carter Maris,M,1,0,0,0.1503,0.4407,blended,0.1422
84b85c6a-a663-48c7-a4bb-300d4a5bce98,Kristen Clemmer,F,0,0,0,0.1503,0.4423,imputed,
8a2f290d-3526-429a-b733-1c83ceec845e,Zachary Champine,M,0,0,0,0.1503,0.4616,imputed,
33fe8eec-ab1b-496b-b45c-11cdc936abfe,Danielle Taufa,F,0,0,0,0.1499,0.4445,imputed,
5cc22f63-3aaa-47ed-aca1-2c899f57a042,Charles Neufeldt,M,0,0,0,0.1498,0.403,imputed,
682f2cc3-fa6c-47b6-a135-bf2df57a688f,Linda Sleiman,F,0,0,0,0.149,0.4426,imputed,
c41e0c36-ca79-48b6-8453-15978e5f2655,Warren Tamanaha,M,0,0,0,0.1489,0.3565,imputed,
59618b60-e466-4dbf-ab27-2080ba8bef91,Tobias Golberg,M,3,0,0,0.1486,0.3375,blended,0.1181
5f0a08de-3840-4fdf-befb-58f2125696a4,Brian Bomgren,M,0,0,0,0.1482,0.4394,imputed,
02ed4031-f07c-4bcd-9b7c-ffa2e89c15c4,Brien Lee,M,0,0,0,0.148,0.4637,imputed,
b3edcbe7-c081-406a-b28e-3cd34988d4dd,Simone Leonard,F,16,0,0,0.1475,0.1881,fitted,-0.0531
ffaf9fb5-0057-41c8-bd71-b43565430982,Ambarish Rao,M,2,0,0,0.1474,0.4355,blended,0.1131
bc009765-62ef-44c9-8e2e-92db2303e3e6,Michael Jenson,M,0,0,0,0.1469,0.3798,imputed,
c9214130-b23f-433b-86e5-c243cee0d062,Ping Boon Chia,M,0,0,0,0.1467,0.4221,imputed,
38cd66a3-eaf4-4c22-a95c-0a9ca98f8f82,Myriam Enmer,F,7,0,0,0.1465,0.1893,blended,0.0613
19a75a1e-ecb6-4458-a28a-dcb3ca7ec44a,Jared Puamau,,0,0,0,0.146,0.4661,imputed,
f0bc1e5c-c452-41f9-a59b-2843bb9f9139,Chloe Pham,,0,0,0,0.146,0.4624,imputed,
506855ac-2ad5-4340-9a5a-cc5421c05641,Hayato Nishida,M,0,0,0,0.145,0.432,imputed,
93cee9ac-dd76-48c9-bca8-0a80f53da688,Benjamin Harper,M,0,0,0,0.145,0.4767,imputed,
b64c5126-0638-4c53-9ad7-cc90d41c2d85,Eshaan Mylavarapu,M,0,0,0,0.1448,0.3682,imputed,
c7e7d8da-4a42-4e91-8a2d-1481c81026c0,Stefan Djordjic,M,9,0,0,0.1447,0.2122,blended,0.0402
424eacef-255b-4957-a1c4-c43271cd27e9,Hoang Bao Long Sr,M,0,0,0,0.1445,0.4205,imputed,
933d9cac-2b86-4c5a-b076-d03d5fe5f160,Hunter Horton,M,0,0,0,0.1438,0.4833,imputed,
6671611c-baff-4f05-9334-9f9c5b7698ee,Paula Avellan Rizzo,F,13,0,0,0.1435,0.1957,fitted,0.0902
3a2a23e6-bd03-430d-a226-42919aad3350,Elijah Elie,M,4,0,0,0.1431,0.4051,blended,0.0617
deecf674-fbc5-4354-9248-562af0b781df,James Janssen,M,8,0,0,0.1426,0.2441,blended,0.0107
01ef6089-cac8-4488-bff2-9d715d159a74,Katherine Allan,F,6,0,0,0.1424,0.3024,blended,0.1792
2cdfbe76-f54d-411f-8bf4-b2e2ba1fd439,Nisal Liyanage,M,0,0,0,0.1418,0.423,imputed,
ac58a257-6b03-40e9-a6af-601d28ea177f,Cameron Hafner,,0,0,0,0.1417,0.4103,imputed,
4b06486f-11b2-45bc-91ec-91cc82f05bb0,翔 蔡,M,2,0,0,0.1416,0.3665,blended,-0.0252
06bee8e8-3679-43ca-90a3-61fcadeca516,Robbie Manzano,M,0,0,0,0.1415,0.4771,imputed,
91c35023-40a5-4c5b-a417-46a0e52a58ae,Joshua Laufer,M,2,0,0,0.1411,0.3334,blended,-0.0004
3633fc53-18df-4b86-a971-47a7367895c6,Takumi Matsuda,M,0,0,0,0.141,0.4577,imputed,
345caa15-505e-4c27-9392-f213830b746e,Chrissie Cruz,F,0,0,0,0.1408,0.4271,imputed,
8726716f-31c8-485b-a2cc-5d08c4e51af1,Michael Iannella,M,0,0,0,0.1406,0.4795,imputed,
14e1e709-91de-4567-9123-867601ecd580,Owen Vander Ark,M,2,0,0,0.1405,0.4657,blended,0.0697
bc8efe3b-26f7-48e3-a310-c66a7580743b,Cierra Gaytan-Leach,F,0,0,0,0.1405,0.43,imputed,
72df1f6b-5319-4cf2-9d2a-284b6f6b6be4,Connor Gibbs,M,17,0,0,0.1399,0.1318,fitted,-0.0597
71c8bad4-9344-41c3-b0bc-86675b6f38d9,Evie Kenna,F,0,0,0,0.1397,0.385,imputed,
1c736d5e-a2e1-4890-87f2-c1d392ee2a5a,Kevin Wolf,,0,0,0,0.1397,0.4516,imputed,
d8d88e74-d32e-48f9-8f88-5cee13738da4,Evan Gan,M,7,0,0,0.1396,0.2623,blended,-0.2031
9811648f-5a32-41d5-a26f-0b2988aace0b,Christopher Benevento,M,0,0,0,0.1395,0.4539,imputed,
0423499d-ce68-43d2-a85c-506ef52247c4,Aaron Miller,M,0,0,0,0.1394,0.4681,imputed,
d9d081f7-de20-48fd-a324-d547d032a5f7,Kaeden Young,,0,0,0,0.1394,0.424,imputed,
32ab0651-d027-45d9-8fca-130f56767096,Jose Delgado,M,0,0,0,0.1392,0.4389,imputed,
48f917fe-02e4-4607-bd40-c7d6cd86795a,Dawoud Ghafarshad,M,0,0,0,0.1392,0.4195,imputed,
56519180-6020-4130-93b5-9ff9ba6d15aa,Anthony Tran,M,0,0,0,0.1386,0.4542,imputed,
4f738d66-adf9-461f-8878-144595b02dcd,James Woods,M,0,0,0,0.1382,0.4627,imputed,
003033d4-4072-4b5f-9484-9bcceb29b19f,Kent Hunter,M,2,0,0,0.1381,0.4335,blended,0.221
143c00d9-9633-4f42-86b8-fbb606c7dd86,Leandro Altet,M,3,0,0,0.1381,0.3331,blended,-0.0527
1931163a-0ee4-48b9-875c-dba879b02852,Kate Earnhardt,F,13,0,0,0.1378,0.2116,fitted,0.0719
feb0fc40-878a-443c-ab00-932e3764cd1a,Aubin Duchier,M,5,0,0,0.1377,0.2072,blended,-0.0491
d2c80de9-8517-4b51-a8c3-06f22748f621,Jonathan Clark,M,0,0,0,0.1377,0.3887,imputed,
3e1a6014-1e14-48b7-b944-a91424f2273e,Kaden Kring,M,0,0,0,0.1373,0.4561,imputed,
3d8167c1-429c-4e5d-91cc-2caefa151f19,Paranya Jareonvongrayab,F,0,0,0,0.1372,0.4059,imputed,
d0ddd8d3-dbd6-49d4-9afd-6f9524135abe,Ethan Paik,M,4,0,0,0.137,0.3912,blended,0.206
4a15659c-1a24-4ac1-9763-a20f58c066fb,Kai Bonfitto,M,2,0,0,0.1368,0.3882,blended,0.0112
da841352-6147-45c7-8995-9cc94ff23c7a,Rosie Johanson,F,0,0,0,0.1368,0.4286,imputed,
cc0b1ad5-6d6f-4c8b-b900-39f4ca45d152,Matt Bozoian,M,35,0,0,0.1367,0.1182,fitted,-0.0698
b0f3ebeb-9266-4c1d-a9c9-4df7be38e048,Preston Ducrest,M,0,0,0,0.1365,0.4293,imputed,
af2237c0-2205-4579-b1a5-8048a0147604,Cooper Anderson,M,4,0,0,0.1364,0.2269,blended,-0.0691
974836cc-760b-41d4-a0a3-6b09c3d5c9e8,Austin Coleman,M,0,0,0,0.1362,0.4743,imputed,
e0f42244-0761-470e-af7b-2bd9c92307dc,Kane Townsend,M,0,0,0,0.1359,0.4677,imputed,
54949e40-de7a-4160-852e-ec6efe96049d,Jun Jeon,M,0,0,0,0.1355,0.3636,imputed,
7fd5ca15-d2c3-41c8-8aeb-8a9b4694ef6e,Shannon Burr,M,0,0,0,0.1348,0.4638,imputed,
861e8e3a-0e9b-40a7-98b7-4f759b6d00f6,Connor Henning,M,0,0,0,0.1348,0.4654,imputed,
87d70e50-c020-4eb7-9abd-7c12f37ef30d,Talia Riser,F,0,0,0,0.1347,0.4821,imputed,
80f1a18d-3314-44ff-845f-d213cb320da9,Matt Arnell,M,0,0,0,0.1338,0.4389,imputed,
364b6095-a6b3-4c66-82c2-63335a5f44d5,Tiffany Nguyen,F,0,0,0,0.1335,0.4176,imputed,
7cca42f0-691f-46aa-87dd-0803e1f42eb3,Stevan Quintanar,M,0,0,0,0.1333,0.4661,imputed,
31355f75-3970-404e-a26c-61f9382fa837,Lauren Jones,F,0,0,0,0.1331,0.4439,imputed,
3a7e0d88-17bf-4606-bc70-1a4cf90f2b0b,Caden Salefsky,M,11,0,0,0.1328,0.1693,fitted,-0.2101
8ba3726b-061b-4f87-b0c5-5d148632f610,John Moorin,M,0,0,0,0.1328,0.4683,imputed,
f8291aa5-c7e5-4514-8bcd-ae67b8950fc1,Mario Figueredo,M,0,0,0,0.1326,0.4416,imputed,
404f21c9-c9b0-43a3-993b-f2857b38a3aa,Ben Bailey,M,10,0,0,0.132,0.1739,fitted,-0.0449
af472932-bdca-4a6f-96f5-c8474817512e,Stephanie Vogt,F,0,0,0,0.1319,0.3915,imputed,
56119b25-79a5-4a67-9011-61e93080fb6f,Andrew Christensen,M,7,0,0,0.1313,0.3439,blended,0.074
12824ad4-eead-4683-8098-560ac879a20d,Pedro Antonio Díaz Adrover,M,7,0,0,0.1311,0.1866,blended,-0.0657
b393fa0a-0bc7-4e97-ab8f-33f8e0b97345,Brooklyn Tolentino,,0,0,0,0.131,0.4779,imputed,
f19b5377-d660-4417-88c1-3da7997553cf,Peter Klingsheim,M,0,0,0,0.1308,0.4553,imputed,
1c6299a5-d167-419e-b96f-e90738ca96bf,Julianne Felton,F,0,0,0,0.1308,0.4814,imputed,
bcefe489-6986-4fea-8a71-31878a3fb08a,Freddie Stone,M,0,0,0,0.1306,0.4431,imputed,
6af71579-421d-423b-a3f5-67c3cb460ecf,Jamie Carmichael,M,0,0,0,0.1306,0.4686,imputed,
6a1154ad-8b24-4dae-ae1b-77e8d9e47af9,Zach (ernesto) Hunter,,0,0,0,0.1297,0.4055,imputed,
c7579768-3bba-418b-90ca-4f0e09e701d1,Joe Wiencek,M,0,0,0,0.1294,0.4206,imputed,
96bc3c83-0c9b-4a2d-9dcd-baf5af3153f3,Josiah Watje,M,0,0,0,0.1293,0.3678,imputed,
7a74859c-bb7e-476b-b062-9e92986bff74,Jason Cooney,M,4,0,0,0.1291,0.2562,blended,-0.0139
b108b86b-439e-4239-98fe-78c7fe827c05,Amory Yagar,M,0,0,0,0.1291,0.4206,imputed,
3e7459b0-2a02-44ba-8661-abb0ea74e550,Paul Davis,M,0,0,0,0.129,0.448,imputed,
7bedbda8-531c-4090-a44d-f8fd925b6986,Ahmad Soussi,M,0,0,0,0.1287,0.4454,imputed,
eb133c84-a2ea-4053-8a2b-e57e40a3d4e1,Casey Rodgers,F,0,0,0,0.1283,0.4514,imputed,
8568f74f-cf63-49e3-ae02-ed7cfd4fc68a,Tyler Hansbrough,M,0,0,0,0.1282,0.4709,imputed,
07b7d5c1-4c81-4cac-bf00-b3e3d9739d04,Ben Berven,M,0,0,0,0.128,0.4147,imputed,
514bbb7d-6d82-4908-a88e-e1c6d3c1fdb7,Guilherme Zogbi,M,0,0,0,0.1277,0.4742,imputed,
e717f0af-2a5b-4479-aa58-2a839d291852,Andrew Astalos,M,0,0,0,0.1272,0.4663,imputed,
892b4801-248c-4b4b-9285-5616797c4949,Kyle Compton,M,2,0,0,0.1266,0.4756,blended,0.0415
0863d9ac-2780-46cd-825e-d5453183a8a6,Ethan Evans,M,0,0,0,0.1264,0.4139,imputed,
c8119848-e171-4c91-a05c-8476a7ada813,Mohd. Shahmirzzy Kelvin,M,6,0,0,0.1261,0.2529,blended,-0.0661
3d04b00e-05f7-4376-a1b0-7ecc35ecaedf,Miguel P,,0,0,0,0.1261,0.4712,imputed,
d10f78a8-ceed-4848-90af-3be82e42d6ee,Feiloakitohi Tavalea,M,0,0,0,0.1261,0.4488,imputed,
a552ba50-5178-4107-aec6-ab9c0a0989b3,Aizec Olson,M,0,0,0,0.1258,0.3645,imputed,
945e83e2-997f-4795-805f-deb450f58108,Anderson Ju,M,0,0,0,0.1258,0.4238,imputed,
779aa5a2-584b-41ec-be22-f81ba0c4e5c0,Alejandro Trevino,M,0,0,0,0.125,0.4221,imputed,
d9c8d1c4-44a0-492f-9db5-d56fa9bb4385,Logan Hold,M,2,0,0,0.1248,0.464,blended,0.0437
d643346e-6bf8-410f-a7f8-a84e9b07ab53,Michael McCaffrey,M,3,0,0,0.1248,0.2488,blended,-0.091
f0157ef7-8464-4169-95be-72d27f98ca36,Christina Harris,F,10,0,0,0.1246,0.2992,fitted,-0.006
e0167957-aa28-4ec0-a898-409ad2813941,Matthew Fisher,M,9,0,0,0.1244,0.2714,blended,-0.0688
47d69938-6460-4d0e-b60e-3fbca6a9f864,Nathan Geldmeier,M,13,0,0,0.1242,0.2074,fitted,-0.1976
e894f721-371c-4287-a692-3de06d9f5aa1,Jerry Huang,M,0,0,0,0.1241,0.4494,imputed,
3aaf19e8-1b29-469a-98e0-a1d7adedf742,Nathan Peters,M,0,0,0,0.1236,0.3868,imputed,
fd1796f3-f61b-437c-adeb-c26ec9df287c,Nikita Pradeep,F,0,0,0,0.1236,0.4431,imputed,
2e95e894-569a-4e38-9f6f-e7ceea18bb2a,Alexander Tong,M,0,0,0,0.1234,0.4605,imputed,
ed2646d5-0805-4020-904e-6824ba6f640a,Chris Pascoe,M,0,0,0,0.1232,0.4565,imputed,
a51d3881-b1ee-4d56-997d-fcf9c08ff839,Piyapon Sriraphan,M,0,0,0,0.1232,0.4646,imputed,
1f281337-8943-4c9b-8ee0-82b3c10cbeb1,Ashley Lu,F,0,0,0,0.1231,0.4088,imputed,
c1335377-6f39-47f3-878b-3cdf3e9892d0,Franco Calandra,M,0,0,0,0.1228,0.4679,imputed,
60f33eb9-abaf-4adb-815c-2ed8e68d9e36,Claudia Caymel Romero,F,5,0,0,0.1226,0.2348,blended,0.031
d349a101-bd36-4f28-afb5-50f1ceb7cb9d,Max Fusselman,M,0,0,0,0.1226,0.478,imputed,
d9606838-65bf-4a4f-bcb5-1cf0d867e705,Jacob Lee,M,10,0,0,0.1225,0.2068,fitted,-0.0379
9532d3f8-9418-4b59-af95-3cc5e7c2a066,Kelly Chen,F,0,0,0,0.1222,0.3884,imputed,
0ea54033-c140-4b74-9133-b30bed1b6fb7,Beau Martin,M,31,0,0,0.1221,0.1313,fitted,-0.1298
e10e03b1-d46f-4a8e-9c5c-1a418e511328,Khalijawan Barber,M,0,0,0,0.122,0.4438,imputed,
42004b18-13f0-4de9-9b58-a6afd17c5069,Bolaji Kukoyi,M,0,0,0,0.1218,0.4177,imputed,
ca5854db-922f-4034-9e8f-301e0226b448,Emiliano Lopez,M,2,0,0,0.1216,0.36,blended,-0.0166
b9c9c1c3-5dbe-4230-8907-2873c8f74444,Johnny Quinn,M,0,0,0,0.1204,0.4347,imputed,
a4598cf5-6892-4097-bd10-06a291a775d2,Bryce Vanderhorst,M,0,0,0,0.1204,0.4712,imputed,
c333dab3-53bc-46a2-8b56-1a83a81bef33,Annie Tichenor,,0,0,0,0.1202,0.4278,imputed,
66c2c41d-ba59-4b64-a116-016f6ec16c05,Tsungkai Lee,M,14,0,0,0.12,0.1815,fitted,-0.0748
61ecd636-f476-487a-b7f6-ebadbaa476f1,Oya Naomichi,M,2,0,0,0.1198,0.3738,blended,0.068
33dbfc0d-f246-40da-a277-74c31f2662ae,Ryan Ng,M,31,0,0,0.1195,0.1204,fitted,-0.0916
60616b0c-0040-47e5-bddc-baea0e6b90ed,Hannah Doolin,,0,0,0,0.1187,0.4467,imputed,
399f8d82-c867-483d-ac8b-0dd8c6d32731,Eddie Shen,M,0,0,0,0.1185,0.4824,imputed,
81e17ce3-29fe-47ca-886e-01a2f2f78f9a,Tim Ahlersmeyer,M,0,0,0,0.1185,0.4511,imputed,
d1176b3e-0e5b-4fb6-9c1f-52b83a78e4aa,Matthew Mino,M,0,0,0,0.1185,0.4056,imputed,
c2ae5c9c-61b7-41be-99a7-00ac41b8749b,Dustin Wang,M,0,0,0,0.1182,0.4375,imputed,
bbaeb06e-88e8-4b02-bda3-0cd887ffb96e,Rosapale S,F,0,0,0,0.1182,0.4786,imputed,
f5380a8b-9be5-4d48-af98-2d3dbd992fee,Blake Hardesty,M,4,0,0,0.1179,0.2347,blended,-0.0528
c9ef6afd-de34-4e16-be46-3b3432c7ce38,Dr Leslie Danjou,M,5,0,0,0.1178,0.4135,blended,-0.0287
97d93c57-cb4d-4e7e-be65-7a5af67c124c,Scott Nguyen,M,0,0,0,0.1178,0.429,imputed,
ca72338d-0a14-4607-bdc7-a649fe8fd1e1,Jordan Denish,M,0,0,0,0.1176,0.4589,imputed,
8dd7bb87-1082-4114-809e-888ac57df014,Chase Mason,M,0,0,0,0.117,0.3575,imputed,
62d6f047-e52e-4551-8ab0-e007b92e6f85,Mark Nahum,M,0,0,0,0.1167,0.3691,imputed,
4cb95b8e-f286-42cd-a17f-4b5f5b6bc84a,Hannah Rose Nussbaum,F,0,0,0,0.1165,0.4679,imputed,
7a95058b-3bbd-4878-9eff-3904b32b4648,Alvin Hu,M,0,0,0,0.1165,0.4659,imputed,
023337c8-0868-4b6d-bb62-e9effad73e56,Gabriele Camasta,M,8,0,0,0.1164,0.175,blended,-0.025
ef866961-d524-4d16-9a0a-e3d5e67addee,Lindsey Thoeng,F,0,0,0,0.1163,0.464,imputed,
4ae4cd93-45df-4856-a64d-43273e45c54f,Millie Smythe,F,10,0,0,0.1159,0.1677,fitted,-0.0226
daae8029-3546-421a-be5d-f83a6dd5b1f8,Mike Grossman,M,0,0,0,0.1158,0.4678,imputed,
eaa1db5f-486d-43a3-96a5-990adc8c554e,Justin Tzou,M,3,0,0,0.1155,0.2929,blended,-0.0337
8e90c972-7919-417c-a2a3-5980de0ab469,Blake Potter,M,0,0,0,0.1153,0.3956,imputed,
ca301534-37e8-4d8c-b4db-d65769223da3,Natalie Blue,F,0,0,0,0.115,0.449,imputed,
edc73368-40e4-4734-8cbc-5c4ff9828d8d,Koki Nishida,M,0,0,0,0.1138,0.4227,imputed,
76f35e3f-976d-423f-b144-a5957081a847,Rocky Guido,M,0,0,0,0.1136,0.4815,imputed,
534304bb-8d6d-4a3d-a42a-14e1b1ee4ed9,Jen Shviadok,F,2,0,0,0.1129,0.3728,blended,0.0183
815cb80f-54d2-43ee-a194-8d6c0e13d0bb,Claudia Flores,F,3,0,0,0.1127,0.3275,blended,0.181
64c9bc56-497c-4742-8e76-126c03a817cb,Kelson Lau,M,0,0,0,0.1124,0.4787,imputed,
b6928a70-4384-418f-87d9-76ae2637ea69,Bryce Larson,M,3,0,0,0.1123,0.3548,blended,0.142
e2bd4b17-cd97-4c30-9ec4-ff1e0988779c,Hunter Bassett,M,2,0,0,0.1123,0.4512,blended,0.0208
50866375-27ea-44b4-81b1-006bc55aac04,Cooper Fratt,M,0,0,0,0.1122,0.4405,imputed,
ac4db3ce-7411-4430-9ac7-e964765026a5,Jonmikel Macnichols,M,0,0,0,0.1122,0.4799,imputed,
83c61852-6f3d-42ce-87f9-23fb509d0d3f,Blake Arrant,M,0,0,0,0.1119,0.4877,imputed,
643997b8-acbf-4ad1-a35f-26bd393015be,Brhet Bewley,M,0,0,0,0.1118,0.4428,imputed,
42aa422c-e795-47d7-b8c6-369e2e74c111,Tuny Betancourt,M,0,0,0,0.1116,0.4396,imputed,
565ea94a-af38-47fa-9d07-77a710b73337,Ryan Rabidou,M,0,0,0,0.1111,0.4472,imputed,
e4adde58-d9a0-4f1c-afb4-96bbc7f33d22,Benjamin Grant,M,0,0,0,0.1109,0.3425,imputed,
346c17b4-1b48-409d-8cb3-6f5a16d745bd,Lincoln Bellamy,M,0,0,0,0.1109,0.4295,imputed,
d4361af2-ab2c-40ad-9586-09727413df49,Luke G,M,0,0,0,0.1108,0.4806,imputed,
54ca38d5-acac-46c0-9e72-4e4ee5d3beef,Wynn Johnson,M,0,0,0,0.1105,0.4541,imputed,
e147245e-ac94-4109-9a8a-05cd64450a8d,Connor Slagill,M,0,0,0,0.1102,0.4565,imputed,
a9b66f58-abb3-471c-936d-bdc54dcfbe05,Paul Valenti,M,0,0,0,0.1102,0.4245,imputed,
9e500bd3-b4ff-449e-81fe-9ef54d091dbc,Sarah Ansboury,F,0,0,0,0.1098,0.3985,imputed,
2139d7a6-8dd1-4b15-b7e1-01e031c1268e,Eric Bunch,M,0,0,0,0.1096,0.4605,imputed,
13984413-364b-4d27-88f3-bc0fd4db1795,Loren Morgan,M,2,0,0,0.1093,0.3543,blended,-0.0474
dee643dc-920a-42e7-9596-7052f08cd4e8,Jamie Voelker,F,4,0,0,0.1088,0.3298,blended,0.1505
c2e84efc-cf81-4094-8817-992807c6b060,Joshua Mackens,M,0,0,0,0.1087,0.4475,imputed,
9b611af4-070e-4c45-bd1d-b99dc1cda155,Chase Martin,M,2,0,0,0.1086,0.3955,blended,-0.0097
6c46263b-476e-4680-a732-aad84c608a52,Kevin Stanley,M,0,0,0,0.1085,0.4438,imputed,
023771c3-1193-43c8-94d9-72b3dbf81121,Dylan Bricker,M,0,0,0,0.1085,0.4183,imputed,
5aa6548d-c261-475b-a53d-6da4833cbb0f,Manik Tandon,M,0,0,0,0.1081,0.4676,imputed,
f8917832-134f-4323-a2f2-ac19251c6e01,Sarah Williams,F,6,0,0,0.108,0.2998,blended,-0.1876
7d4e35ed-83cd-4872-81da-6a78d5a7a4d4,Bryson Alexander,M,9,0,0,0.108,0.1866,blended,-0.1588
c25adb59-f6c8-4097-91e3-2bffdc21abca,Tyler Slagill,M,0,0,0,0.1078,0.4528,imputed,
f0eeb802-d693-4cfb-b471-be8e1b8fbc5e,Kale Klein,M,0,0,0,0.1077,0.4212,imputed,
e2ee6b65-a480-4cea-a637-ccf209bd6d82,Jose Gomez,M,0,0,0,0.1077,0.3841,imputed,
48c47bfe-7ee6-44da-996f-f69b56c8f912,Nathan Reeve,M,0,0,0,0.1072,0.401,imputed,
0f21184c-1683-4cfb-bbaa-ede456c1162f,Phan Quynh,F,4,0,0,0.1069,0.318,blended,0.2184
d0c7d486-ae64-447e-929d-7f68bd377d5a,Lorin Schlecht,M,45,0,0,0.1066,0.1035,fitted,-0.1202
80934f96-44d2-477b-b909-17b9cb6d6a9a,Marcela Donatoni,F,5,0,0,0.1066,0.2006,blended,-0.0991
cf1bacca-9908-497c-a893-429258d86e8b,Dylan Vo,M,5,0,0,0.1064,0.3676,blended,-0.0337
b3944a3c-be66-4dd9-8413-48d225e0f198,Chris Chakkaw,M,0,0,0,0.1063,0.469,imputed,
768c9a9e-35e0-46ca-888f-62e5c8662530,Michael Forster,M,0,0,0,0.1063,0.4271,imputed,
f3f685fa-ed56-4c95-ad8d-d41886959683,Ramon Narula,M,0,0,0,0.106,0.4668,imputed,
274af60a-13f9-49c3-ac7a-442ad7960caf,Kaifen Yi,F,0,0,0,0.1059,0.4067,imputed,
23becc4a-36a4-4854-884e-d2efa8998955,Ana Gordon,F,16,0,0,0.1058,0.1455,fitted,-0.0611
f1cdefd8-4a82-4092-a889-2583c7d18dc9,Eric Lewandowski,M,0,0,0,0.1058,0.4187,imputed,
c4c38a97-b982-4591-bfd5-a1d6bf4f3bf8,Gary S,M,0,0,0,0.1055,0.4711,imputed,
cd7fa980-af59-4281-9159-4b7d8415fe18,Jasmine Almaguer,F,8,0,0,0.1053,0.2871,blended,0.0564
100148cd-0ca6-40fa-b2aa-7986fdc2a554,Scott Peck,M,0,0,0,0.1046,0.4577,imputed,
df07bbd8-1ba4-48b3-830f-b37884bf81e2,Ethan Jauschneg,M,0,0,0,0.1036,0.3714,imputed,
ebd20da8-26f1-496f-ad09-1f8ddf49e386,Brent Darden,M,0,0,0,0.1023,0.4354,imputed,
2c64704a-d33f-43a1-813a-442895e0c8d8,Michael Connors,M,22,0,0,0.1022,0.1455,fitted,-0.135
0e515d9d-4d69-4b37-95cf-f7fd5feb8f39,Zaen Affleck,M,0,0,0,0.1021,0.4238,imputed,
3224de9d-3215-4369-96e0-01e4ca502f44,Chase Brautman,M,0,0,0,0.1018,0.3563,imputed,
9b2a3ca7-f96e-4d08-963c-e40574cbffc2,Rikuto Kurosawa,M,3,0,0,0.1011,0.3368,blended,0.0564
6f3be491-e947-48e5-8ae0-cca7a5347bcb,Kyle Hermetz,M,0,0,0,0.1009,0.4646,imputed,
5a748232-1a53-4359-ae61-e082687accc8,Austin Baker,M,0,0,0,0.1007,0.4251,imputed,
b9b67f92-df6d-4c00-8833-536955195d3e,Madeline Gonzalez,F,0,0,0,0.1004,0.4573,imputed,
4677e4b8-8540-4d41-898a-417879e8ef31,Hudson Hall,M,5,0,0,0.1002,0.2128,blended,-0.0894
34cc3c8f-7d8d-4b70-8943-4930bcdd848b,Isaac Hartmann,M,5,0,0,0.1001,0.2295,blended,0.0
af68c5bd-5425-40e4-9614-872d83981de4,Tyler Holbrook,M,0,0,0,0.0998,0.426,imputed,
40ed986b-8e51-4b3b-837b-2673f15f9826,Adam Bisley,M,6,0,0,0.0996,0.2435,blended,0.0271
651463a0-4739-4f0e-bbde-790d280c737c,Priyank Soni,M,2,0,0,0.0996,0.3026,blended,-0.029
2ef2eea1-f767-4d3f-ae5c-05fead1a33e4,Jack Holloway,M,4,0,0,0.0984,0.2568,blended,-0.0757
ab9dec5a-a6ab-4189-8579-680925e98290,Scotty Wong,M,0,0,0,0.0983,0.4327,imputed,
a89a7fec-c5ce-4c04-9fb0-23da4067fd47,Chris G,M,0,0,0,0.098,0.4684,imputed,
d1cae50a-fc6e-4fcd-a968-e26048c36c67,Xavier Richard,M,4,0,0,0.0978,0.3001,blended,0.0029
79934cbf-ac3c-4444-8a99-9f82aa89d712,Jared Cohen,M,0,0,0,0.0978,0.3987,imputed,
25733f18-6667-45c7-a847-af843530fdc1,Maria Tatarnikova,F,4,0,0,0.0975,0.2974,blended,-0.0272
98e0cd66-6b35-4cff-b225-3ba1a79e011d,Sebastian Stam,M,0,0,0,0.0971,0.3948,imputed,
143d66c6-60e0-4a09-85a6-daaee007450a,Jessica Improta,F,5,0,0,0.0968,0.1976,blended,-0.0702
7861bba3-cb5d-4afa-b096-061e87e03055,Tiffany Ash,F,6,0,0,0.0962,0.2563,blended,-0.0037
4947a38a-0bdd-4fbf-a762-d17000f4b88c,Edberg Espinoza,M,0,0,0,0.0958,0.4475,imputed,
724467d3-c954-4529-9789-68c971ff9530,Eva Mitchell,,0,0,0,0.0956,0.4102,imputed,
b0ea7a12-3c8f-4a2c-9b0e-35b02dca94e4,Mitchell Russell,M,0,0,0,0.0954,0.3919,imputed,
8c028a1f-b148-4b28-887c-f78f2126a60e,Stavro Sophocleous,M,0,0,0,0.0949,0.3955,imputed,
0716a7e9-d8d4-4ee8-b915-8f48977707b1,Dmitry Wert,M,0,0,0,0.0944,0.4523,imputed,
9cd5bb7f-6de0-446b-9681-f837140a9213,Carlos Subero,M,0,0,0,0.0944,0.3917,imputed,
f30389f7-c293-4791-a936-a70050f74f8a,Zach Dixon,M,0,0,0,0.0942,0.4496,imputed,
9b2ee5ee-55e2-4c25-b77c-f33134034952,Adam Deen Heshaam,,0,0,0,0.0941,0.4749,imputed,
13b71cab-3764-4c04-a4fa-ba1ef1fbc183,James Peng,M,7,0,0,0.094,0.2145,blended,-0.152
5ceed8e1-e523-4045-bb15-feffd075c1df,Kien Dang,M,0,0,0,0.094,0.4338,imputed,
53b056f9-095a-40fa-881d-142629905f8a,Luana Stanciu,F,83,0,0,0.0933,0.069,fitted,-0.096
6bd2782d-fba4-4330-9e9b-44325506f54b,Veera Selanne,F,11,0,0,0.093,0.1623,fitted,-0.0921
e723f18b-a234-42c0-8db0-15790d17fde6,Isamarie Perez,F,5,0,0,0.0924,0.3205,blended,0.1921
efc34256-6eeb-4a1b-bb3d-d157d7c8cdb1,Corey Nichols,M,0,0,0,0.0923,0.4468,imputed,
cc7af850-9452-4133-9721-2cd0ea98394f,Winston Cannon,M,0,0,0,0.0923,0.4635,imputed,
cc7f5811-dddc-4b1e-b460-7a87b0097314,Ciara Kelly,,0,0,0,0.092,0.4609,imputed,
f864bdc0-c9c9-47d0-8510-bf53017dfc42,George Yang,M,0,0,0,0.092,0.4664,imputed,
f050f435-b9f4-4df8-b865-94937afc9cdf,Brian Hou,M,0,0,0,0.0919,0.4802,imputed,
09529a8e-1d36-4cc3-90b0-d6e2c08025c9,David Waugh,M,0,0,0,0.0917,0.4696,imputed,
947ad32d-852b-4b3f-b488-c1f20147f44a,Brian Kerr,M,20,0,0,0.0916,0.203,fitted,-0.2996
63fd86a5-a7e7-4716-aba7-ec9dfe457aba,Shona Kerr,F,0,0,0,0.0914,0.5082,imputed,
3f2ebd49-098d-4edb-92bb-47aaadac1a0d,Marcello Gonzalez,M,2,0,0,0.0911,0.4152,blended,-0.0568
bb6e7577-74c3-489f-9cfb-cf99a450b39a,Eduardo Bilbao,M,0,0,0,0.0911,0.4222,imputed,
bdc581a0-2286-4dc5-9be3-0c2d7b8fd20e,Yako Ohno,,0,0,0,0.0908,0.4731,imputed,
3230ffcd-3a29-4d67-9c06-035e035af969,Trevor Horstmann,M,0,0,0,0.0908,0.4325,imputed,
22fc9f03-5ca1-4df9-9774-370171e257ca,Jorge Garcia-Sarraff,M,0,0,0,0.0904,0.4361,imputed,
28251b2a-3c66-4997-a491-1abf09acb0f9,Akinori Wada,M,9,0,0,0.0902,0.2892,blended,-0.1871
fd9d1436-6f09-41f7-8658-d1349bdf1ba5,Chandler Carnett,M,4,0,0,0.0902,0.355,blended,-0.0072
30aa23e0-7162-42a4-8dd2-7afbe813a1d7,Andrew Kratzmann,M,2,0,0,0.0898,0.3947,blended,-0.1693
b903c782-bbac-4f3b-b3cd-68ee39e8cab1,Alexandra Walker,F,0,0,0,0.0896,0.4469,imputed,
2872d2d8-3623-445f-8788-72eaaf3830c1,Corinna Eckenstein,F,12,0,0,0.0892,0.2001,fitted,-0.0196
c466e48b-c5c8-46b3-811f-205589574bd2,Jared Call,M,0,0,0,0.089,0.4803,imputed,
fef5dce7-bf0a-4515-b9a5-05ae38320c13,Abdul Khan,M,0,0,0,0.0888,0.442,imputed,
85f379b1-2353-4c04-86b3-2d3ed818d2ff,Elyse Johnson,,0,0,0,0.0888,0.4616,imputed,
35d5deaa-4183-4676-ae8e-f8319bd48345,Ji Hoon Heo,M,0,0,0,0.0887,0.4466,imputed,
2627e096-863e-4adb-97ce-c88941d090d1,Joseph Adams,M,0,0,0,0.0886,0.392,imputed,
472d134c-49d2-4b55-864e-3d95ea4df675,Tim Kuo,M,0,0,0,0.0883,0.3699,imputed,
c77d99cd-bd49-44c5-b8cf-ce9ab5115e2a,Ikona Freitas,M,0,0,0,0.0883,0.4374,imputed,
c2ab75e9-e132-4bcf-9f71-8c38f6183cab,Shamus Flanagan,M,0,0,0,0.0876,0.3803,imputed,
67d696aa-90c4-4eca-b404-f45bc5866bb1,Quentin Wilson,M,0,0,0,0.0872,0.4268,imputed,
42c1d15a-dd1f-42a2-b368-63d203fcc81c,Yuhan Tao,F,0,0,0,0.0871,0.4616,imputed,
4f5cfcb8-ddbb-4e0c-b14c-58f7b1b23857,Myles Call,M,0,0,0,0.087,0.3993,imputed,
a037d693-badc-473c-9f81-4043cd3f5ae7,Enrique Porchas,M,0,0,0,0.0866,0.4069,imputed,
7367869a-7ef5-43c4-84fb-e1ba76696d4c,Benjamin Brietz,M,0,0,0,0.0864,0.405,imputed,
5dfe8620-b336-4f2c-8044-472224695995,Tom Murphy,M,0,0,0,0.0858,0.4511,imputed,
5978428f-4687-40ea-95a1-a4297c8ca71a,Dalton Kates,M,0,0,0,0.0857,0.4708,imputed,
caaec1c1-b69c-40a2-96ac-16ee09288df7,Christopher Depetro,M,17,0,0,0.0853,0.1374,fitted,-0.1224
112f810f-f6f0-4362-9f48-1e571d7ea614,Bobby Howard,M,0,0,0,0.085,0.4583,imputed,
38c52ec1-8a59-4886-b28a-db7b0294b4f0,Robert Morales,M,0,0,0,0.0849,0.4586,imputed,
2850083d-65e2-4816-ad0b-6af9678a4f09,Peter Dorward,M,0,0,0,0.0849,0.4275,imputed,
6064d3d3-77d3-4a20-91b9-f23c1ee0a6ff,Luis Fernando Myers Martinez,M,0,0,0,0.0848,0.4202,imputed,
3b3966e9-7b11-4c09-bb6e-f43dfaa51176,Roman Hill,M,10,0,0,0.0847,0.2024,fitted,-0.1107
cf1abda1-6191-4868-ae63-7d83003a6e5b,Nick Zelasko,M,9,0,0,0.0845,0.3078,blended,0.0684
5e0e81d3-10d1-4e75-900d-cf5eb9d82b87,Ben Costin,M,0,0,0,0.0843,0.465,imputed,
ed788e11-cac1-4e7c-b858-9db71f9a2aa8,Gregory Boyce Jr.,M,0,0,0,0.0841,0.482,imputed,
8e391034-34ec-4032-a043-4fc171a95a1a,Grace Folven,F,0,0,0,0.084,0.4761,imputed,
d8758482-5bad-4896-b3b9-3c9dbc67d9b4,Jacob Peng,M,0,0,0,0.0839,0.3867,imputed,
682b9296-0eb9-4af1-94b9-a7c6ebc04153,Jonathan Williams,M,0,0,0,0.0834,0.4739,imputed,
4beb7a86-7c8e-4c84-9f01-ba958d025888,Huanhan Li,M,0,0,0,0.0828,0.4491,imputed,
31e04dd9-7473-4d9f-a3b0-1a7663ca5102,Amy Blumrosen,,0,0,0,0.0824,0.4852,imputed,
cc1970ad-7170-4440-a54c-4aacb02677d6,Vincent Van Patten,M,0,0,0,0.0822,0.4775,imputed,
fdcf0567-0817-4a26-a427-31daa7b297e0,Karson Feyereisen,M,0,0,0,0.0821,0.3497,imputed,
6f6c2330-8edb-478b-a026-0c35e0b8dbfe,Anna-Lise Bolton,,0,0,0,0.0819,0.4177,imputed,
2d09a64e-2f98-48a8-86b3-68ef30ee7e78,Scott Wong,M,0,0,0,0.0816,0.4547,imputed,
72696117-bdb1-4e90-9131-e702b3ab2dff,Brenna Murray,F,0,0,0,0.0815,0.4044,imputed,
e6b658b6-0ab8-4c09-a3f6-b8ca25abee34,Ryland M,M,8,0,0,0.0812,0.1832,blended,-0.1115
c29b5430-0298-4fba-8915-35dd9c280ba2,Jacob Stegall,M,0,0,0,0.0809,0.4495,imputed,
ff64bd75-e662-47e3-80ca-8c12bb1dfba8,Avery Rogers,M,0,0,0,0.0807,0.4312,imputed,
3fc7e173-c1d9-4248-b6ed-48504384e98d,Christie Newcomb,,0,0,0,0.0807,0.4655,imputed,
50cf53f9-a3ad-495a-8d28-eb9c2e5c970a,Austin Hardy,M,0,0,0,0.0805,0.3644,imputed,
8834a79d-a6ef-48ca-82dc-900db2a441a0,Jayce Landheer,M,4,0,0,0.0802,0.3392,blended,0.0102
ababc250-f834-4e1b-a3e5-f7152faf0888,Kendall Warren,F,0,0,0,0.0801,0.4032,imputed,
002d141a-7020-4b33-af75-cde7e203d5c5,Pierre Enjolras,M,5,0,0,0.0799,0.2906,blended,-0.2447
95a7944c-bf49-4b44-ad95-fde82f4f8f51,Brookie Maasi,F,0,0,0,0.0799,0.4844,imputed,
573b3c99-d605-4c5d-9f61-dcb059543df8,Tommy Southon,M,0,0,0,0.0798,0.4909,imputed,
f8dde5ce-8cd2-47b7-91aa-a45d8679f736,Jason Brotman,M,0,0,0,0.0792,0.45,imputed,
8c59e06b-f8bb-4692-a92d-9c7676d08ae1,Nick Scroppo,M,7,0,0,0.0789,0.2387,blended,-0.0514
947400ca-b6da-4592-88db-76b79fc6e813,Carson Esraelian,M,0,0,0,0.0788,0.4141,imputed,
b8339aa2-dc4f-47be-963e-6f6bf373562d,Devon Sikora,M,42,0,0,0.0784,0.0934,fitted,-0.1746
4e51fcdb-0dee-42cf-a31f-b973bcbd207f,Cristobal Contreras,M,0,0,0,0.0781,0.4656,imputed,
133679ac-731d-4756-be39-433f90ab4184,Michael Keeper,,0,0,0,0.078,0.4838,imputed,
f6978569-d6e3-43d7-929b-d47a2aac4609,Molly Knox,,0,0,0,0.0778,0.4422,imputed,
6c94ca1c-575b-4629-8fca-de0bb2ef3fc5,Austin Bailey,M,0,0,0,0.0778,0.4755,imputed,
13407362-97b9-4bcf-ae7a-75c3576bb99a,Abbie Monski,,0,0,0,0.0777,0.4598,imputed,
3f745382-cc6b-40ec-a763-8bf5cc7e26b6,Alanis Hamilton,F,3,0,0,0.077,0.4252,blended,-0.0218
4addec5c-f5dd-4d9d-a180-f88684aa8416,Brad Hix,M,0,0,0,0.077,0.4511,imputed,
a68cd93f-e640-40ca-8821-10e344ddeb5f,Deserea Dunn,F,0,0,0,0.0766,0.486,imputed,
e4e64e82-81e5-446c-9251-b6fac101373b,Phong Tran Sr,M,0,0,0,0.0765,0.4054,imputed,
1b107833-b5be-4874-b8e0-a22260c7e78b,Mitchell Johnson,M,0,0,0,0.0761,0.4658,imputed,
d4b4527f-c92a-40d3-8e2a-d2a1af36ba7e,Jorge Nunez,M,2,0,0,0.076,0.3446,blended,-0.0532
a81e5565-46e9-4733-882a-f1d926ceae46,Ignacio De Elia,,0,0,0,0.0757,0.4645,imputed,
bdea1f6e-112e-4690-93d1-621f478150f1,Bee Vo,M,0,0,0,0.0755,0.4691,imputed,
34eaa8cb-5748-4d13-b717-fc793808de58,Ela I Puleni Vakaukamea Jr.,F,0,0,0,0.0752,0.4721,imputed,
9923eaee-4d57-4c0b-8ad8-55615fb70bd0,Abe Vasquez,M,0,0,0,0.0751,0.4795,imputed,
227ec8b0-ffd7-4d64-bb2b-a5a0f76a278a,Coulson Hamblett,M,0,0,0,0.0747,0.4229,imputed,
4fca4b3a-41a4-4115-8565-f21c7dfcb85d,Dalton Kowalski,,0,0,0,0.0743,0.4697,imputed,
08d8d257-7362-489d-a7a7-32ccf498f445,Praveen Akula,M,3,0,0,0.0741,0.3132,blended,-0.0808
8118dd34-b5fc-4a0e-982c-d5c29054f2d1,Aureana Marrotte,,0,0,0,0.0741,0.4837,imputed,
8a5114c9-3403-4bc6-b779-4c1aca7ec2bb,Dora Kurdi,F,12,0,0,0.0739,0.1393,fitted,-0.0404
3614f9c9-a16c-41f6-b2a9-3fc9926fde43,Jesse Eyman,M,0,0,0,0.0735,0.3998,imputed,
545586f8-8e93-44ae-91ae-1d0cb881ecd8,Aliese Pedro,F,0,0,0,0.0734,0.4542,imputed,
1b181039-306b-4f49-a6a2-961a7cdae3e8,Cade Erickson,M,0,0,0,0.0729,0.4692,imputed,
37553b04-c1fd-4601-a33a-1c95ce73633e,Stacey Wingad,F,0,0,0,0.0729,0.5145,imputed,
04028d5a-d835-453b-82af-89cac579972c,Ben Boesing,M,0,0,0,0.0729,0.4143,imputed,
2d4d304f-dcae-45f6-b26a-ab192ab0e1a1,Caleb Thompson,M,0,0,0,0.0727,0.4614,imputed,
901d6b86-7352-4814-b38c-68152cbba4e5,Sarah Boruta,,0,0,0,0.0726,0.456,imputed,
cd7fc0fd-c019-4c60-92c6-040ce4164a75,Alex Unger,M,0,0,0,0.0725,0.4582,imputed,
efbd783c-2455-4b45-aba9-aa6e9784e073,Landry Laywell,F,3,0,0,0.0723,0.3129,blended,0.2045
04eb9a67-a7f0-4a12-b954-b47ed04fd565,Shirley Hall,F,0,0,0,0.0722,0.4297,imputed,
4d7c6f28-476f-4d8d-9b97-c49d9bffd6e5,Ognjen Zekanovic,M,0,0,0,0.0721,0.4231,imputed,
8506a443-c4f6-491e-a1e1-52f74ff876a8,Minh Nguyễn Hoàng,M,3,0,0,0.072,0.2849,blended,-0.1382
10a358f8-1843-465a-8f3f-25fbd4613a8f,Ansley Drenner,F,0,0,0,0.0718,0.4888,imputed,
9c5ef5ba-8d6e-4de8-afd2-4f685dd10a01,Collin Maris,M,0,0,0,0.0716,0.465,imputed,
21340fe5-85f1-4b3a-b4e5-b181527c1c5e,Spencer Sandridge,M,0,0,0,0.0716,0.4712,imputed,
763f97eb-0598-4925-b169-2d0b4816aaf5,JT Troike,M,0,0,0,0.0715,0.4052,imputed,
c102dfdd-dc9c-4c5c-b2c9-3660effd7a45,Alex Iannotti,M,0,0,0,0.0714,0.4692,imputed,
855e9267-4776-47ec-ba8e-df2150b60c0f,Brad Chan,,0,0,0,0.0712,0.4703,imputed,
4e82e645-294f-424e-b1e7-28f93e2cb7cc,Benjamin Bramblett,M,63,0,0,0.071,0.0954,fitted,-0.1671
70f10904-4de8-4860-a650-9db85be39152,Minsung K,M,0,0,0,0.0707,0.4622,imputed,
6b10c172-f1c1-4ae1-8172-a85e4d769777,Matt Cragun,M,0,0,0,0.0705,0.479,imputed,
5d725a64-12bf-4b72-a688-9fd9c251e4e5,AJ De Castro,M,10,0,0,0.0703,0.2102,fitted,-0.2152
b75145d3-4245-4d72-80a3-622487389ba0,Jerry Worsham,M,2,0,0,0.07,0.3259,blended,0.054
cdf0b94c-89c3-47cb-96cf-ca5d7b0a2e62,Logan Formaniuk,M,9,0,0,0.0698,0.1918,blended,-0.122
24f8a17d-2f88-4b91-b895-f9883ff8a1eb,Sharon Lee,,0,0,0,0.0692,0.4633,imputed,
ba0c7ba3-7b65-495c-96ab-dc690bb10ce6,Jordan Krasner,M,2,0,0,0.0686,0.4533,blended,-0.0697
96b88cb7-14f0-424f-a42e-5e97bc2c05f7,Ivan Tykhomyrov,M,3,0,0,0.0686,0.3818,blended,0.1406
666a3b5a-63e0-4743-96c1-410b7e42ba32,Riccardo Corrente,M,0,0,0,0.0682,0.4692,imputed,
1f8160cd-acba-443b-a52c-731b8738ed5e,Tanner Burningham,M,0,0,0,0.068,0.4299,imputed,
aff2e2ca-debc-4513-8d4c-f6ee5e2de2fa,Nathan Rasco,M,0,0,0,0.0675,0.4721,imputed,
6a9578be-a5af-4281-a07e-a5162ba88ec7,Stephen Stetelman,M,2,0,0,0.0669,0.3983,blended,-0.0491
a1b4f028-ddf0-4c8d-9378-373340759a84,Justin Craig,M,0,0,0,0.0669,0.4806,imputed,
d2b57d49-f89c-4351-96ce-3e3ba12f2759,Adam Johnson,M,0,0,0,0.0668,0.4568,imputed,
85e0bf5c-445a-4fda-bdc5-7e4c56c1a9cc,Preston Wong,,0,0,0,0.0668,0.4685,imputed,
3d2b016b-9a2d-434c-85fb-84c4e1828596,Chase Faggard,M,0,0,0,0.0667,0.4622,imputed,
dcb9c21f-33ea-42dd-9049-ee472960c510,Colton Thielman,M,3,0,0,0.0666,0.2881,blended,0.0253
3d21a23c-9c01-41ea-89fd-c517ee3384ad,Grant Aronson,M,0,0,0,0.0666,0.4614,imputed,
4a4c1344-3450-46c5-9841-5f388ff13a63,Kyler Pacyga,,0,0,0,0.0666,0.4646,imputed,
d434a95a-8507-4081-9d8b-328752f651a9,Trent Virden,M,0,0,0,0.066,0.4761,imputed,
339e98c3-c331-4bac-baf6-11aa7bef4752,Niles Parungao,M,0,0,0,0.0655,0.4131,imputed,
c70fa7ea-62ff-41f8-aded-a287b89e2b8f,Kyle McMakin,M,0,0,0,0.0651,0.4032,imputed,
7835b447-15da-4cdf-b6bd-60a0d6d64786,Keith Tam,,0,0,0,0.0651,0.4854,imputed,
bf770d4d-f853-463c-92ba-6303795f94bb,Elaine Li,F,0,0,0,0.0651,0.5116,imputed,
ea1c3ae3-1b80-40b4-a2ac-c4ea907ca182,Brian Detweiler,M,0,0,0,0.0645,0.4508,imputed,
4f354c8d-e7f5-4457-b35e-6ec64c0a7dcc,Alex Chanthaphaeng,M,0,0,0,0.0642,0.3872,imputed,
85dab017-4a91-4fdf-aded-f7e6d229e62d,Victoria Shinkaretzky,F,7,0,0,0.0641,0.2083,blended,-0.1427
391d7a13-80bb-4226-9a8a-795db6b5a2d0,Santino Mirizzi,M,2,0,0,0.0638,0.4696,blended,-0.002
813002a8-aacb-49b8-86c6-28196af7c72f,Rachal Jackson,F,0,0,0,0.0637,0.4808,imputed,
236ef7dc-70c2-4dce-98f2-4d6fd8bdef2e,Casey Patterson,M,0,0,0,0.0633,0.467,imputed,
76128fbb-2e44-41aa-9298-529f26f2eec1,Alex Corado,M,0,0,0,0.063,0.4616,imputed,
af7b6031-0625-4a0d-a9f8-2a5119965320,Jeff Vollmer,M,0,0,0,0.0627,0.4675,imputed,
eb74c432-c1c4-456e-b010-5e21966abd01,Fatyha Berjane,F,11,0,0,0.0624,0.1555,fitted,-0.1143
ef9ae0f0-3387-4ecf-99aa-66aa4396ce61,Joseph Baldwin,M,0,0,0,0.0624,0.4627,imputed,
cfa7d2c7-f26f-4c2a-aeab-6b0c254a9f9a,Merritt Wilburn,M,8,0,0,0.0623,0.2818,blended,-0.1398
375bddcc-a89b-43b3-a46c-271bb2dda5b9,Wesley Vine,M,0,0,0,0.0623,0.427,imputed,
a2447b6a-819d-4591-8d19-6b43c70a1c22,Ruben Basurto,M,0,0,0,0.062,0.4031,imputed,
01f8bc01-6aa9-45e3-95f2-ba4250adca73,Raquel Amaro,F,12,0,0,0.0619,0.1611,fitted,-0.0536
b66624a6-5643-4f2f-a32f-3398e6119085,Mara Vasvatekis,F,4,0,0,0.0616,0.256,blended,0.0557
f6f66452-7ebe-4eb2-b2e3-f8ed1b692365,Jared Smart,M,0,0,0,0.0615,0.4577,imputed,
a24e6716-a5b3-4903-92ba-1cfd05f8f60f,Jayden Tsao,M,14,0,0,0.0613,0.1761,fitted,-0.1186
53955191-e756-453e-bf46-162afae7d905,Danica Wolf,F,0,0,0,0.0612,0.4003,imputed,
5ee2742d-1d00-47fa-bca0-bf8d6116bff8,Brandon Contratto,M,8,0,0,0.0611,0.222,blended,-0.0731
17cada65-b320-47b4-8759-b9f338340415,Khan Mohammed Attaullah,M,2,0,0,0.061,0.4301,blended,-0.0233
9acccd46-b7c5-4f0a-bed4-a007f30faf92,John Marando,M,0,0,0,0.0599,0.4637,imputed,
cccaeffb-5f39-4e9d-8665-7e201ff14477,Jaryd Marks,M,0,0,0,0.0599,0.458,imputed,
63ea21b0-1684-41a6-b9a3-e66de72101bf,Matthew Melgar,M,24,0,0,0.0594,0.1275,fitted,-0.1111
a4cb04ba-c307-4dee-b058-79bc5e4a3e26,M. Asyraf Azan,M,2,0,0,0.0594,0.4163,blended,-0.0615
14c184ad-dbba-44e2-9a06-4662ca93e0c1,Dylan Galarza,M,6,0,0,0.0589,0.2027,blended,-0.1613
7f8b8f44-9751-4739-8711-d505af4c6f25,Eric Landau,M,2,0,0,0.0584,0.3985,blended,0.0844
1c20448c-abe6-4c92-a5d9-c204d1962b37,Vena Fonokalafi,M,0,0,0,0.0584,0.4942,imputed,
cc4fb482-888c-4121-9279-7be00c89663c,Maddie Scharfenstein,,0,0,0,0.0582,0.4538,imputed,
65a9536b-0b29-402c-8843-485defc8c8b3,Kyle Bachman,M,0,0,0,0.0578,0.4459,imputed,
274a5055-8953-4c88-935a-f5cc8687c696,Conor Burns,M,0,0,0,0.0573,0.3967,imputed,
37f42b13-91fb-4ea0-a4c8-9bebbd2a2384,Bronson Adams,M,0,0,0,0.0565,0.4466,imputed,
98577287-735c-42ef-b9d2-9180156c6704,Jason Tay,M,0,0,0,0.0565,0.3906,imputed,
4a62180b-f1e2-4d21-b69f-01ae4b4e26bc,Keng-Lun Yeh,M,0,0,0,0.0564,0.442,imputed,
582d2ebf-d424-4ad1-926b-e404f04d6e35,Muhammad Aiman,M,7,0,0,0.0557,0.2197,blended,-0.1892
3d8ed1e0-1a8a-40e1-9838-577403598f57,Jericho Grollman,M,0,0,0,0.0557,0.3946,imputed,
c2c43cab-ff1f-4b7d-be8b-cc23d7d5266a,Dustin Maylath-Bryant,M,0,0,0,0.0557,0.4684,imputed,
19e04dba-937e-4129-a482-088765320f8a,Trevor Machek,M,0,0,0,0.0555,0.3544,imputed,
e8b776d6-8ed1-4cf1-b1c1-a1c5bad75912,Dawson Johnson,M,3,0,0,0.0552,0.2958,blended,0.0222
301d15bd-0b3f-4963-9af2-3aa3b55ebbd8,Jason McCrary,M,0,0,0,0.0544,0.4156,imputed,
9b946d4b-87e2-4cc6-8a67-fcd038c4c0b5,Dalton Hess,M,0,0,0,0.0543,0.4666,imputed,
fcbcd6ef-9b87-4068-8fd2-04f0ab9a7efc,Ian Dube,M,0,0,0,0.0543,0.4619,imputed,
f8f933b1-a0b9-4826-a6fc-fa143489eb69,Kristen Walsh,,0,0,0,0.0542,0.4571,imputed,
8bb06f6d-f805-4023-b91e-2710f68be8f7,Chance Ponsford,M,0,0,0,0.0538,0.4746,imputed,
c0ba9313-612f-476c-a83a-226658df45d8,Sueme Rajpal,M,0,0,0,0.0532,0.4301,imputed,
c360e305-380c-4997-a5dd-8d2a766e43a4,Ian Mayew,M,2,0,0,0.0531,0.4888,blended,-0.0125
f916df01-3dd0-4425-8ea9-0f3eb1ec64ea,John Southon,M,0,0,0,0.0528,0.4694,imputed,
e6c8585d-d4cd-4ddc-8392-250484ef8e18,Tommy Croker,M,0,0,0,0.0524,0.4504,imputed,
ad22b867-2823-4343-8068-013d87983da4,Monte Wong,M,4,0,0,0.0523,0.3006,blended,-0.0649
7572bb9c-05a9-4a55-b7b9-dc8953640853,Walker Medlin,M,0,0,0,0.0522,0.4637,imputed,
63e92612-511f-486c-96e0-121f2f841fdf,Noah Ward,M,13,0,0,0.052,0.1993,fitted,-0.2111
0693776c-2294-4e1a-ba38-504ce0972828,Julie Rodriguez,,0,0,0,0.0518,0.4545,imputed,
3386d320-08b7-499d-b5c4-0713381500b6,Brendan Lee,M,0,0,0,0.0518,0.4802,imputed,
8e6e1bd7-190b-4e0a-b21d-e1e402267e7b,Tucker Mueck,M,10,0,0,0.0517,0.2598,fitted,-0.1131
afc46447-bbb1-426f-9e36-d694e5ab3bae,Justin Gimelstob,M,0,0,0,0.0515,0.4517,imputed,
450b4dd4-9721-41db-a7af-88918ea9c55c,Yoan Ghenassia,M,0,0,0,0.0515,0.4685,imputed,
c98d358d-c8ce-4c42-9a0f-76e3e73a63c6,Masashi Watanabe,M,9,0,0,0.0514,0.2104,blended,-0.0697
bb9ea4fc-4a6d-47d9-8a31-54b42680b7d6,Rich Cho,M,0,0,0,0.0513,0.4626,imputed,
dcf9ca4c-be8c-48c0-a8bb-cd91c9174af7,Scout Bogan,M,9,0,0,0.0509,0.1874,blended,-0.1151
f8f40d54-a481-46ef-b168-7f08c9df6f87,Michael Rollauer,M,0,0,0,0.0509,0.4688,imputed,
998e949c-760d-4c47-81f3-8980ef582e25,Ryan Tetreault,M,0,0,0,0.0508,0.4887,imputed,
212ab460-d689-4455-8713-354ce86f0369,Farzad Adib,M,4,0,0,0.0504,0.3841,blended,-0.0205
4c83f1aa-6db3-497a-a38a-04d5daa54165,Sylvain Halais,M,0,0,0,0.0502,0.4704,imputed,
8edeb6c3-c836-4ddd-89d3-3588b83f53ee,TC Anderson,,0,0,0,0.0499,0.4661,imputed,
a9cafd74-bf45-4f9c-924f-c1b261e4e5b0,Jorge Garcia,M,0,0,0,0.0493,0.4234,imputed,
737c0dea-55a6-4dff-84b3-f3ed07a9ccf3,Melissa Lein,,0,0,0,0.0491,0.4804,imputed,
26b62096-12d6-4f76-8458-5ee5e89f97b9,Tao Castillo,M,2,0,0,0.0489,0.4282,blended,0.0553
6fb20a2a-5c14-4b7a-85dc-ecb4e62a1256,AJ Fitzsimmons,M,0,0,0,0.0489,0.4308,imputed,
c2c4dea9-5417-4cbc-a563-78380138b922,David Baca,M,0,0,0,0.0478,0.4479,imputed,
8f8e87bf-0b68-4198-bb73-b7cf57186deb,Garret Johnson,M,2,0,0,0.0476,0.3828,blended,0.0561
4482eabf-c7a4-4c02-be69-5dfe9f531fc0,Spencer Talmadge,M,0,0,0,0.0476,0.412,imputed,
79660466-d424-472e-a23f-9e7f2c811b5c,Kyle Wong,M,0,0,0,0.0473,0.4784,imputed,
fb7294c2-63d6-4a2f-9547-16d8fff1842b,Reilly Puhalski,M,0,0,0,0.0473,0.4551,imputed,
401e42c4-6eea-4d78-b68e-37bd7f0cda51,Christian Roehmer,M,0,0,0,0.0472,0.4736,imputed,
54c30cfb-2e7f-463a-ace3-b2a9b0e07481,Benjamin Slade,M,0,0,0,0.0472,0.4232,imputed,
44aadd78-e64c-436b-a2cf-de997e434d0e,Jerome Jayapal,M,0,0,0,0.0471,0.4789,imputed,
3f523db3-f8c4-46c8-a54f-533d7220d27b,Kyle Goodburn,M,0,0,0,0.047,0.3581,imputed,
755360dd-f14b-4073-9947-2156eb2d035c,Sophie Stevens,F,2,0,0,0.0466,0.475,blended,-0.049
ef386587-145d-49a8-9797-f89fe3b3934b,Jessica Cortes,,0,0,0,0.0466,0.4665,imputed,
4f850c68-4327-44f2-9419-dead1f2b8489,Son Ngo Giang,M,0,0,0,0.0465,0.4696,imputed,
411014ad-3557-45ec-9fe9-6d54319665d7,Natalie Hansen,,0,0,0,0.0464,0.4697,imputed,
144b1960-c405-42f8-a9ca-c7900d5f8c2d,Yến Đinh Hải,F,0,0,0,0.0462,0.4924,imputed,
3352fcce-bc05-4a02-bf59-c1984cec3e56,Chris Walker,M,19,0,0,0.0459,0.1426,fitted,-0.1891
2b0517e5-d7f3-4d02-9706-a271a5aada21,Phan Ngọc Anh Tú,M,4,0,0,0.0459,0.3012,blended,-0.0559
3dfe1ac1-2918-4cdc-b580-6a2715809a5f,Johnny Shapiro,M,0,0,0,0.0458,0.4681,imputed,
7b9b0a62-05aa-4300-952c-37c29b09a845,Amelia J,,0,0,0,0.0451,0.4379,imputed,
e449b98c-8990-43dc-9e97-441644bf9d5c,Madeline Saunders,F,3,0,0,0.045,0.4171,blended,0.142
e5ab6886-6cf1-4f6a-8ec1-38c56a3c8d60,Tuan Nguyen Duc,M,0,0,0,0.0447,0.482,imputed,
722347d4-487c-473f-aec0-f856533f520d,Brookes Jones,M,0,0,0,0.044,0.3647,imputed,
af80115d-0e5f-4466-9863-9bafb449120e,Jameson Lewis,M,6,0,0,0.0439,0.2352,blended,-0.2531
5520bc45-676e-45a7-bf34-7d91529fdd63,Billy Buchhauser,M,11,0,0,0.0438,0.184,fitted,-0.3452
343b9c6b-dc79-4290-b143-5a20012fe646,Austin Ciampini,M,0,0,0,0.0437,0.3612,imputed,
d95d74f2-0788-4eb0-95eb-8bb65c8f907f,Marko Lovrinovic,M,23,0,0,0.0436,0.1442,fitted,-0.2258
8dc3bdb2-da18-42be-b105-3a9461014456,Frankee Hendricks,F,29,0,0,0.0433,0.1193,fitted,-0.1065
4a2228fd-67d6-4bf2-831a-b0c5f9a319a9,Connor Aulson,M,7,0,0,0.0424,0.2776,blended,-0.0807
86e638a4-3af9-4b19-b87d-5ab614287863,Hinano Fukunaga,F,5,0,0,0.0424,0.2875,blended,0.1304
6d2534bb-08b7-43fd-beef-52f11faa6c0b,Rachel Elliott,,0,0,0,0.0424,0.4771,imputed,
15def97f-d414-4418-9c2c-7f94aca8bb22,Emir Hamzic,M,5,0,0,0.0423,0.2862,blended,-0.0455
6f87091a-66d6-4bfc-8780-fdf1489c1ecc,Noah Ivey,M,15,0,0,0.0422,0.1471,fitted,-0.195
ded39f4a-e65c-474f-b525-23fef2e3da54,Dung N,M,0,0,0,0.0422,0.4396,imputed,
063af537-3442-4e91-81b7-4ae4b11482c5,Jordann Vigna,F,0,0,0,0.0419,0.4903,imputed,
57265d69-bd7d-4322-be65-a8225cda2d99,Kuldip Mahajan,M,5,0,0,0.0418,0.2597,blended,-0.1848
300c5d8e-b682-4169-bb55-aab8952d69af,John Henderson,,0,0,0,0.0415,0.4483,imputed,
a8136eb2-4b62-4951-8fd2-6c69004b34f5,Megan Willcox Morales,F,0,0,0,0.0415,0.4854,imputed,
3f71b16d-0d08-4829-818a-cdfd44cfa306,Sutherlyn Brinn,F,6,0,0,0.0414,0.2698,blended,-0.057
6ded338c-168d-4288-8300-ebc0ff727617,Kendall Shepard,,0,0,0,0.0413,0.4517,imputed,
f4742280-56fc-4c0e-a2b0-860e7e752a0b,Max Tavepholjalern,M,0,0,0,0.0406,0.3872,imputed,
f45799d3-6a8f-49eb-ba66-18144efc5348,Matt Carter,M,0,0,0,0.0405,0.4411,imputed,
5f7067d9-0221-4aca-9219-429dde49d78b,Christopher Jaques,M,21,0,0,0.0403,0.1471,fitted,-0.1308
e3aad437-ffc5-4273-86a7-5e4c22621750,Jared Brungard,M,8,0,0,0.04,0.2048,blended,-0.171
c2709fa8-4b43-4c77-a314-03978a26a7b3,Ryan Landon,M,0,0,0,0.0399,0.4639,imputed,
76bcf969-6bae-495c-9469-31e5413bd864,Isabella Dale,F,2,0,0,0.0398,0.3906,blended,-0.0664
e571b577-c066-47da-87d2-bba1140083f3,Jared Culbert,M,0,0,0,0.0398,0.4057,imputed,
c8e4c697-0b57-45e3-8799-227779ee5f1e,Pui Long Fan,F,0,0,0,0.0391,0.3888,imputed,
da01da5f-049a-4fb1-bad5-d3b4ed931c9c,Vrushali Thakare,F,0,0,0,0.039,0.398,imputed,
1a23e505-5c98-4e61-b904-c935fa506b6d,Megan Poe,F,11,0,0,0.0389,0.1953,fitted,-0.1392
dadf6266-20da-4916-9869-3a9d1a9e449b,Ketan Garg,M,4,0,0,0.0387,0.3759,blended,-0.0074
001e0c99-ca33-4d77-a721-d012be8acc8e,Garrett Swaney,M,0,0,0,0.0387,0.4803,imputed,
3d566c44-5d68-4637-99ad-71a79868e371,Cameron Vose,M,0,0,0,0.0385,0.4635,imputed,
156ad391-becf-408d-bc99-b9ffd2261a40,Holden Ross,M,5,0,0,0.0383,0.3429,blended,-0.1684
75b5ec5c-0e59-4ef6-a771-29866e6a9824,Eric Fritzges,M,4,0,0,0.0381,0.2818,blended,-0.1
fbce23e0-cb8f-420a-b996-ca434cf962e2,Joanne Wong,F,0,0,0,0.0369,0.4822,imputed,
1f1d2b07-6634-4f3e-8759-e650132a95a0,Kaitlin Miller,F,0,0,0,0.0366,0.4481,imputed,
51d3c520-ab59-47b5-87f2-b99ce66b1ad8,Tristan Watson,M,0,0,0,0.0366,0.3912,imputed,
8c0ea30c-313e-48e6-bff2-330fba1210fb,Tara Bernstein,,0,0,0,0.0365,0.421,imputed,
9d976c52-e45b-4e89-8c64-6281efdd0370,Eddie Gonzalez,M,6,0,0,0.0361,0.2657,blended,-0.1046
7ae4f842-ea7a-42e1-80ac-9ad235f10ed0,Lexi Jensen,F,0,0,0,0.0355,0.3865,imputed,
8a8a499b-0c48-4dc2-a56a-6301b2d2c324,Chris Turvey,M,0,0,0,0.0352,0.3691,imputed,
1cb16560-ea2f-48eb-98c7-2636ffeac2f6,Ian Horne,M,0,0,0,0.0352,0.4701,imputed,
dd0546b6-dc33-4323-82db-b7ca83b259d1,Chaitanya Sohani,M,3,0,0,0.0351,0.439,blended,-0.0652
72659549-b89e-4af5-bf69-662b5a178566,Enzo Frequelin,,0,0,0,0.0348,0.4749,imputed,
ac6c0d79-2b47-471c-a635-848b3ef22e04,Mark Wei,M,0,0,0,0.0347,0.4513,imputed,
b191bf5b-58d6-4232-ba55-1defadd14f79,Diego Lebron Perez,M,0,0,0,0.0346,0.3525,imputed,
8feb58d3-1ce8-4abc-851e-6aac7c4856e8,Erin Denney,,0,0,0,0.0343,0.4852,imputed,
2754c857-8d9e-409f-a23f-d7045ea3d540,Evan Woodworth,M,2,0,0,0.0338,0.3733,blended,-0.0863
ddfee378-c291-4296-a585-0ac8d5dd3ba9,Hudson G,M,0,0,0,0.0337,0.3722,imputed,
5dcd214d-8753-45a2-8f66-80546cb8cd92,Paul Gledden,M,0,0,0,0.0336,0.4752,imputed,
d1467954-5b55-4724-9cd5-4d8dd54f2fc0,Jake Benjamin,M,0,0,0,0.0335,0.3578,imputed,
793538d0-e160-4d88-bdf3-1397bac4143d,Kendall Hunt,F,17,0,0,0.0333,0.1331,fitted,-0.1297
8d01e666-4546-4a07-8e01-898269fe10a3,Caroline Stepnowski,F,0,0,0,0.0333,0.4626,imputed,
698425c8-54be-4087-8552-6308f78d847f,Jeremy Graham,,0,0,0,0.0327,0.4834,imputed,
ac8566cc-3728-4da5-99dc-7a1a4138fb3e,Lucas Whitmire,,0,0,0,0.0324,0.4929,imputed,
c73e672d-adf5-463c-8b6d-e1394e094047,Alex Lawhun,M,0,0,0,0.0322,0.4703,imputed,
a1afd619-f90f-4141-8d44-e1aec419520e,Mike Leslie,M,37,0,0,0.0318,0.102,fitted,-0.1651
fa5bbb46-73c2-4995-b2a5-826a956ef560,Scott Langenbach,M,1,0,0,0.0316,0.5265,blended,-0.0205
6a2ef6ed-4fa7-4745-9e0d-76ca04c679b2,Kadin Metzner,M,0,0,0,0.0316,0.4632,imputed,
36d2c542-0531-49e6-84ef-97e6c3502c6a,Jalen Fuhriman,M,0,0,0,0.0314,0.461,imputed,
4ba5a425-6aac-4934-928a-44bf6b0e9468,Belin Tekin,,0,0,0,0.0312,0.4978,imputed,
8e7a29ce-455d-4987-a967-246f45757a7c,Naomi Tran,F,7,0,0,0.0309,0.1648,blended,-0.2031
b8870d30-2302-45ec-8365-4a3f2fbc10df,Tanner Lantz,M,0,0,0,0.0309,0.4675,imputed,
26106b4f-970b-48b1-8a08-7d921540935b,Hannah Ward,F,15,0,0,0.0306,0.1885,fitted,-0.1487
a4a34567-4734-41dc-895a-e37928f7647c,Grant Kayworth,M,2,0,0,0.0306,0.3294,blended,-0.0866
aecc444f-b367-499e-8430-acf83b216ec0,Anna Tozin,F,0,0,0,0.0305,0.4438,imputed,
1d200bd4-3d5b-41f2-9235-3ebfce0a4bb0,Miyu Hazawa,F,8,0,0,0.0302,0.1995,blended,-0.0382
688dac52-dc1b-4082-b741-e0688f6ea678,Thao Tran,,0,0,0,0.0301,0.4618,imputed,
a82ea313-f799-4cef-95ab-3f82799c4df7,Ivan Vizcaya,M,2,0,0,0.0295,0.4187,blended,0.3136
9706bca7-440c-4aa9-9e3b-e370787d513a,Alexandre Medawar,M,0,0,0,0.0292,0.4159,imputed,
5b12e284-45c9-40b8-84a4-44db6ff91ad1,Billy Cooke,M,12,0,0,0.0287,0.1875,fitted,-0.2028
407c1b17-aa9f-43f8-beaf-8c719b242f8f,Yegor Klimantovich,M,5,0,0,0.0286,0.3755,blended,-0.0926
ab35146a-0c1c-4697-8f52-47c6215b6db7,Russell Martinez,M,0,0,0,0.0283,0.4806,imputed,
e2114623-f1db-4b79-8609-5debed47e7b0,Zermaine Lew,F,0,0,0,0.0281,0.4451,imputed,
fd1e36f6-54bd-41b7-9a46-aabcc5c21ca7,Xinyue Zhang,,0,0,0,0.0278,0.4785,imputed,
42364027-4479-4d6d-8ad9-336dc796e4b9,Skylor Riley,M,0,0,0,0.0277,0.4136,imputed,
bb209921-6ef7-4176-839e-56a94c2bc03b,Tim McMahon,M,0,0,0,0.0274,0.4817,imputed,
da18d74c-4ea3-4eba-b137-7b43192b8e5a,Nicholas Garza,M,11,0,0,0.0273,0.1967,fitted,-0.2866
0e99de25-22af-46e1-b569-b7b465774986,Sullivan Tipton,M,6,0,0,0.0264,0.26,blended,-0.232
1f754a82-2e10-454e-ac94-33c1a24578a8,Alex Sweet,,0,0,0,0.0263,0.4361,imputed,
600b9777-22cd-4087-b311-7190a006ac5d,Cassie Quast,,0,0,0,0.0259,0.4309,imputed,
95f0c026-1b27-4e06-a5cf-66a894d0394b,Khoa Duong,M,3,0,0,0.0256,0.3178,blended,-0.1737
9fa3fd89-6cac-416a-bee5-b19abb7a3e82,Lucas Jensen,M,10,0,0,0.0255,0.2059,fitted,-0.0855
e59d9da5-0053-4f9d-b606-ebfba2d69f23,Hsiang He Li,M,12,0,0,0.0255,0.1952,fitted,-0.0849
3dbf2d98-d0ac-498d-af2d-0afd2f7f8dbb,Takuma Tsukimura,,0,0,0,0.0253,0.4519,imputed,
7689891a-8d5a-474d-8ef2-44034271dd27,Joel Kabacinski,M,0,0,0,0.0249,0.4709,imputed,
2d1e1dd4-906a-4a93-b172-4e948fa88041,Troy Jenike,M,0,0,0,0.0247,0.4557,imputed,
42d9a582-944d-454a-bd3c-2742a71008d8,Alessia Rossetti,F,4,0,0,0.0246,0.2261,blended,-0.0463
f3eb3a16-b250-4bc7-ac66-23ede9030c80,Gianna Southwick,F,13,0,0,0.0244,0.1965,fitted,-0.1351
7551cefc-cd75-4d80-885a-d00e808a2fc1,Haddy Salem,M,0,0,0,0.0244,0.4754,imputed,
54c911cd-5bde-4aee-a448-7bbeb2c3229c,Erik Dunigan,M,0,0,0,0.0243,0.4712,imputed,
6a506138-4cdf-4d85-b8a5-c73054a51647,Jen Rogers,,0,0,0,0.0242,0.4029,imputed,
86b7aaf4-4474-402e-9a65-fc45885534ae,Ryan Meyers,M,0,0,0,0.024,0.432,imputed,
5a8d862d-5d28-45c6-9e5d-683f031174e1,Riku Owari,M,10,0,0,0.0239,0.175,fitted,-0.0793
577c2a4e-dea2-487e-9884-5863fc99aa94,John Hanne,,0,0,0,0.0239,0.4857,imputed,
2d454f26-4381-4f45-83a7-7f206d6a6cb3,Alex Simon,M,0,0,0,0.0239,0.4675,imputed,
ec477412-08aa-4347-80ea-01eb6ad07d24,Joel Ticknor,M,0,0,0,0.0237,0.3929,imputed,
fd67e1e2-cdf0-4f41-ad8e-b914a855e95f,Alina Munteanu,F,0,0,0,0.0237,0.4351,imputed,
cd6e0ef8-ec98-4c1c-869e-32dd38ff2b9d,Nick Patterson,M,0,0,0,0.0235,0.4365,imputed,
caffd39a-546a-44ab-91c1-e22fafec9d74,David Bragman,M,0,0,0,0.0233,0.4731,imputed,
baa7cf00-d8ed-4c2a-bc0a-2483068761e5,Joshua Lee,M,0,0,0,0.0233,0.4781,imputed,
e80c7d22-65f6-47f5-bbcd-2fd2b8394e22,Courtney Kessler,,0,0,0,0.0227,0.4336,imputed,
dc7f99c2-458b-4fa9-b670-02dcc5a61d40,Foster Johnson,M,0,0,0,0.0225,0.4236,imputed,
4cb0feba-023f-4d90-a498-f9a7b5ceed19,Marcela Truxal,F,2,0,0,0.0224,0.4728,blended,-0.0599
3ee05781-0028-4777-ad97-25cfcfd1bab3,Grant Chambers,M,0,0,0,0.0223,0.406,imputed,
19a1f7fe-1d16-418a-be95-785266ff586e,Yolena Carlon,F,0,0,0,0.0221,0.3805,imputed,
8595d98d-bb19-41e5-a3d4-c36b0513754a,Garrett Blair,M,0,0,0,0.022,0.4407,imputed,
df58ab47-f7ca-4922-bdd4-ca60d5ecca42,Matthew Ginn,M,0,0,0,0.022,0.4175,imputed,
9e8ad96a-17a3-48bf-9363-7b35cc96b2b8,Averee Beck,F,60,0,0,0.0212,0.0758,fitted,-0.1616
1d66e0a2-e820-4ac4-b1d1-f6f407946fe7,Mikaeel A,M,2,0,0,0.0211,0.4018,blended,0.1031
d18e296d-d264-49bd-8702-3c0d6c91b9eb,James Crosby,M,7,0,0,0.021,0.2425,blended,-0.3187
43611373-9fa3-493d-bcb6-2620d0e48b23,Chase Rigdon,M,0,0,0,0.021,0.4272,imputed,
27bace9b-afb2-424a-af5b-f69ccce01725,Sabrina Guillebeaux,F,0,0,0,0.0207,0.3938,imputed,
ada46caa-1864-4846-a2c7-c8651478582b,Ciara Kelly,F,0,0,0,0.0205,0.4132,imputed,
e32bc591-7691-47a7-84d6-ce2077167296,Joshua Cornett,M,4,0,0,0.0204,0.2399,blended,-0.1663
b27a1016-d0cf-4ba6-a8a5-976d72381ab2,Joel Clark,,0,0,0,0.0203,0.475,imputed,
09966016-d1fa-49bd-ac24-c2d196f49d06,Simon Barker,M,7,0,0,0.0201,0.2306,blended,0.0027
7e9f6339-d91e-4319-817c-eabe626d4c2b,Agustin Crochi Torres,M,0,0,0,0.02,0.4407,imputed,
2f32e321-4f6e-4d4e-aa91-ef786a475d9f,Seth Chittenden,M,0,0,0,0.0198,0.4689,imputed,
c9f766d6-696b-4e34-8e13-919c7286ad85,Mc Dranreb Africa,M,0,0,0,0.0194,0.4543,imputed,
3cc03d64-c275-4deb-8c0f-79e755320c04,Christianna Hornigold,F,12,0,0,0.0187,0.187,fitted,-0.154
d65c900b-bbae-4bdf-a9d4-7cdac38de977,Bee Horsley,F,5,0,0,0.0184,0.2997,blended,-0.1276
8c948173-2711-4926-a551-8eeb830cd0b1,Nick Tomaino,M,0,0,0,0.0184,0.443,imputed,
a1158a98-f19d-4be0-b79b-15bf63afe499,Ben McNair,M,0,0,0,0.0181,0.3742,imputed,
51c6b468-00d4-41e9-a68e-2838b1493854,Cody Miller,M,1,0,0,0.0179,0.4858,blended,-0.063
4cc547e8-d92f-478f-ab8f-5ff5552a713b,Alexandr Cozbinov,M,2,0,0,0.0179,0.4734,blended,-0.0684
478a19c3-a2a8-4f42-afc6-f408797f1665,Crystal Mildwaters,F,6,0,0,0.0176,0.2434,blended,-0.0237
a30cda93-c1ad-4f8d-a5f9-7264ad30824f,Niltooli Wilkins,,0,0,0,0.0176,0.4159,imputed,
0502ebaa-d307-4e2c-8c7e-9d08518f108d,Jennifer Tavernier,F,0,0,0,0.0171,0.4392,imputed,
0f8632ee-7263-4a59-b486-a273333519d6,Logan Rowe,M,0,0,0,0.0169,0.4477,imputed,
a87b7fe9-f316-4ea7-b054-2e813c786750,Stephanie Alliev,F,10,0,0,0.0165,0.1873,fitted,-0.1652
90454eb9-8c5e-47ec-9429-abd51f80fb86,Eugenia David,F,0,0,0,0.0163,0.5004,imputed,
5b21c3e6-8b08-4cb2-96cc-2f458526be7a,Elyssar Medawar,,0,0,0,0.016,0.4858,imputed,
649a30be-e691-4be4-8677-b9a55699f2b8,Ivy Tschetter,F,7,0,0,0.0158,0.2764,blended,-0.1012
c0e7d21b-6df9-4573-be2e-01e3fcbd4da3,Seth Goodman,M,5,0,0,0.0158,0.2263,blended,-0.2181
bc40464a-8726-4e9a-b0f5-3df29092824a,Brandon Farine,M,0,0,0,0.0154,0.4684,imputed,
b9aca45e-42c5-465c-957c-6a46c93c32fd,Mike Newman,M,0,0,0,0.0152,0.4839,imputed,
e7b47bd5-319e-48c3-959f-acdd0c70446b,TY Butson,M,3,0,0,0.015,0.3601,blended,0.1212
51fcc7ea-b32a-4fdf-a7c0-bb1816fc7ada,Alejandro Andino Vallverdu,M,2,0,0,0.0149,0.4193,blended,0.0342
18ac6522-f5f6-4192-aba4-1b281445097d,Mark Fletcher,M,0,0,0,0.0149,0.4755,imputed,
c012b271-5d26-48b1-8cd5-2cd04d1d204b,Matt Ngo,M,3,0,0,0.0148,0.2442,blended,-0.2197
5b04a702-ee4b-4069-8747-7a36879a557d,Cole Lazerow,M,3,0,0,0.0147,0.3793,blended,-0.1064
9a26504b-eb20-485c-8aec-543d1ba2e649,Susie Epp,F,0,0,0,0.0146,0.4803,imputed,
21ca9b2e-330b-407e-a809-a1c85568cba4,Joel Phillips,M,0,0,0,0.0145,0.481,imputed,
708aa82a-95fc-456c-93a7-fbfb3176e6b0,Nuruddin Tejani,M,1,0,0,0.0142,0.5177,blended,-0.0366
2f77330b-35d8-4166-b5fa-d34c04cccfa4,Trong Nguyen Duc,,0,0,0,0.0142,0.4811,imputed,
bdf258d8-48e1-4f69-bae9-009e934bbee6,Wang Junze,M,4,0,0,0.0139,0.2964,blended,0.0492
57340151-101f-4b4f-962e-4031fffcce98,Will Kayal,M,0,0,0,0.0134,0.4637,imputed,
67e3b942-0f26-41b5-8abf-51fa09849e19,Walter Lau,M,2,0,0,0.0131,0.362,blended,-0.1221
110bc104-eec8-451a-bdd3-c78e9d6cad2a,Jamie Hafner Jr.,M,7,0,0,0.0131,0.1898,blended,-0.2439
c8203587-bf99-4551-9a87-5b9deaaff1d8,Maksim Dunova,M,2,0,0,0.013,0.5257,blended,-0.0339
28084fc7-8653-4ff0-bc3b-1bf582d03a75,Jay Evans,M,107,0,0,0.0126,0.0629,fitted,-0.1931
39fd8a47-2424-49e4-b9bf-85d357c2521a,Gael Lomas,M,0,0,0,0.0124,0.4452,imputed,
ca205f76-8aad-4768-b7e1-b1760ba566f1,Blake Beshirs,M,0,0,0,0.0123,0.458,imputed,
d0513962-42f2-40e9-904e-b5b615587b98,Janaye Sakkas,F,0,0,0,0.0121,0.3884,imputed,
7a329368-8ffe-4e66-9b85-976f00d28382,Nick De Vivo,M,2,0,0,0.0113,0.4517,blended,-0.0232
5c5c1775-a31b-4f49-b822-42afe860fd24,Stephen Bass,M,1,0,0,0.0112,0.4014,blended,-0.0664
dca3335c-a2fa-4863-b26c-a2e587de7534,Maebry Jones,F,0,0,0,0.011,0.384,imputed,
5c71cca0-56c2-433a-9b55-4ffe77759677,Luis Reyes Peñalverty,M,0,0,0,0.011,0.4475,imputed,
1bb5daf7-4380-4bd6-97b6-394f6b49d5b3,Landon Dunn,M,0,0,0,0.0108,0.4629,imputed,
168e244e-7a4c-44b4-9b0d-7bcd8be46ca9,Farshid Mirzaee,M,0,0,0,0.0107,0.4741,imputed,
f8a1909d-3a65-481d-ad80-1e84067c5ce5,Pierce Corbett,M,0,0,0,0.0106,0.4922,imputed,
9d13a846-ecdb-424c-9fe4-ae5be98c2af9,Zachary McDivitt,M,0,0,0,0.0105,0.424,imputed,
d37181c0-3c06-48fc-aa72-b179d42b4c9f,Phan Nhung,,0,0,0,0.0105,0.4765,imputed,
999eacf5-4e29-441b-9a12-d53c7e4795d1,Mila Bonfitto,,0,0,0,0.0104,0.4476,imputed,
00b26cba-d4f8-41c2-9ce6-e70c42805d3f,Zaki Pauzi,M,0,0,0,0.0102,0.4764,imputed,
24aedd01-31c1-44df-9b15-d6a1ff16c174,Warren Robinson,,0,0,0,0.0102,0.4366,imputed,
ebbe7074-f584-4032-adea-e2d15fac0bd7,Tysen Wadge,M,0,0,0,0.0101,0.463,imputed,
24fa2185-6047-41ef-9fda-ea403464690b,Veronika Miroshnichenko,F,3,0,0,0.0094,0.383,blended,0.1207
03d747d8-f005-46df-8e30-78c150134094,Patrick Moore,M,3,0,0,0.0087,0.378,blended,-0.1013
98a22483-2b9f-47d6-bac9-d853d06f7c4b,David Dutrieuille,M,0,0,0,0.0084,0.4151,imputed,
54685d05-fc7a-4954-ac11-e05e1f0baffb,Tristan Bjork,M,0,0,0,0.0083,0.4667,imputed,
91b85a58-b7fe-4ec9-8785-6d09cf843010,Jessica Williams,,0,0,0,0.0082,0.4865,imputed,
070be5dd-2dcf-44b6-b2e7-37d9fbd29aa2,Adalynn Lund,F,0,0,0,0.0076,0.3936,imputed,
8d3e4b69-2bca-465a-8266-b24467d6a6bf,Alfonso Plata,M,4,0,0,0.0075,0.3657,blended,-0.069
b318bac6-a2bd-4c95-9073-a92b279aede8,Gabrielle Boudreau,,0,0,0,0.0074,0.4602,imputed,
0c82fa68-b517-4085-9f63-403c07cb63fa,Shaun Tamai,M,0,0,0,0.0073,0.4678,imputed,
7a1af963-1c88-472a-a952-e2960f36a408,Kimberly Bacalla,F,4,0,0,0.0072,0.3698,blended,0.3297
deb34ab5-bc2e-4fda-894e-600a62ca0fa7,Michael Shaw,M,4,0,0,0.0071,0.2827,blended,-0.2111
610f57b3-cfd8-40b1-a48b-eede022a4bf4,Mason Garrett,M,4,0,0,0.007,0.452,blended,-0.0973
4295bfa1-7486-4820-8196-480ba5c3036c,Hijiri Kaneko,M,0,0,0,0.0068,0.4688,imputed,
d32ec0c0-33b5-4cc8-938d-65b2e741faf2,Kimmie Ouchi,F,0,0,0,0.0067,0.4423,imputed,
2a52a5a9-3ec6-4256-9a09-95581b3e0c3f,Genfan Jin,,0,0,0,0.0066,0.4843,imputed,
8cac766a-f191-4b94-b396-c8cdd39cc256,Kobla Tetey,M,0,0,0,0.0065,0.458,imputed,
2bda36f1-9786-48b1-8cfa-c18da222a0fb,Chee Seng Pua,M,0,0,0,0.0063,0.4611,imputed,
eb6d4cd8-8f0e-4068-8af9-bb02d91ebd9c,Alex Diaz,M,0,0,0,0.0061,0.4496,imputed,
7c11b7e1-905d-40ed-ae74-1a7e8f64825e,Brian Williams,M,0,0,0,0.0057,0.4542,imputed,
c6af1b36-802f-47d4-b4f6-b1f0346f17f2,Tee Heng Chee,M,0,0,0,0.0055,0.4756,imputed,
92caf5a2-684c-41f3-92b9-b7725e4c1b88,Kishan Shah,M,9,0,0,0.005,0.2603,blended,-0.2617
e5c095dd-0e3d-406d-815d-d7af2a149478,Joe Kasahara,M,0,0,0,0.005,0.4126,imputed,
ec278906-8939-4ce2-b1a4-a3ca9098fce2,Eric Zheng,M,6,0,0,0.0049,0.281,blended,-0.1622
6e78817a-2b26-43b0-8286-794acd3846a0,Tyler Roop,M,0,0,0,0.0048,0.4315,imputed,
3ef7db8e-3307-4876-b67c-83c93e3dbfaf,Omar Alfaro,M,0,0,0,0.0039,0.4614,imputed,
d60866ec-8264-4cc7-aa55-ddd9726e15a3,Drew Dement,M,7,0,0,0.0038,0.2798,blended,-0.1877
6e57eca5-b347-43e9-b01a-17a645b7a22c,Justin Vizconde-Sopanarat,M,0,0,0,0.0037,0.3883,imputed,
e1c4adb7-3f88-4013-b104-593667326f82,CJ Clampitt,M,0,0,0,0.0036,0.399,imputed,
9983fa4c-0af4-4cc7-9b4f-cb4591a29925,James Gillespie,M,2,0,0,0.0034,0.4088,blended,0.0001
5fec9f72-90fa-4046-a8f3-7ce15ad62f01,David Creswell,M,2,0,0,0.0034,0.3366,blended,-0.2419
b648058c-c88f-4504-9212-1d8f7a99634f,Miguel Salgado,M,3,0,0,0.0033,0.3911,blended,0.0655
125484f9-49c1-4103-af32-109618d1fa51,Ashley Longoria,F,15,0,0,0.0033,0.1424,fitted,-0.1678
a870a5c5-8627-486a-b94d-afd649e6578c,Brian Hershman,M,5,0,0,0.0032,0.3617,blended,-0.0153
884ca999-57c9-4917-9bc1-3495ae01e017,Caelan Sampson,M,2,0,0,0.0028,0.4989,blended,-0.0497
bc0f1bc5-8d86-4266-8685-9abfc316a9d2,Wesley Fletcher,M,0,0,0,0.0027,0.4701,imputed,
5731b7ae-c3a4-42eb-9f3f-edb5288fd729,Kirsty McCorkindale,,0,0,0,0.0027,0.4659,imputed,
21f71611-ac77-4465-b2d3-133124940af0,Vladee Suarez,M,0,0,0,0.0023,0.483,imputed,
a6ca73aa-4952-44d0-b6e8-ad1c385b4b7c,Joy Leising,F,0,0,0,0.0021,0.4262,imputed,
668c5765-ca64-456a-8677-ec34e987e913,Lesa Ritchie,F,4,0,0,0.0019,0.2198,blended,-0.0886
18f60de0-f11d-4591-bc1c-0f6463ce0009,Gabe Cohen,M,2,0,0,0.0012,0.4433,blended,-0.1038
fd62c8b9-7932-4545-93bc-067ff4856e70,Juan Medina,M,2,0,0,0.001,0.5219,blended,-0.0521
482be3b2-720f-4710-a436-9e808ff17f7a,Daniel Loney,M,4,0,0,0.0009,0.3314,blended,0.0186
07d2038a-4cec-414e-ac3f-0869c6e38390,Adam Charbit,M,10,0,0,0.0008,0.1705,fitted,-0.2262
ba454533-a964-46e4-9b5e-ee6c8aacbf37,Sean Andrews,M,0,0,0,0.0004,0.4651,imputed,
8b4525e3-c6be-43e1-b2ca-778ff6899bdb,Lauren Andersen,F,6,0,0,0.0001,0.2865,blended,-0.075
edc9cd2f-9be5-411c-853e-3afd99798e0e,Rob Brandt,M,0,0,0,0.0001,0.4358,imputed,
88f06134-949b-4242-aee8-edbb029f808f,,,0,50,31,0.0,0.6,blended,
db91df20-c7ac-40f2-b0c9-ad2160aa62cd,Nick Mashour,M,0,0,0,0.0,0.4865,imputed,
fa3ae918-340e-4d2c-a368-271cc1b1a0ea,Zach Vond,M,0,0,0,-0.0005,0.4667,imputed,
688e11f7-46fd-47d6-bf0b-dafac579f11e,Grayson Hall,F,0,0,0,-0.0007,0.48,imputed,
553bf8c3-919f-496a-b37b-7e34cf5bc1fd,Alex Gee,M,0,0,0,-0.0013,0.383,imputed,
10966ea7-6a51-4dad-b166-3314a5c20b24,Steve Thyden,M,0,0,0,-0.0013,0.4367,imputed,
170bb744-175b-4938-90e4-9cd22ef93d7e,Gabriel Jimenez,M,0,0,0,-0.0015,0.489,imputed,
4acae255-998d-423b-b2e1-68c0c3dee13a,John Rudden,M,20,0,0,-0.0016,0.2035,fitted,-0.3017
721c2e93-8bdc-4d9d-95ee-6f9dc34df7c2,Heman Nama,M,7,0,0,-0.0016,0.2373,blended,-0.1801
40767c5c-9121-478a-af35-3c02ed8924ce,Drew Diefenbach,M,0,0,0,-0.002,0.4861,imputed,
89ebbf61-f312-48d3-a415-cce50fb888e1,Daryl Shapiro,M,0,0,0,-0.0022,0.4589,imputed,
2dcf9fa3-8296-44b4-8607-84b9b6fddcfa,Derek Thompson,M,0,0,0,-0.0023,0.4614,imputed,
4804638d-7721-4834-bca7-c2131bfab7b0,Nam Vu,M,0,0,0,-0.0023,0.4693,imputed,
dfd5feff-7f35-403b-bdff-e8ee2c394865,Cayden Fry,M,0,0,0,-0.0025,0.4664,imputed,
2f28b85f-2645-4f75-8571-67335413387b,Morgan Downing,F,61,0,0,-0.0028,0.0788,fitted,-0.1927
294e69ea-1a6b-4fa2-b89e-40c9572145c9,Maria Zachmann Nili,F,0,0,0,-0.0028,0.497,imputed,
7e283079-7a7e-43ff-b774-85b61d9b8a35,Dang Chau,,0,0,0,-0.003,0.4777,imputed,
d93f56ce-61cc-477d-a26c-17d04e53b2ff,Anna Lenhart,F,28,0,0,-0.0034,0.1213,fitted,-0.2331
3b85e242-47d7-4814-9e66-33c76e446b63,Bryan Fu,M,2,0,0,-0.004,0.4721,blended,-0.0918
0149fedd-527b-4b4a-adff-4ff796d3c385,Jessica Thomas,,0,0,0,-0.004,0.4867,imputed,
b360b053-b36f-463a-9dd6-6aad2c0e84a7,Alexandra Rivera,,0,0,0,-0.0044,0.4738,imputed,
abd114cf-b662-4597-929d-25e7c1136942,Eden Lawson,,0,0,0,-0.0045,0.4669,imputed,
98d6dabc-1b5f-4178-bf5c-8940dcdd9491,Cameron Douglas,M,0,0,0,-0.0052,0.3759,imputed,
306c6149-abcc-48f6-ae44-98cb7f7a4aaf,Danko Kenjic,M,0,0,0,-0.0052,0.4603,imputed,
5358928b-dc8d-431a-a57e-0c0236b09b35,Elizabeth Skufca,F,7,0,0,-0.0054,0.3037,blended,-0.2652
0949287a-c46b-442e-9d5a-2ca9903e185e,Matthew Leffler,M,2,0,0,-0.0057,0.4911,blended,-0.0655
9190c1cd-8cb3-459e-932f-f2e41e4ae613,Jase V,M,0,0,0,-0.0057,0.4656,imputed,
88a9b0bc-7380-4412-9d96-bb3740dd5877,Izik Walsh,,0,0,0,-0.0059,0.4372,imputed,
24807150-9de6-4d2b-9217-735ce7910a52,Hyunmin Park,M,0,0,0,-0.0066,0.467,imputed,
df3b3eb1-3b00-4242-b4e9-34bc4f8f4fde,Boone Casady,M,5,0,0,-0.0072,0.2567,blended,-0.2399
97b24965-e11d-4b2b-9a5f-ea6da90859cf,Brian Anderson,M,4,0,0,-0.0079,0.374,blended,0.0437
fb9360bc-8a5e-4a54-a460-5a4d4541ac81,Marie Lutz,F,0,0,0,-0.0079,0.3972,imputed,
b63bf8ad-ad18-4711-b134-7459567056ff,Christopher Null,M,0,0,0,-0.0082,0.4827,imputed,
ad1f841d-e850-47b7-9546-ac77996a5f41,Sanders Graf,M,9,0,0,-0.0085,0.2702,blended,-0.2328
596d3613-2e99-43f0-82b8-eef965acad42,Cori Elliott,F,0,0,0,-0.0088,0.3891,imputed,
45b89e6b-63a7-4815-9002-a268ae63347f,John Neri,M,0,0,0,-0.0092,0.4043,imputed,
e4016679-4e8b-4eea-b617-fe167b865fae,Gabriel Chen,M,0,0,0,-0.0093,0.4654,imputed,
e6701d3f-b130-4ae2-bc02-950c9c632d51,Vitalii Corosteliov,M,1,0,0,-0.0095,0.5306,blended,-0.0587
148344a1-1022-459d-8134-f788f184cea2,Austin Yeloushan,M,2,0,0,-0.0102,0.3957,blended,-0.1271
4aa64694-393d-4353-9c16-f1bf50bdef68,Jordan Halliday,M,0,0,0,-0.0102,0.4223,imputed,
3035a9a5-7db7-4f2f-9ad8-9244cc8073cf,Alex Nicholas,M,0,0,0,-0.0102,0.454,imputed,
921d25ee-821b-4690-bfc8-15610b645a87,Matthew Nola,M,0,0,0,-0.0106,0.4685,imputed,
b250b70a-6e41-48e1-aa6f-4b07d606bfb5,Patara Tezduyar,F,0,0,0,-0.0108,0.4488,imputed,
01dd5654-0df8-4322-b6e4-dc9002d60f21,Phụng Võ,,0,0,0,-0.011,0.4917,imputed,
64d2ab43-438f-45e0-81fa-9d7687a8b969,Saahith Matam,M,0,0,0,-0.0111,0.4786,imputed,
3c18696b-02c1-43a4-87b3-b0849a37f8e8,David Angel Rosales Jr.,M,0,0,0,-0.0112,0.4793,imputed,
a221652d-812b-480e-82fb-7c58791ba147,Carl Taibl,M,2,0,0,-0.0113,0.3817,blended,-0.2718
3fc36229-d401-405a-8753-36a7dc65b99d,Terrie Robson,F,3,0,0,-0.0113,0.3131,blended,-0.0491
c4aae79e-6622-4dcd-bb7b-9408903bf9e7,Paul Ghazi,M,0,0,0,-0.0114,0.4843,imputed,
83903260-a1ef-4cf7-8182-82870b48d011,Patrick Dempsey,M,0,0,0,-0.0121,0.456,imputed,
0368a6a3-c439-4fee-a89e-01028e9739f8,Cai Haught,,0,0,0,-0.0122,0.4384,imputed,
07456e73-2a8c-4bcc-a487-7300ea9d852f,Cody Sivan,M,0,0,0,-0.0125,0.3463,imputed,
77fcf933-5b26-4c06-b488-d55e06d4be82,Iryna Kostirko,,0,0,0,-0.0126,0.4986,imputed,
4509c792-8bde-4395-8cce-996991176ddd,Alex Rush,M,0,0,0,-0.0127,0.404,imputed,
857c4707-29ff-4af1-a643-542d90e3f64a,Olivia Almy,F,0,0,0,-0.0127,0.4965,imputed,
13b4179b-86e2-4ffa-9d61-82ec242adbdc,Josh Jenkins,M,0,0,0,-0.013,0.3655,imputed,
7304b49b-ab5b-4551-8130-da8dcd7ab016,Kasen Lopez,M,0,0,0,-0.0133,0.4729,imputed,
94048add-2a8e-45e4-9921-c7f58e0088ac,Ruobing Su,F,0,0,0,-0.0134,0.5233,imputed,
d7549a4c-a286-498a-87b8-ce9a705659cc,Nick Casey,M,0,0,0,-0.0135,0.4371,imputed,
25e61ef1-a9a2-4d05-8e75-4f0dd1bb0a2a,Lizzie McFarland,F,16,0,0,-0.0136,0.1312,fitted,-0.177
0d95388f-4063-43ff-bd5e-bfee39700a34,Joe Prince,M,0,0,0,-0.0137,0.3678,imputed,
b9a0d9d1-5e92-41ad-8466-1b87d98f644b,Forest Dennis,,0,0,0,-0.0138,0.4726,imputed,
25a58955-2246-443c-8728-63f481ad44c6,Nishimura Naoya,M,0,0,0,-0.0144,0.439,imputed,
192613f1-44a9-4ad2-b8da-0a89a02fed8b,Alexandra Zapletalová,F,5,0,0,-0.0146,0.1799,blended,-0.13
43712c18-7ba2-465a-b64a-1b96f002aa52,Nick Szczurek,M,0,0,0,-0.0149,0.4648,imputed,
11cfcfa9-cf39-4e44-9cfb-8a52087fd499,Oliver Novic,M,11,0,0,-0.0153,0.1596,fitted,-0.1366
5752f097-3f05-4db5-a871-ab2c6b451abd,Monica Piekarski,F,0,0,0,-0.0155,0.4171,imputed,
6628bcaa-36ae-4ece-8446-e8bc1b2e33e6,Natnicha Lueangtawikit,F,15,0,0,-0.0157,0.1612,fitted,-0.126
77091378-084b-442a-9e37-6fa2f8b95b51,Don Carmichael,M,2,0,0,-0.0158,0.4753,blended,-0.0593
5b8a390c-9996-4c1f-8898-122c7760088e,Yvon Martinez,,0,0,0,-0.016,0.4288,imputed,
8a1346e9-8c24-4f09-91fe-d61f1a9fed2e,Arielle Nealy,F,5,0,0,-0.0163,0.3,blended,-0.0408
e75b39ac-5fa3-48d5-9326-abdd4c0073db,Bryce Johnson,M,0,0,0,-0.0165,0.4997,imputed,
7caee219-d0a0-4cbc-a547-bebfdae565d1,Duncan Homer,M,0,0,0,-0.0168,0.4446,imputed,
ecbb307e-8c76-4566-9415-2e3a0278a096,Chase Orme,M,0,0,0,-0.0175,0.4745,imputed,
a24eb6e4-fc7d-4feb-81b3-221f8c604b19,Hiếu Triệu Hoàng,M,0,0,0,-0.0177,0.4826,imputed,
f91b88a1-7d1e-41ad-9782-200959faf6bd,Olivia McMillan,F,4,0,0,-0.018,0.3764,blended,-0.2061
86ed685e-f72d-45fa-a1ca-1a1787eb820e,Vladimir Orellana,M,0,0,0,-0.0182,0.4137,imputed,
f290f950-0f97-4740-af58-76d56173bf99,Alejandro De la Torre,M,0,0,0,-0.0183,0.4709,imputed,
1f3c646e-6331-44bb-9ac1-9fa08989dd4f,Aaron Borno,M,0,0,0,-0.0185,0.4908,imputed,
df21c5e5-e24c-4bf8-b124-aa35f2d0b631,Varun Iyer,M,0,0,0,-0.019,0.4525,imputed,
3f93f669-c1f4-4b73-8449-3f3bcf17d659,Joseph Wells,M,0,0,0,-0.019,0.4686,imputed,
380c9874-684f-421a-875e-400ddc3f61f7,Junior Joseph Mfashingabo,M,6,0,0,-0.0192,0.3936,blended,-0.1124
d81c1e41-a751-45da-b642-94e9ab778c74,Diego Butanda,M,0,0,0,-0.0193,0.4058,imputed,
d8661398-7aaa-4db9-ad08-402c16a5cbbf,Ethan Mahony,M,0,0,0,-0.0193,0.4529,imputed,
f3f567ac-ce78-4e6f-87ea-9be0caa1afa4,Zachary Gard,M,0,0,0,-0.0194,0.481,imputed,
fab42914-2b3c-4479-94ea-ca42b36c0d35,Eli Haymon,M,0,0,0,-0.0196,0.4436,imputed,
60839e6a-2847-481d-b1b8-6f2bc0f5d02f,Taylor Lindsay,,0,0,0,-0.021,0.4861,imputed,
eb988619-0a45-4ab2-a356-5a5659b44137,Nicholas Howell,M,0,0,0,-0.022,0.393,imputed,
e4a94471-a8ac-4246-828e-d08a011a66bf,Cam Meinhart,M,2,0,0,-0.0221,0.4062,blended,-0.1426
5e7cba17-677d-4b50-8926-6054af030500,Simon Corney,M,12,0,0,-0.0222,0.28,fitted,-0.0974
c93c6860-8605-48bc-b41d-82cebb778583,Logan Russell,M,0,0,0,-0.0223,0.4596,imputed,
d5d75814-c4d5-4531-9f5d-09930d9e34f6,Julie Heitman,,0,0,0,-0.0224,0.4851,imputed,
c5e59994-5c52-4523-9c96-f6ae5eb21388,Garrett Little,M,3,0,0,-0.0229,0.3305,blended,-0.2845
2d70078a-161b-4641-a9d9-167101c87c61,Mayu Omori,F,6,0,0,-0.0233,0.2244,blended,-0.0272
e89db92a-d6be-4265-8a27-bc31c79b525a,Sharon Gregory,F,0,0,0,-0.0233,0.4485,imputed,
7432b186-a6d2-430c-abfa-1a212eeb4383,Denny Lee,M,5,0,0,-0.0238,0.2599,blended,-0.2132
be9cc582-d699-4077-a2cf-4cf7111c0429,Dan Garfinkel,M,0,0,0,-0.0238,0.4646,imputed,
fa194cf9-9f45-4920-8102-981c43ec132e,Sonny Dackman,M,20,0,0,-0.0239,0.1332,fitted,-0.2067
c4c010a3-0006-4da7-953c-163b7649e82e,Fabian Jacobo,M,0,0,0,-0.024,0.4353,imputed,
c37e8ab7-8478-409a-af39-8f39fa795a6f,Shae Spencer,,0,0,0,-0.0242,0.4432,imputed,
8a990576-fa1d-4878-8b39-62e5475de915,Alison Bruggeman,F,0,0,0,-0.0243,0.4128,imputed,
b24ec516-7dce-46b0-aeed-6393f963b0bd,David Richardson,M,0,0,0,-0.0251,0.4095,imputed,
d444a060-bd89-47e9-928c-3b12090a557a,Brian Tinsley,M,0,0,0,-0.0252,0.4459,imputed,
387229f4-66aa-45a2-97d3-7d762fc749f7,Rahil Kassam,M,4,0,0,-0.0253,0.2045,blended,-0.2212
0079f8f5-d587-4135-ab10-a4b249d9a8c9,Casey Kalinyak,M,2,0,0,-0.0256,0.5104,blended,-0.0882
a4ea764c-f78a-4f57-a22c-5c450f66a960,Jason Kerr,M,8,0,0,-0.0262,0.2313,blended,-0.1143
dade3257-df83-4883-bfb1-d1bfee8257a8,Dalton Robinson,M,0,0,0,-0.0264,0.4359,imputed,
d5f88170-e019-44a7-a76e-5de857d0c0c9,Tomohito Fujiwara,M,0,0,0,-0.0266,0.4366,imputed,
4e7b9c22-fd4d-4ec6-90ab-e949e9572ba6,Richard Bayne,M,0,0,0,-0.0268,0.4114,imputed,
ac34888c-eec3-4445-bc03-f2c2c380a721,David Horn,M,3,0,0,-0.027,0.4043,blended,0.0075
21086dd0-deef-46da-913f-4064d25ba550,Mandy Gabriel,F,0,0,0,-0.0273,0.4087,imputed,
ae6cd5bd-c5a8-4d36-8100-754d1b07eb49,祥典 陳,M,0,0,0,-0.0273,0.4839,imputed,
f61dc8c2-8bdc-4c44-9259-6bdc3d4b86d8,Marcus Avram,M,5,0,0,-0.0274,0.3628,blended,-0.1373
2fc7ba08-5da4-4924-8c59-d4f1b09c22d6,Rajasree Hawk,F,0,0,0,-0.0276,0.438,imputed,
a6f57d71-bf90-48fc-b05b-abe66980a132,Mike Radermacher,M,11,0,0,-0.0281,0.1393,fitted,-0.5044
c0d4c4ee-b1a9-4ead-a64d-5f69de48ac2a,Ellie Tomkinson,F,9,0,0,-0.0288,0.171,blended,-0.132
7f43368d-f9af-4c68-a90a-3788a4963671,Stephanie Joseph,F,0,0,0,-0.0288,0.4476,imputed,
37df7263-598e-4953-b1da-75024f7883dd,Josh Rivera,M,0,0,0,-0.0291,0.45,imputed,
6e5fb94e-5539-4094-82e9-99e80130b704,John Haskell,M,0,0,0,-0.0293,0.3764,imputed,
f4576b54-8963-418c-9356-146687eb6de6,Michael Enright,M,0,0,0,-0.0293,0.4645,imputed,
979c0ad7-8a86-4707-9d9e-0fdd38cf4ec6,Marcus Low,M,0,0,0,-0.0296,0.4727,imputed,
c83efa76-ad13-43d0-a6b4-1a9dbc4bcbf1,Sammy Melin,F,0,0,0,-0.0297,0.4372,imputed,
4be45b4a-461b-43e3-b0a4-33effdc2248a,Dalia Garza,F,35,0,0,-0.0299,0.168,fitted,-0.198
f06c816b-7c94-42ea-8b00-8441d9f9c7ef,Joana Stark,F,0,0,0,-0.0301,0.422,imputed,
7008914d-bfe0-48f2-8472-989f1a82a1ca,Rian Weston-Dodds,M,0,0,0,-0.0302,0.4035,imputed,
610158d5-daac-4ec7-a9d4-1b6a4f194760,Cody Temple,,0,0,0,-0.0305,0.4667,imputed,
0d99baf4-7562-4621-849a-081c362811ec,Jeremy Aliff,M,0,0,0,-0.0309,0.4646,imputed,
18c26e29-906c-4020-9bf0-73eda5da52b0,Brian Chamberlin,M,0,0,0,-0.0309,0.459,imputed,
0373c1b6-5332-4047-bd64-0de374ed5f33,Harlene Bains,,0,0,0,-0.031,0.4762,imputed,
d0de9306-3147-4808-a85f-81b079cc9485,Hieu Huynh,M,3,0,0,-0.0315,0.4064,blended,-0.1605
840ef969-5bb2-450a-a355-7599dd7fd0cd,Jack Seymour,M,8,0,0,-0.0315,0.2914,blended,-0.1123
d474d032-99a2-4db3-b9dd-68b15b8038e3,Isaac Benally,M,2,0,0,-0.0318,0.4383,blended,0.0777
69f2c636-4483-4d7b-81bd-e2ac920b88e0,Angel Hernandez,M,6,0,0,-0.0319,0.1916,blended,-0.4088
c6776d8f-4ad6-4dd3-ac26-e8241d8a9e83,Truong Tuan Dung,M,0,0,0,-0.032,0.4685,imputed,
3ceaf27c-62e0-4d60-85aa-78ec7e818e50,Brandon Cheah,M,0,0,0,-0.032,0.4732,imputed,
a0f256bf-bfaf-45df-baa6-42c35fbaec26,Helen Henry,,0,0,0,-0.0325,0.4524,imputed,
35de3051-0784-4082-a854-8d0442d0ee2c,Andrew Meadows,M,0,0,0,-0.0329,0.4387,imputed,
058bc1dd-4dbc-4264-beb3-8668cd82a280,Aiden Sipe,M,0,0,0,-0.0329,0.4546,imputed,
79a88998-621e-4c6c-a6df-280a8bb26aef,Christina Spivey,,0,0,0,-0.0332,0.4753,imputed,
2fbcbf46-a5a7-4737-baed-b0874f28702a,Hoang Thai Pham,M,0,0,0,-0.0332,0.4861,imputed,
292bdc21-11f6-4e17-aebe-7956f16672b3,Mitchell Iwahiro,,0,0,0,-0.0333,0.4851,imputed,
ce1cc22b-09f4-4ecd-bae4-76615b53ec97,Yaxuann Miao,M,0,0,0,-0.0334,0.4281,imputed,
94b1585a-19be-4842-b8a1-e17d9ee917b4,Michael Benash,M,0,0,0,-0.0336,0.3627,imputed,
065d5884-75f3-4216-857a-e9c5cc325836,Rodrigo Pena,M,0,0,0,-0.0337,0.4843,imputed,
cfca938e-f09c-4712-bb3f-2b88df706c8c,Nhật Minh T,M,6,0,0,-0.0341,0.2474,blended,-0.4802
0d659a6e-9386-45c5-a3c0-8f8ce4efaa14,Poongi Hong,M,11,0,0,-0.0343,0.1724,fitted,-0.3874
e8fc50ce-ceaa-4276-b78b-4c8958c7cd04,Clayton Alenik,M,0,0,0,-0.0343,0.4877,imputed,
dfc736c6-fefe-4666-bd5f-7b28467b408c,Bryan Rodriguez,M,0,0,0,-0.0343,0.4325,imputed,
e9672683-22b9-4fdb-b789-6995ebc02916,Long Phạm Tuấn,M,2,0,0,-0.0344,0.3562,blended,-0.0584
8189700b-8088-4049-86ed-3dbf70a3febf,Michael Conde,M,4,0,0,-0.0344,0.2565,blended,-0.2049
579b21fd-0bec-4ad6-84ed-32bec62d0e61,Courtney Clark,F,0,0,0,-0.0344,0.3968,imputed,
59f28208-807d-40ca-bbde-ed6d95bced46,Nay Pinkerton,,0,0,0,-0.0345,0.4657,imputed,
ac2b72f8-6f70-426d-bfa2-83e884729f0a,Genki Nakahama,M,5,0,0,-0.0346,0.2388,blended,-0.294
0a287886-b880-4c46-8c66-ea4d198a7eba,Pablo Copetti,M,0,0,0,-0.0348,0.3653,imputed,
0bfb7169-2da6-42e9-9a6c-0590b7bc20ea,Forest Dennis,M,0,0,0,-0.0348,0.4402,imputed,
315db784-06a1-4131-a0ae-713d64f0a353,Christian Lee,M,2,0,0,-0.035,0.3865,blended,0.0395
314a3ed3-c340-4c7c-bcdf-6dbe9ca7b134,Thane Hendershot,M,0,0,0,-0.0351,0.4783,imputed,
5f4b413e-a629-422b-9e84-82fe91738b7d,Georgia Johns,F,0,0,0,-0.0352,0.5013,imputed,
bf06e941-97b1-4d71-8db0-29cdc4b529a7,Navjeet Jammu,M,0,0,0,-0.0354,0.483,imputed,
bf1b03e4-aba3-4ada-b622-05498e429183,Jason Loh,M,0,0,0,-0.0355,0.4758,imputed,
0c4a4497-40b0-49d2-80ee-7d20a57ffb0e,Garrett Fuglaar,M,0,0,0,-0.0356,0.4786,imputed,
0c81a777-3d16-45b2-a695-2981e2afd7b0,Philip Crotts,M,4,0,0,-0.036,0.2887,blended,-0.2776
535a3a44-2564-4f88-8139-b759d6e4f94a,Karthikeya Jagadish,M,0,0,0,-0.036,0.4548,imputed,
b1a06222-eedd-47a7-a3e6-935dcc12a187,Jorge Andres Goenaga Gonzalez,M,5,0,0,-0.0361,0.3537,blended,-0.205
cbef2435-a35a-4292-a76d-2d0a457f606f,Uriah Werner,M,0,0,0,-0.0365,0.4416,imputed,
dc867b34-388d-4e60-94dd-6d058fc0a7e6,Jen Werbeck,F,0,0,0,-0.0366,0.4017,imputed,
ddf5dac1-430d-443b-97aa-d41383fe1cef,Rajiv Dinakaran,M,0,0,0,-0.0367,0.5017,imputed,
41de62d6-adb5-4278-8f2c-62c4a19adf9f,Samantha Goldenhersh,F,0,0,0,-0.037,0.4307,imputed,
226af8e6-f35f-4dd7-80d8-d701f77d78ed,Octavio Andres Gutierrez Meier,M,0,0,0,-0.0377,0.4593,imputed,
ac93e65a-7a2b-4255-beb1-6df21a8423c6,Peng Soon Chan,M,0,0,0,-0.0378,0.469,imputed,
1f31f348-f5eb-4331-b63d-1e5b07b435e2,Trenton Alenik,M,0,0,0,-0.038,0.473,imputed,
d8d0e587-606b-44a1-8b98-0bd4a518d513,Natalia Maynetto,F,0,0,0,-0.0384,0.4117,imputed,
151830f5-b583-414e-809f-d2353c11819d,Nicole Laduca,F,3,0,0,-0.0388,0.4029,blended,-0.1031
be89dddc-a216-4c0c-a7e6-122f5f376115,Hương Hà,F,0,0,0,-0.0389,0.5148,imputed,
906cfb51-866b-461e-8794-bdad7c46cb22,Brittni Tonnessen,F,29,0,0,-0.0392,0.1347,fitted,-0.2349
b9665aab-e3fc-413f-b183-c620dc22c8a5,John Isner,M,0,0,0,-0.0392,0.4061,imputed,
71bc32f8-1929-4c8e-99e3-a4cece6d8c15,Darryl K,M,0,0,0,-0.0395,0.456,imputed,
5445e6a0-6641-416d-82ab-181e10b60dc8,Katie O'Riley,F,0,0,0,-0.0397,0.4212,imputed,
0a4417ef-0d91-4ca7-b6f5-5b8b6ae43bd6,Wyatt Harper,M,7,0,0,-0.04,0.3616,blended,-0.0117
90222477-cbd9-4c46-9a40-2fe09ff43427,Brady Madrid,M,0,0,0,-0.0401,0.4459,imputed,
cb10f101-6048-4196-b3b4-1dddd866f441,Heath Griffin,M,0,0,0,-0.0404,0.465,imputed,
bbf16648-a08b-4864-ad42-80848523bf44,Chelsea Purcell,F,2,0,0,-0.0405,0.4033,blended,0.0417
731baa4e-ecc9-4ce5-98f6-e6465ec4eedb,Hunter Weinberg,M,0,0,0,-0.0405,0.4342,imputed,
4e560a79-9569-4a5d-9e23-0d259e5405a0,Holli McDonald,,0,0,0,-0.0409,0.4643,imputed,
5d0c8ae7-4402-4327-b395-d1b705518644,Damon Little,M,12,0,0,-0.0412,0.1522,fitted,-0.2671
4545303c-e32f-46f0-9c83-faa036ea9fbb,Alex Hunt,M,0,0,0,-0.0416,0.3836,imputed,
9a5d2522-e95a-4e90-9241-c073d7ab0b38,Maiz Sinclair,,0,0,0,-0.0418,0.5002,imputed,
cdf727a1-d9fa-4760-b5e1-887a766d6d65,Brad Barker,M,0,0,0,-0.0422,0.4593,imputed,
b53bcd04-51ac-47f4-9a81-c3a97936218d,Shae Neville,M,0,0,0,-0.0422,0.4648,imputed,
8a82c8d2-7822-4069-bb2c-1bcff3dbd2e8,Jonathan Aiken,M,0,0,0,-0.0427,0.3901,imputed,
5c52e917-9559-4b56-b2a4-5d4cd6bb1ad6,Phuong Nguyen,,0,0,0,-0.0427,0.4889,imputed,
b55760a6-9b7d-454d-b657-016a05781d8a,Ren Hui,M,0,0,0,-0.0428,0.497,imputed,
2acb2c6e-288a-4f0c-a294-4e54b878eee1,Andrew Phanmanee,M,0,0,0,-0.0428,0.4667,imputed,
c36071f2-1b26-4190-9dd4-b3f62f174d74,Jeerapat Nantanapramoth,,0,0,0,-0.0429,0.4902,imputed,
c703437a-4054-4513-9e5b-50de868443f7,Brian Johnson,M,0,0,0,-0.0431,0.4503,imputed,
9a881186-dec4-4da5-8b75-e9ab50b78115,Chance Myers,M,0,0,0,-0.0432,0.4342,imputed,
25104e43-16f9-4ce3-9085-70243d8b350a,Ella Yeh,F,9,16,2,-0.0433,0.2209,blended,-0.4017
65e2f754-07fb-45ab-88fa-c3778af3f38a,Kurt Gibson,M,2,0,0,-0.0438,0.4997,blended,-0.1156
f1ff4e83-2799-43d6-a286-ff2987595890,Prapav Patel,M,0,0,0,-0.044,0.4631,imputed,
03fbf204-2bf4-4324-8390-f67f90119035,Colten Ponder,M,0,0,0,-0.0441,0.4468,imputed,
43323718-9d64-41ab-9ecb-2ad5d17273e0,Arianna Haresign,,0,0,0,-0.0442,0.4724,imputed,
8f666de0-3359-4354-ba46-a2909ddf4c07,Winchester Dermody,M,4,0,0,-0.0443,0.3687,blended,0.014
5bdaf230-63a7-41cb-8fcd-d774ec99d51e,Victoria Nguyen,F,0,0,0,-0.0445,0.3877,imputed,
7b9a3b15-17bf-4a24-85e5-9d8de0f98b32,Danny Derry,M,0,0,0,-0.0446,0.3922,imputed,
b893b869-b4aa-4f2c-b904-c392e7ec9158,James Hallewell,M,13,0,0,-0.0447,0.1826,fitted,-0.2565
cd9ab594-3f19-4cb8-9db1-28199fef9085,Mia Yu,F,0,0,0,-0.0447,0.4441,imputed,
f85cefa6-3f24-447d-aba9-2da952e73800,Paul Klaer,M,0,0,0,-0.0448,0.4805,imputed,
fac5c07c-928d-4411-a98f-84471288ae3e,Tam Nong,M,0,0,0,-0.045,0.4234,imputed,
aa1b4852-6bc2-4731-ae09-336f6bba8f2a,Gabriel Galvez,M,0,0,0,-0.0454,0.4663,imputed,
c5d97710-c6a0-4385-b374-09b57436fe07,Jek Patrick Liam Divinagracia,M,0,0,0,-0.0456,0.4898,imputed,
06c7c97f-1bf7-4d1f-bafc-3f61392c678c,David Zumwalt,M,5,0,0,-0.0457,0.3255,blended,0.1227
7b5def9e-7067-4221-a6a8-c11edfe88869,Simple Zhang,F,0,0,0,-0.0459,0.4863,imputed,
604a4d5b-42da-4917-900e-8c5a2524d580,Lauren Williams,F,9,0,0,-0.046,0.2285,blended,-0.2295
e9371b93-27cb-4b13-a4e1-b93bbe5018d0,James Young,M,0,0,0,-0.046,0.4858,imputed,
c0ba41e1-9fef-41e5-ab92-01e1fedbf564,Harrison Gardner,M,0,0,0,-0.0462,0.4404,imputed,
cc5d513b-cd0e-43e3-8f1d-8dd5b2c6d879,Trần Cao Sơn,M,0,0,0,-0.0464,0.447,imputed,
bafdf521-63db-4c72-9c27-5cd63fed620d,Tyler Brennan,M,2,0,0,-0.0467,0.5105,blended,-0.1236
0fd983de-06ed-48c9-aa69-9d573e84708b,Saurav Santhosh Nair,M,0,0,0,-0.047,0.4518,imputed,
924a38d0-735e-4d2e-8a2b-07c3f763f5df,Brayden Clark,M,0,0,0,-0.048,0.4276,imputed,
d3c18ab2-988a-45cf-8d35-8521d021db6d,Shraman Prasanth,M,0,0,0,-0.048,0.4746,imputed,
c990c2e5-11e3-482d-a33f-5a69fde968be,Maxwell Jensen,M,0,0,0,-0.0483,0.4614,imputed,
33e0bf15-d36d-4065-b790-05bddae60822,Peter Berka,M,0,0,0,-0.0485,0.4274,imputed,
a1164b6f-c354-4f0f-a427-396a2455dd2f,Jocelyn Bedoya,,0,0,0,-0.0485,0.4693,imputed,
4d9dfee9-8e88-41ca-b643-d0acfe36fd51,Alexander Allweil,,0,0,0,-0.0493,0.4226,imputed,
a8f63f8b-783f-466a-b93c-9b316252cd23,Xuedong Ji,M,0,0,0,-0.0493,0.476,imputed,
a69b724a-443c-49d6-bf7a-2ecb7aac861e,Molly O'Donoghue,F,0,0,0,-0.0494,0.4689,imputed,
40da0a1d-79d0-4af9-a874-4f3efa0bfe84,Mathew Andaya,M,0,0,0,-0.0496,0.4779,imputed,
7a8c963b-9ded-47fb-aea4-cf0332ff1e39,Savannah K,,0,0,0,-0.0498,0.4792,imputed,
1a6654fb-b887-42a3-b428-83f5518a04c4,Rob Alvarez,M,2,0,0,-0.0499,0.5103,blended,-0.1206
3d8229f6-16c9-4354-87f4-f535d3147969,Keara Vu,F,0,0,0,-0.0501,0.4795,imputed,
0e667216-69c2-4144-8e55-99351a5aff07,Rujira Peaw O'Neill,,0,0,0,-0.0502,0.4813,imputed,
cc1da043-f94a-4e2b-a7f4-f0d9f59e69d9,Heath Sanders,M,0,0,0,-0.0503,0.4827,imputed,
42174f54-54b2-45b1-8558-2fe238f7513b,Garv Singhal,M,0,0,0,-0.0506,0.417,imputed,
9941a01f-345f-4b72-acec-2e7129ab14c2,Matthew Matro,M,0,0,0,-0.0507,0.4391,imputed,
1e3683f0-f68e-4078-892c-827dc593dc21,Divina Stennfeld,F,0,0,0,-0.0509,0.4889,imputed,
4e39b9bd-436d-495d-99d7-c2818bbea4ab,Camila Zilveti,F,58,0,0,-0.0519,0.1203,fitted,-0.2678
ca128667-8c45-4532-b1a0-53e7c568f0a3,Daniel Gonzalez,M,0,0,0,-0.0519,0.4473,imputed,
f4221935-ebbb-4510-86dc-c981a42f3f0e,Daniel Connell,M,0,0,0,-0.0521,0.4628,imputed,
55dc3bd4-7105-41db-944d-99c34b8228f3,Bruno Rosa,M,7,0,0,-0.0523,0.2598,blended,-0.2201
5644e658-9ae8-4357-8c64-6efeebb35901,Travis Nichols,M,0,0,0,-0.0523,0.4936,imputed,
1c0cbf27-5245-4bc4-bd1f-921c72b9ac79,Tyson Tuiloma-T,M,0,0,0,-0.0524,0.4261,imputed,
ec8978b7-f6eb-4afb-b59a-15997ad3e128,Charlie Dimon,M,0,0,0,-0.0526,0.4726,imputed,
b5e0bcb8-ad14-4937-a6e6-1546dec09bb6,Minju K,F,0,0,0,-0.0526,0.4689,imputed,
d09cdad2-b815-486a-a2b4-2dcc6b8e2b49,Anuj Parakh,M,0,0,0,-0.0529,0.4537,imputed,
fb0bd53d-bfb2-4a71-8c66-3ad0f4bfd374,Ryan Radawiec,M,0,0,0,-0.0531,0.4929,imputed,
ed467e70-f7e1-4ac3-9c83-3bac1ba3543a,Carlos Rodriguez,M,8,0,0,-0.0536,0.3239,blended,-0.1658
75cdb658-0294-4bc7-ada0-705e6721b32d,Adam Walters,M,9,0,0,-0.0536,0.265,blended,-0.1313
2decd5af-eb99-46ba-8c96-19869e62ec6f,Siddharth Kusuma,M,0,0,0,-0.0545,0.4423,imputed,
f966be01-7312-44cf-a2ec-3e001217d4cb,Matthew Ujevich,M,5,0,0,-0.0548,0.2995,blended,-0.2047
7c40c6f4-d5a7-4d6b-a830-4e1fc23262fe,Wilfredo Sarmiento,M,0,0,0,-0.0561,0.4601,imputed,
57fe201c-1380-4752-93f4-99c32cf73422,Michael Asplund,M,2,0,0,-0.0563,0.3705,blended,-0.0219
b0e3a616-e7e3-4dbf-aef2-90197442f159,Jimmy Daher,,0,0,0,-0.0564,0.4605,imputed,
0e50f04f-4657-48bc-b68e-c51b12615d40,Masahiro Nakata,M,0,0,0,-0.0567,0.4893,imputed,
87129987-b061-464c-a186-af6ec0c3f54a,Cody Hutcherson,M,0,0,0,-0.0568,0.4598,imputed,
a06a48d6-83d1-4761-9150-7df2270863ee,Dylan Taylor,M,0,0,0,-0.0569,0.3506,imputed,
424f20bc-1bcc-49f9-92ee-32bd87f73027,Jake Davis,M,2,0,0,-0.0572,0.4715,blended,0.0772
8af38fdd-73ad-4c9e-9bcb-d5c5cf861d4e,Isabella Ochoa,F,2,0,0,-0.0578,0.3941,blended,-0.1553
783556ac-89d8-4bad-957e-be891b0a5968,Isabella Nelson,F,0,0,0,-0.0578,0.4194,imputed,
933ddf79-a188-4256-8aad-87970c201db7,Rachida Berjane,F,0,0,0,-0.0579,0.4216,imputed,
2794568c-6960-47a4-a302-0679aae90cb0,Chloee Butterfield,F,0,0,0,-0.0585,0.4917,imputed,
00baa960-a756-4dd4-ab79-83b6b7f8d0ad,Taylor Witt,M,2,0,0,-0.0587,0.4751,blended,-0.1716
b88a4f94-6f01-4296-8aa6-5d104581104a,Daniel Szafir,M,0,0,0,-0.0589,0.485,imputed,
33574a26-0010-4237-84c7-a97361e61b6c,Chris Harradine,M,0,0,0,-0.0594,0.4842,imputed,
2edb62fa-2d5f-4d56-bf6c-6b6d69832f1d,Nicholas Bond,M,4,0,0,-0.0597,0.3484,blended,-0.2128
e42ec10e-3da7-469f-891c-18798e83b184,Alexander Krohn,M,2,0,0,-0.0599,0.4782,blended,-0.1541
9fe270e7-61de-4b92-b1b9-1696e6c69764,Anita Smith,,0,0,0,-0.0599,0.4875,imputed,
87541b06-c5b5-40a6-8210-e1b1051ff90a,Nick Werner,M,4,0,0,-0.0602,0.3285,blended,0.0869
f778163d-a491-44ec-af74-e97343922653,Paul Caruso,M,0,0,0,-0.0604,0.473,imputed,
52915580-0a12-4791-8f82-6f6e56e90f76,Elizabeth Boydston,F,0,0,0,-0.0605,0.3975,imputed,
7543f664-b553-464f-a57c-6f33c30cefd1,Nicolas Kuroczko,M,4,0,0,-0.0607,0.3192,blended,-0.217
31ec8400-6d4f-4199-ab5f-9e2f02848fb5,Nursharneem Shamsuddin,F,8,0,0,-0.0616,0.2762,blended,-0.3582
84fe5f88-d7f2-4945-9adc-7c351092f21e,Brandon Vickers,M,0,0,0,-0.0618,0.4936,imputed,
e9b56385-9a86-4ad6-bd29-0e523b77221d,Ngoc Si,F,0,0,0,-0.0621,0.4089,imputed,
7cccf4b2-726d-448c-a430-1a1a51640362,Sophia Dorsey,F,0,0,0,-0.0624,0.4621,imputed,
9445afa8-624f-4c47-95c5-f96391647ffd,Dũng Nguyễn,M,0,0,0,-0.0627,0.4935,imputed,
36086029-7e6b-4d69-a010-73a6e45fc01d,Robert Davidson,M,0,0,0,-0.0628,0.4283,imputed,
efedfcd1-7638-4c6e-8225-fea7f8d40031,Victoria Simon,F,49,0,0,-0.0629,0.0866,fitted,-0.2712
fa124880-ddff-4685-a308-f1762b54132e,Austin Campbell,M,0,0,0,-0.0629,0.4787,imputed,
6b6fafca-4849-4d90-9e35-649eaaca09f6,Lance Stevens Jr.,M,0,0,0,-0.0631,0.4135,imputed,
2b5f4361-3ae3-4fe2-b4bc-8b39b7edf209,Juan Navarrete,M,0,0,0,-0.0631,0.4254,imputed,
d1030c9e-6c88-496f-a4bf-475c9b5b3685,Eric Gettler,M,0,0,0,-0.0631,0.4712,imputed,
833f8086-ee1e-4c9b-a3c5-446f3c7290a8,Dave Conley,M,20,0,0,-0.0632,0.1389,fitted,-0.4101
c18c97a8-145e-43b0-ba4f-3c476dc8d6a6,Yiting Lei,M,0,0,0,-0.0634,0.4855,imputed,
9995c775-6ac5-411f-925c-6eb1d6033822,Jeongho Ryu,M,0,0,0,-0.0635,0.4827,imputed,
c5aac691-1de0-42fc-8f8d-84df46b311ca,Milkha Andrews,M,0,0,0,-0.0637,0.5009,imputed,
5736191f-9a9b-4392-80fa-561d56807700,Lily G,,0,0,0,-0.0637,0.4692,imputed,
893a1c9a-b92c-489a-b251-488fdfaade5e,Deep Sharan,M,2,0,0,-0.0638,0.3072,blended,-0.2229
aeb39446-9961-4ad9-8e25-9da0c671d356,Justin Dering,M,0,0,0,-0.0638,0.4745,imputed,
20a3c276-09be-4e62-b891-c30417860a32,Trevor Vaccaro,M,6,0,0,-0.0646,0.3031,blended,-0.3207
9c5dc063-aa93-40ee-aba0-a192ef1535e8,Henry H,M,0,0,0,-0.0646,0.4833,imputed,
6fb0e579-7bde-473f-a6b0-a3891ac5b03b,Jonathan Kau,M,0,0,0,-0.0647,0.472,imputed,
fbdf1ac9-91bb-4e08-9968-eb41344fd08a,Connor Daland,M,17,0,0,-0.0649,0.1682,fitted,-0.311
c71d2bdb-3d34-4f7e-b051-2b4df752e323,Sheridan Schuster,F,0,0,0,-0.065,0.5071,imputed,
eb824ef6-634a-4203-996b-34e6ff42ce6d,Brent Boleslav,M,0,0,0,-0.065,0.4842,imputed,
81e8c356-f397-4cab-868c-3953a32b2ee6,Mark Whipple,M,0,0,0,-0.065,0.4535,imputed,
a9a7abd0-97dc-4e5c-98a0-cc2806b2494c,John Paul Fruttero,M,0,0,0,-0.0651,0.4154,imputed,
12e4929d-3cf3-47ef-9b8f-4c9477a8e762,Sydney Donkena,F,0,0,0,-0.0652,0.3893,imputed,
a174030f-977b-4035-b8af-b0b2190b8ef4,Jennifer Reifschneider,F,0,0,0,-0.0654,0.503,imputed,
91f3c2a5-5304-4813-847c-4cbfe0cf6abe,Duke Kulas,M,4,0,0,-0.0662,0.4438,blended,-0.0932
c0123194-c055-4576-8d87-ae3abb45ea9d,Andrea Symkoviak,F,0,0,0,-0.0664,0.4355,imputed,
99450a32-4ce7-4890-9311-ba2bd5680eae,Bryan Bertola,M,0,0,0,-0.0667,0.4885,imputed,
48982924-58e1-442c-9314-4f36ac3dd927,Cody Lanier,,0,0,0,-0.0668,0.4503,imputed,
4dc8386c-4cdd-41c5-a4fa-dd952c4cd846,David Alexander,M,0,0,0,-0.0669,0.4928,imputed,
3701f5a0-aa34-4a06-a718-7b223491362e,Ethan Violette,M,4,0,0,-0.067,0.3651,blended,-0.069
08637a5b-4b2d-4d3f-bd98-b6d6720946a4,Trang Tran,F,0,0,0,-0.0672,0.4624,imputed,
526bb957-8f1f-4d25-ba5d-b380b21bcd53,Peter Clarke,M,0,0,0,-0.0675,0.4909,imputed,
0b7b1eb4-576e-4b87-a766-662437b590f0,Brandon Macdonough,,0,0,0,-0.068,0.4765,imputed,
6650c37f-7db9-4e10-b600-4c8e9f9ba942,Joseph Roeder,M,2,0,0,-0.0687,0.4132,blended,-0.0849
1aeb2a68-c74d-4890-882a-4c2e50749828,Masuda Atsutaka,M,0,0,0,-0.0687,0.4833,imputed,
a8b369cd-cec1-4d25-a295-4078b80d4804,Ivana Erickson,F,5,0,0,-0.0689,0.2278,blended,-0.1776
b9787f83-f0ee-4fae-94ee-0f88cbcecb00,Britton Pemberton,F,0,0,0,-0.0692,0.511,imputed,
84c21462-3da7-4847-88ba-de3fafee908f,Robbie Hill,M,0,0,0,-0.0693,0.499,imputed,
76da2c60-73d1-4605-a16b-df266413ea38,Safi Foketi,,0,0,0,-0.0695,0.4763,imputed,
6c13488c-e40d-4654-99ba-52075b38d76e,Sara Berndt,F,0,0,0,-0.0698,0.424,imputed,
0e7fbc2f-e58d-47c6-b951-cdefe313597a,Ameen Hafez,M,0,0,0,-0.0699,0.4766,imputed,
e3a399b5-ab78-4a6c-8756-fb97feb9620c,Chris Popke,M,4,0,0,-0.0701,0.3717,blended,-0.2217
2aaec5db-b5e9-44bd-9815-a06208b40cf0,Dustin Lunt,M,0,0,0,-0.0703,0.4467,imputed,
8bb65860-512b-48cd-b5c0-edb4ca72efea,Bailee Jackson,F,0,0,0,-0.0704,0.4125,imputed,
32533c90-90c8-460b-b421-b86388642058,Jessica Bowman,F,0,0,0,-0.0704,0.4364,imputed,
59ba3989-bc25-4e82-a22e-45d5fe820dd2,JD Owens,M,2,0,0,-0.0706,0.4762,blended,-0.0417
297c0964-7348-4a6d-a99a-88b3e56fc5d0,Aiden Schliekelman,M,0,0,0,-0.0708,0.4426,imputed,
6b365fbb-8b39-4c9c-adf8-e7495b1dd26d,Oscar Rodriguez,M,0,0,0,-0.0712,0.4942,imputed,
ab2da6fa-41a8-43c5-8839-14e46485decd,Ryan Macdonald,,0,0,0,-0.0712,0.4819,imputed,
01fd917a-8680-4900-b01c-01fdb37f5700,Drew Sandri,M,0,0,0,-0.0713,0.385,imputed,
03c727e5-0d71-49c9-8adc-0ae7ab840a97,Jeremy Thompson,M,0,0,0,-0.0716,0.4692,imputed,
74f171d1-274f-400a-b8be-1ba90b65b100,Stephanie Mazurek,F,3,0,0,-0.0717,0.269,blended,-0.1877
58c2d196-094d-483d-ab98-2ab8a673dec4,Anna Dubois,,0,0,0,-0.0719,0.4888,imputed,
6772da66-150f-405c-887d-03bc8b941cfb,Daniel Neyshloss,M,0,0,0,-0.0719,0.4503,imputed,
390aceaf-29a6-46e5-93d3-cf10b8a4c15a,Samantha Reeves,,0,0,0,-0.0721,0.4795,imputed,
c90275e8-3eb3-4e9c-87e7-5be56402bfb5,Noah Lyu,,0,0,0,-0.0722,0.4687,imputed,
41686454-f658-45c2-9f7e-614152364226,Gianni Martine,F,2,0,0,-0.0723,0.4325,blended,0.0221
ba6a01d0-3937-40d6-b3bc-cc06da6fed17,Chris Goff,M,3,0,0,-0.0726,0.2678,blended,-0.2501
fb7f462a-8fdd-492f-829d-778736a7935d,Keith Gyory,M,0,0,0,-0.073,0.4677,imputed,
f687506f-4ddd-4ade-b118-6114d3faf6a4,Sharon Tindall-Ford,F,0,0,0,-0.0731,0.4916,imputed,
082e1e1c-87ae-41e9-bdbf-72ab6fa864da,Kim Hyunjun,M,9,0,0,-0.0738,0.227,blended,-0.3114
f1d7c0d5-c1f6-4f3a-9295-53997abb2bad,Eimon Heywood,M,3,0,0,-0.074,0.3092,blended,-0.2251
92ef599b-ab92-4b22-b8c4-7d02260b79f6,John Davenport,M,7,0,0,-0.0744,0.2919,blended,-0.1551
36b271cf-87b6-478f-aca7-24570349da6e,Dustin Weirich,M,0,0,0,-0.0744,0.4918,imputed,
437537c8-b980-4def-bfb4-e32ccd8011c5,Nick Bonino,M,0,0,0,-0.0749,0.4295,imputed,
9986135c-93e3-4297-b84c-e008d06ca3c8,Tariq Ismail,M,5,0,0,-0.0751,0.3183,blended,-0.3135
f8ddc06d-e919-415d-a5dc-bf9ce07b870d,Tiffany Landgraf,F,0,0,0,-0.0754,0.4233,imputed,
3b75af47-303d-44a1-94a2-162fbf0ab817,Jessie Peavie,F,2,0,0,-0.0755,0.4483,blended,-0.1597
816de2e5-fe06-428b-be6c-2fac3438a27e,Matthew Stith,M,4,0,0,-0.0758,0.3741,blended,-0.0197
14b98a13-d079-4bd1-bb29-cc9b54a811fc,Suzie Woodburn,F,0,0,0,-0.076,0.5187,imputed,
a19df64f-8958-485f-9efe-184a0e6d6776,Aws Laaribi,M,4,0,0,-0.0766,0.3562,blended,-0.1455
83a74a31-1edf-4469-b1db-a0cc44834ad3,Garrett Peterson,M,0,0,0,-0.0766,0.3772,imputed,
d69ffa0c-bdd5-4589-88b0-cd07aa68addf,Landon M,M,0,0,0,-0.0767,0.4785,imputed,
b90591db-36ac-44a5-9c00-9d90e27b1500,Leo Castillo Jr.,M,13,0,0,-0.077,0.2175,fitted,-0.267
bd273736-3ce7-405b-8802-5c51371008c0,Emma Trieu,,0,0,0,-0.077,0.4757,imputed,
10b3914d-4fb7-4c07-873f-63ec13b90656,Jordan Flink,M,5,0,0,-0.0774,0.2434,blended,-0.2412
a2180a8e-831a-4289-99f1-d10454ef431b,Huss Saleh,M,0,0,0,-0.0778,0.4508,imputed,
16249ff8-0112-4b0c-bc70-25719451bcb9,Qiu Fangle,M,0,0,0,-0.0782,0.4651,imputed,
71901b96-f62e-40a4-a520-aefce54b35da,Joshua Matabuena-Yamanaka,,0,0,0,-0.0786,0.4813,imputed,
bf7530e5-efea-4fd1-bf17-42e40bf43cec,Keaton Kirchner,M,0,0,0,-0.0788,0.4746,imputed,
d43d6b08-b161-47dc-abf2-8cbe4a2c58bb,Lucas Severo,M,8,0,0,-0.0793,0.1828,blended,-0.2871
68e2dde7-1836-4e93-a268-be3d4e89ec26,Carlos Pavon,M,7,0,0,-0.08,0.217,blended,-0.1266
627ddb7d-fb6a-4f8e-8c0b-415cc1e7da4d,Alexis Saucerman,F,3,0,0,-0.0801,0.4093,blended,-0.0297
108a4755-0b89-4d08-854d-5c1c1e5df45e,Adym Pham,M,7,0,0,-0.0805,0.2157,blended,-0.2806
d3ba88c6-a8c7-4251-aa8f-3edeef5c0a41,Ristine Sutton,F,0,0,0,-0.0812,0.5079,imputed,
964141f0-2f93-4294-a303-c41735341b46,Allie Davis,F,0,0,0,-0.0813,0.3892,imputed,
2c616619-6d81-4ae4-8b74-99e825d3f651,Bree Green,F,0,0,0,-0.0817,0.5018,imputed,
98219c95-7653-4442-8ec4-ee589a70df14,Brooke Basiri,F,0,0,0,-0.0821,0.52,imputed,
ad4f1c70-e1da-4f68-8ce6-811b1b282e21,Melissa Ferger,F,0,0,0,-0.0823,0.4196,imputed,
da7bc6cc-1e0e-47f0-876c-de7297efc159,Sam Brown,M,0,0,0,-0.0823,0.4655,imputed,
e6d9ddea-b9ac-46d9-8242-a4e2a363b6d6,Heath Helms,M,0,0,0,-0.0823,0.4281,imputed,
107a950e-bf25-4a06-b0e9-f4896ee60702,Jake Frederickson,M,0,0,0,-0.0827,0.4549,imputed,
83ac91e8-5f6d-4737-8d46-98c707296685,Andy Cha,M,4,0,0,-0.0828,0.2923,blended,-0.2245
bc437f9c-7af2-4750-8802-4fbdecd591cf,Matteo Odone,M,4,0,0,-0.0831,0.2343,blended,-0.2451
e4ab156d-df03-4f9d-ba6c-b3e852a0d98b,Kenneth Nget,M,3,0,0,-0.0836,0.2659,blended,-0.2416
0f7b86ab-bf9b-40ad-a3b2-3e73af1bc106,Patricia Martins,F,0,0,0,-0.0836,0.4189,imputed,
44a4447c-bad7-4496-9c6d-5746cd785674,Rick Howard,M,0,0,0,-0.0838,0.4616,imputed,
b773ba4c-ba13-44d1-9b0c-ae811ea8a9a6,Ross Cottrell,M,0,0,0,-0.0839,0.442,imputed,
c3840ed3-62d3-4749-a955-ec9934c1ee11,Andrew Bradstreet,M,0,0,0,-0.084,0.4394,imputed,
2d53c80e-2e4d-484a-843d-53aaa97109b9,Tim Mullane,M,0,0,0,-0.0841,0.4862,imputed,
b221978c-a94a-4c37-8c15-c9162683a6db,Adrienn Hidvegi,F,0,0,0,-0.0844,0.4357,imputed,
5a324dd9-900c-4cbc-8bf6-44377b49580d,Michael Oyer,M,0,0,0,-0.085,0.4624,imputed,
a4f827f0-0493-42bb-9f99-f3b4e0c27bd8,Diego Diaz Sanchez,,0,0,0,-0.085,0.4723,imputed,
bcb657ab-7512-44e7-8112-337a56bcd34f,Tyler Ausmus,M,0,0,0,-0.0851,0.4864,imputed,
f1c17e16-3c6a-43d6-887a-f307897e3bea,Kim Layton,F,0,0,0,-0.0852,0.5148,imputed,
044b3243-46cf-4b7d-bd47-9f2fad3933c8,Paul Sin,M,0,0,0,-0.0856,0.4807,imputed,
9a49ee0b-ba15-419b-b99e-e29ba2782e67,Harrison Heysek,,0,0,0,-0.0859,0.4686,imputed,
7ce4430b-b9b6-450d-a77a-997cb8a16d34,Karina Lam,F,0,0,0,-0.0861,0.3965,imputed,
827209ee-48aa-4432-abe2-747b005f29cf,Lyndsay Kinstler,F,0,0,0,-0.0868,0.4379,imputed,
620360f7-1497-4331-9bba-6cfd07a4b59e,Kathryn Glavinovich,F,0,0,0,-0.0869,0.3973,imputed,
910ddcee-8ffa-4ee9-9bdc-507fb3f394dd,Ryan Lucci,M,34,0,0,-0.087,0.1334,fitted,-0.3695
fc843c42-68d1-4b54-a708-fdb5956e51be,Frank Ngo,M,10,0,0,-0.0872,0.2135,fitted,-0.4641
57029cfe-3948-44b4-a3a5-c985ec4a16ad,Maria Lopez,,0,0,0,-0.0872,0.45,imputed,
71caca21-8fde-43c5-b752-15c0b37ccb6e,Alex Grausnick,M,0,0,0,-0.0873,0.4583,imputed,
b87ca9fc-7ad3-4aeb-a0f6-39ed123c4c4d,Johnny Dong,M,0,0,0,-0.0873,0.4893,imputed,
f61fba07-38c7-4801-8b64-bdb4c0aa6d23,Scott Coleman,M,0,0,0,-0.0876,0.4705,imputed,
731b1b38-0129-4a9c-838d-c971b1b1271e,Chen-An Hsieh,M,4,0,0,-0.0879,0.3217,blended,-0.0617
b179dfb4-dcf9-4da2-94d2-4ed21ef015b0,Cynthia McPherson,F,0,0,0,-0.0885,0.3894,imputed,
b40f1add-dfc3-446d-9c65-b1ab7bec6194,Victor Camilo Iii,M,17,0,0,-0.0888,0.1505,fitted,-0.4301
5570cb1e-cfb9-4336-8d4f-2e728c16de9c,Luke Citarelli,M,0,0,0,-0.0892,0.4328,imputed,
1fff9088-7353-4665-be8b-ee55d4203320,Kathy Vang,F,0,0,0,-0.0892,0.4478,imputed,
38287668-dc2e-468f-871d-c7f14a1101b7,Hunter Bivins,M,0,0,0,-0.0896,0.3966,imputed,
a284b7f5-a97a-4487-b6aa-4dd0429760a1,Nikolas Ruiz,M,0,0,0,-0.0899,0.4157,imputed,
f30a7911-5f96-4ea9-8d91-a7429704cadf,Rebekah Kitto,F,0,0,0,-0.0901,0.5071,imputed,
88981f97-d5cf-49bf-8c98-090c73afec13,Kristin Bourg,F,0,0,0,-0.0902,0.5086,imputed,
2feffeaa-aca5-4c5d-aad6-62eb0d38a6be,Abigail Okelley,F,18,0,0,-0.0912,0.1597,fitted,-0.3043
92071022-38fb-48da-bc30-102116fbbfaa,Bret Balka,M,0,0,0,-0.0913,0.4698,imputed,
442fd086-383e-4474-8649-5d1bfcff45f0,Mimi Ghisellini,,0,0,0,-0.0917,0.4699,imputed,
e7a19dbb-b86d-40d1-a303-33cd9405ad53,Matthew Montoya,,0,0,0,-0.0919,0.4548,imputed,
65e508ea-9215-40b8-8b2f-b346047ee596,Manoj K,M,0,0,0,-0.0921,0.4778,imputed,
8e6bc591-b428-432a-9410-f5718eeb5c79,Katie Wolber,F,5,0,0,-0.0922,0.2198,blended,-0.1692
8362b7b1-792b-4730-870e-495eea6d91f2,Russell K,M,4,0,0,-0.0928,0.2253,blended,-0.0625
06924eef-f11b-4cab-87fc-60549d925803,Ammaritta Rattanapanop,,0,0,0,-0.0928,0.4522,imputed,
90eb056a-ed07-4d98-9710-e0268e3e5801,Jacky Lau,,0,0,0,-0.0929,0.4759,imputed,
e6f94740-7eed-4e66-bf79-ef37b336f199,Steven Jones,M,0,0,0,-0.0933,0.4707,imputed,
0f25e931-5be3-4fc5-8683-962bb75c7390,Samrat Nalla,M,7,0,0,-0.0937,0.2971,blended,-0.1045
46a1635c-4e17-42e5-b257-c9238e947973,Glen Young,M,0,0,0,-0.0938,0.4939,imputed,
a6d86fc0-564a-40d9-b701-6443c07fcab3,Abigail Gordon,F,6,0,0,-0.0942,0.2793,blended,-0.2352
7d34d342-fd57-4bd1-a0af-fbc154fa64ad,Sophie Idzikowski,F,0,0,0,-0.0944,0.4853,imputed,
31257295-36e8-4b7b-a92e-a89bcb6b9155,Jasmine Maduel,F,4,0,0,-0.0949,0.329,blended,-0.1422
fe63e706-25ac-4774-a8c3-99535fd9d5f8,Jeffrey Stone,M,0,0,0,-0.0949,0.4723,imputed,
7dce2974-3db5-465a-b5a5-43bc3375ea4b,Viet Nguyen,M,0,0,0,-0.0952,0.4369,imputed,
b202d334-18ef-47c2-81db-e3e2d0fb88e2,Hoa Nhan Van,M,0,0,0,-0.0953,0.4547,imputed,
da9be995-93ad-4eff-807f-8914e2ea300a,Jeffrey Stone Jr.,M,0,0,0,-0.0955,0.3851,imputed,
a3c4a62c-e13f-4238-9102-dda7478c975d,Mark Girgis,M,12,0,0,-0.0956,0.2967,fitted,-0.1533
e39283ec-58de-490a-95c5-b0f10087f0e1,Luke Anderson,,0,0,0,-0.0957,0.4943,imputed,
316a0784-5829-4fad-89a1-438e5aac2504,Jazz Hearn IV,F,21,0,0,-0.0961,0.1276,fitted,-0.3063
5a7e23f7-c353-49df-a9a0-d1e1eda4c01d,Sonia Purello,,0,0,0,-0.0964,0.4937,imputed,
0874faaf-1613-42e8-a98f-0d3f09d03b1c,Chris Crucetti,M,0,0,0,-0.0965,0.4768,imputed,
48856184-c28b-460d-aa90-65047ee778c3,Shion Galata,M,3,0,0,-0.0967,0.3652,blended,-0.0129
cca48c24-6d78-4ff5-977f-33eababb7c7a,Jack Matistic,,0,0,0,-0.0971,0.4838,imputed,
8df75868-d07f-4d36-adba-d6e720a2c097,Alex Chan,F,0,0,0,-0.0972,0.4052,imputed,
497056ec-c623-4df3-9340-905a195757af,Stephen Eyman,M,5,0,0,-0.0973,0.1913,blended,-0.2801
5b42f7bc-d5bc-43e4-ae49-37834be42f06,Molly Roberson,F,0,0,0,-0.0977,0.5018,imputed,
f5d524c5-66e7-4ac6-8ab0-c6627dbc2f73,Christie Mead,F,6,0,0,-0.0978,0.2463,blended,0.0023
4786dd4b-6c10-444b-98e6-b751888e2120,Ian Campbell,M,0,0,0,-0.098,0.4753,imputed,
2e29d23f-8a59-4798-bfe0-42ff5af57bd4,Chance Finley,M,0,0,0,-0.0987,0.4747,imputed,
8649fb5b-5280-434c-a5b3-37ad2d6df26a,Christian Nowtash,M,0,0,0,-0.099,0.4612,imputed,
1dfa0d32-552b-4ca9-a029-7139363eb65d,Savanna Ullmann,F,0,0,0,-0.099,0.4303,imputed,
4bbe1459-2d18-44bc-bb82-8cb4cb6e20dd,Ali Evans,,0,0,0,-0.0991,0.4789,imputed,
d842bd50-32de-4c01-b106-62099dd5dab8,Seth Gochnauer,M,2,0,0,-0.0992,0.493,blended,-0.1743
ded00f66-7bd5-4360-96ee-cda1dcd30939,Jacob Rude,M,0,0,0,-0.0994,0.4818,imputed,
daa8e6e6-9a3e-407e-8557-c8f5abd68516,Corey Waters,M,0,0,0,-0.0995,0.3848,imputed,
798aed26-9104-4ca2-b28b-3f40899b420c,Gonzalo Petschen,M,2,0,0,-0.0997,0.49,blended,-0.1789
51e9dc35-e543-4222-ad12-69697397a975,Beau Covell,M,6,0,0,-0.0998,0.2065,blended,-0.2881
843c9b79-fadb-47a9-84ef-b91eadf21c55,Mark Moore,M,0,0,0,-0.0998,0.4829,imputed,
d21861b0-c92c-4dd8-8fea-a1b5771bb431,Andrew Chang,M,2,0,0,-0.0999,0.5264,blended,-0.1513
f18752b0-a31c-4c80-83e0-96a44f33d0eb,Alicia Reed,F,2,0,0,-0.1,0.3456,blended,-0.1657
53c797c5-058f-4d1b-b82a-247d4f9e6839,Spencer Johnson,M,0,0,0,-0.1,0.4667,imputed,
70757be7-6efc-402f-9967-afce9652307b,West Nott,M,3,0,0,-0.1002,0.4288,blended,-0.2101
0f8523aa-0279-4dec-8697-0261e6a1f97a,Madelyn Porter,F,0,0,0,-0.1007,0.42,imputed,
18f03188-9592-4eee-95e8-5d89c95baaac,Jagger Baird,M,2,0,0,-0.1009,0.3389,blended,-0.1811
8eb595e3-b704-4385-8fce-e4e42080fc01,Kyle Welch,,0,0,0,-0.1012,0.4974,imputed,
c82cff23-e404-4f7d-bfbf-122827a30bff,Wenbo Wang,,0,0,0,-0.1013,0.4784,imputed,
27c00d6e-bfaf-45c6-93d6-3c44676982e0,Timote Lavelua,M,0,0,0,-0.1014,0.4875,imputed,
204a5dac-79a7-4678-938a-1ce9bb7cea72,Sean Gruen,M,0,0,0,-0.1015,0.4672,imputed,
8bb19de8-1ea0-4e69-82ed-80616fc415a2,Aneesh Kodali,M,3,0,0,-0.102,0.2622,blended,-0.1262
9785a0b2-00c7-491a-a821-3590d9fce54f,Kendall Clay,,0,0,0,-0.1022,0.4853,imputed,
a4d38140-dbf3-435e-8b0a-a2dbcee88788,Linda Moore-Carter,,0,0,0,-0.1025,0.4798,imputed,
8971831c-9462-4c72-a642-8da6404bcc7d,Memory Lelenoa,F,0,0,0,-0.1026,0.4993,imputed,
cc4f2636-781a-470e-948f-4f9df2503f8a,Sammi Ma,,0,0,0,-0.1026,0.4835,imputed,
9bb232f6-5ff0-46d2-8496-ca1dacc89ca6,Emmaline Nichols,F,26,0,0,-0.1028,0.1034,fitted,-0.2822
2e45507f-00a7-461b-bb04-ca1bbb54a335,Seth Brady,M,0,0,0,-0.1029,0.4799,imputed,
400cfe53-c6bc-452c-b284-394f8ba82dcb,Corneliu Olar,M,0,0,0,-0.103,0.4844,imputed,
266a0e82-ac0c-4b4f-b5b6-28e5d27c102f,Jessica Kawamoto,F,0,0,0,-0.103,0.4086,imputed,
b857c5ec-58e6-4405-af6e-870563df6fbd,Zen Ferguson,M,0,0,0,-0.1031,0.4885,imputed,
cb5764b3-4b2f-4c0f-aef2-b620a9b11b34,Corbin McAvinew,M,2,0,0,-0.1032,0.4712,blended,0.0013
ba92032a-e5d5-4ec7-9417-a0b6878f3ccc,Adam Cheney,M,7,0,0,-0.1032,0.1872,blended,-0.3178
514d4403-49cb-4a39-bcf4-779733b72bb8,Shannon Moore,F,0,0,0,-0.1032,0.4469,imputed,
ee665f35-ac10-480f-887a-55ca5390287d,Coco Lococo,F,0,0,0,-0.1032,0.4942,imputed,
41e864fc-0853-4553-881a-7e4d231b09fe,Yung-Hsin Tseng,F,0,0,0,-0.1032,0.4096,imputed,
f12afa43-5a83-4451-a331-a4e1d9fef60e,Emily Jones,F,4,0,0,-0.1035,0.4014,blended,-0.0645
b92fe07a-11bc-4bdf-bfa9-8b26cdd3876e,Natalie Loke,,0,0,0,-0.1035,0.5192,imputed,
0ffcbe2f-305b-4db0-bcf1-594d0a78b4fa,Lisa Conway,F,4,0,0,-0.1041,0.4811,blended,-0.1601
74583686-4b90-4a0a-a6c1-2247704076de,Kinshuk Sharma,M,0,0,0,-0.1042,0.4815,imputed,
6c3ea21e-2ecb-4feb-9843-43776c7a76a9,Garrett Singletary,M,2,0,0,-0.1044,0.383,blended,-0.1323
de698543-42f6-4cd7-877a-1e5bf2f327fa,Neely Sullivan,F,0,0,0,-0.1045,0.4022,imputed,
dcfe3d80-6d5a-473a-b7b0-46f35e110aa5,Zachary Yusuf,M,0,0,0,-0.1046,0.46,imputed,
2cd4ad39-5014-407d-86cf-7206218f9e4f,Timothy Kouznetsov,M,0,0,0,-0.1049,0.4136,imputed,
1ac9774c-f3fb-4349-a263-eb7f76c9f907,Tienr-X Nguyen,M,0,0,0,-0.1049,0.493,imputed,
6b98bdd4-5a06-463a-b1e7-fd72e83ad8ff,Connor McDonald,M,2,0,0,-0.105,0.5053,blended,-0.2372
9545291b-b153-4749-9f88-9945d3034dcc,Louis Bernard,M,0,0,0,-0.105,0.437,imputed,
097fab80-aab4-4946-8bb9-7f30cf1f5287,Maya Steines,F,4,0,0,-0.1052,0.2551,blended,-0.2301
cccba1bc-174a-472f-9049-361a9520b1e8,Putri Insani,F,0,0,0,-0.1053,0.416,imputed,
c98ad8b8-c6d7-4afd-a273-383e77ac0213,Jude Morales,M,0,0,0,-0.1055,0.4808,imputed,
c00d1e76-0116-49f5-b0b4-9b518b9cd628,MJ Marrero,M,9,0,0,-0.1061,0.1782,blended,-0.4002
38dee2a5-3cf7-440d-a845-bcf700fac42f,Daniel Olson,M,0,0,0,-0.1063,0.4833,imputed,
4c715a78-aec4-46fd-8bde-f996543bfa2d,Katayama Hayato,M,0,0,0,-0.1066,0.4946,imputed,
648690f0-2442-4b91-a783-00f5665d0d6d,Nilton Chafloque,M,0,0,0,-0.1068,0.4331,imputed,
12d3208c-2ca4-4b8f-94ed-02a0dbadf098,Kenshiro Yamasaki,M,4,0,0,-0.1069,0.3282,blended,-0.0577
acedda64-aa5e-4e62-8756-fcb95f13de45,Emerson Lehmann,,0,0,0,-0.107,0.4989,imputed,
4e681e02-2987-49b1-9f3a-ad0ba28f86ba,Kade Andrus,,0,0,0,-0.107,0.4761,imputed,
b097dd8f-ea66-4a3a-80c0-abb960e1ee33,Marygrace Rudd,F,0,0,0,-0.1074,0.4928,imputed,
8c3e239a-146d-462e-87f7-4e60073a6cce,Kristine Diehl,F,4,0,0,-0.1089,0.4274,blended,0.2601
c26ef30f-835a-4196-a16f-c2c51c0e00f5,Joshua Marshall,M,0,0,0,-0.1092,0.4931,imputed,
90ee0493-d16e-44c0-abf6-c0a5afae261f,Ross English,M,5,0,0,-0.1099,0.2905,blended,-0.7005
c62b3d6a-a9ef-41fb-9018-42ee38e2acaa,Kathryne Yung,F,0,0,0,-0.11,0.4562,imputed,
c8052eaa-e0e5-4d28-84cb-6fc1f73e38f5,Jennifer Johnson,,0,0,0,-0.1103,0.4697,imputed,
fe568e1a-552d-4d28-85d8-edbf7575fa9f,Ben Grunert,M,12,0,0,-0.1104,0.1512,fitted,-0.3232
89943c34-053e-41ab-bf89-cdc2cb794ee1,Caleb Deckert,M,0,0,0,-0.1106,0.4845,imputed,
8b0edcc3-07b2-43a6-96fc-c652f5d25344,Robert Brown,M,0,0,0,-0.1107,0.4818,imputed,
fad8ad57-e771-4f91-ac3c-c61cb966f9ba,Jacob Stegall,M,0,0,0,-0.1109,0.4283,imputed,
9c33dcab-9b21-4453-b06b-5b8627f73069,Anthony Starkey,M,0,0,0,-0.1113,0.4422,imputed,
6ed6fa97-972d-42e9-9df0-305f3bf8b683,Tim Jarmusz,M,0,0,0,-0.1115,0.4665,imputed,
2936bae7-b957-4373-8197-434192ce562c,Khoa Vo,M,0,0,0,-0.1117,0.4935,imputed,
aa56fffa-156a-4e7b-a9da-412509fbfd78,TY Ferguson,M,3,0,0,-0.1124,0.3861,blended,-0.2811
0138d979-70f0-4ebb-aa2b-98a4be25fa0c,Jessica Hughes,F,0,0,0,-0.1125,0.4378,imputed,
2265cc7c-c4ae-44ab-9cb3-07dba07c26e1,Rachel Garff,F,5,0,0,-0.1126,0.2882,blended,-0.3257
e73eae13-8dbf-4896-973c-60a3d41f3c0d,Paul Maple,M,0,0,0,-0.1126,0.4623,imputed,
2f55f63c-186e-4910-a425-f0612fa33353,Shahan Derbedrosian,M,2,0,0,-0.1132,0.5184,blended,-0.1656
b224a338-0b18-478a-b700-50115eacfe36,Delia Arnold,,0,0,0,-0.1138,0.4929,imputed,
491318b1-204a-477c-baa1-742277d3bcac,Andrew Hedges,M,2,0,0,-0.1141,0.5339,blended,-0.1609
4cbfc815-dc55-4d6d-b844-f28b3aeb40d6,Cassandra Fryberger,F,0,0,0,-0.1143,0.4697,imputed,
895d9327-013a-4102-9c41-25ca6ba09a7c,Grace Logterman,,0,0,0,-0.1145,0.4938,imputed,
33fd646f-21cf-4475-a4e1-5064b97b5917,Athilla Miasara Bt Azizul Azhar,F,29,0,0,-0.1146,0.1336,fitted,-0.2377
25aee61c-d5b9-4c1d-9a2b-19769830119c,Jiri Kapralek,M,2,0,0,-0.115,0.4768,blended,-0.2383
5939e4fa-7cf0-4e61-b458-91d25edd0262,Lindsay Huttman,F,0,0,0,-0.115,0.4621,imputed,
5515ee6c-fecc-4481-8e7a-989d9acf9a6a,William Hsieh,M,0,0,0,-0.1153,0.4742,imputed,
294a1d5b-b251-45b3-adb7-9936c9ff0c5c,Brandon Danganan,M,4,0,0,-0.1159,0.3929,blended,-0.0938
2651f20f-1b40-478a-8394-349ff2294423,Laviniu Caba,M,0,0,0,-0.1159,0.4395,imputed,
f9cd37ba-4909-4d13-a0a4-dce119603101,Michael Barnett,M,2,0,0,-0.1161,0.4906,blended,-0.1696
96b4319e-8158-4a5d-8eaa-ee8476457076,Chris Patrick,M,0,0,0,-0.1161,0.3858,imputed,
f9ae639d-11c5-4336-8b09-71d0fb6f9d9b,Sienna Hitzeman,F,0,0,0,-0.1162,0.3841,imputed,
37793f34-33d4-4fb4-83c6-3ee39687cfee,Melinda Wilkins,F,0,0,0,-0.1167,0.4458,imputed,
2339ac95-3be4-4e0f-a440-448b433422be,Joe Grossman,M,0,0,0,-0.1167,0.4767,imputed,
c72ea477-d370-4a02-ba1f-bc0e88e3f842,Amanda Jarrett,F,0,0,0,-0.1169,0.46,imputed,
86b675ce-13a7-4cea-a280-be20a54e0d30,Sean Munoz,M,0,0,0,-0.1169,0.4552,imputed,
fb533449-d75d-4382-82a2-29434953fc81,Andre Helmuth,,0,0,0,-0.117,0.4777,imputed,
70553b6c-b9ca-48ab-a740-9599027407c2,Troy Huynh Jr,M,0,0,0,-0.117,0.4334,imputed,
2bd65d99-e16e-4af9-8260-eb4e56196a5d,Jaquelyn Bradshaw,F,6,0,0,-0.1176,0.355,blended,-0.2278
2e1e7440-2492-4138-ab70-f0646aa7e8e8,Huong Dan Linh,,0,0,0,-0.1176,0.4752,imputed,
9fd13616-6d79-441d-8bd1-be3534a8cc88,Tran Tuan Minh,M,0,0,0,-0.1177,0.3998,imputed,
71346286-37b0-4915-95ba-ddc3fd25223b,Courtney Spafford,F,0,0,0,-0.1178,0.4748,imputed,
2897f904-8b8a-4eec-aef0-370d7be5a805,Rouzbeh Ghotbi,M,0,0,0,-0.1178,0.388,imputed,
9ada2179-197f-431d-aa68-46972d771d5e,Xavier Muzquiz,M,4,0,0,-0.1179,0.3708,blended,-0.2593
d7c5a077-2d07-4d79-a3d0-b3cb20e6fb7e,Maggie Chang,F,0,0,0,-0.1179,0.4925,imputed,
356ef6d5-4066-454a-b5ea-01a971236d39,Pei Ju Hsieh,F,5,0,0,-0.118,0.3315,blended,0.0326
597ae933-5d93-4a9a-8714-825b58a7e019,Huy Le,M,0,0,0,-0.118,0.4447,imputed,
793db10e-c1dd-4596-81bc-0abd026552a8,Rico Del Rosario,M,8,0,0,-0.1182,0.2141,blended,-0.123
16ff0938-2d6a-4c02-b131-fd0770385d34,Deborah Rossi,F,0,0,0,-0.1183,0.4829,imputed,
3ce4aa7c-c96f-4a78-ab5c-051eb53a5fc3,Grayson Brandon,M,25,0,0,-0.1185,0.1124,fitted,-0.4657
1e9baf3d-3fda-4b98-b957-9813c878ebc6,Tristan Stayt,M,4,0,0,-0.1185,0.3089,blended,-0.2565
e5915579-1c1d-4406-b707-6d877bcebedd,Kwan Wun Man,F,17,0,0,-0.1187,0.1689,fitted,-0.3582
6a91acf7-336c-4c04-adbc-c21d28c428e5,William Eteaki Jr Jr.,M,0,0,0,-0.1188,0.4051,imputed,
1ed4bf39-dea9-4cb4-8116-69f40604f25d,Daniel Adsit,M,0,0,0,-0.1189,0.3802,imputed,
06ccde2c-0d95-4c78-8d3e-8877d5d55418,Lauren Mercado von Bargen,,0,0,0,-0.119,0.4778,imputed,
4a3eea39-b916-4d68-a3e2-5569c379168d,Marina Sicic,F,0,0,0,-0.1195,0.5097,imputed,
f1cc9ee2-14f7-4f64-af1a-e497062dbc02,Zach Silvernail,M,0,0,0,-0.1196,0.4357,imputed,
49d60469-c7d9-4cc0-8695-e44ccd85a5a3,Desmond Papariello,M,8,0,0,-0.1199,0.2982,blended,-0.2811
ad013932-8c88-4966-841f-8c7867a2a0ac,Andrey Belyanin,M,0,0,0,-0.12,0.408,imputed,
1e0b6552-ac11-4f42-a10f-03cfcd26bada,Thomas Ta,M,2,0,0,-0.1202,0.447,blended,-0.1938
0b038bd5-fd8d-4d25-9e7b-1dae933e9ecf,Isabelle Papazyan,F,3,0,0,-0.1205,0.3304,blended,-0.0262
825bbdac-2df3-4167-b8cf-4d252ecb2cf9,Daniel Shepard,M,0,0,0,-0.1212,0.4722,imputed,
45e5f39d-97c5-46d3-bd94-9533813b59df,Kay Fischer,,0,0,0,-0.1213,0.4522,imputed,
ce45d3d5-5964-48f2-aef9-94d54ad11dd0,Kelly Stewart,F,0,0,0,-0.1215,0.4542,imputed,
6a663baf-edf8-4e96-a232-ca4fdebf91b8,Imani Phillips,F,2,0,0,-0.1216,0.4598,blended,-0.1921
3dced9e3-5450-4b8f-b88c-2e197e20dc15,Ava Pisacrita,F,19,0,0,-0.1218,0.1351,fitted,-0.3531
b35305c2-26cf-4d64-b66c-5eba78a29c49,Harding Brumby,,0,0,0,-0.1227,0.4966,imputed,
ddf7852e-7a07-4949-9ba6-ccdbdcc9a0fc,Parker Ward,M,0,0,0,-0.1239,0.4737,imputed,
52740743-8a84-4289-8411-ac4e80cfcbd7,Cindy Kuragami,,0,0,0,-0.1243,0.4769,imputed,
bc39addd-6cbb-47df-a155-9167efa5bb9a,Huey Trinh,,0,0,0,-0.1244,0.4359,imputed,
7b109ebe-cc77-44ba-a24e-14422c42c1ed,Sergii Pogoretskyi,,0,0,0,-0.1247,0.4849,imputed,
6f4f9fe6-690a-4a18-9154-6d46b43f8bd4,Paul Salmela,M,0,0,0,-0.1248,0.4909,imputed,
b9f08a29-c9cd-4d55-8c6a-827090df1a69,Brittany Minna,F,9,0,0,-0.1252,0.3077,blended,-0.0117
47bbb994-99ce-4b40-9579-7adb78057871,Yue Wang,F,0,0,0,-0.1255,0.512,imputed,
efbf9c7c-1162-47d8-9e9f-0d4c4a1f4458,Alex Toth,M,2,0,0,-0.1262,0.4059,blended,0.1297
8c658598-aa1f-43d3-baab-6717844129cb,Kaden Miner,M,0,0,0,-0.1265,0.4815,imputed,
935de402-9af0-4745-b0af-23b601212aec,Francesco Avella,M,0,0,0,-0.1266,0.4585,imputed,
c3274159-1cfc-4a8e-abe3-650c06abe5df,Elysse Branton,F,0,0,0,-0.1267,0.4561,imputed,
5e4cd2dd-4456-48d4-8ff5-6cdaba1314da,Keena Cheng,F,0,0,0,-0.1273,0.4476,imputed,
df9dab1d-43e8-4369-8912-97c5da42684f,Jeremiah Norton,M,0,0,0,-0.1274,0.479,imputed,
7f73b978-a8d7-43ec-b437-229f43e350f0,Pierce Tapp,M,4,0,0,-0.1276,0.3859,blended,-0.2428
8663e04a-6918-4844-ab4c-a4b856163c45,Brandon Tom,M,0,0,0,-0.1276,0.4679,imputed,
415f579a-8cf7-4cca-9526-593f015fd9ce,Benjamin Gonzalez,,0,0,0,-0.128,0.5057,imputed,
9684fa0b-ddad-4427-962f-ed7a309a21d4,Kasia Carr,F,0,0,0,-0.1281,0.389,imputed,
00e04f40-f239-42cd-baaa-0800e5f7d525,Sarah Carpenter,F,0,0,0,-0.1282,0.3848,imputed,
bfa766c2-ac04-4dfc-a9f8-4dc1cb0d1cf9,London Leon,,0,0,0,-0.1286,0.4934,imputed,
aa86aeec-13ec-48f1-ba45-72ecf7ec0e44,Isaac Perez-Reinhardt,,0,0,0,-0.1299,0.4875,imputed,
d1846d88-1942-49e0-8c87-a39ac34f6a81,Bridget Aguado,F,0,0,0,-0.1306,0.4756,imputed,
47d7814b-2705-4d0a-849f-afc0d764f7af,Khiem Vu,,0,0,0,-0.1306,0.4945,imputed,
d4282d0a-38eb-4a98-ab48-fa4dbf623fb9,Grant Johnson,,0,0,0,-0.1308,0.4815,imputed,
6aa65b29-8a3a-4c6b-a1c2-586cf71e15fe,Joseph Pututau,M,0,0,0,-0.1315,0.4236,imputed,
75f41068-36e0-43cf-a9bc-b2ec693b17ea,Michelle McLaughlan,F,0,0,0,-0.1318,0.473,imputed,
23746853-767a-4e80-a303-e6c697fc8275,Jeff Stone,M,0,0,0,-0.1321,0.4303,imputed,
8bf8c5cf-a2c6-4862-99b3-7952225684fe,Lizzie Brady,F,0,0,0,-0.1321,0.4893,imputed,
e29676e1-5445-49a6-8780-24e917e737ea,Thomas Romero,M,0,0,0,-0.1325,0.4936,imputed,
b65efb9d-3466-4500-986d-ed13e9bb25f5,Elise Fortino,F,0,0,0,-0.1327,0.381,imputed,
070d754c-ec23-4253-a16e-6d64e067287d,Jih Shian Yeo,M,0,0,0,-0.133,0.4882,imputed,
9025d606-dbed-4a6b-a0ea-3a59520681c8,Scout Johnson,F,5,0,0,-0.1332,0.2418,blended,-0.1913
79b585e0-c2e0-4adc-a2f2-72b9e19cbe6d,Brandon Johnson,,0,0,0,-0.1334,0.4759,imputed,
4f91b214-a32b-4bce-ba22-0ec6b7021444,Deanna Pham,F,0,0,0,-0.1335,0.3817,imputed,
f36db214-170a-4121-b7e4-40078ee9487f,Colin Root,M,0,0,0,-0.1335,0.4796,imputed,
edfe3f1d-98b7-4bfb-a107-01ce62316094,Dionne Lim,F,0,0,0,-0.1336,0.4323,imputed,
219ce304-ebad-4c11-b043-f92ad6429d88,Ross Hopkins,M,0,0,0,-0.1337,0.3988,imputed,
544641c1-f66a-4f4a-9854-c0104581f8b9,Bhannawitch B,M,2,0,0,-0.1338,0.3841,blended,-0.103
31d636d0-11a4-4180-b5e0-47f3ee34a5ea,Lin 美娟,F,0,0,0,-0.1338,0.5387,imputed,
72ac13c2-8036-4bc8-939b-d06b07cf74e6,Lauren Lennertz,F,0,0,0,-0.1344,0.5105,imputed,
a79395e6-4747-47ce-8acb-a7efb6026f7a,Kaysie Smashey,F,0,0,0,-0.1347,0.4993,imputed,
f286f301-1f33-4500-b611-9b6f59d3b9fc,Ben Spotswood,M,2,0,0,-0.1348,0.2892,blended,-0.1838
088fc9d6-12b3-4dc1-9cd6-07cadb2f3a1b,Keiichiro Adachi,M,9,0,0,-0.1351,0.245,blended,-0.4856
c83af3e1-56d6-4e2b-b746-447c2892ace5,Angela Morisette,F,25,0,0,-0.1351,0.1112,fitted,-0.3538
743c8a88-5b36-470e-b35c-6d7a381d9f4c,Tristan Vincent,M,0,0,0,-0.1353,0.5033,imputed,
cb230c42-5832-42a3-a42a-e9528f206bb7,Kyler Kennedy,M,2,0,0,-0.1355,0.4855,blended,-0.151
01421744-58ae-4a18-9616-86a5944b5903,Eric Zhang,M,2,0,0,-0.1356,0.5114,blended,-0.1991
7cbc4698-6218-439b-a94e-fe30439a1447,Spencer McCartney,M,2,0,0,-0.1356,0.436,blended,-0.2777
97e85c20-44bb-46e0-86ed-dd98e9d6e0d8,Alice Stoleru,,0,0,0,-0.1356,0.5116,imputed,
4434a930-41b6-4c8a-9a98-defc373749d3,Arnab Baruah,M,0,0,0,-0.1364,0.4579,imputed,
e414458d-50c2-4a69-9b32-7cd425f11d08,Daniel Moore,M,0,0,0,-0.1364,0.3909,imputed,
40931b27-f0fa-424b-9594-2f271a8c8d17,Nicholas Signoriello,M,0,0,0,-0.1364,0.4828,imputed,
ea8aa193-1d98-4692-a25d-24dd6d7594a5,Nick Nassos,M,2,0,0,-0.1365,0.4286,blended,-0.159
6661a40c-d071-4e59-97c8-bd7fda51435f,Jeffrey Sperling,M,2,0,0,-0.137,0.4995,blended,-0.2358
580e9d18-7cb2-40ac-9dda-c2e87cefa31d,David Heckler,M,0,0,0,-0.137,0.4088,imputed,
285ca553-7513-4d94-add0-43a6125aa64e,Max Meza,M,3,0,0,-0.1372,0.3147,blended,-0.2938
1725729f-f44e-4ff1-bd1c-fc1017ee96c2,Joseph Campbell,M,8,0,0,-0.1378,0.2076,blended,-0.384
a3d53581-f494-4abd-9dd2-9fd1d83d8f00,Alex Cortright,,0,0,0,-0.1379,0.4851,imputed,
49bc8c3e-001f-476b-a00e-d3d44d36863a,Nicola Slater,F,0,0,0,-0.1384,0.4514,imputed,
1f441ea8-dac7-4efa-89a7-8de5d36a5b07,Curtis Carlisle,M,2,0,0,-0.139,0.4478,blended,-0.1958
d49b7133-85e8-4415-bd2a-857799c30c45,Sarah Paea,,0,0,0,-0.1394,0.4818,imputed,
397b3fba-650e-465c-ae98-03422712e358,Riley Hanks,F,15,0,0,-0.1396,0.1589,fitted,-0.3444
481d9fef-ed7a-4fc9-9d19-a4f9b5a57d56,Ella Cosma,F,30,0,0,-0.1396,0.0964,fitted,-0.3621
fc306d88-9978-4ca0-9ed1-c91eeb1f0de1,Hailey Munz,,0,0,0,-0.1396,0.4841,imputed,
0965320a-d34f-490c-b141-ad2f429ad5ad,Barbara Petra Fuzesi,F,0,0,0,-0.14,0.5157,imputed,
d84bd7f0-1e75-4a53-a14d-dc204685ff86,Cloe Murillo,F,0,0,0,-0.141,0.4172,imputed,
9687007c-5a18-4e9e-8c6e-f3781e287a3b,Connor Karen,M,2,0,0,-0.1411,0.5142,blended,-0.1981
fb6a0895-7a7a-4369-b3a1-0a57e826a354,Michael Try,M,2,0,0,-0.1416,0.5039,blended,-0.1952
4035972d-2307-439d-acdd-c062e1857d5c,Izzul Aizuddin,M,0,0,0,-0.1417,0.4808,imputed,
3242a766-be8b-4ca0-92a0-fd824e538dc5,JR Jones,M,0,0,0,-0.1418,0.4847,imputed,
4e2232fb-c4fc-41f1-9fb9-e9ca7510f0f6,Haley Collins,F,0,0,0,-0.142,0.4542,imputed,
1b9d3893-28ac-4c4a-86ad-64ca38eedbd7,Sydney Tran,,0,0,0,-0.1423,0.4479,imputed,
ae22d796-6114-4ec9-8a76-8393e96cb1d0,Preston Bies,M,0,0,0,-0.1431,0.3571,imputed,
0893ceab-7d1f-4e04-8cd8-95c8a8e40155,Jesse Berkowitz,M,10,0,0,-0.1435,0.1608,fitted,-0.3351
49fe2be0-eef1-419b-9de3-f00911612eb9,Andrew Clemen,M,2,0,0,-0.1436,0.4543,blended,-0.0279
c420c280-1622-42ac-84eb-75f9fdaa88bd,Jenn Joy,F,0,0,0,-0.1436,0.5002,imputed,
e0a72e34-078e-44f9-ad30-b662cacaea9b,Thi Tu Ngoc Tran,,0,0,0,-0.1436,0.4956,imputed,
299484fa-15ea-4fd9-aff4-c8d66fc30f7a,Hridhay P,M,9,0,0,-0.1437,0.1927,blended,-0.4213
6a803eb1-faea-4ddf-b951-645a22dc758b,Jordan Fenner,M,0,0,0,-0.1437,0.4748,imputed,
a7e40e71-d4b0-44f8-8fc3-a5f475ab0027,Eric Davidson,M,0,0,0,-0.1441,0.3782,imputed,
417503fc-5f4c-484c-aa52-846ab923b332,Otavio Perim,M,3,0,0,-0.1443,0.2566,blended,-0.326
bcddaf69-4e16-4b2f-a26e-a5615eec0a2c,Đào Hải Đăng,M,0,0,0,-0.1444,0.497,imputed,
e767161c-0619-47ab-bbed-a1f7015a79c3,Ansh Bassan,M,0,0,0,-0.1445,0.4822,imputed,
99ecfacb-4885-447c-b424-d76c418ba3a3,Ella E,F,2,0,0,-0.1446,0.4006,blended,-0.2478
f0451425-4f90-41b2-ac76-c1a7e2e9c1c5,Daniel Schwartz,M,5,0,0,-0.1447,0.3586,blended,-0.3964
5b2f2481-46fe-464b-979d-a925dff26f67,Joshua Brown,M,4,0,0,-0.1448,0.2744,blended,-0.2502
86bd58ea-920e-4e4d-abda-ea4b9a2cb1e0,Brandon Gregoire,M,0,0,0,-0.1451,0.4796,imputed,
c030c863-d3b9-4566-a40b-02e411f0ffc3,John To,,0,0,0,-0.1452,0.4601,imputed,
6f01c5a8-b98e-4c89-9ebd-bc8eeb981ec6,Michael Jeon,M,5,0,0,-0.1453,0.3544,blended,-0.3243
17a5bc64-5609-4fed-83ac-6f4bc15c984f,Daniel Patterson,M,0,0,0,-0.1456,0.4842,imputed,
3bf240a7-1bfe-4d69-aab5-e610db80e818,Nadia Echeverria,F,0,0,0,-0.1459,0.4294,imputed,
67266128-01dd-4462-8773-85a293954a61,Audrey Lord,F,4,0,0,-0.1464,0.415,blended,-0.0243
701a0bf5-f760-47a2-b094-ed713bf73f66,Shailla Alda,F,0,0,0,-0.1465,0.4399,imputed,
813526c8-ba0b-4be7-8ad0-546cc690ff33,Eric Rubinger,M,2,0,0,-0.1467,0.4254,blended,-0.1891
6eee0968-3ab7-4e3a-98a6-3d6edf095bbf,Samantha Martinez,,0,0,0,-0.1468,0.4969,imputed,
58b7c305-86f3-421e-966a-d4c6132b9594,Ryan Pecinka,M,2,0,0,-0.1469,0.5193,blended,-0.1997
d172eeb7-eed7-4391-8e02-e0037afe9a0d,Noah Moeckelmann,M,4,0,0,-0.1472,0.2767,blended,-0.14
7c300358-d2dc-4e8e-8e1f-18b02ba756ce,Casey Parnell,F,0,0,0,-0.1472,0.4893,imputed,
c852cfb7-a320-41a2-a9fc-d924b25c0657,Maddox G,M,0,0,0,-0.1473,0.4848,imputed,
98df40f8-60b5-4e27-ac99-404d919e19cd,Alex Reyna,M,2,0,0,-0.1479,0.4394,blended,-0.1859
d840aa40-c197-45ce-8bf3-a0751268bd0b,Ali Quintero,F,0,0,0,-0.1479,0.4302,imputed,
84c09c85-daf3-45aa-ba03-11ef8cd6838c,Tea Korkeakunnas,F,17,0,0,-0.1486,0.1668,fitted,-0.2693
7b3bdeac-0ac9-4bdc-87ae-0cc8b4f7dd12,Stanton Long,M,0,0,0,-0.1486,0.4667,imputed,
829dd528-80e4-4968-9e73-4e2684b17049,Brian Harshman,M,4,0,0,-0.1489,0.3695,blended,-0.0008
01ad1002-ab3c-4f05-b99c-8c265738bd68,Sarah McGee,,0,0,0,-0.149,0.4826,imputed,
da831899-37b9-4c5b-af32-89e7eb5f041a,Garrett May,,0,0,0,-0.1493,0.4913,imputed,
659e710b-f6d3-487c-9d71-749728b874b9,Gavin Vaughn,,0,0,0,-0.1493,0.4994,imputed,
22f29e1b-2ba0-4ef1-840c-de2ba4b37139,Parker Eggli,M,0,0,0,-0.1498,0.4689,imputed,
60b0d545-1f5b-41b4-97ee-579d2e3602f7,Syed Luqman Darwish Syed Ibrahim,M,2,0,0,-0.1504,0.3792,blended,-0.2129
70e170e3-6a87-453d-aeef-3c1b599bdaa9,Andrea Hammer,F,2,0,0,-0.1505,0.5183,blended,-0.2011
a6ae2706-9b11-4ed3-98a9-5b2f22fa3f98,Michaela Winiata,F,0,0,0,-0.1506,0.4721,imputed,
1686584c-de1f-41d8-8223-bcc3133df169,Victor Contreras,M,0,0,0,-0.1509,0.4822,imputed,
fbf3193d-c3ca-4021-9eff-699295789fb2,Nick Springer,M,0,0,0,-0.1509,0.4657,imputed,
2564ff9f-a2a0-42f2-863d-f5fd65f1777a,Bailey Rezabek,F,0,0,0,-0.1511,0.4198,imputed,
62b5ee8b-b3b2-4a28-8739-3058874bcf8b,Gabriel Wilamowski,M,0,0,0,-0.1517,0.4838,imputed,
3ab28d70-85be-4c30-8c23-57225ac0a0f3,Gray Roberts,M,0,0,0,-0.1519,0.4714,imputed,
8a852ef8-8711-47e3-82f0-2b152d00215c,Bennett Sell,M,0,0,0,-0.1525,0.4846,imputed,
7d237b94-6187-4448-979d-65a507b3268e,Robert Shields,M,0,0,0,-0.1529,0.5082,imputed,
4d0e54e3-d2bc-4d22-b941-bceafef0b15e,Iljun Jang,,0,0,0,-0.1529,0.5115,imputed,
151e63e8-d5bc-4698-9182-3eb5e03b6ebd,Ion C,M,1,0,0,-0.1533,0.564,blended,-0.1804
70e0522d-96ac-45b9-ad85-300dc056af6b,Steven Pokopec,,0,0,0,-0.1535,0.4597,imputed,
e64dd4c4-aea4-4248-afc3-88be28a53a4a,Lance Burgstiner,M,0,0,0,-0.1536,0.4737,imputed,
9b6ef7f5-2413-43ca-882d-a168b29f3c2a,Yuto Hirayama,M,0,0,0,-0.1548,0.4874,imputed,
fbcdf5da-3b46-44a2-a40f-bd91257da4a8,Iulia Marcenco,F,0,0,0,-0.1549,0.5185,imputed,
155ff9f3-2502-4c4f-a6b0-a7a35b7439e6,Griffin Beck,M,0,0,0,-0.1552,0.4801,imputed,
923f0bad-f6ad-4747-965c-019269a6435d,Ben Liu,M,3,0,0,-0.1553,0.2515,blended,-0.3226
42e513af-983b-4e51-8368-ef5886f1ac40,Brandon Taylor,M,0,0,0,-0.1556,0.4483,imputed,
a91f00f9-c0ef-4847-9c45-29fc96972651,Jon Mikolajczak,M,0,0,0,-0.156,0.4705,imputed,
59cd53bb-5591-4248-8d08-94224bddf076,Baxter Reeves,M,2,0,0,-0.1562,0.4116,blended,-0.2592
db4f6b7d-0256-45bc-b762-6c826aab9cfc,Christian Gonzales,M,7,0,0,-0.1563,0.2166,blended,-0.3254
749c73cb-3717-4288-b830-f22b19162ca3,Micah Lambert,M,2,0,0,-0.1564,0.4125,blended,-0.2683
9b90fac4-19e9-4e99-a239-4caf8d3f8a48,Molly Ticknor,F,0,0,0,-0.1567,0.4198,imputed,
392de00d-8c51-4096-be1c-b9e59d882913,Lauren Wong,F,0,0,0,-0.1571,0.3872,imputed,
e4c5a201-5d94-4831-bd72-56a1ef560734,Alla Mikhno,F,2,0,0,-0.1573,0.451,blended,-0.0573
fd54b851-da6c-4a69-9ca2-2fe16bacc6b8,Maya Morris,F,0,0,0,-0.1576,0.5167,imputed,
9927361d-d0c9-4fdb-8f08-952d1c356eec,Carlos Zambrano,M,0,0,0,-0.1579,0.4617,imputed,
5ec302b1-9c51-418d-ba67-d13f3bdcb9f0,Tsai Cheng Hsiang,M,0,0,0,-0.1583,0.4879,imputed,
18076ef7-28a9-4a7a-b2ed-68bcf0a1c246,Mason Evans,M,2,0,0,-0.1584,0.4995,blended,-0.1757
913b463e-417c-4973-bb6b-8a71f60815f2,Roger Stern,M,0,0,0,-0.1584,0.4892,imputed,
fab2d6de-43bd-49c6-903d-d07886cb0d7e,Katelyn Hilliard,F,0,0,0,-0.1584,0.4204,imputed,
f1b3940e-d4d5-417b-a094-12f551a3a619,Hudson Yeager,M,4,0,0,-0.1589,0.2296,blended,-0.2474
42224630-7c79-4d8d-9df5-967bf798e7e9,Joel Daniels,M,0,0,0,-0.1592,0.489,imputed,
89284d04-4f7d-4593-99d4-24648ed6edf4,David Rodin,M,1,0,0,-0.1593,0.5045,blended,-0.2295
ea0a4492-0100-4d22-bfdc-dd2dd83d5f83,Edgar Roberts,M,0,0,0,-0.1593,0.4779,imputed,
91c84f14-5709-4981-b97d-24bdd39a5a31,Alyssia Fossorier,F,6,0,0,-0.1594,0.2616,blended,-0.4112
16deb566-c508-4f05-84d9-a01fb527a005,Michael I,M,2,0,0,-0.1595,0.3728,blended,-0.1067
3475b356-f7a8-4fd4-b203-38a698e500ed,Cody Milton,M,0,0,0,-0.1598,0.3868,imputed,
4d8ec6a2-f970-419d-9519-57a1ff8354a4,Steve Cicalese,M,0,0,0,-0.1598,0.4845,imputed,
833e5458-6667-40ad-836c-9e4032f946d6,Zack Delgaizo,M,0,0,0,-0.1599,0.4471,imputed,
bec5b35b-f6fd-437b-8262-83ce01299b82,Taabish Basaria,M,0,0,0,-0.1603,0.4565,imputed,
ad4e8505-54f6-47d9-9a2a-299b08ad029d,Miki Masui,F,3,0,0,-0.1606,0.3133,blended,0.0834
a67aea6b-f0f7-4954-a262-8f641a389861,Karolina Fleming,F,0,0,0,-0.1607,0.3858,imputed,
a8d02c1b-c5a9-420c-95c2-e863c2666f3d,Thang Nguyen,M,0,0,0,-0.1607,0.4905,imputed,
be1b6f87-a31e-4b18-a309-a86ba23b38c7,Adam Bruck,M,3,0,0,-0.161,0.4306,blended,-0.1949
070d8c34-cf2e-4ca5-9d86-b9d2decf90a5,Alec Martone,M,0,0,0,-0.161,0.4453,imputed,
d485c699-f517-490f-87d3-469eb1cdbdd2,Ashlee Searle,F,0,0,0,-0.1613,0.5134,imputed,
acd7c7b0-5b3e-4967-a17d-959d79deffec,Jeff Hirsch,M,4,0,0,-0.1617,0.3321,blended,-0.3258
3f2029ed-bc1a-4b87-b81a-b0db88fc7731,Ignacio Figueroa,M,0,0,0,-0.162,0.4376,imputed,
2eca98c7-1a33-43aa-808a-cbd4365de165,Thomas Alexander Jr,M,0,0,0,-0.1622,0.4385,imputed,
f1f890e9-0db2-497d-a732-a08a5d5283e8,Donald Johnson,,0,0,0,-0.1623,0.4533,imputed,
020753e8-6800-4ed7-bd4d-6a610a90e0ea,Morgan Maclennan-Smith,M,0,0,0,-0.1627,0.4804,imputed,
e761b0e7-9b87-41f6-a1a3-0b4d86c09106,Coley Rezabek,F,0,0,0,-0.1629,0.4075,imputed,
4c1c2c50-a75e-45b4-adc1-c83bb3b5677b,Ashley Mackie,F,0,0,0,-0.1632,0.412,imputed,
6f6fdd3b-dafa-4664-a818-f0e16b96a6ea,James Gray,M,1,0,0,-0.1633,0.5405,blended,-0.2144
de14b3af-3ee1-467a-864b-7af6467f64d4,Laura Madison,F,0,0,0,-0.1637,0.395,imputed,
f03920f3-8312-47ff-b9d3-39194283e458,Michael Russ,M,0,0,0,-0.1646,0.4637,imputed,
aed87611-eafe-4b6e-9460-17118c30d314,Ali Welch,F,0,0,0,-0.1648,0.454,imputed,
210dc1aa-77d9-4c42-b14a-d4d9ab39feb4,Park Seong Yong,M,4,0,0,-0.1652,0.2742,blended,-0.3466
5be96b6d-b250-4a4c-9826-7b3a7b7f11fc,Kobla Tetey,M,0,0,0,-0.1653,0.4671,imputed,
220ac572-6824-41c5-b2da-18f4c7f18e2f,Alex Lantz,M,0,0,0,-0.1654,0.3517,imputed,
81d0df15-9ded-476b-8653-b263a73077d8,Ilaisaane Tyree,F,2,0,0,-0.1656,0.5286,blended,-0.2156
77a7769d-fab9-44b2-ae08-d5c0a7394f95,Andrew Felsenthal,M,3,0,0,-0.1656,0.3977,blended,-0.1107
703dcdb9-a22e-4966-991e-0c5d31bbd3be,Noah Wilder,M,2,0,0,-0.1658,0.5075,blended,-0.2256
046869aa-f73e-4f85-92b9-174e10d8321a,Chad Morris,M,0,0,0,-0.1659,0.4928,imputed,
fc7cc7e5-2376-4b37-aaa2-9f1aef8c377e,Trevor Gray,M,2,0,0,-0.1665,0.4966,blended,-0.235
9f9f59fb-6826-4008-a7c5-067676ad373b,Juan Araujo,M,2,0,0,-0.1668,0.4515,blended,-0.3699
bb2d514b-7466-4a32-b636-388a0443affe,Brayden Brown,M,0,0,0,-0.1671,0.4786,imputed,
84fd59d9-1002-457c-84dc-b6419f87b01f,Fiorella Bozzetto,F,0,0,0,-0.1677,0.5048,imputed,
b1a393e5-1649-4774-9179-11c0acf1bb51,Gautam Sethi,M,2,0,0,-0.1678,0.482,blended,-0.2251
853c4a0f-a30c-427c-bfc2-5113293a9f02,Jenna Chan,F,0,0,0,-0.1682,0.5043,imputed,
59c7ae84-9379-474e-918d-f63a8c92713e,Garrett Gordon,M,1,0,0,-0.1684,0.5613,blended,-0.194
01b07975-0090-42e8-b9d3-513896e6cd31,Eduardo Garcia,M,3,0,0,-0.1685,0.3519,blended,-0.2713
a9a7e429-9500-4901-a6ee-ff7ccb5355f6,Avneet Saluja,M,0,0,0,-0.1687,0.4787,imputed,
226c6d09-74de-4b81-b519-da79712df7be,Fang D,M,0,0,0,-0.1687,0.4959,imputed,
0f0e9307-3aa4-490b-b23f-9c59760290c8,Gregory Perkins,,0,0,0,-0.1688,0.4813,imputed,
b5fb3ec1-f7e3-42c3-9f14-db70578ad2da,Zach Vond,M,0,0,0,-0.1689,0.5013,imputed,
4d17a010-c1fe-48a1-a382-e73abbeca087,Brooklyn Hall,,0,0,0,-0.1689,0.429,imputed,
a541413f-6de7-46ef-8a95-073a358e26fc,Emma (ruoyi) Li,F,0,0,0,-0.1693,0.419,imputed,
01b97541-4425-4241-a2d7-7025477b293f,Aurora Arvelo,,0,0,0,-0.17,0.4999,imputed,
a8bd9132-5167-4d6e-afb3-f80cd54cc138,Francesca Marto,F,0,0,0,-0.1703,0.4338,imputed,
37b0821e-f540-4dda-97d0-c6523ca22c19,Adriel Agam,M,2,0,0,-0.1705,0.4679,blended,-0.2436
63064420-7ef4-4fec-882e-6a97fb0cc4ab,Harwinder Singh,M,4,0,0,-0.1707,0.4081,blended,-0.2264
5b315d39-43a4-479e-9b37-43baa9971159,Dhanvin Sureshbabbu,M,0,0,0,-0.1708,0.4784,imputed,
c9549d88-80a5-41a8-a161-62f227c88232,Paula Mateer,F,0,0,0,-0.1717,0.4609,imputed,
2049d2ad-897a-4258-b703-7b200ff99656,锦雄 周,M,0,0,0,-0.1728,0.4857,imputed,
dff9094a-7fea-4ace-8f27-46359f67a638,Nick Mangiapane,M,2,0,0,-0.1735,0.4354,blended,-0.0851
4450995a-c3da-4fff-abf0-71c277c3ce80,Jared Thurston,M,0,0,0,-0.1738,0.4866,imputed,
804e3372-d3f1-4175-9bce-788e0a30e648,Luke Chandler,M,0,0,0,-0.174,0.466,imputed,
7c67d9c4-5f6f-44f0-9d2c-78538f32489b,Alison Brown,F,0,0,0,-0.174,0.4767,imputed,
5218a1de-d4c4-4a2e-9ce1-eb54d7ee0024,Austin Luong,M,2,0,0,-0.1749,0.512,blended,-0.2192
b22843f8-1771-4fe1-8467-859894bb79ef,David Sung,M,1,0,0,-0.1754,0.5487,blended,-0.2119
69a52a7e-a6f3-4200-8136-61e6ccce2cc8,Riyanda Kesuma Bin Suherman,M,0,0,0,-0.1755,0.4843,imputed,
a2fe9261-8b73-4db1-9286-8d1d560f60c1,Bernard Suwirjo,M,0,0,0,-0.1756,0.4547,imputed,
9276bf80-20d3-4dc1-97fb-8d465688c8bc,Scott Lim,M,0,0,0,-0.1756,0.4518,imputed,
62261533-21fb-453e-bec7-8b167a63c0ff,Thomas Surette,M,0,0,0,-0.1759,0.4739,imputed,
cfb613d1-4c8b-46de-91bd-73f09bb0cdf1,Natasha Stoop,F,0,0,0,-0.1763,0.4587,imputed,
a8944b8a-f1f6-4915-84b6-17e8e351d42b,Jennifer Corley,F,0,0,0,-0.1765,0.4764,imputed,
7b0ada81-4724-4b79-865e-e394e9358de4,Caraline Cox,F,10,0,0,-0.1766,0.1883,fitted,-0.4549
5a93b1a0-1548-4dc9-acd6-f666929641a0,Austin Sapp,M,4,0,0,-0.177,0.3932,blended,-0.2951
0a793b56-b32b-4ea6-80e1-45ba9a1df10b,Sydney Constantinidi,,0,0,0,-0.1772,0.4345,imputed,
6be1144c-10b9-4b8c-a60a-063da2854a4c,Ryan Cating,M,0,0,0,-0.1774,0.395,imputed,
a5c1a975-fb31-440c-bf22-02057c0e8ced,Kyle Rowe,M,2,0,0,-0.1778,0.42,blended,-0.1926
5f7bb9cc-7a47-46f8-acdc-264e4a32d384,Stephanie Zahn,F,0,0,0,-0.178,0.5076,imputed,
2295e569-a996-4b68-a929-8b45e0e6929d,Nicky Valdecanas,M,6,0,0,-0.1781,0.2227,blended,-0.5346
067d0b39-aab9-4756-9d53-9b349e90c753,Jaime Wong,F,0,0,0,-0.1781,0.4808,imputed,
70dfb94e-55a7-4863-a0b3-355af31ba3fd,Jason Downer,M,2,0,0,-0.1794,0.511,blended,-0.2402
87594030-0014-4b97-a542-5cffbd39e323,Sarah Beeston,F,4,0,0,-0.1795,0.2389,blended,-0.242
f415d837-1c5e-463e-8bd8-2f93cc59351a,Amy Su,F,0,0,0,-0.1798,0.5231,imputed,
9b8928b2-2ff4-4ae4-95dc-d1fb8e6922d9,Sable Yrjanson,,0,0,0,-0.1803,0.4494,imputed,
4b0aac0a-a745-4401-92dd-1ad3c0e39904,Will Phan,M,0,0,0,-0.1809,0.5003,imputed,
fc8c1372-d474-4989-8b93-bd5ed593d998,Christopher Evans,M,0,0,0,-0.1811,0.4674,imputed,
adca8511-d390-4c56-8cac-15f3de86d9ee,Sheridan Schuster,F,0,0,0,-0.1814,0.4736,imputed,
834eff83-1248-481e-ba2e-2f12846a1bf3,Braydon Unsicker,M,0,0,0,-0.1815,0.434,imputed,
64a1e679-1622-4dc6-bcc7-33f878fd95ef,Erik Lin,M,6,0,0,-0.1819,0.2747,blended,-0.3824
88d10b10-f749-492a-9c57-acbbf4afd492,Emily Mone,F,0,0,0,-0.1822,0.4205,imputed,
81623427-b2f0-49f0-ab5e-57d470560981,Courtenay Leonard,F,33,0,0,-0.1823,0.0937,fitted,-0.361
e89e5596-0365-4cb3-85e3-a03d25d05d0f,Nicole Lange Beidacki,F,2,0,0,-0.1825,0.4411,blended,-0.0362
1a848b4a-2d07-43f3-af28-8bfca75ed133,Derek Fournier,M,0,0,0,-0.1825,0.4764,imputed,
c05ef886-c1d3-4b85-be8f-a880aea59da3,Jonah Karczmer,M,24,0,0,-0.1826,0.1286,fitted,-0.3929
90ea923b-9bde-4081-8b8c-39a795f0784e,Aly Caliri,F,2,0,0,-0.1828,0.4008,blended,0.1169
726bf055-e27d-47cc-a2b7-9a620bf26a7a,Ray Paull,M,2,0,0,-0.1831,0.4606,blended,-0.2023
97c2e654-3da8-423e-9af4-de1a9fcd72bc,Patrick McConnell,M,0,0,0,-0.1832,0.4312,imputed,
0b7ed552-ed8c-410d-a88c-93a6c06f1925,Sophia Haleas,F,2,0,0,-0.1833,0.4498,blended,-0.01
b5804fed-7bfa-456e-9a40-2d2620d44816,Matthew Schapiro,M,0,0,0,-0.1834,0.457,imputed,
a91ea47b-441b-43da-9998-bbcb796fe42a,Liu Tzu Chen,M,0,0,0,-0.1835,0.494,imputed,
1d086862-9281-4b08-8d87-0f144726399c,Dana Mayette,F,0,0,0,-0.1837,0.5322,imputed,
249a8107-f8d6-477f-b6a2-e7b104b51a4a,Victory Jang,,0,0,0,-0.1837,0.4892,imputed,
2c682cad-ac88-4c46-9ed7-76fb6da76701,Daymon Sherin,M,2,0,0,-0.184,0.5221,blended,-0.2322
e05ad883-b0ca-4a54-8725-bbf600885c36,Ben Spencer,M,2,0,0,-0.184,0.4481,blended,-0.2697
054654db-f786-4baf-9a92-1a830c56dffc,Adrienne Kutz,F,0,0,0,-0.1848,0.4319,imputed,
9d6e19ca-a1f6-4fc6-83d0-00c5eeb36203,Sara Remynse,F,0,0,0,-0.1848,0.458,imputed,
6ead7ca5-9dfc-44ce-8ec9-4847068de49b,Rachel Grecco,,0,0,0,-0.1851,0.4885,imputed,
6c5da8dc-e532-41ab-96b2-50a20e7bedde,Scott Eibes,M,0,0,0,-0.1852,0.4896,imputed,
583d0c94-0c65-4c29-bb74-0cea94aa5ea3,Kurt Lau,M,0,0,0,-0.1852,0.4387,imputed,
dd2f2fe3-5333-4036-9d88-f108bdcee3fc,Giovanna Morelli,F,16,0,0,-0.1853,0.1626,fitted,-0.5509
4b7eef97-d420-497c-9e63-b3c5ea49b05f,Chris Olson,,0,0,0,-0.1856,0.4871,imputed,
325b8321-aeb0-4079-8892-c824da665aeb,Amanda Studnicki,F,2,0,0,-0.1861,0.4061,blended,-0.072
fda3ce98-eb28-4310-b920-36c8fb725d6d,Maddie McKee,,0,0,0,-0.1861,0.4201,imputed,
c9a2cd28-73ef-4dab-9b4c-b33140b92ee7,Bradley Prigmore,M,2,0,0,-0.1862,0.4578,blended,-0.321
3bc98518-6b41-4b0e-9070-eb89bf1e66fd,Ben Lilly,M,0,0,0,-0.1862,0.5002,imputed,
bb834628-9b36-4e90-b917-9ddb39593285,Zach Bowe,M,8,0,0,-0.1866,0.2638,blended,-0.4982
b8025ca9-3642-4240-be99-3fb712d13c7d,Robert Lees,M,2,0,0,-0.188,0.3313,blended,-0.3172
b064be01-02a9-47bc-aa13-c5746b09b566,James Burgoine,M,0,0,0,-0.1881,0.4792,imputed,
fbf70056-439a-41f7-a184-17daa86da947,Chelsea Shull,F,0,0,0,-0.1884,0.4927,imputed,
862828c0-8303-4544-8f15-71778448858b,Michelle McMahon,F,0,0,0,-0.1886,0.5123,imputed,
53e6e33c-5cb8-4579-9e8d-8b1857a85f72,Meggan William,F,38,0,0,-0.1888,0.0878,fitted,-0.3759
fb20991e-7eb2-4aeb-a787-f28476ddf169,Julie Vodder,F,4,0,0,-0.1891,0.2444,blended,-0.2615
826b3e09-5317-4086-8e5a-fe4ea92cd5c9,Robert Dolan,M,0,0,0,-0.1894,0.4878,imputed,
59e02005-8e9b-4235-8662-8dbb1223bbae,Sheryl Bon,F,0,0,0,-0.1895,0.4867,imputed,
8b163a11-de86-4306-94dd-273e6b06235b,Matt Meadows,M,1,0,0,-0.1896,0.452,blended,0.1186
323f625b-10a8-4c60-a66a-f0af18ac67fc,Luis Gonzalez,M,0,0,0,-0.1897,0.4866,imputed,
acd4c417-d8e7-4a7e-a96f-a08f3e4ecb58,Ryan Graham,M,3,0,0,-0.1904,0.2344,blended,-0.2343
114b1ac5-161c-4387-bc71-f01947ecf0d6,Brad Sweeney,M,0,0,0,-0.1907,0.489,imputed,
3992dbf7-acbe-4aac-88cf-845083137a0e,Jake Valentine,M,2,0,0,-0.191,0.4598,blended,-0.2585
bf59aa30-8db2-4ef6-9d7d-28ca1e32346c,Kara Andrews,F,14,0,0,-0.1916,0.2569,fitted,-0.3222
cdeaef37-2c94-4cb1-b727-d6880c433c31,Gabriel Andersen,M,4,0,0,-0.1916,0.3826,blended,-0.1422
b565def5-a5f8-4652-8d36-e782295c9043,Estephany Tan,F,2,0,0,-0.1921,0.4592,blended,-0.1667
70002157-45db-4d55-90f7-8270b67cd191,Carter Southern,M,0,0,0,-0.1921,0.4474,imputed,
d7a9f127-2bed-4e76-a9f1-8e096ab1baa1,Dan Forsythe,M,0,0,0,-0.1932,0.4847,imputed,
5097383c-832f-429e-822c-833ac34e17c6,Dorothy Zerbst,F,4,0,0,-0.1942,0.4406,blended,0.0572
a5a78199-b7d9-4269-993a-e4d1218d4510,Oscar Ferrero,M,2,0,0,-0.1949,0.5444,blended,-0.2349
c08312a9-2bf1-48db-8e54-a4c0de91cf82,Hanson H,,0,0,0,-0.1954,0.5041,imputed,
ec0e18ba-6542-4df5-87f4-be2e947ebd15,Hữu Đạt Nguyễn,M,0,0,0,-0.1955,0.5046,imputed,
bc708dab-75f2-42ca-998c-623a447578dd,Talman Ramsey,M,0,0,0,-0.1958,0.476,imputed,
7a52c65b-6ed6-4339-ac69-5f563f82219c,Jose Antonio Casares Falconi,M,2,0,0,-0.196,0.5171,blended,-0.2773
3e401484-cf22-4345-af0c-cee0a2e7fabc,Matas Andrikonis,M,0,0,0,-0.196,0.4796,imputed,
e1e737e4-a768-48df-8c23-1f4ff691b3fc,Arion Northrop,M,0,0,0,-0.1966,0.5027,imputed,
399b7c82-20b1-440d-b2f9-1ea711df76a1,Ronav Motiani,M,2,0,0,-0.1968,0.3671,blended,-0.2933
9a78ee28-99bd-4368-89d8-21ae99a28cd3,Joyner Freeman,,0,0,0,-0.1968,0.501,imputed,
25729859-ee3b-477d-8314-c45d2efe3193,Garrett Hetherington,M,0,0,0,-0.1968,0.5022,imputed,
cb0f2226-3dff-40b1-b1d4-89ff26c10c2b,Bryce Standridge,M,0,0,0,-0.197,0.4704,imputed,
607ff7e3-ba06-47f2-8bdc-0f66a4a6614f,V. Mary Rivas,F,19,0,0,-0.1971,0.1332,fitted,-0.452
f46fee36-42ea-4d5d-8881-12aa47803fbf,Melissa Ching,F,4,0,0,-0.1971,0.2178,blended,-0.3673
999c66b9-2db2-4a22-ab39-8dc64be42701,Fung Boman,M,0,0,0,-0.1973,0.5043,imputed,
5894a20d-d949-46d0-a416-30ebbe6cd8fa,Zachary Ignash,M,5,0,0,-0.1976,0.2454,blended,-0.3122
5f1d2c9f-b541-4ccf-8c5a-91c72f1cd513,Justin Vantreese,,0,0,0,-0.1976,0.4893,imputed,
39bb83e1-c0b3-4e42-9eb5-e4bb06e1faad,Vanessa Castillo,,0,0,0,-0.1978,0.4997,imputed,
016eb6b1-a255-4899-b34d-3170bfd12ba1,Tony Le-Doan,M,0,0,0,-0.1978,0.4963,imputed,
2bfe6cf4-dc8a-4c72-8c49-7a10ae220824,Justin Summons,M,0,0,0,-0.1978,0.4695,imputed,
a4ae7ae8-87b6-4649-a11b-20a0ca2aef50,Logan Thompson,M,3,0,0,-0.1981,0.332,blended,-0.2591
c529f810-19b1-4bad-b004-c7811070ff76,Ari Chandra,M,14,0,0,-0.1984,0.1541,fitted,-0.3955
a80f04bd-955a-4f8c-83ff-26acd106a1c4,Arnav Khanna,M,5,0,0,-0.1988,0.3408,blended,-0.2975
c3e8d38b-fcce-47c8-acd6-b01e73e4c454,Austin McCarthy,M,0,0,0,-0.1991,0.469,imputed,
f0f698f8-d9c3-4e47-8d76-65fb8f9ca2a1,Matteo Eren Enea,M,3,0,0,-0.1994,0.3201,blended,-0.2943
c974db62-dcda-45fb-b482-c8791f63e87b,Will Anderson,M,4,0,0,-0.1995,0.4194,blended,-0.1881
2e534a52-4d73-4243-a5f0-e3e71fc8941c,Kyle Rinck,M,3,0,0,-0.1997,0.2534,blended,-0.3729
1b5c8cc6-0e5c-4085-a51d-3464584f192b,Lorna Morris,F,35,0,0,-0.1999,0.1316,fitted,-0.317
04f1d016-4bdb-4aa5-b89e-a4fb6bea9d33,Josiah Russell,M,3,0,0,-0.2,0.2853,blended,-0.3784
1c24fbd1-bc09-4112-bbf1-e5fd1282401f,Joshua Shemroske,M,0,0,0,-0.2012,0.499,imputed,
b334ec63-c9fb-452e-adb5-926b64d9f42f,Oscar Clarke,M,12,0,0,-0.2016,0.2088,fitted,-0.4426
554e94c5-b6ef-46af-bf2c-c8533ac8fd7e,Hrvoje Radić,M,5,0,0,-0.2017,0.2173,blended,-0.3538
de22e4f3-2780-4acd-a655-c61ad113af96,Justin McIvor,M,2,0,0,-0.2018,0.499,blended,-0.272
c1bae781-60ad-475b-b000-8833e03fabb9,Sena Suswam,F,2,0,0,-0.2021,0.5247,blended,-0.2539
81c0a4ba-493a-4fc2-897e-b94e47c71c5d,Jonathan Clark,M,3,0,0,-0.2027,0.3424,blended,-0.2476
55fbb2c5-bcbf-4953-9b7f-4d9a2781fa14,Luca Romanelli,M,3,0,0,-0.2031,0.3103,blended,-0.3107
cafb14a4-6ed0-48d8-824f-d4c83de28bd1,Victoria Mikuta,F,0,0,0,-0.2034,0.4556,imputed,
990ca444-bc92-4ead-9948-d09a60d21b8b,Stephen Sanchez,M,3,0,0,-0.204,0.3372,blended,-0.2456
228ce9df-e06d-46de-9435-256106c29614,Jace Akagi-Okuma,M,0,0,0,-0.2044,0.4646,imputed,
46c7ee0d-0040-4117-9bf6-05ccb0188ad9,Mulima M,M,2,0,0,-0.2045,0.4853,blended,-0.2733
2c3cab78-6beb-4599-9945-542f8d03dfa2,Jason Gregory,M,0,0,0,-0.2047,0.4453,imputed,
f62a6108-c91d-40e4-a920-f00e76ed6ceb,Stephanie Galainena,F,0,0,0,-0.2047,0.5116,imputed,
cf4d161b-83b1-4bdc-9300-63aaeaf1c80e,Adam Kework,M,0,0,0,-0.2052,0.4181,imputed,
04d6b0c5-fc0b-4c3b-90ab-279d285604c5,Erik Rood,M,1,0,0,-0.2054,0.4895,blended,-0.1032
89f96fbc-69e2-437d-a214-71b1a0eaa14b,Adam Sackrin,M,0,0,0,-0.2055,0.4952,imputed,
c7a59fca-b819-4984-8a64-e59cab9cbd57,Nathaniel Webb,M,0,0,0,-0.2055,0.4466,imputed,
41c769d6-a3de-4db0-b7b7-cec7c5dee51c,Ishan Balakrishnan,M,2,0,0,-0.2058,0.3935,blended,-0.3611
e4e5ced0-aef4-4d6a-9379-7011c720108e,Isaku Takahashi,M,0,0,0,-0.2058,0.4936,imputed,
ce695022-1d19-433b-a7aa-a627bc462ddf,Carson Thoma,M,3,0,0,-0.2062,0.3647,blended,-0.2973
e42f83ca-f793-4769-9a8a-be94c93b22e9,Allison Epstein,F,0,0,0,-0.2066,0.523,imputed,
36367f6a-418d-4bb2-8b18-8a0614788543,Matthew Denny,M,0,0,0,-0.2067,0.4812,imputed,
761d5c22-859d-490e-90ef-e40a62abed09,Gianna Jarman,F,0,0,0,-0.2072,0.4973,imputed,
90afa160-e935-4dde-bfd4-ceb2d16d0bcf,Alexis Burkhalter,F,4,0,0,-0.2073,0.2258,blended,-0.354
13a72d01-d465-4f0c-9721-9907db356449,Muiz Aziz,M,3,0,0,-0.2079,0.3129,blended,-0.2705
105b423a-d545-4b16-8449-b25c82b1f7a8,Matthew Boyett,M,6,0,0,-0.2082,0.2414,blended,-0.4008
a37c0755-6d74-493c-b80c-11a46b86b441,Tuan Truong,M,11,0,0,-0.2083,0.2366,fitted,-0.386
790712df-aadd-46e3-8e04-29143bac56ce,Kayla Field,F,0,0,0,-0.2086,0.3886,imputed,
e93a2acb-e0df-424e-9ea8-37e8ea38b9bf,Kalee Muller,F,0,0,0,-0.2086,0.5135,imputed,
7fe3ecb1-b0d2-4aae-8460-672696ea8963,Neha Khurana,F,0,0,0,-0.2088,0.4603,imputed,
d9306e4b-e5a3-425b-bb6f-a2648b322b7f,Danny Hunt,M,0,0,0,-0.209,0.4896,imputed,
6669dbdb-7474-40a1-bbd9-d5b50edb444a,Mikhyla Cruz,,0,0,0,-0.2096,0.4884,imputed,
a6649b0b-e254-46ca-aded-ce053974cde7,Chad Evans,,0,0,0,-0.2098,0.5139,imputed,
eb22faa0-7d3f-4b34-bc15-35b61a6317f3,Daniela Raygadas,F,0,0,0,-0.21,0.527,imputed,
c8fe9431-4170-437c-aeaf-7f8d540d2d1c,Aoi Nakata,F,0,0,0,-0.21,0.4522,imputed,
7dbc4c1b-0de9-4b59-b325-644c4b2dc511,Meghan Mediratta,,0,0,0,-0.2102,0.4752,imputed,
5aee68f3-baa1-42d9-9dd5-50dd0dec1d9e,Tiger Chowdhury,M,0,0,0,-0.2103,0.4317,imputed,
70401379-35b7-4d3b-bf46-e1959ebf811d,Ross Mathews,M,0,0,0,-0.2111,0.4185,imputed,
fcac0a21-d1c5-472c-834d-975006774af6,Grahm Moeckelmann,M,0,0,0,-0.2114,0.4976,imputed,
46006b2a-0f32-4c44-9b41-75c8c076b817,Elijah Dunn,M,2,0,0,-0.2123,0.5518,blended,-0.2462
f12368be-c2af-46e5-bad6-523f9aac13b8,Christian Thames,M,0,0,0,-0.2123,0.4788,imputed,
00b7fbde-e58f-4b9c-bcef-6d814cbcb46d,Hsuan Tsai,F,0,0,0,-0.2128,0.4417,imputed,
9a126f65-f674-450a-a0ca-cea089f6ddb3,Justin Chock,M,0,0,0,-0.2128,0.4742,imputed,
93269f5c-1f9a-4d6d-aabd-f6e91c68124f,Nancy Tsai,,0,0,0,-0.2129,0.4836,imputed,
8c59e843-2d09-488e-ab8a-3218a9a8ec53,James Singer,M,33,0,0,-0.2138,0.0994,fitted,-0.4528
a934820c-38f3-4aaf-a7dc-3a5437dba4c9,Mark Weidmann,M,0,0,0,-0.2142,0.4724,imputed,
cc5b5eb2-af6c-45c1-a4e7-9420e23a35d2,Raymond Lawton,M,16,0,0,-0.2143,0.1446,fitted,-0.4506
ef5655b0-38a5-45fc-8ed9-8039c9412297,Harrison Nevel,M,0,0,0,-0.2148,0.4962,imputed,
bdf2e1c1-2096-4555-92ee-a2819687a2f1,Jerry Hsiung,M,13,0,0,-0.2151,0.2235,fitted,-0.3797
01c8829d-92df-42f8-a04f-8e2c658a25ea,Kevin Liou,M,4,0,0,-0.2153,0.417,blended,-0.2839
3ddcf97a-f755-494b-88f5-268fa0f48285,Edwin Brennan,M,0,0,0,-0.2156,0.4683,imputed,
47c71346-519b-4058-a952-9979c52d792e,Justin Pagan,M,7,0,0,-0.2159,0.2532,blended,-0.6147
69f38d5a-7470-487a-a28c-973284e2a90d,Angelo Zegarra,M,4,0,0,-0.2159,0.275,blended,-0.3872
47ebbcf2-92a5-4354-98a8-f4f0dfd87371,Jacob Kasner,M,4,0,0,-0.2161,0.3153,blended,-0.3407
c015ab4c-5d09-424f-82f9-9002d6a89fe6,Anthony Walker,M,2,0,0,-0.2162,0.4078,blended,-0.3076
ea58c1d2-b139-419b-9792-89f9fe00d9dd,Kush Vasaiwala,M,0,0,0,-0.2167,0.4867,imputed,
85faa0f2-9e58-434d-b392-9f39110db07d,Tim Ryan,,0,0,0,-0.2168,0.4893,imputed,
bc72fc52-a5e2-4711-9239-4cd9603f39c2,Katie Van Doren,F,5,0,0,-0.2171,0.2851,blended,-0.3404
ed442573-8e8a-45cc-9106-0a539c890203,Kristin Kennedy,F,0,0,0,-0.2173,0.4863,imputed,
1592d9e9-9ff0-41db-80a9-1806be928c7d,Gerald Sibayan,M,0,0,0,-0.2173,0.4468,imputed,
1f1988d0-6a17-4116-95f4-dae00b219966,Elijah Arevalo,M,2,0,0,-0.2176,0.3793,blended,-0.0975
2d072cb6-71e3-4bfc-bee4-9d23d1c31e7d,Filippo Rossetti,M,4,0,0,-0.2179,0.2549,blended,-0.338
fcc36b68-b11b-4589-baa0-7d31f599eba1,Aaron Fuhrman,M,3,0,0,-0.2183,0.3408,blended,-0.3722
7f5be24a-f41d-48e2-9202-6c674e5ee27e,Abhinav M,M,4,0,0,-0.2184,0.2154,blended,-0.4469
c0d0c27b-f8f0-4a66-8571-c5401453ba21,Amanda Teo,F,0,0,0,-0.2184,0.4423,imputed,
8562ecb0-6385-4c99-ba22-5dc6c60af3ef,Kyle D'Amour,M,1,0,0,-0.2192,0.5534,blended,-0.247
751da623-6397-4a61-9058-f7fa05759657,Ethan Dahl,M,4,0,0,-0.2192,0.2799,blended,-0.4462
3a714d9e-4a8a-432a-97f7-0b1d2a7bcca8,Vinay Rita,M,0,0,0,-0.2196,0.5059,imputed,
5883c77e-d6e0-4848-9473-866396578248,Audrey Adele Brown,F,41,0,0,-0.2197,0.1144,fitted,-0.4344
74bdbefd-06a5-4e5c-b272-06fc093c0903,Annelise Nguyen,F,4,0,0,-0.2197,0.2533,blended,-0.3761
aa8189f4-a434-4439-99de-e73d56c4ac86,Alyssa Bialek,F,0,0,0,-0.22,0.486,imputed,
881ed612-c164-4d9e-9dea-0fca96059ec9,Mele Toli,F,0,0,0,-0.2202,0.4896,imputed,
9d95d1ed-ae0b-4a67-87a9-9376b1eec1b5,Lina Ito,F,0,0,0,-0.2203,0.4741,imputed,
b1f271a6-ef44-40a7-a924-0b8f6105d70d,James Bayer,M,2,0,0,-0.2205,0.4084,blended,-0.3383
52e042f4-517b-483d-a264-f2f3dfa3f940,Jimmy Terzian,M,4,0,0,-0.2208,0.3597,blended,-0.1788
d65e68da-b258-4f40-96d4-c65963c75528,Taylor Van Zee,F,0,0,0,-0.221,0.5038,imputed,
67cce868-efb2-406c-a4b0-896a1fe58cc7,Ashley Oluschak,F,0,0,0,-0.2211,0.4501,imputed,
88093bd0-4070-4de7-a99a-1943a1030344,Robert Cozzillio,M,0,0,0,-0.2214,0.5009,imputed,
4996d437-da0b-426b-b44b-7111a92e8046,Jack Dipietro,M,0,0,0,-0.2218,0.4844,imputed,
55b8c200-a30d-4923-b335-57077903ec82,Brian Evans,,0,0,0,-0.2223,0.4823,imputed,
dfc5d7c5-75bf-4fdd-9bce-e02d55d86e93,Santiago Castillo,M,4,0,0,-0.2225,0.2522,blended,-0.2601
c7c8ac47-3be8-4351-aa7e-a88d3a0c158b,Katie Mell,,0,0,0,-0.2225,0.4703,imputed,
9fe7c8b8-8185-4e7f-9394-276cd7c63029,Frank Li,M,2,0,0,-0.2233,0.509,blended,-0.2872
8f62717f-c19d-4c11-a681-1818ce1c0ab1,Alexia Alvarez,F,0,0,0,-0.2241,0.4085,imputed,
c4847ec1-eb0d-4aee-a316-a1c0ff616184,Kelsey Rafferty,,0,0,0,-0.2242,0.4999,imputed,
c41455cf-8121-409e-aab4-a115573c2abb,Elijah Chernoff,M,5,0,0,-0.2247,0.2768,blended,-0.2556
3492f3d5-365b-471e-a73c-3966ef2a691b,Betty Lugar,,0,0,0,-0.2247,0.4531,imputed,
c5c04dc2-1a85-4ea2-8b68-0423f7856672,Jeremie Perry,M,0,0,0,-0.2247,0.4807,imputed,
9ae9ddf2-68f6-4050-884c-5f616b18f6eb,Riley Durkin,M,13,0,0,-0.2248,0.1622,fitted,-0.4089
97da7b88-56d2-4e36-b0b2-2bd28d8320c1,Lucah Folden,F,0,0,0,-0.2248,0.3921,imputed,
79652372-0b0e-4216-9cc5-a0f757f78cd6,AJ Brown,M,2,0,0,-0.2249,0.4231,blended,-0.2103
db32ce1d-464a-4b51-b62d-62adcc887529,Tony Aleman II,M,2,0,0,-0.2249,0.409,blended,-0.3134
350e7e44-a552-4501-8def-f35156aa526b,Jemi Aguilar,F,0,0,0,-0.2252,0.489,imputed,
4bff334b-27fa-405c-a0f5-38a61d2f86f7,Jeffrey Tolman,M,2,0,0,-0.2256,0.4702,blended,-0.215
bc211878-f7f3-4cca-acd1-12901058d84c,Yuta Yoshida,M,2,0,0,-0.2265,0.3643,blended,-0.2011
6d45860f-fdd8-4859-8f3a-31fb0ef388c7,Namiki Matsumoto,,0,0,0,-0.2265,0.5004,imputed,
927331f7-44a4-440e-9ff9-98ed1d5c1468,Adam Lattman,M,0,0,0,-0.2271,0.4797,imputed,
3c433f6d-a638-4e6a-b702-63c08c9f5be2,Francois Bosman,M,2,0,0,-0.2274,0.4268,blended,-0.3373
4305a7f9-22cf-4e9c-b074-00792310dc02,Rhett Watson,M,1,0,0,-0.2276,0.5343,blended,-0.2631
1e216feb-426b-400d-b79e-3db55899141e,Savanna Ticknor,F,0,0,0,-0.2276,0.3961,imputed,
5be14d01-bfe2-46b2-9bf7-3faa8199fe2b,Noel Carter,M,0,0,0,-0.2283,0.4533,imputed,
42c61e46-e392-4024-a29e-ce3451c90694,Auburn Smith,F,0,0,0,-0.2285,0.4131,imputed,
46964855-27d5-412f-be82-2df7e45a99e5,Jaden Lam,M,2,0,0,-0.2286,0.3201,blended,-0.3774
913020b9-deef-499a-b12c-323b0fcb07eb,Stephen Sharman,M,5,0,0,-0.2286,0.2269,blended,-0.4498
249681a0-4734-4ca1-8147-8b1f537417cc,R Kedam,M,4,0,0,-0.2289,0.3095,blended,-0.0111
cf7a3c8d-caba-46ae-8c58-7fe20003d835,Hirav Vachhrajani,M,0,0,0,-0.2292,0.4855,imputed,
e84cb199-ef59-4c91-b7be-31ce28420fd4,Emily Martin,F,5,0,0,-0.2293,0.2081,blended,-0.3696
d02b6dc4-3400-4836-8200-56edc2e540ac,Nguyen Phong Le,M,0,0,0,-0.2294,0.4877,imputed,
6cde7d17-b5c6-4e54-a419-e0cdc99bace4,Cash Kessler,M,2,0,0,-0.2295,0.4932,blended,-0.3064
53924b8c-a61e-4e34-9b5e-bfa81b7ed8e5,Peter Jajcay,,0,0,0,-0.2303,0.4664,imputed,
ab7aedf6-e8e9-41c6-8f3c-bc8c04851a04,Paul Yeatman,M,6,0,0,-0.2305,0.2524,blended,-0.2331
cab37cb6-131f-4847-80cd-f7375cdef8bf,Lisa Borowsky,F,10,0,0,-0.2305,0.2183,fitted,-0.3047
9c56ee2a-c0bb-4fe2-a6ff-29dc3a62dd1d,Lester Holmes,M,0,0,0,-0.2309,0.4942,imputed,
68221c09-f16a-46b4-91ac-5734bceaa08f,Tayven Phiravong,M,0,0,0,-0.2312,0.5062,imputed,
589dfdaa-0f50-4c30-a52d-0cfc140f412c,Curtis Hoyt,M,0,0,0,-0.2313,0.4833,imputed,
040b9d5d-c21b-4a0b-8ed7-3420c828d943,Cindy Ng,F,2,0,0,-0.2316,0.5321,blended,-0.2717
85fd72c5-d264-4ad5-8f75-070e1a657508,Maya Wilson,F,0,0,0,-0.2316,0.4414,imputed,
54c74891-88d7-4e02-8e6a-d45ff23b958f,William Stults,M,0,0,0,-0.2326,0.4565,imputed,
fafa8662-4de4-4a44-985f-6bfecb813581,Preston White,M,0,0,0,-0.2326,0.4856,imputed,
e6028755-f08f-4ebd-9c7a-b9a75cf90c42,Kayla Teape,F,0,0,0,-0.2337,0.4335,imputed,
ac2bf5d1-3377-488f-be6e-014c89cb6cd1,Hannah Pardus,,0,0,0,-0.234,0.4622,imputed,
91d4e028-abf2-4a86-b0d5-42032ef69536,Christine Moore,F,0,0,0,-0.2344,0.5118,imputed,
77075af3-b081-4f7d-86ef-74ac2ab2b59e,Seth Ferguson,M,0,0,0,-0.2354,0.5003,imputed,
21324951-e104-4a93-b0a2-845cb837ef17,Jesse Fan,M,0,0,0,-0.236,0.5004,imputed,
3fc5c2ef-e759-4e41-a6df-4a4e1b081e92,Natalie Pai,F,0,0,0,-0.2361,0.5173,imputed,
58226e21-e85c-41b3-867a-41c88825e528,Caeden Tan,M,0,0,0,-0.2363,0.4802,imputed,
fdd7b4ff-3822-4376-b9c5-bc9ce218848d,Brittny Rogers,F,0,0,0,-0.2366,0.4305,imputed,
1fa07bdf-c607-41bd-839b-5bed896125cc,Ashlyn Andrews,,0,0,0,-0.2366,0.5074,imputed,
876789c4-669c-4d49-808f-6b45e6a75f44,Kepueli Fitikefu Jr,M,3,0,0,-0.2372,0.2586,blended,-0.336
29728057-a422-4f83-8ddb-728b9c2ee5d4,Fangli Li,F,0,0,0,-0.2372,0.4986,imputed,
c4cf3714-de4b-4cfe-bd4f-1fe409ad28ea,Steven Hunt,,0,0,0,-0.2374,0.4966,imputed,
c58f8822-c9f6-4480-90f7-09ec5b810736,Mia Turcsany,F,21,0,0,-0.238,0.1426,fitted,-0.433
8c270c2c-0e3c-4e1f-a96e-28dd5ebcb8b2,Erica Johnson,,0,0,0,-0.2384,0.454,imputed,
822cf2bd-f198-4d00-977c-673e3c7f01bd,Chantal Van Winkle,F,0,0,0,-0.2389,0.4436,imputed,
610dac73-7608-42ce-b699-1c0d0d974632,Siddharth Naik,M,0,0,0,-0.2391,0.486,imputed,
2c9c0732-03ff-45a0-bad3-d258dd95a1d3,Jacob Conway,M,32,0,0,-0.2397,0.1079,fitted,-0.4365
0747b06a-e4f0-4364-a778-0412ceec546a,Drew Punjabi,M,2,0,0,-0.2399,0.4775,blended,-0.3069
4370dacd-6b00-43d2-8745-a16e4fc736a4,Michael Browder,M,7,0,0,-0.2403,0.2759,blended,-0.473
e79871a0-ea8d-4470-9be6-68bcaa97aacd,Ethan Aycock,M,4,0,0,-0.2408,0.2343,blended,-0.4238
8ec34103-b8b4-4b51-9e31-2d79b110a618,Paola Landin,F,5,0,0,-0.2409,0.2251,blended,-0.343
a15ac7a0-a01f-486f-b72c-434bc86e8c68,Dustin Dority,M,3,0,0,-0.241,0.4456,blended,0.032
3db656f3-c449-46a3-8841-a994cee1fc6c,Edward Gardner,M,0,0,0,-0.2412,0.4273,imputed,
20595372-2216-4d29-b978-b3d4b2909bd1,Johnny Borashan,M,2,0,0,-0.2413,0.4416,blended,-0.2392
25461926-365d-4e76-9b29-9d87bfc90270,Allister Chung,M,0,0,0,-0.2414,0.4988,imputed,
3c56e2e9-3c79-4e17-9973-6e481c759061,Khang Trịnh Vũ,M,2,0,0,-0.2416,0.4111,blended,-0.3548
04d7b657-b84a-4113-81bc-5c78109803a5,Yang Yang,F,0,0,0,-0.2423,0.5014,imputed,
835728be-4e44-4620-b3a3-e781d80eb329,Ryan Fraley,M,2,0,0,-0.243,0.5161,blended,-0.3032
67aab740-c751-41dc-8d08-847c313f7e6b,Muhammad Ashaari Zainal Abidin,M,4,0,0,-0.2433,0.3246,blended,-0.2934
2afa4e3b-f145-479c-a1ca-370e4ee8f995,Josh Ferguson,M,0,0,0,-0.2433,0.5028,imputed,
f90019dd-1155-4fb0-96af-1ad5ef85184b,Volly Johnson,F,0,0,0,-0.2434,0.4696,imputed,
4d8495e4-56da-4aca-925e-b443a717a74a,Nicolas Lopez,M,7,0,0,-0.2436,0.2135,blended,-0.4753
3173c460-1960-4f47-8010-b2ba4dd0bfca,Silas Christiansen,,0,0,0,-0.2438,0.4919,imputed,
335425f2-eff2-4f93-bb87-2c484619b2db,Jessica Teague,F,0,0,0,-0.2438,0.5044,imputed,
cc4e2861-1cb1-4bf2-b7f1-f5b4a1fe442d,Solomon Ryan,M,2,0,0,-0.2444,0.5333,blended,-0.3033
2158878b-6457-4309-954a-e20e5b350240,Princess Gbadamosi,F,0,0,0,-0.2446,0.4018,imputed,
87a7f489-c359-4c8b-867f-a1f418cdfeb2,Sara Sowinski,F,0,0,0,-0.2449,0.448,imputed,
0105f734-69b8-4dff-93e1-43ff7d18ce4f,Lauren May,F,2,0,0,-0.2451,0.4745,blended,-0.3171
cfea3f18-f48e-4d60-b610-4d70b2ba82b0,Shih Bin Chen,M,3,0,0,-0.2454,0.3247,blended,-0.3359
e43c647a-4f8d-4960-93ad-299d8effa3be,Chad Brundy,M,0,0,0,-0.2456,0.4693,imputed,
57f13831-92dc-4e96-b8c2-df04903a70c5,Kelsey Roundtree,F,0,0,0,-0.2456,0.518,imputed,
94f32d2d-3d45-4523-a62c-e9654a52660c,Adeniyi Adebayo,M,4,0,0,-0.2458,0.3675,blended,-0.4018
3a784647-b621-4255-ba4f-bccbd418b555,Jack Milligan,M,0,0,0,-0.2462,0.4969,imputed,
14da50fe-4769-4bc3-aa3c-5d2e8a8527c1,Court Zalinski,F,32,0,0,-0.2465,0.1623,fitted,-0.4406
e3adf7e9-5139-4c9a-b1e1-07173c06e0fa,Kira Zhytska Richardson,F,0,0,0,-0.2469,0.4406,imputed,
e9a7b763-5e11-462d-af94-3f7fc95bb9e0,Shane Wilson,M,3,0,0,-0.2472,0.3219,blended,-0.44
561f2854-4d27-4e14-82b4-3cb38c57f060,David Miller,M,0,0,0,-0.2473,0.4509,imputed,
27409869-344c-443d-821b-62007d770fa0,Andy Cusick,M,0,0,0,-0.2475,0.5123,imputed,
519c082b-309e-401a-8bc3-a0808b800aa7,Ava Pisacrita,F,0,0,0,-0.2475,0.4701,imputed,
d8aa9e96-ff12-4465-aa3b-ccca020fbcb5,Natthamon Tiengtae,,0,0,0,-0.2485,0.5012,imputed,
d6b59f08-4c16-4ea1-a179-2a00c2fc4c99,Pierre Suran,M,1,0,0,-0.2487,0.5326,blended,-0.2841
3ec4465f-9a30-4131-a1c8-fa36a6da54bd,Darren Teck Yee Yuan,M,0,0,0,-0.2491,0.5016,imputed,
ea215ed4-9e24-419c-b807-4046e2380e60,Matt Hokanson,M,3,0,0,-0.2492,0.4448,blended,-0.3118
ffeba652-9480-4774-92aa-c9e282d7ada5,Peter Itskovich,M,4,0,0,-0.2496,0.374,blended,-0.1323
6be97495-a025-4476-b816-f92508fba9ef,Jarron Franklin,M,2,0,0,-0.2501,0.3704,blended,-0.3551
67e197b8-46c4-4289-8ed2-f9870d568c43,Lawrence Kasay,M,0,0,0,-0.2501,0.4756,imputed,
8dcd35db-1f9b-4c34-9621-989fde11d2d6,Louis Theriault,M,0,0,0,-0.2503,0.4288,imputed,
6b73e3d2-1c85-4e44-af2e-96821e984532,Tyler Pollard,M,2,0,0,-0.2506,0.4298,blended,-0.2785
4ebf78a8-2d54-451d-a45f-42544f6a60f1,Kayla Nesbitt,F,2,0,0,-0.2518,0.3909,blended,-0.2733
43490ce6-f60f-4ac6-bb04-f115eb0f6099,Peyton Gatti,M,3,0,0,-0.2522,0.3005,blended,-0.5104
c55537f8-4f8a-4a2f-b560-4162be78faf7,Allan Regnier,,0,0,0,-0.2525,0.5033,imputed,
1774dac9-fab9-4f8c-84dd-05557d1bb714,Rachel Wang,F,0,0,0,-0.2527,0.4901,imputed,
0aca65ef-58ed-46b0-84e0-fc7dd0f369a2,Tellis Bolden,M,0,0,0,-0.2533,0.4898,imputed,
da446529-91cd-48e1-8237-66571e75f7e9,John Dickschat,M,3,0,0,-0.2534,0.4487,blended,-0.2409
bfbee95e-ae0d-43bb-b648-33b49a8686fd,Stetson Owensby,M,4,0,0,-0.2539,0.4159,blended,-0.1264
f901ad31-40ca-4eaf-9439-f99f42c9a4c8,Jacob Barrus,M,2,0,0,-0.255,0.4638,blended,-0.2244
01d292f4-8a12-4858-8a20-39a9d73ab982,Ethan Correia,M,0,0,0,-0.255,0.4751,imputed,
313011e9-1f71-42e1-8f93-5ef4966b2746,Sara Webster,F,2,0,0,-0.2555,0.5451,blended,-0.2907
2398b148-15c1-4a56-8c02-0d62ed504f03,Arianna Raga,F,0,0,0,-0.2555,0.4025,imputed,
2edc8a1a-3360-431b-a535-45f13d5612bb,Keita Iseki,M,0,0,0,-0.2558,0.4841,imputed,
6d9ffc6e-1382-4cd1-87a7-3c0ac8ac555a,Ksenia Gulyakina,F,2,0,0,-0.2566,0.395,blended,-0.3556
ad683065-6f68-4cef-9f83-bc51bb5e2cf3,Ellen McDonogh,F,0,0,0,-0.2567,0.4833,imputed,
320ad5db-8cbe-4fd0-b52c-21976b57d31c,Robert Ferrante,M,2,0,0,-0.2569,0.4239,blended,-0.1923
73a8cc5a-26f4-44e2-834b-1a15578a38cf,Darren Ho,M,7,0,0,-0.2575,0.2835,blended,-0.3455
c5139cbf-a3b4-400c-b699-5f5a1a585b61,Dan Moore,M,0,0,0,-0.2589,0.4966,imputed,
05c9cc9c-18c5-4d1f-be3d-eb67578883c8,Risa Hirano,F,0,0,0,-0.259,0.4453,imputed,
ae25c1df-b05a-4981-88d9-f109940f4f4c,Joshua Ipkovich,M,0,0,0,-0.2591,0.4852,imputed,
4c71ba11-bd46-422b-85ff-7c75d74ab9aa,Dria Rushing,F,2,0,0,-0.2592,0.4438,blended,-0.2404
fdbc0750-8ded-4bfe-9657-4b84779dcee6,Tiffany Wang,F,0,0,0,-0.2592,0.3819,imputed,
2e39b6d7-dff3-4a3c-acde-11d7cb23d786,Jaxton Bush,M,3,0,0,-0.2593,0.3112,blended,-0.4584
6366c385-20d9-4b66-b8b6-53e4fad95856,Patrick Smith,,0,0,0,-0.2594,0.5003,imputed,
06470bc4-f257-434a-9587-ea292d051d9f,Haruna Masuda,F,0,0,0,-0.2595,0.5428,imputed,
e907f872-76a0-4ae4-8778-c70456fc6991,Madalena Flores,F,19,0,0,-0.2599,0.1268,fitted,-0.3801
e0f2fcd1-9bdb-4242-93fb-4f7e583c425e,Wasan Komonrattana,M,3,0,0,-0.26,0.3163,blended,-0.4195
ab9ee25e-de53-49a5-b0d7-67bece6dc080,Richard Mercer,M,0,0,0,-0.26,0.492,imputed,
e40e3225-931b-4b5b-818a-1586c72f97e3,Jimmy Brown,M,5,0,0,-0.2602,0.3851,blended,-0.3301
829428e3-181c-4838-9412-cfd748c5a219,Crystal Rood,F,1,0,0,-0.2603,0.5481,blended,-0.289
653168a3-7353-4085-a8d7-9108c13ce119,Anthony Skalabrin,M,0,0,0,-0.2607,0.3571,imputed,
34757087-a5ce-41f6-837c-0eff5827ea06,Shelley Wong,,0,0,0,-0.2609,0.412,imputed,
fb507919-7887-4dfc-b304-8d4ccc243b4d,Brian Peck,M,2,0,0,-0.261,0.4612,blended,-0.21
483b7920-fabc-45bd-bc13-32c0840ccf8f,Ramsey Barakat,M,3,0,0,-0.2617,0.4319,blended,-0.3635
540a1e2c-2121-472d-8b74-86fe4e431202,Yujie Mao,F,0,0,0,-0.2626,0.4872,imputed,
ca5e81fa-6ad6-451c-b761-1e830645bd4d,Clair Jones,F,1,0,0,-0.2627,0.5197,blended,-0.276
b3bd26ec-b452-43d5-af3b-775b028a2a8c,Natalia Sanchez,F,0,0,0,-0.2628,0.5109,imputed,
6db1b0b9-1317-428c-89a9-366a4e1bdb0d,Zachary Leslie,M,2,0,0,-0.2629,0.4863,blended,-0.3986
dc9fb270-6ae1-4b7c-8b6f-8e6348b3c8a1,Donald Hall,,0,0,0,-0.2632,0.4658,imputed,
2e84f163-31af-4112-b707-4d569b3e9c66,Max Schaefler,M,2,0,0,-0.2634,0.417,blended,-0.2878
62bec4ea-9d83-4642-a56a-40b58b1c4c48,Eric Sullivan,M,4,0,0,-0.2637,0.3445,blended,-0.2668
afdcf8a0-8440-4b1d-840d-6ff7d8211149,Yu Yang L,M,2,0,0,-0.2644,0.4117,blended,-0.3079
91d568ec-33bd-42c2-991e-40e84427ab92,Nicholas Duke,M,2,0,0,-0.2647,0.5162,blended,-0.327
261e4370-c013-4670-ad0e-4895056f7248,Nancy Suiugan,F,0,0,0,-0.2649,0.4678,imputed,
b21045c0-d203-4a33-a885-6bcc2c403786,Paul Bewley,,0,0,0,-0.2652,0.4802,imputed,
a6e38f11-95c2-4306-8998-1fc9e161f699,Jou Yu Ko,F,2,0,0,-0.2656,0.4356,blended,-0.2452
e6e3428d-ac6c-4d3b-a751-0d37577d09d5,Matt Hanlin,M,2,0,0,-0.2658,0.474,blended,-0.3471
fc96d4dc-1100-45d0-ad71-1bc155866a3a,Joshua Gallardo,,0,0,0,-0.2663,0.5017,imputed,
5c91603f-cbff-4752-911a-a6b542cf9e6c,Tommy Parada,M,2,0,0,-0.2667,0.5173,blended,-0.3032
f2f81d87-e4be-43f2-9dea-b2f40512c488,Mitchell Van Hoef,M,4,0,0,-0.2674,0.4531,blended,-0.3266
64f0a38d-d9aa-4de1-b31b-50d37cf06560,Nico Valencia,,0,0,0,-0.2679,0.4375,imputed,
be334c3f-ea1d-4761-99fa-fb9776180b3b,Cassy Deng,F,0,0,0,-0.2685,0.4277,imputed,
b8a811cc-4d8a-485a-80e3-e1cb4f3a11d5,Haruki M,M,2,0,0,-0.2687,0.4084,blended,-0.3604
1e2c4e80-8c40-4210-ba04-474a9e1c9b0d,Gideon Sandyrev,M,0,0,0,-0.2687,0.5082,imputed,
67d6fc27-2107-4df0-a3f1-ae8490d3bbac,Tom Molloy,M,0,0,0,-0.2689,0.4879,imputed,
bd69ee43-969a-4af9-b48d-c539879b21ec,Bill Estevanott- Ferrer,M,2,0,0,-0.2703,0.5418,blended,-0.3121
3ce4b56e-73d8-4f77-b50e-fc0fab00472c,Leann Tran,F,0,0,0,-0.2711,0.5184,imputed,
a6f8a60c-ae91-4d26-a882-74a72643e5c9,Valentina Martin,F,0,0,0,-0.2712,0.4182,imputed,
d5504cc8-1557-4f19-8cb9-822fe83b121a,Bob Ueno,M,5,0,0,-0.2717,0.2701,blended,-0.476
6b606c1c-c54b-4100-8cd7-36c8b0bc95f1,Rene Muzquiz,M,2,0,0,-0.2719,0.5004,blended,-0.3362
2b265c0d-e9b3-473e-9585-3670707c044e,Anastasia Outekhine,F,0,0,0,-0.272,0.4505,imputed,
21a7574b-7c9a-4760-8212-6586983466f5,Jessie Hawks,F,2,0,0,-0.2722,0.5171,blended,-0.3137
b89b9a41-402a-4b8f-a876-83fb95bbbfd4,Nina Rhoades,F,2,0,0,-0.273,0.4298,blended,-0.1029
7b3d2172-8327-4634-81d2-03ae6c693b9a,Whitney Shaffer,F,0,0,0,-0.2731,0.4684,imputed,
58863d02-a514-4e32-8d50-89613964a3b4,Jacob Markley,M,6,0,0,-0.2732,0.3508,blended,-0.1204
6749f7c8-7446-4f67-adec-bb4a82bbc00d,Jonas Corona,M,2,0,0,-0.2741,0.4709,blended,-0.1574
6c605049-6081-47fe-b85e-4f1b0d1a5182,Eric Levy,M,0,0,0,-0.2741,0.4866,imputed,
2503ab0b-e1c0-4092-8395-193ac705bc6f,Michael Erho,M,0,0,0,-0.2743,0.4928,imputed,
a63bfef8-a400-4137-bc95-0bd11ecf64db,Dylan Ciampini,F,0,0,0,-0.2749,0.3903,imputed,
bd7ded15-a86c-43b5-9199-198ede2ebf9e,Matthew Kinnee,M,2,0,0,-0.2753,0.5031,blended,-0.2908
d7119e37-01b3-409a-b4fd-4c76e5525677,Bryan Castanon,M,0,0,0,-0.2757,0.4896,imputed,
4054baef-7621-4073-bba0-743fed79a147,Mia Purdun,F,4,0,0,-0.2765,0.2806,blended,-0.2477
05f09160-0a38-44fe-9eb4-0177a8080753,Marcus Yandall,M,3,0,0,-0.2769,0.3183,blended,-0.4028
0b56a52e-f03a-4d56-b26c-e48700314fcd,Desiree Perez Gonzalez,F,0,0,0,-0.2773,0.4478,imputed,
5b9b41e8-3012-49aa-8378-6489ed8c6c95,Jeremy Swisher,,0,0,0,-0.2774,0.4569,imputed,
d092303b-f30e-4da9-8ff6-9ccc7b500e71,Teano Balducci,M,6,0,0,-0.2777,0.2057,blended,-0.5218
9f91672c-bfc9-4f04-83c7-1a256531ac4c,Crystal Sorem,,0,0,0,-0.2778,0.4795,imputed,
dd60fc78-d2f1-4c7c-961e-db46f78a23d8,Enrique Castillo,M,0,0,0,-0.2803,0.4693,imputed,
3b60d111-e87c-4594-9557-075a458ce80b,Jaron Trotter,M,2,0,0,-0.281,0.5155,blended,-0.3437
e809246c-cc3e-4167-9476-6e6b4424d091,Adam Hill,M,2,0,0,-0.2812,0.43,blended,-0.304
6ed044cc-4877-4000-a035-1b9a06d55374,Tyrone Nelson,M,3,0,0,-0.2815,0.2862,blended,-0.37
6e8395f2-700f-4058-96a9-fad2b62fd655,Luke Calvert,M,3,0,0,-0.2822,0.3498,blended,-0.299
e51044f4-0969-4366-8b62-923b79be267a,Sue Evans,F,0,0,0,-0.2822,0.4784,imputed,
38cf0673-0f30-4feb-953f-cb028dc585d8,Harrison Young,M,3,0,0,-0.2825,0.3718,blended,-0.4206
163dd420-b681-46c9-8db9-0609644c9278,Kylin Zhuo,M,4,0,0,-0.2825,0.3034,blended,-0.4484
f639f27e-0cad-4cae-89a6-2c5c2aed2310,Luke Moore,M,8,0,0,-0.2826,0.2479,blended,-0.5796
c0991a3d-05ee-4019-8fb9-6670c67e1b02,Matt Haywood,,0,0,0,-0.2827,0.4974,imputed,
eff66024-c3af-4a81-91af-08cb3fc8af91,Joey Lutostanski,M,0,0,0,-0.2829,0.4983,imputed,
43dd3203-b3cf-4fed-b54a-26531fbcd568,Chuck Tang,M,0,0,0,-0.283,0.4349,imputed,
52bd84f1-ca94-451f-a976-c2301438ed8c,Aaron Schorch,M,0,0,0,-0.283,0.4869,imputed,
1c9a1752-42f3-446c-8527-cdc549cc941c,Circa Luna S,F,14,0,0,-0.2831,0.1303,fitted,-0.4433
8179ddf4-9bc2-4c4f-a4b4-5783135b4135,Oliver Dobson,M,3,0,0,-0.2838,0.3746,blended,-0.0978
1072c348-fd0a-4303-9dc3-be20c9736074,Jessica Jones,F,18,0,0,-0.2838,0.1497,fitted,-0.4678
8e76fc8b-5387-4e3e-bf92-6ef0165c66cc,Amy Brown,F,3,0,0,-0.284,0.3612,blended,-0.0851
ed700443-8f8c-4fdd-8560-6b32e64245f9,Adela Umannova,F,0,0,0,-0.2842,0.3943,imputed,
507d4427-617b-4607-b842-e3a12dc03d7a,Monica Perez,F,2,0,0,-0.2845,0.3429,blended,-0.3862
7b6a2592-ed16-4b3a-b57e-c4c4ec56a86d,Connor McNaughton,M,3,0,0,-0.2846,0.288,blended,-0.4512
80d54067-c7ee-476e-9847-d0ba68bcc5a6,Michael Haupt,M,2,0,0,-0.2847,0.5406,blended,-0.3235
2c60a295-c984-4a70-8e07-2ca13c8058f6,Justin Poritzky,M,6,0,0,-0.2851,0.321,blended,-0.426
893c425f-c623-4c89-aa67-979cfbe51eac,Atsuko Ozawa,F,0,0,0,-0.2852,0.4773,imputed,
a20a2e31-1cd0-45ee-ab90-954375c3dbe2,Jade Koziol,F,5,0,0,-0.2855,0.237,blended,-0.4203
bd5d309b-dc33-4353-b8b9-cfe694389251,Marissa Lucero,F,0,0,0,-0.286,0.5076,imputed,
0884b86b-9274-455c-8f2c-fbb55a7d3a12,Kevin Daniel,M,3,0,0,-0.2861,0.4452,blended,-0.2064
5df016d0-6f4f-4848-a27e-0cbb5b7eaac4,Adam Yeager,M,4,0,0,-0.2861,0.2589,blended,-0.4125
238092f1-78b3-464b-9ba5-ef0362ecff60,Chrissie Hintz,F,2,0,0,-0.2866,0.4696,blended,-0.1747
7741f166-18cc-4c51-af29-a4a58bb98e6b,Christian Rozpedski,M,2,0,0,-0.2866,0.4805,blended,-0.3643
a207fb5c-9cd0-4449-8744-cda4af097ab6,Harrison Holman,M,5,0,0,-0.2866,0.2556,blended,-0.422
6513e136-5b3d-4c89-b165-5bc19442f226,Nathaniel Veselenak,M,0,0,0,-0.2869,0.448,imputed,
b68e7762-759f-42fc-8fda-c78c7b0fdd6e,David Wallace,M,0,0,0,-0.287,0.4192,imputed,
dbc38a61-733a-405f-a923-ff1861ce8e91,Luther Ferris,M,4,0,0,-0.2872,0.2135,blended,-0.3389
07b464bc-0c99-4969-a8b6-5b47fbc91436,Alli Hazrati,F,11,0,0,-0.2873,0.2143,fitted,-0.5086
7071d0d2-2140-4985-8f08-34787310afe8,Grace St. Clair,,0,0,0,-0.2873,0.5096,imputed,
73a66c9f-5929-4df4-bfe9-91145e992be8,Chih Hsuan Hsu,F,0,0,0,-0.2881,0.5216,imputed,
292a5cd6-fa7c-45d2-83d9-99763342972c,Molly Griganavicius,F,0,0,0,-0.2882,0.4451,imputed,
72ec1ca0-5d4a-4186-a435-6a35be518ec8,Eduardo Caillaux,M,7,0,0,-0.2885,0.2318,blended,-0.502
e0d2a759-efc4-476c-813d-644e95ee74cd,Skyler Bernhard,,0,0,0,-0.289,0.4952,imputed,
d74cf796-1203-4b5c-a3ff-b5cbcfa949ba,Sarsarith Yi,M,2,0,0,-0.2892,0.4107,blended,-0.3938
23145e4f-c3b0-43f2-8172-462c66fab2c2,Andy Amattayakul,M,9,0,0,-0.2898,0.2004,blended,-0.3592
114bb1bb-783e-4c97-b80b-a61836f1a852,Caitlyn Khan,F,6,0,0,-0.2899,0.2354,blended,-0.3754
6f5421e8-800a-47e8-8a1c-6cee77dce257,Julia Drake,F,0,0,0,-0.2899,0.5155,imputed,
1c295153-f11d-4ac7-9faa-ef0039cf3e1e,Macy Vonderschmidt,,0,0,0,-0.2899,0.4424,imputed,
96122cd0-8a5b-4c5b-a075-65463e497b54,Olivia Vreeman,F,8,0,0,-0.2906,0.318,blended,-0.4136
f66ee093-a4d5-4d46-b849-266452b932fb,Kitri Boser,F,0,0,0,-0.2908,0.4387,imputed,
c739088c-4a93-4960-b11e-fd8f5769cc6e,Ivana King,F,10,0,0,-0.2915,0.2717,fitted,-0.591
fdccd16d-d628-40c8-b52f-bcf2f38d7f60,Steven Ma,M,0,0,0,-0.2916,0.51,imputed,
eeff3ccb-ca13-44b8-b3ca-f64bb1b67926,Zhiguo Wang,M,2,0,0,-0.2918,0.4851,blended,-0.2477
0598cc78-08d3-4618-85a0-cf9e07ad9b4b,Parker Davekos,M,0,0,0,-0.2918,0.5007,imputed,
ec96f91f-eeb1-4bdf-998b-c825881a56e7,Rob Stratton,M,0,0,0,-0.2921,0.4513,imputed,
d88009f8-bd29-4770-80a0-754ed7e2bc96,Tommy Shin,M,0,0,0,-0.2921,0.4932,imputed,
aa574d4b-9fd1-4807-8baa-44d3772a3288,Petra Jones,,0,0,0,-0.2923,0.5041,imputed,
f02e115b-acd0-4d0c-bc23-0f4025eeba9c,Mickey Randazzo,M,3,0,0,-0.2926,0.3303,blended,-0.3437
02e4c38f-5537-42b7-8106-a0caa7473e4a,Ray Filardi,M,2,0,0,-0.2927,0.4194,blended,-0.37
93c18c47-cc11-457e-9e60-0addb08da465,Brooke Bromley,F,0,0,0,-0.2928,0.5151,imputed,
39d48865-ae94-4b67-95f5-1afd36be543e,Nathan Wilkinson,M,2,0,0,-0.2932,0.4757,blended,-0.2387
4bf8ec39-754b-4a49-86af-e1bb6e804870,John Bonfilio,M,0,0,0,-0.2934,0.4958,imputed,
3132b7da-12d3-4d78-9b6c-52af0fcb4202,Andrea Carrano,M,2,0,0,-0.2935,0.4388,blended,-0.1129
7497179b-1bb8-4ce0-8a12-a9091656a10e,Elvira Juravliova,F,4,0,0,-0.2938,0.4239,blended,-0.3915
cbd6f28a-2de2-41b1-9173-755315150282,Mila Messinger,F,8,0,0,-0.2943,0.1642,blended,-0.4634
d38c18de-1839-43d2-aed3-91659d37d973,Justin Newton,M,2,0,0,-0.2953,0.4859,blended,-0.376
f5b04e67-728b-431c-93f0-36f5f85dbdfa,Trey Hussey,M,1,0,0,-0.2954,0.5442,blended,-0.2952
2f2061e3-75ce-4b04-ba2c-375da1276b58,Hiroyuki Doi,M,0,0,0,-0.2956,0.4992,imputed,
777bb595-b49b-413d-a28a-72355a613f10,Jayson Harris,M,9,0,0,-0.2962,0.233,blended,-0.4637
470f08e0-a79c-4aa0-bcc2-c66b3dacbcdb,Elisha Turner,M,8,0,0,-0.2965,0.1828,blended,-0.6163
3d10bff8-92c5-47fd-a0f0-d8e366757d99,Farreez Isqandar,M,7,0,0,-0.2975,0.2208,blended,-0.3923
17a44783-12d2-4c52-a6f5-9eb12e2ef214,Hudson Kaylie,M,0,0,0,-0.2979,0.4097,imputed,
368fd6f0-988f-4450-803f-b0385531309c,Sange Carter,F,0,0,0,-0.2985,0.4816,imputed,
3a826218-1ebf-4875-a54f-658011706e48,Cameron Szazynski,M,12,0,0,-0.2987,0.1749,fitted,-0.5154
0bc24306-92b4-44e1-8b21-0aaf0c9ee4f7,Jasraj Sethi,M,4,0,0,-0.2989,0.2127,blended,-0.5332
5dfb815d-28e9-4a8c-aaa8-f292eb0ca4bb,Drew E,M,4,0,0,-0.2996,0.3385,blended,-0.4456
46b40e64-a221-4223-b294-b0681ef6792e,Alexander Tran,M,2,0,0,-0.2997,0.4384,blended,-0.1871
84279f9d-6330-4dc2-b50f-1ef58fac31ef,Nick Difazio,M,0,0,0,-0.3003,0.4934,imputed,
2915eb80-3a16-4939-bc82-9ed035f779d3,Anna Hughes,,0,0,0,-0.3005,0.4891,imputed,
33008bc3-5853-43c0-88d6-1906e56263a2,Darinka Tiboldi,F,4,0,0,-0.3007,0.2442,blended,-0.4171
0421e0b6-1ad1-49c5-8052-a820a5701e61,Wai Kai Karen Tong,F,0,0,0,-0.3011,0.5284,imputed,
d454b04e-503e-41ea-8064-2c019b5c8024,Bryan Lee,M,2,0,0,-0.3014,0.3848,blended,-0.2805
491edcb0-c087-475d-a48b-279d14e27f3a,Alexa Brent,F,6,0,0,-0.3016,0.2064,blended,-0.5041
ec1644dc-b190-492e-8167-2a6121bc9d28,Owais Gilani,M,1,0,0,-0.3017,0.5068,blended,-0.2311
656f5f4c-339d-422b-9b5c-208d2597829a,Lucas Sandyrev,M,0,0,0,-0.3021,0.5238,imputed,
50565006-6487-4416-83d8-53525001445a,Ibuki Makishima,M,6,0,0,-0.3022,0.2556,blended,-0.4593
191cdd75-de29-4a9f-ae03-28159a973f6e,Javon Turcsany,M,13,0,0,-0.3025,0.1888,fitted,-0.6774
dfb5378c-dd13-426a-a03d-b3b41760a384,Maximilian Gazeroglu,M,2,0,0,-0.3027,0.4519,blended,-0.382
00f1783b-4f8b-4f87-a819-b9ad27c213b4,James Theriault,M,2,0,0,-0.3028,0.5004,blended,-0.0068
9dbb30ee-8672-45ee-aa28-8e83fdab6a98,Julie Axelrod,,0,0,0,-0.303,0.4782,imputed,
65d6b76a-dbd9-4a49-b142-73e92ad98f8e,Andrew Curtis,M,3,0,0,-0.3034,0.37,blended,-0.3192
6972f71f-2813-4c25-bdc3-dc41d80f9d91,Michael Burdakin,M,0,0,0,-0.3034,0.4262,imputed,
e1648633-53ef-4cf4-910d-b296c709c3c3,Robyn Flood,F,0,0,0,-0.3036,0.4715,imputed,
68f68167-60eb-49e0-a052-20394683f26b,Blaz Jurjec,M,1,0,0,-0.3042,0.5289,blended,-0.3593
b061f56b-5b3d-4b41-9ea5-9a39715c59cd,Reba Williams,F,0,0,0,-0.3042,0.4465,imputed,
bd1efd48-0b72-49ba-96a5-20f279753c92,Byron Lee,M,0,0,0,-0.305,0.5087,imputed,
96e1f933-e084-4c24-a348-a2fad1b98b53,Rohan Raina,M,3,0,0,-0.3052,0.2782,blended,-0.4598
6ac8a9a8-3b7f-46a6-acbb-a26bb0c4f437,Anthony Korac,M,0,0,0,-0.3053,0.4922,imputed,
600ca1a4-3507-4154-8d33-7520dbe5626d,Matias Tardio,M,0,0,0,-0.3055,0.4066,imputed,
808532a2-ee3a-4407-a523-b656ca93aec5,Josiah A,M,3,0,0,-0.3057,0.2741,blended,-0.299
caa7bb6a-cd17-42bd-b8e4-d54e15f81f48,张驰 Chai,M,2,0,0,-0.3058,0.4326,blended,-0.3781
e21375be-8b9b-4aa0-9ff9-a3deb544bbfc,Loi Tran,F,2,0,0,-0.3063,0.3827,blended,-0.1739
68d3b279-8b2d-4055-8eb3-b28448c1f7d2,Katie Neils,F,0,0,0,-0.3067,0.3797,imputed,
07c58e69-f98d-4d4d-b9a0-eb5c0afaaf5d,Reynard Ho,M,0,0,0,-0.3072,0.4979,imputed,
a3277a9a-d3a3-4836-9c51-16a24eeb02d6,Kelly Dornan,,0,0,0,-0.3074,0.4665,imputed,
d2756099-502f-464f-be89-ce3215e25cd7,Matthew Weise,M,3,0,0,-0.3077,0.306,blended,-0.47
6f73b48d-d4b7-4cf0-892c-85c861ea8b7a,Preston K,M,4,0,0,-0.309,0.3428,blended,-0.4692
a9dea662-39ae-41d4-9467-51279877f1f1,Shayden Hinton,M,8,0,0,-0.3092,0.267,blended,-0.6573
4d79c4da-92de-4292-b231-59d2bd32c944,Alex Bowers,F,4,0,0,-0.3101,0.3942,blended,-0.2454
f0eda0d1-c9d2-42e3-bdde-1cb0eddc776d,Bradley Nirens,M,2,0,0,-0.3102,0.4991,blended,-0.3781
6b0dbe5d-bef6-4b76-942d-f6c18e61d1c1,Sophea Danh,F,10,0,0,-0.3113,0.2192,fitted,-0.469
962620af-09a8-4c01-94d9-3e188fb35603,Sarah Daly,F,0,0,0,-0.3117,0.5304,imputed,
24815313-7129-4fe2-89ea-2a2c1322a228,Kevin Sheehan,M,1,0,0,-0.3123,0.475,blended,-0.2835
23296077-43e5-4da6-bf87-630af2d576ef,Maria Montgomery,,0,0,0,-0.3123,0.5204,imputed,
73886693-cd12-4ec0-9c2e-0ba3e092a21e,Michelle Mui,F,0,0,0,-0.3129,0.5293,imputed,
816bf275-fc7d-4756-8845-0359663809e4,David Perez,M,16,0,0,-0.3133,0.1455,fitted,-0.567
7d860749-a84e-47fc-9883-e92ca40f5777,Kolton Youngblood,M,14,0,0,-0.3134,0.1779,fitted,-0.551
18a232c8-e02e-4c37-a2be-fffc1b491650,Francis Pawloski,M,0,0,0,-0.3135,0.4443,imputed,
11f51dda-44ea-4b63-a3ea-a5cbb8b5351f,Haley Frank,F,2,0,0,-0.3136,0.4683,blended,-0.0811
0297b5ff-1555-4b25-8a4a-64511fcd272d,Christian Ian Alcazar,M,5,0,0,-0.3137,0.2522,blended,-0.5484
1412f751-4622-498f-b085-3107ba90bb0e,Jane Teoh,F,0,0,0,-0.3137,0.5204,imputed,
57a228a5-e841-4eb4-9d63-8f737a9df1d3,Ethan Miller,M,2,0,0,-0.3139,0.4254,blended,-0.3121
8b0261ce-5158-4760-a647-58f3b99047ba,Sharon Oconnor,F,0,0,0,-0.3142,0.5018,imputed,
0c5a0198-b396-426d-ab85-5500fdb29ca6,Jorge Mata,M,3,0,0,-0.3144,0.3259,blended,-0.4984
45a9667c-2145-42a5-a7af-6adf12d34f6f,TY Wynwood,M,2,0,0,-0.3145,0.4661,blended,-0.4018
099df1e5-9012-49b4-b2db-23fcb6a2df93,Darcy Shore,F,7,0,0,-0.3147,0.2337,blended,-0.4855
ce91c260-3327-47ae-959a-bed1b5706333,Koa Pagaoa,M,0,0,0,-0.3147,0.494,imputed,
150b4c55-f74f-4f0c-b732-fe3185dfc34d,Bình Phan,F,0,0,0,-0.3147,0.5284,imputed,
71cb1af8-168f-470d-9fe3-3eadd9b42bb5,Daven Bhagar,,0,0,0,-0.3149,0.5065,imputed,
6c1776f2-ae0a-446e-adea-83548fb12c4e,Alex Osorio,M,0,0,0,-0.315,0.4723,imputed,
bac70cbc-2f57-4e99-aa1e-2101e67936f5,RJ Amundson,M,3,0,0,-0.3152,0.3699,blended,-0.4125
44d22e6a-a927-4fc8-ae9d-982ffdbfe732,Christie Fronimos,,0,0,0,-0.3155,0.5097,imputed,
79471c32-e95b-43ed-b371-843472b130fb,Collin Maides,M,1,0,0,-0.3157,0.4914,blended,-0.2059
f0d67366-14f3-4713-a9dd-ddab9b19fdb7,Chris Rost,M,2,0,0,-0.3159,0.5167,blended,-0.4072
4fc28f7f-3c39-409f-8565-e31973872fa9,Jake Denstone,M,2,0,0,-0.3176,0.5014,blended,-0.1448
410825dd-d64d-4ec6-87e3-74ccc69e826b,Marquis Christenson,M,0,0,0,-0.3176,0.4897,imputed,
44d043e4-e81d-4496-b9fa-d01f47dfbc10,Gavin Nickerson,M,4,0,0,-0.3182,0.3542,blended,-0.3926
7d885831-f13b-4fc2-bfb8-f2224e797228,Birlinda Akinaka,F,0,0,0,-0.3184,0.5078,imputed,
45302907-6ce9-46de-b9ce-99cc9327deff,Kristin Gobberg,,0,0,0,-0.3188,0.457,imputed,
ae7e2026-d6bd-46c5-9557-6ed5ae748ef9,Ryder Boydston,M,7,0,0,-0.3196,0.1838,blended,-0.6416
3a3b09dd-9e4e-492d-b71d-fdcefc1eff71,Myles Sojourn,M,2,0,0,-0.3199,0.536,blended,-0.3717
dfc607e2-7224-4f75-ac6b-b68d0f5d059a,Hikaru Han,F,5,0,0,-0.3204,0.2017,blended,-0.423
4df162d3-2145-4484-9f1d-e62db24dc475,Mason Vasconcellos,M,0,0,0,-0.3205,0.4997,imputed,
e92b2291-9ab8-4784-9aaa-4b778c8db057,Amirsyazwan Al Razi,M,5,0,0,-0.3206,0.2731,blended,-0.4065
7e46687a-6a45-4f92-a35e-4fbfdd43da4e,Mario Martinez,M,2,0,0,-0.3215,0.4998,blended,-0.3604
b7155c7a-eebf-46d4-8b09-99196b628b90,Christopher Ferrocious,M,2,0,0,-0.322,0.5345,blended,-0.4082
3823f7b5-5be4-4ac8-9c27-d92f5a80108c,Ashley Penaranda,F,3,0,0,-0.3221,0.3044,blended,-0.3105
0315854f-f253-4807-8ae2-6a6195f7be06,AJ Penn,F,2,0,0,-0.3223,0.3541,blended,-0.4626
a463a0ce-b566-4aa5-b364-31d4f949fcf5,Crystal Sorem,F,0,0,0,-0.3223,0.4208,imputed,
72550259-2566-4380-9cb3-1f4e96f7bd80,Hiromi Shimaya,,0,0,0,-0.3228,0.4989,imputed,
25d59da5-27bb-4584-941c-c2f8bd72577c,Journey Barajas,F,10,0,0,-0.3234,0.1805,fitted,-0.5172
918b0936-d40c-4cae-a908-d57bf8db001a,Celina Yang,F,0,0,0,-0.3234,0.5333,imputed,
78a3a6aa-7466-4741-9247-1d6636afcff9,Cheyenne Jones,F,6,0,0,-0.3241,0.2488,blended,-0.5308
e9a17300-bcb2-4ae5-806e-b177a37e1fb4,Siow Vincent,M,2,0,0,-0.3245,0.3481,blended,-0.4798
0a58a30a-1c6f-4cf8-8ea8-06a19315506b,Heather Kim,F,0,0,0,-0.3248,0.3971,imputed,
a691064c-fd71-464c-af8b-2958f98b634d,Jay Riding,M,0,0,0,-0.3249,0.4925,imputed,
632325a5-37e2-45ba-82a4-25b7c10611e0,Santino Gonzalez,M,2,0,0,-0.3251,0.5157,blended,-0.3888
fdb3aaf0-0116-4e0b-aa69-7fa34a3a99e5,Juan Ramírez,M,3,0,0,-0.3251,0.3305,blended,-0.4736
7bbb8436-1dff-4287-bb00-980c49bebf9e,Malia Bolko,F,0,0,0,-0.3253,0.5196,imputed,
5a2b1a84-e396-490d-9f05-c7ade6932b75,Catrina Coyner,F,12,0,0,-0.3254,0.1844,fitted,-0.5773
9aa8a923-0540-4d21-bfb3-5de0569487f2,Sam Young,M,2,0,0,-0.3256,0.4345,blended,-0.0789
5cd78362-2056-4c8b-a427-6705b4b2902b,Mats Dolese,M,0,0,0,-0.3256,0.3739,imputed,
7f142026-d003-41eb-adbf-e0b778bbdcd4,Sandeep Sharma,M,0,0,0,-0.3261,0.4923,imputed,
20b31bab-0fc2-4599-bb4c-209b96e09893,Marykate Washelesky,F,0,0,0,-0.3264,0.4312,imputed,
01080fe3-e056-427a-84b3-fffa70e9c56a,Chotika Wannachinda,F,0,0,0,-0.3265,0.5339,imputed,
6b981946-d292-4d0c-b971-09f36f505113,Saulo Gonzales,M,0,0,0,-0.3265,0.5061,imputed,
37c708bf-88c0-4bf8-9fd3-8320cdb445fa,Allan Sabado,M,2,0,0,-0.3274,0.4913,blended,-0.3531
aaf8a3b5-6daa-4536-99d7-c0259db547d1,Gautham Bondugula,M,8,0,0,-0.3274,0.2372,blended,-0.436
b4b3a4fc-647b-4ba4-b749-f60433fc8f44,Michael Pham,M,0,0,0,-0.3275,0.4839,imputed,
c46eb6b4-391f-4a74-92cf-452ee87298bb,Kiara Rivadeneira,F,3,0,0,-0.3283,0.3681,blended,-0.3711
56b57563-3436-458e-85a9-f53e2e8a3e03,Niko Fronimos,,0,0,0,-0.3287,0.5105,imputed,
4a57b4e2-ba63-4a0f-b9fe-90bc62af991e,Carlee Teague,F,0,0,0,-0.3289,0.4503,imputed,
5714d0c4-4431-4afa-9e95-11817e9d27d9,Teresa Romero,,0,0,0,-0.329,0.4276,imputed,
969c7eb3-8b20-4740-8a8b-463e4f0117ae,Adaline Machado,,0,0,0,-0.3295,0.4791,imputed,
5961f5d5-848a-4a0e-afe4-2c66ffc478e2,Patricio Espinosa,M,5,0,0,-0.3297,0.2815,blended,-0.4878
ac20d4e7-1371-4b70-9047-d6eb3af4fddc,Jaxon Thomas,M,3,0,0,-0.3301,0.3157,blended,-0.4792
16da5c8a-323d-4bfd-98e2-cdc2bd8e93cf,Hartland Jones,M,2,0,0,-0.331,0.4439,blended,-0.247
f86d38ad-762f-4de2-a9e2-2a122d2c6395,Cameron Beer,,0,0,0,-0.3312,0.4632,imputed,
579d9ccc-ca48-479a-a139-7aa7433af14e,Julie Cai,F,0,0,0,-0.3316,0.517,imputed,
e8468095-8ea2-42d6-b4f6-f49cc69ef888,Fadia Fakhre,F,0,0,0,-0.3323,0.4216,imputed,
70cf4578-1510-4675-8318-5e840c03191a,David Bryner,M,0,0,0,-0.3331,0.4979,imputed,
1c24462c-09df-4e95-b43f-72404fd656d4,Sandy Wang,F,0,0,0,-0.3336,0.4085,imputed,
d0765ca6-eaef-436b-a908-fd3e54f38edc,Michael Rewers,M,2,0,0,-0.334,0.5136,blended,-0.3863
74fcc97d-964d-44e7-8d0f-20334f8eb7f3,Peni Lausi'I,M,2,0,0,-0.3352,0.4929,blended,-0.4115
f613fc75-b580-4c2a-87ae-cfe024504205,Melissa Beré,F,29,0,0,-0.3354,0.0986,fitted,-0.5118
a3e4cbaa-831d-4ad2-8072-f24ee5c2faa5,Evan Lampi,M,2,0,0,-0.3357,0.5232,blended,-0.3832
b7f13b93-8f5c-47fa-afaa-b574b89c9a48,Edward Parsad,M,2,0,0,-0.3363,0.5342,blended,-0.3841
57837e71-dc07-43c8-a983-224032aacb67,Savanna Watts,,0,0,0,-0.3366,0.5094,imputed,
e76e6099-0cfd-4b73-b09d-ff2960d8e945,Mir Ahsan,M,3,0,0,-0.337,0.3577,blended,-0.4575
b08631ba-76d5-4262-8d27-5b2350646c00,Tomoko Taniguchi,F,7,0,0,-0.3378,0.206,blended,-0.5218
8647ca8f-cb21-43e0-95c5-c93cdc899244,Tien Le,M,2,0,0,-0.3382,0.3749,blended,-0.4003
df586105-1174-4ac7-8834-36c49703c171,Cameron Childers,M,2,0,0,-0.3389,0.5258,blended,-0.3845
7602cbe7-1ab5-4c0d-805d-afa511abed3d,Toni Alvarado,F,2,0,0,-0.3391,0.3715,blended,-0.3987
70bf896e-0e21-405d-87c5-c60b6044916f,Teddy Morin,M,3,0,0,-0.3392,0.3588,blended,-0.5897
9f072568-bae7-4285-ad48-f6703c6f49cc,Albin Cehic,M,0,0,0,-0.3392,0.4821,imputed,
7c276bd3-e539-4c4d-99b0-0b221891eeb0,Jaiden Sam,F,2,0,0,-0.3393,0.4415,blended,-0.2696
75b14d37-7db7-492d-8a47-fe11d5aa2f82,Mayu Ito,F,18,0,0,-0.3394,0.1752,fitted,-0.5909
591138cf-2282-4f38-a6e7-c446ed355eba,Daniel Kouznetsov,M,2,0,0,-0.3397,0.4277,blended,-0.2478
e135549e-dc2d-4430-a4c7-66d92f342a93,Ana Ratiu,F,0,0,0,-0.3398,0.4215,imputed,
9b6f333d-1a0a-49de-aab7-f0372272ae98,Yohei Koide,M,3,0,0,-0.3402,0.3354,blended,-0.4112
afd1c909-da89-445a-b099-e5c43bbb52d2,Georgia Pooley,,0,0,0,-0.3406,0.4802,imputed,
aab95677-d8ab-4e79-85e9-13640c2d184c,Andy Ngo,M,0,0,0,-0.3413,0.4192,imputed,
03b048bf-41ad-4847-a5e7-55ed692a9722,Benjamin Harris,M,2,0,0,-0.3415,0.5097,blended,-0.3968
a7a9f508-b9d6-43a5-9204-3e44a9184836,Harrison Malko,M,0,0,0,-0.3415,0.4633,imputed,
bb3ba1f1-483d-4759-9f00-ebdd44312bd7,Clint Frazier,M,0,0,0,-0.3421,0.41,imputed,
21c747ad-5c2c-4474-8b1d-695f3aaf2663,Eric Rubens,M,2,0,0,-0.3423,0.4627,blended,-0.0841
b463e013-b5a4-460c-9996-65ddba081206,Samuel Corbino,M,2,0,0,-0.3424,0.4496,blended,-0.427
63254fd8-9f11-4df6-b8e6-b630ad9ee9f4,Srini Thota,M,0,0,0,-0.3424,0.4949,imputed,
af6bafd5-e045-4df7-8b52-a5b6f337910a,Reydon Ho,M,0,0,0,-0.3433,0.5041,imputed,
e052b1aa-e856-4585-8d61-52fbd08d0cb2,Hannah Okelley,F,0,0,0,-0.3445,0.4205,imputed,
ec8b11f6-ca59-4a74-be45-1751420c1d6b,Aryan Soorma,M,2,0,0,-0.3449,0.365,blended,-0.4708
ed65f42b-f880-4ee8-bd2f-b4b103dd7286,Jessica Chernikova,F,0,0,0,-0.345,0.4309,imputed,
4f8057f3-d8f6-417f-b29f-27d77c32da24,Vamsi Krishna Suddapalli,M,0,0,0,-0.3453,0.494,imputed,
7bee4b61-53bf-41c1-a04f-1be4ade890ad,Sabrina Palavra,F,12,0,0,-0.3457,0.2375,fitted,-0.668
8a0df4c3-c631-4380-8a41-9a2a8afb9476,Vinay Gupta,M,3,0,0,-0.347,0.4115,blended,-0.3692
5e2029f9-b7b8-4ff5-937a-67af3dc223d7,Henry Mateo,M,3,0,0,-0.3472,0.3166,blended,-0.3376
56aa6632-c663-4e81-800d-0db54e3d4b36,Kaden Hensel,M,2,0,0,-0.3478,0.4816,blended,-0.2346
9c5d6416-b8d1-4a12-becc-964afdf2f01c,Veronica Alteri,F,0,0,0,-0.348,0.4376,imputed,
8abd37d5-10bc-40a1-9402-67c53b1f8bfd,Joshua Hanson,M,2,0,0,-0.3485,0.4143,blended,-0.455
93a85a33-42b0-46a1-a64c-268ec9098b2c,Dawson Davis,M,3,0,0,-0.3499,0.267,blended,-0.3917
89d0497d-bd25-485e-a32c-872afa95b3d5,Mary Monson,F,20,0,0,-0.35,0.1441,fitted,-0.5948
99ec1d96-ec71-41d6-a5ae-eb07cc81ef9c,Claire Thompson,F,0,0,0,-0.3501,0.4605,imputed,
b032c581-0cfa-4263-ae43-b094d2946af3,Andrea Miller,,0,0,0,-0.3503,0.4403,imputed,
59c5b851-3445-48aa-9ec4-6b91245443d9,Sally Clement,,0,0,0,-0.3511,0.5022,imputed,
2f0649bb-ce73-4aea-a323-043777897d2b,Nicholas Valantino,M,2,0,0,-0.3514,0.4863,blended,-0.5012
65fd51e0-25ba-4906-954e-034e02f112ce,Daniel Smith,M,2,0,0,-0.3517,0.4624,blended,-0.3059
b1a0b8eb-78f8-4278-bda0-5d9397c6a7d5,Liza Klyachkin,F,0,0,0,-0.3517,0.4943,imputed,
3afa8b98-ff97-46d6-bed5-096d800e8a7c,Andrew Mateljan,M,6,0,0,-0.3524,0.2235,blended,-0.5974
258055f7-99ca-432e-9717-ed0552d78135,Sarah Lister,F,0,0,0,-0.3524,0.5233,imputed,
7c1e9e32-e673-4f1d-915a-08d749dd992b,Jack Goldberg,M,0,0,0,-0.3545,0.4755,imputed,
3c65a58b-2bc7-4dfc-91cb-bddd3209bc53,Giovanna Mandon,F,4,0,0,-0.3547,0.258,blended,-0.4426
1fb3efbf-3abe-42da-bcc8-ca7b67383614,Kimberly Van Vloodorp Taylor,F,0,0,0,-0.3547,0.4668,imputed,
1a4d29f9-b5fd-41a7-9e6b-23cdbfae8c5b,Claudia White,F,2,0,0,-0.3556,0.5305,blended,-0.3993
327d9a97-a00f-4b28-b8dd-c91b6f8296ef,Jenna Vlach,F,4,0,0,-0.356,0.2474,blended,-0.5089
047c8ed3-4601-495f-9736-926291de052a,Eric Cepress,M,3,0,0,-0.3568,0.3926,blended,-0.4838
9e5fe1b6-69e8-45e9-944d-12484f82a48e,Richie Nguyen,M,0,0,0,-0.3576,0.4365,imputed,
735c44a9-d1dd-4f9a-b3df-1964a05cb704,Brooke Cersosimo,F,0,0,0,-0.358,0.5064,imputed,
51a1f18b-4a0f-4627-9715-3d1e362aae1e,Asís Garrido Guerrero,M,5,0,0,-0.3581,0.2614,blended,-0.4249
308a52f3-1302-447a-aca5-907fc96b1134,JD Nieman,M,7,0,0,-0.3582,0.2238,blended,-0.5208
003b7547-64c0-49f0-b208-3819b75d8f1e,Kyle Nelson,M,5,0,0,-0.3582,0.2461,blended,-0.4463
8cb2ffed-5e51-43ff-aea2-76a0bdd8c7ca,Desislav Borov,M,0,0,0,-0.3585,0.4388,imputed,
52e68e33-e669-4bce-bd3e-862a8fe641f5,Serena C,F,9,0,0,-0.3588,0.1749,blended,-0.5205
ff72f82d-46b2-413e-82bb-522f779be79c,Alexander Elfimov,M,10,0,0,-0.3592,0.2218,fitted,-0.483
bcef4181-bfce-4bbd-b65d-7300bf1a10b8,Larry Diep,M,0,0,0,-0.3592,0.5003,imputed,
ec7b9a5c-c008-48c0-b78b-95af0a3dded0,Nathan C Sr,M,2,0,0,-0.36,0.5159,blended,-0.4203
0416e48f-f5c0-461b-b3ae-d9d0662c9ba4,Vicki Beaver,F,3,0,0,-0.3614,0.2645,blended,-0.4656
f6b6d636-c79b-4d1c-8c11-ad21881f2da8,Yulia Krylova,F,0,0,0,-0.3616,0.4665,imputed,
8133c39e-3da1-4688-b0b2-3d2e5a02f166,Po Chiao Chen,M,2,0,0,-0.3621,0.3539,blended,-0.506
fc4fa842-72d3-4fed-87f2-a1c33a52bbdb,Greg Starodub,M,6,0,0,-0.3634,0.404,blended,-0.487
c117b263-3000-43fd-915c-f7d247a51248,Karolina Pierko,F,0,0,0,-0.3635,0.5141,imputed,
d42cfe32-b34c-41aa-b76f-10d2fb5a7f35,Karolina Owczarek,F,0,0,0,-0.3635,0.5196,imputed,
6619a594-bb40-42b1-9371-1ebeb6198a5b,Erica Remshard,F,0,0,0,-0.3637,0.4558,imputed,
802030fa-38f2-4487-8d11-9a5f8032f63e,Michael Parra,M,2,0,0,-0.3639,0.4929,blended,-0.2958
c00e899c-997e-45f0-bdcb-95facebd7bc3,Eli Butts,M,2,0,0,-0.364,0.3886,blended,-0.3673
940df42f-df80-41a9-b4b7-848c8ed6f81f,Kimberly Burbank,,0,0,0,-0.3643,0.4938,imputed,
ef3428f7-2a55-4c6a-b4af-bac46721bb50,Courtney Blaser,F,0,0,0,-0.365,0.5268,imputed,
545fab2b-970e-4881-a6be-c6ffee69293e,Sylvie X,F,0,0,0,-0.366,0.4211,imputed,
6f93fbb4-d8ce-47c5-b54e-b6a46780eb48,Parker McBride,M,2,0,0,-0.3669,0.4605,blended,-0.4626
9f32cfa3-98c6-4e00-bc33-bb4a39f96106,Josh Bellisime,M,2,0,0,-0.3671,0.3929,blended,-0.2164
c1c06637-9db5-4d9c-9e7b-e6e9d183c33a,Hamin Choi,M,4,0,0,-0.3674,0.3225,blended,-0.491
95c7d14c-52ed-4a8e-9426-b0802a80b3db,Heidi Herrera,F,0,0,0,-0.3679,0.5175,imputed,
573904f2-642c-498f-8269-94831533a922,Dwi Mahendra,M,2,0,0,-0.3684,0.3912,blended,-0.1391
d56b293a-fd22-4140-a77d-a851c12af4f4,Teresa Chow,F,0,0,0,-0.3692,0.502,imputed,
4710cb31-cc54-440d-bbb5-14d800d1812c,Zac Ragan,M,2,0,0,-0.3695,0.5309,blended,-0.4049
c05ac324-997c-4ab3-b085-9af779d87c57,Missy Turasky,,0,0,0,-0.3698,0.4889,imputed,
a6af0463-6f73-46df-9303-c52c59feca77,Masahiro Sato,M,2,0,0,-0.3699,0.3867,blended,-0.4409
00beb6bd-f4f4-4838-a673-c5a28548f9e0,Natasha Rizvi,F,2,0,0,-0.3718,0.4519,blended,-0.4043
97ae9e71-b88c-4374-898b-2622b7e40cb5,Ella O,F,2,0,0,-0.3722,0.3897,blended,-0.4765
fa965fdf-41ad-49e8-8157-5c9bf2561512,Yasmin Musleh,,0,0,0,-0.3724,0.5115,imputed,
2196b118-0e4c-40b3-8e54-1b7f0c278d12,Mauro Conde,M,6,0,0,-0.373,0.2329,blended,-0.5324
58a22649-0e13-43fc-8657-d42af3ca2b0a,Veronica Villegas,F,0,0,0,-0.3731,0.4788,imputed,
49cbaa52-f0f8-4acb-bee3-f03e9495322f,Carrie Dajani,F,0,0,0,-0.3736,0.5226,imputed,
3145d0ac-4c1d-4897-9c4e-0907e1a65478,Kenneth Suarez,M,5,0,0,-0.375,0.2265,blended,-0.5976
4d9522be-6e10-4035-b743-d85049f7b543,Danielle McNamara,F,2,0,0,-0.3756,0.4016,blended,-0.4773
cb7aa373-094a-46d7-9cba-aab3d7b326fc,Raymond Velarde,M,0,0,0,-0.3756,0.4155,imputed,
207da41f-d748-4f4d-90b0-d993aba79cde,Miguel Betancourt,M,2,0,0,-0.3762,0.4903,blended,-0.4841
658e466e-cf23-4baf-8e78-15450ee2ab1a,Bora Akkaya,M,4,0,0,-0.3762,0.3635,blended,-0.476
e7a6bb2a-4d20-4c3a-908a-f83973658fee,Abla Mannarino,F,2,0,0,-0.3764,0.3301,blended,-0.5618
1698d43c-3a54-4323-b558-72bc75920a8f,Aryan Nirban,M,2,0,0,-0.3768,0.528,blended,-0.4216
8826b9b9-9bd9-46b1-88eb-1e6171b99519,Lydia Power,,0,0,0,-0.3769,0.4376,imputed,
2bab38f7-a64f-4b8c-82ee-483132098355,Sophie Jones,F,2,0,0,-0.3771,0.4896,blended,-0.1425
8f937eab-4d95-403b-9876-50cf9dfb1e43,Kyle Anderson,M,2,0,0,-0.3771,0.3113,blended,-0.6219
64b369fa-e232-4de2-93f6-768a3ca2758c,Clement Charbonneau,M,2,0,0,-0.3777,0.4923,blended,-0.4515
d2246cf0-7b6b-40bf-ab84-917addf37a24,Koya Nakaema,M,2,0,0,-0.3779,0.4443,blended,-0.2117
6a3c5959-2b68-4ce6-b45e-6447422b6323,Gary Kuzmich,M,2,0,0,-0.3786,0.5219,blended,-0.4319
4d573d48-81f2-4971-940a-b9bbb90ed5bb,Jacinth Chikkala,M,2,0,0,-0.3791,0.4137,blended,-0.4946
087c0954-17b8-440a-806d-a09a1547d9de,Carson Nguyen,M,3,0,0,-0.3795,0.2557,blended,-0.3847
5d83a470-7ad7-4804-8e8b-3daf305a4bd7,Russ Crutchfield,M,2,0,0,-0.3796,0.4771,blended,-0.4568
66adb390-968c-4208-9e1a-176c252fc542,Ryuhei Shimizu,M,4,0,0,-0.3796,0.3175,blended,-0.3581
5fbe537f-2859-447d-95e7-229a124ef5e3,William Kammerait,M,2,0,0,-0.3799,0.4002,blended,-0.3602
7255ded6-42ed-4a5c-be2e-ac1d21178747,Giorgio Psallas,M,2,0,0,-0.3801,0.4807,blended,-0.5646
a15a65f6-c674-43c2-a3ad-6154d2abfefd,Jahn Padilla,M,2,0,0,-0.3803,0.5122,blended,-0.4387
7bc319f3-101a-4ebe-856b-3e05e2f0eafa,Vicente Felix,M,2,0,0,-0.3803,0.4047,blended,-0.4853
ebb475a1-caf5-4fcd-8427-da7e16129be7,Belani Soto,F,0,0,0,-0.3814,0.4423,imputed,
4cce8896-ef1f-4283-ae71-a14246df5a4f,Adrian Migacz,M,10,0,0,-0.3816,0.2278,fitted,-0.5433
97f0c3a4-8849-4a26-91d8-1543a131319c,Kevin Thornton,M,5,0,0,-0.3825,0.2843,blended,-0.5505
4b4a78c5-4d01-45f7-bbac-3d36b42bf63c,David Katilius,M,3,0,0,-0.3827,0.2939,blended,-0.5201
d61304bc-4f4d-400c-9a4c-97b25537cbf1,Brendon Swazo,M,0,0,0,-0.383,0.494,imputed,
2239fd85-0c40-4319-98e4-90f56aa4f7e6,Graham Williams,M,2,0,0,-0.3832,0.513,blended,-0.4383
516dd7f5-7df4-4175-804a-937b39c6bcd5,Nicholas Astbury,M,2,0,0,-0.3835,0.4208,blended,-0.392
42547327-a336-48f7-a849-3b8a0c189fbd,Dan Caticha,M,0,0,0,-0.3838,0.5004,imputed,
f70e74df-97b5-4ff0-beed-447016e2e3d7,Anthony Dipalma,M,2,0,0,-0.3839,0.4772,blended,-0.4051
e71ee441-2212-41ad-8a43-4198cedbb70d,Alex Reuter,M,2,0,0,-0.3844,0.5093,blended,-0.4629
352e9dfb-7352-41fe-9f5c-791a46c171c7,Ryan Nolan,M,0,0,0,-0.3844,0.4268,imputed,
b972836f-5098-4769-89c4-3d0c9515bfa3,Brooke Mundey,F,0,0,0,-0.3848,0.464,imputed,
a6f9062a-02c7-4347-8996-45ff9cb63d7e,Phạm Nghị,M,2,0,0,-0.3857,0.3655,blended,-0.4999
44dbbb24-c788-45c4-93b6-992773dda356,Anna Marija Bukina,F,6,0,0,-0.3858,0.2147,blended,-0.4566
feea2ac1-13ec-4fef-91a5-64d8ea1e7087,Courtney Glenn,F,0,0,0,-0.3858,0.454,imputed,
ac0c1ca2-ff00-4000-a67a-46d80b66e5ea,Peyton Mizera,,0,0,0,-0.3863,0.5075,imputed,
9aab6e05-9b40-46b1-b520-c8d34bec1624,Kalen Harbaugh,M,3,0,0,-0.3868,0.2919,blended,-0.5845
19fd925c-80c4-4231-a724-59373978e0b0,Kamryn Bliss,F,2,0,0,-0.3877,0.4767,blended,-0.0413
19e6893f-be9f-45c5-acca-8b3427e284f1,Joshua Wallace,M,0,0,0,-0.3889,0.4812,imputed,
c4dbe14a-00ec-48a1-b4e4-ec218f0329e0,Major Houston,M,2,0,0,-0.39,0.4889,blended,-0.4633
6a2d0906-ea78-456a-9863-145a4f01f55f,Goretti Sua,F,3,0,0,-0.3905,0.3013,blended,-0.1187
b9722b62-248f-453a-97eb-a854d169b879,Joseph Rojas,M,3,0,0,-0.3906,0.3142,blended,-0.5343
b2015a98-24e5-44ea-973c-06537fffcd8f,Daniel Hwang,M,3,0,0,-0.3922,0.3527,blended,-0.4376
139f2249-820e-4e28-ad94-3b82f07ee699,Jojo Henderson,F,2,0,0,-0.3928,0.4169,blended,-0.0384
bf68ddc5-2735-44c7-9dfd-d286289cad5a,Ryker Bowden,M,2,0,0,-0.393,0.5135,blended,-0.4457
a0581131-7d36-4424-b7f1-a5a4eaaed30f,Cc Eleven Sacca,F,5,0,0,-0.394,0.1981,blended,-0.6678
7e435225-f1ea-4476-9acb-c79fbe8e228d,Nicole Talisse,F,0,0,0,-0.3945,0.5319,imputed,
77f5be1b-d6c2-430f-9e9b-b1488de514a6,Clarissa Year,F,0,0,0,-0.3956,0.4743,imputed,
672d1e92-e53c-4d93-a4e7-586d69743b85,Dexter Rangel,M,2,0,0,-0.3963,0.3958,blended,-0.2761
66c0e91f-1795-425f-b3d5-41f815b0f814,Ritchie Lee,M,2,0,0,-0.3971,0.4257,blended,-0.4379
2036c50a-de9f-406d-ba28-fc9a0f6934b5,Victoria Burgess,F,2,0,0,-0.3979,0.494,blended,-0.4617
04ab231b-f2ab-456a-a79a-1728f29e42fa,Eliel Herminas,M,3,0,0,-0.3983,0.3208,blended,-0.5652
0a84556e-30f6-4500-8c95-a9ccbc51c7b1,Leah J,F,8,0,0,-0.3984,0.1774,blended,-0.6138
4a8ae332-abd4-451f-822d-79a1cca1f889,Michelle Ncube,F,0,0,0,-0.3988,0.4924,imputed,
326bc047-2a3d-4be7-bfd7-63342d112c3d,Anabel Pollan Sanchez,F,0,0,0,-0.3989,0.5093,imputed,
533be47d-96aa-487f-86fe-eec04150f2f5,Diane H,F,8,0,0,-0.3994,0.2405,blended,-0.2585
362356d3-2a4d-4034-8c7b-db991fbc4c4f,Lucia Saric,F,6,0,0,-0.3994,0.2169,blended,-0.4815
699d5f05-e3e1-4773-82f7-416e28ead075,Kaede Shimaya,F,0,0,0,-0.3995,0.4903,imputed,
8786146a-65ea-4482-84d6-95226ed5c4de,Santha Bhasuthkar,M,0,0,0,-0.4002,0.5036,imputed,
52597912-09b6-49bd-ace1-2d63ad5f10ba,Louise Curtis Kratzmann,,0,0,0,-0.4005,0.4459,imputed,
be1b73a6-f7d9-4c72-8323-94981b43a8dd,Cat Moe,M,2,0,0,-0.4011,0.5315,blended,-0.4097
af56db9d-a2c8-4c66-9c43-4c598c04b1d9,Joshua Muzik,M,2,0,0,-0.402,0.455,blended,-0.2631
0e5a96db-a188-499e-ab51-1ce46f899eae,Gloria Son,F,2,0,0,-0.4029,0.4457,blended,-0.1677
c16de831-f518-403c-8f70-322708256fd0,Änna Pettway,F,4,0,0,-0.4032,0.3139,blended,-0.3306
e8091139-88c1-4049-9ea5-798c61d0e2c2,Gabriel Sweeney,M,2,0,0,-0.4039,0.5042,blended,-0.1068
05de0c71-15ed-47f0-9268-8ab4dbe34993,Harrison Kircher,M,0,0,0,-0.4039,0.4967,imputed,
aaf1f4fa-97a9-4f89-9634-ccd167c58e2c,John Carpenter,M,1,0,0,-0.4049,0.4912,blended,-0.2255
12e27819-a2a0-47e8-a4cb-05815ddb0488,Mike Block,M,0,0,0,-0.405,0.4189,imputed,
1a9b48ed-470c-4ed9-89c7-acf7fe198826,Dominique Canale,F,6,0,0,-0.4058,0.3204,blended,-0.4708
31a10230-a28c-4d17-b683-f16502bf5664,Miranda Cabieses,F,3,0,0,-0.4061,0.3454,blended,-0.342
9042aed4-6e55-4b8d-9872-a86c19674c2d,Mackenzie Lee,F,0,0,0,-0.4062,0.4239,imputed,
a19424ec-0553-456a-a6e6-505967a0f700,Nikhil Thakkar,M,7,0,0,-0.4068,0.3851,blended,-0.5327
92f24863-952c-4879-bea3-cd239d14931e,Isaac Solomon,M,2,0,0,-0.4068,0.5122,blended,-0.4867
938af778-757e-404a-9c64-53ba84ae8fa3,Kyle Burcher,M,3,0,0,-0.4075,0.4403,blended,-0.4793
4f59d9cc-5220-4fd1-9977-e33e8ac4937c,Max Davis,M,4,0,0,-0.4075,0.2515,blended,-0.3422
71117603-d8a8-4b35-8d9d-60dd26e28261,Kenai Rios,M,3,0,0,-0.4075,0.2607,blended,-0.4632
75daf027-e93f-4d1b-abcf-f617a5b4b50e,Tanner Crandall,M,0,0,0,-0.4075,0.4891,imputed,
d3d83342-445f-4bcc-b968-7d26bd821a87,Emily Monk,F,0,0,0,-0.4078,0.5013,imputed,
6016b013-cc6a-4ef1-9e56-3827032a5013,Erik Halbig,M,2,0,0,-0.4096,0.4435,blended,-0.3832
0b9fd1f7-d0c5-41cd-97e3-7eb41f5f6bf6,Benjamin Lander,M,2,0,0,-0.4096,0.3346,blended,-0.4096
aaafcef0-80a6-4074-ac32-3dd1c990d4bf,Shraddha Damani,F,4,0,0,-0.41,0.3187,blended,-0.1726
54f00c7e-7ef5-49a1-adfd-749469871268,Jack Robinson,M,3,0,0,-0.4109,0.3698,blended,-0.5496
ceca02ac-9596-4cf4-b7de-65249e49ec41,Casey Dominguez,M,3,0,0,-0.4121,0.345,blended,-0.4154
b9862abf-0d14-470f-b2ec-ab083d1da80d,Mohit Kherwa,M,0,0,0,-0.4122,0.5115,imputed,
99cc5492-75ab-40b7-9aa0-c4f1e3d15be3,April Lommen,F,0,0,0,-0.4124,0.4291,imputed,
538b20bf-b33a-4bf0-b623-46be00cd09e2,Kristian K,M,3,0,0,-0.4125,0.3348,blended,-0.5615
2b03f669-70cc-46f6-9dcf-c58eff653e01,Nachuan Ge,M,2,0,0,-0.4129,0.5063,blended,-0.5098
addf5ecc-bb6b-4475-af87-935435e1d35b,Bao Nguyen,M,2,0,0,-0.4129,0.405,blended,-0.4219
77e5fd48-291a-4780-879e-c06b1a11dcef,Ryan Dinsmore,M,4,0,0,-0.413,0.3547,blended,-0.5443
436bcdfe-1a5a-42ee-94d7-b29c12149f1f,Julianna Hess,F,3,0,0,-0.4134,0.3035,blended,-0.4057
e5ac8238-d08d-4ee4-8440-74cd1046103d,Daniel Gallegos,M,0,0,0,-0.4141,0.49,imputed,
7b367829-7009-4d72-b894-c93242558790,Elizabeth Puni,F,0,0,0,-0.4142,0.5099,imputed,
b42c35ce-0f52-450b-8a56-30c24c4ce7d1,Cade Lindgren,M,2,0,0,-0.4149,0.4365,blended,-0.0995
89f73110-a55a-4dbc-962f-ef45eb4c917d,Jennifer Spratley,F,0,0,0,-0.4154,0.5307,imputed,
b7f2543c-cb20-4c72-9358-86021d13d7c1,Mark Woodson,M,2,0,0,-0.4157,0.5187,blended,-0.4497
2b501b99-350a-40aa-a1b5-7af773b3b415,Gino D'Alessio,M,2,0,0,-0.4157,0.5034,blended,-0.4841
fd7296df-98aa-499f-9d3b-9d52e31c4f9c,Aleisha Horridge,F,4,0,0,-0.4173,0.3549,blended,-0.1133
b059bd8a-de37-4823-8baa-414caad8e0da,Tatiana Diaz,F,23,0,0,-0.4176,0.133,fitted,-0.5771
2b32ffb6-e68c-4be2-9eaf-96ca1c3d01ee,Miranda Mizera,,0,0,0,-0.4182,0.4982,imputed,
32bdc691-8251-489c-bc9d-ad350308ddf0,Blake Fox,M,9,0,0,-0.4191,0.2874,blended,-0.5232
e676f595-bd05-4489-9b23-9633e1545936,Amy Porter,F,0,0,0,-0.4194,0.5085,imputed,
6751b2e2-3393-42a1-ba9b-08cb7fe5250f,Chase Wucher,M,0,0,0,-0.4198,0.4987,imputed,
322b568f-e580-4dfc-ae52-bdff45339835,Shane Dowell,M,3,0,0,-0.4213,0.4545,blended,-0.4955
2ba55b93-98c3-4fbd-a963-95fc8467d00a,Kelly Jensen,F,8,0,0,-0.4223,0.1878,blended,-0.5896
1c6cea6b-8517-44c8-a116-fc865b86fc0d,Glenn White,M,4,0,0,-0.4239,0.2904,blended,-0.2979
df85d9df-414b-41cd-96a4-9ceb737eafb2,Timothy Hughes,M,7,0,0,-0.4242,0.2568,blended,-0.564
96a9bf8a-5856-4dcf-be2f-d7df01213ea7,Scott Cheng,M,4,0,0,-0.4243,0.4019,blended,-0.2856
76a39082-0bdd-44f4-9f0f-035e627e5b96,Brian Harshman,M,0,0,0,-0.4262,0.4718,imputed,
8219b763-05c7-4f9c-96de-23aae954a90c,Irene Sanchez,F,0,0,0,-0.4268,0.5081,imputed,
360a5d45-837b-4284-9cdb-7420c0c0c3f7,Christopher Dalton,M,2,0,0,-0.4281,0.4714,blended,-0.3603
d02f0502-9093-475f-a9f6-772cf0e3721f,Mikaela Smith,F,7,0,0,-0.4282,0.1949,blended,-0.5795
a56b53af-fa4e-4907-ae55-f834769fe98b,Jesse Boskoff,M,2,0,0,-0.4301,0.4539,blended,-0.2334
62c65cdb-fca8-41cb-97be-92296a49722b,Solo Latu,M,4,0,0,-0.431,0.3241,blended,-0.3792
6cbc4f21-40d3-4106-a5f1-f03a4bc788de,Caitlin Meendsen,F,0,0,0,-0.4319,0.5047,imputed,
5e613cca-a5e5-49da-b400-c2d45c1c6361,Aiden Petterson,M,2,0,0,-0.432,0.4461,blended,-0.4345
67a1b0e6-12ee-4071-bd63-5fc855a1d36a,April Marie Williams,F,2,0,0,-0.4325,0.3871,blended,-0.5255
02f13aba-f3ae-4e88-b5ea-8f598b1068c9,Alejandro Feliciano,M,2,0,0,-0.4353,0.4415,blended,-0.5357
e7ab27b9-826e-45be-86fb-25f3f9621bfe,Connor Fu,M,2,0,0,-0.4379,0.5126,blended,-0.4888
3d230ac3-c5ec-46d2-ad7c-091a767d0b44,Joey Nassos,M,0,0,0,-0.4387,0.4523,imputed,
48846fdd-8fd2-4cba-90bf-b3719854309f,David Lopez,M,2,0,0,-0.4391,0.5097,blended,-0.521
a548cb0e-607a-4996-bc0a-c8b6c8c9242c,Derek Louis,M,3,0,0,-0.4393,0.378,blended,-0.5771
2b7bae6e-9857-4c2d-b6d2-f9a77e42682c,Meredith Cutchin,F,4,0,0,-0.4401,0.3416,blended,-0.6015
ac5f6a8f-968e-4d78-8ed2-f09408815747,JJ B,M,23,0,0,-0.4403,0.1428,fitted,-0.6649
71e25d90-d98e-46a9-89fd-6b38f31d53d8,Robyn Cobb,F,0,0,0,-0.4406,0.5296,imputed,
38902d34-cb6b-4624-a904-5375f5abd62f,Courtney Waite,F,0,0,0,-0.441,0.448,imputed,
21d1b272-4f2b-44c1-ae83-dcf55fd264ca,Gavin Hume,M,3,0,0,-0.4415,0.3336,blended,-0.5253
1155f023-0489-4ad0-a2cc-83551adc9c02,Joseph Evans,M,0,0,0,-0.4417,0.4083,imputed,
caa4ef34-59dd-457b-9bae-c5812c3871c6,Kristiin Mets,F,3,0,0,-0.4428,0.2536,blended,-0.5377
3969d4ad-c532-4c49-83f3-57b4d43e57c0,Z Malvern,M,3,0,0,-0.4428,0.2768,blended,-0.6065
5f131069-cbea-4767-8200-816a683d6ed0,Una Tafuna,M,0,0,0,-0.4434,0.4556,imputed,
a0b5241c-2444-4eda-b950-c95d02bc3458,Ethan Varney,M,3,0,0,-0.4442,0.291,blended,-0.5833
b7987c1c-ec03-42a2-9aaf-dde3d805dddc,Sienna Susko,F,0,0,0,-0.4442,0.4628,imputed,
dada162a-2b94-43da-99e4-9bf3efbfacc4,Thilehang Tra,F,0,0,0,-0.4443,0.5018,imputed,
91846d4e-67fb-4891-87a6-bed8362b8e2c,Olivia Phillips,F,9,0,0,-0.4445,0.1649,blended,-0.6512
24298110-497a-40fb-8c16-c7633e7e0b54,Vishweshsingh Gour,M,2,0,0,-0.4446,0.4657,blended,-0.4668
139957b3-8379-425b-83a6-1d36e9e0fb03,Cameron Drummond,M,4,0,0,-0.4451,0.4206,blended,-0.3292
a359b7c5-7f5c-4b4e-942b-4ea0c2856428,Caedmon Rux,M,7,0,0,-0.4455,0.2336,blended,-0.6043
d69ec633-93c9-4d07-8870-be9f5acd5330,Rachel Rettger,F,14,0,0,-0.4456,0.2073,fitted,-0.9238
4d4d582c-83af-4614-984d-badc9d00f8d4,Mara Curry,F,8,0,0,-0.4462,0.1637,blended,-0.5991
f69df1f8-33f7-4165-9f13-ad6fc5c78a0a,Grace Chen,F,0,0,0,-0.4471,0.5327,imputed,
16e09fcf-0d79-4e88-bccb-09cfad9603e1,Dylan Wang,M,3,0,0,-0.4472,0.383,blended,-0.5597
94cfb7cf-9142-4b9e-b6ec-1646e4711f29,Mya Barron,F,9,0,0,-0.4474,0.169,blended,-0.6584
3e391ad6-feb2-4146-be4c-eb91a2f8419b,Brenton Brakke,M,0,0,0,-0.4476,0.4883,imputed,
d3866d5f-8d20-4160-bfb8-98dc92793502,Guillermo Jacquet,M,3,0,0,-0.448,0.4027,blended,-0.2809
63ba551d-501c-4d59-b2b2-612cb2253f27,Ooi Kah Yan,F,6,0,0,-0.4482,0.2559,blended,-0.6377
84a2e8e4-b4fd-4625-8011-244c37e62b72,Jessica Mason,F,21,0,0,-0.4493,0.189,fitted,-0.6449
7c10aa79-58a5-444b-bd67-839edea5fff1,Jordan Delagarza,M,2,0,0,-0.451,0.5195,blended,-0.485
79fb4028-6b8f-4eea-9309-0fd9fdcd27dc,Jonathon Hart,M,22,0,0,-0.4511,0.1756,fitted,-0.7219
f67e97cf-508e-4f69-84fc-8564b06a2855,Andrew Kutsch,M,7,0,0,-0.4512,0.2571,blended,-0.6583
e422ab0e-6f27-47df-b1d6-295dd1d099cc,Jason Lateko,M,0,0,0,-0.4523,0.3887,imputed,
61350c56-30aa-4ddd-856c-53bca40400b6,Yawen Li,F,0,0,0,-0.4523,0.525,imputed,
df990f32-faa4-4219-a3b0-22338149eac1,Angie Bong,F,4,0,0,-0.4536,0.3341,blended,-0.3576
93fefaba-26c1-4a54-af12-fae386141771,Christian Bokich,M,2,0,0,-0.454,0.5023,blended,-0.5309
d4d0be95-8ae2-4dec-8865-10dd0ecfecf1,Ashton Batman,M,2,0,0,-0.4544,0.5131,blended,-0.5155
a1fa57bd-018f-4a50-83a0-0f5ccd8aba87,Kirill Osadchuk,M,2,0,0,-0.4548,0.4807,blended,-0.3861
b17f3f86-25f6-483f-98fa-b392828ae7f1,Leona Huynh,F,3,0,0,-0.4549,0.3798,blended,-0.1726
3556c981-b44c-4e20-8927-7a25d94c70da,Sarah Turk,,0,0,0,-0.4552,0.5088,imputed,
2d185040-502c-4def-96ef-d31b248f2916,Alexander Verdiyan,M,2,0,0,-0.4553,0.4493,blended,-0.5501
271217d3-adc4-42e7-9aa5-a8e541085ab5,Roger Phung,M,4,0,0,-0.4558,0.2914,blended,-0.4813
099f73e4-578d-4eb1-9a31-955b0da91bdb,Sara Perles,F,0,0,0,-0.4564,0.4097,imputed,
a5337432-5745-4c68-a0d0-e6a7695e92cb,Bich Hua,F,0,0,0,-0.4564,0.485,imputed,
d20e0656-e558-4407-b70c-852724d08c21,John Nguyen,M,3,0,0,-0.4592,0.372,blended,-0.6159
7ee21624-8754-47b0-8b82-311bd39f7608,Sam Perlman,M,9,0,0,-0.46,0.2112,blended,-0.5417
f0b5dd7c-b0bb-42d0-90b9-2027dc8b3ed9,Courtney Kendall,F,4,0,0,-0.4615,0.3385,blended,-0.1127
1546152d-75d7-4146-850e-3c6271d53f63,Conor Stone,M,2,0,0,-0.4616,0.4866,blended,-0.5737
41b819ef-901b-415e-ae32-da0464a7c533,Atsuki Suto,M,2,0,0,-0.4641,0.3732,blended,-0.4168
d842ba84-6456-48b3-96b7-e0b724dc70fa,Christopher Cozzillio,M,2,0,0,-0.4657,0.4443,blended,-0.1623
2fa0b7f9-eb0e-4cfb-b4de-210be93781ea,Graham Duncan,M,2,0,0,-0.4658,0.3973,blended,-0.5864
160916cc-3c82-47cd-8796-04ad5c10018c,Ryan McWilliams,M,4,0,0,-0.4662,0.4506,blended,-0.6147
50cbdfa9-8c00-4007-8c5e-71c7d560ff6f,Loren Hsiao,M,3,0,0,-0.4664,0.2821,blended,-0.6149
bff06b62-8444-4026-875b-2f112258c39d,Ethan Palisoc,M,0,0,0,-0.4664,0.4486,imputed,
369af658-a9ee-4dab-9dce-a8e05148c272,Kelsey Brading,F,5,0,0,-0.4687,0.2554,blended,-0.6724
6802fe0e-5fb6-49f0-8249-4339348abae2,Luke Milligan,M,4,0,0,-0.4692,0.305,blended,-0.4342
9089ab8d-44e3-47bb-a8cf-66aed466d238,Chetan Desai,M,2,0,0,-0.4699,0.4919,blended,-0.5386
09830d3e-0c01-443d-902f-827baab49e9d,Joshua McKinley,M,3,0,0,-0.4699,0.3058,blended,-0.6287
5bbf0a65-e411-4786-ae1d-e07d266a60f3,Robert Marquardt,M,2,0,0,-0.4703,0.5155,blended,-0.483
fdc1c85f-5605-4d7c-8ddd-67e773571f8a,Jennifer Buchanan,F,2,0,0,-0.4722,0.5045,blended,-0.5219
4d9c2831-6ec5-49dc-9af4-a3c9501c6763,Joshua Spencer Jr.,M,3,0,0,-0.4729,0.2813,blended,-0.4803
60a09d50-080d-47bc-86eb-e86119cc3ee9,Corbin Devlin,M,2,0,0,-0.473,0.4431,blended,-0.5291
a2dcbf17-8869-4bf0-befd-3802496c4947,Steven Long,,0,0,0,-0.4733,0.4628,imputed,
5c9f96c5-2e57-41db-9618-143acc62a01a,Wilson Nguyen,M,7,0,0,-0.4753,0.2476,blended,-0.5087
4828db42-be42-4d35-96be-a2a81a316c42,Joanie Benoit,F,0,0,0,-0.4754,0.5214,imputed,
fcef875a-f4f7-4758-9cc3-285b58619aaa,Zanaiya Anderson,F,4,0,0,-0.4789,0.32,blended,-0.6052
1221abd5-4142-49a8-8b3b-2fbac9d5ec93,Wilhelm Lubbe,M,2,0,0,-0.48,0.5005,blended,-0.5518
e24ab173-16b6-4d1b-9c6b-d1631b1290d8,Wakana Nagahara,F,0,0,0,-0.4805,0.5042,imputed,
88e7f1b9-9fd9-4993-86a9-78db093f27e2,Emy Bergeron,F,0,0,0,-0.4819,0.5223,imputed,
2f17f9d8-4e66-4fb5-a2fd-a226f59bac5a,Hanna Duncan,F,0,0,0,-0.4828,0.4222,imputed,
5f0a14f3-a0bb-491b-b8f7-be4b722c7dfc,Sandeep (sam) Sanga,M,3,0,0,-0.484,0.3801,blended,-0.5095
74bd4042-88bf-4b7d-82fd-3d5f118daf6b,Brandon Burr,M,11,0,0,-0.4841,0.3191,fitted,-0.5974
ff803870-a34e-4fbf-a11a-851cb1d9e7cb,Gavin Vander Schaaf,M,2,0,0,-0.4846,0.3493,blended,-0.6395
9f8da915-8e56-4807-8058-305b4c7bf104,Raffael Barretto Agulha,M,4,0,0,-0.4848,0.432,blended,-0.4296
cacb75ca-852a-4b07-8b61-f660e68fda4b,David Tran,M,2,0,0,-0.4851,0.3561,blended,-0.6067
b1a4ef0e-d5d2-4074-ae82-4cbe8326b1ed,Christian Milan,M,2,0,0,-0.4855,0.4306,blended,-0.5925
4e142ba9-eb33-4545-ba9f-0bc6906c80f9,Sam Brothman,M,11,0,0,-0.4866,0.1629,fitted,-0.6789
76bd1fff-1130-4d40-ae30-fabab5a58875,Audrey Viator,F,3,0,0,-0.4867,0.3169,blended,-0.6205
879fd924-f999-4351-8df5-92c438daeb4c,VU Truong,M,2,0,0,-0.4871,0.3964,blended,-0.6067
d6ef0c8e-055a-4f58-bbbb-2f0964ce9ba1,Pierre-Marc Blouin,M,2,0,0,-0.4881,0.4937,blended,-0.5623
35b355fb-8cd0-4a20-84ef-7074b70cfb1e,Jahan Vijeh,M,4,0,0,-0.4887,0.4307,blended,-0.5643
99583ab7-b0df-4268-a085-4ae4992c96b6,David Murillo,M,2,0,0,-0.4887,0.4905,blended,-0.51
93ccc589-6333-48eb-8f92-db34ef873e51,Alexsander Benica,M,3,0,0,-0.4891,0.261,blended,-0.585
1fb40f60-de13-4a90-aa36-124dfc053a50,Jian Zhong,F,0,0,0,-0.4891,0.5158,imputed,
dbaf6478-789c-48ef-b916-a52def5802cb,Sieu Ee Toi,F,0,0,0,-0.4895,0.4385,imputed,
1cc04f43-9a69-4b16-9333-c5e182c2eef8,Richard Carr,M,2,0,0,-0.49,0.4727,blended,-0.5712
552f3630-ab1e-4c16-a44d-863266cd4c00,Brendon Hale,M,3,0,0,-0.4917,0.3774,blended,-0.5139
378ca32a-0e1c-4adf-8036-3bf5c16ff1c3,Tan Lam,M,3,0,0,-0.4938,0.3389,blended,-0.5049
38b26eb3-ce7e-4998-b09d-ea99a614c7a9,Oswin Konarske,M,3,0,0,-0.4949,0.3845,blended,-0.6498
50cb7d9b-b835-4ae5-bb62-91d23bc81235,Anne Aldridge-Peacock,F,0,0,0,-0.4952,0.5228,imputed,
bcc494bc-5aed-4094-84a0-54da933a7ce5,Brett Barrette,M,0,0,0,-0.4953,0.4953,imputed,
72c6c209-9a50-4919-95fb-4c5d6f8570a3,Troy Davis,M,2,0,0,-0.4954,0.4148,blended,-0.5535
4a8c0d78-7786-4ef9-a32e-f1f2d134c6ab,Jay Patel,M,0,0,0,-0.4955,0.5097,imputed,
8480cf29-f806-4726-978e-4fd21dff2736,Yuichiro Aoki,M,2,0,0,-0.4963,0.4625,blended,-0.5832
75badefe-86dc-4568-bfd8-20fcf1bd12da,Aleks Westlund,M,4,0,0,-0.4979,0.3177,blended,-0.6476
5b4bdab0-7760-4740-9bcb-779225f3177e,Kenny Burst,M,0,0,0,-0.4982,0.4806,imputed,
e1bad502-d207-4005-8180-a506e8b65a01,Zach Wright,M,2,0,0,-0.4987,0.5187,blended,-0.5136
8b67a6ee-f6a1-458b-bf68-398cefb1a7a5,Myda Pham,F,3,0,0,-0.4987,0.3037,blended,-0.5991
059a6b4a-f3e9-423a-8fd6-11dd5e8ffe53,Savannah Vo,F,0,0,0,-0.4988,0.466,imputed,
dd4ce85f-189f-4258-82b0-11d5e25a486c,Emily Anderson,F,0,0,0,-0.499,0.5244,imputed,
78f4aae9-bf6a-49d0-814b-c2d72e285d98,Emily Butler,F,3,0,0,-0.4994,0.3501,blended,-0.6426
01896d81-137e-4ebe-b18b-8d1c3beeb375,Isaac Hall,M,3,0,0,-0.5006,0.2797,blended,-0.5995
0e2e2c5c-e628-4b06-ad6e-f2c3984b162b,Tarie Caouette,F,0,0,0,-0.5009,0.4353,imputed,
d13c42db-7517-442e-b456-f6a2b375c8a7,Tony Spinuzzi,M,5,0,0,-0.502,0.4149,blended,-0.5806
f9f56ac8-1d70-495b-bd29-a81b97385328,Leo Chang,M,3,0,0,-0.5024,0.3754,blended,-0.6223
78bf13d5-d78b-4b0e-8171-da604dab570d,Thomas Bruchu,M,2,0,0,-0.5035,0.484,blended,-0.2703
b46aac2f-44bc-421c-a5a3-4d96aa8c5832,Alison Wagner,F,3,0,0,-0.5056,0.3075,blended,-0.636
f1d66fb0-2fbb-4b01-967e-81ee63450ced,Sabrina Korpi,F,0,0,0,-0.5062,0.5499,imputed,
567f76b1-727c-46dc-971c-3c455961c872,Holly Raeder,F,2,0,0,-0.507,0.4883,blended,-0.4702
6c47d9c7-5166-4b60-9747-0fc1ed288f62,Kirsten Myers,,0,0,0,-0.5072,0.4802,imputed,
d85dfa7a-0fa1-47db-8719-6a48c6c88b31,Erik Cabildo,M,2,0,0,-0.5074,0.5124,blended,-0.5643
ab82ef41-a4b2-4e65-a94a-bfefb5238962,Nina Michelle Carazas,F,3,0,0,-0.5104,0.4976,blended,-0.5702
ceca9287-d2d2-472f-b15e-d9d97fefbfb2,Justin Hillsten,M,3,0,0,-0.5106,0.4972,blended,-0.5782
ba2a2f06-613a-4ebc-88bf-c4694d31998b,Nicholas P,M,4,0,0,-0.5117,0.302,blended,-0.5735
c72a6869-2853-46ca-bb28-344c9ece04bf,Desmond Luke,M,2,0,0,-0.5122,0.4106,blended,-0.4442
49a188a5-9cda-4eec-8dc6-430b20da575a,Kristofer C,M,2,0,0,-0.5136,0.4032,blended,-0.6474
6339a308-8030-4607-bf86-399f36f8e9ab,Rose S,F,6,0,0,-0.5157,0.2201,blended,-0.664
2a8b7adb-5f06-4b01-88a7-86e56d8d9274,Hannah Fife,F,8,0,0,-0.5166,0.1854,blended,-0.8276
ad7d4a11-65c3-431c-8645-1ce77bab7cec,Troy Jolley,M,0,0,0,-0.5166,0.5172,imputed,
9552f071-87fe-4a15-9673-c3002512cc95,Bethsabe Rameix,F,2,0,0,-0.518,0.4553,blended,-0.5211
5ebeb666-30f1-49ea-9a6c-3acaafc78622,Alex Rosa,M,3,0,0,-0.518,0.2796,blended,-0.6544
99a2c15e-b177-4c99-9eb4-f5d4e518e6f9,Eden Malloy,F,10,0,0,-0.5181,0.1894,fitted,-0.7458
56ddb8c0-c679-4968-a339-f1f5acf1bdba,Alex Yip,M,2,0,0,-0.5188,0.3221,blended,-0.3646
ccb97a48-d6d9-4ef2-9930-7d2632c1bda2,Landon Morris,M,3,0,0,-0.5194,0.2924,blended,-0.6753
e978066b-18da-4a06-b190-c48fb704f34f,Ashton Bradley,M,4,0,0,-0.52,0.2749,blended,-0.5959
e4326126-297c-4248-9e25-2be3aa3b97fc,Pini Lee,F,0,0,0,-0.5203,0.5097,imputed,
2b1d00c9-3430-4662-a8ca-5428ef664d2f,Justin Archer,M,2,0,0,-0.5224,0.5104,blended,-0.5838
2dde5c37-c3ba-4c5b-b948-c94dd024dcff,Lawson D,M,3,0,0,-0.5232,0.3007,blended,-0.6846
5e5e27c7-e3bf-479b-b339-4276a5fa5516,Jolie Lam,F,2,0,0,-0.5244,0.3443,blended,-0.5544
a64e78b8-6baa-4a5c-9eaf-af737685991b,Kameron Smith,M,2,0,0,-0.5248,0.4691,blended,-0.6099
1427f8e1-2be2-4700-9662-39259e06567b,Sara Bochte,F,0,0,0,-0.5268,0.5281,imputed,
7fe81996-b961-4578-95a6-d97c55768e96,Tendai Tapfuma,M,2,0,0,-0.5273,0.4156,blended,-0.3866
52b3c558-7925-4947-94c9-bcb038fed9da,Daniel Tang,M,2,0,0,-0.5275,0.5005,blended,-0.6462
e37ced09-b9b5-47b6-83ac-1f95ade36a3b,Mikhail Johnston,M,3,0,0,-0.5276,0.3497,blended,-0.6723
7ab907d6-474a-45b3-bcf3-cb3040296ba6,Brandon Hamilton,M,2,0,0,-0.5278,0.5106,blended,-0.5567
833d1a23-c533-4b29-9e90-852a93438319,Elizabeth Pérez Ford,F,2,0,0,-0.5278,0.4131,blended,-0.6037
1216c43e-17fa-4918-88d3-4f8b9d663dd0,Daniel Price,M,3,0,0,-0.5282,0.316,blended,-0.6882
5c05f6e3-62fa-4499-9305-cf4d69f14ea0,Luke Riley,M,2,0,0,-0.5293,0.4337,blended,-0.5714
ca02c5fc-f8ba-4cfd-851e-d5d73a3c98fd,Taylor Clemen,F,0,0,0,-0.5293,0.4472,imputed,
49d53a66-df0a-4419-892e-0fe6c788391e,Wendy Weston,F,4,0,0,-0.53,0.3995,blended,-0.2983
91ccec0d-b14e-41bc-8a23-0d9bcacfbe5b,Kevin Pham,M,2,0,0,-0.5319,0.3555,blended,-0.7134
0a90c650-b2ed-4733-b6f2-2a578995b5af,Daniel McIntyre Ii,M,2,0,0,-0.5324,0.4614,blended,-0.628
7ad9d2f7-da74-41dc-816b-60d0b8bbe93c,Meghan Hart,F,0,0,0,-0.533,0.4706,imputed,
08843785-d3ca-43a7-840e-5ebf2877af5b,Spela Sluga,F,0,0,0,-0.5332,0.5261,imputed,
a18dd7e4-fac6-4108-86af-243de30842d4,Jessica Degroot,,0,0,0,-0.5335,0.4345,imputed,
e8acf949-82be-48f0-9291-3eedbc1d75aa,Li Ting Su,F,2,0,0,-0.535,0.4054,blended,-0.3891
ddce7855-2b2c-4746-8843-985e044e5f4d,Martina Wynia,F,4,0,0,-0.5389,0.275,blended,-0.5675
158f62ac-d710-486f-a8ea-65a3cd9cd5e4,Lindsay Baker,F,0,0,0,-0.5398,0.4795,imputed,
15a6231b-a870-4d8a-9329-d80f58c4619d,Hyunmo An,M,0,0,0,-0.5421,0.4765,imputed,
75e6585b-01de-494f-bff3-5dcb9141ad4d,Peyton Bernstein,M,8,0,0,-0.5428,0.192,blended,-0.7608
5484221f-688c-4f2d-8ab0-12d262a921ff,Brenton Jolley,M,4,0,0,-0.5444,0.2619,blended,-0.5388
6bf06e45-ed81-4e29-96cc-93745efe5761,Anne Arnold,F,2,0,0,-0.5446,0.4826,blended,-0.5582
162df7a5-a024-4861-b7f4-c2da6b6c8794,Olivia Pedro,F,3,0,0,-0.5452,0.3649,blended,-0.6726
49ccdd02-d5ff-4145-85a2-722997681193,Vladimirus Timchuk,M,3,0,0,-0.5471,0.4679,blended,-0.5511
d5064407-fee1-41a5-9bee-9db6f9fb82c8,David Galloway,M,2,0,0,-0.5478,0.467,blended,-0.6232
af807318-5543-452c-8e4f-8dd1b5f7573b,Pie Kipnes,F,6,0,0,-0.5499,0.2338,blended,-0.6799
24aa475d-722e-4ff5-8ecd-006083f23e46,Aaron Allen,M,0,0,0,-0.5502,0.4314,imputed,
d59bb438-8009-4dc1-8f6a-2e365464de8d,Allie Kostyniuk,F,2,0,0,-0.5511,0.4941,blended,-0.4564
1fa6b14f-c16a-4c41-82e5-31d8464c1c76,Christopher Macdonald,M,3,0,0,-0.5512,0.3361,blended,-0.6921
f2ea5b33-f909-4aa2-9510-7c4d3a1e6825,Christee Chargot,F,9,0,0,-0.5516,0.2206,blended,-0.6926
d788a162-6925-45f3-9554-e306f4f12f69,Juanita Magardie,F,0,0,0,-0.5522,0.5046,imputed,
539d20f9-62a4-41dd-9022-421d8fd84560,Alex Garuba,M,3,0,0,-0.5523,0.4149,blended,-0.6681
9c48b5da-509f-4a96-bd96-5847989cf8dc,Martin Vladimirov,M,3,0,0,-0.5534,0.3542,blended,-0.7227
c22f26ba-c999-4743-8fa1-03028ba40514,Francesca Randazzo,F,3,0,0,-0.5538,0.2574,blended,-0.6331
74d03f10-f4b4-438c-bc5a-2a652f9c1602,Jacqueline Vitale,F,0,0,0,-0.5544,0.4381,imputed,
51496adb-fb51-416a-80cf-6a76423310f5,Iliana Petrova,F,2,0,0,-0.5556,0.4357,blended,-0.1324
d226188a-c140-4369-9c61-6bf56ab3f931,Kristen Van Dernoot,F,0,0,0,-0.5574,0.4083,imputed,
d33abc79-fb21-487a-a225-addbd8995835,Jackson Wurzer,M,3,0,0,-0.5579,0.2857,blended,-0.7612
9e9717d7-c8c4-40b3-b77f-4a61b043081f,Mario Bandeira,M,7,0,0,-0.5582,0.1919,blended,-0.7676
49a86f34-ea0d-4494-9d88-c3d741240d91,Kara Evans,F,2,0,0,-0.5622,0.4015,blended,-0.512
338d2cda-f831-45e0-bf04-1766efe499f1,Josh Oothoudt,M,4,0,0,-0.5623,0.3423,blended,-0.5636
2349a494-cd68-4f1e-9d03-5d4b4fc9cc85,Sam Rondorf,M,3,0,0,-0.5626,0.4768,blended,-0.5809
1f3d0b68-82a0-40c9-99dc-66a7e53bed1b,Ana Marija Banic,F,3,0,0,-0.563,0.2591,blended,-0.6373
f30a846b-f77b-4270-99fe-f0cf918a8d28,Sarah Bowman,F,3,0,0,-0.5647,0.3517,blended,-0.6802
3c76112e-022e-47a0-8e68-f726118c5eb6,Eduardo Correia,M,2,0,0,-0.5668,0.3578,blended,-0.5569
8427a489-a90d-412a-9871-f4c0e1249da0,Peter Le,M,15,0,0,-0.5689,0.1707,fitted,-0.7574
7e288509-e0b7-4b6a-ac3c-b2613aac13d9,Luke Holmberg,M,3,0,0,-0.569,0.4796,blended,-0.6805
c0e78f76-d412-437e-a028-cd625bd5fec0,Gretchen Lund,F,3,0,0,-0.5701,0.3208,blended,-0.3295
dee8e3c0-b1a2-4f26-8ac8-49e74a619b7c,Jarrod Owen,M,2,0,0,-0.5717,0.4768,blended,-0.6498
775c4b81-1e0c-45c8-b380-fca6507c7e73,Van Morgen,M,6,0,0,-0.5721,0.2141,blended,-0.7414
7292c1c6-d7a2-4926-8a90-2bb042965f2a,Lucas Sanchez,M,2,0,0,-0.5723,0.293,blended,-0.4328
a4290bac-f088-4b86-a3d4-ff7f367d1fdd,Christian Harkins,M,2,0,0,-0.5724,0.4633,blended,-0.1392
b5fc3678-cb97-4db9-893a-f7180a6e2ff9,Kyou Inomata,M,2,0,0,-0.5731,0.41,blended,-0.4682
b346f506-38ce-4320-a52b-82e1f2ff44d9,Meray Maalouf,F,0,0,0,-0.5745,0.4512,imputed,
617f573b-5a95-4a35-b5ee-44ee16b610a9,Jia Yi Tan,F,2,0,0,-0.5759,0.3088,blended,-0.7075
d6efd47e-1b45-47fb-a6e6-124f29020e63,Elizabeth Roy,F,0,0,0,-0.5761,0.3981,imputed,
92fafdcc-2131-4287-815d-cfa5246f0f24,Justine Delport,F,2,0,0,-0.5776,0.3713,blended,-0.5081
e98af3da-abfc-4df9-bbc7-c0c95bb062fd,Nalitha Danwatte L,M,2,0,0,-0.5788,0.4721,blended,-0.4256
d212fa85-d1ac-464b-9574-8439425e061d,Lachy Donnelly,M,2,0,0,-0.5805,0.4493,blended,-0.4213
6b9eb8f3-f4da-4890-ac19-6cf2fff87bfd,Nico Regas,M,2,0,0,-0.5818,0.3421,blended,-0.6212
84c4fa6d-bb9c-4901-a87a-9d1c6623acba,Liam Porterfield,M,4,0,0,-0.5822,0.314,blended,-0.579
3cd768d1-2fc8-4e80-ac48-6556624ac7b1,Austin Moseley,M,3,0,0,-0.5832,0.2972,blended,-0.6294
252f8173-5e33-4598-a828-7d7381e4d495,Nora Tan,F,4,0,0,-0.585,0.4238,blended,-0.2187
15760e87-c678-4d81-a994-3a731dd9d9e9,Ryan Stotland,M,4,0,0,-0.5882,0.3632,blended,-0.502
1a379f3f-8db1-4783-9fe0-9bbd0ddb220e,Faathih Haider,M,2,0,0,-0.5893,0.4555,blended,-0.1975
e434a5ef-6f77-4109-9d86-8a72a392de31,Cami Gonzalez,F,3,0,0,-0.5895,0.3643,blended,-0.6342
92df1850-59f8-4681-8237-3b95b5a0770a,Meghan Sutherland,F,4,0,0,-0.5895,0.2589,blended,-0.7062
420727ea-c560-4737-b9c0-5e44bdd36c88,Marie-Claude Boisvert-Bégin,F,4,0,0,-0.59,0.2737,blended,-0.4748
32a2476a-bcbe-4caf-ba61-8e3896d867ab,Matthew Pattison,M,2,0,0,-0.5904,0.4968,blended,-0.6331
97571794-5221-407e-b67e-dc4ab409bd4f,Nik Škrjanec,M,4,0,0,-0.5909,0.2639,blended,-0.6867
f9b3749b-c34a-4c99-9cd0-437c26684412,Maya Roderick,F,9,0,0,-0.5945,0.2302,blended,-0.85
9c9c45e5-6fb8-4f4f-a85e-16cebb11972d,Andi Godwin,F,11,0,0,-0.5958,0.1988,fitted,-0.8605
c728a8d3-ea38-4c83-8624-b95cd831a84a,Zach Stout,M,3,0,0,-0.5961,0.3669,blended,-0.512
77d30adc-21f8-4ca8-8ace-468c57a91899,Mark Potes,M,4,0,0,-0.5964,0.3883,blended,-0.48
3d751ec1-2bd2-4b28-82e2-a56df940a251,Jordan Boland,M,9,0,0,-0.5966,0.2405,blended,-0.7309
73f50d1e-71dd-479b-90ea-c6f7ce2ec6ae,Joshua Small,M,3,0,0,-0.5973,0.3512,blended,-0.5741
1b08c83f-014b-49ab-a517-d5e2283a42fd,Rakesh Jampala,M,5,0,0,-0.5973,0.2712,blended,-0.6946
01dc67b2-027f-4b75-8f9e-acb97e09fa02,Neil Wu,M,3,0,0,-0.5975,0.2846,blended,-0.7394
df250647-5cc3-46ab-b922-d7a6c8d24ade,Alex Cortes,M,4,0,0,-0.5979,0.3971,blended,-0.3529
971ba153-791a-4e73-9228-ae02d06655af,Ash Williams,M,2,0,0,-0.601,0.4348,blended,-0.4477
b8aec6e9-6a0c-427f-b041-57680465afc7,Jesse T,M,2,0,0,-0.6018,0.4514,blended,-0.6937
59faac8b-b3b6-4ca6-8425-f002bc605021,Damon Magana,M,3,0,0,-0.6022,0.3166,blended,-0.6989
518d2420-ef49-441e-b8a5-8f4d6e8d2b49,Astrid Torres,F,0,0,0,-0.6041,0.4408,imputed,
815df03d-f46f-4bfa-81e3-f62be561cfdc,Rawad El Kontar,M,2,0,0,-0.6077,0.441,blended,-0.4796
573bf5af-8fea-4089-a651-bccc2ee89fb2,Kevin Rushton,M,3,0,0,-0.611,0.3281,blended,-0.7626
3b2d5c06-4309-47e1-bb99-16fc15b8895c,Samantha Rutledge,F,3,0,0,-0.6117,0.434,blended,-0.7045
22989ac3-e778-487a-ba32-a30243acd294,Christine Trifunovic,F,2,0,0,-0.6121,0.3772,blended,-0.4478
b38a1c9d-c527-4b48-974a-7e7d6ee8a332,Justin Duchow,M,1,0,0,-0.6126,0.4489,blended,-0.7182
4bf0bbb7-fd59-4276-8f66-a8ef9c247af3,Rabin Shetty,M,2,0,0,-0.613,0.4096,blended,-0.7331
bfb9a85f-b7c0-4250-b4e5-86f91fb63c3a,Ney Lepre,M,3,0,0,-0.6135,0.2755,blended,-0.683
dd528650-52b3-4ef2-b12b-1457831a82e0,Miro Kocik,M,2,0,0,-0.6143,0.4811,blended,-0.7118
993133eb-ba56-46ad-9289-0792be7cbe33,Christ Payne,M,2,0,0,-0.6155,0.493,blended,-0.6774
431567a8-9790-48fd-b555-92a53543f3b6,Keenan Duong,M,2,0,0,-0.6155,0.4198,blended,-0.6758
4960b688-ba25-43af-8f6b-daf0e64a308a,Filip Cernak,M,4,0,0,-0.6167,0.2353,blended,-0.7093
e559dad3-5cf6-4f56-aece-6aae061bd0d7,Gabby Clarke,F,2,0,0,-0.6183,0.4655,blended,-0.6664
bc133bf9-9068-4bef-88e7-5d46f60094b7,Louis Wegner,M,2,0,0,-0.6187,0.5276,blended,-0.1875
589142d4-9b69-44de-bcf8-ad57787e3b46,Abel Villaran,F,0,0,0,-0.6189,0.4664,imputed,
802f121b-6db4-437a-a20c-27f87bed2155,Eddie Sada,M,2,0,0,-0.6193,0.5085,blended,-0.3026
835316a0-5d8f-41b0-ad88-83111f97f736,Ayres Burkhalter,M,4,0,0,-0.6206,0.2974,blended,-0.774
12d5b380-67ff-41fd-ac1d-57c4f0b24a74,Chiara Francia,F,3,0,0,-0.6211,0.297,blended,-0.6844
de592673-5333-4bfe-a235-ffd367bb4ae0,Michelle Southwick,F,3,0,0,-0.6212,0.4607,blended,-0.5887
61126a5b-a685-4315-ad68-7b5e25454513,Lauren Dahm,F,0,0,0,-0.6213,0.4445,imputed,
2b263831-6c1c-4189-8e0f-b7c6459cf415,Cassie Postma,F,3,0,0,-0.6232,0.2474,blended,-0.688
7046d4f1-32da-43f0-956b-93efc3f1f457,Lucas Erlikh,,0,0,0,-0.6233,0.4358,imputed,
013ec48b-8d63-4849-840c-948862965f08,Jak Crow,M,5,0,0,-0.6237,0.2772,blended,-0.8594
2fdeb092-5b3d-4788-9eca-29e32cad0bee,Averie Stalnaker,F,4,0,0,-0.6245,0.4457,blended,-0.6972
3b3ef17a-70e5-42fd-a6d0-6d1c0f8ba3ee,Yohance B,M,4,0,0,-0.6255,0.4591,blended,-0.6889
f5cdeca1-4dbc-49e3-a156-95e6c43be8a6,Louise Reynolds,F,0,0,0,-0.626,0.5496,imputed,
76258139-f15c-4707-88bb-3718e17d0c9d,Chris Dickson,M,3,0,0,-0.6266,0.396,blended,-0.7475
14291f4f-5d38-480b-9845-5046ea7c2f9c,Savanna Koss,F,0,0,0,-0.6267,0.4981,imputed,
4545027e-5be5-4cf3-83c2-a410d325fa6f,Andre Vu,M,2,0,0,-0.6274,0.4034,blended,-0.3249
20821fb0-a349-45b0-a3ac-5bbd8f1714ee,Carolina Correia,F,9,0,0,-0.6292,0.2677,blended,-0.7654
c3e305ea-34d6-4e4b-85d1-b81de2219288,Danny Spelfogel,M,3,0,0,-0.6293,0.3385,blended,-0.661
79dbc533-9663-4a69-a7f7-d06ecd785f46,Maddy Stone-Wheatley,F,3,0,0,-0.6322,0.35,blended,-0.523
330b8269-91fd-4a1f-ae38-9df3c2eb184c,Tony Fachaux,M,0,0,0,-0.6325,0.4386,imputed,
e5825a13-5549-4326-9411-acb98818a63a,Jeremy Lemenager,M,4,0,0,-0.6328,0.4418,blended,-0.7298
b7378a50-31c2-4459-8755-e2409c951f9a,Kate S,F,5,0,0,-0.6329,0.2239,blended,-0.7385
845d332a-748a-4dbe-8c3b-0814e9ba42b0,Gregory Nitayamekin,M,2,0,0,-0.6344,0.436,blended,-0.6759
8e0345fe-05d0-4fd3-91ba-222281c80dc5,Skylar Amos,F,0,0,0,-0.6347,0.5402,imputed,
55e6aab2-a5c1-477b-9d39-aa5750ae8a4c,Cassie Aiello,F,4,0,0,-0.6371,0.2951,blended,-0.5487
1488feea-9036-4234-b024-b3aab3dae540,Brianna McCullock,F,0,0,0,-0.6373,0.427,imputed,
76ce7a52-9758-48e0-935d-14d9487babea,Sean Wingo,M,3,0,0,-0.6376,0.4781,blended,-0.7156
5795a6cc-bbd5-419c-b784-22e402d5538f,Jacqui Lukies,F,0,0,0,-0.6407,0.546,imputed,
9bd1437e-fd56-479a-bf55-1ecdd2e07682,Bradon Ly,M,2,0,0,-0.6411,0.3623,blended,-0.533
f7bfa4a2-ad90-4878-81cd-0885df20c474,Alexis Debol,F,2,0,0,-0.6437,0.4365,blended,-0.4014
f77de76d-1679-4ad6-be27-0eb118ac20c2,Vamshi Chatla,M,2,0,0,-0.6437,0.4806,blended,-0.7176
ac1495e5-7e1e-4dd0-a25a-191097753c9a,Keegan Allahyarian,M,30,0,0,-0.6441,0.1466,fitted,-0.8151
95227a50-1a3b-4067-b75e-844caaf1fac3,Jackson Kim,M,2,0,0,-0.6453,0.3871,blended,-0.6746
bfb62b63-6818-4d12-8b47-0d0afefef528,Courteney Landis,F,0,0,0,-0.6454,0.4675,imputed,
a644a371-0088-4622-986f-3130deead8ed,Kimberly Rockwell,F,2,0,0,-0.6458,0.4737,blended,-0.5098
abf3f722-4327-459d-bfbe-06933ff3c07e,Anthony Enlow,M,2,0,0,-0.6461,0.4446,blended,-0.4656
e70e0caf-c886-4d0d-b6cb-1a116f825041,Mark Seburg,M,2,0,0,-0.6463,0.3861,blended,-0.7239
9845918d-d095-4836-b3ff-e1291f1d02c7,Kathleen Pagel,F,2,0,0,-0.6487,0.351,blended,-0.7095
f99c7acb-b8be-4ca7-8bcb-bc1ce639e3b3,Maggie Bullins,F,0,0,0,-0.6489,0.5495,imputed,
516f95f6-5068-44f2-8f7a-862065e53584,Nebula S,F,2,0,0,-0.6498,0.4891,blended,-0.6894
15dd4ccc-bcfd-4725-9819-d042062a74b2,Jason Parker,M,2,0,0,-0.6519,0.3565,blended,-0.5647
1a527f96-3054-4482-b446-5c0fa50b2ec3,Alexander Duverger,M,3,0,0,-0.652,0.3275,blended,-0.6516
29199c47-fd3d-414f-8612-638be805fb5e,Ying Liu,F,0,0,0,-0.6528,0.4868,imputed,
5daea4f6-732e-4d2f-9cc2-204438a4573e,Blair Waldin,M,3,0,0,-0.6551,0.3318,blended,-0.5709
509fecd8-58b7-4df1-8b7d-14895fabb380,Sarah Delgado,F,1,0,0,-0.6554,0.5054,blended,-0.2041
093483e9-e82e-4060-b4d7-66954f2f45c5,Ryan Brooks,M,10,0,0,-0.6557,0.2046,fitted,-0.7838
eadc6206-549d-47d0-be28-a1e1b41ed3e7,Nayiri Partamian,F,9,0,0,-0.6577,0.3785,blended,-0.7271
45617fd6-17d9-4df7-aba3-cbd00dd76e23,Ivy Bewley,F,3,0,0,-0.6589,0.4181,blended,-0.2229
f9249f10-e0b5-4fa0-a605-ff9a2f2006e5,Heath Lucas,M,3,0,0,-0.6596,0.3571,blended,-0.6152
27d528c1-9f10-4484-9110-29c576356293,Nguyen Quynh Anh,F,2,0,0,-0.6607,0.4167,blended,-0.5271
034ef432-2de0-4893-b242-34baee3c73a6,Jillian Niemann,F,14,0,0,-0.6615,0.1387,fitted,-0.847
2de558c9-db25-4a2d-9710-71a06a65ca40,Colleen Burkhart,F,4,0,0,-0.6632,0.4806,blended,-0.7336
7e80fb5c-2c60-465c-9a02-57beaeb9d21f,Kelly Marks,M,3,0,0,-0.6644,0.4065,blended,-0.7878
84a74550-df1e-4578-ada4-fe071748516d,Jayce Park,M,4,0,0,-0.6663,0.2459,blended,-0.7263
d04b1bb0-ca03-4051-abd1-81ea557b7c96,Tom Peterson,M,2,0,0,-0.6696,0.3948,blended,-0.8114
756a7a13-a3d8-4d89-8afb-e2071ec6dc82,Lauren Mercado,F,2,0,0,-0.6714,0.3795,blended,-0.7958
e7a6780e-767d-4eaa-b6d1-16241656b515,Tim Yates,M,2,0,0,-0.6715,0.4722,blended,-0.3554
cd907712-d427-4268-8f6c-07dee1914d21,Ange Green,F,2,0,0,-0.6718,0.3475,blended,-0.8182
fb4e20d2-7c03-4b45-9d98-435da7a4617a,Daniel Moore,M,3,0,0,-0.6719,0.4115,blended,-0.8196
939f3770-314e-472a-ad79-33889f4e85f3,Kantapat Chankasem,M,3,0,0,-0.6729,0.339,blended,-0.5847
d99b1d3a-7d26-4dd1-a866-4be9d14d7789,Casey Smith,M,4,0,0,-0.6746,0.2875,blended,-0.8019
99723885-d505-4869-ad9e-0106e562bd18,Hwanho Lee,M,2,0,0,-0.6753,0.4493,blended,-0.8967
cf20ca8a-8f58-420c-a7b3-a7c5238dd5e4,Mikey Acquisto,M,2,0,0,-0.6756,0.4873,blended,-0.747
27cecbf6-2407-4d99-ac13-2d23eb3fa105,Sydney Cople,F,0,0,0,-0.6759,0.5307,imputed,
3fa6bd42-80b1-4348-aba9-62edf2284982,Justin Simpson,M,3,0,0,-0.6788,0.3296,blended,-0.7813
bddc546a-88d5-4c79-a918-17d9ad3c5394,Nyk Villagomez,M,3,0,0,-0.6799,0.4457,blended,-0.7525
36edc3ff-70f9-49ba-8569-8f7a03559cfc,Brinley Horton,F,6,0,0,-0.6799,0.2624,blended,-0.9129
747a01fe-2758-4647-8065-873d654edb91,Alex Patykula,M,2,0,0,-0.6827,0.4309,blended,-0.7924
b7ddbb96-9262-46f9-a334-89ecb4735541,Maria Alice Fagundes Vieira,F,2,0,0,-0.6831,0.3321,blended,-0.4682
7537a45e-6560-4b42-9e2c-441baf098dc3,Michael Faynkikh,M,2,0,0,-0.6832,0.4763,blended,-0.7712
bc59e4ce-4884-438a-a5d3-bacd20315d6c,Jonathan Sabo,M,2,0,0,-0.6957,0.439,blended,-0.7944
920482d7-a540-4d7f-a1aa-6a359bf705a1,Baxter Hamilton,M,2,0,0,-0.6966,0.3981,blended,-0.8076
b5f344de-3f21-4f9b-844a-f34e17c3bb6f,Joshua Brown,M,3,0,0,-0.6974,0.3571,blended,-0.7817
170d15b2-aab4-4856-a939-ec0cb3e5a163,Arnas Sabonis,M,5,0,0,-0.6981,0.3703,blended,-0.8896
95c3584c-eb75-4cbe-870e-5af51e426767,Dave Musgrave,M,3,0,0,-0.699,0.4593,blended,-0.4027
07da0736-f355-4330-b92b-964ee094bd4b,Trelsie Cople,F,0,0,0,-0.6992,0.5406,imputed,
fc42e7a6-ec06-4721-98df-0599e25afe0f,Bryant Brakke,M,2,0,0,-0.7,0.3843,blended,-0.5132
23a8af5a-fed3-445d-99aa-1a5f69a05ff6,Brie Aldridge,F,4,0,0,-0.7044,0.3565,blended,-0.8348
980f3629-b549-4eb6-a17d-f1ed08d7512f,Andrew Stout,M,2,0,0,-0.7066,0.4372,blended,-0.5554
c138239d-5cbd-44a3-b88a-861447a75309,Marty Merigold,M,3,0,0,-0.7068,0.4058,blended,-0.8252
8abb5768-8a01-40a6-9b6a-89f44a15acc6,Ruben Kellam,M,3,0,0,-0.7076,0.3639,blended,-0.6916
a3869691-9091-4a34-b0da-a488c727ccc2,Jun Saito,M,2,0,0,-0.7085,0.3918,blended,-0.6962
c8ab8d9d-588c-4ac9-8801-0645feaa29b8,Lauren Delong,F,0,0,0,-0.709,0.5426,imputed,
4c84febc-d921-4f70-92c5-21d1c7127b24,Samantha Morgan,F,12,0,0,-0.7091,0.1542,fitted,-0.9381
a37d6f4f-4ff2-4bd4-b4b6-46283eb9bd6f,Dabney M,M,2,0,0,-0.7119,0.4536,blended,-0.4789
429ee1fc-6d71-4470-a4ee-280dfc6310b1,Ruben Herrera,M,2,0,0,-0.7132,0.4718,blended,-0.2975
b4a00447-3dfe-4c3f-8815-89c2ceb65e80,Đình Hải Nguyễn,M,2,0,0,-0.7138,0.4787,blended,-0.4815
c6b00efb-34e5-413a-a6e9-00d1aac01dbf,Andres Munoz,M,2,0,0,-0.7143,0.4773,blended,-0.4066
4658891a-4ac0-4764-bf5c-096507750f0d,Silvia Margarita Torok,F,8,0,0,-0.7143,0.226,blended,-0.8261
aab3460c-94df-4fc7-98ef-b441282b85a9,Piyush Mavanur,M,4,0,0,-0.7156,0.291,blended,-0.881
ee0326f4-c5b3-46ec-9140-f0fd321c7f30,Sydney Steinaker,F,2,0,0,-0.7168,0.482,blended,-0.4179
5f563e2d-26ca-4c77-9628-59562cfe8f6f,Kai Dawson,M,2,0,0,-0.7179,0.3765,blended,-0.8217
9125d53e-ce15-4a27-bbaa-20238abd0232,Fabian Grassini,M,5,0,0,-0.7185,0.281,blended,-0.9057
7b1b4ec1-0732-4246-8041-6c3a74e30d1a,Jers B,M,3,0,0,-0.7187,0.4175,blended,-0.8377
5f797393-35f3-4e71-9048-29c42e40164e,Christopher Kemp,M,4,0,0,-0.7193,0.3277,blended,-0.8168
22839b0d-41bf-4830-8f1e-0da170ebc723,Haley Ferguson,F,3,0,0,-0.7218,0.3675,blended,-0.9166
df065a22-36f6-4075-b242-e1d6ef0a68ad,Sebastian Cui,M,2,0,0,-0.7227,0.4116,blended,-0.6375
c1b61b31-2218-46da-9bff-6980dca4a866,Cassandra Boyer,F,2,0,0,-0.723,0.4155,blended,-0.8243
39429cda-773a-4766-84d5-b7d12f2a8595,Chase I,M,2,0,0,-0.7233,0.4946,blended,-0.3181
4d564c90-c0ad-4e71-8562-0e67147b2d0c,Taylor Smith,M,2,0,0,-0.7239,0.461,blended,-0.2378
4cff1a90-27f8-46a4-8c43-05fefe778a8a,Alexander Cherman,M,6,0,0,-0.7259,0.2752,blended,-0.9729
ba573fbd-9b6a-4776-9e10-7e0a6cf7f48c,Angela Berry,F,2,0,0,-0.7282,0.4862,blended,-0.2404
9d21e62e-5a4b-4909-9775-687346619de6,Bruce Hale,M,3,0,0,-0.7294,0.3202,blended,-0.7849
a2ba3041-f155-4ea5-be60-bd89d6676798,Matt Carlton,M,8,0,0,-0.7305,0.2692,blended,-0.8497
9dfcc49d-a1e4-47ba-b2c9-867899b8a4f7,Rachel Stuhlmann,F,2,0,0,-0.7311,0.4884,blended,-0.2463
6ceeb129-a28c-410e-a3da-6afb338a331d,Dylan Unkert,M,6,0,0,-0.7316,0.2276,blended,-0.9213
eef04fc8-2183-4b06-bdfc-fe7768f54cab,Mariana Negreiros Mariano,F,9,0,0,-0.7349,0.1721,blended,-0.878
7566f667-f858-498b-ac7e-24ace4cd5a22,Lani Silversides,F,0,0,0,-0.7352,0.5404,imputed,
7ee2e09c-a3d5-4f91-9a93-2755dfa11cda,Peter Arbore,M,2,0,0,-0.7359,0.4478,blended,-0.8316
b18e4b9a-8cfc-4988-8869-930aec6bff25,Ashlee Graham,F,2,0,0,-0.7394,0.4543,blended,-0.1239
09d3b780-54b0-4bc9-8b9d-066753cc068f,Gregory Messina,M,2,0,0,-0.7407,0.384,blended,-0.6772
41535708-c12b-44d2-ad5f-ae41e05c8432,Sam Loc,M,2,0,0,-0.7412,0.4728,blended,-0.8101
ef6713e4-bbb0-4f41-b874-15c7fe79d5e6,Charlotte Wasson,F,2,0,0,-0.7414,0.4612,blended,-0.2142
0bd8d59f-4e6a-4918-b32e-0bf19a1fece6,Sean Rafferty,M,6,0,0,-0.7454,0.3582,blended,-0.6485
f67f638c-7a1f-42d5-b7e6-4a4054dad99a,Mafuyu Hakozaki,M,2,0,0,-0.7492,0.4242,blended,-0.8047
1a192c3a-9698-4523-8bee-bcfb4f242098,Kelly Martin,F,2,0,0,-0.7503,0.4185,blended,-0.4243
81bccb33-9a92-4bb1-a3ea-86a439eea84e,Asia Rose,F,0,0,0,-0.751,0.4884,imputed,
4dd03e93-2a3d-4171-b8e2-0e9f8125afbc,Sumit Sharma,M,3,0,0,-0.7524,0.3204,blended,-0.9115
ab8c9ea6-8162-4ba6-a2c5-2e7e7b3ff8c4,Joseph Schember,M,3,0,0,-0.755,0.3613,blended,-0.7804
bd9fd24f-54e5-4fbb-8aec-f0c9db26a658,David S,M,4,0,0,-0.7551,0.3501,blended,-0.8944
3952660c-2449-4105-9637-268efb383d75,Pat Stiles,M,2,0,0,-0.7608,0.4832,blended,-0.7979
2c69c1ed-6ada-48ec-af0d-f2107e952ed5,Samuel Hall,M,2,0,0,-0.7608,0.4832,blended,-0.7979
49650b7d-eff6-46db-9858-0ef52e2c3b10,Troy Olson,M,3,0,0,-0.7614,0.3395,blended,-0.9004
399fe2bc-d7f3-4e31-a194-0ac3dcbf0894,Kamyla Held,F,10,0,0,-0.7615,0.1755,fitted,-0.9885
9cd0ece4-18ab-4929-a15a-17018299f3c6,Daniella Patton,F,4,0,0,-0.7615,0.2578,blended,-0.8819
c4e1b71b-993f-4207-b00a-1d743a60afa1,Mika Matteo,F,3,0,0,-0.7618,0.2732,blended,-0.8875
0bb3b657-2bab-4127-b82a-c31d151a5d70,Elysha Lowe,F,2,0,0,-0.766,0.3452,blended,-0.859
acfc18d6-9e49-4904-880f-789db0b4dfcf,Irie Heather-Pereira,F,1,0,0,-0.7661,0.3623,blended,-0.8314
49c50680-bbf0-48b9-b13c-659140d1c66e,Jeff Yurk,M,2,0,0,-0.7665,0.45,blended,-0.8415
06bf1d7a-349c-4252-8ee0-05cb65a4a6a0,Alexis Hayden,F,3,0,0,-0.7668,0.3387,blended,-0.6947
431a4812-ea50-4fbf-a3ae-36820453bef4,Cobi Gibson,M,5,0,0,-0.7671,0.3166,blended,-0.9289
d48a5153-9862-4ca0-ab0d-7e8bce088150,Long Chu,M,2,0,0,-0.7674,0.4283,blended,-0.8982
46a4ca0e-99f4-4b86-bd8c-7f36e380c34e,Carlista Mohammed,F,2,0,0,-0.7684,0.4135,blended,-0.6536
c185d749-a1b6-4a36-ad5b-3c8bcf894abd,Susumu Kawashima,M,2,0,0,-0.7688,0.4059,blended,-0.695
49584147-f7e8-48c5-a789-8bc479a9251e,Emma Cook,F,9,0,0,-0.7691,0.2113,blended,-1.0092
6f8c91a7-73ff-426d-b7ee-2f3ab52ecb1f,Antonio Medina,M,3,0,0,-0.7692,0.2855,blended,-0.965
1d725f7e-d73b-4a82-84f4-3256a2191616,Grace Crosby,F,2,0,0,-0.7728,0.4649,blended,-0.4181
8567171e-a1d1-4923-94e0-9f6c331dbd45,Mike Millett,M,3,0,0,-0.776,0.3612,blended,-0.9022
1a2978c1-7ae2-4173-aedd-39dd37e7deb7,Umberto Vivaldi,M,3,0,0,-0.779,0.3331,blended,-0.9179
ff97a8a3-f431-4313-9922-397231cf3407,Lily Goodwin,F,15,0,0,-0.783,0.1395,fitted,-1.0279
d3e06bfc-8659-4f3b-9d0c-0d00ceb06314,Xiaoxiao Sun,F,2,0,0,-0.7836,0.4191,blended,-0.872
79163590-efd6-4440-84cb-a6c04df9baa6,Casey McNulty IV,M,2,0,0,-0.7848,0.4509,blended,-0.885
d52c7f46-2350-4ce5-9a39-4fe93da88001,Jae-Jae Segal,F,2,0,0,-0.785,0.471,blended,-0.4122
138ab9a2-206c-438f-a0b1-ecec5190da21,Ellen Jang-Milsten,F,1,0,0,-0.7852,0.5428,blended,-0.2113
72c989d1-689d-454d-a9f7-ebe3f81f05ac,Antonio Lopez,M,3,0,0,-0.7881,0.4052,blended,-0.9079
b8898560-cc68-4c6c-9de5-6516d5f6d451,John McCain,M,3,0,0,-0.7884,0.4332,blended,-0.8456
17876a7a-bcf7-4648-8f70-f2be5b4e1ed2,Ben Aybar,M,3,0,0,-0.7898,0.2872,blended,-0.9065
962ac4f2-5ecd-4b87-a11b-2059e6ed184f,Diana Toia,F,4,0,0,-0.792,0.2433,blended,-0.905
f44be5df-96f1-4d03-9b12-a68db938354d,Kal Kosetty,M,2,0,0,-0.7938,0.4642,blended,-0.8887
9dcbd32c-52d1-4a3b-a606-70215d3b937f,Alika Vyshkina,F,3,0,0,-0.7951,0.3241,blended,-0.8637
5c4296a6-e03a-4eb5-ba59-ffe611d23ddc,Emily Elliott,F,6,0,0,-0.7984,0.2815,blended,-0.8781
1319b913-311b-4eb6-9741-834822b9bb85,Michael Furuya,M,6,0,0,-0.799,0.2618,blended,-0.9895
c6d98b1b-0586-4297-9fc9-49ea3b39df9f,Charlotte Scharfenberger,F,0,0,0,-0.8042,0.5052,imputed,
7f2db4eb-19cf-49b5-879d-bfe334a967ca,Venu B,M,2,0,0,-0.8071,0.42,blended,-0.9133
b9d4b1b2-e44c-40bd-8260-dc9b6eb3ce18,Christina Nguyen,F,3,0,0,-0.8071,0.2547,blended,-0.9454
1b9a9760-3d43-4a14-9733-988022033b47,Koki Naruyama,M,2,0,0,-0.8077,0.4537,blended,-0.8451
acb4cc6c-2c82-42ed-ba18-b1b6376f6e84,Ryan Mirrione,M,3,0,0,-0.809,0.4126,blended,-0.727
ac760e49-0a7e-4e3f-9ec6-85090c0ce3c6,Rich Matson,M,3,0,0,-0.811,0.4422,blended,-0.8984
396c69af-6b23-47f6-8d68-b39ca26e83e6,Landon Davis,M,3,0,0,-0.8139,0.3663,blended,-0.7616
ade9841f-1588-409f-aa11-3c7f0c2ac1cb,Indigo Ciochetti,F,2,0,0,-0.814,0.3211,blended,-0.6886
11d06f15-7a4f-422b-9de5-dfc57a71282d,Trent Nguyen,M,2,0,0,-0.8148,0.3969,blended,-0.9557
75e9bf62-a73d-4ce6-9269-b739823bcb18,Nick Carr,M,3,0,0,-0.8169,0.4478,blended,-0.9267
86fe843f-23d5-40fc-b821-6f95c119b291,Beatriz Rocha Martins de Freitas,F,3,0,0,-0.8171,0.4248,blended,-0.921
b2c494e6-408c-419b-aeb5-d6e18c48bb88,Linda Yang,F,7,0,0,-0.8182,0.2345,blended,-1.1227
3ec1c2c0-a663-4b2f-ac5f-e0d8ab27b51e,Hannah Friend,F,3,0,0,-0.8193,0.3056,blended,-0.9502
8ce9bfe5-9d1a-43ed-a878-adc49f71d8fa,Drew Woff,M,2,0,0,-0.8227,0.47,blended,-0.6183
dfecbd23-681d-4c11-9b68-1fa65cae4fd2,Fruzsina Szeli,F,3,0,0,-0.8232,0.2978,blended,-0.8881
19c705db-43b5-47ec-9a74-dbf5ef8e0524,Demetrio De Vito,M,4,0,0,-0.8246,0.2724,blended,-0.9296
e9911919-ea35-4673-b886-c76f96967240,Melani Dizon,F,3,0,0,-0.8298,0.3159,blended,-0.9241
6f0dacb9-b6f1-4c33-913f-14f42c3f82dd,Kyle Nget,M,3,0,0,-0.8328,0.3065,blended,-1.0078
964d73a2-804c-4312-9cc2-c125e45ca6b5,Joe Villariza,M,4,0,0,-0.8334,0.3774,blended,-0.9576
da680cbc-76f9-4f0a-9e61-26bd57dee1d3,Rupf Anna,F,3,0,0,-0.8375,0.2582,blended,-0.9625
2bcbe380-9376-404a-8bb4-c89ab7a8edde,Cole Wilcox,M,3,0,0,-0.839,0.3197,blended,-0.9837
da76e7d2-be77-4f72-8ee0-c1e709375b72,James G,M,2,0,0,-0.8424,0.4457,blended,-0.9647
ce5b69ff-1394-48eb-a2e3-19f34962105d,Joan Soewondo,F,2,0,0,-0.8444,0.3979,blended,-0.8639
a0e70ce4-165d-4790-8a3d-8a9a54880be1,Noelle Cerone,F,0,0,0,-0.8446,0.432,imputed,
3fae393b-0cdd-4fcc-9a38-568930424f1f,Bill Benson,M,4,0,0,-0.8468,0.4261,blended,-0.9143
d9e4d9cc-fb04-4a76-8e9a-31cfe4965c35,Sam Timothy,M,2,0,0,-0.8476,0.4433,blended,-0.9376
533e9476-af77-4b68-8798-ccc639094fc3,Angelina Edel,F,2,0,0,-0.8511,0.5026,blended,-0.4128
762638fa-47d4-4763-b313-10674edd62f7,Kleyton Martins da Silva,M,3,0,0,-0.8527,0.3103,blended,-0.9199
986cf638-3159-4d4c-82d2-247266853acb,Igal Alon,M,4,0,0,-0.8546,0.3102,blended,-0.9146
df493c7f-4227-4ee1-a359-f1d626480117,Francesca Fakidis,F,3,0,0,-0.8593,0.274,blended,-0.9823
f5cfdc91-1dff-4919-b2b0-a23c128e0bce,Helen Challenger,F,2,0,0,-0.8594,0.4179,blended,-0.5429
0148e484-77e4-44e5-a898-073e09dc2d70,Andrew Givens,M,3,0,0,-0.8625,0.454,blended,-0.9581
ff0f6991-1237-4e3a-8e71-489462c7cb2d,Michael Stephens,M,4,0,0,-0.8669,0.4169,blended,-0.6993
1fc15fc7-6041-4969-b215-879b71dd0214,Kobe Nguyen,M,2,0,0,-0.8672,0.456,blended,-0.8972
8d1eb5e6-1b73-4182-b94a-742c0be099ee,Jessica Brown,F,7,0,0,-0.8677,0.2887,blended,-0.9767
e55f4dbb-175e-4594-bccf-0473c896d980,Andrea F,M,3,0,0,-0.8719,0.2905,blended,-0.9498
7ce6f66d-8881-4f94-8345-e2e388b94f21,Nicholas Garcia,M,2,0,0,-0.8731,0.403,blended,-0.996
ea19efa7-eb58-4927-9b5a-45ba66b6bf3b,Pavan Jillela,M,2,0,0,-0.8749,0.4302,blended,-0.9507
c5d4ef28-2b25-46a5-8137-924385139b42,Francisco L Gonzalez,M,10,0,0,-0.8783,0.3889,fitted,-1.0384
bdfd1e77-05f0-4fc1-8da6-15e847990ba1,Tennessee P,M,2,0,0,-0.8864,0.3537,blended,-0.8846
2beeb16b-c6bb-4c31-8f09-affbbec1e034,Levi Despain,M,3,0,0,-0.8874,0.3611,blended,-1.031
1a5a4e22-bc65-4d04-a15c-b4fd032b1f67,Jordan Wesel,F,3,0,0,-0.8909,0.2578,blended,-1.0084
3ed4b485-af79-48fe-bfc9-9a86e154fb3a,Finne Jones,F,5,0,0,-0.8919,0.2719,blended,-1.0348
896648e7-fd52-45c0-91d0-620de7a50aa3,John Kircher,M,3,0,0,-0.8921,0.2951,blended,-0.8167
76b6be67-bb28-4617-baa2-eebc7742c11a,Madan B K,M,2,0,0,-0.8953,0.4355,blended,-0.9937
8be6a54c-33da-4431-9be8-12d6aea82cd7,Ludovica Sciaky,F,2,0,0,-0.9029,0.4671,blended,-0.6552
2e5fa9da-613c-4d12-b3c3-5dcba88913c9,Qing Chen,F,2,0,0,-0.9119,0.4298,blended,-0.6183
8afe9101-4749-49f1-ae97-7992b10597e3,Eliyahu Pinkney,M,3,0,0,-0.9168,0.3469,blended,-1.0608
5c428248-d346-49fc-8c5e-ad19fb318da2,Dayna La Belle,F,3,0,0,-0.9275,0.3389,blended,-0.8081
5903b17c-33ef-4104-9211-39b0c2208138,Jahna Gregory,F,3,0,0,-0.9275,0.2895,blended,-1.0444
56e836e7-d81a-49fb-a7ae-a81217a3d5e8,Patrick McGinnis,M,3,0,0,-0.9365,0.351,blended,-0.7453
bcda6b93-154e-4e7b-8a26-911dd8cf6833,Nicolas Martinez,M,12,0,0,-0.9391,0.2004,fitted,-1.1094
db4cdd43-769d-42ea-8a72-81eb9214d1ca,Ethan Le,M,2,0,0,-0.9413,0.4081,blended,-0.8188
90d2d6b9-14b1-417c-bfb6-188fbfce3073,Cameron Reeves,M,2,0,0,-0.9694,0.335,blended,-1.0872
aa677aa3-e58b-4bb8-9be0-437e2e4c7635,Michael Peña,M,6,0,0,-0.9716,0.3097,blended,-0.9503
f0a1b804-bc7f-4fba-9e20-384ea12b4bab,Brooks Toth,M,3,0,0,-0.9738,0.3622,blended,-1.0038
d2c1911a-43ee-4311-96b1-e681aa55c0b4,MJ F,M,4,0,0,-0.977,0.3947,blended,-1.1008
54e10359-2a8b-4d52-ad41-0212572c723f,Aurelien Godderis,M,3,0,0,-0.9798,0.3533,blended,-0.9246
aad715d6-6a94-4ba0-98e9-80f571be6e72,Alicia Knott,F,2,0,0,-0.9829,0.4837,blended,-0.6064
abb357d5-1d51-4d73-9cc2-21c0602f5113,Diana Kozenyatko,F,0,0,0,-0.9886,0.4261,imputed,
25d1eae3-6560-4bc8-8bd7-b9fd5f430040,Mavryk Nelsen,M,3,0,0,-0.9922,0.3375,blended,-1.149
453eab7f-e038-46b2-884d-942ef3fd9976,Rahul Datta,M,4,0,0,-0.9959,0.3445,blended,-1.0603
03649926-0268-485f-9dfd-05ab485010de,Caroline Barnes,F,11,0,0,-0.9964,0.1949,fitted,-1.136
0e124d50-23a8-4b3f-867e-e8f3c9a13db9,Trinity Parriman,M,3,0,0,-0.9974,0.3768,blended,-1.1081
ed688246-859e-4fcb-a02b-16623403b77c,Rikk Shimizu,M,24,0,0,-1.0017,0.165,fitted,-1.2254
c167dbba-e131-474f-9faa-e21d9ca93a4c,Michael Rosen,M,3,0,0,-1.0057,0.3501,blended,-1.1632
3634ef84-c2db-47b7-a9a8-2fe8c8e15881,Adhavan Adityan,M,9,0,0,-1.0058,0.297,blended,-1.1707
9d740bbc-0b4e-496a-9158-f7d4d92f7648,Jonah Edelson,M,3,0,0,-1.0123,0.3106,blended,-1.1572
d4fd8e65-83dd-482c-ab21-086948a85e48,Carson Stovall,M,3,0,0,-1.019,0.3673,blended,-1.0383
933f0321-a4e1-4461-a28a-504c20c5262a,Helen-Sage Lee,F,2,0,0,-1.0193,0.458,blended,-1.1261
71a44202-bf9c-4392-84b7-2085e16b7954,Keagan Cummings,M,3,0,0,-1.0211,0.3412,blended,-1.1776
7c6cf7aa-ea2c-4986-9ebb-b31c5771055a,Saki Oyama,F,2,0,0,-1.0229,0.4254,blended,-0.6075
34b1147b-97a3-49c0-b271-19b87a2d94bc,Kevin Duong,M,2,0,0,-1.0247,0.4347,blended,-1.0612
6fe2b2f2-71d1-4c80-a11f-d12e38dc1ebb,Patrick Parker Jr.,M,4,0,0,-1.025,0.3417,blended,-1.0786
c32f02f2-9c35-40a8-9a7d-380371f324da,Brett Huffer,M,3,0,0,-1.0274,0.3577,blended,-1.1572
0b1ca0a7-5d25-4a35-b051-f8e37eb9f596,Scott Harrison,M,3,0,0,-1.0292,0.289,blended,-1.1764
e2de4829-ee0d-4758-bbc0-556b267cf67a,Jay Cady,M,2,0,0,-1.0338,0.4502,blended,-1.1613
0dcfc8bf-8aee-47dd-9e55-0b857e093359,Emanuel Nguyen,M,3,0,0,-1.0372,0.4141,blended,-0.8357
1f31a646-de88-4e22-8c24-835f3e94f759,Julian Haig,M,3,0,0,-1.0379,0.3025,blended,-1.2322
5243cf73-b5e4-4c6b-ba87-6fbb02b0c5a3,Ryan Murphy,M,3,0,0,-1.04,0.3859,blended,-1.0681
ab9fd278-7039-442e-81d9-c8d029db82b8,Yingyi Yang,F,2,0,0,-1.0435,0.4455,blended,-1.1172
3ba88d56-f6ba-4d8d-9834-7c18aa941a58,Botum Bennett,F,3,0,0,-1.0468,0.3129,blended,-1.2011
7cefdc6b-2326-4b65-911e-12c70c800ce3,Araksya Hovsepyan,F,5,0,0,-1.049,0.3089,blended,-0.8575
46f1d6b8-f1eb-4a52-9160-0e356d0634e2,Vrishab Pola,M,2,0,0,-1.0573,0.4069,blended,-1.1775
04086586-b590-46d3-9b05-3a632e56ae65,Jeremy Riggs,M,2,0,0,-1.0716,0.4471,blended,-1.1644
f845f99b-f1f0-4f50-bf57-c7541b5ddc49,Andrea McDaniel,F,2,0,0,-1.081,0.3303,blended,-1.0034
44135553-78c8-44cf-a07f-61a0174764f3,Peyton Duvall,M,3,0,0,-1.0846,0.4349,blended,-1.1907
3ffd1e30-bf0c-4fe7-9f55-78ff04553012,Mauro Ghielmetti,M,6,0,0,-1.0866,0.3956,blended,-1.2002
4d673453-a554-41b9-ad7c-c588058af347,Tammy Kim,F,3,0,0,-1.0869,0.398,blended,-0.9739
082fde07-2656-4ffa-ada2-76f3bdce2fc5,Dane Lalliss,M,10,0,0,-1.0935,0.2445,fitted,-1.2684
c57c5375-73b0-486f-b396-8b5f0db83f77,Jacob Becker,M,3,0,0,-1.1001,0.3552,blended,-1.2011
94d781b5-fed8-4151-bfeb-e7475b1a2c8b,Rick Kurtz,M,4,0,0,-1.1024,0.342,blended,-1.0649
d1bbb34e-58cd-4a67-87fd-4f75c6bd51bc,Mitch Rodgers,M,2,0,0,-1.1044,0.3863,blended,-1.1418
ee53943a-43c2-4534-97a2-af98b2fb55be,Brent Koch,M,2,0,0,-1.1061,0.4192,blended,-1.1549
304ac356-771b-4e10-a91c-25316fc9c4e4,Louis C,M,3,0,0,-1.1072,0.2565,blended,-1.2187
543f0cd6-0e25-4319-8539-0a051ead76ca,Markal Luckett-Smith,M,8,0,0,-1.1135,0.2023,blended,-1.234
1f994403-391f-4b6d-8060-0f401a10b506,Kelton Scott,M,2,0,0,-1.1143,0.3857,blended,-1.2141
f05eaa36-6f8d-4e0b-898e-7756b84a325f,Daniel Woolsey,M,7,0,0,-1.1201,0.2829,blended,-1.2828
810c90de-6246-476c-82c9-d7b33516ab17,Abby Trieu,F,3,0,0,-1.123,0.3285,blended,-0.9711
b4cbec96-6063-414a-b9bc-631470a6234d,Colin Kozlowski,M,3,0,0,-1.1234,0.4003,blended,-1.2504
993ebe24-3c0b-4017-ab62-dcb8b5d8ee0a,Tina Pham,F,3,0,0,-1.1299,0.341,blended,-1.2557
4557af76-49b1-4f1d-9547-f3a3f0c530a6,Emmett Dehaan,M,3,0,0,-1.1322,0.3494,blended,-1.2951
83f50ee7-2b0a-415b-a714-14fcac44ad3d,Jack Robinson,M,3,0,0,-1.1419,0.4223,blended,-1.2185
78c6e1ab-3d54-46a8-b988-7c615b659c1c,Nate P,M,3,0,0,-1.1612,0.3287,blended,-1.3349
37693781-74c4-4096-93bd-efb4d67ddc82,Luke Nevis,M,3,0,0,-1.1698,0.4094,blended,-1.2566
588fe354-5b0a-4dda-8f01-1e48bff14c94,Zvonimir Iličić,M,3,0,0,-1.1733,0.3456,blended,-1.2524
1f205865-601a-4529-b4c1-9d7f781d9d35,Thuỷ Đinh,F,2,0,0,-1.1833,0.4304,blended,-1.1154
91a4b3ce-4ade-4d0a-a1fe-16de7066732a,Stephen Small,M,3,0,0,-1.1884,0.3946,blended,-1.2993
16c5a06e-74ed-423c-aaa6-5c6e9ba17103,Sherwin Torres,M,15,0,0,-1.2029,0.2241,fitted,-1.3773
6c54b8b6-352c-46f6-ae7c-c671f137b841,Preston McGinnis,M,3,0,0,-1.2101,0.426,blended,-0.9636
b17aaf80-cc34-4cda-8556-56a32ac268db,Kalev Nelsen,M,3,0,0,-1.2146,0.341,blended,-1.3535
40de390c-e00b-4134-8658-e08abd7b6f2a,Kavya Rachapalli,F,4,0,0,-1.2156,0.2629,blended,-1.3022
c6203d4b-4f5c-4e40-ac93-d6a9506b7c3c,Isaac Pearlstone,M,3,0,0,-1.2295,0.3246,blended,-1.3385
27fa9367-34a0-40a1-81cd-56e9bdad1600,Sammie Ramirez,F,3,0,0,-1.2325,0.4091,blended,-1.3269
aa7f7712-a84c-4b58-9819-704c5bbecee0,Cre Still,M,2,0,0,-1.2539,0.4326,blended,-1.0238
4c997a1d-4f5c-45b4-a956-69c5db282ed6,Jessica Williamson,F,3,0,0,-1.2556,0.3958,blended,-1.3088
1212cb97-01fb-4783-af53-2b03ef4f8367,Asako Pastrana,F,2,0,0,-1.2563,0.4051,blended,-0.8288
64bd1db9-29c3-48c8-ac61-22eea701198c,Eva Kohutova,F,3,0,0,-1.26,0.3539,blended,-1.2379
19f857a9-0f14-4594-837c-47885465f162,Jin Washington,F,9,0,0,-1.2927,0.3683,blended,-1.3993
a8d99926-b469-4e32-adb5-1e97124eb2d3,Daniella Eisman,F,2,0,0,-1.3029,0.3904,blended,-1.3223
9931aa0f-90bf-4712-b4f4-a4394c13854c,Wes Wahlin,M,2,0,0,-1.3083,0.3971,blended,-1.4356
4f14aa8b-4794-45ec-ba0c-8148ea0d2f61,Alan Schiller,M,6,0,0,-1.3209,0.3318,blended,-1.4808
45e9deff-8843-42d5-b153-9d99c519f42b,Joshua Chisanga,M,3,0,0,-1.326,0.4058,blended,-1.4413
a46ac653-974b-40ef-a697-1be0a35bb563,Indiana Heather-Pereira,F,3,0,0,-1.3322,0.3537,blended,-1.4219
2dbd6cd3-5ab7-4b4d-ab89-4be8a202b5b7,Tanner Petrick,M,3,0,0,-1.357,0.3637,blended,-1.4974
bcdb6bfe-760d-472e-ab7c-7578d3a10888,Brian Sarkozy,M,3,0,0,-1.3897,0.3589,blended,-1.471
2b27666d-8b23-4780-ae65-66989288cab7,Will Sornberger,M,3,0,0,-1.4078,0.3246,blended,-1.5398
dbd0f95b-809f-4d27-b722-ee5cfd5e7875,Carter Norrie,M,5,0,0,-1.4298,0.3949,blended,-1.5549
398f98c6-387c-4361-9d97-99cdbb13f73b,Valentina Sudati,F,3,0,0,-1.4601,0.325,blended,-1.5189
966033cc-2248-4330-a3b4-b2268d2de253,Sophia Emm,F,3,0,0,-1.496,0.369,blended,-1.6327
13b366ca-ef9b-44bc-adbb-a2ad2dc6b237,Erin Rasmussen,F,3,0,0,-1.5111,0.3162,blended,-1.666
80a42cf5-dacd-47cc-be90-154df1938b82,Katie Queen,F,4,0,0,-1.5219,0.3788,blended,-1.6262
b48f322e-a046-41b7-a6eb-15a51c91f7f3,Jhia Horn,F,3,0,0,-1.5434,0.3599,blended,-1.6388
c40d572d-2ed5-435e-a15f-7dd79c7f7d81,Viktor Novak,M,3,0,0,-1.5861,0.3891,blended,-1.6663
10808032-5685-4d42-84f5-d588c2df951b,Chrissy Fleischer,F,3,0,0,-1.6906,0.3387,blended,-1.8164
4921f936-eaa3-49d6-bc61-c412bc2fc5e1,Parth Patel,M,3,0,0,-1.7789,0.3783,blended,-1.6343
57716d06-cdcc-4f2f-8ad7-242b77b72b9f,David Kimmel,M,16,0,0,-2.2246,0.3204,fitted,-2.3768
