p1_name,p2_name,chem_logit_mean,chem_logit_sd
Jillian Braverman,Jaume Martinez Vich,0.0045,0.053
Kent Hunter,Kenadi Hance,0.0072,0.0532
Alec Weller,Luke Ness,0.0017,0.0545
Sergey Afanasenka,William Stults,-0.0093,0.0517
Roman Estareja,Aron Ouye,-0.0056,0.0513
Chase Ora,Jesse Knight,0.0015,0.0553
Benjamin Bramblett,Chase Mason,-0.0017,0.0523
Phuc Huynh,Marcel Chan,-0.0068,0.0501
Erik Pailet,Cierra Gaytan-Leach,0.0037,0.0513
Ryan Skufca,Elizabeth Skufca,0.0012,0.0515
Cason Campbell,Tucker Mueck,-0.0058,0.0543
Benjamin Grant,Ryan Diaz,0.0095,0.0501
Nick Black,Kevin Pham,-0.0024,0.0501
Alex Emery,Ernesto Russo,-0.004,0.0523
Walter Lau,Kyle McMakin,0.0057,0.0512
Stephen Madonia,Grayson Goldin,0.0057,0.0504
Julie Rodriguez,Alex Emery,-0.0012,0.0525
Tim Ryan,Nancy Tsai,-0.007,0.0494
Matthew Marceau,Malia K Lum,0.0033,0.0512
Jessica Mason,Chase Mason,-0.0048,0.0475
Cassidy Hoag,Anderson Scarpa,0.035,0.0509
Lingwei Kong,Blaine Hovenier,-0.0028,0.0533
Caden Nemoff,Pierina Imparato,-0.0035,0.0551
Christine Maddox,James Bragg,-0.0001,0.0557
Ethan Violette,Ammar Wazir,0.0036,0.0513
Michael Loyd,Brooke Revuelta,0.0095,0.051
Aron Ouye,Camila Garcia Wright,0.001,0.0478
Patrick Kawka,Lauren Mercado,0.0176,0.0502
Jake Davis,Jeffrey Tolman,-0.0006,0.049
Anders Jansson,Chiron Burl,-0.0089,0.0511
Blaine Hovenier,Matthew Marceau,-0.0019,0.052
Jerome Jayapal,Jonathan Williams,-0.0008,0.0524
Blake Potter,Ivana King,0.0038,0.0496
Luke Ness,Michelle Murphy,0.0099,0.0514
Madison Wold,Jake Presser,0.0054,0.0486
Yates Johnson,Vivian Glozman,-0.0008,0.0522
Katerina Stewart,Cason Campbell,0.0102,0.0514
Jericho Grollman,Harrison Gold,0.0095,0.0541
Tatiana Ruhl,Jonny Pickleball Andrews,-0.0024,0.0507
Sabrina Guillebeaux,Chase Holderman,0.0008,0.0531
Kevin Dayan,Warren Tamanaha,0.0084,0.0533
Cade Erickson,Vincent Van Patten,-0.0019,0.0518
Kent Hunter,Matthew Mead,-0.0046,0.0523
Angel Hernandez,David Horn,-0.0006,0.0509
Jackson Ayotte,Rio Newcombe,-0.0072,0.0509
Matthew Mead,Ali Welch,-0.007,0.053
Gino Valencia,Dionne Lim,0.002,0.0534
Clemens Graute,Ekaterina Biakina,0.0053,0.0506
Gabrielle Boudreau,Rio Newcombe,-0.003,0.0486
Stefan Svicevic,Mario Figueredo,-0.0069,0.0532
David Hall,Christopher Williams,0.0002,0.0496
Troy Akin,Bryan Hammond,0.0077,0.0512
Claudio Quinones Garcia,Iker Tomas,-0.002,0.051
Mason Fung,Ryan Ali,0.0082,0.0531
Chase Holderman,Christopher Haworth,0.0065,0.0495
Dean Loock,Danny Derry,-0.0007,0.0516
Max Green,Cambell Nakayama,-0.0039,0.0508
Cori Elliott,Benjamin Grant,0.0005,0.0485
Ryan Eveloff,Amanda Rosati,-0.0043,0.0538
Nicole Eugenio,Wesley Burrows,0.0208,0.0538
Mike Anderson,Marcela Aguila Ampon,-0.0069,0.0514
Kevin Dayan,Trang Huynh,-0.0053,0.0509
Jason Gregory,Christopher Welch,0.0008,0.052
Liz Truluck,Casey Diamond,-0.004,0.0498
Claudia Stepien,Chiron Burl,-0.0009,0.0518
Naveen Beasley,Sharienne Ricardo,-0.0027,0.0529
Shea Donahue,Mario Figueredo,0.004,0.0498
Jaume Martinez Vich,Wyatt Stone,0.0049,0.0518
Yates Johnson,Hunter Johnson,-0.0146,0.0519
Spartak Rahachou,Louie Payetta,0.0012,0.0549
Camila Garcia Wright,Marcela Aguila Ampon,-0.0065,0.051
Pamela Montez,Claudia Stepien,0.0077,0.0532
Nicole Eugenio,Cori Elliott,-0.0029,0.0487
Lyndsay Kinstler,Michelle Murphy,0.0009,0.0486
Parris Todd,Hunter Johnson,0.0285,0.0465
Camila Zilveti,Ivan Jakovljevic,-0.0028,0.0502
Jonny Pickleball Andrews,Ryan Sherry,-0.01,0.0538
Eric Roddy,Jason McNulty,0.007,0.0514
Cierra Gaytan-Leach,Olivia McMillan,-0.0009,0.0519
Christine Trifunovic,Kaitlyn Christian,0.0069,0.0515
Sabrina Guillebeaux,Tatiana Ruhl,0.0095,0.0514
Lingwei Kong,Ekaterina Biakina,-0.0039,0.0545
Erik Lange,Lina Padegimaite,-0.0064,0.0506
Madeline Schulte,Patrick Smith,-0.0134,0.0504
Rafa Hewett,Ava Ignatowich,-0.0039,0.0531
Chao Yi Wang,Eric Roddy,-0.0045,0.0523
Dominique Schaefer,Wyatt Stone,0.0009,0.0511
Genie Erokhina,Martin Emmrich,0.0013,0.0529
Allison Phillips,Chuck Taylor,-0.0038,0.0496
Naveen Beasley,Elliot Markowitz,0.0069,0.0517
Mohaned Alhouni,Mota Alhouni,-0.0045,0.0493
Patrick Kawka,Michael Loyd,0.0044,0.0476
Alvaro Terron,Donald Young,0.0039,0.0527
Mary Brascia,Gabriel Tardio,-0.0082,0.0513
Quang Duong,Pesa Teoni,-0.0043,0.0505
Lauren Mercado,Brooke Revuelta,-0.0136,0.0523
Malia K Lum,Trang Huynh,0.0189,0.0514
Brandon French,Anderson Scarpa,-0.0063,0.0527
Pablo Tellez,Etta Tuionetoa,-0.0086,0.0481
Tamaryn Emmrich,Daniel De la Rosa,0.0282,0.0475
Brooke Buckner,Collin Johns,-0.008,0.0509
Maggie Brascia,Hayden Patriquin,-0.0003,0.0522
Alex Neumann,Aanik Lohani,-0.0047,0.0508
Erik Pailet,Derek Shearer,0.0009,0.0516
Rachel Rohrabacher,Federico Staksrud,-0.0223,0.0452
Genie Bouchard,Tyler Loong,-0.0008,0.0522
Liz Truluck,Pierina Imparato,0.0064,0.0482
Craig Johnson,Augustus Ge,-0.0002,0.0483
Angie Walker,Alex Walker,0.0128,0.0445
Katerina Stewart,Ava Ignatowich,-0.014,0.0553
Collin Shick,Rachel Rettger,0.046,0.0523
Allison Phillips,Dominique Schaefer,-0.0098,0.051
Jessica Mason,Ali Welch,0.0064,0.053
Brandon French,Olivia McMillan,-0.0103,0.0541
Callan Dawson,Judit Castillo,-0.0053,0.0521
Quang Duong,Christine Trifunovic,0.0013,0.0505
Ewa Radzikowska,Judit Castillo,0.0161,0.0493
Domenika Turkovic,Amanda Rosati,-0.0191,0.0519
Daniel De la Rosa,Martin Emmrich,0.0092,0.0459
Caden Nemoff,Dave Weinbach,-0.008,0.0536
Brittany Minna,Ivana King,-0.0013,0.055
Angie Walker,Donald Young,0.0202,0.0485
Ivan Jakovljevic,Steve Deakin,0.0091,0.0484
Leigh Waters,Christian Alshon,0.0062,0.0508
Sam Querrey,Kaitlyn Christian,0.0133,0.0485
Todd Fought,Tyler Loong,-0.0062,0.0497
Steve Deakin,Alex Walker,0.0091,0.0467
Travis Rettenmaier,Roscoe Bellamy,0.0162,0.0521
Daniel Jensen,Grant Bond,-0.0084,0.054
Mike Anderson,Rob Cassidy,0.0045,0.0489
Gabriel Joseph,Ryan Eveloff,0.0033,0.0492
Sam Querrey,Wesley Burrows,-0.0315,0.0496
Camila Zilveti,Rachel Rettger,-0.0185,0.0503
Luke Wasson,Drake Palm,-0.0115,0.049
Jade Kawamoto,Darrian Young,-0.0076,0.0515
Zack Taylor,Casey Diamond,-0.0006,0.0463
Madeline Schulte,Dionne Lim,0.0036,0.0534
AJ Koller,Chuck Taylor,-0.0084,0.0521
Parris Todd,Vivian Glozman,-0.0095,0.0528
Callie Smith,Jay Devilliers,0.0015,0.0432
James Ignatowich,Anna Bright,0.019,0.0489
Andrei Daescu,Lea Jansen,0.0056,0.0486
Mary Brascia,Maggie Brascia,0.0004,0.0457
Travis Rettenmaier,Lacy Schneemann,-0.0134,0.0493
Tamaryn Emmrich,Genie Erokhina,-0.0071,0.0503
Brooke Buckner,Lina Padegimaite,-0.007,0.0488
Lucy Kovalova,Matt Wright,-0.0,0.0433
Julian Arnold,Lauren Stratman,0.0215,0.0458
Jack Sock,Catherine Parenteau,0.0136,0.05
Dekel Bar,Tina Pisnik,-0.0067,0.045
Callan Dawson,Hayden Patriquin,0.0081,0.0503
Thomas Wilson,Vivienne David,0.0456,0.0508
Jorja Johnson,JW Johnson,-0.0234,0.0432
Jack Sock,Collin Shick,-0.0182,0.0488
Chao Yi Wang,Genie Bouchard,-0.0136,0.0522
Rafa Hewett,Connor Garnett,0.0002,0.0545
Riley Newman,Jackie Kawamoto,-0.0005,0.0446
Dylan Frazier,Tyra Hurricane Black,-0.0324,0.0488
Allyce Jones,Connor Garnett,0.0334,0.0479
Meghan Dizon,Tyson McGuffin,-0.0002,0.052
Jorja Johnson,Tina Pisnik,0.013,0.0491
Phillip Locklear,Spencer Smith,-0.0057,0.0491
Andrei Daescu,Gabriel Tardio,-0.0188,0.046
Christine Maddox,Jillian Braverman,0.0196,0.051
Anna Leigh Waters,Ben Johns,-0.0498,0.0458
Riley Newman,Thomas Wilson,0.0046,0.052
Julian Arnold,Christian Alshon,-0.0022,0.0491
Collin Johns,Ben Johns,0.0952,0.0541
Lacy Schneemann,Vivienne David,0.0091,0.0503
Jade Kawamoto,Jackie Kawamoto,0.0509,0.0473
Lea Jansen,Tyra Hurricane Black,-0.0009,0.0498
Pablo Tellez,Federico Staksrud,-0.0162,0.0481
Matt Wright,James Ignatowich,0.0203,0.0498
Rachel Rohrabacher,Anna Bright,0.0302,0.0473
Lauren Stratman,Allyce Jones,0.0165,0.0494
Anna Leigh Waters,Catherine Parenteau,0.0185,0.0488
Dylan Frazier,JW Johnson,0.028,0.0456
Callie Smith,Lucy Kovalova,0.019,0.0472
Dekel Bar,Tyson McGuffin,-0.0125,0.042
Etta Tuionetoa,Meghan Dizon,0.0134,0.0474
Jay Devilliers,Patrick Smith,0.0156,0.0487
Tanner Crandall,Brendon Swazo,-0.0113,0.0514
Pally Ray,Tony Larson,0.0033,0.0513
Kyle Chittenden,Christian Harkins,-0.0094,0.0544
Samrat Nalla,Sam Young,-0.0024,0.0516
Kailas Shekar,Riley Inn,0.004,0.0487
Chance Finley,Christian Nowtash,-0.0052,0.0531
Jeffrey Stone Jr.,Bret Berryman,0.0033,0.0497
Jonas Valdez,Ross Mathews,-0.0006,0.0504
Joey Nassos,Russell Martinez,-0.0022,0.0523
Chas Howard,Nicholas Wade,-0.0035,0.0513
Alex Fillat Perez,Stavro Sophocleous,-0.0032,0.0503
Ryan Fu,Tanner Tomassi,-0.0103,0.0509
Zach Gonnering,Christopher Anderson,-0.001,0.0518
Ryan Lucci,Daniel Gonzalez,-0.0046,0.0514
Nate Gross,Nick Tomaino,-0.0013,0.0497
Trevor Machek,Adrian Garza,0.0109,0.0504
Claudio Quinones Garcia,Christopher Haworth,0.0041,0.0511
Thatcher Schwendiman,Clayton Boydston,0.0152,0.0525
Austin Oreilly,Adrian Garza,0.0025,0.0515
Rumesh Vaikuntan,Andrew Wang,0.002,0.0519
Daniel Byun,Harrison Yee,0.0071,0.0527
Chuck Tang,Jake Kuhlman,-0.0067,0.0498
Clayton Powell,Elijah Bertram,-0.007,0.0505
Tavon Morrow,Evgeniy Kim,0.0122,0.0491
Flynn Kantzalis Orton,Matthew Mead,0.0069,0.0507
Nick Black,Logan Rosenbach,0.0109,0.0485
Joel Ticknor,Kale Klein,0.0064,0.0517
Matthew Fisher,Erik Josephs,-0.0057,0.0528
David Litvinov,Benjamin Grant,0.0006,0.0514
Garrett Blair,Paul Maple,-0.0047,0.0522
Sam Angelo,Devon Farnsworth,0.003,0.0505
Jack Goldberg,Dave Musgrave,-0.0097,0.0503
Andre Millet,Luke Ness,-0.0133,0.0502
Matthew Stith,Andre Feliz,-0.0028,0.0496
Darren Ho,Matthew Nola,-0.0005,0.0512
Walter Lau,Aron Ouye,0.0049,0.0551
Pablo Copetti,Agustin Crochi Torres,-0.0017,0.0524
Marcel Chan,Amanda Rosati,0.0126,0.0509
Cori Elliott,Bryce Larson,-0.0014,0.0479
Jessica Mason,Clayton Powell,-0.0087,0.0521
Sally Clement,Michael Stephens,-0.0081,0.0546
Mary Brascia,Erik Lange,0.0016,0.0513
Rob Cassidy,Camila Garcia Wright,0.0059,0.0513
Chas Howard,Mary Monson,0.0014,0.0521
Louie Payetta,Malia K Lum,-0.0002,0.0499
Madeline Schulte,Tavon Morrow,0.0029,0.053
Carlota Trevino,Benjamin Grant,-0.0066,0.0532
AJ Koller,Lacy Schneemann,-0.0094,0.0481
Nicola Slater,Rio Newcombe,0.0013,0.0507
Jessica Wilcox,Jackson Ayotte,0.0265,0.0502
Thatcher Schwendiman,Brenna Murray,0.0088,0.0523
Miranda Mizera,Peyton Mizera,-0.0085,0.0518
Caden Nemoff,Daria Walczak,-0.0031,0.0504
Dorothy Zerbst,Will Jamieson,0.0057,0.0527
Samrat Nalla,Nora Tan,-0.0039,0.053
Allison Phillips,John Cincola,-0.0064,0.0511
Courtney McIntosh,Walter Lau,0.0082,0.0529
Ella Boydston,Clayton Boydston,-0.0196,0.0522
Chloe Igleski,Joel Ticknor,-0.0043,0.0497
Monica Piekarski,Etienne Blaszkewycz,-0.0005,0.0518
Rachael James,Johnny Goldberg,-0.0056,0.0527
Belinda Gamez,Christopher Anderson,0.0039,0.0512
Lingwei Kong,Wyatt Stone,-0.0111,0.0526
Chao Yi Wang,Chuck Taylor,0.0037,0.0489
David Litvinov,Alexis Nelson,0.0024,0.0473
David Hall,Lauren Wong,-0.0045,0.0496
Jeremy Swisher,Kimberly Burbank,-0.0074,0.0505
Christian Alshon,Catherine Parenteau,0.0084,0.0459
Lina Padegimaite,CJ Klinger,0.0023,0.0498
Lea Jansen,Jack Munro,-0.0026,0.0521
Christine Maddox,Tyler Loong,-0.0231,0.0521
Drake Palm,Marcela Aguila Ampon,-0.0038,0.052
Mari Humberg,Martin Emmrich,-0.004,0.0503
Zane Navratil,Andrea Koop,0.0021,0.0498
Kaitlyn Christian,Wesley Burrows,-0.0,0.051
Callan Dawson,Emilia Schmidt,0.0016,0.0513
Christine Trifunovic,Brandon French,0.0003,0.053
Dana Raugust,Daniel Jensen,-0.0059,0.0511
Craig Johnson,Audrey Adele Brown,-0.0054,0.0501
Ashlee Candelaria,Ryan Finley,0.0025,0.0515
Nicole Eugenio,Blaine Hovenier,0.0015,0.0518
Court Zalinski,Austin Oreilly,-0.0071,0.0537
Zach Gonnering,Lucah Folden,0.0108,0.0532
Nico Valencia,Dionne Lim,-0.0064,0.0518
Paige Miles,Keith Read,0.0162,0.0498
Patrick Kawka,Salome Devidze,0.0079,0.0571
Ross Whittaker,Pierina Imparato,-0.0057,0.0492
Casey Diamond,Ava Ignatowich,-0.0011,0.0508
Liz Truluck,Aanik Lohani,-0.0025,0.0483
Augustus Ge,Tyra Hurricane Black,0.0464,0.0461
Rafa Hewett,Jade Kawamoto,-0.005,0.0485
Reyna Ash,Luke Ness,-0.0019,0.0528
Allison Chuang,Ryan Gilbert,0.0006,0.0524
Kailas Shekar,Joana Stark,-0.009,0.0514
Amanda Jarrett,Jeffrey Stone Jr.,-0.0072,0.0554
Matthew Mead,Madeline Saunders,0.0037,0.0499
Averee Beck,Logan Rosenbach,-0.0033,0.0514
Nate Gross,Brooklyn Tolentino,0.0011,0.0513
Samantha Parker,Jonny Pickleball Andrews,0.0068,0.0506
Susannah Barr,Spencer Smith,0.007,0.0501
Alexis Saucerman,Jake Kuhlman,-0.0041,0.0515
Kristin Vogel,Ryan Eveloff,-0.0007,0.0534
Dalia Garza,Sam Angelo,-0.0043,0.0529
Samantha Goldenhersh,Nicholas Wade,-0.0044,0.0544
Cassidy Hoag,Brooke Revuelta,0.0085,0.0518
Nora Tan,Joana Stark,-0.0037,0.0544
Jay Devilliers,Ben Newell,0.0068,0.0493
Erik Pailet,Jericho Grollman,-0.0155,0.0498
Noah Zwiren,Elliot Markowitz,-0.0066,0.0494
Johnny Goldberg,Will Howells,0.0046,0.0504
Lea Jansen,Susannah Barr,0.0043,0.0518
Nicola Slater,Monica Piekarski,-0.0024,0.0517
Roscoe Bellamy,Wesley Burrows,0.0031,0.0489
Tamaryn Emmrich,Mari Humberg,-0.0074,0.0551
Marshall Brown,Anderson Scarpa,-0.0017,0.0516
Jackson Ayotte,Daniel Jensen,0.0123,0.0526
David Hall,Bryce Larson,-0.0069,0.0512
Gabriel Joseph,Will Jamieson,0.003,0.049
Blaine Hovenier,Ryan Eveloff,-0.0064,0.053
Caden Nemoff,Rob Cassidy,-0.0008,0.0482
Averee Beck,Cloe Murillo,-0.0002,0.0493
Reyna Ash,Dana Raugust,0.0116,0.05
Carlota Trevino,Lucah Folden,0.002,0.0524
Jaume Martinez Vich,CJ Klinger,-0.0034,0.0478
Ernie Garcia,Cooper Fratt,0.0005,0.0531
Eric Gilbert,Ryan Gilbert,0.0019,0.0489
Dominique Canale,Sienna Susko,-0.008,0.0511
Louie Payetta,Rob Hutchins,-0.0052,0.0499
Mario Barrientos,Jose Farias,0.0041,0.0498
Chloe Igleski,Ella Boydston,-0.0073,0.0531
Rachael James,Jessica Wilcox,-0.0026,0.0511
Daria Walczak,Marcela Aguila Ampon,0.0086,0.0492
Danielle Taufa,Samantha Parker,0.0024,0.0514
Alexis Saucerman,Jessica Mason,0.0096,0.0514
Jonny Pickleball Andrews,Keith Read,0.0185,0.0517
Lauren Wong,Brenna Murray,-0.0113,0.0521
Andrea Koop,Tina Pisnik,-0.0122,0.0515
Nicole Eugenio,Malia K Lum,0.0052,0.0517
Zane Navratil,Erik Lange,0.0156,0.0502
Ashlee Candelaria,Audrey Adele Brown,0.0002,0.0496
Courtney McIntosh,Camila Garcia Wright,0.0021,0.05
Pesa Teoni,Etienne Blaszkewycz,0.0013,0.052
Allison Phillips,Paige Miles,0.0028,0.0517
Eric Roddy,Aanik Lohani,0.0132,0.0499
Lingwei Kong,Ava Ignatowich,-0.0033,0.048
Brandon French,Donald Young,-0.0061,0.055
Adrian Legarreta,Rio Newcombe,-0.0022,0.0514
Sarah Pham,Sarah Hua,-0.0101,0.0527
Samantha Goldenhersh,Cori Elliott,0.0005,0.051
Ross Whittaker,Casey Diamond,-0.0163,0.0478
Dorothy Zerbst,Madeline Saunders,-0.007,0.0523
Allison Chuang,Alexis Nelson,0.0093,0.0531
John Cincola,Wyatt Stone,0.0085,0.0516
Mary Monson,Deserea Dunn,-0.0007,0.0512
Kenadi Hance,Emilia Schmidt,0.0003,0.052
Ernesto Russo,Sarah Ansboury,-0.004,0.0511
Daria Walczak,Craig Johnson,-0.0013,0.0527
Joshua Reason,Zak Parks,0.0196,0.0507
John Macauley,Kallan Arledge,-0.0099,0.0529
Cami Blake,Robert Baylon,0.007,0.0515
Jalen Fuhriman,Justin Fullmer,-0.0032,0.0575
Garrett Blair,Dalton Robinson,0.0023,0.0515
Michael Parra,Chris Chakkaw,-0.0021,0.0486
Madeline Schulte,Drake Palm,0.0026,0.0509
Chloe Igleski,Thatcher Schwendiman,-0.0035,0.052
Dalia Garza,Pesa Teoni,0.0035,0.0509
Sabrina Guillebeaux,Quan Do,-0.0099,0.049
Megan Fudge,Martin Emmrich,0.0186,0.0518
Tatiana Ruhl,Claudio Quinones Garcia,0.0055,0.0512
Benjamin Bramblett,Domenika Turkovic,0.0047,0.0507
Rachael James,Erik Forsythe,0.0087,0.0499
Cassidy Hoag,Darrian Young,0.0017,0.0522
Quan Do,Ryan Gilbert,0.0017,0.0534
Nick Black,Jordan Bridge,-0.0119,0.0485
Zaen Affleck,Gregorie Vinueza-Daly,-0.0019,0.0494
Alex Fillat Perez,Adrian Legarreta,0.008,0.0543
Koa Pagaoa,Bryan Castanon,-0.0096,0.053
Santhosh Narayanan,Noah Zwiren,-0.0064,0.0492
Kace Heiner,Tyler Holbrook,0.0004,0.0502
Jessica Mason,Lucah Folden,-0.0007,0.0508
Bobbi Oshiro,Milan Rane,0.011,0.0467
Elizabeth Skufca,Victoria Yu,-0.0032,0.0529
Max Green,Robert Baylon,-0.008,0.0533
Ivy Tschetter,Emma Nelson,-0.0007,0.0522
Audrey Adele Brown,Zachary Grabovic,0.0185,0.0501
Ewa Radzikowska,Todd Fought,-0.0015,0.0494
Wesley Miller,Jack Marsh,0.002,0.0535
Chase Ora,Farzin Amiri,0.0001,0.0536
Daria Walczak,Christa Gecheva,0.0097,0.0514
Polina Libo,Amanda Jarrett,0.0034,0.0508
Ashlee Candelaria,Marcela Aguila Ampon,0.0102,0.0503
Dalia Garza,Iulia Marcenco,-0.0001,0.0521
Zachary Grabovic,Evgeniy Kim,-0.0006,0.0499
Jace Morris,Wil Shaffer,0.0003,0.0539
Nathan Matthews,Mariano Yeh,0.0024,0.05
Michael Erho,Andy Cusick,-0.0086,0.0553
William Gardner,Rio Newcombe,0.0074,0.0543
Jared Call,Jeffrey Moulton,-0.0019,0.0521
Jake Denstone,Daniel Schwartz,-0.0039,0.0499
Chas Howard,Benjamin Grant,0.0026,0.052
Brandon French,Judit Castillo,-0.0051,0.0517
Carolina Mayorga-Perry,Phillip Locklear,0.0056,0.0526
Christa Gecheva,Augustus Ge,-0.0069,0.0555
Tony Larson,Manny Pasricha,0.0026,0.0503
Audrey Adele Brown,Tatiana Ruhl,-0.0177,0.0507
Angela Berry,Shea Donahue,0.0011,0.0509
Claudio Quinones Garcia,Juan Benitez,-0.0036,0.0495
Jalina Ingram,Kale Klein,-0.0043,0.0534
Walter Lau,Angela Berry,-0.0056,0.0544
David Hall,Clayton Boydston,0.0153,0.0502
Nick Werner,Nolan Wolgamott,0.0037,0.0515
Thatcher Schwendiman,Bryce Larson,-0.0117,0.0508
Lucah Folden,Clayton Powell,0.0032,0.0502
Camila Zilveti,Kasia Carr,0.0044,0.0527
Brenna Murray,Bryce Larson,0.0093,0.0506
Savanna Watts,Louis Wegner,-0.0052,0.0507
Cloe Murillo,Evgeniy Kim,0.0051,0.0512
Nebojsa Buha,Pally Ray,-0.0059,0.0499
Joshua Cooperman,Nicolas Gallego,0.003,0.0513
Lauren Mercado,Casey Diamond,0.0065,0.0513
Caden Nemoff,Ivy Tschetter,-0.002,0.0507
Court Zalinski,Jonny Pickleball Andrews,-0.009,0.0518
Maximo Agoglia,Adrian Garza,0.0004,0.0493
Mota Alhouni,Marcela Aguila Ampon,-0.0083,0.0509
Ashlee Candelaria,Rio Newcombe,0.0017,0.0507
Austin Oreilly,Kasia Carr,-0.001,0.0515
Cami Blake,Cloe Murillo,-0.0064,0.0513
Domenika Turkovic,Dionne Lim,0.0026,0.0525
Walter Lau,Mouaad Alhouni,-0.0067,0.0496
Genie Erokhina,Anderson Scarpa,-0.0065,0.0492
Carolina Mayorga-Perry,Dana Raugust,-0.0072,0.0531
Josh Jenkins,Erik Forsythe,-0.0053,0.0526
Ryan Gilbert,Dionne Lim,0.0193,0.0491
Rob Hutchins,Daniel McAuley,0.0069,0.0525
Joseph Rotheram,Jeffrey Stone Jr.,0.0007,0.0524
Matt Burkhardt,Mac Young,-0.0098,0.0522
Alexandre Gauthier,Cason Campbell,-0.0002,0.0508
Madeline Schulte,Sabrina Guillebeaux,0.0014,0.0513
Maddy Rasmusen,Benjamin Grant,-0.0015,0.0488
Rob Cassidy,Pierina Imparato,-0.0107,0.0549
Ross Whittaker,Mari Humberg,0.0081,0.0501
Pally Ray,Auburn Smith,-0.0047,0.0512
Beau Martin,Jay Riding,-0.0077,0.0535
Izaak Gonzalez,Stetson Owensby,-0.0009,0.0531
Joey Nassos,Joey Lutostanski,-0.0065,0.0509
Joshua Reason,Shea Donahue,-0.0016,0.0498
Jordan Betts,Cambell Nakayama,0.0003,0.0519
Dominique Schaefer,Rachel Rettger,0.0,0.0492
Brenna Murray,Maddy Rasmusen,-0.0062,0.0508
Quang Duong,Lingwei Kong,-0.0028,0.0518
Erik Pailet,Drake Palm,0.0027,0.0504
Marshall Brown,Donald Young,-0.0031,0.05
Austin Oreilly,Ryan Sherry,0.0033,0.0534
Genie Bouchard,Gregory Dow,-0.001,0.0508
Chuck Taylor,Mario Barrientos,0.0084,0.0516
Michael Loyd,Pesa Teoni,0.0004,0.0518
Kristopher Heddings,Dave Weinbach,0.0081,0.0524
Bobbi Oshiro,Wyatt Stone,0.0115,0.0547
Christine Trifunovic,Marshall Brown,0.0088,0.0526
Mari Humberg,Jorja Johnson,0.0074,0.0511
Joel Cassens,Mota Alhouni,-0.005,0.0534
Warren Tamanaha,Yaamunan Venkatesan,-0.0137,0.0516
Liz Truluck,Wesley Burrows,-0.0004,0.0509
Jalina Ingram,Melissa Ferger,-0.0005,0.0513
Rafa Hewett,Tyra Hurricane Black,0.0009,0.052
Tam Trinh,Luke Wasson,-0.0053,0.0541
Phillip Locklear,Steve Deakin,-0.0079,0.0497
Ryan Sherry,Ava Ignatowich,0.0061,0.0501
Ivan Jakovljevic,Brandon French,-0.0048,0.0487
Mohaned Alhouni,Sammy Lee,0.0149,0.0484
Clayton Powell,Tyler Hong,0.0175,0.0518
Gabriel Joseph,Jericho Grollman,-0.0063,0.0525
Milan Rane,Patrick Smith,0.0002,0.051
Genie Erokhina,Sarah Ansboury,0.0024,0.0514
Gregory Dow,Anderson Scarpa,0.0052,0.045
Callan Dawson,Dominique Schaefer,-0.0044,0.0498
Gabriel Joseph,Camila Zilveti,0.0074,0.0463
Jade Kawamoto,Federico Staksrud,0.0038,0.0507
Spencer Smith,Olivia McMillan,0.0088,0.0507
Quang Duong,Tyler Loong,-0.0038,0.0549
Tamaryn Emmrich,Olivia McMillan,-0.0084,0.0488
Zane Navratil,Allison Phillips,-0.0009,0.0486
Darrian Young,Connor Garnett,0.0082,0.0517
Megan Fudge,Allyce Jones,-0.0043,0.0521
Jessie Irvine,Tina Pisnik,0.0106,0.0496
Parris Todd,Tyra Hurricane Black,0.0398,0.0464
Julian Arnold,Jack Munro,0.0042,0.0511
Spencer Smith,Wyatt Stone,0.0009,0.0519
Rafa Hewett,Todd Fought,-0.0057,0.0523
Christian Alshon,Jessie Irvine,0.0028,0.0489
Zane Navratil,Christian Alshon,0.0028,0.0501
Irina Tereschenko,Lacy Schneemann,0.0072,0.0492
AJ Koller,Travis Rettenmaier,-0.009,0.0499
Vivienne David,Anna Bright,-0.0052,0.0505
Lea Jansen,Lauren Stratman,-0.0059,0.0504
Joel Cassens,Jose Gomez,0.0047,0.053
Lawrence Kasay,David Dutrieuille,-0.0083,0.0509
Holden Ross,Alex Unger,-0.0016,0.0527
Cameron Drummond,Jacob Rude,-0.0082,0.0505
Brenton Brakke,Bryant Brakke,-0.0102,0.0521
Jordan Bridge,Andrew Anh Pham,0.0096,0.0522
David Zumwalt,Zach Gonnering,-0.0071,0.0509
Beau Martin,Daniel Howard,0.0115,0.0501
Marquis Christenson,Sandeep Sharma,-0.0087,0.0529
Maximo Agoglia,Hao Nguyen,0.0018,0.0506
Gorka Sanchez,Alex Lantz,0.0045,0.05
Jordan Betts,Chase Blocker,-0.0059,0.0529
Emir Hamzic,Matthew Krakowski,0.0039,0.0485
John Macauley,Matt Haugdahl,0.0066,0.0521
Kevin Daniel,Varun Iyer,-0.0015,0.0492
Thomas Bruchu,Bennett Sell,-0.0068,0.0514
Jeremy Thompson,Alex Grausnick,-0.0039,0.0526
Dave Bacalla,Jeffrey Moulton,0.0098,0.051
Jennifer Tavernier,Mouaad Alhouni,-0.0004,0.05
Amrik Donkena,Niltooli Wilkins,-0.0,0.052
Sydney Donkena,Jose Gomez,-0.0036,0.0508
Tyler Loong,Lina Padegimaite,0.0083,0.0494
Gorka Sanchez,Katie Fagan,0.0047,0.0507
Ivan Jakovljevic,Ava Ignatowich,0.0033,0.0502
Collin Johns,Anna Bright,-0.0005,0.0489
Daniel Jensen,Helen To,0.0009,0.0491
Kyle Goodburn,V. Mary Rivas,0.0013,0.0497
Emily Stumpf,Neil Mediratta,0.002,0.0532
Ivy Tschetter,Luke Wasson,0.0074,0.0503
Jamie Haas,Pesa Teoni,-0.0077,0.0549
Jamie Voelker,Zak Parks,-0.006,0.0507
Rafa Hewett,Parris Todd,0.0073,0.0522
Cason Campbell,Madalina Grigoriu,0.0042,0.0507
Alex Lantz,Emma Nelson,0.0037,0.0514
Blaine Hovenier,Audrey Adele Brown,-0.0017,0.0501
Allison Phillips,Darrian Young,-0.005,0.0501
Christian Alshon,Tyra Hurricane Black,-0.0086,0.0465
Brooke Buckner,Collin Shick,0.0133,0.0494
Lea Jansen,Hayden Patriquin,-0.0136,0.0469
Quang Duong,Liz Truluck,0.0059,0.0501
Jessica Mason,Preston Bies,-0.0013,0.0513
Edward Perez,Pei Ju Hsieh,0.0037,0.0499
David Dutrieuille,Sammy Melin,0.0028,0.0519
Maddy Rasmusen,Bryce Larson,0.0069,0.0514
Adalynn Lund,Christian Lund,-0.0028,0.0503
Chuck Taylor,Paige Miles,-0.008,0.0527
Martina Frantova,Marshall Brown,-0.0001,0.054
Sarah Hua,Mota Alhouni,-0.0032,0.0501
Sam Querrey,Angie Walker,0.0281,0.0527
Lingwei Kong,Jonny Pickleball Andrews,-0.0142,0.0537
Kaitlyn Christian,Brandon French,0.0008,0.051
Camila Zilveti,Brian Kerr,-0.0109,0.0515
Carolina Mayorga-Perry,Pablo Tellez,0.015,0.0518
Alex Neumann,Rachel Summers,0.0052,0.0517
Rajasree Hawk,Logan Peterson,-0.0015,0.0505
Chao Yi Wang,Patrick Smith,-0.0155,0.0509
Craig Johnson,Samantha Parker,0.0061,0.0492
Zach Gonnering,Karyn Weiss,0.0064,0.0492
Mohaned Alhouni,Salome Devidze,0.0074,0.0501
Eric Roddy,Pierina Imparato,-0.0112,0.0492
Marykate Washelesky,Matthew Krakowski,-0.0071,0.0493
Sara Berndt,Tyler Hong,-0.0049,0.0504
Cassidy Hoag,Phillip Locklear,-0.005,0.0514
Cason Campbell,Mouaad Alhouni,0.0107,0.051
Cassidy Hoag,Martina Frantova,-0.0111,0.0508
Anri Ferris,Helen To,-0.0025,0.0513
Sydney Donkena,Rajasree Hawk,0.0007,0.0485
Madalina Grigoriu,Brittni Tonnessen,-0.0119,0.05
Jennifer Tavernier,Audrey Adele Brown,-0.0001,0.0512
Samantha Parker,Sarah Williams,-0.0056,0.0536
Ella Boydston,Maddy Rasmusen,0.0106,0.0484
Ross Whittaker,Bryan Hammond,0.0026,0.0504
Collin Johns,Matt Wright,-0.0076,0.0502
Thomas Wilson,Christian Alshon,-0.009,0.0506
Lea Jansen,Lina Padegimaite,-0.0125,0.0508
Ivy Tschetter,Jamie Voelker,0.0037,0.0523
Tyler Loong,Connor Garnett,0.0437,0.0474
Julian Arnold,Jack Sock,0.0009,0.0491
Lingwei Kong,Jamie Haas,0.0034,0.0513
Dave Weinbach,Neil Mediratta,-0.0062,0.052
Dustin Boyer,Miguel Alda,-0.0123,0.0546
Kaitlyn Christian,Rachel Summers,-0.0031,0.0526
Adrian Garza,Abdul Khan,-0.0042,0.0543
Nick Zelasko,Peter Itskovich,-0.0002,0.0524
Quang Duong,Bao Duong,0.0016,0.0496
Zane Navratil,Travis Rettenmaier,0.005,0.0493
Chuck Taylor,Spencer Smith,0.0034,0.0496
Dekel Bar,Darrian Young,0.0005,0.0543
Sammy Lee,Tyler Hong,-0.0057,0.053
Talia Riser,Kara Andrews,0.0042,0.0535
Bryce Larson,Clayton Boydston,0.002,0.0509
Ian Yi,Mariano Yeh,0.0084,0.0528
Emily Stumpf,Sara Berndt,0.0056,0.0503
Pei Ju Hsieh,Karyn Weiss,-0.0096,0.0516
Brooke Buckner,Chao Yi Wang,0.044,0.0466
Edward Perez,James Delgado,0.0026,0.0495
Adam Gustad,Adam Harvey,0.0009,0.0537
Camila Zilveti,Ava Ignatowich,0.0046,0.0518
David Hall,Walter Lau,-0.003,0.0526
Amrik Donkena,Logan Peterson,0.0045,0.0513
Eric Roddy,Collin Shick,-0.0157,0.0487
Jonny Pickleball Andrews,Luke Wasson,0.0145,0.0504
Spartak Rahachou,Ernesto Russo,-0.002,0.05
Craig Johnson,Pesa Teoni,0.0339,0.0508
Kyle Goodburn,Claudio Quinones Garcia,-0.0049,0.0497
Todd Fought,Wyatt Stone,0.0098,0.0545
Rafa Hewett,Marshall Brown,-0.0128,0.049
Gabriel Joseph,Blaine Hovenier,0.0041,0.0528
Yaamunan Venkatesan,Derek Shearer,0.0022,0.0513
Grant Aronson,Ryan Eveloff,-0.0027,0.0503
Preston Bies,Daniel Jensen,0.01,0.0502
Eliel Herminas,Chase Womack,-0.0018,0.0491
Pieter De Vries,Freddie Stone,-0.0036,0.0534
Austin Bricker,Hao Nguyen,0.0023,0.051
Benjamin Grant,Dionne Lim,-0.0032,0.0521
Chase Ora,Michelle Murphy,0.0078,0.0506
Jayce Landheer,Chandler Carnett,0.0017,0.0509
Dana Raugust,Luke Ness,0.0046,0.0501
Parker Dyer,Mehvish Safdar,-0.0014,0.0515
Brian Harshman,Sarvinoz Saidhujaeva,0.0013,0.0534
Robert Ferrante,Brian Peck,-0.0016,0.0506
Alexei Chernikov,Justin Hunter,0.0023,0.0513
Bronson Adams,Jake Anderson,-0.002,0.051
Emilia Schmidt,Jack Munro,-0.0024,0.0509
Kristin Vogel,Blaine Hovenier,0.0002,0.0527
Josh Nix,Courtney Glenn,0.0026,0.0524
Lorna Morris,Ryan Eveloff,-0.003,0.0503
Connor Maris,Komal Safdar,0.0001,0.0508
Casey Garretson,Aaron Fuhrman,-0.0058,0.0525
Matthew Boyett,Chance Ponsford,-0.0045,0.0506
Ernesto Russo,Chase Ora,-0.0025,0.0512
Yana Newell,Ben Newell,0.0055,0.0547
Tam Trinh,Jill Belyea,0.0021,0.0491
Brandon Nsekpong,Kasia Carr,-0.002,0.0526
Rajul Chikkalingaiah,Daniel Colon,0.0022,0.0514
Kailas Shekar,Santhosh Narayanan,0.0029,0.0523
Brennan Adamson,Jon Nilson,0.005,0.0505
Malia K Lum,Prycen Haas,-0.0104,0.0532
Tanner Tomassi,Ava Ignatowich,0.0104,0.051
Carter Maris,Connor Maris,0.0012,0.0502
James Seagraves,John Neri,-0.0022,0.0519
James Seagraves,Alex Bowers,0.0001,0.0505
David Hall,Benjamin Grant,-0.0074,0.0517
Michael Moody,Cayden Fry,-0.0048,0.0519
Erik Pailet,Rianna Valdes,0.0058,0.0508
Victoria Yu,Chandler Carnett,-0.0017,0.0504
Ivan Jakovljevic,Barbora Vykydalova,0.0051,0.0497
Austin Oreilly,Parker Dyer,-0.0027,0.0515
Jessica Mason,Ryan Fu,0.0025,0.0502
Richard Balistreri,Ryan Lucci,0.0007,0.0499
Bassem Kheireddin,Pierre-David Turmel,0.0051,0.0535
Daniel Moser,Josiah Watje,0.0018,0.051
Luis Gonzalez,Eddie Sada,-0.0063,0.0526
Lingwei Kong,Evgeniy Kim,0.0031,0.0505
Adrian Garza,Brandon Farine,-0.0033,0.0499
ED Chao,AJ Khawaja,0.0016,0.0513
Brad Sweeney,Gabriel Sweeney,-0.0052,0.0519
Tam Trinh,Robert Slutsky,0.0056,0.0493
Maximo Agoglia,Jake Stamps,-0.0004,0.0499
Jon Nilson,Maddy Rasmusen,-0.0063,0.052
Alexandre Gauthier,Zandrix Acob,-0.0031,0.0495
Kate Fahey,John Cincola,0.004,0.0493
Bryce Larson,Danna Funaro,0.0031,0.0543
Alejandro Trevino,Sebastian Gutierrez,-0.0057,0.0516
CJ Klinger,Judit Castillo,-0.0041,0.0517
Christian Thames,Jacob Stegall,-0.005,0.0528
Benjamin Bramblett,Juan Pinilla,-0.0038,0.0532
Quang Duong,Jamie Haas,-0.0012,0.0493
Kaitlin Miller,Carl Hilliard,0.0006,0.0513
Carolina Mayorga-Perry,Etienne Blaszkewycz,-0.003,0.0496
Cori Elliott,Claudio Quinones Garcia,-0.0018,0.0489
Jessica Chernikova,Robert Slutsky,-0.0013,0.0527
David Heckler,Bret Berryman,-0.0063,0.0546
Austin Oreilly,Shelby Bates,-0.0013,0.0493
Tavon Morrow,Tatiana Ruhl,-0.0058,0.0512
Nick Erves,Marko Lovrinovic,-0.0044,0.0523
Gloria Son,Juan Pinilla,0.0061,0.0492
Ryan Nolan,Jesse Boskoff,-0.0018,0.0522
Brennan Adamson,Elizabeth Boydston,-0.0024,0.0521
Chao Yi Wang,Collin Johns,-0.0088,0.0494
Andrei Daescu,Anna Bright,-0.0128,0.0492
Meghan Dizon,Gabriel Tardio,-0.0102,0.0519
Liz Truluck,Brandon French,0.0155,0.0491
Etta Tuionetoa,Tyler Loong,-0.023,0.0483
Jade Kawamoto,Connor Garnett,-0.0107,0.0514
Patrick Kawka,Rachel Rettger,-0.0176,0.0524
Steve Deakin,Camila Garcia Wright,0.0087,0.0485
Rafa Hewett,Lindsey Newman,0.0093,0.0518
Stefan Auvergne,Lina Padegimaite,0.011,0.052
Madeline Schulte,Luke Wasson,-0.0086,0.0485
Wesley Burrows,Alex Walker,-0.0012,0.0495
Yates Johnson,Lacy Schneemann,0.0036,0.0511
Genie Bouchard,Jonny Pickleball Andrews,-0.0004,0.0509
Jackie Kawamoto,Patrick Smith,0.0012,0.0511
Kaitlyn Christian,Travis Rettenmaier,-0.0049,0.0507
Samantha Parker,Pesa Teoni,-0.0118,0.0487
Mary Brascia,Jaume Martinez Vich,0.0355,0.0541
Pablo Tellez,Milan Rane,-0.0053,0.0501
Taylor Garcia,Chao Yi Wang,-0.0045,0.0527
Victoria Yu,Marie Lutz,0.0075,0.0498
Stephen Bass,Marshall Brown,0.0092,0.0523
Brandon Nsekpong,Jose Farias,0.0105,0.053
Roscoe Bellamy,Jack Munro,0.0046,0.051
Dekel Bar,Gabriel Tardio,-0.0016,0.0488
Thomas Wilson,Hunter Johnson,-0.0162,0.0499
Josh Nix,Bryan Hammond,0.0053,0.0519
Yates Johnson,Wesley Burrows,-0.0012,0.0513
Madeline Schulte,Pierina Imparato,-0.0024,0.0505
Jill Belyea,Jessica Chernikova,0.0031,0.0537
Brooke Revuelta,Emilia Schmidt,-0.001,0.0533
Andrei Daescu,Matt Wright,0.0085,0.0468
Mehvish Safdar,Komal Safdar,0.011,0.0483
Christa Gecheva,Rachel Rettger,-0.002,0.0494
Genie Erokhina,Kaitlyn Christian,-0.0054,0.0499
Yana Newell,Lauren Stratman,0.0128,0.0496
Jamie Haas,Malia K Lum,0.0044,0.0485
Lingwei Kong,Camila Zilveti,0.0015,0.0527
Gloria Son,Sarvinoz Saidhujaeva,-0.001,0.052
Liz Truluck,Ava Ignatowich,0.006,0.0521
Nicole Eugenio,Camila Garcia Wright,-0.0015,0.0509
Kate Fahey,Carolina Mayorga-Perry,0.0073,0.0518
Sarah Pham,Dana Raugust,0.0005,0.051
Elizabeth Boydston,Layne Sleeth,-0.0047,0.0536
Lucy Kovalova,Jackie Kawamoto,-0.0049,0.048
Jason Loyd,Michael Loyd,-0.0025,0.0481
Zoeya Khan,Divina Stennfeld,-0.0011,0.0528
Tavon Morrow,Ben Newell,-0.0073,0.0487
Samantha Parker,Tatiana Ruhl,-0.0013,0.0504
Genie Bouchard,Dominique Schaefer,-0.0141,0.0506
Rafa Hewett,Patrick Kawka,-0.0059,0.0525
Ryan Smosna,Izaak Gonzalez,0.0041,0.0506
Erik Pailet,Todd Fought,0.0041,0.0517
Darrian Young,Hayden Patriquin,0.0007,0.0485
Patrick Smith,Connor Garnett,0.0108,0.053
Nicole Pitts,Danna Funaro,-0.0027,0.0506
Alex Bowers,Courtney Glenn,-0.0007,0.0526
Kaitlin Miller,Jessica Mason,0.0022,0.0517
Michelle Murphy,Dionne Lim,-0.0017,0.0488
Andrea Koop,Jade Kawamoto,0.024,0.0477
Rianna Valdes,Jessie Irvine,0.0042,0.0521
Julian Arnold,Tyler Loong,-0.0072,0.0519
Altaf Merchant,Eric Roddy,0.0045,0.0524
Claudio Quinones Garcia,Matthew Mead,0.0032,0.0513
Travis Rettenmaier,Augustus Ge,0.0045,0.0518
Katherine Allan,Shannon Pretorius,0.0016,0.051
Evgeniy Kim,Prycen Haas,-0.0059,0.0511
Taylor Lindsay,Chris Patrick,-0.0028,0.0516
Timothy Cass,Sarah Boruta,-0.0,0.0513
William Owens,Brett Clayton,0.0044,0.0533
Shannon Moore,Henry Boyle,0.0004,0.0527
Kara Andrews,Antonio Cummings,-0.0024,0.0488
Helena Jansen,Augustus Ge,-0.0146,0.0507
Anudeep Kodali,Komal Safdar,0.0096,0.0497
Alex Guy,Audrey Banada,-0.0013,0.0529
Jessica Haywood,William Hart,-0.014,0.0486
Pesa Teoni,Salome Devidze,0.0025,0.0521
Caitlin Klaassen,Brett Clayton,-0.0048,0.0514
Daniel Szafir,James Young,-0.0048,0.0523
Evan Gan,Selim Ben Ali,0.0055,0.0488
Benjamin Bramblett,Avery Rogers,0.0013,0.051
Jeff Stone,Perry Wang,-0.0054,0.0522
Jim Dobran,Rachael James,0.0165,0.0504
Ryan Gilbert,Hailee Haymore,0.0189,0.0503
Jhonnatan Medina Alvarez,Paula Avellan Rizzo,-0.0115,0.0518
Kailas Shekar,Anna Lenhart,0.006,0.053
Frances Altick,Garrett May,-0.0039,0.0547
Ryan Lucci,Jordan Chrysostom,-0.004,0.0516
Abigail Okelley,Rob Cassidy,-0.0039,0.0529
Brie Aldridge,James Delgado,0.0074,0.0512
Jimmy Terzian,Adrian Garza,0.0051,0.0509
Nathan Geldmeier,Sean Smith,-0.0002,0.0502
Drew Sandri,Arnab Baruah,-0.0035,0.0523
Alex Wetherell,Henry Boyle,0.0034,0.0539
John Haskell,Brent Darden,-0.0003,0.0491
Tellis Bolden,Lester Holmes,-0.0064,0.0511
James Broker,Max Green,0.0017,0.0523
Maximilian Wild,Brett Finan,0.0046,0.052
Joshua Giannelli,Jaeda Minniefield,-0.0085,0.0524
Ryan Meyers,William Hart,-0.0027,0.0524
Caden Nemoff,Taylor Garcia,-0.0021,0.0501
Jimmy Terzian,Kat Williams,0.0039,0.0512
Audrey Adele Brown,Patrick Kawka,0.0023,0.0547
Layne Sleeth,Max Green,-0.0072,0.0507
Skylor Riley,Evie Kenna,-0.0018,0.0509
Skylor Riley,Morgan Kaplan,0.0029,0.0521
Aaron Miller,Hunter Horton,-0.0003,0.0522
Daniel Miron,Iker Tomas,-0.0034,0.0538
Nicholas Osborne,Kevin Caulfield,0.0024,0.0514
Jacob Markley,Dustin Dority,-0.0069,0.052
Eric Gilbert,Courtney Kendall,0.0087,0.0522
Collin Johns,Alix Truong,-0.0073,0.05
Kaitlyn Christian,Martin Emmrich,0.0145,0.0512
Craig Johnson,Alex Walker,-0.0047,0.0471
Todd Fought,Maggie Brascia,0.0115,0.0506
Michelle Esquivel,Steve Deakin,-0.0102,0.0513
Eric Roddy,Genie Bouchard,0.0029,0.0495
Hartland Jones,Tyler Hansbrough,-0.0005,0.0522
Luke Wasson,Robert Slutsky,0.0079,0.0533
Nick Zelasko,Andrew Clary,-0.0035,0.0572
Liz Truluck,Marshall Brown,-0.0193,0.05
Madeline Schulte,Ryan Sherry,0.0089,0.049
Naveen Beasley,Ryan Eveloff,0.011,0.048
Quang Duong,Chris Patrick,-0.0012,0.0541
Sarah Ansboury,Wyatt Stone,-0.0024,0.051
Ivan Jakovljevic,Pierina Imparato,0.0016,0.0495
Martina Frantova,Anderson Scarpa,-0.0054,0.0523
Tyler Loong,Allyce Jones,-0.0124,0.0511
Layne Sleeth,Paula Avellan Rizzo,0.0011,0.0508
Polina Libo,Anna Lenhart,-0.0017,0.0513
Kailas Shekar,Miguel Alda,0.005,0.0517
Alex Guy,Ryan Torresin,-0.0068,0.0546
Jim Dobran,Marshall Brown,-0.0168,0.0544
Pablo Tellez,Lacy Schneemann,-0.0004,0.0511
Sam Querrey,Grant Bond,0.0004,0.05
Edward Perez,Jonny Pickleball Andrews,-0.0068,0.0566
James Delgado,Nick Mangiapane,0.0006,0.0512
Quang Duong,Allison Phillips,-0.0077,0.0519
Rachel Summers,Brandon French,0.003,0.0493
Robyn Cobb,Jennifer Spratley,-0.0063,0.0524
Sarah Carpenter,Caitlin Lewis,-0.0029,0.0482
Gregory Dow,Ava Ignatowich,-0.0063,0.0504
Ross Whittaker,Mota Alhouni,0.0061,0.0474
Robert Laidlaw,Len Yang,-0.0007,0.0487
Jhonnatan Medina Alvarez,Ryan Sherry,0.0026,0.052
Joshua Giannelli,Keegan Bigoness,0.0051,0.0506
Noe Sariban,Matthew Nesbitt,-0.0014,0.0488
Kaitlyn Christian,Helena Jansen,-0.0078,0.0525
Taylor Garcia,Ava Ignatowich,0.0001,0.0507
Audrey Adele Brown,Komal Safdar,0.0104,0.0546
Jessie Irvine,Connor Garnett,-0.0093,0.0505
Martina Frantova,Rachel Summers,0.0071,0.0504
Allison Phillips,Sarah Hua,-0.0001,0.053
Rachael James,Hailee Haymore,-0.0076,0.0514
Madeline Schulte,Emilia Schmidt,-0.0096,0.0559
Brie Aldridge,Andi Godwin,-0.0056,0.051
Abigail Okelley,Jaeda Minniefield,-0.0172,0.051
Tamaryn Emmrich,Alix Truong,-0.0018,0.0512
Jessica Mason,Courtney Kendall,-0.0023,0.0552
Travis Rettenmaier,Connor Garnett,0.0175,0.0518
Callie Smith,Lea Jansen,0.0266,0.05
Dana Mayette,Elizabeth Puni,-0.0014,0.0534
Parris Todd,Julian Arnold,-0.0052,0.0525
Caitlin Klaassen,Shannon Moore,-0.0032,0.0504
Christian Alshon,Jackie Kawamoto,0.0064,0.0501
Rafa Hewett,Lauren Stratman,-0.0013,0.0534
Eric Roddy,Steve Deakin,-0.0202,0.048
Augustus Ge,Jaume Martinez Vich,0.0289,0.051
Jessica Haywood,Evie Kenna,0.0009,0.0493
Etta Tuionetoa,Travis Rettenmaier,0.0135,0.0504
Kara Andrews,Marija Venta,-0.002,0.0494
Sarah Ansboury,Audrey Banada,0.0107,0.0517
James Seagraves,Victoria Yu,0.0012,0.0521
Blake Fox,Layne Sleeth,-0.0087,0.0494
Naveen Beasley,Tatiana Ruhl,-0.009,0.0515
Alex Bowers,Matthew Mead,-0.0041,0.0544
David Heckler,Kaysie Smashey,0.0035,0.0514
Brenna Murray,Jonny Pickleball Andrews,0.0044,0.0526
Michael Keeper,Amy Blumrosen,0.001,0.0532
Sara Perles,Chase Womack,-0.0047,0.0517
Cason Campbell,Ilvana Trujillo,-0.0067,0.0509
Carlos Di Laura III,Ryan Dawidjan,0.0117,0.051
Casey Garretson,Jake Anderson,0.0177,0.0526
Adrian Garza,Riley Inn,-0.0053,0.0479
Gabriel Chen,Jacob Stegall,-0.0042,0.0509
Josiah Watje,Matthew Ginn,0.0005,0.0526
John Ward,Noah Ward,-0.002,0.0515
Sepand (sep) Attar,Jay Wang,0.0025,0.0505
Vinay Gupta,David Hall,-0.0016,0.052
Guillermo Paiz,Carson Calhoun,-0.0002,0.0542
Chase Womack,Zach Gonnering,0.0007,0.0529
Ryan Fu,Ava Ignatowich,0.0108,0.0495
Desiree Perez Gonzalez,Bassem Kheireddin,-0.0021,0.0488
Dexter Rangel,Duncan Hawvermale,0.0052,0.0534
Tim Kuo,Jose Martinez,-0.0073,0.0549
Guillermo Paiz,Kasia Carr,-0.0007,0.0517
Sarvinoz Saidhujaeva,Evgeniy Kim,0.004,0.0525
Akinori Wada,Josh Rivera,-0.0015,0.0507
Hilary Toole,Zach Gonnering,0.0039,0.0505
V. Mary Rivas,Brett Finan,-0.0012,0.0492
Alex Chan,Bryce Larson,-0.0078,0.0506
Noe Khlif,Jen Rogers,-0.0013,0.0521
Izaak Gonzalez,Dillin Parsons,0.0055,0.0507
Louis Theriault,Graham Taylor,-0.0003,0.0503
Jason Mok,Mark Growcott,-0.0008,0.0537
Manfred Jeske,Dylan Payne,0.0023,0.0534
Hunter Johnson,Emilia Schmidt,0.0082,0.0546
Sebastian Gutierrez,Marie Lutz,-0.0061,0.0518
Eric Fritzges,Bailee Jackson,0.0005,0.0521
Daniel Smith,Eric Fritzges,-0.0012,0.0509
Christine Maddox,Michael Loyd,-0.0025,0.0496
Andrey Belyanin,Matt Ngo,-0.0045,0.0519
Chase Faggard,Easton Horricks,0.0004,0.0518
Shea Donahue,Daniel Howard,-0.0071,0.0536
Aleck Blair,Brian Kerr,0.0002,0.0504
Andrew Clemen,Taylor Clemen,-0.0047,0.0486
Natalie Hur,Tim Kuo,0.0014,0.0515
Etta Tuionetoa,Ben Johns,-0.0101,0.0483
Meghan Dizon,Roscoe Bellamy,-0.0134,0.0528
Jamie Haas,Patrick Smith,0.0125,0.0514
Parris Todd,Zane Navratil,-0.0007,0.0475
Lauren Stratman,Etienne Blaszkewycz,-0.007,0.0526
Regina Goldberg,Collin Johns,0.0011,0.0512
Pablo Tellez,Jessie Irvine,-0.0053,0.0502
Callan Dawson,Kaitlyn Christian,0.0023,0.051
CJ Klinger,Alex Walker,-0.0051,0.0551
Ewa Radzikowska,Donald Young,0.006,0.0509
Julian Arnold,Maggie Brascia,0.0233,0.0489
Pierina Imparato,Wesley Burrows,0.0005,0.0494
Martina Frantova,Todd Fought,0.0188,0.0485
Andrea Koop,Jack Munro,0.0079,0.0511
Yates Johnson,Alix Truong,-0.0094,0.0527
Lingwei Kong,Chuck Taylor,-0.0064,0.0496
Eugenia Carolina Lopez Ascarate,Spencer Smith,0.0021,0.054
Cassidy Hoag,John Cincola,-0.0052,0.0515
Christian Alshon,Tyler Loong,-0.0006,0.0525
Alex Bowers,Danna Funaro,-0.0078,0.0513
Beth Kaufman,Bailee Jackson,0.0049,0.0529
Rafa Hewett,Will Howells,-0.0003,0.0524
Thomas Wilson,Dekel Bar,-0.0079,0.051
Cason Campbell,Bryan Hammond,-0.0058,0.0517
Eric Roddy,Casey Diamond,0.018,0.0523
Todd Fought,Spencer Smith,-0.0111,0.0511
Dylan Frazier,Yates Johnson,0.0036,0.05
Patrick Kawka,Pesa Teoni,-0.0094,0.0535
Samantha Parker,Emilia Schmidt,0.0073,0.051
Sarah Lister,Rachel Janssen,-0.0033,0.0519
Madeline Schulte,Camila Zilveti,0.0032,0.0503
Vivienne David,Jackie Kawamoto,0.0096,0.0512
Roscoe Bellamy,John Cincola,0.0027,0.0545
Sarvinoz Saidhujaeva,Taylor Clemen,-0.0034,0.0534
Caitlin Meendsen,Tiffany Landgraf,-0.0076,0.0507
Layne Sleeth,Jessica Mason,-0.0056,0.0513
Asia Rose,Kaysie Smashey,-0.0015,0.0549
Rianna Valdes,Tamaryn Emmrich,-0.001,0.0496
Allison Phillips,Ilvana Trujillo,0.0031,0.0504
Ernesto Russo,Evgeniy Kim,-0.0047,0.0548
Lea Jansen,Tina Pisnik,0.0227,0.0498
Lauren Wong,Alex Chan,0.0012,0.0544
Regina Goldberg,Christine Trifunovic,-0.0054,0.054
Jessie Irvine,Lacy Schneemann,0.0039,0.0507
Erik Pailet,Wyatt Stone,0.0022,0.05
Tavon Morrow,Jason Lui,0.0035,0.0533
Ethan Violette,Luke Wasson,-0.0072,0.0553
Noe Khlif,Justin Hunter,-0.0011,0.0505
Nick Black,Derek Shearer,0.006,0.0543
Alex Gee,Hao Nguyen,-0.0037,0.0495
Tam Trinh,Brandon French,0.0058,0.0533
Ella Yeh,Abbigal Hatton,-0.0015,0.0486
Matthew Mead,Farzin Amiri,-0.0037,0.0519
Ewa Radzikowska,Eugenia Carolina Lopez Ascarate,0.0076,0.0515
Tatiana Ruhl,Rachel Rettger,-0.0042,0.0537
Hilary Toole,Elizabeth Skufca,-0.0062,0.0531
Ryan Fu,Donald Young,-0.0053,0.0517
Desiree Perez Gonzalez,Kasia Carr,-0.0012,0.0484
Jonny Pickleball Andrews,Elliot Markowitz,0.0049,0.0517
Astrid Torres,Daniela Raygadas,-0.0031,0.0511
Layne Sleeth,Casey Diamond,0.0008,0.0498
Zach Gonnering,Preston Bies,-0.0041,0.0536
Dana Raugust,Yuta Funemizu,0.005,0.0521
Michael Fahey,Stella Li,0.0005,0.0495
Michael Fahey,Taylor Wassell Jr.,0.0015,0.0505
Averry Chew,Andre Feliz,0.0174,0.0528
Tavon Morrow,Natalie Blue,0.0046,0.0527
Bryanna Ojeda,Preston Bies,-0.0009,0.0473
Michael Connors,Jonathan Borashan,0.0051,0.0525
Byron Lee,Steven Ma,-0.0089,0.0513
Nicole Eugenio,Daniel McAuley,0.0007,0.0546
Scott Berke,Luke Ness,-0.0139,0.0509
Jake Presser,Chiron Burl,-0.0007,0.0554
Thatcher Schwendiman,Elizabeth Boydston,-0.0045,0.0524
Ivy Tschetter,Mitchell Hargreaves,0.0091,0.0522
Cobe Williams,Hannah Doolin,-0.001,0.0506
Beau Kojima,Kevin Dayan,0.0038,0.0544
Roman Estareja,Tia Elpusan,0.0072,0.0533
Jessica Mason,Luke Ness,0.0209,0.0515
Desmond Papariello,Mark Weidmann,-0.0059,0.0507
Brad Weston,Nolan Smyth,0.0027,0.0532
Maddox Castellanos,Blake Potter,0.0013,0.0508
Yuta Funemizu,Max Tavepholjalern,0.0033,0.0547
Walter Lau,Chase Ora,-0.0001,0.0496
Claudio Quinones Garcia,Dionne Lim,-0.0082,0.0481
Manoj K,Nalitha Danwatte L,-0.0056,0.0523
Tama Shimabukuro,David Creswell,0.0026,0.0527
Christopher Dalton,Joseph Rotheram,0.0019,0.0538
Shelley Wong,Matthew Mead,0.0006,0.0498
Cade Pierson,Drake Palm,-0.0023,0.0509
Joy Leising,Clayton Powell,0.0051,0.0511
Domenika Turkovic,Chiron Burl,-0.0078,0.0497
Kailas Shekar,Cori Elliott,-0.0056,0.0496
Riley Hanks,Joshua Reason,-0.0026,0.0543
Malia K Lum,Kevin Dayan,0.0044,0.0521
Roscoe Bellamy,Emily Cederquist,0.0123,0.05
Cobe Williams,Kelly Kraushaar,0.0013,0.05
Danica Wolf,Rob Hutchins,0.003,0.0496
Nick Black,Dayna La Belle,-0.0043,0.0521
Kevin Stanley,Alex Iannotti,0.0009,0.0511
Kevin Pham,Farzin Amiri,-0.0088,0.0533
Daniel Byun,Sabrina Guillebeaux,-0.0126,0.0524
John Paul Fruttero,Ruben A Gonzales Jr,-0.0043,0.0523
Artem Strokan,Pramod Dabir,-0.0027,0.053
Kristin Vogel,Caden Nemoff,-0.0044,0.0526
Christie Newcomb,Derek Shearer,-0.0,0.0492
Paul Ghazi,Nick Mashour,-0.0048,0.0491
Jae-Jae Segal,Zak Parks,-0.0049,0.0521
Christine Maddox,Steven Long,-0.0094,0.0518
Spencer Zibas,Jack Sahid,-0.001,0.0516
Matthew Marceau,Benjamin Grant,-0.0006,0.0518
Chase Womack,Brian Kerr,0.0137,0.0512
Jamie Haas,Kento Tamaki,-0.004,0.0523
Sammy Melin,Rio Newcombe,-0.0009,0.0524
Sharon Lee,Warren Tamanaha,-0.003,0.0496
Kelson Lau,Joseph Baldwin,-0.0006,0.0505
Lucas Guidroz,Anders Jansson,0.0057,0.0539
Gregory Messina,Jude Morales,-0.0022,0.052
Sergey Afanasenka,Rob Hutchins,-0.0008,0.05
Quan Do,Edberg Espinoza,-0.0013,0.0505
Collin Johns,Tina Pisnik,-0.0088,0.0485
Ben Johns,Anna Bright,-0.0047,0.0515
Lauren Stratman,Hayden Patriquin,-0.0099,0.0532
Todd Fought,Dominique Schaefer,-0.003,0.0525
Jonny Pickleball Andrews,Riza Zalameda,0.0006,0.0515
Lingwei Kong,Spencer Smith,0.0188,0.0497
Michelle Esquivel,Gregory Dow,-0.002,0.0498
Zane Navratil,Jessie Irvine,0.0067,0.0507
Craig Johnson,Angie Walker,-0.0035,0.0517
Christine Trifunovic,Chuck Taylor,-0.0061,0.0476
Jillian Braverman,Martin Emmrich,-0.0078,0.0512
Pablo Tellez,Lea Jansen,-0.0028,0.0484
Rafa Hewett,Lina Padegimaite,0.0158,0.0469
Kaitlyn Christian,Patrick Smith,-0.005,0.0528
Sam Querrey,Genie Bouchard,0.0049,0.0551
Pesa Teoni,Alex Walker,0.0127,0.0512
Genie Erokhina,Wyatt Stone,-0.0127,0.0522
Luke Wasson,Lindsey Newman,0.0085,0.0515
Etta Tuionetoa,Connor Garnett,-0.0094,0.0526
Madeline Schulte,Brandon French,0.0083,0.0505
Irina Tereschenko,Jay Devilliers,-0.0057,0.0522
Kristin Vogel,Jalina Ingram,-0.0006,0.0518
Thomas Wilson,Matt Wright,-0.0081,0.0533
Vivienne David,Emily Cederquist,0.0042,0.0521
Ivy Tschetter,Ekaterina Biakina,-0.0029,0.0504
Layne Sleeth,Lindsey Newman,0.001,0.0493
Cassidy Hoag,Emilia Schmidt,-0.0043,0.0493
Ella Boydston,Elizabeth Boydston,-0.0033,0.0506
Jenn Joy,Ivana King,-0.0017,0.0505
Jaume Martinez Vich,Tyson McGuffin,-0.0302,0.0461
Todd Fought,Roscoe Bellamy,-0.008,0.0494
Mario Barrientos,Anderson Scarpa,0.0021,0.0507
Nicole Eugenio,Trang Huynh,-0.0058,0.05
Brianna Kemp,Joy Leising,-0.0001,0.0524
Michelle Esquivel,Marcela Aguila Ampon,0.0099,0.0516
Ryan Eveloff,Daniel Jensen,-0.0034,0.0506
Cori Elliott,Malia K Lum,-0.0039,0.0497
Lucy Kovalova,Lea Jansen,0.0194,0.0464
Tyler Loong,Darrian Young,0.0183,0.0529
Clayton Powell,Aidan Schenk,0.0049,0.0529
Matt Baca,Derek Shearer,-0.0003,0.0534
Augustus Ge,Connor Garnett,-0.0153,0.0469
Caden Nemoff,Donald Young,0.0005,0.0502
Edward Perez,Luke Wasson,0.0012,0.0515
Maximilian Wild,Bryan Hammond,-0.0062,0.05
Lauren Jones,Michelle Murphy,0.0019,0.051
Averry Chew,Tia Elpusan,-0.0005,0.0493
Claudio Quinones Garcia,Evgeniy Kim,-0.0042,0.0521
Kaitlyn Christian,Jillian Braverman,0.0064,0.0512
Dalia Garza,Jessica Mason,-0.0089,0.0527
Irina Tereschenko,Christine Maddox,-0.0018,0.0517
Julian Arnold,Wyatt Stone,-0.0089,0.05
Sammy Melin,Natalie Blue,-0.0014,0.0486
Lingwei Kong,Rachel Rettger,-0.0065,0.0551
Lacy Schneemann,Vivian Glozman,0.0058,0.0475
Kailas Shekar,Tavon Morrow,0.0042,0.0506
Erik Pailet,Jeff Warnick,0.004,0.0525
Collin Shick,Brandon French,-0.0053,0.0539
Riley Hanks,Alexis Saucerman,-0.0017,0.049
Lorna Morris,Dayna La Belle,0.0003,0.0515
Bryanna Ojeda,Jayann Steffins,0.0069,0.05
Gregory Dow,Casey Diamond,0.006,0.0492
Kento Tamaki,Mitchell Hargreaves,0.0,0.0523
Roman Estareja,Drake Palm,0.0125,0.0509
Jamie Haas,Allison Phillips,-0.0059,0.0512
Nick Black,Zack Taylor,-0.0007,0.0518
John Thorn,Logan Schneider,0.0016,0.0516
Allison Chuang,Amrik Donkena,-0.0016,0.0504
Polina Libo,Sam Libo,-0.0006,0.0556
Braydon Unsicker,Kaden Miner,-0.0062,0.0492
Jake Walker,Austin Walker,0.0056,0.0502
Willy De Vilchez,Mikar Larenzo Fisher,0.0054,0.0538
Nick Black,Brittny Rogers,-0.0015,0.0506
Kevin Wolf,Lauren Andersen,0.0009,0.0531
Chloee Butterfield,Nathan Reeve,-0.0005,0.0511
Austin Hardy,Averee Beck,0.006,0.0501
Rob Stratton,Lily Goodwin,-0.0046,0.0488
Benjamin Bramblett,Jessica Mason,0.0001,0.0539
Rob Cassidy,Ivy Tschetter,-0.0053,0.0525
Ryan Gilbert,Alexis Nelson,0.0004,0.0505
Clemens Graute,Benjamin Bramblett,-0.0013,0.0527
Regina Goldberg,Johnny Goldberg,-0.0163,0.0507
Jayson Harris,Charlotte Wasson,-0.0005,0.0514
Matt Arnell,Michael Jenson,-0.0037,0.0523
Christopher Williams,Nick Vanderwarf,0.0064,0.0539
Chase I,Tariq Ismail,-0.0092,0.0526
Malia K Lum,Rio Newcombe,-0.0058,0.0521
Ethan Violette,Jase Edwards,0.0033,0.0516
David Waugh,Anthony Skalabrin,-0.0008,0.0509
Devon Farnsworth,Joel Poland,-0.005,0.0492
Jace Morris,Ryan Gilbert,-0.0019,0.0506
Chase Womack,Tanner Burningham,0.0002,0.0519
Ryan Howard,Chas Howard,0.0019,0.0491
Ryan Smith,Charles Case,0.0078,0.05
Ashlyn Andrews,Silas Christiansen,-0.0061,0.0518
Breaden Brooks,Merritt Wilburn,-0.0052,0.0515
Bruno Barrueto Deza,Ignacio Figueroa,-0.0043,0.0515
Caitlin Klaassen,Edward Perez,-0.0032,0.0518
Melinda Wilkins,Bryce Larson,0.0085,0.0537
Jamie Haas,Prycen Haas,0.0042,0.0514
Hannah Blatt,Grayson Goldin,0.0116,0.049
Amanda Studnicki,Gerald Ferrer,0.0113,0.0476
Chloe Igleski,Logan Rosenbach,0.0033,0.0501
Lorna Morris,Dylan Kato,-0.0053,0.0502
Ryan Wilkins,Tyler Holbrook,0.0044,0.0528
Jeremy Lim,Gerald Ferrer,-0.002,0.052
Gavin Fowler,Dylan Kato,0.0052,0.052
Maddy Rasmusen,Charles Case,-0.0017,0.0511
Kamryn Bliss,Tyler Holbrook,-0.0037,0.0506
Joseph Pututau,Rob Stratton,-0.0012,0.052
Barrett Croft,Kace Heiner,0.0011,0.0513
Christopher Crouch,Yuta Funemizu,-0.0093,0.0514
Katherine Allan,Tavon Morrow,-0.0109,0.0534
Jackson Ayotte,Brooke Revuelta,-0.0016,0.0531
V. Mary Rivas,Willy De Vilchez,0.01,0.0559
Shayden Hinton,Preston Ducrest,0.0006,0.0506
David Bryner,Tim Yates,-0.0097,0.055
Ethan Violette,Lauren Mercado,-0.0011,0.0516
Austin McCarthy,Mitchell Tate,-0.0067,0.051
Keith Read,Dodo Kong,-0.0117,0.0537
Jon Nilson,Gabriel Andersen,-0.0007,0.0513
Farzin Amiri,Michelle Murphy,-0.0028,0.0511
Tyler Miller,Austin Hardy,0.0002,0.0529
Samantha Goldenhersh,Matthew Mead,0.0016,0.0538
AJ Koller,Emilia Schmidt,0.011,0.05
Mohaned Alhouni,Liz Truluck,-0.0052,0.0509
Gabriel Tardio,Milan Rane,-0.0004,0.0521
Rafa Hewett,Ewa Radzikowska,0.0002,0.0514
Genie Erokhina,Todd Fought,-0.0099,0.0505
Mari Humberg,Augustus Ge,-0.0043,0.0449
Alix Truong,Connor Garnett,0.0127,0.0491
Andrei Daescu,Martina Frantova,0.0049,0.051
Jack Sock,Allyce Jones,0.008,0.0489
Callan Dawson,Riley Bohnert,-0.0069,0.0525
Camila Zilveti,Wesley Burrows,-0.0083,0.0515
Zane Navratil,Lina Padegimaite,-0.0194,0.0497
Christian Alshon,Vivian Glozman,0.0015,0.05
Kaitlyn Christian,Roscoe Bellamy,-0.0036,0.0523
Layne Sleeth,Gregory Dow,-0.0037,0.0504
Maggie Brascia,Collin Shick,-0.0059,0.0495
Federico Staksrud,Jorja Johnson,0.0131,0.0544
Tamaryn Emmrich,Darrian Young,0.0048,0.0506
Nicole Eugenio,Spencer Smith,-0.0102,0.0525
Michelle Esquivel,Jonny Pickleball Andrews,0.0008,0.054
Pablo Tellez,Lindsey Newman,-0.0092,0.0515
Sam Querrey,Audrey Adele Brown,-0.0039,0.0529
Brandon French,Wyatt Stone,0.0085,0.0444
Allyce Jones,Tyra Hurricane Black,0.0148,0.0496
Mohaned Alhouni,Anderson Scarpa,-0.0008,0.0503
Lauren Wong,Audrey Lord,-0.0097,0.0492
Callie Smith,Anna Bright,-0.0041,0.0501
Noe Khlif,Robert Slutsky,-0.009,0.0497
Michael Loyd,Martin Emmrich,0.0152,0.0495
Caden Nemoff,Casey Diamond,0.0013,0.0518
Tyler Loong,Jaume Martinez Vich,-0.0059,0.05
Daniel Jensen,Erik Forsythe,0.0067,0.0513
Allison Phillips,Brooke Revuelta,-0.0048,0.0525
Camila Zilveti,Michelle Esquivel,0.0079,0.0489
Tamaryn Emmrich,Lina Padegimaite,0.0085,0.0504
Katherine Allan,Madeline Schulte,-0.0018,0.0514
Chao Yi Wang,Milan Rane,-0.0006,0.0512
Danica Wolf,Malia K Lum,0.0037,0.0492
Quang Duong,Blaine Hovenier,-0.0032,0.0506
Alix Truong,Vivian Glozman,0.0026,0.0527
AJ Koller,Augustus Ge,0.0047,0.0498
Christine Trifunovic,Lingwei Kong,0.0046,0.0537
Lauren Mercado,Reyna Ash,-0.0058,0.0533
Christian Alshon,Connor Garnett,-0.0132,0.0513
James Ignatowich,Johnny Goldberg,-0.0003,0.0532
Nicole Eugenio,Rachael James,-0.0003,0.0507
Amrik Donkena,Tavon Morrow,0.0003,0.0507
Brenna Murray,Dodo Kong,0.0098,0.05
Allie Davis,Simone Leonard,-0.0077,0.0517
Cami Blake,Audrey Adele Brown,-0.0072,0.0514
Melinda Wilkins,Dana Raugust,-0.0091,0.0508
Marshall Brown,Gregory Dow,0.0163,0.0495
Eric Oncins,Roscoe Bellamy,-0.0155,0.0537
Farzin Amiri,Derek Shearer,0.015,0.0516
Darrian Young,CJ Klinger,0.0052,0.0499
Matthew Mead,Elliot Markowitz,0.0034,0.0512
Riley Bohnert,Emilia Schmidt,-0.0003,0.0498
Rachel Summers,Jillian Braverman,0.0014,0.0551
Kamryn Bliss,Averee Beck,-0.0009,0.0523
Rob Cassidy,Preston Bies,-0.0029,0.0518
Rodrigo Reyes,Paula Rives,-0.0022,0.0513
Emily Gaskins,Anouar Braham,0.0052,0.0534
Lewis Halski,CJ Antonio,0.0087,0.05
Federico Nani,Jorge Nunez,-0.0045,0.0539
Nick Black,Benjamin Bramblett,0.0086,0.0501
James Delgado,Brett Clayton,0.0036,0.0496
Viet Nguyen,Austin Coleman,0.001,0.0525
Paula Rives,Victoria Helmuth,-0.0057,0.0521
Jessica Jones,Adela Umannova,0.001,0.0518
Helena Jansen,Gregory Dow,-0.0006,0.0522
Benjamin Bramblett,Adela Umannova,-0.0046,0.0543
David Bragman,Michael Rollauer,-0.0004,0.0511
Rajiv Dinakaran,Bryce Johnson,-0.0021,0.0523
Mohaned Alhouni,Judit Castillo,0.0027,0.0484
Julia Ronney,Caden Nemoff,-0.0001,0.0516
Zac Hirschler,Henry Boyle,0.0088,0.0505
Tucker Mueck,Jack Hadaway,0.0033,0.0511
Kyle Koszuta,Rio Newcombe,0.0065,0.0533
Jack Foster,Richard Livornese Jr,-0.0037,0.054
William Owens,Zachary McDivitt,0.0042,0.0543
Angela Simon,Dan Granot,0.0058,0.0528
Haley Collins,Sheridan Schuster,0.0013,0.0493
Emily Gaskins,Meredith Roberts,0.0027,0.0509
Kevin Dong,Alexander Crum,0.0058,0.0518
Rodrigo Reyes,Adam Harvey,0.0062,0.0495
Spencer Talmadge,Tony Hull,0.0102,0.0546
Andreas Siljestrom,Johnny Goldberg,0.0001,0.0519
Matthew Mead,Andrew Anh Pham,0.0077,0.0513
Joshua Giannelli,Frank Solana,0.0012,0.0515
Henry Boyle,Helen To,-0.0075,0.0515
Bradley Mixson,Madalina Grigoriu,0.0035,0.0535
Brien Lee,Eric Rubinger,-0.0001,0.0529
Dave Bacalla,Jordan Betts,-0.0002,0.0516
Andrew Curtis,Mickulas Ray,0.0009,0.0496
Todd Fought,Bobbi Oshiro,0.0152,0.0522
Joshua Giannelli,Jes Rochefort,-0.0135,0.0513
Regina Goldberg,Andreas Siljestrom,-0.0021,0.0505
Jamie Haas,Patrick Kawka,0.0028,0.0518
Kentaro Hamaguchi,Anri Ferris,0.0013,0.0517
Willy De Vilchez,Claudio Quinones Garcia,-0.0092,0.0513
Stephen Williams,Kevin Caulfield,0.0066,0.0482
Kate Fahey,AJ Koller,-0.004,0.0536
Christopher Crouch,Victoria Helmuth,0.0031,0.0525
Christopher Crouch,Joshua Elliott,0.0021,0.0496
Zane Ford,Easton Horricks,-0.0014,0.0505
Daniel Jensen,Elysse Branton,0.0007,0.0506
Jessica Brown,Lucas Whitmire,0.0002,0.0509
Michelle Ncube,Alexia Alvarez,-0.0069,0.0495
Sara Perles,Jojo Henderson,-0.001,0.0505
Thomas Beamish,Loc Lam,0.0063,0.0539
Juan Varon,Anouar Braham,-0.0045,0.049
Ryan Lucci,Roman Kravchuk,-0.0004,0.0491
Hsuan Tsai,Brian Harshman,-0.0036,0.0486
Georgia Johns,Paula Avellan Rizzo,0.001,0.0519
Cailyn Campbell,Charlotte Wasson,-0.0054,0.0514
Connor Castleberry,Mitchell Vegas,0.0036,0.0523
Samuel Gabet,Jaeda Minniefield,0.004,0.0504
Alejandra Lopez Borobia,Eduardo Irizarry,0.0044,0.0505
Kento Tamaki,Shelby Bates,-0.0062,0.0497
Ellen Jang-Milsten,Will Jamieson,-0.0056,0.0496
Jillian Braverman,CJ Klinger,-0.0043,0.0528
Chase Womack,Ivan Vizcaya,-0.0062,0.0505
Cody Miller,Jordan Chrysostom,0.0013,0.0505
Lionel Ortiz,Samuel Gabet,-0.003,0.0512
Jesse Ferlianto,Kentaro Hamaguchi,-0.0093,0.0537
Andi Godwin,Gianna Southwick,0.0006,0.0511
Paula Mateer,Shea Donahue,-0.0013,0.0507
Ross Whittaker,Jim Dobran,0.0092,0.0512
Eric Oncins,Ronan Camron,-0.0109,0.0498
Christine Maddox,Chuck Taylor,0.0095,0.0496
Alexander Valencia,Chloe Zigliara,0.0122,0.0511
Nicole Eugenio,Rob Cassidy,0.006,0.05
Jackson Ayotte,Malia K Lum,-0.002,0.0506
Alia Brown,Kaden Seward,0.005,0.0534
Zach Gonnering,Jason Garriotte,0.0039,0.0526
Andrew Hurley,Stephen Bass,0.0047,0.0529
Cristobal Contreras,Colton Phillips,-0.0029,0.0508
Chandra Kusuma,Jes Rochefort,0.0152,0.05
Jian Zhong,Caraline Cox,-0.0058,0.0539
Ji Hoon Heo,Brookes Jones,-0.0001,0.0533
Matt Meadows,Gregory Boyce Jr.,-0.0034,0.0507
Sabrina Palavra,Zach Gonnering,0.0024,0.0511
Brie Aldridge,Sarah Delgado,-0.005,0.0523
Reba Williams,Hannah Okelley,0.001,0.048
Martin Michelsen,Eduardo Irizarry,-0.0019,0.0518
Jeremy Lim,Zachary Marceau,0.0093,0.0528
Vanessa Castillo,Leo Castillo Jr.,-0.0058,0.0507
Cason Campbell,Salome Devidze,-0.0103,0.0504
Brookes Jones,Maebry Jones,-0.0001,0.0543
Abigail Okelley,Rio Newcombe,-0.002,0.0529
Cody Sivan,Haley Collins,0.0004,0.0514
Nick Black,Trang Huynh,-0.0023,0.0538
Ji Hoon Heo,Elina Geut,0.0017,0.0497
Abigail Okelley,Kristen Van Dernoot,0.0008,0.0507
Elina Geut,Maebry Jones,-0.0063,0.0517
Cody Sivan,Brian Harshman,0.0012,0.0491
Ryan Tetreault,Taabish Basaria,-0.0041,0.0527
Keegan Bigoness,Matthew Nesbitt,-0.0027,0.0508
Jake Wilson,Ross English,0.0052,0.0498
Shannon Pretorius,Zak Parks,-0.0062,0.0517
Gavin Nickerson,Jay Buxton,0.008,0.0507
Jhonnatan Medina Alvarez,Michelle Esquivel,-0.0085,0.0543
Chase Mason,Josiah Watje,0.0002,0.049
Emanuel Dickson,Samuel Dickson,0.0042,0.0505
Amanda Hendry,Richard Livornese Jr,-0.0018,0.0482
Paula Avellan Rizzo,Roman Kravchuk,-0.003,0.0518
Cade Pierson,Kyle Koszuta,-0.0057,0.0512
Robert Laidlaw,Nick Bonino,-0.0051,0.0492
Jacob Markley,John Carpenter,-0.0036,0.0509
Jessica Jones,Andrew Hurley,-0.0037,0.0532
Maximilian Wild,Will Jamieson,-0.0021,0.0494
Gideon Sandyrev,Lucas Sandyrev,-0.0075,0.0524
Josiah Watje,Hannah Okelley,0.0005,0.0563
Dalia Garza,Matthew Mead,-0.0039,0.0528
VU Nguyen,William Hart,-0.0023,0.0501
Gavin Nickerson,Kristen Van Dernoot,-0.0016,0.0504
Morgan Downing,Andrew Curtis,-0.0027,0.0524
Rafa Hewett,Emily Cederquist,-0.001,0.0502
Robert Cozzillio,Christopher Cozzillio,-0.0066,0.0517
John Macauley,Bret Berryman,-0.0052,0.055
Kevin Dong,Allie Reichert,0.0071,0.0489
Jarryd Woog,Collin Maides,-0.0016,0.0509
Chris Walker,Bradley Mixson,0.0004,0.0528
Kevin Sheehan,Antonio Cummings,0.0021,0.0536
Yates Johnson,Kento Tamaki,-0.0045,0.0509
Andrei Daescu,Meghan Dizon,0.0118,0.0469
Helena Jansen,Dominique Schaefer,0.0024,0.0509
Elysse Branton,Helen To,-0.0023,0.0486
Michael Loyd,John Cincola,0.0031,0.0498
Pierina Imparato,Brandon French,-0.0018,0.0507
Quang Duong,Chuck Taylor,0.0084,0.0498
Chao Yi Wang,Amanda Hendry,0.0103,0.0526
Julia Ronney,Jessica Mason,-0.0076,0.0544
Andrea Koop,Collin Johns,-0.0209,0.0485
Genie Erokhina,John Cincola,0.0032,0.0509
Gabriel Joseph,Jonny Pickleball Andrews,-0.0086,0.0497
Alix Truong,Jillian Braverman,0.0017,0.0514
Tamaryn Emmrich,Martina Frantova,0.0005,0.0532
Eric Oncins,Lauren Stratman,0.0003,0.0525
Eric Roddy,Rachel Summers,-0.0006,0.0496
Christine Trifunovic,Sarah Ansboury,0.0035,0.0493
Allison Phillips,Genie Erokhina,0.0137,0.0495
Madeline Schulte,Jonny Pickleball Andrews,0.0109,0.0516
Kate Fahey,Kaitlyn Christian,-0.0007,0.0521
Caden Nemoff,Aanik Lohani,0.0135,0.049
Cason Campbell,Luke Wasson,-0.0067,0.0524
Angie Walker,Augustus Ge,-0.0062,0.0517
Marshall Brown,Casey Diamond,-0.0078,0.048
Blaine Hovenier,Tam Trinh,-0.0111,0.0493
Blaine Hovenier,Genie Bouchard,0.013,0.051
Madeline Schulte,Michelle Esquivel,-0.006,0.0485
Sabrina Palavra,Kara Andrews,0.0045,0.0525
Steve Deakin,Sarah Ansboury,0.0052,0.0511
Martina Frantova,Wesley Burrows,-0.0123,0.0495
Genie Bouchard,Layne Sleeth,-0.0073,0.0493
Madalina Grigoriu,Marcela Donatoni,0.0022,0.0509
Pablo Tellez,Alix Truong,0.0088,0.0522
Rachel Rettger,Shelby Bates,0.0015,0.0527
Jaeda Minniefield,Anri Ferris,-0.0032,0.051
Will Howells,CJ Klinger,-0.0026,0.0524
Regina Goldberg,Rachel Summers,0.005,0.0511
Dalia Garza,Cade Pierson,0.0034,0.0502
Jade Kawamoto,Travis Rettenmaier,-0.001,0.0488
Yates Johnson,Rachel Rettger,0.0101,0.051
Rob Cassidy,Ryan Gilbert,-0.0105,0.0493
Farzin Amiri,Wesley Burrows,0.0116,0.0513
Cassidy Hoag,Jamie Haas,-0.0119,0.053
Michael Loyd,Milan Rane,0.0063,0.0513
Liz Truluck,Wyatt Stone,-0.0012,0.0526
Kaitlyn Christian,Darrian Young,-0.0009,0.0512
Alia Brown,Audrey Adele Brown,-0.0036,0.0522
Shannon Pretorius,Allie Reichert,-0.0049,0.0524
Matt Wright,Federico Staksrud,0.0016,0.0486
Lacy Schneemann,Tyson McGuffin,0.0183,0.047
Jessie Irvine,Gabriel Tardio,0.0203,0.0427
Rafa Hewett,Jaume Martinez Vich,-0.0004,0.0507
Vivienne David,Tyra Hurricane Black,-0.004,0.0536
Pablo Tellez,James Ignatowich,0.0082,0.0518
Parris Todd,Lucy Kovalova,-0.0068,0.0522
Zane Navratil,Darrian Young,-0.0091,0.0496
Patrick Kawka,Tyler Loong,0.003,0.0528
Eliel Herminas,Ajit Kurki,-0.011,0.0536
Ryan Cating,Aaron Fuhrman,0.0032,0.0507
Jayden Broderick,Judit Castillo,0.0104,0.0511
Brandon Anandan,Dustin Boyer,0.0059,0.0534
Wade Heerboth,Tariq Ismail,0.0048,0.0518
Dylan Bricker,Austin Bricker,0.0004,0.0519
Devin Street,JT Troike,0.0004,0.0496
Cody Sivan,Rachel Janssen,0.0012,0.0533
Sepand (sep) Attar,Abbigal Hatton,-0.002,0.051
Luke Wasson,Tiffany Landgraf,-0.003,0.0543
James Broker,Carlota Trevino,0.0042,0.0497
Stephen Madonia,Shelby Bates,-0.0095,0.0503
Mason Park,Sarah Williams,0.0052,0.0539
Claudio Quinones Garcia,Ruben A Gonzales Jr,-0.001,0.0504
James Seagraves,Sharienne Ricardo,0.0093,0.0504
Kayla Nesbitt,Zach Gonnering,-0.0054,0.049
Warren Fulgenzi Jr.,Danna Funaro,0.0019,0.0504
Austin Oreilly,Zach Gonnering,0.0055,0.0536
Jason Mok,Bassem Kheireddin,0.0067,0.0499
Cade Pierson,Matthew Mead,0.0217,0.0495
Luke Cartenuto,Jessica Mason,0.0109,0.0539
Chase Holderman,Josh Nix,-0.0001,0.0496
Chase Holderman,Nicole Pitts,0.0097,0.0543
Christa Gecheva,Etienne Blaszkewycz,0.0059,0.0494
Sean Rafferty,Kelsey Rafferty,-0.0084,0.0495
Natalie Hur,Brett Finan,-0.0053,0.0515
Dexter Rangel,Dillin Parsons,-0.0017,0.0498
Wilfredo Sarmiento,Zachary Marceau,-0.0003,0.0512
Andrew Meadows,Garrison Eaby,-0.0026,0.0535
Miguel Alda,Hao Nguyen,0.0024,0.0507
Ryan Dawidjan,Yuta Funemizu,-0.0075,0.0509
Sean Munoz,Christopher Null,-0.0034,0.0516
Jack Foster,Grayson Goldin,0.0036,0.0521
Warren Fulgenzi Jr.,Dallas Dunn,-0.0003,0.0481
Evgeniy Kim,Helen To,-0.0143,0.0514
Alec Martone,Jared Thurston,-0.0069,0.0541
Daniel Traxler,John Neri,0.0028,0.0503
Jonny Pickleball Andrews,Salome Devidze,-0.0001,0.054
Barbora Vykydalova,Robert Slutsky,-0.0004,0.0548
Vova Zverkovsky,Sabrina Palavra,0.0009,0.0539
Asia Rose,Jake Stamps,-0.0052,0.053
Ross Whittaker,Anna Lenhart,-0.0019,0.0496
Justin Hunter,Mason Park,0.0056,0.0524
Jake Stamps,Jacob Stegall,0.0024,0.053
Brian Kerr,Kara Andrews,0.0007,0.0498
Riley Bohnert,Richard Livornese Jr,0.0033,0.0489
Ella Yeh,Chandler Carnett,-0.003,0.052
Maximo Agoglia,Brian Kerr,-0.0047,0.0494
James Seagraves,Cody Sivan,-0.0001,0.0521
Jayden Broderick,Richard Livornese Jr,-0.001,0.0502
Stephanie Joseph,George Congdon,0.0034,0.053
Brett Finan,Chris Cooprider,0.0011,0.0523
James Theriault,Matas Andrikonis,-0.0053,0.0494
Jace Morris,Jace Howard,-0.0088,0.052
John Haskell,Matthew Nesbitt,0.0019,0.0553
James Broker,Jordan Chrysostom,-0.0013,0.0487
Filipe Parichkov,George Rangelov,0.0052,0.0513
Myles Martin,Chase Orme,-0.0049,0.0517
Josh Ferguson,Seth Ferguson,-0.0064,0.0509
Taylor Garcia,Jordan Chrysostom,-0.0024,0.054
Matthew Deaver,Oliver Frank,-0.0067,0.048
Victoria Yu,Ryan Dawidjan,0.0045,0.051
Ammar Wazir,Matthew Mead,-0.0013,0.0511
Cody Milton,Scott Eibes,-0.0064,0.049
George Congdon,Juan Pinilla,-0.0007,0.051
Ryan Skufca,Brandon Nsekpong,0.0033,0.0514
Tucker Mueck,Joshua Marshall,-0.005,0.0524
Taine Bernhard,Skyler Bernhard,-0.0076,0.0523
Justin Hunter,Shea Donahue,0.0001,0.0532
Nick Petterson,Johnny Quinn,-0.0041,0.0539
Alex Hunt,Vova Zverkovsky,-0.0012,0.0518
Aleck Blair,Kobla Tetey,-0.0022,0.0477
Yuta Funemizu,Anri Ferris,-0.0027,0.052
Donald Young,Dominique Schaefer,-0.0074,0.0502
Callan Dawson,Rachel Summers,0.0039,0.0526
Gregory Dow,Alex Walker,-0.0146,0.0528
Martina Frantova,Patrick Kawka,0.0241,0.0527
Yates Johnson,Angie Walker,-0.0018,0.0502
Alix Truong,Will Howells,-0.0048,0.0524
Amanda Hendry,Darrian Young,-0.0072,0.0547
Callie Smith,Connor Garnett,-0.004,0.054
Tyler Loong,Catherine Parenteau,0.0002,0.0481
Camila Zilveti,Chuck Taylor,0.0104,0.0532
Rob Cassidy,Michelle Esquivel,0.0061,0.051
Anna Bright,Tyson McGuffin,0.001,0.0522
Roscoe Bellamy,Milan Rane,0.0004,0.0509
Erik Pailet,Rachel Rettger,-0.0012,0.0495
Cason Campbell,Olivia McMillan,0.002,0.0523
Cassidy Hoag,Michael Loyd,0.0021,0.0509
Quang Duong,Gregory Dow,0.0043,0.0515
Naveen Beasley,Keith Read,-0.0073,0.0535
Genie Erokhina,Olivia McMillan,0.0016,0.0498
Blaine Hovenier,Donald Young,0.0133,0.0515
Layne Sleeth,Dominique Schaefer,0.0058,0.0485
Ryan Eveloff,Jonny Pickleball Andrews,-0.0072,0.0536
Stefan Auvergne,John Cincola,0.0022,0.0513
Adrian Garza,Rio Newcombe,0.0013,0.0509
Eric Oncins,Rob Cassidy,0.0061,0.0496
Federico Staksrud,James Ignatowich,-0.0072,0.0529
Luke Wasson,Evgeniy Kim,0.0178,0.0509
Matt Wright,Dekel Bar,-0.0007,0.0493
Ryan Fu,Casey Diamond,-0.0113,0.0512
Kate Fahey,Anna Bright,-0.0028,0.0455
Kayla Nesbitt,Lorena Duknic,-0.0015,0.0526
Hannah Blatt,Shelby Bates,0.0073,0.0504
Nicole Pitts,Shea Donahue,-0.0059,0.0533
Carlota Trevino,Jessica Mason,0.0021,0.0505
Caitlin Klaassen,Taylor Garcia,0.0074,0.0534
Jessica Chernikova,Sarah Williams,-0.0023,0.0534
Julian Arnold,Pablo Tellez,-0.0068,0.0544
John Isner,Wyatt Stone,-0.0032,0.0556
Noe Khlif,AJ Koller,0.0153,0.052
Ross Whittaker,Marshall Brown,0.0008,0.0486
Rachel Summers,Michelle Esquivel,0.0021,0.052
Ernesto Russo,Dave Weinbach,0.0122,0.0494
Madeline Schulte,Genie Bouchard,0.0076,0.0527
Gloria Son,Danna Funaro,-0.0034,0.0509
Samantha Parker,Rachel Rettger,-0.0026,0.0546
Victoria Yu,Courtney Glenn,-0.0043,0.0542
Yates Johnson,Roscoe Bellamy,-0.0096,0.0491
Alex Bowers,Audrey Lord,0.0046,0.0536
Kaitlyn Christian,Lacy Schneemann,0.0049,0.0528
Martina Frantova,Christa Gecheva,-0.0047,0.0519
Jorja Johnson,Tyra Hurricane Black,-0.019,0.045
Patrick Kawka,Collin Shick,-0.0056,0.0525
Cassidy Hoag,Trang Huynh,-0.0098,0.051
Parris Todd,Vivienne David,-0.0231,0.0488
Grant Bond,Chandler Carnett,-0.0009,0.0514
Alix Truong,Lea Jansen,-0.0038,0.0496
Tamaryn Emmrich,Lauren Stratman,-0.0098,0.0524
Isaac Benally,Zachary Gard,-0.005,0.0523
David Litvinov,Nicholas Wade,0.0035,0.0503
Luke Ness,David Sigler,-0.0056,0.052
Francesco Avella,Austin Campbell,-0.006,0.0536
Amir Tabatabaeian,Harrison Yee,0.0012,0.0501
Andrea Olson,Noah Zwiren,0.0018,0.0521
Billy Buchhauser,Tucker Mueck,0.0003,0.0522
Ethan Fukuda,Mac Young,0.0053,0.0517
Arjun Thyagarajan,Rollin Odama-Wong,0.0011,0.0486
Ryan Finley,Lindsey Newman,-0.0082,0.0531
Sabrina Guillebeaux,Angel Hernandez,0.0082,0.0525
Lucas Jensen,Maxwell Jensen,-0.0007,0.0534
Laviniu Caba,Nicholas Parisi,0.0011,0.0486
Santha Bhasuthkar,Mohit Kherwa,-0.0109,0.0522
Dylan Goldman,Kady Pooler,-0.0006,0.0521
Chloe Igleski,Billy Buchhauser,-0.0007,0.0525
Scott Wong,Kirill Osadchuk,0.0003,0.0512
Carl Taibl,Ambarish Rao,0.0017,0.054
Pesa Teoni,Trang Huynh,-0.0143,0.0506
Madalina Grigoriu,Jericho Grollman,0.0043,0.0542
Rianna Valdes,Roscoe Bellamy,-0.0063,0.0514
Naveen Beasley,Ekaterina Biakina,0.0012,0.0493
Isabella Ochoa,Ryan Fu,0.0025,0.0497
Clayton Truex,Luke Williams,0.0058,0.0539
Dmitry Wert,Ryan Diaz,-0.0008,0.0512
Allison Wu,Harrison Yee,0.0013,0.053
Tatiana Ruhl,Matthew Ginn,-0.0027,0.0516
Nicole Eugenio,Mota Alhouni,-0.0024,0.0496
Brittany Levkulich,Roger Dugas,0.0074,0.0497
Caden Nemoff,Michelle Esquivel,0.0016,0.0512
Arjun Thyagarajan,Kayla Field,-0.0033,0.0528
Will Howells,Milan Rane,0.0113,0.0513
Kailas Shekar,Alexis Nelson,-0.0037,0.0511
Malia K Lum,Farzin Amiri,-0.0023,0.0516
Santhosh Narayanan,Brianna Kemp,0.0011,0.0517
Madison Wold,Derek Shearer,-0.0052,0.0521
Thatcher Schwendiman,Maddy Rasmusen,-0.0095,0.0527
Levi Daniel,Angel Hernandez,-0.0042,0.0529
Dylan Goldman,Mikus Losbergs,0.0005,0.0528
Jessica Mason,Yuta Funemizu,0.0057,0.0542
Samantha Martinez,Harding Brumby,-0.0028,0.0516
Garrett Fuglaar,Ruben Basurto,-0.0005,0.054
Daniel Byun,Quan Do,0.0109,0.0501
Morgan Shepherd,John Paul Fruttero,-0.0003,0.0533
Lauren Stratman,Jack Munro,0.0055,0.0519
Alexander Lewkowicz,Nolan Smyth,0.001,0.0505
Noah Moeckelmann,Grahm Moeckelmann,-0.0069,0.0541
David Litvinov,Carlota Trevino,-0.0078,0.0523
Ryan Gilbert,Benjamin Grant,-0.0006,0.0508
Dustin Weirich,Tyler Ausmus,-0.0022,0.0525
Chris G,David Wallace,-0.0011,0.0524
Gregory Zukeran,Zandrix Acob,0.006,0.0505
Allison Chuang,Ryan Ali,-0.0067,0.0523
Carl Taibl,Chelsea Purcell,0.0033,0.0521
Judit Castillo,Anderson Scarpa,-0.0036,0.0526
Zack Taylor,Cade Pierson,-0.0051,0.0542
Pramod Dabir,Ruben A Gonzales Jr,0.0077,0.0532
Audrey Adele Brown,Casey Diamond,-0.0066,0.0519
Mac Young,Joana Stark,0.002,0.054
Matthew Mead,Prycen Haas,0.0045,0.0517
Daniel Byun,Kelly Chen,0.0032,0.0525
Mary Monson,Drake Palm,-0.0049,0.0549
Mitchell Iwahiro,Ciara Kelly,-0.0017,0.0537
Sam Angelo,Ryan Finley,0.0174,0.0534
Kara Andrews,Harrison Gold,0.0024,0.0531
Angie Walker,Michael Loyd,-0.0041,0.0488
Donald Young,Marcela Aguila Ampon,0.0115,0.0516
Parris Todd,Tyson McGuffin,0.0092,0.0482
Genie Erokhina,Marshall Brown,0.0045,0.0505
Alexandra Walker,Gregory Dow,-0.0002,0.0493
Ivan Jakovljevic,Samantha Parker,-0.0008,0.0483
Liz Truluck,Steve Deakin,-0.0086,0.0501
Susannah Barr,Connor Garnett,0.0024,0.0509
Alix Truong,Jaume Martinez Vich,-0.0095,0.0518
Riley Newman,Etta Tuionetoa,0.0001,0.0491
Dekel Bar,Vivian Glozman,-0.0058,0.0506
Callie Smith,Chuck Taylor,-0.0017,0.0494
Kaitlyn Christian,Tyler Loong,0.0123,0.0487
Mary Brascia,Augustus Ge,-0.0155,0.0492
Dominique Schaefer,Wesley Burrows,0.0146,0.0498
Christine Trifunovic,Darrian Young,0.0013,0.0493
Quang Duong,Layne Sleeth,-0.0006,0.0515
Craig Johnson,Rachel Rettger,-0.0057,0.0512
Travis Rettenmaier,Jillian Braverman,-0.0054,0.0539
Wyatt Stone,Olivia McMillan,-0.0041,0.0509
Rob Cassidy,Ryan Fu,0.0008,0.0534
Christine Trifunovic,Trang Huynh,0.0048,0.0528
Kayla Field,Juanita Magardie,-0.0077,0.0525
Pablo Tellez,Jaume Martinez Vich,-0.0145,0.0486
Travis Rettenmaier,Donald Young,-0.0061,0.0479
Jericho Grollman,Marshall Brown,0.0054,0.0525
Lea Jansen,Vivian Glozman,-0.0053,0.0513
Hunter Johnson,Wesley Burrows,-0.0027,0.0493
Erik Pailet,Zack Taylor,-0.009,0.0547
Spencer Lanier,Clayton Powell,0.0036,0.0504
Madeline Schulte,Ekaterina Biakina,0.0079,0.0545
Ryan Eveloff,Mota Alhouni,-0.0036,0.0498
Drake Palm,Rio Newcombe,-0.0055,0.0525
Allison Phillips,Lindsey Newman,-0.0026,0.0516
Genie Bouchard,Liz Truluck,0.001,0.0539
Federico Staksrud,Hayden Patriquin,0.0307,0.0445
Naveen Beasley,Kevin Dayan,-0.0098,0.0504
Quang Duong,Noe Khlif,-0.0109,0.0509
Chloe Igleski,Jessica Mason,0.0012,0.053
Bryanna Ojeda,Cade Pierson,-0.0085,0.0532
Nicole Eugenio,Judit Castillo,-0.0025,0.0511
Kaitlyn Christian,Lauren Stratman,-0.0079,0.0486
Susannah Barr,Lina Padegimaite,-0.0019,0.0514
Angie Walker,Alexandra Walker,0.0,0.0517
Thomas Wilson,Jack Sock,-0.0068,0.0537
Callie Smith,Alix Truong,0.0009,0.0524
Callan Dawson,Wyatt Stone,-0.0033,0.0503
Ciara Kelly,Laura Madison,-0.0047,0.0538
William Eteaki Jr Jr.,Luke Wasson,-0.0048,0.0513
Brandon French,Darrian Young,-0.0159,0.0498
Caden Nemoff,Blaine Hovenier,0.0006,0.052
Audrey Adele Brown,Malia K Lum,0.0047,0.0504
Madison Wold,Chelsea Purcell,0.002,0.0526
Madalina Grigoriu,Isabella Ochoa,-0.0093,0.0497
Riley Newman,Gabriel Tardio,0.0094,0.0476
Malia Bolko,Sarah Daly,-0.0042,0.051
Rianna Valdes,Milan Rane,0.0029,0.0506
Ben Johns,James Ignatowich,-0.0041,0.0494
Ryan Sherry,Harrison Gold,0.0007,0.0507
Kento Tamaki,Ryan Ali,0.0036,0.0489
Chotika Wannachinda,Julie Cai,-0.0045,0.0519
Sophie Stevens,Joana Stark,0.0083,0.0535
Meghan Hart,Courtney Blaser,-0.0042,0.0512
Brianna Kemp,Andrea Olson,-0.0005,0.0489
Rob Hutchins,Elliot Markowitz,-0.0039,0.0503
Jenna Chan,Kelly Chen,-0.0012,0.0502
Preston Bies,Jose Farias,-0.0069,0.051
Lauren Wong,Ella Boydston,0.0115,0.0506
Sheryl Bon,Alex Chan,-0.0013,0.0533
Carlota Trevino,Mary Monson,-0.0058,0.0514
Adrian Garza,Joel Poland,0.0038,0.0506
Casey Patterson,Adam Hill,-0.0012,0.0534
Max Green,Max Freeman,0.005,0.053
Jaden Lam,Jace Howard,-0.0002,0.049
Ethan Evans,Ethan Dahl,-0.0018,0.0523
Jordan Bridge,Matthew Mead,-0.0005,0.051
Connor Mogle,Mariano Yeh,0.0059,0.0501
Jillian Braverman,Jack Munro,-0.0066,0.0484
Court Zalinski,Henry Boyle,0.0066,0.0513
Walter Lau,Joel Armstrong,0.0031,0.0511
Rick Howard,Shion Galata,-0.0001,0.0521
Madalina Grigoriu,Ryan Fu,-0.0068,0.0511
Ryan Ali,Evgeniy Kim,0.0014,0.0502
Jace Morris,Gavin Fowler,-0.0069,0.0507
Brodie Smith,Pally Ray,-0.0018,0.0522
Zach Gonnering,Nick Werner,-0.0046,0.0521
Alejandro Andino Vallverdu,Nicholas Garza,0.0001,0.0498
Yates Johnson,Yana Newell,-0.0016,0.0524
Demetric Marrero Jr,Audrey Banada,-0.0034,0.0498
Cleo Bond,Tom Evans,0.0046,0.0511
Louie Payetta,Natalie Raney,-0.0004,0.0473
Cason Campbell,Cailyn Campbell,-0.0237,0.052
Eugenia Carolina Lopez Ascarate,Zack Taylor,0.0104,0.0511
Pally Ray,Melissa Ferger,-0.0001,0.0483
Flynn Kantzalis Orton,Kevin Pham,0.0041,0.0486
George Congdon,Alex Diaz,-0.0003,0.0504
Robert Davidson,Chas Howard,-0.0042,0.0523
Connor McCartney,Aron Ouye,0.0068,0.0516
Lorna Morris,Chris Walker,-0.0065,0.0526
Jalina Ingram,Adrian Garza,-0.0108,0.0516
Maximilian Wild,Ruben A Gonzales Jr,0.0059,0.0512
Jake Panno,Sebastian Herrera,-0.0046,0.0512
Blake Potter,Brittany Minna,-0.0031,0.0528
Louie Payetta,Kevin Dayan,0.0024,0.0517
Eric Rubens,Chase Ora,-0.0054,0.0506
Jake Presser,Zack Taylor,0.0019,0.0505
Vova Zverkovsky,Edward Kim,-0.0044,0.0491
Christopher Haworth,Shelby Bates,0.0078,0.0512
Ekaterina Biakina,Evgeniy Kim,0.0042,0.0518
Alex Chan,George Congdon,0.0061,0.0533
Alex Hunt,Carl Taibl,0.0024,0.0511
Ian Yi,Leah Tauber,0.0006,0.0528
Christa Gecheva,Casey Diamond,0.0036,0.0525
Sarah Pham,Ross Whittaker,0.0103,0.0505
Jackson Ayotte,Dionne Lim,-0.0015,0.0542
Daniel Byun,Bryanna Ojeda,-0.003,0.0488
John Macauley,Sam Szymanski,-0.0033,0.0542
Arjun Thyagarajan,Harrison Yee,0.0009,0.0491
Ryan Smith,Maddy Rasmusen,0.0025,0.052
Keaten Kappes,Tomoko Taniguchi,0.0031,0.051
Mathew Andaya,Oscar Rodriguez,-0.0029,0.0511
Robert Davidson,Dalia Garza,-0.0004,0.0559
Connie Lee,Roman Kravchuk,0.0018,0.0516
Sivam Rao,Avneet Saluja,-0.0042,0.05
Curtis Carlisle,Ben Whitesides,0.0015,0.0516
Lucas Pascoe,David Yahng,-0.0008,0.055
Julia Ronney,JT Troike,0.0039,0.0518
Mitchell Hargreaves,Alex Walker,-0.0044,0.0526
Xiao Yi Wang-Beckvall,Lucas Pascoe,-0.0032,0.0517
Phuc Huynh,Victoria Nguyen,-0.0009,0.0527
Sabrina Guillebeaux,Harrison Yee,0.0002,0.0489
Ivana King,Derek Shearer,-0.0044,0.0497
Ryan Finley,Zach Silvernail,-0.0047,0.0488
Will Mackinnon,Benjamin Grant,0.0097,0.0525
Luke Williams,Roman Kravchuk,-0.0005,0.0534
Grayson Goldin,Christopher Haworth,-0.004,0.0492
JD Owens,Alex Reyna,0.0016,0.0496
Jessica Mason,Aron Ouye,-0.0022,0.0519
Luke Cartenuto,JT Troike,-0.0055,0.0524
Ridley Seguso,Zandrix Acob,0.0004,0.0479
Jonny Pickleball Andrews,Kara Andrews,-0.0074,0.0503
Audrey Adele Brown,Ryan Finley,0.0113,0.0513
Lucah Folden,Keith Read,-0.0066,0.0491
Daniel Traxler,Henry Boyle,-0.0067,0.0508
Jonathan Truong,Chiron Burl,0.0094,0.0502
Sergey Afanasenka,Allen W Wang,-0.003,0.0506
John Thorn,Dylan Kato,0.0042,0.0541
Ivy Bewley,Paul Bewley,-0.0061,0.05
Danica Wolf,Anders Jansson,0.0032,0.0502
Mouaad Alhouni,Keith Read,-0.0067,0.0521
Rafa Hewett,Mari Humberg,0.0144,0.0513
Regina Goldberg,Callan Dawson,0.0016,0.0536
Regina Goldberg,Emily Cederquist,0.0001,0.0491
Genie Bouchard,Ryan Sherry,-0.0052,0.0498
Madeline Schulte,Blaine Hovenier,-0.005,0.0527
Eric Oncins,Milan Rane,-0.0073,0.0494
Todd Fought,Olivia McMillan,-0.0078,0.0506
Lucah Folden,Melissa Ferger,-0.0029,0.0506
Travis Rettenmaier,Meghan Dizon,0.0083,0.0506
Noe Khlif,Collin Shick,-0.0041,0.049
Angie Walker,Daniel De la Rosa,0.0038,0.0533
Irina Tereschenko,Wyatt Stone,-0.0044,0.0522
Audrey Adele Brown,Leah Tauber,-0.002,0.0519
Dalia Garza,Jalina Ingram,0.0084,0.0528
Mohaned Alhouni,Lauren Stratman,0.0116,0.053
Hayden Patriquin,Vivian Glozman,0.0025,0.0472
Kaitlyn Christian,Connor Garnett,-0.0103,0.0537
Madalina Grigoriu,Alex Chan,-0.0018,0.0523
Etta Tuionetoa,Hunter Johnson,0.0007,0.0507
Andrew Angulo,Brett Clayton,-0.0051,0.051
Zane Navratil,Allyce Jones,-0.0125,0.0533
Eric Roddy,Layne Sleeth,-0.0118,0.0503
AJ Koller,Ilvana Trujillo,0.0032,0.0522
Rob Cassidy,Daniel Jensen,0.0022,0.0488
Matt Baca,Luke Wasson,-0.0046,0.0488
Marshall Brown,Jonny Pickleball Andrews,0.0041,0.0485
Jessica Mason,Ekaterina Biakina,-0.0007,0.0501
Danica Wolf,Helen To,-0.0055,0.0504
Ryan Fu,Johnny Goldberg,-0.0111,0.052
Cason Campbell,Dave Bacalla,-0.006,0.05
Lingwei Kong,Marcela Aguila Ampon,-0.0045,0.0514
Bryanna Ojeda,Michelle Murphy,-0.0032,0.053
Madeline Schulte,Christine Trifunovic,-0.0017,0.0482
Christine Maddox,Kaitlyn Christian,0.0082,0.0498
Tia Elpusan,Chelsea Purcell,-0.0011,0.0511
Michelle Esquivel,Olivia McMillan,0.0017,0.0495
Ivy Tschetter,Cleo Bond,-0.0069,0.0529
Jillian Braverman,Natalie Raney,0.0052,0.0569
Iliana Petrova,Cailyn Campbell,-0.0082,0.0511
Ben Newell,Daniel De la Rosa,-0.0033,0.0516
Tyler Loong,Jessie Irvine,0.0034,0.0517
Riley Newman,Lea Jansen,0.0004,0.0493
Steve Deakin,John Cincola,0.0111,0.0508
Quang Duong,Donald Young,0.0042,0.051
Xiao Yi Wang-Beckvall,Audrey Banada,-0.0035,0.0521
Ross Whittaker,Naveen Beasley,0.0005,0.0505
Roman Estareja,Kento Tamaki,0.0067,0.0505
Mitchell Hargreaves,Tom Evans,0.0073,0.0504
Madison Wold,Averry Chew,-0.0047,0.0514
Nicole Eugenio,Courtney McIntosh,-0.0033,0.0524
Jackson Ayotte,Kyle Koszuta,0.0009,0.0532
Bao Duong,Ryan Eveloff,0.0002,0.0547
Jeff Warnick,Wesley Burrows,-0.0015,0.0547
Riley Newman,Zane Navratil,-0.0019,0.0522
AJ Koller,Roscoe Bellamy,0.0041,0.052
Pablo Tellez,Hayden Patriquin,0.0282,0.0507
Rafa Hewett,Eric Oncins,0.0003,0.0489
Genie Erokhina,Eugenia Carolina Lopez Ascarate,-0.0103,0.0496
Irina Tereschenko,Allyce Jones,0.0076,0.052
Tyler Loong,James Ignatowich,0.0044,0.0487
Cody Milton,Aaron Fuhrman,0.0033,0.0521
Casey Diamond,Rachel Rettger,-0.0071,0.0527
Robert Slutsky,Sarah Williams,0.0171,0.0533
Kevin Dayan,Mota Alhouni,0.0107,0.0482
Emily Stumpf,Sammy Lee,-0.002,0.0502
Aiko Yoshitomi,Kenta Miyoshi,-0.0122,0.0522
Eric Oncins,Patrick Kawka,-0.0135,0.0528
Sam Szymanski,Brock Rzesnowiecky,-0.002,0.0532
Phillip Locklear,Jericho Grollman,0.0052,0.0509
Spartak Rahachou,Mouaad Alhouni,0.0026,0.0503
Alex Lantz,Kyle Goodburn,0.0011,0.0501
Aizec Olson,Matt Haugdahl,-0.0052,0.0527
Edward Perez,Marshall Brown,-0.0028,0.0494
Daniel Traxler,Daniel Howard,-0.0008,0.0496
Brandon Nsekpong,Chandler Carnett,0.0024,0.0494
Jeremy Lim,Jase Edwards,-0.0029,0.0508
Sofia Sewing,Tanner Tomassi,-0.0093,0.054
Edward Perez,Jocelyn Feirer,0.0035,0.0544
Maria Montgomery,Daven Bhagar,-0.0089,0.0542
Kate Fahey,Patrick Kawka,0.0071,0.049
Jaiden Sam,Jake Kuhlman,0.0069,0.0512
Rachael James,Donald Young,-0.0036,0.0526
Brandon Nsekpong,Danna Funaro,0.0045,0.0503
Sabrina Palavra,Jordan Chrysostom,-0.0096,0.0514
Yuta Funemizu,Dionne Lim,0.0084,0.0513
Adrienne Kutz,TJ Stansbury,-0.0001,0.0553
Josh Johnson,Brian Bomgren,-0.0003,0.0487
James Seagraves,Taine Bernhard,-0.0008,0.0503
Kaicen Dudek,Quinton Birkeness,-0.0005,0.0493
Caden Nemoff,Robert Slutsky,-0.0018,0.0557
Tanner Tomassi,Kyle Koszuta,0.002,0.0526
Johnny Goldberg,Etienne Blaszkewycz,-0.001,0.052
Kobla Tetey,Matt Ngo,-0.0055,0.0542
Max Freeman,Juan Benitez,-0.0116,0.0519
Nathan Matthews,Matthew Mead,-0.0,0.0526
Audrey Adele Brown,Pesa Teoni,0.002,0.0519
Matthew Barlow,Emma Nelson,0.0078,0.0502
Ross Whittaker,Zoey Weil,-0.0133,0.0525
Brendon Long,Andre Mick,0.0077,0.0517
Luke Cartenuto,Elliot Schneider,0.0037,0.0494
Jeremy Graham,Casey Parnell,-0.0011,0.0552
Ram Kotnana,Jordan Chrysostom,-0.008,0.0515
Regina Goldberg,Brandon French,-0.005,0.0531
Marykate Washelesky,Joseph Alvarez,0.0056,0.0513
Alec Martone,Alex Hunt,-0.0006,0.0525
Zachary Marceau,Wesley Burrows,-0.0079,0.0508
Claudio Quinones Garcia,Dustin Boyer,-0.0059,0.0509
Ammar Wazir,Neil Mediratta,0.0069,0.051
Christa Gecheva,Kyle Koszuta,-0.0005,0.051
Jonny Pickleball Andrews,Yaamunan Venkatesan,0.0008,0.0538
Justin Dering,Matt Bozoian,-0.0007,0.0483
Collin Maris,TY Butson,0.0005,0.0526
Alex Lantz,Abbigal Hatton,0.0004,0.0524
Jack Hansen,Jamie Voelker,0.0046,0.0545
Nathan Peters,Jennifer Corley,-0.0001,0.0535
Willy De Vilchez,Joel Richards,0.0076,0.0511
Bruno Barrueto Deza,Jeronimo Alvear,0.0023,0.0506
Jay Evans,Aleck Blair,-0.007,0.0496
Eris Rivera,Evgeniy Kim,-0.0,0.0508
Aiden Petterson,Bryan Willey,-0.0009,0.0543
Ethan Violette,Mikar Larenzo Fisher,-0.0025,0.0527
Gavin Vaughn,Alice Stoleru,-0.0024,0.0502
Cade Pierson,Chandler Carnett,0.0,0.0534
Jordan Betts,James Delgado,0.003,0.0526
Kyle Rinck,Parker Ward,-0.0048,0.0512
Rodrigo Reyes,Olivia Phillips,0.0113,0.0489
Jordan Betts,Brittni Tonnessen,-0.002,0.0508
Scott Peck,TJ Stansbury,-0.0006,0.0531
Nathan Peters,Jared Smart,-0.0035,0.0493
Rob Cassidy,Ryan Sherry,0.0114,0.0504
Tucker Mueck,Ben McNair,-0.0014,0.055
Mota Alhouni,Ilvana Trujillo,0.0014,0.0515
Sean Rafferty,Robert Shields,-0.0055,0.0494
William East,James Janssen,-0.006,0.0508
Allie Davis,Ben McNair,-0.0045,0.0536
Rachel Janssen,Harsh Nanavati,-0.0002,0.0519
Saby Karuppiah,Bret Berryman,-0.0007,0.0533
Jack Hansen,Dan Forsythe,-0.0049,0.0507
Jake Kuhlman,Harsh Nanavati,0.0037,0.0535
Luke Wasson,Charlotte Wasson,0.0026,0.0519
Hong Kit Wong,Ryan Lam,-0.0026,0.0494
Taylor Stockton,Kenta Miyoshi,0.0019,0.0507
Chad Morris,Kenny Burst,-0.0048,0.0549
Etta Tuionetoa,Christian Alshon,0.0048,0.0472
Blaine Hovenier,Martina Frantova,0.0112,0.0506
Lacy Schneemann,Gabriel Tardio,-0.0032,0.0509
Patrick Smith,Olivia McMillan,0.0032,0.0512
Mari Humberg,CJ Klinger,-0.0177,0.0484
Augustus Ge,Jackie Kawamoto,-0.0061,0.0549
Steve Deakin,Pierina Imparato,0.0177,0.0504
Jamie Haas,Darrian Young,-0.0074,0.0508
Federico Staksrud,Catherine Parenteau,0.0139,0.0482
Jack Sock,Lea Jansen,0.0048,0.0481
Julian Arnold,Andrea Koop,-0.0048,0.0497
Tyson McGuffin,Vivian Glozman,0.0012,0.0505
Ewa Radzikowska,Pablo Tellez,0.0018,0.0503
Mohaned Alhouni,Chao Yi Wang,-0.0071,0.0545
Craig Johnson,Lauren Stratman,-0.007,0.0483
Callan Dawson,Leah Tauber,0.0094,0.0492
Helena Jansen,Daniel Jensen,-0.0085,0.0514
AJ Koller,Marcela Aguila Ampon,-0.0081,0.0518
Rafa Hewett,Layne Sleeth,-0.0012,0.0534
Bobbi Oshiro,John Cincola,-0.0045,0.0498
Marshall Brown,Monica Paolicelli,0.0008,0.0534
Jessie Irvine,Hayden Patriquin,-0.0077,0.049
Ivan Jakovljevic,Sarah Ansboury,0.009,0.0513
Angie Walker,Jaume Martinez Vich,-0.005,0.052
Yates Johnson,Vivienne David,0.0066,0.0476
Eric Roddy,Samantha Parker,-0.0022,0.0508
Michael Loyd,Alex Walker,-0.0087,0.0505
Cade Pierson,Michelle Murphy,-0.0003,0.0561
Aiko Yoshitomi,Dionne Lim,-0.0034,0.0497
Sofia Sewing,Ava Ignatowich,-0.0044,0.0502
Brie Aldridge,Danna Funaro,0.0027,0.0505
Nicole Eugenio,Martina Frantova,-0.0054,0.0528
Zoey Weil,Sarah Williams,0.0039,0.0523
Rafa Hewett,Julian Arnold,-0.0101,0.0517
Ryan Fu,Gregory Dow,0.0087,0.0495
Regina Goldberg,Carolina Mayorga-Perry,-0.0097,0.0529
Rachael James,Monica Paolicelli,0.0077,0.0531
Callan Dawson,Pablo Tellez,0.0142,0.0527
AJ Koller,Brandon French,0.0074,0.0507
Callie Smith,Allyce Jones,0.0018,0.0469
Noe Khlif,Ivan Jakovljevic,-0.0049,0.0517
Jade Kawamoto,Lacy Schneemann,0.006,0.0502
Federico Staksrud,Gabriel Tardio,0.036,0.051
Christian Alshon,Hayden Patriquin,-0.0179,0.0474
Genie Erokhina,Trang Huynh,0.0113,0.0508
Rachel Janssen,Kendall Warren,-0.0025,0.051
Jennifer Reifschneider,Jennifer Corley,-0.0017,0.0579
Daria Walczak,Lauren Stratman,0.0002,0.0521
Todd Fought,CJ Klinger,-0.0091,0.0517
Alex Bowers,Allie Davis,0.0084,0.0529
V. Mary Rivas,Susie Epp,0.0025,0.0481
Adrienne Kutz,Casey Parnell,-0.0029,0.0505
Jessica Mason,Kara Andrews,-0.0138,0.0514
Hannah Blatt,Lingwei Kong,0.0089,0.0501
Sarah Ansboury,Olivia McMillan,-0.0093,0.0507
Augustus Ge,Darrian Young,-0.0184,0.0506
Tamaryn Emmrich,Kaitlyn Christian,-0.013,0.0477
Eugenia Carolina Lopez Ascarate,Pierina Imparato,0.0033,0.0504
Audrey Adele Brown,Helena Jansen,-0.0004,0.0511
Mohaned Alhouni,Spencer Smith,-0.0079,0.0535
Kate Fahey,Allison Phillips,0.0059,0.0535
Andrea Koop,Jessie Irvine,0.01,0.0515
Tyra Hurricane Black,Vivian Glozman,-0.0028,0.0511
Olivia Phillips,Jocelyn Feirer,-0.0041,0.0518
Lauralei Bieger,David Bieger,0.0125,0.0525
Zandrix Acob,Wade Bryant,0.001,0.0534
Sydney Donkena,Amrik Donkena,0.0072,0.052
Henry Boyle,Mehvish Safdar,0.0061,0.0551
Jade Rau,Ethan Miller,-0.007,0.0507
Joseph Roeder,Nicole Lange Beidacki,0.0005,0.0534
Jack Foster,Andre Mick,0.0007,0.0494
Henry Boyle,Anouar Braham,0.0001,0.0518
Jonathan Truong,David Bieger,-0.004,0.0509
Grayson Goldin,Roman Estareja,-0.0083,0.0516
Ross Whittaker,Salome Devidze,-0.0104,0.0537
Robert Laidlaw,Shannon Pretorius,-0.0074,0.0528
Connor Mogle,Leah Tauber,0.001,0.0542
Kentaro Hamaguchi,Jose Roberto Velasco,0.005,0.0527
Brandon Contratto,Jayce Landheer,0.0025,0.0516
Ashton Cottrell,Adam Yeager,0.0007,0.0491
Madalina Grigoriu,Anouar Braham,0.0013,0.0497
Brandon Contratto,Stevie Petropouleas,-0.0062,0.0512
Len Yang,Abigail Okelley,-0.0041,0.0478
Jimmy Terzian,Michael Asplund,-0.0064,0.049
Merritt Wilburn,Mickulas Ray,0.0018,0.0517
Amanda Studnicki,Jonathan Truong,-0.0029,0.052
Kate Fahey,Yates Johnson,0.0045,0.051
Mark Fletcher,Wesley Fletcher,-0.0019,0.0484
Court Zalinski,Joshua Giannelli,-0.0044,0.0542
Amanda Hendry,Andre Mick,0.0036,0.0489
Peter Klingsheim,Ryan Berg,-0.0012,0.0491
Tucker Segars,Hannah Okelley,0.0024,0.0534
Zoey Weil,Evgeniy Kim,-0.0021,0.0526
Ting Chieh Wei,Andrew Wang,0.0039,0.0519
Casey Diamond,CJ Klinger,0.0025,0.0504
Tucker Segars,Chase Mason,-0.0036,0.0462
Naveen Beasley,Dustin Boyer,0.0036,0.0502
Luke Cartenuto,Chase Ruff,-0.0022,0.0535
Kenneth Suarez,Andi Godwin,0.0009,0.0482
Adrian Garza,Yuta Funemizu,-0.0024,0.0519
Joey Campagna,Wynn Johnson,-0.0002,0.0522
Neil Mediratta,Hailee Haymore,0.0005,0.0549
Jordan Chrysostom,Selim Ben Ali,-0.0006,0.0527
Jarryd Woog,Ashley Hewitt,0.0,0.052
Max Freeman,Sofia Sewing,-0.0064,0.0518
Chandra Kusuma,Oliver Wei,0.002,0.0524
Valerie R Simon,Mickulas Ray,-0.0066,0.0489
Noe Khlif,Regina Goldberg,-0.0007,0.0529
Sarah Hua,Miguel Alda,0.0078,0.0509
Ryan Sherry,Komal Safdar,0.0071,0.0527
Christian Roehmer,Zack Bosshard,-0.0008,0.0524
Yaamunan Venkatesan,Miguel Alda,0.0001,0.05
Arnab Baruah,Alex Lawhun,-0.003,0.0523
David McNally,Andrew Wang,-0.0018,0.0538
Timothy Cass,Oliver Wei,-0.0011,0.0522
Colten Ponder,Brookes Jones,-0.0026,0.0503
Carolina Correia,Kyle Welch,-0.0064,0.0515
Waymon Peet,Justin Lui,0.0018,0.0531
Kentaro Hamaguchi,Giorgia Vitale,0.0089,0.0499
Cade Lindgren,Johnny Dong,-0.0048,0.0498
TY Butson,Antonio Cummings,0.0004,0.05
George Bulger,Ethan Paik,-0.002,0.0488
Zachary McDivitt,Evan Gan,-0.0043,0.0521
Corbin McAvinew,Avery Rogers,0.0007,0.0526
Ahmad El-Zarif,Gianna Southwick,0.0023,0.0541
Alia Brown,Yaamunan Venkatesan,-0.0006,0.052
Jackie Kawamoto,Jaume Martinez Vich,0.0176,0.0476
Quang Duong,Alix Truong,-0.0016,0.0509
Samantha Parker,Wesley Burrows,-0.0065,0.0515
Christian Alshon,Anna Bright,-0.0177,0.0549
Jay Devilliers,Judit Castillo,-0.0029,0.0499
Angie Walker,CJ Klinger,0.0077,0.0493
Gabriel Tardio,Tyra Hurricane Black,-0.0064,0.0501
Andrei Daescu,Catherine Parenteau,-0.005,0.0531
Martina Frantova,Michael Loyd,-0.0096,0.0535
Chao Yi Wang,Pablo Tellez,0.0094,0.0454
Chuck Taylor,Olivia McMillan,-0.0123,0.0512
Hunter Johnson,Lacy Schneemann,-0.0072,0.0481
Pierina Imparato,Pesa Teoni,0.0007,0.0491
Camila Zilveti,Brandon French,-0.0032,0.0511
John Cincola,Marcela Aguila Ampon,0.0014,0.0516
Roscoe Bellamy,Rachel Rettger,-0.0006,0.0496
Dekel Bar,Hayden Patriquin,0.0017,0.0523
Andrei Daescu,James Ignatowich,-0.0026,0.0485
Jorja Johnson,Vivian Glozman,0.0295,0.0508
Jessica Haywood,Hailee Haymore,0.0201,0.054
Chandra Kusuma,Helena Jansen,-0.0017,0.0524
Spencer Smith,Darrian Young,-0.0075,0.0524
Jessie Irvine,Tyra Hurricane Black,0.0046,0.0527
Cassidy Hoag,Sarah Hua,-0.0007,0.0527
Lauren Stratman,Milan Rane,-0.0084,0.0502
Noe Khlif,Tyler Loong,0.0077,0.0515
Hunter Johnson,Roscoe Bellamy,-0.0127,0.05
Todd Fought,Michael Loyd,0.0371,0.0514
Eric Roddy,Ivan Jakovljevic,-0.0017,0.0534
Sydney Donkena,Zoey Weil,0.0041,0.0493
Quang Duong,Christian Alshon,0.0124,0.0482
Regina Goldberg,Sarah Ansboury,0.0053,0.05
Simone Jardim,Allyce Jones,0.0067,0.0501
Madeline Schulte,Hannah Blatt,0.0021,0.0522
Jay Devilliers,Pablo Tellez,0.0075,0.0452
Cason Campbell,Jonny Pickleball Andrews,-0.0008,0.05
Chuck Taylor,Steve Deakin,0.0037,0.053
Ting Chieh Wei,Amanda Studnicki,-0.0053,0.0528
Alia Brown,Emilia Schmidt,-0.0037,0.0503
Alix Truong,Jackie Kawamoto,-0.0095,0.0537
Jamie Haas,Olivia McMillan,-0.0118,0.053
Caitlin Klaassen,Jessica Mason,-0.0076,0.0499
Julian Arnold,Brandon French,0.0,0.0532
Sophia Dorsey,Gianna Southwick,-0.0003,0.055
Giorgia Vitale,Anri Ferris,0.0116,0.053
Jade Rau,Jayda Maldonado,-0.01,0.0509
Lingwei Kong,Bobbi Oshiro,-0.0008,0.0511
Leah Tauber,Marcela Aguila Ampon,0.0071,0.0506
Madalina Grigoriu,Cailyn Campbell,0.0029,0.0496
Nicole Eugenio,Genie Erokhina,-0.0003,0.0512
Lauralei Bieger,Fiorella Bozzetto,-0.0009,0.0482
Shannon Pretorius,Nicole Lange Beidacki,0.0012,0.0523
Kate Fahey,Amanda Hendry,0.0052,0.0532
Martina Frantova,Samantha Parker,-0.0012,0.0519
Sofia Sewing,Dominique Schaefer,0.012,0.0502
Jojo Henderson,Hannah Okelley,-0.0025,0.0503
Anabel Pollan Sanchez,Andi Godwin,-0.0064,0.0492
Amber Policare,Valerie R Simon,-0.0086,0.0516
Dominique Canale,Shona Kerr,0.0023,0.0526
Ryan Fu,Max Freeman,0.0133,0.0476
George Bulger,Kyle Wong,-0.0014,0.0512
Kailas Shekar,Louie Payetta,0.0071,0.0552
Bryanna Ojeda,Jose Farias,-0.003,0.05
Ridley Seguso,Jack Seymour,0.0009,0.0516
Jared Eaton,Mitchell Tate,0.0041,0.0513
John Thorn,Braden Jacobson,0.002,0.0493
Wendy Weston,Miles Hoover,-0.0021,0.0522
Veronika Miroshnichenko,Anthony Skalabrin,0.0003,0.0501
Genie Erokhina,Christopher Haworth,0.0077,0.0512
Aline Morales,Kaihe Allen,-0.002,0.0522
Sam Weinbach,Luke Wasson,0.0106,0.0489
Nick Petterson,Michael Wolf,-0.0083,0.0488
Michael Jenson,Kelly Stewart,-0.0003,0.0509
Chloe Igleski,Nick Petterson,0.0024,0.0493
Zach Gonnering,Mary Monson,0.0017,0.0512
Anthony Skalabrin,Andrew Gale,0.005,0.0516
Zandrix Acob,Diego Lebron Perez,-0.007,0.052
Liam Duffin,Averee Beck,-0.0028,0.0523
Edward Perez,Adam Harvey,-0.0365,0.0514
Nicole Eugenio,Naveen Beasley,0.0099,0.0492
Bruno Barrueto Deza,Elizabeth Boydston,0.0144,0.0522
Domenika Turkovic,Kevin Dayan,-0.0036,0.0524
Erik Pailet,Nick Black,0.0068,0.0507
Corbin Devlin,Miles Hoover,-0.0027,0.0509
Cody Sivan,Kenta Miyoshi,0.0038,0.048
Dylan Kato,Jaxon Madsen,-0.0017,0.0535
Joshua Reason,Juan Benitez,0.0009,0.0539
Adrienne Kutz,Joshua Reason,-0.0043,0.0531
Jared Puamau,Mele Toli,-0.0007,0.0503
Jordan Tilley,Troy Osborn,-0.0014,0.0509
Andi Godwin,Juan Benitez,0.0132,0.0484
Billy Buchhauser,Simone Leonard,-0.0072,0.0515
Tanner Burningham,Matt Cragun,-0.0003,0.051
Edward Perez,Helena Jansen,0.0201,0.0513
Lucas Coutinho,Marianna Petrei,0.0032,0.0498
Matt Arnell,Travis Thompsen,0.0022,0.0502
Keaton Cullimore,Quentin Wilson,-0.0011,0.0518
Cade Pierson,Tanner Tomassi,0.003,0.0512
Natalie Hur,Jose Martinez,0.0006,0.0527
David Litvinov,Madalina Grigoriu,0.0088,0.0518
Jace Howard,Clayton Boydston,0.0004,0.0503
David Litvinov,Mikus Losbergs,-0.0018,0.049
Benson Parry,Zach Gonnering,0.0143,0.0537
Lizzie McFarland,Luke Anderson,-0.0051,0.0518
Marshall Brown,Kyle Koszuta,-0.0069,0.0519
James Delgado,Rio Newcombe,0.0022,0.0539
Kevin Caulfield,Zak Parks,-0.008,0.0519
Jackson Ayotte,Yuta Funemizu,-0.0016,0.0513
Jonathan Truong,Tanner Tomassi,0.0009,0.0501
Andre Mercado,Nick Werner,0.0013,0.0502
James Kaoma,Mulima Mulenga,-0.001,0.0509
Tavon Morrow,Miguel Alda,0.0036,0.053
Kate Fahey,Anderson Scarpa,-0.0007,0.0491
Andre Mercado,Jalina Ingram,-0.0142,0.0493
Lucas Coutinho,Billy Buchhauser,0.002,0.0541
David Hall,Ethan Violette,0.0052,0.0529
Mark Potes,Sunny Krittayaweth,-0.0052,0.0535
Gerald Ferrer,Frazier Springfield,0.0041,0.0519
Cassidy Hoag,Zak Parks,-0.0201,0.0542
Ryne Fertitta,Andrew Caldarella,0.0026,0.0521
Dalia Garza,Miguel Salgado,0.0004,0.054
Edward Gardner,Alexander Qi,-0.0032,0.0509
Aaron Borno,Navjeet Jammu,-0.0027,0.051
Keith Read,Gabriel Andersen,-0.0006,0.0542
Thatcher Schwendiman,Dodo Kong,-0.0072,0.0513
Robert Laidlaw,Sarah Williams,-0.0037,0.0512
Len Yang,Kristen Walsh,-0.0009,0.0524
Gavin Fowler,Olivia Phillips,0.0042,0.0507
Liam Duffin,Justin Fullmer,-0.0017,0.0531
Savanna Ticknor,Sam Angelo,-0.0036,0.0497
Cody Sivan,Hannah Fife,-0.0003,0.0539
Lauren Mercado,Ryan Finley,-0.0036,0.0493
Michael Jenson,Ben Whitesides,0.0002,0.0524
Noe Khlif,Allison Phillips,0.0176,0.0523
Angie Walker,Casey Diamond,-0.0095,0.05
Layne Sleeth,Ivan Jakovljevic,0.0008,0.0525
Travis Rettenmaier,Alex Walker,-0.0065,0.0521
Pablo Tellez,Mari Humberg,0.008,0.0506
Jack Sock,Jackie Kawamoto,-0.0224,0.0495
Wesley Burrows,Olivia McMillan,0.0332,0.0525
Collin Johns,Allyce Jones,-0.0096,0.0516
Riley Newman,Callie Smith,-0.0056,0.0517
Etta Tuionetoa,Augustus Ge,0.0129,0.0509
Darrian Young,Judit Castillo,-0.0134,0.0524
Steve Deakin,Casey Rodgers,0.0018,0.0525
Mohaned Alhouni,Ewa Radzikowska,-0.0054,0.0542
Veronika Miroshnichenko,Mary Monson,0.0009,0.0516
Lingwei Kong,Genie Erokhina,0.028,0.0469
Brianna Kemp,Lauren Mercado,0.0027,0.0522
Kate Fahey,Alix Truong,0.0048,0.0515
Chloe Igleski,Marianna Petrei,0.004,0.0534
Collin Johns,Dekel Bar,-0.0029,0.0472
Bryanna Ojeda,Aline Morales,0.0051,0.0473
Federico Staksrud,Augustus Ge,0.0033,0.0504
Riley Newman,Brandon French,0.0001,0.0463
Ewa Radzikowska,Christa Gecheva,-0.0029,0.0518
Noe Khlif,John Cincola,-0.0054,0.0527
Elizabeth Boydston,Kelly Stewart,-0.0027,0.0488
Chuck Taylor,Jose Farias,-0.0015,0.0534
Averee Beck,Dodo Kong,0.0004,0.0496
Mele Toli,Brooke Bromley,-0.0034,0.0521
Madalina Grigoriu,Cade Pierson,0.0022,0.0509
Callan Dawson,Kento Tamaki,-0.0029,0.0523
Nicole Kalhorn,Simone Leonard,0.0144,0.0521
Aiko Yoshitomi,Casey Rodgers,-0.0021,0.0488
Caitlin Klaassen,Domenika Turkovic,0.0075,0.0508
AJ Koller,Spencer Smith,0.0115,0.0522
Lorna Morris,Maya Morris,-0.0032,0.0526
Natalie Hur,Olivia Phillips,0.0006,0.0499
Mike Anderson,Darrian Young,-0.004,0.0522
Cassidy Hoag,Rachel Rettger,0.0047,0.0521
Travis Rettenmaier,Wyatt Stone,-0.0042,0.0521
Brie Aldridge,Charlotte Wasson,0.0001,0.051
Lexi Jensen,Sarah Williams,-0.0026,0.0504
Martina Frantova,Liz Truluck,-0.0116,0.0495
Hannah Blatt,Helena Jansen,-0.0041,0.053
Allison Phillips,Ava Ignatowich,0.0073,0.0472
Nicole Eugenio,Marcela Aguila Ampon,-0.0096,0.0509
Rafa Hewett,Hunter Johnson,-0.0077,0.0515
Lizzie McFarland,Hannah Fife,-0.0056,0.053
Kaitlyn Christian,Olivia McMillan,0.0016,0.0524
Daniel Jensen,Wesley Burrows,-0.0007,0.0506
Chao Yi Wang,Judit Castillo,-0.0019,0.0509
Brenna Murray,Clayton Boydston,-0.0049,0.0513
Madison Wold,Logan Rosenbach,-0.0024,0.0514
Bryanna Ojeda,Chase Ora,-0.0028,0.0521
Jake Presser,Chelsea Purcell,-0.003,0.0521
Lauren Wong,Marshall Brown,0.012,0.0512
Kevin Dayan,Michelle Murphy,-0.0003,0.0506
Pally Ray,Ivana King,0.0061,0.0558
Charles Case,Dodo Kong,0.0014,0.0533
Thatcher Schwendiman,Ella Boydston,0.0043,0.0519
Jorge Quintero,Allie Kostyniuk,0.0008,0.0489
Ryan Finley,Molly Knox,-0.0005,0.0498
Julia Ronney,Kyle McMakin,-0.0055,0.0518
Jessica Mason,Bryce Larson,0.0006,0.0519
Averry Chew,Yaamunan Venkatesan,-0.0056,0.0518
Reyna Ash,Andre Millet,-0.0025,0.0516
Liam Duffin,Brittny Rogers,0.0007,0.0499
Caden Nemoff,Trang Huynh,-0.0048,0.0529
Darcy Shore,Scott Berke,-0.0035,0.0486
Brandon French,Spencer Smith,0.003,0.0525
Liam Duffin,Logan Rosenbach,-0.0009,0.0508
Kyle Bachman,TY Parrish,-0.0042,0.0517
Andre Millet,Adrian Garza,0.0009,0.0507
Dean Loock,Rob Hutchins,-0.0005,0.0505
Blaine Hovenier,Layne Sleeth,-0.0004,0.0501
Jack Sock,Kate Fahey,0.0057,0.0513
Kento Tamaki,Marcela Aguila Ampon,0.0003,0.051
Eric Roddy,Rachel Rettger,0.0015,0.0511
Allison Phillips,Michael Loyd,-0.0059,0.0514
Genie Erokhina,Roscoe Bellamy,-0.0053,0.0503
Eric Cepress,Matthew Fisher,0.0029,0.05
Stephen Madonia,Brandon Anandan,-0.0044,0.0497
Gabriel Jimenez,Raymond Velarde,-0.0006,0.055
Maggie Brascia,Tyson McGuffin,0.0092,0.0529
Andre Mercado,Pally Ray,0.0013,0.0511
Julian Arnold,Judit Castillo,-0.004,0.0513
Hannah Blatt,John Cincola,0.0004,0.0515
Jackson Ayotte,Ryan Finley,-0.0117,0.0505
Scott Berke,David Sigler,0.0136,0.0536
David Hall,Thatcher Schwendiman,0.0064,0.0512
Rob Cassidy,Marshall Brown,0.0066,0.051
Kento Tamaki,Wesley Burrows,-0.0009,0.0531
Bruno Barrueto Deza,Iker Tomas,0.0069,0.0513
Daniel Traxler,John Thorn,0.0134,0.0502
Evgeniy Kim,Miguel Alda,-0.0045,0.0522
Jordan Bridge,Jonas Corona,-0.0032,0.0518
Mohaned Alhouni,Kaitlyn Christian,-0.0055,0.0529
Michael Fahey,Chase Ora,0.0014,0.0516
Jorge Quintero,Yaamunan Venkatesan,0.0024,0.0531
Tama Shimabukuro,Yoshinori Tamukai,-0.0039,0.0522
Clemens Graute,Luc Pham,-0.0011,0.0564
Quang Duong,Lauren Stratman,-0.0069,0.0499
Christine Trifunovic,Craig Johnson,-0.0058,0.0535
Martina Frantova,Augustus Ge,-0.0024,0.0517
Daniel Jensen,Alex Walker,0.0032,0.0546
Ryan Eveloff,Grant Bond,0.005,0.051
Daniel McAuley,Anders Jansson,0.0024,0.0497
Kenta Miyoshi,Sebastian Herrera,-0.0065,0.0517
Aiko Yoshitomi,Ivana King,-0.0084,0.0541
AJ Koller,Pierina Imparato,-0.0099,0.0511
Yates Johnson,Genie Bouchard,0.0121,0.051
Sam Szymanski,Matt Haugdahl,-0.0053,0.0481
Noe Khlif,Milan Rane,0.0026,0.0487
Matthew Schiller,Tom Murphy,0.0013,0.0528
Trevor Machek,Justin Fullmer,-0.0105,0.0522
Noe Khlif,Yates Johnson,0.0067,0.0501
Lauren Mercado,Pesa Teoni,-0.0031,0.0493
Desmond Papariello,Hunter Morris,0.0011,0.0499
Caden Nemoff,Sam Angelo,0.0081,0.0513
Zane Navratil,Lacy Schneemann,-0.0078,0.0539
Malia K Lum,Wyatt Stone,0.0038,0.054
Tyler Loong,Salome Devidze,-0.0018,0.0526
Regina Goldberg,Todd Fought,-0.0019,0.0504
Angie Walker,Patrick Kawka,-0.0054,0.0532
Riley Newman,Christian Alshon,0.0131,0.0468
Gabriel Joseph,Alex Neumann,-0.0029,0.0543
James Ignatowich,Vivian Glozman,-0.0189,0.0533
Regina Goldberg,Milan Rane,-0.0035,0.0484
Martina Frantova,Lina Padegimaite,0.0011,0.0499
Madison Wold,Ekaterina Biakina,0.0012,0.0537
Riley Newman,Catherine Parenteau,0.0137,0.0499
Todd Fought,Patrick Kawka,-0.0057,0.0524
Daniel Jensen,Rio Newcombe,0.0059,0.05
Rachel Rohrabacher,Jorja Johnson,-0.0137,0.0457
Averry Chew,Chelsea Purcell,-0.0056,0.0517
Zane Navratil,Dekel Bar,0.0302,0.0522
Quang Duong,Wyatt Stone,-0.0022,0.0495
Anna Bright,Tina Pisnik,-0.004,0.0494
Chloee Butterfield,Brittny Rogers,-0.0013,0.0509
Alix Truong,Judit Castillo,0.0036,0.05
Kaitlyn Christian,Jessie Irvine,-0.0194,0.0471
Hannah Blatt,Rachel Rettger,-0.0076,0.0528
Bryanna Ojeda,Amber Policare,-0.0039,0.0537
Kate Fahey,Lauren Stratman,-0.0049,0.0493
Lingwei Kong,Dodo Kong,0.0047,0.0534
Callan Dawson,Darrian Young,-0.0068,0.0506
Pierina Imparato,Marcela Aguila Ampon,0.0032,0.0504
James Ignatowich,Max Freeman,-0.0085,0.0434
Christine Trifunovic,Michelle Murphy,-0.0064,0.0515
Kyle Whatnall,Roman Estareja,0.0113,0.0505
Jose Delgado,Matt Carter,0.003,0.051
Alex Fairbanks,Jason Taylor,-0.0027,0.0516
Taylor Smith,Kaden Hensel,-0.0013,0.052
Oliver Gray,Andrew Horridge,0.0092,0.0524
Ryan Morris,Nicholas Maleganeas,-0.0065,0.0526
Jai Grewal,Daniel Moore,-0.0028,0.0493
Somer Dalla-Bona,Michaela Haet,0.0023,0.0501
Ludovica Sciaky,Talia Saunders,-0.0037,0.0544
Robert Stirling,Sueme Rajpal,-0.002,0.0508
Josh Nipperess,Adam Daggmarr,0.0006,0.0523
Emilia Schmidt,Shelby Bates,0.0009,0.0512
Gianni Martine,Bee Horsley,-0.0015,0.0521
Armaan Bhatia,Harsh Mehta,0.0015,0.0533
Sange Carter,Coco Lococo,0.0041,0.0538
Sahra Dennehy,Lindsay Baker,-0.0077,0.0525
Wesley Vine,Ben Costin,-0.0016,0.0525
Alexander Tran,Adam Walters,-0.0002,0.0531
Jane Teoh,Deborah Rossi,-0.0025,0.0517
Yu-Chieh Hsieh,Jasmine Almaguer,-0.0008,0.0524
Jessica Hughes,Andie Dikosavljevic,-0.0015,0.0512
Leander Lazaro,Prycen Haas,0.0027,0.0533
Chris Baum,Ryan Henry,-0.002,0.0517
Danni-Elle Townsend,Pei Chuan Kao,-0.0006,0.0545
Jamie Haas,Michelle Esquivel,0.0083,0.0532
Venise Chan,Sophie Idzikowski,-0.007,0.0526
Chris Turvey,Hugh Pfitzner,-0.0001,0.0501
Xiao Yi Wang-Beckvall,Selina Turulja,-0.0018,0.0519
Ting Chieh Wei,Liz Truluck,0.0058,0.0503
Jericho Grollman,Matthew Chou,0.0022,0.0501
Conor Robertshawe,Thanh Huynh,0.0034,0.0501
Lucas Pascoe,Vishal Masand,0.0048,0.0514
Valerio De Genua,Guillermo Jacquet,-0.0082,0.0514
Shannon Burr,Kane Townsend,0.0005,0.0527
Roos Van Reek,Kaitlynn Hart,0.0116,0.0473
Yung-Hsin Tseng,Jou Yu Ko,0.0066,0.052
Brendan Lee,Zen Yoshida,-0.0036,0.0496
Mitchell Hargreaves,Zachary Grabovic,-0.0071,0.0497
Simon Pilt,David Richardson,0.0009,0.0505
Daniel Kouznetsov,Matthew Kouznetsov,-0.0032,0.0514
Sarah Jane Lim,Sarah Burr,0.0021,0.056
Leona Huynh,Nicola Schoeman,-0.0028,0.0516
Julian Arnold,Blaine Hovenier,0.0105,0.0482
Gianni Martine,Chris Turvey,0.0034,0.0514
Nicholas Maleganeas,Brooke Mundey,0.0001,0.0518
George Wall,Joseph Wild,0.0077,0.0461
Jai Grewal,Roos Van Reek,-0.0076,0.0497
Sahra Dennehy,Andrew Horridge,-0.003,0.0501
Danni-Elle Townsend,Joseph Wild,0.0055,0.0494
Sarah Jane Lim,Leander Lazaro,0.006,0.0497
Wesley Vine,Talia Saunders,0.0012,0.051
Yuvraj Ruia,Kyle Yates,0.005,0.0491
Mimi Ghisellini,Matthew Kouznetsov,-0.0052,0.0495
Jose Delgado,Nay Pinkerton,-0.0002,0.0514
Emilia Schmidt,Mitchell Hargreaves,0.0049,0.0505
Deborah Rossi,Hugh Pfitzner,0.0018,0.0521
Yu-Chieh Hsieh,Jason Taylor,0.0073,0.0483
Ryan Henry,Michaela Haet,0.0083,0.0501
Jericho Grollman,Madison Grollman,-0.0071,0.0487
Kyle Yates,Shelby Bates,-0.0078,0.0528
Chris Baum,Yung-Hsin Tseng,-0.0014,0.049
Kyle Whatnall,Ludovica Sciaky,-0.0016,0.0498
Zachary Grabovic,Selina Turulja,0.0002,0.0525
Oliver Gray,Jasmine Almaguer,0.0018,0.0529
Michelle Esquivel,Prycen Haas,0.0011,0.0509
Roman Estareja,Sarah Burr,0.0073,0.0507
Coco Lococo,Matt Carter,-0.0043,0.0505
George Wall,Somer Dalla-Bona,-0.0101,0.0537
Jessica Hughes,Simon Pilt,0.0029,0.0495
Ting Chieh Wei,Harsh Mehta,-0.0056,0.0518
David Richardson,Nicola Schoeman,-0.0044,0.0522
Lucas Pascoe,Kaitlynn Hart,0.0044,0.0536
Daniel Kouznetsov,Bee Horsley,-0.0022,0.0512
Thanh Huynh,Leona Huynh,0.0013,0.0537
Josh Nipperess,Ashlee Graham,-0.0085,0.0522
Alex Fairbanks,Sophie Idzikowski,0.0067,0.0544
Jou Yu Ko,Daniel Moore,-0.0026,0.0507
Rahul Datta,John Lucian Goins,-0.0048,0.0547
Chase Parker,Logan Thompson,-0.0024,0.0496
Emily Gaskins,Davis Daniel Carvalho,-0.0059,0.0508
Kamden Bradstreet,Mya Bui,-0.0074,0.0536
Selim Ben Ali,Brett Clayton,0.0055,0.0506
Zandrix Acob,Chase Blocker,0.0109,0.0532
Alex Guy,Garrett Singletary,0.0067,0.0531
Abigail Okelley,Luke Wasson,0.0027,0.0501
Chris Patrick,Courtney Nguyen,0.0068,0.0506
Zachary McDivitt,Kalee Muller,-0.0028,0.0512
Caitlin Klaassen,Michael Beron,-0.0013,0.05
Caden Nemoff,Hailee Haymore,0.0048,0.0503
Samantha Greenhut,Tanner Tomassi,0.0063,0.049
Andre Mercado,Jaeda Minniefield,0.0026,0.0504
Ryan Torresin,Mickulas Ray,-0.0002,0.0526
Pally Ray,Arielle Nealy,0.0018,0.0524
Zane Ford,Lauren Hidalgo-Smith,-0.0027,0.0519
Tucker Segars,Lewis Halski,-0.0057,0.0505
Gavin Nickerson,Haley Collins,0.0014,0.0523
Jake Anderson,Maebry Jones,0.0014,0.0536
Kevin Caulfield,Justin Slattery,0.0125,0.0532
Gavin Nickerson,Lionel Ortiz,0.0037,0.054
Jayden Broderick,Jose Farias,0.0006,0.0522
Ammar Wazir,Dustin Boyer,0.003,0.054
Jack Holloway,Filipe Parichkov,0.0044,0.0485
Zac Hirschler,Helen To,0.0045,0.0494
Noe Khlif,Bobbi Oshiro,-0.0002,0.0529
Jack Foster,Shelby Bates,0.0035,0.0505
Edward Perez,Nicole Eugenio,-0.0022,0.0491
Yufei Long,Taylor Stockton,0.0061,0.0515
Ross Whittaker,Mehvish Safdar,-0.0066,0.0518
Caden Nemoff,Ryan Finley,0.0054,0.0502
VU Nguyen,Jack Foster,-0.0027,0.0493
Spencer Talmadge,Daniel Miron,-0.0077,0.0534
Brandon Fritze,Davis Daniel Carvalho,0.0061,0.0507
Dylan Lewis,Ivan Tykhomyrov,-0.0017,0.0525
Zane Ford,Alexander Crum,-0.0005,0.0525
Matthew Mead,Michelle Murphy,-0.0087,0.0514
Regina Goldberg,Richard Livornese Jr,0.0052,0.0504
Connor Castleberry,Christopher Eastwood,0.0051,0.0499
Willy De Vilchez,Jordan Chrysostom,0.0001,0.0534
Cody Sivan,Justin Lui,0.0023,0.0529
Michael Iannella,Clint Frazier,-0.0012,0.0492
Luca Mack,Thomas Provost,-0.0096,0.0474
Vinay Rita,Siddharth Naik,-0.0044,0.0516
James Broker,Zachary Marceau,0.0041,0.0512
Landon Ivey,Garrett Ivey,-0.0,0.0536
Stephen Bass,Anri Ferris,-0.008,0.0512
Cody Sivan,Ava Pisacrita,-0.0006,0.0502
Jayden Broderick,Emilia Schmidt,-0.0046,0.0497
Grace Logterman,Ethan Palisoc,-0.0029,0.054
Connor Castleberry,Angela Simon,-0.0004,0.0522
Patrick McGuire,Chase Mason,0.0008,0.0509
Vincent Rettke,Cesar Lopez,-0.0013,0.0526
Patrick Parker Jr.,Rawad El Kontar,-0.0015,0.0531
Cassie Quast,Jared Cohen,0.0012,0.0472
Elina Geut,Brandon Fritze,0.0061,0.0521
Tobias Moreno,Andi Godwin,-0.0085,0.048
Morgan Downing,Garrett Singletary,-0.0098,0.0513
Eric Rubinger,Cameron Douglas,-0.0047,0.0504
Ahmad El-Zarif,Jared Cohen,-0.0007,0.0538
Tim Mullane,Andrew Felsenthal,-0.0034,0.0533
Colt Gaston,Kentaro Hamaguchi,0.0008,0.0519
Justin Vantreese,Joyner Freeman,-0.0059,0.0475
Brookes Jones,Ethan Palisoc,-0.0053,0.0529
Cade Lindgren,Taabish Basaria,-0.003,0.0522
Armando Ferreira,Raffael Barretto Agulha,-0.0052,0.053
Richard Livornese Jr,Tanner Tomassi,0.0036,0.0521
Mota Alhouni,Komal Safdar,-0.0034,0.0524
Luke Cartenuto,Sheridan Schuster,-0.0027,0.0508
Hunter Bivins,Colton Phillips,0.0012,0.0531
Viet Nguyen,William Hart,-0.0039,0.0523
Kevin Ma,Zac Hirschler,0.0024,0.0514
Benjamin Bramblett,James Hallewell,-0.0075,0.0531
Victoria Helmuth,Andre Helmuth,-0.0039,0.0495
Court Zalinski,Frank Solana,0.0053,0.0485
Tobias Moreno,Heath Griffin,-0.0026,0.0501
Matthew Mead,Anouar Braham,-0.009,0.0499
Jesse Ferlianto,Brian Detweiler,-0.0013,0.0507
Blaine Hovenier,Yates Johnson,-0.0039,0.0506
Chuck Taylor,Casey Diamond,0.0066,0.0511
Noe Khlif,Brandon French,-0.0048,0.053
Michael Loyd,Spencer Smith,-0.0087,0.0512
James Delgado,Juan Benitez,-0.0007,0.0471
Genie Bouchard,Ava Ignatowich,-0.0009,0.0521
Michelle Murphy,Helen To,0.0052,0.0506
Zane Navratil,Vivian Glozman,-0.0053,0.0522
Regina Goldberg,Genie Erokhina,0.0008,0.0541
Stacey Wingad,Tammy Kim,0.0014,0.0528
Eric Oncins,Wyatt Stone,0.0019,0.0494
Jessica Mason,Victoria Helmuth,0.0068,0.0511
Johnny Goldberg,John Cincola,0.0117,0.0553
Ashley Griffith,Mya Bui,-0.0019,0.0514
Jaume Martinez Vich,Milan Rane,0.0032,0.0499
Andrea Koop,Yates Johnson,-0.0058,0.0529
Allison Phillips,Martina Frantova,-0.0045,0.0533
Samantha Greenhut,Emily Gaskins,-0.0007,0.0487
Kate Fahey,Lina Padegimaite,0.0095,0.049
Haley Collins,Sheridan Schuster,-0.0001,0.0504
Morgan Downing,Andi Godwin,-0.0108,0.0501
Collin Johns,Sofia Sewing,-0.0139,0.0539
Chuck Taylor,Angie Walker,0.0021,0.0533
Marshall Brown,Wesley Burrows,0.0008,0.0505
Tavon Morrow,Max Green,-0.0051,0.0471
Riley Newman,Allyce Jones,-0.015,0.0523
Sofia Sewing,Rachel Rettger,0.0026,0.0535
Kate Fahey,Todd Fought,-0.0094,0.0519
Valerie R Simon,Chloe Zigliara,0.0014,0.0549
Mary Brascia,Pablo Tellez,-0.0065,0.0513
Eric Oncins,Rachel Rettger,0.0035,0.053
Vivienne David,Wyatt Stone,0.0017,0.0512
Cassidy Hoag,Shelby Bates,-0.0026,0.0492
AJ Koller,Martina Frantova,0.0009,0.0514
Mohaned Alhouni,Genie Erokhina,0.0048,0.0519
Alix Truong,Mari Humberg,-0.0006,0.0543
Jessica Jones,Kristin Kennedy,-0.0012,0.0514
Aiko Yoshitomi,Ava Pisacrita,0.0002,0.0543
Brooke Basiri,Reba Williams,-0.0006,0.0509
Eric Roddy,Ryan Fu,0.0079,0.0509
Kento Tamaki,Daniel Jensen,0.0013,0.0519
Allison Phillips,Roscoe Bellamy,-0.0007,0.0531
Lingwei Kong,Olivia McMillan,0.0045,0.0496
Grayson Goldin,Alex Neumann,0.0041,0.0536
John Cincola,Olivia McMillan,0.0028,0.054
Parris Todd,Lea Jansen,-0.0109,0.0486
Rafa Hewett,Zane Navratil,-0.0014,0.0467
Julian Arnold,Hunter Johnson,0.0038,0.0509
Vivienne David,Tina Pisnik,-0.004,0.0491
Lacy Schneemann,Jackie Kawamoto,0.0048,0.0496
Lauren Stratman,Jessie Irvine,-0.0005,0.0502
Dekel Bar,James Ignatowich,-0.0005,0.05
Quang Duong,Augustus Ge,-0.0046,0.0507
Irina Tereschenko,Mohaned Alhouni,0.013,0.0527
Maria Klokotzky,Etienne Blaszkewycz,0.0119,0.0513
Vladee Suarez,Kenneth Suarez,-0.0036,0.0502
Matthew Schiller,Parker Dyer,0.006,0.0552
Chris Walker,Usama Khalid,0.0106,0.0537
Sam Libo,Andrew Angulo,-0.0106,0.0506
Caleb Herrick,Ben Herrick,0.0079,0.0529
Cody Sivan,Demetric Marrero Jr,0.006,0.0472
David McNally,Jeff Vollmer,-0.0027,0.0522
Brian Bonilla,Keng-Lun Yeh,-0.001,0.0526
Ronan Camron,Drake Palm,0.0147,0.05
Timothy Cass,Derek Kraje,0.0068,0.0502
Caleb Deckert,Ansh Bassan,-0.0053,0.052
Jhonnatan Medina Alvarez,Komal Safdar,0.0014,0.0487
Sarah Carpenter,Matthew Nesbitt,-0.0016,0.0476
Oliver Wei,Zach Gonnering,0.0029,0.0492
Brandon French,Audrey Banada,0.003,0.0517
Hannah Rose Nussbaum,Matt Meadows,-0.0014,0.0511
Hudson Kaylie,Amber Policare,0.001,0.0494
Caitlin Klaassen,Naveen Beasley,-0.001,0.0487
Ariana Rodriguez,Zachary Marceau,-0.0062,0.0528
Oscar Serra,Michael Benash,0.0035,0.0508
Troy Clemmer,Brandon Fritze,0.0056,0.0544
Juan Varon,Selim Ben Ali,0.0008,0.0513
Christopher Crouch,Emily Gaskins,0.001,0.0528
Cody Sivan,Alyssa Bialek,0.0003,0.0513
Julia Ronney,Zach Gonnering,0.0,0.0515
Abigail Okelley,Anouar Braham,0.0008,0.0526
Bryanna Ojeda,Brett Finan,-0.0025,0.0529
Ryan Fu,Sofia Sewing,0.0081,0.0531
Jessica Haywood,Selim Ben Ali,-0.0036,0.0491
Zane Ford,Anouar Braham,-0.0195,0.0499
Christopher Crouch,Joshua Reason,0.0014,0.052
Justin Pagan,Aws Laaribi,-0.0022,0.0547
Ian Hutter,Matthew Nesbitt,0.0033,0.0507
Gavin Nickerson,Daniel Miron,0.0005,0.0503
Brandon Danganan,Joshua Lee,-0.0013,0.0523
Estephany Tan,Taylor Stockton,-0.0006,0.0536
Sam Kim,Ryan Morneau,-0.0046,0.0518
Henry Boyle,Hailee Haymore,-0.0058,0.052
Valerie R Simon,John Lucian Goins,-0.0009,0.0498
Payton Noyes,Scott Coleman,-0.0045,0.0521
Lindsay Huttman,Morgan Kaplan,-0.0027,0.0496
Yuta Funemizu,John Lucian Goins,-0.0098,0.0511
Blaine Hovenier,Judit Castillo,-0.0053,0.0506
Jeremy Lim,Stephanie Zahn,-0.0021,0.0515
Rachel Stuhlmann,Ryan Sherry,-0.0055,0.0483
Troy Clemmer,Kristen Clemmer,-0.0041,0.0509
Roman Estareja,Leah Tauber,-0.0093,0.0545
Jonathan Truong,Collin Vero-Casavant,0.0092,0.0523
James Peng,Colby Ing,0.0081,0.0505
Justin Pagan,Sarah Mulhern,0.0019,0.0504
Waymon Peet,Abel Villaran,-0.0014,0.0511
Payton Noyes,Charleen Calvin,0.0054,0.0531
Joel Phillips,Matt Meadows,-0.0019,0.0519
Parker Wittman,Taylor Stockton,-0.0021,0.0507
William East,George Bulger,-0.0045,0.0492
Garrison Eaby,Ian Simms,-0.0083,0.0526
Jimmy Terzian,Perry Wang,-0.004,0.0505
Zachary Marceau,Zachary Card,-0.0117,0.0516
Brett Finan,Alex Toth,0.0009,0.0532
Eric Oncins,Darrian Young,0.0061,0.0523
Jade Kawamoto,Tyson McGuffin,-0.0105,0.0528
Naveen Beasley,Jhonnatan Medina Alvarez,-0.0038,0.0502
Ryan Dawidjan,Bao Duong,-0.0083,0.052
Rafa Hewett,Marcela Aguila Ampon,-0.0059,0.05
Daniel Jensen,Rachel Rettger,-0.0026,0.0532
Lingwei Kong,Sarah Ansboury,-0.0121,0.0498
Estephany Tan,Lindsey Thoeng,0.0015,0.0511
Lacy Schneemann,Augustus Ge,-0.0129,0.0486
Dave Bacalla,Spartak Rahachou,0.0085,0.0496
Jericho Grollman,Daniel Jensen,-0.003,0.0516
James Delgado,Henry Boyle,-0.0049,0.0529
Steve Deakin,Wesley Burrows,-0.0058,0.0507
Dominique Schaefer,Patrick Smith,-0.0071,0.0532
Regina Goldberg,Hannah Blatt,-0.0023,0.0505
Bryanna Ojeda,Abel Villaran,-0.0046,0.0485
Eric Roddy,Marshall Brown,-0.0058,0.0497
Quang Duong,Kate Fahey,0.0017,0.0493
Callie Smith,Roscoe Bellamy,0.0115,0.0468
Helena Jansen,Bao Duong,0.002,0.0502
Emilia Schmidt,Rachel Rettger,-0.0041,0.0521
Lindsay Huttman,Charleen Calvin,-0.0019,0.054
Sarah Hua,Audrey Banada,0.003,0.0491
Amber Policare,Sarah Mulhern,-0.0082,0.0537
Sarah Pham,Kristen Clemmer,0.0014,0.0487
Elizabeth Puni,Meray Maalouf,-0.0027,0.0519
Max Freeman,Casey Diamond,0.0111,0.0484
Genie Bouchard,Wesley Burrows,-0.0105,0.0517
Emilia Schmidt,Anderson Scarpa,-0.0074,0.0534
Mohaned Alhouni,Caden Nemoff,0.0021,0.0515
Grayson Goldin,Etienne Blaszkewycz,-0.0126,0.054
Julia Ronney,Hannah Ward,-0.004,0.0503
Leah Tauber,Ariana Rodriguez,0.0088,0.051
Steve Deakin,Monica Paolicelli,0.0077,0.0505
Max Freeman,Tyra Hurricane Black,-0.0208,0.0515
Mota Alhouni,Spencer Smith,0.0039,0.0506
Rob Cassidy,Roman Estareja,-0.0104,0.0503
Johnny Goldberg,Cobi Moore,0.0067,0.0519
Layne Sleeth,Travis Rettenmaier,-0.0016,0.0537
Kento Tamaki,Ava Ignatowich,0.0001,0.0502
Sarah Carpenter,Abigail Okelley,-0.0023,0.0504
Brie Aldridge,Helena Jansen,-0.0122,0.0519
Polina Libo,Valerie R Simon,-0.005,0.0518
Martina Frantova,Donald Young,-0.0052,0.0516
AJ Koller,Olivia McMillan,0.0036,0.0523
Mehvish Safdar,Darrian Young,-0.0066,0.0539
Blaine Hovenier,Ryan Fu,0.0068,0.0499
Ross Whittaker,Dustin Boyer,0.0125,0.0505
Kaitlyn Christian,Mota Alhouni,0.0047,0.0488
Christian Alshon,James Ignatowich,-0.0046,0.0516
Julian Arnold,Donald Young,0.0009,0.0512
Allison Phillips,Olivia McMillan,-0.0051,0.0518
Phillip Locklear,Patrick Smith,0.0049,0.0518
Lauren Stratman,Lina Padegimaite,-0.0008,0.0491
Quang Duong,Michael Loyd,0.0019,0.0498
Zane Navratil,John Cincola,0.0007,0.0526
Riley Newman,Rafa Hewett,-0.0018,0.0493
Meghan Dizon,James Ignatowich,-0.0023,0.0488
Dylan Frazier,Vivienne David,0.0005,0.0495
Parris Todd,Jade Kawamoto,-0.0074,0.0509
Chuck Taylor,Todd Fought,0.0078,0.0503
Alix Truong,Milan Rane,-0.022,0.0504
Genie Erokhina,Layne Sleeth,-0.0052,0.0506
Hunter Johnson,Dekel Bar,0.0117,0.0512
Irina Tereschenko,Jessie Irvine,-0.0023,0.0523
Liam Duffin,John Thorn,-0.0012,0.0495
Ian Simms,Ethan Dysert,-0.0026,0.0503
Sergey Afanasenka,Mark Nahum,-0.0007,0.0475
Kristin Vogel,Claudio Quinones Garcia,0.0164,0.0542
Santhosh Narayanan,James Thorp,0.0071,0.0496
Eduardo Santini Ayon,Joel Poland,-0.0091,0.049
Nick Petterson,Madison Wolfe,0.0113,0.0521
Noah Hobrath,Eli Steiner,0.0092,0.0513
Spartak Rahachou,Sebastian Herrera,0.0109,0.0545
Clemens Graute,Ikona Freitas,0.0014,0.0506
Pally Ray,Journey Barajas,0.0039,0.0519
Noe Khlif,Judit Castillo,0.0116,0.0523
Tia Elpusan,Kevin Dayan,-0.0076,0.0526
Kailas Shekar,Nicole Eugenio,-0.0048,0.0531
Aureana Marrotte,Ikona Freitas,-0.0003,0.0491
Ryan Sherry,Justin Gimelstob,-0.0024,0.0537
Vincent Rettke,Miles Hoover,-0.0058,0.0513
Abhishek Bhargava,Brian Bonilla,-0.0006,0.0496
Bailee Jackson,Eli Steiner,-0.0012,0.0489
Pally Ray,Rafael Lenhard,-0.0093,0.051
Noah Hobrath,Allie Davis,-0.0,0.0507
Kace Heiner,Logan Schneider,0.0043,0.0533
Joe Prince,Ryan Finley,0.0016,0.0491
Trenton Alenik,Clayton Alenik,-0.0018,0.0525
Keaton Cullimore,Bryce Larson,0.0099,0.0528
Carl Taibl,Matthew Mead,0.0004,0.0476
Bruno Rosa,David Creswell,-0.0009,0.0509
Dexter Rangel,Pieter De Vries,-0.0043,0.0519
Chas Howard,Justin Fullmer,0.0098,0.0523
David Litvinov,Dalia Garza,0.0072,0.0513
Shelley Wong,Louie Payetta,0.0008,0.0533
Joseph Pututau,Jon Nilson,-0.0,0.0529
Derek Thompson,Michael Enright,-0.0041,0.0526
Maddox Castellanos,Matthew Powley,-0.0016,0.052
Savanna Ticknor,Ian Simms,0.0065,0.0535
James Thorp,Kimmie Ouchi,-0.0024,0.0515
Carlota Trevino,Connor Weeks,-0.0014,0.0529
Quan Do,Dionne Lim,-0.0074,0.0493
Francesco Avella,Brad Barker,-0.0014,0.0508
Austin Bricker,Marcello Gonzalez,0.0021,0.0531
Indigo Dagnall,Daniel Loney,-0.0021,0.0478
Simone Leonard,Oliver Frank,0.0172,0.0504
Bryce Larson,Shae Spencer,0.0003,0.0503
Nick Szczurek,Billy Buchhauser,-0.0014,0.0549
Ross Mathews,Dalton Robinson,-0.0085,0.0539
Amanda Rosati,Chiron Burl,0.0062,0.052
Sophia Haleas,Anthony Skalabrin,0.0015,0.0532
Jaxon Madsen,TY Parrish,-0.0066,0.0513
Dan Garfinkel,Jeffrey Moulton,-0.0028,0.0533
Kevin Pham,Andrew Anh Pham,0.0105,0.0513
Daniel Byun,William Eteaki Jr Jr.,0.0002,0.0523
Bryce Vanderhorst,Shayden Hinton,-0.0009,0.0535
Duc Dang,Kevin Stanley,0.003,0.0536
Jace Morris,Anthony Skalabrin,0.0018,0.047
Gregory Zukeran,Jace Akagi-Okuma,-0.0058,0.0515
Andre Mercado,Jack Sahid,-0.0041,0.0492
Yaamunan Venkatesan,Ivana King,0.0025,0.0508
Christian Borrero,Dylan Payne,0.0032,0.0502
Andrea Carrano,Luc Pham,-0.0035,0.0548
Johnny Borashan,Ognjen Zekanovic,0.0007,0.0522
Raymond Velarde,Tommy Shin,-0.0068,0.0541
Riccardo Corrente,Franco Calandra,-0.0009,0.0518
Kentaro Hamaguchi,Harrison Yee,0.0008,0.0499
Zen Ferguson,Thomas Romero,-0.0046,0.052
Keaton Cullimore,Lauren Wong,-0.0008,0.0531
Nicole Kalhorn,Billy Buchhauser,-0.0065,0.0541
Anna Bright,Hayden Patriquin,0.0037,0.0436
Pierina Imparato,Darrian Young,0.008,0.0476
Andrea Koop,Roscoe Bellamy,0.0018,0.051
Hunter Johnson,Tyra Hurricane Black,0.0029,0.0509
Catherine Parenteau,James Ignatowich,-0.0085,0.0505
Tyler Loong,Lacy Schneemann,0.002,0.051
Blaine Hovenier,Samantha Parker,0.0056,0.0502
Parris Todd,Jaume Martinez Vich,-0.0047,0.0514
Callie Smith,Zane Navratil,0.0083,0.0533
Quang Duong,Allyce Jones,0.0232,0.0484
Angie Walker,Wesley Burrows,-0.0014,0.0528
Genie Bouchard,Ivan Jakovljevic,0.0138,0.0516
Dylan Frazier,Kate Fahey,0.0122,0.0476
Aanik Lohani,Ava Ignatowich,0.0014,0.0523
Kaitlyn Christian,Daniel De la Rosa,0.0007,0.0523
AJ Koller,Alix Truong,0.0077,0.0532
Olivia McMillan,Anderson Scarpa,-0.0047,0.0496
Rafa Hewett,Chao Yi Wang,-0.0011,0.0501
Genie Erokhina,Ryan Fu,0.0044,0.0513
Lauren Stratman,Donald Young,-0.018,0.05
Camila Zilveti,Alex Neumann,0.0041,0.0524
Vivienne David,Augustus Ge,-0.0032,0.0524
Chuck Taylor,Lindsey Newman,-0.0028,0.0528
Hannah Blatt,Pesa Teoni,-0.0184,0.0541
Allison Phillips,Olivia Phillips,0.0181,0.053
Julianne Felton,Chandra Kusuma,0.0024,0.0527
Roscoe Bellamy,Darrian Young,0.0093,0.0507
Noe Khlif,Wyatt Stone,-0.0173,0.0509
Lindsey Newman,Olivia McMillan,-0.0034,0.052
Bailee Jackson,Allie Davis,-0.0011,0.0521
Christine Maddox,Genie Erokhina,0.0021,0.0512
Julian Arnold,Augustus Ge,0.0003,0.0493
Nicole Eugenio,Tia Elpusan,0.011,0.0504
Rob Cassidy,Jose Farias,-0.0039,0.0504
Quang Duong,CJ Klinger,0.019,0.0484
Maddy Rasmusen,Dodo Kong,-0.0027,0.0501
Cade Pierson,Dionne Lim,-0.0045,0.0489
Ekaterina Biakina,Alla Mikhno,0.0013,0.0508
Brandon French,Daniel De la Rosa,0.02,0.0516
Kate Fahey,Tina Pisnik,0.0092,0.0466
Sophia Haleas,Lauren Wong,0.0009,0.0519
Pablo Tellez,Dekel Bar,0.0064,0.0492
Chuck Taylor,Kento Tamaki,-0.0014,0.0504
Claudio Quinones Garcia,Elliot Markowitz,-0.0034,0.0506
Mohaned Alhouni,Aanik Lohani,0.0005,0.0496
Kailas Shekar,Quan Do,-0.0054,0.0535
Ivan Jakovljevic,Spencer Smith,-0.0089,0.0498
Tavon Morrow,Derek Shearer,0.0042,0.0505
Bao Duong,Iker Tomas,-0.0046,0.0532
Callan Dawson,AJ Koller,-0.0026,0.0495
Dalia Garza,Erica Remshard,0.002,0.0498
Savanna Ticknor,Cami Blake,-0.0027,0.0517
Natalie Raney,Amanda Rosati,0.004,0.0474
Nick Black,Louie Payetta,0.0078,0.0498
Jessica Mason,Cailyn Campbell,-0.0031,0.0513
Carlota Trevino,Camila Garcia Wright,-0.0002,0.0509
Callie Smith,Andrea Koop,0.005,0.05
Jackson Ayotte,Riley Inn,0.0008,0.0528
Madison Grollman,Ivana King,-0.0014,0.053
Darcy Shore,Courtney Clark,0.001,0.052
Shea Donahue,Mason Park,-0.0033,0.0491
Ian Hutter,Caitlin Lewis,0.0065,0.0503
Maximilian Wild,Dave Bacalla,0.017,0.0488
Levi Daniel,Tama Shimabukuro,0.0046,0.0494
Abbigal Hatton,Jase Edwards,-0.018,0.0484
Tama Shimabukuro,Ekaterina Biakina,-0.0029,0.0507
Austin Bricker,Nick McCollin,0.0115,0.0523
JP Gorby,Johnny Quinn,-0.0005,0.0555
Victoria Nguyen,Bassem Kheireddin,0.0102,0.0524
Kayla Nesbitt,Jimmy Terzian,0.0244,0.0516
Zoeya Khan,Austin Bricker,-0.0068,0.0496
Jazz Hearn IV,Garrison Eaby,0.0019,0.0533
Dalia Garza,Yuta Funemizu,-0.0112,0.0511
Jenna Hessert,Gabriel Joseph,-0.0079,0.0528
George Congdon,Jake Anderson,-0.0033,0.0487
James Gillespie,Rikk Shimizu,-0.0012,0.0486
Carlos Di Laura III,Etienne Blaszkewycz,0.0063,0.0485
Robert Laidlaw,Zachary Marceau,0.0158,0.0509
Jeremy Lim,Christina Chin,0.0007,0.0504
Ella Yeh,Eshaan Mylavarapu,0.0044,0.0531
Daniel Byun,Evie Kenna,-0.0044,0.0527
Haley Frank,Oliver Frank,0.0095,0.0522
Cami Blake,John Hanne,0.0005,0.0543
Max Green,Ariana Rodriguez,0.0128,0.049
Brent Werbeck,Jen Werbeck,-0.0011,0.0516
Brett Finan,Jessica Mason,0.0031,0.0513
Grace Crosby,James Crosby,-0.001,0.0543
Pally Ray,Tiffany Landgraf,0.0127,0.0538
Rachel Janssen,Loc Lam,0.0013,0.0514
Daniel Patterson,Roger Stern,-0.0053,0.0533
Michael Asplund,Carter Wittendorf,0.0059,0.0533
Max Freeman,Sarah Williams,-0.0017,0.0516
Robert Laidlaw,Mehvish Safdar,0.0068,0.0499
Alexa Schull,Zachary Marceau,-0.0023,0.0526
Demetric Marrero Jr,Ella Cosma,0.0085,0.0538
Alex Osorio,Adair Garcia,-0.0058,0.0474
Zach Gonnering,Jase Edwards,0.0014,0.0517
Alexander Valencia,Blake Beshirs,-0.004,0.0477
Zane Ford,Lorena Duknic,-0.0022,0.0505
Regina Goldberg,Grayson Goldin,0.0158,0.0511
Justin Hunter,Lauren Andersen,-0.0004,0.0516
Sarah Carpenter,Juan Benitez,-0.0064,0.0528
Tom Protzek,Nicole Pitts,0.015,0.0503
Court Zalinski,Kevin Caulfield,-0.0021,0.0497
Dennis Polyakov,Mark Growcott,-0.0014,0.0509
Chase Womack,Bassem Kheireddin,-0.0056,0.0504
Eris Rivera,Taylor Stockton,-0.0003,0.0547
Christopher Crouch,Anne-Sophie Courteau,-0.0003,0.0498
Jessica Jones,Jake Anderson,0.003,0.054
Cody Sivan,Nicole Conard,-0.0109,0.052
Aleck Blair,Whitney Shaffer,-0.0033,0.0524
Tony Le-Doan,Arion Northrop,-0.0066,0.0495
Eduardo Garcia,Timothy Cass,-0.0012,0.051
Madison Wolfe,Nick McCollin,-0.0079,0.0543
Alexandre Gauthier,Arielle Nealy,0.0039,0.0505
Amber Policare,Zach Gonnering,0.0012,0.0507
Loc Lam,Ramon Martinez,-0.0041,0.0533
Aizec Olson,James Crosby,0.0047,0.0521
Brent Werbeck,Eli Trumeter,-0.0023,0.0514
Akinori Wada,Matt Mayer,0.0025,0.0513
James Broker,Komal Safdar,-0.0058,0.0519
Natalie Hur,Jaikin Gomez,0.002,0.0496
Savanna Ticknor,Benjamin Grant,-0.0049,0.0525
Niles Parungao,AJ Brown,-0.001,0.0518
Lorena Duknic,Arielle Nealy,-0.0107,0.052
Jason Loyd,Yuta Funemizu,-0.0056,0.049
James Delgado,Daniel Jensen,-0.007,0.0494
Zane Ford,Tam Trinh,0.0171,0.0528
Jenna Hessert,Tatiana Ruhl,0.0111,0.0535
Neha Khurana,Tiffany Landgraf,-0.0026,0.053
Dalia Garza,Mya Bui,0.002,0.0518
Christina Chin,Ariana Rodriguez,0.0018,0.0511
Ross Whittaker,Kento Tamaki,-0.0061,0.0517
John Isner,Wesley Burrows,0.0006,0.0535
Madeline Schulte,Helena Jansen,-0.0026,0.05
Whitney Shaffer,Jen Werbeck,-0.0029,0.051
Michael Oyer,Ryan Berg,-0.0036,0.0513
Max Schaefler,Kamden Bradstreet,-0.0017,0.0498
Tom Protzek,Alexandre Gauthier,-0.0018,0.0506
Hannah Blatt,Samantha Parker,-0.0054,0.0488
Chrissie Hintz,Rachel Janssen,-0.0001,0.053
Keaten Kappes,Oliver Frank,0.0046,0.0506
Natalie Hur,Camila Zilveti,-0.0044,0.0528
Rafa Hewett,Kate Fahey,0.0026,0.0498
Ryan Murphy,Bryce Standridge,-0.0013,0.0546
Chris Tripoli,Sebastian Hinojosa,0.0058,0.0484
Nicole Pitts,Sarah Williams,-0.0068,0.0506
Zoeya Khan,Shea Donahue,-0.0039,0.0504
Gabriel Joseph,Donald Young,0.0075,0.0502
Sam Weinbach,Dave Weinbach,-0.0064,0.0509
Warren Fulgenzi Jr.,Justin Hunter,0.0072,0.0537
Sam Angelo,Ryan Fu,-0.0043,0.0507
Layne Sleeth,Brandon French,-0.0031,0.051
Abbigal Hatton,Emma Nelson,-0.0057,0.0512
Daniel Traxler,Brett Finan,0.0058,0.0534
Jaume Martinez Vich,Tyra Hurricane Black,0.0015,0.0487
Augustus Ge,Lina Padegimaite,0.0045,0.0532
Samantha Parker,Michael Loyd,-0.0019,0.052
Yates Johnson,Ryan Sherry,-0.007,0.0507
Phillip Locklear,Robert Slutsky,0.0071,0.0522
Taine Bernhard,Matt Bernhard,0.0004,0.052
Noe Khlif,Blaine Hovenier,-0.014,0.0512
Noe Khlif,Lea Jansen,0.0143,0.0491
Ivan Jakovljevic,Marcela Aguila Ampon,0.0026,0.0488
Dylan Frazier,Vivian Glozman,-0.0004,0.0499
Callie Smith,Jack Sock,-0.0097,0.0509
Rachel Rettger,Ava Ignatowich,-0.0058,0.0508
Haley Frank,Lauren Andersen,-0.0012,0.052
Ivan Jakovljevic,Roscoe Bellamy,-0.0121,0.0537
Genie Bouchard,Kaitlyn Christian,-0.0069,0.0514
Ella Yeh,Ella Cosma,-0.0007,0.0541
Daniel Byun,Benjamin Grant,-0.0001,0.0495
Pally Ray,Jace Morris,0.0006,0.0535
Maria Klokotzky,Alexa Schull,-0.0066,0.0527
Garrison Eaby,Taylor Stockton,-0.0001,0.0544
Easton Horricks,Jacob Stegall,0.0014,0.0523
Martina Frantova,John Cincola,0.0053,0.0477
Christopher Crouch,John Lucian Goins,-0.0089,0.0535
Jonathon Hart,Sanders Graf,-0.0022,0.0505
Dominique Schaefer,Darrian Young,-0.0087,0.0496
Jessica Jones,Court Zalinski,0.0036,0.0487
Camila Zilveti,Steve Deakin,-0.0019,0.0521
Mohaned Alhouni,Allison Phillips,-0.0206,0.0505
Rachel Rettger,Wesley Burrows,0.0081,0.0522
James Ignatowich,Vivienne David,-0.0079,0.0516
AJ Koller,Todd Fought,0.0009,0.051
Michael Loyd,Wyatt Stone,-0.0046,0.0507
Albie Huang,Pei-Yu Lai,0.0038,0.0497
Martina Frantova,Dominique Schaefer,0.0051,0.0501
Madison Wolfe,Victoria Nguyen,-0.0074,0.0533
Chuck Taylor,Aanik Lohani,-0.0042,0.0523
Cason Campbell,Johnny Goldberg,0.0014,0.0522
Amber Policare,Anne-Sophie Courteau,-0.0033,0.0518
Layne Sleeth,Lina Padegimaite,0.024,0.0513
Brandon French,John Cincola,-0.0098,0.0505
Quang Duong,Anna Bright,0.0079,0.0508
Riley Newman,Hayden Patriquin,-0.0059,0.0498
Emma Wang,William Kammerait,-0.0065,0.0517
Nicolas Lopez,Jessica Degroot,-0.0024,0.0522
Cody Sivan,John Macauley,-0.0013,0.0534
Peter Berka,Jonas Merckx,0.0009,0.0504
Aws Laaribi,Mike Radermacher,-0.0008,0.0469
Sammy Lee,Jamie Voelker,0.0087,0.0517
Wendy Weston,Mike Radermacher,-0.003,0.0505
Zane Ford,Nicholas Romano,0.0048,0.0496
Tobias Golberg,Kyle Hagerman,0.0018,0.0497
Noah Zwiren,Riley Inn,-0.0048,0.0497
Evan Hollinsky,Brandon Contratto,0.0077,0.0537
Kentaro Hamaguchi,Yuta Funemizu,-0.0002,0.0509
Jacob Palley,Matthew Schapiro,0.0021,0.0494
Frank Welsher Iii,Christopher Robertson,-0.0004,0.0502
Jake Frederickson,Lucas Pereyra,-0.0016,0.0496
William Hayes,Brock Rzesnowiecky,-0.0009,0.0512
Joseph Alvarez,Lincoln Bellamy,-0.0028,0.0522
Eric Landau,Taylor Stockton,-0.0017,0.054
Trenton Shaw,Tristan Shaw,0.0006,0.0521
Ashley Griffith,Juan Benitez,-0.0046,0.0509
Ariana Rodriguez,Ryan Torresin,-0.0025,0.0495
Sammy Lee,Amrik Donkena,-0.0068,0.051
Len Yang,Anne-Sophie Courteau,-0.0057,0.0515
Zachary Marceau,Juan Benitez,-0.0021,0.0507
Brandon Contratto,Rachel Janssen,-0.0041,0.0522
Joseph Alvarez,Sabrina Palavra,0.0065,0.0521
Luke Ness,Henry Boyle,0.0038,0.0524
Dominic Denardo,Sophie Jones,-0.0035,0.0505
Meghan Mediratta,Neil Mediratta,-0.0034,0.051
Ben Cawston,Cassy Deng,-0.0033,0.0514
Monika Wynne,Nicholas Romano,-0.0033,0.0516
Luke Ness,Kara Marbury,0.0075,0.0527
William East,Elisha Hougland,0.0053,0.0539
Tom Protzek,Shea Donahue,0.0035,0.0505
Kristine Diehl,Chad Evans,-0.0025,0.0515
Ryan Skufca,Sam Weinbach,-0.0043,0.0516
Bryson Alexander,Santiago Diaz,-0.005,0.053
Matthew Schapiro,Yasmin Musleh,-0.0052,0.0517
Michael Jeon,Ryan Radawiec,-0.002,0.0488
Marykate Washelesky,Peter Berka,-0.0049,0.053
William East,Amber Policare,0.0021,0.0516
Anna Dubois,Emerson Lehmann,-0.0016,0.0517
Nicolas Lopez,Kasen Lopez,-0.002,0.0516
Ben Cawston,Stuart Parminter,0.0018,0.0552
Brittni Tonnessen,Brandon Fritze,-0.0049,0.051
Brian Bonilla,Bernard Suwirjo,-0.0068,0.0519
Benjamin Gonzalez,Hailey Munz,-0.0031,0.0541
Ryan Torresin,Brandon Fritze,0.0152,0.0508
Guilherme Zogbi,Brian Bomgren,0.001,0.0521
Joel Kabacinski,Chris Huebner,-0.0036,0.0502
Abhishek Bhargava,Matt Burkhardt,0.0135,0.0541
John Bonfilio,Saulo Gonzales,-0.0072,0.0522
Frank Welsher Iii,Valentina Martin,-0.003,0.0506
Gavin Nickerson,Emily Mone,0.0051,0.051
Alex Gray,Vova Zverkovsky,-0.0011,0.0529
Hunter Bivins,Gavin Nickerson,-0.0052,0.0538
Dave Bacalla,Karyn Weiss,-0.0071,0.0548
Mohammed Aljobori,Ksenija Tihomirova,0.0028,0.0513
Travis Rettenmaier,Ekaterina Biakina,-0.0006,0.0498
Dylan Frazier,Anna Bright,0.0052,0.0512
Jay Devilliers,Liz Truluck,0.0016,0.0521
Hayden Patriquin,Tyra Hurricane Black,-0.0084,0.0492
Lea Jansen,Max Freeman,0.022,0.0509
Quang Duong,Tina Pisnik,0.0032,0.0496
Nick Black,Maggie Brascia,-0.0059,0.052
Hannah Blatt,Cason Campbell,-0.0077,0.051
Kate Fahey,Federico Staksrud,-0.0161,0.0482
Andrea Koop,Todd Fought,0.0031,0.0513
Ewa Radzikowska,Mota Alhouni,0.008,0.0529
Callie Smith,Spencer Smith,0.0019,0.051
Rachel Rohrabacher,James Ignatowich,0.0014,0.0498
Brandon French,Rachel Rettger,0.0028,0.0528
Lindsey Newman,Wyatt Stone,0.0021,0.0496
Michael Loyd,Judit Castillo,-0.003,0.0521
Blaine Hovenier,Kaitlyn Christian,-0.0121,0.0501
Zane Navratil,Jade Kawamoto,-0.0051,0.0499
Pesa Teoni,Marcela Aguila Ampon,0.006,0.0518
AJ Koller,Collin Johns,-0.0115,0.0511
Jay Devilliers,Yates Johnson,0.0092,0.0525
Ivan Jakovljevic,Anderson Scarpa,-0.0069,0.0521
Naveen Beasley,James Delgado,-0.0023,0.0508
Kate Fahey,Andrea Koop,0.0059,0.0489
Wendy Weston,Kristen Van Dernoot,0.0011,0.0529
Pablo Tellez,Andrei Daescu,-0.0038,0.049
Chao Yi Wang,Jessie Irvine,-0.0041,0.0527
Samantha Parker,Lauren Stratman,-0.0049,0.051
Callie Smith,Parris Todd,-0.0106,0.0493
Callan Dawson,Todd Fought,0.0006,0.0517
Julia Ronney,Shea Donahue,0.0036,0.0541
Luke Wasson,Wesley Burrows,0.0095,0.0488
James Ignatowich,CJ Klinger,-0.0069,0.0515
Quang Duong,Dylan Frazier,-0.0027,0.053
Nick Black,Darrian Young,0.0094,0.0504
Michael Loyd,Etienne Blaszkewycz,-0.0046,0.0507
Sarita Schoenebeck,Bridget Aguado,-0.0032,0.0514
Marykate Washelesky,Sabrina Palavra,0.0017,0.0492
Ashley Griffith,Valentina Martin,-0.005,0.0509
Rachel Janssen,Alexis Debol,0.0006,0.0495
Caitlin Klaassen,Liz Truluck,-0.0111,0.0526
Hannah Blatt,Emilia Schmidt,-0.0051,0.053
Chuck Taylor,Mota Alhouni,0.0008,0.0501
Pierina Imparato,Ava Ignatowich,-0.0024,0.0507
Nicole Conard,Ekaterina Biakina,-0.0001,0.0516
Genie Erokhina,Martina Frantova,0.0007,0.053
Riley Newman,Jaume Martinez Vich,-0.011,0.0501
Mary Brascia,Meghan Dizon,-0.0059,0.0493
Gabriel Tardio,Anna Bright,-0.0053,0.0491
Riley Newman,Jessie Irvine,-0.0048,0.0499
Lacy Schneemann,Jorja Johnson,0.003,0.0516
Parris Todd,Tina Pisnik,0.0057,0.0491
Dylan Frazier,Pablo Tellez,0.013,0.0464
Andrei Daescu,Tyson McGuffin,0.0126,0.0509
JW Johnson,Gabriel Tardio,-0.0219,0.0494
Christian Alshon,Dekel Bar,-0.0015,0.0522
Jessie Irvine,Mari Humberg,0.0125,0.0468
Zane Ford,Allie Reichert,-0.0057,0.0503
Jesse Ferlianto,Keilly Ulery,0.0079,0.0521
Justin Dages,Austin Basque,-0.0118,0.0513
Luke Cartenuto,Gavin Nickerson,-0.0013,0.0531
Nicolas Almeida,Mason Durbin,0.004,0.0537
Jimmy Terzian,Zach Gonnering,0.0002,0.0516
Tristan Dussault,Emanuel Dickson,0.0074,0.0481
Jonathan Truong,Alix Truong,0.0039,0.0455
Cailyn Campbell,Ben Slive,-0.0024,0.051
Mikaeel A,Milkha Andrews,-0.0028,0.0524
Sammy Lee,Tanner Tomassi,-0.0055,0.0513
Stevie Petropouleas,Ethan Jauschneg,-0.0077,0.0525
Christopher Crouch,John Cangelosi,-0.0037,0.0514
Justin Lui,Johnny Shapiro,-0.0007,0.0519
Maksims Kazijevs,Spartak Rahachou,0.0011,0.0499
William Owens,Grant Kayworth,0.0008,0.0495
George Bulger,Michael Coleman,0.0013,0.052
Jericho Grollman,Davis Daniel Carvalho,0.0003,0.0508
Reed Goldenberg,Rey Bacalla,0.0034,0.0512
Joshua Giannelli,Jose Farias,0.016,0.0511
Julian Slive,Ben Slive,0.0064,0.0539
Marshall Brown,Giorgia Vitale,-0.0078,0.0518
Justin Graham,Erin Denney,-0.004,0.0536
Etienne Blaszkewycz,Alex Walker,-0.0108,0.0491
Ashley Griffith,Luke Ness,0.0151,0.0505
Luke Ness,Chase Blocker,0.0032,0.0525
Connor McCartney,Chase Mason,0.0053,0.0494
Alexa Schull,Tanner Tomassi,0.004,0.0496
Waymon Peet,Helen Challenger,0.0046,0.0508
Regina Goldberg,Randy Blanco,0.012,0.0511
Christa Gecheva,Wyatt Stone,0.001,0.0507
Matthew Mead,Sebastian Herrera,-0.0021,0.0516
Ryan Dinsmore,Cheng En Tsai,-0.0005,0.0509
Amanda Rosati,Ryan Torresin,0.0005,0.048
Sofia Sewing,Casey Diamond,0.009,0.0507
Ernesto Fajardo,Ryan Torresin,-0.0004,0.0489
Nathan Wilkinson,Eddie Gonzalez,-0.0022,0.0521
Nicole Conard,Luke Wasson,-0.013,0.0528
Spartak Rahachou,Michelle Murphy,0.0071,0.051
Ridley Seguso,Nikolas Ruiz,0.0022,0.0506
Martina Frantova,Jesse Witten,-0.0035,0.0488
Madalina Grigoriu,Rougel Jon Lutz Aninon,-0.0013,0.0523
Justin Graham,Dylan Lewis,0.0028,0.0504
Walker Medlin,Abe Vasquez,0.0,0.0499
Eric Oncins,Amanda Hendry,0.0001,0.0514
Thomas Provost,Justin Craig,-0.0002,0.0542
Robert Laidlaw,Sarah Mulhern,-0.0011,0.0525
Joshua Reason,Rougel Jon Lutz Aninon,0.002,0.0516
Tao Castillo,Stefan Svicevic,-0.0,0.0527
Kallan Arledge,Jayce Fitzpatrick,0.0032,0.0502
Polina Libo,Peter Jajcay,-0.008,0.0503
Ross Whittaker,Shannon Pretorius,0.0237,0.0503
Eduardo Garcia,Karolina Fleming,-0.0007,0.0503
Juan Saez,Ava Cavataio,-0.0037,0.055
Martin Michelsen,Sebastian Stam,0.0006,0.0518
Haddy Salem,Amir Salem,-0.0022,0.0541
Luca Mack,Estee Widdershoven,-0.0035,0.0503
Edward Perez,Ethan Jauschneg,-0.0001,0.0501
Richard Bayne,Tobias Moreno,0.0012,0.0491
Cameron Luhring,Matthew Barlow,0.009,0.0521
Savannah Vo,Juan Varon,-0.0059,0.052
Ernesto Fajardo,Ariana Rodriguez,-0.0036,0.0501
Yoan Ghenassia,Sylvain Halais,-0.0012,0.0506
Samantha Greenhut,Davis Daniel Carvalho,0.0026,0.0517
Winchester Dermody,Connor Daland,-0.0003,0.0529
Domenika Turkovic,Jose Farias,-0.0056,0.0512
Jorge Nunez,Zak Parks,0.0171,0.0507
Michael I,Michael Holstein,0.0028,0.0505
Juan Varon,Daniel Miron,0.0022,0.0503
A.j. Scarp,Roger Dugas,0.0025,0.0544
Daryl Shapiro,Logan Thompson,-0.0004,0.0499
Christie Fronimos,Niko Fronimos,-0.0086,0.0519
Luke Cartenuto,Jade Rau,0.0034,0.0531
Christopher Crouch,Isabella Ochoa,-0.003,0.0488
Chandra Kusuma,Cameron Luhring,-0.0007,0.053
Immanuel Zion,Scott Cheng,-0.0021,0.0508
Cody Sivan,Waymon Peet,-0.0024,0.0527
Cade Vanetten,Sean Andrews,-0.0008,0.0504
Juan Saez,Randy Blanco,-0.0148,0.0515
Jemere Plummer,Sharienne Ricardo,-0.0036,0.0527
Parker Davekos,Nick Difazio,-0.0064,0.0532
Austin Oreilly,Bret Berryman,0.0038,0.0534
Antoaneta Toskova,Zach Gonnering,-0.0009,0.0538
Anne-Sophie Courteau,Juan Benitez,-0.0119,0.0509
Kamden Bradstreet,Andrew Bradstreet,-0.0042,0.0524
Luca Mack,Samuel Gabet,0.004,0.05
Jeremy Lim,Garrett Singletary,-0.0077,0.0564
Pepe Batalla,Iker Tomas,0.0016,0.0531
Steve Thyden,Johan Nilsson,-0.002,0.0524
Lauren Hidalgo-Smith,Mason Durbin,-0.0033,0.05
Robert Dolan,Adam Sackrin,-0.0056,0.049
Chase Blocker,Giovanna Morelli,-0.0034,0.0557
Emanuel Dickson,Gianna Southwick,-0.0015,0.0523
Ryan Fu,Marcela Aguila Ampon,-0.0026,0.0522
Angie Walker,Gregory Dow,-0.0013,0.0498
Dekel Bar,Anna Bright,0.0091,0.05
Jackie Kawamoto,CJ Klinger,-0.0018,0.0509
Pablo Tellez,Tyra Hurricane Black,-0.0188,0.0503
Andrei Daescu,Tina Pisnik,0.0094,0.0469
Jorja Johnson,Hayden Patriquin,0.0005,0.0488
Leigh Waters,Dillon Segur,0.0033,0.052
AJ Koller,Meghan Dizon,-0.0239,0.0466
Travis Rettenmaier,Allyce Jones,-0.0014,0.0473
Cason Campbell,Michelle Esquivel,-0.0005,0.0523
Tamaryn Emmrich,Michael Loyd,0.0128,0.0474
John Cincola,Ava Ignatowich,-0.0023,0.0499
Rachel Summers,Spencer Smith,0.0068,0.0533
Andrei Daescu,CJ Klinger,0.0009,0.046
Nick Black,Jonathan Truong,0.0054,0.0523
Martin Emmrich,Wesley Burrows,-0.0006,0.0524
Phillip Locklear,Matt Rucinski,0.0127,0.0491
Jackie Kawamoto,Anna Bright,-0.0026,0.0492
Kaitlyn Christian,Christa Gecheva,0.0276,0.0504
Ariana Rodriguez,Sarah Mulhern,-0.0119,0.0528
Lauren Hidalgo-Smith,Giovanna Morelli,0.0021,0.0524
Mohaned Alhouni,Jhonnatan Medina Alvarez,-0.0001,0.0521
AJ Koller,Matt Wright,-0.0076,0.0511
Kate Fahey,Lea Jansen,0.0062,0.0516
Jade Rau,Jaeda Minniefield,0.005,0.0527
Estee Widdershoven,Fadia Fakhre,-0.0111,0.0531
Victoria Dimuzio,Amanda Rosati,0.0091,0.0532
Megan Poe,Melissa Coburn,0.0002,0.0523
Alix Truong,Meghan Dizon,0.014,0.0479
Anna Leigh Waters,Leigh Waters,0.0051,0.0494
Allyce Jones,Tina Pisnik,0.0073,0.0525
Ashley Griffith,Sabrina Palavra,-0.0063,0.0521
Ryan Fu,Pesa Teoni,0.0084,0.0515
Travis Rettenmaier,Darrian Young,0.0127,0.0533
Ross Whittaker,Johnny Goldberg,-0.0069,0.0542
Eric Oncins,Augustus Ge,0.0015,0.0526
Braden Shick,Collin Shick,0.0058,0.0551
Jesse Witten,Ryan Sherry,-0.0007,0.0507
Brittany Levkulich,Grayson Hall,-0.0002,0.0499
Marcela Aguila Ampon,Ava Ignatowich,0.0039,0.0494
John Cincola,Etienne Blaszkewycz,0.0097,0.055
Ivan Jakovljevic,Michael Loyd,-0.0031,0.0477
Amanda Hendry,Michelle Esquivel,0.0077,0.0508
Domenika Turkovic,Allie Reichert,0.0058,0.0501
Ava Cavataio,Alexa Schull,0.0079,0.0491
Cade Pierson,Shannon Pretorius,0.0037,0.0485
Brie Aldridge,Karolina Fleming,0.0043,0.0529
Samantha Greenhut,Kelsey Laurente,-0.0028,0.0546
Polina Libo,Emma Nelson,-0.0133,0.0518
Isabella Ochoa,Paula Rives,0.0205,0.0528
Antoaneta Toskova,Anne-Sophie Courteau,0.0082,0.05
Maximilian Wild,Jonny Pickleball Andrews,-0.0055,0.0505
Nadia Echeverria,Natalia Maynetto,0.0019,0.052
Helena Jansen,Brooke Caruso,-0.0066,0.0511
Riley Newman,Vivian Glozman,-0.0092,0.0535
Julianne Le,Harrison Yee,0.0102,0.0546
Farshid Mirzaee,Landon Dunn,-0.0045,0.0552
Collin Johns,Christa Gecheva,0.0006,0.0487
Tatiana Ruhl,Yuta Funemizu,0.0085,0.0487
Lorna Morris,Emmerentia Marx,0.005,0.0482
Zane Ford,Dominique Schaefer,0.0325,0.0491
Bryanna Ojeda,Kevin Caulfield,-0.0035,0.0548
Daniel Byun,Dayna La Belle,0.0048,0.0527
Shelley Wong,Yaamunan Venkatesan,-0.0053,0.0484
Carl Hilliard,Nicole Conard,-0.0032,0.0506
Isabella Hoang,Luc Pham,0.0039,0.0502
Ross Whittaker,Kevin Dayan,0.0055,0.0515
Flynn Kantzalis Orton,Mark Wei,-0.0023,0.0505
Nicole Eugenio,Domenika Turkovic,0.006,0.0501
Brodie Smith,Indigo Dagnall,0.0024,0.0521
Michael I,Luke Ness,-0.0039,0.053
Sam Angelo,Daniel Jensen,-0.008,0.0509
Pally Ray,Omar Garcia-Heredia,0.0069,0.0525
Chase Holderman,Audrey Adele Brown,-0.0026,0.0489
Danica Wolf,Ali Amiri,0.0115,0.0522
Grayson Goldin,Emily Cederquist,-0.0025,0.0512
Sahra Dennehy,Liam Jesperson,-0.0058,0.0534
Nicole Conard,Ava Ignatowich,-0.0091,0.0508
Erik Pailet,Domenika Turkovic,-0.0088,0.0485
Leah Tauber,Darrian Young,0.0065,0.0501
Cami Blake,Cailyn Campbell,0.0058,0.0512
Farzin Amiri,Ali Amiri,-0.0066,0.0505
Brian Bonilla,Matthew Mead,0.0077,0.0534
JR Jones,Nick Casey,-0.005,0.0527
Natalie Raney,Kevin Dayan,0.0003,0.0556
Julia Ronney,Matthew Mead,0.0078,0.0507
Louie Payetta,Michelle Murphy,-0.0067,0.0537
David Litvinov,Jordan Chrysostom,0.0072,0.0503
John-Paul Weber,Gary S,-0.0015,0.051
Connor McCartney,Brhet Bewley,-0.0005,0.0491
Andre Mercado,Liam Duffin,0.0025,0.0503
Miles Hoover,Jacob Lee,-0.0045,0.0541
Santhosh Narayanan,Thomas Yu,-0.0131,0.0512
Jack Sahid,Nicholas Garza,0.0039,0.0517
Ethan Violette,Cami Blake,-0.0042,0.0518
Jessica Jones,Jase Edwards,-0.0015,0.053
Jessica Wilcox,Rio Newcombe,-0.0036,0.0505
Chloe Igleski,Santhosh Narayanan,0.009,0.0499
Mike Block,Preston White,-0.0079,0.0513
Caden Nemoff,Yuta Funemizu,0.0186,0.0469
Trevor Machek,Nick Werner,-0.001,0.0503
Albert Wan,Harrison Yee,0.0067,0.0496
Connor McCartney,Jessica Mason,0.0059,0.049
Jericho Grollman,Chiron Burl,0.011,0.0497
Ryan Sherry,Lara Giltinan,0.0036,0.0484
Carl Hilliard,Max Green,0.0032,0.0511
Allie Davis,Luke Ness,-0.0038,0.0534
Chloe Igleski,Malia K Lum,-0.0093,0.0498
Genie Erokhina,Emily Cederquist,-0.0004,0.0501
E. Elenga Satuala,Dalia Garza,-0.0005,0.0516
Ryan Stotland,Immanuel Zion,-0.0064,0.0533
Jonathan Truong,Rio Newcombe,-0.0035,0.0492
Brandon Taylor,Daniel McAuley,-0.0045,0.0523
Chase Holderman,Austin Oreilly,-0.0017,0.0509
Daniel Byun,Warren Tamanaha,0.0081,0.0533
Danny Derry,Troy Akin,-0.0032,0.0493
Jalina Ingram,Jessica Wilcox,0.0038,0.0525
Jessica Jones,Estee Widdershoven,-0.0047,0.0503
Rodrigo Grajales,Robbie Hill,-0.0042,0.0513
Mohaned Alhouni,Ava Ignatowich,0.0005,0.0537
Allison Phillips,Spencer Smith,0.0036,0.0528
Quang Duong,Parris Todd,-0.0195,0.0535
Blaine Hovenier,Lindsey Newman,0.0,0.0533
Layne Sleeth,Judit Castillo,-0.012,0.0525
Mark Nahum,Luc Pham,-0.0016,0.0535
Jack Sock,Genie Bouchard,-0.0066,0.0504
Camila Zilveti,Patrick Smith,-0.0036,0.0503
Eric Roddy,Alex Walker,0.0029,0.0515
Jackie Kawamoto,Vivian Glozman,0.0158,0.0496
Lingwei Kong,Pesa Teoni,0.0016,0.0494
Hannah Blatt,Steve Deakin,0.0066,0.0494
Justin Graham,Luca Mack,0.0014,0.0508
Sammy Lee,Adam Harvey,0.0104,0.0506
Ernesto Russo,Ryan Eveloff,0.0008,0.0533
Todd Fought,Allyce Jones,-0.0174,0.0537
Marshall Brown,Michelle Esquivel,0.0268,0.0495
Gabriel Joseph,Ryan Sherry,0.0044,0.049
Angie Walker,Ryan Fu,-0.0079,0.0489
Cason Campbell,Aanik Lohani,-0.0021,0.0498
Jessie Irvine,Allyce Jones,-0.0093,0.0509
Alix Truong,Roscoe Bellamy,-0.0006,0.0507
Dylan Frazier,Maggie Brascia,-0.0098,0.0493
Ryan Fu,Darrian Young,0.0101,0.0511
Andrei Daescu,Christian Alshon,0.0031,0.0444
Allison Phillips,Pierina Imparato,-0.0087,0.0509
Camila Zilveti,Lindsey Newman,0.0019,0.0521
Mohaned Alhouni,Marshall Brown,-0.0031,0.0522
Rafa Hewett,Noe Khlif,0.0345,0.0498
Quang Duong,Matt Wright,-0.0052,0.0539
Blaine Hovenier,AJ Koller,0.0145,0.0494
Meghan Dizon,Lacy Schneemann,0.0134,0.0482
Riley Newman,Ivan Jakovljevic,-0.0025,0.0516
Hannah Blatt,Genie Bouchard,0.006,0.0502
Jay Devilliers,Collin Johns,0.0019,0.0539
Joel Daniels,Joshua Small,-0.0046,0.0531
Zane Navratil,Joseph Wild,0.0084,0.0497
Nguyen Thang,Tran Tuan Minh,0.0024,0.0486
Joshua Chia,Aaron Blitz,0.0011,0.0517
Drew Woff,James Burgoine,-0.0082,0.0559
Gabriel Tardio,Tyson McGuffin,0.0025,0.0515
T Maxy,Simon Pilt,0.0024,0.0497
Andrew Horridge,Chris Turvey,0.0043,0.0519
Pierre Enjolras,Vuk Velickovic,-0.0034,0.0519
Ela I Puleni Vakaukamea Jr.,Brookie Maasi,0.0067,0.0562
Lucas Pascoe,George Wall,0.0008,0.0501
Robbie Manzano,Lachy Donnelly,-0.0026,0.0504
Phuc Huynh,Bao Duong,0.0065,0.049
Robbie Lee,Nigel Lee,-0.0083,0.0521
Robert Stirling,Oliver Gray,0.0017,0.0515
Adam Walters,Hamish Bartos,0.0017,0.052
Vishal Masand,Frank Ngo,0.0014,0.0499
Andy Amattayakul,Oliver Dobson,-0.0069,0.0495
Alix Truong,Jessie Irvine,-0.0021,0.0492
Lara Giltinan,Bernadette Massih,-0.004,0.0501
Kaitlyn Christian,Andie Dikosavljevic,-0.0061,0.0526
Jessica Hughes,Aleisha Horridge,0.0001,0.0515
Paul Gledden,Ash Williams,-0.0025,0.0483
Jordan Halliday,Conor Robertshawe,-0.0051,0.0522
Timothy Kouznetsov,Nicholas Maleganeas,0.0015,0.0523
Danni-Elle Townsend,Emilia Schmidt,0.0132,0.05
Daniel Fogl-Kulich,Harrison Brown,-0.0018,0.0513
Irene Sanchez,Celina Yang,-0.0061,0.053
Sarah Burr,Nicola Schoeman,-0.0202,0.0499
Rika Fujiwara,Seina Shima,0.0009,0.0509
Daniel Fogl-Kulich,Lara Giltinan,0.0013,0.0495
Phụng Võ,Dang Chau,-0.0022,0.0531
Ellen McDonogh,Brooke Mundey,-0.0054,0.0504
Somer Dalla-Bona,Selina Turulja,0.0173,0.0518
Jai Grewal,Zack Taylor,-0.0015,0.0532
Timote Lavelua,Joshua Muzik,-0.0038,0.0537
Phan Quynh,HO Tam,0.0072,0.0497
Clemens Graute,Una Tafuna,-0.008,0.0505
Isabelle Papazyan,Cleo Bond,-0.0074,0.0547
George Wall,Nicola Schoeman,-0.0045,0.052
Jai Grewal,Andie Dikosavljevic,0.0016,0.054
Joshua Shemroske,Alex Cortes,-0.0078,0.0516
Jaime Wong,Ekaterina Biakina,0.0015,0.0516
Vena Fonokalafi,Huss Saleh,-0.0016,0.0516
Kelly Martin,Memory Lelenoa,0.0013,0.0519
Chris Harradine,Kyle Stoker,-0.0052,0.0497
Jay Devilliers,Allyce Jones,0.0096,0.0511
Zane Navratil,Roos Van Reek,-0.0123,0.0519
Isabelle Papazyan,T Maxy,-0.0012,0.053
Phuc Huynh,HO Tam,-0.0037,0.0503
Sange Carter,Oliver Gray,-0.008,0.0525
Quang Duong,Vivian Glozman,0.0004,0.0521
Gabrielle May,Aaron Blitz,-0.0032,0.0516
Conor Robertshawe,Valeska Hoath,-0.0009,0.0521
Jessica Williams,Alex Cortes,-0.001,0.0521
Haruki Kato,Rika Fujiwara,0.0033,0.0507
Phan Quynh,Huss Saleh,-0.0013,0.0517
Kirsty McCorkindale,Nicholas Maleganeas,-0.0027,0.0502
Vuk Velickovic,Selina Turulja,0.0048,0.0539
Alex Hunt,Kaitlyn Christian,-0.0029,0.0493
Una Tafuna,Irene Sanchez,-0.0008,0.0556
CJ Klinger,Tyra Hurricane Black,0.01,0.0482
Zack Taylor,Bernadette Massih,0.0037,0.0522
Robert Stirling,Somer Dalla-Bona,-0.0055,0.0518
Seina Shima,Harrison Brown,-0.0035,0.0516
Jordan Halliday,Brooke Mundey,0.0041,0.0532
Aaron Johnson,Ellen McDonogh,0.001,0.0565
Jaime Wong,Darren Ho,-0.0051,0.0504
Oliver Dobson,Aleisha Horridge,0.0001,0.0522
Katerina Valos,Joshua Chia,-0.0036,0.0538
Tina Bianchi,Chris Turvey,0.0016,0.0555
Andrew Horridge,Bee Horsley,0.001,0.0523
Sarah Burr,Vishal Masand,-0.0011,0.0508
Safi Foketi,Brookie Maasi,-0.0049,0.0516
Eliel Herminas,Victor Camilo Iii,-0.0058,0.0531
Joshua Cooperman,Erik Josephs,0.0053,0.0533
Bryan Lundberg,Braden Jacobson,0.0035,0.0512
Jace Morris,Albie Huang,0.003,0.0497
Wil Shaffer,Jackson Ayotte,0.004,0.0505
Jason Gregory,Chad Brundy,-0.0063,0.0504
Nick Werner,Justin Fullmer,0.0002,0.0527
Thomas Yu,Riley Inn,0.0058,0.0499
Indigo Dagnall,Levi Daniel,-0.0004,0.0543
Aleck Blair,Katie Van Doren,0.0002,0.0505
David Creswell,Max Tavepholjalern,-0.0048,0.0517
Joshua Cooperman,Cailyn Campbell,0.0055,0.0518
Emily Mone,Mike Radermacher,-0.0049,0.0529
Grayson Brandon,Billy Buchhauser,-0.0035,0.0516
Chas Howard,Jace Howard,-0.0041,0.0496
Mouaad Alhouni,Anouar Braham,-0.0076,0.0495
Rian Weston-Dodds,Dan Clark,0.0035,0.049
Joe Prince,Jace Morris,0.0055,0.0529
Arsh Sharma,Russell K,0.0077,0.0542
Alli Hazrati,Nick Patterson,0.0014,0.0499
Carl Hilliard,Aleck Blair,0.0116,0.054
Sam Angelo,Rio Newcombe,0.0077,0.0512
James Kaoma,Garret Johnson,-0.0028,0.0516
Savanna Ticknor,Joel Ticknor,-0.0056,0.0516
Wendy Weston,Garret Johnson,0.0013,0.0503
Audrey Adele Brown,Rio Newcombe,0.0003,0.0531
Luke Cartenuto,Chase Mason,0.001,0.0526
Brian Bonilla,Mike Radermacher,0.0033,0.051
Andre Mercado,Michael Wolf,-0.0006,0.0537
Shane Du Bois,Matthew Fisher,-0.0028,0.0522
Zach Gonnering,Jaxon Madsen,-0.0,0.052
Chloe Igleski,Caden Nemoff,-0.0025,0.0522
Pally Ray,Bryanna Ojeda,0.0002,0.0508
Sahra Dennehy,Brandon Contratto,-0.002,0.0525
Octavio Andres Gutierrez Meier,Miguel Salgado,-0.0044,0.0515
Hunter Morris,Desmond Luke,-0.0003,0.0555
Gregorie Vinueza-Daly,Rob Brandt,0.0017,0.0492
Liam Jesperson,Karson Feyereisen,-0.0018,0.0537
Vivienne David,Daniel De la Rosa,-0.0084,0.0541
Mohaned Alhouni,Samantha Parker,-0.0006,0.0517
Maggie Brascia,JW Johnson,0.002,0.0508
Kaitlyn Christian,Donald Young,-0.0025,0.0484
Andrea Koop,Michael Loyd,-0.0034,0.0551
Allison Phillips,Mota Alhouni,0.0006,0.0527
Jade Kawamoto,James Ignatowich,0.0162,0.0497
Brooke Buckner,Noe Khlif,-0.0011,0.0517
Ewa Radzikowska,Anderson Scarpa,0.0035,0.0525
Zane Navratil,Genie Erokhina,0.007,0.048
Liz Truluck,CJ Klinger,0.0035,0.049
Camila Zilveti,Daniel Jensen,0.0038,0.0505
Brandon French,Ava Ignatowich,0.0046,0.0516
Michelle Esquivel,John Cincola,0.0013,0.0509
Rachel Rohrabacher,Hayden Patriquin,-0.0305,0.0502
Etta Tuionetoa,Jaume Martinez Vich,0.0006,0.0553
Sarah Ansboury,Patrick Smith,-0.0019,0.0504
Marshall Brown,Marcela Aguila Ampon,0.0221,0.0522
Ivan Jakovljevic,Lindsey Newman,0.0012,0.0498
Helena Jansen,Pesa Teoni,0.0048,0.0546
Ben Johns,Hayden Patriquin,0.0033,0.0499
Genie Erokhina,Samantha Parker,0.0019,0.0517
Tam Trinh,John Cincola,-0.0065,0.0492
Blaine Hovenier,Steve Deakin,-0.0063,0.0516
Layne Sleeth,Kaitlyn Christian,-0.0037,0.0512
Riley Newman,Matt Wright,-0.0012,0.0503
Tom Evans,Daniel Jensen,0.0024,0.05
Sahra Dennehy,Jessica Mason,0.0014,0.0513
Martina Frantova,Marcela Aguila Ampon,0.0002,0.0529
Andrea Koop,Lea Jansen,-0.0005,0.0472
Zane Ford,Luke Wasson,0.0083,0.0489
Cason Campbell,Bao Duong,-0.0006,0.0517
Helena Jansen,Cleo Bond,0.0092,0.0528
Ewa Radzikowska,Hannah Blatt,0.0028,0.0538
Eric Roddy,Jack Sock,-0.0068,0.0492
Alix Truong,Vivienne David,0.0078,0.0486
Liz Truluck,Sarah Ansboury,-0.0065,0.0514
Quang Duong,James Ignatowich,-0.012,0.0529
Chuck Taylor,Daniel De la Rosa,-0.0065,0.051
Mari Humberg,Lindsey Newman,-0.0096,0.0475
Lingwei Kong,Michelle Esquivel,0.0005,0.0517
Jade Kawamoto,Jessie Irvine,-0.0048,0.0498
Marshall Brown,Roscoe Bellamy,0.0008,0.0489
AJ Koller,Eric Oncins,-0.0029,0.0525
Jalina Ingram,Cailyn Campbell,-0.0026,0.0499
Wendy Weston,Emily Mone,0.001,0.0494
Lucy Kovalova,Olivia McMillan,-0.0014,0.0508
Tom Protzek,Ariana Rodriguez,-0.0085,0.0525
Allie Davis,Tomoko Taniguchi,-0.0017,0.051
Aly Caliri,John Lucian Goins,0.0079,0.0522
Jessica Jones,Jordan Chrysostom,0.0124,0.05
Hartland Jones,Jayson Harris,-0.0051,0.0554
George Bulger,Flynn Kantzalis Orton,0.0079,0.0485
Kyle Chittenden,Dave Conley,0.0063,0.0523
Tom Protzek,Ben Cawston,-0.0142,0.0503
Levi Daniel,Quan Do,-0.0053,0.0513
Luke Cartenuto,Justin Fullmer,0.0017,0.0523
Nicole Conard,Jessica Mason,-0.0012,0.0497
Tiffany Ash,Lexi Jensen,0.0025,0.0489
TY Parrish,Sienna Hitzeman,-0.0029,0.0509
Dean Papakonstantis,Matthew Mead,0.0034,0.0532
Joseph Wells,Jerry Worsham,-0.0032,0.0514
Savanna Ticknor,Jaden Lam,-0.0093,0.052
Ciara Kelly,Joel Poland,0.0062,0.0501
Len Yang,Christina Chin,0.003,0.0531
Grayson Goldin,Ryan Eveloff,0.0046,0.054
Michael I,Ryan Lucci,-0.0025,0.0504
Mike Radermacher,Jennifer Johnson,-0.0041,0.0512
Eduardo Santini Ayon,Florencia Rossi Luqur,0.0049,0.0521
James Kaoma,Melissa Ferger,0.0006,0.0525
Jalina Ingram,Emma Nelson,-0.0122,0.0494
Bailee Jackson,Simone Leonard,-0.0058,0.05
Zach Drost,Keaten Kappes,0.0172,0.0514
Brian Harshman,Bret Berryman,-0.0088,0.0507
Jordan Chrysostom,Kyle Koszuta,-0.0044,0.0523
Scott Wong,Ross Mathews,0.0017,0.0508
Julia Ronney,Dalia Garza,0.0038,0.0515
Erica Remshard,Isamarie Perez,-0.0052,0.0511
Madalina Grigoriu,Shannon Pretorius,0.0077,0.0527
Monica Piekarski,Ciara Kelly,0.0005,0.0522
Kailas Shekar,Caden Nemoff,-0.0028,0.0514
Clayton Truex,Nick Werner,-0.0008,0.0497
Spartak Rahachou,TY Parrish,-0.0055,0.0504
Austin Oreilly,Michael Jenson,0.0021,0.0507
Matthew Barlow,Mya Bui,0.003,0.05
Victor Rodrigo,Will Mackinnon,0.0041,0.0534
Daniel Adsit,Stephen Moore,0.0015,0.0551
Pally Ray,Monica Piekarski,0.001,0.0504
Chloe Igleski,Florencia Rossi Luqur,-0.0072,0.0507
Len Yang,Thomas Yu,0.008,0.0486
Rob Cassidy,Allie Davis,-0.006,0.0572
Keaton Cullimore,Anthony Skalabrin,-0.0018,0.0528
Cami Blake,Joel Ticknor,0.0011,0.0527
Andre Mercado,Jace Howard,0.0081,0.0513
Grayson Brandon,Michael Wolf,0.0048,0.0521
Courtney Clark,Luke Ness,-0.004,0.0535
Court Zalinski,Hartland Jones,0.0036,0.0539
Joshua Cooperman,Elyse Johnson,-0.0,0.0502
Pally Ray,James Kaoma,-0.0077,0.05
Rajul Chikkalingaiah,Armaan Jiwa Mawji,0.0024,0.0513
Dustin Lunt,Tony Larson,-0.0028,0.0539
Maximilian Wild,Kevin Caulfield,-0.0029,0.0505
Eric Cepress,Corneliu Olar,-0.0033,0.0509
Rob Cassidy,Dave Weinbach,0.0026,0.0511
James Woods,Jacob Barrus,-0.0022,0.0506
Carolina Mayorga-Perry,Bret Berryman,0.0023,0.0481
Sam Weinbach,Dana Raugust,0.0173,0.0519
Scott Berke,Nathan Rasco,-0.0033,0.0509
Adam Harvey,Yaamunan Venkatesan,-0.0002,0.0514
Daniel Byun,Tama Shimabukuro,-0.0031,0.0488
Jesse Eyman,Sam Weinbach,0.0012,0.0514
Alec Weller,Rafael Lenhard,-0.0085,0.0504
Jaden Lam,Chas Howard,0.0018,0.052
Mya Bui,Audrey Banada,0.0039,0.0489
Leann Tran,Sydney Steinaker,-0.0042,0.0529
Jace Morris,Emma Nelson,0.0033,0.0498
Trevor Machek,Manny Pasricha,-0.0031,0.0497
Aly Caliri,Sienna Hitzeman,-0.0095,0.0539
Matthew Deaver,Lexi Jensen,0.0099,0.0558
Erica Remshard,Michael Jenson,-0.0025,0.0537
Zach Drost,Tiffany Ash,0.0009,0.0524
Ben Cawston,Julia Ronney,-0.0084,0.0519
Zach Gonnering,Luke Ness,-0.0045,0.0495
Bailee Jackson,Miles Hoover,-0.0034,0.0542
Courtney Clark,Lara Giltinan,-0.0016,0.0539
Mary Brascia,Donald Young,-0.0071,0.0545
Hannah Blatt,Marshall Brown,0.0041,0.0522
Jack Sock,Layne Sleeth,0.0004,0.0522
Tatiana Ruhl,Monica Paolicelli,-0.0068,0.0521
Jaume Martinez Vich,Vivian Glozman,0.0005,0.0477
Monica Paolicelli,Patrick Smith,-0.0058,0.0529
Andrea Koop,Brandon French,0.008,0.0486
Chao Yi Wang,CJ Klinger,-0.0036,0.0533
Noe Khlif,Maggie Brascia,0.0014,0.0517
Marshall Brown,Steve Deakin,-0.0153,0.0511
Mota Alhouni,Rachel Rettger,-0.0006,0.0518
Luke Wasson,John Cincola,-0.0002,0.0498
Craig Johnson,Helena Jansen,0.0037,0.0506
Eric Roddy,Liz Truluck,0.0185,0.0505
Lindsey Newman,Marcela Aguila Ampon,-0.0046,0.0517
Lauren Hidalgo-Smith,Daniel Jensen,-0.0033,0.053
Lingwei Kong,Augustus Ge,0.0008,0.0528
Jade Kawamoto,Hunter Johnson,0.017,0.0483
Michelle Esquivel,Wyatt Stone,-0.0052,0.0546
Audrey Adele Brown,James Delgado,0.0038,0.051
Ewa Radzikowska,Martin Emmrich,-0.016,0.0491
James Ignatowich,Jackie Kawamoto,-0.0004,0.0497
John Cincola,Lindsey Newman,0.0057,0.0529
Zane Navratil,Vivienne David,-0.0035,0.0493
Victoria Dimuzio,Roscoe Bellamy,0.004,0.0518
Michael Loyd,Ava Ignatowich,-0.0028,0.049
Brooke Buckner,Connor Garnett,-0.005,0.0485
Eric Oncins,Alix Truong,-0.0008,0.0511
Yates Johnson,Milan Rane,0.0056,0.051
Ben Johns,Gabriel Tardio,0.0117,0.0436
Cason Campbell,Gregory Dow,0.0098,0.0495
Yates Johnson,Chuck Taylor,0.0046,0.0507
Carlos Di Laura III,James Delgado,-0.0315,0.0516
Eric Oncins,Matt Wright,0.0189,0.0479
Zane Ford,Gabriel Joseph,0.0044,0.0515
Stephen Madonia,Yuta Funemizu,0.0132,0.0507
Audrey Adele Brown,Victoria Dimuzio,0.004,0.05
Genie Bouchard,Martina Frantova,-0.0012,0.0507
Ewa Radzikowska,Tamaryn Emmrich,0.0146,0.0471
Noe Khlif,JW Johnson,0.0013,0.0506
Lucy Kovalova,Etta Tuionetoa,0.0066,0.0539
Lea Jansen,Vivienne David,-0.0059,0.0545
Zane Navratil,Hunter Johnson,0.0054,0.0496
Lingwei Kong,Allison Phillips,0.0024,0.0528
Rafa Hewett,Spencer Smith,-0.0012,0.0516
Riley Newman,James Ignatowich,0.0058,0.0504
Rob Cassidy,Audrey Banada,0.003,0.049
Ava Pisacrita,Adair Garcia,0.0063,0.0487
Andi Godwin,Samuel Gabet,-0.001,0.0531
Justin Graham,Emanuel Dickson,0.0009,0.0493
Ridley Seguso,Nejc Sitar,-0.0046,0.0514
Ronan Camron,Mya Bui,0.0041,0.0527
Brandon Fritze,Giovanna Morelli,-0.0082,0.0508
Victoria Helmuth,John Lucian Goins,0.0033,0.0491
Olivia Phillips,Zachary Marceau,-0.0028,0.0516
Sergey Afanasenka,Andreas Siljestrom,0.0124,0.0497
Robby Greenlaw,Nicholas Astbury,0.0003,0.052
Jordan Chrysostom,Shelby Bates,-0.007,0.0512
Reba Williams,Cade Lindgren,-0.0011,0.051
Valerie R Simon,Nejc Sitar,0.0007,0.0524
Bruno Rosa,Ethan Dysert,-0.004,0.0498
Michael Leonard,John Cangelosi,0.0108,0.0483
Connor Mogle,Nicholas Romano,-0.0145,0.0503
Kenta Miyoshi,Elijah Bertram,0.0132,0.0504
Ahmad El-Zarif,Adair Garcia,-0.0064,0.0542
Luke Citarelli,Samuel Gabet,-0.0025,0.0542
Jonathan Truong,Ronan Camron,0.0016,0.0516
Dean Papakonstantis,Mikael Vollbach,-0.0004,0.0526
Zach Gonnering,Lara Giltinan,-0.0017,0.0554
Monika Wynne,Connor Mogle,0.0085,0.049
Miguel P,Helen Challenger,0.0008,0.0536
Ahmad El-Zarif,Stevie Petropouleas,0.0001,0.0516
Jonathan Truong,Sarah Hua,-0.0077,0.0533
Andrea Symkoviak,James Bratt,0.0011,0.0524
Usama Khalid,Lucas Pereyra,0.0111,0.05
Sarita Schoenebeck,Nicholas Romano,0.0012,0.0505
Nicole Conard,Zachary Card,-0.0105,0.0523
Cailyn Campbell,Mouaad Alhouni,0.0062,0.0515
Jalina Ingram,James Kaoma,0.0153,0.0498
Chase Wucher,Ethan Estatico,-0.0085,0.0528
Mason Durbin,Jake Benjamin,0.0077,0.0491
Mikael Vollbach,Sarah Mulhern,0.0106,0.0517
Zachary Higginson,Samuel Higginson,0.0002,0.053
Justin Dages,Bret Berryman,-0.0103,0.0495
John Lucian Goins,Frank Ngo,-0.0044,0.0533
Jared Cohen,Johan Nilsson,-0.0002,0.0528
Tobias Moreno,Rougel Jon Lutz Aninon,0.0058,0.0485
Bobbi Oshiro,Randy Blanco,-0.0021,0.0499
Juan Saez,Katerina Stewart,0.0025,0.0525
William Kammerait,Eddie Gonzalez,-0.0011,0.051
Nathan Peters,Tanner Lantz,0.0002,0.0511
Jesse Witten,Sydnee Metzold,0.0118,0.0493
Ashley Griffith,Federico Nani,-0.0068,0.0512
Federico Nani,Joshua Reason,-0.0013,0.0494
Pablo Copetti,Mario Porcelli,0.0073,0.0522
Mason Vasconcellos,Andres Munoz,-0.0096,0.0492
Alec Lamacchio,Zachary Marceau,0.0051,0.0485
Jay Evans,Andrew Astalos,-0.0,0.0509
Kenny Burst,Bryan Bertola,-0.0049,0.0508
Seth Fogelman,Jesse Witten,0.0023,0.0536
Luke Cartenuto,Daniel Miron,-0.004,0.0494
Wade Bryant,Nikolas Ruiz,-0.0062,0.0477
Jade Rau,Emanuel Dickson,-0.001,0.0501
Bethsabe Rameix,Jason Brotman,0.004,0.0513
Cody Sivan,Michael I,0.0036,0.054
Todd Fought,Christa Gecheva,0.008,0.0507
Riley Newman,Martina Frantova,0.0024,0.0514
Carlos Di Laura III,Tatiana Ruhl,0.0027,0.0525
Federico Staksrud,Vivienne David,-0.0113,0.0516
Dylan Frazier,Lea Jansen,0.0146,0.0488
Jay Devilliers,Kate Fahey,-0.0113,0.0522
Edward Perez,Sarah Ansboury,0.0114,0.0511
Lingwei Kong,Patrick Smith,0.0042,0.0477
Max Freeman,Ava Ignatowich,0.0021,0.052
Layne Sleeth,Collin Johns,-0.006,0.0525
Genie Erokhina,Yates Johnson,0.0032,0.0524
Ivan Jakovljevic,Etta Tuionetoa,-0.0135,0.0501
Rachel Rohrabacher,Dekel Bar,-0.0134,0.0453
Quang Duong,Victoria Dimuzio,-0.0087,0.0515
Hannah Blatt,Stephen Madonia,-0.0019,0.05
Genie Bouchard,Brandon French,-0.0001,0.0542
Helena Jansen,Yuta Funemizu,-0.0,0.0526
Felicity Di Laura,John Cincola,-0.0091,0.0502
JW Johnson,Anna Bright,0.0161,0.0513
Jack Sock,Alix Truong,0.0076,0.0505
Allison Phillips,Cason Campbell,-0.0063,0.0472
Zane Navratil,Samantha Parker,0.0094,0.0516
Zoey Weil,James Delgado,-0.0026,0.0504
Pierina Imparato,Rachel Rettger,0.0093,0.0524
Sarah Hua,Shelby Bates,-0.0007,0.0508
Sydnee Metzold,Sarah Mulhern,0.0091,0.0501
Mari Humberg,Milan Rane,0.0105,0.0489
Aiko Yoshitomi,Jessica Mason,-0.0061,0.0501
Quang Duong,Pablo Tellez,-0.006,0.0492
Zane Ford,James Delgado,-0.0018,0.052
Chuck Taylor,Juan Benitez,-0.0083,0.0536
Marisa Ruiz,Nicole Conard,0.0214,0.05
Polina Libo,Olivia Phillips,-0.0033,0.0524
Bao Duong,Max Freeman,-0.0038,0.053
Hannah Blatt,Rachel Summers,-0.0037,0.0528
Callie Smith,Victoria Dimuzio,0.0051,0.0507
Katerina Stewart,Bobbi Oshiro,-0.0064,0.0508
Andrei Daescu,Ben Johns,-0.0021,0.0507
JW Johnson,CJ Klinger,0.0452,0.0474
Carlos Di Laura III,John Cincola,-0.0055,0.049
James Ignatowich,Connor Garnett,-0.0038,0.0497
Riley Bohnert,Alexa Schull,-0.0038,0.0467
Christian Alshon,Federico Staksrud,-0.0097,0.0479
Kristen Clemmer,Giovanna Morelli,0.0031,0.0492
Brittany Levkulich,Gianna Southwick,-0.0005,0.0495
Riley Newman,Dylan Frazier,0.0154,0.0535
Zane Navratil,Matt Wright,-0.0079,0.0505
Gabriel Tardio,Hayden Patriquin,0.0421,0.0481
Blaine Hovenier,Travis Rettenmaier,-0.0013,0.0541
Jalina Ingram,Jaeda Minniefield,-0.0084,0.0518
Samantha Parker,Liz Truluck,-0.0014,0.0513
Marina Sicic,Alyssa Bialek,-0.0033,0.0546
Adrienn Hidvegi,Andrea Symkoviak,0.0032,0.0525
Parris Todd,Jorja Johnson,-0.0023,0.0487
Brie Aldridge,Ashley Griffith,-0.0067,0.051
Courtney Spafford,Victoria Helmuth,0.0002,0.0542
Noe Khlif,Collin Johns,-0.0054,0.0514
Monika Wynne,Sarita Schoenebeck,0.0029,0.0512
Audrey Adele Brown,Sarah Ansboury,0.0005,0.0507
Zoey Weil,Felicity Di Laura,0.0013,0.0497
Alix Truong,Etta Tuionetoa,-0.0076,0.0511
Genie Erokhina,Christa Gecheva,0.0035,0.0502
Lauren Hidalgo-Smith,Tatiana Ruhl,-0.0051,0.0524
Kara Evans,Valerie R Simon,-0.0011,0.0521
James Seagraves,Anouar Braham,0.0083,0.0506
Caden Nemoff,Kenta Miyoshi,-0.0028,0.0518
Bryce Standridge,Heath Sanders,-0.0044,0.0517
Ryan Eveloff,Troy Akin,0.0029,0.0535
Piercarlo Usai,Gianni Mancini,0.0066,0.0504
Rio Newcombe,Riley Inn,-0.0035,0.0514
Philip Crotts,Blake Goodman,0.0035,0.0504
Nicole Pitts,Joel Poland,-0.0011,0.052
Sammy Lee,Olivia Phillips,-0.0026,0.0502
Andre Mercado,Cailyn Campbell,-0.0064,0.0501
Nicole Conard,Anouar Braham,0.0155,0.0483
Van Damrongsri,Michael Coleman,0.0027,0.0559
Saahith Matam,John Davenport,-0.0013,0.0507
Matthew Finnerty,Bret Berryman,-0.0046,0.0495
August Doucet,Cristobal Del Castillo,0.0044,0.051
David Miller,Landon M,-0.0035,0.0525
Alex Gray,Sabrina Palavra,-0.0034,0.0513
Alia Brown,Thomas Yu,-0.0001,0.049
Omar Garcia-Heredia,Lara Giltinan,0.0004,0.0537
Philip Crotts,Shea Donahue,-0.001,0.051
Eli Trumeter,Theo Yun,0.0001,0.0485
Tanner Tomassi,Etienne Blaszkewycz,-0.0021,0.0504
Zach Gonnering,Sebastian Herrera,0.0028,0.0528
Sammy Lee,Thomas Yu,0.0072,0.0519
Eliel Herminas,Axel Morgan,0.0084,0.051
Tom Protzek,Jose Martinez,-0.0095,0.0503
Connor McCartney,Daniel Traxler,-0.0157,0.0502
Tristan Bjork,Nolan Smyth,-0.0009,0.0508
James Kwan,Divin Sarthak,0.0001,0.0476
Ruben Herrera,Tony Aleman II,0.0003,0.0501
Tom Protzek,Natalie Hur,0.0035,0.0514
Andre Mercado,Mike Radermacher,0.0023,0.0501
Lorena Duknic,Tanner Tomassi,0.0084,0.0517
Jalina Ingram,Rio Newcombe,0.0191,0.0501
Cassidy Hoag,Etienne Blaszkewycz,0.0109,0.0503
Wil Shaffer,Omar Garcia-Heredia,-0.0014,0.0544
Christina Spivey,Ryan Macdonald,-0.0031,0.0512
Ryan Murphy,Carson Thoma,-0.0039,0.0548
Alex Gee,Jake Faryniarz,0.006,0.0529
Nikita Snezhko,Michael I,0.0003,0.0513
Jason Loyd,Ryan Skufca,-0.0102,0.0509
Alejandro Trevino,Victor Camilo Iii,0.0019,0.0505
Jake Anderson,Sarah Williams,-0.0049,0.0508
Vova Zverkovsky,Jacqueline Vitale,0.0001,0.0535
Caden Nemoff,Shelby Bates,0.011,0.052
Simone Leonard,Eli Steiner,0.0223,0.051
Eli Steiner,Oliver Frank,-0.0184,0.0503
Chase Womack,Sebastian Gutierrez,0.0021,0.0523
Lexi Jensen,Oliver Frank,0.0103,0.0534
Chase Womack,Victoria Nguyen,-0.0034,0.0523
Jake Anderson,Josh Nix,0.0005,0.0517
Lucas Coutinho,Jase Edwards,0.0025,0.0536
Joel Pelletier,Haddow Thul,0.0054,0.0548
Ella Yeh,Wil Shaffer,-0.0117,0.051
Srini Thota,Hudson De Risi,-0.008,0.0505
Edwin Brennan,Jack Boxill,-0.0042,0.0508
Harlene Bains,Austin Mireles,-0.0036,0.054
Brooke Buckner,Quang Duong,0.0091,0.0496
Lauren Hidalgo-Smith,Yuta Funemizu,0.0083,0.0524
AJ Koller,Kaitlyn Christian,-0.0039,0.0495
Milan Rane,Connor Garnett,0.0226,0.0447
Marshall Brown,Alex Walker,0.0017,0.0506
Zane Navratil,Christa Gecheva,0.009,0.0477
Etta Tuionetoa,Federico Staksrud,0.0276,0.0502
Layne Sleeth,Donald Young,-0.0024,0.0523
Roscoe Bellamy,Lindsey Newman,-0.0043,0.0517
Edward Perez,Polina Libo,-0.0023,0.0514
Stephen Madonia,Danna Funaro,-0.0012,0.0514
Tatiana Ruhl,Juan Benitez,-0.0038,0.0535
Chloe Igleski,James Delgado,0.0178,0.0533
Victoria Dimuzio,Brandon French,-0.0011,0.0517
Lingwei Kong,Anderson Scarpa,0.0105,0.0529
Rafa Hewett,Genie Erokhina,0.008,0.0492
Camila Zilveti,Bao Duong,0.003,0.0505
Todd Fought,Marcela Aguila Ampon,-0.008,0.0533
Michael Loyd,Lina Padegimaite,0.0088,0.0515
Noe Khlif,Kate Fahey,0.02,0.0493
Zoeya Khan,Spencer Smith,0.0092,0.0488
Zane Ford,Michelle Esquivel,-0.0007,0.0511
Cason Campbell,Rachel Summers,-0.0073,0.0515
Zoeya Khan,Tatiana Ruhl,-0.0056,0.0522
Vivienne David,Mari Humberg,0.0049,0.049
Lingwei Kong,Martina Frantova,-0.0052,0.0548
Natalie Hur,Elizabeth Skufca,0.0059,0.0507
Florencia Rossi Luqur,Dylan Ciampini,0.0068,0.0541
Sara Perles,Dayna La Belle,0.0001,0.0545
Dylan Frazier,Andrei Daescu,-0.0053,0.0502
Altaf Merchant,Steve Deakin,0.0027,0.0506
Zane Navratil,Ryan Fu,0.0115,0.0487
Meghan Dizon,Allyce Jones,-0.0138,0.0534
Zane Ford,Ivan Jakovljevic,0.013,0.0516
Jacqueline Vitale,Sabrina Palavra,-0.0019,0.0522
Kaitlyn Christian,Milan Rane,0.0035,0.0494
Callie Smith,Etta Tuionetoa,0.0125,0.0485
Victoria Dimuzio,Christa Gecheva,-0.002,0.05
Lexi Jensen,Simone Leonard,0.0039,0.0504
Noe Khlif,Jay Devilliers,-0.0141,0.0501
Quang Duong,Tyson McGuffin,-0.0031,0.0531
Marianna Petrei,Nicole Pitts,-0.0042,0.0482
Abbigal Hatton,Sarah Williams,0.0002,0.0512
Riley Newman,Max Freeman,-0.011,0.052
Lorena Duknic,Nicole Conard,0.0055,0.0538
Audrey Adele Brown,Marcela Aguila Ampon,-0.0014,0.0522
Mohaned Alhouni,Chuck Taylor,0.001,0.0508
Collin Johns,James Ignatowich,0.013,0.0491
James Delgado,Luke Wasson,-0.0007,0.0533
Bao Duong,Marshall Brown,-0.0,0.0503
Sam Querrey,Ryan Sherry,-0.0137,0.0513
Samantha Parker,Pierina Imparato,-0.0037,0.05
Camila Zilveti,Rachel Summers,0.0024,0.0541
Stephen Madonia,Juan Benitez,-0.0032,0.055
Felicity Di Laura,Danna Funaro,0.0077,0.0505
Kristin Bourg,Rachel Janssen,-0.0,0.0516
Genie Erokhina,Lindsey Newman,0.0048,0.0465
Luana Stanciu,Marie Lutz,-0.0112,0.0515
Chloe Igleski,Helena Jansen,0.0006,0.0512
Lauren Hidalgo-Smith,Polina Libo,-0.0033,0.0516
Liz Truluck,Michelle Esquivel,-0.0015,0.0518
Tam Trinh,Yuta Funemizu,-0.0076,0.0499
Ryan Smith,Braden Jacobson,0.0006,0.0493
Alex Simon,Dan Clark,-0.0034,0.0515
Joseph Pututau,Rob Brandt,-0.003,0.0537
Dylan Ciampini,Logan Rosenbach,-0.0073,0.0525
Rachel Garff,Joshua Peterson,-0.0011,0.0489
Bryan Lundberg,Jon Nilson,-0.0004,0.0518
Rob Cassidy,Adam Cheney,0.0025,0.0491
Elsie Hendershot,Braden Jacobson,-0.0058,0.0487
Austin Hardy,Logan Rosenbach,-0.0004,0.0525
James Kaoma,Michael Wolf,0.0124,0.0527
Andre Mercado,Luke Ness,0.0141,0.0489
Andre Mercado,Lauren Mercado,0.0043,0.0529
Jace Morris,Cailyn Campbell,0.0005,0.0511
Duncan Homer,Olivia Phillips,0.002,0.052
Brian Bonilla,Anthony Skalabrin,0.0001,0.0515
Pally Ray,Lucah Folden,-0.0106,0.052
Bryan Lundberg,Lily G,-0.0006,0.0515
Justin Graham,Connor Daland,0.0019,0.0499
Jace Morris,Zach Gonnering,-0.0057,0.0531
Nicholas Wade,Evgeniy Kim,-0.0042,0.0525
Ella Yeh,Jace Howard,-0.0036,0.0507
Scott Berke,Allie Davis,0.0109,0.0521
Riley Hanks,Dalton Kowalski,0.0019,0.0501
Alec Weller,Scott Berke,0.0026,0.0527
Duncan Homer,Joshua Peterson,-0.0042,0.0515
Cooper Jenkins,Jaxon Madsen,-0.0038,0.051
Pablo Tellez,Lina Padegimaite,-0.0094,0.052
Stephen Madonia,Ava Ignatowich,-0.0142,0.0513
Lauren Hidalgo-Smith,Luke Wasson,0.0004,0.0499
Jack Sock,Kaitlyn Christian,-0.0025,0.054
Parris Todd,Dekel Bar,0.0024,0.0511
Eric Oncins,Mya Bui,0.0161,0.0543
Layne Sleeth,Tyler Loong,0.0089,0.0481
Lingwei Kong,Wesley Burrows,-0.0076,0.0512
James Ignatowich,Tyra Hurricane Black,0.0362,0.0496
Patrick Smith,Alex Walker,-0.0071,0.0513
Parris Todd,Rachel Rohrabacher,-0.0001,0.0483
Mya Bui,Milan Rane,0.0313,0.049
Jack Sock,Ivan Jakovljevic,-0.0069,0.0509
Dylan Frazier,Dekel Bar,0.0127,0.0497
Marshall Brown,Yuta Funemizu,0.0059,0.0497
Bryanna Ojeda,Allie Davis,0.0059,0.0513
Elsie Hendershot,Maddy Rasmusen,0.0019,0.0507
Genie Erokhina,Genie Bouchard,0.0033,0.0502
Etta Tuionetoa,Allyce Jones,0.0251,0.047
Meghan Dizon,Mari Humberg,-0.0117,0.0524
Matt Wright,Jaume Martinez Vich,0.0204,0.0495
Spartak Rahachou,John Lucian Goins,0.0067,0.0504
Quang Duong,Hunter Johnson,-0.0062,0.0497
Rachel Garff,Ella Yeh,-0.0011,0.051
Riley Hanks,Olivia Phillips,0.01,0.0514
Dayna La Belle,Dylan Ciampini,0.0011,0.0524
Cason Campbell,Adam Harvey,0.0169,0.0498
Blaine Hovenier,Patrick Smith,0.0073,0.05
Riley Newman,Augustus Ge,0.0015,0.054
Callie Smith,Lindsey Newman,0.0004,0.0528
Ryan Fu,Connor Garnett,-0.0067,0.0529
Zane Ford,Stephen Madonia,-0.007,0.0512
Jalina Ingram,Lauren Mercado,0.0015,0.0541
Lauren Hidalgo-Smith,Audrey Adele Brown,-0.0025,0.0514
Alix Truong,Lauren Stratman,0.0082,0.0494
Luca Mack,Juan Varon,-0.0125,0.0518
Tucker Segars,Ryan Berg,0.0026,0.0502
Tatiana Ruhl,Zalina Giometti,-0.0021,0.0524
Alex Guy,David Bieger,0.0104,0.053
DJ Zeiler,Elijah Bertram,0.0075,0.0533
Sarah Carpenter,Jessica Haywood,-0.0005,0.0519
Tristan Dussault,Easton Horricks,0.017,0.0503
James Peng,Parker Wittman,-0.0028,0.0489
Karolina Fleming,Giorgia Vitale,0.0035,0.0501
Yufei Long,Marija Venta,-0.0071,0.0515
Daniel Miron,Anouar Braham,0.0011,0.0502
Brodie Smith,Erik Rosner,0.0019,0.0511
Oscar Serra,Sanil Jagtiani,0.0133,0.048
Paula Avellan Rizzo,Andi Godwin,0.0028,0.0495
Joey Campagna,Jose Roberto Velasco,-0.001,0.0524
Rafael Kayo,Kenneth Lee,0.002,0.0503
Christopher Crouch,Jhonnatan Medina Alvarez,0.0209,0.0515
Tyler Slagill,Connor Slagill,-0.0008,0.0534
Morgan Maclennan-Smith,Lance Burgstiner,-0.0048,0.0525
Kentaro Hamaguchi,Stephen Bass,-0.0005,0.0488
Drew Sandri,William Hart,0.0066,0.0543
Preston Gordon,Chase Blocker,0.0005,0.0529
Emma Van Hee,Maebry Jones,-0.0123,0.0513
Alexia Alvarez,Keilly Ulery,0.0028,0.052
Parth Mody,Dale Kim,0.0157,0.0513
Diego Butanda,Jason Lateko,-0.0033,0.0519
Helena Jansen,Pierina Imparato,0.016,0.0498
Ana Gordon,Courtney Kendall,-0.0032,0.052
Ashley Griffith,Brooke Caruso,0.0066,0.0479
VU Nguyen,Jack Lawrence,0.0047,0.0513
Aaron Allen,JJ B,-0.0076,0.0527
Abigail Okelley,Sydnee Metzold,-0.0053,0.0501
Caitlin Klaassen,Megan Poe,-0.0018,0.0497
Savannah Vo,Emma Cook,-0.0019,0.054
Samuel Wells,CJ Clampitt,-0.0027,0.052
Joshua Giannelli,Kevin Caulfield,0.0078,0.0499
Ben Boesing,Anthony Enlow,-0.0063,0.0487
John Rudden,Evan Gan,0.0012,0.0503
Keiichiro Adachi,Gautham Bondugula,0.0041,0.0515
Emily Elliott,Isabella Dunlap,-0.0042,0.0491
Brookes Jones,Corey Waters,0.0009,0.05
Brad Hix,Tommy Croker,-0.002,0.0527
Jay Evans,Tristan Watson,-0.0004,0.052
Pablo Copetti,Adair Garcia,0.0127,0.0518
Mike Leslie,Luke Moore,-0.0012,0.051
Eric Sullivan,Kyle Borawski,-0.0038,0.0538
Estee Widdershoven,Hailee Haymore,-0.0114,0.0522
Caitlin Klaassen,Henry Boyle,-0.0037,0.0514
Kentaro Hamaguchi,Yufei Long,-0.0121,0.0531
Stephen Bass,Giorgia Vitale,-0.0035,0.0515
Ashley Griffith,George Rangelov,0.0548,0.0524
Megan Poe,Chris Patrick,-0.0081,0.0518
Abigail Okelley,Elijah Bertram,0.0057,0.0541
Carlos Di Laura III,Pierina Imparato,0.0027,0.0518
Andrew Angulo,Hailee Haymore,0.0073,0.0536
Ryan Dawidjan,Tatiana Ruhl,-0.0046,0.0484
Emma Van Hee,Ryan Berg,0.0042,0.0483
Tristan Watson,Eva Kohutova,0.0008,0.0513
Mehvish Safdar,David Bieger,-0.0081,0.0509
Erik Rosner,Rosie Johanson,0.0034,0.0513
Helena Jansen,James Delgado,0.0134,0.0525
Emily Elliott,Matthew Finnerty,-0.001,0.0579
Kayla Nesbitt,John Haskell,-0.0037,0.0537
Christopher Crouch,Andi Godwin,0.0128,0.0513
Tristan Dussault,Stevie Petropouleas,-0.0007,0.0517
Chandra Kusuma,CJ Clampitt,0.0017,0.054
Hannah Okelley,Jason Lateko,-0.0048,0.0529
Alex Guy,Ting Chieh Wei,-0.0021,0.049
Karolina Fleming,Chase Blocker,-0.0024,0.0501
Ben Boesing,Marija Venta,0.0052,0.0501
Van Damrongsri,Courtney Kendall,-0.0049,0.0518
Ana Gordon,Preston Gordon,0.0146,0.051
Sarah Carpenter,Anouar Braham,-0.0051,0.0491
Corey Waters,Sydnee Metzold,-0.0055,0.049
Jay Evans,Kendall Hunt,-0.0089,0.0512
Jojo Henderson,John Henderson,0.0011,0.0515
Ariana Rodriguez,David Bieger,0.0063,0.0499
Sophie Abrams,Vincent Rettke,0.0031,0.0505
Anouar Braham,Hailee Haymore,-0.0018,0.0497
Savanna Ticknor,Bassem Kheireddin,-0.0029,0.0512
Matthew Nesbitt,Colby Hill,-0.0102,0.0508
Chase Womack,Andi Godwin,-0.0074,0.0515
Tom Protzek,Freddie Powell,-0.0003,0.0508
Zach Gonnering,Bret Berryman,0.0157,0.0491
Zac Hirschler,Daniel Miron,-0.0054,0.054
Henry Boyle,Shea Donahue,0.0169,0.0496
Isabella Dunlap,Immanuel Zion,-0.0003,0.0514
Matt Haugdahl,Brock Rzesnowiecky,-0.001,0.049
Drew Sandri,Wesley Hanson,-0.0037,0.0502
Rachael James,Freddie Powell,-0.0073,0.0531
Jessica Jones,Benjamin Bramblett,-0.0018,0.0517
Carl Hilliard,Anouar Braham,-0.0064,0.0501
Joshua Giannelli,Chandra Kusuma,-0.0038,0.0513
RC Orlan,John Haskell,0.0015,0.0489
George Bulger,Ryan Dinsmore,0.0026,0.0486
Eliana Ling,Matt Rucinski,-0.009,0.0536
Hyunmo An,Will Phan,-0.0075,0.0528
Andrew Wang,Brent Darden,-0.0002,0.0504
Zach Gonnering,Cailyn Campbell,-0.0039,0.0514
Samantha Delgado Garcia,John Haskell,0.0034,0.0511
Kishan Shah,Gautham Bondugula,0.002,0.0506
Jhonnatan Medina Alvarez,Rosen Naydenov,-0.0015,0.0542
Michael Silvio,Bruno Rosa,0.0011,0.0533
Hunter Johnson,Vivienne David,0.0057,0.0493
Genie Bouchard,Juan Benitez,0.0131,0.0505
John Cincola,Rachel Rettger,0.008,0.0505
Zoey Weil,Wyatt Stone,-0.0154,0.0499
Martina Frantova,Travis Rettenmaier,0.0065,0.0483
Mohaned Alhouni,Pierina Imparato,-0.0001,0.0519
Kate Fahey,Hayden Patriquin,-0.0034,0.0521
Dylan Frazier,Jackie Kawamoto,-0.0164,0.052
Mehvish Safdar,Anderson Scarpa,0.0121,0.0497
Chloe Igleski,Rafa Hewett,-0.0062,0.0541
Stephen Madonia,Marcela Aguila Ampon,0.0093,0.0518
Yates Johnson,Samantha Parker,0.0069,0.0514
Allison Phillips,Steve Deakin,-0.0002,0.0497
Federico Staksrud,Anna Bright,-0.0014,0.0493
Quang Duong,Jade Kawamoto,-0.0033,0.0535
Sam Querrey,Camila Zilveti,0.0033,0.0535
Etta Tuionetoa,James Ignatowich,-0.0009,0.0569
Salome Devidze,John Lucian Goins,-0.0104,0.0504
Lingwei Kong,Marshall Brown,-0.0025,0.0505
Donald Young,Ava Ignatowich,-0.0022,0.0465
AJ Koller,Christa Gecheva,-0.0082,0.0516
Zane Ford,Liz Truluck,0.0056,0.0514
Andrea Koop,Daniel De la Rosa,-0.0013,0.0502
Savanna Ticknor,Audrey Banada,0.0054,0.0519
Sophie Abrams,Hailee Haymore,-0.0065,0.051
Victoria Dimuzio,Vivienne David,-0.0033,0.0479
Zane Ford,Tom Evans,0.0011,0.0504
Parris Todd,Lacy Schneemann,-0.0023,0.053
Dylan Frazier,Eric Oncins,0.0381,0.0471
Riley Newman,Patrick Smith,-0.0003,0.0493
Genie Bouchard,Marcela Aguila Ampon,0.0066,0.0516
Julian Arnold,Matt Wright,-0.0035,0.0529
Ariana Rodriguez,Simone Leonard,-0.0007,0.0532
Barbara Petra Fuzesi,Meray Maalouf,-0.0005,0.05
Ella Cosma,Cailyn Campbell,0.0013,0.0518
Jessica Jones,Britton Pemberton,-0.0007,0.0491
Brie Aldridge,Shea Donahue,0.0129,0.0525
Layne Sleeth,Alix Truong,0.0082,0.0516
Yates Johnson,Marshall Brown,0.0033,0.0491
Caitlin Klaassen,Chandra Kusuma,-0.0053,0.0517
Mohaned Alhouni,Stephen Madonia,0.0046,0.0495
Pesa Teoni,Yuta Funemizu,-0.0076,0.0512
Adam Harvey,Juan Benitez,0.0141,0.0526
Polina Libo,Cleo Bond,-0.0034,0.0549
Jessica Haywood,Komal Safdar,-0.0036,0.0514
Kayla Nesbitt,Evie Kenna,0.0025,0.0491
Elina Geut,Andi Godwin,0.0017,0.0554
Lucy Kovalova,Mehvish Safdar,-0.007,0.0521
James Ignatowich,Ryan Fu,-0.0041,0.0509
Callie Smith,Milan Rane,0.0051,0.0504
Roscoe Bellamy,Max Freeman,0.0041,0.0542
Lea Jansen,Mari Humberg,-0.0,0.0498
Blaine Hovenier,John Cincola,0.0051,0.0548
Zoey Weil,Helena Jansen,-0.003,0.05
Chuck Taylor,Tam Trinh,-0.0012,0.0505
Zane Navratil,Carlos Di Laura III,-0.0112,0.0484
Chase Rigdon,Juan Pinilla,-0.0031,0.0538
James Seagraves,Sebastian Herrera,0.0061,0.0512
Monika Wynne,Jessica Mason,0.0009,0.0493
Putri Insani,Gabi Dekkers,-0.0003,0.054
Sean Gruen,Ethan Pipitone,-0.0035,0.0505
Mickey Randazzo,Zach Dixon,-0.0005,0.0516
Austin Bricker,Van Damrongsri,0.0024,0.05
Chris Jammal,Mark Growcott,0.0126,0.0517
Carlee Teague,Adela Umannova,-0.01,0.0517
Felicity Di Laura,Tatiana Ruhl,0.0288,0.0514
Louis Bernard,Bee Vo,-0.0012,0.0512
Zoeya Khan,Danna Funaro,0.0002,0.0505
Niles Parungao,Izaak Gonzalez,-0.0005,0.0539
Jay Evans,Matthew Finnerty,0.0175,0.0502
Troy Huynh Jr,Andy Ngo,-0.0001,0.0526
Jose Martinez,Bret Berryman,0.014,0.0497
Austin Mireles,Divin Sarthak,0.0042,0.0498
Emanuel Nguyen,Hsieh Chen-An,-0.01,0.0515
August Doucet,Eli Haymon,-0.0044,0.0526
Jeff Lee,Garrett Goh,0.0055,0.0526
Jeffrey Brown Jr,Eduardo Bilbao,-0.0001,0.0493
Sophia Phuong Anh Tran,Mayu Ito,-0.0076,0.0543
Jimmy Liong Kai Long,Marco Leung,-0.0194,0.0525
Mats Dolese,Jack Boxill,0.0035,0.0528
Jeremy Aliff,Anthony Parfait,-0.0028,0.0521
Ella Yeh,Elsie Hendershot,-0.0012,0.0516
Yufei Long,HO Tam,-0.0136,0.0501
HO Tam,Hsieh Chen-An,0.0081,0.0539
Thomas Benassi,Sophia Phuong Anh Tran,-0.006,0.0513
Carlee Teague,Jack Boxill,0.004,0.0516
Yufei Long,Marco Leung,0.007,0.0541
James Seagraves,Danna Funaro,-0.0023,0.0513
Chase Mason,Adela Umannova,0.0098,0.0507
Andy Ngo,Putri Insani,-0.0078,0.0503
Ella Yeh,Adair Garcia,-0.0052,0.0499
Eva Kohutova,John To,-0.0035,0.052
Eduardo Bilbao,Maddie Scharfenstein,-0.0019,0.0538
Jimmy Liong Kai Long,Athilla Miasara Bt Azizul Azhar,0.0079,0.0515
Jose Martinez,Tatiana Ruhl,-0.0027,0.0495
Cindy Kuragami,Louis Bernard,-0.0057,0.0504
Victoria Dimuzio,Todd Fought,0.0077,0.0501
Cleo Bond,Donald Young,0.0193,0.0502
Eric Oncins,Tina Pisnik,-0.0016,0.0449
Rachel Rohrabacher,Jackie Kawamoto,-0.0141,0.0463
Etta Tuionetoa,Tina Pisnik,-0.0237,0.0509
Victoria Dimuzio,Vivian Glozman,-0.0047,0.0484
Lingwei Kong,Cleo Bond,-0.0098,0.0524
Anna Leigh Waters,Will Howells,0.0034,0.049
Lea Jansen,CJ Klinger,-0.0108,0.0466
Riley Newman,Dekel Bar,-0.0016,0.0482
Eric Oncins,Christian Alshon,-0.0158,0.0469
Zane Navratil,Meghan Dizon,0.0002,0.0501
Parris Todd,Andrei Daescu,-0.0057,0.0445
Zane Navratil,Will Howells,0.0239,0.0503
Anna Leigh Waters,Meghan Dizon,0.0153,0.0481
Ryan Fu,Judit Castillo,-0.0112,0.0507
Irina Tereschenko,Judit Castillo,0.0064,0.0528
Jay Devilliers,Mya Bui,-0.0039,0.051
Irina Tereschenko,Blaine Hovenier,-0.0039,0.0506
Todd Fought,Jaume Martinez Vich,-0.0089,0.0489
Zane Ford,Donald Young,-0.0069,0.0509
Zane Ford,Lingwei Kong,-0.0052,0.0523
Isabelle Papazyan,Matthew Kouznetsov,0.0047,0.0511
Anna Hughes,Noah Hlavac,-0.0079,0.0526
Michael Russ,Aleisha Horridge,-0.0012,0.0547
Ela I Puleni Vakaukamea Jr.,Semisi Fanguna,-0.0014,0.0519
Quinnton Pari-Collins,Michaela Winiata,0.0013,0.0559
Chris Baum,Crystal Mildwaters,0.005,0.0513
Feiloakitohi Tavalea,Sarah Paea,-0.0046,0.0501
Samantha Parker,Lacy Schneemann,-0.0007,0.0476
Genie Bouchard,Jessie Irvine,0.0001,0.0489
Dylan Frazier,Federico Staksrud,0.0108,0.0493
Jack Sock,Tyson McGuffin,-0.0009,0.0485
Augustus Ge,JW Johnson,-0.0239,0.0464
Collin Johns,Kaitlyn Christian,-0.0024,0.0498
Genie Erokhina,Allyce Jones,-0.0415,0.0527
Dylan Frazier,Samantha Parker,-0.0223,0.0481
Tamaryn Emmrich,Ben Johns,0.0007,0.0498
Federico Staksrud,Lacy Schneemann,-0.0154,0.0484
Jessie Irvine,Tyson McGuffin,0.0083,0.0476
Genie Erokhina,Tyler Loong,-0.0163,0.0496
Zachary Grabovic,Olivia McMillan,0.0017,0.0511
Lucas Pascoe,Lauren Mercado,-0.0014,0.0512
Connie Lee,Eunggwon Kim,-0.0034,0.0497
Santhosh Narayanan,Marcela Donatoni,0.0049,0.0514
Oliver Gray,Thaddea Lock,-0.0051,0.0512
Robert Stirling,Andie Dikosavljevic,-0.0005,0.0516
Ryan Henry,Bernadette Massih,0.0027,0.0535
Nicholas Maleganeas,Bee Horsley,0.0037,0.0537
Ella Boydston,Andrew Horridge,0.0017,0.0524
Mitchell Hargreaves,Nicola Schoeman,0.0054,0.0508
Talia Saunders,Jose Farias,0.0026,0.0502
Conor Robertshawe,Alexis Debol,-0.0024,0.0546
Hong Kit Wong,Sarah Hua,-0.0,0.0527
George Wall,Sarah Burr,0.0111,0.0528
Taylor Smith,Ashlee Graham,-0.0034,0.0527
Tristan Stayt,Brittany Yang,-0.0026,0.0528
Lizzie Brady,Aaron Blitz,0.0006,0.0508
Vanshik Kapadia,Vrushali Thakare,-0.0075,0.0506
Naimi Mehta,Rob Cassidy,-0.0064,0.0528
Kyle Whatnall,Kaitlynn Hart,-0.0057,0.0517
Mihae Kwon,James Wilson,0.0016,0.0528
Molly O'Donoghue,Louis Laville,0.0012,0.0515
Jamie Haas,P H,0.0008,0.053
Daniel Fogl-Kulich,Katie Morris,-0.0049,0.0544
Theo Platel,Paula Rives,-0.0083,0.0522
Quang Duong,Catherine Parenteau,-0.0002,0.0508
Quang Duong,AJ Koller,0.0072,0.0541
AJ Koller,Jade Kawamoto,-0.0027,0.0511
Jade Kawamoto,Catherine Parenteau,-0.0143,0.0475
Santhosh Narayanan,Jose Farias,-0.0099,0.0521
Louis Laville,P H,0.0041,0.0516
Ivan Stride,Shayne Nijssen-Smith,0.0012,0.0547
Simon Barker,Kent Mori,0.0013,0.0518
Rico Del Rosario,Sharon Gregory,-0.0047,0.0524
Blair Waldin,Anita Smith,-0.0023,0.0565
Bernadette Massih,Talia Saunders,0.0111,0.0506
Naimi Mehta,Connie Lee,-0.003,0.0472
Terrie Robson,Tek Tea,-0.0029,0.0518
Brian Evans,Sue Evans,-0.0058,0.0501
Jai Grewal,Rob Cassidy,0.009,0.0512
Theo Platel,Andrew Horridge,-0.0049,0.0513
Andrew Kratzmann,Daret Gooch,0.0137,0.053
Glenn White,Paul Yeatman,-0.0052,0.051
Christian Andrade,Simone Kessell,0.0034,0.0511
Isabelle Papazyan,Crystal Mildwaters,0.0043,0.051
Lizzie Brady,Aleisha Horridge,-0.0012,0.0507
Lucas Pascoe,Mitchell Hargreaves,0.002,0.0551
David Richardson,Aaron Blitz,-0.0021,0.049
Justine Delport,Shane Wilson,0.0078,0.0521
Anna-Lise Bolton,Daret Gooch,-0.001,0.0529
Tony Field,Angela Bertuleit,-0.0067,0.0538
Grant Chambers,Annie Hawaikirangi,0.0014,0.0503
Jamie Haas,Sarah Burr,0.0103,0.0506
Leona Huynh,Alexis Debol,-0.0037,0.0546
Glenn White,Gretchen Lund,-0.0018,0.051
Elizabeth Dobson,Jeremy Pearson,0.0008,0.0499
Ivan Stride,Miki Masui,0.0006,0.0512
Damon Curtis,Goretti Sua,0.0041,0.0494
Andrew Kratzmann,Louise Curtis Kratzmann,-0.0078,0.0521
Lauren Mercado,Nicola Schoeman,-0.0038,0.0525
Joseph Wild,Eunggwon Kim,0.0044,0.0527
James Wilson,Michael Russ,-0.0064,0.0521
Vanshik Kapadia,Leander Lazaro,0.0035,0.0519
Andy Van der Vyver,Quinnton Pari-Collins,0.0,0.0519
Simon Barker,Linda Moore-Carter,-0.0029,0.0514
Glen Young,Brandon Vickers,-0.0041,0.0527
Henry Mateo,Helen Henry,-0.0041,0.0543
Hong Kit Wong,George Wall,0.0052,0.0525
Robert Stirling,Zachary Grabovic,0.0121,0.0492
Mandy Corbett,Shayne Nijssen-Smith,0.0061,0.049
Naomi Amakawa,Martin Clark,0.0098,0.051
Kyle Whatnall,Ryan Henry,-0.003,0.0525
Brandon Contratto,Conor Robertshawe,-0.0001,0.052
Andie Dikosavljevic,Vrushali Thakare,0.0109,0.0485
Mihae Kwon,Bee Horsley,-0.0056,0.0534
Belinda Crane,Mike Newell,0.0086,0.0505
Sarah Jane Lim,Katie Morris,0.0005,0.0488
Paula Rives,Olivia McMillan,0.0058,0.0526
Daniel Fogl-Kulich,Matthew Kouznetsov,0.0055,0.0506
Grant Chambers,Adam Bisley,-0.0027,0.0546
Henry Mateo,Rico Del Rosario,-0.0009,0.0516
Ruben A Gonzales Jr,Kenta Miyoshi,0.0002,0.0479
Peter Clarke,Oscar Clarke,-0.0033,0.0503
Danni-Elle Townsend,Michelle Esquivel,-0.0052,0.0516
Shaun Tamai,Pierce Corbett,-0.0022,0.0529
Jordan Halliday,Cameron Ellis,0.0015,0.0495
Molly O'Donoghue,Thaddea Lock,0.0014,0.051
Aiko Yoshitomi,Marcela Donatoni,-0.0047,0.0473
Taylor Smith,Thanh Huynh,-0.004,0.0502
Brad Chan,Sharon Tindall-Ford,-0.0021,0.0544
Tom Molloy,Richard Mercer,-0.0081,0.0525
Jason Kerr,Chris Pascoe,0.0012,0.0527
Nicholas Maleganeas,Oliver Gray,-0.0004,0.0546
Feiloakitohi Tavalea,Semisi Fanguna,0.0024,0.0526
Linda Sleiman,Paul Yeatman,-0.0019,0.0524
Damon Curtis,Shane Wilson,-0.0022,0.0514
Tommy Southon,John Southon,-0.0012,0.0507
Michaela Winiata,Brittany Yang,-0.003,0.0504
Callie Smith,Vivienne David,-0.0044,0.0493
Callie Smith,Max Freeman,-0.0197,0.0486
Tina Bianchi,Elizabeth Dobson,0.0039,0.0529
Belinda Crane,Linda Sleiman,0.0055,0.0503
Julia Drake,Sharon Oconnor,-0.0055,0.0512
Miki Masui,Mandy Corbett,0.0002,0.0559
Annie Hawaikirangi,Sharon Gregory,0.0036,0.0495
Jeremy Pearson,Martin Clark,-0.0028,0.0516
Naomi Amakawa,Robyn Flood,-0.0026,0.0526
Goretti Sua,Justine Delport,-0.0059,0.0543
Christian Andrade,Tony Field,0.0058,0.0491
Mike Newell,Tek Tea,-0.0005,0.0534
Gretchen Lund,Sue Evans,0.004,0.0494
Jacqui Lukies,Louise Reynolds,-0.009,0.0523
Terrie Robson,Angela Bertuleit,0.0095,0.0514
Collin Johns,Liz Truluck,-0.0085,0.0536
Andrei Daescu,Roscoe Bellamy,-0.007,0.0515
Tamaryn Emmrich,Liz Truluck,-0.0011,0.0513
Kate Fahey,Gabriel Tardio,0.0221,0.0467
Lea Jansen,Roscoe Bellamy,0.0046,0.0518
Ross Whittaker,Liz Truluck,0.0055,0.0535
Cleo Bond,Dominique Schaefer,-0.0055,0.0522
Tamaryn Emmrich,Martin Emmrich,-0.0066,0.0492
Ross Whittaker,Martin Emmrich,-0.0218,0.0519
Zoey Weil,Tamaryn Emmrich,-0.0024,0.0493
Casey Taitel,Neely Sullivan,-0.0005,0.0484
Miranda Cabieses,Andi Godwin,0.0077,0.0522
Christopher Crouch,Jae Centonze,-0.0062,0.0511
Nicolas Visser,Cobi Moore,0.0055,0.051
Dylan Taylor,Preston Gordon,-0.004,0.0515
Sasha Fisher,Cynthia McPherson,0.0092,0.0481
Max Vogt,Diego Lebron Perez,0.0025,0.053
Thomas Surette,Ryan Mirrione,-0.0045,0.0509
Billy Buchhauser,Nicholas Wade,-0.0007,0.0522
Corey Dipaola,Tyler Barron,0.0017,0.0517
Heather Kim,Ana Gordon,-0.0007,0.0526
Nicolas Almeida,Ethan Hall,0.0018,0.0503
Jun Jeon,Mikael Vollbach,-0.006,0.051
Elisha Turner,Joshua Nougaret,0.0024,0.05
Joanie Benoit,Emy Bergeron,-0.0063,0.0518
Isabella Dunlap,Alina Munteanu,0.0021,0.0522
Hercilio Cabieses,Mauro Conde,0.0069,0.0519
Victor Contreras,Christopher Evans,-0.0067,0.0521
Lance Stevens Jr.,Trevor Schwarzmann,-0.0019,0.0495
Miles Hoover,Bret Berryman,0.0041,0.05
Omar Alfaro,Patrick Dempsey,-0.0019,0.0519
Sam Brown,Charlie Dimon,-0.0032,0.0521
Jordan Betts,Juan Benitez,-0.0015,0.0534
Anne Aldridge-Peacock,Grace Chen,-0.0076,0.0527
Heman Nama,Jesse Witten,-0.0043,0.0522
Heidi Herrera,Karolina Pierko,-0.0027,0.0535
Gabriel Wilamowski,Gautham Bondugula,-0.0058,0.0506
Hannah Ward,Catrina Coyner,-0.002,0.0487
Ava Pisacrita,Stevie Petropouleas,0.0015,0.0495
Beatriz Lopez,Tea Pejic,-0.0077,0.0525
Monika Wynne,Nicole Conard,0.0055,0.0495
Garrison Eaby,Shay Hugo,0.0014,0.0498
Jonathan Clark,Liam Porterfield,-0.0024,0.0532
Teddy Morin,Aidan Gorneau,0.008,0.0535
Derek Chapman,Noah Brady,-0.0012,0.0533
Sandy Wang,Courtney Waite,-0.0051,0.0502
Greg Bennett,Timur Tsorayev,0.0018,0.0515
Alex Guy,Sam Kim,0.0104,0.0505
Danko Kenjic,AJ Fitzsimmons,-0.0029,0.0512
Gabriel Sternlieb,Justin Pagan,0.0006,0.0509
Emma (ruoyi) Li,Sarah Mulhern,-0.0003,0.0514
Immanuel Zion,Michael Coleman,0.0039,0.0503
Griffin Beck,Faathih Haider,-0.0072,0.0517
Hudson De Risi,Zack Delgaizo,-0.0053,0.0518
Parker Wittman,Kaihe Allen,0.006,0.0512
Derek Fournier,Luke Chandler,-0.0044,0.0499
Lauren Williams,Abby Trieu,0.0026,0.0538
Ethan Correia,Joshua Ipkovich,-0.0088,0.0527
Seth Brady,Daniel Olson,-0.0036,0.0541
Anthony Korac,Michael Pham,-0.0076,0.0524
Ian Horne,Ryan Landon,-0.0016,0.049
Christopher Crouch,Brooke Caruso,0.0034,0.0497
Angie Walker,Anderson Scarpa,0.002,0.0469
Nicole Conard,Juan Benitez,0.0065,0.0495
Sandy Wang,Gabriel Sternlieb,0.0031,0.0523
Hannah Ward,Billy Buchhauser,0.0008,0.0494
Justin Pagan,Emma (ruoyi) Li,-0.0026,0.052
Heather Kim,Shay Hugo,-0.0024,0.0517
Robert Laidlaw,Neely Sullivan,0.0083,0.0499
Monika Wynne,Kaeden Young,-0.0014,0.0529
Teddy Morin,Abby Trieu,0.0014,0.0504
Tatiana Ruhl,Bret Berryman,0.001,0.0506
Courtney Waite,Dylan Taylor,0.001,0.0536
Filipe Parichkov,Andi Godwin,-0.0076,0.0526
Mauro Conde,Miranda Cabieses,-0.0087,0.054
Sydney Constantinidi,AJ Fitzsimmons,0.002,0.0528
Lauren Williams,Immanuel Zion,0.0021,0.0495
Caleb Herrick,Cynthia McPherson,-0.0071,0.0516
Corey Dipaola,Catrina Coyner,0.0028,0.0511
Jae Centonze,Stevie Petropouleas,-0.0107,0.0475
Cobi Moore,Casey Taitel,0.0029,0.0516
Jay Evans,Ava Pisacrita,-0.0017,0.0527
Freddie Powell,Shea Donahue,-0.0043,0.0533
Athilla Miasara Bt Azizul Azhar,Thomas Benassi,0.001,0.0522
Dennis Uspensky,Amanda Rosati,0.0063,0.0498
Kevin Caulfield,Chase Blocker,-0.0077,0.053
James Seagraves,Mouaad Alhouni,-0.0034,0.0529
Phillip Locklear,Helen Challenger,0.0001,0.0514
Brie Aldridge,Cameron Luhring,-0.0018,0.0536
Savanna Ticknor,Rob Cassidy,-0.0012,0.0528
Elina Geut,Jake Anderson,0.0047,0.0486
Spencer Talmadge,Lewis Halski,-0.0064,0.0511
Yufei Long,Ting Chieh Wei,0.0183,0.0533
Kate Earnhardt,Haley Ferguson,-0.0032,0.0498
Ahmad El-Zarif,Caraline Cox,-0.0096,0.0499
Jackson Ayotte,TY Parrish,0.0067,0.0503
Jaime Lladro,Jordan Kinney,0.0075,0.0489
Ryan Eveloff,Harrison Gold,0.0003,0.0512
Clint Frazier,Harrison Nevel,-0.0069,0.0536
Matthew Mead,Justin Fullmer,-0.0051,0.0534
Freddie Powell,Selim Ben Ali,-0.0035,0.0524
Kentaro Hamaguchi,Miles Hoover,0.0122,0.0505
Jake Kusmider,Luke Kusmider,-0.0029,0.0513
Giorgia Vitale,Jes Rochefort,0.0086,0.0494
Isabella Dunlap,Rachel Janssen,0.004,0.0495
Garrison Eaby,Jaeda Minniefield,0.0052,0.0481
Vincent Rettke,Michael Hollings,-0.001,0.0503
Stephen Bass,TJ Rudden,0.0043,0.0517
Tucker Segars,Samuel Wells,0.0037,0.0525
Frank Solana,Matthew Finnerty,-0.0052,0.0503
Trey Maust III,Jacob Mitchell,0.0007,0.0527
Joshua Giannelli,Demetric Marrero Jr,-0.0011,0.0486
Tendai Tapfuma,Davidson Kozlowski,0.0042,0.0545
Garrison Eaby,Matt Meadows,-0.0021,0.0526
Wil Shaffer,Sam Weinbach,-0.0063,0.0538
Jade Rau,Zachary Marceau,0.0081,0.049
Wil Shaffer,Giovanna Morelli,0.002,0.0545
Sergey Afanasenka,Alex Emery,0.0089,0.0484
Thomas Benassi,Marko Lovrinovic,0.0045,0.0522
Bradon Ly,Tyler Kane,-0.0027,0.0514
William Hart,Brett Clayton,-0.0019,0.0505
Ammar Wazir,Etienne Blaszkewycz,-0.0019,0.0516
Austin Bricker,Brandon Nsekpong,-0.005,0.0481
Eric Rubinger,Lionel Ortiz,0.004,0.0551
Josiah Watje,Victor Camilo Iii,-0.002,0.0524
Anouar Braham,Rio Newcombe,0.0036,0.0495
Jimmy Liong Kai Long,Eunggwon Kim,0.0009,0.0523
Athilla Miasara Bt Azizul Azhar,Mayu Ito,-0.0015,0.0506
Sharienne Ricardo,Estee Widdershoven,0.0027,0.0489
Morgan Downing,Emily Anderson,-0.0083,0.0519
Zach Gonnering,Alexander Crum,0.0091,0.0507
Wesley Hanson,Santino Romeo,0.0004,0.0482
Ting Chieh Wei,Eunggwon Kim,-0.0186,0.0516
Tan Lam,Rachel Janssen,-0.003,0.0492
Tammy Kim,Reba Williams,-0.0047,0.0527
Christianna Hornigold,Caraline Cox,0.009,0.0482
Savanna Ticknor,Jessica Mason,-0.0016,0.0503
Madison Wolfe,Kimmie Ouchi,0.0077,0.0508
Ella Yeh,Sam Weinbach,0.0031,0.0518
Ronan Camron,Zachary Marceau,-0.0008,0.0521
Luis Reyes Peñalverty,Andre Feliz,-0.0025,0.0537
Christianna Hornigold,Alexander Allweil,-0.0113,0.0507
Brandon Nsekpong,Nicole Conard,0.0027,0.0505
Austin Bricker,Madison Wolfe,-0.0017,0.0529
Daniel Miron,Helen To,0.0129,0.0479
Kayla Williams,Chloe Zigliara,-0.0058,0.0517
Gavin Nickerson,Mike Radermacher,-0.0047,0.0496
Michael I,Michael Coleman,-0.0012,0.0532
Kolton Youngblood,Diego Butanda,-0.0034,0.0523
Ella Yeh,Shea Donahue,-0.0025,0.0516
Chloe Zigliara,Mike Radermacher,-0.0042,0.0525
Tobias Moreno,Joshua Reason,-0.0089,0.051
Nicole Conard,Amanda Rosati,-0.0122,0.0475
Chris Walker,Jack Seymour,-0.0042,0.0528
Austin Bailey,Thomas Provost,-0.0019,0.051
Ryan Ng,Mayu Ito,-0.0104,0.0553
Phillip Locklear,Rob Cassidy,-0.0096,0.0524
Jimmy Liong Kai Long,HO Tam,0.0054,0.0515
Maximilian Wild,Cameron Luhring,-0.006,0.0499
Maria Klokotzky,Helen To,0.0045,0.0482
Brett Finan,Chen-An Hsieh,0.0029,0.0536
Cailyn Campbell,Kelsey Laurente,0.0122,0.0517
Jade Rau,Giovanna Morelli,-0.0089,0.051
Ella Cosma,Jaeda Minniefield,0.0261,0.0487
Benjamin Bramblett,Jake Anderson,-0.009,0.0514
Jace Morris,James Kaoma,-0.005,0.053
Lisa Borowsky,Kristen Van Dernoot,-0.0027,0.0516
Evgeniy Kim,David Yahng,-0.0035,0.0486
Juan Medina,Brookes Jones,0.0019,0.053
Sophia Phuong Anh Tran,Chen-An Hsieh,-0.0023,0.0513
Haley Ferguson,Gavin Nickerson,-0.0089,0.0521
Kayla Williams,Dale Kim,-0.0045,0.0507
Zoeya Khan,Caden Nemoff,0.0007,0.0529
Mehvish Safdar,Mota Alhouni,0.0011,0.0526
Mohaned Alhouni,Michelle Esquivel,-0.0006,0.0543
Sophia Phuong Anh Tran,HO Tam,0.0068,0.0519
Luana Stanciu,Juan Benitez,0.0142,0.0505
Maggie Brascia,Roscoe Bellamy,-0.0023,0.0548
Helena Jansen,Steve Deakin,0.004,0.0515
Felicity Di Laura,Dominique Schaefer,-0.0038,0.0519
Lauren Hidalgo-Smith,Jalina Ingram,-0.006,0.0526
Tam Trinh,Danna Funaro,-0.0054,0.0508
Sarah Ansboury,Marcela Aguila Ampon,0.0015,0.0538
Chloe Igleski,Paula Rives,-0.0028,0.0488
Hannah Blatt,Yuta Funemizu,0.007,0.0497
Audrey Adele Brown,Gregory Dow,0.0021,0.0562
Felicity Di Laura,Collin Johns,0.0081,0.0503
Lingwei Kong,Darrian Young,-0.0027,0.053
Mya Bui,John Lucian Goins,-0.002,0.0547
Marshall Brown,Dominique Schaefer,0.0019,0.0501
Audrey Adele Brown,Mehvish Safdar,-0.003,0.0484
Julia Ronney,Lara Giltinan,-0.0025,0.0513
Blaine Hovenier,Darrian Young,0.0061,0.0515
Riley Newman,Lindsey Newman,0.0029,0.0514
Kaitlyn Christian,Augustus Ge,-0.0228,0.0517
Gabriel Joseph,Luke Wasson,0.0034,0.0491
Alix Truong,Max Freeman,0.0105,0.0515
Tatiana Ruhl,Patrick Smith,0.0023,0.052
Craig Johnson,Jalina Ingram,-0.0152,0.0519
Gabriel Joseph,Polina Libo,0.0156,0.0513
Mary Brascia,Blaine Hovenier,0.0179,0.0492
Julia Ronney,Daniel Jensen,-0.0044,0.05
Jhonnatan Medina Alvarez,Paula Rives,-0.0032,0.05
Meghan Dizon,Jaume Martinez Vich,0.0007,0.0496
Tom Protzek,Ross Whittaker,-0.0026,0.055
Yates Johnson,Lina Padegimaite,-0.0093,0.0531
Stephen Madonia,Jhonnatan Medina Alvarez,-0.0015,0.0531
Rachel Summers,Tatiana Ruhl,-0.0018,0.0525
Adam Harvey,Brooke Caruso,0.0198,0.0485
Craig Johnson,Yuta Funemizu,-0.0117,0.0509
AJ Koller,Ivan Jakovljevic,-0.0054,0.0508
Tom Protzek,Salome Devidze,0.009,0.0523
Dylan Frazier,Jade Kawamoto,-0.0039,0.0504
Hannah Blatt,Michelle Esquivel,0.0011,0.0517
Christine Trifunovic,Luana Stanciu,-0.0062,0.0501
James Delgado,Steve Deakin,-0.0021,0.0494
Cason Campbell,Juan Benitez,0.0033,0.05
Liz Truluck,Ryan Fu,0.0066,0.0507
Zoey Weil,Camila Zilveti,0.0028,0.0543
Polina Libo,Brooke Caruso,-0.0075,0.0509
Alix Truong,Mya Bui,-0.01,0.0508
Zane Ford,Victoria Dimuzio,-0.0082,0.0497
Anna Leigh Waters,Anna Bright,0.0273,0.0482
Martina Frantova,Lindsey Newman,0.0025,0.0507
Jay Devilliers,Augustus Ge,0.0098,0.0513
Julian Arnold,Patrick Smith,0.0245,0.0529
Jade Kawamoto,Jorja Johnson,-0.0052,0.0501
Zane Navratil,Roscoe Bellamy,-0.0055,0.0512
Etta Tuionetoa,Vivienne David,0.0077,0.0524
Rachel Rohrabacher,Catherine Parenteau,0.027,0.0485
Andrea Koop,Layne Sleeth,0.0046,0.0532
Lingwei Kong,Helena Jansen,-0.005,0.051
Noe Khlif,Tyson McGuffin,0.0021,0.0495
Jade Rau,Stevie Petropouleas,-0.004,0.0498
Ashley Griffith,Ava Ignatowich,0.0141,0.0497
Ben Berven,Jesse Witten,-0.0008,0.051
Michael Coleman,Jake Benjamin,-0.0052,0.053
Ben Yue,Kamden Bradstreet,0.0013,0.0514
Chris Walker,Jayce Landheer,-0.0001,0.0499
Jason Brotman,Nick Springer,-0.0067,0.053
Coulson Hamblett,Grant Kayworth,-0.0019,0.0498
Will Lieberman,Brookes Jones,-0.0083,0.0518
Jay Jaudon,John Lucian Goins,0.0043,0.0545
Eber Molina Jr,Nicolas Almeida,0.0073,0.0498
Alia Brown,Pierina Imparato,0.0032,0.0478
Justin Graham,Roger Dugas,0.0051,0.0489
Jay Evans,Jemere Plummer,0.0193,0.0489
Michael Leonard,Daniel Couzens,0.01,0.0541
Lauren Hidalgo-Smith,Lara Giltinan,0.0095,0.0495
Brayden Nguyen,Victor Camilo Iii,-0.0002,0.0522
Juan Navarrete,Hudson De Risi,-0.0019,0.0544
Erik Dunigan,John Marando,-0.0019,0.0506
Tom Protzek,Anouar Braham,0.0006,0.0478
Sanil Jagtiani,Thomas Romano,0.0147,0.0533
Benjamin Brietz,Cade Vanetten,0.004,0.0466
Wesley Hanson,William Hart,0.0056,0.0488
Maximilian Wild,Stephen Bass,-0.0056,0.0499
Kara Evans,Victoria Shinkaretzky,-0.0072,0.0506
Sullivan Tipton,Connor Daland,0.0003,0.0492
Dylan Lewis,Mason Durbin,0.001,0.0533
Brandon Tom,Brandon Gregoire,-0.0043,0.0535
Forest Dennis,Caden Salefsky,-0.0034,0.0505
Adalynn Lund,Dominique Lemperle,0.0029,0.0499
Louise Kwong,Jada Bui,0.001,0.0491
Gray Roberts,Edgar Roberts,-0.0061,0.0531
Nilton Chafloque,Karson Feyereisen,-0.004,0.0494
Matthew Finnerty,Adam Kework,-0.0072,0.0511
Christopher Crouch,Martin Michelsen,0.0034,0.0508
Drew Holder,Nejc Sitar,0.005,0.0521
Davidson Kozlowski,Domenico Geminiani,-0.0013,0.0491
Brittany Levkulich,Mandy Gabriel,0.0049,0.0515
Andi Godwin,Sydnee Metzold,-0.0039,0.0509
Alex Rastorgouev,Steven Nikolic,0.0018,0.0503
Ava Pisacrita,Helen Challenger,-0.001,0.0511
Haley Ferguson,Jaeda Minniefield,-0.0132,0.0523
Mitchell Russell,James Bratt,0.0028,0.0528
George Bulger,Noah Torres,-0.0072,0.0545
Stephen Madonia,Harrison Gold,-0.0074,0.0519
Zane Ford,Tendai Tapfuma,-0.0069,0.0518
Piercarlo Usai,Jake Faryniarz,-0.0087,0.0515
Alex Nicholas,Ryan Sherry,-0.0008,0.0526
Jada Bui,Kamden Bradstreet,0.0044,0.0514
Nicholas Astbury,Sydnee Metzold,-0.002,0.0544
Wesley Hanson,Hailee Haymore,0.0132,0.0537
Anouar Braham,Maebry Jones,0.0234,0.0529
Hercilio Cabieses,Stevie Petropouleas,-0.0054,0.0491
Mitchell Russell,Andrea Symkoviak,-0.003,0.0528
Justin Graham,Kara Evans,-0.0027,0.0523
Lara Giltinan,John Lucian Goins,0.0165,0.0502
Nicole Conard,Domenico Geminiani,0.0096,0.0521
Zane Ford,Maria Ford,0.0202,0.0511
Kyler Pacyga,TC Anderson,-0.0022,0.0514
Jade Rau,Filipe Parichkov,-0.007,0.0509
Haley Ferguson,Victor Camilo Iii,0.0115,0.0504
Dominique Lemperle,Michael Leonard,0.0028,0.054
Christopher Crouch,Victoria Shinkaretzky,0.0083,0.0513
Jay Evans,Eva Kohutova,0.0043,0.0512
Alex Sweet,Natalia Maynetto,-0.0031,0.0514
Adair Garcia,Jaeda Minniefield,-0.0027,0.0508
Sofia Manzanares,Connor Daland,0.0039,0.0552
Victor Marquez,Isabella Ochoa,-0.0121,0.0518
Ava Pisacrita,Nicolas Almeida,-0.0064,0.0553
Adrienn Hidvegi,James Bratt,-0.0006,0.0516
Ignacio De Elia,Jessica Cortes,-0.0008,0.0512
Savanna Ullmann,Myles Call,-0.0039,0.0509
Tom Protzek,Simone Leonard,-0.0201,0.0503
Catherine Parenteau,Spencer Smith,-0.017,0.0473
Hunter Johnson,Spencer Smith,0.0013,0.0485
Jalina Ingram,Judit Castillo,-0.0141,0.0489
Jack Sock,Alex Walker,0.0016,0.0491
Blaine Hovenier,Jalina Ingram,0.0139,0.0516
Jessie Irvine,Alex Walker,-0.0051,0.0533
Haddow Thul,Divin Sarthak,-0.003,0.0523
Bryce Larson,Braden Jacobson,-0.0105,0.0482
Maximilian Wild,Miles Hoover,-0.0066,0.0475
Lucas Coutinho,Nicholas Wade,0.003,0.0503
Grayson Brandon,Dan Clark,-0.0031,0.0489
Jesse Eyman,Scotty Wong,-0.0021,0.054
Billy Buchhauser,Kendall Kikkawa,0.0202,0.0513
Tom Protzek,Austin Bricker,0.0122,0.0478
John Thorn,Kace Heiner,0.0019,0.0513
Joel Cassens,Matthew Finnerty,-0.0112,0.0505
Nick Werner,Michael Wolf,0.0087,0.0529
Brookes Jones,Liam Porterfield,-0.0033,0.0528
Rouzbeh Ghotbi,Izaak Gonzalez,-0.0031,0.0535
Paul Lennick,Daniel Colon,0.0036,0.0508
Nicole Conard,Rachel Summers,0.0123,0.0502
Darcy Shore,Stevie Petropouleas,-0.0006,0.0513
Benson Parry,Austin Ciampini,0.003,0.0512
Liam Duffin,Clayton Boydston,0.007,0.0489
Jase Edwards,Kenny Ortega,0.0117,0.0515
Chloe Igleski,Dana Raugust,0.0009,0.0515
Emma Van Hee,Abbigal Hatton,0.0081,0.0518
Yolena Carlon,Mary Monson,-0.009,0.0493
Breaden Brooks,Luke Calvert,0.0034,0.0517
Luana Stanciu,Courteney Landis,-0.0087,0.0525
Monika Wynne,Bryanna Ojeda,-0.0004,0.0502
Elsie Hendershot,Ella Cosma,-0.0079,0.0481
Isabella Dunlap,Brenna Murray,-0.0158,0.0512
Paranya Jareonvongrayab,Tiffany Wang,0.0135,0.0564
Matthew Mead,Bret Berryman,0.0073,0.0494
Levi Daniel,Justin Fullmer,0.0083,0.0506
Damon Little,Garrett Little,0.0034,0.0542
Marianna Petrei,Maddy Rasmusen,-0.0019,0.0539
Max Meza,Hudson De Risi,0.0021,0.051
Rachel Rettger,Vivian Glozman,-0.0035,0.0497
Mary Monson,Kenny Ortega,-0.0097,0.0514
Benson Parry,Olivia Phillips,-0.0041,0.053
Isabella Dunlap,Luke Ness,-0.0176,0.0529
Nicole Conard,Zach Gonnering,0.0146,0.0537
Zoeya Khan,Edward Perez,0.0204,0.0517
Paranya Jareonvongrayab,Harrison Yee,-0.0026,0.0491
Bryanna Ojeda,Austin Bricker,-0.0101,0.0506
Emma Van Hee,Brookes Jones,0.0298,0.0512
Maximilian Wild,Stevie Petropouleas,0.0206,0.0508
Luana Stanciu,Victor Camilo Iii,-0.0033,0.0486
Breaden Brooks,Riley Hanks,-0.0049,0.0504
Tom Protzek,Brenna Murray,0.0093,0.0485
Cheyenne Jones,Devon Sikora,-0.0048,0.0518
Yolena Carlon,Austin Ciampini,-0.0039,0.0524
Albert Wan,Tiffany Wang,0.0038,0.0495
Holli McDonald,Luke Calvert,-0.0037,0.0524
Ella Cosma,Braden Jacobson,0.0053,0.0515
Elsie Hendershot,Bryce Larson,0.0074,0.0503
Preston Engel,Rachel Summers,-0.0117,0.0491
Monika Wynne,Bret Berryman,-0.0104,0.0496
Darcy Shore,Michael Wolf,0.001,0.0507
Billy Buchhauser,Maria Lopez,-0.0032,0.0538
Dylan Ciampini,Miles Hoover,-0.0048,0.0508
Todd Fought,Rachel Rettger,-0.009,0.0515
Dekel Bar,Patrick Smith,0.0034,0.0507
Stephen Madonia,Lingwei Kong,-0.0007,0.0533
Anna Leigh Waters,Christa Gecheva,-0.0032,0.0529
Lingwei Kong,Dominique Schaefer,0.0127,0.0493
AJ Koller,Dominique Schaefer,-0.0131,0.0515
Pierina Imparato,Vivian Glozman,0.0096,0.0503
Stephen Madonia,AJ Koller,0.0152,0.0507
Pierina Imparato,Max Freeman,0.0048,0.0526
Helena Jansen,Tina Pisnik,-0.0057,0.0512
Helena Jansen,Christian Alshon,0.0027,0.0545
Callie Smith,Vivian Glozman,0.0108,0.0519
Eric Oncins,Michael Loyd,-0.0017,0.0501
Helena Jansen,Michael Loyd,0.0056,0.053
Flynn Kantzalis Orton,Nathan Tsai,-0.0014,0.0517
Wil Shaffer,Rio Newcombe,-0.0092,0.0511
Aryaan Bhatia,HO Tam,-0.002,0.0512
Matthew Sah,Alyssia Fossorier,0.0079,0.0524
Kayla Field,Pieter De Vries,0.0062,0.0505
Tiffany Nguyen,Yaamunan Venkatesan,0.0053,0.0518
Katie Swisher,Jeremy Swisher,-0.0006,0.0473
Jase Edwards,TY Parrish,0.0099,0.051
Callan Dawson,Etienne Blaszkewycz,0.0005,0.054
Jace Morris,Andrew Caldarella,-0.0082,0.052
Chas Howard,Jaxon Madsen,0.0057,0.052
Jimmy Liong Kai Long,Sophia Phuong Anh Tran,0.0175,0.0515
Drake Palm,Giovanna Morelli,0.0023,0.0548
Madison Grollman,Cade Pierson,0.0043,0.0525
Jessica Jones,Maria Ford,-0.0079,0.0556
Andre Mercado,Will Mackinnon,-0.0107,0.0524
Jordan Bridge,Spencer Weinberg,0.0067,0.0547
Wendy Weston,Billy Buchhauser,0.0041,0.0505
Victoria Nguyen,Jack Sahid,0.0053,0.0483
Jessica Wilcox,Zachary Grabovic,-0.0034,0.0517
Samuel Sippel,Brad Barker,-0.0031,0.051
Regina Goldberg,Etienne Blaszkewycz,0.0075,0.0487
Maria Ford,Jase Edwards,0.0018,0.0511
Kento Tamaki,Leah Tauber,0.0055,0.0534
Bryanna Ojeda,Matthew Mead,0.0172,0.0514
Aryaan Bhatia,Marco Leung,-0.0024,0.0514
Lily G,Anthony Skalabrin,-0.0032,0.0527
Daniel Roditi,Michelle Murphy,0.0033,0.0514
Natalie Raney,Michelle Murphy,-0.0037,0.0489
Paranya Jareonvongrayab,Isabella Hoang,-0.0028,0.0543
Billy Buchhauser,Yaamunan Venkatesan,0.0045,0.0489
Michael Wolf,Sebastian Herrera,0.0003,0.049
Andre Feliz,Luc Pham,0.0015,0.0535
Joseph Wild,Zachary Grabovic,-0.0066,0.0504
Morgan Shepherd,Aaron Li,0.0008,0.0488
Indigo Dagnall,Mackonner Dy,-0.0026,0.0488
Daniel Byun,Paranya Jareonvongrayab,-0.0052,0.0516
Ryan Ng,Athilla Miasara Bt Azizul Azhar,0.0005,0.0477
Cai Haught,Luke Williams,0.001,0.0531
Albert Wan,Alex Long,0.0016,0.0514
Madison Wold,Ali Amiri,0.0104,0.0493
Tama Shimabukuro,Kiora Kunimoto,-0.0192,0.0522
Sammy Lee,Jonathan Truong,0.0038,0.0506
Victor Rodrigo,Daniel Byun,0.0028,0.0532
Leah J,Elsie Hendershot,-0.0138,0.0501
Cade Pierson,Derek Shearer,-0.0002,0.0509
Alex Chan,Mikus Losbergs,0.0044,0.0491
Johnny Goldberg,Derek Shearer,0.0022,0.0488
Isabella Hoang,Evgeniy Kim,0.0022,0.0539
Matthew Sah,Cadell Traya,-0.0016,0.0527
Ninh Nguyen,Anthony Tran,0.0,0.0539
Deanna Pham,Tiffany Wang,-0.0,0.0505
Alison Bruggeman,Kiora Kunimoto,-0.0007,0.0529
Zach Gonnering,Rafael Lenhard,-0.0015,0.0527
Nikita Snezhko,Walter Lau,-0.001,0.0543
Deanna Pham,Harrison Yee,0.0091,0.0539
E. Elenga Satuala,Luc Pham,0.0007,0.0519
Emily Mone,Anthony Starkey,-0.0022,0.0492
Nick Black,Drake Palm,-0.0043,0.0536
Ernesto Russo,Elliot Markowitz,-0.0003,0.0508
Anthony Starkey,Adam Johnson,-0.0017,0.0529
Daniel Phillips,Olivia Phillips,-0.0052,0.0508
Christine Maddox,Alexander Crum,0.0078,0.0516
Luke Williams,Riley Inn,0.0107,0.0533
Levi Daniel,Arjun Thyagarajan,0.0031,0.0503
Audrey Banada,Giovanna Morelli,0.0128,0.0485
Jessica Bowman,Alex Chan,0.0017,0.0478
Ryan Ng,Hsieh Chen-An,0.0126,0.0527
James Kaoma,Jordan Chrysostom,0.012,0.0498
Tom Van,Sivam Rao,0.0062,0.0548
Matthew Mead,Evgeniy Kim,-0.009,0.0519
Austin Bachman,Cade Edwards,0.0051,0.0542
Daniel Loney,Nicholas Garza,0.0011,0.0532
Sunny Krittayaweth,Emma Trieu,-0.002,0.0541
Tama Shimabukuro,Harrison Yee,-0.0001,0.0505
Demetric Marrero Jr,Andrew Angulo,-0.0105,0.0493
Matthew Barlow,Anouar Braham,-0.0078,0.0509
Ford Casady,Boone Casady,-0.0026,0.0499
Ryan Eveloff,Alexander Crum,0.0022,0.0479
Daniel Phillips,Lucas Jensen,0.0019,0.0518
Alison Bruggeman,TY Parrish,0.0047,0.0501
Dalton Kates,Jerry Worsham,-0.0015,0.0503
Andre Mercado,Simone Leonard,-0.0049,0.0527
Anthony Skalabrin,Marko Lovrinovic,-0.0005,0.0522
Carlota Trevino,Olivia Phillips,0.003,0.0508
Kaden Kring,Jack Sahid,-0.0011,0.053
Sean Munoz,Dalton Hess,-0.0006,0.0539
Dayna La Belle,Kathryn Glavinovich,0.005,0.0522
Mayu Ito,Hsieh Chen-An,-0.0006,0.0514
Jessica Jones,James Kaoma,0.0005,0.051
Leah J,Adam Cheney,0.0027,0.0518
Jayden Tsao,Zach Vond,-0.0068,0.0512
Zach Gonnering,Aline Morales,-0.001,0.0503
Ivan Jakovljevic,Gregory Dow,0.0025,0.0487
Felicity Di Laura,James Delgado,-0.0112,0.0516
Edward Perez,Stephen Madonia,-0.0054,0.0511
Todd Fought,Milan Rane,0.0046,0.0531
Zoey Weil,Darrian Young,0.0012,0.0516
Jade Kawamoto,Roscoe Bellamy,-0.0124,0.0497
Marshall Brown,Mehvish Safdar,-0.0093,0.0518
Aanik Lohani,Dominique Schaefer,-0.0073,0.0531
Zoeya Khan,Mota Alhouni,0.0026,0.051
Cailyn Campbell,Daniel De la Rosa,0.0112,0.0505
Maggie Brascia,Jaume Martinez Vich,-0.0011,0.0528
Chloe Igleski,Juan Benitez,-0.0052,0.0514
John Cincola,Daniel De la Rosa,-0.0071,0.0537
Jhonnatan Medina Alvarez,Tatiana Ruhl,0.0164,0.0544
Judit Castillo,Wyatt Stone,0.0146,0.0522
Pesa Teoni,Danna Funaro,-0.0008,0.0499
Lingwei Kong,Donald Young,-0.0045,0.0503
Caden Nemoff,Paula Rives,-0.0109,0.0532
Helena Jansen,Ryan Fu,-0.0001,0.0507
Luana Stanciu,Ryan Sherry,0.0004,0.0533
Eric Oncins,Lea Jansen,0.0086,0.0517
Gregory Dow,Rachel Rettger,-0.0006,0.0499
Dylan Frazier,Tina Pisnik,0.0021,0.0509
Tom Protzek,Michelle Esquivel,-0.0065,0.0536
Todd Fought,Donald Young,0.0013,0.0525
Lauren Stratman,Vivienne David,0.0039,0.0534
Rafa Hewett,Juan Benitez,-0.004,0.0518
Jay Devilliers,Grayson Goldin,0.0097,0.0522
Jhonnatan Medina Alvarez,Luke Wasson,-0.0071,0.0495
Carlos Di Laura III,Tam Trinh,0.0104,0.0504
Chloe Igleski,Jalina Ingram,-0.0024,0.0501
Mehvish Safdar,Judit Castillo,0.0009,0.0511
Tyler Loong,Spencer Smith,0.003,0.0518
Hannah Blatt,Victoria Dimuzio,0.009,0.0542
Polina Libo,Lara Giltinan,-0.0067,0.0541
Allison Phillips,Helena Jansen,-0.004,0.0521
Tom Protzek,John Lucian Goins,0.0046,0.0481
Gabriel Joseph,Spartak Rahachou,-0.0176,0.0495
Zoey Weil,Paula Rives,-0.006,0.0508
Andrea Koop,Alix Truong,-0.0188,0.0488
Caden Nemoff,Pesa Teoni,0.0034,0.048
Luana Stanciu,Olivia McMillan,0.0021,0.0498
Christine Trifunovic,Camila Zilveti,-0.001,0.0484
Matt Wright,Roscoe Bellamy,-0.0073,0.0516
Zoeya Khan,Ava Ignatowich,-0.0015,0.0513
Etta Tuionetoa,Jackie Kawamoto,-0.0205,0.0499
Zane Ford,Zane Navratil,0.0024,0.0516
Hunter Johnson,Augustus Ge,-0.0058,0.0526
Pablo Tellez,James Delgado,0.0193,0.0504
Andrea Koop,Christa Gecheva,0.0045,0.0483
Angie Walker,Alix Truong,-0.0004,0.0515
Stefan Auvergne,Andrea Koop,0.0083,0.0515
Eric Roddy,Angie Walker,-0.0089,0.0506
Michelle Esquivel,Anderson Scarpa,-0.0019,0.0514
Brooke Buckner,James Delgado,0.0035,0.0485
Christa Gecheva,Daniel De la Rosa,-0.0088,0.0518
Alix Truong,Darrian Young,0.005,0.0535
Martina Frantova,Paula Rives,-0.0095,0.0542
Layne Sleeth,Michael Loyd,0.0061,0.0513
Cason Campbell,Martina Frantova,-0.0033,0.0507
Ewa Radzikowska,Marshall Brown,-0.0115,0.0501
Cason Campbell,Travis Rettenmaier,0.0057,0.0498
Ewa Radzikowska,Michelle Esquivel,-0.0043,0.0516
Michael Loyd,Juan Benitez,-0.0073,0.0515
Lina Padegimaite,Juan Benitez,-0.0058,0.0544
Travis Rettenmaier,Paula Rives,0.0216,0.0523
Stefan Auvergne,Daniel De la Rosa,0.0016,0.0504
Eric Roddy,Darrian Young,-0.0031,0.0531
Cailyn Campbell,Ryan Fu,0.0018,0.0474
Rafa Hewett,AJ Koller,-0.0153,0.0523
Yates Johnson,Connor Garnett,-0.02,0.0516
Rafa Hewett,Jackie Kawamoto,0.0062,0.0514
Rachel Rohrabacher,AJ Koller,0.0158,0.0476
Genie Bouchard,Alex Walker,0.0032,0.0502
Tyson McGuffin,Alex Walker,-0.0013,0.0496
Benjamin Slade,Alex Toth,-0.005,0.0505
Aibika Kalsarieva,Allie Reichert,-0.0144,0.0516
Zoeya Khan,Rachel Summers,0.0009,0.0515
Cami Gonzalez,Kayla Teape,-0.0007,0.0534
AJ Carney,Brayden Clark,-0.0038,0.0509
Dylan Wilhelm,Mauro Conde,0.0049,0.0506
Charles Neufeldt,Rosen Naydenov,-0.0023,0.0508
Jhonnatan Medina Alvarez,Anouar Braham,-0.0041,0.0529
Ana Gordon,Hannah Shin,-0.0086,0.0511
Kimberly Van Vloodorp Taylor,Veronica Alteri,-0.0025,0.0532
Ram Kotnana,Josh Jenkins,-0.0057,0.0514
Brittany Levkulich,Mary McGowan,-0.0059,0.0515
Änna Pettway,Amy Porter,-0.0041,0.0517
Garrison Eaby,Cobi Moore,-0.0107,0.0485
Ashley Griffith,Luana Stanciu,0.001,0.0515
Spela Sluga,Araksya Hovsepyan,-0.0071,0.0477
Sanil Jagtiani,Mikael Vollbach,-0.0015,0.0497
Jada Bui,Jessica Kawamoto,0.0009,0.0512
Alia Brown,Nicole Conard,-0.0055,0.0495
Lauren Dahm,Anna Tozin,-0.0032,0.0528
Andy Stein,Paul Valenti,0.0036,0.0498
Hudson De Risi,Immanuel Zion,-0.0076,0.0513
Ian Campbell,Zachary Yusuf,-0.0028,0.0534
Wesley Hanson,Ryan Gilbert,-0.0066,0.0518
Cynthia McPherson,Sarah Mulhern,0.0006,0.0488
Ben Davis,Max Carrol,-0.0003,0.0507
Alexander Crum,Bret Berryman,-0.0004,0.0519
Harrison Malko,Jonah Karczmer,-0.0088,0.0499
Tyler Glowaki,Essex Glowaki,-0.0056,0.0506
Brent Boleslav,Marcus Avram,-0.0041,0.0534
Matthew Kawamoto,Ryan Torresin,0.003,0.0502
Mehvish Safdar,Ava Ignatowich,0.0142,0.0515
Justin Summons,Thomas Alexander Jr,-0.0087,0.0524
Thomas Hoffman,Peter Luck,0.0053,0.0513
Chris Crucetti,Joseph Schember,-0.0045,0.0527
Hannah Rose Nussbaum,Lindsey Thoeng,0.0031,0.0496
Kevin Dong,Wade Heerboth,-0.0076,0.0486
Sarah Carpenter,Spencer Liang,0.0116,0.0483
Trelsie Cople,Sydney Cople,-0.0103,0.0538
Monika Wynne,Casey Taitel,0.0035,0.0538
Ethan Bakalinsky,Francis Chi,-0.0105,0.0505
AJ Carney,Anna Tozin,0.0073,0.0532
Josh Jenkins,Cynthia McPherson,0.0132,0.0497
Jada Bui,Ryan Torresin,0.0084,0.05
Sanil Jagtiani,Spencer Liang,-0.0214,0.0522
Casey Taitel,Alex Toth,-0.0,0.0521
Sarah Carpenter,Perry Wang,0.003,0.0504
Alia Brown,Yuta Funemizu,0.0031,0.0536
Thomas Alexander Jr,Änna Pettway,0.0,0.0529
Kimberly Van Vloodorp Taylor,Joseph Schember,-0.0005,0.0506
Dominique Canale,Eric Davidson,0.0032,0.0514
Oscar Serra,Aibika Kalsarieva,-0.0019,0.051
Freddie Powell,Mehvish Safdar,0.006,0.0509
Katherine Allan,Wade Heerboth,0.0167,0.0498
Zoeya Khan,Brandon Nsekpong,-0.007,0.047
Jonas Daehler,Natalie Araya,-0.0003,0.0527
Lauren Dahm,Paul Valenti,-0.004,0.0487
Tom Protzek,Luana Stanciu,-0.002,0.05
Preston Gordon,Anne-Sophie Courteau,0.0014,0.0511
Lauren Williams,Diego Lebron Perez,-0.0001,0.0491
Matthew Kawamoto,Jessica Kawamoto,-0.0018,0.0497
Justin Graham,Valerie R Simon,0.0093,0.0515
Alexander Crum,Ava Ignatowich,0.0117,0.0521
Ben Davis,Courtney Kessler,-0.0028,0.0545
Hudson De Risi,Kayla Teape,-0.0026,0.0529
Antoaneta Toskova,Rosen Naydenov,0.0018,0.0491
Garrison Eaby,Mary McGowan,0.0223,0.0529
Tyler Glowaki,Sienna Susko,0.0032,0.0502
Araksya Hovsepyan,Steven Hunt,-0.0069,0.0509
Noe Khlif,Yuta Funemizu,0.0032,0.0524
Zane Ford,Luana Stanciu,-0.0068,0.0525
Lea Jansen,Marcela Aguila Ampon,-0.0022,0.0521
Luana Stanciu,Helena Jansen,0.0017,0.0491
Mya Bui,Yuta Funemizu,-0.0291,0.0488
Andrei Daescu,Marcela Aguila Ampon,0.0034,0.0536
Helena Jansen,Donald Young,-0.016,0.0525
Leander Lazaro,Mayur Patil,0.0077,0.054
Muhammad Aiman,Syed Uzair Sufi,-0.0054,0.0522
Nicholas Maleganeas,Sophia Nhi Huynh,-0.0031,0.0523
Ronav Motiani,Mihika Yadav,0.001,0.0501
Giang Trinh,Albie Huang,-0.0043,0.0483
Nursharneem Shamsuddin,Muhammad Aiman,0.0047,0.0502
Ronav Motiani,Divyanshu Kataria,0.0058,0.0505
Jeongho Ryu,Henry H,-0.003,0.0497
Giang Trinh,Hoang Nam Ly,0.0007,0.053
Po Chiao Chen,Jay Lee,0.0107,0.0536
Aryaan Bhatia,Sophia Phuong Anh Tran,0.0021,0.0534
Tingwen Wang,Willy Chung,0.0014,0.0517
Willy Chung,Guangsian Lin,0.0068,0.0523
Piyapon Sriraphan,Ramon Narula,0.0006,0.0525
Nicholas Maleganeas,Tejas Mahajan,0.0027,0.0521
Nasa Hatakeyama,Rikuto Kurosawa,-0.0094,0.0522
Yung-Hsin Tseng,Dwi Mahendra,-0.0102,0.0517
Izzul Aizuddin,Scott Lim,-0.0058,0.0518
Auburn Smith,Kevin Pham,-0.0054,0.0514
Hsuan Tsai,Siow Vincent,0.0009,0.0511
Darryl K,Amanda Teo,-0.0014,0.052
Kei Sawaki,Rikuto Kurosawa,-0.0002,0.0533
Aiko Yoshitomi,Lucas Pascoe,0.0134,0.0528
Kaifen Yi,Guangsian Lin,0.0006,0.0508
Jason Tay,Jason Tee Chong Jui,-0.0007,0.0556
Hong Kit Wong,Nok Yiu Tang,-0.0034,0.0505
Naimi Mehta,Harsh Mehta,0.0047,0.0509
Colin Wong,Anna Clarice Patrimonio,-0.0055,0.0535
Han Hyuck Chu,Kwan Wun Man,-0.0028,0.0524
Xiao Yi Wang-Beckvall,Kenta Miyoshi,0.0045,0.0514
Vrushali Thakare,Mayur Patil,0.0012,0.0491
Scott Lim,Zermaine Lew,-0.0015,0.0527
Kaifen Yi,Tingwen Wang,0.0018,0.0487
Amanda Teo,Zermaine Lew,-0.0007,0.051
Jay Lee,Ying Suet Lam,-0.0044,0.0534
Jason Tay,Delia Arnold,-0.0042,0.0501
Jih Shian Yeo,Tienr-X Nguyen,-0.005,0.0527
Reynard Ho,Reydon Ho,-0.008,0.0532
Zaki Pauzi,Mohd. Shahmirzzy Kelvin,-0.0005,0.0521
Tamaryn Emmrich,Etta Tuionetoa,0.0056,0.0506
Tamaryn Emmrich,Roscoe Bellamy,0.0115,0.0516
Riley Newman,AJ Koller,0.0203,0.0516
Ben Johns,Roscoe Bellamy,0.0015,0.0519
Lê Xuân Đức,Yufei Long,0.0131,0.053
Kaitlynn Hart,Zachary Grabovic,0.0084,0.0491
Robert Stirling,Isha Lakhani,0.0009,0.0537
Vanshik Kapadia,Nicola Schoeman,0.0096,0.0525
Nasa Hatakeyama,Rika Fujiwara,0.0011,0.0498
George Wall,Andie Dikosavljevic,-0.01,0.0556
Athilla Miasara Bt Azizul Azhar,Syed Uzair Sufi,-0.0044,0.0537
Mihae Kwon,Marco Leung,-0.0039,0.0504
Sarah Burr,Mitchell Hargreaves,-0.0039,0.0518
Helena Jansen,Erik Forsythe,0.0034,0.0489
Zane Ford,Erik Forsythe,-0.0047,0.0504
Hong Kit Wong,Eunggwon Kim,0.0089,0.0489
Nguyen Thang,Khuong Huynh,-0.0043,0.0532
Ryan Ng,Darryl K,0.0006,0.0501
Isha Lakhani,Vrushali Thakare,0.0,0.0496
Mihae Kwon,Yufei Long,0.0074,0.0484
Ting Chieh Wei,Xiao Yi Wang-Beckvall,0.0111,0.0498
Naimi Mehta,Albie Huang,-0.0066,0.0502
Lucas Pascoe,Kenta Miyoshi,-0.0014,0.0506
Robert Stirling,Mitchell Hargreaves,-0.0046,0.0526
Dwi Mahendra,Razlan Rawi,0.0038,0.0508
Aryaan Bhatia,Colin Wong,-0.0039,0.0512
Vanshik Kapadia,Harsh Mehta,0.0023,0.0504
Athilla Miasara Bt Azizul Azhar,Mihika Yadav,-0.0004,0.0505
Yung-Hsin Tseng,Seina Shima,0.0013,0.051
HO Tam,Tya Karina,0.0023,0.0496
Kei Sawaki,Rika Fujiwara,-0.0075,0.0522
Sarah Jane Lim,Aiko Yoshitomi,-0.0004,0.0506
Mayu Ito,Pei-Yu Lai,0.0064,0.0505
George Wall,Zachary Grabovic,-0.0069,0.0515
Hsuan Tsai,Nursharneem Shamsuddin,0.0043,0.0531
Sophia Phuong Anh Tran,Anna Clarice Patrimonio,0.0068,0.0522
Hsieh Chen-An,Jayden Tsao,0.0005,0.0505
Connie Lee,Sophia Nhi Huynh,-0.0113,0.0531
Kaitlynn Hart,Andie Dikosavljevic,-0.0072,0.0501
Angie Walker,Darrian Young,0.0038,0.0495
Rafa Hewett,Daniel De la Rosa,0.0073,0.0522
Cason Campbell,Paula Rives,0.0099,0.0488
Bella Nelson,Zachary Card,-0.0067,0.0509
Zoeya Khan,Liam Duffin,-0.005,0.0518
Collin Johns,Darrian Young,-0.011,0.0505
Zoeya Khan,Ellie Douglas,-0.0009,0.0513
Ava Cavataio,Bella Nelson,-0.0018,0.0508
Liam Duffin,AJ Khawaja,0.0012,0.0506
Ava Cavataio,Zachary Marceau,-0.006,0.05
Rafa Hewett,Andrea Koop,-0.0072,0.0509
Ellie Douglas,AJ Khawaja,0.0019,0.0496
Rafa Hewett,Catherine Parenteau,-0.0122,0.0532
Stephen Madonia,Dominique Schaefer,-0.0049,0.0524
Eric Roddy,Vivienne David,0.0043,0.0542
Ben Johns,Liz Truluck,-0.0022,0.0533
Eric Roddy,Todd Fought,-0.0133,0.0501
Kaitlyn Christian,Tina Pisnik,0.0231,0.0497
Pesa Teoni,Tyson McGuffin,-0.0026,0.0515
Carlos Di Laura III,Vivian Glozman,-0.005,0.0518
Carlos Di Laura III,Max Freeman,0.0037,0.0526
Stephen Madonia,Helena Jansen,0.0079,0.0488
Kaitlyn Christian,Christian Alshon,0.0098,0.0515
Anna Leigh Waters,Mari Humberg,-0.0051,0.0507
Zane Navratil,Mari Humberg,-0.0119,0.0485
Collin Johns,Vivienne David,-0.0038,0.0524
Collin Johns,Todd Fought,0.0009,0.0496
Vivienne David,Jaume Martinez Vich,0.0126,0.0531
Callie Smith,James Ignatowich,-0.0147,0.0503
Max Freeman,Vivian Glozman,-0.0039,0.0482
Eric Roddy,Jaume Martinez Vich,0.0022,0.0502
Eric Roddy,Victoria Dimuzio,0.0055,0.0477
Ivan Jakovljevic,Danna Funaro,0.0058,0.0496
Ben Johns,Hunter Johnson,0.0094,0.0513
Irina Tereschenko,Cailyn Campbell,-0.0023,0.0518
Liz Truluck,Danna Funaro,0.0096,0.0519
Ben Johns,Catherine Parenteau,-0.0014,0.0487
Noe Khlif,Meghan Dizon,-0.0232,0.0517
Noe Khlif,Will Howells,0.0071,0.0454
Noe Khlif,Mari Humberg,0.0014,0.0497
Eliel Herminas,Izaak Gonzalez,-0.0048,0.0481
Jasper Schaadt,Joseph Adams,0.0063,0.0546
Pablo Copetti,Mauro Conde,-0.0127,0.0484
Usama Khalid,Bret Berryman,-0.0165,0.0521
John Macauley,Amrik Donkena,0.0063,0.0536
Bailey Rezabek,Coley Rezabek,0.0011,0.0529
Jade Rau,Lauren Hidalgo-Smith,-0.0076,0.0517
Hudson De Risi,Matthew Finnerty,0.012,0.0496
Sammy Lee,Aanik Lohani,0.0007,0.0485
Brittni Tonnessen,Stevie Petropouleas,-0.0072,0.0511
Rahul Datta,Garrison Eaby,0.0025,0.0518
Edgaras Zilys,Harsh Nanavati,0.0004,0.0515
Sam Weinbach,Mouaad Alhouni,0.0006,0.0516
Sam Libo,Jonah Karczmer,0.0026,0.0508
Jake Bower,Austin Basque,0.0102,0.0528
Araksya Hovsepyan,Adela Umannova,-0.0013,0.0524
Liam Duffin,Maximilian Wild,-0.0056,0.0483
Noah Hlavac,Colton Thielman,0.006,0.0528
Chloe Igleski,Arielle Butler,0.0152,0.052
Ashley Griffith,Pierina Imparato,-0.0117,0.0507
Keena Cheng,Sara Sowinski,-0.0032,0.0511
Mohaned Alhouni,Juan Benitez,0.0099,0.0499
Joel Cassens,Mike Radermacher,0.0177,0.051
Zoeya Khan,Zoey Weil,0.01,0.0502
Caitlin Klaassen,Polina Libo,0.03,0.0522
Jessica Mason,Jaeda Minniefield,-0.0062,0.0498
William Hayes,Karson Feyereisen,0.0073,0.0507
Sydney Sonday,Monika Wynne,-0.0059,0.0516
Chrissie Cruz,Kathleen Pagel,0.0007,0.0498
Naveen Beasley,Jose Martinez,-0.0031,0.0499
Dylan Wilhelm,Bruce Hale,-0.002,0.0501
Alexis Hayden,Grace Folven,0.0026,0.0525
Edward Kim,Cheng En Tsai,0.01,0.05
Aizec Olson,Tommy Labat,-0.0058,0.0493
Sydney Donkena,Jamie Voelker,-0.0096,0.053
Jamie Hafner Jr.,Jordan Tacheny,-0.0013,0.0521
Patrick McGinnis,Preston McGinnis,-0.0121,0.0522
Zach Gonnering,Dave Weinbach,0.0001,0.0488
Connor McCartney,Austin Kulla,-0.0095,0.0488
Noah Torres,Jason Garriotte,-0.0024,0.0519
Colin Chapman,Elisha Hougland,0.0007,0.052
Mitchell Johnson,Jaryd Marks,-0.0023,0.0511
April Lommen,Cassy Deng,0.007,0.0541
Caitlin Klaassen,Mouaad Alhouni,-0.0059,0.0522
Luana Stanciu,Zach Gonnering,-0.0009,0.0517
Colin Chapman,Makayla Cunningham,0.0024,0.052
Bailey Rezabek,Joel Cassens,-0.004,0.0529
Mike Radermacher,Coley Rezabek,-0.0026,0.0557
Brian Anderson,April Lommen,-0.0025,0.0521
Naveen Beasley,Brittni Tonnessen,0.0035,0.0533
Arielle Butler,Sam Weinbach,-0.0129,0.0518
Zoey Weil,Adam Harvey,-0.0054,0.0523
Sydney Sonday,Sammy Lee,-0.0002,0.0502
Keena Cheng,Noah Hlavac,0.0025,0.0504
Andi Godwin,Victor Camilo Iii,0.0001,0.0515
Sara Sowinski,Colton Thielman,-0.0004,0.0517
Jade Rau,Luke Wasson,-0.0027,0.052
Joseph Adams,Jessica Degroot,-0.0075,0.0532
Jose Martinez,Stevie Petropouleas,0.0132,0.0528
Nisal Liyanage,Cassy Deng,-0.004,0.0521
Jasper Schaadt,Adela Umannova,-0.002,0.05
Tommy Labat,Jamie Voelker,-0.0002,0.0528
Lauren Hidalgo-Smith,Juan Benitez,0.0087,0.0536
Dylan Frazier,Milan Rane,-0.0101,0.0524
Lacy Schneemann,Milan Rane,-0.0106,0.0465
Jay Devilliers,Yuta Funemizu,0.0124,0.0502
Tamaryn Emmrich,Mya Bui,-0.0162,0.0503
Jay Devilliers,Tamaryn Emmrich,0.0158,0.0506
Kaitlyn Christian,Wyatt Stone,0.0141,0.0517
Dylan Frazier,Lacy Schneemann,-0.0126,0.0517
Federico Staksrud,Milan Rane,-0.0089,0.0463
Lindsey Newman,Jaume Martinez Vich,0.0037,0.051
Mari Humberg,Will Howells,-0.0097,0.0556
Grayson Goldin,Federico Staksrud,0.0047,0.0501
Victoria Dimuzio,Lindsey Newman,0.0008,0.0489
Allison Phillips,Milan Rane,0.0012,0.0516
Allison Phillips,Grayson Goldin,-0.0029,0.052
Madalina Grigoriu,Federico Nani,0.003,0.051
Kentaro Hamaguchi,Jaeda Minniefield,0.0056,0.0504
Morgan Downing,Paul Davis,0.0054,0.0516
Jordan Chrysostom,Anouar Braham,-0.0078,0.0532
Ethan Estatico,David Creswell,0.0073,0.051
Johan Du Randt,Tea Pejic,0.0081,0.0515
Domenico Geminiani,Kelsey Laurente,-0.0038,0.052
Yvon Martinez,David Creswell,-0.0029,0.0518
Jericho Grollman,Amber Policare,-0.0047,0.0526
Lucas Pascoe,Camden Chaffin,-0.0019,0.0496
Kara Wheatley,Sanil Jagtiani,0.0014,0.0487
Tobias Moreno,Federico Nani,-0.0049,0.0507
Amber Policare,Ariana Rodriguez,0.0038,0.0522
Jada Bui,Ashley Griffith,-0.0001,0.0494
Kara Wheatley,Sarah Hua,0.0042,0.0529
Nicole Conard,Kelsey Laurente,0.0017,0.0497
Samantha Buyckx,Keilly Ulery,-0.0069,0.0514
Daniel Miron,Dale Kim,-0.0344,0.0522
Andre Mercado,Ella Cosma,-0.0005,0.0507
Jason Garriotte,Victoria Simon,-0.0084,0.0521
Alex Rush,Brookes Jones,-0.0027,0.0529
Andre Mercado,James Kaoma,-0.013,0.0504
Elina Geut,Zach Gonnering,0.0004,0.0502
Evan Pratt,TJ Rudden,-0.0013,0.052
Rachel Janssen,Mia Turcsany,-0.005,0.0522
Brandon Nsekpong,Maebry Jones,-0.0048,0.0519
Oscar Serra,Sarah Hua,0.0109,0.0505
Kentaro Hamaguchi,Juan Medina,0.0001,0.0539
Thomas Provost,Johan Nilsson,-0.0001,0.052
Ram Kotnana,Michael I,0.0073,0.0524
Jericho Grollman,Ant Tran,-0.0101,0.0519
Josiah Watje,Jack Boxill,-0.0038,0.053
Camden Chaffin,Emma Nelson,0.0076,0.0525
Edgaras Zilys,Edward Kim,-0.0007,0.0506
Shannon Pretorius,Matthew Mead,-0.0032,0.0514
Paranya Jareonvongrayab,Brian Chen Bonilla,-0.0005,0.0534
Rafael Kayo,Megan Poe,0.0071,0.052
Megan Poe,Brie Aldridge,0.0013,0.0505
Chase Mason,Keilly Ulery,-0.0047,0.0504
Haley Ferguson,Brookes Jones,-0.0019,0.0523
Madalina Grigoriu,Audrey Banada,-0.0004,0.0504
Estee Widdershoven,Jaeda Minniefield,-0.0045,0.051
Hyunmo An,Meray Maalouf,-0.0032,0.055
Michael I,Valerie R Simon,-0.0004,0.0529
Haley Ferguson,Valerie R Simon,0.0008,0.0485
Alex Guy,Maria Ford,-0.0077,0.0542
Jada Bui,Maximilian Wild,-0.0059,0.0513
Jarryd Woog,Brie Aldridge,0.001,0.0545
Dino Dinopoulos,Paul Davis,-0.0049,0.0545
Jonathan Truong,Giovanna Morelli,-0.0067,0.0558
Emma Nelson,Giovanna Morelli,-0.0002,0.0513
Ram Kotnana,Mary McGowan,-0.0076,0.0529
Paranya Jareonvongrayab,Shannon Pretorius,-0.0045,0.049
Hudson De Risi,Ethan Bakalinsky,0.0023,0.0522
Yufei Long,Austin Bricker,0.0056,0.053
Alex Guy,Johan Du Randt,0.0058,0.0533
Julian Slive,Domenico Geminiani,0.0049,0.0536
Javon Turcsany,Mia Turcsany,0.0036,0.051
Clint Frazier,Evan T,0.0016,0.052
Gabe Falls,Danny Campolieta,-0.0003,0.0489
Wade Bryant,Brian Chen Bonilla,-0.0025,0.0539
Maria Ford,Ali Welch,0.0015,0.0506
Dabney M,Dan Moore,-0.0077,0.0531
Elina Geut,Ella Cosma,-0.0085,0.0516
Andi Godwin,Mary McGowan,0.0079,0.0508
Ethan Miller,Francesca Randazzo,0.0025,0.0523
Mats Dolese,Bryson Alexander,-0.0033,0.0506
Arpit Dhir,Peter Luck,0.0017,0.0487
Matthew Mead,Jason Garriotte,0.0016,0.051
Brian Williams,Eli Butts,-0.0026,0.0484
Samantha Reeves,Jack Wasserman,-0.0021,0.0537
Polina Libo,Spartak Rahachou,0.0,0.0512
Yates Johnson,Cailyn Campbell,-0.0053,0.0513
Martina Frantova,Roscoe Bellamy,0.0087,0.0511
Parris Todd,Hayden Patriquin,-0.0018,0.0522
Noe Khlif,Rachel Rohrabacher,0.0109,0.0501
Blaine Hovenier,Lauren Stratman,0.0052,0.0486
Hannah Blatt,Daniel De la Rosa,0.0088,0.0519
Chloe Igleski,Tom Protzek,-0.0028,0.0519
Ross Whittaker,Lara Giltinan,-0.0064,0.0524
Mary Brascia,Julian Arnold,-0.0076,0.0527
Audrey Adele Brown,John Cincola,0.0071,0.0505
Jalina Ingram,John Lucian Goins,0.0255,0.0486
Alexander Crum,Salome Devidze,-0.0031,0.0509
Brandon French,Lindsey Newman,-0.002,0.0542
Maggie Brascia,Darrian Young,-0.0034,0.0526
Riley Newman,Judit Castillo,0.0115,0.0528
Rachel Rettger,Juan Benitez,-0.0072,0.0499
Rafa Hewett,Lea Jansen,-0.0086,0.0498
Caden Nemoff,Ava Ignatowich,-0.0046,0.0519
Jack Sock,Angie Walker,-0.0186,0.0524
Collin Johns,James Delgado,-0.0201,0.0523
Jade Kawamoto,Mari Humberg,0.0043,0.0524
Eric Oncins,Pablo Tellez,-0.0105,0.05
Riley Newman,Jay Devilliers,-0.017,0.0495
Tom Protzek,Adam Harvey,-0.0014,0.0516
Hannah Blatt,Marcela Aguila Ampon,-0.0093,0.0528
Eric Roddy,Donald Young,0.0119,0.0495
Lingwei Kong,Christa Gecheva,0.0006,0.0511
Julia Ronney,Camila Zilveti,0.0055,0.0551
Polina Libo,Luana Stanciu,-0.0002,0.0537
Travis Rettenmaier,Juan Benitez,0.0015,0.0514
Grayson Goldin,Yuta Funemizu,-0.0052,0.0497
Andrei Daescu,JW Johnson,-0.0138,0.0509
Cason Campbell,Pesa Teoni,0.0029,0.0529
Caden Nemoff,Mota Alhouni,-0.0003,0.0519
Audrey Adele Brown,Mya Bui,-0.0025,0.0513
Lea Jansen,Lacy Schneemann,0.0116,0.05
Jhonnatan Medina Alvarez,John Lucian Goins,-0.0058,0.05
Ross Whittaker,CJ Klinger,0.001,0.0525
Ivan Jakovljevic,Darrian Young,-0.0012,0.0523
Jack Sock,Augustus Ge,0.0024,0.0532
Genie Erokhina,Lauren Stratman,-0.0011,0.0509
Max Freeman,Tyson McGuffin,0.026,0.049
Todd Fought,Daniel De la Rosa,0.0023,0.0564
Lucy Kovalova,Meghan Dizon,0.0034,0.0515
Pierina Imparato,Sarah Ansboury,-0.0032,0.0509
Allison Phillips,Liz Truluck,0.0127,0.0485
Catherine Parenteau,Jackie Kawamoto,-0.0038,0.0512
Felicity Di Laura,Helena Jansen,0.0017,0.0507
Noe Khlif,Dylan Frazier,-0.013,0.0507
Chuck Taylor,John Cincola,0.0147,0.0517
Rachel Rettger,Olivia McMillan,0.0025,0.0484
Ernie Garcia,Craig Johnson,0.0021,0.0508
Zoeya Khan,Paula Rives,0.0047,0.0483
Grayson Goldin,Lacy Schneemann,0.0058,0.0496
Simple Zhang,Minju K,0.0008,0.0517
Mayu Omori,Aoi Nakata,-0.0067,0.0514
Mihae Kwon,Jack Foster,0.0064,0.0516
Lê Xuân Đức,Kei Sawaki,-0.0021,0.0505
Aryaan Bhatia,Ammol Ramchandani,0.0052,0.0514
Ryan Ng,Syed Uzair Sufi,-0.0005,0.0513
Armaan Bhatia,Purav Raja,0.0058,0.0497
Farreez Isqandar,Fung Boman,-0.006,0.0522
Connie Lee,Giang Trinh,0.0067,0.0495
Hung Pham,Nguyen Huy,0.0048,0.0538
Cian Li,Zefeng Li,0.0007,0.0494
Han Hyuck Chu,Andrew Anh Pham,-0.0014,0.0491
Andy Amattayakul,Nigel Lee,-0.0008,0.0511
Quan Do,Hien Truong,0.0108,0.0532
Lê Xuân Đức,Nhật Minh T,0.0032,0.053
Tya Karina,Nhật Minh T,-0.0011,0.0515
Hsieh Chen-An,Longsheng Liu,0.0065,0.0515
Jolie Lam,Hoang Nam Ly,0.0038,0.049
Han Hyuck Chu,Mayu Ito,-0.0054,0.0521
Nasa Hatakeyama,Yuta Yoshida,-0.0062,0.0482
Atsuko Ozawa,Daiho Ozawa,0.0003,0.0512
Yu-Chieh Hsieh,Thomas Yu,-0.0043,0.051
Yung-Hsin Tseng,Hsieh Chen-An,0.0028,0.053
Quan Do,Sophia Nhi Huynh,0.007,0.0497
Andy Amattayakul,Seina Shima,0.005,0.0519
Dustin Wang,Shih Bin Chen,-0.0016,0.0561
Cian Li,Minju K,0.0008,0.0545
Minsung K,Jay Lee,-0.0038,0.0531
Athilla Miasara Bt Azizul Azhar,Ammol Ramchandani,-0.0018,0.0502
Pui Long Fan,Marco Leung,0.0039,0.0508
Tsai Cheng Hsiang,Liu Tzu Chen,-0.0046,0.0502
Genki Nakahama,Daiho Ozawa,0.0002,0.0546
Naimi Mehta,George Wall,0.0076,0.0505
Armaan Bhatia,Xiao Yi Wang-Beckvall,-0.01,0.0505
Ting Chieh Wei,Joseph Wild,-0.0018,0.0535
Yufei Long,Eunggwon Kim,0.0047,0.0503
Ryan Lam,Nok Yiu Tang,-0.0065,0.0533
Lucas Pascoe,Nicola Schoeman,-0.0016,0.0507
Aiko Yoshitomi,Robert Stirling,0.0055,0.0492
Hong Kit Wong,Hong Yi Wong,0.0022,0.0504
Zachary Grabovic,Albie Huang,0.0025,0.0514
Ashley Mackie,Janaye Sakkas,-0.004,0.0509
Naveen Beasley,Wesley Burrows,0.012,0.0526
Paranya Jareonvongrayab,Kelly Chen,0.0052,0.0498
Cameron Douglas,Harrison Gardner,-0.0026,0.0522
Laviniu Caba,Noel Carter,-0.006,0.0565
Ella Yeh,Kiora Kunimoto,-0.0068,0.0501
Jalina Ingram,Audrey Adele Brown,0.0247,0.0489
Keaton Cullimore,Gavin Fowler,0.0057,0.0525
Huy Le,Jonathan Kau,-0.0033,0.0509
Parker Wittman,Xingnan Lin,0.0005,0.0496
Will Mackinnon,Alex Long,-0.0009,0.052
Victor Camilo Iii,Theo Yun,0.0007,0.0546
Shirley Hall,Emily Attiyeh,0.0056,0.0518
AJ De Castro,Ruben Basurto,-0.0051,0.0522
Conor Burns,Devon Sikora,-0.0006,0.0507
Hayden Rand,Casey Smith,-0.0015,0.0512
Ishan Balakrishnan,Joshua Yoo,0.0053,0.0503
Wendy Weston,Jessica Mason,-0.0005,0.0521
Dylan Wilhelm,Noah Torres,0.0059,0.0504
Princess Gbadamosi,Julianna Hess,-0.0075,0.0514
Stefan Pongratz,Pramod Dabir,0.0008,0.0502
James Ngo,Matt Ngo,0.0007,0.0489
Gerald Sibayan,Max Meza,-0.0058,0.052
Jacob Peng,Luc Pham,0.0001,0.0543
Pablo Copetti,Justin Dages,-0.0048,0.052
Janet Liu,Stephanie Vogt,-0.0107,0.0483
Kathy Vang,Cheyenne Jones,0.0036,0.0521
Daniel Neyshloss,Scott Nguyen,-0.002,0.0524
Andre Mercado,Pesa Teoni,-0.0024,0.0511
Noah Ivey,Eric Fritzges,0.0001,0.0509
Tim Kuo,Divin Sarthak,0.006,0.0529
Matt Baca,Alex Emery,0.0055,0.0488
Daniel Byun,Albert Wan,-0.0057,0.0506
Brian Chen Bonilla,Harrison Yee,-0.0012,0.0511
Patrick McConnell,Gabriel Galvez,-0.0033,0.0513
Corinna Eckenstein,Lily Goodwin,-0.0048,0.0521
Jonathan Tran,Nicky Valdecanas,0.0013,0.0521
Tanner Suard,Matthew Melgar,-0.0017,0.052
Isabella Dunlap,Keilly Ulery,-0.0108,0.0512
Levi Daniel,Omar Garcia-Heredia,0.0057,0.0537
Robert Stirling,Kenta Miyoshi,-0.0012,0.0514
Mitchell Hargreaves,Harsh Mehta,0.0013,0.0487
Ting Chieh Wei,Roos Van Reek,0.0127,0.0479
Lin 美娟,Pini Lee,-0.0021,0.0534
Lingzhe X,Atsuko Ozawa,-0.0005,0.0506
Yufei Long,Xiao Yi Wang-Beckvall,-0.0116,0.0523
Mihae Kwon,Yung-Hsin Tseng,0.0027,0.0509
Yu-Chieh Hsieh,Nicola Schoeman,0.0076,0.0484
Naimi Mehta,Mayu Ito,0.0096,0.0537
Leander Lazaro,Ruben A Gonzales Jr,-0.0047,0.0509
Seina Shima,Pei-Yu Lai,-0.0049,0.0525
Raymond Chang,Ryan Lam,0.0049,0.0497
Hong Yi Wong,Nok Yiu Tang,-0.0005,0.053
Lucas Pascoe,Zachary Grabovic,-0.0008,0.0514
Sophia Phuong Anh Tran,Tya Karina,-0.008,0.0518
Kaifen Yi,Albie Huang,0.0018,0.0488
Ying Suet Lam,Kwan Wun Man,0.0038,0.0535
Jack Foster,Jai Grewal,-0.0112,0.0532
Bruno Barrueto Deza,Annie Tichenor,-0.0034,0.0525
Christine Trifunovic,Wyatt Stone,0.0077,0.0481
Connor Mogle,Audrey Adele Brown,0.0207,0.048
Kathy Vang,Conor Burns,-0.0033,0.0514
Kiora Kunimoto,Luc Pham,0.0062,0.0491
Lara Giltinan,Anouar Braham,-0.0015,0.0522
Princess Gbadamosi,Divin Sarthak,0.0107,0.0482
David Litvinov,Ana Ratiu,0.0058,0.0536
Naveen Beasley,Jalina Ingram,-0.0044,0.0498
Andre Mercado,Isabella Dunlap,-0.0008,0.0493
Janet Liu,Matthew Finnerty,0.0173,0.0481
Keaton Cullimore,Lily Goodwin,-0.0001,0.0514
Kelly Chen,Harrison Yee,-0.012,0.0516
Ella Yeh,Will Mackinnon,-0.0226,0.0537
Meghan Hart,Ruben Basurto,0.0002,0.0513
Ishan Balakrishnan,Janaye Sakkas,-0.0109,0.0504
Stephanie Vogt,Joshua Yoo,-0.0005,0.0502
Cameron Douglas,Keilly Ulery,0.0192,0.0519
Julianna Hess,Tim Kuo,-0.002,0.0528
Kendall Kikkawa,Christie Mead,-0.0026,0.0531
Levi Daniel,Deanna Pham,-0.0094,0.0522
Corinna Eckenstein,Victor Camilo Iii,-0.0035,0.0518
Shirley Hall,Izik Walsh,-0.0029,0.0503
Tara Bernstein,Wesley Burrows,-0.0006,0.0522
Max Meza,Laura Madison,0.005,0.0523
Arielle Butler,Pesa Teoni,-0.0056,0.0495
Damon Magana,Amy Brown,-0.0005,0.0496
Dylan Taylor,Hannah Shin,-0.0064,0.0478
Kenny Rieschick,Ashley Mackie,0.0009,0.0521
Hudson De Risi,Kelly Dornan,-0.0082,0.0481
Syed Uzair Sufi,Kwan Wun Man,0.0042,0.0495
Haruki Kato,Seina Shima,-0.0034,0.0499
Tsungkai Lee,Wang Junze,-0.0014,0.0508
Nishimura Naoya,Takumi Matsuda,0.0007,0.0538
Lina Ito,Tomohito Fujiwara,-0.0058,0.0526
Tama Shimabukuro,Xiao Yi Wang-Beckvall,-0.0184,0.0516
Hsieh Chen-An,Hinano Fukunaga,-0.0004,0.0472
Tingwen Wang,Eunggwon Kim,0.002,0.0503
Nishimura Naoya,Wakana Nagahara,-0.0022,0.0531
Yuta Yoshida,Aoi Nakata,0.0024,0.0512
Kaede Shimaya,Hiromi Shimaya,-0.0079,0.0538
Asako Pastrana,Andrew Anh Pham,-0.0091,0.0507
Koki Sugimoto,Mayu Omori,0.0027,0.054
Hayato Nishida,Koki Nishida,-0.0004,0.0513
Kim Hyunjun,Farreez Isqandar,0.0003,0.0527
Elijah Arevalo,Mikhyla Cruz,-0.0054,0.0507
Susumu Kawashima,Isaku Takahashi,-0.0059,0.0483
Phuc Huynh,Connie Lee,0.0145,0.051
Mohd. Shahmirzzy Kelvin,Sieu Ee Toi,-0.0028,0.0544
Riku Owari,Saki Oyama,-0.0079,0.0518
Akihiko Nishimura,Yuta Yoshida,0.0014,0.0527
Thane Hendershot,Adam Cheney,0.0017,0.0541
Lingzhe X,Genki Nakahama,-0.0022,0.053
Miyu Hazawa,Joe Kasahara,-0.0036,0.0548
Po Chiao Chen,Willy Chung,-0.0003,0.0531
Masuda Atsutaka,Katayama Hayato,-0.002,0.0521
Alvin Hu,Hsiang He Li,-0.0004,0.0507
Aryaan Bhatia,Mayu Ito,0.0079,0.0485
Park Seong Yong,Hsieh Chen-An,-0.0008,0.0499
Yuto Hirayama,Kyou Inomata,-0.0073,0.0501
Athilla Miasara Bt Azizul Azhar,Han Hyuck Chu,0.0003,0.0506
Takuma Tsukimura,Yung-Hsin Tseng,-0.0008,0.0541
Angie Bong,Hsiang He Li,0.0019,0.0543
Riku Owari,Oya Naomichi,0.0006,0.0524
Atsuki Suto,Yusuke Yoshitani,-0.003,0.0533
Namiki Matsumoto,Koya Nakaema,-0.0057,0.0517
Angus Lee,Michael Fahey,-0.0017,0.0483
Keishi Mizobe,祥典 陳,-0.0052,0.0513
Tomohito Fujiwara,Joe Kasahara,-0.0012,0.0536
Hijiri Kaneko,Bob Ueno,-0.0026,0.052
Po Chiao Chen,Ying Suet Lam,-0.0086,0.0498
Keita Iseki,Hiroyuki Doi,-0.007,0.055
Nguyen Thang,Quan Do,0.0077,0.0542
Andrew Caldarella,Braden Jacobson,0.0013,0.0497
Christian Ian Alcazar,Mohd. Shahmirzzy Kelvin,0.0051,0.05
Asako Pastrana,Aoi Nakata,-0.0034,0.0532
Haruna Masuda,Wakana Nagahara,-0.0008,0.0514
Koki Sugimoto,Haruki Kato,-0.0012,0.0528
Sophia Phuong Anh Tran,Ying Suet Lam,0.0038,0.0527
Wai Kai Karen Tong,Michelle Mui,-0.004,0.0504
Chih Hsuan Hsu,Li Ting Su,-0.0043,0.0542
Mayu Omori,Lina Ito,0.001,0.052
Phuc Huynh,Minh Le,0.0027,0.0494
Koya Nakaema,Tomoki Kajiyama,0.0018,0.0497
Kaede Shimaya,Shraddha Damani,0.0016,0.053
Masahiro Nakata,Kenshiro Yamasaki,-0.005,0.0507
Max Zhang,Erik Lin,-0.0044,0.0525
Diane H,Sieu Ee Toi,-0.0026,0.0525
Mihika Yadav,Pui Long Fan,0.0028,0.0536
Aiko Yoshitomi,Sophia Nhi Huynh,0.0154,0.0518
Pally Ray,Michael Wolf,-0.0071,0.0535
Nathan Peters,Evgeniy Kim,0.0066,0.0507
Betty Lugar,Matthew Mead,-0.0064,0.0551
E. Elenga Satuala,Tony Belmonte,0.0046,0.051
Chris Walker,Connor Mogle,-0.0062,0.0537
Evan Zoeteman,Mulima Mulenga,0.002,0.0507
Albert Wan,Kelly Chen,0.0011,0.0537
Jace Morris,Sam Angelo,0.0018,0.0514
James Kaoma,Rafael Lenhard,0.0042,0.0522
Alex Emery,Andre Millet,0.0156,0.0503
David Litvinov,Luc Pham,-0.0039,0.0499
Jak Crow,Rodrigo Pena,-0.003,0.0552
Andre Mercado,Gregorie Vinueza-Daly,0.0028,0.0503
Brookes Jones,Kyle Borawski,-0.0012,0.0515
John Thorn,Olivia Phillips,-0.0058,0.0535
Jade Rau,Jace Morris,-0.0016,0.0529
Victoria Nguyen,Rafael Lenhard,-0.0021,0.0506
Nick Black,Jordan Chrysostom,-0.0015,0.0511
Joe Grossman,Tanner Suard,-0.0038,0.0529
Daniel Byun,Tiffany Nguyen,0.0028,0.0532
Andrew Stout,Zach Stout,-0.0067,0.0504
Jackson Ayotte,Jerry Worsham,0.0092,0.0515
Breaden Brooks,Justin Fullmer,-0.0036,0.0487
Jada Bui,Jordan Chrysostom,0.0075,0.0486
David Litvinov,Chloe Diskin,-0.0142,0.0514
Keaten Kappes,Tam Nong,-0.0051,0.0528
Cori Elliott,Kevin Dayan,0.0001,0.0538
Sharienne Ricardo,Zach Gonnering,-0.0001,0.0512
Jae Centonze,Domenico Geminiani,-0.0091,0.0522
Spartak Rahachou,Eddy Kim,0.0165,0.0531
Hannah Fife,Billy Buchhauser,-0.002,0.0491
Breaden Brooks,Brooklyn Hall,0.0033,0.0522
Paranya Jareonvongrayab,Evgeniy Kim,-0.0072,0.0497
Alli Hazrati,Daniel Adsit,-0.004,0.0511
Flynn Kantzalis Orton,Chase Ora,-0.0075,0.0525
Alicia Lai,Tam Nong,0.0009,0.05
Sahra Dennehy,Connie Lee,-0.0161,0.0518
Isha Lakhani,Seina Shima,0.0053,0.051
Hsuan Tsai,Hinano Fukunaga,-0.0031,0.0513
Yung-Hsin Tseng,Kwan Wun Man,-0.0011,0.0494
Danni-Elle Townsend,Nicola Schoeman,0.0159,0.0511
Zachary Grabovic,Nicola Schoeman,-0.0046,0.0518
Nasa Hatakeyama,Yuki Sugiyama,0.0025,0.0516
Aryaan Bhatia,Prycen Haas,0.0069,0.0514
Yufei Long,Prycen Haas,0.0113,0.0501
Pei Chuan Kao,Allyce Jones,0.0117,0.0503
Tyler Loong,Pei Chuan Kao,-0.0002,0.0495
Tama Shimabukuro,Daniel Moore,-0.0016,0.0541
Andrew Anh Pham,Guangsian Lin,0.006,0.0534
Ryan Ng,Ping Boon Chia,0.0031,0.0508
Ryan Lam,Marco Leung,0.0021,0.0496
Len Yang,Ting Chieh Wei,0.0044,0.0488
Sophia Phuong Anh Tran,Kenta Miyoshi,0.0041,0.0507
Danni-Elle Townsend,Lucas Pascoe,0.0045,0.0508
Jimmy Liong Kai Long,Han Hyuck Chu,0.0098,0.0537
Ekaterina Biakina,Albie Huang,-0.006,0.053
Sahra Dennehy,Hong Kit Wong,-0.0052,0.0516
Kei Sawaki,Daniel Moore,0.0028,0.052
Jimmy Liong Kai Long,Isha Lakhani,-0.0013,0.0512
Miyu Hazawa,Mayu Ito,-0.0095,0.0533
Yu-Chieh Hsieh,Xiao Yi Wang-Beckvall,0.0006,0.0482
Victoria Dimuzio,Collin Johns,0.0087,0.0514
Rafa Hewett,Mya Bui,-0.0018,0.0505
Dylan Frazier,Etta Tuionetoa,-0.0119,0.052
Marshall Brown,Olivia McMillan,0.022,0.0507
Christopher Haworth,Salome Devidze,-0.0075,0.0503
Ryan Fu,Alex Walker,-0.0082,0.0481
Lingwei Kong,Eric Roddy,0.0057,0.048
Jonathan Truong,Jorja Johnson,0.0048,0.0527
Riley Newman,Maggie Brascia,0.0007,0.0513
Genie Bouchard,Max Freeman,-0.0072,0.0502
Jaume Martinez Vich,Tina Pisnik,-0.0091,0.0537
Christa Gecheva,Yuta Funemizu,-0.0255,0.0501
Genie Erokhina,Ivan Jakovljevic,0.0172,0.0502
Tom Protzek,Zoeya Khan,-0.0005,0.0509
Edward Perez,Luana Stanciu,-0.0057,0.0506
Audrey Adele Brown,Wesley Burrows,0.0028,0.0518
Lindsey Newman,Mota Alhouni,-0.0022,0.052
Kate Fahey,Tyson McGuffin,0.0064,0.0492
Martina Frantova,Darrian Young,-0.005,0.0537
Chloe Igleski,Adam Harvey,-0.0039,0.0497
Caden Nemoff,Jalina Ingram,-0.006,0.0507
Christine Trifunovic,Steve Deakin,-0.0003,0.0538
Zane Navratil,Felicity Di Laura,-0.0051,0.0493
Ivan Jakovljevic,Christopher Haworth,-0.0035,0.0555
Hannah Fife,Allie Davis,0.0084,0.0506
Brinley Horton,Ashlee Searle,-0.0026,0.0517
AJ Koller,Yuta Funemizu,-0.0023,0.0486
Regina Goldberg,Jada Bui,0.0046,0.0552
Jonathan Truong,Pesa Teoni,-0.0081,0.0519
Etta Tuionetoa,Lacy Schneemann,-0.0003,0.0484
Tiffany Nguyen,Kiora Kunimoto,0.001,0.052
Ryan Fu,Patrick Smith,-0.0085,0.0504
Christa Gecheva,Mya Bui,0.016,0.0476
Lea Jansen,Meghan Dizon,-0.0084,0.0517
Nicole Conard,Marie Lutz,0.0061,0.0517
Tyson McGuffin,CJ Klinger,0.0012,0.0519
Parris Todd,Catherine Parenteau,-0.005,0.0491
Jack Sock,Michael Loyd,-0.0122,0.0524
Ross Whittaker,John Lucian Goins,-0.0071,0.0537
Audrey Adele Brown,Lindsey Newman,-0.0213,0.0505
Victoria Dimuzio,Judit Castillo,-0.0114,0.0494
Alicia Lai,Tomoko Taniguchi,-0.0014,0.0508
Cason Campbell,Wesley Burrows,-0.0028,0.0518
Jade Rau,Ella Cosma,-0.0052,0.0541
Darinka Tiboldi,Abla Mannarino,-0.0035,0.0532
Darcy Shore,Olivia Phillips,-0.001,0.0525
Caden Nemoff,Craig Johnson,0.0087,0.048
John Cincola,Mota Alhouni,-0.0077,0.0509
Felicity Di Laura,Pierina Imparato,-0.01,0.0521
Zoey Weil,Lara Giltinan,-0.0051,0.0521
Edward Perez,Alexander Crum,-0.001,0.0527
Julian Arnold,Travis Rettenmaier,-0.0053,0.0529
Zoeya Khan,Luana Stanciu,0.0025,0.0485
Hannah Blatt,Cailyn Campbell,-0.0066,0.0498
Lauren Stratman,Alex Walker,0.0148,0.0516
Alli Hazrati,Chloe Zigliara,-0.0035,0.0488
Layne Sleeth,Martina Frantova,0.0005,0.0478
Ngoc Trieu Tran,Tiến Đạt Lê,0.0048,0.0534
锦雄 周,Fang D,-0.0062,0.0522
Phuc Huynh,Mitchell Hargreaves,-0.0023,0.0485
Nguyen Huy,Mohd. Shahmirzzy Kelvin,-0.0045,0.0542
Nicholas Maleganeas,Katie Morris,-0.0139,0.0554
Millie Smythe,Josh Nipperess,0.0069,0.0528
Pham Xuanvu,HO Hoan,0.0021,0.0543
Trang Tran,Loi Tran,0.001,0.0503
Hương Hà,Thilehang Tra,-0.0003,0.0538
Phan Quynh,Bich Hua,-0.0064,0.0494
Yang Yang,Fangli Li,-0.0019,0.0511
Tarie Caouette,Tya Karina,-0.0047,0.0525
Nok Yiu Tang,Kwan Wun Man,-0.0002,0.0508
Connie Lee,Hoang Nam Ly,0.0105,0.0526
Naimi Mehta,Freddie Powell,0.0007,0.0496
Jimmy Liong Kai Long,Pui Long Fan,-0.0002,0.0551
Han Hyuck Chu,Nicholas Maleganeas,0.0019,0.051
Syed Uzair Sufi,Wasan Komonrattana,-0.0024,0.0504
Kuldip Mahajan,Marco Leung,0.0035,0.0523
Kien Dang,VU Phuc,-0.0004,0.0532
Lauren Mercado,Prycen Haas,-0.0008,0.0532
Miyu Hazawa,Hsieh Chen-An,0.0036,0.0517
Timothy Kouznetsov,Matthew Kouznetsov,-0.0043,0.0504
Hung Pham,Lâm Trần,0.0038,0.0526
Trang Tran,Phong Tran Sr,-0.0007,0.0501
Sahra Dennehy,Kenta Miyoshi,-0.0013,0.0504
Jamie Haas,Harsh Mehta,0.016,0.0514
Eunggwon Kim,Albie Huang,-0.0034,0.0524
Nguyen Huy,Mayu Ito,0.004,0.0503
Tran Tuan Minh,Phong Tran Sr,0.0014,0.0529
Ronav Motiani,Tya Karina,-0.0026,0.052
Nok Yiu Tang,Marco Leung,-0.0127,0.0526
TU Tran,Tiến Nguyễn,0.003,0.053
Kei Sawaki,Minh Le,0.001,0.0547
Rika Fujiwara,Harrison Brown,-0.0061,0.0535
Athilla Miasara Bt Azizul Azhar,Aditya Ruhela,0.0104,0.0493
Tarie Caouette,Wasan Komonrattana,0.0027,0.0528
Kuldip Mahajan,Mihika Yadav,-0.006,0.0502
Farreez Isqandar,Hoang Bao Long Sr,-0.0026,0.0493
Nicholas Wiseman,Rich Cho,-0.0011,0.0514
Minh Nhật,Nguyễn Việt Hoàng,0.0068,0.0552
Naimi Mehta,Katie Morris,-0.0002,0.0528
Mayu Ito,Ngoc Si,0.0062,0.053
Hoang Thai Pham,Richie Nguyen,-0.0025,0.052
Phu Dang Tran,Hai Tran Dai,0.0017,0.0497
Miyu Hazawa,Anna Clarice Patrimonio,0.0076,0.0523
Bình Phan,Nguyen Quynh Anh,-0.0052,0.0499
Makiyah Cormick,Andrew Anh Pham,-0.0059,0.0515
Abby Trieu,Matthew Kouznetsov,-0.0079,0.0516
Phuc Huynh,Ngoc Si,0.0003,0.0537
Ooi Kah Yan,Eugenia David,0.0009,0.0529
Abby Trieu,Joan Soewondo,0.0003,0.0546
Aiko Yoshitomi,Mitchell Hargreaves,-0.0069,0.0529
Xiao Yi Wang-Beckvall,Vanshik Kapadia,0.0114,0.0485
HO Tam,Giang Trinh,-0.0065,0.0525
Sarah Burr,Louis Laville,0.0074,0.0521
George Wall,Kaitlynn Hart,-0.0067,0.0492
Mihae Kwon,Hong Kit Wong,-0.0071,0.051
Christa Gecheva,Liz Truluck,-0.0104,0.0514
Sharienne Ricardo,Madeline Gonzalez,0.0034,0.0497
Luke Kusmider,Kevin Caulfield,0.005,0.0507
Garrison Eaby,Juan Medina,-0.0055,0.0528
Austin Ciampini,Payton Weber,0.0007,0.0527
Kentaro Hamaguchi,George Rangelov,-0.0067,0.0527
Alex Guy,Thomas Romano,-0.0059,0.0519
Parth Mody,Chase Ruff,0.0023,0.0551
Juan Navarrete,Jake Benjamin,-0.0015,0.0535
Jericho Grollman,Federico Nani,0.0085,0.0494
Leandro Altet,Eber Molina Jr,0.0059,0.0495
Jun Jeon,Brandon Riddle,-0.0056,0.0529
Cassie Aiello,V. Mary Rivas,-0.0074,0.0528
Haley Ferguson,Paranya Jareonvongrayab,0.0148,0.0493
Stephen Madonia,James Delgado,-0.0065,0.0505
Wil Shaffer,Ben Slive,0.0065,0.052
Jarryd Woog,Emanuel Dickson,-0.0085,0.0519
Stephen Preissler,Sebastian Stam,0.0029,0.0531
Garv Singhal,Drew Von Bargen,0.0014,0.0508
Marisa Ruiz,Kelsey Laurente,0.0074,0.0497
Joel Waiwaiole,Brent Werbeck,0.0029,0.0494
Ahmad El-Zarif,Michael Shaw,-0.0057,0.049
Chuck Taylor,Brandon French,-0.0146,0.0506
Monica Perez,Kira Zhytska Richardson,0.0015,0.0562
Kayla Field,Marie Lutz,0.0067,0.0518
Cynthia McPherson,Spencer Liang,-0.0081,0.0499
Jonathan Aiken,Jonah Matos,-0.0074,0.054
Justin Graham,Carlos Subero,-0.0035,0.0513
Maria Alice Fagundes Vieira,Alexa Quintanilla,-0.0049,0.0498
Christopher Crouch,Travis Rettenmaier,-0.0082,0.0485
Ryder Brown,Nicholas Howell,-0.0049,0.052
Nicole Conard,Giovanna Morelli,-0.0088,0.0503
Kayla Williams,Anri Ferris,-0.0017,0.0513
Luca Mack,Anouar Braham,0.0177,0.0496
Alex Rastorgouev,Justin Slattery,-0.0135,0.0508
Luana Stanciu,Jen Werbeck,0.0125,0.0513
Savanna Ullmann,Bequi Barros Behar Luizelli,0.0041,0.0524
Zak Parks,Rougel Jon Lutz Aninon,0.0053,0.0494
Jemere Plummer,Samuel Gabet,0.0017,0.0547
Javon Turcsany,Hudson De Risi,-0.0032,0.0503
Bruno Faletto,Mikael Vollbach,0.0051,0.051
Julia Ronney,Ava Ignatowich,-0.0098,0.0529
Vincent Rettke,Lawson Shaw,0.0012,0.0527
Jae Centonze,Bret Berryman,-0.0055,0.0505
Abigail Okelley,Julianna Hess,0.0072,0.0496
Michael Coleman,Landon Johnson,0.0058,0.0511
Mary Monson,Averee Beck,0.0195,0.0526
Yolena Carlon,Dylan Ciampini,0.0013,0.052
Jake Bower,Samuel Dickson,-0.0026,0.0497
Gary Galt,Ethan Jauschneg,0.0004,0.0503
Christian Franke,Maxwell Ruyle,0.0047,0.0533
Alia Brown,Domenika Turkovic,0.0107,0.051
Raquel Amaro,Jemi Aguilar,-0.0019,0.052
Miles Hoover,Dale Kim,-0.005,0.0542
Juan Saez,Joshua Elliott,0.0094,0.0546
Django Chassang,Dylan Lewis,0.0004,0.0538
Oleksandr Bielinskyi,Matthew Pokorny,-0.0025,0.0502
Cassidy Hoag,Madalina Grigoriu,0.0152,0.0508
Hanna Duncan,Keara Vu,0.0009,0.0502
Immanuel Zion,Kyle Borawski,0.0108,0.0514
Jessica Brown,Lisa Borowsky,-0.005,0.0527
Julian Slive,Zach Gonnering,-0.0116,0.0473
Zoey Weil,Danna Funaro,0.0054,0.0511
Steven Jones,Paul Caruso,-0.0033,0.0486
Pablo Copetti,Jorge Garcia-Sarraff,-0.0002,0.0527
Gianna Jarman,Amanda Angulo,-0.0018,0.0493
Ajit Kurki,Sebastian Gutierrez,0.0061,0.0537
Evan Addington,Adair Garcia,0.0052,0.0543
Matthew Mead,Brayden Nguyen,-0.0092,0.0504
Benson Parry,Bryce Larson,-0.0093,0.0533
Alexander Crum,Juan Benitez,-0.0052,0.0512
Myles Call,Joshua Klarfeld,0.0034,0.0486
Caitlyn Khan,Maria Zachmann Nili,0.0026,0.0543
Dhruv Patel,Connor Daland,0.0032,0.0489
Josh Jenkins,Alex Lantz,-0.0066,0.0523
AJ Koller,Jonathan Truong,0.0012,0.0455
Hsieh Chen-An,Harrison Brown,-0.005,0.0487
Jimmy Liong Kai Long,Leander Lazaro,0.0039,0.0479
Xiao Yi Wang-Beckvall,Lauren Mercado,0.0093,0.0499
Vanshik Kapadia,Tejas Mahajan,-0.0041,0.052
Sophia Phuong Anh Tran,Pei Chuan Kao,-0.0005,0.0517
Kaitlynn Hart,Albie Huang,0.0007,0.0507
Freddie Powell,Louis Laville,-0.0056,0.0518
Ryan Ng,Colin Wong,-0.0008,0.0556
Sahra Dennehy,Aiko Yoshitomi,0.0171,0.0503
Mihae Kwon,Pui Long Fan,-0.0043,0.052
Sarah Jane Lim,HO Tam,0.0019,0.049
Millie Smythe,Jolie Lam,-0.0073,0.0508
Domenika Turkovic,Jae Centonze,0.0117,0.0484
Kentaro Hamaguchi,Keilly Ulery,-0.0063,0.0505
Christian Franke,Victoria Simon,0.0126,0.0522
Seone Mendez,Jake Bower,0.0007,0.0528
Macy Vonderschmidt,Joshua Elliott,-0.0049,0.0507
Raquel Amaro,Angelo Petricone,-0.001,0.0508
Angie Walker,James Delgado,0.0121,0.0498
Jun Jeon,Jennie Leon,0.0043,0.0532
Sydney Constantinidi,Diego Lebron Perez,-0.0048,0.0487
Wil Shaffer,Andi Godwin,0.0048,0.0494
Brandon Nsekpong,Kayla Field,0.0058,0.0497
Cassie Aiello,Jake Benjamin,0.0048,0.0502
Kayla Williams,Parth Mody,-0.0047,0.0496
Christopher Crouch,Paula Rives,0.0009,0.0483
Bryce Larson,Lily Goodwin,0.0028,0.0506
Mandy Gabriel,Kamden Bradstreet,0.0076,0.0505
Caitlyn Khan,Sebastian Stam,-0.0091,0.0521
Madelyn Porter,Richard Bayne,-0.0097,0.0502
Luana Stanciu,Adam Harvey,-0.0029,0.0487
Marisa Ruiz,Ben Slive,-0.0156,0.0538
Lauren Mercado von Bargen,Garv Singhal,-0.003,0.0531
Hanna Duncan,Rougel Jon Lutz Aninon,-0.0052,0.0527
Zoey Weil,Chuck Taylor,0.0067,0.0502
Brie Aldridge,Federico Nani,0.0078,0.051
Drew Holder,Mia Turcsany,-0.0037,0.0526
Poongi Hong,Kelsey Laurente,-0.0112,0.0544
Juan Saez,Nicole Conard,0.0177,0.0486
Liz Truluck,Juan Benitez,-0.0037,0.0511
Rachel Elliott,Enzo Frequelin,-0.0047,0.0491
Bequi Barros Behar Luizelli,Samuel Gabet,0.0009,0.0482
Matthew Mead,Anri Ferris,0.0025,0.0481
Travis Rettenmaier,Valerie R Simon,-0.0117,0.0513
Lauren Hidalgo-Smith,Emanuel Dickson,-0.0149,0.0501
Austin Bricker,Mary Monson,0.0019,0.05
V. Mary Rivas,Jonah Matos,0.0014,0.0492
Carlos Subero,Gianna Southwick,0.0029,0.0503
Jaeda Minniefield,Dale Kim,0.0078,0.0519
Abigail Okelley,Miles Hoover,0.0075,0.0508
Haley Ferguson,Garrison Eaby,-0.0095,0.049
Kara Evans,Dhruv Patel,0.0083,0.051
Justin Graham,Fadia Fakhre,0.0012,0.0526
Oscar Serra,Brooke Caruso,-0.0063,0.0503
Alexa Quintanilla,Kym Sze,-0.0028,0.0532
Dylan Ciampini,Payton Weber,-0.0007,0.0524
Clint Frazier,Lisa Borowsky,-0.0034,0.0501
Javon Turcsany,Paranya Jareonvongrayab,-0.0088,0.0492
Isabella Dunlap,Anouar Braham,-0.0083,0.0527
Audrey Banada,MJ Marrero,-0.0006,0.0501
Adair Garcia,Stevie Petropouleas,0.0049,0.0505
Ella Yeh,Austin Bricker,0.0029,0.0514
Zach Gonnering,Mary McGowan,-0.007,0.0523
Victor Camilo Iii,Devon Sikora,-0.0019,0.0526
Demetric Marrero Jr,Tama Shimabukuro,0.0018,0.0495
Jade Rau,Ashley Griffith,-0.0088,0.0502
Kiora Kunimoto,Giovanna Morelli,-0.0108,0.0475
Demetric Marrero Jr,Madalina Grigoriu,0.0031,0.0546
Jade Rau,Mouaad Alhouni,0.0006,0.0512
Wade Bryant,Chase Blocker,0.0026,0.0511
Daniel Miron,Kevin Caulfield,0.0,0.0522
Austin Baker,Austin White,-0.0002,0.0527
Jay Evans,George Rangelov,-0.0076,0.0521
Victor Marquez,Adair Garcia,0.0215,0.0525
Zach Gonnering,Mouaad Alhouni,-0.0042,0.0521
Cameron Luhring,Camden Chaffin,0.0033,0.052
Joshua Mackens,Nicholas Howell,0.0011,0.0492
Stevie Petropouleas,Mary McGowan,-0.0064,0.0515
Kelsey Matthews,Nicholas Romano,0.0013,0.052
Nicholas Romano,Usama Khalid,0.0024,0.0514
Vova Zverkovsky,Martin Stanchev,0.0014,0.0521
Eva Mitchell,Hudson De Risi,0.0068,0.0533
Nicole Conard,Isabella Dunlap,0.0034,0.0481
Molly Roberson,Cheyenne Jones,-0.0002,0.0554
Flynn Orton,Kiora Kunimoto,-0.0051,0.0502
Camden Chaffin,Giovanna Morelli,0.0039,0.0506
Ella Yeh,Emma Nelson,-0.0036,0.0535
Kelsey Matthews,Allie Reichert,0.0109,0.0544
David Creswell,Ethan Dysert,0.001,0.0511
Andre Mercado,Jace Morris,0.0068,0.0543
Ben Lilly,Danny Hunt,-0.0058,0.0513
Jessica Thomas,Joel Clark,-0.0003,0.0555
Tristan Shaw,Nick Zinn,0.002,0.0546
Colin Chapman,Max Fusselman,-0.002,0.0508
Cameron Luhring,Emma Nelson,-0.0062,0.0548
Brandon Lane,Allie Reichert,0.0147,0.0545
Paula Rives,Pesa Teoni,-0.0015,0.0506
Chloe Igleski,Ross Whittaker,0.0033,0.0511
Jack Sock,Danna Funaro,0.0041,0.0526
Mya Bui,Mota Alhouni,0.0088,0.0535
Tatiana Ruhl,John Cincola,-0.0048,0.0483
Lauren Stratman,Martin Emmrich,-0.0062,0.0522
Mohaned Alhouni,Lina Padegimaite,0.004,0.0485
Ivan Jakovljevic,Judit Castillo,0.0359,0.0508
Daniel De la Rosa,Alex Walker,-0.0049,0.0505
Marshall Brown,Salome Devidze,0.0049,0.0515
Sam Querrey,Luana Stanciu,0.0036,0.0522
Juan Benitez,Olivia McMillan,0.0101,0.051
Ivan Jakovljevic,Ryan Sherry,0.0022,0.0498
Liz Truluck,Gregory Dow,-0.0041,0.0511
Cason Campbell,Sarah Ansboury,-0.004,0.0511
Christopher Haworth,Dominique Schaefer,-0.0003,0.0492
Tom Protzek,Mehvish Safdar,0.0011,0.053
Zoeya Khan,Darrian Young,0.0006,0.0487
Ewa Radzikowska,Yates Johnson,-0.0026,0.0515
Spencer Smith,Marcela Aguila Ampon,-0.007,0.0517
Ross Whittaker,Christopher Haworth,-0.0089,0.0506
Rafa Hewett,Martina Frantova,-0.0009,0.0514
Brooke Buckner,Grayson Goldin,-0.0089,0.0513
Yates Johnson,Daniel De la Rosa,-0.0045,0.0517
Jack Sock,Donald Young,0.0017,0.053
Edward Perez,Pesa Teoni,-0.0061,0.0514
Gabriel Joseph,Jalina Ingram,0.0001,0.0523
Roscoe Bellamy,Allyce Jones,-0.0002,0.0517
Mohaned Alhouni,Brandon French,-0.0107,0.0507
Stephen Madonia,Eric Roddy,-0.0111,0.0505
Genie Erokhina,Augustus Ge,0.014,0.0487
Polina Libo,Tatiana Ruhl,-0.0015,0.0519
Dylan Frazier,Jaume Martinez Vich,0.0088,0.0505
Rachel Rohrabacher,Lea Jansen,-0.0078,0.0481
Grayson Goldin,Tyler Loong,-0.0038,0.0504
Zane Navratil,Connor Garnett,-0.0077,0.0533
Pablo Tellez,Jonathan Truong,0.0023,0.052
Ewa Radzikowska,Layne Sleeth,-0.0035,0.053
Callie Smith,Meghan Dizon,0.0088,0.0501
Hunter Johnson,Tyson McGuffin,0.0056,0.0533
James Ignatowich,Augustus Ge,0.0089,0.0476
Julian Arnold,Roscoe Bellamy,-0.0066,0.0516
Darrian Young,Wyatt Stone,0.0077,0.0498
Lucy Kovalova,Mari Humberg,0.0009,0.0477
Vivienne David,Lina Padegimaite,-0.0058,0.0508
Quan Do,Trang Huynh,0.0137,0.0503
Kantapat Chankasem,Natthamon Tiengtae,-0.0062,0.0517
Naveen Beasley,Aiko Yoshitomi,0.005,0.0492
Sophia Phuong Anh Tran,Giang Trinh,0.0003,0.0526
Kento Tamaki,Mayu Ito,0.0001,0.0522
Hien Truong,Sophia Nhi Huynh,0.0015,0.0516
Jolie Lam,HO Hoan,0.0014,0.0515
Syed Uzair Sufi,Willy Chung,0.0031,0.0498
Irshad Mustafa,Frank Ngo,0.0011,0.0525
Harsh Mehta,Selina Turulja,-0.0117,0.0519
Adam Deen Heshaam,Joanne Wong,-0.0017,0.0542
Kantapat Chankasem,Yodsapol Pisiviroj,-0.0004,0.0542
Chee Seng Pua,Ping Boon Chia,-0.003,0.049
Muhammad Ashaari Zainal Abidin,Syabil Shaharudin,0.0028,0.0496
Danni-Elle Townsend,Eric Oncins,-0.0035,0.053
Hsieh Chen-An,Kwan Wun Man,-0.0049,0.0537
Charles Yong,Aaron Kwek,0.0023,0.0533
Richie Nguyen,Shaun Pickering,0.0009,0.0533
Muhammad Aiman,Anna Clarice Patrimonio,-0.0035,0.0519
Ping Boon Chia,Zermaine Lew,0.0024,0.0534
Maggie Chang,Hsiang He Li,0.0025,0.0498
Allister Chung,Darren Teck Yee Yuan,-0.0051,0.0516
Ryan Ng,Amanda Teo,0.0003,0.0506
Pei Chuan Kao,Eunggwon Kim,-0.006,0.052
Christian Lee,Natalie Loke,-0.0054,0.0522
Caeden Tan,Nguyen Phong Le,-0.0065,0.0509
Sarah Jane Lim,Jason Taylor,-0.0016,0.0493
Ammaritta Rattanapanop,Jason Tay,-0.002,0.0501
Santhosh Narayanan,Robert Stirling,-0.0012,0.0524
Torpoom Thongsinthop,Jason Tay,0.005,0.0502
Muhammad Aiman,Nicholas Maleganeas,0.0063,0.0525
Marcus Low,Peng Soon Chan,-0.0028,0.0542
Jason Loh,Bryan Lee,-0.0017,0.0528
Sahra Dennehy,Santhosh Narayanan,0.0106,0.0522
Riyanda Kesuma Bin Suherman,Amirsyazwan Al Razi,-0.0055,0.0522
Christian Ian Alcazar,Alex Yip,-0.0089,0.0548
Yiting Lei,Hsiang He Li,-0.0045,0.0513
Charles Yong,Ooi Kah Yan,-0.002,0.0524
Mihae Kwon,Robert Nunnery,0.0033,0.0521
Raymond Chang,Ying Liu,-0.0015,0.0514
Yodsapol Pisiviroj,Jeerapat Nantanapramoth,-0.0004,0.054
Andy Amattayakul,Natnicha Lueangtawikit,0.0019,0.0535
Chao Yi Wang,Kaitlyn Christian,0.0071,0.0467
Leah Tauber,Trang Huynh,0.0028,0.0505
Hannah Blatt,Pei Chuan Kao,-0.008,0.0539
Mitchell Hargreaves,Andie Dikosavljevic,0.0099,0.0516
Chao Yi Wang,Tyson McGuffin,-0.0205,0.0495
Armaan Bhatia,Liz Truluck,0.0029,0.0526
Hong Kit Wong,HO Tam,0.009,0.0551
Eric Oncins,Tyson McGuffin,0.0189,0.0535
Grayson Goldin,Jonathan Truong,0.0004,0.0536
Yu-Chieh Hsieh,Liz Truluck,-0.002,0.0508
Phuc Huynh,Tama Shimabukuro,-0.0043,0.0487
Raymond Chang,Marco Leung,0.0094,0.0498
Andie Dikosavljevic,Selina Turulja,-0.0014,0.0475
Vanshik Kapadia,Robert Nunnery,0.0064,0.0504
Eddie Shen,Farreez Isqandar,0.0005,0.056
Yufei Long,Hoang Nam Ly,-0.001,0.0525
Ben Johns,Christian Alshon,-0.0104,0.0496
Maggie Chang,Amy Su,-0.0009,0.0521
Jimmy Liong Kai Long,Tya Karina,-0.0057,0.0532
Mitchell Hargreaves,Jason Taylor,0.0023,0.055
Ting Chieh Wei,Alix Truong,-0.0018,0.0526
Tya Karina,Sophia Nhi Huynh,-0.0023,0.0501
Roos Van Reek,Anna Bright,-0.0115,0.0504
Athilla Miasara Bt Azizul Azhar,Willy Chung,0.0004,0.0537
Ying Liu,Pini Lee,-0.0039,0.0508
Robert Stirling,Albie Huang,-0.0022,0.0525
Ooi Kah Yan,Natnicha Lueangtawikit,-0.0042,0.0496
Zane Navratil,Armaan Bhatia,0.0217,0.0521
Jolie Lam,Kwan Wun Man,0.0001,0.0547
Naveen Beasley,Harsh Mehta,-0.0031,0.0485
Samantha Parker,Augustus Ge,0.015,0.0523
Lacy Schneemann,Max Freeman,-0.0205,0.0523
Lindsey Newman,Spencer Smith,0.0134,0.0521
Riley Newman,Layne Sleeth,-0.0019,0.0494
Mari Humberg,Daniel De la Rosa,-0.0005,0.0515
Callie Smith,Jaume Martinez Vich,-0.0017,0.0521
Jay Devilliers,Etta Tuionetoa,0.0083,0.0492
Lingwei Kong,Carlos Di Laura III,-0.0057,0.0524
Tom Protzek,Lara Giltinan,0.0042,0.0529
Lucy Kovalova,Travis Rettenmaier,-0.0039,0.0512
Yates Johnson,Meghan Dizon,0.0163,0.0533
Will Mackinnon,Kiora Kunimoto,0.016,0.0512
Lea Jansen,Federico Staksrud,-0.0075,0.0496
Christa Gecheva,James Ignatowich,-0.0074,0.0514
Noe Khlif,Gabriel Tardio,-0.005,0.0516
Mari Humberg,Allyce Jones,-0.013,0.0484
Will Mackinnon,Mikus Losbergs,0.0102,0.0501
Brooke Buckner,Lea Jansen,0.0043,0.0516
Joshua Cooperman,Lorin Schlecht,-0.0038,0.0524
Jack Sock,Brandon French,0.0038,0.0544
AJ Koller,Daniel De la Rosa,-0.0019,0.0526
Cailyn Campbell,Dominique Schaefer,-0.001,0.0511
Tom Protzek,Christopher Haworth,-0.0132,0.0489
Andrei Daescu,Collin Johns,0.0089,0.0476
Roscoe Bellamy,Wyatt Stone,0.0031,0.0504
Callie Smith,Jessie Irvine,-0.0045,0.0511
Kelly Chen,Kiora Kunimoto,0.0061,0.0502
Thomas Yu,Trang Huynh,0.0072,0.0513
Ngoc Si,Hoang Nam Ly,-0.0065,0.0504
Tama Shimabukuro,Nasa Hatakeyama,-0.002,0.0512
Carlos Rubio,Wasan Komonrattana,0.0001,0.0512
Trần Cao Sơn,Phan Nhung,0.0002,0.0503
Quan Do,Xiao Yi Wang-Beckvall,-0.0093,0.0504
Huong Dan Linh,Dung N,-0.0028,0.0517
Jolie Lam,Nguyen Huy,-0.0003,0.0527
Đình Hải Nguyễn,Hữu Đạt Nguyễn,-0.0051,0.0487
Nicholas Maleganeas,Matthew Kouznetsov,0.0138,0.0555
Syed Uzair Sufi,Andrew Anh Pham,0.0045,0.0495
Minh Nhật,Nguyễn Hoàng,-0.0036,0.051
Hoang Bao Long Sr,Kien Dang,-0.0017,0.0525
Callan Dawson,Jai Grewal,0.0079,0.0513
Khang Nguyen,Trung Hoàng Trần,-0.0007,0.05
Thang Nguyen,Đào Hải Đăng,-0.0028,0.0521
Nguyen Huy,Nhật Minh T,-0.0002,0.0532
Carlos Rubio,Sieu Ee Toi,-0.0038,0.0497
Khuong Huynh,Nicholas Khamphilath,0.0081,0.0516
Tuấn Vũ,Phong Dongxuan,0.0057,0.0512
Crystal Mildwaters,Nicholas Maleganeas,-0.0075,0.0534
Nguyen Quynh Anh,Nhật Minh T,0.0003,0.0544
Tran Tuan Minh,TU Tran,-0.0054,0.052
Nguyen Hung Anh,Phong Tran Sr,0.0042,0.0526
Santhosh Narayanan,Yu-Chieh Hsieh,0.0036,0.0513
Pui Long Fan,Luc Pham,-0.0052,0.0484
Victory Jang,Iljun Jang,-0.0039,0.0519
Andy Amattayakul,Angie Bong,0.0019,0.0536
Khang Trịnh Vũ,Dung N,0.0026,0.0508
Dũng Nguyễn,David Tran,-0.0046,0.054
Trần Cao Sơn,Long Phạm Tuấn,-0.0015,0.0544
Andy Amattayakul,Hoa Nhan Van,-0.0018,0.0532
Jason Tay,Yodsapol Pisiviroj,0.0005,0.0495
Trong Nguyen Duc,Alexandra Rivera,0.0013,0.0527
Kei Sawaki,Nasa Hatakeyama,0.0125,0.05
TG Luan,LE Quoc Khanh,0.0034,0.0529
Son Ngo Giang,Tuan Nguyen Duc,-0.0036,0.0519
Makiyah Cormick,Flynn Orton,0.0025,0.0515
Jimmy Liong Kai Long,Seina Shima,-0.0069,0.0507
Diane H,Andrew Anh Pham,-0.0079,0.0572
Marco Leung,Kwan Wun Man,0.0066,0.0545
Mihae Kwon,Jason Taylor,-0.0017,0.054
Phuong Nguyen,Phong Tran Sr,-0.0011,0.0511
Yến Đinh Hải,Khanh Van Nguyen,0.0017,0.0518
HE Phoenix,Anni Xie,-0.0037,0.054
Khoa Vo,Richie Nguyen,-0.0057,0.0524
Kim Hyunjun,Ryan Ng,0.0004,0.0518
Hiếu Triệu Hoàng,Truong Tuan Dung,-0.0027,0.0506
Natnicha Lueangtawikit,Yodsapol Pisiviroj,0.0026,0.0471
Huy Le,Loi Tran,0.0005,0.0517
Khiem Vu,Thi Tu Ngoc Tran,-0.0048,0.0516
Tama Shimabukuro,HO Tam,-0.0011,0.0483
Phuc Huynh,Albie Huang,-0.0003,0.0515
Sophia Phuong Anh Tran,Vanshik Kapadia,-0.0033,0.051
Muhammad Aiman,Marco Leung,0.0028,0.0525
Yufei Long,Giang Trinh,-0.001,0.0527
Nguyen Thang,Colin Wong,0.0006,0.0521
Crystal Mildwaters,Sophia Nhi Huynh,0.001,0.0518
Hannah Blatt,Jai Grewal,-0.0028,0.0541
Phuc Huynh,Kento Tamaki,0.0089,0.0537
Jimmy Liong Kai Long,Guangsian Lin,-0.0079,0.0519
Leander Lazaro,Luc Pham,-0.0017,0.0511
Kei Sawaki,Sophia Phuong Anh Tran,-0.0012,0.051
Xiao Yi Wang-Beckvall,Leah Tauber,-0.0026,0.0515
Sarah Jane Lim,Connie Lee,-0.0015,0.05
Hannah Blatt,Albie Huang,0.0121,0.0505
Seina Shima,Loi Tran,-0.0009,0.051
Hong Kit Wong,Connie Lee,-0.0064,0.0518
Ben Johns,Dekel Bar,-0.006,0.0501
Armaan Bhatia,Kaitlyn Christian,-0.0133,0.049
Andie Dikosavljevic,Harsh Mehta,0.006,0.0521
Yufei Long,Trang Huynh,-0.0086,0.0515
Mayu Ito,Kwan Wun Man,0.0031,0.0552
Tarie Caouette,Natnicha Lueangtawikit,-0.003,0.0511
Mihae Kwon,HO Tam,0.0039,0.0491
Len Yang,Jonathan Truong,-0.009,0.0511
Liz Truluck,Pei Chuan Kao,0.0058,0.049
Roos Van Reek,Eric Oncins,0.0027,0.0512
Pui Long Fan,Ngoc Si,0.0035,0.0528
Anna Clarice Patrimonio,Angie Bong,-0.002,0.0515
Jolie Lam,Sieu Ee Toi,0.0036,0.0509
Roos Van Reek,Andie Dikosavljevic,0.0068,0.0513
Miyu Hazawa,Anni Xie,0.0004,0.0486
Shraddha Damani,Thilehang Tra,-0.006,0.0509
Danni-Elle Townsend,Zane Navratil,-0.0022,0.0472
Noah Torres,Jonathon Hart,-0.0002,0.051
Joshua Giannelli,Justin Slattery,-0.0008,0.051
Alexander Duverger,Jeremie Perry,-0.0062,0.0488
Carrie Dajani,Nicole Talisse,-0.0054,0.0477
Bree Green,Marygrace Rudd,0.0042,0.0544
Edward Perez,Juan Benitez,-0.0056,0.0509
Thomas Romano,Brandon Fritze,-0.0106,0.0518
Matvey Radionov,Mikael Vollbach,-0.0048,0.0498
Dennis Uspensky,George Rangelov,-0.0063,0.0529
Abigail Okelley,Kayla Williams,0.0082,0.0527
Ella Yeh,Eliana Ling,0.0201,0.0512
Chuck Taylor,Zach Gonnering,0.0126,0.0507
Ross Whittaker,Camden Chaffin,0.0077,0.0523
Monika Wynne,Jaeda Minniefield,-0.0176,0.0511
Haley Ferguson,Andi Godwin,-0.0027,0.0498
Pierina Imparato,Olivia McMillan,-0.0165,0.0517
Louise Kwong,Mara Vasvatekis,0.0051,0.0511
Stephen Madonia,Jesse Witten,0.0034,0.0529
Chandra Kusuma,Lauren Cole,0.0062,0.05
Roy Ke,Diego Butanda,0.0025,0.0533
Julia Ronney,Emma Van Hee,-0.0078,0.0516
Rachel Summers,Abbigal Hatton,-0.0115,0.0508
Alex Guy,Julian Slive,0.0104,0.0512
Evan Pratt,Teddy Dupay,0.0051,0.0503
Christa Gecheva,Mehvish Safdar,0.0146,0.051
Jack Wasserman,Justin Moore,0.0042,0.0503
Rosen Naydenov,Bret Berryman,0.002,0.0532
Matias Tardio,Jackson Ayotte,-0.0101,0.0515
Kentaro Hamaguchi,Dale Kim,0.0094,0.0506
Caitlin Klaassen,Sydney Sonday,-0.004,0.0499
Chase Brautman,Garrett Singletary,0.0053,0.0494
Jason Lateko,Loc Lam,-0.0021,0.0516
Jake Sweeney,William Wert,-0.007,0.0518
Tysen Wadge,Reilly Puhalski,-0.0008,0.0492
Rachel Janssen,Kira Zhytska Richardson,-0.0045,0.0521
Alia Brown,Dana Raugust,0.0055,0.0523
Matthew Matro,Zach Bowe,-0.0027,0.0511
Alexander Tong,Jordan Denish,-0.0007,0.0522
Jarryd Woog,Selim Ben Ali,0.0141,0.0507
Zoeya Khan,Felicity Di Laura,0.0217,0.0527
Emma Cook,Fatyha Berjane,-0.0092,0.0536
Dylan Wilhelm,Hudson De Risi,-0.0058,0.0481
Rachel Summers,Zach Gonnering,-0.0136,0.0501
Chandra Kusuma,Selim Ben Ali,-0.0071,0.0495
Eliana Ling,Julian Slive,-0.0036,0.0529
Arianna Haresign,Matthew Matro,-0.0019,0.0506
Sydney Sonday,Brandon Fritze,-0.0039,0.0526
Alia Brown,Travis Rettenmaier,-0.0033,0.0499
Stephen Madonia,Emma Van Hee,-0.0095,0.0513
Chuck Taylor,Abbigal Hatton,0.0044,0.0528
Ross Whittaker,Julia Ronney,0.0266,0.0488
Zak Parks,Alex Walker,0.0112,0.0512
Cody Lanier,Katelyn Hilliard,-0.0022,0.0518
Monika Wynne,Brookes Jones,-0.0075,0.0526
Alex Guy,Madison Turosinski,-0.0057,0.0531
Carlos Di Laura III,Felicity Di Laura,-0.0162,0.0497
Haley Ferguson,Dale Kim,0.0052,0.0529
Hunter Bivins,Kristen Van Dernoot,-0.0007,0.0532
Jackson Ayotte,Dana Raugust,-0.0077,0.0518
Caitlin Klaassen,Thomas Romano,0.0103,0.0503
Lionel Ortiz,Jaeda Minniefield,-0.0025,0.0483
Jarryd Woog,Abigail Okelley,-0.0073,0.0499
Nicole Conard,Camden Chaffin,-0.0061,0.0499
Brandon French,Brooke Caruso,-0.0051,0.0531
Kara Wheatley,Anouar Braham,0.0018,0.0524
Jessica Jones,Joshua Giannelli,0.005,0.0535
Eva Mitchell,Brayden Nguyen,0.0005,0.0512
Zach Gonnering,Mia Turcsany,0.0014,0.0488
Collin Vero-Casavant,David Bieger,-0.0087,0.0509
Chris Walker,Matthew Krakowski,0.0026,0.0533
Hudson De Risi,Trevor Schwarzmann,0.0032,0.0509
Jay Evans,Kyle Borawski,-0.0017,0.0522
Thomas Dill,Ethan Bakalinsky,-0.0013,0.0517
Kentaro Hamaguchi,Anouar Braham,0.0017,0.0516
Keith Tam,Mikaela Smith,-0.0026,0.0549
Rachael Fitzgerald,Jameson Lewis,0.0019,0.0498
Bret Berryman,Victoria Simon,-0.0045,0.0514
Steven Pokopec,Alexa Quintanilla,-0.0044,0.0508
Matthew Finnerty,Raymond Lawton,-0.0014,0.051
Ariana Rodriguez,Spencer Liang,0.0056,0.0499
Jessica Teague,Mikaela Smith,-0.0059,0.0506
Louise Kwong,Hudson De Risi,-0.0013,0.0486
Kentaro Hamaguchi,Emma Van Hee,-0.0068,0.051
Rosen Naydenov,Mary McGowan,0.013,0.0502
Joshua Giannelli,Rosen Naydenov,0.003,0.0492
Ram Kotnana,Alex Corado,-0.0009,0.051
Kara Wheatley,Emma Van Hee,-0.0077,0.0514
Ethan Bakalinsky,Caroline Maguire,-0.0078,0.0517
Mary McGowan,Alexa Quintanilla,0.0076,0.0508
Javon Turcsany,Olivia Phillips,-0.0074,0.053
Ram Kotnana,Spencer Liang,-0.0046,0.0505
Valerie R Simon,Victoria Simon,0.0141,0.0498
Olivia Phillips,Mia Turcsany,-0.0066,0.0502
Brooke Buckner,Tyson McGuffin,-0.0031,0.0549
Chloe Igleski,Darrian Young,-0.0078,0.0514
Carlos Di Laura III,Ivan Jakovljevic,0.0031,0.0545
Hannah Blatt,Julian Arnold,0.0025,0.0498
Zane Navratil,Mya Bui,-0.0063,0.0502
Jhonnatan Medina Alvarez,Sarah Ansboury,0.0012,0.0507
Eric Oncins,Etta Tuionetoa,0.0075,0.0487
Zane Ford,Kiora Kunimoto,-0.0065,0.0509
Jack Sock,Victoria Dimuzio,0.0041,0.0471
Federico Staksrud,Jackie Kawamoto,0.0006,0.0507
Ella Yeh,Camden Chaffin,0.0044,0.0519
Spencer Smith,Ava Ignatowich,-0.0011,0.055
Alexander Crum,Lara Giltinan,-0.0019,0.0518
Luke Wasson,Giovanna Morelli,-0.0005,0.0501
Tam Trinh,Jonathan Truong,0.0027,0.0532
Alex Walker,Anderson Scarpa,0.0093,0.0482
Yates Johnson,Christa Gecheva,0.0021,0.0513
Parris Todd,Christian Alshon,0.0075,0.0501
Kiora Kunimoto,Lara Giltinan,-0.0009,0.0517
Grayson Goldin,Yates Johnson,-0.0018,0.0514
Jade Rau,Tyler Loong,-0.0009,0.0532
Zane Ford,John Lucian Goins,-0.006,0.0491
Jhonnatan Medina Alvarez,Alexander Crum,0.0065,0.0525
Carlos Di Laura III,Rachel Rettger,0.0119,0.051
Mohaned Alhouni,Marcela Aguila Ampon,0.004,0.0516
Genie Bouchard,Martin Emmrich,-0.0023,0.049
Donald Young,Lina Padegimaite,-0.0041,0.048
Ryan Fu,Lacy Schneemann,0.0071,0.0522
Ella Yeh,Giovanna Morelli,0.0111,0.0501
Anna Bright,CJ Klinger,-0.0152,0.0516
Spartak Rahachou,John Cincola,-0.0036,0.0474
Travis Rettenmaier,Cailyn Campbell,-0.0006,0.0503
Layne Sleeth,James Ignatowich,0.0042,0.0504
Stephen Madonia,Pierina Imparato,0.0153,0.0498
Samantha Parker,Marshall Brown,-0.0014,0.053
Tom Protzek,Olivia McMillan,-0.0027,0.0504
Rafa Hewett,Salome Devidze,0.0063,0.0488
Christopher Haworth,Mehvish Safdar,-0.006,0.0531
Zoey Weil,Pierina Imparato,-0.0046,0.0507
Mehvish Safdar,Danna Funaro,-0.0074,0.0507
Camila Zilveti,Monica Paolicelli,-0.0008,0.0517
Hannah Blatt,Allison Phillips,-0.0112,0.0515
Meghan Dizon,Tina Pisnik,-0.0114,0.0507
Jessie Irvine,Milan Rane,-0.0027,0.0483
Elsie Hendershot,Genie Erokhina,-0.0003,0.0492
Callie Smith,Mari Humberg,0.0097,0.0514
Lingwei Kong,Mya Bui,-0.0105,0.0505
Jay Devilliers,Matt Wright,-0.0048,0.05
Kaitlyn Christian,Judit Castillo,0.0084,0.0551
Christa Gecheva,Cailyn Campbell,0.0012,0.0487
Tyler Loong,Ryan Fu,-0.0054,0.0497
James Delgado,Daniel De la Rosa,-0.0126,0.0494
Ashley Griffith,Anne-Sophie Courteau,-0.0,0.0483
Wil Shaffer,Adam Harvey,0.0021,0.051
Ryan Cating,Ryan Camras,-0.0134,0.0518
Andre Mercado,George Rangelov,-0.0077,0.0532
Brittany Levkulich,Stevie Petropouleas,-0.01,0.0513
Casey Dominguez,Jared Culbert,-0.0026,0.0509
Jay Evans,Noah Ivey,-0.017,0.0523
Justin Dages,Matt Burkhardt,0.0108,0.0521
Wendy Weston,Cheyenne Jones,0.0064,0.0532
Robert Baylon,Devon Sikora,-0.0037,0.0511
Rafael Lenhard,Troy Akin,0.0479,0.0559
Yates Johnson,Ryan Dawidjan,0.0064,0.0522
Lina Romero Alarcon,Rachel Janssen,0.0173,0.0502
Savanna Koss,Maya Roderick,-0.0106,0.0497
Monika Wynne,Luana Stanciu,0.006,0.0506
Edward Perez,Austin Bricker,0.002,0.0471
Kayla Williams,Jaeda Minniefield,0.0196,0.0499
Jasraj Sethi,Jake Faryniarz,0.0083,0.0519
Stephen Bass,Blake Lowe,0.0046,0.0517
James Seagraves,Nicolas Almeida,-0.0002,0.0505
Christopher Crouch,Tristan Dussault,-0.022,0.0506
Brayden Nguyen,Austin White,0.0035,0.0489
Princess Gbadamosi,Katie Neils,-0.0129,0.0519
Jack Milligan,Luke Milligan,-0.0078,0.0547
Kayla Field,Jen Werbeck,-0.0127,0.052
Jason Loyd,Brandon Nsekpong,0.0097,0.0511
Rouzbeh Ghotbi,Austin Oreilly,-0.0059,0.0524
Dylan Wilhelm,Dixon Doege,-0.0003,0.0516
Keaten Kappes,Jeffrey Moulton,-0.0043,0.0525
Haley Frank,Simone Leonard,-0.0098,0.0511
Bruce Hale,Eden Lawson,0.0006,0.0551
Cody Milton,Alicia Knott,-0.0048,0.0506
Andrew Caldarella,Maddy Rasmusen,0.0363,0.0501
James Seagraves,Keilly Ulery,0.0056,0.0496
Tom Protzek,Anne-Sophie Courteau,0.0095,0.0511
Jason Loyd,Kayla Field,-0.0014,0.0522
Lina Padegimaite,Wyatt Stone,-0.0004,0.0514
Kiora Kunimoto,Anouar Braham,-0.0182,0.0512
Adam Harvey,Giovanna Morelli,-0.003,0.0498
Princess Gbadamosi,Mulima Mulenga,-0.003,0.0538
Zoey Weil,Brandon French,0.0198,0.0509
Brandon Nsekpong,Luana Stanciu,-0.0034,0.0505
Christopher Crouch,Stevie Petropouleas,-0.0059,0.0521
Cami Gonzalez,Jared Culbert,0.0049,0.0497
Wil Shaffer,Jaeda Minniefield,0.0021,0.0486
Cole Whitaker,Sarah Williams,0.0037,0.0525
Lydia Power,Ryan Camras,-0.0084,0.0529
Kendall Shepard,Aaron Fuhrman,0.0001,0.0513
Casey Garretson,Maddie McKee,-0.0017,0.0515
Brett Warner,Jacqueline Burdette,0.0045,0.0519
Edward Perez,Brie Aldridge,-0.0159,0.0541
Evan Zoeteman,Katie Neils,-0.0029,0.0513
Isaac Perez-Reinhardt,Isamarie Perez,-0.0025,0.0524
Jake Anderson,Cameron Hafner,0.0012,0.054
Wendy Weston,Nicolas Almeida,-0.0002,0.0503
Noah Ivey,Cheyenne Jones,0.0001,0.0497
Victor Rodrigo,Jace Morris,-0.0076,0.0501
Rachel Wang,Lingzhe X,-0.0056,0.0514
Leah J,Olivia Phillips,-0.0089,0.0515
Evan Pratt,Jonah Matos,0.0005,0.0498
Armaan Jiwa Mawji,Miles Hoover,0.0014,0.0514
Breaden Brooks,Jace Howard,0.0025,0.0514
Sydney Sonday,Austin Bricker,0.0122,0.0505
Lexi Jensen,Ben McNair,-0.0008,0.0553
Jayden Tsao,Seina Shima,-0.0022,0.0529
Jace Morris,Dana Raugust,0.0024,0.053
Desislav Borov,Jesse Witten,-0.0057,0.0474
Sam Angelo,Jackson Ayotte,-0.0091,0.0501
Connor McCartney,Pally Ray,0.0071,0.0501
Ruben Basurto,James Hagen,0.0074,0.0516
Jacob Bolkowy,Bradley Saffran,-0.0029,0.0512
Valerie R Simon,Jonah Matos,0.0037,0.0511
Hannah Ward,Matthew Mead,-0.007,0.0489
Bryanna Ojeda,Yaamunan Venkatesan,0.0023,0.0505
Simone Leonard,Miles Hoover,-0.0016,0.0527
Belin Tekin,Desislav Borov,-0.0002,0.0519
Nick Black,Rio Newcombe,-0.0101,0.0524
Daniel Colon,Dean Guyer,-0.0026,0.0478
Will Mackinnon,Luc Pham,0.0087,0.0502
Daniel Byun,David Litvinov,0.0014,0.0513
Eduardo Santini Ayon,Jazz Hearn IV,-0.0076,0.0526
Lingzhe X,Devon Sikora,0.0052,0.0526
Amir Tabatabaeian,Tiffany Wang,-0.0149,0.0521
Alec Weller,David Sigler,-0.0061,0.0505
Nicole Conard,Dana Raugust,0.0005,0.0517
Indigo Dagnall,Brian Chen Bonilla,0.0058,0.0527
David Alexander,Paul Klaer,-0.0041,0.0505
Amir Tabatabaeian,Albert Wan,-0.0095,0.0514
Mary Monson,Luc Pham,-0.0186,0.05
Mulima Mulenga,Maya Roderick,0.0091,0.0516
Leah J,John Thorn,-0.0066,0.0537
Brooklyn Hall,Joel Poland,-0.0056,0.0534
Jacob Bolkowy,Victoria Simon,0.0114,0.0529
Breaden Brooks,Olivia Phillips,0.0093,0.0523
Ernesto Fajardo,Claudio Quinones Garcia,0.0051,0.0499
Jared Culbert,Corey Nichols,0.0002,0.0528
Stavro Sophocleous,Carson Esraelian,-0.0014,0.0549
Kathryn Glavinovich,Seina Shima,-0.0046,0.0494
Duncan Mulenga Jr.,Mulima Mulenga,-0.0039,0.0522
Evan Zoeteman,Robert Lees,0.0017,0.052
Trevor Vaccaro,Brenden Everhart,-0.0022,0.0514
Anthony Skalabrin,John Thorn,-0.0029,0.053
Kyle Goodburn,Willy De Vilchez,-0.0007,0.0524
Hannah Ward,Jessica Mason,0.0097,0.053
Erik Pailet,Matt Baca,0.0045,0.0527
George Bulger,Benjamin Bramblett,-0.0036,0.0521
Ognjen Zekanovic,Scott Berke,-0.0033,0.0528
Levi Daniel,Bruno Barrueto Deza,0.0055,0.0517
Pally Ray,Cameron Beer,-0.0077,0.052
Sergey Afanasenka,Nicole Conard,0.001,0.0532
Martin Thomas,Elizabeth Roy,-0.0012,0.0498
Sergey Afanasenka,Adair Garcia,-0.0119,0.053
Nicole Kalhorn,Scott Berke,-0.0019,0.0518
Tomoko Taniguchi,Elizabeth Roy,0.0017,0.051
Isabella Dunlap,Mary Monson,0.0081,0.0507
Aizec Olson,Brock Rzesnowiecky,0.0002,0.0523
Hayden Rand,Devon Sikora,-0.0009,0.0501
Ella Cosma,Alexander Crum,-0.0048,0.0515
Chuck Taylor,Paula Rives,0.0006,0.0503
Liz Truluck,Darrian Young,-0.0037,0.0515
Stephen Madonia,Samantha Parker,0.0038,0.0522
Felicity Di Laura,Rachel Rettger,-0.0018,0.0495
Ivan Jakovljevic,Lara Giltinan,-0.0108,0.0505
Jalina Ingram,Pesa Teoni,0.0003,0.0534
Tam Trinh,Donald Young,0.0103,0.0508
Cason Campbell,Giovanna Morelli,-0.0113,0.0498
Ella Yeh,Adam Harvey,0.0045,0.05
Patrick Smith,Brooke Caruso,0.0044,0.0511
Zoeya Khan,Carlos Di Laura III,-0.0081,0.0479
Dekel Bar,Jackie Kawamoto,-0.0123,0.0533
AJ Koller,Juan Benitez,0.0074,0.0493
Christine Trifunovic,Gabriel Joseph,0.0071,0.0529
Alix Truong,Federico Staksrud,-0.0263,0.0545
Armaan Bhatia,Lacy Schneemann,0.0001,0.0505
Felicity Di Laura,Brandon French,-0.0054,0.0526
Steve Deakin,Lindsey Newman,0.0095,0.052
Edward Perez,Camila Zilveti,-0.0054,0.0512
Sarah Ansboury,Wesley Burrows,-0.0048,0.0504
Eric Oncins,Catherine Parenteau,-0.0057,0.0483
Allison Phillips,Christopher Haworth,0.0125,0.0534
Rafa Hewett,Zoey Weil,0.0038,0.0509
Ella Yeh,Luana Stanciu,-0.0058,0.0539
Wil Shaffer,Daniel Jensen,0.0046,0.0509
Caden Nemoff,Kiora Kunimoto,0.0008,0.0514
Tyson McGuffin,Tina Pisnik,-0.0406,0.0509
Chloe Igleski,Michael Loyd,0.0003,0.0501
Rachel Rohrabacher,Andrei Daescu,0.0223,0.0498
Yates Johnson,Lauren Stratman,0.0201,0.0511
Mohaned Alhouni,Lingwei Kong,-0.0009,0.0494
Camila Zilveti,Brooke Caruso,0.0013,0.0538
Tom Protzek,Pesa Teoni,0.004,0.0543
Michael Loyd,Augustus Ge,-0.0058,0.0528
Grayson Goldin,Chuck Taylor,0.0039,0.0517
Liz Truluck,Mya Bui,0.0076,0.0509
Lucy Kovalova,Lacy Schneemann,-0.0004,0.0516
Jalina Ingram,Lindsey Newman,0.0039,0.0486
Armaan Bhatia,Christopher Haworth,-0.0156,0.0518
Andre Mercado,Tama Shimabukuro,0.0204,0.0533
Max Freeman,Jaume Martinez Vich,-0.0001,0.0532
Lea Jansen,Milan Rane,-0.0019,0.049
Blaine Hovenier,James Ignatowich,-0.0037,0.0511
Meghan Dizon,Jackie Kawamoto,0.0039,0.0483
Ryan Fu,Tyson McGuffin,-0.0002,0.0469
Riley Newman,Noe Khlif,0.004,0.0511
Ella Cosma,Ava Ignatowich,-0.0033,0.0467
Christopher Haworth,Vivienne David,-0.002,0.0531
Mya Bui,Juan Benitez,0.0045,0.0493
Jay Devilliers,Juan Benitez,-0.0031,0.0513
Pierina Imparato,James Ignatowich,0.0084,0.0511
Zoey Weil,Will Howells,0.0074,0.0538
Zoey Weil,Mari Humberg,0.0046,0.0494
Victoria Dimuzio,Jaume Martinez Vich,-0.0023,0.0486
Zane Ford,Zoeya Khan,-0.0037,0.0514
Christopher Haworth,Jaume Martinez Vich,-0.0004,0.0511
Stephen Madonia,Luana Stanciu,0.0021,0.0514
Brooke Buckner,Pablo Tellez,-0.0267,0.0497
Jade Kawamoto,Ben Johns,-0.0068,0.0495
Chao Yi Wang,James Delgado,-0.0093,0.0517
Felicity Di Laura,Kaitlyn Christian,0.0019,0.0496
Zoeya Khan,Stephen Madonia,-0.0047,0.055
Hunter Johnson,Catherine Parenteau,-0.0146,0.052
Jai Grewal,George Rangelov,0.0042,0.0511
James Seagraves,Keaten Kappes,-0.0021,0.0514
Miles Hoover,Shea Donahue,-0.0056,0.0529
Zach Gonnering,Keilly Ulery,-0.0114,0.0494
Garrett Hetherington,Brian Hershman,-0.0064,0.0505
Noelle Cerone,Dustin Spalding,-0.0005,0.0521
Hong Kit Wong,Pui Long Fan,-0.0074,0.0525
Guangmao Wang,Zhe Chen,0.0041,0.0531
Pui Long Fan,Tayah Cross,0.005,0.0485
Harrison Brown,Shelby Bates,-0.0039,0.0483
Victor Camilo Iii,Landry Laywell,0.0033,0.0515
Monika Wynne,Keilly Ulery,0.0002,0.0508
Claudio Quinones Garcia,Etienne Blaszkewycz,0.0123,0.0505
Daniel Adsit,Nick Patterson,-0.0057,0.0513
Bassem Kheireddin,Matt Ngo,0.0165,0.0522
Blake Suard,Ryan Camras,-0.0137,0.0529
Jessica Jones,Nick Erves,0.0066,0.0522
Victoria Nguyen,James Kaoma,0.0112,0.0507
Nick Black,Indigo Dagnall,-0.0074,0.0511
Eliel Herminas,Eli Trumeter,-0.0002,0.048
Sophia Phuong Anh Tran,Seina Shima,0.0057,0.0519
Abigail Okelley,Emma Van Hee,0.0045,0.0503
Anouar Braham,Anne-Sophie Courteau,0.0266,0.0495
Jake Anderson,Bret Berryman,-0.0032,0.0498
Jayson Harris,Kyle Borawski,-0.0016,0.0508
Miyu Hazawa,Athilla Miasara Bt Azizul Azhar,-0.0081,0.0524
V. Mary Rivas,Pei-Yu Lai,-0.004,0.0481
Willy De Vilchez,Emilien Burnel,-0.0059,0.05
Brandon Nsekpong,Maddy Rasmusen,-0.0023,0.0534
Armaan Bhatia,Roos Van Reek,0.001,0.0515
Christopher Crouch,Anouar Braham,0.0022,0.0506
Austin Bricker,Nicole Conard,-0.0093,0.0555
Christopher Crouch,Victoria Simon,-0.0003,0.0509
Anna Marija Bukina,Don Alto,-0.007,0.0524
Tristan Dussault,Ellie Douglas,-0.0012,0.0476
Eden Malloy,Simone Leonard,-0.0051,0.0539
Audrey Banada,Etienne Blaszkewycz,-0.0117,0.0496
Abigail Okelley,Blake Goodman,0.0072,0.0517
Ninh Nguyen,Julian Chow,-0.006,0.0531
Amit Verma,Eshaan Mylavarapu,0.0051,0.0528
Angel Hernandez,Matt Burkhardt,-0.0097,0.0493
Duncan Mulenga Jr.,Dawson Johnson,-0.0039,0.052
Mackonner Dy,Vincent Rettke,0.004,0.0516
Rikuto Kurosawa,Seina Shima,0.0063,0.0532
Sam Kim,Valerie R Simon,-0.0062,0.0531
Kylie Imperial,Stephanie Joseph,-0.0032,0.0522
Mackonner Dy,Lingzhe X,-0.003,0.0527
Jonmikel Macnichols,Rikk Shimizu,0.0002,0.0552
Luc Pham,Troy Akin,-0.0069,0.0481
Blake Arrant,Mike Grossman,-0.0007,0.0479
Ryan Dawidjan,Johnny Goldberg,-0.0003,0.0512
Alexander Valencia,Josiah Watje,0.0046,0.0508
Ishan Balakrishnan,Albert Wan,0.0134,0.051
Aman Patel,Dev Shah,0.0032,0.0502
Kei Sawaki,Lachy Donnelly,0.0001,0.0528
Eli Trumeter,Kasia Carr,0.0049,0.05
Javon Turcsany,Brock Rzesnowiecky,0.0011,0.0527
Grant Hanak,Kristian McGill,0.002,0.0504
Daniel Traxler,Ethan Dahl,0.0078,0.0543
Aizec Olson,Sam Szymanski,0.0026,0.0496
Eduardo Garcia,Blake Goodman,0.0043,0.0531
Sam Kim,Don Alto,0.0058,0.0516
Daniel Phillips,Gavin Fowler,0.0126,0.0529
Jason Loyd,Hao Nguyen,0.0017,0.0493
Garrett Goh,Anuj Parakh,-0.0028,0.0521
Roman Hill,Cameron Vose,-0.0001,0.0488
James Kaoma,Miles Hoover,-0.0137,0.0493
JP Gorby,Davis Weatherston,0.0057,0.0518
Grace St. Clair,Matt Haywood,-0.0053,0.0523
Christine Moore,Landry Laywell,-0.0039,0.0541
Jazz Hearn IV,Andi Godwin,-0.0088,0.0514
Tomoko Taniguchi,Linda Yang,-0.0013,0.0515
Natalie Hur,Victoria Nguyen,-0.0012,0.0498
Birlinda Akinaka,Kimmie Ouchi,-0.0041,0.0527
Andi Godwin,Jake Anderson,-0.0042,0.0516
Jazz Hearn IV,Armaan Jiwa Mawji,0.011,0.0512
Antoaneta Toskova,Bryson Alexander,0.0005,0.0497
Daniel Adsit,Linda Yang,0.0048,0.0518
Emilien Burnel,Pei-Yu Lai,0.002,0.053
Seth Chittenden,Jack Boxill,-0.0011,0.051
Jason Loyd,Emma Van Hee,-0.0058,0.0526
Daniel Phillips,Cami Gonzalez,-0.0039,0.0535
Jaikin Gomez,Mouaad Alhouni,0.0091,0.0501
Zach Gonnering,Harrison Brown,0.0009,0.0532
Monika Wynne,Luc Pham,-0.0009,0.05
David Perez,Louis Theriault,-0.0098,0.0517
Stephanie Joseph,Eshaan Mylavarapu,0.0012,0.0534
Hudson Kaylie,Matthew Finnerty,-0.0092,0.0512
James Seagraves,Rika Fujiwara,0.011,0.051
Bobby Howard,Eric Bunch,-0.0021,0.0501
Olivia Phillips,Shea Donahue,0.0103,0.0544
Neha Khurana,Elaine Li,0.0038,0.055
Brenden Everhart,Mario Jurisic,-0.0007,0.049
Joe Beamish,Dustin Spalding,0.0,0.0496
Roos Van Reek,Shelby Bates,0.0072,0.0501
Alli Hazrati,Noelle Cerone,-0.0125,0.0513
Rachel Janssen,Charlotte Scharfenberger,-0.0119,0.0553
Kiora Kunimoto,Darrian Young,-0.0003,0.0489
Gabriel Joseph,Ella Cosma,0.0139,0.0508
Polina Libo,Jhonnatan Medina Alvarez,-0.0026,0.0481
Yates Johnson,Victoria Dimuzio,0.0033,0.0489
Lindsey Newman,Patrick Smith,-0.0064,0.0554
Ashley Griffith,Luke Wasson,-0.0011,0.0496
Jack Sock,Cailyn Campbell,0.0079,0.0505
Mehvish Safdar,Wesley Burrows,-0.0017,0.0518
Jack Sock,Blaine Hovenier,0.0017,0.0498
Tama Shimabukuro,Spartak Rahachou,-0.001,0.0523
Spartak Rahachou,Salome Devidze,-0.001,0.0519
Cason Campbell,Brooke Caruso,-0.0074,0.0517
Caden Nemoff,Audrey Adele Brown,0.0039,0.051
Carlos Di Laura III,Lara Giltinan,0.0092,0.048
Ross Whittaker,Camila Zilveti,-0.0073,0.051
Zoeya Khan,John Cincola,-0.0,0.0504
Genie Erokhina,Judit Castillo,-0.0001,0.0484
Parris Todd,Federico Staksrud,0.0192,0.0505
Felicity Di Laura,Gregory Dow,-0.0028,0.0501
Ting Chieh Wei,Roscoe Bellamy,-0.0027,0.0511
Jade Kawamoto,Augustus Ge,-0.0007,0.0529
Tyler Loong,Judit Castillo,-0.0102,0.0508
Alexander Crum,Giovanna Morelli,0.0004,0.0492
Ella Yeh,Tama Shimabukuro,-0.0096,0.0551
Jade Rau,Wil Shaffer,0.0006,0.0507
Noe Khlif,Lacy Schneemann,0.0012,0.0515
AJ Koller,Alex Walker,0.0056,0.0542
Chuck Taylor,Tatiana Ruhl,-0.0046,0.0535
Tom Protzek,Ava Ignatowich,0.0003,0.0488
Andrew Caldarella,Paula Rives,-0.005,0.0526
Dekel Bar,Catherine Parenteau,0.007,0.0472
Lingwei Kong,Travis Rettenmaier,-0.0039,0.0492
Ivan Jakovljevic,John Cincola,-0.0035,0.0521
Samantha Parker,Anderson Scarpa,-0.0052,0.0492
Jonathan Truong,Jaume Martinez Vich,0.0075,0.0533
Liz Truluck,Cailyn Campbell,-0.0036,0.0516
Carlos Di Laura III,Chuck Taylor,0.0041,0.0493
Yates Johnson,Mota Alhouni,-0.0106,0.0506
Lea Jansen,Jessie Irvine,-0.0078,0.0493
Ting Chieh Wei,Lindsey Newman,-0.0028,0.0552
Lucy Kovalova,Mya Bui,-0.0059,0.0514
Eric Roddy,James Delgado,-0.0012,0.0481
Ross Whittaker,Alexander Crum,0.0005,0.0507
Jalina Ingram,Alix Truong,0.0,0.051
Pablo Tellez,Darrian Young,-0.0049,0.0523
Zoey Weil,Hannah Blatt,-0.0029,0.0517
Mehvish Safdar,Rachel Rettger,-0.0011,0.0497
Steve Deakin,Camden Chaffin,0.0028,0.0527
Wil Shaffer,Pesa Teoni,0.0048,0.0513
Travis Rettenmaier,Braden Jacobson,0.0116,0.0494
AJ Koller,Dekel Bar,-0.0042,0.0523
Camila Zilveti,Audrey Adele Brown,-0.0016,0.0513
Ava Ignatowich,Danna Funaro,-0.007,0.0522
Grayson Goldin,Brandon French,0.0067,0.0538
Andre Mercado,Andrew Caldarella,-0.0099,0.051
Rachel Rohrabacher,Jade Kawamoto,0.0044,0.0511
Jhonnatan Medina Alvarez,Juan Benitez,0.003,0.0519
Christine Trifunovic,Tatiana Ruhl,-0.0031,0.0516
Jade Rau,Genie Bouchard,-0.0014,0.0536
Evan Ankrom,Matthew Pokorny,0.0064,0.0525
Cade Edwards,Jase Edwards,0.0041,0.051
Jonah Matos,Carlos Subero,0.0006,0.05
Marie-Claude Boisvert-Bégin,Ella Boydston,-0.0081,0.0519
Lauren Hidalgo-Smith,Andi Godwin,-0.0005,0.0493
Mia Turcsany,Mary McGowan,-0.0028,0.0495
Patricio Pereyra,Daniel Couzens,-0.0012,0.049
Justin Dages,Bryan Rodriguez,0.0029,0.0532
Juan Varon,Usama Khalid,0.019,0.05
Justin Graham,Victoria Simon,-0.0093,0.0505
Emanuel Dickson,Andi Godwin,0.005,0.05
Isaac Hartmann,Ava Pisacrita,-0.0054,0.0526
Jay Evans,Devon Sikora,0.0083,0.0497
Nicholas Wade,Freddie Powell,-0.0083,0.0517
Caden Salefsky,Christian Lund,0.0082,0.0511
Sofia Manzanares,Jonathan Aiken,-0.0009,0.0524
Brandon Johnson,Scout Johnson,-0.0061,0.0526
Monika Wynne,Stevie Petropouleas,-0.0015,0.0518
Lauren Hidalgo-Smith,Brandon Riddle,0.0198,0.0508
Jake Benjamin,Helen Challenger,-0.0103,0.0508
Monika Wynne,Usama Khalid,0.0123,0.0492
Talman Ramsey,Connor Daland,-0.0037,0.0516
Robert Morales,Luke Citarelli,-0.0026,0.0528
Cade Edwards,Ella Boydston,-0.0103,0.0526
Anton Betita,Jonathan Aiken,0.0054,0.0527
Sharienne Ricardo,Alexa Quintanilla,-0.0043,0.0525
Louise Kwong,Haley Ferguson,0.0108,0.0548
George Rangelov,Jaikin Gomez,-0.0001,0.0515
Evan Pratt,Varun Ganti,-0.0055,0.0493
Thomas Provost,Frank Ngo,-0.0005,0.0505
Jaikin Gomez,Mary McGowan,-0.0047,0.0513
Juan Saez,Ashley Penaranda,0.0017,0.0526
Emanuel Dickson,Ethan Jauschneg,0.0074,0.0521
Ashley Penaranda,Helen Challenger,0.0024,0.0507
Angelina Edel,Sabrina Korpi,-0.0083,0.0526
Jada Bui,Nejc Sitar,0.003,0.0488
Ethan Jauschneg,Gianna Southwick,-0.001,0.0518
Mateusz Matysik,Stephen Preissler,0.0044,0.0515
Dan Nguyen,Alejandro De la Torre,-0.0017,0.0527
Francis Pawloski,JJ B,-0.004,0.0522
Tony Fachaux,Keaton Kirchner,-0.0041,0.0542
Marie-Claude Boisvert-Bégin,Allan Regnier,-0.0094,0.0507
Nicholas Signoriello,Steve Cicalese,-0.0042,0.0513
Nicole Conard,Estee Widdershoven,-0.0062,0.0492
Bryson Alexander,Johnny Goldberg,-0.0015,0.0501
Johan Nilsson,Michael Shaw,0.0045,0.0493
Tristan Dussault,Nicole Conard,-0.003,0.052
Megan Mariano,Stefan Burnett,0.0013,0.0533
Mateusz Matysik,Alexa Quintanilla,-0.0078,0.051
Kamden Bradstreet,Sable Yrjanson,-0.0057,0.0514
Dylan Wilhelm,William Hsieh,-0.0034,0.052
Isaac Hartmann,Kamden Bradstreet,0.0031,0.0518
Angie Walker,Martin Emmrich,0.009,0.0514
Martina Frantova,Brandon French,-0.0057,0.0488
Rafa Hewett,Cailyn Campbell,-0.0013,0.0518
Liz Truluck,Anderson Scarpa,0.003,0.0513
Stephen Madonia,Lara Giltinan,0.0011,0.0515
Etta Tuionetoa,CJ Klinger,-0.0,0.0494
Elsie Hendershot,Steve Deakin,-0.0019,0.0498
Callie Smith,Noe Khlif,0.0109,0.0491
Ashley Griffith,John Cincola,-0.0056,0.0522
AJ Koller,Allyce Jones,-0.0069,0.0498
Christa Gecheva,Christopher Haworth,-0.0046,0.0499
Jay Devilliers,Jackie Kawamoto,0.0047,0.0516
James Ignatowich,Mari Humberg,-0.002,0.0496
Ella Yeh,Chuck Taylor,-0.0017,0.0528
Edward Perez,Ava Ignatowich,0.0028,0.0471
Eric Oncins,Anna Bright,-0.021,0.0515
Mya Bui,Wyatt Stone,-0.0001,0.0546
Eric Roddy,Mehvish Safdar,0.0142,0.0494
Cason Campbell,Marcela Aguila Ampon,-0.004,0.0502
Camden Chaffin,Vivienne David,0.008,0.0547
Juan Benitez,Alex Walker,-0.0025,0.0522
Luana Stanciu,Alexander Crum,-0.0092,0.0525
Caden Nemoff,Jaeda Minniefield,-0.009,0.0526
Jade Rau,Andrew Caldarella,-0.0016,0.0522
Ross Whittaker,Giovanna Morelli,-0.0062,0.0496
Andrew Caldarella,Anderson Scarpa,0.011,0.0524
Jonathan Truong,James Delgado,0.0024,0.0522
Tama Shimabukuro,Ryan Fu,0.0012,0.0497
Ting Chieh Wei,Vivienne David,-0.004,0.0489
Tamaryn Emmrich,Genie Bouchard,0.0016,0.0526
Mohaned Alhouni,Tam Trinh,0.0031,0.0508
Federico Staksrud,Tyson McGuffin,0.0097,0.0497
Noe Khlif,Pablo Tellez,-0.0118,0.0506
Riley Newman,Darrian Young,0.0106,0.0503
Angie Walker,Mya Bui,-0.0001,0.0519
Etta Tuionetoa,Catherine Parenteau,0.0006,0.0522
Edward Perez,Spartak Rahachou,-0.0002,0.0488
Rafa Hewett,Wyatt Stone,-0.0063,0.0519
Pierina Imparato,Paula Rives,-0.0039,0.0528
Giovanna Morelli,Marcela Aguila Ampon,-0.0006,0.048
Jade Rau,Brooke Caruso,-0.006,0.0525
Elsie Hendershot,Ashley Griffith,-0.0044,0.0519
Yako Ohno,Koki Nishida,0.0022,0.0533
HE Phoenix,Yuhan Tao,0.0024,0.0514
Longsheng Liu,Wenbo Wang,-0.004,0.0522
Raymond Chang,Qing Chen,0.0012,0.05
Kei Sawaki,Pui Long Fan,0.0056,0.0504
Yue Wang,Yujie Mao,-0.001,0.0549
翔 蔡,Yaxuann Miao,-0.0004,0.0527
Quan Do,HO Tam,0.0008,0.0506
Thomas Yu,Albie Huang,-0.0005,0.0514
Chen Rui,Mingyang Liu,0.0038,0.052
Genfan Jin,Yujie Mao,-0.003,0.0518
Guangmao Wang,Longsheng Liu,-0.0068,0.0494
Makiyah Cormick,Carlos Rubio,0.01,0.0506
Andy Van der Vyver,Spencer Sandridge,-0.0024,0.0487
Hoang Bao Long Sr,Minh Nguyễn Hoàng,0.0034,0.0537
Giang Trinh,Nicola Schoeman,0.0078,0.0514
HE Phoenix,Huanhan Li,-0.0014,0.0506
Ben Cawston,Theo Platel,0.0166,0.0532
Ren Hui,Ethan Le,-0.0015,0.0528
Miyu Hazawa,翔 蔡,0.0029,0.055
Athilla Miasara Bt Azizul Azhar,Hsieh Chen-An,-0.0051,0.0504
Brandon Cheah,Tee Heng Chee,-0.0041,0.052
Lê Xuân Đức,Xiao Yi Wang-Beckvall,-0.006,0.0524
Nasa Hatakeyama,Mayu Ito,-0.007,0.0506
Natnicha Lueangtawikit,Joanne Wong,0.0002,0.0531
Yawen Li,Mingyang Liu,-0.0081,0.0488
Bhannawitch B,Natnicha Lueangtawikit,-0.0018,0.0523
永亮 曾,Chen Rui,0.0009,0.0529
Jamie Haas,Tama Shimabukuro,0.0072,0.0495
Park Seong Yong,Ooi Kah Yan,-0.0003,0.051
Sarah Burr,Prycen Haas,-0.0041,0.0522
Yaxuann Miao,Anni Xie,-0.0023,0.0532
Nam Vu,Tran Tuan Minh,-0.0027,0.0515
Wil Shaffer,Luc Pham,0.0028,0.0511
Nasa Hatakeyama,Marco Leung,0.0073,0.0536
Ryan Ng,Andrew Anh Pham,0.0012,0.0516
Qiu Fangle,Xuedong Ji,-0.0051,0.048
Hoa Nhan Van,Brian Hou,-0.0008,0.0502
Tama Shimabukuro,Prycen Haas,-0.0126,0.0507
Matthew Mead,Ying Suet Lam,0.0012,0.0513
Kei Sawaki,Andrew Anh Pham,-0.0057,0.0508
Sahra Dennehy,Robert Stirling,0.0064,0.0519
Cian Li,Xinyue Zhang,-0.0014,0.051
Connie Lee,Luc Pham,0.0103,0.055
Len Yang,Kara Wheatley,0.0047,0.0528
Nguyen Huy,HO Hoan,-0.0003,0.0517
Hsieh Chen-An,Zongjin Li,-0.0052,0.054
Ngoc Trieu Tran,Giang Trinh,-0.001,0.0539
Lê Xuân Đức,Hoang Nam Ly,0.0004,0.0522
Aryaan Bhatia,Purav Raja,-0.001,0.0513
Park Seong Yong,Matthew Mead,0.0058,0.0512
Jek Patrick Liam Divinagracia,Sebastian Cui,-0.004,0.0494
Chao Yi Wang,Armaan Bhatia,-0.0023,0.049
Nok Yiu Tang,Eunggwon Kim,0.0183,0.0552
HO Tam,Nok Yiu Tang,0.0038,0.0535
Yuhan Tao,Anni Xie,-0.0002,0.0474
Blaine Hovenier,Connor Garnett,-0.0139,0.0523
Armaan Bhatia,Federico Staksrud,-0.0184,0.0521
Chao Yi Wang,Alix Truong,-0.0032,0.0481
Sophia Phuong Anh Tran,Sophia Nhi Huynh,-0.0083,0.0547
Ting Chieh Wei,Nicola Schoeman,-0.0045,0.0526
Ting Chieh Wei,Connor Garnett,-0.0151,0.0507
Ruobing Su,Yunqi He,0.0027,0.0529
Yufei Long,Blaine Hovenier,-0.0129,0.0511
Connie Lee,Kwan Wun Man,0.0017,0.0546
Xiao Yi Wang-Beckvall,Albie Huang,-0.0043,0.0508
Sahra Dennehy,Yufei Long,0.0044,0.0501
Kara Wheatley,Aiko Yoshitomi,0.0034,0.0502
Mayu Ito,Ying Suet Lam,0.0029,0.0529
Qing Chen,Zhe Chen,-0.0043,0.0503
Rafa Hewett,Will Mackinnon,0.0107,0.0518
Jessica Haywood,Charleen Calvin,-0.0012,0.0528
Lauren Cole,Keilly Ulery,0.0092,0.0489
Natalie Kim,Mary McGowan,-0.0058,0.0507
Eric Davidson,Ethan Bakalinsky,-0.0062,0.0512
Ting Chieh Wei,Aibika Kalsarieva,0.0228,0.0522
Eliel Herminas,Theo Yun,0.0021,0.0503
Charlie Schuls,Jeffrey Stone,-0.0043,0.0515
Parth Mody,Daniel Miron,0.0161,0.0515
Zoeya Khan,Pierina Imparato,-0.0024,0.0509
Mikaela Smith,Rifanty Kahfiani,0.0036,0.0527
Eden Malloy,Lisa Borowsky,-0.0055,0.0516
Chloe Zigliara,Eileen Wang,-0.0018,0.051
Jake Anderson,Nicholas Romano,-0.0009,0.0489
Matvey Radionov,Garrison Eaby,-0.0057,0.0486
Austin Bricker,Wil Shaffer,-0.0107,0.0508
Andrew Wang,Matthew Nesbitt,0.0021,0.0514
Morgan Downing,Katelyn Hilliard,-0.0031,0.0505
Haley Ferguson,Abigail Okelley,0.0001,0.0522
Tom Protzek,Louis Laville,0.0238,0.0519
Jack Holloway,Preston Gordon,0.0006,0.0491
Brent Werbeck,Pieter De Vries,0.0028,0.0503
Jaden Lam,Antonio Medina,0.0035,0.0518
Jarryd Woog,Evan Pratt,0.0017,0.0522
Elisha Turner,Shay Payne,-0.0023,0.0481
Chase Brautman,Ryan Gilbert,-0.0052,0.0487
Alicia Lai,Elise Fortino,-0.0053,0.049
Evie Kenna,Karolina Fleming,0.0023,0.0498
Skylar Amos,Maggie Bullins,-0.0086,0.0527
Alex Guy,Jack Hared,-0.0033,0.0485
Hirav Vachhrajani,Kush Vasaiwala,-0.0045,0.0492
Mike Block,Nicholas Lefavor,0.004,0.049
Angel Hernandez,Harrison Yee,0.0047,0.0509
Rosen Naydenov,Selim Ben Ali,-0.0026,0.0502
Joseph Campbell,Ben Bailey,-0.0022,0.0502
Averee Beck,Shea Donahue,-0.0025,0.0516
Daniel Johnson,Colby Hill,-0.0,0.052
Stevie Petropouleas,Giovanna Morelli,0.0062,0.0516
Emma Cook,Masa Grgan,-0.0093,0.0496
Jon Mikolajczak,Colin Root,-0.0065,0.05
Wesley Hanson,Wesley Burrows,-0.0007,0.0535
Claire Thompson,Emily Monk,-0.0054,0.0523
Hunter Weinberg,Justin Moore,-0.0034,0.0535
Ana Gordon,Catrina Coyner,-0.003,0.0502
Carlos Pavon,Bradon Ly,-0.0092,0.0519
Aaron Schorch,Heath Lucas,-0.0065,0.0517
Samantha Buyckx,Alia Brown,0.0136,0.0486
Peyton Gatti,Matt Burkhardt,0.0048,0.0511
Joshua Giannelli,Thomas Romano,-0.0004,0.0522
Brie Aldridge,Spencer Liang,0.0032,0.0516
Joey Campagna,Alexander Grubbs,0.0113,0.0472
Brianna McCullock,Francesca Marto,-0.0098,0.0526
William Hsieh,Zach Gonnering,0.0034,0.0515
Braylon Ohrel,Eric Gilbert,-0.0068,0.0517
Jack Wasserman,Gabe Falls,0.0026,0.0503
Jarryd Woog,Lauren Cole,0.0097,0.0528
Tatiana Ruhl,Louis Laville,-0.0072,0.0517
James Delgado,Pierina Imparato,0.0079,0.0516
Bruno Faletto,Aibika Kalsarieva,-0.0053,0.0519
Ryan Gilbert,Sophie Abrams,-0.0009,0.0489
Jason Loyd,Abigail Okelley,0.0046,0.0539
Hudson De Risi,Eileen Wang,0.0043,0.0495
Warren Robinson,Anri Ferris,0.0009,0.0534
Tom Protzek,Giovanna Morelli,-0.0095,0.0514
Zach Gonnering,Ava Ignatowich,0.0001,0.0504
Carlos Pavon,Francesca Marto,-0.0056,0.0527
Isabella Dunlap,Christopher Haworth,0.0193,0.051
Jessica Haywood,Joshua Giannelli,-0.004,0.0517
Haley Ferguson,Colby Hill,0.0011,0.0514
Jaden Lam,Elise Fortino,0.0001,0.052
Ella Yeh,Michael Loyd,0.0018,0.0499
Jake Anderson,Keilly Ulery,0.0313,0.0519
Luana Stanciu,Wesley Burrows,-0.0059,0.0503
Claire Thompson,Eric Davidson,-0.0014,0.0479
Samantha Buyckx,Daniel Miron,0.0259,0.0503
Oscar Serra,Ashley Griffith,0.0017,0.0511
Jhonnatan Medina Alvarez,Nicole Conard,0.0061,0.0526
Usama Khalid,Komal Safdar,-0.0173,0.0496
Benjamin Bramblett,Cassie Quast,-0.0061,0.0509
Alicia Lai,Harrison Yee,-0.0088,0.0509
Emma Cook,Ethan Bakalinsky,-0.0047,0.0503
Brianna McCullock,Javier De León Albors,-0.0077,0.0507
Jack Holloway,Catrina Coyner,-0.002,0.0536
Elisha Turner,Eden Malloy,-0.0064,0.0518
Lova Metor,Masa Grgan,-0.0185,0.0513
TJ Rudden,Karolina Fleming,0.0034,0.0484
Mikael Vollbach,Katelyn Hilliard,0.0047,0.0514
Chase Brautman,Rachel Summers,-0.0018,0.0508
Ana Gordon,Perry Wang,-0.0082,0.0545
Preston Gordon,Stevie Petropouleas,0.0075,0.0511
Rosen Naydenov,Marie Lutz,-0.0143,0.0516
Alexander Grubbs,Brie Aldridge,0.0032,0.0506
Antonio Medina,Mikaela Smith,-0.0075,0.0513
Andrew Wang,Evie Kenna,-0.0089,0.0504
Kenai Rios,Meray Maalouf,0.0014,0.0516
Natalie Kim,Alex Guy,-0.0108,0.0537
Will Lieberman,Michael Silvio,0.0021,0.0524
Katerina Stewart,Riley Bohnert,0.0155,0.0537
Abla Mannarino,Fatyha Berjane,0.0135,0.05
Nicholas Wade,Zach Gonnering,-0.0019,0.0485
Carlista Mohammed,Cre Still,-0.0016,0.052
Valerie R Simon,Emanuel Dickson,-0.0001,0.0486
Mia Turcsany,Karthik Ganesh,0.0068,0.0517
Rafael Lenhard,Chloe Diskin,-0.0054,0.0537
Eva Kohutova,Devon Sikora,-0.0013,0.055
Paul Davis,Ryan Lucci,-0.0004,0.0513
Emanuel Dickson,Jordan Chrysostom,0.0037,0.0517
Kenai Rios,Itziar Rios,0.0031,0.0531
Jake Anderson,Usama Khalid,-0.0117,0.0495
Tristan Cooley,Logan Thompson,0.0042,0.052
Evan Ankrom,Cody Hutcherson,-0.0042,0.0527
Mary McGowan,Dale Kim,0.0089,0.0516
Michael Forster,Adair Garcia,-0.0004,0.0509
Brie Aldridge,Louis Laville,-0.0026,0.0519
Hannah Murray,Jake Benjamin,0.0008,0.0505
Samantha Buyckx,Estee Widdershoven,0.0007,0.0486
Arianna Raga,Kayla Teape,-0.0025,0.0529
Regina Goldberg,Ava Cavataio,-0.0025,0.0556
Brittany Levkulich,Ellie Skingley,0.0002,0.0507
Aiden Sipe,Jake Benjamin,-0.002,0.0522
Javon Turcsany,Bryson Alexander,-0.0008,0.0506
Natalie Pai,Allison Epstein,-0.0034,0.052
Madelyn Porter,Chelsea Shull,-0.0023,0.0494
Nicolas Acevedo,Johnny Goldberg,0.0161,0.0499
Oscar Serra,Anne-Sophie Courteau,-0.0097,0.0514
Stephen Preissler,Louis Laville,-0.0087,0.0529
Tucker Segars,Haley Ferguson,-0.0003,0.0515
Ellie Skingley,Bharat Karunakaran,0.0045,0.0518
MJ Greiner,Ethan Bakalinsky,-0.0047,0.0494
William Hsieh,Elijah Chernoff,0.0004,0.0518
Mats Dolese,Fatyha Berjane,-0.0004,0.0543
Jazz Hearn IV,Samuel Gabet,-0.0003,0.0507
Joshua Reason,Samuel Gabet,-0.0,0.0508
Kamden Bradstreet,Bharat Karunakaran,0.0003,0.0513
Ameen Hafez,Billy Cooke,-0.0032,0.0494
Riley Durkin,Cre Still,-0.0057,0.0507
Louise Kwong,Jay Evans,-0.0064,0.0521
Indigo Dagnall,Karthik Ganesh,-0.0051,0.048
Ernesto Fajardo,Tobias Moreno,-0.0002,0.0493
George Rangelov,Bret Berryman,0.0055,0.0509
Sam Libo,Nicholas Howell,0.0013,0.0531
Abigail Okelley,Easton Horricks,0.003,0.0528
Zach Gonnering,Stevie Petropouleas,0.0044,0.0513
Poongi Hong,Kelsey Laurente,0.003,0.0496
Zachary Higginson,Rey Greenlaw,0.0048,0.0508
Benjamin Brietz,Ethan Jauschneg,-0.0037,0.05
Caleb Herrick,Hannah Shin,0.0042,0.0528
Arianna Raga,Matthew Finnerty,0.0004,0.055
Nicholas Wiseman,Austin White,0.0022,0.0507
Steve Thyden,Tim McMahon,0.0006,0.049
Thomas Provost,Varun Ganti,0.0092,0.0511
Ava Cavataio,Nicolas Acevedo,-0.0031,0.0477
Mats Dolese,Evan T,-0.0044,0.0522
Lisa Borowsky,Ali Quintero,0.0048,0.0517
Ernesto Fajardo,Madalina Grigoriu,-0.0026,0.0497
Daniel Traxler,Eddy Kim,-0.0039,0.0512
Riley Newman,Zoey Weil,-0.0045,0.0512
Andrei Daescu,Kaitlyn Christian,0.0126,0.0509
Jonathan Truong,Liz Truluck,-0.0029,0.0511
Ella Yeh,Andrew Caldarella,0.007,0.0514
Max Freeman,Alex Walker,-0.0034,0.0489
Mohaned Alhouni,Martina Frantova,-0.0073,0.0531
Tom Protzek,Rachel Summers,-0.0036,0.0519
Nicole Conard,Pesa Teoni,0.0084,0.0538
Juan Benitez,Ava Ignatowich,-0.0011,0.0532
Ting Chieh Wei,Anderson Scarpa,0.002,0.053
Edward Perez,Julia Ronney,0.0015,0.0515
Brandon French,Mehvish Safdar,-0.0013,0.0497
Lacy Schneemann,Wyatt Stone,-0.0056,0.0517
Tom Protzek,Jay Devilliers,0.0055,0.0487
Rachel Rohrabacher,Etta Tuionetoa,0.0045,0.0512
Lingwei Kong,Rachel Summers,0.0009,0.0526
Camden Chaffin,Anderson Scarpa,-0.0078,0.0526
AJ Koller,Connor Garnett,0.0043,0.0481
Paula Rives,Brooke Caruso,0.004,0.0499
Jade Rau,Julia Ronney,-0.0047,0.0511
Spartak Rahachou,Braden Jacobson,-0.0004,0.053
Anna Leigh Waters,Jorja Johnson,0.0218,0.0512
Catherine Parenteau,Tyra Hurricane Black,0.0207,0.051
Hannah Blatt,Angie Walker,0.0014,0.0488
Mohaned Alhouni,Pesa Teoni,-0.001,0.0482
Martina Frantova,Mehvish Safdar,-0.0133,0.0516
Kaitlyn Christian,Lea Jansen,-0.0044,0.0512
Andrew Caldarella,Mota Alhouni,-0.0104,0.0531
Mya Bui,Cailyn Campbell,0.0002,0.0509
James Delgado,Gregory Dow,0.0092,0.0507
Jalina Ingram,Christa Gecheva,0.0075,0.0478
Chloe Igleski,Emma Nelson,0.0018,0.0543
Jada Bui,Mya Bui,-0.0037,0.0488
Alia Brown,Madalina Grigoriu,-0.0008,0.0497
Zach Gonnering,Jake Anderson,0.0253,0.0509
Poongi Hong,Michael Vallejo,0.0042,0.0492
Colton Thielman,Christian Lund,-0.0078,0.0505
Eduardo Correia,Benjamin Pepion,-0.0053,0.0502
Gautham Bondugula,Daniel Gallegos,-0.0099,0.0495
Samantha Buyckx,Kelsey Laurente,-0.0041,0.0534
Arianna Raga,Ali Quintero,-0.0044,0.0526
Piercarlo Usai,Domenico Geminiani,-0.0004,0.0479
William Owens,Brayden Nguyen,-0.0043,0.0523
Preston Engel,Noah Waddell,0.0086,0.0531
Ahmad El-Zarif,Stephen Preissler,0.0196,0.0534
Austin Bricker,Adam Harvey,0.0005,0.0497
Michael Leonard,John Lucian Goins,-0.0058,0.0507
Connor Mogle,Jose Martinez,0.0005,0.05
Seone Mendez,Jessica Warren,-0.0026,0.0536
Kayla Williams,Keilly Ulery,0.0023,0.0501
Andrew Loftin,Amir Evgamukov,0.0004,0.0488
Mark Dancuart,Tanner Tomassi,-0.0015,0.0525
Robby Greenlaw,Thiago Braga,0.0033,0.0479
Robert Laidlaw,Connor Duvally,-0.0054,0.0514
Julian Slive,Adair Garcia,-0.0076,0.0512
Cole Whitaker,Nicholas Wade,-0.0098,0.0518
Logan Rowe,Joe Wiencek,-0.0029,0.0512
Eliel Herminas,Jorge Garcia,-0.0027,0.0486
Freddie Powell,Zachary Card,0.0322,0.0516
Grayson Goldin,William Sobek,0.0102,0.0508
MJ Greiner,Dylan Lewis,0.0037,0.0532
Riley Bohnert,Marisa Ruiz,-0.0007,0.0511
George Rangelov,Nejc Sitar,-0.0039,0.0494
Mark Growcott,Bret Berryman,-0.001,0.0514
Kleyton Martins da Silva,Carlos Miranda,-0.0019,0.0512
Tom Protzek,Martin Emmrich,-0.0055,0.0496
Elsie Hendershot,Lina Padegimaite,-0.0016,0.0493
Brie Aldridge,Morgan Downing,0.002,0.0512
Adalynn Lund,Monica Perez,-0.0005,0.0517
Caio Bardauil,Rey Greenlaw,0.0012,0.0507
Chris Walker,Nicholas Romano,0.0001,0.0514
Rodrigo Reyes,Maksims Kazijevs,-0.0122,0.0542
Jay Evans,William Hsieh,0.0132,0.0494
Brian Chamberlin,Tyler Glowaki,-0.0061,0.0517
TJ Rudden,Matthew Mead,-0.0077,0.0538
Ryan Nolan,Dan Nguyen,-0.0055,0.0507
Camden Chaffin,Juan Benitez,0.0147,0.0492
Nicole Conard,Paula Rives,-0.0036,0.0512
Alexis Almy,Olivia Almy,-0.0004,0.0543
Michelle McMahon,Stephanie Galainena,-0.0014,0.052
Haley Ferguson,Sharienne Ricardo,-0.0031,0.0494
Parth Mody,Ben Slive,-0.0023,0.0509
Joshua Elliott,Jae Centonze,0.0105,0.0528
Ryan Lucci,Diego Lebron Perez,0.0057,0.0551
Caroline Stepnowski,Veronica Alteri,-0.0014,0.0508
Andrea Koop,Mari Humberg,-0.0016,0.0508
Jazz Hearn IV,Kimberly Bacalla,-0.0034,0.0513
Brett Barrette,Elijah Chernoff,-0.0112,0.0547
Tim Ahlersmeyer,John Moorin,0.0024,0.0519
Noah Torres,Brendan Gallagher,-0.0121,0.0502
Lauren Lennertz,Christee Chargot,-0.0028,0.0542
Scout Johnson,Adrienn Hidvegi,-0.0022,0.0526
Ernesto Fajardo,Alia Brown,-0.0074,0.0536
Seone Mendez,Jake Anderson,0.0191,0.0504
Nicole Conard,Freddie Powell,0.0017,0.0509
Marisa Ruiz,Jae Centonze,-0.0196,0.0472
Jay Evans,Katie Mell,-0.0072,0.0522
Eva Kohutova,Jake Benjamin,-0.0023,0.0559
Jazz Hearn IV,Julian Slive,0.0117,0.0518
Natalia Maynetto,Domenico Geminiani,0.0039,0.0515
Veronica Alteri,Diego Lebron Perez,0.0005,0.0519
Mark Dancuart,Riley Bohnert,0.0113,0.0537
Tobias Moreno,Ali Quintero,-0.0017,0.0516
Jada Bui,Juan Benitez,0.0005,0.0518
Zach (ernesto) Hunter,Christa Gecheva,0.0026,0.0519
Madalina Grigoriu,Nejc Sitar,-0.0021,0.0528
Mehvish Safdar,Anouar Braham,0.0163,0.0515
Jhonnatan Medina Alvarez,Olivia McMillan,0.0106,0.0518
Jemere Plummer,Victoria Simon,-0.0042,0.0525
Austin Bricker,Mya Bui,-0.0038,0.0498
Tanner Tomassi,Jessica Warren,0.0076,0.0525
Caroline Stepnowski,Joe Wiencek,0.0019,0.0538
Andrew Loftin,Brittni Tonnessen,0.0154,0.0527
Zachary Higginson,Valerie R Simon,-0.0042,0.0508
Martina Frantova,William Sobek,-0.005,0.0516
Andrea Koop,Camden Chaffin,-0.0128,0.0536
Caio Bardauil,Michelle Esquivel,0.0018,0.0528
Kimberly Bacalla,Ben Slive,-0.0014,0.0521
Mandy Gabriel,Michael Leonard,-0.0118,0.0508
Arianna Raga,Vladimir Orellana,0.0037,0.0506
Vincent Rettke,Andrea Miller,-0.0097,0.0539
Alicia Lai,Miles Hoover,-0.0082,0.0496
Eliel Herminas,Monica Perez,-0.0005,0.0528
Tom Protzek,Tamaryn Emmrich,-0.0111,0.0532
Haley Ferguson,Adam Harvey,-0.0033,0.053
Zach Gonnering,Christee Chargot,0.0005,0.0542
Morgan Downing,Brendan Gallagher,0.0073,0.0539
Samantha Buyckx,Michael Vallejo,-0.0123,0.051
Jake Panno,Eric Diaz,0.0029,0.0508
Janaye Sakkas,Joshua Yoo,-0.0007,0.049
Nicolas Almeida,Karthik Ganesh,-0.0043,0.0519
Carson Nguyen,Sunny Krittayaweth,-0.0002,0.0509
Abigail Okelley,Will Mackinnon,-0.0019,0.0515
Kelly Jensen,Eric Diaz,0.0045,0.0516
Brodie Smith,Omar Garcia-Heredia,-0.0003,0.0504
Maddox Castellanos,Rob Hutchins,0.0011,0.0524
Carlota Trevino,Rafael Lenhard,-0.0133,0.0494
Jessica Bowman,Matthew Mead,0.0037,0.0508
Cori Sidell,Tayah Cross,-0.0007,0.0547
Natalie Hur,Lyn Yuen Choo,0.0095,0.0512
Santhosh Narayanan,Harrison Brown,0.0039,0.0536
Elliott Schupp,Kyle Koszuta,0.0192,0.0475
David Litvinov,Maddy Rasmusen,0.0009,0.0519
Jase Edwards,Dana Raugust,0.005,0.0522
Josh Barber,Liam Jesperson,0.0072,0.0498
Michelle McLaughlan,Alyssia Fossorier,-0.0053,0.0532
Victor Rodrigo,Matt Burkhardt,0.0106,0.0517
Anderson Ju,Harrison Yee,-0.0012,0.0507
Chase Holderman,Derek Shearer,-0.0072,0.051
Indigo Dagnall,Armaan Jiwa Mawji,0.0002,0.0506
Connor McCartney,Jack Sahid,-0.0019,0.0523
Naomi Nguyen,Rio Newcombe,-0.0041,0.051
Kathryn Glavinovich,Blake Suard,-0.0038,0.0487
Isabella Hoang,Matt Burkhardt,0.0048,0.0501
Averee Beck,Joel Poland,0.0079,0.0541
Cc Eleven Sacca,Ethan Bakalinsky,0.0109,0.0502
Nicolas Almeida,Stevie Petropouleas,0.0155,0.0504
Dayna La Belle,Sunny Krittayaweth,-0.0045,0.0491
Preston Lynch,Fabian Jacobo,-0.0071,0.0496
Anderson Ju,Chloe Pham,0.0017,0.0524
Matthew Powley,Mackenzie Lee,-0.0003,0.0487
Olivia Phillips,Braden Jacobson,-0.0061,0.0521
Ishan Balakrishnan,Julianne Le,-0.0051,0.0495
Josh Barber,Tayah Cross,-0.0062,0.0522
Natalia Simson,Karthik Ganesh,0.0072,0.0507
Dawoud Ghafarshad,Carl Taibl,0.0014,0.0511
Natalia Simson,Caroline Maguire,0.0226,0.0521
Olivia Phillips,Maddy Rasmusen,0.0003,0.0544
Naomi Nguyen,Averee Beck,0.0006,0.0504
Carlota Trevino,Cc Eleven Sacca,0.0088,0.0502
Hannah Ward,Michael Kuhlman,0.0023,0.0514
Julianna Hess,Jessica Ho,-0.004,0.0478
Lyn Yuen Choo,Ryan Skufca,0.0077,0.0489
Michelle McLaughlan,Chase Ora,0.003,0.05
Janet Liu,Angel Hernandez,-0.0033,0.0499
Mike Radermacher,Jessica Ho,-0.0045,0.0492
Dylan Fullmer,Justin Fullmer,0.0028,0.0526
Josh Bellisime,Matthew Mead,-0.0076,0.0513
Isaac Hall,Aiden Schliekelman,-0.0015,0.0515
Ant Tran,Flynn Orton,0.0096,0.0528
Roman Hill,Alexander Valencia,-0.004,0.0478
Ethan Bakalinsky,Eddy Kim,0.0127,0.0515
Tennessee P,Logan Formaniuk,-0.0035,0.0548
Levi Daniel,Amir Tabatabaeian,0.0014,0.0533
Duncan Mulenga Jr.,Martin Thomas,-0.0039,0.0508
Savanna Ticknor,Jace Howard,-0.0071,0.0541
Julianna Hess,Aizec Olson,0.0015,0.0536
Scott Berke,Chloe Diskin,-0.0084,0.0515
Cori Sidell,Harrison Brown,-0.001,0.0524
Aizec Olson,Lucas Bellamy,-0.006,0.0523
Luke Calvert,William Gardner,-0.0024,0.0529
Janet Liu,Tiffany Wang,-0.0023,0.052
Hayden Rand,William Hsieh,0.002,0.0503
Beau Martin,Kyle Borawski,-0.0042,0.0542
Louie Payetta,Chase Ora,0.0015,0.0513
Aaron Li,Matthew Powley,0.0034,0.0512
Duncan Mulenga Jr.,Journey Barajas,-0.0017,0.0513
Jordan Theron,Chiron Burl,0.0065,0.0512
Mackonner Dy,Michael McCaffrey,-0.0035,0.0506
Tanner Suard,Blake Suard,-0.006,0.051
Chas Howard,Ethan Mahony,-0.0018,0.051
Maggie Brascia,Augustus Ge,-0.015,0.0504
Jade Rau,Cason Campbell,0.0053,0.0562
Kento Tamaki,Claudio Quinones Garcia,-0.0011,0.049
Catherine Parenteau,Gabriel Tardio,-0.0199,0.0463
Christine Trifunovic,Spartak Rahachou,-0.0013,0.0545
Elsie Hendershot,Andrew Caldarella,0.0016,0.0483
Rafa Hewett,Genie Bouchard,0.0056,0.0512
Austin Bricker,Camila Zilveti,0.0022,0.0516
Luana Stanciu,Wil Shaffer,-0.0016,0.0494
Juan Benitez,Brooke Caruso,0.0005,0.0491
Tamaryn Emmrich,Grayson Goldin,-0.0144,0.0512
Eric Oncins,Meghan Dizon,-0.002,0.0511
Collin Johns,Albie Huang,0.0082,0.0516
Max Freeman,Milan Rane,-0.0001,0.0498
Armaan Bhatia,Mya Bui,-0.0059,0.049
Riley Newman,Cailyn Campbell,0.0099,0.0511
Tom Protzek,Allison Phillips,0.0025,0.0531
David Litvinov,Angel Hernandez,0.0029,0.0537
Ross Whittaker,Ava Ignatowich,0.0042,0.0519
Tyler Loong,Kiora Kunimoto,0.0018,0.0509
Naveen Beasley,Rio Newcombe,0.013,0.0551
Zoeya Khan,Brandon French,0.0001,0.0504
Noe Khlif,Tina Pisnik,0.0074,0.0491
Callie Smith,CJ Klinger,0.0124,0.0538
Luc Pham,Giovanna Morelli,0.0194,0.0497
Blaine Hovenier,Jade Kawamoto,-0.0142,0.054
Albert Wan,Dylan Goldman,-0.0034,0.0469
Roscoe Bellamy,Alex Walker,-0.0016,0.0527
Donald Young,Lindsey Newman,0.006,0.0528
Lingwei Kong,Michael Loyd,0.0058,0.0535
Rachel Rohrabacher,Will Howells,0.006,0.0503
Eric Roddy,Marcela Aguila Ampon,-0.0045,0.0503
Jay Devilliers,Jessie Irvine,-0.0038,0.052
Liz Truluck,Martin Emmrich,-0.007,0.0504
Mary Brascia,Wyatt Stone,0.0033,0.0545
Jack Sock,Mari Humberg,-0.001,0.0526
Hannah Blatt,Christopher Haworth,0.0079,0.0496
Abigail Okelley,Stevie Petropouleas,-0.0064,0.0532
Tyler Loong,Brandon French,0.0043,0.0536
Abbigal Hatton,Albie Huang,0.0113,0.0519
Tam Trinh,Juan Benitez,-0.0017,0.0514
Luana Stanciu,Rachel Rettger,-0.0084,0.0502
Ella Yeh,Jaeda Minniefield,-0.003,0.0532
Hunter Johnson,Wyatt Stone,-0.0062,0.0501
Samantha Parker,Christa Gecheva,0.0108,0.0476
Zoeya Khan,Kiora Kunimoto,-0.003,0.0519
Zane Navratil,Blaine Hovenier,0.0094,0.0501
Michael Loyd,Donald Young,-0.0079,0.0503
Stephen Madonia,Connor Mogle,0.0091,0.0522
Cailyn Campbell,Giovanna Morelli,-0.0039,0.0501
Daniel Phillips,Chuck Taylor,0.0012,0.054
Armaan Bhatia,Yuta Funemizu,0.0106,0.0522
Ross Whittaker,Ivan Jakovljevic,-0.0073,0.0476
Jack Sock,Pablo Tellez,0.0241,0.0487
Andrew Caldarella,John Cincola,-0.0035,0.0519
Craig Johnson,Luke Wasson,-0.0005,0.0513
Pesa Teoni,Luc Pham,-0.0072,0.0529
Caden Nemoff,Wesley Burrows,0.0036,0.0507
Andrei Daescu,Lacy Schneemann,-0.0027,0.0499
Riley Newman,Will Mackinnon,-0.0314,0.0497
Jay Devilliers,Dekel Bar,-0.0163,0.0457
Lina Padegimaite,Judit Castillo,-0.005,0.0513
Lucy Kovalova,Milan Rane,-0.0032,0.0511
Jalina Ingram,Pierina Imparato,0.0026,0.0519
Andrei Daescu,Federico Staksrud,-0.0103,0.0476
Rafa Hewett,Collin Johns,-0.0091,0.0494
Mya Bui,Paula Rives,0.049,0.054
Alexis Hayden,Jamie Voelker,-0.0063,0.0523
Frank Welsher Iii,Molly Griganavicius,0.0002,0.0532
Louise Kwong,Sam Angelo,-0.0052,0.052
Tobias Golberg,Edward Kim,0.005,0.0545
Olga Zavarotnaya,Tobias Golberg,-0.007,0.0519
Josiah A,Bridget Aguado,0.0019,0.0498
Jacqueline Vitale,Edward Kim,-0.0115,0.052
Stephanie Alliev,Matt Haugdahl,0.0035,0.0496
Paul Salmela,Jeremiah Norton,-0.0035,0.0516
Ariana Ajani,Kitri Boser,-0.0102,0.0518
Jasper Schaadt,Karthik Ganesh,0.017,0.0531
Louise Kwong,Stephanie Alliev,-0.0038,0.0524
Vritti Sethi,Victoria Nguyen,0.003,0.0503
Vova Zverkovsky,Volly Johnson,0.0009,0.0518
April Lommen,Mike Radermacher,-0.0047,0.0489
Elliot Schneider,Brittni Tonnessen,0.0017,0.0519
William Hsieh,Jonah Karczmer,0.0001,0.051
Frank Welsher Iii,Justin Vizconde-Sopanarat,0.0028,0.0523
Mia Purdun,Alison Brown,0.0018,0.0511
Molly Griganavicius,Natalia Simson,-0.0046,0.0515
Steven Will,Matt Haugdahl,-0.0002,0.0531
Brittni Tonnessen,Volly Johnson,-0.0011,0.0543
George Rangelov,Zach Gonnering,-0.0068,0.0491
Tommy Labat,David Dutrieuille,0.005,0.0529
Monika Wynne,Freddie Powell,0.0101,0.0507
Manik Tandon,Brian Anderson,-0.0009,0.0515
Mia Purdun,Chris Olson,-0.0028,0.0542
Zach Gonnering,Kitri Boser,0.0075,0.053
Jesse Fan,Tayven Phiravong,-0.0066,0.0523
Chrissie Cruz,Jaikin Gomez,0.0043,0.0529
Victoria Nguyen,Mouaad Alhouni,0.0076,0.0499
Nisal Liyanage,Luke W,0.0024,0.0496
Matt Bozoian,Blake Suard,-0.0008,0.052
Ernesto Fajardo,Brayden Nguyen,0.008,0.0523
Matthew Krakowski,Vova Zverkovsky,0.0023,0.0496
Elliot Schneider,Tim Jarmusz,-0.0022,0.0501
Freddie Powell,Eli Steiner,0.0014,0.0509
Christian Tanner,Khalijawan Barber,0.0003,0.0532
Ajit Kurki,Brenden Everhart,0.0072,0.0498
Emir Hamzic,Martin Stanchev,-0.0044,0.0511
Ernesto Fajardo,Sydney Sonday,0.0064,0.0499
Ariana Ajani,Martin Stanchev,-0.0051,0.0534
Olga Zavarotnaya,Jacqueline Vitale,0.0056,0.0512
Vritti Sethi,Justin Vizconde-Sopanarat,-0.002,0.0504
Alexis Hayden,Joel Cassens,0.0005,0.0511
Sergii Pogoretskyi,Hannah Pardus,-0.0008,0.0535
Mehvish Safdar,John Lucian Goins,-0.0018,0.0512
Anouar Braham,Marcela Aguila Ampon,-0.0032,0.0507
Mohaned Alhouni,John Lucian Goins,-0.0008,0.0494
Hannah Blatt,Zane Navratil,-0.0048,0.0521
Edward Perez,Ashley Griffith,0.0,0.0496
Zane Ford,Lindsey Newman,0.0016,0.0522
Lingwei Kong,Martin Emmrich,-0.0042,0.0517
Connor Mogle,Abbigal Hatton,0.0167,0.0527
Camden Chaffin,Christopher Haworth,0.0023,0.0526
Lauren Stratman,Wyatt Stone,-0.009,0.0506
Jace Morris,Pesa Teoni,-0.0051,0.0515
Zoey Weil,Jaume Martinez Vich,-0.0122,0.0497
Rafa Hewett,Valerie R Simon,0.0117,0.0465
Caden Nemoff,Luana Stanciu,-0.0004,0.0548
Roscoe Bellamy,Lina Padegimaite,0.0048,0.0499
Chuck Taylor,Patrick Smith,-0.0048,0.0519
Mota Alhouni,Anouar Braham,0.007,0.0515
Gabriel Joseph,Connor Mogle,-0.0108,0.0523
Will Mackinnon,Ava Ignatowich,0.008,0.0506
Tama Shimabukuro,Luc Pham,0.005,0.0509
Ross Whittaker,Edward Perez,0.0006,0.0507
Donald Young,Olivia McMillan,0.0007,0.0514
Callie Smith,Hunter Johnson,-0.0161,0.0494
Ella Cosma,Luc Pham,0.0039,0.0506
Zoeya Khan,Anderson Scarpa,0.002,0.0515
Daniel Phillips,Tatiana Ruhl,-0.0027,0.051
Paula Rives,Darrian Young,0.0025,0.0528
Dekel Bar,Allyce Jones,-0.008,0.0509
Julian Arnold,Martin Emmrich,0.0011,0.0502
Christa Gecheva,Isabella Dunlap,-0.0085,0.0516
Allison Phillips,Mehvish Safdar,0.0023,0.0516
Dekel Bar,Wyatt Stone,0.0237,0.0477
Blaine Hovenier,Hunter Johnson,-0.0055,0.05
Hannah Blatt,Tamaryn Emmrich,-0.0019,0.0528
Mota Alhouni,Victoria Simon,-0.0093,0.0504
Tom Protzek,Yates Johnson,0.0003,0.0502
Federico Staksrud,CJ Klinger,0.0121,0.048
Zoey Weil,Andrea Koop,-0.0113,0.051
Nicole Conard,Kiora Kunimoto,-0.003,0.0494
Cailyn Campbell,Tina Pisnik,0.0093,0.0512
Armaan Bhatia,Grayson Goldin,0.0002,0.0512
Nicholas Wade,Bret Berryman,0.009,0.0491
Antonio Medina,Michael McCaffrey,0.0074,0.0496
Janet Liu,Kelly Chen,-0.0132,0.0516
Jazz Hearn IV,Chloe Diskin,0.0062,0.052
Pally Ray,Shamus Flanagan,0.0123,0.0514
James Kaoma,Nick Werner,-0.0059,0.0529
Alia Brown,Anne-Sophie Courteau,-0.0078,0.0508
Anastasia Outekhine,Jaiden Sam,-0.0068,0.0526
Ashlee Candelaria,Kelly Goodnow,-0.012,0.0497
Jasraj Sethi,Theo Yun,-0.0036,0.0502
Spencer Duane,John Hopkins,0.0022,0.0526
Pieter De Vries,Sebastian Gutierrez,0.0098,0.0509
Austin Bricker,Connor Mogle,-0.021,0.0515
Andre Mercado,Wil Shaffer,0.007,0.0503
Lucas Pascoe,Zach Gonnering,-0.0112,0.0504
Armando Ferreira,Mikar Larenzo Fisher,-0.0043,0.0509
Connor McCartney,Rio Newcombe,0.0209,0.0521
Tama Shimabukuro,Riley Inn,0.0008,0.0497
Evan Zoeteman,Alexandre Medawar,-0.0024,0.0523
Allison Phillips,Samantha Parker,0.0452,0.0497
Sydney Sonday,Zoey Weil,-0.0027,0.0495
Wendy Weston,Katie Neils,0.0052,0.0499
Andre Vu,Eddy Kim,-0.008,0.0516
Bret Balka,Eric Gettler,-0.0044,0.0497
Caden Nemoff,Jaikin Gomez,-0.007,0.0522
Jaden Lam,Gregorie Vinueza-Daly,0.0029,0.0481
Mulima Mulenga,Enrique Porchas,-0.0004,0.0487
Maverick Messinger,Jace Howard,0.0037,0.0505
Jessica Wilcox,Karina Lam,-0.0096,0.0517
Chloe Igleski,Mary Monson,0.0029,0.0534
Vamsi Krishna Suddapalli,Timothy Hughes,-0.0099,0.0522
Yolena Carlon,Marie Lutz,-0.001,0.0502
Albert Wan,Matt Burkhardt,0.0001,0.0477
Jackson Ayotte,Armaan Jiwa Mawji,-0.0122,0.0531
Matthew Mead,Matthew Finnerty,0.0016,0.0491
Duncan Mulenga Jr.,Devon Sikora,0.001,0.0504
Joe Prince,Craig Johnson,-0.0092,0.0532
Trevor Machek,Jaxon Thomas,0.002,0.0525
Amory Yagar,Ruben Osorio,-0.0001,0.0502
R Kedam,Dan Nguyen,-0.0097,0.0537
Naomi Nguyen,Dana Raugust,-0.0041,0.0505
Daniel Phillips,Braden Jacobson,-0.0175,0.0531
Grayson Brandon,Sammy Lee,-0.0084,0.0509
Rian Weston-Dodds,Ian Anderson,-0.002,0.0503
Victor Camilo Iii,Timothy Aurelio,-0.004,0.0514
Monika Wynne,Maddy Rasmusen,0.0047,0.0507
Sara Bochte,Andrea McDaniel,-0.0089,0.0507
Jak Crow,Matthew Melgar,-0.0048,0.0522
Jake Anderson,Eli Steiner,-0.0159,0.0511
Mike Radermacher,Karson Feyereisen,0.0034,0.0509
Armaan Jiwa Mawji,Stevie Petropouleas,-0.0145,0.0483
Anastasia Outekhine,Ruben Osorio,0.0077,0.0508
Miles Hoover,Jaeda Minniefield,0.0311,0.0492
Sammy Lee,Alia Brown,-0.0013,0.0482
Molly Ticknor,Devon Sikora,0.0007,0.0516
Mila Bonfitto,Shamus Flanagan,0.0011,0.0518
Lindsey Newman,Rio Newcombe,-0.0065,0.0506
Maddy Rasmusen,Braden Jacobson,-0.0039,0.0509
Naomi Nguyen,Joel Poland,-0.0136,0.0506
Pieter De Vries,Chloe Diskin,-0.0099,0.0536
Wendy Weston,Matthew Mead,-0.0074,0.052
Maverick Messinger,Kelly Goodnow,-0.0078,0.0495
Jaikin Gomez,Mary Monson,0.0053,0.0516
Chloe Igleski,Lucas Pascoe,0.0207,0.0516
Tama Shimabukuro,Samantha Parker,-0.0033,0.0495
Louise Kwong,Victor Camilo Iii,0.0015,0.0508
Mike Radermacher,Mara Vasvatekis,0.0009,0.0492
Zoey Weil,Pesa Teoni,0.0028,0.0512
Jalina Ingram,Rafael Lenhard,0.0068,0.0491
Daniel Phillips,Allison Phillips,-0.0131,0.0504
Yolena Carlon,Jackson Ayotte,0.0231,0.0529
Charles Case,Lily Goodwin,-0.0059,0.0536
Katie Neils,Michael McCaffrey,0.0045,0.0507
Monika Wynne,Matt Burkhardt,0.0076,0.0492
Karina Lam,Jace Howard,0.0036,0.0523
Antonio Medina,Jessica Wilcox,-0.0098,0.0508
Caden Nemoff,Christine Trifunovic,-0.007,0.0504
Jazz Hearn IV,Vincent Rettke,-0.0147,0.0516
Kayla Williams,Zach Gonnering,0.0097,0.0501
Daniel Miron,Bret Berryman,-0.0035,0.0517
Braylon Ohrel,Ethan Bakalinsky,0.0084,0.0497
Adalynn Lund,Abigail Okelley,0.0014,0.0491
Chandra Kusuma,Morgan Downing,-0.0034,0.0499
Caleb Herrick,Stevie Petropouleas,0.0014,0.057
David Creswell,Ethan Dysert,0.0059,0.0527
Noah Waddell,Alec Lamacchio,0.0063,0.0506
Savanna Ullmann,William Owens,-0.0006,0.0486
Julie Axelrod,Jake Benjamin,-0.0056,0.0538
Wendy Weston,Elizabeth Roy,0.0004,0.051
Maria Ford,Stevie Petropouleas,-0.0034,0.0497
Garrett Peterson,Jose Martinez,-0.0043,0.0507
Mikar Larenzo Fisher,Jonah Karczmer,0.0108,0.0506
Amir Evgamukov,Domenico Geminiani,0.0095,0.0501
Haley Ferguson,Masa Grgan,0.0197,0.0507
Rachael James,Evie Kenna,0.0052,0.0495
Alex Rastorgouev,Jake Benjamin,0.013,0.0536
Emma Wang,Vritti Sethi,-0.0085,0.0513
Abigail Okelley,Dale Kim,0.0051,0.0514
Jaikin Gomez,Brittni Tonnessen,0.0027,0.0528
Kentaro Hamaguchi,Haley Ferguson,0.0002,0.0528
Morgan Downing,Benjamin Bramblett,0.0105,0.0513
Zach Gonnering,Grace Miller,0.0034,0.0521
Vritti Sethi,Edgaras Zilys,0.0215,0.0513
Michael Coleman,Bryan Rodriguez,-0.0044,0.0528
Elisha Turner,Andi Godwin,-0.007,0.0526
Flynn Orton,Yaamunan Venkatesan,0.0058,0.0521
Jasper Schaadt,Edgaras Zilys,-0.0058,0.0516
Parth Mody,Keilly Ulery,-0.0004,0.0519
Evie Kenna,Andrew Angulo,-0.0066,0.0499
Kentaro Hamaguchi,Juan Varon,0.0019,0.0543
Wade Bryant,Nicholas Wade,-0.0044,0.0517
Jaikin Gomez,Karthik Ganesh,-0.0025,0.0504
Noah Torres,Justin Dages,0.0175,0.0512
Andrew Angulo,Austin White,0.0018,0.0537
Andi Godwin,Mia Turcsany,-0.0018,0.0527
Jessica Jones,Christee Chargot,-0.0059,0.0558
Zach Gonnering,Jayce Landheer,-0.0117,0.0558
Wendy Weston,Jake Anderson,0.0042,0.0505
Emily Lewis,Grant Kayworth,0.0018,0.0489
Ernesto Fajardo,Jake Anderson,0.0004,0.0515
Chandra Kusuma,Eli Steiner,-0.0058,0.0506
Ahmad El-Zarif,Tobias Moreno,-0.0023,0.0511
Elisha Turner,Nicholas P,-0.0052,0.051
Dylan Lewis,Victor Marquez,-0.0036,0.0508
Evan Ankrom,Daniel Couzens,-0.0027,0.051
Harrison Heysek,Jennie Leon,-0.0018,0.051
MJ Greiner,Mason Durbin,-0.0025,0.051
Jessica Jones,Ethan Bakalinsky,-0.0062,0.0508
Ross Whittaker,Rachel Rettger,-0.0033,0.0532
Abbigal Hatton,Luc Pham,0.0011,0.0533
Zoeya Khan,Anouar Braham,-0.0,0.0513
Andre Mercado,Emma Nelson,-0.0103,0.0521
Jade Rau,Will Mackinnon,0.0115,0.0516
Julian Arnold,Pierina Imparato,0.0126,0.0518
Gabriel Joseph,Valerie R Simon,-0.0034,0.0491
Elsie Hendershot,Jaeda Minniefield,-0.0067,0.0493
Elsie Hendershot,Tyler Loong,-0.0149,0.05
Rachel Rohrabacher,Christian Alshon,0.0089,0.0453
Connor Mogle,Salome Devidze,0.0021,0.0505
Travis Rettenmaier,Brandon French,0.0002,0.0519
Jace Morris,Yates Johnson,-0.0053,0.0485
Jonathan Truong,Milan Rane,-0.0058,0.0494
Lingwei Kong,Juan Benitez,-0.0037,0.0519
Austin Bricker,Giovanna Morelli,-0.0104,0.0504
Jace Morris,Jaeda Minniefield,0.008,0.0543
Michael Loyd,James Delgado,0.0012,0.0495
Genie Erokhina,Camden Chaffin,-0.0057,0.0527
Tamaryn Emmrich,Carlos Di Laura III,0.02,0.0526
Rafa Hewett,John Lucian Goins,-0.0071,0.0524
Abbigal Hatton,Brooke Caruso,0.0014,0.0522
Jade Rau,Rachel Rettger,-0.003,0.0487
Andre Mercado,Marshall Brown,0.0056,0.0515
Spartak Rahachou,George Rangelov,0.0021,0.0475
John Cincola,Mehvish Safdar,0.0015,0.0519
Caden Nemoff,Victoria Simon,0.009,0.0515
Ashley Griffith,Adam Harvey,0.0089,0.0518
Rafael Lenhard,Marcela Aguila Ampon,-0.0012,0.052
Alix Truong,Hunter Johnson,0.0085,0.0497
Tama Shimabukuro,Yuta Funemizu,0.0219,0.0477
Lucas Pascoe,Luc Pham,-0.0058,0.0504
Andrei Daescu,Jade Kawamoto,0.0093,0.0525
Christopher Crouch,Mya Bui,0.0081,0.0506
Audrey Adele Brown,Lucas Pascoe,-0.0023,0.0514
Michael Loyd,Kiora Kunimoto,-0.0124,0.0514
Mohaned Alhouni,Camden Chaffin,-0.0049,0.0474
Edward Perez,Gabriel Joseph,0.0062,0.052
Audrey Adele Brown,Rachel Summers,-0.0098,0.0517
Zane Ford,Juan Benitez,-0.0047,0.0511
Armaan Bhatia,Austin Bricker,0.0102,0.0495
Mohaned Alhouni,Tyra Hurricane Black,-0.0029,0.0505
Eric Oncins,Jackie Kawamoto,-0.0006,0.051
Hannah Blatt,Donald Young,0.0054,0.0542
Connor Mogle,Pesa Teoni,0.0002,0.0514
Christopher Crouch,Rafael Lenhard,-0.0028,0.0504
Andrea Koop,Albie Huang,0.0007,0.0517
George Rangelov,Ava Ignatowich,0.0019,0.0515
Kate Fahey,Lacy Schneemann,-0.0255,0.0518
Christa Gecheva,Lina Padegimaite,-0.0056,0.051
Milan Rane,Tina Pisnik,-0.0028,0.0489
Lingwei Kong,Jalina Ingram,0.0023,0.0541
Allison Phillips,Marcela Aguila Ampon,-0.0001,0.052
Hannah Blatt,Olivia McMillan,0.0018,0.0473
Zoey Weil,Lauren Stratman,0.004,0.0509
Jonathan Truong,Wyatt Stone,0.001,0.0501
Ting Chieh Wei,Allyce Jones,0.0096,0.0509
Chloe Igleski,Cailyn Campbell,-0.0031,0.0528
Parris Todd,Alix Truong,-0.0027,0.0486
Collin Johns,Jaume Martinez Vich,-0.0006,0.0529
Zane Navratil,Donald Young,-0.0004,0.054
Emma Nelson,Mari Humberg,0.0014,0.0533
Zoeya Khan,Mehvish Safdar,0.0027,0.0515
Tom Protzek,Tyler Loong,-0.0121,0.0527
Genie Bouchard,Pierina Imparato,-0.0046,0.0514
Rick Kurtz,Rikk Shimizu,-0.0086,0.0518
James Kaoma,Florencia Rossi Luqur,0.0092,0.0527
Duncan Mulenga Jr.,Christina Jordan,-0.0024,0.0494
Trevor Machek,Elyssar Medawar,-0.0026,0.0507
Billy Buchhauser,Alison Brown,-0.0044,0.051
Jonah Karczmer,Kelly Goodnow,-0.001,0.0542
Austin Bachman,Alison Bruggeman,0.0004,0.0497
Lexi Jensen,Eli Steiner,-0.0016,0.0502
Janet Liu,Matt Burkhardt,-0.0015,0.0508
Trevor Machek,Robert Lees,0.0003,0.053
Leah J,Maverick Messinger,0.0173,0.0505
Nick Petterson,Grayson Brandon,-0.0014,0.0521
Austin Bachman,Breaden Brooks,-0.0019,0.055
Savanna Ticknor,Jace Morris,0.0075,0.0516
Amelia J,Jaxon Thomas,-0.0034,0.0501
Natalia Simson,Karina Lam,-0.0016,0.0502
Leah J,Aline Morales,0.008,0.0494
Jayda Maldonado,Ethan Bakalinsky,0.0113,0.0523
Jackson Ayotte,Ciara Kelly,-0.002,0.0521
Hannah Pardus,Khalijawan Barber,-0.0013,0.0514
Zach Gonnering,Chloe Diskin,-0.0093,0.0526
Eduardo Santini Ayon,Chelsea Purcell,-0.0004,0.0495
William Hsieh,Dan Nguyen,0.0026,0.0527
Evan Zoeteman,Matthew Fisher,0.0042,0.0484
Hayden Rand,Dave Conley,-0.0041,0.0515
Jaden Lam,James Kaoma,-0.0024,0.0529
Brayden Nguyen,Keaten Kappes,0.0049,0.0483
E. Elenga Satuala,Jacob Bolkowy,-0.0098,0.0476
Daniel Traxler,Miles Hoover,-0.0115,0.0504
Cadell Traya,Sunny Krittayaweth,0.0012,0.0514
Beau Martin,George Yang,-0.0024,0.0505
Daniel Byun,Matt Burkhardt,-0.0116,0.0528
Kadin Metzner,Jerry Worsham,-0.0002,0.0499
Courtenay Leonard,Marissa Lucero,-0.0044,0.052
Zach Gonnering,Eli Steiner,-0.0015,0.0541
Enrique Porchas,David Baca,-0.0014,0.0492
Joshua Cooperman,Chrissie Cruz,-0.0006,0.0505
Natalia Simson,Francis Chi,-0.0076,0.052
Tomoko Taniguchi,Chelsea Purcell,-0.0015,0.0486
Riley Hanks,Alison Bruggeman,0.0022,0.0533
Mark Whipple,Ryan Eveloff,-0.0014,0.0533
Savanna Ticknor,Olivia Phillips,0.0012,0.0514
Evan Zoeteman,Melissa Ferger,0.0076,0.0527
Mike Radermacher,Laura Madison,-0.0011,0.0529
Victor Rodrigo,Sammy Lee,-0.0019,0.0509
Sam Angelo,Dana Raugust,-0.0058,0.0529
Jaden Lam,Karina Lam,-0.0008,0.0531
Jonah Karczmer,Luke G,-0.003,0.0494
Len Yang,Etienne Blaszkewycz,0.0111,0.0509
Eddy Kim,Blake Suard,-0.0042,0.0467
Ross Hopkins,Caden Salefsky,-0.001,0.0529
Carson Nguyen,Matthew Mead,-0.0088,0.0514
Ray Filardi,Kyle Morris,-0.0018,0.0518
Pally Ray,Joshua Cooperman,-0.0023,0.0505
Jacob Bolkowy,Connor Weeks,-0.0002,0.0526
Chrissie Cruz,Laura Madison,-0.0011,0.0518
Olivia Phillips,Jace Howard,-0.0039,0.0535
Rafa Hewett,Kaitlyn Christian,0.001,0.0537
Zoeya Khan,Juan Benitez,-0.0007,0.0507
AJ Koller,Etta Tuionetoa,-0.0047,0.0521
Victoria Dimuzio,John Lucian Goins,0.0017,0.0498
Jack Sock,Lacy Schneemann,0.0269,0.0464
Len Yang,Paula Rives,-0.0096,0.0523
Ella Yeh,John Cincola,0.0049,0.0515
Connor Mogle,Andrew Caldarella,-0.0005,0.0504
Gabriel Joseph,Elsie Hendershot,0.0096,0.0507
Blaine Hovenier,Genie Erokhina,0.0042,0.0505
Tama Shimabukuro,Marcela Aguila Ampon,0.0016,0.0533
Ting Chieh Wei,Michael Loyd,0.0046,0.0514
Marshall Brown,Lina Padegimaite,-0.0048,0.05
Daria Walczak,Camden Chaffin,-0.0014,0.0519
Ross Whittaker,Abbigal Hatton,0.0119,0.0524
Armaan Bhatia,Darrian Young,0.0072,0.0508
Carlota Trevino,Dana Raugust,-0.0046,0.0509
Rachel Summers,Luc Pham,0.0081,0.0524
Rafael Lenhard,Rachel Rettger,-0.0049,0.0524
Jade Rau,Christopher Crouch,0.0179,0.0521
Christopher Crouch,Marshall Brown,-0.0103,0.0509
Sydney Sonday,Chloe Diskin,-0.0018,0.0536
Lucas Pascoe,Cleo Bond,-0.0069,0.0534
Donald Young,Braden Jacobson,-0.0059,0.0509
Rafael Lenhard,Pesa Teoni,0.0033,0.0506
Caden Nemoff,Camila Zilveti,-0.0052,0.0503
Blaine Hovenier,Tyler Loong,-0.0034,0.0514
Christine Trifunovic,Mota Alhouni,0.011,0.0525
Andrei Daescu,Tyra Hurricane Black,-0.017,0.0514
Emma Nelson,Max Freeman,0.0121,0.0487
Jalina Ingram,CJ Klinger,-0.0096,0.0503
Mohaned Alhouni,Lindsey Newman,0.0097,0.0512
Andrew Caldarella,Jaeda Minniefield,-0.0081,0.0507
Maggie Brascia,Will Mackinnon,0.0015,0.0509
Roscoe Bellamy,Brandon French,-0.007,0.0506
Mota Alhouni,John Lucian Goins,0.0056,0.0521
Tom Protzek,Patrick Smith,-0.0083,0.0491
Indigo Dagnall,Jaxon Madsen,0.0012,0.0492
Alix Truong,Alex Walker,-0.0037,0.0525
Pierina Imparato,Kiora Kunimoto,-0.0061,0.0532
Angie Walker,Mari Humberg,0.0047,0.0526
Lingwei Kong,Lindsey Newman,-0.0045,0.0535
Allison Phillips,Cleo Bond,-0.0071,0.0499
Genie Bouchard,Victoria Dimuzio,-0.0072,0.0542
Gabriel Joseph,Wesley Burrows,-0.0096,0.0504
Emma Nelson,Marcela Aguila Ampon,0.0005,0.0515
Eric Roddy,Tam Trinh,-0.0047,0.0506
Andre Mercado,Aryaan Bhatia,-0.0049,0.0529
Collin Johns,Hunter Johnson,0.0055,0.0491
Yates Johnson,Anouar Braham,0.0002,0.0541
Paula Rives,Giovanna Morelli,0.0061,0.052
Jade Rau,Luana Stanciu,-0.0006,0.0516
Zoeya Khan,Ella Yeh,-0.0098,0.0525
Tamaryn Emmrich,Cailyn Campbell,-0.0026,0.0549
Lacy Schneemann,Tina Pisnik,0.0412,0.0538
Craig Johnson,Lucas Pascoe,0.0021,0.0519
Rachel Summers,Rachel Rettger,-0.0013,0.0536
Naomi Nguyen,Daria Walczak,0.0051,0.0529
Parris Todd,Kate Fahey,-0.0053,0.0498
Blake Goodman,Luke Wasson,-0.0154,0.0491
Frank Welsher Iii,Karthik Ganesh,-0.0033,0.0493
Jay Evans,Thomas Provost,-0.0005,0.0504
Rodrigo Yoshikata,Manfred Jeske,-0.0034,0.0506
Camila Zilveti,Luana Stanciu,0.0056,0.0507
Zoeya Khan,Lina Padegimaite,0.0308,0.0513
Emma Van Hee,Keilly Ulery,0.0082,0.0521
Sam Libo,Hudson De Risi,0.0065,0.053
Hudson Hall,Ethan Miller,0.003,0.0519
James Seagraves,Sebastian Gutierrez,0.007,0.0495
Bassem Kheireddin,Dylan Payne,-0.0039,0.0509
Ansley Drenner,Valentina Martin,0.0036,0.051
Keaten Kappes,Arnav Duarah,-0.018,0.0521
Eduardo Garcia,Amit Verma,0.0036,0.0512
Gianni Mancini,Eshaan Mylavarapu,0.0039,0.0513
Ava Pisacrita,Landry Laywell,0.001,0.0499
Julianna Hess,Mackenzie Lee,-0.0031,0.0528
Trevor Horstmann,Garrett Peterson,-0.0014,0.0502
Ben Bailey,Seth Goodman,-0.0014,0.05
Veronica Villegas,Kathryne Yung,-0.0042,0.0538
Eli Trumeter,Axel Morgan,-0.0007,0.0508
Ella Yeh,Allison Phillips,0.0002,0.0521
Abigail Okelley,Mary Monson,-0.0017,0.0518
Patricia Martins,Nikita Pradeep,0.0072,0.0517
Christian Borrero,AJ Brown,0.0018,0.0485
Christa Gecheva,Paula Rives,-0.0146,0.0498
Darinka Tiboldi,Tatiana Ruhl,0.0048,0.0508
Monika Wynne,Shannon Pretorius,-0.0123,0.0499
Nicole Conard,Abbigal Hatton,-0.0053,0.0512
Bruno Faletto,Anouar Braham,-0.0064,0.0491
Ahmad Soussi,Dixon Doege,-0.0003,0.0506
Mark Dancuart,Ryan Torresin,0.0216,0.0501
Rachel Summers,Stevie Petropouleas,0.0087,0.0531
Hyunmin Park,Stephen Sharman,-0.004,0.0538
Ashley Griffith,Averee Beck,-0.0099,0.0509
Brittany Yang,Masa Grgan,0.016,0.0507
Tamaryn Emmrich,Lindsey Newman,-0.0098,0.0532
Audrey Adele Brown,Anna Lenhart,0.0089,0.0514
Jessica Mason,Elise Fortino,-0.0018,0.0515
Katie O'Riley,Kasia Carr,0.0012,0.0539
Lova Metor,Michael Vallejo,0.0064,0.049
Justin Guiltinan,Carson Esraelian,0.0014,0.0509
Caitlin Klaassen,Louise Kwong,-0.0115,0.051
Mikar Larenzo Fisher,Matthew Finnerty,-0.0007,0.0492
George Bulger,Eric Landau,0.0066,0.051
Christopher Crouch,Connor Mogle,0.0164,0.0485
Kurt Lau,Vladimir Orellana,-0.005,0.0493
Andrew Loftin,Michael Burdakin,-0.0096,0.0526
Carlota Trevino,Allie Reichert,0.0094,0.0496
Arianna Raga,Emma Cook,-0.0095,0.0515
Alex Gee,Matt Ngo,-0.004,0.0509
Ava Cavataio,Estee Widdershoven,0.0203,0.0502
Carlos Di Laura III,Martin Emmrich,0.017,0.0499
Jason Loyd,Daniel Phillips,0.0145,0.0497
Chase Womack,Etienne Blaszkewycz,0.0139,0.0505
Austin Bricker,Juan Benitez,-0.0045,0.0507
Tom Protzek,Luca Mack,0.0107,0.0499
Indigo Dagnall,Luc Pham,0.0088,0.0523
Kylie Imperial,Jazz Hearn IV,-0.0126,0.0526
Jimmy Terzian,Ben Davis,-0.015,0.0506
Austin Mireles,Makiyah Cormick,-0.0006,0.0509
Sunny Krittayaweth,Yaamunan Venkatesan,0.0031,0.0515
JP Gorby,Divin Sarthak,-0.0039,0.0561
Easton Horricks,Jaikin Gomez,-0.0139,0.0538
Victoria Mikuta,Jessica Ho,-0.002,0.0504
Zoey Weil,Samantha Parker,0.0012,0.0533
Zach Gonnering,Nicholas Romano,0.0054,0.0503
Hunter Merritt,Gael Lomas,-0.0036,0.0513
Preston Gordon,Ethan Hall,0.0009,0.0506
Ana Gordon,Rachael Fitzgerald,0.0026,0.0511
Liam Duffin,Nicholas Wade,0.001,0.0481
Mats Dolese,Jonathon Hart,-0.0062,0.0508
Poongi Hong,William Kammerait,0.0009,0.0514
Dominique Canale,Martina Wynia,-0.0053,0.053
Tiger Chowdhury,TJ Rudden,-0.0053,0.0528
Yolena Carlon,Chloe Diskin,0.0016,0.0485
Eliel Herminas,Cristobal Del Castillo,0.0084,0.0536
Jordan Fenner,Carson Stovall,-0.0034,0.0523
Brookes Jones,Diego Lebron Perez,-0.0038,0.0501
Chris Jammal,Natalie Hur,-0.0039,0.0527
Vritti Sethi,Karthik Ganesh,-0.0059,0.0496
Hudson Hall,Lina Romero Alarcon,-0.0103,0.0499
Kendall Hunt,Seth Goodman,0.0045,0.0514
Elise Fortino,Arnav Duarah,-0.0021,0.0516
Cassie Postma,Joel Pelletier,-0.0033,0.0526
Manfred Jeske,Emmaline Nichols,-0.0,0.0521
Luana Stanciu,Miles Hoover,0.0238,0.05
Astrid Torres,Divin Sarthak,-0.0078,0.0495
Arianna Raga,Dan Nguyen,0.0108,0.0544
Yolena Carlon,Wade Heerboth,-0.0057,0.052
Kathryne Yung,Timothy Aurelio,0.002,0.0501
Christa Gecheva,Mark Dancuart,-0.0043,0.0542
Wendy Weston,Hudson De Risi,-0.0107,0.0511
Emma Wang,Martin Stanchev,0.0143,0.0531
Lindsey Newman,Martin Emmrich,0.0161,0.0518
Abbigal Hatton,Etienne Blaszkewycz,-0.0062,0.0512
Jazz Hearn IV,Eli Steiner,-0.0004,0.0507
Ana Gordon,Don Alto,0.0098,0.0491
Ava Cavataio,Juan Benitez,0.0115,0.0519
Carlota Trevino,Anouar Braham,-0.0074,0.0519
Bruno Faletto,Marisa Ruiz,0.0031,0.05
William Kammerait,Rachel Janssen,0.0054,0.0506
Zoey Weil,Camden Chaffin,0.0268,0.0529
Tom Protzek,Ella Yeh,0.0039,0.0493
Julianna Hess,Diego Lebron Perez,0.0057,0.0524
Kentaro Hamaguchi,Kayla Williams,-0.0032,0.0508
Abigail Okelley,Axel Morgan,0.0007,0.0504
Patricia Martins,Cristobal Del Castillo,0.0023,0.0501
Michael Vallejo,Brittany Yang,-0.0073,0.0507
Indigo Dagnall,Jaeda Minniefield,-0.0048,0.0499
Nicholas Wade,Maddy Rasmusen,0.0063,0.0511
Victoria Nguyen,Luc Pham,-0.0114,0.0511
Zach Gonnering,Averee Beck,-0.014,0.0512
Matthew Finnerty,Anna Lenhart,0.017,0.0484
Rachel Summers,Adair Garcia,0.0,0.053
Emma Cook,Vincent Rettke,0.0431,0.0501
Kylie Imperial,Jose Martinez,0.0034,0.0518
Rodrigo Yoshikata,Tatiana Ruhl,0.0056,0.0527
Zoeya Khan,Naveen Beasley,-0.0178,0.0496
Princess Gbadamosi,Bassem Kheireddin,0.0054,0.052
Monika Wynne,Makiyah Cormick,-0.0057,0.0551
Liam Duffin,Mary Monson,0.0091,0.051
James Seagraves,Cheyenne Jones,-0.0074,0.0524
Brenna Murray,Bret Berryman,0.0028,0.0509
Rachael Fitzgerald,Preston Gordon,-0.0117,0.0517
Mike Radermacher,Chloe Diskin,0.0122,0.0545
Brookes Jones,Mackenzie Lee,-0.0011,0.0526
Dominique Canale,Ben Davis,0.0052,0.0497
Austin Mireles,Nikita Pradeep,-0.0005,0.0513
Andrew Loftin,Ava Pisacrita,-0.0064,0.0508
Sarah Turk,Ruben Herrera,-0.0118,0.0569
Lyn Yuen Choo,Mark Growcott,-0.009,0.0528
Landry Laywell,Donald Johnson,-0.005,0.0508
Jaikin Gomez,Stevie Petropouleas,-0.0036,0.0518
Brock Rzesnowiecky,Blake Suard,0.0008,0.0544
Matthew Mead,Eddy Kim,0.0021,0.0534
Preston Lynch,Chase Ora,0.0102,0.0515
Cade Pierson,Yaamunan Venkatesan,0.0088,0.0511
Cc Eleven Sacca,Jace Howard,-0.0034,0.0488
Kento Tamaki,Rio Newcombe,-0.0106,0.053
Breaden Brooks,Dean Guyer,0.0057,0.0512
Mike Newman,Zach Vond,-0.0037,0.0506
Stephanie Vogt,Matt Burkhardt,0.0059,0.0515
Huey Trinh,Janaye Sakkas,-0.0038,0.0533
Dylan Flippin,Oliver Hu,-0.001,0.0526
Andre Mercado,Natalia Simson,0.0073,0.0484
Trevor Machek,Dayna La Belle,-0.0002,0.0538
Shelley Wong,Elijah Bertram,-0.0019,0.0515
Zach Gonnering,Miles Hoover,0.0001,0.0526
Carson Nguyen,James Ngo,0.0088,0.0518
Savanna Ticknor,Matthew Mead,0.0038,0.0532
Ernesto Fajardo,Maddy Rasmusen,0.0021,0.0489
David Litvinov,Averee Beck,-0.0023,0.0512
Bryanna Ojeda,Maddox Castellanos,0.0068,0.0495
Cc Eleven Sacca,Natasha Stoop,-0.0062,0.0521
Madison Grollman,Chelsea Purcell,0.0052,0.0508
Naomi Nguyen,Cameron Luhring,0.0096,0.0483
Naomi Tran,Cagatay Soke,-0.0111,0.0522
Daniel Traxler,Mike Anderson,0.0108,0.0536
Rio Newcombe,Kelly Goodnow,-0.0035,0.0498
Hilary Toole,David Perez,0.0067,0.0518
Natalia Simson,Molly Ticknor,-0.0022,0.0528
Dave Conley,Kyle Borawski,-0.0024,0.0538
Dayna La Belle,Jessica Mason,-0.0049,0.0515
Lena Spence,Sienna Hitzeman,-0.0029,0.0513
Erik Pailet,Tia Elpusan,-0.0026,0.0531
Matthew Sah,Louie Payetta,0.003,0.0497
Austin White,Elijah Bertram,-0.0047,0.0526
Stevan Quintanar,Zachary Champine,-0.0001,0.0501
Kathryn Glavinovich,Naomi Tran,-0.0016,0.0533
Eli Steiner,Troy Akin,0.0044,0.0525
Ethan Dahl,Kyle McMakin,-0.0044,0.051
Allie Davis,Eli Steiner,-0.0023,0.0502
Janet Liu,Pesa Teoni,-0.0165,0.0515
Joshua Cooperman,Natasha Stoop,0.0013,0.0512
Ninh Nguyen,Matt Ngo,0.0109,0.053
Lena Spence,Dean Guyer,0.0002,0.0516
Priyank Soni,Nick Casey,0.0004,0.053
Cami Blake,Devon Sikora,0.0056,0.053
Johnny Goldberg,Clayton Powell,-0.0038,0.051
Megan McCray,Rikk Shimizu,-0.0079,0.0511
Spencer Duane,Joshua Cooperman,-0.0042,0.0508
Rocky Guido,Logan Formaniuk,-0.0002,0.0542
Spencer Duane,Katie Neils,0.0022,0.0513
Breaden Brooks,Sienna Hitzeman,-0.0004,0.0503
Maverick Messinger,Molly Ticknor,0.0032,0.0518
Carson Nguyen,Kathryn Glavinovich,-0.0015,0.0529
Tyler Loong,Marcela Aguila Ampon,-0.008,0.0543
Carlos Di Laura III,Angie Walker,-0.0013,0.0534
Lucas Pascoe,Abbigal Hatton,0.0161,0.0513
Julian Arnold,Allyce Jones,0.012,0.0493
Pierina Imparato,Christopher Haworth,-0.0025,0.0512
Luana Stanciu,Rafael Lenhard,-0.0041,0.051
Blaine Hovenier,Cailyn Campbell,0.0057,0.0538
Averee Beck,Maddy Rasmusen,0.0024,0.0501
Alix Truong,Christian Alshon,0.0148,0.0517
Zoeya Khan,Armaan Bhatia,0.0005,0.0521
Liz Truluck,James Delgado,-0.0094,0.0501
Jace Morris,Ella Cosma,-0.0096,0.0513
Nicole Conard,Will Mackinnon,0.0076,0.0535
Allie Davis,Chloe Diskin,0.0084,0.0494
Caden Nemoff,Rachel Summers,0.0018,0.0511
Brooke Buckner,Roscoe Bellamy,-0.0019,0.0516
Jonathan Truong,Meghan Dizon,0.0103,0.0506
Jade Rau,Edward Perez,0.0088,0.0538
Christa Gecheva,Clayton Powell,0.0046,0.0507
Tom Protzek,Daria Walczak,0.0001,0.0518
Aiko Yoshitomi,Albie Huang,-0.0032,0.0526
Rafa Hewett,Lingwei Kong,0.0131,0.05
Tama Shimabukuro,Nicola Schoeman,0.0024,0.0515
Max Freeman,Mari Humberg,0.0007,0.0534
Rachel Rohrabacher,Gabriel Tardio,-0.0155,0.0528
George Wall,Albie Huang,0.0117,0.0517
Hannah Blatt,Luc Pham,-0.0068,0.0544
Pablo Tellez,Kaitlyn Christian,0.0017,0.0473
John Lucian Goins,Olivia McMillan,0.0091,0.0533
Noe Khlif,Tyra Hurricane Black,0.0013,0.0479
Naomi Nguyen,Kelly Goodnow,0.0001,0.0521
Eric Roddy,Wil Shaffer,0.0012,0.0509
Edward Perez,Christopher Crouch,0.0129,0.0491
Christopher Haworth,Alexander Crum,-0.0028,0.0532
Carlos Di Laura III,Michael Loyd,0.0061,0.0532
Julian Arnold,James Delgado,0.0002,0.0521
Tama Shimabukuro,Gregory Dow,0.0046,0.0513
Andre Mercado,Connor Mogle,0.0087,0.0491
Jace Morris,Craig Johnson,0.0151,0.0529
Len Yang,Collin Johns,0.0111,0.0506
Ashley Griffith,Mehvish Safdar,-0.0027,0.0515
George Wall,Kenta Miyoshi,0.0081,0.0517
George Rangelov,Mota Alhouni,0.0026,0.049
Tyler Loong,Rafael Lenhard,0.0046,0.0502
Spartak Rahachou,Luke Wasson,0.0069,0.0508
Aryaan Bhatia,Lucas Pascoe,-0.0043,0.0505
Daria Walczak,Angie Walker,-0.0007,0.0502
Jonathan Truong,Brandon French,-0.008,0.0507
Rafa Hewett,Anouar Braham,-0.0053,0.0509
Cailyn Campbell,Mari Humberg,0.0211,0.0542
Brooke Buckner,Kate Fahey,-0.0195,0.0508
Chloe Igleski,Kiora Kunimoto,0.0022,0.0535
Zoey Weil,Victoria Dimuzio,0.0064,0.0502
Cleo Bond,Olivia McMillan,-0.0034,0.0493
Jay Devilliers,Jaume Martinez Vich,0.009,0.0498
Ella Cosma,Luana Stanciu,-0.0131,0.0528
Adam Harvey,Freddie Powell,-0.0009,0.0519
Mark Dancuart,Ben Slive,0.0132,0.0497
Dillon Segur,Travis Rettenmaier,-0.0012,0.0518
Kamden Bradstreet,Jaikin Gomez,0.0051,0.0507
Amir Evgamukov,Julian Slive,-0.0047,0.05
Rachael James,Sophie Abrams,-0.0028,0.0504
Christopher Crouch,James Delgado,-0.003,0.0493
Clayton Powell,Randy Blanco,-0.016,0.0523
Jason Parker,Scott McRee,-0.0024,0.0506
Andi Godwin,Mara Vasvatekis,-0.0033,0.0489
Dylan Lewis,Boris Paque,-0.0051,0.0508
Amanda Hendry,Allie Reichert,0.0014,0.0495
Isabella Dunlap,Mehvish Safdar,0.0082,0.0521
TJ Rudden,Lucas Cancelier,-0.0014,0.0512
Jack Maline,Brian Johnson,0.0017,0.0494
David Angel Rosales Jr.,Carlos Zambrano,-0.0003,0.0508
Tristan Dussault,Nicholas Romano,0.0019,0.0504
Lauren Hidalgo-Smith,Stevie Petropouleas,0.0008,0.0513
Samuel Wells,Michael Vallejo,0.0025,0.0541
Jonas Daehler,Jamie Carmichael,-0.0005,0.0516
Ben Cawston,Maksims Kazijevs,0.0072,0.0524
Django Chassang,Kalen Harbaugh,-0.0001,0.0524
Kelsey Roundtree,Frankee Hendricks,-0.0027,0.0514
George Rangelov,Mouaad Alhouni,-0.0069,0.0521
Audrey Adele Brown,Mia Turcsany,-0.0018,0.0512
Patricio Pereyra,Nejc Sitar,0.0063,0.0524
Arielle Butler,Andrea Koop,-0.0057,0.0502
Juan Varon,Eli Steiner,-0.0081,0.0496
Andrew Loftin,Jae Centonze,0.0008,0.0519
Eileen Wang,Brittany Yang,-0.0098,0.0515
Jade Rau,Victoria Shinkaretzky,-0.0017,0.0507
Regina Goldberg,Kamyla Held,0.003,0.0525
Claudia Flores,Natalia Sanchez,-0.0042,0.0506
Federico Nani,Michael Shaw,-0.0004,0.0516
Javon Turcsany,Elisha Turner,0.0103,0.054
Abigail Okelley,Ariana Rodriguez,0.0015,0.0515
Jimmy Terzian,Ryan Gilbert,-0.0046,0.0497
Tyler Glowaki,Luis Rojas,0.0007,0.0496
Sofia Manzanares,Stephanie Mazurek,0.0,0.0498
Nolan Smyth,Xavier Richard,0.0005,0.052
Connor Mogle,Jhonnatan Medina Alvarez,-0.0103,0.0517
Bruno Faletto,Ariana Rodriguez,-0.007,0.0505
Andrew Loftin,Ava Ignatowich,-0.0002,0.0497
Ben Cawston,Jaeda Minniefield,-0.0095,0.0528
Maksims Kazijevs,Giovanna Morelli,0.0138,0.0504
Cassidy Hoag,Federico Nani,0.0001,0.0474
Evan Pratt,Mia Turcsany,0.0029,0.0491
Tamaryn Emmrich,James Delgado,0.0104,0.048
Isabella Dunlap,Freddie Powell,-0.0028,0.0489
Adam Harvey,Mehvish Safdar,-0.0213,0.0509
Patrick Smith,Mara Vasvatekis,-0.0052,0.0518
Claudia Flores,Emanuel Dickson,0.0002,0.0507
Julian Slive,Allie Reichert,0.0006,0.0513
Tyler Glowaki,Christee Chargot,0.0027,0.0521
Kamden Bradstreet,Victoria Shinkaretzky,0.0012,0.0548
Forest Dennis,Francesca Randazzo,-0.0024,0.0541
Shannon Pretorius,Nicholas Romano,0.0015,0.0539
Nadia Echeverria,Jaikin Gomez,-0.0028,0.0521
Paula Rives,Martin Emmrich,-0.0024,0.0518
Ava Cavataio,Clayton Powell,-0.0113,0.0502
Martina Frantova,Randy Blanco,0.0321,0.0533
Arielle Butler,Tristan Dussault,0.0103,0.0505
Iryna Kostirko,Maiz Sinclair,-0.0023,0.0536
Ahmad El-Zarif,Haley Ferguson,0.0062,0.0497
Amanda Hendry,Mark Dancuart,-0.0091,0.0538
Monika Wynne,Juan Varon,-0.0238,0.0506
Jemi Aguilar,Carlos Zambrano,-0.0004,0.0496
Jade Rau,Ben Slive,0.0013,0.0473
Jay Evans,Eileen Wang,-0.003,0.052
Kamyla Held,Elisha Turner,-0.0,0.0521
Andi Godwin,Matthew Finnerty,-0.0012,0.0515
Dylan Lewis,Valerie R Simon,0.0103,0.0515
Madalina Grigoriu,Jorge Nunez,-0.0117,0.0517
Jarryd Woog,Brittni Tonnessen,0.0012,0.0476
Hudson De Risi,Patara Tezduyar,0.0075,0.0505
Scott McRee,Masa Grgan,0.0088,0.0492
Sharienne Ricardo,Daniel Couzens,0.0026,0.0505
Adalynn Lund,Lucas Erlikh,-0.0076,0.0532
Manfred Jeske,Chris Cooprider,0.0055,0.0486
Lyn Yuen Choo,Brandon Fritze,-0.0008,0.053
Hudson Hall,Blake Suard,0.0095,0.0521
Wade Heerboth,Shannon Pretorius,0.0073,0.0472
Ethan Bakalinsky,Bret Berryman,-0.0003,0.0492
Mackonner Dy,Armaan Jiwa Mawji,0.0128,0.0503
Justin Dages,Gabriel Zimeri,0.006,0.0509
Natalie Hur,Miles Hoover,-0.0034,0.0541
Patricia Martins,Eshaan Mylavarapu,-0.0059,0.0531
David Miller,Patrik Kevin Tsati-Onla,-0.0027,0.0525
Grace Crosby,Neha Khurana,0.0001,0.0488
Ellie Douglas,Blake Goodman,0.0041,0.0501
Natalia Simson,Vritti Sethi,0.0063,0.0495
Patricia Martins,Abla Mannarino,-0.0024,0.0508
Natalia Simson,Edgaras Zilys,-0.0076,0.0504
JP Gorby,Abla Mannarino,-0.0023,0.0519
Cristobal Del Castillo,Kyle Rowe,-0.0014,0.0512
Jordan Chrysostom,Brandon Fritze,-0.0043,0.0492
Sam Libo,Braylon Ohrel,0.0008,0.0518
Victoria Nguyen,Etienne Blaszkewycz,-0.0114,0.0532
Eli Steiner,Shea Donahue,-0.0065,0.0525
Ryder Brown,Caroline Maguire,-0.0077,0.0487
Daniel Miron,Austin White,0.0067,0.0509
London Leon,Grant Johnson,-0.0038,0.0516
Mike Radermacher,Sebastian Gutierrez,-0.0112,0.0511
Blake Goodman,Eshaan Mylavarapu,-0.0013,0.0536
Kylie Imperial,Domenico Geminiani,0.0134,0.0539
Alexander Valencia,Savannah K,-0.0027,0.0522
Dylan Wilhelm,William Hsieh,0.0014,0.0505
Joseph Evans,Grace Crosby,-0.0067,0.0494
Rachel Janssen,Marie Lutz,0.0125,0.0491
Jazz Hearn IV,Shea Donahue,-0.001,0.0528
Janet Liu,Jessica Ho,0.0218,0.0528
Hilary Toole,Julianna Hess,-0.0042,0.0513
Ryder Brown,Jasper Schaadt,-0.0117,0.0535
Hunter Merritt,James Ngo,0.0024,0.0504
Nicholas Wade,Domenico Geminiani,-0.0133,0.049
Marie-Claude Boisvert-Bégin,Frances Altick,0.0045,0.0518
Kinshuk Sharma,Christopher Depetro,-0.0045,0.0518
Petra Jones,Joshua Gallardo,-0.0071,0.0505
Jasper Schaadt,Ariana Ajani,-0.0023,0.0526
Chris Jammal,Jazz Hearn IV,-0.0007,0.05
Kayla Williams,Braden Jacobson,-0.0039,0.0535
Casey Garretson,Ryan Camras,-0.0016,0.0509
Edgaras Zilys,Martin Stanchev,0.0029,0.0496
Alexander Valencia,Mario Jurisic,-0.0013,0.0498
Joseph Evans,James Crosby,-0.0029,0.0525
Mark Moore,Robert Brown,-0.0021,0.0525
Kelsey Laurente,Sarah Williams,0.0028,0.0548
Vritti Sethi,Martin Stanchev,-0.0066,0.0509
Julianna Hess,Divin Sarthak,-0.0015,0.0512
John Davenport,Loc Lam,-0.0005,0.054
Arianna Raga,Ryan Camras,-0.0021,0.0514
Dan Nguyen,Benjamin Pepion,-0.0007,0.0521
Frances Altick,Austin White,-0.0011,0.0515
Poongi Hong,Cole Whitaker,0.0053,0.0498
Alexandra Valenstein,Caroline Maguire,0.0008,0.0513
Stephen Madonia,Rachel Rettger,0.0034,0.0505
Clayton Powell,Gregory Dow,0.0086,0.054
Gabriel Joseph,George Rangelov,-0.0034,0.052
Tom Protzek,Mya Bui,-0.0068,0.0495
Christopher Haworth,Patrick Smith,-0.0067,0.0547
Ross Whittaker,Jace Morris,0.0134,0.0529
Anouar Braham,Juan Benitez,-0.0001,0.0506
Zane Ford,Andrew Caldarella,-0.0152,0.0509
Ross Whittaker,Luana Stanciu,0.0003,0.0493
Luc Pham,Brooke Caruso,-0.0021,0.0519
Jonathan Truong,Lacy Schneemann,-0.0074,0.0504
Christopher Crouch,Braden Jacobson,-0.0045,0.0509
Rafa Hewett,Pierina Imparato,0.0154,0.05
Andre Mercado,Abbigal Hatton,0.0,0.0526
Ava Cavataio,George Wall,-0.0009,0.0509
Ting Chieh Wei,Armaan Bhatia,-0.0053,0.0499
Kaitlyn Christian,Jaume Martinez Vich,-0.0032,0.051
Tama Shimabukuro,Cailyn Campbell,-0.0038,0.0498
Lina Padegimaite,John Lucian Goins,-0.0072,0.0501
Zane Navratil,Elsie Hendershot,-0.0108,0.0496
Jade Rau,Elsie Hendershot,0.0119,0.0517
Ava Cavataio,Audrey Adele Brown,-0.0098,0.0521
Eric Roddy,Carlos Di Laura III,0.0017,0.0545
Ashley Griffith,Jaeda Minniefield,-0.003,0.0516
Tamaryn Emmrich,Marshall Brown,-0.0044,0.0532
Lucas Pascoe,Albie Huang,0.0012,0.0513
Rafael Lenhard,Giovanna Morelli,0.0092,0.0487
Tyler Loong,Lindsey Newman,0.0092,0.0487
Samantha Parker,Brandon French,-0.0108,0.0518
Carlos Di Laura III,Martina Frantova,-0.0161,0.0462
Andre Mercado,Daniel Phillips,0.0026,0.0514
Indigo Dagnall,Alexander Crum,0.0034,0.0506
Christine Trifunovic,Daniel Phillips,0.0032,0.0515
Tyler Loong,John Lucian Goins,0.0115,0.0511
Austin Bricker,Jaeda Minniefield,-0.0018,0.0551
George Rangelov,Marcela Aguila Ampon,-0.0044,0.0528
Alix Truong,Clayton Powell,-0.0103,0.0508
Isabella Dunlap,Abbigal Hatton,0.0245,0.0506
Lauren Stratman,Lindsey Newman,0.002,0.0532
Ting Chieh Wei,Lina Padegimaite,-0.0075,0.0514
Victoria Dimuzio,Mya Bui,0.0026,0.0524
Armaan Bhatia,Pablo Tellez,0.0057,0.0516
Rafa Hewett,Jonathan Truong,0.0038,0.0503
Giovanna Morelli,Brooke Caruso,-0.0004,0.0499
Kaitlyn Christian,Emma Nelson,0.0174,0.0503
Nicole Conard,Cailyn Campbell,-0.0012,0.0513
Mike Radermacher,Bret Berryman,0.0192,0.0519
Patrik Kevin Tsati-Onla,Mario Jurisic,-0.0008,0.0511
Mihae Kwon,Nok Yiu Tang,0.0008,0.05
Stephanie Alliev,Caroline Maguire,0.0074,0.0526
Zach Gonnering,Matt Burkhardt,0.0041,0.0506
Beau Martin,Dave Conley,-0.0031,0.0499
Colin Wong,Syed Uzair Sufi,0.005,0.0525
Ngo Dang Jr,Julian Chow,-0.0022,0.0521
Alec Weller,Johnny Borashan,0.0013,0.0517
Ryan Smith,Logan Schneider,0.0007,0.0541
Jase Edwards,Chloe Diskin,0.0205,0.0505
Emmaline Nichols,Luke Wasson,-0.0002,0.0492
Nicolas Almeida,Brandon Riddle,-0.0123,0.051
Nok Yiu Tang,Colin Wong,0.007,0.0488
Maverick Messinger,Natalia Simson,0.0046,0.0503
Benson Parry,Payton Weber,0.0099,0.0555
Jazz Hearn IV,Mia Turcsany,0.0073,0.0526
Ngo Dang Jr,Anni Xie,0.0044,0.0537
Edward Gardner,Melissa Lein,-0.0037,0.0499
Jazz Hearn IV,Miles Hoover,0.0159,0.0499
Lizzie McFarland,Foster Johnson,0.0027,0.056
Gavin Fowler,Anthony Skalabrin,-0.0025,0.0535
Mario Barrientos,Garrett Whitehead,-0.003,0.0503
Arsh Sharma,Shraman Prasanth,-0.0025,0.052
Parker Eggli,Foster Johnson,-0.0072,0.0486
Juan Varon,Mia Turcsany,0.0011,0.0521
Jackson Ayotte,Yaamunan Venkatesan,0.0037,0.0501
John Thorn,Lily Goodwin,0.0007,0.0502
Tya Karina,Julian Chow,0.0169,0.052
Freddie Powell,Erik Forsythe,-0.0071,0.0503
Hayden Rand,Matthew Mead,-0.0055,0.0535
Natalia Simson,Rachel Rettger,-0.0076,0.0488
Tyler Miller,Nathan Reeve,0.0031,0.0529
Karina Lam,Joel Poland,0.01,0.0525
Natalie Hansen,Garrett Whitehead,-0.0,0.0516
Duncan Mulenga Jr.,Wendy Weston,0.0107,0.0516
Rachel Grecco,Kleyton Martins da Silva,-0.0069,0.0507
Beau Covell,Brady Madrid,-0.0002,0.0526
Tya Karina,Anni Xie,0.0027,0.0516
Dylan Ciampini,Chloe Diskin,0.0045,0.0515
Brinley Horton,Lily Goodwin,-0.0002,0.0499
Jonah Karczmer,Matt Haugdahl,0.001,0.0512
Chas Howard,Michael McCaffrey,-0.0076,0.0525
Stephanie Alliev,Jonah Karczmer,-0.0066,0.0502
Alexander Qi,Gerald Ferrer,-0.0059,0.0491
Austin Ciampini,Jared Brungard,0.0042,0.0524
Karina Lam,Cc Eleven Sacca,-0.0054,0.0481
Mihae Kwon,Syed Uzair Sufi,-0.0032,0.0499
Zach Gonnering,Dylan Ciampini,0.0021,0.0506
Bryson Alexander,Evan T,0.0016,0.0523
Edward Gardner,Kleyton Martins da Silva,-0.0011,0.0522
Dylan Wilhelm,David Perez,-0.0017,0.0569
Nathan Reeve,Nina Rhoades,-0.0042,0.0518
Dawson Davis,Adam Cheney,-0.0063,0.0508
Camila Zilveti,Aanik Lohani,0.0126,0.0504
Noe Khlif,Alix Truong,-0.003,0.0512
Tom Protzek,Genie Erokhina,-0.0054,0.0516
Connor Mogle,Anouar Braham,0.004,0.0505
Daniel Phillips,Jaxon Madsen,0.0182,0.0511
Luke Wasson,Pesa Teoni,-0.0027,0.0518
Rafael Lenhard,Christopher Haworth,0.0111,0.0526
Dekel Bar,Jessie Irvine,0.0142,0.0496
Elsie Hendershot,Camden Chaffin,-0.0013,0.0528
Zane Ford,George Rangelov,0.0059,0.0507
Christopher Crouch,Matthew Barlow,-0.0039,0.0536
Isabella Dunlap,Brandon French,0.0068,0.0508
Olivia Phillips,Jaxon Madsen,-0.0123,0.0498
Ivan Jakovljevic,Patrick Smith,-0.0004,0.0507
Wil Shaffer,Andrew Caldarella,-0.0038,0.0523
Austin Bricker,Marcela Aguila Ampon,0.0016,0.0517
Chloe Igleski,Anouar Braham,-0.0045,0.0518
Nicolas Acevedo,Rachel Rettger,-0.0007,0.0521
Meghan Dizon,Will Howells,-0.0004,0.0503
Will Mackinnon,Brandon French,0.001,0.0503
Yates Johnson,AJ Koller,0.0118,0.0525
Andre Mercado,Austin Bricker,-0.0061,0.0483
Michael Loyd,Darrian Young,0.0003,0.051
Naomi Nguyen,Clayton Powell,-0.002,0.0517
Tamaryn Emmrich,Anderson Scarpa,-0.0019,0.052
Marshall Brown,Mota Alhouni,0.0002,0.0525
Hunter Johnson,Milan Rane,-0.0097,0.0497
Wil Shaffer,Kelly Goodnow,-0.0028,0.0532
Tama Shimabukuro,Maggie Brascia,0.0093,0.0536
Nicolas Acevedo,Clayton Powell,0.0103,0.0514
Christopher Haworth,Emma Nelson,0.0026,0.0532
Edward Perez,Braden Jacobson,-0.0077,0.0533
Jade Rau,Ava Ignatowich,-0.0015,0.05
Riley Newman,Armaan Bhatia,0.0172,0.0507
Cailyn Campbell,Emma Nelson,-0.0012,0.0497
Naomi Nguyen,Lina Padegimaite,0.0027,0.0536
Allison Phillips,Jaeda Minniefield,-0.0034,0.0525
Zoey Weil,Liz Truluck,0.0013,0.0509
Lindsey Newman,Kelly Goodnow,-0.0023,0.053
Audrey Adele Brown,Cleo Bond,0.0039,0.0535
Brooke Buckner,Mari Humberg,0.0019,0.0558
Lingwei Kong,Elsie Hendershot,-0.0021,0.0489
Ashley Griffith,Marcela Aguila Ampon,-0.002,0.0493
Jalina Ingram,Nicole Conard,0.0037,0.0521
Daniel Traxler,Jackson Ayotte,0.0157,0.0528
Antonio Medina,Matthew Mead,-0.001,0.0519
Hayden Rand,Priyank Soni,0.0009,0.0498
Tony Fachaux,Aurelien Godderis,-0.0101,0.0496
Matthew Barlow,Rio Newcombe,0.012,0.0499
Janet Liu,Janaye Sakkas,0.0339,0.0538
TJ Rudden,Christopher Depetro,-0.0021,0.0553
Siddharth Kusuma,Tanner Suard,-0.005,0.0531
Martin Thomas,Jeffrey Moulton,-0.0077,0.0531
Carlos Di Laura III,Augustus Ge,0.0104,0.0541
Connor McCartney,Miles Hoover,-0.0098,0.0508
Lindsey Newman,Mehvish Safdar,0.0033,0.0508
Brooke Cersosimo,Teresa Chow,-0.0038,0.0508
Andre Mercado,Indigo Dagnall,0.0221,0.0495
Spencer Duane,Michael McCaffrey,0.0057,0.0507
Christine Trifunovic,Christie Mead,0.0049,0.0544
Lesa Ritchie,Averee Beck,-0.0004,0.0524
Lucas Pascoe,Freddie Powell,-0.0163,0.0534
James Seagraves,Matt Burkhardt,-0.0106,0.0495
Gregory Messina,Matthew Melgar,-0.0004,0.0529
Ryan Huynh,Scott Nguyen,0.005,0.0509
Kory Tran,Nicholas Garza,0.0116,0.0495
Nathaniel Webb,Kyle Morris,-0.0051,0.0532
Tommy Labat,Karson Feyereisen,-0.0049,0.0517
Jamie Haas,Leah Tauber,-0.0146,0.052
Naomi Nguyen,Maddy Rasmusen,-0.0014,0.0459
Jose Martinez,Mark Growcott,0.0044,0.0501
Evan Zoeteman,Jerry Worsham,-0.0062,0.0526
Armaan Jiwa Mawji,Prycen Haas,0.0109,0.0498
Eileen Tran,Frida Mudsam,0.0029,0.052
Maddox Castellanos,Sunny Krittayaweth,0.005,0.0543
Kathryn Glavinovich,Courtenay Leonard,0.002,0.0516
Ninh Nguyen,Ant Tran,-0.002,0.0516
Alex Emery,Aidan Schenk,0.0001,0.0512
Mayu Omori,Marcela Aguila Ampon,-0.0007,0.0503
Aaron Li,Nathan Tsai,0.0015,0.05
Rouzbeh Ghotbi,Joel Waiwaiole,0.0008,0.052
Courtney Clark,Allie Davis,0.001,0.0526
Carlota Trevino,Alexa Schull,-0.0349,0.0536
William Hsieh,Daniel Couzens,-0.0049,0.0525
Stavro Sophocleous,Aaron Sandoval,0.0039,0.0504
Jessica Improta,Danica Wolf,-0.0081,0.0484
Adam Charbit,Teano Balducci,-0.0032,0.0541
Auburn Smith,Hannah Shin,0.0098,0.0486
Max Zhang,Ishan Balakrishnan,-0.0046,0.0521
Haley Ferguson,Monika Wynne,-0.0046,0.0492
Carson Nguyen,Anthony Miller,0.0031,0.05
David Litvinov,Claudio Quinones Garcia,0.0011,0.0487
Ross Hopkins,Rian Weston-Dodds,-0.0018,0.0544
Justin Guiltinan,William Dau,0.0025,0.0491
Rodrigo Grajales,James Singer,-0.0052,0.054
Charlie Konkachbaev,Shae Neville,-0.0063,0.0513
Wil Shaffer,Will Mackinnon,-0.0049,0.0516
Jericho Grollman,Chiron Burl,-0.0093,0.0539
Clarissa Year,Isabella Hoang,-0.0041,0.0531
Ella Cosma,Audrey Adele Brown,0.0048,0.0492
Kamyla Held,Dayna La Belle,-0.006,0.0508
Daniel Byun,Amir Tabatabaeian,0.019,0.0493
Levi Daniel,Cheng En Tsai,-0.0061,0.0541
Patrick Matetich,Louis Vayo II,0.0043,0.0529
Asako Pastrana,Alyssia Fossorier,-0.0048,0.0524
Cassandra Fryberger,Melissa Beré,-0.0017,0.0507
Dylan Galarza,Logan Russell,-0.0044,0.0532
Paola Landin,Taylor Van Zee,-0.0005,0.0499
Hudson De Risi,Lorin Schlecht,0.0057,0.0529
Rachal Jackson,Megan Willcox Morales,0.0027,0.0498
Lexi Jensen,Elise Fortino,-0.0074,0.0494
Matthew Montoya,Melissa Beré,-0.0041,0.0503
Will Mackinnon,Mehvish Safdar,-0.0049,0.0527
Tyler Loong,Chloe Diskin,0.0206,0.0514
Alexa Schull,Darrian Young,0.0305,0.0523
Andre Mercado,Maddy Rasmusen,-0.0048,0.0505
Genie Erokhina,Aidan Schenk,0.0062,0.0506
Eduardo Santini Ayon,Carlota Trevino,0.0001,0.0528
Cori Elliott,Ben Davis,0.0138,0.0521
Jamie Haas,Lucas Pascoe,-0.0072,0.0516
Hayden Rand,Angela Morisette,0.0185,0.0533
Deanna Pham,Stefan Pongratz,0.0043,0.051
Freddie Powell,Jaeda Minniefield,-0.0048,0.0528
Katie Diaz,Wesley Burrows,0.0027,0.0516
Dean Loock,Jessica Improta,0.0091,0.052
Max Zhang,Isabella Hoang,0.005,0.0528
Tom Protzek,Kiora Kunimoto,0.0164,0.05
Monica Piekarski,Jerry Worsham,-0.0001,0.0537
Antonio Medina,Elise Fortino,0.0031,0.0516
Gregory Messina,Paola Landin,0.0001,0.0532
Frida Mudsam,Austin Moseley,-0.0057,0.0544
Lesa Ritchie,Matthew Powley,0.0012,0.0528
Angie Walker,Kyle Koszuta,-0.0072,0.0517
Bruno Barrueto Deza,Janaye Sakkas,-0.0031,0.0513
Jackson Ayotte,Averee Beck,0.0075,0.0488
Jing Robinson,Joel Poland,0.002,0.0519
Daria Walczak,Augustus Ge,0.0014,0.0502
Meggan William,Hudson De Risi,-0.003,0.0494
Andrew Caldarella,Abbigal Hatton,-0.0137,0.0492
Matthew Mead,Christie Mead,0.0127,0.0527
Evan Zoeteman,Auburn Smith,0.0012,0.0482
Levi Daniel,Kathryn Glavinovich,0.0068,0.0547
Jericho Grollman,Madison Grollman,0.0098,0.0516
Ella Yeh,Jace Morris,0.0061,0.0518
Haley Ferguson,Miles Hoover,0.0023,0.0492
Eileen Tran,Martin Thomas,0.0061,0.0516
Dayna La Belle,Warren Tamanaha,-0.0,0.0502
Noah Torres,Kamyla Held,-0.0035,0.0506
David Litvinov,Lexi Jensen,-0.0088,0.0527
Billy Buchhauser,Courtney Clark,-0.0028,0.0529
Yolena Carlon,Spartak Rahachou,-0.016,0.0537
Carson Nguyen,Mayu Omori,-0.0049,0.0502
Daniel Byun,Adelie Osher,-0.008,0.0506
Indigo Dagnall,Ella Cosma,-0.0059,0.0523
Lingwei Kong,Nicholas Garza,-0.0144,0.0529
Lorna Morris,Rodrigo Grajales,-0.0007,0.0541
Brodie Smith,Madison Turosinski,-0.0053,0.0524
Braden Jacobson,Kelly Goodnow,-0.0084,0.0541
Courtenay Leonard,Kyle Morris,0.0111,0.0522
Sydney Tran,Sunny Krittayaweth,-0.0054,0.0497
Deanna Pham,Albert Wan,-0.0026,0.0482
Dmitry Ivanenko,Adelie Osher,0.0033,0.0538
Shirley Hall,Donald Hall,-0.006,0.0508
Zane Ford,Daniel Traxler,-0.0042,0.0527
Levi Daniel,Cagatay Soke,0.0136,0.0505
Arjun Thyagarajan,Pramod Dabir,-0.0075,0.0526
Daniel Byun,Ishan Balakrishnan,0.0018,0.0528
Max Meza,David Wallace,-0.0057,0.0522
Armaan Jiwa Mawji,Troy Akin,-0.0074,0.0548
Tony Fachaux,Titus L,-0.002,0.0492
Cameron Luhring,Riley Inn,0.0113,0.0514
Tristan Vincent,Anton Ulan,-0.0054,0.0517
Kailas Shekar,Victor Rodrigo,0.0062,0.0502
Billy Buchhauser,Yunqi He,-0.0017,0.051
Tanner Suard,TJ Rudden,0.0151,0.0518
Abhishek Bhargava,Cameron Douglas,-0.0122,0.0529
David Litvinov,Jackson Ayotte,0.0071,0.0483
Nico Regas,Trent Virden,0.0014,0.0525
Patrick McConnell,Lorin Schlecht,0.0006,0.0529
Patrik Kevin Tsati-Onla,Dan Nguyen,-0.0024,0.0484
Ashley Mackie,David Wallace,-0.0042,0.0529
Mike Radermacher,Matt Burkhardt,-0.001,0.0492
Shirley Hall,Laura Madison,0.0057,0.0481
Ana Ratiu,Christie Mead,-0.0097,0.0522
Lena Spence,Naomi Tran,0.0193,0.0529
Kelly Chen,Matt Burkhardt,0.0092,0.0506
Daniel Byun,Lena Spence,-0.0038,0.0518
Zach Gonnering,Pesa Teoni,0.0065,0.0495
Luke Ness,Brian Tinsley,-0.0025,0.0468
Drew Diefenbach,Sandeep (sam) Sanga,-0.0017,0.0521
David Litvinov,Sienna Hitzeman,0.0163,0.0512
Joshua Matabuena-Yamanaka,Madalena Flores,-0.004,0.0527
Kathryn Glavinovich,Sienna Hitzeman,0.0016,0.0538
Madalena Flores,Melissa Beré,-0.0012,0.0544
Zach Gonnering,Melissa Beré,0.0002,0.0525
Tennessee P,Julie Heitman,-0.0033,0.0519
Christopher Benevento,Jacob Peng,0.0004,0.0506
Travis Nichols,David Perez,-0.0058,0.0514
Suzie Woodburn,Ristine Sutton,0.0008,0.0507
Faathih Haider,Lucas Jensen,-0.0013,0.0534
Jalina Ingram,Michael Loyd,-0.0117,0.0504
Adam Harvey,Keilly Ulery,-0.0001,0.0513
Matthew Barlow,Christopher Haworth,-0.0066,0.0517
Daniel Phillips,Spartak Rahachou,-0.004,0.0511
Kiora Kunimoto,CJ Klinger,-0.0115,0.0504
Jonathan Truong,Jessie Irvine,0.0131,0.0507
Zoeya Khan,Zane Navratil,-0.0002,0.0483
Chloe Igleski,Len Yang,0.0085,0.0546
Donald Young,Jaeda Minniefield,-0.0047,0.0482
Catherine Parenteau,Max Freeman,-0.0075,0.0512
Jade Rau,Andre Mercado,-0.0056,0.05
Lingwei Kong,Connor Garnett,-0.0033,0.0521
Christine Trifunovic,Braden Jacobson,0.0002,0.0527
Zane Ford,Cleo Bond,-0.0016,0.0519
Caden Nemoff,Kelly Goodnow,0.0044,0.0507
Christopher Crouch,Giovanna Morelli,-0.0069,0.0483
Austin Bricker,Rachel Rettger,0.012,0.0519
Caden Nemoff,Gabriel Joseph,-0.0001,0.0519
Samantha Parker,Wyatt Stone,-0.0001,0.0519
Elsie Hendershot,Darrian Young,0.001,0.049
Rafael Lenhard,Luc Pham,-0.0093,0.0516
Indigo Dagnall,Mota Alhouni,-0.0072,0.0531
Mohaned Alhouni,Donald Young,-0.0045,0.0516
Dekel Bar,Augustus Ge,0.0067,0.049
Jonathan Truong,Michael Loyd,-0.0005,0.051
Julian Arnold,Ivan Jakovljevic,-0.004,0.0522
Patrick Smith,Braden Jacobson,-0.0049,0.05
Aiko Yoshitomi,Cleo Bond,-0.0026,0.0526
Zane Navratil,Clayton Powell,-0.0094,0.0526
Blaine Hovenier,Jaume Martinez Vich,0.0127,0.0518
Lingwei Kong,Lina Padegimaite,-0.0064,0.0517
Keilly Ulery,Jaeda Minniefield,0.0067,0.0514
Xiao Yi Wang-Beckvall,Kiora Kunimoto,0.0254,0.0492
Albie Huang,Lindsey Newman,-0.001,0.0515
Allison Phillips,Audrey Adele Brown,-0.0008,0.0539
Eric Oncins,Tyra Hurricane Black,0.0042,0.0501
Jessie Irvine,Judit Castillo,0.0065,0.0526
Yates Johnson,Kenta Miyoshi,-0.0005,0.0505
Meghan Dizon,Catherine Parenteau,-0.0035,0.0489
Chloe Igleski,Zoeya Khan,0.0017,0.0503
Elsie Hendershot,Kelly Goodnow,-0.0094,0.0507
Keilly Ulery,Mary McGowan,-0.0081,0.0509
Maddy Rasmusen,Anne-Sophie Courteau,-0.0104,0.0526
Jarryd Woog,Hridhay P,-0.0009,0.0538
Tyson Tuiloma-T,Preston Ducrest,0.0035,0.0516
Edward Perez,George Rangelov,-0.0039,0.0522
Camden Chaffin,Anouar Braham,-0.029,0.0533
Kendall Hunt,Elise Fortino,0.0062,0.0545
Eden Malloy,Adela Umannova,0.0027,0.0518
Joseph Evans,Caleb Thompson,-0.0001,0.0529
Chance Myers,Zack Bosshard,0.0045,0.0531
Putri Insani,Yulia Krylova,-0.0004,0.0545
Rachael James,Mehvish Safdar,-0.0011,0.0473
Keri Lu,Helen To,-0.0014,0.0494
James Delgado,Martin Emmrich,0.0029,0.0509
Giorgia Vitale,Jaeda Minniefield,-0.0066,0.0482
Caitlin Klaassen,Ava Ignatowich,0.0007,0.0476
Garrison Eaby,Thomas Romano,-0.0038,0.0506
Cole Whitaker,Tobias Moreno,0.0045,0.0538
Rafa Hewett,Anderson Scarpa,-0.0034,0.0506
Austin Bricker,Juan Varon,0.0124,0.051
Denson H,Heath Helms,0.0034,0.052
Javier De León Albors,Tyler Kane,-0.0005,0.0526
Beatriz Lopez,Estephany Tan,0.0042,0.0551
Hunter Merritt,Garrett Peterson,0.0035,0.0511
Rachida Berjane,Fatyha Berjane,-0.0122,0.0537
Francis Pawloski,Aaron Allen,-0.0036,0.0536
Alex Chanthaphaeng,Carlos Pavon,0.0018,0.051
Monika Wynne,Natalia Simson,0.0051,0.0513
Marcela Aguila Ampon,Olivia McMillan,-0.0016,0.0493
Ashley Lu,Karen Lu,-0.0124,0.0511
Lova Metor,Scott McRee,-0.0023,0.0499
Shailla Alda,Kendall Warren,0.0067,0.0512
Vincent Rettke,Blake Lowe,-0.0002,0.0506
Zach Gonnering,Luke Wasson,0.0066,0.0482
Stanton Long,Maddox G,-0.0039,0.0497
Andre Mercado,Jake Anderson,-0.0141,0.0486
Andrew Phanmanee,Jacob Lee,-0.0044,0.049
Kallan Arledge,Karthik Ganesh,-0.0033,0.0513
Courtenay Leonard,Anna Lenhart,-0.0109,0.051
Caraline Cox,Gabi Dekkers,0.0057,0.0483
Roger Dugas,Emanuel Dickson,-0.013,0.05
Spencer Johnson,Daniel Shepard,-0.004,0.0523
Emma Cook,Emmaline Nichols,-0.0023,0.052
Tristan Cooley,Jonathan Clark,-0.006,0.055
Paul Sin,Troy Huynh Jr,-0.0044,0.0524
Abbie Monski,TJ Rudden,0.0009,0.0505
Marshall Brown,Rachida Berjane,0.0091,0.0521
Rafa Hewett,Nicole Conard,0.0241,0.0499
Colby Hill,Helen To,0.0207,0.0508
Bolaji Kukoyi,Gabi Dekkers,-0.0012,0.0522
Cody Temple,Eden Malloy,-0.0039,0.0509
Putri Insani,Ryan Camras,0.0009,0.0492
Mya Bui,Anouar Braham,-0.0111,0.0548
Courtenay Leonard,Matthew Mead,0.0029,0.0518
Aurora Arvelo,Brooks Toth,-0.0065,0.0512
Alexander Allweil,Caraline Cox,0.0071,0.0529
Alex Chanthaphaeng,Keri Lu,0.0091,0.0498
Lucas Erlikh,Patara Tezduyar,-0.0047,0.0526
Vincent Rettke,Adela Umannova,0.0013,0.0518
Jojo Henderson,Tucker Segars,0.0011,0.0521
Parth Mody,Mary McGowan,-0.0135,0.0494
Ashley Lu,Lova Metor,0.0137,0.0512
Kirsten Myers,Chance Myers,-0.0103,0.0522
Yolena Carlon,Austin Bricker,0.0103,0.049
Emma Cook,Stephen Bass,0.0008,0.0489
Daniel Miron,Keilly Ulery,-0.0048,0.0522
Jake Anderson,Jaeda Minniefield,-0.0104,0.052
Karen Lu,Michael Vallejo,0.0093,0.0524
Beatriz Lopez,Alvaro Regalado,0.007,0.0515
Camden Chaffin,Paula Rives,-0.0247,0.0512
Brianna McCullock,Carlos Pavon,0.0075,0.053
Javier De León Albors,Francesca Marto,0.0082,0.0552
Shailla Alda,Logan Thompson,-0.0029,0.0504
Adaline Machado,Heath Helms,-0.0064,0.0513
Kendall Warren,Jonathan Clark,0.0081,0.0522
Elise Fortino,Miles Hoover,0.012,0.052
Brandon Macdonough,Nancy Suiugan,-0.0027,0.0492
Zach Gonnering,Fatyha Berjane,-0.0069,0.0553
Casey Garretson,Kendall Hunt,-0.0028,0.0505
Aiko Yoshitomi,Eunggwon Kim,0.0067,0.0505
Braylon Ohrel,Christian Lund,0.0022,0.0504
Stephen Bass,Vincent Rettke,-0.0009,0.0511
Tucker Segars,BO Lewis,-0.0017,0.0504
Demetric Marrero Jr,Daniel Miron,-0.0,0.05
Brittni Tonnessen,Austin White,-0.0024,0.05
Anna Lenhart,Ryan Camras,0.0076,0.0492
Ashley Lu,Dale Kim,0.0074,0.0502
Eden Malloy,Jack Boxill,0.001,0.0502
Hong Kit Wong,Kara Wheatley,0.0132,0.0513
Ethan Bakalinsky,Karthik Ganesh,0.0014,0.0485
Jose Martinez,Jake Anderson,-0.0079,0.052
Brie Aldridge,Jake Anderson,-0.0004,0.0484
Parth Mody,Helen To,0.0021,0.05
Dawson Davis,Caroline Maguire,-0.0095,0.0519
Spencer Liang,Preston Gordon,0.0074,0.0496
Keri Lu,Noah Lyu,-0.0008,0.054
Bryson Alexander,Isidora Petkovic,0.0037,0.0501
Andre Mercado,Savanna Ticknor,0.0078,0.0534
Dylan Lewis,Mia Turcsany,-0.0003,0.0502
Nicolas Almeida,Emanuel Dickson,0.0,0.0524
VU Nguyen,Herick Isago,0.0025,0.0532
Tobias Moreno,Michael Shaw,0.0063,0.0498
Benjamin Harper,Benjamin Pepion,-0.0013,0.0543
Frank Solana,Ross Cottrell,0.0006,0.0508
Kentaro Hamaguchi,Noah Waddell,-0.0012,0.0548
Matthew Boyett,Sena Takeyama,0.0001,0.0503
Mike Radermacher,Mouaad Alhouni,-0.0,0.0496
Trevor Schwarzmann,Diego Lebron Perez,0.005,0.0521
Connor McCartney,Bret Berryman,-0.0049,0.0541
Matthew Nesbitt,Andrew Angulo,0.013,0.0507
Jun Jeon,Allen W Wang,0.0059,0.0503
Eduardo Santini Ayon,Maddy Rasmusen,-0.0066,0.0523
Alli Hazrati,Ben Baravik,0.0,0.0545
Chloe Igleski,Shamus Flanagan,-0.012,0.0509
Keri Lu,Masa Grgan,0.0064,0.0529
Morgan Downing,Nicolas Almeida,-0.0004,0.0489
Eduardo Santini Ayon,Jackson Ayotte,-0.0025,0.0493
Mia Yu,Allen W Wang,0.0009,0.0549
Nancy Suiugan,Thomas Provost,0.0025,0.0506
Isabella Nelson,Nicholas Wade,0.0102,0.0497
Reba Williams,Caroline Maguire,0.0011,0.0534
Lucas Sanchez,Eduardo Caillaux,-0.0042,0.0531
Adalynn Lund,Ariana Ajani,0.0018,0.0515
Tammy Kim,Michael Vallejo,0.0021,0.0519
Aibika Kalsarieva,Rafael Lenhard,0.0201,0.0521
Maria Klokotzky,Anne-Sophie Courteau,-0.0011,0.0505
Eileen Wang,Mia Yu,0.0047,0.052
Justin Dages,William Hsieh,0.0034,0.0489
Maria Klokotzky,Eli Steiner,-0.0093,0.0505
Teresa Romero,Logan Thompson,0.0062,0.0498
Regina Goldberg,Nicolas Acevedo,-0.0022,0.0524
Ruben Kellam,Yulia Krylova,-0.0054,0.0513
Nathaniel Veselenak,Pesa Teoni,-0.0054,0.0539
Isabella Nelson,Audrey Banada,-0.0004,0.0536
Lauren Cole,Spencer Liang,-0.0097,0.0502
Preston Gordon,Jack Hared,-0.0119,0.049
Piercarlo Usai,Harrison Gold,-0.0,0.0528
Sam Libo,Tobias Golberg,0.006,0.0552
George Wolf,Jonah Karczmer,0.0007,0.0509
Ariana Ajani,Josiah A,-0.0033,0.0489
Sam Libo,Sonia Purello,-0.0036,0.0516
Emma Cook,Jessica Mason,0.0039,0.0525
Dylan Lewis,Austin White,0.0035,0.0509
Johnny Goldberg,Mota Alhouni,0.0108,0.0529
Ana Gordon,Jack Hared,-0.0015,0.0495
Olga Zavarotnaya,Natalia Simson,-0.0003,0.0511
Alli Hazrati,Eden Malloy,0.0116,0.0518
Haley Ferguson,Domenico Geminiani,0.0032,0.0505
Eva Mitchell,Harrison Gold,-0.0074,0.0527
Casey Garretson,Kristen Van Dernoot,0.0044,0.0521
Rachel Janssen,Fatyha Berjane,0.0023,0.054
Nancy Suiugan,Liza Klyachkin,0.0008,0.0507
Kara Wheatley,Aibika Kalsarieva,-0.014,0.0489
Ana Gordon,Shailla Alda,-0.005,0.0537
Josiah Watje,Dan Nguyen,0.001,0.0539
Thomas Provost,Logan Thompson,-0.0011,0.0507
Rachel Janssen,Mike Radermacher,-0.0052,0.0545
Juan Varon,Karen Lu,-0.003,0.0529
Winston Cannon,Nicholas Howell,0.0038,0.0535
Saurav Santhosh Nair,Karthikeya Jagadish,-0.003,0.0512
James Peng,Eileen Wang,0.0026,0.0502
James Peng,Rahul Datta,-0.0053,0.0518
Kate S,Hanson H,-0.0024,0.0507
Liza Klyachkin,Ross Cottrell,0.0012,0.0485
Haley Ferguson,Maddy Rasmusen,-0.0042,0.052
Samantha Buyckx,Helen To,-0.0024,0.05
Kentaro Hamaguchi,Abigail Okelley,-0.0043,0.0538
Matthew Schiller,Max Davis,-0.0022,0.0499
Josiah A,Edward Kim,-0.0052,0.0523
Layne Sleeth,Victoria Dimuzio,0.0057,0.0524
Ella Cosma,Andrew Caldarella,0.0022,0.0494
Roscoe Bellamy,Connor Garnett,0.0073,0.0508
Roscoe Bellamy,Kiora Kunimoto,0.0006,0.0519
Sahra Dennehy,Tama Shimabukuro,0.0179,0.0499
Daniel Phillips,Cleo Bond,0.0016,0.0513
Zane Navratil,Will Mackinnon,0.0019,0.0501
Rafa Hewett,Nicolas Acevedo,-0.0014,0.0488
Danni-Elle Townsend,CJ Klinger,-0.0041,0.0516
Ava Cavataio,Anouar Braham,-0.0017,0.0512
Luana Stanciu,Chuck Taylor,0.0029,0.0517
Ting Chieh Wei,Camden Chaffin,-0.0012,0.0544
Lingwei Kong,Tyler Loong,0.0038,0.0486
AJ Koller,Martin Emmrich,-0.0034,0.0504
Brooke Buckner,AJ Koller,-0.0039,0.0542
Noe Khlif,Jessie Irvine,0.0004,0.0522
Nicole Conard,Mota Alhouni,-0.0021,0.0514
Aiko Yoshitomi,Estee Widdershoven,0.0059,0.0481
Julian Arnold,Kaitlyn Christian,-0.0016,0.051
Will Mackinnon,Cailyn Campbell,-0.0051,0.0463
Julian Arnold,Yates Johnson,-0.0038,0.0505
Daniel Phillips,Wil Shaffer,-0.0026,0.0519
Allison Phillips,Abbigal Hatton,-0.0066,0.0541
Andrea Koop,Alexander Crum,-0.009,0.051
Hunter Johnson,Meghan Dizon,0.0096,0.0507
Ella Yeh,Collin Johns,-0.0055,0.0538
Victoria Dimuzio,Clayton Powell,0.0024,0.0508
Lacy Schneemann,Jaume Martinez Vich,-0.0075,0.051
Blaine Hovenier,Allyce Jones,-0.0077,0.0512
Pablo Tellez,Giovanna Morelli,0.004,0.0523
Hunter Johnson,Christopher Haworth,-0.0006,0.0493
Jace Morris,Braden Jacobson,-0.0075,0.0505
Tom Protzek,Donald Young,0.0126,0.0524
George Rangelov,Alexander Crum,-0.0038,0.0533
Chloe Igleski,Ella Yeh,-0.0028,0.0531
Xiao Yi Wang-Beckvall,Luc Pham,0.0154,0.052
Genie Bouchard,Patrick Smith,0.0048,0.0525
Kenta Miyoshi,Brooke Caruso,0.0027,0.0463
Michael Loyd,Camden Chaffin,0.001,0.0522
Caden Nemoff,John Cincola,-0.0025,0.0511
Will Howells,Tyra Hurricane Black,-0.005,0.052
Lingwei Kong,Andrea Koop,0.007,0.0528
Audrey Adele Brown,Ava Ignatowich,-0.0058,0.052
Mohaned Alhouni,Patrick Smith,-0.001,0.0518
Matthew Barlow,Ivan Jakovljevic,0.0023,0.0477
Indigo Dagnall,Camila Zilveti,-0.002,0.0512
Tam Trinh,Marshall Brown,-0.0077,0.052
Eric Roddy,Austin Bricker,0.0074,0.0528
Jalina Ingram,Kiora Kunimoto,-0.0063,0.0529
Sahra Dennehy,Danni-Elle Townsend,-0.0144,0.053
Liz Truluck,Mari Humberg,0.0123,0.0519
Cleo Bond,Giovanna Morelli,0.0122,0.0547
Lucy Kovalova,Kaitlyn Christian,-0.0059,0.05
Noe Khlif,Matt Wright,-0.0089,0.0517
Angie Walker,Cailyn Campbell,-0.0044,0.0501
Brooke Buckner,Milan Rane,0.011,0.0485
Ella Cosma,Kelly Goodnow,0.0027,0.0523
Clayton Powell,Will Howells,0.0004,0.0512
Jake Anderson,Ryan Camras,0.0119,0.0499
Jason Weidman,Wesley Burrows,0.0062,0.0524
Ninh Nguyen,Sunny Krittayaweth,0.0096,0.0526
Joshua Spencer Jr.,Justin Chock,-0.006,0.0504
Jase Edwards,Matt Burkhardt,-0.0064,0.0514
Sammy Lee,Mike Radermacher,-0.0086,0.0492
Tyson Tuiloma-T,Beau Covell,-0.0029,0.05
Mayu Omori,Averee Beck,0.0064,0.0496
Crystal Sorem,Jamie Voelker,-0.0024,0.0502
Matthew Gilbert,Blake Suard,-0.0003,0.0533
Tyler Loong,Braden Jacobson,0.0157,0.0496
Cameron Luhring,Rio Newcombe,-0.0047,0.0481
Bruno Barrueto Deza,Eric Diaz,-0.0062,0.0552
Loren Hsiao,Cristobal Del Castillo,-0.0052,0.049
Jackson Ayotte,Andrew Caldarella,0.0009,0.0498
Courtney Clark,Katie Neils,0.0095,0.0507
Austin Hardy,Pesa Teoni,-0.0045,0.0512
Isabella Dunlap,Bella Nelson,0.0101,0.049
Angela Morisette,Melissa Beré,-0.0101,0.0542
Justin Fullmer,Clayton Boydston,-0.0045,0.0501
Alec Weller,Ben McNair,0.007,0.0496
Chase Nuttall,Brian Buzianis,0.0044,0.0509
Bryan Lundberg,Kace Heiner,-0.0049,0.0535
Lizzie McFarland,Alexa Brent,0.0014,0.0504
Journey Barajas,Meggan William,-0.0037,0.0512
Duncan Mulenga Jr.,Russell K,-0.0071,0.0494
Naomi De Hart,Lily Goodwin,-0.001,0.0515
Nicolas Almeida,Chris Turvey,-0.0044,0.051
Alexander Qi,Garrett Whitehead,0.0104,0.056
Lindsey Newman,Chloe Diskin,-0.0058,0.0517
Christine Trifunovic,Anna Lenhart,-0.0038,0.0531
Dillon Hageman,Raymond Velarde,0.0044,0.0507
Kelly Jensen,Mya Barron,-0.0057,0.0536
Aliese Pedro,Sarah Beeston,0.0021,0.0489
Ryder Boydston,Hudson G,-0.0001,0.052
Monika Wynne,Ella Boydston,0.0119,0.0484
V. Mary Rivas,Nina Rhoades,0.005,0.051
Ella Cosma,Allie Davis,-0.0147,0.0523
Gavin Fowler,Payton Weber,-0.004,0.051
Hannah Fife,Wendy Weston,-0.0111,0.0527
Brady Madrid,Jared Brungard,-0.0074,0.0503
V. Mary Rivas,Mike Radermacher,-0.0067,0.0498
Crystal Sorem,Blake Suard,-0.0021,0.0509
Antonio Medina,Mya Barron,0.0005,0.0526
Katie Neils,Kendall Kikkawa,0.0013,0.0507
Hannah Fife,Miles Hoover,0.0098,0.0536
Nicolas Almeida,Olivia Phillips,-0.0036,0.0512
Elizabeth Boydston,Ryder Boydston,-0.0018,0.0511
Cameron Luhring,Chloe Diskin,-0.0126,0.05
Diana Kozenyatko,Justin Fullmer,0.001,0.0525
Isabella Dunlap,Rafael Lenhard,0.0007,0.0483
Andrew Caldarella,Kelly Goodnow,0.0133,0.0503
Brian Buzianis,Naomi De Hart,-0.0072,0.0505
Russell K,Missy Turasky,-0.0076,0.0517
Chuck Taylor,Melissa Beré,0.0076,0.0525
Maddy Rasmusen,Rio Newcombe,-0.0096,0.0507
Ninh Nguyen,Mayu Omori,-0.0022,0.0509
Ella Cosma,Jase Edwards,-0.0083,0.05
Lizzie McFarland,Hudson G,0.0006,0.05
Sarah Beeston,Wesley Burrows,0.0001,0.0528
Daniel Traxler,Emmaline Nichols,-0.0069,0.0513
Journey Barajas,Chris Turvey,-0.0023,0.0505
Liam Duffin,Ella Boydston,-0.0073,0.0483
Payton Weber,Nina Rhoades,-0.0002,0.0531
Duncan Mulenga Jr.,Meggan William,0.0075,0.0482
Alexa Brent,Jared Brungard,-0.001,0.0519
Benson Parry,Angela Morisette,-0.0087,0.0501
Zach Gonnering,Jamie Voelker,0.0102,0.0513
Garrett Whitehead,Lily Goodwin,0.0063,0.051
Maddox Castellanos,Flynn Orton,-0.003,0.0506
Justin Guiltinan,Levi Daniel,0.0001,0.0533
Tuny Betancourt,William Hsieh,0.0012,0.0536
Kento Tamaki,Chase Ora,-0.0016,0.0506
Brodie Smith,Fabian Jacobo,0.0067,0.0543
Jaikin Gomez,Austin White,-0.002,0.051
Cadell Traya,Nathan Tsai,0.0042,0.0511
Kelly Jensen,Austin White,-0.0047,0.0523
Martin Thomas,Melissa Beré,0.0075,0.0523
Callan Dawson,Alex Emery,-0.0094,0.0491
Kelly Jensen,Dayna La Belle,0.0003,0.0503
Mike Radermacher,Angela Morisette,0.0054,0.0533
Levi Daniel,Janaye Sakkas,-0.0128,0.0531
Cade Pierson,Indigo Ciochetti,-0.0035,0.0534
Adelie Osher,Sienna Hitzeman,0.016,0.0546
Wil Shaffer,Mike Radermacher,0.0074,0.0494
Carter Southern,Carl Taibl,-0.0042,0.0527
Bennett Miller,Madalena Flores,-0.0008,0.0519
Thao Tran,Preston Wong,0.0016,0.0518
Carson Nguyen,Dohyun Lee,-0.0018,0.0517
Tyler Roop,Gregorie Vinueza-Daly,-0.0014,0.0514
Bryanna Ojeda,Kento Tamaki,0.0126,0.0484
Tuny Betancourt,Daniella Eisman,0.0006,0.051
E. Elenga Satuala,Rosapale S,0.0025,0.0514
Preston Lynch,Kyle Morris,-0.0028,0.0536
Jessica Bowman,Maddox Castellanos,-0.0056,0.0511
Justin Guiltinan,Tatiana Diaz,-0.003,0.0477
Sam Angelo,Pesa Teoni,0.0104,0.0527
Aaron Li,Yaamunan Venkatesan,-0.0037,0.0525
Matthew Sah,Sunny Krittayaweth,-0.0065,0.0488
Ava Cavataio,Mota Alhouni,0.0002,0.0503
Caden Nemoff,Rachel Rettger,-0.008,0.0517
Andre Mercado,Cori Elliott,-0.0057,0.0548
Caden Nemoff,Yates Johnson,-0.0009,0.0523
Ting Chieh Wei,Kate Fahey,0.0041,0.051
Eric Oncins,Jessie Irvine,0.0008,0.0474
Victoria Dimuzio,Yuta Funemizu,-0.0001,0.0528
Kenta Miyoshi,Olivia McMillan,0.004,0.0532
Jace Morris,Will Mackinnon,0.0096,0.0517
Nicole Conard,Luc Pham,0.0023,0.0516
Naomi Nguyen,AJ Koller,-0.0024,0.051
Isabella Dunlap,Nicolas Acevedo,0.0158,0.0536
Zoey Weil,Michael Loyd,-0.0011,0.047
Christopher Crouch,Mota Alhouni,-0.0084,0.05
Michael Loyd,Luc Pham,0.0045,0.0503
Genie Erokhina,Rafael Lenhard,-0.0085,0.0493
Hong Kit Wong,Aiko Yoshitomi,0.0026,0.0488
Hannah Blatt,Yates Johnson,-0.0032,0.0512
Federico Staksrud,Tina Pisnik,-0.0012,0.0543
Danni-Elle Townsend,Clayton Powell,0.001,0.0516
Adam Harvey,Paula Rives,0.0004,0.0524
Tom Protzek,Rafa Hewett,-0.0025,0.0526
Riley Newman,Connor Garnett,0.0094,0.0501
Layne Sleeth,Isabella Dunlap,-0.0061,0.0481
Christa Gecheva,Albie Huang,0.0063,0.0512
Naomi Nguyen,Cailyn Campbell,-0.0027,0.0476
Ella Yeh,Marcela Aguila Ampon,0.0072,0.0513
Jonathan Truong,Alexa Schull,0.0007,0.0541
Brooke Buckner,Augustus Ge,-0.0033,0.0516
Len Yang,Mya Bui,-0.0078,0.0484
Eric Oncins,Layne Sleeth,0.0152,0.0528
Genie Erokhina,Pablo Tellez,0.0233,0.0496
Layne Sleeth,Lea Jansen,0.0005,0.0481
Genie Erokhina,Mya Bui,-0.0217,0.0497
Tama Shimabukuro,Etta Tuionetoa,0.0139,0.0465
Daniel Phillips,Brandon French,-0.0031,0.0517
Danni-Elle Townsend,Alix Truong,0.0041,0.0489
Andrei Daescu,Alix Truong,0.0188,0.0528
Len Yang,Pablo Tellez,-0.0191,0.0487
Camden Chaffin,Judit Castillo,0.0058,0.0517
JW Johnson,Tyra Hurricane Black,-0.0133,0.0533
Alexa Schull,Judit Castillo,-0.0117,0.0562
Brooke Buckner,Tyra Hurricane Black,0.0051,0.0524
Abbigal Hatton,Brandon French,-0.0113,0.0505
Daniel Phillips,Samantha Parker,-0.0012,0.0493
Jack Sock,Federico Staksrud,-0.0029,0.0493
Tama Shimabukuro,Connor Garnett,-0.0071,0.0493
Ben Johns,Max Freeman,0.0183,0.0513
James Broker,Sanil Jagtiani,0.0007,0.053
Troy Jenike,Paul Davis,-0.001,0.0481
Brian Tober,Anthony Lacqua,0.0047,0.0523
Ram Kotnana,Jack Hared,0.0215,0.0533
William Hart,Andrew Angulo,0.0171,0.0475
Andrea Koop,Lauren Stratman,0.0092,0.0518
Jada Bui,Maria Klokotzky,-0.0125,0.0521
Garrison Eaby,Preston Gordon,-0.0033,0.0514
Adam Yeager,Hudson Yeager,-0.0019,0.0554
Clayton Powell,Anouar Braham,-0.01,0.0509
Garrett Swaney,Riley Durkin,-0.0008,0.0491
Aneesh Kodali,Anudeep Kodali,-0.0092,0.0522
Julian Arnold,Etienne Blaszkewycz,-0.006,0.0513
AJ Carney,Max Carrol,0.0014,0.0521
Austin Keefer,Piyush Mavanur,0.0039,0.0515
Parth Patel,Jay Patel,-0.012,0.0524
Edward Kim,Lucas Pereyra,0.0007,0.0542
Jayce Landheer,DJ Zeiler,0.0025,0.0517
Madelyn Porter,Maya Wilson,-0.0042,0.053
Sarah Carpenter,Kayla Nesbitt,-0.0025,0.0528
Natalia Simson,Luana Stanciu,-0.0032,0.0521
Natalie Kim,Ava Pisacrita,0.0143,0.0524
Jase V,Ethan Varney,-0.0011,0.05
Wade Bryant,Luke Wasson,0.0101,0.0519
Zoeya Khan,Giovanna Morelli,0.0013,0.05
Rachel Summers,Keilly Ulery,0.0074,0.0509
Yolena Carlon,Anna Lenhart,-0.0053,0.0512
Averee Beck,Marcela Aguila Ampon,-0.001,0.0486
Amber Policare,Helen To,0.0082,0.0514
Rafael Kayo,Luis Fernando Myers Martinez,-0.0001,0.0504
Alex Guy,Joshua Giannelli,0.0223,0.0521
Dhanvin Sureshbabbu,Brayden Brown,-0.0065,0.0497
Alex Chanthaphaeng,Bradon Ly,-0.0002,0.0533
Nicholas Dehmer,Ted Holway,0.0008,0.0531
Daniel Weber,Ben Rice,0.0082,0.0518
Pierina Imparato,Mehvish Safdar,-0.0117,0.0553
Rafa Hewett,James Delgado,-0.0079,0.052
Zach Gonnering,Johnny Goldberg,0.0027,0.0517
Emilien Burnel,Blake Suard,0.0088,0.0489
Monika Wynne,Janet Liu,-0.0055,0.0532
Jessica Haywood,Karolina Fleming,-0.0027,0.0507
Regina Goldberg,Carlota Trevino,-0.011,0.0486
Mike Block,Landon Davis,-0.0047,0.0513
Kevin Chen,Sarinreach L,0.0037,0.0529
Andrew Wang,Jayce Fitzpatrick,-0.0015,0.052
Hridhay P,Arsh Bassan,0.0032,0.0528
William Hsieh,Dmitry Ivanenko,-0.0067,0.0516
Wesley Hanson,Wade Heerboth,-0.0128,0.0553
Cc Eleven Sacca,Caroline Maguire,-0.0067,0.0506
Andrew Loftin,Nicolas Almeida,0.0023,0.0512
Jade Rau,Isabella Nelson,-0.0075,0.0491
Caitlin Klaassen,Ashley Griffith,-0.0022,0.0497
Andrew Curtis,Mc Dranreb Africa,-0.0013,0.0526
Nicolas Acevedo,Yuta Funemizu,-0.002,0.049
Harrison Kircher,John Kircher,-0.0072,0.0499
Ella Yeh,Luc Pham,-0.0023,0.0516
Samantha Parker,Darrian Young,-0.0073,0.0509
Ella Yeh,Genie Erokhina,0.0068,0.053
Pablo Tellez,Luc Pham,-0.0057,0.0477
Anna Leigh Waters,Noe Khlif,-0.0048,0.0485
Jorja Johnson,Will Howells,-0.0083,0.0471
Clayton Powell,Estee Widdershoven,0.0333,0.0512
Nicole Conard,Mark Dancuart,0.0015,0.0507
Kayla Nesbitt,Ben Rice,-0.0054,0.0488
Joshua Giannelli,Lauralei Bieger,-0.0103,0.0517
Lauren Stratman,Nicolas Acevedo,0.0029,0.0497
James Broker,Amber Policare,0.0026,0.0525
Samantha Buyckx,Anouar Braham,-0.0038,0.0512
Natalie Kim,Sanil Jagtiani,0.0043,0.0498
Alexander Grubbs,Helena Jansen,-0.0079,0.0516
Kendall Clay,Jack Matistic,-0.0048,0.0512
Matthew Kawamoto,Maria Klokotzky,0.002,0.0518
Natalia Simson,Johnny Goldberg,-0.0022,0.0519
Jessica Haywood,Perry Wang,0.0036,0.0537
AJ Carney,Mackenzie Cassady,-0.0012,0.0484
Kenai Rios,Georgia Pooley,-0.0066,0.0531
Jade Rau,Adam Harvey,-0.0019,0.0497
Joey Campagna,Karolina Fleming,-0.0037,0.0514
Mehvish Safdar,Etienne Blaszkewycz,0.0066,0.0508
Evie Kenna,Dale Kim,0.0012,0.0499
Jarryd Woog,Masa Grgan,-0.0159,0.0527
Andre Mercado,Brie Aldridge,0.0014,0.0517
Sarah Carpenter,Jayce Fitzpatrick,-0.0029,0.0525
Carlota Trevino,Nicholas Wade,0.0157,0.0492
Maya Wilson,Lucas Pereyra,0.0014,0.0497
Braylon Ohrel,Courtney Kendall,-0.0064,0.0516
Madelyn Porter,Nicolas Almeida,0.0079,0.0532
Preston Gordon,Alexa Quintanilla,0.0026,0.0507
Eliana Ling,Andrew Angulo,0.0021,0.0517
Sarah McGee,Alex Cortright,-0.0067,0.0503
Rachael Fitzgerald,Edward Kim,0.0077,0.0516
Nicholas Dehmer,Caroline Maguire,-0.0005,0.0515
Emma Cook,Alex Chanthaphaeng,-0.0093,0.0528
Averee Beck,DJ Zeiler,-0.0065,0.0511
Megan Poe,Selim Ben Ali,0.0013,0.0512
Madison Turosinski,Jayce Landheer,0.0134,0.0522
Casey Garretson,Teresa Romero,-0.0077,0.0533
Caitlin Klaassen,Liam Duffin,0.0095,0.0512
Austin Bricker,Andrea Koop,-0.0068,0.0534
Zoeya Khan,Julian Arnold,-0.0029,0.0526
Camden Chaffin,Alexa Schull,0.0083,0.0511
Elsie Hendershot,John Lucian Goins,-0.0015,0.0542
Alexa Schull,Wyatt Stone,0.0044,0.0502
Tama Shimabukuro,Victoria Dimuzio,-0.0005,0.0521
Jonathan Truong,Judit Castillo,0.0033,0.0512
Daniel Phillips,Darrian Young,-0.0002,0.0505
Jonathan Truong,Camden Chaffin,0.0218,0.0482
Brooke Buckner,JW Johnson,0.03,0.0495
Victoria Dimuzio,Allyce Jones,-0.0038,0.0507
Victoria Dimuzio,Etta Tuionetoa,0.0049,0.0506
Victoria Dimuzio,Connor Garnett,-0.0069,0.0533
Jessie Irvine,Jaume Martinez Vich,-0.0192,0.0515
Isabella Dunlap,Estee Widdershoven,-0.0161,0.0495
Parris Todd,Danni-Elle Townsend,-0.0006,0.052
Blaine Hovenier,Liz Truluck,0.0132,0.0518
Jay Devilliers,Kaitlyn Christian,-0.0158,0.0525
Sahra Dennehy,Anouar Braham,0.0,0.0488
Callie Smith,Liz Truluck,-0.008,0.0521
Zoey Weil,Martina Frantova,0.0211,0.0535
Ting Chieh Wei,Mari Humberg,-0.0084,0.0543
Sahra Dennehy,Emma Nelson,-0.0023,0.052
Michael Loyd,Anouar Braham,0.0029,0.0494
Blaine Hovenier,Roscoe Bellamy,-0.0145,0.0489
Sofia Sewing,Tyson McGuffin,0.0187,0.0525
Connor Mogle,Allison Phillips,-0.0018,0.0488
Ting Chieh Wei,Hunter Johnson,0.0052,0.0484
Sofia Sewing,Tina Pisnik,0.0005,0.0488
Connor Mogle,Brandon French,-0.0049,0.0515
Christopher Crouch,Martina Frantova,0.0008,0.0481
Michael Loyd,Emma Nelson,-0.004,0.0506
Zoey Weil,Cason Campbell,0.0059,0.0501
Zoey Weil,Christopher Crouch,-0.0105,0.0493
Callie Smith,Chao Yi Wang,-0.0214,0.0503
Abbigal Hatton,Darrian Young,0.0086,0.049
Connor Mogle,Samantha Parker,0.0035,0.0503
Sahra Dennehy,Kiora Kunimoto,0.014,0.0506
Connor Mogle,Darrian Young,-0.002,0.0516
Alexander Crum,Judit Castillo,-0.0021,0.0502
Deanna Pham,Janaye Sakkas,0.001,0.0527
Linda Yang,Elizabeth Roy,-0.0061,0.0493
Jason McCrary,Hayden Rand,-0.0022,0.0504
Zach Drost,Dave Bacalla,-0.0135,0.0527
Jacob Becker,Prapav Patel,-0.0046,0.0509
Andre Mercado,Zach Gonnering,-0.0005,0.053
Juan Varon,Jose Martinez,0.0033,0.0491
Ben Baravik,Jerry Huang,-0.0034,0.0514
Dan Nguyen,Yaamunan Venkatesan,0.0012,0.051
Nicolas Lopez,James Singer,0.0001,0.0516
Jillian Niemann,Samantha Morgan,-0.0051,0.0504
Ashley Oluschak,Tiffany Ash,-0.0028,0.0545
Meggan William,Courtenay Leonard,-0.0088,0.0525
Levi Daniel,Martin Thomas,0.013,0.0545
Angel Hernandez,Alex Long,0.0078,0.0533
Daniel Traxler,Jaikin Gomez,0.0106,0.0516
Grayson Brandon,Jace Howard,0.0154,0.054
Caden Nemoff,Maverick Messinger,-0.009,0.0509
Alex Lantz,Claudio Quinones Garcia,-0.0047,0.0522
Rey Bacalla,Gautham Bondugula,0.0004,0.0545
Antonio Medina,TJ Rudden,0.0049,0.0499
Daniel Adsit,Uriah Werner,-0.0032,0.0536
Daniel Byun,Edward Kim,-0.0006,0.0472
Kyle Yates,Eli Steiner,0.0189,0.054
Nicolas Almeida,Jeffrey Moulton,0.006,0.053
Maddy Rasmusen,Jaeda Minniefield,0.0166,0.0482
Noah Hlavac,Kyle Morris,0.0007,0.0537
Naomi Nguyen,Sydney Sonday,-0.0012,0.05
Lucas Coutinho,Kendall Kikkawa,-0.0109,0.0492
Luke Wasson,Matthew Mino,0.0009,0.051
Luke W,Karson Feyereisen,0.0015,0.0515
Frida Mudsam,Tomoko Taniguchi,0.0047,0.0506
Marianna Petrei,Ella Boydston,0.0021,0.0508
Enrique Castillo,Santiago Castillo,-0.0076,0.0517
Jackson Ayotte,Mike Radermacher,-0.0127,0.0507
Dave Conley,Rikk Shimizu,0.0026,0.0547
Alexander Cherman,Eric Levy,-0.0069,0.0496
Ella Yeh,Kelly Goodnow,0.011,0.0507
Dawson Davis,Hudson G,-0.0092,0.0522
Miles Hoover,Troy Akin,-0.0113,0.0531
Noah Ivey,Eric Lewandowski,0.0037,0.0498
Daniel Connell,Keith Gyory,-0.0038,0.0547
Risa Hirano,Wendy Weston,-0.0011,0.0536
Dora Kurdi,Belani Soto,-0.0009,0.0505
Clayton Powell,Yuta Funemizu,-0.0064,0.0509
Christopher Crouch,Cason Campbell,0.0263,0.0528
Chao Yi Wang,Roscoe Bellamy,0.0298,0.0509
Roscoe Bellamy,Braden Jacobson,0.0075,0.0547
Chao Yi Wang,Liz Truluck,0.0103,0.0499
Isabella Dunlap,Yuta Funemizu,-0.0026,0.053
Sahra Dennehy,Michael Loyd,0.0029,0.0529
Emma Nelson,Anouar Braham,-0.0003,0.0487
Alicia Lai,Arnav Duarah,0.027,0.0545
Samantha Morgan,Noah Ivey,0.004,0.0472
Meggan William,TJ Rudden,-0.0132,0.053
Kavya Rachapalli,Matt Ngo,-0.0017,0.0528
Alex Lantz,V. Mary Rivas,-0.001,0.053
Ella Boydston,Dawson Davis,0.0199,0.052
Jaikin Gomez,Kasia Carr,-0.0091,0.0501
Daniel Traxler,Frida Mudsam,0.0003,0.0525
Ella Yeh,Elliott Schupp,-0.0112,0.0519
Nicolas Almeida,Cc Eleven Sacca,-0.0024,0.049
Kay Fischer,Antonio Medina,-0.0044,0.0542
Courtenay Leonard,Kyle Yates,-0.0007,0.0525
Naomi Nguyen,Kyle Koszuta,-0.0091,0.0487
Sydney Sonday,Rio Newcombe,0.0044,0.0508
Alli Hazrati,Maverick Messinger,-0.0026,0.0501
Andre Mercado,Kelly Goodnow,-0.0128,0.0509
Risa Hirano,Ben Baravik,-0.0013,0.0545
Carlota Trevino,Joel Poland,0.0208,0.0504
Dora Kurdi,Noah Hlavac,-0.003,0.0538
Kristin Gobberg,Eric Lewandowski,-0.0073,0.054
Lyn Yuen Choo,Mackonner Dy,-0.002,0.0506
Vincent Rettke,Simone Leonard,-0.0027,0.0492
Belani Soto,Kyle Morris,-0.0022,0.0542
Wendy Weston,Edward Kim,-0.0053,0.049
Elise Fortino,Eli Steiner,0.003,0.05
Katie Neils,Zach Gonnering,-0.001,0.0539
Devon Sikora,Christie Mead,-0.0094,0.0508
Jay Evans,Katie O'Riley,0.0031,0.0531
Bassem Kheireddin,Jessica Ho,-0.0049,0.0508
Len Yang,Genie Erokhina,-0.0048,0.0518
Len Yang,Luc Pham,-0.0027,0.0507
Meghan Dizon,Cailyn Campbell,0.0018,0.0499
Daria Walczak,Alix Truong,0.0065,0.0519
Armaan Bhatia,Meghan Dizon,-0.0027,0.0498
Armaan Bhatia,Will Mackinnon,-0.001,0.0497
Mya Bui,Luc Pham,0.0043,0.0529
Christopher Haworth,Jackie Kawamoto,-0.0003,0.0513
Daria Walczak,Wyatt Stone,-0.0062,0.0498
Christian Alshon,Christopher Haworth,0.0019,0.0494
Rafael Lenhard,Cailyn Campbell,-0.0072,0.0506
Armaan Bhatia,Rafael Lenhard,-0.0002,0.0532
Grayson Goldin,Tina Pisnik,-0.0007,0.0514
Ella Yeh,Mya Bui,0.0085,0.0527
Kate Fahey,John Lucian Goins,-0.0071,0.0513
Liz Truluck,Roscoe Bellamy,-0.0039,0.051
Callie Smith,Blaine Hovenier,0.0007,0.0535
Yates Johnson,Alex Walker,-0.0084,0.0522
Eric Oncins,Nicolas Acevedo,-0.0106,0.049
Andrei Daescu,Judit Castillo,0.0109,0.0518
Keilly Ulery,Jaume Martinez Vich,0.004,0.0495
Aiko Yoshitomi,Darrian Young,-0.0105,0.0504
Albie Huang,Augustus Ge,-0.0069,0.052
Dylan Frazier,Isabella Dunlap,-0.0175,0.0476
Sahra Dennehy,Joseph Wild,0.0066,0.0531
Jessie Irvine,Keilly Ulery,-0.0122,0.0498
Danni-Elle Townsend,Judit Castillo,-0.0107,0.0521
Aiko Yoshitomi,Nicole Conard,-0.0118,0.0494
Brooke Buckner,Albie Huang,-0.016,0.0549
Dylan Frazier,Clayton Powell,0.0277,0.0523
James Delgado,Anouar Braham,-0.0021,0.0472
Lea Jansen,Nicolas Acevedo,-0.0079,0.049
James Delgado,Kiora Kunimoto,0.0066,0.0502
Pablo Tellez,Mya Bui,0.0035,0.049
Donald Young,Jaume Martinez Vich,0.0045,0.0499
Joseph Wild,Anouar Braham,0.0033,0.0519
Donald Young,Keilly Ulery,-0.0053,0.0553
Matthew Barlow,Marcela Aguila Ampon,-0.0047,0.0496
Aiko Yoshitomi,Abbigal Hatton,-0.0043,0.0521
Genie Erokhina,Luc Pham,0.007,0.0523
Michael Loyd,Abbigal Hatton,-0.0025,0.0513
James Delgado,Emma Nelson,0.0056,0.0511
Bruno Barrueto Deza,Cristobal Del Castillo,-0.0065,0.0501
Michael Jenson,Hudson G,0.0078,0.0489
Damon Little,Vincent Rettke,-0.0097,0.0508
Brianna Kemp,Ella Cosma,-0.0029,0.0536
Chuck Taylor,Bryce Larson,0.0021,0.0545
Matthew Mead,Devon Sikora,-0.0024,0.052
Christina Nguyen,Janaye Sakkas,0.0008,0.0502
Armaan Jiwa Mawji,Eli Steiner,0.0197,0.0498
Andrew Caldarella,Garrett Whitehead,0.0068,0.0524
Matthew Finnerty,Yaamunan Venkatesan,-0.006,0.0543
Trevor Machek,Antonio Medina,0.0034,0.0508
Eliel Herminas,Dan Nguyen,0.0066,0.0502
Miles Hoover,Matt Burkhardt,-0.0075,0.0513
Brenton Jolley,Troy Jolley,-0.0115,0.054
Luke Williams,Jase Edwards,-0.0076,0.0504
Tyrel F,Dan Clark,0.0009,0.0544
Mohaned Alhouni,Bruno Faletto,0.0204,0.0501
Alexandra Valenstein,Melissa Beré,-0.0011,0.0503
Jillian Niemann,Maddy Stone-Wheatley,-0.0039,0.0522
Deanna Pham,Stephanie Vogt,0.0178,0.0518
Carlota Trevino,Kelly Goodnow,0.0133,0.0489
Leah J,Cc Eleven Sacca,-0.0062,0.053
David Litvinov,Troy Akin,-0.0068,0.0511
Connor McCartney,Jackson Ayotte,-0.0008,0.0495
Olivia Phillips,Averee Beck,0.0056,0.0532
Bret Berryman,Blake Suard,-0.0035,0.0502
Courtenay Leonard,Diana Kozenyatko,-0.0097,0.0495
Gavin Fowler,Jaxon Madsen,-0.0121,0.0502
Braydon Unsicker,Connor Henning,0.0001,0.051
Michael Loyd,Brandon French,0.0028,0.0512
Nicole Conard,Michael Loyd,-0.01,0.0512
Naomi Nguyen,Rafael Lenhard,-0.008,0.0504
Bruno Faletto,Carlota Trevino,0.0013,0.0506
Zach Gonnering,Stephanie Vogt,-0.0006,0.0515
Jake Anderson,Melissa Beré,0.0067,0.0481
Naomi De Hart,Jaxon Madsen,0.0126,0.0539
Averee Beck,Garrett Whitehead,-0.0094,0.0496
Kendall Warren,Riley Inn,-0.0066,0.0511
Damon Little,Jocelyn Bedoya,-0.0031,0.047
Eduardo Santini Ayon,Jalina Ingram,0.0117,0.0492
Luke Williams,Brianna Kemp,0.0002,0.0503
Parth Mody,Sienna Hitzeman,-0.0142,0.0532
Christine Trifunovic,Matthew Mead,-0.0123,0.0532
Antonio Medina,Diana Kozenyatko,-0.0051,0.05
Alexandra Valenstein,Troy Akin,-0.0087,0.0512
Freddie Powell,Chloe Diskin,0.0059,0.0543
Jillian Niemann,Jackson Ayotte,0.0079,0.0487
Rujira Peaw O'Neill,Diego Diaz Sanchez,-0.0021,0.0539
Victoria Nguyen,Usama Khalid,0.001,0.0531
Yolena Carlon,Nicholas Wade,0.0008,0.0521
Courtenay Leonard,Vincent Rettke,0.013,0.0512
David Litvinov,Adelie Osher,-0.0143,0.0497
Kade Andrus,Sammi Ma,-0.0055,0.0515
Trevor Machek,Mya Barron,-0.0057,0.0505
Monika Wynne,Eli Steiner,0.013,0.0512
Ella Boydston,Andrew Caldarella,0.0018,0.0497
Janaye Sakkas,Dale Kim,-0.0041,0.0538
Chuck Taylor,Olivia Phillips,-0.0049,0.0505
Deanna Pham,Armaan Jiwa Mawji,-0.0113,0.0512
Cc Eleven Sacca,Joel Poland,-0.0149,0.0497
Will Mackinnon,Rafael Lenhard,-0.0318,0.0518
Meghan Dizon,Rafael Lenhard,-0.0012,0.0517
Grayson Goldin,Tyson McGuffin,-0.0009,0.0516
Tama Shimabukuro,Tyler Loong,-0.0132,0.0493
Casey Diamond,Tyson McGuffin,-0.0081,0.0514
Stefan Auvergne,Casey Diamond,0.0002,0.0519
Elsie Hendershot,Hayden Patriquin,0.0065,0.0562
Rika Fujiwara,Clayton Powell,-0.0052,0.0498
Rika Fujiwara,Estee Widdershoven,0.0019,0.0491
Stefan Auvergne,Tina Pisnik,-0.009,0.0506
Eric Oncins,Marcela Aguila Ampon,-0.0012,0.0478
Matthew Barlow,Lea Jansen,-0.005,0.0512
Kaitlyn Christian,Nicolas Acevedo,0.0035,0.0516
Liz Truluck,Clayton Powell,-0.0093,0.0505
Michael Loyd,Kelly Goodnow,-0.0001,0.0507
Naomi Nguyen,Armaan Bhatia,0.0025,0.0499
Zane Navratil,John Lucian Goins,0.0318,0.0521
Ting Chieh Wei,AJ Koller,-0.0108,0.053
Len Yang,Blaine Hovenier,0.0126,0.0489
Abbigal Hatton,Kelly Goodnow,-0.0014,0.0511
Roscoe Bellamy,Clayton Powell,0.0032,0.0499
Danni-Elle Townsend,Augustus Ge,0.0349,0.0497
Ting Chieh Wei,Elsie Hendershot,0.0208,0.0502
Hannah Blatt,Jackie Kawamoto,0.0009,0.0498
Hannah Blatt,Christian Alshon,0.0103,0.0539
Blaine Hovenier,Pablo Tellez,-0.001,0.0526
Casey Diamond,Tina Pisnik,0.0046,0.0512
Chao Yi Wang,Braden Jacobson,0.0068,0.0524
Ting Chieh Wei,John Lucian Goins,-0.013,0.051
Ting Chieh Wei,Jalina Ingram,0.003,0.0534
AJ Koller,John Lucian Goins,0.0079,0.0511
Zoey Weil,Connor Mogle,-0.0119,0.0486
Clayton Powell,Braden Jacobson,-0.0055,0.048
Danni-Elle Townsend,Ivan Jakovljevic,-0.0045,0.0525
Braylon Ohrel,Blake Suard,0.0069,0.0514
William Hsieh,Magnus Violet,-0.0083,0.0523
Gina Li,Eileen Wang,0.0183,0.0511
Monika Wynne,Anna Lenhart,0.0023,0.0503
Ethan Bakalinsky,Dale Kim,-0.0023,0.051
Elliott Schupp,Anderson Scarpa,0.0171,0.0523
Eduardo Santini Ayon,Jace Morris,0.0152,0.0495
Chantal Mabie,Neely Sullivan,-0.0087,0.0494
Mike Radermacher,Usama Khalid,0.0151,0.0509
Justin Simpson,Ashton Bradley,-0.0025,0.0531
Kyle Rinck,Emilien Burnel,0.0028,0.0495
George Rangelov,Daniel Miron,-0.004,0.0521
Matthew Denny,Curtis Hoyt,-0.008,0.0531
Tobias Moreno,David Yahng,0.0032,0.0532
Gonzalo Nunez,Dylan Taylor,0.009,0.0518
Sam Kim,Tristan Dussault,-0.0103,0.0502
Brendan Gallagher,Ethan Hall,0.0062,0.0538
Dan Caticha,Larry Diep,-0.0095,0.0536
Elisha Turner,Aidan Gorneau,-0.0025,0.053
Catrina Coyner,Sabrina Barisano,-0.0066,0.0528
Daniel Weber,Michael Benash,-0.002,0.0496
Heather Kim,Patara Tezduyar,0.0058,0.0504
Connor Duvally,Shay Hugo,0.0166,0.0519
Oscar Serra,Cobi Moore,0.0003,0.0497
Peter Dorward,Ryan Rabidou,0.0013,0.0534
Abby Trieu,Rebekah Kitto,-0.0006,0.052
Vincent Rettke,Bret Berryman,-0.0037,0.0505
Lincoln M,Will Kayal,-0.0032,0.0531
Matthew Finnerty,Francis Chi,-0.0079,0.0519
Sandy Wang,Hannah Shin,-0.0088,0.0527
Sara Remynse,Kendall Warren,-0.0036,0.05
Lani Silversides,Lauren Delong,-0.0115,0.0567
Chantal Van Winkle,Cynthia McPherson,-0.0027,0.053
Dustin Maylath-Bryant,Ian Dube,-0.0001,0.0495
Joshua Wallace,Albin Cehic,-0.0117,0.0548
Jack Dipietro,Adam Lattman,-0.0059,0.0507
Dekel Bar,Casey Diamond,0.0025,0.0498
Zane Navratil,AJ Koller,-0.0096,0.0518
Ella Yeh,Len Yang,0.0032,0.0501
Kendall Warren,David Yahng,0.0038,0.0515
Audrey Banada,Emilien Burnel,0.0033,0.0522
Eileen Wang,Francis Chi,0.0012,0.0489
Edward Perez,Jaeda Minniefield,0.0121,0.0516
Gregory Perkins,Abby Trieu,-0.0083,0.0531
Chantal Mabie,Mike Radermacher,0.0095,0.0491
Ana Gordon,Dylan Taylor,0.0047,0.0517
Garrison Eaby,Sabrina Barisano,0.0081,0.0491
Stevie Petropouleas,Ethan Bakalinsky,-0.0083,0.0529
Tristan Dussault,Andrea Koop,0.0123,0.0519
Sandy Wang,Blake Suard,0.0056,0.0499
Sam Kim,Hannah Shin,0.0073,0.0498
Gina Li,Shay Hugo,-0.0122,0.0522
Zach Gonnering,Brooke Caruso,-0.0211,0.0514
Aidan Gorneau,Crystal Sorem,-0.0063,0.0515
Victoria Nguyen,Preston Gordon,0.0079,0.0498
Rachael Fitzgerald,Ben Herrick,0.0009,0.0526
Elliott Schupp,Audrey Adele Brown,-0.0215,0.0542
Elisha Turner,Catrina Coyner,0.0082,0.0491
Peter Dorward,Chantal Van Winkle,0.0012,0.0516
Ali Evans,Jacky Lau,-0.0034,0.0506
Arielle Butler,Anderson Scarpa,-0.0043,0.0513
Teddy Morin,Erica Johnson,-0.0076,0.0505
Heather Kim,Ethan Hall,-0.0059,0.0483
Jimmy Daher,Patara Tezduyar,-0.0004,0.0511
Mackonner Dy,Ryan Torresin,-0.0076,0.0511
Mari Humberg,Jaume Martinez Vich,-0.0022,0.0503
Daria Walczak,Alexa Schull,0.0285,0.0484
Pablo Tellez,Emma Nelson,-0.0009,0.0528
Jordann Vigna,Rosie Johanson,0.005,0.0516
Ella Cosma,Lauren Mercado,-0.0102,0.0507
Ting Chieh Wei,Zane Navratil,-0.002,0.0533
Katie Morris,Karolina Owczarek,-0.0063,0.0526
Yates Johnson,Federico Staksrud,-0.0051,0.0532
Ben Cawston,Jhonnatan Medina Alvarez,-0.002,0.0505
Ryan Torresin,Rosie Johanson,-0.0046,0.0509
Sarah Burr,Talia Saunders,0.0012,0.0492
Kallan Arledge,Ryan Morneau,0.007,0.0509
Pablo Tellez,Anouar Braham,-0.0083,0.0504
Dylan Frazier,Yuta Funemizu,0.014,0.0512
Ella Cosma,Ryan Morneau,0.0061,0.0514
Mitchell Hargreaves,Talia Saunders,-0.0016,0.0486
Raquel Amaro,Pep Canyadell Fabregas,-0.0038,0.0519
Daria Walczak,Jonathan Truong,-0.0277,0.0534
Lauren Mercado,Kallan Arledge,0.0012,0.0492
Milan Rane,Alex Walker,-0.0062,0.0499
Christopher Haworth,Pesa Teoni,0.0085,0.0494
Raquel Amaro,Karolina Owczarek,-0.0033,0.0509
Zane Ford,Estee Widdershoven,-0.0044,0.0535
Ben Cawston,Katie Morris,0.0243,0.0535
Kyle Hermetz,Ryan Torresin,-0.0012,0.05
Jhonnatan Medina Alvarez,Pep Canyadell Fabregas,-0.0003,0.0529
Jordann Vigna,Ryan Torresin,-0.0003,0.0516
Rosie Johanson,Kim Layton,0.0001,0.0524
Donald Young,Mari Humberg,0.005,0.0525
Sarah Burr,Zachary Grabovic,-0.0061,0.0493
Martina Frantova,Mya Bui,-0.01,0.0527
Connor Mogle,Mya Bui,0.0046,0.0496
Pablo Tellez,Joseph Wild,-0.0139,0.0506
Zoey Weil,Pablo Tellez,0.0133,0.0527
Sahra Dennehy,Zoey Weil,-0.0038,0.0454
Connor Mogle,Martina Frantova,-0.0027,0.0515
Len Yang,James Delgado,0.0024,0.0491
Ella Yeh,James Delgado,-0.0032,0.0548
Ethan Westdorp,Neil Westdorp,0.003,0.0506
Luis Rojas,Casey Markulike,-0.0081,0.0569
Sofia Manzanares,Sable Yrjanson,-0.0023,0.0524
Morgan Downing,Sharienne Ricardo,-0.0071,0.0534
Jemere Plummer,Eli Curls,-0.0033,0.0537
Isabella Dunlap,Lina Padegimaite,0.0129,0.0517
Caroline Maguire,Anna Lenhart,-0.0135,0.0527
Tristan Dussault,Jae Centonze,0.0231,0.0503
Kevin N,Micah Lopez,-0.0097,0.0558
Daniel Miron,Ethan Bakalinsky,0.0123,0.0496
Liz Truluck,Estee Widdershoven,-0.0058,0.0536
Cole Whitaker,Jake Anderson,0.0008,0.0494
Nicole Conard,Mehvish Safdar,-0.0059,0.0493
Nancy Suiugan,Marygrace Rudd,-0.011,0.0516
Ross Whittaker,Wade Heerboth,0.0047,0.0527
Madelyn Porter,Andi Godwin,0.0062,0.0503
Haley Ferguson,Ashley Griffith,-0.0012,0.0511
Yolena Carlon,Luana Stanciu,-0.0031,0.051
Jacob Lee,Tyler Kane,0.0062,0.0526
Lawson D,Connor Gibbs,0.0041,0.0509
Jonas Daehler,Xavier Richard,-0.0003,0.054
James Seagraves,Colby Hill,-0.0112,0.048
Jade Rau,Maddy Rasmusen,0.0152,0.0523
Rachael Fitzgerald,Mikaela Smith,-0.0027,0.0521
Jesse Berkowitz,Riley Durkin,-0.0057,0.0511
Karen Lu,Brittany Yang,0.0079,0.0504
Ashley Lu,Helen To,-0.0084,0.0505
Edward Kim,Usama Khalid,-0.0149,0.0529
Meggan William,Mya Barron,0.0094,0.0517
Sanil Jagtiani,Freddie Powell,0.0036,0.0522
Edward Perez,Jarryd Woog,-0.0002,0.0483
Braylon Ohrel,Francis Chi,0.002,0.0496
Joshua McKinley,Bradon Ly,0.0062,0.0523
Eliana Ling,Hailee Haymore,-0.0113,0.0533
Preston Engel,Alvaro Regalado,0.0069,0.0521
Spencer Liang,Alexa Quintanilla,-0.0014,0.0554
Caraline Cox,Elise Fortino,-0.0006,0.0518
Lauren Stratman,Olivia McMillan,-0.0098,0.0534
Natalie Araya,Lucia Changkuon,-0.0012,0.0507
Blake Goodman,Blake Suard,0.0045,0.0511
Caitlin Klaassen,Mary McGowan,-0.0081,0.0524
Brie Aldridge,Zoe Reavis,-0.0,0.0513
Elyssa Wisner,Francesca Randazzo,-0.0035,0.0486
Giovanna Morelli,Anne-Sophie Courteau,-0.0094,0.0498
Michael Pento,Ashton Patterson,-0.0074,0.0515
Amber Policare,Carlota Trevino,0.0194,0.0508
MJ Greiner,Adair Garcia,0.0074,0.0504
Michael Connors,Preston Ducrest,-0.0067,0.0553
Josh Oakman,Dustin Parks,0.0035,0.0519
Dylan Lewis,George Rangelov,-0.0119,0.0482
Connor McCartney,Mouaad Alhouni,0.0037,0.051
Evan T,Joshua Cornett,0.0007,0.0505
Antonio Medina,Andrew Angulo,-0.0109,0.0508
Eddy Kim,Bret Berryman,-0.0047,0.0497
Courtenay Leonard,Patara Tezduyar,-0.0077,0.0529
Daria Walczak,Michael Loyd,0.0075,0.0505
Yuta Funemizu,Connor Garnett,0.005,0.0558
Caitlin Klaassen,Juan Varon,0.0029,0.0533
Mark Dancuart,Estee Widdershoven,-0.0141,0.0502
Jade Rau,Jae Centonze,0.0059,0.0517
Teresa Romero,Joshua Cornett,0.0016,0.0496
Ahmad El-Zarif,Madalina Grigoriu,-0.0024,0.0503
Rafa Hewett,Isabella Dunlap,-0.0172,0.0502
Maddy Rasmusen,Xavier Richard,0.0098,0.0523
Tammy Kim,Tyler Kane,-0.0065,0.0504
Josh Oakman,Caraline Cox,-0.0019,0.0526
Jenna Vlach,Eli Curls,-0.0051,0.0528
Alexa Brent,Preston Ducrest,0.0012,0.0512
MJ Greiner,Victoria Simon,-0.0094,0.0523
Caroline Maguire,Francis Chi,0.0118,0.0497
Edward Perez,Valerie R Simon,0.0049,0.0485
James Seagraves,Brittany Yang,-0.0004,0.053
Wesley Hanson,Dallas Fahr,0.0009,0.0516
Carlota Trevino,Ryan Torresin,-0.0116,0.0492
Nicole Conard,Anderson Scarpa,-0.0182,0.0525
Liza Klyachkin,Jacob Bradshaw,-0.0052,0.0495
Amber Policare,Daniel De la Rosa,-0.009,0.0519
Braylon Ohrel,Andi Godwin,0.0087,0.0504
Luana Stanciu,Nicholas Wade,-0.0137,0.0516
Garrison Eaby,Alexa Quintanilla,0.0127,0.0513
Freddie Powell,Giovanna Morelli,0.0128,0.0528
Lova Metor,Patara Tezduyar,0.0018,0.0511
Sofia Manzanares,Michael Shaw,-0.0011,0.0476
Courtenay Leonard,Blake Suard,0.0064,0.0524
Jessica Brock,Ethan Aycock,-0.0018,0.0486
Haley Ferguson,Stephen Preissler,-0.0085,0.053
Matvey Radionov,Mikaela Smith,0.0184,0.0523
Rubelle Yoo,Logan Thompson,-0.0024,0.0515
Liam Duffin,Yolena Carlon,0.0023,0.049
Keri Lu,Adair Garcia,-0.0103,0.0511
Jarryd Woog,Rachael Fitzgerald,0.0039,0.051
Dylan Lewis,Sable Yrjanson,0.0027,0.0507
Madelyn Porter,Jay Evans,-0.0045,0.0524
Elise Fortino,Michael Hollings,0.0015,0.0524
Morgan Downing,Kolton Youngblood,-0.0002,0.051
Liz Truluck,Anouar Braham,0.0191,0.0505
Julian Arnold,Olivia McMillan,-0.0065,0.049
Casey Garretson,Lina Romero Alarcon,-0.0085,0.0495
Thomas Provost,Fatyha Berjane,-0.0004,0.0536
Austin Bricker,Anne-Sophie Courteau,0.0024,0.0497
Brendan Gallagher,Katelyn Hilliard,0.0041,0.0532
Estee Widdershoven,Anouar Braham,0.0301,0.0522
Victoria Dimuzio,Tyler Loong,-0.0057,0.0527
Zane Navratil,Emma Nelson,-0.0117,0.051
Anouar Braham,Anderson Scarpa,0.0047,0.0487
Isabella Dunlap,James Delgado,0.0157,0.0473
Ting Chieh Wei,Emma Nelson,0.006,0.0484
Tama Shimabukuro,Allyce Jones,-0.0081,0.0515
Callie Smith,Clayton Powell,-0.0095,0.0522
Sahra Dennehy,Dylan Frazier,-0.0044,0.0501
Elsie Hendershot,AJ Koller,0.0143,0.0509
Stefan Auvergne,Hannah Blatt,-0.005,0.0523
Allison Phillips,Camden Chaffin,-0.0054,0.0515
AJ Koller,Emma Nelson,0.0032,0.0512
Riley Newman,Christopher Haworth,-0.0022,0.0508
Estee Widdershoven,Anderson Scarpa,-0.0116,0.0508
Daria Walczak,Allison Phillips,-0.0086,0.0499
Mireia Rh,Karina Zustakova,-0.0002,0.0516
Anna Marija Bukina,Kristiin Mets,0.0033,0.0514
Tom Protzek,Karolina Owczarek,0.0035,0.0506
Boris Paque,Fruzsina Szeli,0.0057,0.0487
James Ling,Ellie Tomkinson,0.0046,0.0506
Penelope Europa Pagnoncelli,Matteo Eren Enea,-0.0065,0.052
Alex Rosa,Raymond Lawton,-0.0045,0.0517
Gabriele Camasta,Eugenio Fara,0.0003,0.0542
Marina Sicic,Evie Kenna,0.009,0.0521
Veronica Baldi,Antonella Sonda,-0.0038,0.0503
Masa Grgan,Viktoria Kanichova,-0.0001,0.0508
Boris Paque,James Ling,-0.0016,0.0515
Marcela Donatoni,Olivia McMillan,0.0054,0.0516
María Fernández Costantino,Sabrina Mendez Dominguez,0.0066,0.052
Bálint Bakó,Mateusz Matysik,-0.0006,0.0506
Marcela Donatoni,Kym Sze,-0.0027,0.0548
David Palkovský,Karina Zustakova,0.004,0.0495
Blake Goodman,Daniel Miron,0.0038,0.0519
Alessandro Enea,Matteo Eren Enea,-0.0082,0.0519
Daniel Miron,Masa Grgan,-0.0036,0.0519
Mireia Rh,Davide Vendrame,0.002,0.0526
Robinn Sander,Gustaf Geterud II,-0.0042,0.0536
Pep Canyadell Fabregas,Rosen Naydenov,0.0032,0.0521
Hector Sanchez Vidal,Jesus Garcia Garre,0.0069,0.0511
Stefan Grubmueller,Davide Vendrame,0.0012,0.0524
Pedro Antonio Díaz Adrover,David Palkovský,-0.0033,0.0528
Mateusz Matysik,Klara Thell-Lenntorp,0.0074,0.0511
Francesca Rumi,Matteo Cugliari,0.0009,0.0511
Rupf Anna,Fruzsina Szeli,-0.0061,0.0522
Giovanna Mandon,Marina Alcaide,0.0004,0.0508
Dora Kurdi,Chloe Diskin,0.0006,0.05
Francesca Rumi,Klara Thell-Lenntorp,0.0022,0.0531
Claudia Caymel Romero,Katie Morris,0.0015,0.0477
Gustaf Geterud II,Kristiin Mets,-0.0051,0.0534
Gabriele Camasta,Paola Tampieri,0.0037,0.0517
Piercarlo Usai,Marcello Bettinelli,0.0038,0.0501
Demetrio De Vito,Umberto Vivaldi,-0.009,0.0521
Matteo Cugliari,Bastian Grau,-0.0008,0.0496
Alex Serrano Ruano,David Illescas Cases,0.0049,0.0516
Henrikas Traskin,Felix Grunert,0.0037,0.0533
Blake Goodman,Chloe Diskin,-0.0142,0.0536
Jesus Garcia Garre,Sabrina Mendez Dominguez,0.0032,0.051
Cyril Peltier,Mikołaj Biedermann,0.0039,0.052
Francesco Gallo,Lorenzo Lanza,-0.0089,0.051
Stephanie Vennemann-Kohls,Anna-Lena Straub,-0.0075,0.053
Rosen Naydenov,Marina Alcaide,0.0005,0.0544
Filippo Rossetti,Caterina Costantini,-0.0021,0.0527
Teodora Zonich,Bastian Grau,-0.0045,0.0526
Valentina Sudati,Luca Romanelli,0.0039,0.0527
Kristina Jensen,Vittoria De Pasquale,-0.0053,0.0521
Alexandra Zapletalová,Gabriela Leova,-0.0023,0.0518
María Pintor Rodríguez,Clara Contis,0.0064,0.0532
Caroline Nothnagel,Felix Grunert,-0.0,0.0539
Claudia Caymel Romero,Pep Canyadell Fabregas,0.0066,0.0515
Louis Laville,Olivia McMillan,-0.0085,0.0524
Alessia Rossetti,Wojciech (voyteck) Kmiecik,0.002,0.05
Raquel Amaro,Sara Chumillas,0.0107,0.0518
Theo Platel,Evie Kenna,0.0043,0.0498
Myriam Enmer,Cyril Peltier,-0.0014,0.0531
Valentina Sudati,Alessia Rossetti,-0.0077,0.0541
Caroline Nothnagel,Karolina Owczarek,0.0101,0.0527
Kristina Jensen,Piercarlo Usai,0.0062,0.0507
Filippo Rossetti,Luca Romanelli,-0.0049,0.051
Gabriele Silvestri,Wojciech (voyteck) Kmiecik,-0.0029,0.0525
Raquel Amaro,David Illescas Cases,0.0003,0.0515
Bálint Bakó,Marina Sicic,0.0025,0.0526
Armando Ferreira,Viktoria Kanichova,-0.0031,0.0533
María Fernández Costantino,Mikołaj Biedermann,0.0031,0.0511
Hrvoje Radić,Luka Krstanovic,-0.0083,0.0522
Krisztian Kaszoni,Kenneth Suarez,-0.0059,0.0498
Emilien Burnel,Clara Contis,-0.002,0.0479
Andrea Bosi,Alberto Seccia,0.0022,0.0515
Karlo Krstanovic,Marko Lovrinovic,-0.0048,0.0509
Radoslav Petrišin,Gabriela Leova,-0.0003,0.0515
Diana Toia,Rosalba Cucci,-0.0047,0.0509
Natascia Sciolti,Paola Tampieri,-0.0042,0.054
Francesco Inciso,Veronica Baldi,-0.0078,0.053
Hector Sanchez Vidal,Sara Chumillas,-0.0059,0.0505
Carl Vodder,Julie Vodder,-0.0055,0.0542
Armando Ferreira,Kym Sze,0.0087,0.0488
Anna Marija Bukina,Alberto Seccia,0.0014,0.0508
Riku Owari,Zen Yoshida,0.0019,0.0514
Eugenio Fara,Rosalba Cucci,-0.003,0.0489
Lucia Saric,Luka Krstanovic,-0.0036,0.0536
Alexsander Benica,Jonah Edelson,-0.0103,0.0536
Robinn Sander,Diana Toia,-0.0,0.0484
Krisztian Kaszoni,Dora Kurdi,0.0006,0.0535
Giovanna Mandon,Alex Serrano Ruano,-0.0039,0.0528
Callie Smith,Gabriel Joseph,-0.0053,0.0536
Jack Sock,Gregory Dow,-0.0059,0.0509
Catherine Parenteau,Connor Garnett,0.0056,0.0488
Dylan Frazier,Jalina Ingram,-0.0034,0.0502
Aiko Yoshitomi,Wyatt Stone,0.007,0.0527
Lacy Schneemann,Alex Walker,0.0045,0.0503
Abbigal Hatton,Wyatt Stone,-0.0014,0.0503
Federico Staksrud,Will Howells,-0.0009,0.0527
Zoey Weil,Dylan Frazier,-0.0162,0.0525
Noe Khlif,Federico Staksrud,-0.0103,0.0531
Sahra Dennehy,Pablo Tellez,0.0036,0.0526
Nicole Conard,Brandon French,-0.004,0.0519
Circa Luna S,Mila Messinger,-0.0045,0.0512
Alexandra Strange,Cassandra Fryberger,-0.004,0.0486
Juan Varon,Miles Hoover,-0.0086,0.0507
Mohaned Alhouni,Jackson Ayotte,-0.0015,0.0513
Sydney Sonday,Kelly Goodnow,0.0078,0.0502
Kaitlin Tran,Courtenay Leonard,-0.0019,0.0538
Connor Gibbs,Edward Kim,0.0001,0.0575
Matthew Barlow,Eli Steiner,-0.0029,0.0493
Kamyla Held,Melissa Beré,-0.004,0.052
Mylin Lemke,Hannah Pardus,-0.0023,0.0536
Jada Bui,Anne-Sophie Courteau,-0.0036,0.0528
Caroline Maguire,Volly Johnson,-0.0022,0.0517
Cole Wilcox,Austin Romaguera,0.0026,0.0493
Patrik Kevin Tsati-Onla,Brenden Everhart,0.0082,0.0516
Ryder Brown,Francis Chi,0.0126,0.0504
Ben Baravik,Antonio Medina,0.0118,0.0499
Lindsey Newman,Adelie Osher,0.0162,0.0528
Luana Stanciu,Averee Beck,0.014,0.0487
Alexis Hayden,Anna Lenhart,0.0035,0.0527
Julie Azzolina,Lorie Caelwaerts,-0.0104,0.0522
Vritti Sethi,Constanza Gorches,-0.007,0.05
Natalia Simson,Cc Eleven Sacca,-0.0051,0.0545
Dave Weinbach,David George,-0.0006,0.0534
Ross Whittaker,Aanik Lohani,-0.0012,0.0526
Jayce Landheer,Lucas Pereyra,-0.0058,0.0486
Ariana Ajani,Chantal Mabie,0.0035,0.0492
George Bulger,Matthew Mead,0.0145,0.0503
Wendy Weston,Grace Nguyen,0.0039,0.0489
Will Lieberman,TJ Rudden,-0.0012,0.0491
Dylan Unkert,George Wolf,0.0017,0.0499
Lova Metor,Vincent Rettke,0.0017,0.0517
Nisal Liyanage,Tommy Labat,0.0053,0.0518
Monika Wynne,Maya Wilson,-0.002,0.0517
Mouaad Alhouni,Usama Khalid,-0.0013,0.0499
Chuck Taylor,Christopher Anderson,-0.001,0.0564
Andre Mercado,Maverick Messinger,-0.0115,0.0508
Brandon Contratto,Cayden Sprowl,-0.0088,0.0505
William Hsieh,Aditya Ratnala,-0.0035,0.0527
Edward Perez,Zach Gonnering,-0.0096,0.0494
Tanner Petrick,Jason Horychuk,-0.0076,0.0553
Jack Sock,Yates Johnson,-0.0035,0.0517
Gregory Dow,Lina Padegimaite,-0.0104,0.0531
Wendy Weston,Antonio Medina,0.0049,0.0488
Eli Steiner,Allie Reichert,-0.0126,0.0521
Benjamin Huynh,Kaitlin Tran,0.0056,0.0544
Circa Luna S,Francis Chi,0.0104,0.0526
V. Mary Rivas,Tommy Labat,0.0024,0.0511
Joel Cassens,Jamie Voelker,-0.0005,0.0518
Alexis Hayden,Khalijawan Barber,0.0013,0.052
Jillian Niemann,Matthew Mead,-0.0077,0.0544
Andre Mercado,Adelie Osher,-0.0071,0.0514
Sam Weinbach,Hailey Munz,0.002,0.0505
Eduardo Santini Ayon,Kelly Goodnow,-0.0094,0.051
Ross Whittaker,Jayda Maldonado,0.0035,0.0516
Nisal Liyanage,Chantal Mabie,0.0024,0.0523
Sydney Sonday,Nicholas Wade,-0.0023,0.0516
Katie Neils,Jackson Ayotte,-0.0103,0.0495
Ariana Ajani,Ryan Camras,0.0153,0.0531
Mike Radermacher,Nina Rhoades,-0.0039,0.0533
Will Lieberman,Volly Johnson,0.0013,0.0473
Kamyla Held,Brandon Contratto,0.004,0.0501
Jake Anderson,Anna Lenhart,0.002,0.0528
Maverick Messinger,Cc Eleven Sacca,-0.0001,0.0524
Mylin Lemke,Jordan Tacheny,0.0013,0.052
Samantha Morgan,Christopher Anderson,-0.0085,0.0522
Juan Varon,Anne-Sophie Courteau,0.01,0.0546
Eliel Herminas,Kendall Warren,-0.0031,0.0493
Jia Yi Tan,Dan Nguyen,-0.0084,0.0544
Ben Baravik,Grace Nguyen,-0.008,0.0504
Jazz Hearn IV,Zach Gonnering,0.0027,0.0498
Jada Bui,Miles Hoover,-0.0049,0.0534
Edward Kim,Constanza Gorches,0.0056,0.0514
Aanik Lohani,Linda Loch,-0.0101,0.0493
Samantha Parker,Max Freeman,-0.0069,0.0488
Irina Tereschenko,Stefan Auvergne,0.0024,0.0505
Max Freeman,Connor Garnett,-0.002,0.0518
Stefan Auvergne,Christopher Haworth,0.0027,0.0541
Rika Fujiwara,Anouar Braham,0.0085,0.051
Isabella Dunlap,Rika Fujiwara,-0.0002,0.0543
Tamaryn Emmrich,Tina Pisnik,0.0019,0.0547
Samantha Parker,Jade Kawamoto,-0.0006,0.0545
Irina Tereschenko,Hannah Blatt,0.0012,0.051
Michael Massih,Ryan Morris,0.0021,0.0524
Kyle Anderson,Liam Lamb,-0.0018,0.0524
Nicholas Maleganeas,Jason Taylor,0.0053,0.051
Luther Ferris,Matt Carter,-0.002,0.0528
Katerina Valos,Emily Martin,0.0077,0.0534
Deborah Rossi,Olivia Isbey,-0.0008,0.0513
Andy Van der Vyver,Daiki Tanabe,-0.0003,0.0509
Aaron Johnson,Benjamin Beard,0.0008,0.0505
Joseph Wild,Lachy Donnelly,0.0006,0.0495
Kepueli Fitikefu Jr,Pahulu Fitikefu,0.0002,0.0524
Lucas Pascoe,Harrison Brown,0.0105,0.0508
Denver Bannerman,Ben Spotswood,-0.0034,0.0493
Harry Tan,Phi Lam,-0.0077,0.0534
Joshua Carpenter,Wyatt Stone,-0.0073,0.052
Bassem Kheireddin,Jacob Bolkowy,-0.0073,0.0505
David Litvinov,Miles Hoover,0.005,0.0516
Nicholas Wade,Armaan Jiwa Mawji,0.0082,0.0508
Jalina Ingram,Marcela Aguila Ampon,0.003,0.0528
Victor Rodrigo,Wil Shaffer,-0.0085,0.05
Naomi Tran,Janaye Sakkas,0.0037,0.0519
Gregory Zukeran,Conner Koga,0.0093,0.0507
Daniel Price,Brad Eckart,-0.0044,0.0562
Asako Pastrana,Kerrie Tobita,0.013,0.0536
Brandon French,Braden Jacobson,0.0264,0.0509
Luke Williams,William Gardner,-0.0052,0.049
Mari Humberg,Kelly Goodnow,-0.0037,0.0509
Antoaneta Toskova,Maddy Rasmusen,0.0122,0.052
Cassie Postma,Lingzhe X,-0.0011,0.052
Wendy Weston,Courtenay Leonard,-0.0046,0.0505
Alexandra Valenstein,Heather Schallenberger,0.0085,0.0483
Jocelyn Bedoya,Francesca Fakidis,-0.0088,0.0526
Eddie Kang,Vikram Kumar,-0.0045,0.054
Kevin Rushton,Kelly Marks,-0.0073,0.0552
Ant Tran,Luc Pham,0.0011,0.0514
Connor McCartney,Eddy Kim,-0.0067,0.0537
George Bulger,Brenden Everhart,-0.0124,0.0533
Beau Covell,Markal Luckett-Smith,-0.0037,0.0542
Daniel Colon,Andy Lum,-0.0014,0.053
James Yu,Noah Zwiren,0.0078,0.0496
Jennifer Grady,Shayla Molnar,0.0071,0.05
Clayton Truex,Joseluis Herrera,-0.0046,0.0527
Madalina Grigoriu,Nicole Conard,-0.0035,0.0485
Dylan Goldman,Will Mackinnon,0.0079,0.0529
Christine Trifunovic,Averee Beck,-0.0032,0.0507
Casey Garretson,Eli Steiner,0.0104,0.0516
Will Wimbish,Don Alto,0.0078,0.0503
Zach Gonnering,Tyler Loong,0.0005,0.05
Leah J,Naomi De Hart,0.0017,0.0512
Janet Liu,Jaeda Minniefield,0.0033,0.0466
Colby Holcomb,Nate Evensen,-0.0097,0.0537
Junho Son,Raymond Velarde,-0.0046,0.055
Ryder Brown,Blake Goodman,0.0034,0.0528
Chloe Igleski,Lindsey Newman,-0.0079,0.0503
Stephanie Vogt,Isabella Hoang,-0.0033,0.0502
Mackonner Dy,Eugene Mak,0.0062,0.0534
James Krause,Zach Hatzenbeler,0.0035,0.0515
Evan T,Blake Suard,-0.0045,0.0544
Jake Anderson,Troy Akin,-0.0145,0.0516
Tuny Betancourt,Jackson Wurzer,-0.005,0.0515
William Hsieh,Lorin Schlecht,-0.007,0.0569
Takato Watanabe,Johnny Miglino,0.0007,0.0516
Vincent Rettke,Ryan Camras,-0.011,0.0497
Anna Lenhart,Jessica Lyng,-0.0081,0.0511
Maverick Messinger,Jackson Ayotte,-0.0023,0.0519
Geancarlo Nieto,Tommy Shin,-0.0007,0.0503
Brensten Chan,Jensen Kim,0.0067,0.0533
Damon Little,Devon Sikora,-0.0017,0.0546
Darlene Mulkins,Christie Mead,0.0011,0.0501
Riley Hanks,Joy Leising,-0.0078,0.0547
Liam Duffin,Hunter Merritt,0.0003,0.0491
Zoeya Khan,Genie Erokhina,-0.0036,0.0483
Cai Haught,Leah Black,0.0015,0.0525
Martin Stanchev,Edward Kim,0.0047,0.0516
Marisa Ruiz,Giovanna Morelli,-0.0043,0.0462
Garrison Eaby,Bret Berryman,0.0023,0.0514
Alison Bruggeman,Sarah Kaufman,-0.0055,0.0536
Ella Yeh,Chloe Diskin,-0.0114,0.0522
Maddie Elsey,Melissa Beré,-0.0082,0.0516
Elise Fortino,Elissa L,0.0008,0.0515
Jace Morris,Michael Loyd,-0.0033,0.0502
Chuck Taylor,Luke Wasson,-0.0183,0.0563
Rajul Chikkalingaiah,Logan Luc,-0.0002,0.0498
Liam Lamb,Jessica Christie,0.0022,0.0529
Belinda Crane,Michael Massih,-0.001,0.0504
Lucas Pascoe,Selina Turulja,-0.003,0.0468
Aaron Blitz,Emily Martin,0.0007,0.0496
Sahra Dennehy,Somer Dalla-Bona,0.0103,0.0519
Jason Taylor,Bernadette Massih,-0.0072,0.0508
Katerina Valos,Daiki Tanabe,0.0004,0.0522
Belinda Crane,Chelsea Olditch,-0.0083,0.0542
Joseph Wild,Andie Dikosavljevic,-0.0005,0.0506
Andy Van der Vyver,Chelsea Olditch,0.0051,0.0533
Kaitlynn Hart,Bernadette Massih,-0.0068,0.0504
Crystal Mildwaters,Tayah Cross,-0.0031,0.0517
Aaron Blitz,Stefan Djordjic,-0.0021,0.0482
Sarah Burr,Aria Henare,0.0013,0.0545
Indiana Heather-Pereira,Irie Heather-Pereira,-0.0029,0.0517
Aria Henare,Lachy Donnelly,-0.0008,0.0508
Indiana Heather-Pereira,Luther Ferris,0.0,0.0515
Ryan Morris,Grace Sorbello,-0.0031,0.0494
Rebecca Labbett,Katie Weibler,-0.0016,0.0529
Conor Robertshawe,Tayah Cross,0.0106,0.0503
James Krause,Darlene Mulkins,-0.0057,0.0521
Wendy Weston,Devon Sikora,0.0022,0.0487
Courtenay Leonard,Luke Wasson,0.0048,0.0506
Samantha Morgan,Beau Covell,-0.0015,0.0513
Maddy Rasmusen,Miles Hoover,-0.0044,0.053
Kyle Koszuta,Hailee Haymore,-0.0064,0.0505
Lingzhe X,Jacob Bolkowy,0.0158,0.0485
Maria Klokotzky,Nicholas Wade,0.0027,0.0514
Maddie Elsey,Joseluis Herrera,0.0088,0.0541
Pesa Teoni,Chloe Diskin,0.0157,0.0531
Martin Stanchev,Marcela Aguila Ampon,0.0032,0.0504
Elliott Schupp,Kiora Kunimoto,0.0006,0.0495
Junie C,Kevin Rushton,-0.0031,0.0528
Kerrie Tobita,Conner Koga,-0.0116,0.0498
Antoaneta Toskova,Armaan Jiwa Mawji,-0.0163,0.0513
Jace Morris,Kelly Goodnow,-0.0088,0.0528
Circa Luna S,Jace Howard,-0.0037,0.05
Matt Burkhardt,Adelie Osher,-0.0002,0.0515
Daniel Byun,Stephanie Vogt,-0.0029,0.0519
Riley Hanks,Ryan Camras,0.0038,0.0498
Ella Cosma,Noah Zwiren,0.0152,0.0533
Leah Black,Andy Lum,0.0011,0.0545
Gregory Zukeran,Sari Kwee,-0.0094,0.0513
Jalina Ingram,Joel Poland,-0.019,0.0515
Chloe Igleski,Eduardo Santini Ayon,0.0137,0.0512
Chuck Taylor,Heather Schallenberger,-0.0087,0.0531
Cassie Postma,Andrew Angulo,-0.0011,0.0498
Marisa Ruiz,Juan Varon,0.0119,0.0506
Kailas Shekar,Nicole Conard,-0.0112,0.0489
Cade Edwards,Luana Stanciu,0.023,0.0519
Jase Edwards,Anna Lenhart,-0.0076,0.0518
Frida Mudsam,Eli Steiner,0.0025,0.051
Christa Gecheva,Michael Loyd,0.001,0.0483
Madalina Grigoriu,Jake Anderson,-0.0018,0.0492
Andre Mercado,Cc Eleven Sacca,0.011,0.0497
Chotika Wannachinda,Logan Luc,0.0036,0.0501
Jensen Kim,Shayla Molnar,-0.0082,0.0501
Don Alto,Isabella Hoang,-0.0035,0.0533
Averee Beck,Riley Inn,-0.0104,0.0526
Asako Pastrana,Tuny Betancourt,-0.0,0.0541
Eileen Tran,Bassem Kheireddin,-0.0085,0.0529
Ella Yeh,Braden Jacobson,0.01,0.0489
Kristen Nichols,Ben Bishop,-0.0073,0.05
Billy Buchhauser,Alison Bruggeman,0.0037,0.0517
Justin Guiltinan,Naomi Tran,0.007,0.0506
Will Mackinnon,Giovanna Morelli,-0.0001,0.0501
Ryder Brown,Melissa Beré,0.0005,0.0539
Roanne Velarde,Raymond Velarde,-0.0012,0.0515
Janet Liu,Usama Khalid,-0.0119,0.0517
Sarah Kaufman,William Gardner,0.0024,0.0528
Jillian Niemann,Vincent Rettke,-0.0011,0.0499
Brensten Chan,Jennifer Grady,-0.0081,0.0524
Francesca Fakidis,Jacob Dubas,0.0015,0.0499
Mackonner Dy,Elise Fortino,-0.001,0.0514
Somer Dalla-Bona,Zachary Grabovic,0.0023,0.0507
Deborah Rossi,Jose Delgado,-0.0031,0.0547
Sahra Dennehy,Mitchell Hargreaves,0.0021,0.0496
Aaron Johnson,Millie Smythe,0.0016,0.0535
Kaitlynn Hart,Harrison Brown,0.009,0.0519
Oliver Novic,Irie Heather-Pereira,-0.0017,0.0508
Julian Haig,Rahil Kassam,-0.0013,0.0519
Jordann Vigna,Sophia Racine,-0.0083,0.0533
Ivan Jakovljevic,James Delgado,0.0045,0.0524
Maverick Messinger,Rio Newcombe,0.0068,0.0505
Andre Mercado,Rafael Lenhard,0.0193,0.0528
Will Mackinnon,Matt Burkhardt,0.0025,0.0515
Kyle Koszuta,Gregory Dow,-0.001,0.0503
Ryan Skufca,Jose Martinez,0.0023,0.0508
Christopher Ross,Jeremy Comazzetto,0.0026,0.0466
Maddy Rasmusen,Kelly Goodnow,-0.0015,0.0484
Eugene Mak,Tommy McLeod,-0.0044,0.0521
Ryan Torresin,Martin Emmrich,-0.013,0.0512
Levi Daniel,David Litvinov,0.0022,0.0505
Lingzhe X,Arisha Ladhani,-0.0042,0.0536
Jalina Ingram,Mya Bui,0.0125,0.0538
Mackonner Dy,Miles Hoover,-0.0036,0.0504
Devon Sikora,Ben Bishop,-0.0006,0.053
Jesse Elliott,Michael McCaffrey,-0.0001,0.0526
Jaleesa Johnston,Ava Weeks,0.0033,0.0504
Isabella Dunlap,Judit Castillo,0.003,0.0528
Christine Trifunovic,Tamaryn Emmrich,-0.0041,0.0538
Lindsey Newman,Gregory Dow,-0.0116,0.0519
Sophia Racine,Michael McCaffrey,0.003,0.0495
Ella Cosma,Mackonner Dy,0.0078,0.051
James Delgado,Anne-Sophie Courteau,0.009,0.0507
Arisha Ladhani,Jesse Elliott,-0.0007,0.0495
Kyle Koszuta,Alex Walker,0.0123,0.0532
Armaan Jiwa Mawji,Jaeda Minniefield,0.0013,0.0489
Lena Spence,Matt Burkhardt,-0.0132,0.048
Rahil Kassam,Iny Yu,-0.0105,0.0526
Maddy Rasmusen,Eli Steiner,-0.0063,0.053
Jacob Bolkowy,Ava Weeks,-0.0041,0.0536
Lingzhe X,Eugene Mak,-0.0051,0.0504
Mya Bui,Ryan Torresin,0.0056,0.0493
Michelle Lui,Riley Inn,-0.0065,0.0524
Jordann Vigna,Munroe Durie Pedersen,0.0034,0.0493
Maria Klokotzky,Miles Hoover,0.0151,0.0557
Levi Daniel,Naomi Tran,-0.0144,0.0523
Isabella Dunlap,Will Mackinnon,0.0084,0.0492
Kailas Shekar,Kelly Goodnow,0.0045,0.0504
Maricel Rose Cape,Mike Martin,-0.0072,0.0507
Julian Haig,Yee Nham,-0.0063,0.0505
Blake Culbert,Sierra Burns,-0.005,0.0528
Savanna Ticknor,David Litvinov,0.0037,0.0509
Wade Heerboth,Eli Steiner,0.0047,0.0498
Frank Welsher Iii,Edward Kim,0.0089,0.0488
Tennessee P,James Wolf,-0.0054,0.0496
Stavya Bhasin,Ammol Ramchandani,-0.0009,0.0517
Alex Guy,Sanil Jagtiani,-0.0136,0.0517
Sebastian S,Ryland M,-0.0053,0.0539
Kentaro Hamaguchi,Donald Young,-0.0004,0.049
Ashley Griffith,Keilly Ulery,-0.0163,0.0517
Carlo Ares,Blake Hardesty,0.0017,0.0539
Yolena Carlon,Haley Ferguson,-0.0003,0.0503
V. Mary Rivas,Chantal Mabie,0.0035,0.0529
Ewa Radzikowska,Jaeda Minniefield,0.0085,0.0519
Naomi Nguyen,Kiora Kunimoto,0.0246,0.0512
Christa Gecheva,Lauren Stratman,0.0031,0.0512
Thomas Provost,Aubin Duchier,-0.0032,0.0557
Jay Buxton,Scott McRee,-0.003,0.0509
Cade Edwards,Blake Goodman,0.0034,0.0503
Aryaan Bhatia,Vincent Rettke,0.0047,0.0507
Matt Ngo,Yaamunan Venkatesan,-0.005,0.0517
Jade Rau,Lindsey Newman,-0.0099,0.054
Frances Altick,Kendall Warren,0.0052,0.0484
Jackson Ayotte,Ethan Bakalinsky,-0.0021,0.0509
Maverick Messinger,Francis Chi,0.007,0.0484
Aidan Gorneau,Brayden Nguyen,-0.0016,0.0492
Jake Anderson,Daniel Miron,-0.0029,0.0505
Mateo Mejia,Hanson H,-0.0027,0.0521
Andrew Loftin,Dylan Lewis,-0.0005,0.0534
Eileen Wang,Mary McGowan,-0.0038,0.0539
Jessica Haywood,Spencer Liang,0.0081,0.0502
Dayana Fahey,Mikaela Smith,-0.0013,0.055
Giovanna Morelli,Olivia McMillan,-0.0099,0.051
Lincoln M,Brendan Gallagher,0.0023,0.0495
Tristan Dussault,Joshua Elliott,-0.0168,0.0508
Rafa Hewett,Jae Centonze,0.0003,0.0503
Aditya Suresh,Sumit Sharma,-0.0036,0.052
Jalina Ingram,Mehvish Safdar,0.0044,0.0521
Kate S,Alexa Smith,0.0009,0.0517
Connor McCartney,Zach Gonnering,0.0127,0.0535
Justin Guiltinan,Will Wimbish,-0.0033,0.0514
Jessica Warren,Alexa Quintanilla,0.0066,0.0506
Krishna Rao,Bryce Johnson,-0.003,0.0508
Madalina Grigoriu,Helen To,-0.0097,0.0519
Christian Franke,Brian Johnson,-0.0079,0.0509
Abbigal Hatton,Allie Reichert,-0.0007,0.054
Claudia Birthisel,Kiki Onyeagocha,-0.0045,0.0554
Maddy Rasmusen,Masa Grgan,-0.0077,0.0496
Joshua Giannelli,Anderson Scarpa,-0.0019,0.0534
David Creswell,Derek Ferrer,0.0036,0.053
Emma Cook,Kayla Nesbitt,-0.0065,0.0521
Will Lieberman,Hunter Bassett,0.0054,0.0509
Andrew Phanmanee,Alan Toleu,-0.0045,0.0488
John L,Jason Ma,-0.0017,0.0499
Tim McMahon,Joshua Reason,-0.0086,0.0528
Joshua McKinley,Samuel Wells,-0.0064,0.0532
Morgan Downing,Kristen Van Dernoot,-0.0002,0.048
Z Malvern,George Wolf,-0.0073,0.05
Julian Arnold,Mehvish Safdar,-0.0108,0.0511
Morgan Downing,Emanuel Dickson,0.0117,0.0493
Yates Johnson,Olivia McMillan,0.0122,0.0536
Cade Edwards,Maddy Rasmusen,-0.016,0.0535
Tristan Dussault,Alexa Quintanilla,-0.0007,0.0523
Madelyn Porter,Dylan Lewis,0.0025,0.0495
Joshua Giannelli,Karen Lu,0.006,0.0525
Masa Grgan,Ryan Camras,0.0156,0.0499
Joel Poland,Kelly Goodnow,0.0203,0.0481
Jarryd Woog,Jessica Haywood,0.0015,0.0484
Anna Lenhart,Francis Chi,-0.0044,0.0512
Mike Radermacher,Eileen Wang,-0.0066,0.0501
Andrew Loftin,Allie Reichert,0.0009,0.0493
Wesley Hanson,Spencer Liang,0.0139,0.0505
Leo Castillo Jr.,Alyssa C,-0.0023,0.052
Braylon Ohrel,Mary McGowan,-0.0059,0.0511
Juan Varon,Giorgia Vitale,-0.0058,0.0499
Andi Godwin,Michael Shaw,-0.0003,0.0525
Abigail Okelley,Will Wimbish,0.006,0.0526
Mohaned Alhouni,Nicole Conard,0.0008,0.0519
Keilly Ulery,Ethan Bakalinsky,0.0012,0.0511
Caroline Maguire,James Wolf,0.0041,0.0519
Kendall Warren,Matt Burkhardt,-0.0018,0.05
Ewa Radzikowska,Zach Gonnering,-0.0002,0.0545
Helena Jansen,Anouar Braham,0.0104,0.0519
Jalina Ingram,Donald Young,-0.0092,0.0504
Brandon French,Jaeda Minniefield,-0.0131,0.0504
Eduardo Santini Ayon,Helen To,-0.0039,0.0539
Stephen Preissler,Mikaela Smith,-0.0061,0.0538
Weston Spence,Jessica Ho,-0.0027,0.0523
Frank Welsher Iii,Kayla Nesbitt,0.0038,0.0501
Christa Gecheva,John Lucian Goins,-0.0107,0.05
Abbigal Hatton,Braden Jacobson,-0.0112,0.0533
Haley Ferguson,Edward Kim,0.003,0.0517
Jackson Ayotte,Chantal Mabie,-0.0031,0.0523
Frances Altick,Carlo Ares,-0.0037,0.0539
Casey Garretson,Alexa Smith,-0.0061,0.0502
Kristen Van Dernoot,Blake Hardesty,-0.0041,0.0519
Indigo Dagnall,Ella Yeh,0.0067,0.0483
V. Mary Rivas,Matt Ngo,-0.0059,0.0534
Lauren Stratman,James Delgado,-0.0065,0.0486
Austin Bricker,Miles Hoover,0.0026,0.051
Naomi Nguyen,Matthew Barlow,0.0089,0.0496
Sophie Abrams,Mary McGowan,0.0165,0.0524
Keilly Ulery,Miles Hoover,-0.0064,0.0504
Andrew Wang,Perry Wang,0.0133,0.0497
Jarryd Woog,Zach Gonnering,0.0057,0.0559
George Wolf,Ryland M,0.0036,0.0562
Edward Perez,Brooke Caruso,0.0057,0.0523
Saurav Santhosh Nair,Patience Okpe,-0.0039,0.0525
Joshua Giannelli,Spencer Liang,0.0028,0.053
Juan Varon,Madalina Grigoriu,0.0082,0.053
Jayson Harris,Alexa Smith,0.0055,0.0517
Joshua Giannelli,Daniel Miron,-0.0065,0.0529
Ella Cosma,Cason Campbell,-0.0064,0.048
Caroline Maguire,Ryan Camras,-0.0001,0.0519
Michael I,Justin Dages,-0.01,0.0514
Ava Cavataio,Yates Johnson,0.0046,0.0491
Haley Ferguson,Audrey Banada,-0.0073,0.0513
Brie Aldridge,Hailee Haymore,-0.0016,0.0515
Indigo Dagnall,Luana Stanciu,-0.0084,0.0516
Ram Kotnana,Demetric Marrero Jr,0.0068,0.0499
Saurav Santhosh Nair,Jasper Ou,0.0056,0.0513
Eileen Tran,Mike Radermacher,-0.0044,0.0521
Haley Ferguson,Demetric Marrero Jr,-0.0055,0.053
