p1_name,p2_name,chem_logit_mean,chem_logit_sd
Jillian Braverman,Jaume Martinez Vich,0.0045,0.0503
Kent Hunter,Kenadi Hance,0.0049,0.0508
Alec Weller,Luke Ness,0.0041,0.0504
Sergey Afanasenka,William Stults,-0.0056,0.0485
Roman Estareja,Aron Ouye,-0.0049,0.0503
Chase Ora,Jesse Knight,0.0025,0.0509
Benjamin Bramblett,Chase Mason,-0.0008,0.053
Phuc Huynh,Marcel Chan,-0.0068,0.053
Erik Pailet,Cierra Gaytan-Leach,0.0057,0.0507
Ryan Skufca,Elizabeth Skufca,0.0005,0.0487
Cason Campbell,Tucker Mueck,-0.0019,0.048
Benjamin Grant,Ryan Diaz,0.0086,0.0496
Nick Black,Kevin Pham,0.0011,0.0516
Alex Emery,Ernesto Russo,-0.0033,0.0517
Walter Lau,Kyle McMakin,0.0046,0.0491
Stephen Madonia,Grayson Goldin,0.0052,0.0496
Julie Rodriguez,Alex Emery,0.0002,0.0511
Tim Ryan,Nancy Tsai,-0.0052,0.0492
Matthew Marceau,Malia K Lum,0.0046,0.0523
Jessica Mason,Chase Mason,-0.0049,0.0489
Cassidy Hoag,Anderson Scarpa,0.0352,0.0501
Lingwei Kong,Blaine Hovenier,-0.0073,0.054
Caden Nemoff,Pierina Imparato,-0.0012,0.0539
Christine Maddox,James Bragg,0.0011,0.0526
Ethan Violette,Ammar Wazir,0.0011,0.0485
Michael Loyd,Brooke Revuelta,0.0127,0.0505
Aron Ouye,Camila Garcia Wright,0.001,0.0544
Patrick Kawka,Lauren Mercado,0.017,0.051
Jake Davis,Jeffrey Tolman,-0.0003,0.0512
Anders Jansson,Chiron Burl,-0.0068,0.0534
Blaine Hovenier,Matthew Marceau,-0.0028,0.0507
Jerome Jayapal,Jonathan Williams,-0.0015,0.0495
Blake Potter,Ivana King,0.004,0.0508
Luke Ness,Michelle Murphy,0.009,0.0505
Madison Wold,Jake Presser,0.0055,0.0496
Yates Johnson,Vivian Glozman,-0.0028,0.0529
Katerina Stewart,Cason Campbell,0.0118,0.0526
Jericho Grollman,Harrison Gold,0.0127,0.0511
Tatiana Ruhl,Jonny Pickleball Andrews,-0.002,0.0512
Sabrina Guillebeaux,Chase Holderman,0.0006,0.0528
Kevin Dayan,Warren Tamanaha,0.0063,0.0511
Cade Erickson,Vincent Van Patten,-0.0014,0.0493
Kent Hunter,Matthew Mead,-0.0034,0.0512
Angel Hernandez,David Horn,0.0001,0.052
Jackson Ayotte,Rio Newcombe,-0.0069,0.051
Matthew Mead,Ali Welch,-0.0068,0.0514
Gino Valencia,Dionne Lim,0.0018,0.0525
Clemens Graute,Ekaterina Biakina,0.0046,0.0498
Gabrielle Boudreau,Rio Newcombe,-0.0022,0.0506
Stefan Svicevic,Mario Figueredo,-0.005,0.0521
David Hall,Christopher Williams,-0.004,0.0516
Troy Akin,Bryan Hammond,0.0061,0.0524
Claudio Quinones Garcia,Iker Tomas,-0.0033,0.0499
Mason Fung,Ryan Ali,0.0064,0.0539
Chase Holderman,Christopher Haworth,0.0042,0.05
Dean Loock,Danny Derry,-0.0029,0.0513
Max Green,Cambell Nakayama,0.0011,0.0517
Cori Elliott,Benjamin Grant,-0.0011,0.0511
Ryan Eveloff,Amanda Rosati,-0.0044,0.0531
Nicole Eugenio,Wesley Burrows,0.0204,0.0542
Mike Anderson,Marcela Aguila Ampon,-0.0054,0.0496
Kevin Dayan,Trang Huynh,-0.0055,0.0511
Jason Gregory,Christopher Welch,0.0003,0.0496
Liz Truluck,Casey Diamond,-0.0041,0.0525
Claudia Stepien,Chiron Burl,-0.0005,0.0528
Naveen Beasley,Sharienne Ricardo,0.0006,0.0505
Shea Donahue,Mario Figueredo,0.0033,0.0515
Jaume Martinez Vich,Wyatt Stone,0.0037,0.053
Yates Johnson,Hunter Johnson,-0.0153,0.0488
Spartak Rahachou,Louie Payetta,-0.0009,0.0527
Camila Garcia Wright,Marcela Aguila Ampon,-0.0037,0.0525
Pamela Montez,Claudia Stepien,0.0058,0.0514
Nicole Eugenio,Cori Elliott,0.0005,0.0516
Lyndsay Kinstler,Michelle Murphy,-0.0013,0.0509
Parris Todd,Hunter Johnson,0.029,0.0466
Camila Zilveti,Ivan Jakovljevic,-0.0018,0.0522
Jonny Pickleball Andrews,Ryan Sherry,-0.0109,0.0518
Eric Roddy,Jason McNulty,0.009,0.0511
Cierra Gaytan-Leach,Olivia McMillan,-0.0014,0.0502
Christine Trifunovic,Kaitlyn Christian,0.0063,0.052
Sabrina Guillebeaux,Tatiana Ruhl,0.0084,0.0526
Lingwei Kong,Ekaterina Biakina,-0.0025,0.0483
Erik Lange,Lina Padegimaite,-0.0056,0.0499
Madeline Schulte,Patrick Smith,-0.0145,0.0543
Rafa Hewett,Ava Ignatowich,-0.005,0.0497
Chao Yi Wang,Eric Roddy,-0.004,0.0486
Dominique Schaefer,Wyatt Stone,-0.0009,0.0511
Genie Erokhina,Martin Emmrich,0.0021,0.0528
Allison Phillips,Chuck Taylor,-0.0049,0.0498
Naveen Beasley,Elliot Markowitz,0.0102,0.0521
Mohaned Alhouni,Mota Alhouni,-0.002,0.0491
Patrick Kawka,Michael Loyd,0.0051,0.0498
Alvaro Terron,Donald Young,0.0066,0.0499
Mary Brascia,Gabriel Tardio,-0.0077,0.0523
Quang Duong,Pesa Teoni,-0.0055,0.052
Lauren Mercado,Brooke Revuelta,-0.0122,0.0514
Malia K Lum,Trang Huynh,0.0183,0.0525
Brandon French,Anderson Scarpa,-0.0044,0.0532
Pablo Tellez,Etta Tuionetoa,-0.0081,0.0499
Tamaryn Emmrich,Daniel De la Rosa,0.025,0.0469
Brooke Buckner,Collin Johns,-0.0075,0.0506
Maggie Brascia,Hayden Patriquin,0.0003,0.0492
Alex Neumann,Aanik Lohani,-0.0053,0.0489
Erik Pailet,Derek Shearer,0.002,0.0518
Rachel Rohrabacher,Federico Staksrud,-0.0206,0.045
Genie Bouchard,Tyler Loong,-0.0021,0.0505
Liz Truluck,Pierina Imparato,0.0043,0.0474
Craig Johnson,Augustus Ge,0.0026,0.0509
Angie Walker,Alex Walker,0.0153,0.0449
Katerina Stewart,Ava Ignatowich,-0.0134,0.0509
Collin Shick,Rachel Rettger,0.0484,0.0535
Allison Phillips,Dominique Schaefer,-0.0076,0.0527
Jessica Mason,Ali Welch,0.0049,0.0498
Brandon French,Olivia McMillan,-0.0109,0.0525
Callan Dawson,Judit Castillo,-0.0068,0.0525
Quang Duong,Christine Trifunovic,0.0047,0.0496
Ewa Radzikowska,Judit Castillo,0.0171,0.048
Domenika Turkovic,Amanda Rosati,-0.0207,0.0531
Daniel De la Rosa,Martin Emmrich,0.0092,0.0451
Caden Nemoff,Dave Weinbach,-0.0088,0.0492
Brittany Minna,Ivana King,0.0002,0.05
Angie Walker,Donald Young,0.0179,0.0534
Ivan Jakovljevic,Steve Deakin,0.0088,0.049
Leigh Waters,Christian Alshon,0.0053,0.0525
Sam Querrey,Kaitlyn Christian,0.0115,0.0546
Todd Fought,Tyler Loong,-0.0082,0.0551
Steve Deakin,Alex Walker,0.0132,0.0467
Travis Rettenmaier,Roscoe Bellamy,0.0164,0.0499
Daniel Jensen,Grant Bond,-0.0058,0.0537
Mike Anderson,Rob Cassidy,0.0051,0.0515
Gabriel Joseph,Ryan Eveloff,0.0017,0.0531
Sam Querrey,Wesley Burrows,-0.0308,0.05
Camila Zilveti,Rachel Rettger,-0.0207,0.0497
Luke Wasson,Drake Palm,-0.0109,0.0505
Jade Kawamoto,Darrian Young,-0.0086,0.0506
Zack Taylor,Casey Diamond,-0.001,0.0509
Madeline Schulte,Dionne Lim,0.0021,0.0501
AJ Koller,Chuck Taylor,-0.0078,0.0491
Parris Todd,Vivian Glozman,-0.0125,0.0515
Callie Smith,Jay Devilliers,0.0001,0.0435
James Ignatowich,Anna Bright,0.0184,0.0494
Andrei Daescu,Lea Jansen,0.0077,0.0516
Mary Brascia,Maggie Brascia,-0.001,0.0475
Travis Rettenmaier,Lacy Schneemann,-0.0176,0.0498
Tamaryn Emmrich,Genie Erokhina,-0.0083,0.0519
Brooke Buckner,Lina Padegimaite,-0.0067,0.0505
Lucy Kovalova,Matt Wright,-0.0018,0.0467
Julian Arnold,Lauren Stratman,0.0214,0.0469
Jack Sock,Catherine Parenteau,0.0157,0.0476
Dekel Bar,Tina Pisnik,-0.001,0.0443
Callan Dawson,Hayden Patriquin,0.0099,0.0483
Thomas Wilson,Vivienne David,0.0485,0.0532
Jorja Johnson,JW Johnson,-0.0277,0.0444
Jack Sock,Collin Shick,-0.0205,0.0483
Chao Yi Wang,Genie Bouchard,-0.0134,0.0495
Rafa Hewett,Connor Garnett,-0.0004,0.0512
Riley Newman,Jackie Kawamoto,-0.0022,0.0463
Dylan Frazier,Tyra Hurricane Black,-0.033,0.0493
Allyce Jones,Connor Garnett,0.0349,0.047
Meghan Dizon,Tyson McGuffin,-0.0034,0.0511
Jorja Johnson,Tina Pisnik,0.0136,0.0499
Phillip Locklear,Spencer Smith,-0.0056,0.052
Andrei Daescu,Gabriel Tardio,-0.0186,0.0448
Christine Maddox,Jillian Braverman,0.0181,0.0501
Anna Leigh Waters,Ben Johns,-0.051,0.043
Riley Newman,Thomas Wilson,0.0052,0.0489
Julian Arnold,Christian Alshon,-0.0011,0.0519
Collin Johns,Ben Johns,0.0975,0.0528
Lacy Schneemann,Vivienne David,0.0076,0.0507
Jade Kawamoto,Jackie Kawamoto,0.0512,0.0487
Lea Jansen,Tyra Hurricane Black,0.0007,0.0536
Pablo Tellez,Federico Staksrud,-0.0115,0.0491
Matt Wright,James Ignatowich,0.0221,0.0496
Rachel Rohrabacher,Anna Bright,0.0327,0.0476
Lauren Stratman,Allyce Jones,0.0181,0.0508
Anna Leigh Waters,Catherine Parenteau,0.0209,0.0481
Dylan Frazier,JW Johnson,0.0292,0.0456
Callie Smith,Lucy Kovalova,0.0209,0.0504
Dekel Bar,Tyson McGuffin,-0.0148,0.0443
Etta Tuionetoa,Meghan Dizon,0.0153,0.0446
Jay Devilliers,Patrick Smith,0.0162,0.0486
Tanner Crandall,Brendon Swazo,-0.0088,0.0516
Pally Ray,Tony Larson,0.0023,0.0497
Kyle Chittenden,Christian Harkins,-0.0078,0.0507
Samrat Nalla,Sam Young,-0.005,0.0519
Kailas Shekar,Riley Inn,0.0039,0.0485
Chance Finley,Christian Nowtash,-0.0049,0.051
Jeffrey Stone Jr.,Bret Berryman,-0.0001,0.0494
Jonas Valdez,Ross Mathews,-0.0003,0.0548
Joey Nassos,Russell Martinez,-0.0006,0.0534
Chas Howard,Nicholas Wade,-0.0017,0.051
Alex Fillat Perez,Stavro Sophocleous,-0.0031,0.0501
Ryan Fu,Tanner Tomassi,-0.0104,0.0523
Zach Gonnering,Christopher Anderson,-0.0022,0.0538
Ryan Lucci,Daniel Gonzalez,-0.0044,0.0512
Nate Gross,Nick Tomaino,-0.0026,0.0539
Trevor Machek,Adrian Garza,0.0094,0.0522
Claudio Quinones Garcia,Christopher Haworth,0.0066,0.0503
Thatcher Schwendiman,Clayton Boydston,0.0144,0.0527
Austin Oreilly,Adrian Garza,0.0008,0.0545
Rumesh Vaikuntan,Andrew Wang,0.0009,0.0502
Daniel Byun,Harrison Yee,0.0058,0.049
Chuck Tang,Jake Kuhlman,-0.0074,0.053
Clayton Powell,Elijah Bertram,-0.0077,0.0509
Tavon Morrow,Evgeniy Kim,0.0119,0.0509
Flynn Kantzalis Orton,Matthew Mead,0.0072,0.0529
Nick Black,Logan Rosenbach,0.0081,0.0487
Joel Ticknor,Kale Klein,0.0061,0.0549
Matthew Fisher,Erik Josephs,-0.0024,0.0499
David Litvinov,Benjamin Grant,-0.0,0.0499
Garrett Blair,Paul Maple,-0.0033,0.0506
Sam Angelo,Devon Farnsworth,0.0046,0.052
Jack Goldberg,Dave Musgrave,-0.0098,0.0502
Andre Millet,Luke Ness,-0.0118,0.0523
Matthew Stith,Andre Feliz,0.0003,0.0509
Darren Ho,Matthew Nola,-0.0011,0.0516
Walter Lau,Aron Ouye,0.0014,0.0508
Pablo Copetti,Agustin Crochi Torres,-0.0029,0.0533
Marcel Chan,Amanda Rosati,0.0123,0.0514
Cori Elliott,Bryce Larson,-0.0017,0.0506
Jessica Mason,Clayton Powell,-0.0124,0.0518
Sally Clement,Michael Stephens,-0.0081,0.0486
Mary Brascia,Erik Lange,0.0008,0.0515
Rob Cassidy,Camila Garcia Wright,0.0068,0.05
Chas Howard,Mary Monson,-0.001,0.0552
Louie Payetta,Malia K Lum,-0.003,0.0532
Madeline Schulte,Tavon Morrow,0.003,0.0507
Carlota Trevino,Benjamin Grant,-0.0066,0.0513
AJ Koller,Lacy Schneemann,-0.0087,0.0492
Nicola Slater,Rio Newcombe,-0.0006,0.05
Jessica Wilcox,Jackson Ayotte,0.0228,0.0523
Thatcher Schwendiman,Brenna Murray,0.0073,0.0499
Miranda Mizera,Peyton Mizera,-0.0082,0.0529
Caden Nemoff,Daria Walczak,-0.0029,0.0521
Dorothy Zerbst,Will Jamieson,0.0024,0.0518
Samrat Nalla,Nora Tan,-0.0024,0.0539
Allison Phillips,John Cincola,-0.0045,0.0502
Courtney McIntosh,Walter Lau,0.0085,0.0513
Ella Boydston,Clayton Boydston,-0.022,0.0521
Chloe Igleski,Joel Ticknor,-0.0026,0.0512
Monica Piekarski,Etienne Blaszkewycz,0.0014,0.0519
Rachael James,Johnny Goldberg,-0.005,0.0502
Belinda Gamez,Christopher Anderson,0.0015,0.0516
Lingwei Kong,Wyatt Stone,-0.0122,0.0521
Chao Yi Wang,Chuck Taylor,0.0035,0.0502
David Litvinov,Alexis Nelson,0.0049,0.0521
David Hall,Lauren Wong,-0.0085,0.05
Jeremy Swisher,Kimberly Burbank,-0.006,0.0533
Christian Alshon,Catherine Parenteau,0.0078,0.0438
Lina Padegimaite,CJ Klinger,0.005,0.052
Lea Jansen,Jack Munro,-0.0033,0.0538
Christine Maddox,Tyler Loong,-0.0243,0.0535
Drake Palm,Marcela Aguila Ampon,-0.0009,0.0529
Mari Humberg,Martin Emmrich,-0.0032,0.0482
Zane Navratil,Andrea Koop,0.0007,0.0503
Kaitlyn Christian,Wesley Burrows,-0.0023,0.0517
Callan Dawson,Emilia Schmidt,0.0008,0.0484
Christine Trifunovic,Brandon French,0.0054,0.0496
Dana Raugust,Daniel Jensen,-0.005,0.05
Craig Johnson,Audrey Adele Brown,-0.0086,0.0514
Ashlee Candelaria,Ryan Finley,0.005,0.0505
Nicole Eugenio,Blaine Hovenier,0.0017,0.0543
Court Zalinski,Austin Oreilly,-0.007,0.0513
Zach Gonnering,Lucah Folden,0.0136,0.0524
Nico Valencia,Dionne Lim,-0.0067,0.052
Paige Miles,Keith Read,0.0161,0.0508
Patrick Kawka,Salome Devidze,0.0084,0.0487
Ross Whittaker,Pierina Imparato,-0.0074,0.0542
Casey Diamond,Ava Ignatowich,-0.0031,0.0504
Liz Truluck,Aanik Lohani,-0.005,0.0498
Augustus Ge,Tyra Hurricane Black,0.0462,0.0476
Rafa Hewett,Jade Kawamoto,-0.0027,0.0526
Reyna Ash,Luke Ness,0.0025,0.0513
Allison Chuang,Ryan Gilbert,-0.0008,0.0498
Kailas Shekar,Joana Stark,-0.0058,0.0506
Amanda Jarrett,Jeffrey Stone Jr.,-0.0041,0.0498
Matthew Mead,Madeline Saunders,0.0058,0.0506
Averee Beck,Logan Rosenbach,-0.0008,0.0518
Nate Gross,Brooklyn Tolentino,-0.0003,0.0504
Samantha Parker,Jonny Pickleball Andrews,0.0075,0.0475
Susannah Barr,Spencer Smith,0.0063,0.052
Alexis Saucerman,Jake Kuhlman,-0.002,0.0506
Kristin Vogel,Ryan Eveloff,0.0001,0.0498
Dalia Garza,Sam Angelo,-0.0048,0.0497
Samantha Goldenhersh,Nicholas Wade,-0.0037,0.0516
Cassidy Hoag,Brooke Revuelta,0.0062,0.0496
Nora Tan,Joana Stark,-0.0032,0.0507
Jay Devilliers,Ben Newell,0.0082,0.0532
Erik Pailet,Jericho Grollman,-0.015,0.0491
Noah Zwiren,Elliot Markowitz,-0.003,0.0508
Johnny Goldberg,Will Howells,0.0063,0.0525
Lea Jansen,Susannah Barr,0.0054,0.0513
Nicola Slater,Monica Piekarski,-0.0038,0.0528
Roscoe Bellamy,Wesley Burrows,0.0022,0.047
Tamaryn Emmrich,Mari Humberg,-0.0076,0.0506
Marshall Brown,Anderson Scarpa,-0.0024,0.0539
Jackson Ayotte,Daniel Jensen,0.0132,0.0519
David Hall,Bryce Larson,-0.0045,0.0508
Gabriel Joseph,Will Jamieson,0.0052,0.0513
Blaine Hovenier,Ryan Eveloff,-0.0053,0.0487
Caden Nemoff,Rob Cassidy,-0.0009,0.0502
Averee Beck,Cloe Murillo,0.0011,0.0525
Reyna Ash,Dana Raugust,0.0114,0.0504
Carlota Trevino,Lucah Folden,0.0031,0.0528
Jaume Martinez Vich,CJ Klinger,-0.0048,0.0509
Ernie Garcia,Cooper Fratt,-0.0001,0.052
Eric Gilbert,Ryan Gilbert,0.0009,0.0518
Dominique Canale,Sienna Susko,-0.009,0.0502
Louie Payetta,Rob Hutchins,-0.0044,0.0508
Mario Barrientos,Jose Farias,0.0018,0.0529
Chloe Igleski,Ella Boydston,-0.009,0.049
Rachael James,Jessica Wilcox,0.0008,0.0534
Daria Walczak,Marcela Aguila Ampon,0.0069,0.0491
Danielle Taufa,Samantha Parker,0.0023,0.0537
Alexis Saucerman,Jessica Mason,0.0078,0.0515
Jonny Pickleball Andrews,Keith Read,0.0182,0.0534
Lauren Wong,Brenna Murray,-0.0106,0.0526
Andrea Koop,Tina Pisnik,-0.0119,0.0513
Nicole Eugenio,Malia K Lum,-0.0008,0.051
Zane Navratil,Erik Lange,0.0158,0.0502
Ashlee Candelaria,Audrey Adele Brown,0.0005,0.049
Courtney McIntosh,Camila Garcia Wright,0.0035,0.0519
Pesa Teoni,Etienne Blaszkewycz,0.0002,0.0504
Allison Phillips,Paige Miles,-0.0005,0.0523
Eric Roddy,Aanik Lohani,0.0122,0.0502
Lingwei Kong,Ava Ignatowich,-0.0039,0.0514
Brandon French,Donald Young,-0.005,0.0526
Adrian Legarreta,Rio Newcombe,-0.0037,0.0524
Sarah Pham,Sarah Hua,-0.0076,0.0512
Samantha Goldenhersh,Cori Elliott,0.0021,0.0564
Ross Whittaker,Casey Diamond,-0.0185,0.0519
Dorothy Zerbst,Madeline Saunders,-0.0048,0.0521
Allison Chuang,Alexis Nelson,0.0112,0.0516
John Cincola,Wyatt Stone,0.0071,0.0532
Mary Monson,Deserea Dunn,0.003,0.0511
Kenadi Hance,Emilia Schmidt,0.0015,0.0509
Ernesto Russo,Sarah Ansboury,-0.0029,0.0513
Daria Walczak,Craig Johnson,0.0006,0.0513
Joshua Reason,Zak Parks,0.0174,0.0497
John Macauley,Kallan Arledge,-0.0061,0.0508
Cami Blake,Robert Baylon,0.0067,0.0518
Jalen Fuhriman,Justin Fullmer,-0.0035,0.0492
Garrett Blair,Dalton Robinson,0.0025,0.0513
Michael Parra,Chris Chakkaw,-0.0002,0.0501
Madeline Schulte,Drake Palm,0.0018,0.0495
Chloe Igleski,Thatcher Schwendiman,-0.0033,0.0487
Dalia Garza,Pesa Teoni,0.0049,0.0531
Sabrina Guillebeaux,Quan Do,-0.0101,0.0503
Megan Fudge,Martin Emmrich,0.0183,0.0519
Tatiana Ruhl,Claudio Quinones Garcia,0.0041,0.051
Benjamin Bramblett,Domenika Turkovic,0.0043,0.05
Rachael James,Erik Forsythe,0.008,0.0512
Cassidy Hoag,Darrian Young,0.0003,0.0502
Quan Do,Ryan Gilbert,0.0046,0.05
Nick Black,Jordan Bridge,-0.0092,0.0531
Zaen Affleck,Gregorie Vinueza-Daly,0.0012,0.0484
Alex Fillat Perez,Adrian Legarreta,0.0082,0.0523
Koa Pagaoa,Bryan Castanon,-0.0071,0.0515
Santhosh Narayanan,Noah Zwiren,-0.0032,0.0511
Kace Heiner,Tyler Holbrook,0.0009,0.0508
Jessica Mason,Lucah Folden,-0.0009,0.0505
Bobbi Oshiro,Milan Rane,0.0091,0.0482
Elizabeth Skufca,Victoria Yu,0.0003,0.05
Max Green,Robert Baylon,-0.003,0.0493
Ivy Tschetter,Emma Nelson,-0.0006,0.0489
Audrey Adele Brown,Zachary Grabovic,0.0191,0.0492
Ewa Radzikowska,Todd Fought,-0.004,0.0478
Wesley Miller,Jack Marsh,0.0027,0.0531
Chase Ora,Farzin Amiri,-0.0031,0.0524
Daria Walczak,Christa Gecheva,0.0069,0.0488
Polina Libo,Amanda Jarrett,0.0047,0.0519
Ashlee Candelaria,Marcela Aguila Ampon,0.0098,0.0504
Dalia Garza,Iulia Marcenco,-0.0021,0.0514
Zachary Grabovic,Evgeniy Kim,-0.0017,0.0511
Jace Morris,Wil Shaffer,0.0013,0.049
Nathan Matthews,Mariano Yeh,0.0005,0.0525
Michael Erho,Andy Cusick,-0.0081,0.0502
William Gardner,Rio Newcombe,0.0043,0.0514
Jared Call,Jeffrey Moulton,-0.0027,0.0527
Jake Denstone,Daniel Schwartz,0.0005,0.0516
Chas Howard,Benjamin Grant,0.0049,0.0509
Brandon French,Judit Castillo,-0.0066,0.0505
Carolina Mayorga-Perry,Phillip Locklear,0.0045,0.0505
Christa Gecheva,Augustus Ge,-0.0035,0.0503
Tony Larson,Manny Pasricha,0.0033,0.0492
Audrey Adele Brown,Tatiana Ruhl,-0.0182,0.0499
Angela Berry,Shea Donahue,0.0009,0.0509
Claudio Quinones Garcia,Juan Benitez,-0.0022,0.0498
Jalina Ingram,Kale Klein,-0.0062,0.0537
Walter Lau,Angela Berry,-0.0054,0.0496
David Hall,Clayton Boydston,0.0145,0.0526
Nick Werner,Nolan Wolgamott,0.0021,0.0513
Thatcher Schwendiman,Bryce Larson,-0.0123,0.0506
Lucah Folden,Clayton Powell,0.0003,0.0494
Camila Zilveti,Kasia Carr,0.0042,0.0501
Brenna Murray,Bryce Larson,0.0092,0.0488
Savanna Watts,Louis Wegner,-0.0067,0.05
Cloe Murillo,Evgeniy Kim,0.0043,0.0503
Nebojsa Buha,Pally Ray,-0.002,0.0504
Joshua Cooperman,Nicolas Gallego,0.0035,0.0525
Lauren Mercado,Casey Diamond,0.0069,0.0521
Caden Nemoff,Ivy Tschetter,-0.0019,0.052
Court Zalinski,Jonny Pickleball Andrews,-0.0089,0.05
Maximo Agoglia,Adrian Garza,0.0003,0.0517
Mota Alhouni,Marcela Aguila Ampon,-0.009,0.0536
Ashlee Candelaria,Rio Newcombe,0.0026,0.0518
Austin Oreilly,Kasia Carr,-0.0005,0.0513
Cami Blake,Cloe Murillo,-0.0052,0.0501
Domenika Turkovic,Dionne Lim,0.0013,0.0521
Walter Lau,Mouaad Alhouni,-0.0058,0.0504
Genie Erokhina,Anderson Scarpa,-0.0071,0.0474
Carolina Mayorga-Perry,Dana Raugust,-0.0068,0.0476
Josh Jenkins,Erik Forsythe,-0.0035,0.0504
Ryan Gilbert,Dionne Lim,0.0197,0.0526
Rob Hutchins,Daniel McAuley,0.0069,0.0499
Joseph Rotheram,Jeffrey Stone Jr.,-0.0008,0.0531
Matt Burkhardt,Mac Young,-0.0079,0.0526
Alexandre Gauthier,Cason Campbell,-0.0026,0.052
Madeline Schulte,Sabrina Guillebeaux,0.0037,0.0518
Maddy Rasmusen,Benjamin Grant,-0.0002,0.0499
Rob Cassidy,Pierina Imparato,-0.0088,0.0504
Ross Whittaker,Mari Humberg,0.008,0.0516
Pally Ray,Auburn Smith,-0.0029,0.0536
Beau Martin,Jay Riding,-0.0089,0.054
Izaak Gonzalez,Stetson Owensby,-0.0036,0.05
Joey Nassos,Joey Lutostanski,-0.0049,0.05
Joshua Reason,Shea Donahue,-0.0006,0.0523
Jordan Betts,Cambell Nakayama,-0.001,0.0525
Dominique Schaefer,Rachel Rettger,0.002,0.0517
Brenna Murray,Maddy Rasmusen,-0.0109,0.0514
Quang Duong,Lingwei Kong,-0.0053,0.0513
Erik Pailet,Drake Palm,0.0026,0.0521
Marshall Brown,Donald Young,-0.0047,0.0493
Austin Oreilly,Ryan Sherry,0.0012,0.0531
Genie Bouchard,Gregory Dow,-0.0025,0.0531
Chuck Taylor,Mario Barrientos,0.0083,0.0497
Michael Loyd,Pesa Teoni,0.0039,0.0487
Kristopher Heddings,Dave Weinbach,0.0065,0.0504
Bobbi Oshiro,Wyatt Stone,0.013,0.0489
Christine Trifunovic,Marshall Brown,0.0048,0.0488
Mari Humberg,Jorja Johnson,0.0067,0.0479
Joel Cassens,Mota Alhouni,-0.001,0.0516
Warren Tamanaha,Yaamunan Venkatesan,-0.014,0.0511
Liz Truluck,Wesley Burrows,0.0001,0.053
Jalina Ingram,Melissa Ferger,-0.002,0.052
Rafa Hewett,Tyra Hurricane Black,0.0026,0.0507
Tam Trinh,Luke Wasson,-0.006,0.0523
Phillip Locklear,Steve Deakin,-0.0066,0.0498
Ryan Sherry,Ava Ignatowich,0.0056,0.0516
Ivan Jakovljevic,Brandon French,-0.0009,0.0479
Mohaned Alhouni,Sammy Lee,0.0146,0.0491
Clayton Powell,Tyler Hong,0.0164,0.0512
Gabriel Joseph,Jericho Grollman,-0.0056,0.0522
Milan Rane,Patrick Smith,-0.0012,0.0524
Genie Erokhina,Sarah Ansboury,0.0011,0.0498
Gregory Dow,Anderson Scarpa,0.0012,0.0474
Callan Dawson,Dominique Schaefer,-0.0036,0.0527
Gabriel Joseph,Camila Zilveti,0.0064,0.05
Jade Kawamoto,Federico Staksrud,0.0028,0.0477
Spencer Smith,Olivia McMillan,0.0098,0.0512
Quang Duong,Tyler Loong,-0.0021,0.0516
Tamaryn Emmrich,Olivia McMillan,-0.0065,0.0496
Zane Navratil,Allison Phillips,-0.0007,0.0497
Darrian Young,Connor Garnett,0.0069,0.051
Megan Fudge,Allyce Jones,-0.0031,0.0516
Jessie Irvine,Tina Pisnik,0.0105,0.0492
Parris Todd,Tyra Hurricane Black,0.0435,0.0468
Julian Arnold,Jack Munro,0.0057,0.0518
Spencer Smith,Wyatt Stone,0.0014,0.0528
Rafa Hewett,Todd Fought,-0.006,0.0528
Christian Alshon,Jessie Irvine,0.0018,0.0472
Zane Navratil,Christian Alshon,0.0039,0.0515
Irina Tereschenko,Lacy Schneemann,0.0048,0.0521
AJ Koller,Travis Rettenmaier,-0.0076,0.0503
Vivienne David,Anna Bright,-0.0028,0.0508
Lea Jansen,Lauren Stratman,-0.0083,0.0549
Joel Cassens,Jose Gomez,0.0003,0.0512
Lawrence Kasay,David Dutrieuille,-0.0064,0.0552
Holden Ross,Alex Unger,0.0003,0.0525
Cameron Drummond,Jacob Rude,-0.0051,0.0496
Brenton Brakke,Bryant Brakke,-0.0111,0.0497
Jordan Bridge,Andrew Anh Pham,0.0082,0.05
David Zumwalt,Zach Gonnering,-0.0077,0.0535
Beau Martin,Daniel Howard,0.009,0.0532
Marquis Christenson,Sandeep Sharma,-0.0077,0.0499
Maximo Agoglia,Hao Nguyen,0.0009,0.0519
Gorka Sanchez,Alex Lantz,0.0039,0.0526
Jordan Betts,Chase Blocker,-0.0055,0.0503
Emir Hamzic,Matthew Krakowski,0.0036,0.0506
John Macauley,Matt Haugdahl,0.0082,0.0503
Kevin Daniel,Varun Iyer,-0.0031,0.0518
Thomas Bruchu,Bennett Sell,-0.0058,0.0517
Jeremy Thompson,Alex Grausnick,-0.003,0.0548
Dave Bacalla,Jeffrey Moulton,0.0074,0.0513
Jennifer Tavernier,Mouaad Alhouni,0.0019,0.0514
Amrik Donkena,Niltooli Wilkins,-0.0005,0.0531
Sydney Donkena,Jose Gomez,-0.0013,0.0505
Tyler Loong,Lina Padegimaite,0.0091,0.0488
Gorka Sanchez,Katie Fagan,0.0023,0.0491
Ivan Jakovljevic,Ava Ignatowich,0.0016,0.05
Collin Johns,Anna Bright,0.0011,0.0531
Daniel Jensen,Helen To,0.0024,0.0507
Kyle Goodburn,V. Mary Rivas,0.0028,0.0499
Emily Stumpf,Neil Mediratta,0.0009,0.051
Ivy Tschetter,Luke Wasson,0.0075,0.0484
Jamie Haas,Pesa Teoni,-0.0072,0.0501
Jamie Voelker,Zak Parks,-0.0073,0.0496
Rafa Hewett,Parris Todd,0.0062,0.0515
Cason Campbell,Madalina Grigoriu,0.0029,0.0505
Alex Lantz,Emma Nelson,0.0054,0.0533
Blaine Hovenier,Audrey Adele Brown,0.0016,0.0506
Allison Phillips,Darrian Young,-0.006,0.0493
Christian Alshon,Tyra Hurricane Black,-0.0059,0.0448
Brooke Buckner,Collin Shick,0.0121,0.0482
Lea Jansen,Hayden Patriquin,-0.0103,0.0461
Quang Duong,Liz Truluck,0.0047,0.0496
Jessica Mason,Preston Bies,-0.0022,0.0517
Edward Perez,Pei Ju Hsieh,0.003,0.0514
David Dutrieuille,Sammy Melin,0.0049,0.0533
Maddy Rasmusen,Bryce Larson,0.0066,0.0509
Adalynn Lund,Christian Lund,0.0,0.0486
Chuck Taylor,Paige Miles,-0.0075,0.0505
Martina Frantova,Marshall Brown,0.0003,0.0528
Sarah Hua,Mota Alhouni,-0.004,0.052
Sam Querrey,Angie Walker,0.0261,0.0513
Lingwei Kong,Jonny Pickleball Andrews,-0.0118,0.0527
Kaitlyn Christian,Brandon French,0.001,0.05
Camila Zilveti,Brian Kerr,-0.0101,0.0512
Carolina Mayorga-Perry,Pablo Tellez,0.0112,0.0507
Alex Neumann,Rachel Summers,0.0037,0.0504
Rajasree Hawk,Logan Peterson,0.0004,0.0509
Chao Yi Wang,Patrick Smith,-0.0134,0.0498
Craig Johnson,Samantha Parker,0.0058,0.0531
Zach Gonnering,Karyn Weiss,0.0077,0.0489
Mohaned Alhouni,Salome Devidze,0.0066,0.053
Eric Roddy,Pierina Imparato,-0.0109,0.0526
Marykate Washelesky,Matthew Krakowski,-0.0063,0.0507
Sara Berndt,Tyler Hong,-0.0067,0.051
Cassidy Hoag,Phillip Locklear,-0.0019,0.0506
Cason Campbell,Mouaad Alhouni,0.0107,0.0511
Cassidy Hoag,Martina Frantova,-0.0102,0.0525
Anri Ferris,Helen To,-0.0022,0.0499
Sydney Donkena,Rajasree Hawk,0.0039,0.0499
Madalina Grigoriu,Brittni Tonnessen,-0.0124,0.0516
Jennifer Tavernier,Audrey Adele Brown,-0.0021,0.0524
Samantha Parker,Sarah Williams,-0.0085,0.0509
Ella Boydston,Maddy Rasmusen,0.0129,0.0482
Ross Whittaker,Bryan Hammond,0.0046,0.0527
Collin Johns,Matt Wright,-0.007,0.051
Thomas Wilson,Christian Alshon,-0.0069,0.0496
Lea Jansen,Lina Padegimaite,-0.0131,0.0513
Ivy Tschetter,Jamie Voelker,0.0014,0.0507
Tyler Loong,Connor Garnett,0.0451,0.0462
Julian Arnold,Jack Sock,0.0012,0.0506
Lingwei Kong,Jamie Haas,0.001,0.0515
Dave Weinbach,Neil Mediratta,-0.0061,0.0495
Dustin Boyer,Miguel Alda,-0.0124,0.0501
Kaitlyn Christian,Rachel Summers,-0.0033,0.0499
Adrian Garza,Abdul Khan,-0.0026,0.0524
Nick Zelasko,Peter Itskovich,-0.0015,0.0525
Quang Duong,Bao Duong,0.0024,0.0504
Zane Navratil,Travis Rettenmaier,0.006,0.0492
Chuck Taylor,Spencer Smith,0.0045,0.0466
Dekel Bar,Darrian Young,0.002,0.0538
Sammy Lee,Tyler Hong,-0.0072,0.054
Talia Riser,Kara Andrews,0.0039,0.0526
Bryce Larson,Clayton Boydston,0.0036,0.0487
Ian Yi,Mariano Yeh,0.0043,0.0543
Emily Stumpf,Sara Berndt,0.007,0.0528
Pei Ju Hsieh,Karyn Weiss,-0.0084,0.0508
Brooke Buckner,Chao Yi Wang,0.0475,0.0467
Edward Perez,James Delgado,0.0043,0.0494
Adam Gustad,Adam Harvey,-0.0022,0.0511
Camila Zilveti,Ava Ignatowich,0.0039,0.0492
David Hall,Walter Lau,-0.0034,0.0502
Amrik Donkena,Logan Peterson,0.0054,0.0533
Eric Roddy,Collin Shick,-0.0125,0.0487
Jonny Pickleball Andrews,Luke Wasson,0.0134,0.0503
Spartak Rahachou,Ernesto Russo,-0.0016,0.0518
Craig Johnson,Pesa Teoni,0.0376,0.0494
Kyle Goodburn,Claudio Quinones Garcia,-0.006,0.05
Todd Fought,Wyatt Stone,0.0084,0.0496
Rafa Hewett,Marshall Brown,-0.0143,0.0514
Gabriel Joseph,Blaine Hovenier,0.0033,0.0516
Yaamunan Venkatesan,Derek Shearer,0.0018,0.0518
Grant Aronson,Ryan Eveloff,-0.0001,0.0525
Preston Bies,Daniel Jensen,0.0056,0.0485
Eliel Herminas,Chase Womack,0.0012,0.0524
Pieter De Vries,Freddie Stone,0.0003,0.0516
Austin Bricker,Hao Nguyen,0.0029,0.0498
Benjamin Grant,Dionne Lim,-0.0041,0.0539
Chase Ora,Michelle Murphy,0.0084,0.0498
Jayce Landheer,Chandler Carnett,0.0024,0.053
Dana Raugust,Luke Ness,0.0046,0.0483
Parker Dyer,Mehvish Safdar,0.0005,0.0481
Brian Harshman,Sarvinoz Saidhujaeva,-0.0003,0.0502
Robert Ferrante,Brian Peck,-0.0001,0.052
Alexei Chernikov,Justin Hunter,0.0034,0.0551
Bronson Adams,Jake Anderson,0.0006,0.0508
Emilia Schmidt,Jack Munro,-0.0016,0.0484
Kristin Vogel,Blaine Hovenier,-0.001,0.0505
Josh Nix,Courtney Glenn,0.0024,0.0543
Lorna Morris,Ryan Eveloff,-0.0015,0.0495
Connor Maris,Komal Safdar,-0.0018,0.0498
Casey Garretson,Aaron Fuhrman,-0.0075,0.051
Matthew Boyett,Chance Ponsford,-0.0005,0.0502
Ernesto Russo,Chase Ora,0.0007,0.0512
Yana Newell,Ben Newell,0.0071,0.0494
Tam Trinh,Jill Belyea,0.0018,0.0492
Brandon Nsekpong,Kasia Carr,-0.0022,0.0505
Rajul Chikkalingaiah,Daniel Colon,0.0021,0.0516
Kailas Shekar,Santhosh Narayanan,0.0041,0.0524
Brennan Adamson,Jon Nilson,0.0051,0.0524
Malia K Lum,Prycen Haas,-0.0131,0.0524
Tanner Tomassi,Ava Ignatowich,0.0111,0.0516
Carter Maris,Connor Maris,0.0022,0.0513
James Seagraves,John Neri,-0.003,0.0508
James Seagraves,Alex Bowers,-0.0005,0.0504
David Hall,Benjamin Grant,-0.0062,0.055
Michael Moody,Cayden Fry,-0.0017,0.0525
Erik Pailet,Rianna Valdes,0.0041,0.0496
Victoria Yu,Chandler Carnett,-0.0002,0.0512
Ivan Jakovljevic,Barbora Vykydalova,0.0048,0.0506
Austin Oreilly,Parker Dyer,-0.0034,0.0508
Jessica Mason,Ryan Fu,0.0021,0.0524
Richard Balistreri,Ryan Lucci,0.002,0.0493
Bassem Kheireddin,Pierre-David Turmel,0.0035,0.0517
Daniel Moser,Josiah Watje,0.0012,0.0504
Luis Gonzalez,Eddie Sada,-0.0045,0.0513
Lingwei Kong,Evgeniy Kim,0.0024,0.0529
Adrian Garza,Brandon Farine,-0.0039,0.0507
ED Chao,AJ Khawaja,0.0004,0.0503
Brad Sweeney,Gabriel Sweeney,-0.0069,0.0517
Tam Trinh,Robert Slutsky,0.0043,0.0482
Maximo Agoglia,Jake Stamps,0.0008,0.0518
Jon Nilson,Maddy Rasmusen,-0.0063,0.054
Alexandre Gauthier,Zandrix Acob,-0.0035,0.0506
Kate Fahey,John Cincola,0.0027,0.0514
Bryce Larson,Danna Funaro,0.0031,0.0531
Alejandro Trevino,Sebastian Gutierrez,-0.0048,0.0515
CJ Klinger,Judit Castillo,-0.0025,0.0498
Christian Thames,Jacob Stegall,-0.0071,0.0525
Benjamin Bramblett,Juan Pinilla,-0.0016,0.0528
Quang Duong,Jamie Haas,0.0001,0.0515
Kaitlin Miller,Carl Hilliard,-0.0012,0.0525
Carolina Mayorga-Perry,Etienne Blaszkewycz,-0.0058,0.0485
Cori Elliott,Claudio Quinones Garcia,0.0002,0.0526
Jessica Chernikova,Robert Slutsky,-0.0042,0.0516
David Heckler,Bret Berryman,-0.0059,0.0536
Austin Oreilly,Shelby Bates,-0.0017,0.0482
Tavon Morrow,Tatiana Ruhl,-0.0069,0.0514
Nick Erves,Marko Lovrinovic,-0.0019,0.0534
Gloria Son,Juan Pinilla,0.0043,0.0495
Ryan Nolan,Jesse Boskoff,-0.0016,0.0508
Brennan Adamson,Elizabeth Boydston,-0.003,0.0541
Chao Yi Wang,Collin Johns,-0.0092,0.0499
Andrei Daescu,Anna Bright,-0.0148,0.0502
Meghan Dizon,Gabriel Tardio,-0.0087,0.0546
Liz Truluck,Brandon French,0.0182,0.051
Etta Tuionetoa,Tyler Loong,-0.0268,0.0485
Jade Kawamoto,Connor Garnett,-0.0101,0.0501
Patrick Kawka,Rachel Rettger,-0.0194,0.0507
Steve Deakin,Camila Garcia Wright,0.0077,0.0497
Rafa Hewett,Lindsey Newman,0.0085,0.0471
Stefan Auvergne,Lina Padegimaite,0.0105,0.0534
Madeline Schulte,Luke Wasson,-0.0079,0.0512
Wesley Burrows,Alex Walker,-0.0037,0.052
Yates Johnson,Lacy Schneemann,0.0043,0.0512
Genie Bouchard,Jonny Pickleball Andrews,-0.0005,0.0505
Jackie Kawamoto,Patrick Smith,0.0006,0.0519
Kaitlyn Christian,Travis Rettenmaier,-0.0108,0.0471
Samantha Parker,Pesa Teoni,-0.0117,0.0526
Mary Brascia,Jaume Martinez Vich,0.0342,0.0496
Pablo Tellez,Milan Rane,-0.007,0.0512
Taylor Garcia,Chao Yi Wang,-0.0048,0.0515
Victoria Yu,Marie Lutz,0.0091,0.0526
Stephen Bass,Marshall Brown,0.0083,0.0509
Brandon Nsekpong,Jose Farias,0.0094,0.0519
Roscoe Bellamy,Jack Munro,0.0066,0.0539
Dekel Bar,Gabriel Tardio,-0.002,0.0511
Thomas Wilson,Hunter Johnson,-0.0144,0.052
Josh Nix,Bryan Hammond,0.0039,0.0553
Yates Johnson,Wesley Burrows,-0.0008,0.052
Madeline Schulte,Pierina Imparato,-0.0034,0.0517
Jill Belyea,Jessica Chernikova,0.0048,0.0513
Brooke Revuelta,Emilia Schmidt,-0.0016,0.0513
Andrei Daescu,Matt Wright,0.0069,0.0502
Mehvish Safdar,Komal Safdar,0.0123,0.0483
Christa Gecheva,Rachel Rettger,-0.0021,0.0518
Genie Erokhina,Kaitlyn Christian,-0.0055,0.0483
Yana Newell,Lauren Stratman,0.011,0.0503
Jamie Haas,Malia K Lum,0.0079,0.0506
Lingwei Kong,Camila Zilveti,0.0013,0.0506
Gloria Son,Sarvinoz Saidhujaeva,-0.0011,0.0533
Liz Truluck,Ava Ignatowich,0.0065,0.0493
Nicole Eugenio,Camila Garcia Wright,-0.0035,0.0516
Kate Fahey,Carolina Mayorga-Perry,0.004,0.053
Sarah Pham,Dana Raugust,0.0024,0.0522
Elizabeth Boydston,Layne Sleeth,-0.0017,0.053
Lucy Kovalova,Jackie Kawamoto,-0.0045,0.0504
Jason Loyd,Michael Loyd,-0.0021,0.0523
Zoeya Khan,Divina Stennfeld,0.0005,0.0492
Tavon Morrow,Ben Newell,-0.0054,0.0512
Samantha Parker,Tatiana Ruhl,-0.0037,0.05
Genie Bouchard,Dominique Schaefer,-0.0131,0.0487
Rafa Hewett,Patrick Kawka,-0.0033,0.0492
Ryan Smosna,Izaak Gonzalez,0.0022,0.052
Erik Pailet,Todd Fought,0.0044,0.0506
Darrian Young,Hayden Patriquin,0.0004,0.0509
Patrick Smith,Connor Garnett,0.0093,0.0498
Nicole Pitts,Danna Funaro,-0.002,0.0509
Alex Bowers,Courtney Glenn,-0.0023,0.0508
Kaitlin Miller,Jessica Mason,0.004,0.0525
Michelle Murphy,Dionne Lim,-0.0029,0.0518
Andrea Koop,Jade Kawamoto,0.0262,0.0508
Rianna Valdes,Jessie Irvine,0.0061,0.0492
Julian Arnold,Tyler Loong,-0.0073,0.051
Altaf Merchant,Eric Roddy,0.004,0.0513
Claudio Quinones Garcia,Matthew Mead,0.005,0.0497
Travis Rettenmaier,Augustus Ge,0.0017,0.0506
Katherine Allan,Shannon Pretorius,-0.0023,0.0486
Evgeniy Kim,Prycen Haas,-0.0062,0.0529
Taylor Lindsay,Chris Patrick,-0.0029,0.051
Timothy Cass,Sarah Boruta,-0.0007,0.0511
William Owens,Brett Clayton,0.0015,0.0493
Shannon Moore,Henry Boyle,0.0027,0.05
Kara Andrews,Antonio Cummings,-0.0002,0.0495
Helena Jansen,Augustus Ge,-0.0148,0.0549
Anudeep Kodali,Komal Safdar,0.0091,0.0525
Alex Guy,Audrey Banada,-0.0022,0.0515
Jessica Haywood,William Hart,-0.0132,0.0486
Pesa Teoni,Salome Devidze,0.0039,0.0489
Caitlin Klaassen,Brett Clayton,-0.0031,0.0499
Daniel Szafir,James Young,-0.0045,0.0522
Evan Gan,Selim Ben Ali,0.0046,0.0517
Benjamin Bramblett,Avery Rogers,-0.001,0.049
Jeff Stone,Perry Wang,-0.0051,0.052
Jim Dobran,Rachael James,0.0156,0.0517
Ryan Gilbert,Hailee Haymore,0.0204,0.0512
Jhonnatan Medina Alvarez,Paula Avellan Rizzo,-0.0122,0.051
Kailas Shekar,Anna Lenhart,0.0096,0.0509
Frances Altick,Garrett May,-0.0047,0.054
Ryan Lucci,Jordan Chrysostom,-0.0038,0.0508
Abigail Okelley,Rob Cassidy,-0.0039,0.0504
Brie Aldridge,James Delgado,0.0066,0.0488
Jimmy Terzian,Adrian Garza,0.0052,0.0491
Nathan Geldmeier,Sean Smith,0.0003,0.0504
Drew Sandri,Arnab Baruah,-0.0019,0.0544
Alex Wetherell,Henry Boyle,0.0024,0.0519
John Haskell,Brent Darden,0.0024,0.0468
Tellis Bolden,Lester Holmes,-0.007,0.0529
James Broker,Max Green,-0.0038,0.0485
Maximilian Wild,Brett Finan,0.0026,0.0513
Joshua Giannelli,Jaeda Minniefield,-0.0094,0.0503
Ryan Meyers,William Hart,-0.0027,0.052
Caden Nemoff,Taylor Garcia,-0.0036,0.0493
Jimmy Terzian,Kat Williams,0.0027,0.0514
Audrey Adele Brown,Patrick Kawka,0.0005,0.0498
Layne Sleeth,Max Green,-0.005,0.0514
Skylor Riley,Evie Kenna,-0.0038,0.0517
Skylor Riley,Morgan Kaplan,0.0028,0.0525
Aaron Miller,Hunter Horton,0.0001,0.0491
Daniel Miron,Iker Tomas,-0.0019,0.0523
Nicholas Osborne,Kevin Caulfield,0.0021,0.0534
Jacob Markley,Dustin Dority,-0.0067,0.0479
Eric Gilbert,Courtney Kendall,0.0069,0.053
Collin Johns,Alix Truong,-0.0054,0.0485
Kaitlyn Christian,Martin Emmrich,0.0133,0.0504
Craig Johnson,Alex Walker,-0.0036,0.0481
Todd Fought,Maggie Brascia,0.013,0.0493
Michelle Esquivel,Steve Deakin,-0.0127,0.0535
Eric Roddy,Genie Bouchard,0.0035,0.0529
Hartland Jones,Tyler Hansbrough,0.0001,0.0482
Luke Wasson,Robert Slutsky,0.0049,0.0522
Nick Zelasko,Andrew Clary,-0.0044,0.0509
Liz Truluck,Marshall Brown,-0.0194,0.0521
Madeline Schulte,Ryan Sherry,0.0082,0.0517
Naveen Beasley,Ryan Eveloff,0.0111,0.0485
Quang Duong,Chris Patrick,-0.0025,0.0508
Sarah Ansboury,Wyatt Stone,-0.0021,0.0528
Ivan Jakovljevic,Pierina Imparato,0.0017,0.0497
Martina Frantova,Anderson Scarpa,-0.0098,0.0503
Tyler Loong,Allyce Jones,-0.0157,0.0513
Layne Sleeth,Paula Avellan Rizzo,0.0007,0.0506
Polina Libo,Anna Lenhart,-0.004,0.0513
Kailas Shekar,Miguel Alda,0.0077,0.0505
Alex Guy,Ryan Torresin,-0.0074,0.051
Jim Dobran,Marshall Brown,-0.0139,0.0516
Pablo Tellez,Lacy Schneemann,-0.0019,0.0491
Sam Querrey,Grant Bond,0.0012,0.0514
Edward Perez,Jonny Pickleball Andrews,-0.0078,0.0505
James Delgado,Nick Mangiapane,-0.0027,0.0511
Quang Duong,Allison Phillips,-0.004,0.0491
Rachel Summers,Brandon French,0.003,0.0498
Robyn Cobb,Jennifer Spratley,-0.0049,0.0552
Sarah Carpenter,Caitlin Lewis,-0.0004,0.0498
Gregory Dow,Ava Ignatowich,-0.0079,0.0526
Ross Whittaker,Mota Alhouni,0.0072,0.0528
Robert Laidlaw,Len Yang,-0.0007,0.0507
Jhonnatan Medina Alvarez,Ryan Sherry,0.0018,0.0509
Joshua Giannelli,Keegan Bigoness,0.0039,0.0537
Noe Sariban,Matthew Nesbitt,-0.0012,0.0528
Kaitlyn Christian,Helena Jansen,-0.0044,0.0477
Taylor Garcia,Ava Ignatowich,0.0002,0.0516
Audrey Adele Brown,Komal Safdar,0.0084,0.0544
Jessie Irvine,Connor Garnett,-0.0085,0.051
Martina Frantova,Rachel Summers,0.0072,0.0499
Allison Phillips,Sarah Hua,-0.0005,0.0519
Rachael James,Hailee Haymore,-0.0076,0.0535
Madeline Schulte,Emilia Schmidt,-0.0082,0.0538
Brie Aldridge,Andi Godwin,-0.0034,0.0512
Abigail Okelley,Jaeda Minniefield,-0.0164,0.0506
Tamaryn Emmrich,Alix Truong,-0.0008,0.0525
Jessica Mason,Courtney Kendall,-0.001,0.052
Travis Rettenmaier,Connor Garnett,0.017,0.0497
Callie Smith,Lea Jansen,0.0215,0.0469
Dana Mayette,Elizabeth Puni,-0.0018,0.0559
Parris Todd,Julian Arnold,-0.0069,0.0509
Caitlin Klaassen,Shannon Moore,-0.0031,0.052
Christian Alshon,Jackie Kawamoto,0.0052,0.0482
Rafa Hewett,Lauren Stratman,-0.0006,0.0523
Eric Roddy,Steve Deakin,-0.0209,0.0489
Augustus Ge,Jaume Martinez Vich,0.0308,0.0494
Jessica Haywood,Evie Kenna,-0.0015,0.0523
Etta Tuionetoa,Travis Rettenmaier,0.0147,0.0498
Kara Andrews,Marija Venta,-0.0007,0.0535
Sarah Ansboury,Audrey Banada,0.0117,0.0526
James Seagraves,Victoria Yu,-0.0006,0.0497
Blake Fox,Layne Sleeth,-0.0075,0.0502
Naveen Beasley,Tatiana Ruhl,-0.0064,0.0498
Alex Bowers,Matthew Mead,-0.0056,0.0502
David Heckler,Kaysie Smashey,0.0011,0.0512
Brenna Murray,Jonny Pickleball Andrews,0.0049,0.0496
Michael Keeper,Amy Blumrosen,0.0,0.052
Sara Perles,Chase Womack,-0.0047,0.0495
Cason Campbell,Ilvana Trujillo,-0.0032,0.0487
Carlos Di Laura III,Ryan Dawidjan,0.0123,0.0507
Casey Garretson,Jake Anderson,0.0176,0.0486
Adrian Garza,Riley Inn,-0.0068,0.0535
Gabriel Chen,Jacob Stegall,-0.0029,0.0511
Josiah Watje,Matthew Ginn,0.001,0.0519
John Ward,Noah Ward,-0.0042,0.0514
Sepand (sep) Attar,Jay Wang,0.0043,0.0511
Vinay Gupta,David Hall,-0.0008,0.0547
Guillermo Paiz,Carson Calhoun,0.0,0.0524
Chase Womack,Zach Gonnering,-0.0015,0.0525
Ryan Fu,Ava Ignatowich,0.0106,0.0465
Desiree Perez Gonzalez,Bassem Kheireddin,-0.0018,0.0517
Dexter Rangel,Duncan Hawvermale,0.0055,0.0502
Tim Kuo,Jose Martinez,-0.0054,0.0485
Guillermo Paiz,Kasia Carr,0.0009,0.0521
Sarvinoz Saidhujaeva,Evgeniy Kim,0.0069,0.0502
Akinori Wada,Josh Rivera,-0.0026,0.0519
Hilary Toole,Zach Gonnering,-0.0002,0.0536
V. Mary Rivas,Brett Finan,-0.001,0.0497
Alex Chan,Bryce Larson,-0.0083,0.0496
Noe Khlif,Jen Rogers,-0.0015,0.0522
Izaak Gonzalez,Dillin Parsons,0.0041,0.0532
Louis Theriault,Graham Taylor,0.0018,0.0494
Jason Mok,Mark Growcott,-0.0033,0.0514
Manfred Jeske,Dylan Payne,0.0013,0.0518
Hunter Johnson,Emilia Schmidt,0.0105,0.0523
Sebastian Gutierrez,Marie Lutz,-0.0078,0.0495
Eric Fritzges,Bailee Jackson,0.001,0.0497
Daniel Smith,Eric Fritzges,-0.0003,0.053
Christine Maddox,Michael Loyd,-0.0058,0.0508
Andrey Belyanin,Matt Ngo,-0.0073,0.0532
Chase Faggard,Easton Horricks,-0.0011,0.0507
Shea Donahue,Daniel Howard,-0.0045,0.0522
Aleck Blair,Brian Kerr,-0.0004,0.0525
Andrew Clemen,Taylor Clemen,-0.0021,0.0553
Natalie Hur,Tim Kuo,-0.0006,0.0547
Etta Tuionetoa,Ben Johns,-0.0105,0.0476
Meghan Dizon,Roscoe Bellamy,-0.0129,0.0519
Jamie Haas,Patrick Smith,0.0134,0.0488
Parris Todd,Zane Navratil,0.0014,0.0511
Lauren Stratman,Etienne Blaszkewycz,-0.0043,0.0506
Regina Goldberg,Collin Johns,0.0056,0.052
Pablo Tellez,Jessie Irvine,-0.0054,0.0504
Callan Dawson,Kaitlyn Christian,0.0011,0.0525
CJ Klinger,Alex Walker,-0.0038,0.0518
Ewa Radzikowska,Donald Young,0.0077,0.0514
Julian Arnold,Maggie Brascia,0.0228,0.0503
Pierina Imparato,Wesley Burrows,0.0005,0.0503
Martina Frantova,Todd Fought,0.0172,0.049
Andrea Koop,Jack Munro,0.0081,0.0511
Yates Johnson,Alix Truong,-0.0067,0.0502
Lingwei Kong,Chuck Taylor,-0.0062,0.0507
Eugenia Carolina Lopez Ascarate,Spencer Smith,-0.0001,0.0538
Cassidy Hoag,John Cincola,-0.0021,0.0515
Christian Alshon,Tyler Loong,-0.0002,0.0509
Alex Bowers,Danna Funaro,-0.0065,0.052
Beth Kaufman,Bailee Jackson,0.0065,0.0511
Rafa Hewett,Will Howells,-0.0037,0.0495
Thomas Wilson,Dekel Bar,-0.0082,0.0509
Cason Campbell,Bryan Hammond,-0.0056,0.0539
Eric Roddy,Casey Diamond,0.0217,0.0523
Todd Fought,Spencer Smith,-0.0123,0.0514
Dylan Frazier,Yates Johnson,0.0014,0.0512
Patrick Kawka,Pesa Teoni,-0.0076,0.0501
Samantha Parker,Emilia Schmidt,0.0059,0.0506
Sarah Lister,Rachel Janssen,-0.0049,0.0525
Madeline Schulte,Camila Zilveti,0.0043,0.0514
Vivienne David,Jackie Kawamoto,0.0105,0.0487
Roscoe Bellamy,John Cincola,0.0021,0.0509
Sarvinoz Saidhujaeva,Taylor Clemen,-0.0034,0.0539
Caitlin Meendsen,Tiffany Landgraf,-0.0063,0.0523
Layne Sleeth,Jessica Mason,-0.0068,0.0512
Asia Rose,Kaysie Smashey,-0.0045,0.0498
Rianna Valdes,Tamaryn Emmrich,-0.0037,0.052
Allison Phillips,Ilvana Trujillo,-0.0003,0.049
Ernesto Russo,Evgeniy Kim,-0.0032,0.0501
Lea Jansen,Tina Pisnik,0.02,0.045
Lauren Wong,Alex Chan,0.0048,0.0505
Regina Goldberg,Christine Trifunovic,-0.0044,0.0506
Jessie Irvine,Lacy Schneemann,0.0036,0.0498
Erik Pailet,Wyatt Stone,0.0039,0.0512
Tavon Morrow,Jason Lui,0.004,0.05
Ethan Violette,Luke Wasson,-0.0066,0.0531
Noe Khlif,Justin Hunter,-0.0035,0.0488
Nick Black,Derek Shearer,0.0033,0.0532
Alex Gee,Hao Nguyen,-0.0055,0.0508
Tam Trinh,Brandon French,0.0047,0.0531
Ella Yeh,Abbigal Hatton,-0.0031,0.0497
Matthew Mead,Farzin Amiri,-0.003,0.0514
Ewa Radzikowska,Eugenia Carolina Lopez Ascarate,0.0082,0.0499
Tatiana Ruhl,Rachel Rettger,-0.0048,0.0548
Hilary Toole,Elizabeth Skufca,-0.0054,0.0502
Ryan Fu,Donald Young,-0.0045,0.0519
Desiree Perez Gonzalez,Kasia Carr,-0.0021,0.052
Jonny Pickleball Andrews,Elliot Markowitz,0.0019,0.0504
Astrid Torres,Daniela Raygadas,-0.0033,0.0535
Layne Sleeth,Casey Diamond,0.001,0.0514
Zach Gonnering,Preston Bies,-0.0012,0.0523
Dana Raugust,Yuta Funemizu,0.0041,0.0496
Michael Fahey,Stella Li,0.001,0.0511
Michael Fahey,Taylor Wassell Jr.,0.0016,0.0521
Averry Chew,Andre Feliz,0.0155,0.0515
Tavon Morrow,Natalie Blue,0.0036,0.0515
Bryanna Ojeda,Preston Bies,0.0008,0.0514
Michael Connors,Jonathan Borashan,0.0021,0.051
Byron Lee,Steven Ma,-0.0082,0.0502
Nicole Eugenio,Daniel McAuley,0.0008,0.0564
Scott Berke,Luke Ness,-0.015,0.0533
Jake Presser,Chiron Burl,-0.0016,0.0494
Thatcher Schwendiman,Elizabeth Boydston,-0.002,0.0514
Ivy Tschetter,Mitchell Hargreaves,0.0057,0.0515
Cobe Williams,Hannah Doolin,0.0019,0.0529
Beau Kojima,Kevin Dayan,0.0057,0.0523
Roman Estareja,Tia Elpusan,0.0087,0.0507
Jessica Mason,Luke Ness,0.0215,0.0536
Desmond Papariello,Mark Weidmann,-0.0052,0.0505
Brad Weston,Nolan Smyth,0.005,0.0505
Maddox Castellanos,Blake Potter,-0.0023,0.0532
Yuta Funemizu,Max Tavepholjalern,0.0029,0.0476
Walter Lau,Chase Ora,0.0008,0.0521
Claudio Quinones Garcia,Dionne Lim,-0.0095,0.0551
Manoj K,Nalitha Danwatte L,-0.005,0.0504
Tama Shimabukuro,David Creswell,0.0024,0.0503
Christopher Dalton,Joseph Rotheram,-0.0031,0.0501
Shelley Wong,Matthew Mead,-0.0002,0.0509
Cade Pierson,Drake Palm,-0.0017,0.0515
Joy Leising,Clayton Powell,0.0057,0.0497
Domenika Turkovic,Chiron Burl,-0.0085,0.0499
Kailas Shekar,Cori Elliott,-0.0056,0.0535
Riley Hanks,Joshua Reason,-0.0015,0.0515
Malia K Lum,Kevin Dayan,0.0047,0.0522
Roscoe Bellamy,Emily Cederquist,0.0097,0.0502
Cobe Williams,Kelly Kraushaar,0.0032,0.054
Danica Wolf,Rob Hutchins,0.0007,0.0531
Nick Black,Dayna La Belle,-0.004,0.05
Kevin Stanley,Alex Iannotti,-0.0025,0.052
Kevin Pham,Farzin Amiri,-0.0082,0.0521
Daniel Byun,Sabrina Guillebeaux,-0.01,0.0521
John Paul Fruttero,Ruben A Gonzales Jr,-0.0028,0.0518
Artem Strokan,Pramod Dabir,-0.0006,0.0513
Kristin Vogel,Caden Nemoff,-0.004,0.0509
Christie Newcomb,Derek Shearer,-0.0014,0.049
Paul Ghazi,Nick Mashour,-0.0023,0.0489
Jae-Jae Segal,Zak Parks,-0.0044,0.0526
Christine Maddox,Steven Long,-0.0085,0.0508
Spencer Zibas,Jack Sahid,-0.002,0.0511
Matthew Marceau,Benjamin Grant,0.0004,0.0499
Chase Womack,Brian Kerr,0.0131,0.0498
Jamie Haas,Kento Tamaki,-0.0061,0.0506
Sammy Melin,Rio Newcombe,-0.0017,0.0521
Sharon Lee,Warren Tamanaha,-0.001,0.0507
Kelson Lau,Joseph Baldwin,-0.0009,0.0505
Lucas Guidroz,Anders Jansson,0.0059,0.0516
Gregory Messina,Jude Morales,-0.0039,0.0508
Sergey Afanasenka,Rob Hutchins,-0.0005,0.0513
Quan Do,Edberg Espinoza,-0.0004,0.0511
Collin Johns,Tina Pisnik,-0.007,0.0482
Ben Johns,Anna Bright,-0.0055,0.0487
Lauren Stratman,Hayden Patriquin,-0.0119,0.0501
Todd Fought,Dominique Schaefer,-0.0019,0.0501
Jonny Pickleball Andrews,Riza Zalameda,0.0007,0.0522
Lingwei Kong,Spencer Smith,0.021,0.0514
Michelle Esquivel,Gregory Dow,-0.0025,0.0486
Zane Navratil,Jessie Irvine,0.0068,0.0523
Craig Johnson,Angie Walker,-0.0052,0.0491
Christine Trifunovic,Chuck Taylor,-0.0054,0.0498
Jillian Braverman,Martin Emmrich,-0.005,0.0498
Pablo Tellez,Lea Jansen,-0.002,0.0538
Rafa Hewett,Lina Padegimaite,0.0158,0.0494
Kaitlyn Christian,Patrick Smith,-0.0036,0.0515
Sam Querrey,Genie Bouchard,0.0029,0.0525
Pesa Teoni,Alex Walker,0.0136,0.0502
Genie Erokhina,Wyatt Stone,-0.0134,0.0522
Luke Wasson,Lindsey Newman,0.0073,0.0516
Etta Tuionetoa,Connor Garnett,-0.0116,0.0511
Madeline Schulte,Brandon French,0.009,0.0497
Irina Tereschenko,Jay Devilliers,-0.0086,0.0511
Kristin Vogel,Jalina Ingram,-0.0043,0.0531
Thomas Wilson,Matt Wright,-0.0061,0.0495
Vivienne David,Emily Cederquist,0.0046,0.052
Ivy Tschetter,Ekaterina Biakina,-0.0003,0.05
Layne Sleeth,Lindsey Newman,0.0016,0.0501
Cassidy Hoag,Emilia Schmidt,-0.0019,0.0491
Ella Boydston,Elizabeth Boydston,0.0003,0.0514
Jenn Joy,Ivana King,-0.0033,0.0502
Jaume Martinez Vich,Tyson McGuffin,-0.0337,0.0508
Todd Fought,Roscoe Bellamy,-0.0066,0.0511
Mario Barrientos,Anderson Scarpa,0.0009,0.0509
Nicole Eugenio,Trang Huynh,-0.0037,0.0507
Brianna Kemp,Joy Leising,-0.0024,0.0505
Michelle Esquivel,Marcela Aguila Ampon,0.0127,0.0517
Ryan Eveloff,Daniel Jensen,-0.0023,0.0479
Cori Elliott,Malia K Lum,-0.0031,0.0514
Lucy Kovalova,Lea Jansen,0.0208,0.0482
Tyler Loong,Darrian Young,0.0185,0.0515
Clayton Powell,Aidan Schenk,0.0026,0.0521
Matt Baca,Derek Shearer,-0.0011,0.0514
Augustus Ge,Connor Garnett,-0.0155,0.0456
Caden Nemoff,Donald Young,-0.0025,0.0525
Edward Perez,Luke Wasson,0.002,0.0519
Maximilian Wild,Bryan Hammond,-0.0041,0.0527
Lauren Jones,Michelle Murphy,0.0027,0.0495
Averry Chew,Tia Elpusan,-0.0006,0.0528
Claudio Quinones Garcia,Evgeniy Kim,-0.007,0.0526
Kaitlyn Christian,Jillian Braverman,0.0066,0.049
Dalia Garza,Jessica Mason,-0.0085,0.0512
Irina Tereschenko,Christine Maddox,-0.0042,0.0522
Julian Arnold,Wyatt Stone,-0.0082,0.0512
Sammy Melin,Natalie Blue,-0.001,0.0518
Lingwei Kong,Rachel Rettger,-0.0049,0.0492
Lacy Schneemann,Vivian Glozman,0.0071,0.0484
Kailas Shekar,Tavon Morrow,0.0045,0.0506
Erik Pailet,Jeff Warnick,0.0049,0.0542
Collin Shick,Brandon French,-0.0058,0.052
Riley Hanks,Alexis Saucerman,-0.0016,0.0519
Lorna Morris,Dayna La Belle,-0.0003,0.0522
Bryanna Ojeda,Jayann Steffins,0.0073,0.0517
Gregory Dow,Casey Diamond,0.0074,0.0498
Kento Tamaki,Mitchell Hargreaves,0.0017,0.0529
Roman Estareja,Drake Palm,0.0105,0.0502
Jamie Haas,Allison Phillips,-0.0062,0.0527
Nick Black,Zack Taylor,-0.0008,0.0503
John Thorn,Logan Schneider,0.0017,0.0527
Allison Chuang,Amrik Donkena,-0.0004,0.0505
Polina Libo,Sam Libo,0.0038,0.0491
Braydon Unsicker,Kaden Miner,-0.0041,0.0515
Jake Walker,Austin Walker,0.0063,0.0502
Willy De Vilchez,Mikar Larenzo Fisher,0.0038,0.051
Nick Black,Brittny Rogers,0.0004,0.0549
Kevin Wolf,Lauren Andersen,0.0008,0.0522
Chloee Butterfield,Nathan Reeve,-0.0019,0.0533
Austin Hardy,Averee Beck,0.0061,0.0498
Rob Stratton,Lily Goodwin,-0.0071,0.0521
Benjamin Bramblett,Jessica Mason,-0.0001,0.0519
Rob Cassidy,Ivy Tschetter,-0.0051,0.0525
Ryan Gilbert,Alexis Nelson,-0.0016,0.0497
Clemens Graute,Benjamin Bramblett,0.0019,0.0516
Regina Goldberg,Johnny Goldberg,-0.017,0.051
Jayson Harris,Charlotte Wasson,-0.0021,0.0497
Matt Arnell,Michael Jenson,-0.0022,0.0507
Christopher Williams,Nick Vanderwarf,0.0058,0.0522
Chase I,Tariq Ismail,-0.0077,0.0505
Malia K Lum,Rio Newcombe,-0.0058,0.0534
Ethan Violette,Jase Edwards,0.0043,0.0512
David Waugh,Anthony Skalabrin,-0.0014,0.0529
Devon Farnsworth,Joel Poland,-0.002,0.0512
Jace Morris,Ryan Gilbert,-0.0001,0.0508
Chase Womack,Tanner Burningham,-0.0007,0.0534
Ryan Howard,Chas Howard,-0.0005,0.0529
Ryan Smith,Charles Case,0.0091,0.0508
Ashlyn Andrews,Silas Christiansen,-0.0065,0.0554
Breaden Brooks,Merritt Wilburn,-0.0053,0.0517
Bruno Barrueto Deza,Ignacio Figueroa,-0.0059,0.0494
Caitlin Klaassen,Edward Perez,-0.0052,0.0513
Melinda Wilkins,Bryce Larson,0.0091,0.0464
Jamie Haas,Prycen Haas,0.0046,0.0515
Hannah Blatt,Grayson Goldin,0.007,0.044
Amanda Studnicki,Gerald Ferrer,0.0093,0.0507
Chloe Igleski,Logan Rosenbach,0.0029,0.0514
Lorna Morris,Dylan Kato,-0.0044,0.0506
Ryan Wilkins,Tyler Holbrook,0.0037,0.0501
Jeremy Lim,Gerald Ferrer,-0.0003,0.0518
Gavin Fowler,Dylan Kato,0.0062,0.0525
Maddy Rasmusen,Charles Case,-0.002,0.0533
Kamryn Bliss,Tyler Holbrook,-0.0033,0.0505
Joseph Pututau,Rob Stratton,-0.0012,0.0535
Barrett Croft,Kace Heiner,0.0025,0.0532
Christopher Crouch,Yuta Funemizu,-0.0097,0.0518
Katherine Allan,Tavon Morrow,-0.0103,0.0519
Jackson Ayotte,Brooke Revuelta,-0.0012,0.049
V. Mary Rivas,Willy De Vilchez,0.011,0.0499
Shayden Hinton,Preston Ducrest,-0.0004,0.054
David Bryner,Tim Yates,-0.008,0.0516
Ethan Violette,Lauren Mercado,0.001,0.051
Austin McCarthy,Mitchell Tate,-0.005,0.0528
Keith Read,Dodo Kong,-0.01,0.0508
Jon Nilson,Gabriel Andersen,-0.0025,0.0523
Farzin Amiri,Michelle Murphy,-0.0009,0.0487
Tyler Miller,Austin Hardy,-0.0018,0.0531
Samantha Goldenhersh,Matthew Mead,0.0012,0.0518
AJ Koller,Emilia Schmidt,0.011,0.0497
Mohaned Alhouni,Liz Truluck,-0.0071,0.049
Gabriel Tardio,Milan Rane,-0.0019,0.0519
Rafa Hewett,Ewa Radzikowska,-0.0029,0.0514
Genie Erokhina,Todd Fought,-0.0109,0.0534
Mari Humberg,Augustus Ge,-0.0112,0.0474
Alix Truong,Connor Garnett,0.0159,0.0546
Andrei Daescu,Martina Frantova,0.004,0.0492
Jack Sock,Allyce Jones,0.0074,0.0559
Callan Dawson,Riley Bohnert,-0.0081,0.0495
Camila Zilveti,Wesley Burrows,-0.0071,0.0502
Zane Navratil,Lina Padegimaite,-0.0192,0.0477
Christian Alshon,Vivian Glozman,0.0022,0.0494
Kaitlyn Christian,Roscoe Bellamy,-0.0005,0.0517
Layne Sleeth,Gregory Dow,-0.0015,0.052
Maggie Brascia,Collin Shick,-0.0024,0.0535
Federico Staksrud,Jorja Johnson,0.0112,0.0525
Tamaryn Emmrich,Darrian Young,0.0018,0.0491
Nicole Eugenio,Spencer Smith,-0.0119,0.0506
Michelle Esquivel,Jonny Pickleball Andrews,0.0,0.0508
Pablo Tellez,Lindsey Newman,-0.0101,0.051
Sam Querrey,Audrey Adele Brown,-0.0041,0.0506
Brandon French,Wyatt Stone,0.0125,0.0455
Allyce Jones,Tyra Hurricane Black,0.0154,0.0483
Mohaned Alhouni,Anderson Scarpa,0.0014,0.0491
Lauren Wong,Audrey Lord,-0.0076,0.0529
Callie Smith,Anna Bright,-0.0047,0.0482
Noe Khlif,Robert Slutsky,-0.0084,0.0534
Michael Loyd,Martin Emmrich,0.0157,0.0481
Caden Nemoff,Casey Diamond,0.0015,0.0526
Tyler Loong,Jaume Martinez Vich,-0.0058,0.0512
Daniel Jensen,Erik Forsythe,0.0085,0.0498
Allison Phillips,Brooke Revuelta,-0.0045,0.0501
Camila Zilveti,Michelle Esquivel,0.0086,0.0513
Tamaryn Emmrich,Lina Padegimaite,0.0106,0.0498
Katherine Allan,Madeline Schulte,-0.0051,0.0513
Chao Yi Wang,Milan Rane,-0.0001,0.0473
Danica Wolf,Malia K Lum,0.0041,0.0504
Quang Duong,Blaine Hovenier,-0.0048,0.0499
Alix Truong,Vivian Glozman,0.0069,0.0547
AJ Koller,Augustus Ge,0.0034,0.0529
Christine Trifunovic,Lingwei Kong,0.0044,0.0551
Lauren Mercado,Reyna Ash,-0.0053,0.0546
Christian Alshon,Connor Garnett,-0.0122,0.0504
James Ignatowich,Johnny Goldberg,0.0007,0.0509
Nicole Eugenio,Rachael James,-0.0009,0.0505
Amrik Donkena,Tavon Morrow,0.0003,0.0524
Brenna Murray,Dodo Kong,0.0095,0.0491
Allie Davis,Simone Leonard,-0.0091,0.0527
Cami Blake,Audrey Adele Brown,-0.0086,0.0509
Melinda Wilkins,Dana Raugust,-0.0086,0.0515
Marshall Brown,Gregory Dow,0.0171,0.049
Eric Oncins,Roscoe Bellamy,-0.014,0.0525
Farzin Amiri,Derek Shearer,0.0141,0.0534
Darrian Young,CJ Klinger,0.0029,0.0484
Matthew Mead,Elliot Markowitz,0.0033,0.0522
Riley Bohnert,Emilia Schmidt,-0.0051,0.0531
Rachel Summers,Jillian Braverman,-0.0002,0.0517
Kamryn Bliss,Averee Beck,0.0002,0.0492
Rob Cassidy,Preston Bies,-0.0014,0.0538
Rodrigo Reyes,Paula Rives,0.0003,0.0514
Emily Gaskins,Anouar Braham,0.0047,0.051
Lewis Halski,CJ Antonio,0.0088,0.0519
Federico Nani,Jorge Nunez,-0.0024,0.0506
Nick Black,Benjamin Bramblett,0.0086,0.0509
James Delgado,Brett Clayton,0.0029,0.0502
Viet Nguyen,Austin Coleman,-0.0002,0.0505
Paula Rives,Victoria Helmuth,-0.0084,0.0496
Jessica Jones,Adela Umannova,0.0012,0.0501
Helena Jansen,Gregory Dow,-0.002,0.0488
Benjamin Bramblett,Adela Umannova,-0.0029,0.0526
David Bragman,Michael Rollauer,-0.002,0.0516
Rajiv Dinakaran,Bryce Johnson,-0.0019,0.0526
Mohaned Alhouni,Judit Castillo,0.0045,0.0489
Julia Ronney,Caden Nemoff,-0.0006,0.0491
Zac Hirschler,Henry Boyle,0.0078,0.0514
Tucker Mueck,Jack Hadaway,0.0011,0.0518
Kyle Koszuta,Rio Newcombe,0.0063,0.0518
Jack Foster,Richard Livornese Jr,-0.0054,0.0496
William Owens,Zachary McDivitt,0.0044,0.0543
Angela Simon,Dan Granot,0.006,0.0523
Haley Collins,Sheridan Schuster,-0.0018,0.0516
Emily Gaskins,Meredith Roberts,0.0019,0.0527
Kevin Dong,Alexander Crum,0.006,0.0539
Rodrigo Reyes,Adam Harvey,0.0078,0.0499
Spencer Talmadge,Tony Hull,0.0092,0.0511
Andreas Siljestrom,Johnny Goldberg,-0.0012,0.0514
Matthew Mead,Andrew Anh Pham,0.0064,0.0514
Joshua Giannelli,Frank Solana,0.003,0.0491
Henry Boyle,Helen To,-0.0073,0.0506
Bradley Mixson,Madalina Grigoriu,0.0021,0.0522
Brien Lee,Eric Rubinger,-0.0002,0.0505
Dave Bacalla,Jordan Betts,0.0007,0.0524
Andrew Curtis,Mickulas Ray,0.0011,0.0543
Todd Fought,Bobbi Oshiro,0.0155,0.0515
Joshua Giannelli,Jes Rochefort,-0.0141,0.051
Regina Goldberg,Andreas Siljestrom,-0.0026,0.0502
Jamie Haas,Patrick Kawka,0.0056,0.0507
Kentaro Hamaguchi,Anri Ferris,0.0025,0.0502
Willy De Vilchez,Claudio Quinones Garcia,-0.0122,0.0518
Stephen Williams,Kevin Caulfield,0.0037,0.0505
Kate Fahey,AJ Koller,-0.0003,0.0517
Christopher Crouch,Victoria Helmuth,0.0021,0.05
Christopher Crouch,Joshua Elliott,0.0015,0.0501
Zane Ford,Easton Horricks,-0.0045,0.0533
Daniel Jensen,Elysse Branton,0.0013,0.0503
Jessica Brown,Lucas Whitmire,-0.0005,0.0504
Michelle Ncube,Alexia Alvarez,-0.0069,0.0547
Sara Perles,Jojo Henderson,-0.0004,0.0499
Thomas Beamish,Loc Lam,0.0038,0.0542
Juan Varon,Anouar Braham,-0.0065,0.0482
Ryan Lucci,Roman Kravchuk,0.0013,0.0525
Hsuan Tsai,Brian Harshman,-0.0032,0.0513
Georgia Johns,Paula Avellan Rizzo,-0.001,0.0509
Cailyn Campbell,Charlotte Wasson,-0.0044,0.0542
Connor Castleberry,Mitchell Vegas,0.0041,0.0534
Samuel Gabet,Jaeda Minniefield,0.0033,0.0516
Alejandra Lopez Borobia,Eduardo Irizarry,0.0058,0.0524
Kento Tamaki,Shelby Bates,-0.0052,0.0515
Ellen Jang-Milsten,Will Jamieson,-0.0067,0.0507
Jillian Braverman,CJ Klinger,-0.0056,0.0506
Chase Womack,Ivan Vizcaya,-0.007,0.0503
Cody Miller,Jordan Chrysostom,0.0039,0.0523
Lionel Ortiz,Samuel Gabet,-0.0035,0.053
Jesse Ferlianto,Kentaro Hamaguchi,-0.0094,0.0503
Andi Godwin,Gianna Southwick,-0.001,0.0498
Paula Mateer,Shea Donahue,-0.0019,0.0495
Ross Whittaker,Jim Dobran,0.0064,0.0523
Eric Oncins,Ronan Camron,-0.0115,0.0518
Christine Maddox,Chuck Taylor,0.009,0.0516
Alexander Valencia,Chloe Zigliara,0.0096,0.0525
Nicole Eugenio,Rob Cassidy,0.0071,0.0553
Jackson Ayotte,Malia K Lum,-0.0023,0.0509
Alia Brown,Kaden Seward,0.0054,0.0515
Zach Gonnering,Jason Garriotte,0.0039,0.0501
Andrew Hurley,Stephen Bass,0.005,0.0514
Cristobal Contreras,Colton Phillips,-0.0017,0.0503
Chandra Kusuma,Jes Rochefort,0.017,0.0513
Jian Zhong,Caraline Cox,-0.006,0.0517
Ji Hoon Heo,Brookes Jones,0.0011,0.0502
Matt Meadows,Gregory Boyce Jr.,-0.0026,0.0526
Sabrina Palavra,Zach Gonnering,0.0004,0.0489
Brie Aldridge,Sarah Delgado,-0.003,0.0525
Reba Williams,Hannah Okelley,-0.0001,0.0535
Martin Michelsen,Eduardo Irizarry,-0.0027,0.0525
Jeremy Lim,Zachary Marceau,0.0108,0.0515
Vanessa Castillo,Leo Castillo Jr.,-0.0046,0.0527
Cason Campbell,Salome Devidze,-0.0108,0.0529
Brookes Jones,Maebry Jones,0.0002,0.0541
Abigail Okelley,Rio Newcombe,-0.0032,0.0532
Cody Sivan,Haley Collins,-0.002,0.0522
Nick Black,Trang Huynh,-0.005,0.0503
Ji Hoon Heo,Elina Geut,-0.0011,0.0511
Abigail Okelley,Kristen Van Dernoot,-0.0012,0.0506
Elina Geut,Maebry Jones,-0.0052,0.0489
Cody Sivan,Brian Harshman,0.0026,0.0521
Ryan Tetreault,Taabish Basaria,-0.0011,0.0515
Keegan Bigoness,Matthew Nesbitt,-0.0005,0.0494
Jake Wilson,Ross English,0.0042,0.0511
Shannon Pretorius,Zak Parks,-0.0057,0.0474
Gavin Nickerson,Jay Buxton,0.0084,0.0511
Jhonnatan Medina Alvarez,Michelle Esquivel,-0.0078,0.0508
Chase Mason,Josiah Watje,0.001,0.0521
Emanuel Dickson,Samuel Dickson,-0.0061,0.0497
Amanda Hendry,Richard Livornese Jr,-0.0025,0.0509
Paula Avellan Rizzo,Roman Kravchuk,-0.0016,0.0519
Cade Pierson,Kyle Koszuta,-0.0068,0.0509
Robert Laidlaw,Nick Bonino,-0.0047,0.053
Jacob Markley,John Carpenter,-0.0036,0.054
Jessica Jones,Andrew Hurley,-0.0037,0.05
Maximilian Wild,Will Jamieson,-0.0018,0.0526
Gideon Sandyrev,Lucas Sandyrev,-0.0074,0.0519
Josiah Watje,Hannah Okelley,0.001,0.0521
Dalia Garza,Matthew Mead,-0.0052,0.0532
VU Nguyen,William Hart,-0.0014,0.0518
Gavin Nickerson,Kristen Van Dernoot,-0.0026,0.052
Morgan Downing,Andrew Curtis,-0.0017,0.0541
Rafa Hewett,Emily Cederquist,0.0022,0.0524
Robert Cozzillio,Christopher Cozzillio,-0.006,0.054
John Macauley,Bret Berryman,-0.0066,0.0505
Kevin Dong,Allie Reichert,0.0075,0.05
Jarryd Woog,Collin Maides,-0.0009,0.0521
Chris Walker,Bradley Mixson,-0.0014,0.0512
Kevin Sheehan,Antonio Cummings,0.0013,0.0497
Yates Johnson,Kento Tamaki,-0.0046,0.0529
Andrei Daescu,Meghan Dizon,0.0134,0.0474
Helena Jansen,Dominique Schaefer,0.0044,0.0507
Elysse Branton,Helen To,-0.0026,0.0508
Michael Loyd,John Cincola,0.0029,0.0488
Pierina Imparato,Brandon French,-0.0023,0.051
Quang Duong,Chuck Taylor,0.0085,0.0482
Chao Yi Wang,Amanda Hendry,0.0104,0.0521
Julia Ronney,Jessica Mason,-0.0075,0.0522
Andrea Koop,Collin Johns,-0.0205,0.0516
Genie Erokhina,John Cincola,0.0051,0.0541
Gabriel Joseph,Jonny Pickleball Andrews,-0.0069,0.0507
Alix Truong,Jillian Braverman,0.0013,0.0513
Tamaryn Emmrich,Martina Frantova,-0.0003,0.0525
Eric Oncins,Lauren Stratman,0.0001,0.0502
Eric Roddy,Rachel Summers,-0.0028,0.0525
Christine Trifunovic,Sarah Ansboury,0.0044,0.051
Allison Phillips,Genie Erokhina,0.0145,0.052
Madeline Schulte,Jonny Pickleball Andrews,0.0089,0.0495
Kate Fahey,Kaitlyn Christian,-0.0027,0.0495
Caden Nemoff,Aanik Lohani,0.0153,0.0494
Cason Campbell,Luke Wasson,-0.0077,0.0518
Angie Walker,Augustus Ge,-0.0075,0.0515
Marshall Brown,Casey Diamond,-0.0056,0.0513
Blaine Hovenier,Tam Trinh,-0.0072,0.0539
Blaine Hovenier,Genie Bouchard,0.0104,0.0496
Madeline Schulte,Michelle Esquivel,-0.0055,0.0513
Sabrina Palavra,Kara Andrews,0.0045,0.0519
Steve Deakin,Sarah Ansboury,0.0054,0.0477
Martina Frantova,Wesley Burrows,-0.0089,0.0524
Genie Bouchard,Layne Sleeth,-0.0109,0.0497
Madalina Grigoriu,Marcela Donatoni,0.0016,0.049
Pablo Tellez,Alix Truong,0.0085,0.0526
Rachel Rettger,Shelby Bates,0.0011,0.0498
Jaeda Minniefield,Anri Ferris,-0.0002,0.0503
Will Howells,CJ Klinger,0.0041,0.0524
Regina Goldberg,Rachel Summers,0.0024,0.0546
Dalia Garza,Cade Pierson,0.0017,0.0501
Jade Kawamoto,Travis Rettenmaier,0.0005,0.0491
Yates Johnson,Rachel Rettger,0.013,0.0536
Rob Cassidy,Ryan Gilbert,-0.0098,0.0536
Farzin Amiri,Wesley Burrows,0.0138,0.0522
Cassidy Hoag,Jamie Haas,-0.0129,0.0494
Michael Loyd,Milan Rane,0.0059,0.0509
Liz Truluck,Wyatt Stone,-0.0006,0.0515
Kaitlyn Christian,Darrian Young,-0.0008,0.0521
Alia Brown,Audrey Adele Brown,-0.0053,0.0532
Shannon Pretorius,Allie Reichert,-0.0052,0.0488
Matt Wright,Federico Staksrud,0.0005,0.0458
Lacy Schneemann,Tyson McGuffin,0.016,0.0483
Jessie Irvine,Gabriel Tardio,0.0206,0.0434
Rafa Hewett,Jaume Martinez Vich,0.0006,0.0512
Vivienne David,Tyra Hurricane Black,-0.0038,0.0512
Pablo Tellez,James Ignatowich,0.0052,0.0507
Parris Todd,Lucy Kovalova,-0.0069,0.0513
Zane Navratil,Darrian Young,-0.0066,0.0522
Patrick Kawka,Tyler Loong,0.0032,0.0522
Eliel Herminas,Ajit Kurki,-0.0104,0.0514
Ryan Cating,Aaron Fuhrman,0.0074,0.0513
Jayden Broderick,Judit Castillo,0.0106,0.0523
Brandon Anandan,Dustin Boyer,0.0036,0.0529
Wade Heerboth,Tariq Ismail,0.0069,0.0519
Dylan Bricker,Austin Bricker,0.0002,0.0516
Devin Street,JT Troike,0.0012,0.0534
Cody Sivan,Rachel Janssen,0.0,0.0521
Sepand (sep) Attar,Abbigal Hatton,-0.0005,0.0496
Luke Wasson,Tiffany Landgraf,-0.0031,0.0528
James Broker,Carlota Trevino,0.0041,0.0508
Stephen Madonia,Shelby Bates,-0.0076,0.0515
Mason Park,Sarah Williams,0.0049,0.0526
Claudio Quinones Garcia,Ruben A Gonzales Jr,-0.0007,0.0499
James Seagraves,Sharienne Ricardo,0.0093,0.0496
Kayla Nesbitt,Zach Gonnering,-0.0034,0.055
Warren Fulgenzi Jr.,Danna Funaro,0.0028,0.0502
Austin Oreilly,Zach Gonnering,0.0042,0.0495
Jason Mok,Bassem Kheireddin,0.0064,0.0518
Cade Pierson,Matthew Mead,0.0197,0.0499
Luke Cartenuto,Jessica Mason,0.0104,0.0547
Chase Holderman,Josh Nix,-0.0011,0.0528
Chase Holderman,Nicole Pitts,0.0083,0.0501
Christa Gecheva,Etienne Blaszkewycz,0.0065,0.051
Sean Rafferty,Kelsey Rafferty,-0.0059,0.0502
Natalie Hur,Brett Finan,-0.0038,0.05
Dexter Rangel,Dillin Parsons,-0.0047,0.0487
Wilfredo Sarmiento,Zachary Marceau,-0.0022,0.0496
Andrew Meadows,Garrison Eaby,-0.0028,0.0506
Miguel Alda,Hao Nguyen,0.003,0.0503
Ryan Dawidjan,Yuta Funemizu,-0.007,0.0498
Sean Munoz,Christopher Null,-0.0034,0.051
Jack Foster,Grayson Goldin,0.0056,0.0501
Warren Fulgenzi Jr.,Dallas Dunn,0.0038,0.0488
Evgeniy Kim,Helen To,-0.0136,0.0516
Alec Martone,Jared Thurston,-0.0053,0.048
Daniel Traxler,John Neri,0.0019,0.0529
Jonny Pickleball Andrews,Salome Devidze,0.0004,0.0544
Barbora Vykydalova,Robert Slutsky,0.0013,0.053
Vova Zverkovsky,Sabrina Palavra,0.0051,0.0518
Asia Rose,Jake Stamps,-0.0069,0.0531
Ross Whittaker,Anna Lenhart,-0.0024,0.0533
Justin Hunter,Mason Park,0.0033,0.0518
Jake Stamps,Jacob Stegall,0.0052,0.051
Brian Kerr,Kara Andrews,0.0033,0.0523
Riley Bohnert,Richard Livornese Jr,0.0014,0.0501
Ella Yeh,Chandler Carnett,-0.0023,0.0525
Maximo Agoglia,Brian Kerr,-0.0023,0.0515
James Seagraves,Cody Sivan,-0.002,0.0515
Jayden Broderick,Richard Livornese Jr,0.0004,0.0524
Stephanie Joseph,George Congdon,0.0032,0.0522
Brett Finan,Chris Cooprider,-0.0008,0.0528
James Theriault,Matas Andrikonis,-0.0058,0.0507
Jace Morris,Jace Howard,-0.0092,0.0502
John Haskell,Matthew Nesbitt,0.0021,0.052
James Broker,Jordan Chrysostom,-0.0001,0.0522
Filipe Parichkov,George Rangelov,0.0071,0.0504
Myles Martin,Chase Orme,-0.0021,0.0502
Josh Ferguson,Seth Ferguson,-0.0045,0.0536
Taylor Garcia,Jordan Chrysostom,-0.0005,0.0497
Matthew Deaver,Oliver Frank,-0.0089,0.0539
Victoria Yu,Ryan Dawidjan,0.0024,0.0495
Ammar Wazir,Matthew Mead,0.0012,0.0523
Cody Milton,Scott Eibes,-0.0056,0.0538
George Congdon,Juan Pinilla,0.0007,0.0509
Ryan Skufca,Brandon Nsekpong,0.0039,0.0519
Tucker Mueck,Joshua Marshall,-0.0052,0.0528
Taine Bernhard,Skyler Bernhard,-0.0089,0.054
Justin Hunter,Shea Donahue,-0.0003,0.0526
Nick Petterson,Johnny Quinn,-0.0015,0.0527
Alex Hunt,Vova Zverkovsky,-0.0006,0.0516
Aleck Blair,Kobla Tetey,-0.0024,0.052
Yuta Funemizu,Anri Ferris,-0.0023,0.0495
Donald Young,Dominique Schaefer,-0.0061,0.0507
Callan Dawson,Rachel Summers,0.0068,0.0493
Gregory Dow,Alex Walker,-0.0136,0.0507
Martina Frantova,Patrick Kawka,0.0239,0.047
Yates Johnson,Angie Walker,-0.0029,0.0528
Alix Truong,Will Howells,-0.0042,0.0502
Amanda Hendry,Darrian Young,-0.0066,0.0519
Callie Smith,Connor Garnett,-0.0042,0.051
Tyler Loong,Catherine Parenteau,0.0015,0.0486
Camila Zilveti,Chuck Taylor,0.0132,0.0495
Rob Cassidy,Michelle Esquivel,0.0068,0.049
Anna Bright,Tyson McGuffin,-0.0005,0.051
Roscoe Bellamy,Milan Rane,-0.0002,0.0511
Erik Pailet,Rachel Rettger,0.0003,0.054
Cason Campbell,Olivia McMillan,0.0027,0.0516
Cassidy Hoag,Michael Loyd,-0.0009,0.0518
Quang Duong,Gregory Dow,0.0027,0.0497
Naveen Beasley,Keith Read,-0.0085,0.0521
Genie Erokhina,Olivia McMillan,-0.0016,0.0524
Blaine Hovenier,Donald Young,0.0135,0.0504
Layne Sleeth,Dominique Schaefer,0.005,0.051
Ryan Eveloff,Jonny Pickleball Andrews,-0.0103,0.0535
Stefan Auvergne,John Cincola,0.002,0.0531
Adrian Garza,Rio Newcombe,0.0015,0.0526
Eric Oncins,Rob Cassidy,0.005,0.0491
Federico Staksrud,James Ignatowich,-0.009,0.0517
Luke Wasson,Evgeniy Kim,0.0188,0.0508
Matt Wright,Dekel Bar,0.0002,0.049
Ryan Fu,Casey Diamond,-0.011,0.0508
Kate Fahey,Anna Bright,-0.0107,0.0443
Kayla Nesbitt,Lorena Duknic,-0.0007,0.0499
Hannah Blatt,Shelby Bates,0.0075,0.0525
Nicole Pitts,Shea Donahue,-0.0052,0.0494
Carlota Trevino,Jessica Mason,0.0025,0.05
Caitlin Klaassen,Taylor Garcia,0.0071,0.0521
Jessica Chernikova,Sarah Williams,-0.0054,0.0493
Julian Arnold,Pablo Tellez,-0.0041,0.0489
John Isner,Wyatt Stone,-0.0014,0.0525
Noe Khlif,AJ Koller,0.0154,0.0507
Ross Whittaker,Marshall Brown,-0.0017,0.0508
Rachel Summers,Michelle Esquivel,0.0,0.0495
Ernesto Russo,Dave Weinbach,0.0155,0.0509
Madeline Schulte,Genie Bouchard,0.008,0.0515
Gloria Son,Danna Funaro,-0.0041,0.0497
Samantha Parker,Rachel Rettger,-0.0016,0.0506
Victoria Yu,Courtney Glenn,-0.0069,0.0526
Yates Johnson,Roscoe Bellamy,-0.0075,0.0492
Alex Bowers,Audrey Lord,0.0062,0.0498
Kaitlyn Christian,Lacy Schneemann,0.0034,0.0512
Martina Frantova,Christa Gecheva,-0.0047,0.0518
Jorja Johnson,Tyra Hurricane Black,-0.0175,0.0436
Patrick Kawka,Collin Shick,-0.0058,0.0502
Cassidy Hoag,Trang Huynh,-0.0081,0.0509
Parris Todd,Vivienne David,-0.0235,0.0502
Grant Bond,Chandler Carnett,-0.0009,0.0525
Alix Truong,Lea Jansen,-0.0048,0.0476
Tamaryn Emmrich,Lauren Stratman,-0.0108,0.0518
Isaac Benally,Zachary Gard,-0.0032,0.0507
David Litvinov,Nicholas Wade,0.0004,0.0516
Luke Ness,David Sigler,-0.0057,0.0529
Francesco Avella,Austin Campbell,-0.0043,0.0494
Amir Tabatabaeian,Harrison Yee,0.0007,0.0511
Andrea Olson,Noah Zwiren,0.0033,0.0492
Billy Buchhauser,Tucker Mueck,0.0002,0.0544
Ethan Fukuda,Mac Young,0.0059,0.0534
Arjun Thyagarajan,Rollin Odama-Wong,0.0007,0.052
Ryan Finley,Lindsey Newman,-0.0091,0.05
Sabrina Guillebeaux,Angel Hernandez,0.01,0.0522
Lucas Jensen,Maxwell Jensen,-0.0031,0.0524
Laviniu Caba,Nicholas Parisi,0.0014,0.0521
Santha Bhasuthkar,Mohit Kherwa,-0.0091,0.0539
Dylan Goldman,Kady Pooler,0.0008,0.053
Chloe Igleski,Billy Buchhauser,-0.0009,0.0506
Scott Wong,Kirill Osadchuk,-0.0008,0.0526
Carl Taibl,Ambarish Rao,0.0017,0.055
Pesa Teoni,Trang Huynh,-0.0144,0.052
Madalina Grigoriu,Jericho Grollman,0.004,0.0513
Rianna Valdes,Roscoe Bellamy,-0.0073,0.0513
Naveen Beasley,Ekaterina Biakina,0.0001,0.0515
Isabella Ochoa,Ryan Fu,0.0061,0.0514
Clayton Truex,Luke Williams,0.0062,0.0531
Dmitry Wert,Ryan Diaz,-0.0006,0.0517
Allison Wu,Harrison Yee,-0.0017,0.0501
Tatiana Ruhl,Matthew Ginn,-0.0016,0.0527
Nicole Eugenio,Mota Alhouni,-0.0014,0.0506
Brittany Levkulich,Roger Dugas,0.0021,0.0492
Caden Nemoff,Michelle Esquivel,-0.0004,0.0502
Arjun Thyagarajan,Kayla Field,-0.002,0.0509
Will Howells,Milan Rane,0.0121,0.0511
Kailas Shekar,Alexis Nelson,-0.0029,0.0507
Malia K Lum,Farzin Amiri,-0.0005,0.051
Santhosh Narayanan,Brianna Kemp,-0.0014,0.0538
Madison Wold,Derek Shearer,-0.0074,0.0515
Thatcher Schwendiman,Maddy Rasmusen,-0.0086,0.0507
Levi Daniel,Angel Hernandez,-0.0063,0.0519
Dylan Goldman,Mikus Losbergs,-0.0026,0.0517
Jessica Mason,Yuta Funemizu,0.0059,0.0529
Samantha Martinez,Harding Brumby,-0.0044,0.0537
Garrett Fuglaar,Ruben Basurto,-0.0041,0.0508
Daniel Byun,Quan Do,0.0105,0.0528
Morgan Shepherd,John Paul Fruttero,0.0006,0.052
Lauren Stratman,Jack Munro,0.0054,0.0509
Alexander Lewkowicz,Nolan Smyth,0.0008,0.0532
Noah Moeckelmann,Grahm Moeckelmann,-0.0041,0.0538
David Litvinov,Carlota Trevino,-0.0074,0.0523
Ryan Gilbert,Benjamin Grant,-0.0037,0.0513
Dustin Weirich,Tyler Ausmus,-0.0041,0.0495
Chris G,David Wallace,0.0006,0.0515
Gregory Zukeran,Zandrix Acob,0.0062,0.05
Allison Chuang,Ryan Ali,-0.0057,0.0533
Carl Taibl,Chelsea Purcell,0.0047,0.0512
Judit Castillo,Anderson Scarpa,-0.0026,0.0496
Zack Taylor,Cade Pierson,-0.006,0.0501
Pramod Dabir,Ruben A Gonzales Jr,0.0059,0.0504
Audrey Adele Brown,Casey Diamond,-0.0032,0.0496
Mac Young,Joana Stark,0.002,0.0513
Matthew Mead,Prycen Haas,0.0032,0.0516
Daniel Byun,Kelly Chen,0.0054,0.0531
Mary Monson,Drake Palm,-0.003,0.0515
Mitchell Iwahiro,Ciara Kelly,-0.0014,0.05
Sam Angelo,Ryan Finley,0.0191,0.0516
Kara Andrews,Harrison Gold,0.0048,0.0518
Angie Walker,Michael Loyd,-0.0033,0.0491
Donald Young,Marcela Aguila Ampon,0.0116,0.0501
Parris Todd,Tyson McGuffin,0.0093,0.0512
Genie Erokhina,Marshall Brown,0.006,0.0504
Alexandra Walker,Gregory Dow,0.0009,0.0513
Ivan Jakovljevic,Samantha Parker,-0.0009,0.0487
Liz Truluck,Steve Deakin,-0.0102,0.0536
Susannah Barr,Connor Garnett,0.0026,0.0515
Alix Truong,Jaume Martinez Vich,-0.0108,0.0534
Riley Newman,Etta Tuionetoa,0.001,0.0539
Dekel Bar,Vivian Glozman,-0.0086,0.0513
Callie Smith,Chuck Taylor,-0.0012,0.0487
Kaitlyn Christian,Tyler Loong,0.0106,0.0496
Mary Brascia,Augustus Ge,-0.0158,0.047
Dominique Schaefer,Wesley Burrows,0.0157,0.0506
Christine Trifunovic,Darrian Young,-0.0006,0.0509
Quang Duong,Layne Sleeth,-0.0001,0.0509
Craig Johnson,Rachel Rettger,-0.0036,0.0511
Travis Rettenmaier,Jillian Braverman,-0.0064,0.0515
Wyatt Stone,Olivia McMillan,-0.003,0.0502
Rob Cassidy,Ryan Fu,0.0008,0.0511
Christine Trifunovic,Trang Huynh,0.0081,0.0521
Kayla Field,Juanita Magardie,-0.0082,0.0518
Pablo Tellez,Jaume Martinez Vich,-0.0156,0.0514
Travis Rettenmaier,Donald Young,-0.0063,0.048
Jericho Grollman,Marshall Brown,0.006,0.0492
Lea Jansen,Vivian Glozman,-0.004,0.0491
Hunter Johnson,Wesley Burrows,-0.004,0.0508
Erik Pailet,Zack Taylor,-0.0064,0.0521
Spencer Lanier,Clayton Powell,0.0023,0.0538
Madeline Schulte,Ekaterina Biakina,0.0062,0.0532
Ryan Eveloff,Mota Alhouni,-0.0012,0.0479
Drake Palm,Rio Newcombe,-0.008,0.0525
Allison Phillips,Lindsey Newman,-0.0024,0.0514
Genie Bouchard,Liz Truluck,-0.0018,0.0502
Federico Staksrud,Hayden Patriquin,0.0289,0.0425
Naveen Beasley,Kevin Dayan,-0.008,0.0513
Quang Duong,Noe Khlif,-0.0108,0.0502
Chloe Igleski,Jessica Mason,0.0004,0.0507
Bryanna Ojeda,Cade Pierson,-0.007,0.0524
Nicole Eugenio,Judit Castillo,-0.0051,0.0515
Kaitlyn Christian,Lauren Stratman,-0.0065,0.0523
Susannah Barr,Lina Padegimaite,-0.0024,0.0512
Angie Walker,Alexandra Walker,0.0015,0.0498
Thomas Wilson,Jack Sock,-0.0072,0.0496
Callie Smith,Alix Truong,0.0027,0.0496
Callan Dawson,Wyatt Stone,-0.0048,0.0487
Ciara Kelly,Laura Madison,-0.0063,0.0498
William Eteaki Jr Jr.,Luke Wasson,-0.0043,0.054
Brandon French,Darrian Young,-0.0138,0.0504
Caden Nemoff,Blaine Hovenier,-0.0001,0.0521
Audrey Adele Brown,Malia K Lum,0.0048,0.0511
Madison Wold,Chelsea Purcell,-0.0006,0.0516
Madalina Grigoriu,Isabella Ochoa,-0.0092,0.0517
Riley Newman,Gabriel Tardio,0.0087,0.054
Malia Bolko,Sarah Daly,-0.0037,0.0529
Rianna Valdes,Milan Rane,0.0029,0.0508
Ben Johns,James Ignatowich,-0.0014,0.0503
Ryan Sherry,Harrison Gold,-0.0004,0.055
Kento Tamaki,Ryan Ali,0.0023,0.0498
Chotika Wannachinda,Julie Cai,-0.0036,0.0472
Sophie Stevens,Joana Stark,0.0078,0.0504
Meghan Hart,Courtney Blaser,-0.0039,0.0516
Brianna Kemp,Andrea Olson,-0.0006,0.0506
Rob Hutchins,Elliot Markowitz,-0.0015,0.0529
Jenna Chan,Kelly Chen,-0.002,0.0523
Preston Bies,Jose Farias,-0.0053,0.0506
Lauren Wong,Ella Boydston,0.0116,0.0504
Sheryl Bon,Alex Chan,-0.0023,0.051
Carlota Trevino,Mary Monson,-0.0047,0.0512
Adrian Garza,Joel Poland,0.0029,0.0482
Casey Patterson,Adam Hill,-0.0004,0.0528
Max Green,Max Freeman,0.0075,0.0543
Jaden Lam,Jace Howard,0.002,0.0492
Ethan Evans,Ethan Dahl,-0.0012,0.0501
Jordan Bridge,Matthew Mead,0.0007,0.0518
Connor Mogle,Mariano Yeh,0.0039,0.0513
Jillian Braverman,Jack Munro,-0.0043,0.0517
Court Zalinski,Henry Boyle,0.0037,0.0515
Walter Lau,Joel Armstrong,0.0025,0.0526
Rick Howard,Shion Galata,-0.0036,0.051
Madalina Grigoriu,Ryan Fu,-0.0077,0.0498
Ryan Ali,Evgeniy Kim,0.0003,0.0485
Jace Morris,Gavin Fowler,-0.006,0.0508
Brodie Smith,Pally Ray,-0.0023,0.0486
Zach Gonnering,Nick Werner,-0.0041,0.0514
Alejandro Andino Vallverdu,Nicholas Garza,0.0007,0.0512
Yates Johnson,Yana Newell,-0.0007,0.0486
Demetric Marrero Jr,Audrey Banada,0.0003,0.0489
Cleo Bond,Tom Evans,0.003,0.0515
Louie Payetta,Natalie Raney,0.0002,0.0535
Cason Campbell,Cailyn Campbell,-0.0213,0.0519
Eugenia Carolina Lopez Ascarate,Zack Taylor,0.0109,0.0509
Pally Ray,Melissa Ferger,0.0013,0.0537
Flynn Kantzalis Orton,Kevin Pham,0.0022,0.0553
George Congdon,Alex Diaz,-0.0014,0.0535
Robert Davidson,Chas Howard,-0.0017,0.0509
Connor McCartney,Aron Ouye,0.0068,0.0502
Lorna Morris,Chris Walker,-0.0045,0.0516
Jalina Ingram,Adrian Garza,-0.0118,0.0499
Maximilian Wild,Ruben A Gonzales Jr,0.0063,0.0487
Jake Panno,Sebastian Herrera,-0.0018,0.0513
Blake Potter,Brittany Minna,-0.005,0.0504
Louie Payetta,Kevin Dayan,0.0009,0.0517
Eric Rubens,Chase Ora,-0.0051,0.0507
Jake Presser,Zack Taylor,0.001,0.0514
Vova Zverkovsky,Edward Kim,-0.0047,0.0519
Christopher Haworth,Shelby Bates,0.0085,0.0493
Ekaterina Biakina,Evgeniy Kim,0.004,0.05
Alex Chan,George Congdon,0.005,0.0489
Alex Hunt,Carl Taibl,0.0027,0.0515
Ian Yi,Leah Tauber,-0.0015,0.0502
Christa Gecheva,Casey Diamond,0.002,0.0506
Sarah Pham,Ross Whittaker,0.0105,0.0516
Jackson Ayotte,Dionne Lim,-0.0002,0.0502
Daniel Byun,Bryanna Ojeda,-0.0054,0.053
John Macauley,Sam Szymanski,-0.0026,0.0508
Arjun Thyagarajan,Harrison Yee,-0.001,0.0527
Ryan Smith,Maddy Rasmusen,0.0006,0.0516
Keaten Kappes,Tomoko Taniguchi,0.0016,0.0493
Mathew Andaya,Oscar Rodriguez,-0.0016,0.0559
Robert Davidson,Dalia Garza,-0.0005,0.0517
Connie Lee,Roman Kravchuk,0.0015,0.0517
Sivam Rao,Avneet Saluja,-0.0052,0.0516
Curtis Carlisle,Ben Whitesides,0.0016,0.0492
Lucas Pascoe,David Yahng,-0.001,0.0529
Julia Ronney,JT Troike,0.0021,0.0521
Mitchell Hargreaves,Alex Walker,-0.0044,0.0515
Xiao Yi Wang-Beckvall,Lucas Pascoe,-0.0022,0.0514
Phuc Huynh,Victoria Nguyen,-0.0001,0.0527
Sabrina Guillebeaux,Harrison Yee,-0.001,0.051
Ivana King,Derek Shearer,-0.005,0.0513
Ryan Finley,Zach Silvernail,-0.0013,0.0512
Will Mackinnon,Benjamin Grant,0.0113,0.0501
Luke Williams,Roman Kravchuk,0.0006,0.0534
Grayson Goldin,Christopher Haworth,-0.0035,0.0498
JD Owens,Alex Reyna,0.0009,0.0527
Jessica Mason,Aron Ouye,-0.0049,0.0527
Luke Cartenuto,JT Troike,-0.0047,0.0485
Ridley Seguso,Zandrix Acob,0.001,0.0505
Jonny Pickleball Andrews,Kara Andrews,-0.0063,0.0514
Audrey Adele Brown,Ryan Finley,0.0109,0.0512
Lucah Folden,Keith Read,-0.0063,0.0536
Daniel Traxler,Henry Boyle,-0.0062,0.0524
Jonathan Truong,Chiron Burl,0.0092,0.0498
Sergey Afanasenka,Allen W Wang,-0.0037,0.0509
John Thorn,Dylan Kato,0.0056,0.0528
Ivy Bewley,Paul Bewley,-0.0051,0.0497
Danica Wolf,Anders Jansson,0.0034,0.0522
Mouaad Alhouni,Keith Read,-0.0055,0.0487
Rafa Hewett,Mari Humberg,0.0168,0.0511
Regina Goldberg,Callan Dawson,0.0015,0.0499
Regina Goldberg,Emily Cederquist,-0.0014,0.052
Genie Bouchard,Ryan Sherry,-0.0043,0.0503
Madeline Schulte,Blaine Hovenier,-0.0052,0.0493
Eric Oncins,Milan Rane,-0.0079,0.0483
Todd Fought,Olivia McMillan,-0.0079,0.0513
Lucah Folden,Melissa Ferger,-0.0038,0.0526
Travis Rettenmaier,Meghan Dizon,0.0086,0.0483
Noe Khlif,Collin Shick,-0.0028,0.0488
Angie Walker,Daniel De la Rosa,0.0045,0.0528
Irina Tereschenko,Wyatt Stone,-0.0046,0.0528
Audrey Adele Brown,Leah Tauber,-0.0029,0.0517
Dalia Garza,Jalina Ingram,0.0101,0.0497
Mohaned Alhouni,Lauren Stratman,0.0105,0.0523
Hayden Patriquin,Vivian Glozman,0.0037,0.0524
Kaitlyn Christian,Connor Garnett,-0.0123,0.0516
Madalina Grigoriu,Alex Chan,-0.0046,0.0509
Etta Tuionetoa,Hunter Johnson,-0.0,0.0511
Andrew Angulo,Brett Clayton,-0.004,0.0492
Zane Navratil,Allyce Jones,-0.0136,0.0505
Eric Roddy,Layne Sleeth,-0.0099,0.0509
AJ Koller,Ilvana Trujillo,0.0037,0.0516
Rob Cassidy,Daniel Jensen,0.0031,0.0481
Matt Baca,Luke Wasson,-0.0029,0.0499
Marshall Brown,Jonny Pickleball Andrews,0.0054,0.0494
Jessica Mason,Ekaterina Biakina,-0.0006,0.0535
Danica Wolf,Helen To,-0.0071,0.0529
Ryan Fu,Johnny Goldberg,-0.0117,0.0503
Cason Campbell,Dave Bacalla,-0.0041,0.0517
Lingwei Kong,Marcela Aguila Ampon,-0.0051,0.0485
Bryanna Ojeda,Michelle Murphy,-0.0049,0.0496
Madeline Schulte,Christine Trifunovic,-0.0045,0.0521
Christine Maddox,Kaitlyn Christian,0.0058,0.0533
Tia Elpusan,Chelsea Purcell,-0.0014,0.0532
Michelle Esquivel,Olivia McMillan,0.001,0.0484
Ivy Tschetter,Cleo Bond,-0.0072,0.0552
Jillian Braverman,Natalie Raney,0.0054,0.0513
Iliana Petrova,Cailyn Campbell,-0.0063,0.0536
Ben Newell,Daniel De la Rosa,-0.0014,0.0533
Tyler Loong,Jessie Irvine,0.0052,0.0512
Riley Newman,Lea Jansen,0.0001,0.0473
Steve Deakin,John Cincola,0.0101,0.0511
Quang Duong,Donald Young,0.0028,0.049
Xiao Yi Wang-Beckvall,Audrey Banada,-0.0037,0.0513
Ross Whittaker,Naveen Beasley,0.0023,0.0481
Roman Estareja,Kento Tamaki,0.0045,0.0521
Mitchell Hargreaves,Tom Evans,0.0051,0.0496
Madison Wold,Averry Chew,-0.0067,0.0488
Nicole Eugenio,Courtney McIntosh,-0.0043,0.051
Jackson Ayotte,Kyle Koszuta,0.0006,0.0516
Bao Duong,Ryan Eveloff,-0.0011,0.0523
Jeff Warnick,Wesley Burrows,-0.0026,0.0498
Riley Newman,Zane Navratil,-0.0022,0.0517
AJ Koller,Roscoe Bellamy,0.0027,0.0504
Pablo Tellez,Hayden Patriquin,0.0282,0.0475
Rafa Hewett,Eric Oncins,-0.0003,0.0514
Genie Erokhina,Eugenia Carolina Lopez Ascarate,-0.0099,0.0523
Irina Tereschenko,Allyce Jones,0.004,0.0511
Tyler Loong,James Ignatowich,0.0019,0.0486
Cody Milton,Aaron Fuhrman,0.0032,0.05
Casey Diamond,Rachel Rettger,-0.0089,0.0555
Robert Slutsky,Sarah Williams,0.0177,0.0503
Kevin Dayan,Mota Alhouni,0.0117,0.0535
Emily Stumpf,Sammy Lee,-0.0018,0.0526
Aiko Yoshitomi,Kenta Miyoshi,-0.0128,0.05
Eric Oncins,Patrick Kawka,-0.0108,0.0533
Sam Szymanski,Brock Rzesnowiecky,-0.0016,0.0496
Phillip Locklear,Jericho Grollman,0.0053,0.0512
Spartak Rahachou,Mouaad Alhouni,-0.0001,0.0513
Alex Lantz,Kyle Goodburn,0.0003,0.0552
Aizec Olson,Matt Haugdahl,-0.0048,0.0499
Edward Perez,Marshall Brown,-0.0025,0.053
Daniel Traxler,Daniel Howard,-0.0,0.0509
Brandon Nsekpong,Chandler Carnett,0.0035,0.049
Jeremy Lim,Jase Edwards,-0.0048,0.0511
Sofia Sewing,Tanner Tomassi,-0.009,0.0512
Edward Perez,Jocelyn Feirer,0.0037,0.0499
Maria Montgomery,Daven Bhagar,-0.0063,0.0505
Kate Fahey,Patrick Kawka,0.0044,0.0499
Jaiden Sam,Jake Kuhlman,0.0082,0.0544
Rachael James,Donald Young,-0.0026,0.049
Brandon Nsekpong,Danna Funaro,0.0023,0.0544
Sabrina Palavra,Jordan Chrysostom,-0.0096,0.0516
Yuta Funemizu,Dionne Lim,0.0062,0.0504
Adrienne Kutz,TJ Stansbury,0.0041,0.0527
Josh Johnson,Brian Bomgren,-0.0015,0.0512
James Seagraves,Taine Bernhard,-0.0004,0.0516
Kaicen Dudek,Quinton Birkeness,0.0026,0.0526
Caden Nemoff,Robert Slutsky,0.0002,0.0531
Tanner Tomassi,Kyle Koszuta,0.0021,0.05
Johnny Goldberg,Etienne Blaszkewycz,0.0003,0.05
Kobla Tetey,Matt Ngo,-0.0052,0.0522
Max Freeman,Juan Benitez,-0.0099,0.0531
Nathan Matthews,Matthew Mead,-0.0025,0.0526
Audrey Adele Brown,Pesa Teoni,0.0014,0.0516
Matthew Barlow,Emma Nelson,0.0084,0.0527
Ross Whittaker,Zoey Weil,-0.015,0.0509
Brendon Long,Andre Mick,0.0062,0.051
Luke Cartenuto,Elliot Schneider,0.0039,0.0526
Jeremy Graham,Casey Parnell,-0.0011,0.0519
Ram Kotnana,Jordan Chrysostom,-0.0052,0.0521
Regina Goldberg,Brandon French,-0.0058,0.0515
Marykate Washelesky,Joseph Alvarez,0.0061,0.0551
Alec Martone,Alex Hunt,-0.0004,0.0522
Zachary Marceau,Wesley Burrows,-0.0037,0.0509
Claudio Quinones Garcia,Dustin Boyer,-0.0056,0.05
Ammar Wazir,Neil Mediratta,0.0084,0.0507
Christa Gecheva,Kyle Koszuta,-0.0006,0.0491
Jonny Pickleball Andrews,Yaamunan Venkatesan,0.0031,0.0487
Justin Dering,Matt Bozoian,-0.0037,0.0522
Collin Maris,TY Butson,-0.0001,0.0504
Alex Lantz,Abbigal Hatton,-0.0013,0.0537
Jack Hansen,Jamie Voelker,0.0058,0.0509
Nathan Peters,Jennifer Corley,-0.0029,0.0492
Willy De Vilchez,Joel Richards,0.0063,0.0541
Bruno Barrueto Deza,Jeronimo Alvear,0.0018,0.0502
Jay Evans,Aleck Blair,-0.0083,0.0503
Eris Rivera,Evgeniy Kim,0.0005,0.0529
Aiden Petterson,Bryan Willey,-0.0011,0.0546
Ethan Violette,Mikar Larenzo Fisher,-0.0012,0.0498
Gavin Vaughn,Alice Stoleru,-0.005,0.0501
Cade Pierson,Chandler Carnett,0.0009,0.0514
Jordan Betts,James Delgado,0.006,0.0492
Kyle Rinck,Parker Ward,-0.0038,0.0495
Rodrigo Reyes,Olivia Phillips,0.0106,0.0514
Jordan Betts,Brittni Tonnessen,-0.0006,0.0517
Scott Peck,TJ Stansbury,-0.0014,0.0501
Nathan Peters,Jared Smart,-0.0013,0.0528
Rob Cassidy,Ryan Sherry,0.013,0.0509
Tucker Mueck,Ben McNair,-0.0013,0.0509
Mota Alhouni,Ilvana Trujillo,-0.001,0.0514
Sean Rafferty,Robert Shields,-0.0059,0.0516
William East,James Janssen,-0.006,0.0514
Allie Davis,Ben McNair,-0.006,0.0502
Rachel Janssen,Harsh Nanavati,0.0013,0.0519
Saby Karuppiah,Bret Berryman,0.0012,0.0515
Jack Hansen,Dan Forsythe,-0.0051,0.0497
Jake Kuhlman,Harsh Nanavati,0.0025,0.0517
Luke Wasson,Charlotte Wasson,0.0036,0.0513
Hong Kit Wong,Ryan Lam,-0.0005,0.0516
Taylor Stockton,Kenta Miyoshi,0.0007,0.0506
Chad Morris,Kenny Burst,-0.006,0.0546
Etta Tuionetoa,Christian Alshon,0.0069,0.0466
Blaine Hovenier,Martina Frantova,0.0121,0.0525
Lacy Schneemann,Gabriel Tardio,-0.0022,0.0501
Patrick Smith,Olivia McMillan,0.0064,0.0508
Mari Humberg,CJ Klinger,-0.0177,0.0475
Augustus Ge,Jackie Kawamoto,-0.0053,0.0507
Steve Deakin,Pierina Imparato,0.0194,0.0511
Jamie Haas,Darrian Young,-0.01,0.0502
Federico Staksrud,Catherine Parenteau,0.0129,0.0473
Jack Sock,Lea Jansen,0.0061,0.0472
Julian Arnold,Andrea Koop,-0.0047,0.0509
Tyson McGuffin,Vivian Glozman,-0.0008,0.0493
Ewa Radzikowska,Pablo Tellez,0.0009,0.0505
Mohaned Alhouni,Chao Yi Wang,-0.0093,0.0503
Craig Johnson,Lauren Stratman,-0.0096,0.0513
Callan Dawson,Leah Tauber,0.0094,0.0497
Helena Jansen,Daniel Jensen,-0.0071,0.0517
AJ Koller,Marcela Aguila Ampon,-0.008,0.0504
Rafa Hewett,Layne Sleeth,-0.0011,0.0519
Bobbi Oshiro,John Cincola,-0.0063,0.0541
Marshall Brown,Monica Paolicelli,-0.0014,0.0508
Jessie Irvine,Hayden Patriquin,-0.007,0.0508
Ivan Jakovljevic,Sarah Ansboury,0.0097,0.053
Angie Walker,Jaume Martinez Vich,-0.0039,0.0486
Yates Johnson,Vivienne David,0.0036,0.0494
Eric Roddy,Samantha Parker,-0.0026,0.0519
Michael Loyd,Alex Walker,-0.0075,0.0527
Cade Pierson,Michelle Murphy,0.0023,0.0501
Aiko Yoshitomi,Dionne Lim,-0.0031,0.052
Sofia Sewing,Ava Ignatowich,-0.0058,0.0497
Brie Aldridge,Danna Funaro,-0.0006,0.0526
Nicole Eugenio,Martina Frantova,-0.0025,0.0503
Zoey Weil,Sarah Williams,0.0042,0.0529
Rafa Hewett,Julian Arnold,-0.0106,0.0515
Ryan Fu,Gregory Dow,0.0063,0.0502
Regina Goldberg,Carolina Mayorga-Perry,-0.0088,0.052
Rachael James,Monica Paolicelli,0.009,0.0495
Callan Dawson,Pablo Tellez,0.0159,0.0512
AJ Koller,Brandon French,0.0106,0.0499
Callie Smith,Allyce Jones,0.0008,0.0484
Noe Khlif,Ivan Jakovljevic,-0.005,0.0513
Jade Kawamoto,Lacy Schneemann,0.0091,0.049
Federico Staksrud,Gabriel Tardio,0.0338,0.0504
Christian Alshon,Hayden Patriquin,-0.0194,0.0438
Genie Erokhina,Trang Huynh,0.0091,0.0541
Rachel Janssen,Kendall Warren,-0.0007,0.0517
Jennifer Reifschneider,Jennifer Corley,0.0016,0.0528
Daria Walczak,Lauren Stratman,-0.0002,0.0539
Todd Fought,CJ Klinger,-0.0083,0.0516
Alex Bowers,Allie Davis,0.0094,0.0515
V. Mary Rivas,Susie Epp,0.0012,0.0539
Adrienne Kutz,Casey Parnell,-0.0013,0.051
Jessica Mason,Kara Andrews,-0.0116,0.0519
Hannah Blatt,Lingwei Kong,0.0063,0.0517
Sarah Ansboury,Olivia McMillan,-0.0075,0.0485
Augustus Ge,Darrian Young,-0.0166,0.0511
Tamaryn Emmrich,Kaitlyn Christian,-0.0136,0.0522
Eugenia Carolina Lopez Ascarate,Pierina Imparato,-0.0004,0.0512
Audrey Adele Brown,Helena Jansen,-0.0,0.053
Mohaned Alhouni,Spencer Smith,-0.009,0.0496
Kate Fahey,Allison Phillips,0.0041,0.0512
Andrea Koop,Jessie Irvine,0.0079,0.0482
Tyra Hurricane Black,Vivian Glozman,-0.0024,0.0493
Olivia Phillips,Jocelyn Feirer,-0.0033,0.0508
Lauralei Bieger,David Bieger,0.0118,0.0529
Zandrix Acob,Wade Bryant,0.0002,0.0518
Sydney Donkena,Amrik Donkena,0.0078,0.0498
Henry Boyle,Mehvish Safdar,0.0041,0.0474
Jade Rau,Ethan Miller,-0.0052,0.0495
Joseph Roeder,Nicole Lange Beidacki,0.0022,0.0509
Jack Foster,Andre Mick,0.0017,0.052
Henry Boyle,Anouar Braham,-0.002,0.0501
Jonathan Truong,David Bieger,-0.0049,0.0473
Grayson Goldin,Roman Estareja,-0.0052,0.0492
Ross Whittaker,Salome Devidze,-0.0114,0.0554
Robert Laidlaw,Shannon Pretorius,-0.0049,0.0475
Connor Mogle,Leah Tauber,0.0013,0.0541
Kentaro Hamaguchi,Jose Roberto Velasco,0.004,0.0514
Brandon Contratto,Jayce Landheer,0.0002,0.0506
Ashton Cottrell,Adam Yeager,0.0003,0.0514
Madalina Grigoriu,Anouar Braham,-0.0006,0.0504
Brandon Contratto,Stevie Petropouleas,-0.0051,0.0509
Len Yang,Abigail Okelley,-0.0058,0.0516
Jimmy Terzian,Michael Asplund,-0.0074,0.0538
Merritt Wilburn,Mickulas Ray,0.0023,0.0518
Amanda Studnicki,Jonathan Truong,-0.0015,0.0514
Kate Fahey,Yates Johnson,0.0037,0.0519
Mark Fletcher,Wesley Fletcher,-0.0007,0.0539
Court Zalinski,Joshua Giannelli,-0.005,0.0501
Amanda Hendry,Andre Mick,0.0038,0.0529
Peter Klingsheim,Ryan Berg,0.0004,0.0521
Tucker Segars,Hannah Okelley,0.0015,0.0535
Zoey Weil,Evgeniy Kim,-0.0025,0.0534
Ting Chieh Wei,Andrew Wang,-0.001,0.0499
Casey Diamond,CJ Klinger,0.0046,0.0515
Tucker Segars,Chase Mason,-0.0047,0.0488
Naveen Beasley,Dustin Boyer,0.0022,0.0511
Luke Cartenuto,Chase Ruff,-0.0013,0.0502
Kenneth Suarez,Andi Godwin,-0.0009,0.0513
Adrian Garza,Yuta Funemizu,0.0026,0.0518
Joey Campagna,Wynn Johnson,-0.004,0.0515
Neil Mediratta,Hailee Haymore,-0.0001,0.0489
Jordan Chrysostom,Selim Ben Ali,-0.0012,0.0539
Jarryd Woog,Ashley Hewitt,0.0002,0.053
Max Freeman,Sofia Sewing,-0.0068,0.0522
Chandra Kusuma,Oliver Wei,0.0004,0.0532
Valerie R Simon,Mickulas Ray,-0.0071,0.0512
Noe Khlif,Regina Goldberg,0.0004,0.0504
Sarah Hua,Miguel Alda,0.0062,0.0515
Ryan Sherry,Komal Safdar,0.007,0.0514
Christian Roehmer,Zack Bosshard,-0.0014,0.0512
Yaamunan Venkatesan,Miguel Alda,0.0015,0.0499
Arnab Baruah,Alex Lawhun,-0.0007,0.0524
David McNally,Andrew Wang,-0.0009,0.0499
Timothy Cass,Oliver Wei,0.0001,0.0527
Colten Ponder,Brookes Jones,-0.0028,0.0523
Carolina Correia,Kyle Welch,-0.0034,0.0547
Waymon Peet,Justin Lui,0.0015,0.0498
Kentaro Hamaguchi,Giorgia Vitale,0.0093,0.0515
Cade Lindgren,Johnny Dong,-0.0064,0.0477
TY Butson,Antonio Cummings,-0.0003,0.0529
George Bulger,Ethan Paik,-0.0034,0.0517
Zachary McDivitt,Evan Gan,-0.002,0.0496
Corbin McAvinew,Avery Rogers,-0.0005,0.0497
Ahmad El-Zarif,Gianna Southwick,0.0031,0.0532
Alia Brown,Yaamunan Venkatesan,-0.001,0.051
Jackie Kawamoto,Jaume Martinez Vich,0.017,0.0499
Quang Duong,Alix Truong,0.0005,0.0504
Samantha Parker,Wesley Burrows,-0.0082,0.0503
Christian Alshon,Anna Bright,-0.02,0.0519
Jay Devilliers,Judit Castillo,-0.0036,0.051
Angie Walker,CJ Klinger,0.0068,0.0533
Gabriel Tardio,Tyra Hurricane Black,-0.021,0.0502
Andrei Daescu,Catherine Parenteau,-0.0043,0.0502
Martina Frantova,Michael Loyd,-0.0086,0.0532
Chao Yi Wang,Pablo Tellez,0.014,0.047
Chuck Taylor,Olivia McMillan,-0.0127,0.0513
Hunter Johnson,Lacy Schneemann,-0.0051,0.0488
Pierina Imparato,Pesa Teoni,-0.0003,0.0493
Camila Zilveti,Brandon French,-0.0033,0.0512
John Cincola,Marcela Aguila Ampon,0.0009,0.052
Roscoe Bellamy,Rachel Rettger,-0.0005,0.0502
Dekel Bar,Hayden Patriquin,-0.0016,0.0522
Andrei Daescu,James Ignatowich,-0.0038,0.0507
Jorja Johnson,Vivian Glozman,0.0309,0.0513
Jessica Haywood,Hailee Haymore,0.0158,0.0531
Chandra Kusuma,Helena Jansen,-0.001,0.0499
Spencer Smith,Darrian Young,-0.0059,0.0523
Jessie Irvine,Tyra Hurricane Black,0.0055,0.0522
Cassidy Hoag,Sarah Hua,-0.0019,0.05
Lauren Stratman,Milan Rane,-0.0101,0.0512
Noe Khlif,Tyler Loong,0.0106,0.0497
Hunter Johnson,Roscoe Bellamy,-0.0131,0.0494
Todd Fought,Michael Loyd,0.0376,0.0468
Eric Roddy,Ivan Jakovljevic,-0.003,0.0526
Sydney Donkena,Zoey Weil,0.0016,0.0538
Quang Duong,Christian Alshon,0.014,0.0513
Regina Goldberg,Sarah Ansboury,0.0061,0.0507
Simone Jardim,Allyce Jones,0.0061,0.0504
Madeline Schulte,Hannah Blatt,0.0011,0.0513
Jay Devilliers,Pablo Tellez,0.0082,0.0492
Cason Campbell,Jonny Pickleball Andrews,0.0013,0.0533
Chuck Taylor,Steve Deakin,0.0029,0.0497
Ting Chieh Wei,Amanda Studnicki,-0.0065,0.0511
Alia Brown,Emilia Schmidt,-0.0068,0.0518
Alix Truong,Jackie Kawamoto,-0.0109,0.0518
Jamie Haas,Olivia McMillan,-0.0088,0.0498
Caitlin Klaassen,Jessica Mason,-0.0052,0.0517
Julian Arnold,Brandon French,-0.0001,0.0466
Sophia Dorsey,Gianna Southwick,0.0015,0.0506
Giorgia Vitale,Anri Ferris,0.0139,0.0507
Jade Rau,Jayda Maldonado,-0.0099,0.0494
Lingwei Kong,Bobbi Oshiro,-0.0001,0.053
Leah Tauber,Marcela Aguila Ampon,0.0066,0.0484
Madalina Grigoriu,Cailyn Campbell,0.0023,0.0531
Nicole Eugenio,Genie Erokhina,-0.0002,0.0501
Lauralei Bieger,Fiorella Bozzetto,-0.0013,0.0522
Shannon Pretorius,Nicole Lange Beidacki,0.0005,0.0518
Kate Fahey,Amanda Hendry,0.003,0.0507
Martina Frantova,Samantha Parker,-0.0035,0.0505
Sofia Sewing,Dominique Schaefer,0.0128,0.0488
Jojo Henderson,Hannah Okelley,-0.0033,0.0487
Anabel Pollan Sanchez,Andi Godwin,-0.0049,0.0485
Amber Policare,Valerie R Simon,-0.0109,0.0502
Dominique Canale,Shona Kerr,0.002,0.0515
Ryan Fu,Max Freeman,0.0116,0.0471
George Bulger,Kyle Wong,-0.0021,0.0494
Kailas Shekar,Louie Payetta,0.008,0.0527
Bryanna Ojeda,Jose Farias,-0.0003,0.0493
Ridley Seguso,Jack Seymour,0.0025,0.0503
Jared Eaton,Mitchell Tate,0.0059,0.0528
John Thorn,Braden Jacobson,0.0019,0.0517
Wendy Weston,Miles Hoover,-0.005,0.0509
Veronika Miroshnichenko,Anthony Skalabrin,-0.0002,0.053
Genie Erokhina,Christopher Haworth,0.0082,0.0519
Aline Morales,Kaihe Allen,-0.0025,0.0499
Sam Weinbach,Luke Wasson,0.0112,0.0492
Nick Petterson,Michael Wolf,-0.0068,0.0527
Michael Jenson,Kelly Stewart,-0.003,0.051
Chloe Igleski,Nick Petterson,0.0059,0.0535
Zach Gonnering,Mary Monson,0.0038,0.0492
Anthony Skalabrin,Andrew Gale,0.0042,0.0518
Zandrix Acob,Diego Lebron Perez,-0.0078,0.0513
Liam Duffin,Averee Beck,-0.0013,0.0486
Edward Perez,Adam Harvey,-0.0343,0.0499
Nicole Eugenio,Naveen Beasley,0.0123,0.0502
Bruno Barrueto Deza,Elizabeth Boydston,0.0141,0.0492
Domenika Turkovic,Kevin Dayan,-0.0027,0.053
Erik Pailet,Nick Black,0.0051,0.0489
Corbin Devlin,Miles Hoover,-0.0024,0.0526
Cody Sivan,Kenta Miyoshi,0.0038,0.0495
Dylan Kato,Jaxon Madsen,-0.0022,0.055
Joshua Reason,Juan Benitez,-0.0025,0.0508
Adrienne Kutz,Joshua Reason,-0.0052,0.0511
Jared Puamau,Mele Toli,0.0002,0.0555
Jordan Tilley,Troy Osborn,-0.0006,0.0532
Andi Godwin,Juan Benitez,0.0143,0.0531
Billy Buchhauser,Simone Leonard,-0.009,0.0513
Tanner Burningham,Matt Cragun,-0.0004,0.0522
Edward Perez,Helena Jansen,0.0198,0.0525
Lucas Coutinho,Marianna Petrei,0.0072,0.0519
Matt Arnell,Travis Thompsen,0.0021,0.0516
Keaton Cullimore,Quentin Wilson,0.0004,0.0504
Cade Pierson,Tanner Tomassi,0.0008,0.0516
Natalie Hur,Jose Martinez,0.0014,0.0515
David Litvinov,Madalina Grigoriu,0.0074,0.0496
Jace Howard,Clayton Boydston,0.002,0.05
David Litvinov,Mikus Losbergs,-0.0028,0.0508
Benson Parry,Zach Gonnering,0.0122,0.0499
Lizzie McFarland,Luke Anderson,-0.0044,0.051
Marshall Brown,Kyle Koszuta,-0.0037,0.0517
James Delgado,Rio Newcombe,0.0013,0.0497
Kevin Caulfield,Zak Parks,-0.0086,0.0502
Jackson Ayotte,Yuta Funemizu,-0.0001,0.0486
Jonathan Truong,Tanner Tomassi,-0.0009,0.0559
Andre Mercado,Nick Werner,0.0008,0.0522
James Kaoma,Mulima Mulenga,-0.0038,0.0505
Tavon Morrow,Miguel Alda,0.0034,0.0521
Kate Fahey,Anderson Scarpa,0.0021,0.0518
Andre Mercado,Jalina Ingram,-0.0148,0.0506
Lucas Coutinho,Billy Buchhauser,-0.0013,0.0506
David Hall,Ethan Violette,0.007,0.0517
Mark Potes,Sunny Krittayaweth,-0.0062,0.0516
Gerald Ferrer,Frazier Springfield,0.0042,0.0509
Cassidy Hoag,Zak Parks,-0.0203,0.0519
Ryne Fertitta,Andrew Caldarella,0.002,0.0496
Dalia Garza,Miguel Salgado,0.0007,0.0515
Edward Gardner,Alexander Qi,-0.0041,0.0508
Aaron Borno,Navjeet Jammu,-0.0029,0.0505
Keith Read,Gabriel Andersen,-0.0014,0.0511
Thatcher Schwendiman,Dodo Kong,-0.0077,0.0522
Robert Laidlaw,Sarah Williams,-0.0038,0.0517
Len Yang,Kristen Walsh,0.0005,0.0552
Gavin Fowler,Olivia Phillips,0.0038,0.0495
Liam Duffin,Justin Fullmer,-0.0026,0.0515
Savanna Ticknor,Sam Angelo,-0.0014,0.0479
Cody Sivan,Hannah Fife,-0.003,0.0507
Lauren Mercado,Ryan Finley,-0.0038,0.0515
Michael Jenson,Ben Whitesides,-0.0013,0.0519
Noe Khlif,Allison Phillips,0.0186,0.0526
Angie Walker,Casey Diamond,-0.0132,0.049
Layne Sleeth,Ivan Jakovljevic,-0.0004,0.051
Travis Rettenmaier,Alex Walker,-0.0042,0.0518
Pablo Tellez,Mari Humberg,0.0089,0.0535
Jack Sock,Jackie Kawamoto,-0.02,0.0502
Wesley Burrows,Olivia McMillan,0.0333,0.0499
Collin Johns,Allyce Jones,-0.0115,0.0518
Riley Newman,Callie Smith,-0.0057,0.0499
Etta Tuionetoa,Augustus Ge,0.011,0.0499
Darrian Young,Judit Castillo,-0.0153,0.0517
Steve Deakin,Casey Rodgers,0.0024,0.0506
Mohaned Alhouni,Ewa Radzikowska,-0.0077,0.0491
Veronika Miroshnichenko,Mary Monson,0.0006,0.0541
Lingwei Kong,Genie Erokhina,0.0288,0.0482
Brianna Kemp,Lauren Mercado,0.0033,0.0499
Kate Fahey,Alix Truong,0.0065,0.0509
Chloe Igleski,Marianna Petrei,0.0083,0.0503
Collin Johns,Dekel Bar,-0.0044,0.0522
Bryanna Ojeda,Aline Morales,0.0037,0.0509
Federico Staksrud,Augustus Ge,0.0059,0.0514
Riley Newman,Brandon French,0.0007,0.0486
Ewa Radzikowska,Christa Gecheva,-0.0002,0.0527
Noe Khlif,John Cincola,-0.0049,0.0495
Elizabeth Boydston,Kelly Stewart,-0.0006,0.0525
Chuck Taylor,Jose Farias,-0.001,0.052
Averee Beck,Dodo Kong,-0.0006,0.05
Mele Toli,Brooke Bromley,-0.0044,0.0522
Madalina Grigoriu,Cade Pierson,0.0003,0.0519
Callan Dawson,Kento Tamaki,-0.0052,0.0497
Nicole Kalhorn,Simone Leonard,0.0165,0.0518
Aiko Yoshitomi,Casey Rodgers,-0.0018,0.0531
Caitlin Klaassen,Domenika Turkovic,0.0049,0.0497
AJ Koller,Spencer Smith,0.0142,0.0505
Lorna Morris,Maya Morris,-0.002,0.0514
Natalie Hur,Olivia Phillips,0.0008,0.053
Mike Anderson,Darrian Young,-0.0048,0.0518
Cassidy Hoag,Rachel Rettger,0.0029,0.0498
Travis Rettenmaier,Wyatt Stone,-0.0065,0.051
Brie Aldridge,Charlotte Wasson,-0.0025,0.0527
Lexi Jensen,Sarah Williams,-0.0031,0.0502
Martina Frantova,Liz Truluck,-0.0128,0.0499
Hannah Blatt,Helena Jansen,-0.0055,0.0516
Allison Phillips,Ava Ignatowich,0.0117,0.0534
Nicole Eugenio,Marcela Aguila Ampon,-0.0073,0.0523
Rafa Hewett,Hunter Johnson,-0.0091,0.0522
Lizzie McFarland,Hannah Fife,-0.0049,0.0515
Kaitlyn Christian,Olivia McMillan,0.0008,0.0523
Daniel Jensen,Wesley Burrows,-0.0011,0.0506
Chao Yi Wang,Judit Castillo,-0.0034,0.0527
Brenna Murray,Clayton Boydston,-0.0056,0.0516
Madison Wold,Logan Rosenbach,-0.0025,0.0537
Bryanna Ojeda,Chase Ora,-0.0023,0.0535
Jake Presser,Chelsea Purcell,-0.0054,0.0534
Lauren Wong,Marshall Brown,0.0111,0.0495
Kevin Dayan,Michelle Murphy,-0.0026,0.0522
Pally Ray,Ivana King,0.0077,0.0499
Charles Case,Dodo Kong,0.0013,0.0532
Thatcher Schwendiman,Ella Boydston,0.0051,0.0525
Jorge Quintero,Allie Kostyniuk,0.0013,0.052
Ryan Finley,Molly Knox,-0.0007,0.0505
Julia Ronney,Kyle McMakin,-0.0029,0.0527
Jessica Mason,Bryce Larson,0.0037,0.0515
Averry Chew,Yaamunan Venkatesan,-0.0072,0.0543
Reyna Ash,Andre Millet,-0.0024,0.0521
Liam Duffin,Brittny Rogers,-0.0023,0.0509
Caden Nemoff,Trang Huynh,-0.006,0.0479
Darcy Shore,Scott Berke,-0.0016,0.0512
Brandon French,Spencer Smith,0.0023,0.0509
Liam Duffin,Logan Rosenbach,0.0018,0.0514
Kyle Bachman,TY Parrish,-0.0007,0.0535
Andre Millet,Adrian Garza,-0.0003,0.0504
Dean Loock,Rob Hutchins,-0.0003,0.0507
Blaine Hovenier,Layne Sleeth,-0.0006,0.0511
Jack Sock,Kate Fahey,0.0056,0.051
Kento Tamaki,Marcela Aguila Ampon,0.0017,0.0521
Eric Roddy,Rachel Rettger,0.0024,0.0506
Allison Phillips,Michael Loyd,-0.006,0.0511
Genie Erokhina,Roscoe Bellamy,-0.0037,0.0523
Eric Cepress,Matthew Fisher,0.0024,0.0501
Stephen Madonia,Brandon Anandan,-0.0049,0.0527
Gabriel Jimenez,Raymond Velarde,-0.0022,0.0503
Maggie Brascia,Tyson McGuffin,0.0098,0.0506
Andre Mercado,Pally Ray,0.0015,0.0481
Julian Arnold,Judit Castillo,-0.0025,0.0514
Hannah Blatt,John Cincola,-0.0008,0.0529
Jackson Ayotte,Ryan Finley,-0.0098,0.0496
Scott Berke,David Sigler,0.0103,0.0518
David Hall,Thatcher Schwendiman,0.007,0.0502
Rob Cassidy,Marshall Brown,0.0077,0.0522
Kento Tamaki,Wesley Burrows,0.0002,0.0509
Bruno Barrueto Deza,Iker Tomas,0.0091,0.0516
Daniel Traxler,John Thorn,0.0132,0.0541
Evgeniy Kim,Miguel Alda,-0.0029,0.0515
Jordan Bridge,Jonas Corona,-0.0029,0.0518
Mohaned Alhouni,Kaitlyn Christian,-0.0048,0.0486
Michael Fahey,Chase Ora,0.0032,0.0492
Jorge Quintero,Yaamunan Venkatesan,0.0039,0.0511
Tama Shimabukuro,Yoshinori Tamukai,-0.004,0.0508
Clemens Graute,Luc Pham,-0.001,0.0547
Quang Duong,Lauren Stratman,-0.0046,0.0529
Christine Trifunovic,Craig Johnson,-0.0053,0.0519
Martina Frantova,Augustus Ge,-0.0007,0.0512
Daniel Jensen,Alex Walker,0.0017,0.053
Ryan Eveloff,Grant Bond,0.0057,0.0524
Daniel McAuley,Anders Jansson,0.0042,0.0519
Kenta Miyoshi,Sebastian Herrera,-0.0093,0.0534
Aiko Yoshitomi,Ivana King,-0.0103,0.0522
AJ Koller,Pierina Imparato,-0.0091,0.0531
Yates Johnson,Genie Bouchard,0.01,0.0519
Sam Szymanski,Matt Haugdahl,-0.0057,0.0525
Noe Khlif,Milan Rane,0.0019,0.0458
Matthew Schiller,Tom Murphy,-0.0,0.0543
Trevor Machek,Justin Fullmer,-0.0099,0.0522
Noe Khlif,Yates Johnson,0.0076,0.0523
Lauren Mercado,Pesa Teoni,-0.0001,0.0527
Desmond Papariello,Hunter Morris,0.0019,0.0535
Caden Nemoff,Sam Angelo,0.0081,0.0517
Zane Navratil,Lacy Schneemann,-0.01,0.0514
Malia K Lum,Wyatt Stone,0.0007,0.0502
Tyler Loong,Salome Devidze,0.0001,0.0529
Regina Goldberg,Todd Fought,-0.0013,0.05
Angie Walker,Patrick Kawka,-0.0032,0.0506
Riley Newman,Christian Alshon,0.0116,0.0466
Gabriel Joseph,Alex Neumann,-0.0017,0.053
James Ignatowich,Vivian Glozman,-0.0183,0.0494
Regina Goldberg,Milan Rane,-0.0061,0.0516
Martina Frantova,Lina Padegimaite,0.0024,0.0495
Madison Wold,Ekaterina Biakina,0.0,0.0489
Riley Newman,Catherine Parenteau,0.022,0.0476
Todd Fought,Patrick Kawka,-0.0057,0.0535
Daniel Jensen,Rio Newcombe,0.0076,0.0532
Rachel Rohrabacher,Jorja Johnson,-0.0162,0.0476
Averry Chew,Chelsea Purcell,-0.0022,0.0506
Zane Navratil,Dekel Bar,0.0274,0.0507
Quang Duong,Wyatt Stone,-0.0004,0.052
Anna Bright,Tina Pisnik,-0.005,0.0505
Chloee Butterfield,Brittny Rogers,-0.0003,0.0538
Alix Truong,Judit Castillo,0.0025,0.0513
Kaitlyn Christian,Jessie Irvine,-0.0182,0.0468
Hannah Blatt,Rachel Rettger,-0.007,0.0505
Bryanna Ojeda,Amber Policare,-0.0035,0.052
Kate Fahey,Lauren Stratman,-0.0066,0.0499
Lingwei Kong,Dodo Kong,0.0052,0.0528
Callan Dawson,Darrian Young,-0.0095,0.051
Pierina Imparato,Marcela Aguila Ampon,0.0035,0.0496
James Ignatowich,Max Freeman,-0.0072,0.0474
Christine Trifunovic,Michelle Murphy,-0.0044,0.052
Kyle Whatnall,Roman Estareja,0.0128,0.054
Jose Delgado,Matt Carter,0.0032,0.0515
Alex Fairbanks,Jason Taylor,-0.0009,0.0511
Taylor Smith,Kaden Hensel,-0.0029,0.0487
Oliver Gray,Andrew Horridge,0.0039,0.0486
Ryan Morris,Nicholas Maleganeas,-0.0055,0.0521
Jai Grewal,Daniel Moore,-0.0043,0.0506
Somer Dalla-Bona,Michaela Haet,0.0017,0.0502
Ludovica Sciaky,Talia Saunders,-0.0016,0.0507
Robert Stirling,Sueme Rajpal,-0.0013,0.0532
Josh Nipperess,Adam Daggmarr,0.0,0.0502
Emilia Schmidt,Shelby Bates,0.0037,0.0495
Gianni Martine,Bee Horsley,-0.0003,0.0532
Armaan Bhatia,Harsh Mehta,-0.0011,0.0517
Sange Carter,Coco Lococo,0.0041,0.0524
Sahra Dennehy,Lindsay Baker,-0.006,0.0489
Wesley Vine,Ben Costin,-0.0024,0.0521
Alexander Tran,Adam Walters,-0.0029,0.0499
Jane Teoh,Deborah Rossi,-0.004,0.0543
Yu-Chieh Hsieh,Jasmine Almaguer,0.0002,0.0494
Jessica Hughes,Andie Dikosavljevic,-0.002,0.0522
Leander Lazaro,Prycen Haas,0.0045,0.0504
Chris Baum,Ryan Henry,-0.0016,0.0522
Danni-Elle Townsend,Pei Chuan Kao,-0.0001,0.0505
Jamie Haas,Michelle Esquivel,0.0101,0.0504
Venise Chan,Sophie Idzikowski,-0.0074,0.0522
Chris Turvey,Hugh Pfitzner,0.0001,0.0521
Xiao Yi Wang-Beckvall,Selina Turulja,-0.0009,0.0527
Ting Chieh Wei,Liz Truluck,0.0069,0.0502
Jericho Grollman,Matthew Chou,0.0023,0.0542
Conor Robertshawe,Thanh Huynh,0.0025,0.0531
Lucas Pascoe,Vishal Masand,0.006,0.0518
Valerio De Genua,Guillermo Jacquet,-0.0058,0.0485
Shannon Burr,Kane Townsend,-0.0004,0.0516
Roos Van Reek,Kaitlynn Hart,0.0108,0.0513
Yung-Hsin Tseng,Jou Yu Ko,0.0052,0.0529
Brendan Lee,Zen Yoshida,-0.0012,0.0492
Mitchell Hargreaves,Zachary Grabovic,-0.0054,0.0516
Simon Pilt,David Richardson,0.0004,0.0542
Daniel Kouznetsov,Matthew Kouznetsov,-0.002,0.0514
Sarah Jane Lim,Sarah Burr,0.0004,0.0535
Leona Huynh,Nicola Schoeman,-0.0029,0.0537
Julian Arnold,Blaine Hovenier,0.0087,0.0496
Gianni Martine,Chris Turvey,0.0048,0.0512
Nicholas Maleganeas,Brooke Mundey,-0.0017,0.0513
George Wall,Joseph Wild,0.0107,0.0518
Jai Grewal,Roos Van Reek,-0.0072,0.0501
Sahra Dennehy,Andrew Horridge,-0.0039,0.0535
Danni-Elle Townsend,Joseph Wild,0.0027,0.0506
Sarah Jane Lim,Leander Lazaro,0.0065,0.0494
Wesley Vine,Talia Saunders,-0.0011,0.053
Yuvraj Ruia,Kyle Yates,0.0034,0.0512
Mimi Ghisellini,Matthew Kouznetsov,-0.0043,0.05
Jose Delgado,Nay Pinkerton,-0.0038,0.0524
Emilia Schmidt,Mitchell Hargreaves,0.0037,0.0516
Deborah Rossi,Hugh Pfitzner,0.0037,0.0522
Yu-Chieh Hsieh,Jason Taylor,0.0042,0.0491
Ryan Henry,Michaela Haet,0.0059,0.0505
Jericho Grollman,Madison Grollman,-0.0068,0.049
Kyle Yates,Shelby Bates,-0.009,0.051
Chris Baum,Yung-Hsin Tseng,-0.0026,0.0534
Kyle Whatnall,Ludovica Sciaky,-0.0003,0.0517
Zachary Grabovic,Selina Turulja,-0.0006,0.0519
Oliver Gray,Jasmine Almaguer,0.0034,0.0498
Michelle Esquivel,Prycen Haas,0.003,0.0493
Roman Estareja,Sarah Burr,0.0087,0.0504
Coco Lococo,Matt Carter,-0.0057,0.0542
George Wall,Somer Dalla-Bona,-0.0108,0.0464
Jessica Hughes,Simon Pilt,0.0036,0.0527
Ting Chieh Wei,Harsh Mehta,-0.0035,0.0491
David Richardson,Nicola Schoeman,-0.0023,0.049
Lucas Pascoe,Kaitlynn Hart,0.0047,0.0529
Daniel Kouznetsov,Bee Horsley,-0.0036,0.049
Thanh Huynh,Leona Huynh,0.0022,0.0547
Josh Nipperess,Ashlee Graham,-0.009,0.0527
Alex Fairbanks,Sophie Idzikowski,0.0046,0.0489
Jou Yu Ko,Daniel Moore,-0.0008,0.0511
Rahul Datta,John Lucian Goins,-0.0045,0.0532
Chase Parker,Logan Thompson,0.0003,0.0486
Emily Gaskins,Davis Daniel Carvalho,-0.004,0.0502
Kamden Bradstreet,Mya Bui,-0.008,0.0503
Selim Ben Ali,Brett Clayton,0.0043,0.0521
Zandrix Acob,Chase Blocker,0.0109,0.0506
Alex Guy,Garrett Singletary,0.0078,0.0537
Abigail Okelley,Luke Wasson,0.0012,0.054
Chris Patrick,Courtney Nguyen,0.0055,0.0524
Zachary McDivitt,Kalee Muller,-0.0024,0.0518
Caitlin Klaassen,Michael Beron,-0.0002,0.0513
Caden Nemoff,Hailee Haymore,0.0048,0.0559
Samantha Greenhut,Tanner Tomassi,0.0056,0.0524
Andre Mercado,Jaeda Minniefield,0.001,0.0527
Ryan Torresin,Mickulas Ray,0.004,0.05
Pally Ray,Arielle Nealy,0.0045,0.0516
Zane Ford,Lauren Hidalgo-Smith,-0.0019,0.0507
Tucker Segars,Lewis Halski,-0.005,0.0521
Gavin Nickerson,Haley Collins,-0.0013,0.0511
Jake Anderson,Maebry Jones,0.0021,0.0517
Kevin Caulfield,Justin Slattery,0.0136,0.0497
Gavin Nickerson,Lionel Ortiz,0.0047,0.0517
Jayden Broderick,Jose Farias,0.0002,0.0496
Ammar Wazir,Dustin Boyer,0.0023,0.0533
Jack Holloway,Filipe Parichkov,0.0035,0.0518
Zac Hirschler,Helen To,0.0038,0.0498
Noe Khlif,Bobbi Oshiro,-0.0001,0.0516
Jack Foster,Shelby Bates,0.005,0.0526
Edward Perez,Nicole Eugenio,-0.0042,0.0503
Yufei Long,Taylor Stockton,0.0069,0.0513
Ross Whittaker,Mehvish Safdar,-0.0073,0.0518
Caden Nemoff,Ryan Finley,0.0044,0.0496
VU Nguyen,Jack Foster,0.002,0.05
Spencer Talmadge,Daniel Miron,-0.0067,0.0472
Brandon Fritze,Davis Daniel Carvalho,0.0058,0.0515
Dylan Lewis,Ivan Tykhomyrov,-0.0013,0.0501
Zane Ford,Alexander Crum,0.0016,0.0507
Matthew Mead,Michelle Murphy,-0.011,0.0514
Regina Goldberg,Richard Livornese Jr,0.0054,0.0526
Connor Castleberry,Christopher Eastwood,0.0032,0.0537
Willy De Vilchez,Jordan Chrysostom,0.0025,0.0512
Cody Sivan,Justin Lui,0.0009,0.0483
Michael Iannella,Clint Frazier,-0.001,0.0504
Luca Mack,Thomas Provost,-0.0087,0.0528
Vinay Rita,Siddharth Naik,-0.0065,0.0525
James Broker,Zachary Marceau,0.0039,0.0517
Landon Ivey,Garrett Ivey,0.0012,0.054
Stephen Bass,Anri Ferris,-0.0066,0.0539
Cody Sivan,Ava Pisacrita,-0.0006,0.0499
Jayden Broderick,Emilia Schmidt,-0.004,0.0551
Grace Logterman,Ethan Palisoc,-0.0038,0.0539
Connor Castleberry,Angela Simon,0.0011,0.051
Patrick McGuire,Chase Mason,-0.0003,0.0515
Vincent Rettke,Cesar Lopez,-0.0017,0.0496
Patrick Parker Jr.,Rawad El Kontar,-0.0021,0.0535
Cassie Quast,Jared Cohen,0.0018,0.0512
Elina Geut,Brandon Fritze,0.0051,0.0541
Tobias Moreno,Andi Godwin,-0.0061,0.0493
Morgan Downing,Garrett Singletary,-0.0105,0.0542
Eric Rubinger,Cameron Douglas,-0.0033,0.0517
Ahmad El-Zarif,Jared Cohen,-0.0009,0.0502
Tim Mullane,Andrew Felsenthal,-0.0038,0.0492
Colt Gaston,Kentaro Hamaguchi,0.0014,0.0528
Justin Vantreese,Joyner Freeman,-0.0044,0.0523
Brookes Jones,Ethan Palisoc,-0.0066,0.0514
Cade Lindgren,Taabish Basaria,-0.003,0.0547
Armando Ferreira,Raffael Barretto Agulha,-0.004,0.051
Richard Livornese Jr,Tanner Tomassi,0.0066,0.0509
Mota Alhouni,Komal Safdar,-0.0044,0.0525
Luke Cartenuto,Sheridan Schuster,0.0007,0.0505
Hunter Bivins,Colton Phillips,-0.0,0.0536
Viet Nguyen,William Hart,-0.002,0.0521
Kevin Ma,Zac Hirschler,-0.0016,0.0505
Benjamin Bramblett,James Hallewell,-0.0046,0.0503
Victoria Helmuth,Andre Helmuth,-0.004,0.0517
Court Zalinski,Frank Solana,0.0058,0.0513
Tobias Moreno,Heath Griffin,-0.0027,0.0499
Matthew Mead,Anouar Braham,-0.0098,0.0519
Jesse Ferlianto,Brian Detweiler,-0.0023,0.0491
Blaine Hovenier,Yates Johnson,-0.0056,0.0518
Chuck Taylor,Casey Diamond,0.0089,0.0528
Noe Khlif,Brandon French,-0.0062,0.05
Michael Loyd,Spencer Smith,-0.0086,0.0503
James Delgado,Juan Benitez,-0.0006,0.0501
Genie Bouchard,Ava Ignatowich,-0.0027,0.0507
Michelle Murphy,Helen To,0.0063,0.0507
Zane Navratil,Vivian Glozman,-0.0055,0.052
Regina Goldberg,Genie Erokhina,0.0008,0.0503
Stacey Wingad,Tammy Kim,0.0033,0.0521
Eric Oncins,Wyatt Stone,0.0028,0.0519
Jessica Mason,Victoria Helmuth,0.0083,0.0513
Johnny Goldberg,John Cincola,0.0132,0.0538
Ashley Griffith,Mya Bui,-0.0064,0.0496
Jaume Martinez Vich,Milan Rane,0.0091,0.0484
Andrea Koop,Yates Johnson,-0.0056,0.0528
Allison Phillips,Martina Frantova,-0.0057,0.0505
Samantha Greenhut,Emily Gaskins,0.0019,0.0544
Kate Fahey,Lina Padegimaite,0.0083,0.0514
Haley Collins,Sheridan Schuster,-0.0018,0.0522
Morgan Downing,Andi Godwin,-0.0088,0.0502
Collin Johns,Sofia Sewing,-0.0123,0.0514
Chuck Taylor,Angie Walker,0.002,0.0538
Marshall Brown,Wesley Burrows,0.0015,0.0512
Tavon Morrow,Max Green,-0.0031,0.0508
Riley Newman,Allyce Jones,-0.0164,0.0512
Sofia Sewing,Rachel Rettger,0.0014,0.0516
Kate Fahey,Todd Fought,-0.0076,0.0508
Valerie R Simon,Chloe Zigliara,0.0015,0.0524
Mary Brascia,Pablo Tellez,-0.0055,0.0509
Eric Oncins,Rachel Rettger,0.0026,0.0511
Vivienne David,Wyatt Stone,0.0021,0.055
Cassidy Hoag,Shelby Bates,0.0011,0.0516
AJ Koller,Martina Frantova,-0.0014,0.0506
Mohaned Alhouni,Genie Erokhina,0.007,0.0485
Alix Truong,Mari Humberg,0.0,0.0513
Jessica Jones,Kristin Kennedy,-0.0022,0.0514
Aiko Yoshitomi,Ava Pisacrita,-0.0015,0.0516
Brooke Basiri,Reba Williams,0.0016,0.0508
Eric Roddy,Ryan Fu,0.0056,0.0519
Kento Tamaki,Daniel Jensen,0.0042,0.0536
Allison Phillips,Roscoe Bellamy,-0.002,0.0506
Lingwei Kong,Olivia McMillan,0.0039,0.0497
Grayson Goldin,Alex Neumann,0.0038,0.0499
John Cincola,Olivia McMillan,0.0018,0.05
Parris Todd,Lea Jansen,-0.0137,0.048
Rafa Hewett,Zane Navratil,-0.0024,0.0547
Julian Arnold,Hunter Johnson,0.0049,0.0508
Vivienne David,Tina Pisnik,-0.0019,0.0502
Lacy Schneemann,Jackie Kawamoto,0.0053,0.0494
Lauren Stratman,Jessie Irvine,0.0034,0.0507
Dekel Bar,James Ignatowich,-0.0005,0.051
Quang Duong,Augustus Ge,-0.0026,0.0513
Irina Tereschenko,Mohaned Alhouni,0.0124,0.0522
Maria Klokotzky,Etienne Blaszkewycz,0.0138,0.0516
Vladee Suarez,Kenneth Suarez,-0.0019,0.052
Matthew Schiller,Parker Dyer,0.0068,0.0523
Chris Walker,Usama Khalid,0.0122,0.0526
Sam Libo,Andrew Angulo,-0.0107,0.0499
Caleb Herrick,Ben Herrick,0.0041,0.0526
Cody Sivan,Demetric Marrero Jr,0.0048,0.0525
David McNally,Jeff Vollmer,0.0,0.0499
Brian Bonilla,Keng-Lun Yeh,-0.0019,0.052
Ronan Camron,Drake Palm,0.0135,0.0497
Timothy Cass,Derek Kraje,0.0065,0.0512
Caleb Deckert,Ansh Bassan,-0.0048,0.0502
Jhonnatan Medina Alvarez,Komal Safdar,0.0015,0.053
Sarah Carpenter,Matthew Nesbitt,0.0005,0.0526
Oliver Wei,Zach Gonnering,0.0011,0.0526
Brandon French,Audrey Banada,0.0009,0.05
Hannah Rose Nussbaum,Matt Meadows,0.0014,0.0517
Hudson Kaylie,Amber Policare,0.0034,0.049
Caitlin Klaassen,Naveen Beasley,0.002,0.0497
Ariana Rodriguez,Zachary Marceau,-0.0048,0.0501
Oscar Serra,Michael Benash,-0.0011,0.051
Troy Clemmer,Brandon Fritze,0.0084,0.051
Juan Varon,Selim Ben Ali,0.003,0.0521
Christopher Crouch,Emily Gaskins,0.0037,0.0533
Cody Sivan,Alyssa Bialek,-0.0023,0.0524
Julia Ronney,Zach Gonnering,-0.0016,0.0513
Abigail Okelley,Anouar Braham,-0.0006,0.0513
Bryanna Ojeda,Brett Finan,-0.0037,0.0502
Ryan Fu,Sofia Sewing,0.008,0.0514
Jessica Haywood,Selim Ben Ali,-0.0041,0.0502
Zane Ford,Anouar Braham,-0.0183,0.0504
Christopher Crouch,Joshua Reason,0.0029,0.0538
Justin Pagan,Aws Laaribi,-0.0019,0.0541
Ian Hutter,Matthew Nesbitt,0.0029,0.0499
Gavin Nickerson,Daniel Miron,-0.0023,0.0525
Brandon Danganan,Joshua Lee,-0.0012,0.0508
Estephany Tan,Taylor Stockton,0.002,0.0528
Sam Kim,Ryan Morneau,-0.0025,0.0505
Henry Boyle,Hailee Haymore,-0.0051,0.0498
Valerie R Simon,John Lucian Goins,-0.0026,0.0515
Payton Noyes,Scott Coleman,-0.0033,0.0558
Lindsay Huttman,Morgan Kaplan,0.0009,0.0528
Yuta Funemizu,John Lucian Goins,-0.011,0.0496
Blaine Hovenier,Judit Castillo,-0.0064,0.0488
Jeremy Lim,Stephanie Zahn,-0.004,0.0511
Rachel Stuhlmann,Ryan Sherry,-0.0052,0.0511
Troy Clemmer,Kristen Clemmer,-0.0039,0.0514
Roman Estareja,Leah Tauber,-0.0086,0.0508
Jonathan Truong,Collin Vero-Casavant,0.0094,0.0531
James Peng,Colby Ing,0.0063,0.0499
Justin Pagan,Sarah Mulhern,0.0046,0.0508
Waymon Peet,Abel Villaran,-0.0027,0.0507
Payton Noyes,Charleen Calvin,0.0055,0.0517
Joel Phillips,Matt Meadows,-0.003,0.0499
Parker Wittman,Taylor Stockton,-0.0015,0.0537
William East,George Bulger,-0.0033,0.049
Garrison Eaby,Ian Simms,-0.0077,0.0515
Jimmy Terzian,Perry Wang,-0.0006,0.0518
Zachary Marceau,Zachary Card,-0.0135,0.0529
Brett Finan,Alex Toth,0.0006,0.0512
Eric Oncins,Darrian Young,0.0094,0.05
Jade Kawamoto,Tyson McGuffin,-0.0079,0.0492
Naveen Beasley,Jhonnatan Medina Alvarez,-0.001,0.0497
Ryan Dawidjan,Bao Duong,-0.0047,0.0529
Rafa Hewett,Marcela Aguila Ampon,-0.0059,0.05
Daniel Jensen,Rachel Rettger,-0.0032,0.0522
Lingwei Kong,Sarah Ansboury,-0.0078,0.0526
Estephany Tan,Lindsey Thoeng,-0.0001,0.0513
Lacy Schneemann,Augustus Ge,-0.0129,0.0489
Dave Bacalla,Spartak Rahachou,0.0061,0.0498
Jericho Grollman,Daniel Jensen,-0.0024,0.0488
James Delgado,Henry Boyle,-0.0068,0.0511
Steve Deakin,Wesley Burrows,-0.0057,0.0472
Dominique Schaefer,Patrick Smith,-0.0059,0.0503
Regina Goldberg,Hannah Blatt,-0.0048,0.0517
Bryanna Ojeda,Abel Villaran,-0.0061,0.0537
Eric Roddy,Marshall Brown,-0.0021,0.0487
Quang Duong,Kate Fahey,0.0012,0.0526
Callie Smith,Roscoe Bellamy,0.0098,0.0497
Helena Jansen,Bao Duong,0.0009,0.0508
Emilia Schmidt,Rachel Rettger,-0.0048,0.0537
Lindsay Huttman,Charleen Calvin,-0.0014,0.0522
Sarah Hua,Audrey Banada,0.005,0.0529
Amber Policare,Sarah Mulhern,-0.0079,0.0523
Sarah Pham,Kristen Clemmer,0.0025,0.0525
Elizabeth Puni,Meray Maalouf,-0.0024,0.0509
Max Freeman,Casey Diamond,0.0134,0.0499
Genie Bouchard,Wesley Burrows,-0.012,0.0521
Emilia Schmidt,Anderson Scarpa,-0.0068,0.052
Mohaned Alhouni,Caden Nemoff,0.0035,0.0511
Grayson Goldin,Etienne Blaszkewycz,-0.0137,0.0501
Julia Ronney,Hannah Ward,-0.0036,0.0523
Leah Tauber,Ariana Rodriguez,0.0077,0.0502
Steve Deakin,Monica Paolicelli,0.0081,0.0541
Max Freeman,Tyra Hurricane Black,-0.0207,0.0493
Mota Alhouni,Spencer Smith,0.0037,0.0535
Rob Cassidy,Roman Estareja,-0.0086,0.0508
Johnny Goldberg,Cobi Moore,0.0067,0.051
Layne Sleeth,Travis Rettenmaier,0.0007,0.051
Kento Tamaki,Ava Ignatowich,0.0009,0.0535
Sarah Carpenter,Abigail Okelley,-0.0027,0.0528
Brie Aldridge,Helena Jansen,-0.0104,0.0534
Polina Libo,Valerie R Simon,-0.0038,0.0488
Martina Frantova,Donald Young,-0.0013,0.0491
AJ Koller,Olivia McMillan,0.0002,0.0507
Mehvish Safdar,Darrian Young,-0.0079,0.0531
Blaine Hovenier,Ryan Fu,0.0057,0.0475
Ross Whittaker,Dustin Boyer,0.0157,0.0533
Kaitlyn Christian,Mota Alhouni,0.004,0.0504
Christian Alshon,James Ignatowich,-0.005,0.0496
Julian Arnold,Donald Young,0.0,0.0519
Allison Phillips,Olivia McMillan,-0.0045,0.0517
Phillip Locklear,Patrick Smith,0.0054,0.0504
Lauren Stratman,Lina Padegimaite,0.0008,0.0487
Quang Duong,Michael Loyd,0.0014,0.0521
Zane Navratil,John Cincola,-0.0016,0.0494
Riley Newman,Rafa Hewett,-0.0022,0.0527
Meghan Dizon,James Ignatowich,-0.0017,0.0522
Dylan Frazier,Vivienne David,0.0028,0.0506
Parris Todd,Jade Kawamoto,-0.0048,0.0493
Chuck Taylor,Todd Fought,0.0089,0.0505
Alix Truong,Milan Rane,-0.0228,0.0501
Genie Erokhina,Layne Sleeth,-0.0055,0.0503
Hunter Johnson,Dekel Bar,0.0102,0.0495
Irina Tereschenko,Jessie Irvine,-0.0026,0.0512
Liam Duffin,John Thorn,-0.0026,0.0517
Ian Simms,Ethan Dysert,-0.0011,0.0531
Sergey Afanasenka,Mark Nahum,0.0003,0.0524
Kristin Vogel,Claudio Quinones Garcia,0.0157,0.0514
Santhosh Narayanan,James Thorp,0.0049,0.0513
Eduardo Santini Ayon,Joel Poland,-0.0175,0.0486
Nick Petterson,Madison Wolfe,0.01,0.0502
Noah Hobrath,Eli Steiner,0.0071,0.049
Spartak Rahachou,Sebastian Herrera,0.01,0.0486
Clemens Graute,Ikona Freitas,-0.0012,0.0506
Pally Ray,Journey Barajas,0.0033,0.0513
Noe Khlif,Judit Castillo,0.0144,0.0509
Tia Elpusan,Kevin Dayan,-0.0076,0.0499
Kailas Shekar,Nicole Eugenio,-0.0071,0.05
Aureana Marrotte,Ikona Freitas,0.0002,0.0539
Ryan Sherry,Justin Gimelstob,-0.0032,0.0512
Vincent Rettke,Miles Hoover,-0.0106,0.0477
Abhishek Bhargava,Brian Bonilla,-0.0013,0.0504
Bailee Jackson,Eli Steiner,-0.0014,0.0511
Pally Ray,Rafael Lenhard,-0.0077,0.0516
Noah Hobrath,Allie Davis,0.0016,0.0513
Kace Heiner,Logan Schneider,0.0047,0.0496
Joe Prince,Ryan Finley,-0.0006,0.0527
Trenton Alenik,Clayton Alenik,-0.0036,0.0489
Keaton Cullimore,Bryce Larson,0.0092,0.052
Carl Taibl,Matthew Mead,0.0008,0.0497
Bruno Rosa,David Creswell,-0.0024,0.0533
Dexter Rangel,Pieter De Vries,-0.004,0.0507
Chas Howard,Justin Fullmer,0.0092,0.0504
David Litvinov,Dalia Garza,0.0081,0.0503
Shelley Wong,Louie Payetta,0.002,0.0516
Joseph Pututau,Jon Nilson,0.0011,0.0521
Derek Thompson,Michael Enright,-0.0012,0.0501
Maddox Castellanos,Matthew Powley,-0.0002,0.0524
Savanna Ticknor,Ian Simms,0.0049,0.0499
James Thorp,Kimmie Ouchi,-0.004,0.0526
Carlota Trevino,Connor Weeks,-0.0011,0.0496
Quan Do,Dionne Lim,-0.0083,0.0524
Francesco Avella,Brad Barker,-0.0004,0.0501
Austin Bricker,Marcello Gonzalez,0.0041,0.0483
Indigo Dagnall,Daniel Loney,-0.0049,0.0517
Simone Leonard,Oliver Frank,0.019,0.0473
Bryce Larson,Shae Spencer,-0.0014,0.0536
Nick Szczurek,Billy Buchhauser,-0.0023,0.0502
Ross Mathews,Dalton Robinson,-0.005,0.0496
Amanda Rosati,Chiron Burl,0.007,0.0505
Sophia Haleas,Anthony Skalabrin,0.0004,0.0491
Jaxon Madsen,TY Parrish,-0.0052,0.0529
Dan Garfinkel,Jeffrey Moulton,-0.002,0.0511
Kevin Pham,Andrew Anh Pham,0.0099,0.0514
Daniel Byun,William Eteaki Jr Jr.,-0.0012,0.0499
Bryce Vanderhorst,Shayden Hinton,0.0008,0.0504
Duc Dang,Kevin Stanley,-0.0013,0.0514
Jace Morris,Anthony Skalabrin,-0.0014,0.0502
Gregory Zukeran,Jace Akagi-Okuma,-0.006,0.0518
Andre Mercado,Jack Sahid,-0.0017,0.0506
Yaamunan Venkatesan,Ivana King,0.0052,0.0539
Christian Borrero,Dylan Payne,0.0014,0.0529
Andrea Carrano,Luc Pham,-0.0045,0.0529
Johnny Borashan,Ognjen Zekanovic,0.0001,0.0541
Raymond Velarde,Tommy Shin,-0.0077,0.0517
Riccardo Corrente,Franco Calandra,-0.0001,0.0504
Kentaro Hamaguchi,Harrison Yee,0.0005,0.0516
Zen Ferguson,Thomas Romero,-0.005,0.0502
Keaton Cullimore,Lauren Wong,-0.0027,0.0534
Nicole Kalhorn,Billy Buchhauser,-0.0079,0.0523
Anna Bright,Hayden Patriquin,0.0035,0.0446
Pierina Imparato,Darrian Young,0.0055,0.0503
Andrea Koop,Roscoe Bellamy,0.0033,0.0514
Hunter Johnson,Tyra Hurricane Black,0.0043,0.0518
Catherine Parenteau,James Ignatowich,-0.0086,0.0503
Tyler Loong,Lacy Schneemann,0.0024,0.0494
Blaine Hovenier,Samantha Parker,0.0021,0.05
Parris Todd,Jaume Martinez Vich,-0.0043,0.0508
Callie Smith,Zane Navratil,0.0081,0.0523
Quang Duong,Allyce Jones,0.023,0.0509
Angie Walker,Wesley Burrows,-0.0021,0.0548
Genie Bouchard,Ivan Jakovljevic,0.0111,0.0499
Dylan Frazier,Kate Fahey,0.0114,0.0489
Aanik Lohani,Ava Ignatowich,0.0031,0.0527
Kaitlyn Christian,Daniel De la Rosa,-0.0007,0.0492
AJ Koller,Alix Truong,0.0082,0.0512
Olivia McMillan,Anderson Scarpa,-0.0081,0.052
Rafa Hewett,Chao Yi Wang,0.0007,0.05
Genie Erokhina,Ryan Fu,0.0031,0.0528
Lauren Stratman,Donald Young,-0.0181,0.0496
Camila Zilveti,Alex Neumann,0.0031,0.0504
Vivienne David,Augustus Ge,-0.0032,0.0497
Chuck Taylor,Lindsey Newman,0.0001,0.0516
Hannah Blatt,Pesa Teoni,-0.0184,0.0507
Allison Phillips,Olivia Phillips,0.0171,0.0496
Julianne Felton,Chandra Kusuma,0.0022,0.0548
Roscoe Bellamy,Darrian Young,0.0108,0.0476
Noe Khlif,Wyatt Stone,-0.0144,0.0539
Lindsey Newman,Olivia McMillan,-0.0021,0.0494
Bailee Jackson,Allie Davis,0.0005,0.0525
Christine Maddox,Genie Erokhina,0.0028,0.051
Julian Arnold,Augustus Ge,0.0018,0.0534
Nicole Eugenio,Tia Elpusan,0.0107,0.0528
Rob Cassidy,Jose Farias,-0.0059,0.0519
Quang Duong,CJ Klinger,0.0188,0.0472
Maddy Rasmusen,Dodo Kong,0.0004,0.0522
Cade Pierson,Dionne Lim,-0.0026,0.0526
Ekaterina Biakina,Alla Mikhno,-0.0006,0.0486
Brandon French,Daniel De la Rosa,0.021,0.0508
Kate Fahey,Tina Pisnik,0.0082,0.048
Sophia Haleas,Lauren Wong,-0.0011,0.0497
Pablo Tellez,Dekel Bar,0.0067,0.0481
Chuck Taylor,Kento Tamaki,-0.0014,0.053
Claudio Quinones Garcia,Elliot Markowitz,-0.0046,0.0514
Mohaned Alhouni,Aanik Lohani,-0.002,0.0498
Kailas Shekar,Quan Do,-0.0079,0.0514
Ivan Jakovljevic,Spencer Smith,-0.0102,0.0498
Tavon Morrow,Derek Shearer,0.0052,0.0519
Bao Duong,Iker Tomas,-0.0027,0.0493
Callan Dawson,AJ Koller,-0.0039,0.0508
Dalia Garza,Erica Remshard,0.0009,0.0497
Savanna Ticknor,Cami Blake,0.0011,0.0499
Natalie Raney,Amanda Rosati,0.0035,0.0514
Nick Black,Louie Payetta,0.0093,0.049
Jessica Mason,Cailyn Campbell,-0.0029,0.054
Carlota Trevino,Camila Garcia Wright,0.0006,0.0549
Callie Smith,Andrea Koop,0.0056,0.0509
Jackson Ayotte,Riley Inn,-0.0023,0.0522
Madison Grollman,Ivana King,-0.0039,0.0531
Darcy Shore,Courtney Clark,0.0015,0.0523
Shea Donahue,Mason Park,-0.0055,0.0512
Ian Hutter,Caitlin Lewis,0.0058,0.0515
Maximilian Wild,Dave Bacalla,0.0162,0.0519
Levi Daniel,Tama Shimabukuro,0.0047,0.0532
Abbigal Hatton,Jase Edwards,-0.0173,0.0519
Tama Shimabukuro,Ekaterina Biakina,-0.0025,0.0505
Austin Bricker,Nick McCollin,0.0106,0.0512
JP Gorby,Johnny Quinn,-0.001,0.0528
Victoria Nguyen,Bassem Kheireddin,0.0095,0.0491
Kayla Nesbitt,Jimmy Terzian,0.024,0.0544
Zoeya Khan,Austin Bricker,-0.0068,0.048
Jazz Hearn IV,Garrison Eaby,0.0004,0.0522
Dalia Garza,Yuta Funemizu,-0.0113,0.0516
Jenna Hessert,Gabriel Joseph,-0.0051,0.0541
George Congdon,Jake Anderson,-0.0034,0.053
James Gillespie,Rikk Shimizu,-0.0014,0.0511
Carlos Di Laura III,Etienne Blaszkewycz,0.0069,0.0514
Robert Laidlaw,Zachary Marceau,0.014,0.0533
Jeremy Lim,Christina Chin,0.0011,0.0511
Ella Yeh,Eshaan Mylavarapu,0.0035,0.0552
Daniel Byun,Evie Kenna,-0.0025,0.0508
Haley Frank,Oliver Frank,0.0096,0.0496
Cami Blake,John Hanne,-0.0029,0.0544
Max Green,Ariana Rodriguez,0.0136,0.0518
Brent Werbeck,Jen Werbeck,-0.0017,0.0515
Brett Finan,Jessica Mason,0.0032,0.0528
Grace Crosby,James Crosby,-0.0009,0.052
Pally Ray,Tiffany Landgraf,0.0113,0.0506
Rachel Janssen,Loc Lam,0.0009,0.0507
Daniel Patterson,Roger Stern,-0.0051,0.0495
Michael Asplund,Carter Wittendorf,0.0069,0.0492
Max Freeman,Sarah Williams,-0.0018,0.0516
Robert Laidlaw,Mehvish Safdar,0.0058,0.0491
Alexa Schull,Zachary Marceau,-0.0002,0.05
Demetric Marrero Jr,Ella Cosma,0.0082,0.0499
Alex Osorio,Adair Garcia,-0.0091,0.0539
Zach Gonnering,Jase Edwards,0.0016,0.0548
Alexander Valencia,Blake Beshirs,-0.004,0.0499
Zane Ford,Lorena Duknic,-0.0027,0.0525
Regina Goldberg,Grayson Goldin,0.0166,0.0514
Justin Hunter,Lauren Andersen,-0.0026,0.0519
Sarah Carpenter,Juan Benitez,-0.0042,0.0511
Tom Protzek,Nicole Pitts,0.016,0.0528
Court Zalinski,Kevin Caulfield,-0.0036,0.0505
Dennis Polyakov,Mark Growcott,0.0012,0.0504
Chase Womack,Bassem Kheireddin,-0.0056,0.0503
Eris Rivera,Taylor Stockton,0.0013,0.051
Christopher Crouch,Anne-Sophie Courteau,0.0001,0.0512
Jessica Jones,Jake Anderson,0.0024,0.0563
Cody Sivan,Nicole Conard,-0.0101,0.0494
Aleck Blair,Whitney Shaffer,-0.0029,0.052
Tony Le-Doan,Arion Northrop,-0.0047,0.0488
Eduardo Garcia,Timothy Cass,-0.0051,0.0541
Madison Wolfe,Nick McCollin,-0.0066,0.0527
Alexandre Gauthier,Arielle Nealy,0.0054,0.0504
Amber Policare,Zach Gonnering,0.0011,0.0527
Loc Lam,Ramon Martinez,-0.0043,0.0508
Aizec Olson,James Crosby,0.0047,0.0545
Brent Werbeck,Eli Trumeter,-0.0028,0.0505
Akinori Wada,Matt Mayer,0.0046,0.0487
James Broker,Komal Safdar,-0.0065,0.05
Natalie Hur,Jaikin Gomez,0.0025,0.049
Savanna Ticknor,Benjamin Grant,-0.0041,0.0533
Niles Parungao,AJ Brown,-0.002,0.0496
Lorena Duknic,Arielle Nealy,-0.0118,0.0529
Jason Loyd,Yuta Funemizu,-0.0064,0.0522
James Delgado,Daniel Jensen,-0.0075,0.0537
Zane Ford,Tam Trinh,0.0183,0.0501
Jenna Hessert,Tatiana Ruhl,0.0099,0.052
Neha Khurana,Tiffany Landgraf,-0.0019,0.0518
Dalia Garza,Mya Bui,0.002,0.0514
Christina Chin,Ariana Rodriguez,0.0036,0.0521
Ross Whittaker,Kento Tamaki,-0.005,0.0482
John Isner,Wesley Burrows,-0.0018,0.0526
Madeline Schulte,Helena Jansen,-0.0023,0.05
Whitney Shaffer,Jen Werbeck,-0.0036,0.0534
Michael Oyer,Ryan Berg,-0.0023,0.051
Max Schaefler,Kamden Bradstreet,0.0006,0.0511
Tom Protzek,Alexandre Gauthier,-0.0014,0.0537
Hannah Blatt,Samantha Parker,-0.0031,0.051
Chrissie Hintz,Rachel Janssen,0.0023,0.0492
Keaten Kappes,Oliver Frank,0.0037,0.0496
Natalie Hur,Camila Zilveti,-0.0083,0.0502
Rafa Hewett,Kate Fahey,0.0042,0.05
Ryan Murphy,Bryce Standridge,-0.0024,0.0508
Chris Tripoli,Sebastian Hinojosa,0.0034,0.0498
Nicole Pitts,Sarah Williams,-0.0061,0.0501
Zoeya Khan,Shea Donahue,-0.0057,0.0508
Gabriel Joseph,Donald Young,0.0038,0.0514
Sam Weinbach,Dave Weinbach,-0.0059,0.0522
Warren Fulgenzi Jr.,Justin Hunter,0.0056,0.0535
Sam Angelo,Ryan Fu,-0.0046,0.0523
Layne Sleeth,Brandon French,-0.0044,0.0535
Abbigal Hatton,Emma Nelson,-0.005,0.0518
Daniel Traxler,Brett Finan,0.0032,0.0521
Jaume Martinez Vich,Tyra Hurricane Black,-0.0001,0.0508
Augustus Ge,Lina Padegimaite,0.0031,0.0498
Samantha Parker,Michael Loyd,-0.0038,0.0516
Yates Johnson,Ryan Sherry,-0.0084,0.0513
Phillip Locklear,Robert Slutsky,0.0062,0.0528
Taine Bernhard,Matt Bernhard,-0.0003,0.0494
Noe Khlif,Blaine Hovenier,-0.0141,0.0517
Noe Khlif,Lea Jansen,0.0155,0.0482
Ivan Jakovljevic,Marcela Aguila Ampon,0.0022,0.0515
Dylan Frazier,Vivian Glozman,-0.0002,0.0516
Callie Smith,Jack Sock,-0.0081,0.0522
Rachel Rettger,Ava Ignatowich,-0.0046,0.0528
Haley Frank,Lauren Andersen,-0.0022,0.0504
Ivan Jakovljevic,Roscoe Bellamy,-0.0119,0.0514
Genie Bouchard,Kaitlyn Christian,-0.007,0.0485
Ella Yeh,Ella Cosma,-0.0006,0.053
Daniel Byun,Benjamin Grant,0.0006,0.0558
Pally Ray,Jace Morris,-0.0008,0.0537
Maria Klokotzky,Alexa Schull,-0.0063,0.0545
Garrison Eaby,Taylor Stockton,-0.0008,0.0504
Easton Horricks,Jacob Stegall,0.0,0.0517
Martina Frantova,John Cincola,0.0031,0.0503
Christopher Crouch,John Lucian Goins,-0.0105,0.0518
Jonathon Hart,Sanders Graf,-0.0022,0.0536
Dominique Schaefer,Darrian Young,-0.0059,0.0528
Jessica Jones,Court Zalinski,0.0063,0.0547
Camila Zilveti,Steve Deakin,-0.0032,0.0531
Mohaned Alhouni,Allison Phillips,-0.0189,0.051
Rachel Rettger,Wesley Burrows,0.0078,0.0535
James Ignatowich,Vivienne David,-0.0095,0.0527
AJ Koller,Todd Fought,0.0028,0.0532
Michael Loyd,Wyatt Stone,-0.0034,0.051
Albie Huang,Pei-Yu Lai,0.0015,0.0494
Martina Frantova,Dominique Schaefer,0.0044,0.0494
Madison Wolfe,Victoria Nguyen,-0.0069,0.052
Chuck Taylor,Aanik Lohani,-0.0038,0.0494
Cason Campbell,Johnny Goldberg,0.0009,0.0504
Amber Policare,Anne-Sophie Courteau,-0.0017,0.0532
Layne Sleeth,Lina Padegimaite,0.0258,0.0503
Brandon French,John Cincola,-0.0094,0.0533
Quang Duong,Anna Bright,0.0066,0.0496
Riley Newman,Hayden Patriquin,-0.004,0.0497
Emma Wang,William Kammerait,-0.006,0.05
Nicolas Lopez,Jessica Degroot,-0.0031,0.0502
Cody Sivan,John Macauley,-0.0003,0.0504
Peter Berka,Jonas Merckx,0.0009,0.0528
Aws Laaribi,Mike Radermacher,0.0016,0.0537
Sammy Lee,Jamie Voelker,0.0093,0.0511
Wendy Weston,Mike Radermacher,-0.0019,0.0477
Zane Ford,Nicholas Romano,0.003,0.0524
Tobias Golberg,Kyle Hagerman,0.0016,0.0534
Noah Zwiren,Riley Inn,-0.0041,0.0488
Evan Hollinsky,Brandon Contratto,0.0066,0.0542
Kentaro Hamaguchi,Yuta Funemizu,-0.0007,0.0476
Jacob Palley,Matthew Schapiro,0.0006,0.0516
Frank Welsher Iii,Christopher Robertson,0.0007,0.052
Jake Frederickson,Lucas Pereyra,-0.0025,0.049
William Hayes,Brock Rzesnowiecky,-0.0036,0.0545
Joseph Alvarez,Lincoln Bellamy,-0.0004,0.0504
Eric Landau,Taylor Stockton,-0.0055,0.0522
Trenton Shaw,Tristan Shaw,-0.0018,0.052
Ashley Griffith,Juan Benitez,-0.0051,0.0533
Ariana Rodriguez,Ryan Torresin,-0.0026,0.0502
Sammy Lee,Amrik Donkena,-0.0073,0.0528
Len Yang,Anne-Sophie Courteau,-0.0032,0.0497
Zachary Marceau,Juan Benitez,-0.0007,0.0531
Brandon Contratto,Rachel Janssen,-0.0039,0.0537
Joseph Alvarez,Sabrina Palavra,0.0084,0.0501
Luke Ness,Henry Boyle,0.0034,0.0491
Dominic Denardo,Sophie Jones,-0.0018,0.0509
Meghan Mediratta,Neil Mediratta,-0.005,0.0487
Ben Cawston,Cassy Deng,-0.006,0.0536
Monika Wynne,Nicholas Romano,-0.0017,0.0507
Luke Ness,Kara Marbury,0.0073,0.0508
William East,Elisha Hougland,0.0053,0.0496
Tom Protzek,Shea Donahue,0.0034,0.053
Kristine Diehl,Chad Evans,-0.0057,0.0525
Ryan Skufca,Sam Weinbach,-0.0056,0.0511
Bryson Alexander,Santiago Diaz,-0.0012,0.054
Matthew Schapiro,Yasmin Musleh,-0.0087,0.0518
Michael Jeon,Ryan Radawiec,-0.0044,0.0573
Marykate Washelesky,Peter Berka,-0.0022,0.0531
William East,Amber Policare,0.0008,0.0501
Anna Dubois,Emerson Lehmann,-0.0025,0.0501
Nicolas Lopez,Kasen Lopez,-0.0032,0.051
Ben Cawston,Stuart Parminter,-0.0012,0.054
Brittni Tonnessen,Brandon Fritze,-0.0036,0.0523
Brian Bonilla,Bernard Suwirjo,-0.0043,0.048
Benjamin Gonzalez,Hailey Munz,-0.0045,0.049
Ryan Torresin,Brandon Fritze,0.0162,0.0515
Guilherme Zogbi,Brian Bomgren,-0.0011,0.0521
Joel Kabacinski,Chris Huebner,-0.0039,0.051
Abhishek Bhargava,Matt Burkhardt,0.0165,0.0515
John Bonfilio,Saulo Gonzales,-0.0086,0.0547
Frank Welsher Iii,Valentina Martin,-0.0012,0.0502
Gavin Nickerson,Emily Mone,0.006,0.0503
Alex Gray,Vova Zverkovsky,0.0024,0.0501
Hunter Bivins,Gavin Nickerson,-0.0049,0.0494
Dave Bacalla,Karyn Weiss,-0.0043,0.0545
Mohammed Aljobori,Ksenija Tihomirova,0.003,0.0524
Travis Rettenmaier,Ekaterina Biakina,-0.0012,0.0505
Dylan Frazier,Anna Bright,0.0011,0.0505
Jay Devilliers,Liz Truluck,0.0013,0.0522
Hayden Patriquin,Tyra Hurricane Black,-0.0074,0.0458
Lea Jansen,Max Freeman,0.022,0.0499
Quang Duong,Tina Pisnik,0.0021,0.0475
Nick Black,Maggie Brascia,-0.0046,0.0511
Hannah Blatt,Cason Campbell,-0.0063,0.0503
Kate Fahey,Federico Staksrud,-0.0114,0.0479
Andrea Koop,Todd Fought,0.004,0.0495
Ewa Radzikowska,Mota Alhouni,0.0078,0.0495
Callie Smith,Spencer Smith,0.0032,0.0529
Rachel Rohrabacher,James Ignatowich,0.0027,0.0506
Brandon French,Rachel Rettger,0.0015,0.0522
Lindsey Newman,Wyatt Stone,0.0031,0.0501
Michael Loyd,Judit Castillo,-0.0049,0.0532
Blaine Hovenier,Kaitlyn Christian,-0.0134,0.0532
Zane Navratil,Jade Kawamoto,-0.007,0.0512
Pesa Teoni,Marcela Aguila Ampon,0.006,0.0525
AJ Koller,Collin Johns,-0.0119,0.0503
Jay Devilliers,Yates Johnson,0.0075,0.0511
Ivan Jakovljevic,Anderson Scarpa,-0.0085,0.048
Naveen Beasley,James Delgado,-0.0006,0.0546
Kate Fahey,Andrea Koop,0.0066,0.0531
Wendy Weston,Kristen Van Dernoot,-0.0002,0.0516
Pablo Tellez,Andrei Daescu,-0.0036,0.0485
Chao Yi Wang,Jessie Irvine,-0.0047,0.0502
Samantha Parker,Lauren Stratman,-0.0048,0.05
Callie Smith,Parris Todd,-0.0082,0.0519
Callan Dawson,Todd Fought,0.0003,0.0501
Julia Ronney,Shea Donahue,0.005,0.0505
Luke Wasson,Wesley Burrows,0.009,0.0478
James Ignatowich,CJ Klinger,-0.0092,0.049
Quang Duong,Dylan Frazier,-0.005,0.0513
Nick Black,Darrian Young,0.0062,0.0498
Michael Loyd,Etienne Blaszkewycz,-0.0051,0.0503
Sarita Schoenebeck,Bridget Aguado,-0.0029,0.0524
Marykate Washelesky,Sabrina Palavra,0.0007,0.0534
Ashley Griffith,Valentina Martin,-0.0037,0.053
Rachel Janssen,Alexis Debol,-0.0008,0.054
Caitlin Klaassen,Liz Truluck,-0.0062,0.0489
Hannah Blatt,Emilia Schmidt,-0.0045,0.0516
Chuck Taylor,Mota Alhouni,0.0021,0.0495
Pierina Imparato,Ava Ignatowich,-0.0047,0.053
Nicole Conard,Ekaterina Biakina,0.0011,0.0525
Genie Erokhina,Martina Frantova,0.0008,0.0523
Riley Newman,Jaume Martinez Vich,-0.0103,0.0544
Mary Brascia,Meghan Dizon,-0.0054,0.0531
Gabriel Tardio,Anna Bright,-0.0072,0.0499
Riley Newman,Jessie Irvine,-0.0049,0.0511
Lacy Schneemann,Jorja Johnson,0.0039,0.0496
Parris Todd,Tina Pisnik,0.0057,0.0513
Dylan Frazier,Pablo Tellez,0.0153,0.0483
Andrei Daescu,Tyson McGuffin,0.011,0.0517
JW Johnson,Gabriel Tardio,-0.0246,0.0505
Christian Alshon,Dekel Bar,0.0006,0.0499
Jessie Irvine,Mari Humberg,0.0166,0.0513
Zane Ford,Allie Reichert,-0.0081,0.0551
Jesse Ferlianto,Keilly Ulery,0.01,0.0516
Justin Dages,Austin Basque,-0.0147,0.0523
Luke Cartenuto,Gavin Nickerson,-0.0004,0.0492
Nicolas Almeida,Mason Durbin,0.0023,0.0543
Jimmy Terzian,Zach Gonnering,-0.0026,0.0506
Tristan Dussault,Emanuel Dickson,0.0073,0.0505
Jonathan Truong,Alix Truong,0.0034,0.047
Cailyn Campbell,Ben Slive,-0.0039,0.0509
Mikaeel A,Milkha Andrews,-0.0022,0.0527
Sammy Lee,Tanner Tomassi,-0.0051,0.0524
Stevie Petropouleas,Ethan Jauschneg,-0.0087,0.0536
Christopher Crouch,John Cangelosi,-0.0005,0.0538
Justin Lui,Johnny Shapiro,-0.0018,0.0482
Maksims Kazijevs,Spartak Rahachou,0.0002,0.0512
William Owens,Grant Kayworth,0.0004,0.0499
George Bulger,Michael Coleman,0.0025,0.0487
Jericho Grollman,Davis Daniel Carvalho,0.0015,0.0539
Reed Goldenberg,Rey Bacalla,0.0023,0.0524
Joshua Giannelli,Jose Farias,0.0133,0.0509
Julian Slive,Ben Slive,0.005,0.0524
Marshall Brown,Giorgia Vitale,-0.0068,0.0524
Justin Graham,Erin Denney,-0.0019,0.0513
Etienne Blaszkewycz,Alex Walker,-0.0104,0.0493
Ashley Griffith,Luke Ness,0.018,0.0519
Luke Ness,Chase Blocker,0.0012,0.0528
Connor McCartney,Chase Mason,0.0043,0.0503
Alexa Schull,Tanner Tomassi,0.0056,0.048
Waymon Peet,Helen Challenger,0.0061,0.0517
Regina Goldberg,Randy Blanco,0.0104,0.0486
Christa Gecheva,Wyatt Stone,0.0008,0.0493
Matthew Mead,Sebastian Herrera,-0.0053,0.0522
Ryan Dinsmore,Cheng En Tsai,-0.0016,0.0484
Amanda Rosati,Ryan Torresin,-0.0004,0.0503
Sofia Sewing,Casey Diamond,0.0038,0.0487
Ernesto Fajardo,Ryan Torresin,-0.0011,0.0502
Nathan Wilkinson,Eddie Gonzalez,-0.001,0.0525
Nicole Conard,Luke Wasson,-0.0138,0.0535
Spartak Rahachou,Michelle Murphy,0.0097,0.0534
Ridley Seguso,Nikolas Ruiz,0.0034,0.05
Martina Frantova,Jesse Witten,-0.0041,0.0512
Madalina Grigoriu,Rougel Jon Lutz Aninon,-0.0014,0.05
Justin Graham,Dylan Lewis,0.001,0.051
Walker Medlin,Abe Vasquez,-0.0011,0.0519
Eric Oncins,Amanda Hendry,0.0001,0.0502
Thomas Provost,Justin Craig,-0.0006,0.051
Robert Laidlaw,Sarah Mulhern,-0.0005,0.0509
Joshua Reason,Rougel Jon Lutz Aninon,0.0031,0.0493
Tao Castillo,Stefan Svicevic,-0.0002,0.0514
Kallan Arledge,Jayce Fitzpatrick,0.0058,0.0536
Polina Libo,Peter Jajcay,-0.0062,0.0523
Ross Whittaker,Shannon Pretorius,0.0248,0.0489
Eduardo Garcia,Karolina Fleming,0.0016,0.0503
Juan Saez,Ava Cavataio,-0.0018,0.0562
Martin Michelsen,Sebastian Stam,-0.0003,0.0515
Haddy Salem,Amir Salem,-0.0033,0.0533
Luca Mack,Estee Widdershoven,-0.0042,0.0508
Edward Perez,Ethan Jauschneg,-0.0013,0.0525
Richard Bayne,Tobias Moreno,0.0054,0.0492
Cameron Luhring,Matthew Barlow,0.0102,0.0507
Savannah Vo,Juan Varon,-0.0061,0.0524
Ernesto Fajardo,Ariana Rodriguez,-0.0006,0.0523
Yoan Ghenassia,Sylvain Halais,-0.003,0.0512
Samantha Greenhut,Davis Daniel Carvalho,0.0051,0.0533
Winchester Dermody,Connor Daland,0.0005,0.0496
Domenika Turkovic,Jose Farias,-0.0024,0.052
Jorge Nunez,Zak Parks,0.014,0.0517
Michael I,Michael Holstein,0.0059,0.0517
Juan Varon,Daniel Miron,0.0021,0.0542
A.j. Scarp,Roger Dugas,0.0068,0.05
Daryl Shapiro,Logan Thompson,-0.0027,0.0484
Christie Fronimos,Niko Fronimos,-0.0075,0.0506
Luke Cartenuto,Jade Rau,0.003,0.056
Christopher Crouch,Isabella Ochoa,-0.0016,0.0525
Chandra Kusuma,Cameron Luhring,-0.0002,0.0526
Immanuel Zion,Scott Cheng,-0.0042,0.0543
Cody Sivan,Waymon Peet,0.0007,0.0549
Cade Vanetten,Sean Andrews,-0.0039,0.0513
Juan Saez,Randy Blanco,-0.014,0.0505
Jemere Plummer,Sharienne Ricardo,-0.0056,0.0487
Parker Davekos,Nick Difazio,-0.0055,0.0503
Austin Oreilly,Bret Berryman,0.0035,0.0488
Antoaneta Toskova,Zach Gonnering,-0.0041,0.049
Anne-Sophie Courteau,Juan Benitez,-0.012,0.0509
Kamden Bradstreet,Andrew Bradstreet,-0.0031,0.0521
Luca Mack,Samuel Gabet,0.0043,0.05
Jeremy Lim,Garrett Singletary,-0.0071,0.0517
Pepe Batalla,Iker Tomas,0.0018,0.0497
Steve Thyden,Johan Nilsson,-0.0029,0.0528
Lauren Hidalgo-Smith,Mason Durbin,-0.0037,0.052
Robert Dolan,Adam Sackrin,-0.0058,0.0532
Chase Blocker,Giovanna Morelli,-0.0018,0.0546
Emanuel Dickson,Gianna Southwick,-0.0034,0.0512
Ryan Fu,Marcela Aguila Ampon,-0.0035,0.0493
Angie Walker,Gregory Dow,-0.0042,0.0513
Dekel Bar,Anna Bright,0.0086,0.0459
Jackie Kawamoto,CJ Klinger,-0.0041,0.0519
Pablo Tellez,Tyra Hurricane Black,-0.0195,0.0499
Andrei Daescu,Tina Pisnik,0.0102,0.0486
Jorja Johnson,Hayden Patriquin,-0.0002,0.0491
Leigh Waters,Dillon Segur,0.0059,0.052
AJ Koller,Meghan Dizon,-0.0221,0.0478
Travis Rettenmaier,Allyce Jones,-0.0021,0.0493
Cason Campbell,Michelle Esquivel,-0.001,0.0522
Tamaryn Emmrich,Michael Loyd,0.0169,0.0506
John Cincola,Ava Ignatowich,-0.0052,0.0525
Rachel Summers,Spencer Smith,0.0046,0.0526
Andrei Daescu,CJ Klinger,-0.0019,0.0451
Nick Black,Jonathan Truong,0.0076,0.0521
Martin Emmrich,Wesley Burrows,0.0001,0.05
Phillip Locklear,Matt Rucinski,0.0114,0.0496
Jackie Kawamoto,Anna Bright,-0.0027,0.0498
Kaitlyn Christian,Christa Gecheva,0.0254,0.0485
Ariana Rodriguez,Sarah Mulhern,-0.0114,0.0551
Lauren Hidalgo-Smith,Giovanna Morelli,-0.0007,0.0508
Mohaned Alhouni,Jhonnatan Medina Alvarez,0.0013,0.0521
AJ Koller,Matt Wright,-0.0085,0.0487
Kate Fahey,Lea Jansen,0.0134,0.0485
Jade Rau,Jaeda Minniefield,0.0065,0.0529
Estee Widdershoven,Fadia Fakhre,-0.0094,0.0506
Victoria Dimuzio,Amanda Rosati,0.0098,0.0491
Megan Poe,Melissa Coburn,0.0014,0.0501
Alix Truong,Meghan Dizon,0.0128,0.0506
Anna Leigh Waters,Leigh Waters,0.0068,0.0475
Allyce Jones,Tina Pisnik,0.0059,0.0515
Ashley Griffith,Sabrina Palavra,-0.0084,0.0507
Ryan Fu,Pesa Teoni,0.0096,0.0528
Travis Rettenmaier,Darrian Young,0.0115,0.0496
Ross Whittaker,Johnny Goldberg,-0.0071,0.0508
Eric Oncins,Augustus Ge,-0.0003,0.049
Braden Shick,Collin Shick,0.0057,0.0515
Jesse Witten,Ryan Sherry,0.0011,0.0508
Brittany Levkulich,Grayson Hall,0.0013,0.0522
Marcela Aguila Ampon,Ava Ignatowich,-0.0002,0.0512
John Cincola,Etienne Blaszkewycz,0.012,0.049
Ivan Jakovljevic,Michael Loyd,-0.0049,0.0509
Amanda Hendry,Michelle Esquivel,0.0042,0.0506
Domenika Turkovic,Allie Reichert,0.0057,0.0531
Ava Cavataio,Alexa Schull,0.0061,0.052
Cade Pierson,Shannon Pretorius,0.0017,0.0506
Brie Aldridge,Karolina Fleming,0.003,0.0501
Samantha Greenhut,Kelsey Laurente,-0.0016,0.0513
Polina Libo,Emma Nelson,-0.0095,0.0546
Isabella Ochoa,Paula Rives,0.0204,0.055
Antoaneta Toskova,Anne-Sophie Courteau,0.0059,0.0488
Maximilian Wild,Jonny Pickleball Andrews,-0.0063,0.0495
Nadia Echeverria,Natalia Maynetto,0.0029,0.05
Helena Jansen,Brooke Caruso,-0.005,0.0518
Riley Newman,Vivian Glozman,-0.0103,0.0536
Julianne Le,Harrison Yee,0.0086,0.0529
Farshid Mirzaee,Landon Dunn,-0.0023,0.0493
Collin Johns,Christa Gecheva,0.0023,0.0502
Tatiana Ruhl,Yuta Funemizu,0.0094,0.0499
Lorna Morris,Emmerentia Marx,0.0038,0.0516
Zane Ford,Dominique Schaefer,0.0316,0.0539
Bryanna Ojeda,Kevin Caulfield,-0.0033,0.0505
Daniel Byun,Dayna La Belle,0.0042,0.0531
Shelley Wong,Yaamunan Venkatesan,-0.0056,0.0507
Carl Hilliard,Nicole Conard,-0.0054,0.0486
Isabella Hoang,Luc Pham,0.0055,0.0504
Ross Whittaker,Kevin Dayan,0.005,0.0499
Flynn Kantzalis Orton,Mark Wei,-0.0026,0.0535
Nicole Eugenio,Domenika Turkovic,0.0078,0.0503
Brodie Smith,Indigo Dagnall,0.0021,0.0513
Michael I,Luke Ness,-0.0041,0.0508
Sam Angelo,Daniel Jensen,-0.0066,0.0544
Pally Ray,Omar Garcia-Heredia,0.0071,0.0514
Chase Holderman,Audrey Adele Brown,-0.003,0.0525
Danica Wolf,Ali Amiri,0.0092,0.0489
Grayson Goldin,Emily Cederquist,-0.0025,0.0512
Sahra Dennehy,Liam Jesperson,-0.0057,0.0542
Nicole Conard,Ava Ignatowich,-0.0093,0.0517
Erik Pailet,Domenika Turkovic,-0.011,0.0534
Leah Tauber,Darrian Young,0.0068,0.0501
Cami Blake,Cailyn Campbell,0.0057,0.0505
Farzin Amiri,Ali Amiri,-0.007,0.0514
Brian Bonilla,Matthew Mead,0.006,0.0506
JR Jones,Nick Casey,-0.0047,0.0522
Natalie Raney,Kevin Dayan,-0.0033,0.0526
Julia Ronney,Matthew Mead,0.008,0.052
Louie Payetta,Michelle Murphy,-0.0069,0.0524
David Litvinov,Jordan Chrysostom,0.009,0.0519
John-Paul Weber,Gary S,0.0005,0.0493
Connor McCartney,Brhet Bewley,-0.0004,0.0507
Andre Mercado,Liam Duffin,0.003,0.0503
Miles Hoover,Jacob Lee,-0.0012,0.0507
Santhosh Narayanan,Thomas Yu,-0.0134,0.053
Jack Sahid,Nicholas Garza,0.0046,0.0537
Ethan Violette,Cami Blake,-0.0046,0.0536
Jessica Jones,Jase Edwards,-0.0006,0.0512
Jessica Wilcox,Rio Newcombe,-0.0049,0.0526
Chloe Igleski,Santhosh Narayanan,0.0037,0.0516
Mike Block,Preston White,-0.0078,0.0512
Caden Nemoff,Yuta Funemizu,0.0167,0.0507
Trevor Machek,Nick Werner,0.0006,0.053
Albert Wan,Harrison Yee,0.0082,0.051
Connor McCartney,Jessica Mason,0.0061,0.0485
Jericho Grollman,Chiron Burl,0.0124,0.0504
Ryan Sherry,Lara Giltinan,0.0019,0.0523
Carl Hilliard,Max Green,0.0018,0.051
Allie Davis,Luke Ness,-0.004,0.0507
Chloe Igleski,Malia K Lum,-0.0067,0.0498
Genie Erokhina,Emily Cederquist,-0.0009,0.0533
E. Elenga Satuala,Dalia Garza,0.0024,0.0521
Ryan Stotland,Immanuel Zion,-0.0049,0.0544
Jonathan Truong,Rio Newcombe,-0.0046,0.051
Brandon Taylor,Daniel McAuley,-0.0045,0.0536
Chase Holderman,Austin Oreilly,-0.0013,0.0521
Daniel Byun,Warren Tamanaha,0.0073,0.055
Danny Derry,Troy Akin,-0.0002,0.0496
Jalina Ingram,Jessica Wilcox,0.0032,0.0537
Jessica Jones,Estee Widdershoven,-0.0018,0.0512
Rodrigo Grajales,Robbie Hill,-0.0042,0.052
Mohaned Alhouni,Ava Ignatowich,0.0019,0.0508
Allison Phillips,Spencer Smith,0.0042,0.0519
Quang Duong,Parris Todd,-0.0139,0.0529
Blaine Hovenier,Lindsey Newman,-0.0002,0.0534
Layne Sleeth,Judit Castillo,-0.013,0.053
Mark Nahum,Luc Pham,-0.0049,0.0519
Jack Sock,Genie Bouchard,-0.0076,0.0497
Camila Zilveti,Patrick Smith,-0.0057,0.049
Eric Roddy,Alex Walker,0.0037,0.0515
Jackie Kawamoto,Vivian Glozman,0.0145,0.0529
Lingwei Kong,Pesa Teoni,0.002,0.0539
Hannah Blatt,Steve Deakin,0.0035,0.051
Justin Graham,Luca Mack,-0.0025,0.0496
Sammy Lee,Adam Harvey,0.0105,0.0508
Ernesto Russo,Ryan Eveloff,0.0007,0.05
Todd Fought,Allyce Jones,-0.016,0.0527
Marshall Brown,Michelle Esquivel,0.0239,0.0504
Gabriel Joseph,Ryan Sherry,0.0043,0.0498
Angie Walker,Ryan Fu,-0.0073,0.0507
Cason Campbell,Aanik Lohani,-0.0015,0.0493
Jessie Irvine,Allyce Jones,-0.0114,0.0499
Alix Truong,Roscoe Bellamy,0.0012,0.0521
Dylan Frazier,Maggie Brascia,-0.0083,0.0507
Ryan Fu,Darrian Young,0.0079,0.0476
Andrei Daescu,Christian Alshon,0.0036,0.0425
Allison Phillips,Pierina Imparato,-0.0087,0.0512
Camila Zilveti,Lindsey Newman,0.0033,0.0483
Mohaned Alhouni,Marshall Brown,-0.0006,0.0494
Rafa Hewett,Noe Khlif,0.0338,0.0497
Quang Duong,Matt Wright,-0.0042,0.0529
Blaine Hovenier,AJ Koller,0.012,0.0494
Meghan Dizon,Lacy Schneemann,0.0136,0.0483
Riley Newman,Ivan Jakovljevic,-0.0018,0.0485
Hannah Blatt,Genie Bouchard,0.0052,0.0542
Jay Devilliers,Collin Johns,0.0019,0.0489
Joel Daniels,Joshua Small,-0.0052,0.0508
Zane Navratil,Joseph Wild,0.0057,0.0514
Nguyen Thang,Tran Tuan Minh,0.0026,0.0541
Joshua Chia,Aaron Blitz,0.0017,0.0525
Drew Woff,James Burgoine,-0.0056,0.0494
Gabriel Tardio,Tyson McGuffin,0.0008,0.0518
T Maxy,Simon Pilt,0.0019,0.0476
Andrew Horridge,Chris Turvey,0.0006,0.0522
Pierre Enjolras,Vuk Velickovic,-0.0013,0.0497
Ela I Puleni Vakaukamea Jr.,Brookie Maasi,0.0058,0.051
Lucas Pascoe,George Wall,0.0021,0.0507
Robbie Manzano,Lachy Donnelly,0.0002,0.0511
Phuc Huynh,Bao Duong,0.0082,0.0505
Robbie Lee,Nigel Lee,-0.0069,0.0527
Robert Stirling,Oliver Gray,0.0017,0.0527
Adam Walters,Hamish Bartos,0.0002,0.0528
Vishal Masand,Frank Ngo,0.0029,0.0487
Andy Amattayakul,Oliver Dobson,-0.0035,0.0529
Alix Truong,Jessie Irvine,-0.0031,0.0507
Lara Giltinan,Bernadette Massih,-0.0038,0.0524
Kaitlyn Christian,Andie Dikosavljevic,-0.0047,0.0527
Jessica Hughes,Aleisha Horridge,-0.0018,0.0528
Paul Gledden,Ash Williams,-0.0046,0.0497
Jordan Halliday,Conor Robertshawe,-0.0054,0.0498
Timothy Kouznetsov,Nicholas Maleganeas,0.0017,0.0487
Danni-Elle Townsend,Emilia Schmidt,0.0108,0.0528
Daniel Fogl-Kulich,Harrison Brown,-0.0034,0.0514
Irene Sanchez,Celina Yang,-0.0047,0.0529
Sarah Burr,Nicola Schoeman,-0.0217,0.0505
Rika Fujiwara,Seina Shima,0.0017,0.0489
Daniel Fogl-Kulich,Lara Giltinan,0.0015,0.0514
Phụng Võ,Dang Chau,-0.0027,0.0523
Ellen McDonogh,Brooke Mundey,-0.0046,0.0525
Somer Dalla-Bona,Selina Turulja,0.0159,0.053
Jai Grewal,Zack Taylor,-0.0017,0.0549
Timote Lavelua,Joshua Muzik,-0.004,0.0518
Phan Quynh,HO Tam,0.0038,0.0512
Clemens Graute,Una Tafuna,-0.0064,0.0508
Isabelle Papazyan,Cleo Bond,-0.0078,0.0512
George Wall,Nicola Schoeman,-0.0055,0.053
Jai Grewal,Andie Dikosavljevic,0.0022,0.049
Joshua Shemroske,Alex Cortes,-0.0069,0.0545
Jaime Wong,Ekaterina Biakina,-0.0007,0.052
Vena Fonokalafi,Huss Saleh,-0.0011,0.0517
Kelly Martin,Memory Lelenoa,0.0003,0.0494
Chris Harradine,Kyle Stoker,-0.0022,0.051
Jay Devilliers,Allyce Jones,0.0082,0.0534
Zane Navratil,Roos Van Reek,-0.0111,0.0513
Isabelle Papazyan,T Maxy,-0.0008,0.0528
Phuc Huynh,HO Tam,-0.0039,0.0502
Sange Carter,Oliver Gray,-0.0082,0.0552
Quang Duong,Vivian Glozman,-0.0001,0.0509
Gabrielle May,Aaron Blitz,-0.0033,0.055
Conor Robertshawe,Valeska Hoath,-0.0014,0.0512
Jessica Williams,Alex Cortes,0.0006,0.0518
Haruki Kato,Rika Fujiwara,0.0028,0.052
Phan Quynh,Huss Saleh,-0.0014,0.0559
Kirsty McCorkindale,Nicholas Maleganeas,-0.0023,0.0554
Vuk Velickovic,Selina Turulja,0.0075,0.0519
Alex Hunt,Kaitlyn Christian,-0.0035,0.0505
Una Tafuna,Irene Sanchez,-0.0002,0.0526
CJ Klinger,Tyra Hurricane Black,0.0134,0.0483
Zack Taylor,Bernadette Massih,0.0057,0.0502
Robert Stirling,Somer Dalla-Bona,-0.0068,0.0497
Seina Shima,Harrison Brown,-0.002,0.0491
Jordan Halliday,Brooke Mundey,0.0026,0.0509
Aaron Johnson,Ellen McDonogh,0.0032,0.0531
Jaime Wong,Darren Ho,-0.004,0.0527
Oliver Dobson,Aleisha Horridge,0.0008,0.052
Katerina Valos,Joshua Chia,-0.0056,0.0525
Tina Bianchi,Chris Turvey,0.001,0.0507
Andrew Horridge,Bee Horsley,0.0003,0.0493
Sarah Burr,Vishal Masand,-0.0022,0.0535
Safi Foketi,Brookie Maasi,-0.0034,0.0515
Eliel Herminas,Victor Camilo Iii,-0.004,0.051
Joshua Cooperman,Erik Josephs,0.0057,0.0524
Bryan Lundberg,Braden Jacobson,0.0051,0.0528
Jace Morris,Albie Huang,0.0016,0.0503
Wil Shaffer,Jackson Ayotte,0.0034,0.0525
Jason Gregory,Chad Brundy,-0.0083,0.0521
Nick Werner,Justin Fullmer,0.002,0.0509
Thomas Yu,Riley Inn,0.0076,0.0509
Indigo Dagnall,Levi Daniel,-0.0005,0.0503
Aleck Blair,Katie Van Doren,-0.001,0.0517
David Creswell,Max Tavepholjalern,-0.0038,0.0521
Joshua Cooperman,Cailyn Campbell,0.0023,0.0516
Emily Mone,Mike Radermacher,-0.0051,0.0492
Grayson Brandon,Billy Buchhauser,-0.0026,0.052
Chas Howard,Jace Howard,-0.0037,0.048
Mouaad Alhouni,Anouar Braham,-0.0097,0.0534
Rian Weston-Dodds,Dan Clark,0.0009,0.0501
Joe Prince,Jace Morris,0.0042,0.0501
Arsh Sharma,Russell K,0.006,0.0552
Alli Hazrati,Nick Patterson,0.0024,0.0525
Carl Hilliard,Aleck Blair,0.0122,0.0511
Sam Angelo,Rio Newcombe,0.0061,0.0497
James Kaoma,Garret Johnson,-0.002,0.0524
Savanna Ticknor,Joel Ticknor,-0.0043,0.0515
Wendy Weston,Garret Johnson,0.0036,0.0516
Audrey Adele Brown,Rio Newcombe,0.0035,0.049
Luke Cartenuto,Chase Mason,0.0024,0.0508
Brian Bonilla,Mike Radermacher,0.0031,0.0497
Andre Mercado,Michael Wolf,-0.0009,0.0501
Shane Du Bois,Matthew Fisher,-0.0037,0.0497
Zach Gonnering,Jaxon Madsen,-0.0001,0.0523
Chloe Igleski,Caden Nemoff,-0.0041,0.0512
Pally Ray,Bryanna Ojeda,0.0004,0.0531
Sahra Dennehy,Brandon Contratto,-0.0026,0.0521
Octavio Andres Gutierrez Meier,Miguel Salgado,-0.0014,0.051
Hunter Morris,Desmond Luke,-0.002,0.051
Gregorie Vinueza-Daly,Rob Brandt,0.0015,0.051
Liam Jesperson,Karson Feyereisen,-0.0025,0.0504
Vivienne David,Daniel De la Rosa,-0.0066,0.0528
Mohaned Alhouni,Samantha Parker,-0.0023,0.0533
Maggie Brascia,JW Johnson,0.0016,0.0486
Kaitlyn Christian,Donald Young,-0.0008,0.0506
Andrea Koop,Michael Loyd,-0.003,0.05
Allison Phillips,Mota Alhouni,-0.0005,0.0508
Jade Kawamoto,James Ignatowich,0.0166,0.0492
Brooke Buckner,Noe Khlif,-0.0022,0.0517
Ewa Radzikowska,Anderson Scarpa,0.0022,0.0514
Zane Navratil,Genie Erokhina,0.0048,0.0501
Liz Truluck,CJ Klinger,0.0021,0.0505
Camila Zilveti,Daniel Jensen,0.0036,0.0478
Brandon French,Ava Ignatowich,0.0031,0.0505
Michelle Esquivel,John Cincola,0.0001,0.0496
Rachel Rohrabacher,Hayden Patriquin,-0.0327,0.0468
Etta Tuionetoa,Jaume Martinez Vich,-0.0002,0.0497
Sarah Ansboury,Patrick Smith,-0.0024,0.052
Marshall Brown,Marcela Aguila Ampon,0.0224,0.0503
Ivan Jakovljevic,Lindsey Newman,0.004,0.0511
Helena Jansen,Pesa Teoni,0.0036,0.0498
Ben Johns,Hayden Patriquin,0.004,0.0494
Genie Erokhina,Samantha Parker,0.0048,0.0482
Tam Trinh,John Cincola,-0.0028,0.052
Blaine Hovenier,Steve Deakin,-0.0031,0.0511
Layne Sleeth,Kaitlyn Christian,-0.0005,0.0528
Riley Newman,Matt Wright,-0.0001,0.0486
Tom Evans,Daniel Jensen,0.0008,0.0526
Sahra Dennehy,Jessica Mason,0.0001,0.0529
Martina Frantova,Marcela Aguila Ampon,-0.0033,0.05
Andrea Koop,Lea Jansen,0.0011,0.0496
Zane Ford,Luke Wasson,0.0086,0.0505
Cason Campbell,Bao Duong,0.0002,0.0525
Helena Jansen,Cleo Bond,0.01,0.0557
Ewa Radzikowska,Hannah Blatt,0.004,0.049
Eric Roddy,Jack Sock,-0.0063,0.0494
Alix Truong,Vivienne David,0.009,0.0518
Liz Truluck,Sarah Ansboury,-0.0066,0.0551
Quang Duong,James Ignatowich,-0.0108,0.0517
Chuck Taylor,Daniel De la Rosa,-0.0061,0.0525
Mari Humberg,Lindsey Newman,-0.011,0.0517
Lingwei Kong,Michelle Esquivel,0.0023,0.0507
Jade Kawamoto,Jessie Irvine,-0.0029,0.0482
Marshall Brown,Roscoe Bellamy,0.0005,0.0521
AJ Koller,Eric Oncins,-0.0024,0.0498
Jalina Ingram,Cailyn Campbell,-0.0023,0.0495
Wendy Weston,Emily Mone,0.0006,0.0497
Lucy Kovalova,Olivia McMillan,-0.0039,0.0516
Tom Protzek,Ariana Rodriguez,-0.0087,0.0519
Allie Davis,Tomoko Taniguchi,-0.0019,0.0547
Aly Caliri,John Lucian Goins,0.0083,0.0523
Jessica Jones,Jordan Chrysostom,0.013,0.0492
Hartland Jones,Jayson Harris,-0.0054,0.0528
George Bulger,Flynn Kantzalis Orton,0.007,0.0523
Kyle Chittenden,Dave Conley,0.0108,0.0528
Tom Protzek,Ben Cawston,-0.0142,0.0509
Levi Daniel,Quan Do,-0.0042,0.0512
Luke Cartenuto,Justin Fullmer,0.0021,0.0513
Nicole Conard,Jessica Mason,-0.004,0.0492
Tiffany Ash,Lexi Jensen,0.0005,0.0518
TY Parrish,Sienna Hitzeman,-0.0036,0.0496
Dean Papakonstantis,Matthew Mead,0.0052,0.0536
Joseph Wells,Jerry Worsham,-0.0032,0.0552
Savanna Ticknor,Jaden Lam,-0.007,0.0503
Ciara Kelly,Joel Poland,0.0071,0.0529
Len Yang,Christina Chin,0.005,0.0493
Grayson Goldin,Ryan Eveloff,0.0063,0.0519
Michael I,Ryan Lucci,-0.0004,0.054
Mike Radermacher,Jennifer Johnson,-0.0036,0.0511
Eduardo Santini Ayon,Florencia Rossi Luqur,0.0028,0.0511
James Kaoma,Melissa Ferger,-0.0013,0.0539
Jalina Ingram,Emma Nelson,-0.0121,0.0537
Bailee Jackson,Simone Leonard,-0.0067,0.0515
Zach Drost,Keaten Kappes,0.0153,0.0525
Brian Harshman,Bret Berryman,-0.0093,0.0528
Jordan Chrysostom,Kyle Koszuta,-0.0052,0.0497
Scott Wong,Ross Mathews,0.0019,0.054
Julia Ronney,Dalia Garza,0.0046,0.05
Erica Remshard,Isamarie Perez,-0.0027,0.052
Madalina Grigoriu,Shannon Pretorius,0.005,0.052
Monica Piekarski,Ciara Kelly,0.0012,0.052
Kailas Shekar,Caden Nemoff,-0.0023,0.0476
Clayton Truex,Nick Werner,-0.001,0.0518
Spartak Rahachou,TY Parrish,-0.0052,0.0511
Austin Oreilly,Michael Jenson,0.0026,0.0531
Matthew Barlow,Mya Bui,0.0008,0.052
Victor Rodrigo,Will Mackinnon,0.0049,0.0506
Daniel Adsit,Stephen Moore,0.0018,0.0515
Pally Ray,Monica Piekarski,0.0,0.0496
Chloe Igleski,Florencia Rossi Luqur,-0.0083,0.0501
Len Yang,Thomas Yu,0.01,0.0508
Rob Cassidy,Allie Davis,-0.0043,0.0507
Keaton Cullimore,Anthony Skalabrin,-0.0011,0.0512
Cami Blake,Joel Ticknor,0.0026,0.0503
Andre Mercado,Jace Howard,0.0093,0.0496
Grayson Brandon,Michael Wolf,0.0029,0.053
Courtney Clark,Luke Ness,-0.0061,0.0521
Court Zalinski,Hartland Jones,0.005,0.0508
Joshua Cooperman,Elyse Johnson,-0.0001,0.0511
Pally Ray,James Kaoma,-0.0072,0.0482
Rajul Chikkalingaiah,Armaan Jiwa Mawji,0.0023,0.0483
Dustin Lunt,Tony Larson,-0.003,0.0528
Maximilian Wild,Kevin Caulfield,-0.0015,0.0518
Eric Cepress,Corneliu Olar,-0.0022,0.0522
Rob Cassidy,Dave Weinbach,0.0028,0.051
James Woods,Jacob Barrus,-0.0006,0.0511
Carolina Mayorga-Perry,Bret Berryman,0.003,0.0512
Sam Weinbach,Dana Raugust,0.0159,0.0509
Scott Berke,Nathan Rasco,-0.0011,0.0536
Adam Harvey,Yaamunan Venkatesan,0.0002,0.0501
Daniel Byun,Tama Shimabukuro,-0.0021,0.0492
Jesse Eyman,Sam Weinbach,0.0023,0.0521
Alec Weller,Rafael Lenhard,-0.0062,0.0512
Jaden Lam,Chas Howard,0.0054,0.0502
Mya Bui,Audrey Banada,0.0066,0.0553
Leann Tran,Sydney Steinaker,-0.0025,0.0503
Jace Morris,Emma Nelson,0.0032,0.0512
Trevor Machek,Manny Pasricha,-0.0011,0.0556
Aly Caliri,Sienna Hitzeman,-0.0099,0.05
Matthew Deaver,Lexi Jensen,0.0119,0.0512
Erica Remshard,Michael Jenson,-0.0033,0.0536
Zach Drost,Tiffany Ash,-0.0015,0.0519
Ben Cawston,Julia Ronney,-0.0072,0.0535
Zach Gonnering,Luke Ness,-0.0053,0.0506
Bailee Jackson,Miles Hoover,-0.0025,0.052
Courtney Clark,Lara Giltinan,0.0006,0.054
Mary Brascia,Donald Young,-0.0055,0.0512
Hannah Blatt,Marshall Brown,0.0033,0.0512
Jack Sock,Layne Sleeth,0.0001,0.055
Tatiana Ruhl,Monica Paolicelli,-0.0081,0.0485
Jaume Martinez Vich,Vivian Glozman,-0.0008,0.0484
Monica Paolicelli,Patrick Smith,-0.0056,0.0516
Andrea Koop,Brandon French,0.0073,0.0512
Chao Yi Wang,CJ Klinger,-0.0046,0.0522
Noe Khlif,Maggie Brascia,0.0011,0.0513
Marshall Brown,Steve Deakin,-0.0144,0.0495
Mota Alhouni,Rachel Rettger,-0.0009,0.0509
Luke Wasson,John Cincola,-0.0002,0.053
Craig Johnson,Helena Jansen,0.0081,0.0485
Eric Roddy,Liz Truluck,0.0177,0.0496
Lindsey Newman,Marcela Aguila Ampon,-0.004,0.0517
Lauren Hidalgo-Smith,Daniel Jensen,-0.0023,0.052
Lingwei Kong,Augustus Ge,0.0023,0.0496
Jade Kawamoto,Hunter Johnson,0.0151,0.0469
Michelle Esquivel,Wyatt Stone,-0.0055,0.0511
Audrey Adele Brown,James Delgado,0.0014,0.0518
Ewa Radzikowska,Martin Emmrich,-0.0146,0.0471
James Ignatowich,Jackie Kawamoto,-0.0023,0.0516
John Cincola,Lindsey Newman,0.0069,0.052
Zane Navratil,Vivienne David,-0.0042,0.052
Victoria Dimuzio,Roscoe Bellamy,0.0028,0.0516
Michael Loyd,Ava Ignatowich,-0.0022,0.0525
Brooke Buckner,Connor Garnett,-0.006,0.0502
Eric Oncins,Alix Truong,-0.0034,0.0483
Yates Johnson,Milan Rane,0.0049,0.0523
Ben Johns,Gabriel Tardio,0.0175,0.0428
Cason Campbell,Gregory Dow,0.0094,0.049
Yates Johnson,Chuck Taylor,0.0041,0.0492
Carlos Di Laura III,James Delgado,-0.0311,0.0529
Eric Oncins,Matt Wright,0.0213,0.0487
Zane Ford,Gabriel Joseph,0.0048,0.0497
Stephen Madonia,Yuta Funemizu,0.0139,0.0484
Audrey Adele Brown,Victoria Dimuzio,0.0027,0.0509
Genie Bouchard,Martina Frantova,0.0007,0.0537
Ewa Radzikowska,Tamaryn Emmrich,0.0106,0.0487
Noe Khlif,JW Johnson,0.0029,0.0508
Lucy Kovalova,Etta Tuionetoa,0.0059,0.0496
Lea Jansen,Vivienne David,-0.0074,0.0519
Zane Navratil,Hunter Johnson,0.0029,0.0475
Lingwei Kong,Allison Phillips,0.0011,0.0517
Rafa Hewett,Spencer Smith,-0.0031,0.0533
Riley Newman,James Ignatowich,0.0037,0.0508
Rob Cassidy,Audrey Banada,0.0013,0.0517
Ava Pisacrita,Adair Garcia,0.0065,0.0518
Andi Godwin,Samuel Gabet,-0.001,0.052
Justin Graham,Emanuel Dickson,0.0012,0.0483
Ridley Seguso,Nejc Sitar,-0.003,0.0495
Ronan Camron,Mya Bui,0.005,0.0533
Brandon Fritze,Giovanna Morelli,-0.0075,0.0488
Victoria Helmuth,John Lucian Goins,0.0016,0.0536
Olivia Phillips,Zachary Marceau,-0.0058,0.0505
Sergey Afanasenka,Andreas Siljestrom,0.0129,0.0481
Robby Greenlaw,Nicholas Astbury,0.0024,0.0493
Jordan Chrysostom,Shelby Bates,-0.0061,0.0501
Reba Williams,Cade Lindgren,0.0014,0.0532
Valerie R Simon,Nejc Sitar,0.0012,0.0483
Bruno Rosa,Ethan Dysert,-0.0032,0.0522
Michael Leonard,John Cangelosi,0.0072,0.0518
Connor Mogle,Nicholas Romano,-0.0111,0.0484
Kenta Miyoshi,Elijah Bertram,0.0115,0.0529
Ahmad El-Zarif,Adair Garcia,-0.0048,0.0519
Luke Citarelli,Samuel Gabet,-0.0032,0.0556
Jonathan Truong,Ronan Camron,-0.0014,0.0509
Dean Papakonstantis,Mikael Vollbach,-0.0017,0.0533
Zach Gonnering,Lara Giltinan,0.0008,0.0552
Monika Wynne,Connor Mogle,0.0072,0.0496
Miguel P,Helen Challenger,0.0008,0.0508
Ahmad El-Zarif,Stevie Petropouleas,0.0008,0.0513
Jonathan Truong,Sarah Hua,-0.0099,0.0516
Andrea Symkoviak,James Bratt,0.0009,0.0505
Usama Khalid,Lucas Pereyra,0.0049,0.0497
Sarita Schoenebeck,Nicholas Romano,0.0043,0.0529
Nicole Conard,Zachary Card,-0.0091,0.0534
Cailyn Campbell,Mouaad Alhouni,0.0068,0.0501
Jalina Ingram,James Kaoma,0.0149,0.0496
Chase Wucher,Ethan Estatico,-0.0073,0.0519
Mason Durbin,Jake Benjamin,0.009,0.0514
Mikael Vollbach,Sarah Mulhern,0.0108,0.0517
Zachary Higginson,Samuel Higginson,0.0006,0.0554
Justin Dages,Bret Berryman,-0.0088,0.0499
John Lucian Goins,Frank Ngo,-0.0025,0.0474
Jared Cohen,Johan Nilsson,-0.002,0.0523
Tobias Moreno,Rougel Jon Lutz Aninon,0.0036,0.053
Bobbi Oshiro,Randy Blanco,-0.0044,0.0496
Juan Saez,Katerina Stewart,0.0022,0.0492
William Kammerait,Eddie Gonzalez,-0.0017,0.0522
Nathan Peters,Tanner Lantz,-0.0028,0.0497
Jesse Witten,Sydnee Metzold,0.0094,0.0519
Ashley Griffith,Federico Nani,-0.0099,0.05
Federico Nani,Joshua Reason,-0.0005,0.051
Pablo Copetti,Mario Porcelli,0.0052,0.0546
Mason Vasconcellos,Andres Munoz,-0.0084,0.0527
Alec Lamacchio,Zachary Marceau,0.0042,0.0501
Jay Evans,Andrew Astalos,-0.0019,0.0534
Kenny Burst,Bryan Bertola,-0.0051,0.0522
Seth Fogelman,Jesse Witten,0.0034,0.05
Luke Cartenuto,Daniel Miron,-0.0039,0.0504
Wade Bryant,Nikolas Ruiz,-0.0045,0.0505
Jade Rau,Emanuel Dickson,-0.0007,0.0517
Bethsabe Rameix,Jason Brotman,0.0024,0.0506
Cody Sivan,Michael I,0.002,0.0526
Todd Fought,Christa Gecheva,0.0094,0.0501
Riley Newman,Martina Frantova,-0.0013,0.0512
Carlos Di Laura III,Tatiana Ruhl,-0.0011,0.0512
Federico Staksrud,Vivienne David,-0.0123,0.0498
Dylan Frazier,Lea Jansen,0.0147,0.0481
Jay Devilliers,Kate Fahey,-0.0114,0.0502
Edward Perez,Sarah Ansboury,0.0137,0.0504
Lingwei Kong,Patrick Smith,0.0053,0.0508
Max Freeman,Ava Ignatowich,-0.002,0.0526
Layne Sleeth,Collin Johns,-0.0045,0.0504
Genie Erokhina,Yates Johnson,0.0026,0.0522
Ivan Jakovljevic,Etta Tuionetoa,-0.0126,0.0494
Rachel Rohrabacher,Dekel Bar,-0.0132,0.047
Quang Duong,Victoria Dimuzio,-0.0075,0.0519
Hannah Blatt,Stephen Madonia,-0.0014,0.0542
Genie Bouchard,Brandon French,0.0018,0.0494
Helena Jansen,Yuta Funemizu,-0.002,0.0534
Felicity Di Laura,John Cincola,-0.0109,0.0504
JW Johnson,Anna Bright,0.0161,0.0514
Jack Sock,Alix Truong,0.0093,0.0477
Allison Phillips,Cason Campbell,-0.0034,0.0517
Zane Navratil,Samantha Parker,0.0063,0.0511
Zoey Weil,James Delgado,-0.0031,0.0488
Pierina Imparato,Rachel Rettger,0.0079,0.0513
Sarah Hua,Shelby Bates,0.0003,0.0512
Sydnee Metzold,Sarah Mulhern,0.0116,0.0507
Mari Humberg,Milan Rane,0.0087,0.0524
Aiko Yoshitomi,Jessica Mason,-0.0096,0.0508
Quang Duong,Pablo Tellez,-0.0039,0.0486
Zane Ford,James Delgado,-0.0039,0.0518
Chuck Taylor,Juan Benitez,-0.0079,0.0538
Marisa Ruiz,Nicole Conard,0.0203,0.0481
Polina Libo,Olivia Phillips,-0.0032,0.0537
Bao Duong,Max Freeman,-0.0033,0.0511
Hannah Blatt,Rachel Summers,-0.0035,0.0516
Callie Smith,Victoria Dimuzio,0.0016,0.0521
Katerina Stewart,Bobbi Oshiro,-0.0046,0.0501
Andrei Daescu,Ben Johns,-0.0024,0.0493
JW Johnson,CJ Klinger,0.0387,0.045
Carlos Di Laura III,John Cincola,-0.0072,0.0499
James Ignatowich,Connor Garnett,-0.0044,0.0511
Riley Bohnert,Alexa Schull,-0.006,0.0498
Christian Alshon,Federico Staksrud,-0.0066,0.0477
Kristen Clemmer,Giovanna Morelli,0.0042,0.0526
Brittany Levkulich,Gianna Southwick,-0.0032,0.0508
Riley Newman,Dylan Frazier,0.017,0.0535
Zane Navratil,Matt Wright,-0.0075,0.0517
Gabriel Tardio,Hayden Patriquin,0.0461,0.0467
Blaine Hovenier,Travis Rettenmaier,-0.0002,0.0512
Jalina Ingram,Jaeda Minniefield,-0.0057,0.0493
Samantha Parker,Liz Truluck,-0.0005,0.0559
Marina Sicic,Alyssa Bialek,-0.0017,0.0522
Adrienn Hidvegi,Andrea Symkoviak,0.0018,0.0496
Parris Todd,Jorja Johnson,-0.0004,0.0498
Brie Aldridge,Ashley Griffith,-0.0091,0.0531
Courtney Spafford,Victoria Helmuth,-0.0012,0.0566
Noe Khlif,Collin Johns,-0.0007,0.0521
Monika Wynne,Sarita Schoenebeck,0.003,0.0522
Audrey Adele Brown,Sarah Ansboury,-0.0002,0.0519
Zoey Weil,Felicity Di Laura,0.0036,0.0496
Alix Truong,Etta Tuionetoa,-0.0075,0.0517
Genie Erokhina,Christa Gecheva,0.0036,0.0522
Lauren Hidalgo-Smith,Tatiana Ruhl,-0.0043,0.0514
Kara Evans,Valerie R Simon,-0.0017,0.0519
James Seagraves,Anouar Braham,0.0074,0.0539
Caden Nemoff,Kenta Miyoshi,-0.0052,0.0503
Bryce Standridge,Heath Sanders,-0.0055,0.0494
Ryan Eveloff,Troy Akin,-0.0,0.051
Piercarlo Usai,Gianni Mancini,0.005,0.0526
Rio Newcombe,Riley Inn,-0.0019,0.0484
Philip Crotts,Blake Goodman,0.0058,0.0491
Nicole Pitts,Joel Poland,-0.0006,0.0489
Sammy Lee,Olivia Phillips,-0.0032,0.0521
Andre Mercado,Cailyn Campbell,-0.0064,0.0554
Nicole Conard,Anouar Braham,0.0155,0.0527
Van Damrongsri,Michael Coleman,0.0026,0.0511
Saahith Matam,John Davenport,-0.0019,0.054
Matthew Finnerty,Bret Berryman,-0.0023,0.0513
August Doucet,Cristobal Del Castillo,0.0017,0.0556
David Miller,Landon M,-0.0051,0.0532
Alex Gray,Sabrina Palavra,-0.003,0.0498
Alia Brown,Thomas Yu,-0.0006,0.0499
Omar Garcia-Heredia,Lara Giltinan,0.0013,0.0508
Philip Crotts,Shea Donahue,-0.0017,0.0491
Eli Trumeter,Theo Yun,0.0004,0.0525
Tanner Tomassi,Etienne Blaszkewycz,-0.0022,0.0518
Zach Gonnering,Sebastian Herrera,0.0037,0.0512
Sammy Lee,Thomas Yu,0.0066,0.0507
Eliel Herminas,Axel Morgan,0.0094,0.0508
Tom Protzek,Jose Martinez,-0.0081,0.0515
Connor McCartney,Daniel Traxler,-0.0189,0.0523
Tristan Bjork,Nolan Smyth,-0.0016,0.0507
James Kwan,Divin Sarthak,-0.0007,0.0511
Ruben Herrera,Tony Aleman II,0.0003,0.0537
Tom Protzek,Natalie Hur,0.0034,0.0486
Andre Mercado,Mike Radermacher,0.0035,0.0512
Lorena Duknic,Tanner Tomassi,0.0078,0.053
Jalina Ingram,Rio Newcombe,0.0193,0.0507
Cassidy Hoag,Etienne Blaszkewycz,0.011,0.0514
Wil Shaffer,Omar Garcia-Heredia,-0.0013,0.0529
Christina Spivey,Ryan Macdonald,-0.002,0.0518
Ryan Murphy,Carson Thoma,-0.0039,0.0501
Alex Gee,Jake Faryniarz,0.0026,0.0512
Nikita Snezhko,Michael I,-0.0008,0.0503
Jason Loyd,Ryan Skufca,-0.008,0.0528
Alejandro Trevino,Victor Camilo Iii,0.0051,0.0525
Jake Anderson,Sarah Williams,-0.004,0.0504
Vova Zverkovsky,Jacqueline Vitale,0.0008,0.053
Caden Nemoff,Shelby Bates,0.0108,0.0514
Simone Leonard,Eli Steiner,0.0228,0.0525
Eli Steiner,Oliver Frank,-0.0184,0.0504
Chase Womack,Sebastian Gutierrez,0.0036,0.0518
Lexi Jensen,Oliver Frank,0.0097,0.053
Chase Womack,Victoria Nguyen,-0.0063,0.0542
Jake Anderson,Josh Nix,-0.0009,0.0534
Lucas Coutinho,Jase Edwards,0.0036,0.0522
Joel Pelletier,Haddow Thul,0.0048,0.0503
Ella Yeh,Wil Shaffer,-0.011,0.0483
Srini Thota,Hudson De Risi,-0.0108,0.0518
Edwin Brennan,Jack Boxill,-0.0058,0.0518
Harlene Bains,Austin Mireles,-0.0045,0.0528
Brooke Buckner,Quang Duong,0.0083,0.0522
Lauren Hidalgo-Smith,Yuta Funemizu,0.0112,0.0525
AJ Koller,Kaitlyn Christian,-0.0034,0.0508
Milan Rane,Connor Garnett,0.0217,0.0469
Marshall Brown,Alex Walker,0.0006,0.0495
Zane Navratil,Christa Gecheva,0.0047,0.0514
Etta Tuionetoa,Federico Staksrud,0.0274,0.0481
Layne Sleeth,Donald Young,-0.0021,0.0504
Roscoe Bellamy,Lindsey Newman,0.0006,0.0507
Edward Perez,Polina Libo,0.0008,0.0521
Stephen Madonia,Danna Funaro,0.0016,0.053
Tatiana Ruhl,Juan Benitez,-0.003,0.0517
Chloe Igleski,James Delgado,0.0201,0.0521
Victoria Dimuzio,Brandon French,-0.0015,0.0527
Lingwei Kong,Anderson Scarpa,0.0125,0.0519
Rafa Hewett,Genie Erokhina,0.0093,0.0507
Camila Zilveti,Bao Duong,0.002,0.0515
Todd Fought,Marcela Aguila Ampon,-0.0087,0.053
Michael Loyd,Lina Padegimaite,0.0078,0.0491
Noe Khlif,Kate Fahey,0.02,0.051
Zoeya Khan,Spencer Smith,0.0067,0.0505
Zane Ford,Michelle Esquivel,-0.0001,0.0512
Cason Campbell,Rachel Summers,-0.0078,0.0507
Zoeya Khan,Tatiana Ruhl,-0.0059,0.0506
Vivienne David,Mari Humberg,0.0048,0.0516
Lingwei Kong,Martina Frantova,-0.0029,0.0509
Natalie Hur,Elizabeth Skufca,0.006,0.0509
Florencia Rossi Luqur,Dylan Ciampini,0.0038,0.052
Sara Perles,Dayna La Belle,0.0024,0.0512
Dylan Frazier,Andrei Daescu,-0.0057,0.0523
Altaf Merchant,Steve Deakin,0.001,0.0507
Zane Navratil,Ryan Fu,0.0111,0.0531
Meghan Dizon,Allyce Jones,-0.0148,0.0506
Zane Ford,Ivan Jakovljevic,0.0155,0.0517
Jacqueline Vitale,Sabrina Palavra,-0.0009,0.0531
Kaitlyn Christian,Milan Rane,0.0034,0.0495
Callie Smith,Etta Tuionetoa,0.0128,0.0501
Victoria Dimuzio,Christa Gecheva,-0.0034,0.0489
Lexi Jensen,Simone Leonard,0.0063,0.0505
Noe Khlif,Jay Devilliers,-0.0114,0.0485
Quang Duong,Tyson McGuffin,-0.0003,0.0493
Marianna Petrei,Nicole Pitts,-0.0046,0.0513
Abbigal Hatton,Sarah Williams,0.0001,0.0513
Riley Newman,Max Freeman,-0.0118,0.0515
Lorena Duknic,Nicole Conard,0.0075,0.0511
Audrey Adele Brown,Marcela Aguila Ampon,-0.0043,0.0466
Mohaned Alhouni,Chuck Taylor,0.0024,0.0474
Collin Johns,James Ignatowich,0.0123,0.0489
James Delgado,Luke Wasson,0.0003,0.0508
Bao Duong,Marshall Brown,0.0006,0.0538
Sam Querrey,Ryan Sherry,-0.0109,0.0517
Samantha Parker,Pierina Imparato,-0.0046,0.0505
Camila Zilveti,Rachel Summers,-0.0018,0.0531
Stephen Madonia,Juan Benitez,-0.0005,0.0559
Felicity Di Laura,Danna Funaro,0.0074,0.0507
Kristin Bourg,Rachel Janssen,0.0008,0.0501
Genie Erokhina,Lindsey Newman,0.0062,0.0496
Luana Stanciu,Marie Lutz,-0.0086,0.0518
Chloe Igleski,Helena Jansen,-0.0014,0.0499
Lauren Hidalgo-Smith,Polina Libo,-0.0046,0.0526
Liz Truluck,Michelle Esquivel,-0.0003,0.0517
Tam Trinh,Yuta Funemizu,-0.0069,0.051
Ryan Smith,Braden Jacobson,0.001,0.0475
Alex Simon,Dan Clark,-0.0024,0.0506
Joseph Pututau,Rob Brandt,-0.0069,0.0498
Dylan Ciampini,Logan Rosenbach,-0.0078,0.0523
Rachel Garff,Joshua Peterson,-0.0028,0.0507
Bryan Lundberg,Jon Nilson,-0.0018,0.0526
Rob Cassidy,Adam Cheney,0.0037,0.0522
Elsie Hendershot,Braden Jacobson,-0.0028,0.0494
Austin Hardy,Logan Rosenbach,0.0005,0.0507
James Kaoma,Michael Wolf,0.0122,0.0509
Andre Mercado,Luke Ness,0.0135,0.049
Andre Mercado,Lauren Mercado,0.0043,0.052
Jace Morris,Cailyn Campbell,-0.0022,0.054
Duncan Homer,Olivia Phillips,0.0021,0.0532
Brian Bonilla,Anthony Skalabrin,-0.0006,0.05
Pally Ray,Lucah Folden,-0.0075,0.0505
Bryan Lundberg,Lily G,0.0007,0.0486
Justin Graham,Connor Daland,0.001,0.0522
Jace Morris,Zach Gonnering,-0.0061,0.0493
Nicholas Wade,Evgeniy Kim,-0.0038,0.0529
Ella Yeh,Jace Howard,-0.0011,0.0484
Scott Berke,Allie Davis,0.0117,0.0519
Riley Hanks,Dalton Kowalski,0.0013,0.0488
Alec Weller,Scott Berke,0.003,0.0513
Duncan Homer,Joshua Peterson,-0.0066,0.0503
Cooper Jenkins,Jaxon Madsen,-0.0052,0.0519
Pablo Tellez,Lina Padegimaite,-0.0074,0.0514
Stephen Madonia,Ava Ignatowich,-0.0137,0.0512
Lauren Hidalgo-Smith,Luke Wasson,-0.0008,0.0516
Jack Sock,Kaitlyn Christian,-0.0029,0.0527
Parris Todd,Dekel Bar,0.0022,0.0487
Eric Oncins,Mya Bui,0.0138,0.0515
Layne Sleeth,Tyler Loong,0.0063,0.0471
Lingwei Kong,Wesley Burrows,-0.0061,0.0517
James Ignatowich,Tyra Hurricane Black,0.035,0.0512
Patrick Smith,Alex Walker,-0.0085,0.0508
Parris Todd,Rachel Rohrabacher,0.0014,0.0448
Mya Bui,Milan Rane,0.0328,0.0506
Jack Sock,Ivan Jakovljevic,-0.005,0.0535
Dylan Frazier,Dekel Bar,0.0144,0.0511
Marshall Brown,Yuta Funemizu,0.0035,0.0515
Bryanna Ojeda,Allie Davis,0.006,0.0539
Elsie Hendershot,Maddy Rasmusen,0.0008,0.0504
Genie Erokhina,Genie Bouchard,0.0035,0.0528
Etta Tuionetoa,Allyce Jones,0.0279,0.0488
Meghan Dizon,Mari Humberg,-0.0083,0.0472
Matt Wright,Jaume Martinez Vich,0.0183,0.0479
Spartak Rahachou,John Lucian Goins,0.0038,0.0553
Quang Duong,Hunter Johnson,-0.0038,0.0486
Rachel Garff,Ella Yeh,0.0009,0.05
Riley Hanks,Olivia Phillips,0.0118,0.0505
Dayna La Belle,Dylan Ciampini,0.0021,0.0518
Cason Campbell,Adam Harvey,0.0108,0.0472
Blaine Hovenier,Patrick Smith,0.0056,0.0511
Riley Newman,Augustus Ge,0.0011,0.0507
Callie Smith,Lindsey Newman,0.0001,0.0509
Ryan Fu,Connor Garnett,-0.0066,0.0512
Zane Ford,Stephen Madonia,-0.0076,0.0483
Jalina Ingram,Lauren Mercado,0.0022,0.0536
Lauren Hidalgo-Smith,Audrey Adele Brown,-0.0007,0.0532
Alix Truong,Lauren Stratman,0.0063,0.0528
Luca Mack,Juan Varon,-0.015,0.05
Tucker Segars,Ryan Berg,0.0002,0.0509
Tatiana Ruhl,Zalina Giometti,-0.0006,0.0543
Alex Guy,David Bieger,0.0108,0.0513
DJ Zeiler,Elijah Bertram,0.0047,0.0492
Sarah Carpenter,Jessica Haywood,-0.0016,0.0488
Tristan Dussault,Easton Horricks,0.018,0.0518
James Peng,Parker Wittman,-0.0013,0.0499
Karolina Fleming,Giorgia Vitale,0.0019,0.0528
Yufei Long,Marija Venta,-0.0035,0.0496
Daniel Miron,Anouar Braham,0.0039,0.0501
Brodie Smith,Erik Rosner,0.004,0.0528
Oscar Serra,Sanil Jagtiani,0.0145,0.0496
Paula Avellan Rizzo,Andi Godwin,0.0013,0.0495
Joey Campagna,Jose Roberto Velasco,-0.0006,0.0504
Rafael Kayo,Kenneth Lee,0.006,0.0516
Christopher Crouch,Jhonnatan Medina Alvarez,0.021,0.0505
Tyler Slagill,Connor Slagill,-0.0005,0.0522
Morgan Maclennan-Smith,Lance Burgstiner,-0.0056,0.0496
Kentaro Hamaguchi,Stephen Bass,0.0,0.0508
Drew Sandri,William Hart,0.0055,0.0497
Preston Gordon,Chase Blocker,0.0015,0.0538
Emma Van Hee,Maebry Jones,-0.0121,0.0494
Alexia Alvarez,Keilly Ulery,-0.0027,0.0514
Parth Mody,Dale Kim,0.012,0.0487
Diego Butanda,Jason Lateko,-0.0016,0.0489
Helena Jansen,Pierina Imparato,0.0185,0.0512
Ana Gordon,Courtney Kendall,-0.0023,0.0479
Ashley Griffith,Brooke Caruso,0.005,0.0478
VU Nguyen,Jack Lawrence,0.0013,0.0518
Aaron Allen,JJ B,-0.0071,0.0515
Abigail Okelley,Sydnee Metzold,-0.0062,0.0503
Caitlin Klaassen,Megan Poe,0.0006,0.0541
Savannah Vo,Emma Cook,-0.0014,0.0559
Samuel Wells,CJ Clampitt,-0.0031,0.0528
Joshua Giannelli,Kevin Caulfield,0.0079,0.0501
Ben Boesing,Anthony Enlow,-0.0051,0.0516
John Rudden,Evan Gan,0.0009,0.0532
Keiichiro Adachi,Gautham Bondugula,0.0041,0.0505
Emily Elliott,Isabella Dunlap,-0.0062,0.0503
Brookes Jones,Corey Waters,0.0015,0.0518
Brad Hix,Tommy Croker,-0.0014,0.0532
Jay Evans,Tristan Watson,-0.0011,0.0534
Pablo Copetti,Adair Garcia,0.0105,0.0499
Mike Leslie,Luke Moore,-0.0038,0.0522
Eric Sullivan,Kyle Borawski,-0.0054,0.0516
Estee Widdershoven,Hailee Haymore,-0.0096,0.0516
Caitlin Klaassen,Henry Boyle,-0.0027,0.052
Kentaro Hamaguchi,Yufei Long,-0.0152,0.0511
Stephen Bass,Giorgia Vitale,-0.0028,0.0502
Ashley Griffith,George Rangelov,0.0585,0.0495
Megan Poe,Chris Patrick,-0.0058,0.0521
Abigail Okelley,Elijah Bertram,0.0059,0.0493
Carlos Di Laura III,Pierina Imparato,0.0051,0.0508
Andrew Angulo,Hailee Haymore,0.0069,0.0526
Ryan Dawidjan,Tatiana Ruhl,-0.0042,0.0526
Emma Van Hee,Ryan Berg,0.0061,0.0548
Tristan Watson,Eva Kohutova,-0.0008,0.0485
Mehvish Safdar,David Bieger,-0.0073,0.0512
Erik Rosner,Rosie Johanson,-0.0013,0.0533
Helena Jansen,James Delgado,0.0149,0.0527
Emily Elliott,Matthew Finnerty,-0.0017,0.0507
Kayla Nesbitt,John Haskell,-0.0072,0.0528
Christopher Crouch,Andi Godwin,0.0099,0.0526
Tristan Dussault,Stevie Petropouleas,-0.0005,0.0497
Chandra Kusuma,CJ Clampitt,0.0003,0.0501
Hannah Okelley,Jason Lateko,-0.0064,0.052
Alex Guy,Ting Chieh Wei,-0.0044,0.05
Karolina Fleming,Chase Blocker,-0.0043,0.052
Ben Boesing,Marija Venta,0.0034,0.0492
Van Damrongsri,Courtney Kendall,-0.0029,0.0526
Ana Gordon,Preston Gordon,0.0145,0.0511
Sarah Carpenter,Anouar Braham,-0.0052,0.0496
Corey Waters,Sydnee Metzold,-0.0049,0.0525
Jay Evans,Kendall Hunt,-0.0065,0.0523
Jojo Henderson,John Henderson,-0.0011,0.0501
Ariana Rodriguez,David Bieger,0.0088,0.0485
Sophie Abrams,Vincent Rettke,-0.0004,0.0524
Anouar Braham,Hailee Haymore,-0.0022,0.0512
Savanna Ticknor,Bassem Kheireddin,0.0001,0.0524
Matthew Nesbitt,Colby Hill,-0.0099,0.0509
Chase Womack,Andi Godwin,-0.0069,0.0505
Tom Protzek,Freddie Powell,-0.0007,0.0503
Zach Gonnering,Bret Berryman,0.017,0.0523
Zac Hirschler,Daniel Miron,-0.0043,0.0522
Henry Boyle,Shea Donahue,0.0163,0.0533
Isabella Dunlap,Immanuel Zion,-0.0013,0.0531
Matt Haugdahl,Brock Rzesnowiecky,-0.0012,0.051
Drew Sandri,Wesley Hanson,-0.0055,0.051
Rachael James,Freddie Powell,-0.0057,0.0525
Jessica Jones,Benjamin Bramblett,-0.0038,0.0503
Carl Hilliard,Anouar Braham,-0.0051,0.0516
Joshua Giannelli,Chandra Kusuma,-0.0045,0.0506
RC Orlan,John Haskell,-0.0007,0.0521
George Bulger,Ryan Dinsmore,0.0004,0.0539
Eliana Ling,Matt Rucinski,-0.0063,0.0479
Hyunmo An,Will Phan,-0.0061,0.0509
Andrew Wang,Brent Darden,-0.0022,0.0495
Zach Gonnering,Cailyn Campbell,-0.006,0.0523
Samantha Delgado Garcia,John Haskell,0.0049,0.0509
Kishan Shah,Gautham Bondugula,0.005,0.0524
Jhonnatan Medina Alvarez,Rosen Naydenov,-0.003,0.0504
Michael Silvio,Bruno Rosa,0.0041,0.051
Hunter Johnson,Vivienne David,0.0063,0.0487
Genie Bouchard,Juan Benitez,0.0101,0.0509
John Cincola,Rachel Rettger,0.0101,0.0497
Zoey Weil,Wyatt Stone,-0.0165,0.0511
Martina Frantova,Travis Rettenmaier,0.0071,0.0523
Mohaned Alhouni,Pierina Imparato,-0.0028,0.0511
Kate Fahey,Hayden Patriquin,-0.0035,0.0491
Dylan Frazier,Jackie Kawamoto,-0.0181,0.0499
Mehvish Safdar,Anderson Scarpa,0.0113,0.054
Chloe Igleski,Rafa Hewett,-0.0058,0.0515
Stephen Madonia,Marcela Aguila Ampon,0.0077,0.0509
Yates Johnson,Samantha Parker,0.0064,0.0485
Allison Phillips,Steve Deakin,0.0003,0.0498
Federico Staksrud,Anna Bright,0.001,0.0492
Quang Duong,Jade Kawamoto,-0.0024,0.0485
Sam Querrey,Camila Zilveti,0.0016,0.05
Etta Tuionetoa,James Ignatowich,0.0017,0.051
Salome Devidze,John Lucian Goins,-0.007,0.0529
Lingwei Kong,Marshall Brown,-0.0008,0.0518
Donald Young,Ava Ignatowich,-0.0002,0.0509
AJ Koller,Christa Gecheva,-0.0093,0.0525
Zane Ford,Liz Truluck,0.0073,0.053
Andrea Koop,Daniel De la Rosa,-0.0011,0.0496
Savanna Ticknor,Audrey Banada,0.0028,0.052
Sophie Abrams,Hailee Haymore,-0.0067,0.0515
Victoria Dimuzio,Vivienne David,-0.0047,0.0492
Zane Ford,Tom Evans,-0.0006,0.0489
Parris Todd,Lacy Schneemann,-0.0012,0.051
Dylan Frazier,Eric Oncins,0.0395,0.0488
Riley Newman,Patrick Smith,0.0035,0.052
Genie Bouchard,Marcela Aguila Ampon,0.007,0.0493
Julian Arnold,Matt Wright,-0.0075,0.0528
Ariana Rodriguez,Simone Leonard,-0.0015,0.0546
Barbara Petra Fuzesi,Meray Maalouf,-0.0005,0.0522
Ella Cosma,Cailyn Campbell,0.0011,0.0504
Jessica Jones,Britton Pemberton,0.0005,0.0524
Brie Aldridge,Shea Donahue,0.0114,0.0512
Layne Sleeth,Alix Truong,0.0147,0.0509
Yates Johnson,Marshall Brown,0.0043,0.0496
Caitlin Klaassen,Chandra Kusuma,-0.0035,0.0533
Mohaned Alhouni,Stephen Madonia,0.0038,0.0516
Pesa Teoni,Yuta Funemizu,-0.0055,0.0503
Adam Harvey,Juan Benitez,0.0143,0.0495
Polina Libo,Cleo Bond,-0.0022,0.0529
Jessica Haywood,Komal Safdar,-0.0032,0.0509
Kayla Nesbitt,Evie Kenna,0.002,0.0509
Elina Geut,Andi Godwin,0.0027,0.0529
Lucy Kovalova,Mehvish Safdar,-0.0062,0.0527
James Ignatowich,Ryan Fu,0.0002,0.051
Callie Smith,Milan Rane,0.0053,0.0525
Roscoe Bellamy,Max Freeman,0.0051,0.0539
Lea Jansen,Mari Humberg,-0.0015,0.0482
Blaine Hovenier,John Cincola,0.0062,0.0513
Zoey Weil,Helena Jansen,-0.0027,0.0518
Chuck Taylor,Tam Trinh,-0.0012,0.0503
Zane Navratil,Carlos Di Laura III,-0.0087,0.052
Chase Rigdon,Juan Pinilla,-0.0027,0.0522
James Seagraves,Sebastian Herrera,0.0075,0.052
Monika Wynne,Jessica Mason,0.0012,0.0533
Putri Insani,Gabi Dekkers,0.002,0.0537
Sean Gruen,Ethan Pipitone,-0.005,0.0523
Mickey Randazzo,Zach Dixon,-0.0019,0.0504
Austin Bricker,Van Damrongsri,0.0038,0.0533
Chris Jammal,Mark Growcott,0.0115,0.0512
Carlee Teague,Adela Umannova,-0.0099,0.0548
Felicity Di Laura,Tatiana Ruhl,0.0276,0.0559
Louis Bernard,Bee Vo,-0.0016,0.0512
Zoeya Khan,Danna Funaro,0.0012,0.0502
Niles Parungao,Izaak Gonzalez,0.0009,0.0499
Jay Evans,Matthew Finnerty,0.0188,0.0531
Troy Huynh Jr,Andy Ngo,-0.0002,0.051
Jose Martinez,Bret Berryman,0.0131,0.0526
Austin Mireles,Divin Sarthak,0.0034,0.0509
Emanuel Nguyen,Hsieh Chen-An,-0.0075,0.0507
August Doucet,Eli Haymon,-0.0018,0.0471
Jeff Lee,Garrett Goh,0.0027,0.0521
Jeffrey Brown Jr,Eduardo Bilbao,0.0001,0.0498
Sophia Phuong Anh Tran,Mayu Ito,-0.0076,0.0493
Jimmy Liong Kai Long,Marco Leung,-0.0197,0.0515
Mats Dolese,Jack Boxill,0.003,0.0523
Jeremy Aliff,Anthony Parfait,-0.0041,0.0542
Ella Yeh,Elsie Hendershot,-0.0014,0.0506
Yufei Long,HO Tam,-0.0136,0.0514
HO Tam,Hsieh Chen-An,0.008,0.0504
Thomas Benassi,Sophia Phuong Anh Tran,-0.0051,0.0476
Carlee Teague,Jack Boxill,0.006,0.0517
Yufei Long,Marco Leung,0.0061,0.0514
James Seagraves,Danna Funaro,-0.0006,0.052
Chase Mason,Adela Umannova,0.0084,0.0514
Andy Ngo,Putri Insani,-0.0075,0.0509
Ella Yeh,Adair Garcia,-0.0043,0.053
Eva Kohutova,John To,-0.0047,0.0537
Eduardo Bilbao,Maddie Scharfenstein,-0.0,0.0516
Jimmy Liong Kai Long,Athilla Miasara Bt Azizul Azhar,0.0079,0.0517
Jose Martinez,Tatiana Ruhl,-0.0006,0.0499
Cindy Kuragami,Louis Bernard,-0.0029,0.0535
Victoria Dimuzio,Todd Fought,0.0095,0.0503
Cleo Bond,Donald Young,0.0182,0.05
Eric Oncins,Tina Pisnik,-0.0144,0.0444
Rachel Rohrabacher,Jackie Kawamoto,-0.0147,0.0477
Etta Tuionetoa,Tina Pisnik,-0.0239,0.0507
Victoria Dimuzio,Vivian Glozman,-0.0058,0.0503
Lingwei Kong,Cleo Bond,-0.0101,0.0515
Anna Leigh Waters,Will Howells,0.0019,0.0466
Lea Jansen,CJ Klinger,-0.0129,0.0472
Riley Newman,Dekel Bar,-0.0013,0.0481
Eric Oncins,Christian Alshon,-0.0145,0.0478
Zane Navratil,Meghan Dizon,-0.0024,0.0476
Parris Todd,Andrei Daescu,-0.0016,0.0434
Zane Navratil,Will Howells,0.0223,0.0496
Anna Leigh Waters,Meghan Dizon,0.0164,0.0505
Ryan Fu,Judit Castillo,-0.0125,0.0494
Irina Tereschenko,Judit Castillo,0.008,0.0518
Jay Devilliers,Mya Bui,-0.0055,0.0498
Irina Tereschenko,Blaine Hovenier,-0.0025,0.052
Todd Fought,Jaume Martinez Vich,-0.0118,0.0478
Zane Ford,Donald Young,-0.0057,0.0495
Zane Ford,Lingwei Kong,-0.0038,0.0526
Isabelle Papazyan,Matthew Kouznetsov,0.0046,0.0523
Anna Hughes,Noah Hlavac,-0.0066,0.0517
Michael Russ,Aleisha Horridge,0.0002,0.0512
Ela I Puleni Vakaukamea Jr.,Semisi Fanguna,-0.0038,0.0523
Quinnton Pari-Collins,Michaela Winiata,0.0023,0.0519
Chris Baum,Crystal Mildwaters,0.0059,0.0536
Feiloakitohi Tavalea,Sarah Paea,-0.0043,0.0504
Samantha Parker,Lacy Schneemann,-0.0014,0.0516
Genie Bouchard,Jessie Irvine,0.0007,0.0469
Dylan Frazier,Federico Staksrud,0.0103,0.048
Jack Sock,Tyson McGuffin,-0.0014,0.0461
Augustus Ge,JW Johnson,-0.0176,0.0427
Collin Johns,Kaitlyn Christian,-0.0007,0.0498
Genie Erokhina,Allyce Jones,-0.0407,0.0512
Dylan Frazier,Samantha Parker,-0.0226,0.0497
Tamaryn Emmrich,Ben Johns,0.0029,0.0501
Federico Staksrud,Lacy Schneemann,-0.0131,0.0488
Jessie Irvine,Tyson McGuffin,0.0079,0.0485
Genie Erokhina,Tyler Loong,-0.0182,0.0481
Zachary Grabovic,Olivia McMillan,0.0043,0.0563
Lucas Pascoe,Lauren Mercado,-0.0017,0.0502
Connie Lee,Eunggwon Kim,-0.0021,0.051
Santhosh Narayanan,Marcela Donatoni,0.0057,0.0495
Oliver Gray,Thaddea Lock,-0.006,0.0517
Robert Stirling,Andie Dikosavljevic,0.0026,0.0513
Ryan Henry,Bernadette Massih,0.0036,0.0554
Nicholas Maleganeas,Bee Horsley,0.0056,0.0519
Ella Boydston,Andrew Horridge,0.0017,0.0505
Mitchell Hargreaves,Nicola Schoeman,0.0061,0.0539
Talia Saunders,Jose Farias,0.0044,0.0477
Conor Robertshawe,Alexis Debol,-0.0033,0.0512
Hong Kit Wong,Sarah Hua,0.0013,0.0521
George Wall,Sarah Burr,0.012,0.0493
Taylor Smith,Ashlee Graham,-0.0028,0.0525
Tristan Stayt,Brittany Yang,-0.0043,0.0534
Lizzie Brady,Aaron Blitz,0.0006,0.0517
Vanshik Kapadia,Vrushali Thakare,-0.0061,0.0528
Naimi Mehta,Rob Cassidy,-0.0078,0.0498
Kyle Whatnall,Kaitlynn Hart,-0.0074,0.0522
Mihae Kwon,James Wilson,-0.0001,0.0512
Molly O'Donoghue,Louis Laville,-0.0041,0.053
Jamie Haas,P H,0.0014,0.0528
Daniel Fogl-Kulich,Katie Morris,-0.0026,0.0543
Theo Platel,Paula Rives,-0.005,0.0537
Quang Duong,Catherine Parenteau,-0.0006,0.0489
Quang Duong,AJ Koller,0.0066,0.0507
AJ Koller,Jade Kawamoto,-0.0045,0.0511
Jade Kawamoto,Catherine Parenteau,-0.0201,0.0467
Santhosh Narayanan,Jose Farias,-0.0105,0.0508
Louis Laville,P H,0.003,0.0524
Ivan Stride,Shayne Nijssen-Smith,-0.0011,0.0545
Simon Barker,Kent Mori,-0.0001,0.0497
Rico Del Rosario,Sharon Gregory,-0.0043,0.0488
Blair Waldin,Anita Smith,-0.0037,0.0533
Bernadette Massih,Talia Saunders,0.0091,0.0514
Naimi Mehta,Connie Lee,-0.0054,0.0527
Terrie Robson,Tek Tea,0.0011,0.049
Brian Evans,Sue Evans,-0.0063,0.051
Jai Grewal,Rob Cassidy,0.011,0.052
Theo Platel,Andrew Horridge,-0.0044,0.0537
Andrew Kratzmann,Daret Gooch,0.012,0.0528
Glenn White,Paul Yeatman,-0.0041,0.0497
Christian Andrade,Simone Kessell,0.0023,0.0522
Isabelle Papazyan,Crystal Mildwaters,0.0025,0.0514
Lizzie Brady,Aleisha Horridge,-0.0006,0.051
Lucas Pascoe,Mitchell Hargreaves,-0.0001,0.0511
David Richardson,Aaron Blitz,-0.0007,0.0512
Justine Delport,Shane Wilson,0.0063,0.0509
Anna-Lise Bolton,Daret Gooch,-0.0011,0.0562
Tony Field,Angela Bertuleit,-0.0053,0.0503
Grant Chambers,Annie Hawaikirangi,0.0006,0.053
Jamie Haas,Sarah Burr,0.012,0.0511
Leona Huynh,Alexis Debol,-0.0038,0.0495
Glenn White,Gretchen Lund,-0.0041,0.0509
Elizabeth Dobson,Jeremy Pearson,0.0018,0.0514
Ivan Stride,Miki Masui,0.0011,0.051
Damon Curtis,Goretti Sua,0.0057,0.0521
Andrew Kratzmann,Louise Curtis Kratzmann,-0.0061,0.052
Lauren Mercado,Nicola Schoeman,-0.007,0.0524
Joseph Wild,Eunggwon Kim,0.0026,0.0494
James Wilson,Michael Russ,-0.0055,0.0522
Vanshik Kapadia,Leander Lazaro,0.0017,0.052
Andy Van der Vyver,Quinnton Pari-Collins,-0.0023,0.0501
Simon Barker,Linda Moore-Carter,-0.0043,0.0533
Glen Young,Brandon Vickers,-0.0045,0.0528
Henry Mateo,Helen Henry,0.0001,0.0502
Hong Kit Wong,George Wall,0.0052,0.0513
Robert Stirling,Zachary Grabovic,0.0131,0.0497
Mandy Corbett,Shayne Nijssen-Smith,0.0056,0.0518
Naomi Amakawa,Martin Clark,0.0094,0.0503
Kyle Whatnall,Ryan Henry,-0.0019,0.0526
Brandon Contratto,Conor Robertshawe,0.0002,0.0543
Andie Dikosavljevic,Vrushali Thakare,0.0094,0.0487
Mihae Kwon,Bee Horsley,-0.0059,0.0506
Belinda Crane,Mike Newell,0.0095,0.0522
Sarah Jane Lim,Katie Morris,-0.0001,0.0503
Paula Rives,Olivia McMillan,0.006,0.0514
Daniel Fogl-Kulich,Matthew Kouznetsov,0.0042,0.0517
Grant Chambers,Adam Bisley,-0.0036,0.0517
Henry Mateo,Rico Del Rosario,0.0026,0.0512
Ruben A Gonzales Jr,Kenta Miyoshi,0.0016,0.0536
Peter Clarke,Oscar Clarke,-0.003,0.0542
Danni-Elle Townsend,Michelle Esquivel,-0.0066,0.0536
Shaun Tamai,Pierce Corbett,-0.0025,0.053
Jordan Halliday,Cameron Ellis,-0.0005,0.0483
Molly O'Donoghue,Thaddea Lock,0.0008,0.0518
Aiko Yoshitomi,Marcela Donatoni,-0.0058,0.0509
Taylor Smith,Thanh Huynh,-0.0065,0.0518
Brad Chan,Sharon Tindall-Ford,-0.0003,0.0518
Tom Molloy,Richard Mercer,-0.0082,0.0533
Jason Kerr,Chris Pascoe,-0.0009,0.0509
Nicholas Maleganeas,Oliver Gray,-0.0008,0.0528
Feiloakitohi Tavalea,Semisi Fanguna,0.0043,0.0505
Linda Sleiman,Paul Yeatman,-0.0025,0.0514
Damon Curtis,Shane Wilson,-0.0017,0.0511
Tommy Southon,John Southon,-0.0002,0.054
Michaela Winiata,Brittany Yang,-0.0026,0.0503
Callie Smith,Vivienne David,-0.0044,0.0488
Callie Smith,Max Freeman,-0.0196,0.0511
Tina Bianchi,Elizabeth Dobson,0.0024,0.0494
Belinda Crane,Linda Sleiman,0.0052,0.05
Julia Drake,Sharon Oconnor,-0.0034,0.0516
Miki Masui,Mandy Corbett,-0.0009,0.05
Annie Hawaikirangi,Sharon Gregory,0.006,0.054
Jeremy Pearson,Martin Clark,-0.004,0.0529
Naomi Amakawa,Robyn Flood,-0.0026,0.0505
Goretti Sua,Justine Delport,-0.0071,0.0519
Christian Andrade,Tony Field,0.0047,0.0518
Mike Newell,Tek Tea,0.0008,0.0503
Gretchen Lund,Sue Evans,0.0029,0.0526
Jacqui Lukies,Louise Reynolds,-0.0098,0.0519
Terrie Robson,Angela Bertuleit,0.0107,0.0514
Collin Johns,Liz Truluck,-0.0033,0.0528
Andrei Daescu,Roscoe Bellamy,-0.01,0.0491
Tamaryn Emmrich,Liz Truluck,-0.0004,0.0532
Kate Fahey,Gabriel Tardio,0.024,0.0464
Lea Jansen,Roscoe Bellamy,0.0081,0.0512
Ross Whittaker,Liz Truluck,0.005,0.0519
Cleo Bond,Dominique Schaefer,-0.0065,0.0512
Tamaryn Emmrich,Martin Emmrich,-0.0078,0.052
Ross Whittaker,Martin Emmrich,-0.0222,0.0531
Zoey Weil,Tamaryn Emmrich,-0.0018,0.0502
Casey Taitel,Neely Sullivan,0.0,0.0522
Miranda Cabieses,Andi Godwin,0.0056,0.0497
Christopher Crouch,Jae Centonze,-0.0055,0.0506
Nicolas Visser,Cobi Moore,0.005,0.0529
Dylan Taylor,Preston Gordon,-0.0046,0.0498
Sasha Fisher,Cynthia McPherson,0.0093,0.0526
Max Vogt,Diego Lebron Perez,0.0027,0.0524
Thomas Surette,Ryan Mirrione,-0.0056,0.0522
Billy Buchhauser,Nicholas Wade,0.0011,0.0513
Corey Dipaola,Tyler Barron,0.0014,0.0504
Heather Kim,Ana Gordon,-0.0012,0.0522
Nicolas Almeida,Ethan Hall,0.0038,0.0511
Jun Jeon,Mikael Vollbach,-0.0056,0.0516
Elisha Turner,Joshua Nougaret,0.0015,0.0518
Joanie Benoit,Emy Bergeron,-0.0049,0.0482
Isabella Dunlap,Alina Munteanu,0.0026,0.0508
Hercilio Cabieses,Mauro Conde,0.0071,0.0483
Victor Contreras,Christopher Evans,-0.0057,0.0498
Lance Stevens Jr.,Trevor Schwarzmann,-0.0033,0.0502
Miles Hoover,Bret Berryman,0.0052,0.0534
Omar Alfaro,Patrick Dempsey,-0.0022,0.0508
Sam Brown,Charlie Dimon,-0.0041,0.0496
Jordan Betts,Juan Benitez,0.0016,0.0519
Anne Aldridge-Peacock,Grace Chen,-0.0071,0.0487
Heman Nama,Jesse Witten,-0.0048,0.0528
Heidi Herrera,Karolina Pierko,-0.0038,0.0538
Gabriel Wilamowski,Gautham Bondugula,-0.003,0.0524
Hannah Ward,Catrina Coyner,-0.0014,0.0491
Ava Pisacrita,Stevie Petropouleas,0.0022,0.0493
Beatriz Lopez,Tea Pejic,-0.007,0.0514
Monika Wynne,Nicole Conard,0.0022,0.0509
Garrison Eaby,Shay Hugo,-0.0002,0.0517
Jonathan Clark,Liam Porterfield,-0.0021,0.0493
Teddy Morin,Aidan Gorneau,0.006,0.0544
Derek Chapman,Noah Brady,0.0017,0.0512
Sandy Wang,Courtney Waite,-0.0059,0.049
Greg Bennett,Timur Tsorayev,0.0019,0.0485
Alex Guy,Sam Kim,0.0135,0.0518
Danko Kenjic,AJ Fitzsimmons,-0.0022,0.0558
Gabriel Sternlieb,Justin Pagan,-0.0003,0.0513
Emma (ruoyi) Li,Sarah Mulhern,0.0008,0.0494
Immanuel Zion,Michael Coleman,0.0019,0.0488
Griffin Beck,Faathih Haider,-0.0047,0.0514
Hudson De Risi,Zack Delgaizo,-0.0061,0.0499
Parker Wittman,Kaihe Allen,0.0017,0.0501
Derek Fournier,Luke Chandler,-0.0053,0.053
Lauren Williams,Abby Trieu,0.0025,0.051
Ethan Correia,Joshua Ipkovich,-0.0074,0.0511
Seth Brady,Daniel Olson,-0.0046,0.0527
Anthony Korac,Michael Pham,-0.0077,0.0521
Ian Horne,Ryan Landon,-0.0013,0.0491
Christopher Crouch,Brooke Caruso,0.0045,0.0503
Angie Walker,Anderson Scarpa,0.0032,0.0487
Nicole Conard,Juan Benitez,0.0056,0.0498
Sandy Wang,Gabriel Sternlieb,0.0021,0.0519
Hannah Ward,Billy Buchhauser,-0.0003,0.0513
Justin Pagan,Emma (ruoyi) Li,-0.0044,0.0531
Heather Kim,Shay Hugo,-0.0017,0.0494
Robert Laidlaw,Neely Sullivan,0.0095,0.0503
Monika Wynne,Kaeden Young,0.0009,0.0529
Teddy Morin,Abby Trieu,0.0022,0.0513
Tatiana Ruhl,Bret Berryman,0.0016,0.051
Courtney Waite,Dylan Taylor,-0.0031,0.0518
Filipe Parichkov,Andi Godwin,-0.009,0.0506
Mauro Conde,Miranda Cabieses,-0.0119,0.0516
Sydney Constantinidi,AJ Fitzsimmons,0.0023,0.0499
Lauren Williams,Immanuel Zion,0.0016,0.0515
Caleb Herrick,Cynthia McPherson,-0.0067,0.0489
Corey Dipaola,Catrina Coyner,0.0031,0.0499
Jae Centonze,Stevie Petropouleas,-0.0103,0.0514
Cobi Moore,Casey Taitel,0.0035,0.0507
Jay Evans,Ava Pisacrita,-0.0003,0.0521
Freddie Powell,Shea Donahue,-0.0074,0.0531
Athilla Miasara Bt Azizul Azhar,Thomas Benassi,0.0034,0.0496
Dennis Uspensky,Amanda Rosati,0.0081,0.052
Kevin Caulfield,Chase Blocker,-0.009,0.0531
James Seagraves,Mouaad Alhouni,-0.0023,0.053
Phillip Locklear,Helen Challenger,0.0011,0.0525
Brie Aldridge,Cameron Luhring,-0.0005,0.0504
Savanna Ticknor,Rob Cassidy,-0.0013,0.0501
Elina Geut,Jake Anderson,0.0059,0.0556
Spencer Talmadge,Lewis Halski,-0.0065,0.0527
Yufei Long,Ting Chieh Wei,0.0202,0.0514
Kate Earnhardt,Haley Ferguson,-0.0,0.0514
Ahmad El-Zarif,Caraline Cox,-0.0072,0.0501
Jackson Ayotte,TY Parrish,0.0043,0.0526
Jaime Lladro,Jordan Kinney,0.0059,0.0498
Ryan Eveloff,Harrison Gold,0.0018,0.053
Clint Frazier,Harrison Nevel,-0.0076,0.0519
Matthew Mead,Justin Fullmer,-0.0027,0.0495
Freddie Powell,Selim Ben Ali,-0.0053,0.051
Kentaro Hamaguchi,Miles Hoover,0.0104,0.0508
Jake Kusmider,Luke Kusmider,0.0009,0.0511
Giorgia Vitale,Jes Rochefort,0.0068,0.0505
Isabella Dunlap,Rachel Janssen,0.0036,0.051
Garrison Eaby,Jaeda Minniefield,-0.0004,0.0481
Vincent Rettke,Michael Hollings,-0.003,0.0491
Stephen Bass,TJ Rudden,0.0037,0.0512
Tucker Segars,Samuel Wells,0.0048,0.0543
Frank Solana,Matthew Finnerty,-0.004,0.0536
Trey Maust III,Jacob Mitchell,-0.0012,0.0516
Joshua Giannelli,Demetric Marrero Jr,-0.001,0.0516
Tendai Tapfuma,Davidson Kozlowski,0.0035,0.0515
Garrison Eaby,Matt Meadows,-0.0002,0.0507
Wil Shaffer,Sam Weinbach,-0.0055,0.055
Jade Rau,Zachary Marceau,0.0083,0.0516
Wil Shaffer,Giovanna Morelli,0.0018,0.0497
Sergey Afanasenka,Alex Emery,0.008,0.0531
Thomas Benassi,Marko Lovrinovic,0.005,0.0509
Bradon Ly,Tyler Kane,-0.0012,0.0516
William Hart,Brett Clayton,-0.0013,0.0507
Ammar Wazir,Etienne Blaszkewycz,-0.0041,0.0509
Austin Bricker,Brandon Nsekpong,-0.0067,0.0501
Eric Rubinger,Lionel Ortiz,0.0047,0.0521
Josiah Watje,Victor Camilo Iii,-0.003,0.0517
Anouar Braham,Rio Newcombe,-0.0006,0.0508
Jimmy Liong Kai Long,Eunggwon Kim,0.0024,0.0515
Athilla Miasara Bt Azizul Azhar,Mayu Ito,-0.0041,0.0513
Sharienne Ricardo,Estee Widdershoven,0.0032,0.0496
Morgan Downing,Emily Anderson,-0.008,0.0498
Zach Gonnering,Alexander Crum,0.0097,0.0515
Wesley Hanson,Santino Romeo,0.0015,0.0529
Ting Chieh Wei,Eunggwon Kim,-0.0174,0.0504
Tan Lam,Rachel Janssen,-0.0042,0.0488
Tammy Kim,Reba Williams,-0.006,0.052
Christianna Hornigold,Caraline Cox,0.009,0.0547
Savanna Ticknor,Jessica Mason,-0.0034,0.0527
Madison Wolfe,Kimmie Ouchi,0.0068,0.0484
Ella Yeh,Sam Weinbach,0.0067,0.0525
Ronan Camron,Zachary Marceau,0.0008,0.0521
Luis Reyes Peñalverty,Andre Feliz,-0.0018,0.0504
Christianna Hornigold,Alexander Allweil,-0.0113,0.0494
Brandon Nsekpong,Nicole Conard,0.0019,0.0525
Austin Bricker,Madison Wolfe,-0.002,0.0522
Daniel Miron,Helen To,0.0133,0.0512
Kayla Williams,Chloe Zigliara,-0.0068,0.0512
Gavin Nickerson,Mike Radermacher,-0.0025,0.0518
Michael I,Michael Coleman,0.0007,0.0514
Kolton Youngblood,Diego Butanda,-0.0026,0.0525
Ella Yeh,Shea Donahue,-0.005,0.0498
Chloe Zigliara,Mike Radermacher,-0.004,0.0523
Tobias Moreno,Joshua Reason,-0.0078,0.0537
Nicole Conard,Amanda Rosati,-0.0124,0.0523
Chris Walker,Jack Seymour,-0.0059,0.051
Austin Bailey,Thomas Provost,-0.0026,0.0513
Ryan Ng,Mayu Ito,-0.0086,0.0517
Phillip Locklear,Rob Cassidy,-0.01,0.0515
Jimmy Liong Kai Long,HO Tam,0.0054,0.0523
Maximilian Wild,Cameron Luhring,-0.005,0.0513
Maria Klokotzky,Helen To,0.0012,0.0506
Brett Finan,Chen-An Hsieh,0.0005,0.0545
Cailyn Campbell,Kelsey Laurente,0.013,0.0502
Jade Rau,Giovanna Morelli,-0.0094,0.0521
Ella Cosma,Jaeda Minniefield,0.0231,0.0508
Benjamin Bramblett,Jake Anderson,-0.0067,0.0526
Jace Morris,James Kaoma,-0.0061,0.0482
Lisa Borowsky,Kristen Van Dernoot,-0.0028,0.0549
Evgeniy Kim,David Yahng,-0.0035,0.0529
Juan Medina,Brookes Jones,0.0046,0.0518
Sophia Phuong Anh Tran,Chen-An Hsieh,-0.0034,0.0515
Haley Ferguson,Gavin Nickerson,-0.0089,0.0517
Kayla Williams,Dale Kim,-0.0053,0.0503
Zoeya Khan,Caden Nemoff,-0.0004,0.0526
Mehvish Safdar,Mota Alhouni,0.0023,0.0501
Mohaned Alhouni,Michelle Esquivel,-0.002,0.0488
Sophia Phuong Anh Tran,HO Tam,0.0073,0.0534
Luana Stanciu,Juan Benitez,0.015,0.0565
Maggie Brascia,Roscoe Bellamy,-0.0019,0.0493
Helena Jansen,Steve Deakin,0.0037,0.0504
Felicity Di Laura,Dominique Schaefer,-0.0014,0.0505
Lauren Hidalgo-Smith,Jalina Ingram,-0.0056,0.0518
Tam Trinh,Danna Funaro,-0.0079,0.0526
Sarah Ansboury,Marcela Aguila Ampon,0.0032,0.0512
Chloe Igleski,Paula Rives,-0.0026,0.0476
Hannah Blatt,Yuta Funemizu,0.0048,0.0517
Audrey Adele Brown,Gregory Dow,0.0027,0.0517
Felicity Di Laura,Collin Johns,0.0072,0.0519
Lingwei Kong,Darrian Young,-0.0032,0.0523
Mya Bui,John Lucian Goins,-0.0027,0.0506
Marshall Brown,Dominique Schaefer,-0.0005,0.0495
Audrey Adele Brown,Mehvish Safdar,-0.0017,0.0519
Julia Ronney,Lara Giltinan,-0.0028,0.0517
Blaine Hovenier,Darrian Young,0.0071,0.0498
Riley Newman,Lindsey Newman,0.0018,0.048
Kaitlyn Christian,Augustus Ge,-0.0206,0.0484
Gabriel Joseph,Luke Wasson,0.0063,0.0493
Alix Truong,Max Freeman,0.01,0.0505
Tatiana Ruhl,Patrick Smith,0.001,0.0519
Craig Johnson,Jalina Ingram,-0.0149,0.0497
Gabriel Joseph,Polina Libo,0.0146,0.051
Mary Brascia,Blaine Hovenier,0.0181,0.0497
Julia Ronney,Daniel Jensen,-0.0051,0.0519
Jhonnatan Medina Alvarez,Paula Rives,-0.005,0.0476
Meghan Dizon,Jaume Martinez Vich,0.0018,0.0491
Tom Protzek,Ross Whittaker,-0.0018,0.0537
Yates Johnson,Lina Padegimaite,-0.01,0.0506
Stephen Madonia,Jhonnatan Medina Alvarez,-0.0015,0.0517
Rachel Summers,Tatiana Ruhl,-0.0022,0.0478
Adam Harvey,Brooke Caruso,0.0205,0.049
Craig Johnson,Yuta Funemizu,-0.0112,0.052
AJ Koller,Ivan Jakovljevic,-0.0049,0.0522
Tom Protzek,Salome Devidze,0.0122,0.054
Dylan Frazier,Jade Kawamoto,-0.0075,0.049
Hannah Blatt,Michelle Esquivel,0.0025,0.0498
Christine Trifunovic,Luana Stanciu,-0.0045,0.05
James Delgado,Steve Deakin,-0.0005,0.0501
Cason Campbell,Juan Benitez,0.0021,0.0563
Liz Truluck,Ryan Fu,0.0037,0.0538
Zoey Weil,Camila Zilveti,0.0057,0.0522
Polina Libo,Brooke Caruso,-0.0028,0.0517
Alix Truong,Mya Bui,-0.0097,0.0484
Zane Ford,Victoria Dimuzio,-0.0083,0.0525
Anna Leigh Waters,Anna Bright,0.03,0.0468
Martina Frantova,Lindsey Newman,0.0013,0.0525
Jay Devilliers,Augustus Ge,0.006,0.0496
Julian Arnold,Patrick Smith,0.0285,0.0528
Jade Kawamoto,Jorja Johnson,-0.0062,0.0536
Zane Navratil,Roscoe Bellamy,-0.0046,0.0524
Etta Tuionetoa,Vivienne David,0.0038,0.0544
Rachel Rohrabacher,Catherine Parenteau,0.0275,0.0476
Andrea Koop,Layne Sleeth,0.0062,0.0492
Lingwei Kong,Helena Jansen,-0.0063,0.0514
Noe Khlif,Tyson McGuffin,-0.0022,0.0479
Jade Rau,Stevie Petropouleas,-0.0054,0.05
Ashley Griffith,Ava Ignatowich,0.0148,0.0483
Ben Berven,Jesse Witten,-0.0003,0.0507
Michael Coleman,Jake Benjamin,-0.0066,0.051
Ben Yue,Kamden Bradstreet,0.0022,0.0509
Chris Walker,Jayce Landheer,-0.0006,0.0535
Jason Brotman,Nick Springer,-0.0054,0.0524
Coulson Hamblett,Grant Kayworth,-0.0014,0.0525
Will Lieberman,Brookes Jones,-0.0083,0.047
Jay Jaudon,John Lucian Goins,0.0041,0.0533
Eber Molina Jr,Nicolas Almeida,0.0054,0.0519
Alia Brown,Pierina Imparato,0.0073,0.0499
Justin Graham,Roger Dugas,0.0045,0.0493
Jay Evans,Jemere Plummer,0.0192,0.0498
Michael Leonard,Daniel Couzens,0.0102,0.0492
Lauren Hidalgo-Smith,Lara Giltinan,0.009,0.0521
Brayden Nguyen,Victor Camilo Iii,-0.0001,0.049
Juan Navarrete,Hudson De Risi,-0.004,0.05
Erik Dunigan,John Marando,-0.0038,0.0506
Tom Protzek,Anouar Braham,0.0025,0.049
Sanil Jagtiani,Thomas Romano,0.0141,0.0522
Benjamin Brietz,Cade Vanetten,0.0025,0.0513
Wesley Hanson,William Hart,0.0044,0.0523
Maximilian Wild,Stephen Bass,-0.0044,0.0524
Kara Evans,Victoria Shinkaretzky,-0.0057,0.0514
Sullivan Tipton,Connor Daland,0.0011,0.0496
Dylan Lewis,Mason Durbin,-0.0001,0.05
Brandon Tom,Brandon Gregoire,-0.0059,0.0532
Forest Dennis,Caden Salefsky,-0.0034,0.0515
Adalynn Lund,Dominique Lemperle,0.0003,0.0497
Louise Kwong,Jada Bui,0.0035,0.0521
Gray Roberts,Edgar Roberts,-0.0052,0.0525
Nilton Chafloque,Karson Feyereisen,-0.0056,0.053
Matthew Finnerty,Adam Kework,-0.0071,0.0503
Christopher Crouch,Martin Michelsen,0.0047,0.0514
Drew Holder,Nejc Sitar,0.0061,0.0513
Davidson Kozlowski,Domenico Geminiani,-0.0009,0.0506
Brittany Levkulich,Mandy Gabriel,0.0056,0.0509
Andi Godwin,Sydnee Metzold,-0.0037,0.0509
Alex Rastorgouev,Steven Nikolic,0.0017,0.0497
Ava Pisacrita,Helen Challenger,-0.0021,0.054
Haley Ferguson,Jaeda Minniefield,-0.0147,0.0539
Mitchell Russell,James Bratt,0.0022,0.0488
George Bulger,Noah Torres,-0.0108,0.051
Stephen Madonia,Harrison Gold,-0.0075,0.0502
Zane Ford,Tendai Tapfuma,-0.008,0.0498
Piercarlo Usai,Jake Faryniarz,-0.0079,0.0525
Alex Nicholas,Ryan Sherry,-0.0036,0.0535
Jada Bui,Kamden Bradstreet,0.006,0.0538
Nicholas Astbury,Sydnee Metzold,-0.002,0.0512
Wesley Hanson,Hailee Haymore,0.0131,0.0512
Anouar Braham,Maebry Jones,0.0244,0.0537
Hercilio Cabieses,Stevie Petropouleas,-0.0016,0.0513
Mitchell Russell,Andrea Symkoviak,-0.0026,0.0499
Justin Graham,Kara Evans,-0.0025,0.05
Lara Giltinan,John Lucian Goins,0.0159,0.05
Nicole Conard,Domenico Geminiani,0.0086,0.0479
Zane Ford,Maria Ford,0.0184,0.0501
Kyler Pacyga,TC Anderson,-0.0003,0.0505
Jade Rau,Filipe Parichkov,-0.0079,0.0492
Haley Ferguson,Victor Camilo Iii,0.0132,0.0518
Dominique Lemperle,Michael Leonard,0.0018,0.0523
Christopher Crouch,Victoria Shinkaretzky,0.0086,0.0521
Jay Evans,Eva Kohutova,0.0045,0.0528
Alex Sweet,Natalia Maynetto,-0.001,0.0541
Adair Garcia,Jaeda Minniefield,-0.0021,0.0515
Sofia Manzanares,Connor Daland,-0.0019,0.0513
Victor Marquez,Isabella Ochoa,-0.0103,0.0495
Ava Pisacrita,Nicolas Almeida,-0.0065,0.0514
Adrienn Hidvegi,James Bratt,0.0006,0.0514
Ignacio De Elia,Jessica Cortes,-0.0006,0.0515
Savanna Ullmann,Myles Call,-0.0032,0.0527
Tom Protzek,Simone Leonard,-0.0206,0.0513
Catherine Parenteau,Spencer Smith,-0.0176,0.0522
Hunter Johnson,Spencer Smith,0.0004,0.0502
Jalina Ingram,Judit Castillo,-0.0146,0.0512
Jack Sock,Alex Walker,0.0065,0.0507
Blaine Hovenier,Jalina Ingram,0.0136,0.0508
Jessie Irvine,Alex Walker,-0.0069,0.0511
Haddow Thul,Divin Sarthak,-0.0003,0.0502
Bryce Larson,Braden Jacobson,-0.0091,0.0508
Maximilian Wild,Miles Hoover,-0.0064,0.0515
Lucas Coutinho,Nicholas Wade,0.0038,0.0502
Grayson Brandon,Dan Clark,-0.0045,0.0515
Jesse Eyman,Scotty Wong,-0.0011,0.0551
Billy Buchhauser,Kendall Kikkawa,0.0202,0.0506
Tom Protzek,Austin Bricker,0.008,0.0513
John Thorn,Kace Heiner,-0.0018,0.0513
Joel Cassens,Matthew Finnerty,-0.0122,0.0492
Nick Werner,Michael Wolf,0.0115,0.0547
Brookes Jones,Liam Porterfield,-0.0024,0.0493
Rouzbeh Ghotbi,Izaak Gonzalez,-0.0033,0.0506
Paul Lennick,Daniel Colon,0.0055,0.052
Nicole Conard,Rachel Summers,0.0156,0.0528
Darcy Shore,Stevie Petropouleas,0.0009,0.0521
Benson Parry,Austin Ciampini,0.0034,0.0512
Liam Duffin,Clayton Boydston,0.0058,0.049
Jase Edwards,Kenny Ortega,0.0119,0.0501
Chloe Igleski,Dana Raugust,0.0017,0.0511
Emma Van Hee,Abbigal Hatton,0.0106,0.0498
Yolena Carlon,Mary Monson,-0.0093,0.051
Breaden Brooks,Luke Calvert,0.0021,0.0513
Luana Stanciu,Courteney Landis,-0.0096,0.0519
Monika Wynne,Bryanna Ojeda,0.0013,0.0511
Elsie Hendershot,Ella Cosma,-0.0101,0.049
Isabella Dunlap,Brenna Murray,-0.0181,0.0532
Paranya Jareonvongrayab,Tiffany Wang,0.0091,0.0497
Matthew Mead,Bret Berryman,0.0069,0.0513
Levi Daniel,Justin Fullmer,0.0065,0.0516
Damon Little,Garrett Little,0.0055,0.0521
Marianna Petrei,Maddy Rasmusen,-0.0021,0.0539
Max Meza,Hudson De Risi,0.0055,0.0536
Rachel Rettger,Vivian Glozman,-0.0045,0.0517
Mary Monson,Kenny Ortega,-0.01,0.0482
Benson Parry,Olivia Phillips,-0.0016,0.0517
Isabella Dunlap,Luke Ness,-0.0188,0.0506
Nicole Conard,Zach Gonnering,0.0145,0.0507
Zoeya Khan,Edward Perez,0.0175,0.0501
Paranya Jareonvongrayab,Harrison Yee,-0.0025,0.048
Bryanna Ojeda,Austin Bricker,-0.0098,0.0542
Emma Van Hee,Brookes Jones,0.0277,0.0547
Maximilian Wild,Stevie Petropouleas,0.0221,0.0527
Luana Stanciu,Victor Camilo Iii,-0.0052,0.0537
Breaden Brooks,Riley Hanks,-0.0061,0.0513
Tom Protzek,Brenna Murray,0.0095,0.051
Cheyenne Jones,Devon Sikora,-0.0066,0.0537
Yolena Carlon,Austin Ciampini,-0.0037,0.0519
Albert Wan,Tiffany Wang,0.005,0.0512
Holli McDonald,Luke Calvert,-0.0034,0.0536
Ella Cosma,Braden Jacobson,0.004,0.0503
Elsie Hendershot,Bryce Larson,0.0081,0.048
Preston Engel,Rachel Summers,-0.01,0.0472
Monika Wynne,Bret Berryman,-0.0073,0.0498
Darcy Shore,Michael Wolf,0.0001,0.054
Billy Buchhauser,Maria Lopez,-0.0025,0.052
Dylan Ciampini,Miles Hoover,-0.006,0.0482
Todd Fought,Rachel Rettger,-0.0054,0.0512
Dekel Bar,Patrick Smith,0.0045,0.0535
Stephen Madonia,Lingwei Kong,-0.0005,0.0533
Anna Leigh Waters,Christa Gecheva,-0.0044,0.052
Lingwei Kong,Dominique Schaefer,0.0115,0.0497
AJ Koller,Dominique Schaefer,-0.0128,0.0502
Pierina Imparato,Vivian Glozman,0.0079,0.0513
Stephen Madonia,AJ Koller,0.0115,0.0523
Pierina Imparato,Max Freeman,0.0093,0.0489
Helena Jansen,Tina Pisnik,-0.0055,0.0537
Helena Jansen,Christian Alshon,0.0014,0.0533
Callie Smith,Vivian Glozman,0.014,0.0498
Eric Oncins,Michael Loyd,0.002,0.051
Helena Jansen,Michael Loyd,0.0025,0.0509
Flynn Kantzalis Orton,Nathan Tsai,-0.0013,0.053
Wil Shaffer,Rio Newcombe,-0.0058,0.0515
Aryaan Bhatia,HO Tam,-0.0019,0.0514
Matthew Sah,Alyssia Fossorier,0.0076,0.0494
Kayla Field,Pieter De Vries,0.0059,0.05
Tiffany Nguyen,Yaamunan Venkatesan,0.0033,0.0518
Katie Swisher,Jeremy Swisher,0.0001,0.053
Jase Edwards,TY Parrish,0.0124,0.0497
Callan Dawson,Etienne Blaszkewycz,-0.0002,0.0484
Jace Morris,Andrew Caldarella,-0.0075,0.0535
Chas Howard,Jaxon Madsen,0.0038,0.0516
Jimmy Liong Kai Long,Sophia Phuong Anh Tran,0.0158,0.052
Drake Palm,Giovanna Morelli,-0.0008,0.0497
Madison Grollman,Cade Pierson,0.0033,0.0509
Jessica Jones,Maria Ford,-0.0075,0.0535
Andre Mercado,Will Mackinnon,-0.0082,0.0515
Jordan Bridge,Spencer Weinberg,0.0048,0.0509
Wendy Weston,Billy Buchhauser,0.0037,0.0502
Victoria Nguyen,Jack Sahid,0.0041,0.0507
Jessica Wilcox,Zachary Grabovic,-0.0042,0.0516
Samuel Sippel,Brad Barker,-0.0033,0.0517
Regina Goldberg,Etienne Blaszkewycz,0.0041,0.048
Maria Ford,Jase Edwards,0.0005,0.0539
Kento Tamaki,Leah Tauber,0.004,0.0474
Bryanna Ojeda,Matthew Mead,0.0173,0.0518
Aryaan Bhatia,Marco Leung,-0.0039,0.0495
Lily G,Anthony Skalabrin,-0.0032,0.0523
Daniel Roditi,Michelle Murphy,0.0038,0.0508
Natalie Raney,Michelle Murphy,-0.004,0.0513
Paranya Jareonvongrayab,Isabella Hoang,-0.0033,0.049
Billy Buchhauser,Yaamunan Venkatesan,0.0048,0.0524
Michael Wolf,Sebastian Herrera,-0.0002,0.0507
Andre Feliz,Luc Pham,-0.0002,0.0502
Joseph Wild,Zachary Grabovic,-0.0049,0.0488
Morgan Shepherd,Aaron Li,0.0003,0.0514
Indigo Dagnall,Mackonner Dy,-0.0046,0.0541
Daniel Byun,Paranya Jareonvongrayab,-0.0064,0.0489
Ryan Ng,Athilla Miasara Bt Azizul Azhar,0.0003,0.0518
Cai Haught,Luke Williams,0.0036,0.0508
Albert Wan,Alex Long,0.0026,0.052
Madison Wold,Ali Amiri,0.0083,0.0539
Tama Shimabukuro,Kiora Kunimoto,-0.0197,0.0497
Sammy Lee,Jonathan Truong,0.0011,0.0526
Victor Rodrigo,Daniel Byun,0.0015,0.0507
Leah J,Elsie Hendershot,-0.0133,0.0487
Cade Pierson,Derek Shearer,-0.003,0.0476
Alex Chan,Mikus Losbergs,0.0028,0.0489
Johnny Goldberg,Derek Shearer,-0.0002,0.0523
Isabella Hoang,Evgeniy Kim,0.0018,0.0518
Matthew Sah,Cadell Traya,-0.0025,0.0531
Ninh Nguyen,Anthony Tran,0.0004,0.0539
Deanna Pham,Tiffany Wang,-0.0013,0.0488
Alison Bruggeman,Kiora Kunimoto,-0.0002,0.0516
Zach Gonnering,Rafael Lenhard,-0.0035,0.0509
Nikita Snezhko,Walter Lau,-0.0023,0.0519
Deanna Pham,Harrison Yee,0.0078,0.052
E. Elenga Satuala,Luc Pham,0.0006,0.0534
Emily Mone,Anthony Starkey,-0.0029,0.0527
Nick Black,Drake Palm,-0.0003,0.0518
Ernesto Russo,Elliot Markowitz,0.0009,0.0508
Anthony Starkey,Adam Johnson,-0.0017,0.0503
Daniel Phillips,Olivia Phillips,-0.0057,0.054
Christine Maddox,Alexander Crum,0.0076,0.0511
Luke Williams,Riley Inn,0.0089,0.0506
Levi Daniel,Arjun Thyagarajan,0.0063,0.0513
Audrey Banada,Giovanna Morelli,0.0117,0.0529
Jessica Bowman,Alex Chan,0.0014,0.0511
Ryan Ng,Hsieh Chen-An,0.0122,0.0479
James Kaoma,Jordan Chrysostom,0.0119,0.0515
Tom Van,Sivam Rao,0.0051,0.0505
Matthew Mead,Evgeniy Kim,-0.0066,0.0527
Austin Bachman,Cade Edwards,0.002,0.0485
Daniel Loney,Nicholas Garza,0.0015,0.0489
Sunny Krittayaweth,Emma Trieu,-0.0035,0.0532
Tama Shimabukuro,Harrison Yee,-0.004,0.0524
Demetric Marrero Jr,Andrew Angulo,-0.0111,0.0523
Matthew Barlow,Anouar Braham,-0.0086,0.0553
Ford Casady,Boone Casady,-0.0007,0.0502
Ryan Eveloff,Alexander Crum,0.0044,0.0506
Daniel Phillips,Lucas Jensen,0.0003,0.0518
Alison Bruggeman,TY Parrish,0.0018,0.0538
Dalton Kates,Jerry Worsham,-0.0008,0.0498
Andre Mercado,Simone Leonard,-0.005,0.0514
Anthony Skalabrin,Marko Lovrinovic,0.0001,0.0501
Carlota Trevino,Olivia Phillips,0.0037,0.0499
Kaden Kring,Jack Sahid,0.0025,0.053
Sean Munoz,Dalton Hess,-0.0027,0.0518
Dayna La Belle,Kathryn Glavinovich,0.0041,0.0526
Mayu Ito,Hsieh Chen-An,-0.005,0.0514
Jessica Jones,James Kaoma,0.0007,0.0501
Leah J,Adam Cheney,0.004,0.0481
Jayden Tsao,Zach Vond,-0.0071,0.0522
Zach Gonnering,Aline Morales,-0.0051,0.0531
Ivan Jakovljevic,Gregory Dow,0.002,0.0536
Felicity Di Laura,James Delgado,-0.0105,0.0519
Edward Perez,Stephen Madonia,-0.0049,0.051
Todd Fought,Milan Rane,-0.0005,0.0518
Zoey Weil,Darrian Young,0.0038,0.0511
Jade Kawamoto,Roscoe Bellamy,-0.0115,0.0523
Marshall Brown,Mehvish Safdar,-0.0068,0.0503
Aanik Lohani,Dominique Schaefer,-0.0092,0.0554
Zoeya Khan,Mota Alhouni,0.0045,0.0524
Cailyn Campbell,Daniel De la Rosa,0.013,0.0513
Maggie Brascia,Jaume Martinez Vich,-0.0015,0.0512
Chloe Igleski,Juan Benitez,-0.0059,0.0532
John Cincola,Daniel De la Rosa,-0.01,0.0547
Jhonnatan Medina Alvarez,Tatiana Ruhl,0.0173,0.0508
Judit Castillo,Wyatt Stone,0.0126,0.0518
Pesa Teoni,Danna Funaro,0.0022,0.0511
Lingwei Kong,Donald Young,-0.0052,0.0521
Caden Nemoff,Paula Rives,-0.0094,0.0516
Helena Jansen,Ryan Fu,-0.0013,0.0505
Luana Stanciu,Ryan Sherry,0.0013,0.0497
Eric Oncins,Lea Jansen,0.0083,0.0493
Gregory Dow,Rachel Rettger,0.0026,0.051
Dylan Frazier,Tina Pisnik,-0.001,0.0498
Tom Protzek,Michelle Esquivel,-0.0065,0.051
Todd Fought,Donald Young,0.0004,0.0511
Lauren Stratman,Vivienne David,0.0028,0.0503
Rafa Hewett,Juan Benitez,-0.0028,0.0519
Jay Devilliers,Grayson Goldin,0.0076,0.0523
Jhonnatan Medina Alvarez,Luke Wasson,-0.0061,0.0518
Carlos Di Laura III,Tam Trinh,0.0127,0.0501
Chloe Igleski,Jalina Ingram,-0.0047,0.0484
Mehvish Safdar,Judit Castillo,0.0006,0.0503
Tyler Loong,Spencer Smith,0.0004,0.052
Hannah Blatt,Victoria Dimuzio,0.0076,0.0514
Polina Libo,Lara Giltinan,-0.0061,0.047
Allison Phillips,Helena Jansen,-0.0065,0.0539
Tom Protzek,John Lucian Goins,0.0051,0.0501
Gabriel Joseph,Spartak Rahachou,-0.0203,0.0503
Zoey Weil,Paula Rives,-0.0071,0.0519
Andrea Koop,Alix Truong,-0.0164,0.052
Caden Nemoff,Pesa Teoni,0.0039,0.05
Luana Stanciu,Olivia McMillan,0.0023,0.0504
Christine Trifunovic,Camila Zilveti,-0.0022,0.0527
Matt Wright,Roscoe Bellamy,-0.0071,0.0526
Zoeya Khan,Ava Ignatowich,-0.0036,0.0532
Etta Tuionetoa,Jackie Kawamoto,-0.0233,0.0493
Zane Ford,Zane Navratil,-0.0027,0.0527
Hunter Johnson,Augustus Ge,-0.0078,0.0519
Pablo Tellez,James Delgado,0.0186,0.052
Andrea Koop,Christa Gecheva,0.0039,0.0513
Angie Walker,Alix Truong,0.0013,0.0502
Stefan Auvergne,Andrea Koop,0.0092,0.0508
Eric Roddy,Angie Walker,-0.0085,0.0533
Michelle Esquivel,Anderson Scarpa,-0.0036,0.0513
Brooke Buckner,James Delgado,0.0006,0.0506
Christa Gecheva,Daniel De la Rosa,-0.0097,0.0505
Alix Truong,Darrian Young,0.004,0.0488
Martina Frantova,Paula Rives,-0.0087,0.0526
Layne Sleeth,Michael Loyd,0.0063,0.0519
Cason Campbell,Martina Frantova,-0.0015,0.049
Ewa Radzikowska,Marshall Brown,-0.0142,0.0522
Cason Campbell,Travis Rettenmaier,0.0071,0.0526
Ewa Radzikowska,Michelle Esquivel,-0.0052,0.0487
Michael Loyd,Juan Benitez,-0.0079,0.0499
Lina Padegimaite,Juan Benitez,-0.0062,0.0503
Travis Rettenmaier,Paula Rives,0.0179,0.0486
Stefan Auvergne,Daniel De la Rosa,0.0041,0.0523
Eric Roddy,Darrian Young,-0.0045,0.055
Cailyn Campbell,Ryan Fu,0.0006,0.0469
Rafa Hewett,AJ Koller,-0.0142,0.0519
Yates Johnson,Connor Garnett,-0.0193,0.053
Rafa Hewett,Jackie Kawamoto,0.0063,0.0506
Rachel Rohrabacher,AJ Koller,0.013,0.0482
Genie Bouchard,Alex Walker,0.0021,0.0508
Tyson McGuffin,Alex Walker,0.0019,0.0518
Benjamin Slade,Alex Toth,-0.0015,0.0512
Aibika Kalsarieva,Allie Reichert,-0.0162,0.0531
Zoeya Khan,Rachel Summers,0.0028,0.0514
Cami Gonzalez,Kayla Teape,0.0036,0.0495
AJ Carney,Brayden Clark,-0.0034,0.0503
Dylan Wilhelm,Mauro Conde,0.0084,0.0508
Charles Neufeldt,Rosen Naydenov,-0.0014,0.0502
Jhonnatan Medina Alvarez,Anouar Braham,-0.0041,0.0516
Ana Gordon,Hannah Shin,-0.0135,0.0497
Kimberly Van Vloodorp Taylor,Veronica Alteri,-0.0047,0.0508
Ram Kotnana,Josh Jenkins,-0.0069,0.0494
Brittany Levkulich,Mary McGowan,-0.0051,0.0499
Änna Pettway,Amy Porter,-0.0053,0.0488
Garrison Eaby,Cobi Moore,-0.0122,0.0502
Ashley Griffith,Luana Stanciu,0.0035,0.0539
Spela Sluga,Araksya Hovsepyan,-0.0094,0.0525
Sanil Jagtiani,Mikael Vollbach,-0.0004,0.0517
Jada Bui,Jessica Kawamoto,0.0004,0.053
Alia Brown,Nicole Conard,-0.0071,0.051
Lauren Dahm,Anna Tozin,-0.0056,0.0541
Andy Stein,Paul Valenti,0.0018,0.0512
Hudson De Risi,Immanuel Zion,-0.0059,0.0509
Ian Campbell,Zachary Yusuf,-0.0043,0.052
Wesley Hanson,Ryan Gilbert,-0.0066,0.0479
Cynthia McPherson,Sarah Mulhern,-0.0002,0.0505
Ben Davis,Max Carrol,0.0014,0.0513
Alexander Crum,Bret Berryman,-0.0009,0.0509
Harrison Malko,Jonah Karczmer,-0.0081,0.0517
Tyler Glowaki,Essex Glowaki,-0.0033,0.0519
Brent Boleslav,Marcus Avram,-0.0029,0.0512
Matthew Kawamoto,Ryan Torresin,0.0045,0.0502
Mehvish Safdar,Ava Ignatowich,0.0136,0.0505
Justin Summons,Thomas Alexander Jr,-0.0073,0.0516
Thomas Hoffman,Peter Luck,0.0039,0.0512
Chris Crucetti,Joseph Schember,-0.0045,0.0526
Hannah Rose Nussbaum,Lindsey Thoeng,0.0021,0.051
Kevin Dong,Wade Heerboth,-0.0096,0.0509
Sarah Carpenter,Spencer Liang,0.0136,0.0487
Trelsie Cople,Sydney Cople,-0.0106,0.0491
Monika Wynne,Casey Taitel,0.0037,0.0507
Ethan Bakalinsky,Francis Chi,-0.0146,0.0509
AJ Carney,Anna Tozin,0.0054,0.0527
Josh Jenkins,Cynthia McPherson,0.015,0.0521
Jada Bui,Ryan Torresin,0.009,0.0483
Sanil Jagtiani,Spencer Liang,-0.0226,0.0506
Casey Taitel,Alex Toth,0.0,0.0509
Sarah Carpenter,Perry Wang,0.0012,0.055
Alia Brown,Yuta Funemizu,0.0039,0.0536
Thomas Alexander Jr,Änna Pettway,0.0015,0.0524
Kimberly Van Vloodorp Taylor,Joseph Schember,-0.0009,0.0506
Dominique Canale,Eric Davidson,0.0048,0.0522
Oscar Serra,Aibika Kalsarieva,-0.0033,0.051
Freddie Powell,Mehvish Safdar,0.0046,0.0499
Katherine Allan,Wade Heerboth,0.0155,0.0514
Zoeya Khan,Brandon Nsekpong,-0.006,0.0499
Jonas Daehler,Natalie Araya,0.0026,0.0515
Lauren Dahm,Paul Valenti,-0.0025,0.051
Tom Protzek,Luana Stanciu,0.0002,0.0486
Preston Gordon,Anne-Sophie Courteau,-0.0014,0.0507
Lauren Williams,Diego Lebron Perez,-0.0012,0.0514
Matthew Kawamoto,Jessica Kawamoto,-0.001,0.0528
Justin Graham,Valerie R Simon,0.0051,0.0497
Alexander Crum,Ava Ignatowich,0.0119,0.0506
Ben Davis,Courtney Kessler,-0.0,0.0549
Hudson De Risi,Kayla Teape,-0.0046,0.054
Antoaneta Toskova,Rosen Naydenov,0.0006,0.0505
Garrison Eaby,Mary McGowan,0.0213,0.0503
Tyler Glowaki,Sienna Susko,0.0029,0.0525
Araksya Hovsepyan,Steven Hunt,-0.0069,0.0507
Noe Khlif,Yuta Funemizu,0.0035,0.0513
Zane Ford,Luana Stanciu,-0.0062,0.0514
Lea Jansen,Marcela Aguila Ampon,-0.0012,0.0512
Luana Stanciu,Helena Jansen,-0.0002,0.0531
Mya Bui,Yuta Funemizu,-0.0282,0.0505
Andrei Daescu,Marcela Aguila Ampon,0.0026,0.0515
Helena Jansen,Donald Young,-0.017,0.0557
Leander Lazaro,Mayur Patil,0.006,0.0511
Muhammad Aiman,Syed Uzair Sufi,-0.0033,0.0507
Nicholas Maleganeas,Sophia Nhi Huynh,-0.0031,0.0518
Ronav Motiani,Mihika Yadav,0.0023,0.0521
Giang Trinh,Albie Huang,-0.0063,0.05
Nursharneem Shamsuddin,Muhammad Aiman,0.0026,0.0522
Ronav Motiani,Divyanshu Kataria,0.0039,0.05
Jeongho Ryu,Henry H,-0.0041,0.0539
Giang Trinh,Hoang Nam Ly,0.0029,0.0538
Po Chiao Chen,Jay Lee,0.0093,0.0496
Aryaan Bhatia,Sophia Phuong Anh Tran,0.0029,0.0519
Tingwen Wang,Willy Chung,0.002,0.0508
Willy Chung,Guangsian Lin,0.0077,0.0507
Piyapon Sriraphan,Ramon Narula,0.0015,0.0531
Nicholas Maleganeas,Tejas Mahajan,0.0055,0.0527
Nasa Hatakeyama,Rikuto Kurosawa,-0.0068,0.0504
Yung-Hsin Tseng,Dwi Mahendra,-0.0091,0.0486
Izzul Aizuddin,Scott Lim,-0.0055,0.0513
Auburn Smith,Kevin Pham,-0.0064,0.0522
Hsuan Tsai,Siow Vincent,0.0008,0.0486
Darryl K,Amanda Teo,-0.0017,0.0471
Kei Sawaki,Rikuto Kurosawa,0.0006,0.0527
Aiko Yoshitomi,Lucas Pascoe,0.0113,0.0517
Kaifen Yi,Guangsian Lin,0.0011,0.0535
Jason Tay,Jason Tee Chong Jui,0.0014,0.0517
Hong Kit Wong,Nok Yiu Tang,-0.0029,0.0508
Naimi Mehta,Harsh Mehta,0.006,0.0526
Colin Wong,Anna Clarice Patrimonio,-0.0056,0.0502
Han Hyuck Chu,Kwan Wun Man,-0.0028,0.0531
Xiao Yi Wang-Beckvall,Kenta Miyoshi,0.0018,0.0473
Vrushali Thakare,Mayur Patil,-0.0012,0.0528
Scott Lim,Zermaine Lew,0.0009,0.0519
Kaifen Yi,Tingwen Wang,0.0028,0.0525
Amanda Teo,Zermaine Lew,-0.0,0.0502
Jay Lee,Ying Suet Lam,-0.005,0.0528
Jason Tay,Delia Arnold,-0.0016,0.054
Jih Shian Yeo,Tienr-X Nguyen,-0.0056,0.0515
Reynard Ho,Reydon Ho,-0.0087,0.053
Zaki Pauzi,Mohd. Shahmirzzy Kelvin,-0.0015,0.0533
Tamaryn Emmrich,Etta Tuionetoa,0.0062,0.0538
Tamaryn Emmrich,Roscoe Bellamy,0.0115,0.0504
Riley Newman,AJ Koller,0.0195,0.0502
Ben Johns,Roscoe Bellamy,-0.0001,0.0527
Lê Xuân Đức,Yufei Long,0.0121,0.0505
Kaitlynn Hart,Zachary Grabovic,0.0077,0.0513
Robert Stirling,Isha Lakhani,-0.0007,0.0513
Vanshik Kapadia,Nicola Schoeman,0.0106,0.0533
Nasa Hatakeyama,Rika Fujiwara,0.0035,0.0499
George Wall,Andie Dikosavljevic,-0.0102,0.0513
Athilla Miasara Bt Azizul Azhar,Syed Uzair Sufi,-0.0045,0.051
Mihae Kwon,Marco Leung,-0.004,0.0512
Sarah Burr,Mitchell Hargreaves,-0.0051,0.0536
Helena Jansen,Erik Forsythe,0.0016,0.0509
Zane Ford,Erik Forsythe,-0.0024,0.0543
Hong Kit Wong,Eunggwon Kim,0.0079,0.0511
Nguyen Thang,Khuong Huynh,-0.0057,0.0554
Ryan Ng,Darryl K,-0.0014,0.0488
Isha Lakhani,Vrushali Thakare,0.0002,0.0512
Mihae Kwon,Yufei Long,0.0061,0.0489
Ting Chieh Wei,Xiao Yi Wang-Beckvall,0.0113,0.0515
Naimi Mehta,Albie Huang,-0.0071,0.0496
Lucas Pascoe,Kenta Miyoshi,-0.0001,0.0494
Robert Stirling,Mitchell Hargreaves,-0.0052,0.0538
Dwi Mahendra,Razlan Rawi,0.0041,0.0535
Aryaan Bhatia,Colin Wong,-0.0035,0.0501
Vanshik Kapadia,Harsh Mehta,0.0007,0.0497
Athilla Miasara Bt Azizul Azhar,Mihika Yadav,-0.0049,0.0498
Yung-Hsin Tseng,Seina Shima,0.0023,0.0516
HO Tam,Tya Karina,0.0021,0.0508
Kei Sawaki,Rika Fujiwara,-0.0076,0.0524
Sarah Jane Lim,Aiko Yoshitomi,-0.0015,0.051
Mayu Ito,Pei-Yu Lai,0.0043,0.0517
George Wall,Zachary Grabovic,-0.0047,0.0501
Hsuan Tsai,Nursharneem Shamsuddin,0.0019,0.0508
Sophia Phuong Anh Tran,Anna Clarice Patrimonio,0.006,0.0516
Hsieh Chen-An,Jayden Tsao,0.0015,0.05
Connie Lee,Sophia Nhi Huynh,-0.0101,0.0523
Kaitlynn Hart,Andie Dikosavljevic,-0.0064,0.0498
Angie Walker,Darrian Young,0.0034,0.0547
Rafa Hewett,Daniel De la Rosa,0.0073,0.0508
Cason Campbell,Paula Rives,0.0093,0.0524
Bella Nelson,Zachary Card,-0.0067,0.0503
Zoeya Khan,Liam Duffin,-0.0031,0.0513
Collin Johns,Darrian Young,-0.0107,0.0477
Zoeya Khan,Ellie Douglas,-0.0011,0.0521
Ava Cavataio,Bella Nelson,-0.0007,0.0497
Liam Duffin,AJ Khawaja,0.0018,0.0537
Ava Cavataio,Zachary Marceau,-0.0048,0.0562
Rafa Hewett,Andrea Koop,-0.0053,0.0493
Ellie Douglas,AJ Khawaja,0.0009,0.0507
Rafa Hewett,Catherine Parenteau,-0.0109,0.0515
Stephen Madonia,Dominique Schaefer,-0.0054,0.0549
Eric Roddy,Vivienne David,0.0079,0.0504
Ben Johns,Liz Truluck,-0.0019,0.0516
Eric Roddy,Todd Fought,-0.015,0.0528
Kaitlyn Christian,Tina Pisnik,0.0224,0.05
Pesa Teoni,Tyson McGuffin,-0.0023,0.0506
Carlos Di Laura III,Vivian Glozman,-0.002,0.0507
Carlos Di Laura III,Max Freeman,0.0054,0.0492
Stephen Madonia,Helena Jansen,0.0092,0.0523
Kaitlyn Christian,Christian Alshon,0.0099,0.0495
Anna Leigh Waters,Mari Humberg,-0.0014,0.0528
Zane Navratil,Mari Humberg,-0.0166,0.0515
Collin Johns,Vivienne David,-0.003,0.053
Collin Johns,Todd Fought,0.0,0.0517
Vivienne David,Jaume Martinez Vich,0.0096,0.0498
Callie Smith,James Ignatowich,-0.017,0.0508
Max Freeman,Vivian Glozman,-0.0006,0.049
Eric Roddy,Jaume Martinez Vich,0.001,0.0517
Eric Roddy,Victoria Dimuzio,0.0042,0.0493
Ivan Jakovljevic,Danna Funaro,0.0038,0.047
Ben Johns,Hunter Johnson,0.0069,0.0487
Irina Tereschenko,Cailyn Campbell,-0.0028,0.0533
Liz Truluck,Danna Funaro,0.0098,0.047
Ben Johns,Catherine Parenteau,-0.0035,0.0512
Noe Khlif,Meghan Dizon,-0.0252,0.0512
Noe Khlif,Will Howells,0.0043,0.046
Noe Khlif,Mari Humberg,-0.0006,0.0522
Eliel Herminas,Izaak Gonzalez,-0.0056,0.0511
Jasper Schaadt,Joseph Adams,0.0055,0.052
Pablo Copetti,Mauro Conde,-0.0124,0.0518
Usama Khalid,Bret Berryman,-0.0191,0.0515
John Macauley,Amrik Donkena,0.0039,0.0533
Bailey Rezabek,Coley Rezabek,0.0028,0.0502
Jade Rau,Lauren Hidalgo-Smith,-0.0075,0.0502
Hudson De Risi,Matthew Finnerty,0.0127,0.0507
Sammy Lee,Aanik Lohani,0.0018,0.0522
Brittni Tonnessen,Stevie Petropouleas,-0.0069,0.0528
Rahul Datta,Garrison Eaby,0.0024,0.0519
Edgaras Zilys,Harsh Nanavati,0.0003,0.0497
Sam Weinbach,Mouaad Alhouni,0.0003,0.0514
Sam Libo,Jonah Karczmer,-0.0014,0.0487
Jake Bower,Austin Basque,0.0097,0.0512
Araksya Hovsepyan,Adela Umannova,0.0,0.0497
Liam Duffin,Maximilian Wild,-0.0032,0.048
Noah Hlavac,Colton Thielman,0.0041,0.0495
Chloe Igleski,Arielle Butler,0.0174,0.0528
Ashley Griffith,Pierina Imparato,-0.0109,0.0542
Keena Cheng,Sara Sowinski,-0.0021,0.0505
Mohaned Alhouni,Juan Benitez,0.0109,0.0537
Joel Cassens,Mike Radermacher,0.0168,0.0523
Zoeya Khan,Zoey Weil,0.0082,0.0483
Caitlin Klaassen,Polina Libo,0.0303,0.0518
Jessica Mason,Jaeda Minniefield,-0.0083,0.0517
William Hayes,Karson Feyereisen,0.0049,0.0492
Sydney Sonday,Monika Wynne,-0.0074,0.0496
Chrissie Cruz,Kathleen Pagel,0.0011,0.047
Naveen Beasley,Jose Martinez,-0.0035,0.0491
Dylan Wilhelm,Bruce Hale,-0.0023,0.0519
Alexis Hayden,Grace Folven,0.0024,0.0513
Edward Kim,Cheng En Tsai,0.0095,0.0526
Aizec Olson,Tommy Labat,-0.0046,0.0494
Sydney Donkena,Jamie Voelker,-0.0068,0.0493
Jamie Hafner Jr.,Jordan Tacheny,-0.001,0.0543
Patrick McGinnis,Preston McGinnis,-0.0103,0.0489
Zach Gonnering,Dave Weinbach,0.001,0.052
Connor McCartney,Austin Kulla,-0.0081,0.0523
Noah Torres,Jason Garriotte,-0.0038,0.0519
Colin Chapman,Elisha Hougland,-0.0014,0.048
Mitchell Johnson,Jaryd Marks,-0.0002,0.0529
April Lommen,Cassy Deng,0.0051,0.0514
Caitlin Klaassen,Mouaad Alhouni,-0.0052,0.051
Luana Stanciu,Zach Gonnering,-0.002,0.052
Colin Chapman,Makayla Cunningham,0.0044,0.055
Bailey Rezabek,Joel Cassens,-0.0029,0.049
Mike Radermacher,Coley Rezabek,-0.0011,0.0507
Brian Anderson,April Lommen,-0.0014,0.0502
Naveen Beasley,Brittni Tonnessen,0.0046,0.0504
Arielle Butler,Sam Weinbach,-0.0127,0.0493
Zoey Weil,Adam Harvey,-0.0081,0.0523
Sydney Sonday,Sammy Lee,0.0002,0.0491
Keena Cheng,Noah Hlavac,0.0016,0.0496
Andi Godwin,Victor Camilo Iii,0.0007,0.0518
Sara Sowinski,Colton Thielman,-0.0007,0.0521
Jade Rau,Luke Wasson,-0.0053,0.05
Joseph Adams,Jessica Degroot,-0.0055,0.0525
Jose Martinez,Stevie Petropouleas,0.0156,0.053
Nisal Liyanage,Cassy Deng,-0.0024,0.0516
Jasper Schaadt,Adela Umannova,-0.0036,0.0498
Tommy Labat,Jamie Voelker,0.0015,0.0496
Lauren Hidalgo-Smith,Juan Benitez,0.009,0.0512
Dylan Frazier,Milan Rane,-0.0122,0.0519
Lacy Schneemann,Milan Rane,-0.0119,0.0484
Jay Devilliers,Yuta Funemizu,0.0147,0.0493
Tamaryn Emmrich,Mya Bui,-0.0121,0.0509
Jay Devilliers,Tamaryn Emmrich,0.0145,0.0521
Kaitlyn Christian,Wyatt Stone,0.0114,0.0497
Dylan Frazier,Lacy Schneemann,-0.0121,0.0515
Federico Staksrud,Milan Rane,-0.0155,0.0472
Lindsey Newman,Jaume Martinez Vich,0.0037,0.0491
Mari Humberg,Will Howells,-0.0113,0.0491
Grayson Goldin,Federico Staksrud,0.0058,0.0521
Victoria Dimuzio,Lindsey Newman,0.001,0.0509
Allison Phillips,Milan Rane,0.004,0.0533
Allison Phillips,Grayson Goldin,-0.0028,0.0493
Madalina Grigoriu,Federico Nani,0.003,0.0517
Kentaro Hamaguchi,Jaeda Minniefield,0.0103,0.0514
Morgan Downing,Paul Davis,-0.0045,0.0508
Jordan Chrysostom,Anouar Braham,-0.0085,0.0499
Ethan Estatico,David Creswell,0.0082,0.0502
Johan Du Randt,Tea Pejic,0.0042,0.0526
Domenico Geminiani,Kelsey Laurente,-0.0025,0.0509
Yvon Martinez,David Creswell,-0.0017,0.0526
Jericho Grollman,Amber Policare,-0.0017,0.0505
Lucas Pascoe,Camden Chaffin,-0.0049,0.0495
Kara Wheatley,Sanil Jagtiani,0.0027,0.0518
Tobias Moreno,Federico Nani,-0.0022,0.051
Amber Policare,Ariana Rodriguez,0.0056,0.0511
Jada Bui,Ashley Griffith,0.0001,0.0486
Kara Wheatley,Sarah Hua,0.0029,0.0496
Nicole Conard,Kelsey Laurente,0.0022,0.0511
Samantha Buyckx,Keilly Ulery,-0.0072,0.051
Daniel Miron,Dale Kim,-0.0351,0.0509
Andre Mercado,Ella Cosma,0.0015,0.0484
Jason Garriotte,Victoria Simon,-0.0078,0.0501
Alex Rush,Brookes Jones,-0.0045,0.0514
Andre Mercado,James Kaoma,-0.0139,0.0502
Elina Geut,Zach Gonnering,-0.002,0.052
Evan Pratt,TJ Rudden,0.0001,0.0551
Rachel Janssen,Mia Turcsany,-0.0058,0.0536
Brandon Nsekpong,Maebry Jones,-0.0063,0.051
Oscar Serra,Sarah Hua,0.0127,0.0498
Kentaro Hamaguchi,Juan Medina,0.0022,0.048
Thomas Provost,Johan Nilsson,-0.0012,0.0515
Ram Kotnana,Michael I,0.0065,0.0528
Jericho Grollman,Ant Tran,-0.0088,0.0509
Josiah Watje,Jack Boxill,-0.0028,0.0498
Camden Chaffin,Emma Nelson,0.0077,0.0523
Edgaras Zilys,Edward Kim,-0.0026,0.0496
Shannon Pretorius,Matthew Mead,-0.0052,0.0515
Paranya Jareonvongrayab,Brian Chen Bonilla,0.0008,0.053
Rafael Kayo,Megan Poe,0.0053,0.0498
Megan Poe,Brie Aldridge,0.0013,0.048
Chase Mason,Keilly Ulery,-0.0032,0.0524
Haley Ferguson,Brookes Jones,-0.0025,0.0523
Madalina Grigoriu,Audrey Banada,-0.0031,0.0508
Estee Widdershoven,Jaeda Minniefield,-0.0067,0.051
Hyunmo An,Meray Maalouf,-0.005,0.0538
Michael I,Valerie R Simon,0.0036,0.0504
Haley Ferguson,Valerie R Simon,0.0007,0.0503
Alex Guy,Maria Ford,-0.0102,0.0522
Jada Bui,Maximilian Wild,-0.0052,0.0496
Jarryd Woog,Brie Aldridge,0.0027,0.0513
Dino Dinopoulos,Paul Davis,-0.0014,0.0521
Jonathan Truong,Giovanna Morelli,-0.0068,0.0512
Emma Nelson,Giovanna Morelli,0.0038,0.0514
Ram Kotnana,Mary McGowan,-0.0075,0.0513
Paranya Jareonvongrayab,Shannon Pretorius,-0.0041,0.0518
Hudson De Risi,Ethan Bakalinsky,0.0039,0.0522
Yufei Long,Austin Bricker,0.005,0.0522
Alex Guy,Johan Du Randt,0.0079,0.0533
Julian Slive,Domenico Geminiani,0.0017,0.0493
Javon Turcsany,Mia Turcsany,0.003,0.0515
Clint Frazier,Evan T,0.0045,0.0524
Gabe Falls,Danny Campolieta,0.0011,0.053
Wade Bryant,Brian Chen Bonilla,-0.0045,0.0534
Maria Ford,Ali Welch,0.0003,0.0518
Dabney M,Dan Moore,-0.0067,0.0511
Elina Geut,Ella Cosma,-0.0072,0.0509
Andi Godwin,Mary McGowan,0.0058,0.049
Ethan Miller,Francesca Randazzo,0.0025,0.0509
Mats Dolese,Bryson Alexander,-0.0023,0.0533
Arpit Dhir,Peter Luck,0.0003,0.0532
Matthew Mead,Jason Garriotte,0.0026,0.0533
Brian Williams,Eli Butts,-0.0013,0.0485
Samantha Reeves,Jack Wasserman,-0.002,0.0506
Polina Libo,Spartak Rahachou,-0.0048,0.0517
Yates Johnson,Cailyn Campbell,-0.0048,0.0504
Martina Frantova,Roscoe Bellamy,0.0097,0.0533
Parris Todd,Hayden Patriquin,-0.0007,0.0489
Noe Khlif,Rachel Rohrabacher,0.0106,0.0495
Blaine Hovenier,Lauren Stratman,0.0061,0.0486
Hannah Blatt,Daniel De la Rosa,0.0072,0.0539
Chloe Igleski,Tom Protzek,0.001,0.0502
Ross Whittaker,Lara Giltinan,-0.0064,0.0508
Mary Brascia,Julian Arnold,-0.0091,0.0513
Audrey Adele Brown,John Cincola,0.006,0.0503
Jalina Ingram,John Lucian Goins,0.0224,0.0472
Alexander Crum,Salome Devidze,-0.0034,0.0536
Brandon French,Lindsey Newman,-0.0,0.0525
Maggie Brascia,Darrian Young,-0.0027,0.0535
Riley Newman,Judit Castillo,0.0104,0.0525
Rachel Rettger,Juan Benitez,-0.0048,0.0451
Rafa Hewett,Lea Jansen,-0.0102,0.0534
Caden Nemoff,Ava Ignatowich,-0.0049,0.0517
Jack Sock,Angie Walker,-0.0175,0.0521
Collin Johns,James Delgado,-0.0178,0.0522
Jade Kawamoto,Mari Humberg,0.0014,0.0535
Eric Oncins,Pablo Tellez,-0.0096,0.0542
Riley Newman,Jay Devilliers,-0.0173,0.0474
Tom Protzek,Adam Harvey,0.0003,0.0504
Hannah Blatt,Marcela Aguila Ampon,-0.0077,0.0493
Eric Roddy,Donald Young,0.0129,0.0516
Lingwei Kong,Christa Gecheva,0.0015,0.0479
Julia Ronney,Camila Zilveti,0.0045,0.0532
Polina Libo,Luana Stanciu,-0.0016,0.0508
Travis Rettenmaier,Juan Benitez,0.0011,0.0534
Grayson Goldin,Yuta Funemizu,-0.0068,0.0501
Andrei Daescu,JW Johnson,-0.0154,0.0498
Cason Campbell,Pesa Teoni,0.0039,0.0527
Caden Nemoff,Mota Alhouni,-0.0016,0.0507
Audrey Adele Brown,Mya Bui,-0.0024,0.0519
Lea Jansen,Lacy Schneemann,0.0106,0.0501
Jhonnatan Medina Alvarez,John Lucian Goins,-0.0072,0.0503
Ross Whittaker,CJ Klinger,0.0025,0.0501
Ivan Jakovljevic,Darrian Young,-0.0025,0.0477
Jack Sock,Augustus Ge,-0.006,0.0498
Genie Erokhina,Lauren Stratman,-0.0021,0.0531
Max Freeman,Tyson McGuffin,0.0229,0.0465
Todd Fought,Daniel De la Rosa,0.0021,0.0511
Lucy Kovalova,Meghan Dizon,0.0026,0.051
Pierina Imparato,Sarah Ansboury,-0.0059,0.0503
Allison Phillips,Liz Truluck,0.0147,0.0517
Catherine Parenteau,Jackie Kawamoto,-0.002,0.0502
Felicity Di Laura,Helena Jansen,0.0031,0.0467
Noe Khlif,Dylan Frazier,-0.0145,0.0515
Chuck Taylor,John Cincola,0.0116,0.0504
Rachel Rettger,Olivia McMillan,0.0033,0.054
Ernie Garcia,Craig Johnson,0.0025,0.052
Zoeya Khan,Paula Rives,0.0064,0.0488
Grayson Goldin,Lacy Schneemann,0.0063,0.0487
Simple Zhang,Minju K,-0.0007,0.0525
Mayu Omori,Aoi Nakata,-0.0052,0.047
Mihae Kwon,Jack Foster,0.0084,0.0513
Lê Xuân Đức,Kei Sawaki,-0.0015,0.0493
Aryaan Bhatia,Ammol Ramchandani,0.0076,0.0525
Ryan Ng,Syed Uzair Sufi,-0.0029,0.0536
Armaan Bhatia,Purav Raja,0.0064,0.0543
Farreez Isqandar,Fung Boman,-0.0041,0.0527
Connie Lee,Giang Trinh,0.0043,0.0514
Hung Pham,Nguyen Huy,0.0024,0.051
Cian Li,Zefeng Li,0.0016,0.0508
Han Hyuck Chu,Andrew Anh Pham,-0.001,0.0536
Andy Amattayakul,Nigel Lee,-0.0017,0.0522
Quan Do,Hien Truong,0.0102,0.0499
Lê Xuân Đức,Nhật Minh T,0.0026,0.0502
Tya Karina,Nhật Minh T,-0.0039,0.051
Hsieh Chen-An,Longsheng Liu,0.0069,0.0514
Jolie Lam,Hoang Nam Ly,0.0049,0.0524
Han Hyuck Chu,Mayu Ito,-0.0048,0.0514
Nasa Hatakeyama,Yuta Yoshida,-0.006,0.0507
Atsuko Ozawa,Daiho Ozawa,0.0002,0.055
Yu-Chieh Hsieh,Thomas Yu,-0.0048,0.0492
Yung-Hsin Tseng,Hsieh Chen-An,0.002,0.0505
Quan Do,Sophia Nhi Huynh,0.0065,0.0506
Andy Amattayakul,Seina Shima,0.0028,0.0537
Dustin Wang,Shih Bin Chen,-0.0015,0.0534
Cian Li,Minju K,-0.0001,0.0474
Minsung K,Jay Lee,-0.0015,0.0534
Athilla Miasara Bt Azizul Azhar,Ammol Ramchandani,-0.0028,0.053
Pui Long Fan,Marco Leung,0.005,0.0503
Tsai Cheng Hsiang,Liu Tzu Chen,-0.005,0.0502
Genki Nakahama,Daiho Ozawa,0.002,0.0521
Naimi Mehta,George Wall,0.0088,0.0517
Armaan Bhatia,Xiao Yi Wang-Beckvall,-0.0089,0.0483
Ting Chieh Wei,Joseph Wild,-0.0037,0.0519
Yufei Long,Eunggwon Kim,0.0023,0.0533
Ryan Lam,Nok Yiu Tang,-0.0094,0.0519
Lucas Pascoe,Nicola Schoeman,-0.0003,0.0492
Aiko Yoshitomi,Robert Stirling,0.0067,0.0504
Hong Kit Wong,Hong Yi Wong,0.0028,0.0509
Zachary Grabovic,Albie Huang,0.0029,0.0511
Ashley Mackie,Janaye Sakkas,-0.0011,0.0523
Naveen Beasley,Wesley Burrows,0.0134,0.0493
Paranya Jareonvongrayab,Kelly Chen,0.0074,0.0488
Cameron Douglas,Harrison Gardner,-0.0045,0.0527
Laviniu Caba,Noel Carter,-0.0058,0.0516
Ella Yeh,Kiora Kunimoto,-0.0138,0.0463
Jalina Ingram,Audrey Adele Brown,0.026,0.0509
Keaton Cullimore,Gavin Fowler,0.0078,0.05
Huy Le,Jonathan Kau,-0.0043,0.0507
Parker Wittman,Xingnan Lin,0.0027,0.052
Will Mackinnon,Alex Long,-0.0024,0.0511
Victor Camilo Iii,Theo Yun,0.0018,0.0496
Shirley Hall,Emily Attiyeh,0.0029,0.0488
AJ De Castro,Ruben Basurto,-0.0056,0.0517
Conor Burns,Devon Sikora,0.0005,0.0523
Hayden Rand,Casey Smith,-0.0033,0.0498
Ishan Balakrishnan,Joshua Yoo,0.0034,0.0489
Wendy Weston,Jessica Mason,-0.0013,0.0506
Dylan Wilhelm,Noah Torres,0.0041,0.053
Princess Gbadamosi,Julianna Hess,-0.0044,0.0503
Stefan Pongratz,Pramod Dabir,0.0011,0.0511
James Ngo,Matt Ngo,0.0004,0.0525
Gerald Sibayan,Max Meza,-0.005,0.0531
Jacob Peng,Luc Pham,-0.0004,0.0511
Pablo Copetti,Justin Dages,-0.006,0.0521
Janet Liu,Stephanie Vogt,-0.0121,0.0491
Kathy Vang,Cheyenne Jones,0.002,0.0539
Daniel Neyshloss,Scott Nguyen,-0.0022,0.0501
Andre Mercado,Pesa Teoni,-0.0009,0.0532
Noah Ivey,Eric Fritzges,0.0023,0.0491
Tim Kuo,Divin Sarthak,0.0061,0.0519
Matt Baca,Alex Emery,0.0023,0.0515
Daniel Byun,Albert Wan,-0.0061,0.0492
Brian Chen Bonilla,Harrison Yee,-0.0037,0.0522
Patrick McConnell,Gabriel Galvez,-0.0047,0.0521
Corinna Eckenstein,Lily Goodwin,-0.0024,0.0478
Jonathan Tran,Nicky Valdecanas,0.001,0.0516
Tanner Suard,Matthew Melgar,-0.0027,0.0545
Isabella Dunlap,Keilly Ulery,-0.0111,0.0507
Levi Daniel,Omar Garcia-Heredia,0.0042,0.0492
Robert Stirling,Kenta Miyoshi,-0.0005,0.047
Mitchell Hargreaves,Harsh Mehta,0.0007,0.0502
Ting Chieh Wei,Roos Van Reek,0.0139,0.0508
Lin 美娟,Pini Lee,-0.0031,0.0536
Lingzhe X,Atsuko Ozawa,-0.0038,0.0514
Yufei Long,Xiao Yi Wang-Beckvall,-0.0115,0.0516
Mihae Kwon,Yung-Hsin Tseng,0.0019,0.0527
Yu-Chieh Hsieh,Nicola Schoeman,0.0091,0.0532
Naimi Mehta,Mayu Ito,0.0112,0.0527
Leander Lazaro,Ruben A Gonzales Jr,-0.0078,0.0488
Seina Shima,Pei-Yu Lai,-0.0061,0.0518
Raymond Chang,Ryan Lam,0.004,0.0512
Hong Yi Wong,Nok Yiu Tang,-0.0012,0.0519
Lucas Pascoe,Zachary Grabovic,-0.0024,0.0553
Sophia Phuong Anh Tran,Tya Karina,-0.0077,0.0484
Kaifen Yi,Albie Huang,0.0007,0.0519
Ying Suet Lam,Kwan Wun Man,0.0018,0.0541
Jack Foster,Jai Grewal,-0.008,0.0499
Bruno Barrueto Deza,Annie Tichenor,-0.0021,0.0516
Christine Trifunovic,Wyatt Stone,0.0085,0.0498
Connor Mogle,Audrey Adele Brown,0.0217,0.0485
Kathy Vang,Conor Burns,-0.005,0.0515
Kiora Kunimoto,Luc Pham,0.0062,0.0506
Lara Giltinan,Anouar Braham,0.0006,0.0498
Princess Gbadamosi,Divin Sarthak,0.0086,0.0514
David Litvinov,Ana Ratiu,0.0049,0.0496
Naveen Beasley,Jalina Ingram,-0.0028,0.0494
Andre Mercado,Isabella Dunlap,-0.0023,0.047
Janet Liu,Matthew Finnerty,0.0171,0.0483
Keaton Cullimore,Lily Goodwin,0.0006,0.0518
Kelly Chen,Harrison Yee,-0.0156,0.0529
Ella Yeh,Will Mackinnon,-0.0193,0.052
Meghan Hart,Ruben Basurto,-0.0024,0.054
Ishan Balakrishnan,Janaye Sakkas,-0.0131,0.0524
Stephanie Vogt,Joshua Yoo,0.0018,0.053
Cameron Douglas,Keilly Ulery,0.0185,0.0521
Julianna Hess,Tim Kuo,-0.0013,0.0506
Kendall Kikkawa,Christie Mead,-0.0038,0.0518
Levi Daniel,Deanna Pham,-0.0113,0.0524
Corinna Eckenstein,Victor Camilo Iii,-0.0023,0.0549
Shirley Hall,Izik Walsh,-0.0001,0.0489
Tara Bernstein,Wesley Burrows,-0.0001,0.0514
Max Meza,Laura Madison,0.0059,0.0502
Arielle Butler,Pesa Teoni,-0.0031,0.0511
Damon Magana,Amy Brown,-0.0033,0.0511
Dylan Taylor,Hannah Shin,-0.0064,0.0519
Kenny Rieschick,Ashley Mackie,0.003,0.0511
Hudson De Risi,Kelly Dornan,-0.0064,0.0498
Syed Uzair Sufi,Kwan Wun Man,0.0022,0.0497
Haruki Kato,Seina Shima,-0.0047,0.0498
Tsungkai Lee,Wang Junze,-0.0011,0.0496
Nishimura Naoya,Takumi Matsuda,-0.0003,0.0511
Lina Ito,Tomohito Fujiwara,-0.0046,0.0512
Tama Shimabukuro,Xiao Yi Wang-Beckvall,-0.0199,0.0513
Hsieh Chen-An,Hinano Fukunaga,-0.0013,0.0551
Tingwen Wang,Eunggwon Kim,0.0013,0.0485
Nishimura Naoya,Wakana Nagahara,-0.0053,0.0513
Yuta Yoshida,Aoi Nakata,0.0065,0.0505
Kaede Shimaya,Hiromi Shimaya,-0.0102,0.0537
Asako Pastrana,Andrew Anh Pham,-0.0092,0.0522
Koki Sugimoto,Mayu Omori,0.0004,0.052
Hayato Nishida,Koki Nishida,0.0009,0.0505
Kim Hyunjun,Farreez Isqandar,-0.0005,0.0506
Elijah Arevalo,Mikhyla Cruz,-0.006,0.0507
Susumu Kawashima,Isaku Takahashi,-0.0069,0.053
Phuc Huynh,Connie Lee,0.0139,0.0499
Mohd. Shahmirzzy Kelvin,Sieu Ee Toi,-0.0015,0.0525
Riku Owari,Saki Oyama,-0.0098,0.0544
Akihiko Nishimura,Yuta Yoshida,0.0017,0.0509
Thane Hendershot,Adam Cheney,-0.0024,0.0504
Lingzhe X,Genki Nakahama,-0.0028,0.0514
Miyu Hazawa,Joe Kasahara,-0.0037,0.0497
Po Chiao Chen,Willy Chung,-0.0017,0.0509
Masuda Atsutaka,Katayama Hayato,-0.0025,0.0518
Alvin Hu,Hsiang He Li,-0.0018,0.0539
Aryaan Bhatia,Mayu Ito,0.0094,0.0503
Park Seong Yong,Hsieh Chen-An,-0.0022,0.0469
Yuto Hirayama,Kyou Inomata,-0.0044,0.0499
Athilla Miasara Bt Azizul Azhar,Han Hyuck Chu,0.0012,0.0521
Takuma Tsukimura,Yung-Hsin Tseng,0.0004,0.0512
Angie Bong,Hsiang He Li,-0.0022,0.0515
Riku Owari,Oya Naomichi,0.0013,0.0503
Atsuki Suto,Yusuke Yoshitani,-0.001,0.0518
Namiki Matsumoto,Koya Nakaema,-0.0026,0.0521
Angus Lee,Michael Fahey,-0.002,0.051
Keishi Mizobe,祥典 陳,-0.0019,0.0524
Tomohito Fujiwara,Joe Kasahara,0.0012,0.0522
Hijiri Kaneko,Bob Ueno,-0.0022,0.053
Po Chiao Chen,Ying Suet Lam,-0.0075,0.0531
Keita Iseki,Hiroyuki Doi,-0.0074,0.0495
Nguyen Thang,Quan Do,0.0054,0.0529
Andrew Caldarella,Braden Jacobson,-0.0027,0.0493
Christian Ian Alcazar,Mohd. Shahmirzzy Kelvin,0.0055,0.0511
Asako Pastrana,Aoi Nakata,-0.0024,0.0512
Haruna Masuda,Wakana Nagahara,-0.0029,0.052
Koki Sugimoto,Haruki Kato,-0.0,0.0514
Sophia Phuong Anh Tran,Ying Suet Lam,0.004,0.0506
Wai Kai Karen Tong,Michelle Mui,-0.003,0.0536
Chih Hsuan Hsu,Li Ting Su,-0.0028,0.0528
Mayu Omori,Lina Ito,-0.0003,0.0502
Phuc Huynh,Minh Le,0.0,0.0511
Koya Nakaema,Tomoki Kajiyama,0.0001,0.0515
Kaede Shimaya,Shraddha Damani,0.003,0.0485
Masahiro Nakata,Kenshiro Yamasaki,-0.0031,0.0519
Max Zhang,Erik Lin,-0.0043,0.0531
Diane H,Sieu Ee Toi,0.0005,0.0523
Mihika Yadav,Pui Long Fan,0.0056,0.0497
Aiko Yoshitomi,Sophia Nhi Huynh,0.0148,0.0545
Pally Ray,Michael Wolf,-0.0094,0.0531
Nathan Peters,Evgeniy Kim,0.0061,0.0521
Betty Lugar,Matthew Mead,-0.0047,0.051
E. Elenga Satuala,Tony Belmonte,0.0031,0.0498
Chris Walker,Connor Mogle,-0.0064,0.0532
Evan Zoeteman,Mulima Mulenga,-0.0006,0.0515
Albert Wan,Kelly Chen,0.0021,0.0501
Jace Morris,Sam Angelo,0.0004,0.0512
James Kaoma,Rafael Lenhard,0.0022,0.0498
Alex Emery,Andre Millet,0.0181,0.0529
David Litvinov,Luc Pham,-0.0033,0.0528
Jak Crow,Rodrigo Pena,-0.0027,0.0504
Andre Mercado,Gregorie Vinueza-Daly,0.0048,0.0526
Brookes Jones,Kyle Borawski,-0.0021,0.0506
John Thorn,Olivia Phillips,-0.01,0.051
Jade Rau,Jace Morris,-0.0024,0.0536
Victoria Nguyen,Rafael Lenhard,-0.0035,0.0515
Nick Black,Jordan Chrysostom,-0.001,0.0514
Joe Grossman,Tanner Suard,-0.0055,0.051
Daniel Byun,Tiffany Nguyen,-0.001,0.0491
Andrew Stout,Zach Stout,-0.0066,0.0502
Jackson Ayotte,Jerry Worsham,0.0065,0.0533
Breaden Brooks,Justin Fullmer,-0.0006,0.0496
Jada Bui,Jordan Chrysostom,0.0068,0.051
David Litvinov,Chloe Diskin,-0.0152,0.0512
Keaten Kappes,Tam Nong,-0.0043,0.0479
Cori Elliott,Kevin Dayan,0.0017,0.0531
Sharienne Ricardo,Zach Gonnering,-0.0005,0.0505
Jae Centonze,Domenico Geminiani,-0.011,0.0501
Spartak Rahachou,Eddy Kim,0.01,0.052
Hannah Fife,Billy Buchhauser,-0.0004,0.0533
Breaden Brooks,Brooklyn Hall,0.0022,0.0528
Paranya Jareonvongrayab,Evgeniy Kim,-0.0057,0.0531
Alli Hazrati,Daniel Adsit,-0.0058,0.0526
Flynn Kantzalis Orton,Chase Ora,-0.008,0.0504
Alicia Lai,Tam Nong,0.0025,0.0514
Sahra Dennehy,Connie Lee,-0.0198,0.0513
Isha Lakhani,Seina Shima,0.0061,0.0525
Hsuan Tsai,Hinano Fukunaga,-0.0015,0.0532
Yung-Hsin Tseng,Kwan Wun Man,-0.0048,0.05
Danni-Elle Townsend,Nicola Schoeman,0.0158,0.0519
Zachary Grabovic,Nicola Schoeman,-0.0055,0.0515
Nasa Hatakeyama,Yuki Sugiyama,0.0011,0.0526
Aryaan Bhatia,Prycen Haas,0.0093,0.0512
Yufei Long,Prycen Haas,0.0078,0.0531
Pei Chuan Kao,Allyce Jones,0.0131,0.0501
Tyler Loong,Pei Chuan Kao,-0.0012,0.0548
Tama Shimabukuro,Daniel Moore,-0.0027,0.052
Andrew Anh Pham,Guangsian Lin,0.0046,0.0533
Ryan Ng,Ping Boon Chia,0.0013,0.0516
Ryan Lam,Marco Leung,0.0038,0.0502
Len Yang,Ting Chieh Wei,0.0061,0.0477
Sophia Phuong Anh Tran,Kenta Miyoshi,0.0042,0.0494
Danni-Elle Townsend,Lucas Pascoe,0.0038,0.0531
Jimmy Liong Kai Long,Han Hyuck Chu,0.0067,0.0529
Ekaterina Biakina,Albie Huang,-0.0075,0.053
Sahra Dennehy,Hong Kit Wong,-0.0062,0.0502
Kei Sawaki,Daniel Moore,0.0043,0.0496
Jimmy Liong Kai Long,Isha Lakhani,0.0016,0.0487
Miyu Hazawa,Mayu Ito,-0.0084,0.0506
Yu-Chieh Hsieh,Xiao Yi Wang-Beckvall,-0.0003,0.0512
Victoria Dimuzio,Collin Johns,0.0109,0.0521
Rafa Hewett,Mya Bui,-0.0032,0.051
Dylan Frazier,Etta Tuionetoa,-0.0118,0.0522
Marshall Brown,Olivia McMillan,0.0138,0.0525
Christopher Haworth,Salome Devidze,-0.009,0.0536
Ryan Fu,Alex Walker,-0.0065,0.0525
Lingwei Kong,Eric Roddy,0.0074,0.0494
Jonathan Truong,Jorja Johnson,0.0073,0.051
Riley Newman,Maggie Brascia,0.0032,0.0488
Genie Bouchard,Max Freeman,-0.0076,0.0516
Jaume Martinez Vich,Tina Pisnik,-0.008,0.05
Christa Gecheva,Yuta Funemizu,-0.024,0.0496
Genie Erokhina,Ivan Jakovljevic,0.0187,0.0477
Tom Protzek,Zoeya Khan,-0.0016,0.0522
Edward Perez,Luana Stanciu,-0.0006,0.0529
Audrey Adele Brown,Wesley Burrows,0.0013,0.0493
Lindsey Newman,Mota Alhouni,-0.0034,0.0503
Kate Fahey,Tyson McGuffin,0.0047,0.0499
Martina Frantova,Darrian Young,-0.0042,0.0504
Chloe Igleski,Adam Harvey,-0.0017,0.0511
Caden Nemoff,Jalina Ingram,-0.003,0.0555
Christine Trifunovic,Steve Deakin,-0.0008,0.0507
Zane Navratil,Felicity Di Laura,-0.0081,0.0526
Ivan Jakovljevic,Christopher Haworth,-0.0061,0.0518
Hannah Fife,Allie Davis,0.0088,0.0517
Brinley Horton,Ashlee Searle,-0.0037,0.051
AJ Koller,Yuta Funemizu,-0.0114,0.0481
Regina Goldberg,Jada Bui,0.0066,0.0532
Jonathan Truong,Pesa Teoni,-0.0116,0.0524
Etta Tuionetoa,Lacy Schneemann,0.0008,0.0498
Tiffany Nguyen,Kiora Kunimoto,-0.0008,0.0506
Ryan Fu,Patrick Smith,-0.0074,0.0522
Christa Gecheva,Mya Bui,0.0138,0.0494
Lea Jansen,Meghan Dizon,-0.0057,0.0513
Nicole Conard,Marie Lutz,0.0069,0.0506
Tyson McGuffin,CJ Klinger,0.002,0.052
Parris Todd,Catherine Parenteau,-0.0084,0.0486
Jack Sock,Michael Loyd,-0.0095,0.0523
Ross Whittaker,John Lucian Goins,-0.0081,0.0529
Audrey Adele Brown,Lindsey Newman,-0.0214,0.0501
Victoria Dimuzio,Judit Castillo,-0.0126,0.0515
Alicia Lai,Tomoko Taniguchi,-0.0025,0.0539
Cason Campbell,Wesley Burrows,-0.0031,0.05
Jade Rau,Ella Cosma,-0.004,0.0513
Darinka Tiboldi,Abla Mannarino,-0.0044,0.0504
Darcy Shore,Olivia Phillips,-0.0034,0.0514
Caden Nemoff,Craig Johnson,0.0089,0.0514
John Cincola,Mota Alhouni,-0.0079,0.0502
Felicity Di Laura,Pierina Imparato,-0.0057,0.0508
Zoey Weil,Lara Giltinan,-0.0057,0.051
Edward Perez,Alexander Crum,-0.0025,0.0496
Julian Arnold,Travis Rettenmaier,-0.0071,0.0515
Zoeya Khan,Luana Stanciu,0.0033,0.0514
Hannah Blatt,Cailyn Campbell,-0.0076,0.0493
Lauren Stratman,Alex Walker,0.0124,0.0506
Alli Hazrati,Chloe Zigliara,-0.0008,0.0534
Layne Sleeth,Martina Frantova,0.0015,0.0534
Ngoc Trieu Tran,Tiến Đạt Lê,0.0055,0.0527
锦雄 周,Fang D,-0.0058,0.0512
Phuc Huynh,Mitchell Hargreaves,-0.0021,0.05
Nguyen Huy,Mohd. Shahmirzzy Kelvin,-0.0035,0.0512
Nicholas Maleganeas,Katie Morris,-0.0138,0.0536
Millie Smythe,Josh Nipperess,0.0074,0.0505
Pham Xuanvu,HO Hoan,0.0029,0.0517
Trang Tran,Loi Tran,-0.0002,0.0526
Hương Hà,Thilehang Tra,-0.0005,0.0517
Phan Quynh,Bich Hua,-0.006,0.0531
Yang Yang,Fangli Li,-0.004,0.0566
Tarie Caouette,Tya Karina,-0.0063,0.052
Nok Yiu Tang,Kwan Wun Man,0.0017,0.0504
Connie Lee,Hoang Nam Ly,0.0122,0.0517
Naimi Mehta,Freddie Powell,0.0018,0.0515
Jimmy Liong Kai Long,Pui Long Fan,-0.0027,0.0518
Han Hyuck Chu,Nicholas Maleganeas,0.0011,0.0499
Syed Uzair Sufi,Wasan Komonrattana,-0.002,0.0556
Kuldip Mahajan,Marco Leung,0.0039,0.0522
Kien Dang,VU Phuc,0.0007,0.0499
Lauren Mercado,Prycen Haas,-0.0012,0.0493
Miyu Hazawa,Hsieh Chen-An,0.0041,0.0533
Timothy Kouznetsov,Matthew Kouznetsov,-0.0046,0.0533
Hung Pham,Lâm Trần,0.0044,0.053
Trang Tran,Phong Tran Sr,-0.0022,0.0537
Sahra Dennehy,Kenta Miyoshi,-0.0026,0.0505
Jamie Haas,Harsh Mehta,0.0131,0.0529
Eunggwon Kim,Albie Huang,-0.0013,0.0493
Nguyen Huy,Mayu Ito,0.004,0.0543
Tran Tuan Minh,Phong Tran Sr,-0.0005,0.0524
Ronav Motiani,Tya Karina,-0.0025,0.0511
Nok Yiu Tang,Marco Leung,-0.0129,0.0492
TU Tran,Tiến Nguyễn,0.0016,0.052
Kei Sawaki,Minh Le,0.0009,0.0515
Rika Fujiwara,Harrison Brown,-0.0075,0.051
Athilla Miasara Bt Azizul Azhar,Aditya Ruhela,0.0101,0.0494
Tarie Caouette,Wasan Komonrattana,0.0018,0.0531
Kuldip Mahajan,Mihika Yadav,-0.0072,0.0491
Farreez Isqandar,Hoang Bao Long Sr,-0.001,0.0483
Nicholas Wiseman,Rich Cho,-0.0027,0.051
Minh Nhật,Nguyễn Việt Hoàng,0.0087,0.0505
Naimi Mehta,Katie Morris,-0.0033,0.0495
Mayu Ito,Ngoc Si,0.0059,0.0494
Hoang Thai Pham,Richie Nguyen,-0.0018,0.052
Phu Dang Tran,Hai Tran Dai,0.0025,0.0517
Miyu Hazawa,Anna Clarice Patrimonio,0.0068,0.0512
Bình Phan,Nguyen Quynh Anh,-0.0036,0.0502
Makiyah Cormick,Andrew Anh Pham,-0.0046,0.0538
Abby Trieu,Matthew Kouznetsov,-0.0051,0.0533
Phuc Huynh,Ngoc Si,0.0001,0.0542
Ooi Kah Yan,Eugenia David,0.0033,0.0551
Abby Trieu,Joan Soewondo,0.0018,0.0558
Aiko Yoshitomi,Mitchell Hargreaves,-0.007,0.0527
Xiao Yi Wang-Beckvall,Vanshik Kapadia,0.0108,0.0531
HO Tam,Giang Trinh,-0.0074,0.0488
Sarah Burr,Louis Laville,0.0074,0.0502
George Wall,Kaitlynn Hart,-0.0087,0.0485
Mihae Kwon,Hong Kit Wong,-0.0044,0.053
Christa Gecheva,Liz Truluck,-0.0094,0.0529
Sharienne Ricardo,Madeline Gonzalez,0.003,0.0493
Luke Kusmider,Kevin Caulfield,0.0079,0.0496
Garrison Eaby,Juan Medina,-0.006,0.0516
Austin Ciampini,Payton Weber,-0.0018,0.0508
Kentaro Hamaguchi,George Rangelov,-0.0071,0.0498
Alex Guy,Thomas Romano,-0.0064,0.0528
Parth Mody,Chase Ruff,0.0026,0.0503
Juan Navarrete,Jake Benjamin,-0.0008,0.0528
Jericho Grollman,Federico Nani,0.0096,0.0513
Leandro Altet,Eber Molina Jr,0.0066,0.0515
Jun Jeon,Brandon Riddle,-0.0063,0.0508
Cassie Aiello,V. Mary Rivas,-0.0075,0.0515
Haley Ferguson,Paranya Jareonvongrayab,0.0142,0.0519
Stephen Madonia,James Delgado,-0.0107,0.0496
Wil Shaffer,Ben Slive,0.0088,0.0509
Jarryd Woog,Emanuel Dickson,-0.0085,0.0517
Stephen Preissler,Sebastian Stam,0.0046,0.0513
Garv Singhal,Drew Von Bargen,0.0019,0.0517
Marisa Ruiz,Kelsey Laurente,0.0142,0.0499
Joel Waiwaiole,Brent Werbeck,0.0043,0.051
Ahmad El-Zarif,Michael Shaw,-0.009,0.0549
Chuck Taylor,Brandon French,-0.0123,0.0512
Monica Perez,Kira Zhytska Richardson,0.0002,0.0515
Kayla Field,Marie Lutz,0.005,0.0525
Cynthia McPherson,Spencer Liang,-0.0094,0.0535
Jonathan Aiken,Jonah Matos,-0.0088,0.0514
Justin Graham,Carlos Subero,-0.0026,0.0513
Maria Alice Fagundes Vieira,Alexa Quintanilla,-0.0062,0.0523
Christopher Crouch,Travis Rettenmaier,-0.0104,0.0499
Ryder Brown,Nicholas Howell,-0.0048,0.0496
Nicole Conard,Giovanna Morelli,-0.0091,0.0518
Kayla Williams,Anri Ferris,-0.002,0.0502
Luca Mack,Anouar Braham,0.0188,0.0496
Alex Rastorgouev,Justin Slattery,-0.0119,0.0521
Luana Stanciu,Jen Werbeck,0.0131,0.0521
Savanna Ullmann,Bequi Barros Behar Luizelli,0.003,0.0535
Zak Parks,Rougel Jon Lutz Aninon,0.0052,0.0501
Jemere Plummer,Samuel Gabet,-0.0008,0.0503
Javon Turcsany,Hudson De Risi,-0.005,0.0536
Bruno Faletto,Mikael Vollbach,0.0043,0.0543
Julia Ronney,Ava Ignatowich,-0.0081,0.0535
Vincent Rettke,Lawson Shaw,0.0001,0.0521
Jae Centonze,Bret Berryman,-0.0043,0.0519
Abigail Okelley,Julianna Hess,0.0094,0.0522
Michael Coleman,Landon Johnson,0.0067,0.0522
Mary Monson,Averee Beck,0.0187,0.0526
Yolena Carlon,Dylan Ciampini,0.0005,0.0501
Jake Bower,Samuel Dickson,-0.0068,0.0517
Gary Galt,Ethan Jauschneg,0.0047,0.0558
Christian Franke,Maxwell Ruyle,0.0023,0.0508
Alia Brown,Domenika Turkovic,0.0105,0.0518
Raquel Amaro,Jemi Aguilar,-0.0051,0.0502
Miles Hoover,Dale Kim,-0.003,0.0504
Juan Saez,Joshua Elliott,0.011,0.0525
Django Chassang,Dylan Lewis,0.0025,0.0507
Oleksandr Bielinskyi,Matthew Pokorny,-0.0009,0.0494
Cassidy Hoag,Madalina Grigoriu,0.0133,0.0481
Hanna Duncan,Keara Vu,-0.0009,0.0506
Immanuel Zion,Kyle Borawski,0.0106,0.0528
Jessica Brown,Lisa Borowsky,-0.0067,0.052
Julian Slive,Zach Gonnering,-0.0111,0.0514
Zoey Weil,Danna Funaro,0.0038,0.0513
Steven Jones,Paul Caruso,-0.0037,0.0526
Pablo Copetti,Jorge Garcia-Sarraff,-0.001,0.0513
Gianna Jarman,Amanda Angulo,-0.003,0.054
Ajit Kurki,Sebastian Gutierrez,0.002,0.0528
Evan Addington,Adair Garcia,0.0055,0.0506
Matthew Mead,Brayden Nguyen,-0.0089,0.0525
Benson Parry,Bryce Larson,-0.0125,0.0497
Alexander Crum,Juan Benitez,-0.0044,0.0501
Myles Call,Joshua Klarfeld,0.0028,0.0522
Caitlyn Khan,Maria Zachmann Nili,0.0013,0.0507
Dhruv Patel,Connor Daland,0.0031,0.0527
Josh Jenkins,Alex Lantz,-0.0034,0.0518
AJ Koller,Jonathan Truong,0.0046,0.0503
Hsieh Chen-An,Harrison Brown,-0.0039,0.0498
Jimmy Liong Kai Long,Leander Lazaro,0.0022,0.0529
Xiao Yi Wang-Beckvall,Lauren Mercado,0.0095,0.0503
Vanshik Kapadia,Tejas Mahajan,-0.0044,0.0516
Sophia Phuong Anh Tran,Pei Chuan Kao,0.0019,0.0503
Kaitlynn Hart,Albie Huang,-0.0003,0.0525
Freddie Powell,Louis Laville,-0.0034,0.0529
Ryan Ng,Colin Wong,-0.0037,0.0514
Sahra Dennehy,Aiko Yoshitomi,0.0155,0.0536
Mihae Kwon,Pui Long Fan,-0.003,0.0527
Sarah Jane Lim,HO Tam,0.0018,0.0519
Millie Smythe,Jolie Lam,-0.0076,0.0516
Domenika Turkovic,Jae Centonze,0.0148,0.052
Kentaro Hamaguchi,Keilly Ulery,-0.0052,0.051
Christian Franke,Victoria Simon,0.0103,0.0488
Seone Mendez,Jake Bower,0.0003,0.0494
Macy Vonderschmidt,Joshua Elliott,-0.0052,0.0527
Raquel Amaro,Angelo Petricone,-0.0017,0.0528
Angie Walker,James Delgado,0.0163,0.049
Jun Jeon,Jennie Leon,0.0041,0.0526
Sydney Constantinidi,Diego Lebron Perez,-0.0049,0.0512
Wil Shaffer,Andi Godwin,0.005,0.0541
Brandon Nsekpong,Kayla Field,0.0071,0.0504
Cassie Aiello,Jake Benjamin,0.0042,0.0509
Kayla Williams,Parth Mody,-0.0068,0.0499
Christopher Crouch,Paula Rives,0.0013,0.0463
Bryce Larson,Lily Goodwin,0.0004,0.0498
Mandy Gabriel,Kamden Bradstreet,0.0049,0.0522
Caitlyn Khan,Sebastian Stam,-0.0085,0.0545
Madelyn Porter,Richard Bayne,-0.008,0.0492
Luana Stanciu,Adam Harvey,-0.0059,0.052
Marisa Ruiz,Ben Slive,-0.0178,0.0513
Lauren Mercado von Bargen,Garv Singhal,-0.0029,0.0513
Hanna Duncan,Rougel Jon Lutz Aninon,-0.0059,0.0494
Zoey Weil,Chuck Taylor,0.0026,0.0507
Brie Aldridge,Federico Nani,0.01,0.0527
Drew Holder,Mia Turcsany,-0.0021,0.0513
Poongi Hong,Kelsey Laurente,-0.0087,0.0491
Juan Saez,Nicole Conard,0.018,0.0529
Liz Truluck,Juan Benitez,-0.0052,0.0528
Rachel Elliott,Enzo Frequelin,-0.0003,0.0526
Bequi Barros Behar Luizelli,Samuel Gabet,0.0014,0.052
Matthew Mead,Anri Ferris,0.0007,0.0523
Travis Rettenmaier,Valerie R Simon,-0.0138,0.0507
Lauren Hidalgo-Smith,Emanuel Dickson,-0.0141,0.0511
Austin Bricker,Mary Monson,0.0012,0.0531
V. Mary Rivas,Jonah Matos,0.0018,0.0525
Carlos Subero,Gianna Southwick,0.0024,0.0543
Jaeda Minniefield,Dale Kim,0.0053,0.0513
Abigail Okelley,Miles Hoover,0.0076,0.0506
Haley Ferguson,Garrison Eaby,-0.0117,0.0502
Kara Evans,Dhruv Patel,0.0101,0.0498
Justin Graham,Fadia Fakhre,0.0039,0.0519
Oscar Serra,Brooke Caruso,-0.0091,0.0487
Alexa Quintanilla,Kym Sze,-0.0013,0.0517
Dylan Ciampini,Payton Weber,-0.0023,0.0538
Clint Frazier,Lisa Borowsky,-0.0039,0.0487
Javon Turcsany,Paranya Jareonvongrayab,-0.0068,0.0519
Isabella Dunlap,Anouar Braham,-0.0087,0.0505
Audrey Banada,MJ Marrero,-0.0003,0.0508
Adair Garcia,Stevie Petropouleas,0.0071,0.0505
Ella Yeh,Austin Bricker,0.0016,0.0504
Zach Gonnering,Mary McGowan,-0.0048,0.0521
Victor Camilo Iii,Devon Sikora,-0.0006,0.0506
Demetric Marrero Jr,Tama Shimabukuro,0.0025,0.0527
Jade Rau,Ashley Griffith,-0.0127,0.051
Kiora Kunimoto,Giovanna Morelli,-0.011,0.0477
Demetric Marrero Jr,Madalina Grigoriu,0.0004,0.0514
Jade Rau,Mouaad Alhouni,0.0008,0.0507
Wade Bryant,Chase Blocker,0.0042,0.0521
Daniel Miron,Kevin Caulfield,-0.0007,0.0533
Austin Baker,Austin White,-0.0012,0.0521
Jay Evans,George Rangelov,-0.0072,0.0509
Victor Marquez,Adair Garcia,0.0207,0.0519
Zach Gonnering,Mouaad Alhouni,-0.0012,0.0513
Cameron Luhring,Camden Chaffin,0.0025,0.0537
Joshua Mackens,Nicholas Howell,-0.0003,0.0522
Stevie Petropouleas,Mary McGowan,-0.0048,0.0515
Kelsey Matthews,Nicholas Romano,0.0047,0.0531
Nicholas Romano,Usama Khalid,0.0059,0.0502
Vova Zverkovsky,Martin Stanchev,-0.0018,0.0506
Eva Mitchell,Hudson De Risi,0.0072,0.051
Nicole Conard,Isabella Dunlap,0.0052,0.0493
Molly Roberson,Cheyenne Jones,-0.0006,0.0517
Flynn Orton,Kiora Kunimoto,-0.0033,0.0475
Camden Chaffin,Giovanna Morelli,0.0023,0.0508
Ella Yeh,Emma Nelson,-0.003,0.0539
Kelsey Matthews,Allie Reichert,0.0101,0.0493
David Creswell,Ethan Dysert,0.0005,0.0515
Andre Mercado,Jace Morris,0.0054,0.0502
Ben Lilly,Danny Hunt,-0.0059,0.0514
Jessica Thomas,Joel Clark,-0.0008,0.0506
Tristan Shaw,Nick Zinn,0.005,0.0515
Colin Chapman,Max Fusselman,-0.0016,0.0503
Cameron Luhring,Emma Nelson,-0.0054,0.0517
Brandon Lane,Allie Reichert,0.0122,0.0496
Paula Rives,Pesa Teoni,-0.0016,0.0503
Chloe Igleski,Ross Whittaker,0.0047,0.0512
Jack Sock,Danna Funaro,0.0046,0.0506
Mya Bui,Mota Alhouni,0.0056,0.0506
Tatiana Ruhl,John Cincola,-0.0045,0.0512
Lauren Stratman,Martin Emmrich,-0.0056,0.0508
Mohaned Alhouni,Lina Padegimaite,0.0062,0.0476
Ivan Jakovljevic,Judit Castillo,0.0329,0.0503
Daniel De la Rosa,Alex Walker,-0.0078,0.0522
Marshall Brown,Salome Devidze,0.0052,0.0489
Sam Querrey,Luana Stanciu,0.003,0.0521
Juan Benitez,Olivia McMillan,0.0116,0.0502
Ivan Jakovljevic,Ryan Sherry,0.0024,0.0503
Liz Truluck,Gregory Dow,-0.0059,0.0506
Cason Campbell,Sarah Ansboury,-0.0045,0.0513
Christopher Haworth,Dominique Schaefer,-0.0013,0.0516
Tom Protzek,Mehvish Safdar,0.0023,0.0504
Zoeya Khan,Darrian Young,0.0005,0.0544
Ewa Radzikowska,Yates Johnson,-0.0013,0.0514
Spencer Smith,Marcela Aguila Ampon,-0.0073,0.0536
Ross Whittaker,Christopher Haworth,-0.0091,0.052
Rafa Hewett,Martina Frantova,0.0009,0.0512
Brooke Buckner,Grayson Goldin,-0.0088,0.0543
Yates Johnson,Daniel De la Rosa,-0.006,0.0529
Jack Sock,Donald Young,0.0034,0.0523
Edward Perez,Pesa Teoni,-0.005,0.0506
Gabriel Joseph,Jalina Ingram,-0.0002,0.0507
Roscoe Bellamy,Allyce Jones,0.0024,0.0506
Mohaned Alhouni,Brandon French,-0.0118,0.0522
Stephen Madonia,Eric Roddy,-0.0103,0.0512
Genie Erokhina,Augustus Ge,0.0162,0.0512
Polina Libo,Tatiana Ruhl,-0.001,0.0505
Dylan Frazier,Jaume Martinez Vich,0.0082,0.055
Rachel Rohrabacher,Lea Jansen,-0.0086,0.0494
Grayson Goldin,Tyler Loong,-0.0046,0.052
Zane Navratil,Connor Garnett,-0.0069,0.0517
Pablo Tellez,Jonathan Truong,0.0022,0.0517
Ewa Radzikowska,Layne Sleeth,-0.0015,0.05
Callie Smith,Meghan Dizon,0.0073,0.0508
Hunter Johnson,Tyson McGuffin,0.005,0.0483
James Ignatowich,Augustus Ge,0.0094,0.0469
Julian Arnold,Roscoe Bellamy,-0.0073,0.0527
Darrian Young,Wyatt Stone,0.0083,0.0517
Lucy Kovalova,Mari Humberg,0.0039,0.0526
Vivienne David,Lina Padegimaite,-0.0041,0.0533
Quan Do,Trang Huynh,0.0128,0.0476
Kantapat Chankasem,Natthamon Tiengtae,-0.0047,0.0537
Naveen Beasley,Aiko Yoshitomi,0.0067,0.0502
Sophia Phuong Anh Tran,Giang Trinh,0.0023,0.0499
Kento Tamaki,Mayu Ito,-0.0012,0.052
Hien Truong,Sophia Nhi Huynh,0.0037,0.0535
Jolie Lam,HO Hoan,0.0021,0.0494
Syed Uzair Sufi,Willy Chung,0.0026,0.0519
Irshad Mustafa,Frank Ngo,-0.0001,0.0523
Harsh Mehta,Selina Turulja,-0.0113,0.0525
Adam Deen Heshaam,Joanne Wong,0.0,0.052
Kantapat Chankasem,Yodsapol Pisiviroj,0.0001,0.0526
Chee Seng Pua,Ping Boon Chia,-0.0013,0.053
Muhammad Ashaari Zainal Abidin,Syabil Shaharudin,0.0002,0.0519
Danni-Elle Townsend,Eric Oncins,-0.0049,0.052
Hsieh Chen-An,Kwan Wun Man,-0.003,0.0519
Charles Yong,Aaron Kwek,0.0025,0.0539
Richie Nguyen,Shaun Pickering,-0.0002,0.0494
Muhammad Aiman,Anna Clarice Patrimonio,-0.0036,0.0526
Ping Boon Chia,Zermaine Lew,0.0016,0.053
Maggie Chang,Hsiang He Li,0.0024,0.0539
Allister Chung,Darren Teck Yee Yuan,-0.006,0.0523
Ryan Ng,Amanda Teo,-0.0015,0.0533
Pei Chuan Kao,Eunggwon Kim,-0.0064,0.0517
Christian Lee,Natalie Loke,-0.0035,0.048
Caeden Tan,Nguyen Phong Le,-0.0056,0.0529
Sarah Jane Lim,Jason Taylor,-0.0016,0.0502
Ammaritta Rattanapanop,Jason Tay,-0.0043,0.0509
Santhosh Narayanan,Robert Stirling,0.0002,0.0549
Torpoom Thongsinthop,Jason Tay,0.0045,0.0507
Muhammad Aiman,Nicholas Maleganeas,0.0073,0.0495
Marcus Low,Peng Soon Chan,-0.0035,0.0527
Jason Loh,Bryan Lee,-0.0036,0.0513
Sahra Dennehy,Santhosh Narayanan,0.0082,0.0511
Riyanda Kesuma Bin Suherman,Amirsyazwan Al Razi,-0.005,0.0524
Christian Ian Alcazar,Alex Yip,-0.01,0.0503
Yiting Lei,Hsiang He Li,-0.0022,0.0523
Charles Yong,Ooi Kah Yan,-0.0005,0.0483
Mihae Kwon,Robert Nunnery,0.0031,0.053
Raymond Chang,Ying Liu,-0.003,0.0536
Yodsapol Pisiviroj,Jeerapat Nantanapramoth,-0.001,0.0493
Andy Amattayakul,Natnicha Lueangtawikit,-0.0011,0.0517
Chao Yi Wang,Kaitlyn Christian,0.0077,0.0481
Leah Tauber,Trang Huynh,0.0003,0.0501
Hannah Blatt,Pei Chuan Kao,-0.0081,0.0486
Mitchell Hargreaves,Andie Dikosavljevic,0.0089,0.05
Chao Yi Wang,Tyson McGuffin,-0.0179,0.0471
Armaan Bhatia,Liz Truluck,0.0028,0.0521
Hong Kit Wong,HO Tam,0.006,0.0548
Eric Oncins,Tyson McGuffin,0.0161,0.0497
Grayson Goldin,Jonathan Truong,0.0017,0.0517
Yu-Chieh Hsieh,Liz Truluck,-0.0048,0.0517
Phuc Huynh,Tama Shimabukuro,-0.0026,0.0503
Raymond Chang,Marco Leung,0.0102,0.0503
Andie Dikosavljevic,Selina Turulja,-0.0001,0.0509
Vanshik Kapadia,Robert Nunnery,0.0069,0.0519
Eddie Shen,Farreez Isqandar,-0.0007,0.0507
Yufei Long,Hoang Nam Ly,0.0,0.0514
Ben Johns,Christian Alshon,-0.011,0.0507
Maggie Chang,Amy Su,-0.0017,0.0481
Jimmy Liong Kai Long,Tya Karina,-0.0049,0.0517
Mitchell Hargreaves,Jason Taylor,0.0023,0.0507
Ting Chieh Wei,Alix Truong,-0.0043,0.0488
Tya Karina,Sophia Nhi Huynh,-0.0009,0.0502
Roos Van Reek,Anna Bright,-0.011,0.053
Athilla Miasara Bt Azizul Azhar,Willy Chung,0.0014,0.0513
Ying Liu,Pini Lee,-0.0061,0.0511
Robert Stirling,Albie Huang,-0.005,0.0526
Ooi Kah Yan,Natnicha Lueangtawikit,-0.0026,0.0525
Zane Navratil,Armaan Bhatia,0.0234,0.0524
Jolie Lam,Kwan Wun Man,-0.0014,0.0506
Naveen Beasley,Harsh Mehta,-0.004,0.0529
Samantha Parker,Augustus Ge,0.0122,0.0518
Lacy Schneemann,Max Freeman,-0.0205,0.0494
Lindsey Newman,Spencer Smith,0.0116,0.0527
Riley Newman,Layne Sleeth,-0.003,0.048
Mari Humberg,Daniel De la Rosa,-0.004,0.0496
Callie Smith,Jaume Martinez Vich,-0.0005,0.0526
Jay Devilliers,Etta Tuionetoa,0.0037,0.0515
Lingwei Kong,Carlos Di Laura III,-0.0066,0.0528
Tom Protzek,Lara Giltinan,0.0038,0.0513
Lucy Kovalova,Travis Rettenmaier,-0.0043,0.0521
Yates Johnson,Meghan Dizon,0.0156,0.0513
Will Mackinnon,Kiora Kunimoto,0.0163,0.0498
Lea Jansen,Federico Staksrud,-0.0106,0.0517
Christa Gecheva,James Ignatowich,-0.008,0.0526
Noe Khlif,Gabriel Tardio,-0.0034,0.0507
Mari Humberg,Allyce Jones,-0.0153,0.0517
Will Mackinnon,Mikus Losbergs,0.0084,0.0539
Brooke Buckner,Lea Jansen,0.0034,0.0518
Joshua Cooperman,Lorin Schlecht,-0.0053,0.0504
Jack Sock,Brandon French,0.0037,0.0524
AJ Koller,Daniel De la Rosa,-0.0016,0.0498
Cailyn Campbell,Dominique Schaefer,-0.0001,0.0528
Tom Protzek,Christopher Haworth,-0.0141,0.054
Andrei Daescu,Collin Johns,0.0077,0.0516
Roscoe Bellamy,Wyatt Stone,0.0049,0.051
Callie Smith,Jessie Irvine,-0.005,0.0499
Kelly Chen,Kiora Kunimoto,0.0033,0.0539
Thomas Yu,Trang Huynh,0.0089,0.0517
Ngoc Si,Hoang Nam Ly,-0.0086,0.0524
Tama Shimabukuro,Nasa Hatakeyama,-0.002,0.0532
Carlos Rubio,Wasan Komonrattana,-0.0006,0.05
Trần Cao Sơn,Phan Nhung,-0.0022,0.0544
Quan Do,Xiao Yi Wang-Beckvall,-0.0092,0.0523
Huong Dan Linh,Dung N,-0.0033,0.0502
Jolie Lam,Nguyen Huy,0.0004,0.0514
Đình Hải Nguyễn,Hữu Đạt Nguyễn,-0.0046,0.0523
Nicholas Maleganeas,Matthew Kouznetsov,0.0119,0.0509
Syed Uzair Sufi,Andrew Anh Pham,0.0054,0.0507
Minh Nhật,Nguyễn Hoàng,-0.0027,0.053
Hoang Bao Long Sr,Kien Dang,-0.0018,0.0526
Callan Dawson,Jai Grewal,0.0066,0.0517
Khang Nguyen,Trung Hoàng Trần,0.0013,0.0521
Thang Nguyen,Đào Hải Đăng,-0.0048,0.0504
Nguyen Huy,Nhật Minh T,0.0002,0.0514
Carlos Rubio,Sieu Ee Toi,-0.0053,0.051
Khuong Huynh,Nicholas Khamphilath,0.01,0.0503
Tuấn Vũ,Phong Dongxuan,0.0057,0.054
Crystal Mildwaters,Nicholas Maleganeas,-0.0092,0.0511
Nguyen Quynh Anh,Nhật Minh T,-0.0007,0.0509
Tran Tuan Minh,TU Tran,-0.0042,0.0521
Nguyen Hung Anh,Phong Tran Sr,0.0026,0.0513
Santhosh Narayanan,Yu-Chieh Hsieh,0.0031,0.0502
Pui Long Fan,Luc Pham,-0.0076,0.0495
Victory Jang,Iljun Jang,-0.0041,0.052
Andy Amattayakul,Angie Bong,-0.0006,0.0519
Khang Trịnh Vũ,Dung N,0.0024,0.0532
Dũng Nguyễn,David Tran,-0.0052,0.0481
Trần Cao Sơn,Long Phạm Tuấn,-0.0027,0.0514
Andy Amattayakul,Hoa Nhan Van,-0.0026,0.0523
Jason Tay,Yodsapol Pisiviroj,0.0001,0.0523
Trong Nguyen Duc,Alexandra Rivera,-0.0011,0.055
Kei Sawaki,Nasa Hatakeyama,0.0146,0.0481
TG Luan,LE Quoc Khanh,0.0023,0.0527
Son Ngo Giang,Tuan Nguyen Duc,-0.0025,0.052
Makiyah Cormick,Flynn Orton,0.0013,0.0503
Jimmy Liong Kai Long,Seina Shima,-0.0055,0.0513
Diane H,Andrew Anh Pham,-0.008,0.0491
Marco Leung,Kwan Wun Man,0.0085,0.0528
Mihae Kwon,Jason Taylor,-0.0025,0.0508
Phuong Nguyen,Phong Tran Sr,-0.0031,0.0517
Yến Đinh Hải,Khanh Van Nguyen,0.0028,0.0511
HE Phoenix,Anni Xie,-0.0049,0.0512
Khoa Vo,Richie Nguyen,-0.0035,0.0544
Kim Hyunjun,Ryan Ng,-0.0006,0.0524
Hiếu Triệu Hoàng,Truong Tuan Dung,-0.0033,0.0523
Natnicha Lueangtawikit,Yodsapol Pisiviroj,0.004,0.0508
Huy Le,Loi Tran,-0.0019,0.0521
Khiem Vu,Thi Tu Ngoc Tran,-0.0048,0.05
Tama Shimabukuro,HO Tam,-0.0048,0.0512
Phuc Huynh,Albie Huang,0.0033,0.0522
Sophia Phuong Anh Tran,Vanshik Kapadia,-0.0043,0.0516
Muhammad Aiman,Marco Leung,0.0006,0.0509
Yufei Long,Giang Trinh,-0.0,0.052
Nguyen Thang,Colin Wong,0.0012,0.0501
Crystal Mildwaters,Sophia Nhi Huynh,0.0031,0.0511
Hannah Blatt,Jai Grewal,-0.0038,0.0517
Phuc Huynh,Kento Tamaki,0.0068,0.0502
Jimmy Liong Kai Long,Guangsian Lin,-0.0064,0.0489
Leander Lazaro,Luc Pham,-0.0026,0.0531
Kei Sawaki,Sophia Phuong Anh Tran,-0.001,0.0538
Xiao Yi Wang-Beckvall,Leah Tauber,-0.0022,0.052
Sarah Jane Lim,Connie Lee,-0.0025,0.0526
Hannah Blatt,Albie Huang,0.0124,0.0538
Seina Shima,Loi Tran,-0.0006,0.049
Hong Kit Wong,Connie Lee,-0.0024,0.05
Ben Johns,Dekel Bar,-0.0067,0.0506
Armaan Bhatia,Kaitlyn Christian,-0.0115,0.0527
Andie Dikosavljevic,Harsh Mehta,0.0022,0.0506
Yufei Long,Trang Huynh,-0.0076,0.0516
Mayu Ito,Kwan Wun Man,0.0009,0.0532
Tarie Caouette,Natnicha Lueangtawikit,-0.0032,0.0527
Mihae Kwon,HO Tam,0.0041,0.051
Len Yang,Jonathan Truong,-0.0077,0.0518
Liz Truluck,Pei Chuan Kao,0.0074,0.051
Roos Van Reek,Eric Oncins,0.0016,0.0494
Pui Long Fan,Ngoc Si,0.0025,0.0528
Anna Clarice Patrimonio,Angie Bong,-0.0056,0.0491
Jolie Lam,Sieu Ee Toi,0.0015,0.0538
Roos Van Reek,Andie Dikosavljevic,0.0061,0.0494
Miyu Hazawa,Anni Xie,0.0015,0.0505
Shraddha Damani,Thilehang Tra,-0.0064,0.0488
Danni-Elle Townsend,Zane Navratil,-0.0026,0.0542
Noah Torres,Jonathon Hart,-0.002,0.0535
Joshua Giannelli,Justin Slattery,-0.0021,0.0493
Alexander Duverger,Jeremie Perry,-0.0061,0.051
Carrie Dajani,Nicole Talisse,-0.0074,0.0496
Bree Green,Marygrace Rudd,0.0029,0.0512
Edward Perez,Juan Benitez,-0.0038,0.0508
Thomas Romano,Brandon Fritze,-0.0102,0.0493
Matvey Radionov,Mikael Vollbach,-0.0045,0.0501
Dennis Uspensky,George Rangelov,-0.0021,0.0505
Abigail Okelley,Kayla Williams,0.0064,0.0497
Ella Yeh,Eliana Ling,0.0208,0.0496
Chuck Taylor,Zach Gonnering,0.0127,0.052
Ross Whittaker,Camden Chaffin,0.0077,0.0488
Monika Wynne,Jaeda Minniefield,-0.0174,0.0511
Haley Ferguson,Andi Godwin,-0.002,0.0493
Pierina Imparato,Olivia McMillan,-0.0165,0.0515
Louise Kwong,Mara Vasvatekis,0.0061,0.0504
Stephen Madonia,Jesse Witten,0.0024,0.0505
Chandra Kusuma,Lauren Cole,0.0035,0.0523
Roy Ke,Diego Butanda,0.0023,0.0538
Julia Ronney,Emma Van Hee,-0.0057,0.0499
Rachel Summers,Abbigal Hatton,-0.0123,0.0509
Alex Guy,Julian Slive,0.0094,0.0529
Evan Pratt,Teddy Dupay,0.003,0.0547
Christa Gecheva,Mehvish Safdar,0.0189,0.0508
Jack Wasserman,Justin Moore,0.0028,0.0506
Rosen Naydenov,Bret Berryman,0.0045,0.0484
Matias Tardio,Jackson Ayotte,-0.006,0.051
Kentaro Hamaguchi,Dale Kim,0.0083,0.0509
Caitlin Klaassen,Sydney Sonday,-0.0044,0.0504
Chase Brautman,Garrett Singletary,0.0076,0.0492
Jason Lateko,Loc Lam,-0.0004,0.0518
Jake Sweeney,William Wert,-0.0065,0.0517
Tysen Wadge,Reilly Puhalski,-0.0034,0.0551
Rachel Janssen,Kira Zhytska Richardson,-0.0034,0.053
Alia Brown,Dana Raugust,0.0044,0.0497
Matthew Matro,Zach Bowe,-0.0005,0.0509
Alexander Tong,Jordan Denish,-0.0007,0.0527
Jarryd Woog,Selim Ben Ali,0.0126,0.0534
Zoeya Khan,Felicity Di Laura,0.0201,0.0501
Emma Cook,Fatyha Berjane,-0.0075,0.05
Dylan Wilhelm,Hudson De Risi,-0.0066,0.0531
Rachel Summers,Zach Gonnering,-0.0115,0.0513
Chandra Kusuma,Selim Ben Ali,-0.0076,0.0523
Eliana Ling,Julian Slive,-0.0005,0.0501
Arianna Haresign,Matthew Matro,-0.0013,0.0466
Sydney Sonday,Brandon Fritze,-0.0028,0.0506
Alia Brown,Travis Rettenmaier,-0.0025,0.0516
Stephen Madonia,Emma Van Hee,-0.0103,0.0498
Chuck Taylor,Abbigal Hatton,0.0046,0.0507
Ross Whittaker,Julia Ronney,0.0269,0.0544
Zak Parks,Alex Walker,0.013,0.0537
Cody Lanier,Katelyn Hilliard,-0.0023,0.0479
Monika Wynne,Brookes Jones,-0.0077,0.0501
Alex Guy,Madison Turosinski,-0.005,0.0518
Carlos Di Laura III,Felicity Di Laura,-0.0151,0.0523
Haley Ferguson,Dale Kim,0.0057,0.0521
Hunter Bivins,Kristen Van Dernoot,0.0005,0.0508
Jackson Ayotte,Dana Raugust,-0.0094,0.0496
Caitlin Klaassen,Thomas Romano,0.0086,0.0523
Lionel Ortiz,Jaeda Minniefield,-0.0021,0.0524
Jarryd Woog,Abigail Okelley,-0.0072,0.0503
Nicole Conard,Camden Chaffin,-0.007,0.0506
Brandon French,Brooke Caruso,-0.0027,0.0501
Kara Wheatley,Anouar Braham,0.0057,0.05
Jessica Jones,Joshua Giannelli,0.0011,0.0478
Eva Mitchell,Brayden Nguyen,-0.0014,0.053
Zach Gonnering,Mia Turcsany,0.0018,0.0503
Collin Vero-Casavant,David Bieger,-0.0058,0.0505
Chris Walker,Matthew Krakowski,0.004,0.0523
Hudson De Risi,Trevor Schwarzmann,0.0014,0.0536
Jay Evans,Kyle Borawski,-0.0033,0.0515
Thomas Dill,Ethan Bakalinsky,-0.0005,0.0506
Kentaro Hamaguchi,Anouar Braham,0.0017,0.0486
Keith Tam,Mikaela Smith,-0.0013,0.0531
Rachael Fitzgerald,Jameson Lewis,0.0026,0.0506
Bret Berryman,Victoria Simon,-0.0075,0.0516
Steven Pokopec,Alexa Quintanilla,-0.0046,0.0508
Matthew Finnerty,Raymond Lawton,-0.0033,0.0517
Ariana Rodriguez,Spencer Liang,0.0063,0.0539
Jessica Teague,Mikaela Smith,-0.0042,0.0513
Louise Kwong,Hudson De Risi,0.0017,0.0515
Kentaro Hamaguchi,Emma Van Hee,-0.0061,0.0512
Rosen Naydenov,Mary McGowan,0.0111,0.051
Joshua Giannelli,Rosen Naydenov,0.0021,0.0511
Ram Kotnana,Alex Corado,0.0006,0.0512
Kara Wheatley,Emma Van Hee,-0.0052,0.0513
Ethan Bakalinsky,Caroline Maguire,-0.0074,0.051
Mary McGowan,Alexa Quintanilla,0.0102,0.0509
Javon Turcsany,Olivia Phillips,-0.0043,0.0525
Ram Kotnana,Spencer Liang,-0.0045,0.0537
Valerie R Simon,Victoria Simon,0.0173,0.0488
Olivia Phillips,Mia Turcsany,-0.0063,0.0494
Brooke Buckner,Tyson McGuffin,-0.0062,0.0503
Chloe Igleski,Darrian Young,-0.0066,0.0492
Carlos Di Laura III,Ivan Jakovljevic,0.0026,0.0521
Hannah Blatt,Julian Arnold,0.001,0.0493
Zane Navratil,Mya Bui,-0.0059,0.0508
Jhonnatan Medina Alvarez,Sarah Ansboury,0.0009,0.053
Eric Oncins,Etta Tuionetoa,0.0095,0.0497
Zane Ford,Kiora Kunimoto,-0.0072,0.0521
Jack Sock,Victoria Dimuzio,0.0044,0.0511
Federico Staksrud,Jackie Kawamoto,0.004,0.0516
Ella Yeh,Camden Chaffin,0.0052,0.05
Spencer Smith,Ava Ignatowich,-0.0034,0.0529
Alexander Crum,Lara Giltinan,-0.0054,0.0516
Luke Wasson,Giovanna Morelli,0.0009,0.0533
Tam Trinh,Jonathan Truong,0.0028,0.052
Alex Walker,Anderson Scarpa,0.004,0.0478
Yates Johnson,Christa Gecheva,-0.0003,0.0508
Parris Todd,Christian Alshon,0.0072,0.0526
Kiora Kunimoto,Lara Giltinan,-0.0008,0.0523
Grayson Goldin,Yates Johnson,-0.0022,0.0502
Jade Rau,Tyler Loong,-0.0018,0.0506
Zane Ford,John Lucian Goins,-0.0035,0.0497
Jhonnatan Medina Alvarez,Alexander Crum,0.008,0.0515
Carlos Di Laura III,Rachel Rettger,0.0106,0.0497
Mohaned Alhouni,Marcela Aguila Ampon,0.0028,0.0515
Genie Bouchard,Martin Emmrich,-0.0007,0.05
Donald Young,Lina Padegimaite,-0.0034,0.0513
Ryan Fu,Lacy Schneemann,0.0074,0.0498
Ella Yeh,Giovanna Morelli,0.0111,0.0542
Anna Bright,CJ Klinger,-0.0159,0.0512
Spartak Rahachou,John Cincola,-0.0052,0.0522
Travis Rettenmaier,Cailyn Campbell,-0.0027,0.0516
Layne Sleeth,James Ignatowich,0.0014,0.0533
Stephen Madonia,Pierina Imparato,0.0153,0.0508
Samantha Parker,Marshall Brown,-0.0027,0.0504
Tom Protzek,Olivia McMillan,-0.0027,0.0531
Rafa Hewett,Salome Devidze,0.0051,0.0519
Christopher Haworth,Mehvish Safdar,-0.0055,0.0501
Zoey Weil,Pierina Imparato,-0.0055,0.0502
Mehvish Safdar,Danna Funaro,-0.0089,0.0503
Camila Zilveti,Monica Paolicelli,-0.0009,0.0519
Hannah Blatt,Allison Phillips,-0.0099,0.0475
Meghan Dizon,Tina Pisnik,-0.0103,0.0496
Jessie Irvine,Milan Rane,-0.0018,0.0504
Elsie Hendershot,Genie Erokhina,-0.0005,0.0508
Callie Smith,Mari Humberg,0.0123,0.0503
Lingwei Kong,Mya Bui,-0.0104,0.0532
Jay Devilliers,Matt Wright,-0.0061,0.054
Kaitlyn Christian,Judit Castillo,0.0078,0.0515
Christa Gecheva,Cailyn Campbell,0.0002,0.0521
Tyler Loong,Ryan Fu,-0.0064,0.051
James Delgado,Daniel De la Rosa,-0.0099,0.0524
Ashley Griffith,Anne-Sophie Courteau,-0.001,0.0511
Wil Shaffer,Adam Harvey,0.0042,0.0518
Ryan Cating,Ryan Camras,-0.0124,0.0513
Andre Mercado,George Rangelov,-0.0085,0.0522
Brittany Levkulich,Stevie Petropouleas,-0.0082,0.0546
Casey Dominguez,Jared Culbert,-0.0039,0.0517
Jay Evans,Noah Ivey,-0.0156,0.0497
Justin Dages,Matt Burkhardt,0.0104,0.0529
Wendy Weston,Cheyenne Jones,0.0058,0.0504
Robert Baylon,Devon Sikora,-0.0043,0.0535
Rafael Lenhard,Troy Akin,0.0475,0.0512
Yates Johnson,Ryan Dawidjan,0.0069,0.0491
Lina Romero Alarcon,Rachel Janssen,0.0136,0.0523
Savanna Koss,Maya Roderick,-0.0083,0.0503
Monika Wynne,Luana Stanciu,0.0099,0.0504
Edward Perez,Austin Bricker,0.0022,0.0526
Kayla Williams,Jaeda Minniefield,0.0211,0.0499
Jasraj Sethi,Jake Faryniarz,0.0114,0.0527
Stephen Bass,Blake Lowe,0.0038,0.0478
James Seagraves,Nicolas Almeida,0.0013,0.0506
Christopher Crouch,Tristan Dussault,-0.0252,0.0523
Brayden Nguyen,Austin White,0.0021,0.0495
Princess Gbadamosi,Katie Neils,-0.0105,0.0535
Jack Milligan,Luke Milligan,-0.0063,0.0509
Kayla Field,Jen Werbeck,-0.0117,0.0502
Jason Loyd,Brandon Nsekpong,0.009,0.0509
Rouzbeh Ghotbi,Austin Oreilly,-0.0042,0.0506
Dylan Wilhelm,Dixon Doege,0.0007,0.0519
Keaten Kappes,Jeffrey Moulton,-0.0017,0.0536
Haley Frank,Simone Leonard,-0.0081,0.0494
Bruce Hale,Eden Lawson,-0.0025,0.0509
Cody Milton,Alicia Knott,-0.0034,0.051
Andrew Caldarella,Maddy Rasmusen,0.0315,0.0514
James Seagraves,Keilly Ulery,0.0056,0.0493
Tom Protzek,Anne-Sophie Courteau,0.009,0.0495
Jason Loyd,Kayla Field,-0.0005,0.0523
Lina Padegimaite,Wyatt Stone,-0.0024,0.0504
Kiora Kunimoto,Anouar Braham,-0.0187,0.0483
Adam Harvey,Giovanna Morelli,-0.0038,0.051
Princess Gbadamosi,Mulima Mulenga,-0.002,0.0517
Zoey Weil,Brandon French,0.019,0.0483
Brandon Nsekpong,Luana Stanciu,-0.0038,0.0543
Christopher Crouch,Stevie Petropouleas,-0.0054,0.049
Cami Gonzalez,Jared Culbert,0.0047,0.0504
Wil Shaffer,Jaeda Minniefield,0.0041,0.0509
Cole Whitaker,Sarah Williams,0.0044,0.051
Lydia Power,Ryan Camras,-0.0082,0.0509
Kendall Shepard,Aaron Fuhrman,-0.0028,0.0516
Casey Garretson,Maddie McKee,-0.0041,0.0517
Brett Warner,Jacqueline Burdette,0.0066,0.052
Edward Perez,Brie Aldridge,-0.0172,0.0513
Evan Zoeteman,Katie Neils,-0.0023,0.0519
Isaac Perez-Reinhardt,Isamarie Perez,-0.0024,0.0525
Jake Anderson,Cameron Hafner,0.0001,0.0505
Wendy Weston,Nicolas Almeida,-0.0004,0.0505
Noah Ivey,Cheyenne Jones,0.0007,0.0529
Victor Rodrigo,Jace Morris,-0.0093,0.0487
Rachel Wang,Lingzhe X,-0.0041,0.0507
Leah J,Olivia Phillips,-0.008,0.0506
Evan Pratt,Jonah Matos,-0.0022,0.0516
Armaan Jiwa Mawji,Miles Hoover,0.0016,0.0509
Breaden Brooks,Jace Howard,0.0017,0.0508
Sydney Sonday,Austin Bricker,0.0111,0.0509
Lexi Jensen,Ben McNair,-0.0013,0.0497
Jayden Tsao,Seina Shima,-0.0014,0.0489
Jace Morris,Dana Raugust,0.0014,0.052
Desislav Borov,Jesse Witten,-0.0069,0.0483
Sam Angelo,Jackson Ayotte,-0.0112,0.0518
Connor McCartney,Pally Ray,0.0063,0.0542
Ruben Basurto,James Hagen,0.007,0.0503
Jacob Bolkowy,Bradley Saffran,-0.0032,0.0527
Valerie R Simon,Jonah Matos,0.0041,0.0507
Hannah Ward,Matthew Mead,-0.0077,0.0517
Bryanna Ojeda,Yaamunan Venkatesan,-0.0011,0.0516
Simone Leonard,Miles Hoover,-0.0018,0.0526
Belin Tekin,Desislav Borov,-0.0005,0.0524
Nick Black,Rio Newcombe,-0.0109,0.0548
Daniel Colon,Dean Guyer,-0.0014,0.0547
Will Mackinnon,Luc Pham,0.0127,0.049
Daniel Byun,David Litvinov,0.0036,0.0495
Eduardo Santini Ayon,Jazz Hearn IV,-0.0069,0.0524
Lingzhe X,Devon Sikora,0.0035,0.0516
Amir Tabatabaeian,Tiffany Wang,-0.0147,0.0488
Alec Weller,David Sigler,-0.0031,0.0501
Nicole Conard,Dana Raugust,0.0019,0.0501
Indigo Dagnall,Brian Chen Bonilla,0.0055,0.0516
David Alexander,Paul Klaer,-0.0037,0.0522
Amir Tabatabaeian,Albert Wan,-0.0111,0.048
Mary Monson,Luc Pham,-0.0185,0.0479
Mulima Mulenga,Maya Roderick,0.0067,0.0478
Leah J,John Thorn,-0.0072,0.0517
Brooklyn Hall,Joel Poland,-0.006,0.0513
Jacob Bolkowy,Victoria Simon,0.0134,0.0509
Breaden Brooks,Olivia Phillips,0.0072,0.0511
Ernesto Fajardo,Claudio Quinones Garcia,0.005,0.0514
Jared Culbert,Corey Nichols,-0.0007,0.0513
Stavro Sophocleous,Carson Esraelian,-0.0002,0.0518
Kathryn Glavinovich,Seina Shima,-0.0053,0.0518
Duncan Mulenga Jr.,Mulima Mulenga,-0.0026,0.0498
Evan Zoeteman,Robert Lees,0.0009,0.0521
Trevor Vaccaro,Brenden Everhart,-0.0,0.0509
Anthony Skalabrin,John Thorn,-0.0036,0.0506
Kyle Goodburn,Willy De Vilchez,-0.0011,0.0519
Hannah Ward,Jessica Mason,0.0073,0.0505
Erik Pailet,Matt Baca,0.0047,0.0515
George Bulger,Benjamin Bramblett,-0.0035,0.0501
Ognjen Zekanovic,Scott Berke,-0.0038,0.0531
Levi Daniel,Bruno Barrueto Deza,0.0037,0.0519
Pally Ray,Cameron Beer,-0.0046,0.0549
Sergey Afanasenka,Nicole Conard,0.0013,0.0504
Martin Thomas,Elizabeth Roy,-0.0025,0.0511
Sergey Afanasenka,Adair Garcia,-0.0121,0.0505
Nicole Kalhorn,Scott Berke,-0.0023,0.0512
Tomoko Taniguchi,Elizabeth Roy,0.0007,0.0519
Isabella Dunlap,Mary Monson,0.0094,0.05
Aizec Olson,Brock Rzesnowiecky,0.0025,0.0532
Hayden Rand,Devon Sikora,-0.0031,0.0544
Ella Cosma,Alexander Crum,-0.0056,0.0517
Chuck Taylor,Paula Rives,0.0007,0.051
Liz Truluck,Darrian Young,-0.0034,0.0516
Stephen Madonia,Samantha Parker,0.0043,0.0506
Felicity Di Laura,Rachel Rettger,-0.0033,0.0496
Ivan Jakovljevic,Lara Giltinan,-0.0109,0.0502
Jalina Ingram,Pesa Teoni,-0.0001,0.052
Tam Trinh,Donald Young,0.0105,0.0501
Cason Campbell,Giovanna Morelli,-0.012,0.052
Ella Yeh,Adam Harvey,0.0041,0.051
Patrick Smith,Brooke Caruso,0.006,0.0489
Zoeya Khan,Carlos Di Laura III,-0.0072,0.0497
Dekel Bar,Jackie Kawamoto,-0.009,0.0489
AJ Koller,Juan Benitez,0.0066,0.051
Christine Trifunovic,Gabriel Joseph,0.0076,0.0511
Alix Truong,Federico Staksrud,-0.0253,0.0495
Armaan Bhatia,Lacy Schneemann,0.0002,0.0509
Felicity Di Laura,Brandon French,-0.0059,0.0508
Steve Deakin,Lindsey Newman,0.0096,0.0483
Edward Perez,Camila Zilveti,-0.0067,0.0517
Sarah Ansboury,Wesley Burrows,-0.0046,0.0477
Eric Oncins,Catherine Parenteau,-0.0083,0.0524
Allison Phillips,Christopher Haworth,0.0131,0.0491
Rafa Hewett,Zoey Weil,0.0008,0.0515
Ella Yeh,Luana Stanciu,-0.0073,0.0514
Wil Shaffer,Daniel Jensen,0.005,0.0498
Caden Nemoff,Kiora Kunimoto,0.0019,0.052
Tyson McGuffin,Tina Pisnik,-0.0408,0.0525
Chloe Igleski,Michael Loyd,0.0018,0.0535
Rachel Rohrabacher,Andrei Daescu,0.0238,0.0503
Yates Johnson,Lauren Stratman,0.0222,0.0504
Mohaned Alhouni,Lingwei Kong,-0.001,0.0516
Camila Zilveti,Brooke Caruso,0.0019,0.0525
Tom Protzek,Pesa Teoni,0.0015,0.0529
Michael Loyd,Augustus Ge,-0.0032,0.053
Grayson Goldin,Chuck Taylor,0.0039,0.0525
Liz Truluck,Mya Bui,0.0091,0.0505
Lucy Kovalova,Lacy Schneemann,-0.0023,0.0511
Jalina Ingram,Lindsey Newman,0.0024,0.0514
Armaan Bhatia,Christopher Haworth,-0.0135,0.053
Andre Mercado,Tama Shimabukuro,0.0174,0.0501
Max Freeman,Jaume Martinez Vich,0.0001,0.0518
Lea Jansen,Milan Rane,-0.0006,0.0529
Blaine Hovenier,James Ignatowich,-0.003,0.0513
Meghan Dizon,Jackie Kawamoto,0.0016,0.0509
Ryan Fu,Tyson McGuffin,0.0014,0.0511
Riley Newman,Noe Khlif,0.0031,0.0485
Ella Cosma,Ava Ignatowich,-0.0029,0.0539
Christopher Haworth,Vivienne David,-0.003,0.0507
Mya Bui,Juan Benitez,0.0043,0.0518
Jay Devilliers,Juan Benitez,-0.0032,0.0526
Pierina Imparato,James Ignatowich,0.0073,0.0511
Zoey Weil,Will Howells,0.0035,0.0509
Zoey Weil,Mari Humberg,0.0048,0.0519
Victoria Dimuzio,Jaume Martinez Vich,-0.0031,0.0536
Zane Ford,Zoeya Khan,-0.0047,0.0522
Christopher Haworth,Jaume Martinez Vich,-0.0074,0.051
Stephen Madonia,Luana Stanciu,0.0026,0.0517
Brooke Buckner,Pablo Tellez,-0.0291,0.051
Jade Kawamoto,Ben Johns,-0.0007,0.0489
Chao Yi Wang,James Delgado,-0.0108,0.0493
Felicity Di Laura,Kaitlyn Christian,0.0041,0.0507
Zoeya Khan,Stephen Madonia,-0.0046,0.0509
Hunter Johnson,Catherine Parenteau,-0.0158,0.0502
Jai Grewal,George Rangelov,0.0057,0.0507
James Seagraves,Keaten Kappes,0.0004,0.0526
Miles Hoover,Shea Donahue,-0.0059,0.0518
Zach Gonnering,Keilly Ulery,-0.0074,0.0506
Garrett Hetherington,Brian Hershman,-0.0051,0.0543
Noelle Cerone,Dustin Spalding,0.0006,0.0511
Hong Kit Wong,Pui Long Fan,-0.0063,0.0521
Guangmao Wang,Zhe Chen,0.0066,0.0518
Pui Long Fan,Tayah Cross,0.0052,0.0497
Harrison Brown,Shelby Bates,-0.0032,0.0521
Victor Camilo Iii,Landry Laywell,0.0061,0.0507
Monika Wynne,Keilly Ulery,0.0002,0.0512
Claudio Quinones Garcia,Etienne Blaszkewycz,0.0096,0.0516
Daniel Adsit,Nick Patterson,-0.0041,0.0518
Bassem Kheireddin,Matt Ngo,0.0149,0.051
Blake Suard,Ryan Camras,-0.0157,0.0532
Jessica Jones,Nick Erves,0.0037,0.0541
Victoria Nguyen,James Kaoma,0.0109,0.0534
Nick Black,Indigo Dagnall,-0.0037,0.0488
Eliel Herminas,Eli Trumeter,-0.0004,0.0495
Sophia Phuong Anh Tran,Seina Shima,0.0042,0.0535
Abigail Okelley,Emma Van Hee,0.0045,0.0504
Anouar Braham,Anne-Sophie Courteau,0.0252,0.0502
Jake Anderson,Bret Berryman,-0.0083,0.0475
Jayson Harris,Kyle Borawski,-0.0013,0.0529
Miyu Hazawa,Athilla Miasara Bt Azizul Azhar,-0.0074,0.0511
V. Mary Rivas,Pei-Yu Lai,-0.0046,0.0525
Willy De Vilchez,Emilien Burnel,-0.0047,0.0503
Brandon Nsekpong,Maddy Rasmusen,-0.0,0.0512
Armaan Bhatia,Roos Van Reek,0.0018,0.0514
Christopher Crouch,Anouar Braham,0.0003,0.05
Austin Bricker,Nicole Conard,-0.0106,0.0535
Christopher Crouch,Victoria Simon,0.002,0.0481
Anna Marija Bukina,Don Alto,-0.0046,0.0523
Tristan Dussault,Ellie Douglas,-0.0025,0.049
Eden Malloy,Simone Leonard,-0.0036,0.0525
Audrey Banada,Etienne Blaszkewycz,-0.0154,0.0514
Abigail Okelley,Blake Goodman,0.0079,0.051
Ninh Nguyen,Julian Chow,-0.0069,0.0512
Amit Verma,Eshaan Mylavarapu,0.0024,0.0534
Angel Hernandez,Matt Burkhardt,-0.0095,0.052
Duncan Mulenga Jr.,Dawson Johnson,-0.0002,0.0531
Mackonner Dy,Vincent Rettke,0.002,0.0494
Rikuto Kurosawa,Seina Shima,0.007,0.0496
Sam Kim,Valerie R Simon,-0.0046,0.0535
Kylie Imperial,Stephanie Joseph,0.0003,0.0521
Mackonner Dy,Lingzhe X,-0.0029,0.0512
Jonmikel Macnichols,Rikk Shimizu,-0.0012,0.051
Luc Pham,Troy Akin,-0.0061,0.0538
Blake Arrant,Mike Grossman,-0.0009,0.0513
Ryan Dawidjan,Johnny Goldberg,-0.001,0.0507
Alexander Valencia,Josiah Watje,0.0016,0.0522
Ishan Balakrishnan,Albert Wan,0.0181,0.0522
Aman Patel,Dev Shah,0.0031,0.0499
Kei Sawaki,Lachy Donnelly,-0.0028,0.0513
Eli Trumeter,Kasia Carr,0.0047,0.0518
Javon Turcsany,Brock Rzesnowiecky,0.0014,0.051
Grant Hanak,Kristian McGill,0.0027,0.0477
Daniel Traxler,Ethan Dahl,0.0072,0.0494
Aizec Olson,Sam Szymanski,0.0035,0.053
Eduardo Garcia,Blake Goodman,0.0053,0.0522
Sam Kim,Don Alto,0.0076,0.0509
Daniel Phillips,Gavin Fowler,0.0115,0.0521
Jason Loyd,Hao Nguyen,-0.0002,0.0528
Garrett Goh,Anuj Parakh,-0.0039,0.0518
Roman Hill,Cameron Vose,-0.0001,0.0554
James Kaoma,Miles Hoover,-0.0144,0.0515
JP Gorby,Davis Weatherston,0.0055,0.0538
Grace St. Clair,Matt Haywood,-0.0053,0.0525
Christine Moore,Landry Laywell,-0.0028,0.0562
Jazz Hearn IV,Andi Godwin,-0.0082,0.0508
Tomoko Taniguchi,Linda Yang,-0.0011,0.0514
Natalie Hur,Victoria Nguyen,-0.0003,0.0525
Birlinda Akinaka,Kimmie Ouchi,-0.0051,0.0527
Andi Godwin,Jake Anderson,-0.0053,0.0521
Jazz Hearn IV,Armaan Jiwa Mawji,0.0116,0.0543
Antoaneta Toskova,Bryson Alexander,-0.0006,0.0531
Daniel Adsit,Linda Yang,0.0081,0.053
Emilien Burnel,Pei-Yu Lai,0.0011,0.0513
Seth Chittenden,Jack Boxill,-0.0034,0.0528
Jason Loyd,Emma Van Hee,-0.0048,0.0526
Daniel Phillips,Cami Gonzalez,-0.005,0.055
Jaikin Gomez,Mouaad Alhouni,0.0153,0.0512
Zach Gonnering,Harrison Brown,0.0032,0.0525
Monika Wynne,Luc Pham,-0.0007,0.0515
David Perez,Louis Theriault,-0.01,0.0524
Stephanie Joseph,Eshaan Mylavarapu,-0.0025,0.0505
Hudson Kaylie,Matthew Finnerty,-0.0095,0.0496
James Seagraves,Rika Fujiwara,0.0104,0.0512
Bobby Howard,Eric Bunch,0.0004,0.0522
Olivia Phillips,Shea Donahue,0.0095,0.0484
Neha Khurana,Elaine Li,0.0016,0.0521
Brenden Everhart,Mario Jurisic,-0.0033,0.0536
Joe Beamish,Dustin Spalding,0.0023,0.0536
Roos Van Reek,Shelby Bates,0.0074,0.0525
Alli Hazrati,Noelle Cerone,-0.013,0.0519
Rachel Janssen,Charlotte Scharfenberger,-0.0108,0.0498
Kiora Kunimoto,Darrian Young,-0.0031,0.0511
Gabriel Joseph,Ella Cosma,0.0166,0.0544
Polina Libo,Jhonnatan Medina Alvarez,-0.0041,0.0492
Yates Johnson,Victoria Dimuzio,0.0051,0.0526
Lindsey Newman,Patrick Smith,-0.0076,0.0509
Ashley Griffith,Luke Wasson,0.0016,0.0487
Jack Sock,Cailyn Campbell,0.0086,0.051
Mehvish Safdar,Wesley Burrows,-0.0018,0.0508
Jack Sock,Blaine Hovenier,0.0013,0.0515
Tama Shimabukuro,Spartak Rahachou,-0.0026,0.0513
Spartak Rahachou,Salome Devidze,-0.0018,0.0522
Cason Campbell,Brooke Caruso,-0.0094,0.0506
Caden Nemoff,Audrey Adele Brown,0.004,0.0504
Carlos Di Laura III,Lara Giltinan,0.0103,0.0536
Ross Whittaker,Camila Zilveti,-0.0106,0.051
Zoeya Khan,John Cincola,-0.0009,0.0542
Genie Erokhina,Judit Castillo,-0.0037,0.048
Parris Todd,Federico Staksrud,0.0197,0.0516
Felicity Di Laura,Gregory Dow,-0.0024,0.0516
Ting Chieh Wei,Roscoe Bellamy,-0.0042,0.0513
Jade Kawamoto,Augustus Ge,-0.0007,0.0535
Tyler Loong,Judit Castillo,-0.0118,0.05
Alexander Crum,Giovanna Morelli,0.0005,0.052
Ella Yeh,Tama Shimabukuro,-0.0079,0.0543
Jade Rau,Wil Shaffer,0.0011,0.0507
Noe Khlif,Lacy Schneemann,-0.0006,0.0494
AJ Koller,Alex Walker,0.0077,0.0486
Chuck Taylor,Tatiana Ruhl,-0.0034,0.0514
Tom Protzek,Ava Ignatowich,-0.0007,0.0513
Andrew Caldarella,Paula Rives,-0.0079,0.0518
Dekel Bar,Catherine Parenteau,0.0069,0.0502
Lingwei Kong,Travis Rettenmaier,-0.0068,0.0504
Ivan Jakovljevic,John Cincola,-0.0042,0.051
Samantha Parker,Anderson Scarpa,-0.0032,0.0486
Jonathan Truong,Jaume Martinez Vich,0.0057,0.0498
Liz Truluck,Cailyn Campbell,-0.004,0.0504
Carlos Di Laura III,Chuck Taylor,0.0048,0.0529
Yates Johnson,Mota Alhouni,-0.0103,0.0498
Lea Jansen,Jessie Irvine,-0.0088,0.0525
Ting Chieh Wei,Lindsey Newman,-0.0009,0.0503
Lucy Kovalova,Mya Bui,-0.0067,0.0493
Eric Roddy,James Delgado,-0.002,0.0504
Ross Whittaker,Alexander Crum,0.0007,0.0512
Jalina Ingram,Alix Truong,0.0002,0.052
Pablo Tellez,Darrian Young,-0.0027,0.051
Zoey Weil,Hannah Blatt,-0.0036,0.0507
Mehvish Safdar,Rachel Rettger,-0.0038,0.0509
Steve Deakin,Camden Chaffin,-0.0001,0.0526
Wil Shaffer,Pesa Teoni,0.0006,0.0513
Travis Rettenmaier,Braden Jacobson,0.0106,0.0521
AJ Koller,Dekel Bar,-0.004,0.0517
Camila Zilveti,Audrey Adele Brown,-0.0043,0.0524
Ava Ignatowich,Danna Funaro,-0.0074,0.0539
Grayson Goldin,Brandon French,0.009,0.0537
Andre Mercado,Andrew Caldarella,-0.0114,0.0548
Rachel Rohrabacher,Jade Kawamoto,0.0039,0.0511
Jhonnatan Medina Alvarez,Juan Benitez,0.0,0.0518
Christine Trifunovic,Tatiana Ruhl,-0.0015,0.0517
Jade Rau,Genie Bouchard,-0.0008,0.0514
Evan Ankrom,Matthew Pokorny,0.0053,0.05
Cade Edwards,Jase Edwards,0.0029,0.0505
Jonah Matos,Carlos Subero,0.0019,0.0507
Marie-Claude Boisvert-Bégin,Ella Boydston,-0.0059,0.0523
Lauren Hidalgo-Smith,Andi Godwin,-0.0004,0.052
Mia Turcsany,Mary McGowan,-0.0034,0.049
Patricio Pereyra,Daniel Couzens,-0.004,0.0509
Justin Dages,Bryan Rodriguez,0.0021,0.0503
Juan Varon,Usama Khalid,0.0207,0.0522
Justin Graham,Victoria Simon,-0.0086,0.0533
Emanuel Dickson,Andi Godwin,0.006,0.0519
Isaac Hartmann,Ava Pisacrita,-0.0064,0.0503
Jay Evans,Devon Sikora,0.0083,0.0507
Nicholas Wade,Freddie Powell,-0.0074,0.0521
Caden Salefsky,Christian Lund,0.0072,0.0521
Sofia Manzanares,Jonathan Aiken,0.0009,0.0502
Brandon Johnson,Scout Johnson,-0.003,0.0502
Monika Wynne,Stevie Petropouleas,-0.0007,0.0513
Lauren Hidalgo-Smith,Brandon Riddle,0.0213,0.0538
Jake Benjamin,Helen Challenger,-0.0116,0.0514
Monika Wynne,Usama Khalid,0.0071,0.0492
Talman Ramsey,Connor Daland,-0.0055,0.0499
Robert Morales,Luke Citarelli,-0.001,0.0502
Cade Edwards,Ella Boydston,-0.0076,0.0497
Anton Betita,Jonathan Aiken,0.0039,0.0492
Sharienne Ricardo,Alexa Quintanilla,-0.0048,0.053
Louise Kwong,Haley Ferguson,0.0108,0.0504
George Rangelov,Jaikin Gomez,-0.0028,0.0514
Evan Pratt,Varun Ganti,-0.0037,0.0481
Thomas Provost,Frank Ngo,0.0,0.0539
Jaikin Gomez,Mary McGowan,-0.0068,0.0518
Juan Saez,Ashley Penaranda,-0.0013,0.0484
Emanuel Dickson,Ethan Jauschneg,0.0092,0.0503
Ashley Penaranda,Helen Challenger,-0.0001,0.0534
Angelina Edel,Sabrina Korpi,-0.0073,0.0528
Jada Bui,Nejc Sitar,0.0046,0.0517
Ethan Jauschneg,Gianna Southwick,-0.0006,0.0504
Mateusz Matysik,Stephen Preissler,0.0056,0.0519
Dan Nguyen,Alejandro De la Torre,-0.0021,0.0526
Francis Pawloski,JJ B,-0.0031,0.0505
Tony Fachaux,Keaton Kirchner,-0.0038,0.0501
Marie-Claude Boisvert-Bégin,Allan Regnier,-0.0082,0.0509
Nicholas Signoriello,Steve Cicalese,-0.007,0.0529
Nicole Conard,Estee Widdershoven,-0.0077,0.0518
Bryson Alexander,Johnny Goldberg,-0.0019,0.0517
Johan Nilsson,Michael Shaw,0.0059,0.0524
Tristan Dussault,Nicole Conard,-0.0013,0.0519
Megan Mariano,Stefan Burnett,0.0008,0.0526
Mateusz Matysik,Alexa Quintanilla,-0.0061,0.0512
Kamden Bradstreet,Sable Yrjanson,-0.0056,0.0521
Dylan Wilhelm,William Hsieh,-0.0059,0.0512
Isaac Hartmann,Kamden Bradstreet,0.0018,0.0509
Angie Walker,Martin Emmrich,0.0072,0.0484
Martina Frantova,Brandon French,-0.0053,0.0526
Rafa Hewett,Cailyn Campbell,-0.0014,0.0501
Liz Truluck,Anderson Scarpa,-0.004,0.0486
Stephen Madonia,Lara Giltinan,0.0021,0.0503
Etta Tuionetoa,CJ Klinger,-0.0003,0.0494
Elsie Hendershot,Steve Deakin,-0.0001,0.0508
Callie Smith,Noe Khlif,0.0097,0.0517
Ashley Griffith,John Cincola,-0.005,0.0519
AJ Koller,Allyce Jones,-0.0046,0.0506
Christa Gecheva,Christopher Haworth,-0.0023,0.0479
Jay Devilliers,Jackie Kawamoto,0.006,0.047
James Ignatowich,Mari Humberg,-0.0006,0.0526
Ella Yeh,Chuck Taylor,-0.0015,0.0492
Edward Perez,Ava Ignatowich,0.0066,0.0482
Eric Oncins,Anna Bright,-0.016,0.0491
Mya Bui,Wyatt Stone,0.0008,0.0523
Eric Roddy,Mehvish Safdar,0.0152,0.0475
Cason Campbell,Marcela Aguila Ampon,0.0,0.0508
Camden Chaffin,Vivienne David,0.0073,0.0514
Juan Benitez,Alex Walker,-0.0011,0.0541
Luana Stanciu,Alexander Crum,-0.0062,0.0513
Caden Nemoff,Jaeda Minniefield,-0.008,0.0513
Jade Rau,Andrew Caldarella,-0.0028,0.0533
Ross Whittaker,Giovanna Morelli,-0.0085,0.0515
Andrew Caldarella,Anderson Scarpa,0.0099,0.0522
Jonathan Truong,James Delgado,0.0026,0.0503
Tama Shimabukuro,Ryan Fu,0.0003,0.0524
Ting Chieh Wei,Vivienne David,-0.0033,0.0498
Tamaryn Emmrich,Genie Bouchard,0.0024,0.0515
Mohaned Alhouni,Tam Trinh,0.0016,0.052
Federico Staksrud,Tyson McGuffin,0.0068,0.0531
Noe Khlif,Pablo Tellez,-0.0129,0.0509
Riley Newman,Darrian Young,0.0107,0.052
Angie Walker,Mya Bui,0.0028,0.0536
Etta Tuionetoa,Catherine Parenteau,0.0014,0.0515
Edward Perez,Spartak Rahachou,0.0017,0.0511
Rafa Hewett,Wyatt Stone,-0.0043,0.0502
Pierina Imparato,Paula Rives,-0.0056,0.0479
Giovanna Morelli,Marcela Aguila Ampon,-0.0019,0.0473
Jade Rau,Brooke Caruso,-0.0049,0.0514
Elsie Hendershot,Ashley Griffith,-0.0048,0.049
Yako Ohno,Koki Nishida,0.0012,0.0492
HE Phoenix,Yuhan Tao,0.0025,0.0552
Longsheng Liu,Wenbo Wang,-0.0032,0.0522
Raymond Chang,Qing Chen,0.0008,0.0516
Kei Sawaki,Pui Long Fan,0.0075,0.0473
Yue Wang,Yujie Mao,-0.0018,0.0522
翔 蔡,Yaxuann Miao,0.0012,0.0526
Quan Do,HO Tam,-0.0027,0.0525
Thomas Yu,Albie Huang,-0.0004,0.0519
Chen Rui,Mingyang Liu,0.0006,0.0531
Genfan Jin,Yujie Mao,-0.0037,0.0512
Guangmao Wang,Longsheng Liu,-0.0047,0.0514
Makiyah Cormick,Carlos Rubio,0.0086,0.0508
Andy Van der Vyver,Spencer Sandridge,-0.0031,0.0542
Hoang Bao Long Sr,Minh Nguyễn Hoàng,0.0021,0.0501
Giang Trinh,Nicola Schoeman,0.0091,0.0521
HE Phoenix,Huanhan Li,-0.0,0.0505
Ben Cawston,Theo Platel,0.0142,0.0508
Ren Hui,Ethan Le,-0.0017,0.0523
Miyu Hazawa,翔 蔡,0.0025,0.0523
Athilla Miasara Bt Azizul Azhar,Hsieh Chen-An,-0.0058,0.0506
Brandon Cheah,Tee Heng Chee,-0.0034,0.0511
Lê Xuân Đức,Xiao Yi Wang-Beckvall,-0.0056,0.0511
Nasa Hatakeyama,Mayu Ito,-0.0073,0.0529
Natnicha Lueangtawikit,Joanne Wong,0.0019,0.0517
Yawen Li,Mingyang Liu,-0.0054,0.0511
Bhannawitch B,Natnicha Lueangtawikit,-0.0031,0.0514
永亮 曾,Chen Rui,0.0001,0.0536
Jamie Haas,Tama Shimabukuro,0.0077,0.0509
Park Seong Yong,Ooi Kah Yan,-0.004,0.0505
Sarah Burr,Prycen Haas,-0.0026,0.0489
Yaxuann Miao,Anni Xie,-0.0051,0.0527
Nam Vu,Tran Tuan Minh,-0.003,0.0507
Wil Shaffer,Luc Pham,0.0017,0.049
Nasa Hatakeyama,Marco Leung,0.0054,0.0505
Ryan Ng,Andrew Anh Pham,0.0022,0.0514
Qiu Fangle,Xuedong Ji,-0.003,0.0498
Hoa Nhan Van,Brian Hou,-0.001,0.0529
Tama Shimabukuro,Prycen Haas,-0.0121,0.0505
Matthew Mead,Ying Suet Lam,0.0003,0.0522
Kei Sawaki,Andrew Anh Pham,-0.0094,0.052
Sahra Dennehy,Robert Stirling,0.0065,0.0518
Cian Li,Xinyue Zhang,-0.0006,0.0521
Connie Lee,Luc Pham,0.0097,0.0471
Len Yang,Kara Wheatley,0.004,0.0521
Nguyen Huy,HO Hoan,-0.0008,0.0504
Hsieh Chen-An,Zongjin Li,-0.0031,0.0514
Ngoc Trieu Tran,Giang Trinh,0.0005,0.0519
Lê Xuân Đức,Hoang Nam Ly,-0.0032,0.0492
Aryaan Bhatia,Purav Raja,-0.001,0.0501
Park Seong Yong,Matthew Mead,0.0037,0.0514
Jek Patrick Liam Divinagracia,Sebastian Cui,-0.0064,0.0499
Chao Yi Wang,Armaan Bhatia,-0.011,0.0496
Nok Yiu Tang,Eunggwon Kim,0.0167,0.0483
HO Tam,Nok Yiu Tang,0.0023,0.05
Yuhan Tao,Anni Xie,-0.0013,0.051
Blaine Hovenier,Connor Garnett,-0.0159,0.0493
Armaan Bhatia,Federico Staksrud,-0.0172,0.0499
Chao Yi Wang,Alix Truong,-0.0036,0.0504
Sophia Phuong Anh Tran,Sophia Nhi Huynh,-0.012,0.0521
Ting Chieh Wei,Nicola Schoeman,-0.0029,0.0522
Ting Chieh Wei,Connor Garnett,-0.0119,0.0504
Ruobing Su,Yunqi He,-0.0006,0.0519
Yufei Long,Blaine Hovenier,-0.013,0.0503
Connie Lee,Kwan Wun Man,0.0001,0.0505
Xiao Yi Wang-Beckvall,Albie Huang,-0.002,0.0518
Sahra Dennehy,Yufei Long,0.0018,0.0496
Kara Wheatley,Aiko Yoshitomi,0.0041,0.05
Mayu Ito,Ying Suet Lam,0.0026,0.0504
Qing Chen,Zhe Chen,-0.007,0.055
Rafa Hewett,Will Mackinnon,0.013,0.0496
Jessica Haywood,Charleen Calvin,-0.002,0.0515
Lauren Cole,Keilly Ulery,0.0038,0.0495
Natalie Kim,Mary McGowan,-0.0046,0.0526
Eric Davidson,Ethan Bakalinsky,-0.0059,0.0511
Ting Chieh Wei,Aibika Kalsarieva,0.0235,0.0528
Eliel Herminas,Theo Yun,0.004,0.0497
Charlie Schuls,Jeffrey Stone,-0.0063,0.0502
Parth Mody,Daniel Miron,0.015,0.0524
Zoeya Khan,Pierina Imparato,-0.0053,0.0519
Mikaela Smith,Rifanty Kahfiani,0.0038,0.0527
Eden Malloy,Lisa Borowsky,-0.0049,0.0495
Chloe Zigliara,Eileen Wang,-0.0006,0.0486
Jake Anderson,Nicholas Romano,-0.001,0.0532
Matvey Radionov,Garrison Eaby,-0.0076,0.0528
Austin Bricker,Wil Shaffer,-0.0115,0.0509
Andrew Wang,Matthew Nesbitt,0.0016,0.0541
Morgan Downing,Katelyn Hilliard,-0.0036,0.0513
Haley Ferguson,Abigail Okelley,-0.0009,0.0516
Tom Protzek,Louis Laville,0.0227,0.0498
Jack Holloway,Preston Gordon,-0.0005,0.0534
Brent Werbeck,Pieter De Vries,0.0034,0.0514
Jaden Lam,Antonio Medina,0.0044,0.0529
Jarryd Woog,Evan Pratt,0.0022,0.0501
Elisha Turner,Shay Payne,-0.0005,0.0499
Chase Brautman,Ryan Gilbert,-0.004,0.0482
Alicia Lai,Elise Fortino,-0.006,0.0482
Evie Kenna,Karolina Fleming,0.0019,0.0528
Skylar Amos,Maggie Bullins,-0.0102,0.0549
Alex Guy,Jack Hared,-0.0033,0.0488
Hirav Vachhrajani,Kush Vasaiwala,-0.0071,0.0524
Mike Block,Nicholas Lefavor,0.0038,0.0539
Angel Hernandez,Harrison Yee,0.0053,0.0519
Rosen Naydenov,Selim Ben Ali,-0.0043,0.0523
Joseph Campbell,Ben Bailey,-0.0021,0.0558
Averee Beck,Shea Donahue,-0.0003,0.0521
Daniel Johnson,Colby Hill,0.0007,0.0533
Stevie Petropouleas,Giovanna Morelli,0.0099,0.0524
Emma Cook,Masa Grgan,-0.0084,0.0526
Jon Mikolajczak,Colin Root,-0.0045,0.0496
Wesley Hanson,Wesley Burrows,-0.0011,0.0512
Claire Thompson,Emily Monk,-0.0055,0.0491
Hunter Weinberg,Justin Moore,-0.0041,0.0506
Ana Gordon,Catrina Coyner,-0.0026,0.0504
Carlos Pavon,Bradon Ly,-0.0069,0.0524
Aaron Schorch,Heath Lucas,-0.0077,0.0531
Samantha Buyckx,Alia Brown,0.0105,0.0516
Peyton Gatti,Matt Burkhardt,0.0044,0.0518
Joshua Giannelli,Thomas Romano,0.0033,0.0508
Brie Aldridge,Spencer Liang,0.0009,0.0519
Joey Campagna,Alexander Grubbs,0.0126,0.0504
Brianna McCullock,Francesca Marto,-0.0079,0.0496
William Hsieh,Zach Gonnering,0.0035,0.0498
Braylon Ohrel,Eric Gilbert,-0.01,0.0527
Jack Wasserman,Gabe Falls,0.002,0.053
Jarryd Woog,Lauren Cole,0.0162,0.0533
Tatiana Ruhl,Louis Laville,-0.0022,0.05
James Delgado,Pierina Imparato,0.007,0.0506
Bruno Faletto,Aibika Kalsarieva,-0.007,0.0502
Ryan Gilbert,Sophie Abrams,-0.0033,0.0492
Jason Loyd,Abigail Okelley,0.0075,0.0491
Hudson De Risi,Eileen Wang,0.005,0.0513
Warren Robinson,Anri Ferris,-0.0004,0.0527
Tom Protzek,Giovanna Morelli,-0.0089,0.0522
Zach Gonnering,Ava Ignatowich,0.0019,0.0518
Carlos Pavon,Francesca Marto,-0.0034,0.0513
Isabella Dunlap,Christopher Haworth,0.0185,0.0496
Jessica Haywood,Joshua Giannelli,-0.002,0.0499
Haley Ferguson,Colby Hill,0.0005,0.0475
Jaden Lam,Elise Fortino,0.0004,0.0495
Ella Yeh,Michael Loyd,0.0024,0.0502
Jake Anderson,Keilly Ulery,0.0293,0.0478
Luana Stanciu,Wesley Burrows,-0.0027,0.0512
Claire Thompson,Eric Davidson,-0.0009,0.0524
Samantha Buyckx,Daniel Miron,0.0185,0.0513
Oscar Serra,Ashley Griffith,0.0036,0.0494
Jhonnatan Medina Alvarez,Nicole Conard,0.0022,0.05
Usama Khalid,Komal Safdar,-0.0184,0.0488
Benjamin Bramblett,Cassie Quast,-0.0048,0.051
Alicia Lai,Harrison Yee,-0.0105,0.0511
Emma Cook,Ethan Bakalinsky,-0.0046,0.0508
Brianna McCullock,Javier De León Albors,-0.0055,0.0536
Jack Holloway,Catrina Coyner,0.0016,0.0521
Elisha Turner,Eden Malloy,-0.0057,0.0505
Lova Metor,Masa Grgan,-0.0191,0.0508
TJ Rudden,Karolina Fleming,0.0035,0.0528
Mikael Vollbach,Katelyn Hilliard,0.0044,0.0497
Chase Brautman,Rachel Summers,0.0012,0.0512
Ana Gordon,Perry Wang,-0.0068,0.0525
Preston Gordon,Stevie Petropouleas,0.0071,0.0509
Rosen Naydenov,Marie Lutz,-0.0127,0.0499
Alexander Grubbs,Brie Aldridge,0.0063,0.0518
Antonio Medina,Mikaela Smith,-0.01,0.0518
Andrew Wang,Evie Kenna,-0.0072,0.0512
Kenai Rios,Meray Maalouf,0.0023,0.0492
Natalie Kim,Alex Guy,-0.0104,0.0481
Will Lieberman,Michael Silvio,0.0034,0.052
Katerina Stewart,Riley Bohnert,0.0154,0.051
Abla Mannarino,Fatyha Berjane,0.014,0.0514
Nicholas Wade,Zach Gonnering,-0.0037,0.0532
Carlista Mohammed,Cre Still,-0.001,0.0524
Valerie R Simon,Emanuel Dickson,-0.0005,0.0495
Mia Turcsany,Karthik Ganesh,0.0032,0.0501
Rafael Lenhard,Chloe Diskin,-0.0067,0.0529
Eva Kohutova,Devon Sikora,-0.0008,0.0549
Paul Davis,Ryan Lucci,-0.0003,0.0536
Emanuel Dickson,Jordan Chrysostom,0.0057,0.0518
Kenai Rios,Itziar Rios,-0.0012,0.0524
Jake Anderson,Usama Khalid,-0.0116,0.0502
Tristan Cooley,Logan Thompson,0.007,0.0509
Evan Ankrom,Cody Hutcherson,-0.004,0.0506
Mary McGowan,Dale Kim,0.0091,0.0521
Michael Forster,Adair Garcia,-0.001,0.0515
Brie Aldridge,Louis Laville,-0.0045,0.0522
Hannah Murray,Jake Benjamin,0.001,0.0523
Samantha Buyckx,Estee Widdershoven,0.0027,0.0513
Arianna Raga,Kayla Teape,-0.0017,0.0549
Regina Goldberg,Ava Cavataio,-0.0011,0.0525
Brittany Levkulich,Ellie Skingley,0.0019,0.0515
Aiden Sipe,Jake Benjamin,-0.0041,0.0519
Javon Turcsany,Bryson Alexander,-0.0008,0.0506
Natalie Pai,Allison Epstein,-0.0029,0.0525
Madelyn Porter,Chelsea Shull,-0.0028,0.0511
Nicolas Acevedo,Johnny Goldberg,0.0173,0.0512
Oscar Serra,Anne-Sophie Courteau,-0.01,0.0512
Stephen Preissler,Louis Laville,-0.0076,0.0517
Tucker Segars,Haley Ferguson,0.0007,0.0529
Ellie Skingley,Bharat Karunakaran,0.0031,0.0499
MJ Greiner,Ethan Bakalinsky,-0.0043,0.0517
William Hsieh,Elijah Chernoff,0.0007,0.0529
Mats Dolese,Fatyha Berjane,0.0007,0.0516
Jazz Hearn IV,Samuel Gabet,0.0003,0.0491
Joshua Reason,Samuel Gabet,-0.0013,0.0504
Kamden Bradstreet,Bharat Karunakaran,0.0028,0.0512
Ameen Hafez,Billy Cooke,-0.0042,0.0512
Riley Durkin,Cre Still,-0.0077,0.0487
Louise Kwong,Jay Evans,-0.0038,0.0523
Indigo Dagnall,Karthik Ganesh,-0.0048,0.0492
Ernesto Fajardo,Tobias Moreno,-0.0023,0.0508
George Rangelov,Bret Berryman,0.0044,0.0509
Sam Libo,Nicholas Howell,-0.0016,0.0524
Abigail Okelley,Easton Horricks,0.0029,0.0519
Zach Gonnering,Stevie Petropouleas,0.0053,0.0525
Poongi Hong,Kelsey Laurente,0.0037,0.0533
Zachary Higginson,Rey Greenlaw,0.0065,0.0494
Benjamin Brietz,Ethan Jauschneg,-0.0065,0.0516
Caleb Herrick,Hannah Shin,0.004,0.0527
Arianna Raga,Matthew Finnerty,-0.002,0.0505
Nicholas Wiseman,Austin White,0.0036,0.0524
Steve Thyden,Tim McMahon,-0.0002,0.0521
Thomas Provost,Varun Ganti,0.0115,0.05
Ava Cavataio,Nicolas Acevedo,-0.0041,0.052
Mats Dolese,Evan T,-0.0044,0.0489
Lisa Borowsky,Ali Quintero,0.0057,0.053
Ernesto Fajardo,Madalina Grigoriu,-0.0047,0.0495
Daniel Traxler,Eddy Kim,-0.0047,0.0522
Riley Newman,Zoey Weil,-0.0058,0.0519
Andrei Daescu,Kaitlyn Christian,0.0122,0.0495
Jonathan Truong,Liz Truluck,-0.0035,0.0529
Ella Yeh,Andrew Caldarella,0.0067,0.0499
Max Freeman,Alex Walker,-0.0023,0.05
Mohaned Alhouni,Martina Frantova,-0.008,0.0519
Tom Protzek,Rachel Summers,-0.0038,0.0515
Nicole Conard,Pesa Teoni,0.0072,0.0489
Juan Benitez,Ava Ignatowich,0.0002,0.0501
Ting Chieh Wei,Anderson Scarpa,0.0034,0.0523
Edward Perez,Julia Ronney,-0.0002,0.0489
Brandon French,Mehvish Safdar,-0.002,0.0514
Lacy Schneemann,Wyatt Stone,-0.0056,0.0515
Tom Protzek,Jay Devilliers,0.0052,0.0483
Rachel Rohrabacher,Etta Tuionetoa,0.0041,0.0488
Lingwei Kong,Rachel Summers,-0.0002,0.0512
Camden Chaffin,Anderson Scarpa,-0.0106,0.053
AJ Koller,Connor Garnett,0.0076,0.051
Paula Rives,Brooke Caruso,0.0024,0.0496
Jade Rau,Julia Ronney,-0.0027,0.0487
Spartak Rahachou,Braden Jacobson,0.0018,0.05
Anna Leigh Waters,Jorja Johnson,0.0243,0.0475
Catherine Parenteau,Tyra Hurricane Black,0.0207,0.0522
Hannah Blatt,Angie Walker,0.0028,0.0525
Mohaned Alhouni,Pesa Teoni,-0.0016,0.0527
Martina Frantova,Mehvish Safdar,-0.0113,0.0504
Kaitlyn Christian,Lea Jansen,-0.0052,0.0498
Andrew Caldarella,Mota Alhouni,-0.0086,0.0522
Mya Bui,Cailyn Campbell,-0.0005,0.0499
James Delgado,Gregory Dow,0.0079,0.0517
Jalina Ingram,Christa Gecheva,0.0079,0.0523
Chloe Igleski,Emma Nelson,0.0004,0.0512
Jada Bui,Mya Bui,-0.0067,0.0483
Alia Brown,Madalina Grigoriu,-0.0017,0.05
Zach Gonnering,Jake Anderson,0.0242,0.049
Poongi Hong,Michael Vallejo,0.0041,0.0506
Colton Thielman,Christian Lund,-0.0059,0.0503
Eduardo Correia,Benjamin Pepion,-0.0045,0.0524
Gautham Bondugula,Daniel Gallegos,-0.0092,0.0496
Samantha Buyckx,Kelsey Laurente,-0.0017,0.0521
Arianna Raga,Ali Quintero,-0.0062,0.052
Piercarlo Usai,Domenico Geminiani,-0.0002,0.0499
William Owens,Brayden Nguyen,-0.0029,0.0503
Preston Engel,Noah Waddell,0.0058,0.0493
Ahmad El-Zarif,Stephen Preissler,0.0219,0.0495
Austin Bricker,Adam Harvey,0.0017,0.0473
Michael Leonard,John Lucian Goins,-0.0071,0.0503
Connor Mogle,Jose Martinez,0.0004,0.0512
Seone Mendez,Jessica Warren,-0.0052,0.0529
Kayla Williams,Keilly Ulery,0.0012,0.0499
Andrew Loftin,Amir Evgamukov,0.0013,0.0503
Mark Dancuart,Tanner Tomassi,-0.0004,0.0508
Robby Greenlaw,Thiago Braga,-0.0004,0.0525
Robert Laidlaw,Connor Duvally,-0.0084,0.0494
Julian Slive,Adair Garcia,-0.0073,0.0522
Cole Whitaker,Nicholas Wade,-0.0083,0.0548
Logan Rowe,Joe Wiencek,-0.0006,0.053
Eliel Herminas,Jorge Garcia,-0.0007,0.0522
Freddie Powell,Zachary Card,0.0318,0.055
Grayson Goldin,William Sobek,0.0074,0.0518
MJ Greiner,Dylan Lewis,0.004,0.0518
Riley Bohnert,Marisa Ruiz,0.0003,0.0513
George Rangelov,Nejc Sitar,-0.005,0.0497
Mark Growcott,Bret Berryman,0.0017,0.0506
Kleyton Martins da Silva,Carlos Miranda,0.0012,0.0506
Tom Protzek,Martin Emmrich,-0.0059,0.0502
Elsie Hendershot,Lina Padegimaite,-0.0017,0.049
Brie Aldridge,Morgan Downing,0.0015,0.0498
Adalynn Lund,Monica Perez,0.0012,0.0519
Caio Bardauil,Rey Greenlaw,0.0024,0.0506
Chris Walker,Nicholas Romano,0.0063,0.0519
Rodrigo Reyes,Maksims Kazijevs,-0.0144,0.0547
Jay Evans,William Hsieh,0.0092,0.0505
Brian Chamberlin,Tyler Glowaki,-0.0046,0.0508
TJ Rudden,Matthew Mead,-0.008,0.0509
Ryan Nolan,Dan Nguyen,-0.0049,0.0516
Camden Chaffin,Juan Benitez,0.0116,0.0512
Nicole Conard,Paula Rives,-0.0049,0.0526
Alexis Almy,Olivia Almy,-0.0001,0.0542
Michelle McMahon,Stephanie Galainena,-0.0021,0.0518
Haley Ferguson,Sharienne Ricardo,-0.004,0.0496
Parth Mody,Ben Slive,-0.0004,0.0507
Joshua Elliott,Jae Centonze,0.0123,0.0517
Ryan Lucci,Diego Lebron Perez,0.0074,0.0537
Caroline Stepnowski,Veronica Alteri,-0.0007,0.0512
Andrea Koop,Mari Humberg,-0.0009,0.0509
Jazz Hearn IV,Kimberly Bacalla,-0.0045,0.0517
Brett Barrette,Elijah Chernoff,-0.0115,0.0524
Tim Ahlersmeyer,John Moorin,0.0015,0.0512
Noah Torres,Brendan Gallagher,-0.0129,0.0524
Lauren Lennertz,Christee Chargot,-0.001,0.0475
Scout Johnson,Adrienn Hidvegi,-0.0007,0.0535
Ernesto Fajardo,Alia Brown,-0.0089,0.0525
Seone Mendez,Jake Anderson,0.0148,0.0507
Nicole Conard,Freddie Powell,-0.0012,0.0482
Marisa Ruiz,Jae Centonze,-0.0217,0.0506
Jay Evans,Katie Mell,-0.0055,0.0505
Eva Kohutova,Jake Benjamin,-0.0028,0.0546
Jazz Hearn IV,Julian Slive,0.0105,0.0516
Natalia Maynetto,Domenico Geminiani,0.0011,0.0537
Veronica Alteri,Diego Lebron Perez,0.001,0.0546
Mark Dancuart,Riley Bohnert,0.0121,0.0576
Tobias Moreno,Ali Quintero,-0.0021,0.0513
Jada Bui,Juan Benitez,0.0017,0.0518
Zach (ernesto) Hunter,Christa Gecheva,0.0011,0.0494
Madalina Grigoriu,Nejc Sitar,-0.0038,0.051
Mehvish Safdar,Anouar Braham,0.0163,0.0494
Jhonnatan Medina Alvarez,Olivia McMillan,0.0107,0.0514
Jemere Plummer,Victoria Simon,-0.0034,0.0506
Austin Bricker,Mya Bui,-0.0062,0.0502
Tanner Tomassi,Jessica Warren,0.0044,0.0527
Caroline Stepnowski,Joe Wiencek,0.0034,0.0533
Andrew Loftin,Brittni Tonnessen,0.0169,0.0517
Zachary Higginson,Valerie R Simon,-0.0055,0.0494
Martina Frantova,William Sobek,-0.0037,0.0507
Andrea Koop,Camden Chaffin,-0.0126,0.0525
Caio Bardauil,Michelle Esquivel,0.0015,0.0509
Kimberly Bacalla,Ben Slive,-0.0016,0.0513
Mandy Gabriel,Michael Leonard,-0.0101,0.0542
Arianna Raga,Vladimir Orellana,0.0016,0.0537
Vincent Rettke,Andrea Miller,-0.0077,0.0501
Alicia Lai,Miles Hoover,-0.0064,0.0532
Eliel Herminas,Monica Perez,-0.0008,0.0543
Tom Protzek,Tamaryn Emmrich,-0.0076,0.052
Haley Ferguson,Adam Harvey,-0.0053,0.0513
Zach Gonnering,Christee Chargot,-0.0015,0.0516
Morgan Downing,Brendan Gallagher,0.0072,0.0489
Samantha Buyckx,Michael Vallejo,-0.0124,0.0499
Jake Panno,Eric Diaz,0.0028,0.0513
Janaye Sakkas,Joshua Yoo,0.0002,0.0551
Nicolas Almeida,Karthik Ganesh,-0.0059,0.0522
Carson Nguyen,Sunny Krittayaweth,0.0006,0.0534
Abigail Okelley,Will Mackinnon,-0.0008,0.0486
Kelly Jensen,Eric Diaz,0.0049,0.0505
Brodie Smith,Omar Garcia-Heredia,-0.0016,0.0527
Maddox Castellanos,Rob Hutchins,0.0026,0.0547
Carlota Trevino,Rafael Lenhard,-0.0148,0.0521
Jessica Bowman,Matthew Mead,0.0046,0.0532
Cori Sidell,Tayah Cross,-0.0007,0.0514
Natalie Hur,Lyn Yuen Choo,0.0074,0.0497
Santhosh Narayanan,Harrison Brown,0.0052,0.0527
Elliott Schupp,Kyle Koszuta,0.0134,0.051
David Litvinov,Maddy Rasmusen,0.0009,0.0511
Jase Edwards,Dana Raugust,0.0013,0.0492
Josh Barber,Liam Jesperson,0.0067,0.0525
Michelle McLaughlan,Alyssia Fossorier,-0.0055,0.0495
Victor Rodrigo,Matt Burkhardt,0.0105,0.0503
Anderson Ju,Harrison Yee,-0.002,0.0509
Chase Holderman,Derek Shearer,-0.0074,0.051
Indigo Dagnall,Armaan Jiwa Mawji,-0.0034,0.0542
Connor McCartney,Jack Sahid,0.0013,0.0522
Naomi Nguyen,Rio Newcombe,-0.0057,0.0517
Kathryn Glavinovich,Blake Suard,-0.0027,0.0532
Isabella Hoang,Matt Burkhardt,0.0036,0.0528
Averee Beck,Joel Poland,0.0088,0.0493
Cc Eleven Sacca,Ethan Bakalinsky,0.005,0.0507
Nicolas Almeida,Stevie Petropouleas,0.0106,0.0504
Dayna La Belle,Sunny Krittayaweth,-0.0046,0.0521
Preston Lynch,Fabian Jacobo,-0.0068,0.0529
Anderson Ju,Chloe Pham,0.0009,0.0498
Matthew Powley,Mackenzie Lee,-0.0022,0.0523
Olivia Phillips,Braden Jacobson,-0.0024,0.0498
Ishan Balakrishnan,Julianne Le,-0.0076,0.0498
Josh Barber,Tayah Cross,-0.0032,0.0519
Natalia Simson,Karthik Ganesh,0.0081,0.0494
Dawoud Ghafarshad,Carl Taibl,-0.001,0.0475
Natalia Simson,Caroline Maguire,0.0201,0.0536
Olivia Phillips,Maddy Rasmusen,0.0003,0.0523
Naomi Nguyen,Averee Beck,0.0025,0.0519
Carlota Trevino,Cc Eleven Sacca,0.0137,0.05
Hannah Ward,Michael Kuhlman,0.0031,0.0516
Julianna Hess,Jessica Ho,-0.0048,0.0489
Lyn Yuen Choo,Ryan Skufca,0.0084,0.0501
Michelle McLaughlan,Chase Ora,0.0042,0.0509
Janet Liu,Angel Hernandez,-0.003,0.0525
Mike Radermacher,Jessica Ho,-0.0065,0.0502
Dylan Fullmer,Justin Fullmer,0.0028,0.0536
Josh Bellisime,Matthew Mead,-0.0042,0.0533
Isaac Hall,Aiden Schliekelman,-0.0038,0.0491
Ant Tran,Flynn Orton,0.0077,0.053
Roman Hill,Alexander Valencia,-0.0035,0.0496
Ethan Bakalinsky,Eddy Kim,0.0172,0.0515
Tennessee P,Logan Formaniuk,-0.0044,0.0544
Levi Daniel,Amir Tabatabaeian,0.0052,0.0489
Duncan Mulenga Jr.,Martin Thomas,-0.0076,0.0503
Savanna Ticknor,Jace Howard,-0.0065,0.0522
Julianna Hess,Aizec Olson,0.0055,0.053
Scott Berke,Chloe Diskin,-0.0061,0.0527
Cori Sidell,Harrison Brown,-0.0004,0.0515
Aizec Olson,Lucas Bellamy,-0.004,0.0523
Luke Calvert,William Gardner,-0.0007,0.0529
Janet Liu,Tiffany Wang,-0.0018,0.0531
Hayden Rand,William Hsieh,0.0008,0.0509
Beau Martin,Kyle Borawski,-0.0053,0.0505
Louie Payetta,Chase Ora,-0.0028,0.0526
Aaron Li,Matthew Powley,0.0046,0.0522
Duncan Mulenga Jr.,Journey Barajas,-0.0017,0.0513
Jordan Theron,Chiron Burl,0.0059,0.0513
Mackonner Dy,Michael McCaffrey,-0.0011,0.0557
Tanner Suard,Blake Suard,-0.0083,0.0514
Chas Howard,Ethan Mahony,-0.0012,0.0514
Maggie Brascia,Augustus Ge,-0.0157,0.0517
Jade Rau,Cason Campbell,0.0048,0.0522
Kento Tamaki,Claudio Quinones Garcia,-0.0002,0.0544
Catherine Parenteau,Gabriel Tardio,-0.0208,0.0485
Christine Trifunovic,Spartak Rahachou,-0.0008,0.0524
Elsie Hendershot,Andrew Caldarella,0.0106,0.0502
Rafa Hewett,Genie Bouchard,0.0044,0.0482
Austin Bricker,Camila Zilveti,0.0006,0.0512
Luana Stanciu,Wil Shaffer,-0.001,0.0498
Juan Benitez,Brooke Caruso,-0.0002,0.0496
Tamaryn Emmrich,Grayson Goldin,-0.0138,0.0501
Eric Oncins,Meghan Dizon,-0.0018,0.0469
Collin Johns,Albie Huang,0.0083,0.0506
Max Freeman,Milan Rane,-0.0025,0.0535
Armaan Bhatia,Mya Bui,-0.0057,0.0518
Riley Newman,Cailyn Campbell,0.0106,0.0508
Tom Protzek,Allison Phillips,0.003,0.0518
David Litvinov,Angel Hernandez,0.0006,0.0517
Ross Whittaker,Ava Ignatowich,0.0049,0.0518
Tyler Loong,Kiora Kunimoto,0.0026,0.0522
Naveen Beasley,Rio Newcombe,0.0125,0.0515
Zoeya Khan,Brandon French,-0.0008,0.0527
Noe Khlif,Tina Pisnik,0.0036,0.0521
Callie Smith,CJ Klinger,0.0101,0.0505
Luc Pham,Giovanna Morelli,0.0186,0.0516
Blaine Hovenier,Jade Kawamoto,-0.0157,0.0522
Albert Wan,Dylan Goldman,-0.0041,0.0516
Roscoe Bellamy,Alex Walker,-0.0006,0.0541
Donald Young,Lindsey Newman,0.0045,0.0517
Lingwei Kong,Michael Loyd,0.0042,0.05
Rachel Rohrabacher,Will Howells,0.0065,0.0529
Eric Roddy,Marcela Aguila Ampon,-0.0046,0.0507
Jay Devilliers,Jessie Irvine,0.0031,0.0504
Liz Truluck,Martin Emmrich,-0.0107,0.0501
Mary Brascia,Wyatt Stone,0.0034,0.0487
Jack Sock,Mari Humberg,0.0008,0.0523
Hannah Blatt,Christopher Haworth,0.0086,0.0508
Abigail Okelley,Stevie Petropouleas,-0.0072,0.0508
Tyler Loong,Brandon French,0.0056,0.0485
Abbigal Hatton,Albie Huang,0.01,0.0532
Tam Trinh,Juan Benitez,-0.0021,0.0492
Luana Stanciu,Rachel Rettger,-0.0068,0.051
Ella Yeh,Jaeda Minniefield,-0.0054,0.0501
Hunter Johnson,Wyatt Stone,-0.0053,0.0495
Samantha Parker,Christa Gecheva,0.0106,0.0484
Zoeya Khan,Kiora Kunimoto,-0.0042,0.0526
Zane Navratil,Blaine Hovenier,0.0077,0.0505
Michael Loyd,Donald Young,-0.0098,0.0484
Stephen Madonia,Connor Mogle,0.0079,0.0508
Cailyn Campbell,Giovanna Morelli,-0.0049,0.0522
Daniel Phillips,Chuck Taylor,0.003,0.0521
Armaan Bhatia,Yuta Funemizu,0.0113,0.0521
Ross Whittaker,Ivan Jakovljevic,-0.0076,0.0504
Jack Sock,Pablo Tellez,0.027,0.0504
Andrew Caldarella,John Cincola,-0.0041,0.0507
Craig Johnson,Luke Wasson,-0.0022,0.0499
Pesa Teoni,Luc Pham,-0.0078,0.0515
Caden Nemoff,Wesley Burrows,0.004,0.05
Andrei Daescu,Lacy Schneemann,0.0003,0.052
Riley Newman,Will Mackinnon,-0.0313,0.0518
Jay Devilliers,Dekel Bar,-0.0177,0.0488
Lina Padegimaite,Judit Castillo,-0.0046,0.0522
Lucy Kovalova,Milan Rane,-0.0025,0.0513
Jalina Ingram,Pierina Imparato,-0.0062,0.0529
Andrei Daescu,Federico Staksrud,-0.0108,0.0468
Rafa Hewett,Collin Johns,-0.0074,0.0507
Mya Bui,Paula Rives,0.0525,0.0512
Alexis Hayden,Jamie Voelker,-0.0051,0.0489
Frank Welsher Iii,Molly Griganavicius,-0.001,0.0526
Louise Kwong,Sam Angelo,-0.0058,0.053
Tobias Golberg,Edward Kim,0.0008,0.0522
Olga Zavarotnaya,Tobias Golberg,-0.0066,0.0533
Josiah A,Bridget Aguado,0.0004,0.0491
Jacqueline Vitale,Edward Kim,-0.0096,0.0521
Stephanie Alliev,Matt Haugdahl,-0.0003,0.0527
Paul Salmela,Jeremiah Norton,-0.0043,0.0509
Ariana Ajani,Kitri Boser,-0.0083,0.0475
Jasper Schaadt,Karthik Ganesh,0.0162,0.0511
Louise Kwong,Stephanie Alliev,-0.0024,0.051
Vritti Sethi,Victoria Nguyen,0.0022,0.0529
Vova Zverkovsky,Volly Johnson,-0.0021,0.0529
April Lommen,Mike Radermacher,-0.0068,0.0525
Elliot Schneider,Brittni Tonnessen,0.0037,0.0522
William Hsieh,Jonah Karczmer,-0.0009,0.0497
Frank Welsher Iii,Justin Vizconde-Sopanarat,0.001,0.053
Mia Purdun,Alison Brown,0.0011,0.053
Molly Griganavicius,Natalia Simson,-0.0051,0.0522
Steven Will,Matt Haugdahl,-0.0002,0.0496
Brittni Tonnessen,Volly Johnson,-0.004,0.0495
George Rangelov,Zach Gonnering,-0.0056,0.0505
Tommy Labat,David Dutrieuille,0.0042,0.0535
Monika Wynne,Freddie Powell,0.0091,0.0506
Manik Tandon,Brian Anderson,0.0003,0.0495
Mia Purdun,Chris Olson,-0.0067,0.0485
Zach Gonnering,Kitri Boser,0.0056,0.0504
Jesse Fan,Tayven Phiravong,-0.0068,0.0531
Chrissie Cruz,Jaikin Gomez,0.0049,0.0508
Victoria Nguyen,Mouaad Alhouni,0.0075,0.051
Nisal Liyanage,Luke W,-0.0012,0.05
Matt Bozoian,Blake Suard,-0.0005,0.0511
Ernesto Fajardo,Brayden Nguyen,0.0065,0.0506
Matthew Krakowski,Vova Zverkovsky,0.0022,0.0554
Elliot Schneider,Tim Jarmusz,-0.0033,0.0494
Freddie Powell,Eli Steiner,0.0024,0.052
Christian Tanner,Khalijawan Barber,-0.0013,0.0535
Ajit Kurki,Brenden Everhart,0.0058,0.051
Emir Hamzic,Martin Stanchev,-0.0067,0.0533
Ernesto Fajardo,Sydney Sonday,0.0066,0.0519
Ariana Ajani,Martin Stanchev,-0.0009,0.0502
Olga Zavarotnaya,Jacqueline Vitale,0.0061,0.0514
Vritti Sethi,Justin Vizconde-Sopanarat,-0.0035,0.0517
Alexis Hayden,Joel Cassens,0.001,0.0523
Sergii Pogoretskyi,Hannah Pardus,-0.0022,0.0518
Mehvish Safdar,John Lucian Goins,-0.0035,0.0509
Anouar Braham,Marcela Aguila Ampon,-0.0038,0.0523
Mohaned Alhouni,John Lucian Goins,0.0014,0.0493
Hannah Blatt,Zane Navratil,-0.0035,0.05
Edward Perez,Ashley Griffith,0.0002,0.0519
Zane Ford,Lindsey Newman,0.0046,0.0489
Lingwei Kong,Martin Emmrich,-0.0025,0.0502
Connor Mogle,Abbigal Hatton,0.0153,0.0545
Camden Chaffin,Christopher Haworth,0.0097,0.0518
Lauren Stratman,Wyatt Stone,-0.0103,0.0534
Jace Morris,Pesa Teoni,-0.0036,0.0516
Zoey Weil,Jaume Martinez Vich,-0.0105,0.0498
Rafa Hewett,Valerie R Simon,0.0108,0.052
Caden Nemoff,Luana Stanciu,0.0003,0.0496
Roscoe Bellamy,Lina Padegimaite,0.0024,0.0493
Chuck Taylor,Patrick Smith,-0.0053,0.0528
Mota Alhouni,Anouar Braham,0.0061,0.0526
Gabriel Joseph,Connor Mogle,-0.0115,0.053
Will Mackinnon,Ava Ignatowich,0.0098,0.0529
Tama Shimabukuro,Luc Pham,0.0075,0.0503
Ross Whittaker,Edward Perez,-0.0029,0.0504
Donald Young,Olivia McMillan,0.0011,0.0533
Callie Smith,Hunter Johnson,-0.0166,0.0505
Ella Cosma,Luc Pham,0.0029,0.0535
Zoeya Khan,Anderson Scarpa,0.0025,0.0543
Daniel Phillips,Tatiana Ruhl,-0.0025,0.0537
Paula Rives,Darrian Young,0.0044,0.0503
Dekel Bar,Allyce Jones,-0.0071,0.0518
Julian Arnold,Martin Emmrich,-0.0006,0.0498
Christa Gecheva,Isabella Dunlap,-0.0081,0.0487
Allison Phillips,Mehvish Safdar,0.0017,0.0538
Dekel Bar,Wyatt Stone,0.024,0.0505
Blaine Hovenier,Hunter Johnson,-0.0061,0.0528
Hannah Blatt,Tamaryn Emmrich,-0.0051,0.0491
Mota Alhouni,Victoria Simon,-0.0108,0.0526
Tom Protzek,Yates Johnson,0.0001,0.0518
Federico Staksrud,CJ Klinger,0.0139,0.053
Zoey Weil,Andrea Koop,-0.0066,0.0525
Nicole Conard,Kiora Kunimoto,-0.0027,0.0495
Cailyn Campbell,Tina Pisnik,0.0095,0.0515
Armaan Bhatia,Grayson Goldin,-0.0001,0.0529
Nicholas Wade,Bret Berryman,0.0108,0.0527
Antonio Medina,Michael McCaffrey,0.0048,0.0529
Janet Liu,Kelly Chen,-0.0148,0.0496
Jazz Hearn IV,Chloe Diskin,0.0055,0.0507
Pally Ray,Shamus Flanagan,0.0128,0.0512
James Kaoma,Nick Werner,-0.0063,0.05
Alia Brown,Anne-Sophie Courteau,-0.0088,0.0532
Anastasia Outekhine,Jaiden Sam,-0.0063,0.0527
Ashlee Candelaria,Kelly Goodnow,-0.0114,0.051
Jasraj Sethi,Theo Yun,-0.0049,0.0521
Spencer Duane,John Hopkins,0.0017,0.049
Pieter De Vries,Sebastian Gutierrez,0.0132,0.0517
Austin Bricker,Connor Mogle,-0.0241,0.0491
Andre Mercado,Wil Shaffer,0.0097,0.0512
Lucas Pascoe,Zach Gonnering,-0.0119,0.0529
Armando Ferreira,Mikar Larenzo Fisher,-0.005,0.0512
Connor McCartney,Rio Newcombe,0.0186,0.0516
Tama Shimabukuro,Riley Inn,0.0009,0.0521
Evan Zoeteman,Alexandre Medawar,-0.0035,0.0504
Allison Phillips,Samantha Parker,0.0443,0.0478
Sydney Sonday,Zoey Weil,-0.0028,0.0493
Wendy Weston,Katie Neils,0.0067,0.05
Andre Vu,Eddy Kim,-0.0077,0.0514
Bret Balka,Eric Gettler,-0.0057,0.0535
Caden Nemoff,Jaikin Gomez,-0.0085,0.0514
Jaden Lam,Gregorie Vinueza-Daly,0.0053,0.0497
Mulima Mulenga,Enrique Porchas,-0.0004,0.0519
Maverick Messinger,Jace Howard,0.0005,0.051
Jessica Wilcox,Karina Lam,-0.01,0.0507
Chloe Igleski,Mary Monson,0.0011,0.0476
Vamsi Krishna Suddapalli,Timothy Hughes,-0.0087,0.0499
Yolena Carlon,Marie Lutz,-0.001,0.0531
Albert Wan,Matt Burkhardt,0.0003,0.0491
Jackson Ayotte,Armaan Jiwa Mawji,-0.0126,0.0525
Matthew Mead,Matthew Finnerty,0.0033,0.0499
Duncan Mulenga Jr.,Devon Sikora,0.0043,0.0487
Joe Prince,Craig Johnson,-0.0061,0.0484
Trevor Machek,Jaxon Thomas,-0.0002,0.0509
Amory Yagar,Ruben Osorio,0.0003,0.0495
R Kedam,Dan Nguyen,-0.0058,0.0522
Naomi Nguyen,Dana Raugust,-0.0073,0.0503
Daniel Phillips,Braden Jacobson,-0.0181,0.0508
Grayson Brandon,Sammy Lee,-0.0083,0.0491
Rian Weston-Dodds,Ian Anderson,-0.0003,0.0506
Victor Camilo Iii,Timothy Aurelio,-0.0024,0.0505
Monika Wynne,Maddy Rasmusen,0.0025,0.0487
Sara Bochte,Andrea McDaniel,-0.0083,0.0536
Jak Crow,Matthew Melgar,-0.003,0.0523
Jake Anderson,Eli Steiner,-0.0138,0.0518
Mike Radermacher,Karson Feyereisen,0.0045,0.0531
Armaan Jiwa Mawji,Stevie Petropouleas,-0.0118,0.0523
Anastasia Outekhine,Ruben Osorio,0.0054,0.0515
Miles Hoover,Jaeda Minniefield,0.0332,0.0508
Sammy Lee,Alia Brown,-0.002,0.0468
Molly Ticknor,Devon Sikora,-0.0018,0.05
Mila Bonfitto,Shamus Flanagan,-0.0019,0.0514
Lindsey Newman,Rio Newcombe,-0.0075,0.0493
Maddy Rasmusen,Braden Jacobson,-0.0061,0.0504
Naomi Nguyen,Joel Poland,-0.017,0.0545
Pieter De Vries,Chloe Diskin,-0.0103,0.0487
Wendy Weston,Matthew Mead,-0.0056,0.0513
Maverick Messinger,Kelly Goodnow,-0.0066,0.0479
Jaikin Gomez,Mary Monson,0.0048,0.0505
Chloe Igleski,Lucas Pascoe,0.0184,0.0517
Tama Shimabukuro,Samantha Parker,-0.0031,0.0509
Louise Kwong,Victor Camilo Iii,-0.0014,0.0494
Mike Radermacher,Mara Vasvatekis,0.0014,0.0498
Zoey Weil,Pesa Teoni,0.002,0.0484
Jalina Ingram,Rafael Lenhard,0.01,0.0515
Daniel Phillips,Allison Phillips,-0.0105,0.0508
Yolena Carlon,Jackson Ayotte,0.0127,0.0508
Charles Case,Lily Goodwin,-0.0041,0.0527
Katie Neils,Michael McCaffrey,0.0036,0.0519
Monika Wynne,Matt Burkhardt,0.0172,0.0491
Karina Lam,Jace Howard,0.0035,0.0507
Antonio Medina,Jessica Wilcox,-0.0099,0.0512
Caden Nemoff,Christine Trifunovic,-0.0086,0.0519
Jazz Hearn IV,Vincent Rettke,-0.0174,0.053
Kayla Williams,Zach Gonnering,0.0105,0.0527
Daniel Miron,Bret Berryman,-0.0032,0.0491
Braylon Ohrel,Ethan Bakalinsky,0.012,0.0512
Adalynn Lund,Abigail Okelley,0.0029,0.0509
Chandra Kusuma,Morgan Downing,-0.0036,0.0536
Caleb Herrick,Stevie Petropouleas,0.0,0.0531
David Creswell,Ethan Dysert,0.0074,0.0492
Noah Waddell,Alec Lamacchio,0.0076,0.0503
Savanna Ullmann,William Owens,-0.0013,0.0512
Julie Axelrod,Jake Benjamin,-0.0075,0.0523
Wendy Weston,Elizabeth Roy,0.0025,0.05
Maria Ford,Stevie Petropouleas,-0.0071,0.0499
Garrett Peterson,Jose Martinez,-0.0054,0.0502
Mikar Larenzo Fisher,Jonah Karczmer,0.0105,0.0506
Amir Evgamukov,Domenico Geminiani,0.0088,0.0524
Haley Ferguson,Masa Grgan,0.0162,0.0506
Rachael James,Evie Kenna,0.0092,0.0489
Alex Rastorgouev,Jake Benjamin,0.013,0.0518
Emma Wang,Vritti Sethi,-0.0085,0.0511
Abigail Okelley,Dale Kim,0.0035,0.0524
Jaikin Gomez,Brittni Tonnessen,0.0043,0.0513
Kentaro Hamaguchi,Haley Ferguson,-0.0009,0.0508
Morgan Downing,Benjamin Bramblett,0.0103,0.0498
Zach Gonnering,Grace Miller,0.0028,0.0516
Vritti Sethi,Edgaras Zilys,0.0236,0.052
Michael Coleman,Bryan Rodriguez,-0.0072,0.0525
Elisha Turner,Andi Godwin,-0.0095,0.0505
Flynn Orton,Yaamunan Venkatesan,0.0076,0.0507
Jasper Schaadt,Edgaras Zilys,-0.0034,0.0494
Parth Mody,Keilly Ulery,0.001,0.0532
Evie Kenna,Andrew Angulo,-0.0074,0.0534
Kentaro Hamaguchi,Juan Varon,0.0032,0.0523
Wade Bryant,Nicholas Wade,-0.0036,0.05
Jaikin Gomez,Karthik Ganesh,-0.0006,0.0526
Noah Torres,Justin Dages,0.0204,0.0516
Andrew Angulo,Austin White,0.0019,0.0519
Andi Godwin,Mia Turcsany,0.0004,0.052
Jessica Jones,Christee Chargot,-0.0046,0.0533
Zach Gonnering,Jayce Landheer,-0.0111,0.0503
Wendy Weston,Jake Anderson,0.0013,0.052
Emily Lewis,Grant Kayworth,0.0028,0.0523
Ernesto Fajardo,Jake Anderson,0.0022,0.0521
Chandra Kusuma,Eli Steiner,-0.0071,0.0523
Ahmad El-Zarif,Tobias Moreno,0.0003,0.0499
Elisha Turner,Nicholas P,-0.0044,0.0508
Dylan Lewis,Victor Marquez,-0.0019,0.0512
Evan Ankrom,Daniel Couzens,-0.0042,0.0495
Harrison Heysek,Jennie Leon,-0.0018,0.0525
MJ Greiner,Mason Durbin,-0.0032,0.049
Jessica Jones,Ethan Bakalinsky,-0.003,0.0518
Ross Whittaker,Rachel Rettger,-0.002,0.0512
Abbigal Hatton,Luc Pham,0.0017,0.0509
Zoeya Khan,Anouar Braham,-0.0019,0.0533
Andre Mercado,Emma Nelson,-0.0107,0.0528
Jade Rau,Will Mackinnon,0.0145,0.0523
Julian Arnold,Pierina Imparato,0.0076,0.049
Gabriel Joseph,Valerie R Simon,-0.004,0.0509
Elsie Hendershot,Jaeda Minniefield,-0.0029,0.0504
Elsie Hendershot,Tyler Loong,-0.0139,0.051
Rachel Rohrabacher,Christian Alshon,0.0102,0.0455
Connor Mogle,Salome Devidze,0.0052,0.0539
Travis Rettenmaier,Brandon French,0.0008,0.0523
Jace Morris,Yates Johnson,-0.0078,0.0507
Jonathan Truong,Milan Rane,-0.0068,0.0508
Lingwei Kong,Juan Benitez,-0.0032,0.05
Austin Bricker,Giovanna Morelli,-0.0119,0.0525
Jace Morris,Jaeda Minniefield,0.0075,0.0508
Michael Loyd,James Delgado,0.0008,0.0508
Genie Erokhina,Camden Chaffin,-0.0056,0.0522
Tamaryn Emmrich,Carlos Di Laura III,0.0179,0.0548
Rafa Hewett,John Lucian Goins,-0.0079,0.052
Abbigal Hatton,Brooke Caruso,0.0046,0.0501
Jade Rau,Rachel Rettger,-0.0002,0.051
Andre Mercado,Marshall Brown,0.0032,0.0498
Spartak Rahachou,George Rangelov,-0.0012,0.0514
John Cincola,Mehvish Safdar,0.0021,0.0525
Caden Nemoff,Victoria Simon,0.0114,0.0497
Ashley Griffith,Adam Harvey,0.0104,0.0512
Rafael Lenhard,Marcela Aguila Ampon,-0.0013,0.0492
Alix Truong,Hunter Johnson,0.0103,0.0503
Tama Shimabukuro,Yuta Funemizu,0.022,0.0491
Lucas Pascoe,Luc Pham,-0.0056,0.0484
Andrei Daescu,Jade Kawamoto,0.0082,0.0518
Christopher Crouch,Mya Bui,0.0061,0.0482
Audrey Adele Brown,Lucas Pascoe,-0.0025,0.0498
Michael Loyd,Kiora Kunimoto,-0.0154,0.0505
Mohaned Alhouni,Camden Chaffin,-0.0076,0.0454
Edward Perez,Gabriel Joseph,0.005,0.0498
Audrey Adele Brown,Rachel Summers,-0.0088,0.0523
Zane Ford,Juan Benitez,-0.0057,0.051
Armaan Bhatia,Austin Bricker,0.0132,0.0526
Mohaned Alhouni,Tyra Hurricane Black,-0.0009,0.0525
Eric Oncins,Jackie Kawamoto,-0.0016,0.0494
Hannah Blatt,Donald Young,0.0045,0.0483
Connor Mogle,Pesa Teoni,0.0008,0.0492
Christopher Crouch,Rafael Lenhard,-0.0011,0.0522
Andrea Koop,Albie Huang,0.0012,0.0493
George Rangelov,Ava Ignatowich,0.0033,0.0514
Kate Fahey,Lacy Schneemann,-0.0224,0.0512
Christa Gecheva,Lina Padegimaite,-0.0038,0.0514
Milan Rane,Tina Pisnik,-0.0049,0.0515
Lingwei Kong,Jalina Ingram,-0.0006,0.0505
Allison Phillips,Marcela Aguila Ampon,0.0007,0.0527
Hannah Blatt,Olivia McMillan,0.003,0.0525
Zoey Weil,Lauren Stratman,0.006,0.0494
Jonathan Truong,Wyatt Stone,0.0063,0.0474
Ting Chieh Wei,Allyce Jones,0.0125,0.0508
Chloe Igleski,Cailyn Campbell,-0.0006,0.0506
Parris Todd,Alix Truong,0.0004,0.053
Collin Johns,Jaume Martinez Vich,0.0034,0.0507
Zane Navratil,Donald Young,-0.0016,0.0509
Emma Nelson,Mari Humberg,0.0016,0.0518
Zoeya Khan,Mehvish Safdar,-0.0028,0.0534
Tom Protzek,Tyler Loong,-0.0129,0.0504
Genie Bouchard,Pierina Imparato,-0.0036,0.053
Rick Kurtz,Rikk Shimizu,-0.0119,0.0507
James Kaoma,Florencia Rossi Luqur,0.0076,0.0513
Duncan Mulenga Jr.,Christina Jordan,-0.0016,0.0531
Trevor Machek,Elyssar Medawar,-0.0025,0.0513
Billy Buchhauser,Alison Brown,-0.0048,0.0522
Jonah Karczmer,Kelly Goodnow,0.0003,0.0521
Austin Bachman,Alison Bruggeman,-0.0002,0.0508
Lexi Jensen,Eli Steiner,-0.0016,0.0507
Janet Liu,Matt Burkhardt,-0.0032,0.0492
Trevor Machek,Robert Lees,0.0018,0.0496
Leah J,Maverick Messinger,0.0174,0.0515
Nick Petterson,Grayson Brandon,-0.0029,0.0536
Austin Bachman,Breaden Brooks,0.0002,0.0544
Savanna Ticknor,Jace Morris,0.0074,0.0516
Amelia J,Jaxon Thomas,0.0003,0.0547
Natalia Simson,Karina Lam,0.0005,0.0508
Leah J,Aline Morales,0.0055,0.0508
Jayda Maldonado,Ethan Bakalinsky,0.0135,0.0516
Jackson Ayotte,Ciara Kelly,-0.0009,0.0516
Hannah Pardus,Khalijawan Barber,-0.0012,0.0517
Zach Gonnering,Chloe Diskin,-0.0095,0.0504
Eduardo Santini Ayon,Chelsea Purcell,0.0005,0.0496
William Hsieh,Dan Nguyen,0.0016,0.0514
Evan Zoeteman,Matthew Fisher,0.0018,0.0505
Hayden Rand,Dave Conley,-0.0075,0.0506
Jaden Lam,James Kaoma,-0.0028,0.0537
Brayden Nguyen,Keaten Kappes,0.0075,0.051
E. Elenga Satuala,Jacob Bolkowy,-0.0087,0.0508
Daniel Traxler,Miles Hoover,-0.0125,0.0497
Cadell Traya,Sunny Krittayaweth,0.0037,0.0515
Beau Martin,George Yang,-0.0004,0.0515
Daniel Byun,Matt Burkhardt,-0.0119,0.0509
Kadin Metzner,Jerry Worsham,-0.0038,0.0531
Courtenay Leonard,Marissa Lucero,-0.0037,0.0505
Zach Gonnering,Eli Steiner,-0.0037,0.0516
Enrique Porchas,David Baca,-0.0022,0.0531
Joshua Cooperman,Chrissie Cruz,-0.0007,0.0502
Natalia Simson,Francis Chi,-0.0085,0.0508
Tomoko Taniguchi,Chelsea Purcell,-0.0041,0.0528
Riley Hanks,Alison Bruggeman,-0.0031,0.052
Mark Whipple,Ryan Eveloff,-0.0047,0.0521
Savanna Ticknor,Olivia Phillips,0.0015,0.0491
Evan Zoeteman,Melissa Ferger,0.0057,0.0515
Mike Radermacher,Laura Madison,-0.0053,0.0533
Victor Rodrigo,Sammy Lee,-0.0027,0.0503
Sam Angelo,Dana Raugust,-0.0046,0.0512
Jaden Lam,Karina Lam,-0.0002,0.0533
Jonah Karczmer,Luke G,-0.0011,0.051
Len Yang,Etienne Blaszkewycz,0.0084,0.0498
Eddy Kim,Blake Suard,-0.0037,0.0493
Ross Hopkins,Caden Salefsky,0.0015,0.0526
Carson Nguyen,Matthew Mead,-0.0055,0.05
Ray Filardi,Kyle Morris,0.0017,0.0519
Pally Ray,Joshua Cooperman,-0.0036,0.0503
Jacob Bolkowy,Connor Weeks,0.002,0.0494
Chrissie Cruz,Laura Madison,-0.0004,0.0503
Olivia Phillips,Jace Howard,-0.0038,0.0499
Rafa Hewett,Kaitlyn Christian,0.0025,0.052
Zoeya Khan,Juan Benitez,-0.0012,0.0515
AJ Koller,Etta Tuionetoa,-0.0033,0.0501
Victoria Dimuzio,John Lucian Goins,0.0034,0.0504
Jack Sock,Lacy Schneemann,0.0252,0.0498
Len Yang,Paula Rives,-0.0123,0.0506
Ella Yeh,John Cincola,0.0045,0.0515
Connor Mogle,Andrew Caldarella,-0.0005,0.0507
Gabriel Joseph,Elsie Hendershot,0.0104,0.0528
Blaine Hovenier,Genie Erokhina,0.0079,0.0505
Tama Shimabukuro,Marcela Aguila Ampon,0.0003,0.0506
Ting Chieh Wei,Michael Loyd,0.003,0.0495
Marshall Brown,Lina Padegimaite,-0.0058,0.0517
Daria Walczak,Camden Chaffin,-0.0085,0.0491
Ross Whittaker,Abbigal Hatton,0.0114,0.0526
Armaan Bhatia,Darrian Young,0.0093,0.0528
Carlota Trevino,Dana Raugust,-0.0066,0.0509
Rachel Summers,Luc Pham,0.0083,0.05
Rafael Lenhard,Rachel Rettger,-0.0066,0.0517
Jade Rau,Christopher Crouch,0.0156,0.0479
Christopher Crouch,Marshall Brown,-0.0119,0.051
Sydney Sonday,Chloe Diskin,-0.0001,0.0504
Lucas Pascoe,Cleo Bond,-0.0058,0.0512
Donald Young,Braden Jacobson,-0.0046,0.0517
Rafael Lenhard,Pesa Teoni,0.0047,0.0492
Caden Nemoff,Camila Zilveti,-0.0037,0.0514
Blaine Hovenier,Tyler Loong,-0.0007,0.0521
Christine Trifunovic,Mota Alhouni,0.0113,0.05
Andrei Daescu,Tyra Hurricane Black,-0.0161,0.0492
Emma Nelson,Max Freeman,0.0119,0.052
Jalina Ingram,CJ Klinger,-0.0108,0.0494
Mohaned Alhouni,Lindsey Newman,0.0119,0.0474
Andrew Caldarella,Jaeda Minniefield,-0.0092,0.0507
Maggie Brascia,Will Mackinnon,0.0042,0.0493
Roscoe Bellamy,Brandon French,-0.0044,0.0504
Mota Alhouni,John Lucian Goins,0.0052,0.0509
Tom Protzek,Patrick Smith,-0.0083,0.0491
Indigo Dagnall,Jaxon Madsen,-0.0025,0.0531
Alix Truong,Alex Walker,-0.0016,0.0496
Pierina Imparato,Kiora Kunimoto,-0.0065,0.0513
Angie Walker,Mari Humberg,0.0034,0.0501
Lingwei Kong,Lindsey Newman,-0.0033,0.0479
Allison Phillips,Cleo Bond,-0.0057,0.0523
Genie Bouchard,Victoria Dimuzio,-0.0072,0.0501
Gabriel Joseph,Wesley Burrows,-0.0064,0.051
Emma Nelson,Marcela Aguila Ampon,-0.0009,0.0504
Eric Roddy,Tam Trinh,-0.0061,0.0513
Andre Mercado,Aryaan Bhatia,-0.0049,0.0495
Collin Johns,Hunter Johnson,-0.0027,0.0486
Yates Johnson,Anouar Braham,-0.0012,0.0533
Paula Rives,Giovanna Morelli,0.005,0.0488
Jade Rau,Luana Stanciu,0.0013,0.0513
Zoeya Khan,Ella Yeh,-0.0075,0.0537
Tamaryn Emmrich,Cailyn Campbell,-0.0036,0.0514
Lacy Schneemann,Tina Pisnik,0.0363,0.0504
Craig Johnson,Lucas Pascoe,0.0031,0.0488
Rachel Summers,Rachel Rettger,0.0004,0.0512
Naomi Nguyen,Daria Walczak,0.0042,0.0514
Parris Todd,Kate Fahey,-0.0073,0.0476
Blake Goodman,Luke Wasson,-0.0118,0.0519
Frank Welsher Iii,Karthik Ganesh,-0.0025,0.0486
Jay Evans,Thomas Provost,-0.0037,0.0536
Rodrigo Yoshikata,Manfred Jeske,-0.002,0.0519
Camila Zilveti,Luana Stanciu,0.0044,0.0496
Zoeya Khan,Lina Padegimaite,0.032,0.0534
Emma Van Hee,Keilly Ulery,0.0084,0.0515
Sam Libo,Hudson De Risi,0.006,0.052
Hudson Hall,Ethan Miller,0.0051,0.0518
James Seagraves,Sebastian Gutierrez,0.0096,0.0522
Bassem Kheireddin,Dylan Payne,-0.0044,0.0499
Ansley Drenner,Valentina Martin,0.0028,0.0498
Keaten Kappes,Arnav Duarah,-0.0188,0.0523
Eduardo Garcia,Amit Verma,0.0029,0.0513
Gianni Mancini,Eshaan Mylavarapu,0.0037,0.0536
Ava Pisacrita,Landry Laywell,-0.0004,0.0507
Julianna Hess,Mackenzie Lee,-0.0016,0.0518
Trevor Horstmann,Garrett Peterson,-0.0009,0.0555
Ben Bailey,Seth Goodman,-0.004,0.0499
Veronica Villegas,Kathryne Yung,-0.0047,0.0536
Eli Trumeter,Axel Morgan,0.0001,0.0511
Ella Yeh,Allison Phillips,0.0002,0.0492
Abigail Okelley,Mary Monson,-0.0039,0.0529
Patricia Martins,Nikita Pradeep,0.0079,0.0513
Christian Borrero,AJ Brown,0.0012,0.0505
Christa Gecheva,Paula Rives,-0.0162,0.05
Darinka Tiboldi,Tatiana Ruhl,0.0047,0.0505
Monika Wynne,Shannon Pretorius,-0.0184,0.0504
Nicole Conard,Abbigal Hatton,-0.0008,0.0479
Bruno Faletto,Anouar Braham,-0.006,0.0496
Ahmad Soussi,Dixon Doege,0.0017,0.0517
Mark Dancuart,Ryan Torresin,0.0242,0.0522
Rachel Summers,Stevie Petropouleas,0.0101,0.0499
Hyunmin Park,Stephen Sharman,-0.0033,0.0513
Ashley Griffith,Averee Beck,-0.0097,0.0494
Brittany Yang,Masa Grgan,0.0161,0.0506
Tamaryn Emmrich,Lindsey Newman,-0.0113,0.0504
Audrey Adele Brown,Anna Lenhart,0.0097,0.0501
Jessica Mason,Elise Fortino,-0.0005,0.0531
Katie O'Riley,Kasia Carr,-0.0006,0.0532
Lova Metor,Michael Vallejo,0.0067,0.0504
Justin Guiltinan,Carson Esraelian,0.0013,0.052
Caitlin Klaassen,Louise Kwong,-0.0096,0.0497
Mikar Larenzo Fisher,Matthew Finnerty,-0.0015,0.0524
George Bulger,Eric Landau,0.0075,0.0501
Christopher Crouch,Connor Mogle,0.0142,0.0489
Kurt Lau,Vladimir Orellana,-0.0051,0.0521
Andrew Loftin,Michael Burdakin,-0.0059,0.055
Carlota Trevino,Allie Reichert,0.0148,0.0484
Arianna Raga,Emma Cook,-0.0097,0.0514
Alex Gee,Matt Ngo,-0.0026,0.0495
Ava Cavataio,Estee Widdershoven,0.0233,0.0495
Carlos Di Laura III,Martin Emmrich,0.0162,0.0505
Jason Loyd,Daniel Phillips,0.0153,0.0546
Chase Womack,Etienne Blaszkewycz,0.013,0.0513
Austin Bricker,Juan Benitez,-0.0063,0.0502
Tom Protzek,Luca Mack,0.0104,0.049
Indigo Dagnall,Luc Pham,0.0085,0.0523
Kylie Imperial,Jazz Hearn IV,-0.0148,0.0513
Jimmy Terzian,Ben Davis,-0.013,0.055
Austin Mireles,Makiyah Cormick,-0.0017,0.0522
Sunny Krittayaweth,Yaamunan Venkatesan,0.0035,0.054
JP Gorby,Divin Sarthak,-0.0043,0.0513
Easton Horricks,Jaikin Gomez,-0.0145,0.0537
Victoria Mikuta,Jessica Ho,-0.0009,0.0524
Zoey Weil,Samantha Parker,-0.0002,0.0512
Zach Gonnering,Nicholas Romano,0.0054,0.0508
Hunter Merritt,Gael Lomas,-0.0019,0.0516
Preston Gordon,Ethan Hall,0.0002,0.0482
Ana Gordon,Rachael Fitzgerald,0.0078,0.0488
Liam Duffin,Nicholas Wade,-0.0003,0.0484
Mats Dolese,Jonathon Hart,-0.0044,0.0557
Poongi Hong,William Kammerait,0.0014,0.0506
Dominique Canale,Martina Wynia,-0.0059,0.0514
Tiger Chowdhury,TJ Rudden,-0.0054,0.0521
Yolena Carlon,Chloe Diskin,0.0017,0.0496
Eliel Herminas,Cristobal Del Castillo,0.0084,0.0511
Jordan Fenner,Carson Stovall,-0.0059,0.0493
Brookes Jones,Diego Lebron Perez,-0.0035,0.0527
Chris Jammal,Natalie Hur,-0.0033,0.049
Vritti Sethi,Karthik Ganesh,-0.0021,0.0513
Hudson Hall,Lina Romero Alarcon,-0.0124,0.0527
Kendall Hunt,Seth Goodman,0.0039,0.0501
Elise Fortino,Arnav Duarah,-0.0042,0.0509
Cassie Postma,Joel Pelletier,-0.0017,0.0512
Manfred Jeske,Emmaline Nichols,0.003,0.051
Luana Stanciu,Miles Hoover,0.0279,0.0496
Astrid Torres,Divin Sarthak,-0.007,0.0538
Arianna Raga,Dan Nguyen,0.0082,0.0538
Yolena Carlon,Wade Heerboth,-0.0007,0.0503
Kathryne Yung,Timothy Aurelio,0.0035,0.0515
Christa Gecheva,Mark Dancuart,-0.0046,0.0507
Wendy Weston,Hudson De Risi,-0.0093,0.0516
Emma Wang,Martin Stanchev,0.014,0.0523
Lindsey Newman,Martin Emmrich,0.0183,0.0511
Abbigal Hatton,Etienne Blaszkewycz,-0.0055,0.0511
Jazz Hearn IV,Eli Steiner,-0.0031,0.0511
Ana Gordon,Don Alto,0.0097,0.0536
Ava Cavataio,Juan Benitez,0.0076,0.0506
Carlota Trevino,Anouar Braham,-0.0051,0.0548
Bruno Faletto,Marisa Ruiz,0.0001,0.0521
William Kammerait,Rachel Janssen,0.0044,0.0495
Zoey Weil,Camden Chaffin,0.0255,0.0518
Tom Protzek,Ella Yeh,0.0053,0.0494
Julianna Hess,Diego Lebron Perez,0.0064,0.0512
Kentaro Hamaguchi,Kayla Williams,-0.0021,0.0526
Abigail Okelley,Axel Morgan,0.0018,0.0511
Patricia Martins,Cristobal Del Castillo,0.0028,0.0543
Michael Vallejo,Brittany Yang,-0.0063,0.0534
Indigo Dagnall,Jaeda Minniefield,-0.0074,0.0518
Nicholas Wade,Maddy Rasmusen,0.0058,0.0495
Victoria Nguyen,Luc Pham,-0.0153,0.0533
Zach Gonnering,Averee Beck,-0.0149,0.0488
Matthew Finnerty,Anna Lenhart,0.0181,0.0486
Rachel Summers,Adair Garcia,-0.0026,0.0497
Emma Cook,Vincent Rettke,0.0428,0.0537
Kylie Imperial,Jose Martinez,-0.0,0.0521
Rodrigo Yoshikata,Tatiana Ruhl,0.0057,0.053
Zoeya Khan,Naveen Beasley,-0.0193,0.0508
Princess Gbadamosi,Bassem Kheireddin,0.0061,0.0484
Monika Wynne,Makiyah Cormick,-0.0033,0.0498
Liam Duffin,Mary Monson,0.0058,0.0496
James Seagraves,Cheyenne Jones,-0.0045,0.0517
Brenna Murray,Bret Berryman,0.0049,0.0518
Rachael Fitzgerald,Preston Gordon,-0.0107,0.0486
Mike Radermacher,Chloe Diskin,0.0109,0.0502
Brookes Jones,Mackenzie Lee,-0.0003,0.0538
Dominique Canale,Ben Davis,0.0035,0.0518
Austin Mireles,Nikita Pradeep,0.0009,0.0494
Andrew Loftin,Ava Pisacrita,-0.0015,0.049
Sarah Turk,Ruben Herrera,-0.012,0.0508
Lyn Yuen Choo,Mark Growcott,-0.0082,0.0516
Landry Laywell,Donald Johnson,-0.0066,0.0518
Jaikin Gomez,Stevie Petropouleas,-0.0045,0.0506
Brock Rzesnowiecky,Blake Suard,0.001,0.0536
Matthew Mead,Eddy Kim,0.0021,0.0538
Preston Lynch,Chase Ora,0.0106,0.0497
Cade Pierson,Yaamunan Venkatesan,0.0047,0.0496
Cc Eleven Sacca,Jace Howard,-0.0025,0.0499
Kento Tamaki,Rio Newcombe,-0.0096,0.0516
Breaden Brooks,Dean Guyer,0.0037,0.052
Mike Newman,Zach Vond,-0.0038,0.0524
Stephanie Vogt,Matt Burkhardt,0.0056,0.0503
Huey Trinh,Janaye Sakkas,-0.0039,0.0506
Dylan Flippin,Oliver Hu,0.0025,0.0512
Andre Mercado,Natalia Simson,0.0068,0.0512
Trevor Machek,Dayna La Belle,-0.0018,0.0539
Shelley Wong,Elijah Bertram,-0.0013,0.0517
Zach Gonnering,Miles Hoover,0.0033,0.0504
Carson Nguyen,James Ngo,0.0072,0.0543
Savanna Ticknor,Matthew Mead,0.0027,0.0502
Ernesto Fajardo,Maddy Rasmusen,0.0027,0.0514
David Litvinov,Averee Beck,-0.0034,0.0501
Bryanna Ojeda,Maddox Castellanos,0.0069,0.05
Cc Eleven Sacca,Natasha Stoop,-0.0048,0.0529
Madison Grollman,Chelsea Purcell,0.009,0.052
Naomi Nguyen,Cameron Luhring,0.0069,0.0497
Naomi Tran,Cagatay Soke,-0.0093,0.0533
Daniel Traxler,Mike Anderson,0.0115,0.0513
Rio Newcombe,Kelly Goodnow,-0.0025,0.0495
Hilary Toole,David Perez,0.0075,0.051
Natalia Simson,Molly Ticknor,-0.002,0.0539
Dave Conley,Kyle Borawski,0.0005,0.0521
Dayna La Belle,Jessica Mason,-0.0022,0.0538
Lena Spence,Sienna Hitzeman,-0.0035,0.0514
Erik Pailet,Tia Elpusan,-0.0017,0.052
Matthew Sah,Louie Payetta,0.0028,0.0497
Austin White,Elijah Bertram,-0.0037,0.0509
Stevan Quintanar,Zachary Champine,0.0009,0.052
Kathryn Glavinovich,Naomi Tran,-0.0013,0.0478
Eli Steiner,Troy Akin,0.0048,0.0515
Ethan Dahl,Kyle McMakin,-0.0039,0.0504
Allie Davis,Eli Steiner,-0.0008,0.0535
Janet Liu,Pesa Teoni,-0.0098,0.0508
Joshua Cooperman,Natasha Stoop,0.0021,0.052
Ninh Nguyen,Matt Ngo,0.0097,0.0516
Lena Spence,Dean Guyer,-0.0014,0.0539
Priyank Soni,Nick Casey,0.0015,0.0513
Cami Blake,Devon Sikora,0.0071,0.0493
Johnny Goldberg,Clayton Powell,-0.0083,0.053
Megan McCray,Rikk Shimizu,-0.0066,0.053
Spencer Duane,Joshua Cooperman,-0.0048,0.05
Rocky Guido,Logan Formaniuk,-0.0005,0.054
Spencer Duane,Katie Neils,-0.0009,0.0514
Breaden Brooks,Sienna Hitzeman,-0.0024,0.049
Maverick Messinger,Molly Ticknor,0.0017,0.0523
Carson Nguyen,Kathryn Glavinovich,-0.0013,0.051
Tyler Loong,Marcela Aguila Ampon,-0.007,0.0492
Carlos Di Laura III,Angie Walker,-0.0015,0.0529
Lucas Pascoe,Abbigal Hatton,0.0181,0.0538
Julian Arnold,Allyce Jones,0.0113,0.0505
Pierina Imparato,Christopher Haworth,-0.0058,0.0505
Luana Stanciu,Rafael Lenhard,-0.0018,0.049
Blaine Hovenier,Cailyn Campbell,0.0049,0.0483
Averee Beck,Maddy Rasmusen,0.0002,0.0508
Alix Truong,Christian Alshon,0.0151,0.0508
Zoeya Khan,Armaan Bhatia,0.0014,0.0513
Liz Truluck,James Delgado,-0.017,0.0462
Jace Morris,Ella Cosma,-0.0077,0.0552
Nicole Conard,Will Mackinnon,0.0056,0.0511
Allie Davis,Chloe Diskin,0.0082,0.0522
Caden Nemoff,Rachel Summers,0.0026,0.0536
Brooke Buckner,Roscoe Bellamy,-0.0021,0.0498
Jonathan Truong,Meghan Dizon,0.0072,0.0501
Jade Rau,Edward Perez,0.0113,0.0518
Christa Gecheva,Clayton Powell,0.0068,0.051
Tom Protzek,Daria Walczak,-0.0014,0.0554
Aiko Yoshitomi,Albie Huang,-0.0025,0.0494
Rafa Hewett,Lingwei Kong,0.014,0.0549
Tama Shimabukuro,Nicola Schoeman,0.0038,0.0524
Max Freeman,Mari Humberg,0.002,0.0515
Rachel Rohrabacher,Gabriel Tardio,-0.0136,0.0478
George Wall,Albie Huang,0.0129,0.0544
Hannah Blatt,Luc Pham,-0.0089,0.0553
Pablo Tellez,Kaitlyn Christian,0.0025,0.052
John Lucian Goins,Olivia McMillan,0.0097,0.0512
Noe Khlif,Tyra Hurricane Black,-0.0024,0.0486
Naomi Nguyen,Kelly Goodnow,0.0028,0.0506
Eric Roddy,Wil Shaffer,0.0038,0.0536
Edward Perez,Christopher Crouch,0.0116,0.0513
Christopher Haworth,Alexander Crum,-0.0003,0.0524
Carlos Di Laura III,Michael Loyd,0.0063,0.0525
Julian Arnold,James Delgado,-0.0052,0.0471
Tama Shimabukuro,Gregory Dow,0.0069,0.0496
Andre Mercado,Connor Mogle,0.0081,0.0519
Jace Morris,Craig Johnson,0.0114,0.0498
Len Yang,Collin Johns,0.0079,0.0502
Ashley Griffith,Mehvish Safdar,-0.0027,0.0524
George Wall,Kenta Miyoshi,0.0092,0.051
George Rangelov,Mota Alhouni,0.0011,0.0526
Tyler Loong,Rafael Lenhard,0.0037,0.0506
Spartak Rahachou,Luke Wasson,0.0045,0.0508
Aryaan Bhatia,Lucas Pascoe,-0.0106,0.0496
Daria Walczak,Angie Walker,-0.0022,0.0507
Jonathan Truong,Brandon French,-0.0071,0.05
Rafa Hewett,Anouar Braham,-0.0101,0.0524
Cailyn Campbell,Mari Humberg,0.0184,0.0497
Brooke Buckner,Kate Fahey,-0.0204,0.0512
Chloe Igleski,Kiora Kunimoto,0.005,0.0493
Zoey Weil,Victoria Dimuzio,0.0045,0.051
Cleo Bond,Olivia McMillan,-0.0058,0.05
Jay Devilliers,Jaume Martinez Vich,0.0093,0.0474
Ella Cosma,Luana Stanciu,-0.0108,0.0531
Adam Harvey,Freddie Powell,0.0009,0.05
Mark Dancuart,Ben Slive,0.0142,0.0516
Dillon Segur,Travis Rettenmaier,-0.0016,0.0492
Kamden Bradstreet,Jaikin Gomez,0.0073,0.0518
Amir Evgamukov,Julian Slive,-0.0035,0.052
Rachael James,Sophie Abrams,-0.0025,0.0491
Christopher Crouch,James Delgado,-0.0048,0.0515
Clayton Powell,Randy Blanco,-0.0123,0.048
Jason Parker,Scott McRee,-0.0034,0.0534
Andi Godwin,Mara Vasvatekis,-0.0016,0.0521
Dylan Lewis,Boris Paque,0.0003,0.0524
Amanda Hendry,Allie Reichert,0.0005,0.0498
Isabella Dunlap,Mehvish Safdar,0.0112,0.0511
TJ Rudden,Lucas Cancelier,-0.0006,0.0512
Jack Maline,Brian Johnson,0.0009,0.0506
David Angel Rosales Jr.,Carlos Zambrano,-0.0023,0.0509
Tristan Dussault,Nicholas Romano,0.0013,0.0514
Lauren Hidalgo-Smith,Stevie Petropouleas,-0.0011,0.053
Samuel Wells,Michael Vallejo,0.0018,0.0511
Jonas Daehler,Jamie Carmichael,0.0018,0.0522
Ben Cawston,Maksims Kazijevs,0.0073,0.0511
Django Chassang,Kalen Harbaugh,0.0016,0.0494
Kelsey Roundtree,Frankee Hendricks,-0.0034,0.0525
George Rangelov,Mouaad Alhouni,-0.0092,0.0493
Audrey Adele Brown,Mia Turcsany,-0.0017,0.0525
Patricio Pereyra,Nejc Sitar,0.0081,0.0503
Arielle Butler,Andrea Koop,-0.0024,0.0526
Juan Varon,Eli Steiner,-0.0057,0.0517
Andrew Loftin,Jae Centonze,0.0008,0.0489
Eileen Wang,Brittany Yang,-0.0092,0.0518
Jade Rau,Victoria Shinkaretzky,-0.0015,0.0518
Regina Goldberg,Kamyla Held,0.003,0.0511
Claudia Flores,Natalia Sanchez,-0.0036,0.0523
Federico Nani,Michael Shaw,0.0007,0.0502
Javon Turcsany,Elisha Turner,0.0076,0.0529
Abigail Okelley,Ariana Rodriguez,0.0009,0.0512
Jimmy Terzian,Ryan Gilbert,-0.0022,0.0515
Tyler Glowaki,Luis Rojas,-0.0008,0.0529
Sofia Manzanares,Stephanie Mazurek,0.0016,0.052
Nolan Smyth,Xavier Richard,-0.002,0.0522
Connor Mogle,Jhonnatan Medina Alvarez,-0.0105,0.0503
Bruno Faletto,Ariana Rodriguez,-0.0049,0.0502
Andrew Loftin,Ava Ignatowich,0.0004,0.0507
Ben Cawston,Jaeda Minniefield,-0.0082,0.0551
Maksims Kazijevs,Giovanna Morelli,0.0116,0.0544
Cassidy Hoag,Federico Nani,0.0006,0.0518
Evan Pratt,Mia Turcsany,0.0042,0.0537
Tamaryn Emmrich,James Delgado,0.0088,0.0494
Isabella Dunlap,Freddie Powell,-0.0025,0.0487
Adam Harvey,Mehvish Safdar,-0.0226,0.0499
Patrick Smith,Mara Vasvatekis,-0.0052,0.0519
Claudia Flores,Emanuel Dickson,0.0026,0.0536
Julian Slive,Allie Reichert,0.001,0.0515
Tyler Glowaki,Christee Chargot,0.0034,0.0524
Kamden Bradstreet,Victoria Shinkaretzky,0.0017,0.0516
Forest Dennis,Francesca Randazzo,-0.0021,0.0487
Shannon Pretorius,Nicholas Romano,-0.0057,0.0479
Nadia Echeverria,Jaikin Gomez,-0.0027,0.051
Paula Rives,Martin Emmrich,-0.0018,0.0508
Ava Cavataio,Clayton Powell,-0.0125,0.0495
Martina Frantova,Randy Blanco,0.0324,0.0525
Arielle Butler,Tristan Dussault,0.0077,0.047
Iryna Kostirko,Maiz Sinclair,-0.0002,0.0493
Ahmad El-Zarif,Haley Ferguson,0.005,0.0512
Amanda Hendry,Mark Dancuart,-0.0114,0.0523
Monika Wynne,Juan Varon,-0.0259,0.0499
Jemi Aguilar,Carlos Zambrano,-0.003,0.0518
Jade Rau,Ben Slive,-0.0004,0.0506
Jay Evans,Eileen Wang,-0.0036,0.0518
Kamyla Held,Elisha Turner,-0.0006,0.0519
Andi Godwin,Matthew Finnerty,0.0004,0.0518
Dylan Lewis,Valerie R Simon,0.0064,0.0552
Madalina Grigoriu,Jorge Nunez,-0.0103,0.0517
Jarryd Woog,Brittni Tonnessen,0.0021,0.0503
Hudson De Risi,Patara Tezduyar,0.0065,0.0508
Scott McRee,Masa Grgan,0.0073,0.0499
Sharienne Ricardo,Daniel Couzens,0.0036,0.0514
Adalynn Lund,Lucas Erlikh,-0.0039,0.0526
Manfred Jeske,Chris Cooprider,0.004,0.0545
Lyn Yuen Choo,Brandon Fritze,-0.0006,0.0505
Hudson Hall,Blake Suard,0.0078,0.052
Wade Heerboth,Shannon Pretorius,0.0101,0.0522
Ethan Bakalinsky,Bret Berryman,-0.0006,0.0508
Mackonner Dy,Armaan Jiwa Mawji,0.0103,0.0538
Justin Dages,Gabriel Zimeri,0.0042,0.052
Natalie Hur,Miles Hoover,-0.0023,0.0544
Patricia Martins,Eshaan Mylavarapu,-0.0055,0.0541
David Miller,Patrik Kevin Tsati-Onla,-0.0034,0.0492
Grace Crosby,Neha Khurana,-0.0003,0.0523
Ellie Douglas,Blake Goodman,0.0064,0.0505
Natalia Simson,Vritti Sethi,0.0054,0.0519
Patricia Martins,Abla Mannarino,-0.0005,0.0535
Natalia Simson,Edgaras Zilys,-0.0056,0.049
JP Gorby,Abla Mannarino,-0.0028,0.0542
Cristobal Del Castillo,Kyle Rowe,-0.0023,0.0517
Jordan Chrysostom,Brandon Fritze,-0.0054,0.048
Sam Libo,Braylon Ohrel,0.0014,0.0504
Victoria Nguyen,Etienne Blaszkewycz,-0.0096,0.0517
Eli Steiner,Shea Donahue,-0.0072,0.0525
Ryder Brown,Caroline Maguire,-0.0072,0.0513
Daniel Miron,Austin White,0.0056,0.0504
London Leon,Grant Johnson,-0.0036,0.0523
Mike Radermacher,Sebastian Gutierrez,-0.011,0.0534
Blake Goodman,Eshaan Mylavarapu,0.0001,0.0495
Kylie Imperial,Domenico Geminiani,0.0147,0.0515
Alexander Valencia,Savannah K,-0.0041,0.0526
Dylan Wilhelm,William Hsieh,0.0022,0.0518
Joseph Evans,Grace Crosby,-0.0029,0.0501
Rachel Janssen,Marie Lutz,0.0139,0.0513
Jazz Hearn IV,Shea Donahue,-0.0038,0.0508
Janet Liu,Jessica Ho,0.0201,0.0513
Hilary Toole,Julianna Hess,-0.0053,0.0512
Ryder Brown,Jasper Schaadt,-0.0127,0.05
Hunter Merritt,James Ngo,-0.0012,0.0519
Nicholas Wade,Domenico Geminiani,-0.0136,0.049
Marie-Claude Boisvert-Bégin,Frances Altick,0.0061,0.0503
Kinshuk Sharma,Christopher Depetro,-0.0053,0.0517
Petra Jones,Joshua Gallardo,-0.0074,0.0476
Jasper Schaadt,Ariana Ajani,-0.0001,0.053
Chris Jammal,Jazz Hearn IV,-0.0009,0.0545
Kayla Williams,Braden Jacobson,-0.0062,0.0519
Casey Garretson,Ryan Camras,0.0019,0.049
Edgaras Zilys,Martin Stanchev,-0.0022,0.0517
Alexander Valencia,Mario Jurisic,0.0,0.0494
Joseph Evans,James Crosby,-0.0029,0.0534
Mark Moore,Robert Brown,-0.0034,0.0518
Kelsey Laurente,Sarah Williams,0.0036,0.051
Vritti Sethi,Martin Stanchev,-0.0037,0.0507
Julianna Hess,Divin Sarthak,-0.0021,0.0531
John Davenport,Loc Lam,-0.0033,0.052
Arianna Raga,Ryan Camras,-0.0042,0.0528
Dan Nguyen,Benjamin Pepion,0.0005,0.0528
Frances Altick,Austin White,-0.0,0.0509
Poongi Hong,Cole Whitaker,0.0043,0.0518
Alexandra Valenstein,Caroline Maguire,0.004,0.0517
Stephen Madonia,Rachel Rettger,0.0036,0.0509
Clayton Powell,Gregory Dow,0.0088,0.0495
Gabriel Joseph,George Rangelov,-0.0046,0.0499
Tom Protzek,Mya Bui,-0.0086,0.0531
Christopher Haworth,Patrick Smith,-0.0073,0.0519
Ross Whittaker,Jace Morris,0.0109,0.0517
Anouar Braham,Juan Benitez,-0.0003,0.0532
Zane Ford,Andrew Caldarella,-0.0138,0.0499
Ross Whittaker,Luana Stanciu,-0.0003,0.0508
Luc Pham,Brooke Caruso,-0.0003,0.0487
Jonathan Truong,Lacy Schneemann,-0.0069,0.0511
Christopher Crouch,Braden Jacobson,-0.0032,0.0487
Rafa Hewett,Pierina Imparato,0.0181,0.052
Andre Mercado,Abbigal Hatton,0.0001,0.0511
Ava Cavataio,George Wall,-0.0103,0.053
Ting Chieh Wei,Armaan Bhatia,-0.0073,0.0525
Kaitlyn Christian,Jaume Martinez Vich,-0.0041,0.0489
Tama Shimabukuro,Cailyn Campbell,-0.0046,0.0506
Lina Padegimaite,John Lucian Goins,-0.0038,0.0534
Zane Navratil,Elsie Hendershot,-0.0129,0.0503
Jade Rau,Elsie Hendershot,0.0112,0.0508
Ava Cavataio,Audrey Adele Brown,-0.0102,0.0523
Eric Roddy,Carlos Di Laura III,-0.0012,0.0541
Ashley Griffith,Jaeda Minniefield,-0.0049,0.0554
Tamaryn Emmrich,Marshall Brown,-0.0031,0.0524
Lucas Pascoe,Albie Huang,0.0018,0.0522
Rafael Lenhard,Giovanna Morelli,0.0079,0.0518
Tyler Loong,Lindsey Newman,0.0094,0.0457
Samantha Parker,Brandon French,-0.0114,0.0499
Carlos Di Laura III,Martina Frantova,-0.0133,0.0504
Andre Mercado,Daniel Phillips,0.0027,0.0509
Indigo Dagnall,Alexander Crum,0.0046,0.0526
Christine Trifunovic,Daniel Phillips,0.0025,0.0514
Tyler Loong,John Lucian Goins,0.0107,0.0492
Austin Bricker,Jaeda Minniefield,-0.007,0.0546
George Rangelov,Marcela Aguila Ampon,-0.0044,0.0498
Alix Truong,Clayton Powell,-0.008,0.053
Isabella Dunlap,Abbigal Hatton,0.0239,0.0486
Lauren Stratman,Lindsey Newman,0.0104,0.0505
Ting Chieh Wei,Lina Padegimaite,-0.0055,0.0507
Victoria Dimuzio,Mya Bui,-0.0011,0.0512
Armaan Bhatia,Pablo Tellez,0.009,0.0503
Rafa Hewett,Jonathan Truong,0.0042,0.0504
Giovanna Morelli,Brooke Caruso,0.0004,0.0518
Kaitlyn Christian,Emma Nelson,0.0175,0.0502
Nicole Conard,Cailyn Campbell,-0.0026,0.0502
Mike Radermacher,Bret Berryman,0.0196,0.0526
Patrik Kevin Tsati-Onla,Mario Jurisic,-0.0007,0.0503
Mihae Kwon,Nok Yiu Tang,0.0033,0.0515
Stephanie Alliev,Caroline Maguire,0.0047,0.0504
Zach Gonnering,Matt Burkhardt,0.0034,0.0498
Beau Martin,Dave Conley,-0.001,0.0538
Colin Wong,Syed Uzair Sufi,0.0041,0.0482
Ngo Dang Jr,Julian Chow,-0.0044,0.05
Alec Weller,Johnny Borashan,-0.0006,0.0529
Ryan Smith,Logan Schneider,-0.0017,0.0501
Jase Edwards,Chloe Diskin,0.0207,0.0512
Emmaline Nichols,Luke Wasson,0.0018,0.0518
Nicolas Almeida,Brandon Riddle,-0.0117,0.0495
Nok Yiu Tang,Colin Wong,0.0075,0.0521
Maverick Messinger,Natalia Simson,0.0056,0.0503
Benson Parry,Payton Weber,0.0064,0.0493
Jazz Hearn IV,Mia Turcsany,0.0064,0.0508
Ngo Dang Jr,Anni Xie,0.0043,0.0493
Edward Gardner,Melissa Lein,-0.0001,0.0508
Jazz Hearn IV,Miles Hoover,0.0184,0.0531
Lizzie McFarland,Foster Johnson,0.0039,0.0503
Gavin Fowler,Anthony Skalabrin,-0.0042,0.0512
Mario Barrientos,Garrett Whitehead,-0.0024,0.0524
Arsh Sharma,Shraman Prasanth,-0.0044,0.0511
Parker Eggli,Foster Johnson,-0.0065,0.0509
Juan Varon,Mia Turcsany,0.003,0.0516
Jackson Ayotte,Yaamunan Venkatesan,0.0043,0.0502
John Thorn,Lily Goodwin,0.0014,0.052
Tya Karina,Julian Chow,0.0188,0.0532
Freddie Powell,Erik Forsythe,-0.0073,0.0511
Hayden Rand,Matthew Mead,-0.0081,0.0495
Natalia Simson,Rachel Rettger,-0.0093,0.0511
Tyler Miller,Nathan Reeve,0.0023,0.0557
Karina Lam,Joel Poland,0.0131,0.0502
Natalie Hansen,Garrett Whitehead,-0.0003,0.0516
Duncan Mulenga Jr.,Wendy Weston,0.0115,0.0512
Rachel Grecco,Kleyton Martins da Silva,-0.004,0.0529
Beau Covell,Brady Madrid,0.0022,0.0525
Tya Karina,Anni Xie,0.0068,0.0519
Dylan Ciampini,Chloe Diskin,0.0022,0.0534
Brinley Horton,Lily Goodwin,0.0012,0.053
Jonah Karczmer,Matt Haugdahl,-0.0003,0.0527
Chas Howard,Michael McCaffrey,-0.0057,0.0535
Stephanie Alliev,Jonah Karczmer,-0.0057,0.0496
Alexander Qi,Gerald Ferrer,-0.0052,0.0509
Austin Ciampini,Jared Brungard,0.0026,0.0519
Karina Lam,Cc Eleven Sacca,-0.0027,0.0517
Mihae Kwon,Syed Uzair Sufi,-0.0019,0.0522
Zach Gonnering,Dylan Ciampini,0.0019,0.0518
Bryson Alexander,Evan T,0.0033,0.0513
Edward Gardner,Kleyton Martins da Silva,-0.0009,0.0521
Dylan Wilhelm,David Perez,-0.0005,0.0542
Nathan Reeve,Nina Rhoades,-0.0035,0.0492
Dawson Davis,Adam Cheney,-0.0057,0.0484
Camila Zilveti,Aanik Lohani,0.0107,0.0523
Noe Khlif,Alix Truong,-0.0026,0.05
Tom Protzek,Genie Erokhina,-0.0046,0.0516
Connor Mogle,Anouar Braham,0.0056,0.0495
Daniel Phillips,Jaxon Madsen,0.0149,0.0509
Luke Wasson,Pesa Teoni,-0.0033,0.0536
Rafael Lenhard,Christopher Haworth,0.0114,0.0556
Dekel Bar,Jessie Irvine,0.0118,0.0495
Elsie Hendershot,Camden Chaffin,0.0002,0.0512
Zane Ford,George Rangelov,0.0033,0.0516
Christopher Crouch,Matthew Barlow,-0.0042,0.0479
Isabella Dunlap,Brandon French,0.006,0.0477
Olivia Phillips,Jaxon Madsen,-0.0134,0.0531
Ivan Jakovljevic,Patrick Smith,-0.0013,0.0521
Wil Shaffer,Andrew Caldarella,0.0007,0.053
Austin Bricker,Marcela Aguila Ampon,-0.0013,0.0525
Chloe Igleski,Anouar Braham,-0.005,0.0504
Nicolas Acevedo,Rachel Rettger,-0.0018,0.0529
Meghan Dizon,Will Howells,-0.0042,0.0515
Will Mackinnon,Brandon French,0.0054,0.0524
Yates Johnson,AJ Koller,0.0144,0.0518
Andre Mercado,Austin Bricker,-0.0045,0.0488
Michael Loyd,Darrian Young,0.0004,0.0513
Naomi Nguyen,Clayton Powell,-0.0021,0.0506
Tamaryn Emmrich,Anderson Scarpa,-0.0022,0.0516
Marshall Brown,Mota Alhouni,0.0026,0.0516
Hunter Johnson,Milan Rane,-0.0107,0.0514
Wil Shaffer,Kelly Goodnow,-0.0037,0.0509
Tama Shimabukuro,Maggie Brascia,0.0095,0.0496
Nicolas Acevedo,Clayton Powell,0.0076,0.052
Christopher Haworth,Emma Nelson,0.0013,0.0492
Edward Perez,Braden Jacobson,-0.0096,0.0498
Jade Rau,Ava Ignatowich,-0.0029,0.0548
Riley Newman,Armaan Bhatia,0.0072,0.0513
Cailyn Campbell,Emma Nelson,-0.0031,0.0526
Naomi Nguyen,Lina Padegimaite,0.0048,0.0507
Allison Phillips,Jaeda Minniefield,-0.0033,0.052
Zoey Weil,Liz Truluck,0.0039,0.0481
Lindsey Newman,Kelly Goodnow,-0.0024,0.05
Audrey Adele Brown,Cleo Bond,0.0048,0.0511
Brooke Buckner,Mari Humberg,0.0034,0.0537
Lingwei Kong,Elsie Hendershot,-0.0029,0.0489
Ashley Griffith,Marcela Aguila Ampon,-0.0017,0.0535
Jalina Ingram,Nicole Conard,0.0049,0.052
Daniel Traxler,Jackson Ayotte,0.0153,0.0513
Antonio Medina,Matthew Mead,-0.0019,0.0564
Hayden Rand,Priyank Soni,-0.0005,0.0518
Tony Fachaux,Aurelien Godderis,-0.0081,0.0506
Matthew Barlow,Rio Newcombe,0.0116,0.0519
Janet Liu,Janaye Sakkas,0.0325,0.0513
TJ Rudden,Christopher Depetro,-0.0014,0.0514
Siddharth Kusuma,Tanner Suard,-0.0035,0.0519
Martin Thomas,Jeffrey Moulton,-0.0095,0.0536
Carlos Di Laura III,Augustus Ge,0.0067,0.0498
Connor McCartney,Miles Hoover,-0.0108,0.051
Lindsey Newman,Mehvish Safdar,0.0042,0.0485
Brooke Cersosimo,Teresa Chow,-0.0051,0.0522
Andre Mercado,Indigo Dagnall,0.0276,0.0498
Spencer Duane,Michael McCaffrey,0.0034,0.0529
Christine Trifunovic,Christie Mead,0.0045,0.0505
Lesa Ritchie,Averee Beck,-0.0014,0.0512
Lucas Pascoe,Freddie Powell,-0.0155,0.0532
James Seagraves,Matt Burkhardt,-0.0108,0.0513
Gregory Messina,Matthew Melgar,-0.0013,0.0517
Ryan Huynh,Scott Nguyen,0.0033,0.05
Kory Tran,Nicholas Garza,0.0087,0.0515
Nathaniel Webb,Kyle Morris,-0.0061,0.0544
Tommy Labat,Karson Feyereisen,-0.0049,0.0503
Jamie Haas,Leah Tauber,-0.0165,0.0517
Naomi Nguyen,Maddy Rasmusen,-0.0006,0.0519
Jose Martinez,Mark Growcott,0.0017,0.0494
Evan Zoeteman,Jerry Worsham,-0.0004,0.0496
Armaan Jiwa Mawji,Prycen Haas,0.0119,0.0499
Eileen Tran,Frida Mudsam,-0.001,0.0503
Maddox Castellanos,Sunny Krittayaweth,0.0026,0.0517
Kathryn Glavinovich,Courtenay Leonard,0.0028,0.0519
Ninh Nguyen,Ant Tran,-0.003,0.0524
Alex Emery,Aidan Schenk,-0.0013,0.0522
Mayu Omori,Marcela Aguila Ampon,0.0003,0.0516
Aaron Li,Nathan Tsai,0.0009,0.0516
Rouzbeh Ghotbi,Joel Waiwaiole,0.0021,0.0499
Courtney Clark,Allie Davis,-0.0002,0.0506
Carlota Trevino,Alexa Schull,-0.0342,0.0508
William Hsieh,Daniel Couzens,-0.0048,0.0518
Stavro Sophocleous,Aaron Sandoval,0.0013,0.0524
Jessica Improta,Danica Wolf,-0.0065,0.0499
Adam Charbit,Teano Balducci,-0.0032,0.0519
Auburn Smith,Hannah Shin,0.0079,0.0512
Max Zhang,Ishan Balakrishnan,-0.0033,0.0497
Haley Ferguson,Monika Wynne,-0.0061,0.054
Carson Nguyen,Anthony Miller,0.0019,0.0499
David Litvinov,Claudio Quinones Garcia,0.0004,0.0497
Ross Hopkins,Rian Weston-Dodds,-0.0065,0.0524
Justin Guiltinan,William Dau,0.0009,0.0502
Rodrigo Grajales,James Singer,-0.004,0.0498
Charlie Konkachbaev,Shae Neville,-0.0035,0.0522
Wil Shaffer,Will Mackinnon,-0.0039,0.0542
Jericho Grollman,Chiron Burl,-0.0097,0.0504
Clarissa Year,Isabella Hoang,-0.0038,0.0499
Ella Cosma,Audrey Adele Brown,0.004,0.0498
Kamyla Held,Dayna La Belle,-0.0094,0.0502
Daniel Byun,Amir Tabatabaeian,0.0174,0.0495
Levi Daniel,Cheng En Tsai,-0.0068,0.0535
Patrick Matetich,Louis Vayo II,0.0022,0.052
Asako Pastrana,Alyssia Fossorier,-0.0038,0.0538
Cassandra Fryberger,Melissa Beré,0.0028,0.0493
Dylan Galarza,Logan Russell,-0.0024,0.0514
Paola Landin,Taylor Van Zee,-0.0013,0.0541
Hudson De Risi,Lorin Schlecht,0.0059,0.0518
Rachal Jackson,Megan Willcox Morales,0.0031,0.0519
Lexi Jensen,Elise Fortino,-0.0094,0.0533
Matthew Montoya,Melissa Beré,-0.0032,0.0505
Will Mackinnon,Mehvish Safdar,-0.0018,0.0493
Tyler Loong,Chloe Diskin,0.0217,0.05
Alexa Schull,Darrian Young,0.0364,0.0513
Andre Mercado,Maddy Rasmusen,-0.0048,0.0519
Genie Erokhina,Aidan Schenk,0.0046,0.0495
Eduardo Santini Ayon,Carlota Trevino,-0.0011,0.0507
Cori Elliott,Ben Davis,0.0152,0.0498
Jamie Haas,Lucas Pascoe,-0.0056,0.0515
Hayden Rand,Angela Morisette,0.0239,0.0494
Deanna Pham,Stefan Pongratz,0.0029,0.0533
Freddie Powell,Jaeda Minniefield,-0.0018,0.0506
Katie Diaz,Wesley Burrows,0.0033,0.0478
Dean Loock,Jessica Improta,0.0088,0.0508
Max Zhang,Isabella Hoang,0.0102,0.0509
Tom Protzek,Kiora Kunimoto,0.0136,0.0499
Monica Piekarski,Jerry Worsham,0.0012,0.0541
Antonio Medina,Elise Fortino,0.0023,0.0506
Gregory Messina,Paola Landin,0.0002,0.0512
Frida Mudsam,Austin Moseley,-0.0049,0.0508
Lesa Ritchie,Matthew Powley,0.0007,0.0512
Angie Walker,Kyle Koszuta,-0.0079,0.0514
Bruno Barrueto Deza,Janaye Sakkas,-0.0064,0.0518
Jackson Ayotte,Averee Beck,0.0076,0.0506
Jing Robinson,Joel Poland,0.0037,0.0497
Daria Walczak,Augustus Ge,-0.003,0.0484
Meggan William,Hudson De Risi,-0.005,0.0517
Andrew Caldarella,Abbigal Hatton,-0.0137,0.0462
Matthew Mead,Christie Mead,0.0121,0.0498
Evan Zoeteman,Auburn Smith,-0.0004,0.053
Levi Daniel,Kathryn Glavinovich,0.0043,0.0495
Jericho Grollman,Madison Grollman,0.0089,0.0521
Ella Yeh,Jace Morris,0.0074,0.0505
Haley Ferguson,Miles Hoover,0.0027,0.0506
Eileen Tran,Martin Thomas,0.0027,0.0496
Dayna La Belle,Warren Tamanaha,-0.0011,0.0506
Noah Torres,Kamyla Held,-0.0035,0.0528
David Litvinov,Lexi Jensen,-0.0085,0.0477
Billy Buchhauser,Courtney Clark,-0.0034,0.0508
Yolena Carlon,Spartak Rahachou,-0.0146,0.0534
Carson Nguyen,Mayu Omori,-0.0048,0.0531
Daniel Byun,Adelie Osher,-0.0081,0.0506
Indigo Dagnall,Ella Cosma,-0.0067,0.0479
Lingwei Kong,Nicholas Garza,-0.014,0.053
Lorna Morris,Rodrigo Grajales,0.0008,0.0537
Brodie Smith,Madison Turosinski,-0.0041,0.0499
Braden Jacobson,Kelly Goodnow,-0.0092,0.049
Courtenay Leonard,Kyle Morris,0.0117,0.0534
Sydney Tran,Sunny Krittayaweth,-0.0036,0.0546
Deanna Pham,Albert Wan,-0.004,0.0513
Dmitry Ivanenko,Adelie Osher,0.0042,0.0523
Shirley Hall,Donald Hall,-0.007,0.0494
Zane Ford,Daniel Traxler,-0.0031,0.0533
Levi Daniel,Cagatay Soke,0.0146,0.0497
Arjun Thyagarajan,Pramod Dabir,-0.0062,0.0507
Daniel Byun,Ishan Balakrishnan,0.0044,0.0511
Max Meza,David Wallace,-0.0025,0.052
Armaan Jiwa Mawji,Troy Akin,-0.0087,0.0511
Tony Fachaux,Titus L,0.0001,0.0503
Cameron Luhring,Riley Inn,0.012,0.0495
Tristan Vincent,Anton Ulan,-0.0049,0.0498
Kailas Shekar,Victor Rodrigo,0.0075,0.0504
Billy Buchhauser,Yunqi He,-0.0045,0.0493
Tanner Suard,TJ Rudden,0.0143,0.0541
Abhishek Bhargava,Cameron Douglas,-0.0149,0.0517
David Litvinov,Jackson Ayotte,0.0033,0.0528
Nico Regas,Trent Virden,-0.0015,0.0515
Patrick McConnell,Lorin Schlecht,-0.0005,0.0496
Patrik Kevin Tsati-Onla,Dan Nguyen,-0.0037,0.0496
Ashley Mackie,David Wallace,-0.0036,0.0479
Mike Radermacher,Matt Burkhardt,0.0052,0.0496
Shirley Hall,Laura Madison,0.0048,0.053
Ana Ratiu,Christie Mead,-0.0117,0.0486
Lena Spence,Naomi Tran,0.0218,0.0519
Kelly Chen,Matt Burkhardt,0.0126,0.0492
Daniel Byun,Lena Spence,-0.0019,0.0517
Zach Gonnering,Pesa Teoni,0.0049,0.0495
Luke Ness,Brian Tinsley,-0.003,0.047
Drew Diefenbach,Sandeep (sam) Sanga,-0.0011,0.0508
David Litvinov,Sienna Hitzeman,0.0159,0.0491
Joshua Matabuena-Yamanaka,Madalena Flores,-0.0032,0.0509
Kathryn Glavinovich,Sienna Hitzeman,0.0017,0.0506
Madalena Flores,Melissa Beré,0.0004,0.0509
Zach Gonnering,Melissa Beré,0.0006,0.0491
Tennessee P,Julie Heitman,-0.0017,0.054
Christopher Benevento,Jacob Peng,-0.0007,0.0521
Travis Nichols,David Perez,-0.0048,0.0553
Suzie Woodburn,Ristine Sutton,0.0005,0.0537
Faathih Haider,Lucas Jensen,-0.002,0.0528
Jalina Ingram,Michael Loyd,-0.0104,0.0503
Adam Harvey,Keilly Ulery,-0.0046,0.053
Matthew Barlow,Christopher Haworth,-0.0052,0.0522
Daniel Phillips,Spartak Rahachou,-0.0026,0.0512
Kiora Kunimoto,CJ Klinger,-0.0113,0.0527
Jonathan Truong,Jessie Irvine,0.0141,0.0496
Zoeya Khan,Zane Navratil,-0.0018,0.0499
Chloe Igleski,Len Yang,0.0067,0.0544
Donald Young,Jaeda Minniefield,-0.0069,0.0515
Catherine Parenteau,Max Freeman,-0.0057,0.0508
Jade Rau,Andre Mercado,-0.0058,0.0508
Lingwei Kong,Connor Garnett,-0.0024,0.0492
Christine Trifunovic,Braden Jacobson,-0.0012,0.0502
Zane Ford,Cleo Bond,-0.002,0.0506
Caden Nemoff,Kelly Goodnow,0.0088,0.0498
Christopher Crouch,Giovanna Morelli,-0.0002,0.0486
Austin Bricker,Rachel Rettger,0.0125,0.0526
Caden Nemoff,Gabriel Joseph,0.0006,0.053
Samantha Parker,Wyatt Stone,-0.0005,0.0511
Elsie Hendershot,Darrian Young,-0.002,0.0504
Rafael Lenhard,Luc Pham,-0.0104,0.0528
Indigo Dagnall,Mota Alhouni,-0.0066,0.0483
Mohaned Alhouni,Donald Young,-0.0053,0.0501
Dekel Bar,Augustus Ge,0.008,0.0494
Jonathan Truong,Michael Loyd,-0.0015,0.0525
Julian Arnold,Ivan Jakovljevic,-0.0013,0.0525
Patrick Smith,Braden Jacobson,-0.0063,0.0528
Aiko Yoshitomi,Cleo Bond,0.0006,0.0502
Zane Navratil,Clayton Powell,-0.0102,0.0516
Blaine Hovenier,Jaume Martinez Vich,0.0115,0.0497
Lingwei Kong,Lina Padegimaite,-0.0063,0.0527
Keilly Ulery,Jaeda Minniefield,0.0018,0.0523
Xiao Yi Wang-Beckvall,Kiora Kunimoto,0.0217,0.0517
Albie Huang,Lindsey Newman,-0.0017,0.0529
Allison Phillips,Audrey Adele Brown,-0.0016,0.05
Eric Oncins,Tyra Hurricane Black,0.0065,0.0508
Jessie Irvine,Judit Castillo,-0.0021,0.049
Yates Johnson,Kenta Miyoshi,-0.0021,0.052
Meghan Dizon,Catherine Parenteau,-0.006,0.0524
Chloe Igleski,Zoeya Khan,-0.0014,0.0538
Elsie Hendershot,Kelly Goodnow,-0.0089,0.0496
Keilly Ulery,Mary McGowan,-0.0069,0.0495
Maddy Rasmusen,Anne-Sophie Courteau,-0.0094,0.0511
Jarryd Woog,Hridhay P,-0.002,0.0496
Tyson Tuiloma-T,Preston Ducrest,0.0014,0.0536
Edward Perez,George Rangelov,-0.0011,0.0521
Camden Chaffin,Anouar Braham,-0.0311,0.0526
Kendall Hunt,Elise Fortino,0.0054,0.0497
Eden Malloy,Adela Umannova,-0.0,0.0514
Joseph Evans,Caleb Thompson,-0.0024,0.0527
Chance Myers,Zack Bosshard,0.0036,0.0484
Putri Insani,Yulia Krylova,0.0017,0.0502
Rachael James,Mehvish Safdar,-0.0025,0.0476
Keri Lu,Helen To,0.0002,0.0505
James Delgado,Martin Emmrich,0.0012,0.05
Giorgia Vitale,Jaeda Minniefield,-0.0072,0.0524
Caitlin Klaassen,Ava Ignatowich,-0.002,0.0521
Garrison Eaby,Thomas Romano,-0.0045,0.0513
Cole Whitaker,Tobias Moreno,0.0056,0.0502
Rafa Hewett,Anderson Scarpa,0.0012,0.0482
Austin Bricker,Juan Varon,0.0099,0.0505
Denson H,Heath Helms,0.0023,0.0505
Javier De León Albors,Tyler Kane,-0.0007,0.0514
Beatriz Lopez,Estephany Tan,0.0029,0.0497
Hunter Merritt,Garrett Peterson,0.0017,0.0542
Rachida Berjane,Fatyha Berjane,-0.0119,0.0486
Francis Pawloski,Aaron Allen,-0.0049,0.0533
Alex Chanthaphaeng,Carlos Pavon,0.0004,0.0523
Monika Wynne,Natalia Simson,0.0058,0.0541
Marcela Aguila Ampon,Olivia McMillan,0.0004,0.0514
Ashley Lu,Karen Lu,-0.0125,0.0495
Lova Metor,Scott McRee,-0.0026,0.0512
Shailla Alda,Kendall Warren,0.0069,0.048
Vincent Rettke,Blake Lowe,-0.0021,0.0524
Zach Gonnering,Luke Wasson,0.0071,0.0504
Stanton Long,Maddox G,-0.0039,0.0513
Andre Mercado,Jake Anderson,-0.0129,0.0515
Andrew Phanmanee,Jacob Lee,-0.0048,0.0496
Kallan Arledge,Karthik Ganesh,-0.004,0.0492
Courtenay Leonard,Anna Lenhart,-0.0096,0.052
Caraline Cox,Gabi Dekkers,0.005,0.05
Roger Dugas,Emanuel Dickson,-0.0092,0.0508
Spencer Johnson,Daniel Shepard,-0.0026,0.0554
Emma Cook,Emmaline Nichols,-0.0021,0.0501
Tristan Cooley,Jonathan Clark,-0.0066,0.0544
Paul Sin,Troy Huynh Jr,-0.0048,0.0533
Abbie Monski,TJ Rudden,0.0009,0.0499
Marshall Brown,Rachida Berjane,0.0097,0.0512
Rafa Hewett,Nicole Conard,0.0191,0.0501
Colby Hill,Helen To,0.0206,0.0492
Bolaji Kukoyi,Gabi Dekkers,-0.0016,0.0524
Cody Temple,Eden Malloy,-0.0021,0.0512
Putri Insani,Ryan Camras,0.0021,0.0538
Mya Bui,Anouar Braham,-0.005,0.0512
Courtenay Leonard,Matthew Mead,0.0044,0.0498
Aurora Arvelo,Brooks Toth,-0.0057,0.0522
Alexander Allweil,Caraline Cox,0.0094,0.0539
Alex Chanthaphaeng,Keri Lu,0.0052,0.0513
Lucas Erlikh,Patara Tezduyar,-0.0067,0.05
Vincent Rettke,Adela Umannova,0.0012,0.0509
Jojo Henderson,Tucker Segars,0.0012,0.0517
Parth Mody,Mary McGowan,-0.013,0.0519
Ashley Lu,Lova Metor,0.0147,0.0517
Kirsten Myers,Chance Myers,-0.0081,0.0521
Yolena Carlon,Austin Bricker,0.0103,0.0494
Emma Cook,Stephen Bass,-0.0001,0.0519
Daniel Miron,Keilly Ulery,-0.004,0.05
Jake Anderson,Jaeda Minniefield,-0.0118,0.0518
Karen Lu,Michael Vallejo,0.0094,0.0497
Beatriz Lopez,Alvaro Regalado,0.007,0.05
Camden Chaffin,Paula Rives,-0.0246,0.0522
Brianna McCullock,Carlos Pavon,0.0069,0.0523
Javier De León Albors,Francesca Marto,0.0073,0.0548
Shailla Alda,Logan Thompson,-0.0032,0.0512
Adaline Machado,Heath Helms,-0.0081,0.0528
Kendall Warren,Jonathan Clark,0.0037,0.0527
Elise Fortino,Miles Hoover,0.0128,0.0507
Brandon Macdonough,Nancy Suiugan,-0.0008,0.0514
Zach Gonnering,Fatyha Berjane,-0.0061,0.0478
Casey Garretson,Kendall Hunt,-0.0043,0.0504
Aiko Yoshitomi,Eunggwon Kim,0.0083,0.0507
Braylon Ohrel,Christian Lund,-0.0012,0.0535
Stephen Bass,Vincent Rettke,-0.0036,0.0572
Tucker Segars,BO Lewis,0.0003,0.0489
Demetric Marrero Jr,Daniel Miron,0.0029,0.0496
Brittni Tonnessen,Austin White,0.0008,0.0546
Anna Lenhart,Ryan Camras,0.0098,0.0501
Ashley Lu,Dale Kim,0.0058,0.05
Eden Malloy,Jack Boxill,0.0023,0.053
Hong Kit Wong,Kara Wheatley,0.0095,0.0506
Ethan Bakalinsky,Karthik Ganesh,-0.0004,0.0511
Jose Martinez,Jake Anderson,-0.0084,0.0537
Brie Aldridge,Jake Anderson,0.0012,0.0497
Parth Mody,Helen To,0.0003,0.0512
Dawson Davis,Caroline Maguire,-0.0109,0.0531
Spencer Liang,Preston Gordon,0.0158,0.0496
Keri Lu,Noah Lyu,-0.0009,0.0508
Bryson Alexander,Isidora Petkovic,0.0029,0.0534
Andre Mercado,Savanna Ticknor,0.0075,0.0505
Dylan Lewis,Mia Turcsany,0.0004,0.0533
Nicolas Almeida,Emanuel Dickson,-0.0023,0.0513
VU Nguyen,Herick Isago,0.0019,0.0516
Tobias Moreno,Michael Shaw,0.0052,0.051
Benjamin Harper,Benjamin Pepion,-0.0005,0.0512
Frank Solana,Ross Cottrell,-0.0004,0.0517
Kentaro Hamaguchi,Noah Waddell,0.0015,0.0494
Matthew Boyett,Sena Takeyama,-0.0022,0.0499
Mike Radermacher,Mouaad Alhouni,0.0014,0.0521
Trevor Schwarzmann,Diego Lebron Perez,0.0051,0.0528
Connor McCartney,Bret Berryman,-0.0051,0.0547
Matthew Nesbitt,Andrew Angulo,0.0106,0.0501
Jun Jeon,Allen W Wang,0.0082,0.0517
Eduardo Santini Ayon,Maddy Rasmusen,-0.0099,0.0482
Alli Hazrati,Ben Baravik,-0.0002,0.0521
Chloe Igleski,Shamus Flanagan,-0.0114,0.0484
Keri Lu,Masa Grgan,0.0072,0.049
Morgan Downing,Nicolas Almeida,-0.0012,0.0513
Eduardo Santini Ayon,Jackson Ayotte,-0.0013,0.0506
Mia Yu,Allen W Wang,-0.0013,0.0512
Nancy Suiugan,Thomas Provost,0.0027,0.0534
Isabella Nelson,Nicholas Wade,0.0116,0.0517
Reba Williams,Caroline Maguire,-0.0008,0.0529
Lucas Sanchez,Eduardo Caillaux,-0.0063,0.0544
Adalynn Lund,Ariana Ajani,0.0034,0.049
Tammy Kim,Michael Vallejo,0.0035,0.0526
Aibika Kalsarieva,Rafael Lenhard,0.0192,0.0506
Maria Klokotzky,Anne-Sophie Courteau,-0.0018,0.0527
Eileen Wang,Mia Yu,0.0028,0.0525
Justin Dages,William Hsieh,0.0007,0.0564
Maria Klokotzky,Eli Steiner,-0.0082,0.051
Teresa Romero,Logan Thompson,0.0073,0.0498
Regina Goldberg,Nicolas Acevedo,-0.0033,0.0519
Ruben Kellam,Yulia Krylova,-0.0052,0.0497
Nathaniel Veselenak,Pesa Teoni,-0.0055,0.0516
Isabella Nelson,Audrey Banada,-0.0023,0.0525
Lauren Cole,Spencer Liang,-0.0126,0.0507
Preston Gordon,Jack Hared,-0.0102,0.0541
Piercarlo Usai,Harrison Gold,-0.003,0.0511
Sam Libo,Tobias Golberg,0.0058,0.0503
George Wolf,Jonah Karczmer,-0.0021,0.0513
Ariana Ajani,Josiah A,-0.0004,0.0551
Sam Libo,Sonia Purello,-0.0042,0.0529
Emma Cook,Jessica Mason,0.0017,0.0535
Dylan Lewis,Austin White,0.0037,0.0495
Johnny Goldberg,Mota Alhouni,0.0117,0.0501
Ana Gordon,Jack Hared,-0.0006,0.0505
Olga Zavarotnaya,Natalia Simson,-0.0033,0.0499
Alli Hazrati,Eden Malloy,0.0107,0.0504
Haley Ferguson,Domenico Geminiani,0.0025,0.0511
Eva Mitchell,Harrison Gold,-0.0037,0.0525
Casey Garretson,Kristen Van Dernoot,0.006,0.0501
Rachel Janssen,Fatyha Berjane,0.0012,0.0511
Nancy Suiugan,Liza Klyachkin,0.001,0.0503
Kara Wheatley,Aibika Kalsarieva,-0.0137,0.0512
Ana Gordon,Shailla Alda,-0.007,0.0531
Josiah Watje,Dan Nguyen,0.0004,0.0508
Thomas Provost,Logan Thompson,-0.0013,0.0511
Rachel Janssen,Mike Radermacher,-0.0064,0.0502
Juan Varon,Karen Lu,-0.0001,0.0511
Winston Cannon,Nicholas Howell,-0.0016,0.0515
Saurav Santhosh Nair,Karthikeya Jagadish,-0.0031,0.051
James Peng,Eileen Wang,-0.0025,0.0529
James Peng,Rahul Datta,-0.0052,0.0495
Kate S,Hanson H,-0.0056,0.0537
Liza Klyachkin,Ross Cottrell,-0.0021,0.0516
Haley Ferguson,Maddy Rasmusen,-0.0037,0.055
Samantha Buyckx,Helen To,-0.004,0.0499
Kentaro Hamaguchi,Abigail Okelley,-0.0068,0.0523
Matthew Schiller,Max Davis,-0.0026,0.0499
Josiah A,Edward Kim,-0.0024,0.0506
Layne Sleeth,Victoria Dimuzio,0.0068,0.0505
Ella Cosma,Andrew Caldarella,-0.0003,0.0519
Roscoe Bellamy,Connor Garnett,-0.0025,0.0488
Roscoe Bellamy,Kiora Kunimoto,0.01,0.0509
Sahra Dennehy,Tama Shimabukuro,0.0172,0.0506
Daniel Phillips,Cleo Bond,0.0051,0.0507
Zane Navratil,Will Mackinnon,0.0007,0.0512
Rafa Hewett,Nicolas Acevedo,0.0021,0.0508
Danni-Elle Townsend,CJ Klinger,-0.0078,0.0502
Ava Cavataio,Anouar Braham,-0.0031,0.0538
Luana Stanciu,Chuck Taylor,-0.0046,0.0491
Ting Chieh Wei,Camden Chaffin,-0.0006,0.0504
Lingwei Kong,Tyler Loong,0.0047,0.0509
AJ Koller,Martin Emmrich,-0.0005,0.0517
Brooke Buckner,AJ Koller,-0.0035,0.0502
Noe Khlif,Jessie Irvine,-0.0033,0.0504
Nicole Conard,Mota Alhouni,0.0005,0.053
Aiko Yoshitomi,Estee Widdershoven,0.0062,0.0522
Julian Arnold,Kaitlyn Christian,-0.0063,0.0505
Will Mackinnon,Cailyn Campbell,-0.0057,0.0467
Julian Arnold,Yates Johnson,0.0016,0.0531
Daniel Phillips,Wil Shaffer,-0.0048,0.0505
Allison Phillips,Abbigal Hatton,-0.0061,0.0524
Andrea Koop,Alexander Crum,-0.0064,0.0526
Hunter Johnson,Meghan Dizon,0.0081,0.0496
Ella Yeh,Collin Johns,-0.003,0.0497
Victoria Dimuzio,Clayton Powell,0.0038,0.05
Lacy Schneemann,Jaume Martinez Vich,-0.0112,0.0499
Blaine Hovenier,Allyce Jones,-0.008,0.0518
Pablo Tellez,Giovanna Morelli,0.0027,0.0511
Hunter Johnson,Christopher Haworth,0.0001,0.0493
Jace Morris,Braden Jacobson,-0.0084,0.0524
Tom Protzek,Donald Young,0.0133,0.0516
George Rangelov,Alexander Crum,-0.0067,0.0539
Chloe Igleski,Ella Yeh,-0.0023,0.0496
Xiao Yi Wang-Beckvall,Luc Pham,0.0206,0.0502
Genie Bouchard,Patrick Smith,0.007,0.0532
Kenta Miyoshi,Brooke Caruso,0.0011,0.0483
Michael Loyd,Camden Chaffin,0.0013,0.0534
Caden Nemoff,John Cincola,-0.0011,0.0546
Will Howells,Tyra Hurricane Black,-0.0041,0.0509
Lingwei Kong,Andrea Koop,0.0072,0.0504
Audrey Adele Brown,Ava Ignatowich,-0.0063,0.0506
Mohaned Alhouni,Patrick Smith,-0.0028,0.0517
Matthew Barlow,Ivan Jakovljevic,-0.0072,0.0514
Indigo Dagnall,Camila Zilveti,-0.0011,0.0528
Tam Trinh,Marshall Brown,-0.0081,0.0549
Eric Roddy,Austin Bricker,0.0069,0.0531
Jalina Ingram,Kiora Kunimoto,-0.0091,0.0501
Sahra Dennehy,Danni-Elle Townsend,-0.0138,0.0531
Liz Truluck,Mari Humberg,0.0138,0.0516
Cleo Bond,Giovanna Morelli,0.0107,0.0533
Lucy Kovalova,Kaitlyn Christian,-0.0073,0.0561
Noe Khlif,Matt Wright,-0.0116,0.0511
Angie Walker,Cailyn Campbell,-0.005,0.0505
Brooke Buckner,Milan Rane,0.0086,0.0504
Ella Cosma,Kelly Goodnow,0.0013,0.0492
Clayton Powell,Will Howells,0.0027,0.0525
Jake Anderson,Ryan Camras,0.0109,0.0519
Jason Weidman,Wesley Burrows,0.0046,0.0533
Ninh Nguyen,Sunny Krittayaweth,0.0085,0.0526
Joshua Spencer Jr.,Justin Chock,-0.0052,0.0512
Jase Edwards,Matt Burkhardt,-0.0055,0.0505
Sammy Lee,Mike Radermacher,-0.0049,0.05
Tyson Tuiloma-T,Beau Covell,-0.0032,0.0532
Mayu Omori,Averee Beck,0.0069,0.0506
Crystal Sorem,Jamie Voelker,-0.0023,0.0477
Matthew Gilbert,Blake Suard,0.0006,0.0521
Tyler Loong,Braden Jacobson,0.0179,0.0511
Cameron Luhring,Rio Newcombe,-0.0109,0.0495
Bruno Barrueto Deza,Eric Diaz,-0.0058,0.0506
Loren Hsiao,Cristobal Del Castillo,-0.0012,0.0493
Jackson Ayotte,Andrew Caldarella,0.0001,0.0501
Courtney Clark,Katie Neils,0.0101,0.0538
Austin Hardy,Pesa Teoni,-0.0055,0.0537
Isabella Dunlap,Bella Nelson,0.0105,0.0528
Angela Morisette,Melissa Beré,-0.0103,0.0534
Justin Fullmer,Clayton Boydston,-0.0034,0.0496
Alec Weller,Ben McNair,0.0061,0.0506
Chase Nuttall,Brian Buzianis,0.0058,0.0513
Bryan Lundberg,Kace Heiner,-0.0042,0.0504
Lizzie McFarland,Alexa Brent,0.0016,0.0504
Journey Barajas,Meggan William,-0.0046,0.0539
Duncan Mulenga Jr.,Russell K,-0.0086,0.0511
Naomi De Hart,Lily Goodwin,-0.0009,0.0526
Nicolas Almeida,Chris Turvey,-0.0077,0.05
Alexander Qi,Garrett Whitehead,0.0124,0.0511
Lindsey Newman,Chloe Diskin,-0.0099,0.0515
Christine Trifunovic,Anna Lenhart,-0.0014,0.0514
Dillon Hageman,Raymond Velarde,0.0053,0.0502
Kelly Jensen,Mya Barron,-0.0046,0.0509
Aliese Pedro,Sarah Beeston,0.0013,0.0484
Ryder Boydston,Hudson G,-0.0008,0.0546
Monika Wynne,Ella Boydston,0.0127,0.0493
V. Mary Rivas,Nina Rhoades,0.0036,0.0489
Ella Cosma,Allie Davis,-0.0133,0.0514
Gavin Fowler,Payton Weber,-0.0042,0.0506
Hannah Fife,Wendy Weston,-0.01,0.0519
Brady Madrid,Jared Brungard,-0.0053,0.0515
V. Mary Rivas,Mike Radermacher,-0.0068,0.0525
Crystal Sorem,Blake Suard,-0.0019,0.0495
Antonio Medina,Mya Barron,0.0025,0.0531
Katie Neils,Kendall Kikkawa,0.0037,0.0523
Hannah Fife,Miles Hoover,0.0089,0.0501
Nicolas Almeida,Olivia Phillips,-0.0062,0.0484
Elizabeth Boydston,Ryder Boydston,-0.0048,0.0486
Cameron Luhring,Chloe Diskin,-0.0159,0.0527
Diana Kozenyatko,Justin Fullmer,0.0011,0.0513
Isabella Dunlap,Rafael Lenhard,0.0025,0.048
Andrew Caldarella,Kelly Goodnow,0.0093,0.0517
Brian Buzianis,Naomi De Hart,-0.0094,0.05
Russell K,Missy Turasky,-0.0092,0.0523
Chuck Taylor,Melissa Beré,0.0072,0.0497
Maddy Rasmusen,Rio Newcombe,-0.0113,0.0524
Ninh Nguyen,Mayu Omori,-0.003,0.0511
Ella Cosma,Jase Edwards,-0.0086,0.0497
Lizzie McFarland,Hudson G,0.0001,0.0519
Sarah Beeston,Wesley Burrows,-0.0005,0.0535
Daniel Traxler,Emmaline Nichols,-0.0073,0.0505
Journey Barajas,Chris Turvey,0.0001,0.0506
Liam Duffin,Ella Boydston,-0.0054,0.0514
Payton Weber,Nina Rhoades,0.0022,0.0485
Duncan Mulenga Jr.,Meggan William,0.0088,0.0549
Alexa Brent,Jared Brungard,0.0006,0.0536
Benson Parry,Angela Morisette,-0.0097,0.0519
Zach Gonnering,Jamie Voelker,0.0086,0.0497
Garrett Whitehead,Lily Goodwin,0.0038,0.0541
Maddox Castellanos,Flynn Orton,0.0,0.05
Justin Guiltinan,Levi Daniel,-0.0016,0.0504
Tuny Betancourt,William Hsieh,-0.0007,0.0529
Kento Tamaki,Chase Ora,-0.0031,0.0496
Brodie Smith,Fabian Jacobo,0.0049,0.0527
Jaikin Gomez,Austin White,-0.0015,0.0503
Cadell Traya,Nathan Tsai,0.004,0.0519
Kelly Jensen,Austin White,-0.0034,0.0496
Martin Thomas,Melissa Beré,0.0044,0.0512
Callan Dawson,Alex Emery,-0.0094,0.0512
Kelly Jensen,Dayna La Belle,0.0,0.0499
Mike Radermacher,Angela Morisette,-0.0015,0.0521
Levi Daniel,Janaye Sakkas,-0.0178,0.0487
Cade Pierson,Indigo Ciochetti,-0.0036,0.0545
Adelie Osher,Sienna Hitzeman,0.0154,0.051
Wil Shaffer,Mike Radermacher,0.0056,0.0546
Carter Southern,Carl Taibl,-0.0058,0.0534
Bennett Miller,Madalena Flores,-0.0006,0.0511
Thao Tran,Preston Wong,-0.0008,0.05
Carson Nguyen,Dohyun Lee,-0.0001,0.0506
Tyler Roop,Gregorie Vinueza-Daly,-0.0028,0.0516
Bryanna Ojeda,Kento Tamaki,0.0146,0.051
Tuny Betancourt,Daniella Eisman,0.0022,0.0521
E. Elenga Satuala,Rosapale S,0.0041,0.0551
Preston Lynch,Kyle Morris,-0.0031,0.0537
Jessica Bowman,Maddox Castellanos,-0.0056,0.0522
Justin Guiltinan,Tatiana Diaz,-0.0036,0.0512
Sam Angelo,Pesa Teoni,0.0087,0.0513
Aaron Li,Yaamunan Venkatesan,-0.0029,0.0555
Matthew Sah,Sunny Krittayaweth,-0.0006,0.0525
Ava Cavataio,Mota Alhouni,0.0035,0.0537
Caden Nemoff,Rachel Rettger,-0.0093,0.0524
Andre Mercado,Cori Elliott,-0.0068,0.0552
Caden Nemoff,Yates Johnson,-0.0013,0.0514
Ting Chieh Wei,Kate Fahey,0.0004,0.0502
Eric Oncins,Jessie Irvine,0.0,0.0507
Victoria Dimuzio,Yuta Funemizu,-0.0005,0.0496
Kenta Miyoshi,Olivia McMillan,0.004,0.0501
Jace Morris,Will Mackinnon,0.012,0.0525
Nicole Conard,Luc Pham,0.0048,0.0537
Naomi Nguyen,AJ Koller,-0.0008,0.0516
Isabella Dunlap,Nicolas Acevedo,0.0157,0.0476
Zoey Weil,Michael Loyd,-0.0021,0.0492
Christopher Crouch,Mota Alhouni,-0.0057,0.051
Michael Loyd,Luc Pham,0.005,0.0514
Genie Erokhina,Rafael Lenhard,-0.0084,0.0513
Hong Kit Wong,Aiko Yoshitomi,0.0031,0.0523
Hannah Blatt,Yates Johnson,-0.0017,0.0504
Federico Staksrud,Tina Pisnik,-0.0007,0.0521
Danni-Elle Townsend,Clayton Powell,0.0029,0.0496
Adam Harvey,Paula Rives,0.0021,0.0498
Tom Protzek,Rafa Hewett,-0.0028,0.0517
Riley Newman,Connor Garnett,0.0061,0.0504
Layne Sleeth,Isabella Dunlap,-0.0047,0.0514
Christa Gecheva,Albie Huang,0.0039,0.0509
Naomi Nguyen,Cailyn Campbell,-0.002,0.0525
Ella Yeh,Marcela Aguila Ampon,0.0093,0.05
Jonathan Truong,Alexa Schull,0.0009,0.0513
Brooke Buckner,Augustus Ge,-0.0036,0.0505
Len Yang,Mya Bui,-0.0085,0.0492
Eric Oncins,Layne Sleeth,0.0196,0.0501
Genie Erokhina,Pablo Tellez,0.0259,0.0527
Layne Sleeth,Lea Jansen,0.0009,0.0484
Genie Erokhina,Mya Bui,-0.0226,0.0497
Tama Shimabukuro,Etta Tuionetoa,0.0141,0.0512
Daniel Phillips,Brandon French,-0.0017,0.0508
Danni-Elle Townsend,Alix Truong,0.0038,0.0474
Andrei Daescu,Alix Truong,0.0194,0.0537
Len Yang,Pablo Tellez,-0.0134,0.05
Camden Chaffin,Judit Castillo,0.0014,0.0495
JW Johnson,Tyra Hurricane Black,-0.0124,0.0507
Alexa Schull,Judit Castillo,-0.0127,0.0529
Brooke Buckner,Tyra Hurricane Black,0.0046,0.0499
Abbigal Hatton,Brandon French,-0.0115,0.0503
Daniel Phillips,Samantha Parker,0.0012,0.0515
Jack Sock,Federico Staksrud,-0.0004,0.0496
Tama Shimabukuro,Connor Garnett,-0.0052,0.0475
Ben Johns,Max Freeman,0.0285,0.0484
James Broker,Sanil Jagtiani,0.0023,0.0506
Troy Jenike,Paul Davis,-0.0041,0.0526
Brian Tober,Anthony Lacqua,0.0009,0.0511
Ram Kotnana,Jack Hared,0.0205,0.052
William Hart,Andrew Angulo,0.015,0.0515
Andrea Koop,Lauren Stratman,0.008,0.0515
Jada Bui,Maria Klokotzky,-0.0117,0.0517
Garrison Eaby,Preston Gordon,-0.0074,0.0505
Adam Yeager,Hudson Yeager,-0.0034,0.0493
Clayton Powell,Anouar Braham,-0.0045,0.051
Garrett Swaney,Riley Durkin,0.0003,0.0513
Aneesh Kodali,Anudeep Kodali,-0.0045,0.0549
Julian Arnold,Etienne Blaszkewycz,-0.0042,0.053
AJ Carney,Max Carrol,0.0021,0.0509
Austin Keefer,Piyush Mavanur,0.0039,0.0527
Parth Patel,Jay Patel,-0.0132,0.0522
Edward Kim,Lucas Pereyra,-0.0004,0.0521
Jayce Landheer,DJ Zeiler,0.0035,0.0517
Madelyn Porter,Maya Wilson,-0.0018,0.0556
Sarah Carpenter,Kayla Nesbitt,-0.0015,0.0518
Natalia Simson,Luana Stanciu,-0.0049,0.0521
Natalie Kim,Ava Pisacrita,0.0119,0.0518
Jase V,Ethan Varney,-0.0022,0.05
Wade Bryant,Luke Wasson,0.0137,0.0529
Zoeya Khan,Giovanna Morelli,-0.0008,0.0517
Rachel Summers,Keilly Ulery,0.0057,0.0533
Yolena Carlon,Anna Lenhart,-0.0046,0.051
Averee Beck,Marcela Aguila Ampon,0.0058,0.0516
Amber Policare,Helen To,0.0067,0.0516
Rafael Kayo,Luis Fernando Myers Martinez,-0.0002,0.0512
Alex Guy,Joshua Giannelli,0.0209,0.0502
Dhanvin Sureshbabbu,Brayden Brown,-0.0042,0.0521
Alex Chanthaphaeng,Bradon Ly,-0.0029,0.0513
Nicholas Dehmer,Ted Holway,0.0027,0.053
Daniel Weber,Ben Rice,0.0073,0.0491
Pierina Imparato,Mehvish Safdar,-0.0102,0.0527
Rafa Hewett,James Delgado,-0.0068,0.0489
Zach Gonnering,Johnny Goldberg,0.0029,0.0494
Emilien Burnel,Blake Suard,0.0091,0.0496
Monika Wynne,Janet Liu,-0.0073,0.05
Jessica Haywood,Karolina Fleming,-0.0023,0.0516
Regina Goldberg,Carlota Trevino,-0.0111,0.0529
Mike Block,Landon Davis,-0.0049,0.0508
Kevin Chen,Sarinreach L,0.0029,0.0509
Andrew Wang,Jayce Fitzpatrick,-0.0023,0.0526
Hridhay P,Arsh Bassan,0.0017,0.0501
William Hsieh,Dmitry Ivanenko,-0.0074,0.0493
Wesley Hanson,Wade Heerboth,-0.0088,0.0514
Cc Eleven Sacca,Caroline Maguire,-0.0082,0.0517
Andrew Loftin,Nicolas Almeida,0.0083,0.0526
Jade Rau,Isabella Nelson,-0.01,0.0511
Caitlin Klaassen,Ashley Griffith,-0.0021,0.0492
Andrew Curtis,Mc Dranreb Africa,-0.0028,0.054
Nicolas Acevedo,Yuta Funemizu,0.0033,0.0494
Harrison Kircher,John Kircher,-0.0088,0.0519
Ella Yeh,Luc Pham,-0.0036,0.0503
Samantha Parker,Darrian Young,-0.0071,0.0532
Ella Yeh,Genie Erokhina,0.0037,0.0484
Pablo Tellez,Luc Pham,-0.0081,0.0523
Anna Leigh Waters,Noe Khlif,-0.0082,0.0494
Jorja Johnson,Will Howells,-0.0086,0.0477
Clayton Powell,Estee Widdershoven,0.0352,0.0508
Nicole Conard,Mark Dancuart,0.004,0.0512
Kayla Nesbitt,Ben Rice,-0.0072,0.0497
Joshua Giannelli,Lauralei Bieger,-0.0094,0.0533
Lauren Stratman,Nicolas Acevedo,0.0016,0.0512
James Broker,Amber Policare,0.0042,0.051
Samantha Buyckx,Anouar Braham,-0.0023,0.0504
Natalie Kim,Sanil Jagtiani,0.0061,0.0529
Alexander Grubbs,Helena Jansen,-0.0084,0.0503
Kendall Clay,Jack Matistic,-0.003,0.0493
Matthew Kawamoto,Maria Klokotzky,0.0012,0.0539
Natalia Simson,Johnny Goldberg,-0.0047,0.0536
Jessica Haywood,Perry Wang,0.0007,0.0534
AJ Carney,Mackenzie Cassady,0.0006,0.0515
Kenai Rios,Georgia Pooley,-0.0073,0.0512
Jade Rau,Adam Harvey,0.0076,0.0491
Joey Campagna,Karolina Fleming,-0.004,0.051
Mehvish Safdar,Etienne Blaszkewycz,0.006,0.0526
Evie Kenna,Dale Kim,0.0028,0.0531
Jarryd Woog,Masa Grgan,-0.0151,0.0523
Andre Mercado,Brie Aldridge,0.0052,0.0513
Sarah Carpenter,Jayce Fitzpatrick,0.0002,0.0514
Carlota Trevino,Nicholas Wade,0.0152,0.0519
Maya Wilson,Lucas Pereyra,0.0006,0.0532
Braylon Ohrel,Courtney Kendall,-0.0052,0.0522
Madelyn Porter,Nicolas Almeida,0.0055,0.0513
Preston Gordon,Alexa Quintanilla,0.0013,0.0486
Eliana Ling,Andrew Angulo,-0.001,0.0486
Sarah McGee,Alex Cortright,-0.0042,0.0518
Rachael Fitzgerald,Edward Kim,0.0075,0.0533
Nicholas Dehmer,Caroline Maguire,0.0005,0.0508
Emma Cook,Alex Chanthaphaeng,-0.0105,0.0534
Averee Beck,DJ Zeiler,-0.008,0.0531
Megan Poe,Selim Ben Ali,-0.001,0.0499
Madison Turosinski,Jayce Landheer,0.0128,0.0527
Casey Garretson,Teresa Romero,-0.009,0.0504
Caitlin Klaassen,Liam Duffin,0.015,0.0489
Austin Bricker,Andrea Koop,-0.0089,0.0526
Zoeya Khan,Julian Arnold,-0.0008,0.0496
Camden Chaffin,Alexa Schull,0.0032,0.0482
Elsie Hendershot,John Lucian Goins,-0.0012,0.0511
Alexa Schull,Wyatt Stone,0.0016,0.0502
Tama Shimabukuro,Victoria Dimuzio,-0.0025,0.0523
Jonathan Truong,Judit Castillo,0.0042,0.0483
Daniel Phillips,Darrian Young,-0.0027,0.0509
Jonathan Truong,Camden Chaffin,0.0134,0.0493
Brooke Buckner,JW Johnson,0.024,0.0504
Victoria Dimuzio,Allyce Jones,-0.0058,0.0538
Victoria Dimuzio,Etta Tuionetoa,0.0045,0.049
Victoria Dimuzio,Connor Garnett,-0.0048,0.049
Jessie Irvine,Jaume Martinez Vich,-0.0175,0.0512
Isabella Dunlap,Estee Widdershoven,-0.0138,0.0472
Parris Todd,Danni-Elle Townsend,-0.0041,0.049
Blaine Hovenier,Liz Truluck,0.0127,0.0514
Jay Devilliers,Kaitlyn Christian,-0.015,0.0489
Sahra Dennehy,Anouar Braham,0.0002,0.052
Callie Smith,Liz Truluck,-0.0077,0.0481
Zoey Weil,Martina Frantova,0.0222,0.0548
Ting Chieh Wei,Mari Humberg,-0.0068,0.0508
Sahra Dennehy,Emma Nelson,-0.0026,0.0501
Michael Loyd,Anouar Braham,0.0007,0.0466
Blaine Hovenier,Roscoe Bellamy,-0.0139,0.0492
Sofia Sewing,Tyson McGuffin,0.015,0.0493
Connor Mogle,Allison Phillips,-0.0014,0.0537
Ting Chieh Wei,Hunter Johnson,0.0076,0.0502
Sofia Sewing,Tina Pisnik,0.0046,0.0493
Connor Mogle,Brandon French,-0.0049,0.0528
Christopher Crouch,Martina Frantova,0.0007,0.0528
Michael Loyd,Emma Nelson,-0.0,0.0492
Zoey Weil,Cason Campbell,0.0094,0.0507
Zoey Weil,Christopher Crouch,-0.0102,0.0537
Callie Smith,Chao Yi Wang,-0.0262,0.0509
Abbigal Hatton,Darrian Young,0.01,0.0531
Connor Mogle,Samantha Parker,0.0035,0.0529
Sahra Dennehy,Kiora Kunimoto,0.0117,0.0527
Connor Mogle,Darrian Young,0.0001,0.0515
Alexander Crum,Judit Castillo,-0.0015,0.0528
Deanna Pham,Janaye Sakkas,-0.0014,0.0504
Linda Yang,Elizabeth Roy,-0.0074,0.0486
Jason McCrary,Hayden Rand,-0.0019,0.0498
Zach Drost,Dave Bacalla,-0.0137,0.0494
Jacob Becker,Prapav Patel,-0.0051,0.0522
Andre Mercado,Zach Gonnering,0.001,0.0499
Juan Varon,Jose Martinez,0.0033,0.0518
Ben Baravik,Jerry Huang,-0.001,0.0529
Dan Nguyen,Yaamunan Venkatesan,0.0005,0.0523
Nicolas Lopez,James Singer,0.0024,0.0523
Jillian Niemann,Samantha Morgan,-0.003,0.0511
Ashley Oluschak,Tiffany Ash,-0.0016,0.0531
Meggan William,Courtenay Leonard,-0.0089,0.0513
Levi Daniel,Martin Thomas,0.0106,0.0515
Angel Hernandez,Alex Long,0.0066,0.0543
Daniel Traxler,Jaikin Gomez,0.01,0.0529
Grayson Brandon,Jace Howard,0.0105,0.051
Caden Nemoff,Maverick Messinger,-0.0102,0.0523
Alex Lantz,Claudio Quinones Garcia,-0.0068,0.0506
Rey Bacalla,Gautham Bondugula,-0.0024,0.052
Antonio Medina,TJ Rudden,0.0045,0.0528
Daniel Adsit,Uriah Werner,-0.0042,0.0514
Daniel Byun,Edward Kim,-0.0011,0.0503
Kyle Yates,Eli Steiner,0.0198,0.0511
Nicolas Almeida,Jeffrey Moulton,0.007,0.0519
Maddy Rasmusen,Jaeda Minniefield,0.0132,0.0479
Noah Hlavac,Kyle Morris,-0.0014,0.0492
Naomi Nguyen,Sydney Sonday,0.0001,0.0521
Lucas Coutinho,Kendall Kikkawa,-0.0119,0.0518
Luke Wasson,Matthew Mino,-0.0004,0.0534
Luke W,Karson Feyereisen,0.0055,0.0525
Frida Mudsam,Tomoko Taniguchi,0.0019,0.0495
Marianna Petrei,Ella Boydston,0.0031,0.0511
Enrique Castillo,Santiago Castillo,-0.0068,0.0512
Jackson Ayotte,Mike Radermacher,-0.0127,0.0539
Dave Conley,Rikk Shimizu,0.0031,0.0498
Alexander Cherman,Eric Levy,-0.0076,0.0524
Ella Yeh,Kelly Goodnow,0.0103,0.0514
Dawson Davis,Hudson G,-0.0093,0.0506
Miles Hoover,Troy Akin,-0.0126,0.0522
Noah Ivey,Eric Lewandowski,0.0055,0.0487
Daniel Connell,Keith Gyory,-0.002,0.053
Risa Hirano,Wendy Weston,-0.0018,0.0509
Dora Kurdi,Belani Soto,-0.0033,0.0508
Clayton Powell,Yuta Funemizu,-0.0078,0.0531
Christopher Crouch,Cason Campbell,0.0289,0.0501
Chao Yi Wang,Roscoe Bellamy,0.0316,0.0511
Roscoe Bellamy,Braden Jacobson,0.0042,0.0522
Chao Yi Wang,Liz Truluck,0.0111,0.0518
Isabella Dunlap,Yuta Funemizu,-0.0027,0.054
Sahra Dennehy,Michael Loyd,0.0052,0.0503
Emma Nelson,Anouar Braham,-0.0006,0.051
Alicia Lai,Arnav Duarah,0.0255,0.0535
Samantha Morgan,Noah Ivey,0.0037,0.0506
Meggan William,TJ Rudden,-0.0142,0.052
Kavya Rachapalli,Matt Ngo,-0.0028,0.0512
Alex Lantz,V. Mary Rivas,0.001,0.0534
Ella Boydston,Dawson Davis,0.0172,0.0523
Jaikin Gomez,Kasia Carr,-0.0066,0.0533
Daniel Traxler,Frida Mudsam,0.005,0.0522
Ella Yeh,Elliott Schupp,-0.0095,0.0534
Nicolas Almeida,Cc Eleven Sacca,-0.0028,0.0491
Kay Fischer,Antonio Medina,-0.0049,0.051
Courtenay Leonard,Kyle Yates,-0.0013,0.0504
Naomi Nguyen,Kyle Koszuta,-0.0087,0.0521
Sydney Sonday,Rio Newcombe,0.0028,0.0509
Alli Hazrati,Maverick Messinger,-0.0015,0.0499
Andre Mercado,Kelly Goodnow,-0.0109,0.0491
Risa Hirano,Ben Baravik,-0.0004,0.0532
Carlota Trevino,Joel Poland,0.0196,0.0494
Dora Kurdi,Noah Hlavac,-0.0019,0.0501
Kristin Gobberg,Eric Lewandowski,-0.0058,0.0539
Lyn Yuen Choo,Mackonner Dy,-0.0012,0.051
Vincent Rettke,Simone Leonard,-0.0035,0.0481
Belani Soto,Kyle Morris,-0.0026,0.0519
Wendy Weston,Edward Kim,-0.0027,0.0506
Elise Fortino,Eli Steiner,0.0047,0.0522
Katie Neils,Zach Gonnering,-0.0017,0.0511
Devon Sikora,Christie Mead,-0.0097,0.0512
Jay Evans,Katie O'Riley,0.0028,0.0524
Bassem Kheireddin,Jessica Ho,-0.0072,0.0523
Len Yang,Genie Erokhina,-0.0013,0.0509
Len Yang,Luc Pham,-0.0017,0.0487
Meghan Dizon,Cailyn Campbell,-0.004,0.0482
Daria Walczak,Alix Truong,0.0041,0.0497
Armaan Bhatia,Meghan Dizon,0.0005,0.0493
Armaan Bhatia,Will Mackinnon,0.0049,0.049
Mya Bui,Luc Pham,0.0045,0.0527
Christopher Haworth,Jackie Kawamoto,-0.0005,0.0493
Daria Walczak,Wyatt Stone,-0.0069,0.0508
Christian Alshon,Christopher Haworth,0.0017,0.0499
Rafael Lenhard,Cailyn Campbell,-0.0062,0.0504
Armaan Bhatia,Rafael Lenhard,0.0036,0.0505
Grayson Goldin,Tina Pisnik,-0.0022,0.0481
Ella Yeh,Mya Bui,0.0066,0.0506
Kate Fahey,John Lucian Goins,-0.0081,0.0497
Liz Truluck,Roscoe Bellamy,-0.003,0.0513
Callie Smith,Blaine Hovenier,-0.0021,0.054
Yates Johnson,Alex Walker,-0.0098,0.0525
Eric Oncins,Nicolas Acevedo,-0.011,0.049
Andrei Daescu,Judit Castillo,0.0077,0.0485
Keilly Ulery,Jaume Martinez Vich,0.0044,0.0493
Aiko Yoshitomi,Darrian Young,-0.009,0.0513
Albie Huang,Augustus Ge,-0.0064,0.0526
Dylan Frazier,Isabella Dunlap,-0.0168,0.0496
Sahra Dennehy,Joseph Wild,0.0031,0.0478
Jessie Irvine,Keilly Ulery,-0.0112,0.0527
Danni-Elle Townsend,Judit Castillo,-0.0122,0.0529
Aiko Yoshitomi,Nicole Conard,-0.0091,0.0516
Brooke Buckner,Albie Huang,-0.0129,0.0506
Dylan Frazier,Clayton Powell,0.0272,0.049
James Delgado,Anouar Braham,-0.0047,0.0522
Lea Jansen,Nicolas Acevedo,-0.0136,0.0495
James Delgado,Kiora Kunimoto,0.0045,0.0519
Pablo Tellez,Mya Bui,-0.0004,0.0521
Donald Young,Jaume Martinez Vich,0.0063,0.0512
Joseph Wild,Anouar Braham,0.002,0.0511
Donald Young,Keilly Ulery,-0.0045,0.0522
Matthew Barlow,Marcela Aguila Ampon,-0.0035,0.0537
Aiko Yoshitomi,Abbigal Hatton,-0.0057,0.0519
Genie Erokhina,Luc Pham,0.0062,0.0516
Michael Loyd,Abbigal Hatton,-0.0022,0.0509
James Delgado,Emma Nelson,0.0066,0.052
Bruno Barrueto Deza,Cristobal Del Castillo,-0.0077,0.0524
Michael Jenson,Hudson G,0.0078,0.0539
Damon Little,Vincent Rettke,-0.0092,0.0507
Brianna Kemp,Ella Cosma,0.0,0.0532
Chuck Taylor,Bryce Larson,0.0013,0.0507
Matthew Mead,Devon Sikora,-0.0024,0.0501
Christina Nguyen,Janaye Sakkas,0.0004,0.0506
Armaan Jiwa Mawji,Eli Steiner,0.0189,0.0495
Andrew Caldarella,Garrett Whitehead,-0.0003,0.0511
Matthew Finnerty,Yaamunan Venkatesan,-0.0046,0.0518
Trevor Machek,Antonio Medina,0.0014,0.0509
Eliel Herminas,Dan Nguyen,0.0083,0.0515
Miles Hoover,Matt Burkhardt,-0.0074,0.0507
Brenton Jolley,Troy Jolley,-0.011,0.052
Luke Williams,Jase Edwards,-0.0081,0.0505
Tyrel F,Dan Clark,0.0016,0.0498
Mohaned Alhouni,Bruno Faletto,0.0253,0.0485
Alexandra Valenstein,Melissa Beré,0.0001,0.0525
Jillian Niemann,Maddy Stone-Wheatley,-0.0037,0.0522
Deanna Pham,Stephanie Vogt,0.0172,0.0523
Carlota Trevino,Kelly Goodnow,0.0139,0.0509
Leah J,Cc Eleven Sacca,-0.0048,0.051
David Litvinov,Troy Akin,-0.0089,0.0516
Connor McCartney,Jackson Ayotte,-0.0043,0.0515
Olivia Phillips,Averee Beck,0.008,0.0515
Bret Berryman,Blake Suard,-0.0028,0.0519
Courtenay Leonard,Diana Kozenyatko,-0.0077,0.0516
Gavin Fowler,Jaxon Madsen,-0.0154,0.0511
Braydon Unsicker,Connor Henning,-0.0005,0.0504
Michael Loyd,Brandon French,0.0011,0.0564
Nicole Conard,Michael Loyd,-0.0075,0.0533
Naomi Nguyen,Rafael Lenhard,-0.0066,0.0544
Bruno Faletto,Carlota Trevino,0.0077,0.0482
Zach Gonnering,Stephanie Vogt,-0.0008,0.0507
Jake Anderson,Melissa Beré,0.0057,0.0503
Naomi De Hart,Jaxon Madsen,0.0079,0.0514
Averee Beck,Garrett Whitehead,-0.0082,0.0495
Kendall Warren,Riley Inn,-0.0062,0.0494
Damon Little,Jocelyn Bedoya,-0.0032,0.0531
Eduardo Santini Ayon,Jalina Ingram,0.0116,0.0514
Luke Williams,Brianna Kemp,0.0044,0.0496
Parth Mody,Sienna Hitzeman,-0.0155,0.0496
Christine Trifunovic,Matthew Mead,-0.0117,0.0506
Antonio Medina,Diana Kozenyatko,-0.0057,0.0513
Alexandra Valenstein,Troy Akin,-0.0078,0.0518
Freddie Powell,Chloe Diskin,0.0084,0.0516
Jillian Niemann,Jackson Ayotte,0.0104,0.0506
Rujira Peaw O'Neill,Diego Diaz Sanchez,-0.0022,0.049
Victoria Nguyen,Usama Khalid,0.001,0.0527
Yolena Carlon,Nicholas Wade,0.0037,0.0518
Courtenay Leonard,Vincent Rettke,0.0075,0.0478
David Litvinov,Adelie Osher,-0.0119,0.0508
Kade Andrus,Sammi Ma,-0.0018,0.0506
Trevor Machek,Mya Barron,-0.0005,0.0518
Monika Wynne,Eli Steiner,0.016,0.049
Ella Boydston,Andrew Caldarella,-0.0021,0.0478
Janaye Sakkas,Dale Kim,-0.0045,0.0526
Chuck Taylor,Olivia Phillips,-0.0038,0.0527
Deanna Pham,Armaan Jiwa Mawji,-0.0103,0.0498
Cc Eleven Sacca,Joel Poland,-0.012,0.0539
Will Mackinnon,Rafael Lenhard,-0.0349,0.0519
Meghan Dizon,Rafael Lenhard,-0.0062,0.0503
Grayson Goldin,Tyson McGuffin,-0.0032,0.0505
Tama Shimabukuro,Tyler Loong,-0.0152,0.0518
Casey Diamond,Tyson McGuffin,0.0063,0.0488
Stefan Auvergne,Casey Diamond,-0.0027,0.0506
Elsie Hendershot,Hayden Patriquin,0.007,0.0514
Rika Fujiwara,Clayton Powell,-0.0085,0.0529
Rika Fujiwara,Estee Widdershoven,0.0025,0.0505
Stefan Auvergne,Tina Pisnik,-0.0108,0.0526
Eric Oncins,Marcela Aguila Ampon,-0.0011,0.0523
Matthew Barlow,Lea Jansen,-0.0072,0.053
Kaitlyn Christian,Nicolas Acevedo,0.0034,0.0489
Liz Truluck,Clayton Powell,-0.0076,0.0491
Michael Loyd,Kelly Goodnow,-0.0007,0.0523
Naomi Nguyen,Armaan Bhatia,0.0016,0.051
Zane Navratil,John Lucian Goins,0.0264,0.0479
Ting Chieh Wei,AJ Koller,-0.0097,0.0525
Len Yang,Blaine Hovenier,0.0148,0.0496
Abbigal Hatton,Kelly Goodnow,-0.0018,0.0496
Roscoe Bellamy,Clayton Powell,0.0022,0.049
Danni-Elle Townsend,Augustus Ge,0.0404,0.0512
Ting Chieh Wei,Elsie Hendershot,0.0211,0.0504
Hannah Blatt,Jackie Kawamoto,0.0025,0.0525
Hannah Blatt,Christian Alshon,0.0124,0.0525
Blaine Hovenier,Pablo Tellez,-0.0012,0.0502
Casey Diamond,Tina Pisnik,0.0039,0.052
Chao Yi Wang,Braden Jacobson,0.0049,0.0499
Ting Chieh Wei,John Lucian Goins,-0.013,0.051
Ting Chieh Wei,Jalina Ingram,0.0033,0.0512
AJ Koller,John Lucian Goins,0.0073,0.0499
Zoey Weil,Connor Mogle,-0.0111,0.0492
Clayton Powell,Braden Jacobson,-0.0061,0.0516
Danni-Elle Townsend,Ivan Jakovljevic,-0.0048,0.0529
Braylon Ohrel,Blake Suard,0.0042,0.0503
William Hsieh,Magnus Violet,-0.0086,0.051
Gina Li,Eileen Wang,0.0144,0.0512
Monika Wynne,Anna Lenhart,0.002,0.0522
Ethan Bakalinsky,Dale Kim,0.0025,0.0488
Elliott Schupp,Anderson Scarpa,0.0148,0.0513
Eduardo Santini Ayon,Jace Morris,0.0113,0.0512
Chantal Mabie,Neely Sullivan,-0.0081,0.0512
Mike Radermacher,Usama Khalid,0.0183,0.0495
Justin Simpson,Ashton Bradley,-0.002,0.0525
Kyle Rinck,Emilien Burnel,0.0059,0.0507
George Rangelov,Daniel Miron,-0.0041,0.0523
Matthew Denny,Curtis Hoyt,-0.0057,0.0529
Tobias Moreno,David Yahng,0.0041,0.0516
Gonzalo Nunez,Dylan Taylor,0.007,0.0486
Sam Kim,Tristan Dussault,-0.0072,0.0531
Brendan Gallagher,Ethan Hall,0.0079,0.0494
Dan Caticha,Larry Diep,-0.0084,0.0504
Elisha Turner,Aidan Gorneau,-0.0057,0.0503
Catrina Coyner,Sabrina Barisano,-0.0053,0.0507
Daniel Weber,Michael Benash,-0.002,0.0525
Heather Kim,Patara Tezduyar,0.0042,0.052
Connor Duvally,Shay Hugo,0.0175,0.0536
Oscar Serra,Cobi Moore,0.0014,0.0521
Peter Dorward,Ryan Rabidou,0.0018,0.056
Abby Trieu,Rebekah Kitto,-0.0005,0.0527
Vincent Rettke,Bret Berryman,-0.0049,0.0539
Lincoln M,Will Kayal,-0.0022,0.0503
Matthew Finnerty,Francis Chi,-0.009,0.051
Sandy Wang,Hannah Shin,-0.0084,0.0526
Sara Remynse,Kendall Warren,-0.0032,0.0517
Lani Silversides,Lauren Delong,-0.0101,0.0531
Chantal Van Winkle,Cynthia McPherson,-0.0028,0.053
Dustin Maylath-Bryant,Ian Dube,-0.0021,0.0522
Joshua Wallace,Albin Cehic,-0.0077,0.0538
Jack Dipietro,Adam Lattman,-0.0048,0.0505
Dekel Bar,Casey Diamond,-0.0013,0.0507
Zane Navratil,AJ Koller,-0.0088,0.052
Ella Yeh,Len Yang,0.001,0.0536
Kendall Warren,David Yahng,0.0031,0.0528
Audrey Banada,Emilien Burnel,0.0034,0.0522
Eileen Wang,Francis Chi,-0.0018,0.0521
Edward Perez,Jaeda Minniefield,0.0115,0.0504
Gregory Perkins,Abby Trieu,-0.0058,0.0518
Chantal Mabie,Mike Radermacher,0.0104,0.0492
Ana Gordon,Dylan Taylor,0.0053,0.0518
Garrison Eaby,Sabrina Barisano,0.0074,0.0507
Stevie Petropouleas,Ethan Bakalinsky,-0.0063,0.0513
Tristan Dussault,Andrea Koop,0.009,0.0539
Sandy Wang,Blake Suard,0.0036,0.0535
Sam Kim,Hannah Shin,0.0121,0.0517
Gina Li,Shay Hugo,-0.012,0.0533
Zach Gonnering,Brooke Caruso,-0.0207,0.0485
Aidan Gorneau,Crystal Sorem,-0.0061,0.0516
Victoria Nguyen,Preston Gordon,0.0057,0.0548
Rachael Fitzgerald,Ben Herrick,0.0023,0.0539
Elliott Schupp,Audrey Adele Brown,-0.0197,0.0526
Elisha Turner,Catrina Coyner,0.0068,0.0502
Peter Dorward,Chantal Van Winkle,-0.0017,0.0519
Ali Evans,Jacky Lau,-0.0038,0.0536
Arielle Butler,Anderson Scarpa,-0.0041,0.0538
Teddy Morin,Erica Johnson,-0.0051,0.0523
Heather Kim,Ethan Hall,-0.0069,0.0512
Jimmy Daher,Patara Tezduyar,-0.0025,0.0504
Mackonner Dy,Ryan Torresin,-0.0068,0.0515
Mari Humberg,Jaume Martinez Vich,-0.0024,0.0493
Daria Walczak,Alexa Schull,0.0291,0.0518
Pablo Tellez,Emma Nelson,-0.0024,0.0509
Jordann Vigna,Rosie Johanson,0.0058,0.0514
Ella Cosma,Lauren Mercado,-0.011,0.0522
Ting Chieh Wei,Zane Navratil,-0.0046,0.0522
Katie Morris,Karolina Owczarek,-0.0056,0.0525
Yates Johnson,Federico Staksrud,-0.0029,0.0507
Ben Cawston,Jhonnatan Medina Alvarez,-0.0053,0.053
Ryan Torresin,Rosie Johanson,-0.0065,0.0501
Sarah Burr,Talia Saunders,-0.0007,0.0498
Kallan Arledge,Ryan Morneau,0.0067,0.0541
Pablo Tellez,Anouar Braham,-0.0058,0.053
Dylan Frazier,Yuta Funemizu,0.0147,0.0527
Ella Cosma,Ryan Morneau,0.0057,0.0533
Mitchell Hargreaves,Talia Saunders,-0.0008,0.051
Raquel Amaro,Pep Canyadell Fabregas,-0.0051,0.0529
Daria Walczak,Jonathan Truong,-0.0325,0.0549
Lauren Mercado,Kallan Arledge,0.0001,0.0505
Milan Rane,Alex Walker,-0.0056,0.0515
Christopher Haworth,Pesa Teoni,0.0069,0.0491
Raquel Amaro,Karolina Owczarek,-0.0041,0.0513
Zane Ford,Estee Widdershoven,-0.0012,0.0511
Ben Cawston,Katie Morris,0.0242,0.0513
Kyle Hermetz,Ryan Torresin,-0.0004,0.0522
Jhonnatan Medina Alvarez,Pep Canyadell Fabregas,-0.0026,0.0507
Jordann Vigna,Ryan Torresin,-0.0002,0.0479
Rosie Johanson,Kim Layton,-0.0003,0.0517
Donald Young,Mari Humberg,0.0024,0.0543
Sarah Burr,Zachary Grabovic,-0.0041,0.0545
Martina Frantova,Mya Bui,-0.009,0.0539
Connor Mogle,Mya Bui,0.0044,0.0515
Pablo Tellez,Joseph Wild,-0.0135,0.052
Zoey Weil,Pablo Tellez,0.0161,0.0506
Sahra Dennehy,Zoey Weil,-0.0022,0.047
Connor Mogle,Martina Frantova,-0.0036,0.0504
Len Yang,James Delgado,0.004,0.0515
Ella Yeh,James Delgado,-0.0028,0.0521
Ethan Westdorp,Neil Westdorp,0.0019,0.052
Luis Rojas,Casey Markulike,-0.0061,0.0534
Sofia Manzanares,Sable Yrjanson,0.0022,0.0536
Morgan Downing,Sharienne Ricardo,-0.0032,0.0523
Jemere Plummer,Eli Curls,-0.0046,0.054
Isabella Dunlap,Lina Padegimaite,0.0186,0.0492
Caroline Maguire,Anna Lenhart,-0.0057,0.0519
Tristan Dussault,Jae Centonze,0.0202,0.053
Kevin N,Micah Lopez,-0.0093,0.0524
Daniel Miron,Ethan Bakalinsky,0.0142,0.0527
Liz Truluck,Estee Widdershoven,-0.0082,0.0507
Cole Whitaker,Jake Anderson,0.0001,0.0517
Nicole Conard,Mehvish Safdar,-0.0053,0.048
Nancy Suiugan,Marygrace Rudd,-0.0106,0.0515
Ross Whittaker,Wade Heerboth,0.0034,0.051
Madelyn Porter,Andi Godwin,0.0056,0.0502
Haley Ferguson,Ashley Griffith,-0.0016,0.0501
Yolena Carlon,Luana Stanciu,0.0013,0.0498
Jacob Lee,Tyler Kane,0.0043,0.0512
Lawson D,Connor Gibbs,0.0025,0.057
Jonas Daehler,Xavier Richard,0.0012,0.0509
James Seagraves,Colby Hill,-0.014,0.0485
Jade Rau,Maddy Rasmusen,0.0148,0.0512
Rachael Fitzgerald,Mikaela Smith,0.0002,0.0503
Jesse Berkowitz,Riley Durkin,-0.0082,0.0522
Karen Lu,Brittany Yang,0.0082,0.0493
Ashley Lu,Helen To,-0.0054,0.0508
Edward Kim,Usama Khalid,-0.0123,0.0523
Meggan William,Mya Barron,0.0111,0.0515
Sanil Jagtiani,Freddie Powell,0.0034,0.0501
Edward Perez,Jarryd Woog,-0.0082,0.0508
Braylon Ohrel,Francis Chi,0.0009,0.0556
Joshua McKinley,Bradon Ly,0.0077,0.052
Eliana Ling,Hailee Haymore,-0.0115,0.0501
Preston Engel,Alvaro Regalado,0.0066,0.0508
Spencer Liang,Alexa Quintanilla,-0.0023,0.051
Caraline Cox,Elise Fortino,-0.0022,0.0523
Lauren Stratman,Olivia McMillan,-0.0067,0.0507
Natalie Araya,Lucia Changkuon,-0.0011,0.0518
Blake Goodman,Blake Suard,0.0015,0.0495
Caitlin Klaassen,Mary McGowan,-0.0102,0.0531
Brie Aldridge,Zoe Reavis,-0.002,0.0512
Elyssa Wisner,Francesca Randazzo,-0.0056,0.051
Giovanna Morelli,Anne-Sophie Courteau,-0.0089,0.0523
Michael Pento,Ashton Patterson,-0.0065,0.0514
Amber Policare,Carlota Trevino,0.0192,0.0529
MJ Greiner,Adair Garcia,0.0061,0.0506
Michael Connors,Preston Ducrest,-0.0063,0.0519
Josh Oakman,Dustin Parks,0.0044,0.0526
Dylan Lewis,George Rangelov,-0.012,0.0505
Connor McCartney,Mouaad Alhouni,0.0049,0.0527
Evan T,Joshua Cornett,-0.0049,0.05
Antonio Medina,Andrew Angulo,-0.0122,0.051
Eddy Kim,Bret Berryman,-0.0005,0.0515
Courtenay Leonard,Patara Tezduyar,-0.006,0.0496
Daria Walczak,Michael Loyd,0.0044,0.0503
Yuta Funemizu,Connor Garnett,0.0066,0.0512
Caitlin Klaassen,Juan Varon,0.0032,0.0497
Mark Dancuart,Estee Widdershoven,-0.0143,0.0521
Jade Rau,Jae Centonze,0.0065,0.0516
Teresa Romero,Joshua Cornett,-0.0029,0.0493
Ahmad El-Zarif,Madalina Grigoriu,-0.0053,0.0517
Rafa Hewett,Isabella Dunlap,-0.0142,0.0503
Maddy Rasmusen,Xavier Richard,0.0091,0.049
Tammy Kim,Tyler Kane,-0.0057,0.054
Josh Oakman,Caraline Cox,-0.0027,0.0501
Jenna Vlach,Eli Curls,-0.0025,0.0521
Alexa Brent,Preston Ducrest,0.0002,0.0514
MJ Greiner,Victoria Simon,-0.008,0.0495
Caroline Maguire,Francis Chi,0.0099,0.0501
Edward Perez,Valerie R Simon,0.0049,0.0507
James Seagraves,Brittany Yang,-0.0009,0.0509
Wesley Hanson,Dallas Fahr,0.0026,0.0495
Carlota Trevino,Ryan Torresin,-0.0123,0.052
Nicole Conard,Anderson Scarpa,-0.0174,0.0557
Liza Klyachkin,Jacob Bradshaw,-0.0035,0.0543
Amber Policare,Daniel De la Rosa,-0.0092,0.0505
Braylon Ohrel,Andi Godwin,0.0056,0.0505
Luana Stanciu,Nicholas Wade,-0.0081,0.0511
Garrison Eaby,Alexa Quintanilla,0.0108,0.0496
Freddie Powell,Giovanna Morelli,0.012,0.0518
Lova Metor,Patara Tezduyar,0.0032,0.0496
Sofia Manzanares,Michael Shaw,-0.0001,0.0499
Courtenay Leonard,Blake Suard,0.0021,0.0511
Jessica Brock,Ethan Aycock,-0.0039,0.048
Haley Ferguson,Stephen Preissler,-0.0114,0.0502
Matvey Radionov,Mikaela Smith,0.0163,0.0523
Rubelle Yoo,Logan Thompson,-0.0041,0.0541
Liam Duffin,Yolena Carlon,0.0047,0.0518
Keri Lu,Adair Garcia,-0.0092,0.0515
Jarryd Woog,Rachael Fitzgerald,0.0059,0.0503
Dylan Lewis,Sable Yrjanson,0.0018,0.0563
Madelyn Porter,Jay Evans,-0.0029,0.0511
Elise Fortino,Michael Hollings,0.0011,0.0504
Morgan Downing,Kolton Youngblood,0.0026,0.0507
Liz Truluck,Anouar Braham,0.0168,0.0477
Julian Arnold,Olivia McMillan,-0.0052,0.0519
Casey Garretson,Lina Romero Alarcon,-0.007,0.0509
Thomas Provost,Fatyha Berjane,0.0016,0.0485
Austin Bricker,Anne-Sophie Courteau,0.0006,0.0487
Brendan Gallagher,Katelyn Hilliard,-0.0013,0.0525
Estee Widdershoven,Anouar Braham,0.0269,0.0521
Victoria Dimuzio,Tyler Loong,-0.0041,0.0532
Zane Navratil,Emma Nelson,-0.0112,0.0512
Anouar Braham,Anderson Scarpa,0.0068,0.0509
Isabella Dunlap,James Delgado,0.0186,0.0495
Ting Chieh Wei,Emma Nelson,0.0092,0.0563
Tama Shimabukuro,Allyce Jones,-0.0076,0.0536
Callie Smith,Clayton Powell,-0.011,0.0507
Sahra Dennehy,Dylan Frazier,-0.0064,0.0503
Elsie Hendershot,AJ Koller,0.018,0.0504
Stefan Auvergne,Hannah Blatt,-0.0038,0.0517
Allison Phillips,Camden Chaffin,-0.0086,0.0521
AJ Koller,Emma Nelson,0.0052,0.0543
Riley Newman,Christopher Haworth,0.001,0.0509
Estee Widdershoven,Anderson Scarpa,-0.0106,0.0514
Daria Walczak,Allison Phillips,-0.0098,0.0489
Mireia Rh,Karina Zustakova,-0.0022,0.0524
Anna Marija Bukina,Kristiin Mets,0.0089,0.0496
Tom Protzek,Karolina Owczarek,0.0046,0.0502
Boris Paque,Fruzsina Szeli,0.0084,0.0532
James Ling,Ellie Tomkinson,0.014,0.0546
Penelope Europa Pagnoncelli,Matteo Eren Enea,-0.0054,0.0503
Alex Rosa,Raymond Lawton,-0.0057,0.0501
Gabriele Camasta,Eugenio Fara,0.0014,0.0516
Marina Sicic,Evie Kenna,0.0031,0.0491
Veronica Baldi,Antonella Sonda,-0.0056,0.0504
Masa Grgan,Viktoria Kanichova,0.0101,0.0522
Boris Paque,James Ling,-0.0076,0.0512
Marcela Donatoni,Olivia McMillan,0.0065,0.051
María Fernández Costantino,Sabrina Mendez Dominguez,0.0126,0.0527
Bálint Bakó,Mateusz Matysik,0.0011,0.0494
Marcela Donatoni,Kym Sze,-0.0016,0.05
David Palkovský,Karina Zustakova,0.0047,0.0529
Blake Goodman,Daniel Miron,0.0044,0.0488
Alessandro Enea,Matteo Eren Enea,-0.0091,0.0521
Daniel Miron,Masa Grgan,-0.0071,0.0484
Mireia Rh,Davide Vendrame,0.0003,0.0526
Robinn Sander,Gustaf Geterud II,-0.0018,0.0514
Pep Canyadell Fabregas,Rosen Naydenov,0.0027,0.051
Hector Sanchez Vidal,Jesus Garcia Garre,0.003,0.0512
Stefan Grubmueller,Davide Vendrame,0.0017,0.05
Pedro Antonio Díaz Adrover,David Palkovský,0.0001,0.0542
Mateusz Matysik,Klara Thell-Lenntorp,0.0065,0.0514
Francesca Rumi,Matteo Cugliari,0.0024,0.0513
Rupf Anna,Fruzsina Szeli,-0.0107,0.052
Giovanna Mandon,Marina Alcaide,0.0029,0.0526
Dora Kurdi,Chloe Diskin,-0.0021,0.0518
Francesca Rumi,Klara Thell-Lenntorp,0.002,0.051
Claudia Caymel Romero,Katie Morris,0.0015,0.0506
Gustaf Geterud II,Kristiin Mets,-0.0042,0.0482
Gabriele Camasta,Paola Tampieri,-0.0002,0.0527
Piercarlo Usai,Marcello Bettinelli,0.0022,0.0531
Demetrio De Vito,Umberto Vivaldi,-0.0083,0.0529
Matteo Cugliari,Bastian Grau,0.0026,0.0521
Alex Serrano Ruano,David Illescas Cases,0.0004,0.0539
Henrikas Traskin,Felix Grunert,0.0012,0.0519
Blake Goodman,Chloe Diskin,-0.0102,0.0515
Jesus Garcia Garre,Sabrina Mendez Dominguez,-0.0025,0.0522
Cyril Peltier,Mikołaj Biedermann,0.0008,0.0507
Francesco Gallo,Lorenzo Lanza,-0.011,0.0536
Stephanie Vennemann-Kohls,Anna-Lena Straub,-0.0089,0.0481
Rosen Naydenov,Marina Alcaide,0.0032,0.0493
Filippo Rossetti,Caterina Costantini,-0.0032,0.0544
Teodora Zonich,Bastian Grau,-0.0052,0.0504
Valentina Sudati,Luca Romanelli,0.0019,0.0521
Kristina Jensen,Vittoria De Pasquale,-0.0052,0.0529
Alexandra Zapletalová,Gabriela Leova,-0.0072,0.0526
María Pintor Rodríguez,Clara Contis,0.012,0.0527
Caroline Nothnagel,Felix Grunert,-0.0,0.0502
Claudia Caymel Romero,Pep Canyadell Fabregas,0.0095,0.0524
Louis Laville,Olivia McMillan,-0.0081,0.0511
Alessia Rossetti,Wojciech (voyteck) Kmiecik,0.0025,0.0517
Raquel Amaro,Sara Chumillas,0.0059,0.0543
Theo Platel,Evie Kenna,0.0033,0.0508
Myriam Enmer,Cyril Peltier,-0.0029,0.0537
Valentina Sudati,Alessia Rossetti,-0.0104,0.0514
Caroline Nothnagel,Karolina Owczarek,0.0112,0.0526
Kristina Jensen,Piercarlo Usai,0.0077,0.0541
Filippo Rossetti,Luca Romanelli,-0.0065,0.0528
Gabriele Silvestri,Wojciech (voyteck) Kmiecik,-0.0028,0.0529
Raquel Amaro,David Illescas Cases,-0.0,0.0529
Bálint Bakó,Marina Sicic,0.0028,0.0502
Armando Ferreira,Viktoria Kanichova,-0.0006,0.0553
María Fernández Costantino,Mikołaj Biedermann,0.004,0.0508
Hrvoje Radić,Luka Krstanovic,-0.0091,0.0518
Krisztian Kaszoni,Kenneth Suarez,-0.007,0.0522
Emilien Burnel,Clara Contis,-0.0054,0.0511
Andrea Bosi,Alberto Seccia,-0.0002,0.0505
Karlo Krstanovic,Marko Lovrinovic,-0.005,0.0503
Radoslav Petrišin,Gabriela Leova,-0.0009,0.0516
Diana Toia,Rosalba Cucci,-0.0052,0.0517
Natascia Sciolti,Paola Tampieri,-0.0063,0.0506
Francesco Inciso,Veronica Baldi,-0.0055,0.0513
Hector Sanchez Vidal,Sara Chumillas,-0.003,0.0526
Carl Vodder,Julie Vodder,-0.0044,0.0511
Armando Ferreira,Kym Sze,0.0108,0.0538
Anna Marija Bukina,Alberto Seccia,0.0004,0.0518
Riku Owari,Zen Yoshida,-0.0007,0.0511
Eugenio Fara,Rosalba Cucci,-0.0069,0.0505
Lucia Saric,Luka Krstanovic,-0.0047,0.0514
Alexsander Benica,Jonah Edelson,-0.006,0.0504
Robinn Sander,Diana Toia,-0.0017,0.052
Krisztian Kaszoni,Dora Kurdi,-0.002,0.0509
Giovanna Mandon,Alex Serrano Ruano,-0.0055,0.052
Callie Smith,Gabriel Joseph,-0.002,0.0499
Jack Sock,Gregory Dow,-0.007,0.0523
Catherine Parenteau,Connor Garnett,0.0086,0.0499
Dylan Frazier,Jalina Ingram,-0.004,0.0534
Aiko Yoshitomi,Wyatt Stone,0.0065,0.053
Lacy Schneemann,Alex Walker,0.006,0.0525
Abbigal Hatton,Wyatt Stone,0.0006,0.0516
Federico Staksrud,Will Howells,0.0026,0.0488
Zoey Weil,Dylan Frazier,-0.0172,0.054
Noe Khlif,Federico Staksrud,-0.0064,0.0512
Sahra Dennehy,Pablo Tellez,0.0032,0.0494
Nicole Conard,Brandon French,0.0015,0.0506
Circa Luna S,Mila Messinger,-0.0105,0.054
Alexandra Strange,Cassandra Fryberger,-0.0027,0.0529
Juan Varon,Miles Hoover,-0.0055,0.0514
Mohaned Alhouni,Jackson Ayotte,0.0002,0.052
Sydney Sonday,Kelly Goodnow,0.0085,0.0491
Kaitlin Tran,Courtenay Leonard,-0.0,0.0523
Connor Gibbs,Edward Kim,0.0006,0.0495
Matthew Barlow,Eli Steiner,-0.0087,0.0505
Kamyla Held,Melissa Beré,-0.0052,0.0526
Mylin Lemke,Hannah Pardus,-0.0017,0.0523
Jada Bui,Anne-Sophie Courteau,-0.0034,0.0509
Caroline Maguire,Volly Johnson,-0.0034,0.0504
Cole Wilcox,Austin Romaguera,0.0021,0.0506
Patrik Kevin Tsati-Onla,Brenden Everhart,0.0042,0.0532
Ryder Brown,Francis Chi,0.0128,0.0527
Ben Baravik,Antonio Medina,0.0122,0.0498
Lindsey Newman,Adelie Osher,0.0172,0.0497
Luana Stanciu,Averee Beck,0.0106,0.0485
Alexis Hayden,Anna Lenhart,0.0029,0.0534
Julie Azzolina,Lorie Caelwaerts,-0.0102,0.0516
Vritti Sethi,Constanza Gorches,-0.0056,0.0498
Natalia Simson,Cc Eleven Sacca,-0.0015,0.0494
Dave Weinbach,David George,-0.0006,0.0503
Ross Whittaker,Aanik Lohani,-0.0021,0.0508
Jayce Landheer,Lucas Pereyra,-0.0081,0.0515
Ariana Ajani,Chantal Mabie,0.003,0.0503
George Bulger,Matthew Mead,0.0138,0.0503
Wendy Weston,Grace Nguyen,0.0019,0.0532
Will Lieberman,TJ Rudden,-0.0014,0.0527
Dylan Unkert,George Wolf,-0.0005,0.0522
Lova Metor,Vincent Rettke,-0.0001,0.0502
Nisal Liyanage,Tommy Labat,0.0064,0.0532
Monika Wynne,Maya Wilson,-0.0002,0.0518
Mouaad Alhouni,Usama Khalid,0.0001,0.0483
Chuck Taylor,Christopher Anderson,0.0008,0.0521
Andre Mercado,Maverick Messinger,-0.0123,0.0508
Brandon Contratto,Cayden Sprowl,-0.0062,0.0487
William Hsieh,Aditya Ratnala,-0.0051,0.0533
Edward Perez,Zach Gonnering,-0.0115,0.0515
Tanner Petrick,Jason Horychuk,-0.0068,0.0528
Jack Sock,Yates Johnson,-0.0037,0.0523
Gregory Dow,Lina Padegimaite,-0.0141,0.0486
Wendy Weston,Antonio Medina,0.0019,0.0556
Eli Steiner,Allie Reichert,-0.0116,0.0522
Benjamin Huynh,Kaitlin Tran,0.0039,0.0527
Circa Luna S,Francis Chi,0.0102,0.0538
V. Mary Rivas,Tommy Labat,0.0016,0.0514
Joel Cassens,Jamie Voelker,-0.0014,0.0507
Alexis Hayden,Khalijawan Barber,0.0017,0.0537
Jillian Niemann,Matthew Mead,-0.0079,0.0527
Andre Mercado,Adelie Osher,-0.0076,0.0512
Sam Weinbach,Hailey Munz,0.0043,0.0516
Eduardo Santini Ayon,Kelly Goodnow,-0.0133,0.0503
Ross Whittaker,Jayda Maldonado,0.0076,0.0495
Nisal Liyanage,Chantal Mabie,-0.0005,0.0529
Sydney Sonday,Nicholas Wade,-0.0021,0.0509
Katie Neils,Jackson Ayotte,-0.013,0.0516
Ariana Ajani,Ryan Camras,0.0109,0.0517
Mike Radermacher,Nina Rhoades,-0.0018,0.0519
Will Lieberman,Volly Johnson,0.0011,0.0508
Kamyla Held,Brandon Contratto,0.0066,0.0495
Jake Anderson,Anna Lenhart,0.0017,0.0506
Maverick Messinger,Cc Eleven Sacca,0.0042,0.0525
Mylin Lemke,Jordan Tacheny,0.0032,0.0539
Samantha Morgan,Christopher Anderson,-0.0056,0.0513
Juan Varon,Anne-Sophie Courteau,0.009,0.0513
Eliel Herminas,Kendall Warren,-0.0024,0.0527
Jia Yi Tan,Dan Nguyen,-0.0026,0.0527
Ben Baravik,Grace Nguyen,-0.009,0.0552
Jazz Hearn IV,Zach Gonnering,0.0014,0.0482
Jada Bui,Miles Hoover,-0.0021,0.0511
Edward Kim,Constanza Gorches,0.0055,0.0492
Aanik Lohani,Linda Loch,-0.0088,0.0507
Samantha Parker,Max Freeman,-0.0036,0.0524
Irina Tereschenko,Stefan Auvergne,0.0035,0.0506
Max Freeman,Connor Garnett,-0.0026,0.0527
Stefan Auvergne,Christopher Haworth,0.0001,0.0536
Rika Fujiwara,Anouar Braham,0.0068,0.051
Isabella Dunlap,Rika Fujiwara,-0.0022,0.055
Tamaryn Emmrich,Tina Pisnik,0.0041,0.0523
Samantha Parker,Jade Kawamoto,-0.0034,0.0492
Irina Tereschenko,Hannah Blatt,0.0036,0.0512
Michael Massih,Ryan Morris,0.0022,0.0535
Kyle Anderson,Liam Lamb,-0.0011,0.0493
Nicholas Maleganeas,Jason Taylor,0.0025,0.0506
Luther Ferris,Matt Carter,-0.0025,0.0525
Katerina Valos,Emily Martin,0.0065,0.0519
Deborah Rossi,Olivia Isbey,0.0008,0.0513
Andy Van der Vyver,Daiki Tanabe,0.0018,0.052
Aaron Johnson,Benjamin Beard,-0.0012,0.0517
Joseph Wild,Lachy Donnelly,0.0018,0.0513
Kepueli Fitikefu Jr,Pahulu Fitikefu,-0.0007,0.0535
Lucas Pascoe,Harrison Brown,0.0089,0.0501
Denver Bannerman,Ben Spotswood,-0.0052,0.05
Harry Tan,Phi Lam,-0.0084,0.0545
Joshua Carpenter,Wyatt Stone,-0.0088,0.0545
Bassem Kheireddin,Jacob Bolkowy,-0.0064,0.0498
David Litvinov,Miles Hoover,0.0034,0.0489
Nicholas Wade,Armaan Jiwa Mawji,0.0091,0.0476
Jalina Ingram,Marcela Aguila Ampon,0.0021,0.0511
Victor Rodrigo,Wil Shaffer,-0.0027,0.0477
Naomi Tran,Janaye Sakkas,0.0071,0.0534
Gregory Zukeran,Conner Koga,0.0078,0.0543
Daniel Price,Brad Eckart,-0.0039,0.0531
Asako Pastrana,Kerrie Tobita,0.0108,0.0519
Brandon French,Braden Jacobson,0.0262,0.0504
Luke Williams,William Gardner,-0.0074,0.0509
Mari Humberg,Kelly Goodnow,-0.0026,0.0493
Antoaneta Toskova,Maddy Rasmusen,0.0136,0.0511
Cassie Postma,Lingzhe X,0.0005,0.052
Wendy Weston,Courtenay Leonard,-0.0004,0.05
Alexandra Valenstein,Heather Schallenberger,0.0068,0.0524
Jocelyn Bedoya,Francesca Fakidis,-0.009,0.0494
Eddie Kang,Vikram Kumar,-0.0054,0.0523
Kevin Rushton,Kelly Marks,-0.0068,0.0499
Ant Tran,Luc Pham,0.0034,0.0503
Connor McCartney,Eddy Kim,-0.0079,0.0525
George Bulger,Brenden Everhart,-0.0111,0.0521
Beau Covell,Markal Luckett-Smith,-0.0039,0.0538
Daniel Colon,Andy Lum,-0.0017,0.0516
James Yu,Noah Zwiren,0.0069,0.0496
Jennifer Grady,Shayla Molnar,0.0086,0.0498
Clayton Truex,Joseluis Herrera,-0.0032,0.0526
Madalina Grigoriu,Nicole Conard,-0.0039,0.0497
Dylan Goldman,Will Mackinnon,0.009,0.0506
Christine Trifunovic,Averee Beck,-0.0042,0.0514
Casey Garretson,Eli Steiner,0.0132,0.0492
Will Wimbish,Don Alto,0.0051,0.0521
Zach Gonnering,Tyler Loong,-0.0027,0.0506
Leah J,Naomi De Hart,0.0038,0.0488
Janet Liu,Jaeda Minniefield,0.0004,0.0519
Colby Holcomb,Nate Evensen,-0.0091,0.0561
Junho Son,Raymond Velarde,-0.0042,0.0546
Ryder Brown,Blake Goodman,0.0084,0.051
Chloe Igleski,Lindsey Newman,-0.0039,0.0519
Stephanie Vogt,Isabella Hoang,-0.0056,0.0522
Mackonner Dy,Eugene Mak,0.0073,0.0523
James Krause,Zach Hatzenbeler,0.0068,0.0514
Evan T,Blake Suard,-0.0002,0.0519
Jake Anderson,Troy Akin,-0.0165,0.0534
Tuny Betancourt,Jackson Wurzer,-0.007,0.0473
William Hsieh,Lorin Schlecht,-0.0076,0.0528
Takato Watanabe,Johnny Miglino,0.0019,0.0531
Vincent Rettke,Ryan Camras,-0.009,0.0489
Anna Lenhart,Jessica Lyng,-0.0057,0.0523
Maverick Messinger,Jackson Ayotte,-0.0061,0.0519
Geancarlo Nieto,Tommy Shin,0.0007,0.0528
Brensten Chan,Jensen Kim,0.0053,0.0523
Damon Little,Devon Sikora,0.001,0.0491
Darlene Mulkins,Christie Mead,0.0005,0.0527
Riley Hanks,Joy Leising,-0.0063,0.052
Liam Duffin,Hunter Merritt,-0.0001,0.0525
Zoeya Khan,Genie Erokhina,-0.0037,0.0526
Cai Haught,Leah Black,-0.0003,0.0514
Martin Stanchev,Edward Kim,0.0066,0.0552
Marisa Ruiz,Giovanna Morelli,-0.0043,0.051
Garrison Eaby,Bret Berryman,0.0022,0.0512
Alison Bruggeman,Sarah Kaufman,-0.005,0.0515
Ella Yeh,Chloe Diskin,-0.0127,0.0504
Maddie Elsey,Melissa Beré,-0.0115,0.0509
Elise Fortino,Elissa L,0.0019,0.0503
Jace Morris,Michael Loyd,-0.0036,0.0494
Chuck Taylor,Luke Wasson,-0.0187,0.0539
Rajul Chikkalingaiah,Logan Luc,0.0021,0.052
Liam Lamb,Jessica Christie,0.0017,0.0509
Belinda Crane,Michael Massih,0.0005,0.0543
Lucas Pascoe,Selina Turulja,-0.0029,0.0496
Aaron Blitz,Emily Martin,-0.0013,0.0511
Sahra Dennehy,Somer Dalla-Bona,0.0086,0.0511
Jason Taylor,Bernadette Massih,-0.0091,0.052
Katerina Valos,Daiki Tanabe,-0.0009,0.0517
Belinda Crane,Chelsea Olditch,-0.0106,0.0492
Joseph Wild,Andie Dikosavljevic,0.0,0.0517
Andy Van der Vyver,Chelsea Olditch,0.0071,0.0541
Kaitlynn Hart,Bernadette Massih,-0.0054,0.0512
Crystal Mildwaters,Tayah Cross,-0.0048,0.0522
Aaron Blitz,Stefan Djordjic,-0.0025,0.0525
Sarah Burr,Aria Henare,0.0032,0.0521
Indiana Heather-Pereira,Irie Heather-Pereira,-0.0002,0.0526
Aria Henare,Lachy Donnelly,0.0003,0.0524
Indiana Heather-Pereira,Luther Ferris,-0.0007,0.0526
Ryan Morris,Grace Sorbello,-0.0032,0.0527
Rebecca Labbett,Katie Weibler,-0.0008,0.0533
Conor Robertshawe,Tayah Cross,0.0108,0.0535
James Krause,Darlene Mulkins,-0.004,0.0498
Wendy Weston,Devon Sikora,0.004,0.0517
Courtenay Leonard,Luke Wasson,0.0028,0.0485
Samantha Morgan,Beau Covell,-0.0048,0.0542
Maddy Rasmusen,Miles Hoover,-0.0026,0.0485
Kyle Koszuta,Hailee Haymore,-0.0079,0.0527
Lingzhe X,Jacob Bolkowy,0.0129,0.0499
Maria Klokotzky,Nicholas Wade,0.0057,0.0498
Maddie Elsey,Joseluis Herrera,0.0067,0.0534
Pesa Teoni,Chloe Diskin,0.0131,0.0524
Martin Stanchev,Marcela Aguila Ampon,-0.0003,0.0501
Elliott Schupp,Kiora Kunimoto,0.0112,0.0513
Junie C,Kevin Rushton,0.0004,0.0509
Kerrie Tobita,Conner Koga,-0.0115,0.0512
Antoaneta Toskova,Armaan Jiwa Mawji,-0.0143,0.0514
Jace Morris,Kelly Goodnow,-0.0083,0.0486
Circa Luna S,Jace Howard,-0.0043,0.0531
Matt Burkhardt,Adelie Osher,0.002,0.0508
Daniel Byun,Stephanie Vogt,-0.002,0.0497
Riley Hanks,Ryan Camras,0.0029,0.0514
Ella Cosma,Noah Zwiren,0.014,0.0504
Leah Black,Andy Lum,-0.0022,0.0506
Gregory Zukeran,Sari Kwee,-0.0068,0.0518
Jalina Ingram,Joel Poland,-0.0152,0.0509
Chloe Igleski,Eduardo Santini Ayon,0.011,0.0501
Chuck Taylor,Heather Schallenberger,-0.0099,0.0522
Cassie Postma,Andrew Angulo,-0.0008,0.0503
Marisa Ruiz,Juan Varon,0.0162,0.0508
Kailas Shekar,Nicole Conard,-0.0108,0.0485
Cade Edwards,Luana Stanciu,0.0264,0.0528
Jase Edwards,Anna Lenhart,-0.0101,0.0506
Frida Mudsam,Eli Steiner,0.0019,0.0508
Christa Gecheva,Michael Loyd,-0.001,0.048
Madalina Grigoriu,Jake Anderson,-0.0133,0.0515
Andre Mercado,Cc Eleven Sacca,0.0109,0.0498
Chotika Wannachinda,Logan Luc,0.0026,0.0514
Jensen Kim,Shayla Molnar,-0.0058,0.053
Don Alto,Isabella Hoang,-0.0041,0.0523
Averee Beck,Riley Inn,-0.0044,0.0542
Asako Pastrana,Tuny Betancourt,0.0028,0.0496
Eileen Tran,Bassem Kheireddin,-0.0075,0.0532
Ella Yeh,Braden Jacobson,0.0057,0.0523
Kristen Nichols,Ben Bishop,-0.0063,0.0547
Billy Buchhauser,Alison Bruggeman,0.0024,0.0497
Justin Guiltinan,Naomi Tran,0.0075,0.0502
Will Mackinnon,Giovanna Morelli,0.0022,0.051
Ryder Brown,Melissa Beré,0.0052,0.0521
Roanne Velarde,Raymond Velarde,-0.0021,0.0525
Janet Liu,Usama Khalid,-0.0131,0.0524
Sarah Kaufman,William Gardner,0.001,0.0514
Jillian Niemann,Vincent Rettke,-0.0006,0.0529
Brensten Chan,Jennifer Grady,-0.0079,0.0491
Francesca Fakidis,Jacob Dubas,0.0035,0.0513
Mackonner Dy,Elise Fortino,-0.0016,0.0516
Somer Dalla-Bona,Zachary Grabovic,-0.0008,0.05
Deborah Rossi,Jose Delgado,-0.0019,0.0508
Sahra Dennehy,Mitchell Hargreaves,0.0017,0.0499
Aaron Johnson,Millie Smythe,0.0002,0.0485
Kaitlynn Hart,Harrison Brown,0.0088,0.0541
Oliver Novic,Irie Heather-Pereira,-0.0036,0.0528
Julian Haig,Rahil Kassam,-0.0017,0.0488
Jordann Vigna,Sophia Racine,-0.0075,0.0521
Ivan Jakovljevic,James Delgado,0.0062,0.0517
Maverick Messinger,Rio Newcombe,0.0014,0.0513
Andre Mercado,Rafael Lenhard,0.0181,0.0534
Will Mackinnon,Matt Burkhardt,-0.0032,0.0546
Kyle Koszuta,Gregory Dow,-0.0004,0.0531
Ryan Skufca,Jose Martinez,0.0034,0.054
Christopher Ross,Jeremy Comazzetto,0.0019,0.0517
Maddy Rasmusen,Kelly Goodnow,-0.0009,0.0509
Eugene Mak,Tommy McLeod,-0.0064,0.0544
Ryan Torresin,Martin Emmrich,-0.0137,0.0503
Levi Daniel,David Litvinov,0.0039,0.0507
Lingzhe X,Arisha Ladhani,-0.0039,0.0496
Jalina Ingram,Mya Bui,0.0121,0.047
Mackonner Dy,Miles Hoover,-0.0036,0.055
Devon Sikora,Ben Bishop,-0.0003,0.0529
Jesse Elliott,Michael McCaffrey,-0.0015,0.0496
Jaleesa Johnston,Ava Weeks,0.0016,0.0506
Isabella Dunlap,Judit Castillo,0.0022,0.0519
Christine Trifunovic,Tamaryn Emmrich,-0.002,0.0551
Lindsey Newman,Gregory Dow,-0.0109,0.0547
Sophia Racine,Michael McCaffrey,0.0048,0.0508
Ella Cosma,Mackonner Dy,0.0063,0.0506
James Delgado,Anne-Sophie Courteau,0.0066,0.0505
Arisha Ladhani,Jesse Elliott,-0.0016,0.0523
Kyle Koszuta,Alex Walker,0.0133,0.0506
Armaan Jiwa Mawji,Jaeda Minniefield,0.0006,0.0497
Lena Spence,Matt Burkhardt,-0.0129,0.0501
Rahil Kassam,Iny Yu,-0.0098,0.0536
Maddy Rasmusen,Eli Steiner,-0.0056,0.0491
Jacob Bolkowy,Ava Weeks,-0.0038,0.0526
Lingzhe X,Eugene Mak,-0.0043,0.0523
Mya Bui,Ryan Torresin,0.0042,0.0512
Michelle Lui,Riley Inn,-0.0059,0.0524
Jordann Vigna,Munroe Durie Pedersen,0.0023,0.0508
Maria Klokotzky,Miles Hoover,0.0151,0.0498
Levi Daniel,Naomi Tran,-0.0103,0.054
Isabella Dunlap,Will Mackinnon,0.0092,0.0532
Kailas Shekar,Kelly Goodnow,0.0065,0.0527
Maricel Rose Cape,Mike Martin,-0.0069,0.0519
Julian Haig,Yee Nham,-0.0098,0.0515
Blake Culbert,Sierra Burns,-0.0048,0.0542
Savanna Ticknor,David Litvinov,0.0042,0.0513
Wade Heerboth,Eli Steiner,0.0041,0.05
Frank Welsher Iii,Edward Kim,0.009,0.0522
Tennessee P,James Wolf,-0.003,0.0518
Stavya Bhasin,Ammol Ramchandani,-0.0007,0.0523
Alex Guy,Sanil Jagtiani,-0.0139,0.0498
Sebastian S,Ryland M,-0.0044,0.0568
Kentaro Hamaguchi,Donald Young,0.0006,0.0525
Ashley Griffith,Keilly Ulery,-0.0161,0.0526
Carlo Ares,Blake Hardesty,0.0048,0.0502
Yolena Carlon,Haley Ferguson,-0.0017,0.0499
V. Mary Rivas,Chantal Mabie,0.004,0.0518
Ewa Radzikowska,Jaeda Minniefield,0.0092,0.0509
Naomi Nguyen,Kiora Kunimoto,0.0198,0.054
Christa Gecheva,Lauren Stratman,0.0038,0.0499
Thomas Provost,Aubin Duchier,-0.0016,0.0494
Jay Buxton,Scott McRee,-0.0037,0.0507
Cade Edwards,Blake Goodman,0.0019,0.0511
Aryaan Bhatia,Vincent Rettke,0.0044,0.0509
Matt Ngo,Yaamunan Venkatesan,-0.0027,0.0497
Jade Rau,Lindsey Newman,-0.0127,0.0548
Frances Altick,Kendall Warren,0.0022,0.0499
Jackson Ayotte,Ethan Bakalinsky,0.0004,0.051
Maverick Messinger,Francis Chi,0.0073,0.0507
Aidan Gorneau,Brayden Nguyen,0.0003,0.0506
Jake Anderson,Daniel Miron,-0.0054,0.0488
Mateo Mejia,Hanson H,-0.0026,0.0521
Andrew Loftin,Dylan Lewis,0.0016,0.0523
Eileen Wang,Mary McGowan,-0.0017,0.0505
Jessica Haywood,Spencer Liang,0.0022,0.0506
Dayana Fahey,Mikaela Smith,-0.0023,0.0508
Giovanna Morelli,Olivia McMillan,-0.0094,0.0506
Lincoln M,Brendan Gallagher,0.0023,0.0495
Tristan Dussault,Joshua Elliott,-0.0169,0.0526
Rafa Hewett,Jae Centonze,0.0002,0.052
Aditya Suresh,Sumit Sharma,-0.0059,0.0503
Jalina Ingram,Mehvish Safdar,0.0067,0.0518
Kate S,Alexa Smith,0.0017,0.0521
Connor McCartney,Zach Gonnering,0.0055,0.0516
Justin Guiltinan,Will Wimbish,-0.0041,0.0517
Jessica Warren,Alexa Quintanilla,0.0069,0.0501
Krishna Rao,Bryce Johnson,-0.0014,0.0502
Madalina Grigoriu,Helen To,-0.0089,0.0513
Christian Franke,Brian Johnson,-0.0105,0.0498
Abbigal Hatton,Allie Reichert,0.0032,0.0513
Claudia Birthisel,Kiki Onyeagocha,-0.0062,0.0503
Maddy Rasmusen,Masa Grgan,-0.0032,0.0518
Joshua Giannelli,Anderson Scarpa,-0.0031,0.0505
David Creswell,Derek Ferrer,0.0017,0.0497
Emma Cook,Kayla Nesbitt,-0.0041,0.0512
Will Lieberman,Hunter Bassett,0.0067,0.0563
Andrew Phanmanee,Alan Toleu,-0.0036,0.051
John L,Jason Ma,-0.0029,0.0536
Tim McMahon,Joshua Reason,-0.0066,0.0507
Joshua McKinley,Samuel Wells,-0.0078,0.0517
Morgan Downing,Kristen Van Dernoot,-0.0009,0.0499
Z Malvern,George Wolf,-0.0095,0.0514
Julian Arnold,Mehvish Safdar,-0.01,0.052
Morgan Downing,Emanuel Dickson,0.0159,0.052
Yates Johnson,Olivia McMillan,0.0157,0.0518
Cade Edwards,Maddy Rasmusen,-0.0176,0.0525
Tristan Dussault,Alexa Quintanilla,0.0,0.0523
Madelyn Porter,Dylan Lewis,-0.0003,0.0503
Joshua Giannelli,Karen Lu,0.006,0.0516
Masa Grgan,Ryan Camras,0.0142,0.0505
Joel Poland,Kelly Goodnow,0.023,0.0515
Jarryd Woog,Jessica Haywood,-0.0038,0.0501
Anna Lenhart,Francis Chi,-0.0013,0.0528
Mike Radermacher,Eileen Wang,-0.0072,0.0516
Andrew Loftin,Allie Reichert,0.007,0.0518
Wesley Hanson,Spencer Liang,0.0154,0.0529
Leo Castillo Jr.,Alyssa C,-0.0003,0.0515
Braylon Ohrel,Mary McGowan,-0.0074,0.0519
Juan Varon,Giorgia Vitale,-0.0064,0.0507
Andi Godwin,Michael Shaw,0.0007,0.0504
Abigail Okelley,Will Wimbish,0.0051,0.0536
Mohaned Alhouni,Nicole Conard,0.0068,0.0491
Keilly Ulery,Ethan Bakalinsky,0.0034,0.0514
Caroline Maguire,James Wolf,0.0052,0.0509
Kendall Warren,Matt Burkhardt,-0.0047,0.0533
Ewa Radzikowska,Zach Gonnering,0.0035,0.0516
Helena Jansen,Anouar Braham,0.011,0.049
Jalina Ingram,Donald Young,-0.0079,0.0519
Brandon French,Jaeda Minniefield,-0.013,0.0509
Eduardo Santini Ayon,Helen To,-0.002,0.0521
Stephen Preissler,Mikaela Smith,-0.0096,0.0499
Weston Spence,Jessica Ho,-0.003,0.051
Frank Welsher Iii,Kayla Nesbitt,0.0046,0.0495
Christa Gecheva,John Lucian Goins,-0.0128,0.0487
Abbigal Hatton,Braden Jacobson,-0.0102,0.05
Haley Ferguson,Edward Kim,0.0034,0.0525
Jackson Ayotte,Chantal Mabie,-0.0035,0.054
Frances Altick,Carlo Ares,-0.0038,0.0529
Casey Garretson,Alexa Smith,-0.0059,0.0488
Kristen Van Dernoot,Blake Hardesty,-0.006,0.0542
Indigo Dagnall,Ella Yeh,0.0048,0.0531
V. Mary Rivas,Matt Ngo,-0.0052,0.0501
Lauren Stratman,James Delgado,-0.0097,0.0487
Austin Bricker,Miles Hoover,0.0033,0.0539
Naomi Nguyen,Matthew Barlow,0.009,0.0499
Sophie Abrams,Mary McGowan,0.0259,0.0523
Keilly Ulery,Miles Hoover,-0.0063,0.0515
Andrew Wang,Perry Wang,0.0144,0.0525
Jarryd Woog,Zach Gonnering,0.0107,0.0516
George Wolf,Ryland M,0.0003,0.0527
Edward Perez,Brooke Caruso,0.0104,0.049
Saurav Santhosh Nair,Patience Okpe,-0.0013,0.0519
Joshua Giannelli,Spencer Liang,0.0091,0.0528
Juan Varon,Madalina Grigoriu,0.0136,0.0498
Jayson Harris,Alexa Smith,0.0054,0.0527
Joshua Giannelli,Daniel Miron,-0.0057,0.0533
Ella Cosma,Cason Campbell,-0.006,0.0493
Caroline Maguire,Ryan Camras,-0.0015,0.0521
Michael I,Justin Dages,-0.01,0.0529
Ava Cavataio,Yates Johnson,0.0051,0.0496
Haley Ferguson,Audrey Banada,-0.0103,0.0539
Brie Aldridge,Hailee Haymore,0.0007,0.0512
Indigo Dagnall,Luana Stanciu,-0.0065,0.0495
Ram Kotnana,Demetric Marrero Jr,0.001,0.0529
Saurav Santhosh Nair,Jasper Ou,0.0041,0.0556
Eileen Tran,Mike Radermacher,-0.0037,0.0529
Haley Ferguson,Demetric Marrero Jr,-0.0038,0.0497
Tama Shimabukuro,Alix Truong,-0.0093,0.0504
Pesa Teoni,Jaeda Minniefield,0.0002,0.0496
Noe Khlif,Etta Tuionetoa,0.0152,0.0528
Dylan Frazier,Kaitlyn Christian,-0.0002,0.0505
Tamaryn Emmrich,Patrick Smith,-0.006,0.0484
Lina Padegimaite,Luc Pham,-0.0019,0.0516
Spartak Rahachou,Alexander Crum,0.0014,0.0506
James Delgado,Alex Walker,-0.0059,0.051
Zoey Weil,Christopher Haworth,0.0028,0.0524
Mohaned Alhouni,Luc Pham,-0.0053,0.0521
Lucas Pascoe,Paula Rives,0.0022,0.0516
Rafa Hewett,Casey Diamond,-0.0019,0.0513
Callie Smith,Len Yang,-0.0037,0.049
Abbigal Hatton,Kenta Miyoshi,-0.0029,0.0497
Pablo Tellez,Layne Sleeth,-0.0147,0.0504
Caden Nemoff,Chuck Taylor,0.0006,0.0526
Zane Navratil,George Wall,0.0004,0.0536
Lauren Stratman,Clayton Powell,-0.0025,0.0485
Rafael Lenhard,Anouar Braham,-0.0082,0.0542
Victoria Dimuzio,Tyson McGuffin,-0.0017,0.0495
Rafa Hewett,Helena Jansen,0.0016,0.0501
Brooke Buckner,Camden Chaffin,0.01,0.0511
Zane Ford,Grayson Goldin,0.0007,0.0524
Hunter Johnson,Judit Castillo,0.0124,0.0502
Hannah Blatt,Darrian Young,-0.0007,0.0499
Hunter Johnson,Darrian Young,-0.0012,0.0496
Helena Jansen,Mehvish Safdar,-0.0026,0.0511
Audrey Adele Brown,Rachel Rettger,0.002,0.0515
Pablo Tellez,Max Freeman,-0.0097,0.0532
Clayton Powell,Kenta Miyoshi,0.0054,0.0515
Cailyn Campbell,Max Freeman,-0.0079,0.0508
Jalina Ingram,Brandon French,0.0014,0.052
Christa Gecheva,Rafael Lenhard,0.0146,0.0494
Donald Young,Mota Alhouni,-0.0065,0.0518
Rio Newcombe,Braden Jacobson,-0.0016,0.0495
Tama Shimabukuro,JW Johnson,0.0065,0.0534
Hannah Blatt,Giovanna Morelli,0.0052,0.0504
Ella Cosma,Brooke Caruso,-0.0017,0.0517
Genie Erokhina,Kiora Kunimoto,0.0009,0.0507
Abbigal Hatton,Lindsey Newman,-0.0048,0.0514
Callie Smith,Cailyn Campbell,0.0163,0.0525
Noe Khlif,Eric Oncins,0.0072,0.0527
Catherine Parenteau,Sofia Sewing,-0.0031,0.0505
Jonathan Truong,Lea Jansen,0.0003,0.0486
Brooke Buckner,Kaitlyn Christian,0.0085,0.0505
AJ Koller,Estee Widdershoven,-0.0002,0.0483
Chao Yi Wang,Victoria Dimuzio,-0.0004,0.0509
Andre Mercado,Isabelle Bahr,0.001,0.05
Janet Liu,Naomi Tran,0.0067,0.0529
Courtenay Leonard,Yue Lin Chen,0.0017,0.049
Daria Walczak,Rio Newcombe,0.0066,0.0486
Duncan Mulenga Jr.,Dalia Garza,-0.0002,0.0525
Circa Luna S,Melissa Beré,0.0009,0.0483
Karina Lam,Mya Barron,-0.0031,0.0525
Chris Harradine,Dustin Kemick,0.0003,0.0503
Eileen Wang,Ryan Camras,0.0054,0.0489
Naomi Tran,Miles Hoover,-0.0149,0.0516
Eileen Tran,Spartak Rahachou,0.0118,0.0525
Mouaad Alhouni,Eddy Kim,-0.006,0.053
Ethan Bakalinsky,Ryan Camras,-0.0034,0.0509
Gina Li,Mike Radermacher,0.0018,0.0509
John Hopkins,Rian Weston-Dodds,0.0011,0.053
Lorin Schlecht,Nicholas Yeager,-0.0004,0.0526
Jade Rau,Eduardo Santini Ayon,0.001,0.0536
Karina Lam,Gregorie Vinueza-Daly,0.0002,0.0492
Chase Nuttall,Koa Pagaoa,-0.0,0.0536
Chas Howard,James Kaoma,-0.0024,0.0511
Armaan Jiwa Mawji,Mila Messinger,0.0081,0.0516
Cameron Luhring,Kyle Koszuta,0.0135,0.051
Ross Whittaker,Christine Trifunovic,-0.0062,0.0538
Daniel Traxler,Mike Radermacher,-0.0064,0.0505
Julian Arnold,Kendall Warren,0.0113,0.052
Jackson Ayotte,Jace Howard,0.0062,0.0522
Grayson Brandon,Dawson Davis,0.0022,0.0521
Nick Werner,Luke G,-0.0009,0.0497
Duncan Mulenga Jr.,Gregorie Vinueza-Daly,0.0014,0.0506
Brooke Buckner,Dylan Frazier,-0.0071,0.0516
Meghan Dizon,John Lucian Goins,0.0081,0.0518
Chloe Igleski,Luc Pham,-0.0065,0.0545
Anouar Braham,Alex Walker,0.0076,0.0523
Etta Tuionetoa,Will Howells,-0.0121,0.0489
Jonathan Truong,Catherine Parenteau,0.0002,0.0526
Ting Chieh Wei,CJ Klinger,-0.0048,0.0496
Mary Brascia,Christopher Haworth,0.0025,0.053
Connor Mogle,Gregory Dow,0.0071,0.0531
Austin Bricker,Michael Loyd,0.013,0.0505
George Wall,Luc Pham,-0.0057,0.051
Daniel Phillips,Grayson Goldin,-0.0046,0.0513
Ross Whittaker,Caden Nemoff,0.0002,0.0508
Polina Libo,Ella Cosma,-0.0016,0.0509
Naomi Nguyen,Yuta Funemizu,-0.0046,0.052
Jaxon Madsen,Miles Hoover,0.0094,0.0516
AJ Koller,Wyatt Stone,-0.0018,0.0517
Rafa Hewett,Clayton Powell,-0.0101,0.0496
Jonathan Truong,Max Freeman,0.0051,0.0504
Pablo Tellez,Will Howells,0.0073,0.0508
Gabriel Joseph,Yates Johnson,-0.0095,0.0504
Andrew Caldarella,Rio Newcombe,0.0124,0.0524
Jace Morris,Darrian Young,-0.008,0.0501
Elsie Hendershot,Christa Gecheva,0.0014,0.0528
Isabella Dunlap,Alexa Schull,-0.0079,0.0512
Genie Erokhina,Emma Nelson,-0.0104,0.0517
Daria Walczak,Kiora Kunimoto,0.0106,0.0498
Mari Humberg,Judit Castillo,0.0085,0.0502
Hannah Blatt,Jalina Ingram,-0.0024,0.0534
Nicole Conard,Marcela Aguila Ampon,-0.0002,0.0516
Etta Tuionetoa,Jessie Irvine,-0.0011,0.0538
Meghan Dizon,Tyra Hurricane Black,0.0063,0.0494
Ben Johns,Federico Staksrud,-0.0125,0.0504
Camden Chaffin,CJ Klinger,0.0106,0.0509
Chloe Igleski,Olivia McMillan,-0.0083,0.0526
Abbigal Hatton,Jaeda Minniefield,0.0056,0.0523
Ashley Oluschak,Elise Fortino,0.0022,0.053
Rachael Fitzgerald,Luana Stanciu,-0.0106,0.0509
Chloe Diskin,Allie Reichert,0.0032,0.0521
Bruno Faletto,Armaan Jiwa Mawji,-0.0083,0.0524
Joe Stafford,Lucas Pereyra,0.0078,0.0532
Matt Burkhardt,Troy Akin,0.0013,0.0512
Mohaned Alhouni,Julian Arnold,-0.0127,0.0493
Lina Romero Alarcon,Courtenay Leonard,0.0051,0.052
Jackson Ayotte,Braden Jacobson,0.0055,0.0528
Scout Bogan,Jose D,-0.0008,0.054
Carter Maris,Kallan Arledge,-0.0021,0.0531
Jia Yi Tan,Linda Liong,-0.0042,0.0526
Samuel Trent,Brayden Nguyen,-0.0033,0.0526
Wade Heerboth,Chad Nash,0.0024,0.0503
Blake Goodman,Edward Kim,-0.0099,0.0507
Antonio Medina,Vincent Rettke,0.0146,0.0517
Jack Swan,Max Manley,0.0044,0.0523
Noah Haslbeck,Brendan Gallagher,-0.0026,0.0536
Max Davis,Nicholas P,0.002,0.0512
Ella Yeh,Anne-Sophie Courteau,0.0091,0.0509
Frank Welsher Iii,Tobias Golberg,-0.0015,0.0511
Cade Edwards,Miles Hoover,0.0035,0.0518
Evan Hollinsky,Jamie Carmichael,-0.003,0.0495
Alex Wen,Jayce Landheer,0.0042,0.0524
Jayda Maldonado,Vritti Sethi,-0.0075,0.0516
Lucia White,Maya Wilson,0.0003,0.0523
Grace Haley,Alexis Debol,0.0006,0.0525
Chuck Taylor,Matthew Finnerty,-0.0012,0.0523
Dmytro Chernyshov,Jacob Pelak,-0.0024,0.0554
Chris Walker,Connor Johnston,0.0009,0.0526
Jack Bellinger,Seth Scharich,-0.0008,0.0525
Yolena Carlon,Averee Beck,-0.0063,0.0551
Ariana Ajani,Natalia Simson,-0.0036,0.0532
Garrison Eaby,Erik Forsythe,-0.0043,0.0496
Isaac Haley,Maximillian Grabel,0.0007,0.0508
Ryder Boydston,Blake Suard,0.0013,0.0493
Ashley Oluschak,Mike Radermacher,-0.0014,0.0532
Dhanvin Sureshbabbu,Downi Fernburg,0.0003,0.0541
Evan Hollinsky,Alexis Debol,0.003,0.0503
Rachael Fitzgerald,Dale Kim,0.0017,0.0545
Lindsey Newman,Braden Jacobson,0.0007,0.0516
Juan Varon,Allie Reichert,-0.0142,0.0528
Jake Anderson,Masa Grgan,0.0043,0.0505
Garrison Eaby,Madalina Grigoriu,0.0235,0.0508
Mohaned Alhouni,Andrea Koop,-0.0031,0.049
Nicole Conard,Armaan Jiwa Mawji,-0.0012,0.0488
Chris Walker,Ola Latala,-0.0083,0.0533
Lauren Stratman,Anouar Braham,0.0024,0.0506
Kailas Shekar,Chloe Diskin,0.0024,0.0477
Wade Heerboth,Maddy Rasmusen,-0.0088,0.0503
Eduardo Santini Ayon,Jaeda Minniefield,0.0025,0.0528
Zach Gonnering,Olivia McMillan,-0.0126,0.0534
Seth Scharich,Alexis Senneker,-0.0019,0.0524
Jayda Maldonado,Martin Stanchev,-0.0028,0.0495
Miles Hoover,Adelie Osher,-0.0018,0.0516
Natalia Simson,Edward Kim,0.0014,0.0518
Dallas Caudill,Brayden Brown,-0.0015,0.0523
Ella Yeh,Matthew Barlow,0.0102,0.0532
Lina Romero Alarcon,Blake Suard,0.0052,0.051
Isabella Dunlap,Ethan Bakalinsky,-0.0111,0.0518
Samuel Trent,Elise Fortino,0.0029,0.0511
Julian Arnold,Abbigal Hatton,0.0013,0.0516
Frank Welsher Iii,Emma Wang,-0.0006,0.0532
Joel Poland,Anne-Sophie Courteau,0.0007,0.0523
Isaac Haley,Grace Haley,-0.005,0.0513
Lucia White,Usama Khalid,0.0022,0.0502
Jessica Haywood,Rosie Johanson,0.0072,0.0499
Shannon Pretorius,Maddy Rasmusen,-0.0019,0.0509
Dylan Galarza,George Wolf,0.0075,0.0525
Ana Gordon,Sabrina Barisano,0.0025,0.0511
Dylan Unkert,James Wolf,-0.0057,0.0519
William Hsieh,Samuel Dickson,0.0162,0.0509
Kolton Youngblood,Deep Sharan,-0.0031,0.0512
Spencer Liang,Mary McGowan,-0.0081,0.0515
Jace Morris,Kyle Koszuta,0.0014,0.0504
Jake Anderson,Jaxon Madsen,0.011,0.0496
Edwin Brennan,Kyle Borawski,0.0004,0.051
David Lavy,Mc Dranreb Africa,0.0001,0.0499
Lauren Stratman,Pierina Imparato,-0.0062,0.0535
Madalina Grigoriu,Jaeda Minniefield,0.0065,0.0501
Wade Heerboth,Vincent Rettke,0.002,0.0505
Ross Whittaker,Ethan Bakalinsky,-0.0001,0.05
Liam Duffin,Sam Kim,-0.0116,0.0514
Daniel Johnson,Ben Rice,0.0001,0.0516
Connor McCartney,Daniel Miron,0.0038,0.0492
Noah Torres,Mats Dolese,0.0037,0.0527
Braylon Ohrel,Sarinreach L,0.0092,0.0523
James Delgado,Anderson Scarpa,0.0137,0.0505
Samantha Buyckx,Lauren Cole,-0.001,0.0498
Elisha Turner,Hudson Yeager,0.0055,0.0527
Ram Kotnana,Andrew Angulo,0.0027,0.0546
Jimmy Terzian,William Ventura,-0.0022,0.0517
Tristan Cooley,Sebastian S,-0.0043,0.0517
Joshua Cornett,Dale Kim,0.0098,0.0513
Claire Thompson,Mikaela Smith,0.007,0.0537
Joshua Giannelli,Garrison Eaby,0.0005,0.0505
Javon Turcsany,Kenai Rios,-0.0,0.0532
Kayla Nesbitt,Catrina Coyner,-0.005,0.0508
Nicholas Wade,Parth Mody,0.0032,0.0492
Casey Markulike,Ari Chandra,-0.0053,0.0541
Masa Grgan,Helen To,-0.0054,0.051
TJ Walker,Piyush Mavanur,0.004,0.0516
Natalia Simson,Allie Reichert,-0.0048,0.0547
Fatyha Berjane,Patience Okpe,0.0001,0.0508
Jackson Ayotte,Usama Khalid,-0.0035,0.0531
Adaline Machado,Kristen Van Dernoot,0.0007,0.0497
Dayana Fahey,Alexa Smith,0.0013,0.0509
Paul Davis,Brendan Gallagher,0.0114,0.0511
Kenneth Lee,Wynn Johnson,-0.0046,0.0513
Ishaan Gautam,Manan Tailor,-0.0044,0.0543
Andrea Koop,Alex Walker,-0.0086,0.0502
Haley Ferguson,Colleen Odonnell,-0.0006,0.0525
Thomas Dill,Dallas Dunn,-0.0024,0.0526
Anna Marija Bukina,Paula Clemente,0.001,0.0526
Zane Navratil,Matteo Cugliari,0.0006,0.0517
Eduardo Correia,Gabriel Hilbert,-0.0016,0.053
Marina Sicic,Karolina Owczarek,-0.0023,0.0527
Claudia Caymel Romero,Karina Zustakova,-0.0022,0.0521
Tom Protzek,Lennard Tebbing,0.0126,0.0523
Sebasthian Alarcon,Samuel Giraldo,-0.0044,0.0501
Katherine Serrano,Begoña Gomar,0.0015,0.0494
Valeria Calvo,Carmen Levoso,-0.008,0.0513
Alexia Alvarez,Diana Toia,0.0077,0.0507
Alícia Roca,Paula Levitskiy de Miguel,-0.0052,0.0494
Maxence Schirrecker,Cyril Peltier,0.0041,0.0505
Manuel Lorenzo Morales,Marcos Ansaldo,-0.0015,0.0523
Jorge Rodriguez,Alex Serrano Ruano,0.0202,0.0547
Kristina Jensen,Thaila Rodrigues,-0.0052,0.0513
Laura Falceto Font,Rebecca Pijls,0.0028,0.0524
Hannah Blatt,Judit Castillo,-0.003,0.0514
Hector Sanchez Vidal,Bartosz Karbownik,-0.0031,0.0537
Taylor Jacobson,Aaron Whitworth,-0.0062,0.05
Martin Thomas,Mikołaj Biedermann,0.0102,0.052
David Álvarez,Alejandro De la Torre,0.0033,0.0517
Jérémy Kieffer,Mathieu Roy,-0.0058,0.0521
Arwid Dahlin,Jesus Garcia Garre,0.0174,0.0515
Katie Morris,Olivia McMillan,0.0045,0.0524
Raquel Amaro,Arianna Raga,0.0068,0.0497
Ellie Tomkinson,Viktoria Kanichova,-0.0068,0.0491
Adrián Jimenez Pueyo,Krisztian Kaszoni,-0.0007,0.0518
Alberto Seccia,Davide Vendrame,0.0031,0.0523
Nicolas Lopez,Pavel Maňásek,-0.0024,0.0533
Alexandra Zapletalová,Kristiin Mets,-0.0034,0.0512
Georgia Macalle,Lucy Dawson,-0.0001,0.0512
James Lofthouse,Alexander Minogue-Stone,0.0019,0.0511
Theo Platel,Prycen Haas,-0.0046,0.0543
Noé Paco Sánchez Jr,Daniel Paco Lopez Sr,-0.0024,0.0523
Grayson Goldin,Jhonnatan Medina Alvarez,0.0067,0.0519
Johnny Shapiro,Andrew Franklin,-0.0014,0.0526
Alberto López Romano,Ángel Trigo,-0.0018,0.05
Marc Caymel Romero,Ruben Rosende Molina,-0.0079,0.0535
Jack Macgregor,Stuart Parminter,0.0002,0.0499
Haoyang Zhang,Borja Navas,-0.0039,0.0494
Daniel Vega,Alberto Horcajuelo Vicente,0.0084,0.0514
Alan Gonzalez I,José Emmanuel Alvarez Ferreyra,-0.0041,0.054
Myriam Enmer,Mireia Rh,0.005,0.0501
Carolina Soledad Ledesma Troncoso,Nerea Ziarreta,-0.0014,0.0514
Rihanna Beyloune,Sofia Rodriguez,0.0028,0.0549
Pedro Antonio Díaz Adrover,Jordi Segura Pedrosa,-0.0062,0.0528
Álvaro Dóyega Rodríguez,Sergi Ventura,-0.0053,0.0507
Asís Garrido Guerrero,Asís Garrido Hernández Sr,-0.0043,0.053
Francisco L Gonzalez,Aiman Fakieh,-0.0117,0.0491
Chantal Mabie,Ethan Hall,-0.0058,0.0503
Elisha Turner,Kayla Nesbitt,0.0016,0.0489
Eric Roddy,Helena Jansen,-0.005,0.0499
Heather Kim,Brendan Gallagher,-0.001,0.0505
Masa Grgan,Dale Kim,-0.0098,0.0512
James Wolf,Anna Lenhart,-0.0042,0.051
Kenai Rios,Fatyha Berjane,0.0033,0.0519
Parth Mody,Jaeda Minniefield,0.0046,0.0505
Shannon Pretorius,Usama Khalid,0.0077,0.0483
Haley Ferguson,Andrew Angulo,0.012,0.0502
Andrew Loftin,Kelsey Laurente,-0.0174,0.0499
Jessica Haywood,Wynn Johnson,0.0094,0.052
Claire Thompson,Itziar Rios,-0.0053,0.0531
Wade Heerboth,Allie Reichert,-0.0012,0.0517
Eduardo Santini Ayon,Mya Bui,0.0194,0.0526
Marisa Ruiz,Joel Poland,-0.0045,0.0554
Saurav Santhosh Nair,Harin Youn,0.0023,0.0489
Lauren Stratman,Kyle Koszuta,-0.0075,0.0534
Nicholas Wade,Mehvish Safdar,-0.0096,0.0493
Wesley Hanson,Averee Beck,-0.0078,0.0503
Eileen Tran,Nicolas Almeida,0.0004,0.0526
Dylan Galarza,Rose S,-0.0085,0.0519
Ari Chandra,Kristen Van Dernoot,-0.0013,0.0508
Drew Sandri,Alexa Smith,-0.003,0.0519
Kayla Wilkins,Sean Bailey,-0.002,0.0539
Dylan Unkert,Caroline Maguire,0.0035,0.0497
Edward Perez,Rosie Johanson,0.003,0.0521
Sabrina Barisano,David Lavy,-0.003,0.0511
Joshua Giannelli,Ana Gordon,-0.0082,0.052
Hridhay P,Mikaela Smith,-0.0025,0.0517
Catrina Coyner,Mats Dolese,-0.0008,0.0509
Ross Whittaker,Andrea Koop,0.0069,0.0487
Jace Morris,Maddy Rasmusen,0.0118,0.0529
Sam Kim,Dayana Fahey,-0.0024,0.0537
Alexander Tong,Yee Lam Isabelle Xiong,-0.0001,0.0508
Garrison Eaby,Luana Stanciu,-0.0036,0.0519
Katherine Serrano,Alberto Horcajuelo Vicente,-0.0016,0.051
Arwid Dahlin,Marina Alcaide,-0.0122,0.0483
Theo Platel,Molly O'Donoghue,0.0042,0.0504
Viktoria Kanichova,Mikołaj Biedermann,-0.0076,0.0507
Zane Navratil,Judit Castillo,0.0118,0.0544
Bartosz Karbownik,Karolina Owczarek,0.0082,0.0512
Adrián Jimenez Pueyo,Kristiin Mets,-0.0003,0.0528
Begoña Gomar,Davide Vendrame,-0.0004,0.0521
María Pintor Rodríguez,Alex Serrano Ruano,-0.0119,0.0536
Boris Paque,Rebecca Pijls,0.0053,0.0544
Valeria Calvo,Asís Garrido Guerrero,0.0038,0.0485
Alícia Roca,Sergi Ventura,0.0058,0.0496
Tom Protzek,Katie Morris,-0.0025,0.0505
Kristina Jensen,Eduardo Correia,0.0053,0.05
Quynh Fan,Đạt Trần,-0.0065,0.0504
Maxence Schirrecker,Thaila Rodrigues,0.006,0.0506
Alexia Alvarez,Alejandro De la Torre,0.0015,0.0498
Alexandra Zapletalová,Gabriel Hilbert,0.003,0.051
Marina Sicic,Alberto Seccia,0.002,0.049
Hector Sanchez Vidal,Paula Clemente,0.0056,0.0489
Valerie R Simon,Chris Patrick,0.0052,0.0501
Giovanna Mandon,David Álvarez,0.0019,0.0515
Álvaro Dóyega Rodríguez,Paula Levitskiy de Miguel,0.0037,0.0503
Arianna Raga,Mathieu Roy,0.0038,0.0498
Martin Thomas,Laura Falceto Font,0.0005,0.0509
Anna Marija Bukina,Daniel Vega,-0.0077,0.0505
Raquel Amaro,Krisztian Kaszoni,0.0027,0.0514
Pedro Antonio Díaz Adrover,Diana Toia,-0.0046,0.0515
Lennard Tebbing,Victoria Simon,-0.0115,0.0504
Mireia Rh,Matteo Cugliari,-0.0039,0.0499
María Fernández Costantino,Jorge Rodriguez,-0.0118,0.0541
Karina Zustakova,Alexander Minogue-Stone,-0.0002,0.049
Carolina Soledad Ledesma Troncoso,Alan Gonzalez I,-0.0072,0.0516
