division,player_1,player_2,pid_1,pid_2,S,U,p_beats_avg_pair
MD,Ben Johns,JW Johnson,6f862c1d-1317-4fe7-bdcd-64caa0dbb088,bd061b42-2f82-4bbe-82be-d8bcfb37f9e1,2.1941,0.01532,0.9376
MD,Ben Johns,Hayden Patriquin,6f862c1d-1317-4fe7-bdcd-64caa0dbb088,fc05556e-3e38-4a38-99c2-f855174a7c28,2.1881,0.01373,0.9367
MD,Ben Johns,Gabriel Tardio,6f862c1d-1317-4fe7-bdcd-64caa0dbb088,d50310a6-9378-4228-823f-7fb54f7bd698,2.1768,0.01338,0.9339
MD,JW Johnson,Hayden Patriquin,bd061b42-2f82-4bbe-82be-d8bcfb37f9e1,fc05556e-3e38-4a38-99c2-f855174a7c28,2.1648,0.01537,0.9296
MD,JW Johnson,Gabriel Tardio,bd061b42-2f82-4bbe-82be-d8bcfb37f9e1,d50310a6-9378-4228-823f-7fb54f7bd698,2.1535,0.01503,0.9265
MD,Hayden Patriquin,Gabriel Tardio,fc05556e-3e38-4a38-99c2-f855174a7c28,d50310a6-9378-4228-823f-7fb54f7bd698,2.1494,0.01343,0.926
MD,Ben Johns,Christian Alshon,6f862c1d-1317-4fe7-bdcd-64caa0dbb088,79a11da1-6aeb-4719-9b1e-9918e0163cec,2.11,0.01383,0.9134
MD,JW Johnson,Christian Alshon,bd061b42-2f82-4bbe-82be-d8bcfb37f9e1,79a11da1-6aeb-4719-9b1e-9918e0163cec,2.0867,0.01547,0.9044
MD,Hayden Patriquin,Christian Alshon,fc05556e-3e38-4a38-99c2-f855174a7c28,79a11da1-6aeb-4719-9b1e-9918e0163cec,2.0825,0.01388,0.9037
MD,Gabriel Tardio,Christian Alshon,d50310a6-9378-4228-823f-7fb54f7bd698,79a11da1-6aeb-4719-9b1e-9918e0163cec,2.0748,0.01353,0.901
MD,Ben Johns,Andrei Daescu,6f862c1d-1317-4fe7-bdcd-64caa0dbb088,581183e8-3d9e-459e-b69f-7337d8b6f3d2,2.0635,0.01342,0.8969
MD,JW Johnson,Andrei Daescu,bd061b42-2f82-4bbe-82be-d8bcfb37f9e1,581183e8-3d9e-459e-b69f-7337d8b6f3d2,2.0402,0.01506,0.8867
MD,Hayden Patriquin,Andrei Daescu,fc05556e-3e38-4a38-99c2-f855174a7c28,581183e8-3d9e-459e-b69f-7337d8b6f3d2,2.036,0.01347,0.8859
MD,Ben Johns,Eric Oncins,6f862c1d-1317-4fe7-bdcd-64caa0dbb088,52690a0c-ed4a-4e0b-bf69-4ef416cf7d55,2.0314,0.0139,0.8837
MD,Gabriel Tardio,Andrei Daescu,d50310a6-9378-4228-823f-7fb54f7bd698,581183e8-3d9e-459e-b69f-7337d8b6f3d2,2.0283,0.01312,0.8828
MD,JW Johnson,Eric Oncins,bd061b42-2f82-4bbe-82be-d8bcfb37f9e1,52690a0c-ed4a-4e0b-bf69-4ef416cf7d55,2.0082,0.01554,0.8728
MD,Hayden Patriquin,Eric Oncins,fc05556e-3e38-4a38-99c2-f855174a7c28,52690a0c-ed4a-4e0b-bf69-4ef416cf7d55,2.004,0.01395,0.8718
MD,Ben Johns,Jay Devilliers,6f862c1d-1317-4fe7-bdcd-64caa0dbb088,295e343a-31a0-4e1d-a286-d62592291435,1.9993,0.0154,0.8689
MD,Gabriel Tardio,Eric Oncins,d50310a6-9378-4228-823f-7fb54f7bd698,52690a0c-ed4a-4e0b-bf69-4ef416cf7d55,1.9962,0.0136,0.8685
MD,Christian Alshon,Andrei Daescu,79a11da1-6aeb-4719-9b1e-9918e0163cec,581183e8-3d9e-459e-b69f-7337d8b6f3d2,1.9821,0.01357,0.8619
MD,Ben Johns,Federico Staksrud,6f862c1d-1317-4fe7-bdcd-64caa0dbb088,7edb882c-6d17-4129-8208-710e3c82364c,1.9807,0.01335,0.8614
MD,Ben Johns,Riley Newman,6f862c1d-1317-4fe7-bdcd-64caa0dbb088,05b194b3-db88-4f77-a26f-5ef5cfbf6146,1.9806,0.01464,0.8606
MD,JW Johnson,Jay Devilliers,bd061b42-2f82-4bbe-82be-d8bcfb37f9e1,295e343a-31a0-4e1d-a286-d62592291435,1.976,0.01704,0.8571
MD,Hayden Patriquin,Jay Devilliers,fc05556e-3e38-4a38-99c2-f855174a7c28,295e343a-31a0-4e1d-a286-d62592291435,1.9718,0.01545,0.8559
MD,Gabriel Tardio,Jay Devilliers,d50310a6-9378-4228-823f-7fb54f7bd698,295e343a-31a0-4e1d-a286-d62592291435,1.964,0.0151,0.8523
MD,JW Johnson,Federico Staksrud,bd061b42-2f82-4bbe-82be-d8bcfb37f9e1,7edb882c-6d17-4129-8208-710e3c82364c,1.9574,0.01499,0.8491
MD,JW Johnson,Riley Newman,bd061b42-2f82-4bbe-82be-d8bcfb37f9e1,05b194b3-db88-4f77-a26f-5ef5cfbf6146,1.9573,0.01628,0.8483
MD,Hayden Patriquin,Federico Staksrud,fc05556e-3e38-4a38-99c2-f855174a7c28,7edb882c-6d17-4129-8208-710e3c82364c,1.9532,0.0134,0.8479
MD,Hayden Patriquin,Riley Newman,fc05556e-3e38-4a38-99c2-f855174a7c28,05b194b3-db88-4f77-a26f-5ef5cfbf6146,1.9531,0.01469,0.8471
MD,Christian Alshon,Eric Oncins,79a11da1-6aeb-4719-9b1e-9918e0163cec,52690a0c-ed4a-4e0b-bf69-4ef416cf7d55,1.9501,0.01404,0.8459
MD,Gabriel Tardio,Federico Staksrud,d50310a6-9378-4228-823f-7fb54f7bd698,7edb882c-6d17-4129-8208-710e3c82364c,1.9455,0.01306,0.8441
MD,Gabriel Tardio,Riley Newman,d50310a6-9378-4228-823f-7fb54f7bd698,05b194b3-db88-4f77-a26f-5ef5cfbf6146,1.9454,0.01434,0.8433
MD,Ben Johns,Thomas Wilson,6f862c1d-1317-4fe7-bdcd-64caa0dbb088,12d79cbe-b5c7-4504-ab8f-f352a6bb8629,1.934,0.05204,0.8178
MD,Christian Alshon,Jay Devilliers,79a11da1-6aeb-4719-9b1e-9918e0163cec,295e343a-31a0-4e1d-a286-d62592291435,1.9179,0.01555,0.8281
MD,Andrei Daescu,Eric Oncins,581183e8-3d9e-459e-b69f-7337d8b6f3d2,52690a0c-ed4a-4e0b-bf69-4ef416cf7d55,1.9179,0.01363,0.8292
MD,JW Johnson,Thomas Wilson,bd061b42-2f82-4bbe-82be-d8bcfb37f9e1,12d79cbe-b5c7-4504-ab8f-f352a6bb8629,1.9107,0.05368,0.8045
MD,Hayden Patriquin,Thomas Wilson,fc05556e-3e38-4a38-99c2-f855174a7c28,12d79cbe-b5c7-4504-ab8f-f352a6bb8629,1.9065,0.05209,0.803
MD,Ben Johns,Nicolas Acevedo,6f862c1d-1317-4fe7-bdcd-64caa0dbb088,a000a067-1bf1-442f-a961-e6c97cb50006,1.9064,0.01558,0.8217
MD,Ben Johns,Jack Sock,6f862c1d-1317-4fe7-bdcd-64caa0dbb088,3a43c56f-b9d8-4e72-ae8a-58fd69291946,1.9001,0.0154,0.8183
MD,Christian Alshon,Federico Staksrud,79a11da1-6aeb-4719-9b1e-9918e0163cec,7edb882c-6d17-4129-8208-710e3c82364c,1.8993,0.0135,0.8189
MD,Christian Alshon,Riley Newman,79a11da1-6aeb-4719-9b1e-9918e0163cec,05b194b3-db88-4f77-a26f-5ef5cfbf6146,1.8992,0.01479,0.8181
MD,Gabriel Tardio,Thomas Wilson,d50310a6-9378-4228-823f-7fb54f7bd698,12d79cbe-b5c7-4504-ab8f-f352a6bb8629,1.8988,0.05174,0.7989
MD,Ben Johns,Phuc Huynh,6f862c1d-1317-4fe7-bdcd-64caa0dbb088,0763ffeb-1b1f-41c5-ab37-d17b66e50b50,1.8917,0.04514,0.7981
MD,Andrei Daescu,Jay Devilliers,581183e8-3d9e-459e-b69f-7337d8b6f3d2,295e343a-31a0-4e1d-a286-d62592291435,1.8858,0.01513,0.8102
MD,Ben Johns,Robert Slutsky,6f862c1d-1317-4fe7-bdcd-64caa0dbb088,f6fa549d-8a9c-46fd-aeb8-af8a3f0f7a59,1.8856,0.02572,0.8044
MD,JW Johnson,Nicolas Acevedo,bd061b42-2f82-4bbe-82be-d8bcfb37f9e1,a000a067-1bf1-442f-a961-e6c97cb50006,1.8831,0.01722,0.8075
MD,Hayden Patriquin,Nicolas Acevedo,fc05556e-3e38-4a38-99c2-f855174a7c28,a000a067-1bf1-442f-a961-e6c97cb50006,1.879,0.01563,0.806
MD,JW Johnson,Jack Sock,bd061b42-2f82-4bbe-82be-d8bcfb37f9e1,3a43c56f-b9d8-4e72-ae8a-58fd69291946,1.8768,0.01704,0.8039
MD,Hayden Patriquin,Jack Sock,fc05556e-3e38-4a38-99c2-f855174a7c28,3a43c56f-b9d8-4e72-ae8a-58fd69291946,1.8727,0.01545,0.8023
MD,Gabriel Tardio,Nicolas Acevedo,d50310a6-9378-4228-823f-7fb54f7bd698,a000a067-1bf1-442f-a961-e6c97cb50006,1.8712,0.01529,0.8015
MD,JW Johnson,Phuc Huynh,bd061b42-2f82-4bbe-82be-d8bcfb37f9e1,0763ffeb-1b1f-41c5-ab37-d17b66e50b50,1.8685,0.04678,0.7839
MD,Ben Johns,Connor Garnett,6f862c1d-1317-4fe7-bdcd-64caa0dbb088,ff38654d-daae-4bad-a1a7-690e4e5706eb,1.8678,0.01366,0.8004
MD,Andrei Daescu,Federico Staksrud,581183e8-3d9e-459e-b69f-7337d8b6f3d2,7edb882c-6d17-4129-8208-710e3c82364c,1.8672,0.01309,0.8004
MD,Andrei Daescu,Riley Newman,581183e8-3d9e-459e-b69f-7337d8b6f3d2,05b194b3-db88-4f77-a26f-5ef5cfbf6146,1.8671,0.01437,0.7996
MD,Gabriel Tardio,Jack Sock,d50310a6-9378-4228-823f-7fb54f7bd698,3a43c56f-b9d8-4e72-ae8a-58fd69291946,1.8649,0.0151,0.7979
MD,Ben Johns,Jack Munro,6f862c1d-1317-4fe7-bdcd-64caa0dbb088,f90428f0-e4a3-4a08-a664-518ba7f188d2,1.8643,0.04817,0.7807
MD,Hayden Patriquin,Phuc Huynh,fc05556e-3e38-4a38-99c2-f855174a7c28,0763ffeb-1b1f-41c5-ab37-d17b66e50b50,1.8643,0.04519,0.7821
MD,Eric Oncins,Jay Devilliers,52690a0c-ed4a-4e0b-bf69-4ef416cf7d55,295e343a-31a0-4e1d-a286-d62592291435,1.8636,0.01561,0.7968
MD,JW Johnson,Robert Slutsky,bd061b42-2f82-4bbe-82be-d8bcfb37f9e1,f6fa549d-8a9c-46fd-aeb8-af8a3f0f7a59,1.8623,0.02736,0.7897
MD,Hayden Patriquin,Robert Slutsky,fc05556e-3e38-4a38-99c2-f855174a7c28,f6fa549d-8a9c-46fd-aeb8-af8a3f0f7a59,1.8581,0.02577,0.788
MD,Gabriel Tardio,Phuc Huynh,d50310a6-9378-4228-823f-7fb54f7bd698,0763ffeb-1b1f-41c5-ab37-d17b66e50b50,1.8565,0.04484,0.7777
MD,Christian Alshon,Thomas Wilson,79a11da1-6aeb-4719-9b1e-9918e0163cec,12d79cbe-b5c7-4504-ab8f-f352a6bb8629,1.8526,0.05219,0.7719
MD,Ben Johns,Quang Duong,6f862c1d-1317-4fe7-bdcd-64caa0dbb088,14d61e81-14d5-4cb3-ae33-d427fbc1b4f6,1.8523,0.03212,0.7813
MD,Gabriel Tardio,Robert Slutsky,d50310a6-9378-4228-823f-7fb54f7bd698,f6fa549d-8a9c-46fd-aeb8-af8a3f0f7a59,1.8504,0.02542,0.7835
MD,Ben Johns,Noe Khlif,6f862c1d-1317-4fe7-bdcd-64caa0dbb088,1bb8b2c1-ca6f-45ac-afdd-fab7e77d69d4,1.8468,0.01269,0.7881
MD,Federico Staksrud,Eric Oncins,7edb882c-6d17-4129-8208-710e3c82364c,52690a0c-ed4a-4e0b-bf69-4ef416cf7d55,1.8451,0.01357,0.7865
MD,Eric Oncins,Riley Newman,52690a0c-ed4a-4e0b-bf69-4ef416cf7d55,05b194b3-db88-4f77-a26f-5ef5cfbf6146,1.8449,0.01485,0.7857
MD,JW Johnson,Connor Garnett,bd061b42-2f82-4bbe-82be-d8bcfb37f9e1,ff38654d-daae-4bad-a1a7-690e4e5706eb,1.8446,0.01531,0.7852
MD,JW Johnson,Jack Munro,bd061b42-2f82-4bbe-82be-d8bcfb37f9e1,f90428f0-e4a3-4a08-a664-518ba7f188d2,1.841,0.04981,0.766
MD,Hayden Patriquin,Connor Garnett,fc05556e-3e38-4a38-99c2-f855174a7c28,ff38654d-daae-4bad-a1a7-690e4e5706eb,1.8404,0.01371,0.7834
MD,Hayden Patriquin,Jack Munro,fc05556e-3e38-4a38-99c2-f855174a7c28,f90428f0-e4a3-4a08-a664-518ba7f188d2,1.8368,0.04822,0.7641
MD,Ben Johns,Will Howells,6f862c1d-1317-4fe7-bdcd-64caa0dbb088,d0f19d1e-2a6e-4eb3-b10c-1311edd599a8,1.8357,0.014,0.7803
MD,Ben Johns,Bruno Faletto,6f862c1d-1317-4fe7-bdcd-64caa0dbb088,34049405-b415-4f3a-aade-5be0111ac7db,1.8352,0.02199,0.7757
MD,Ben Johns,Vanshik Kapadia,6f862c1d-1317-4fe7-bdcd-64caa0dbb088,6866df42-48ad-423c-9e57-d7d4d6fb66ef,1.8352,0.04185,0.766
MD,Gabriel Tardio,Connor Garnett,d50310a6-9378-4228-823f-7fb54f7bd698,ff38654d-daae-4bad-a1a7-690e4e5706eb,1.8326,0.01337,0.7787
MD,JW Johnson,Quang Duong,bd061b42-2f82-4bbe-82be-d8bcfb37f9e1,14d61e81-14d5-4cb3-ae33-d427fbc1b4f6,1.8291,0.03376,0.766
MD,Gabriel Tardio,Jack Munro,d50310a6-9378-4228-823f-7fb54f7bd698,f90428f0-e4a3-4a08-a664-518ba7f188d2,1.8291,0.04788,0.7595
MD,Christian Alshon,Nicolas Acevedo,79a11da1-6aeb-4719-9b1e-9918e0163cec,a000a067-1bf1-442f-a961-e6c97cb50006,1.825,0.01573,0.7725
MD,Hayden Patriquin,Quang Duong,fc05556e-3e38-4a38-99c2-f855174a7c28,14d61e81-14d5-4cb3-ae33-d427fbc1b4f6,1.8249,0.03217,0.7641
MD,JW Johnson,Noe Khlif,bd061b42-2f82-4bbe-82be-d8bcfb37f9e1,1bb8b2c1-ca6f-45ac-afdd-fab7e77d69d4,1.8235,0.01433,0.7723
MD,Federico Staksrud,Jay Devilliers,7edb882c-6d17-4129-8208-710e3c82364c,295e343a-31a0-4e1d-a286-d62592291435,1.8228,0.01507,0.7714
MD,Jay Devilliers,Riley Newman,295e343a-31a0-4e1d-a286-d62592291435,05b194b3-db88-4f77-a26f-5ef5cfbf6146,1.8227,0.01635,0.7707
MD,Andrei Daescu,Thomas Wilson,581183e8-3d9e-459e-b69f-7337d8b6f3d2,12d79cbe-b5c7-4504-ab8f-f352a6bb8629,1.8205,0.05178,0.7524
MD,Hayden Patriquin,Noe Khlif,fc05556e-3e38-4a38-99c2-f855174a7c28,1bb8b2c1-ca6f-45ac-afdd-fab7e77d69d4,1.8193,0.01274,0.7704
MD,Ben Johns,Yuta Funemizu,6f862c1d-1317-4fe7-bdcd-64caa0dbb088,ce4f0e14-80ea-4ed0-a81c-7341d356d427,1.8188,0.01629,0.7682
MD,Christian Alshon,Jack Sock,79a11da1-6aeb-4719-9b1e-9918e0163cec,3a43c56f-b9d8-4e72-ae8a-58fd69291946,1.8188,0.01555,0.7686
MD,Gabriel Tardio,Quang Duong,d50310a6-9378-4228-823f-7fb54f7bd698,14d61e81-14d5-4cb3-ae33-d427fbc1b4f6,1.8171,0.03183,0.7593
MD,Ben Johns,Armaan Bhatia,6f862c1d-1317-4fe7-bdcd-64caa0dbb088,33292af3-984d-4752-8d18-b3a5c147e9fe,1.817,0.01586,0.7672
MD,JW Johnson,Will Howells,bd061b42-2f82-4bbe-82be-d8bcfb37f9e1,d0f19d1e-2a6e-4eb3-b10c-1311edd599a8,1.8124,0.01564,0.7643
MD,JW Johnson,Bruno Faletto,bd061b42-2f82-4bbe-82be-d8bcfb37f9e1,34049405-b415-4f3a-aade-5be0111ac7db,1.8119,0.02364,0.7599
MD,JW Johnson,Vanshik Kapadia,bd061b42-2f82-4bbe-82be-d8bcfb37f9e1,6866df42-48ad-423c-9e57-d7d4d6fb66ef,1.8119,0.04349,0.7506
MD,Gabriel Tardio,Noe Khlif,d50310a6-9378-4228-823f-7fb54f7bd698,1bb8b2c1-ca6f-45ac-afdd-fab7e77d69d4,1.8116,0.0124,0.7655
MD,Ben Johns,Dekel Bar,6f862c1d-1317-4fe7-bdcd-64caa0dbb088,89843e44-48fd-4a3f-b8c0-5f5aa6ae5741,1.8113,0.01406,0.7644
MD,Christian Alshon,Phuc Huynh,79a11da1-6aeb-4719-9b1e-9918e0163cec,0763ffeb-1b1f-41c5-ab37-d17b66e50b50,1.8104,0.04529,0.7488
MD,Federico Staksrud,Riley Newman,7edb882c-6d17-4129-8208-710e3c82364c,05b194b3-db88-4f77-a26f-5ef5cfbf6146,1.8099,0.01431,0.7633
MD,Hayden Patriquin,Will Howells,fc05556e-3e38-4a38-99c2-f855174a7c28,d0f19d1e-2a6e-4eb3-b10c-1311edd599a8,1.8082,0.01405,0.7624
MD,Hayden Patriquin,Bruno Faletto,fc05556e-3e38-4a38-99c2-f855174a7c28,34049405-b415-4f3a-aade-5be0111ac7db,1.8077,0.02204,0.758
MD,Hayden Patriquin,Vanshik Kapadia,fc05556e-3e38-4a38-99c2-f855174a7c28,6866df42-48ad-423c-9e57-d7d4d6fb66ef,1.8077,0.0419,0.7486
MD,Ben Johns,CJ Klinger,6f862c1d-1317-4fe7-bdcd-64caa0dbb088,ead35052-7367-4296-96d4-064f546cc2b9,1.8065,0.0134,0.7615
MD,Christian Alshon,Robert Slutsky,79a11da1-6aeb-4719-9b1e-9918e0163cec,f6fa549d-8a9c-46fd-aeb8-af8a3f0f7a59,1.8042,0.02587,0.7537
MD,Ben Johns,Dylan Frazier,6f862c1d-1317-4fe7-bdcd-64caa0dbb088,1de884f8-7bf7-4b49-9de8-3f1fd74cabd6,1.801,0.01427,0.7574
MD,Gabriel Tardio,Will Howells,d50310a6-9378-4228-823f-7fb54f7bd698,d0f19d1e-2a6e-4eb3-b10c-1311edd599a8,1.8005,0.0137,0.7573
MD,Gabriel Tardio,Bruno Faletto,d50310a6-9378-4228-823f-7fb54f7bd698,34049405-b415-4f3a-aade-5be0111ac7db,1.8,0.0217,0.753
MD,Gabriel Tardio,Vanshik Kapadia,d50310a6-9378-4228-823f-7fb54f7bd698,6866df42-48ad-423c-9e57-d7d4d6fb66ef,1.8,0.04155,0.7437
MD,Eric Oncins,Thomas Wilson,52690a0c-ed4a-4e0b-bf69-4ef416cf7d55,12d79cbe-b5c7-4504-ab8f-f352a6bb8629,1.7983,0.05225,0.738
MD,JW Johnson,Yuta Funemizu,bd061b42-2f82-4bbe-82be-d8bcfb37f9e1,ce4f0e14-80ea-4ed0-a81c-7341d356d427,1.7955,0.01793,0.7518
MD,JW Johnson,Armaan Bhatia,bd061b42-2f82-4bbe-82be-d8bcfb37f9e1,33292af3-984d-4752-8d18-b3a5c147e9fe,1.7937,0.01751,0.7508
MD,Andrei Daescu,Nicolas Acevedo,581183e8-3d9e-459e-b69f-7337d8b6f3d2,a000a067-1bf1-442f-a961-e6c97cb50006,1.7929,0.01532,0.7514
MD,Hayden Patriquin,Yuta Funemizu,fc05556e-3e38-4a38-99c2-f855174a7c28,ce4f0e14-80ea-4ed0-a81c-7341d356d427,1.7913,0.01634,0.7498
MD,Hayden Patriquin,Armaan Bhatia,fc05556e-3e38-4a38-99c2-f855174a7c28,33292af3-984d-4752-8d18-b3a5c147e9fe,1.7895,0.01591,0.7488
MD,JW Johnson,Dekel Bar,bd061b42-2f82-4bbe-82be-d8bcfb37f9e1,89843e44-48fd-4a3f-b8c0-5f5aa6ae5741,1.788,0.01571,0.7478
MD,Ben Johns,Augustus Ge,6f862c1d-1317-4fe7-bdcd-64caa0dbb088,ba491f1c-0112-47a8-a348-4695289e958a,1.7878,0.01255,0.7493
MD,Andrei Daescu,Jack Sock,581183e8-3d9e-459e-b69f-7337d8b6f3d2,3a43c56f-b9d8-4e72-ae8a-58fd69291946,1.7866,0.01513,0.7472
MD,Christian Alshon,Connor Garnett,79a11da1-6aeb-4719-9b1e-9918e0163cec,ff38654d-daae-4bad-a1a7-690e4e5706eb,1.7865,0.01381,0.7477
MD,Hayden Patriquin,Dekel Bar,fc05556e-3e38-4a38-99c2-f855174a7c28,89843e44-48fd-4a3f-b8c0-5f5aa6ae5741,1.7838,0.01411,0.7458
MD,Gabriel Tardio,Yuta Funemizu,d50310a6-9378-4228-823f-7fb54f7bd698,ce4f0e14-80ea-4ed0-a81c-7341d356d427,1.7835,0.01599,0.7446
MD,JW Johnson,CJ Klinger,bd061b42-2f82-4bbe-82be-d8bcfb37f9e1,ead35052-7367-4296-96d4-064f546cc2b9,1.7832,0.01504,0.7448
MD,Christian Alshon,Jack Munro,79a11da1-6aeb-4719-9b1e-9918e0163cec,f90428f0-e4a3-4a08-a664-518ba7f188d2,1.7829,0.04832,0.7296
MD,Gabriel Tardio,Armaan Bhatia,d50310a6-9378-4228-823f-7fb54f7bd698,33292af3-984d-4752-8d18-b3a5c147e9fe,1.7818,0.01557,0.7436
MD,Hayden Patriquin,CJ Klinger,fc05556e-3e38-4a38-99c2-f855174a7c28,ead35052-7367-4296-96d4-064f546cc2b9,1.779,0.01345,0.7427
MD,Andrei Daescu,Phuc Huynh,581183e8-3d9e-459e-b69f-7337d8b6f3d2,0763ffeb-1b1f-41c5-ab37-d17b66e50b50,1.7782,0.04488,0.7279
MD,JW Johnson,Dylan Frazier,bd061b42-2f82-4bbe-82be-d8bcfb37f9e1,1de884f8-7bf7-4b49-9de8-3f1fd74cabd6,1.7777,0.01591,0.7406
MD,Gabriel Tardio,Dekel Bar,d50310a6-9378-4228-823f-7fb54f7bd698,89843e44-48fd-4a3f-b8c0-5f5aa6ae5741,1.7761,0.01377,0.7405
MD,Jay Devilliers,Thomas Wilson,295e343a-31a0-4e1d-a286-d62592291435,12d79cbe-b5c7-4504-ab8f-f352a6bb8629,1.7761,0.05376,0.7228
MD,Hayden Patriquin,Dylan Frazier,fc05556e-3e38-4a38-99c2-f855174a7c28,1de884f8-7bf7-4b49-9de8-3f1fd74cabd6,1.7736,0.01432,0.7385
MD,Andrei Daescu,Robert Slutsky,581183e8-3d9e-459e-b69f-7337d8b6f3d2,f6fa549d-8a9c-46fd-aeb8-af8a3f0f7a59,1.7721,0.02546,0.7321
MD,Ben Johns,Oscar Serra,6f862c1d-1317-4fe7-bdcd-64caa0dbb088,2c2a2b82-9ec7-4046-97cb-3a199ed507af,1.7713,0.02531,0.7317
MD,Gabriel Tardio,CJ Klinger,d50310a6-9378-4228-823f-7fb54f7bd698,ead35052-7367-4296-96d4-064f546cc2b9,1.7712,0.01311,0.7374
MD,Christian Alshon,Quang Duong,79a11da1-6aeb-4719-9b1e-9918e0163cec,14d61e81-14d5-4cb3-ae33-d427fbc1b4f6,1.771,0.03227,0.7283
MD,Eric Oncins,Nicolas Acevedo,52690a0c-ed4a-4e0b-bf69-4ef416cf7d55,a000a067-1bf1-442f-a961-e6c97cb50006,1.7708,0.0158,0.7358
MD,Ben Johns,George Wall,6f862c1d-1317-4fe7-bdcd-64caa0dbb088,698c5236-e88f-411c-b44f-e54f16b2d6b5,1.768,0.02547,0.7293
MD,Gabriel Tardio,Dylan Frazier,d50310a6-9378-4228-823f-7fb54f7bd698,1de884f8-7bf7-4b49-9de8-3f1fd74cabd6,1.7658,0.01398,0.7332
MD,Christian Alshon,Noe Khlif,79a11da1-6aeb-4719-9b1e-9918e0163cec,1bb8b2c1-ca6f-45ac-afdd-fab7e77d69d4,1.7654,0.01284,0.7335
MD,JW Johnson,Augustus Ge,bd061b42-2f82-4bbe-82be-d8bcfb37f9e1,ba491f1c-0112-47a8-a348-4695289e958a,1.7645,0.0142,0.7321
MD,Eric Oncins,Jack Sock,52690a0c-ed4a-4e0b-bf69-4ef416cf7d55,3a43c56f-b9d8-4e72-ae8a-58fd69291946,1.7645,0.01561,0.7315
MD,Federico Staksrud,Thomas Wilson,7edb882c-6d17-4129-8208-710e3c82364c,12d79cbe-b5c7-4504-ab8f-f352a6bb8629,1.7633,0.05171,0.715
MD,Riley Newman,Thomas Wilson,05b194b3-db88-4f77-a26f-5ef5cfbf6146,12d79cbe-b5c7-4504-ab8f-f352a6bb8629,1.7632,0.053,0.7145
MD,Ben Johns,Hunter Johnson,6f862c1d-1317-4fe7-bdcd-64caa0dbb088,8160ad59-4654-46b1-b229-8d5f2a9a45f9,1.7623,0.01516,0.7301
MD,Hayden Patriquin,Augustus Ge,fc05556e-3e38-4a38-99c2-f855174a7c28,ba491f1c-0112-47a8-a348-4695289e958a,1.7603,0.0126,0.7299
MD,Eric Oncins,Phuc Huynh,52690a0c-ed4a-4e0b-bf69-4ef416cf7d55,0763ffeb-1b1f-41c5-ab37-d17b66e50b50,1.7561,0.04535,0.7126
MD,Christian Alshon,Will Howells,79a11da1-6aeb-4719-9b1e-9918e0163cec,d0f19d1e-2a6e-4eb3-b10c-1311edd599a8,1.7543,0.01415,0.7249
MD,Andrei Daescu,Connor Garnett,581183e8-3d9e-459e-b69f-7337d8b6f3d2,ff38654d-daae-4bad-a1a7-690e4e5706eb,1.7543,0.0134,0.7253
MD,Christian Alshon,Bruno Faletto,79a11da1-6aeb-4719-9b1e-9918e0163cec,34049405-b415-4f3a-aade-5be0111ac7db,1.7538,0.02214,0.7208
MD,Christian Alshon,Vanshik Kapadia,79a11da1-6aeb-4719-9b1e-9918e0163cec,6866df42-48ad-423c-9e57-d7d4d6fb66ef,1.7538,0.042,0.7124
MD,Gabriel Tardio,Augustus Ge,d50310a6-9378-4228-823f-7fb54f7bd698,ba491f1c-0112-47a8-a348-4695289e958a,1.7525,0.01226,0.7245
MD,Ben Johns,Roscoe Bellamy,6f862c1d-1317-4fe7-bdcd-64caa0dbb088,925c1306-6b3b-4510-8482-f34168a0842a,1.7517,0.01443,0.7228
MD,Andrei Daescu,Jack Munro,581183e8-3d9e-459e-b69f-7337d8b6f3d2,f90428f0-e4a3-4a08-a664-518ba7f188d2,1.7508,0.04791,0.708
MD,Eric Oncins,Robert Slutsky,52690a0c-ed4a-4e0b-bf69-4ef416cf7d55,f6fa549d-8a9c-46fd-aeb8-af8a3f0f7a59,1.7499,0.02593,0.7164
MD,Jay Devilliers,Nicolas Acevedo,295e343a-31a0-4e1d-a286-d62592291435,a000a067-1bf1-442f-a961-e6c97cb50006,1.7485,0.0173,0.7193
MD,JW Johnson,Oscar Serra,bd061b42-2f82-4bbe-82be-d8bcfb37f9e1,2c2a2b82-9ec7-4046-97cb-3a199ed507af,1.748,0.02695,0.7146
MD,Ben Johns,Anderson Scarpa,6f862c1d-1317-4fe7-bdcd-64caa0dbb088,fa8d5d28-d8f5-4996-8c35-0f4ca3c35bae,1.7479,0.01633,0.7192
MD,Ben Johns,Thomas Yu,6f862c1d-1317-4fe7-bdcd-64caa0dbb088,8c94d7b2-0dce-455e-916f-e35927d53547,1.7449,0.03062,0.7108
MD,JW Johnson,George Wall,bd061b42-2f82-4bbe-82be-d8bcfb37f9e1,698c5236-e88f-411c-b44f-e54f16b2d6b5,1.7447,0.02711,0.7121
MD,Ben Johns,Joseph Wild,6f862c1d-1317-4fe7-bdcd-64caa0dbb088,a51b59c5-1a13-4472-821a-eb9866e72adf,1.744,0.02302,0.7134
MD,Hayden Patriquin,Oscar Serra,fc05556e-3e38-4a38-99c2-f855174a7c28,2c2a2b82-9ec7-4046-97cb-3a199ed507af,1.7439,0.02536,0.7123
MD,Jay Devilliers,Jack Sock,295e343a-31a0-4e1d-a286-d62592291435,3a43c56f-b9d8-4e72-ae8a-58fd69291946,1.7423,0.01711,0.7148
MD,Hayden Patriquin,George Wall,fc05556e-3e38-4a38-99c2-f855174a7c28,698c5236-e88f-411c-b44f-e54f16b2d6b5,1.7406,0.02552,0.7098
MD,JW Johnson,Hunter Johnson,bd061b42-2f82-4bbe-82be-d8bcfb37f9e1,8160ad59-4654-46b1-b229-8d5f2a9a45f9,1.739,0.0168,0.7126
MD,Andrei Daescu,Quang Duong,581183e8-3d9e-459e-b69f-7337d8b6f3d2,14d61e81-14d5-4cb3-ae33-d427fbc1b4f6,1.7389,0.03186,0.706
MD,Ben Johns,Harsh Mehta,6f862c1d-1317-4fe7-bdcd-64caa0dbb088,c18fb17d-e0bb-415c-901b-fa2f928ab22c,1.7388,0.03149,0.7061
MD,Christian Alshon,Yuta Funemizu,79a11da1-6aeb-4719-9b1e-9918e0163cec,ce4f0e14-80ea-4ed0-a81c-7341d356d427,1.7374,0.01644,0.7115
MD,Gabriel Tardio,Oscar Serra,d50310a6-9378-4228-823f-7fb54f7bd698,2c2a2b82-9ec7-4046-97cb-3a199ed507af,1.7361,0.02501,0.7068
MD,Ben Johns,Hien Truong,6f862c1d-1317-4fe7-bdcd-64caa0dbb088,524b89ad-b76b-40b4-a0db-736bdc7b8adb,1.7357,0.02955,0.7047
MD,Federico Staksrud,Nicolas Acevedo,7edb882c-6d17-4129-8208-710e3c82364c,a000a067-1bf1-442f-a961-e6c97cb50006,1.7357,0.01525,0.7108
MD,Christian Alshon,Armaan Bhatia,79a11da1-6aeb-4719-9b1e-9918e0163cec,33292af3-984d-4752-8d18-b3a5c147e9fe,1.7356,0.01601,0.7103
MD,Riley Newman,Nicolas Acevedo,05b194b3-db88-4f77-a26f-5ef5cfbf6146,a000a067-1bf1-442f-a961-e6c97cb50006,1.7356,0.01654,0.7101
MD,Hayden Patriquin,Hunter Johnson,fc05556e-3e38-4a38-99c2-f855174a7c28,8160ad59-4654-46b1-b229-8d5f2a9a45f9,1.7349,0.01521,0.7102
MD,Jay Devilliers,Phuc Huynh,295e343a-31a0-4e1d-a286-d62592291435,0763ffeb-1b1f-41c5-ab37-d17b66e50b50,1.7339,0.04685,0.6966
MD,Andrei Daescu,Noe Khlif,581183e8-3d9e-459e-b69f-7337d8b6f3d2,1bb8b2c1-ca6f-45ac-afdd-fab7e77d69d4,1.7333,0.01243,0.7103
MD,Ben Johns,Etienne Blaszkewycz,6f862c1d-1317-4fe7-bdcd-64caa0dbb088,d3e486f2-7c25-4bcf-b9dd-81c14f644f60,1.7329,0.02069,0.7064
MD,Gabriel Tardio,George Wall,d50310a6-9378-4228-823f-7fb54f7bd698,698c5236-e88f-411c-b44f-e54f16b2d6b5,1.7328,0.02518,0.7044
MD,Eric Oncins,Connor Garnett,52690a0c-ed4a-4e0b-bf69-4ef416cf7d55,ff38654d-daae-4bad-a1a7-690e4e5706eb,1.7322,0.01388,0.7088
MD,Christian Alshon,Dekel Bar,79a11da1-6aeb-4719-9b1e-9918e0163cec,89843e44-48fd-4a3f-b8c0-5f5aa6ae5741,1.7299,0.01421,0.707
MD,Ben Johns,Pablo Tellez,6f862c1d-1317-4fe7-bdcd-64caa0dbb088,52726ab1-2ac9-46c0-be90-6b0e7a2d56eb,1.7294,0.01476,0.7064
MD,Federico Staksrud,Jack Sock,7edb882c-6d17-4129-8208-710e3c82364c,3a43c56f-b9d8-4e72-ae8a-58fd69291946,1.7294,0.01507,0.7062
MD,Riley Newman,Jack Sock,05b194b3-db88-4f77-a26f-5ef5cfbf6146,3a43c56f-b9d8-4e72-ae8a-58fd69291946,1.7294,0.01635,0.7056
MD,Ben Johns,Alex Emery,6f862c1d-1317-4fe7-bdcd-64caa0dbb088,5c817399-aea7-481d-9a83-aab7431eabc1,1.7292,0.03622,0.6973
MD,Ben Johns,Jaume Martinez Vich,6f862c1d-1317-4fe7-bdcd-64caa0dbb088,cc8832b9-9a8f-4cbc-8eff-b20e9a7ff09a,1.7291,0.01286,0.707
MD,Eric Oncins,Jack Munro,52690a0c-ed4a-4e0b-bf69-4ef416cf7d55,f90428f0-e4a3-4a08-a664-518ba7f188d2,1.7287,0.04839,0.6924
MD,JW Johnson,Roscoe Bellamy,bd061b42-2f82-4bbe-82be-d8bcfb37f9e1,925c1306-6b3b-4510-8482-f34168a0842a,1.7284,0.01607,0.705
MD,Jay Devilliers,Robert Slutsky,295e343a-31a0-4e1d-a286-d62592291435,f6fa549d-8a9c-46fd-aeb8-af8a3f0f7a59,1.7277,0.02744,0.6997
MD,Ben Johns,Max Freeman,6f862c1d-1317-4fe7-bdcd-64caa0dbb088,b03ff4de-9b8f-46a8-a530-d8f19e9d6ec9,1.7272,0.01388,0.7051
MD,Gabriel Tardio,Hunter Johnson,d50310a6-9378-4228-823f-7fb54f7bd698,8160ad59-4654-46b1-b229-8d5f2a9a45f9,1.7271,0.01486,0.7046
MD,Christian Alshon,CJ Klinger,79a11da1-6aeb-4719-9b1e-9918e0163cec,ead35052-7367-4296-96d4-064f546cc2b9,1.7251,0.01355,0.7037
MD,JW Johnson,Anderson Scarpa,bd061b42-2f82-4bbe-82be-d8bcfb37f9e1,fa8d5d28-d8f5-4996-8c35-0f4ca3c35bae,1.7246,0.01797,0.7014
MD,Ben Johns,Connor Mogle,6f862c1d-1317-4fe7-bdcd-64caa0dbb088,3d9c8684-953f-4008-b355-b6104ee56a5b,1.7245,0.0159,0.7022
MD,Hayden Patriquin,Roscoe Bellamy,fc05556e-3e38-4a38-99c2-f855174a7c28,925c1306-6b3b-4510-8482-f34168a0842a,1.7242,0.01448,0.7026
MD,Andrei Daescu,Will Howells,581183e8-3d9e-459e-b69f-7337d8b6f3d2,d0f19d1e-2a6e-4eb3-b10c-1311edd599a8,1.7222,0.01373,0.7014
MD,JW Johnson,Thomas Yu,bd061b42-2f82-4bbe-82be-d8bcfb37f9e1,8c94d7b2-0dce-455e-916f-e35927d53547,1.7217,0.03226,0.6934
MD,Andrei Daescu,Bruno Faletto,581183e8-3d9e-459e-b69f-7337d8b6f3d2,34049405-b415-4f3a-aade-5be0111ac7db,1.7217,0.02173,0.6976
MD,Andrei Daescu,Vanshik Kapadia,581183e8-3d9e-459e-b69f-7337d8b6f3d2,6866df42-48ad-423c-9e57-d7d4d6fb66ef,1.7217,0.04158,0.6899
MD,Federico Staksrud,Phuc Huynh,7edb882c-6d17-4129-8208-710e3c82364c,0763ffeb-1b1f-41c5-ab37-d17b66e50b50,1.721,0.04481,0.6883
MD,Riley Newman,Phuc Huynh,05b194b3-db88-4f77-a26f-5ef5cfbf6146,0763ffeb-1b1f-41c5-ab37-d17b66e50b50,1.721,0.0461,0.6877
MD,JW Johnson,Joseph Wild,bd061b42-2f82-4bbe-82be-d8bcfb37f9e1,a51b59c5-1a13-4472-821a-eb9866e72adf,1.7207,0.02466,0.6957
MD,Hayden Patriquin,Anderson Scarpa,fc05556e-3e38-4a38-99c2-f855174a7c28,fa8d5d28-d8f5-4996-8c35-0f4ca3c35bae,1.7204,0.01638,0.699
MD,Christian Alshon,Dylan Frazier,79a11da1-6aeb-4719-9b1e-9918e0163cec,1de884f8-7bf7-4b49-9de8-3f1fd74cabd6,1.7196,0.01442,0.6992
MD,Hayden Patriquin,Thomas Yu,fc05556e-3e38-4a38-99c2-f855174a7c28,8c94d7b2-0dce-455e-916f-e35927d53547,1.7175,0.03067,0.691
MD,Ben Johns,Juan Benitez,6f862c1d-1317-4fe7-bdcd-64caa0dbb088,f4c43443-fdff-4344-b291-274cfd26361e,1.7169,0.01979,0.6949
MD,Eric Oncins,Quang Duong,52690a0c-ed4a-4e0b-bf69-4ef416cf7d55,14d61e81-14d5-4cb3-ae33-d427fbc1b4f6,1.7167,0.03234,0.6898
MD,Hayden Patriquin,Joseph Wild,fc05556e-3e38-4a38-99c2-f855174a7c28,a51b59c5-1a13-4472-821a-eb9866e72adf,1.7165,0.02307,0.6932
MD,Gabriel Tardio,Roscoe Bellamy,d50310a6-9378-4228-823f-7fb54f7bd698,925c1306-6b3b-4510-8482-f34168a0842a,1.7165,0.01413,0.6969
MD,JW Johnson,Harsh Mehta,bd061b42-2f82-4bbe-82be-d8bcfb37f9e1,c18fb17d-e0bb-415c-901b-fa2f928ab22c,1.7155,0.03313,0.6886
MD,Federico Staksrud,Robert Slutsky,7edb882c-6d17-4129-8208-710e3c82364c,f6fa549d-8a9c-46fd-aeb8-af8a3f0f7a59,1.7149,0.02539,0.6911
MD,Riley Newman,Robert Slutsky,05b194b3-db88-4f77-a26f-5ef5cfbf6146,f6fa549d-8a9c-46fd-aeb8-af8a3f0f7a59,1.7148,0.02668,0.6905
MD,Gabriel Tardio,Anderson Scarpa,d50310a6-9378-4228-823f-7fb54f7bd698,fa8d5d28-d8f5-4996-8c35-0f4ca3c35bae,1.7127,0.01603,0.6933
MD,JW Johnson,Hien Truong,bd061b42-2f82-4bbe-82be-d8bcfb37f9e1,524b89ad-b76b-40b4-a0db-736bdc7b8adb,1.7124,0.03119,0.687
MD,Hayden Patriquin,Harsh Mehta,fc05556e-3e38-4a38-99c2-f855174a7c28,c18fb17d-e0bb-415c-901b-fa2f928ab22c,1.7113,0.03154,0.6861
MD,Eric Oncins,Noe Khlif,52690a0c-ed4a-4e0b-bf69-4ef416cf7d55,1bb8b2c1-ca6f-45ac-afdd-fab7e77d69d4,1.7111,0.01291,0.6934
MD,Jay Devilliers,Connor Garnett,295e343a-31a0-4e1d-a286-d62592291435,ff38654d-daae-4bad-a1a7-690e4e5706eb,1.71,0.01538,0.6915
MD,Gabriel Tardio,Thomas Yu,d50310a6-9378-4228-823f-7fb54f7bd698,8c94d7b2-0dce-455e-916f-e35927d53547,1.7097,0.03032,0.6854
MD,JW Johnson,Etienne Blaszkewycz,bd061b42-2f82-4bbe-82be-d8bcfb37f9e1,d3e486f2-7c25-4bcf-b9dd-81c14f644f60,1.7096,0.02234,0.6884
MD,Gabriel Tardio,Joseph Wild,d50310a6-9378-4228-823f-7fb54f7bd698,a51b59c5-1a13-4472-821a-eb9866e72adf,1.7088,0.02272,0.6876
MD,Hayden Patriquin,Hien Truong,fc05556e-3e38-4a38-99c2-f855174a7c28,524b89ad-b76b-40b4-a0db-736bdc7b8adb,1.7083,0.0296,0.6846
MD,Christian Alshon,Augustus Ge,79a11da1-6aeb-4719-9b1e-9918e0163cec,ba491f1c-0112-47a8-a348-4695289e958a,1.7064,0.0127,0.6899
MD,Jay Devilliers,Jack Munro,295e343a-31a0-4e1d-a286-d62592291435,f90428f0-e4a3-4a08-a664-518ba7f188d2,1.7064,0.04989,0.676
MD,JW Johnson,Pablo Tellez,bd061b42-2f82-4bbe-82be-d8bcfb37f9e1,52726ab1-2ac9-46c0-be90-6b0e7a2d56eb,1.7062,0.0164,0.6882
MD,JW Johnson,Alex Emery,bd061b42-2f82-4bbe-82be-d8bcfb37f9e1,5c817399-aea7-481d-9a83-aab7431eabc1,1.7059,0.03786,0.6798
MD,JW Johnson,Jaume Martinez Vich,bd061b42-2f82-4bbe-82be-d8bcfb37f9e1,cc8832b9-9a8f-4cbc-8eff-b20e9a7ff09a,1.7058,0.0145,0.6887
MD,Hayden Patriquin,Etienne Blaszkewycz,fc05556e-3e38-4a38-99c2-f855174a7c28,d3e486f2-7c25-4bcf-b9dd-81c14f644f60,1.7054,0.02074,0.6858
MD,Andrei Daescu,Yuta Funemizu,581183e8-3d9e-459e-b69f-7337d8b6f3d2,ce4f0e14-80ea-4ed0-a81c-7341d356d427,1.7053,0.01603,0.6876
MD,Ben Johns,John Lucian Goins,6f862c1d-1317-4fe7-bdcd-64caa0dbb088,e96d9339-cfb6-473d-bcb3-23f2887a3e0f,1.7048,0.01676,0.687
MD,JW Johnson,Max Freeman,bd061b42-2f82-4bbe-82be-d8bcfb37f9e1,b03ff4de-9b8f-46a8-a530-d8f19e9d6ec9,1.7039,0.01552,0.6868
MD,Gabriel Tardio,Harsh Mehta,d50310a6-9378-4228-823f-7fb54f7bd698,c18fb17d-e0bb-415c-901b-fa2f928ab22c,1.7036,0.03119,0.6805
MD,Andrei Daescu,Armaan Bhatia,581183e8-3d9e-459e-b69f-7337d8b6f3d2,33292af3-984d-4752-8d18-b3a5c147e9fe,1.7035,0.0156,0.6865
MD,Thomas Wilson,Nicolas Acevedo,12d79cbe-b5c7-4504-ab8f-f352a6bb8629,a000a067-1bf1-442f-a961-e6c97cb50006,1.7034,0.05394,0.6725
MD,Ben Johns,Luca Mack,6f862c1d-1317-4fe7-bdcd-64caa0dbb088,2aa8ced3-d599-4c83-86dd-ecc80196833b,1.7026,0.02256,0.683
MD,Hayden Patriquin,Pablo Tellez,fc05556e-3e38-4a38-99c2-f855174a7c28,52726ab1-2ac9-46c0-be90-6b0e7a2d56eb,1.702,0.01481,0.6856
MD,Hayden Patriquin,Alex Emery,fc05556e-3e38-4a38-99c2-f855174a7c28,5c817399-aea7-481d-9a83-aab7431eabc1,1.7018,0.03627,0.6773
MD,Hayden Patriquin,Jaume Martinez Vich,fc05556e-3e38-4a38-99c2-f855174a7c28,cc8832b9-9a8f-4cbc-8eff-b20e9a7ff09a,1.7016,0.01291,0.6862
MD,JW Johnson,Connor Mogle,bd061b42-2f82-4bbe-82be-d8bcfb37f9e1,3d9c8684-953f-4008-b355-b6104ee56a5b,1.7012,0.01755,0.6839
MD,Gabriel Tardio,Hien Truong,d50310a6-9378-4228-823f-7fb54f7bd698,524b89ad-b76b-40b4-a0db-736bdc7b8adb,1.7005,0.02926,0.6789
MD,Eric Oncins,Will Howells,52690a0c-ed4a-4e0b-bf69-4ef416cf7d55,d0f19d1e-2a6e-4eb3-b10c-1311edd599a8,1.7,0.01421,0.6844
MD,Hayden Patriquin,Max Freeman,fc05556e-3e38-4a38-99c2-f855174a7c28,b03ff4de-9b8f-46a8-a530-d8f19e9d6ec9,1.6997,0.01393,0.6843
MD,Eric Oncins,Bruno Faletto,52690a0c-ed4a-4e0b-bf69-4ef416cf7d55,34049405-b415-4f3a-aade-5be0111ac7db,1.6996,0.02221,0.6809
MD,Eric Oncins,Vanshik Kapadia,52690a0c-ed4a-4e0b-bf69-4ef416cf7d55,6866df42-48ad-423c-9e57-d7d4d6fb66ef,1.6996,0.04206,0.6737
MD,Andrei Daescu,Dekel Bar,581183e8-3d9e-459e-b69f-7337d8b6f3d2,89843e44-48fd-4a3f-b8c0-5f5aa6ae5741,1.6978,0.0138,0.6828
MD,Gabriel Tardio,Etienne Blaszkewycz,d50310a6-9378-4228-823f-7fb54f7bd698,d3e486f2-7c25-4bcf-b9dd-81c14f644f60,1.6977,0.0204,0.6801
MD,Federico Staksrud,Connor Garnett,7edb882c-6d17-4129-8208-710e3c82364c,ff38654d-daae-4bad-a1a7-690e4e5706eb,1.6972,0.01334,0.6825
MD,Jack Sock,Thomas Wilson,3a43c56f-b9d8-4e72-ae8a-58fd69291946,12d79cbe-b5c7-4504-ab8f-f352a6bb8629,1.6972,0.05376,0.6681
MD,Riley Newman,Connor Garnett,05b194b3-db88-4f77-a26f-5ef5cfbf6146,ff38654d-daae-4bad-a1a7-690e4e5706eb,1.6971,0.01462,0.6819
MD,Hayden Patriquin,Connor Mogle,fc05556e-3e38-4a38-99c2-f855174a7c28,3d9c8684-953f-4008-b355-b6104ee56a5b,1.697,0.01595,0.6814
MD,Ben Johns,Donald Young,6f862c1d-1317-4fe7-bdcd-64caa0dbb088,aec5d8be-9ce0-4cc5-98a4-140fad555fe0,1.6968,0.01829,0.6803
MD,Ben Johns,Martin Emmrich,6f862c1d-1317-4fe7-bdcd-64caa0dbb088,e9849183-4693-4340-abf5-f4b6f3cb226f,1.6947,0.01658,0.6793
MD,Jay Devilliers,Quang Duong,295e343a-31a0-4e1d-a286-d62592291435,14d61e81-14d5-4cb3-ae33-d427fbc1b4f6,1.6945,0.03384,0.6728
MD,Gabriel Tardio,Pablo Tellez,d50310a6-9378-4228-823f-7fb54f7bd698,52726ab1-2ac9-46c0-be90-6b0e7a2d56eb,1.6942,0.01447,0.6798
MD,Gabriel Tardio,Alex Emery,d50310a6-9378-4228-823f-7fb54f7bd698,5c817399-aea7-481d-9a83-aab7431eabc1,1.694,0.03592,0.6717
MD,Gabriel Tardio,Jaume Martinez Vich,d50310a6-9378-4228-823f-7fb54f7bd698,cc8832b9-9a8f-4cbc-8eff-b20e9a7ff09a,1.6939,0.01257,0.6803
MD,JW Johnson,Juan Benitez,bd061b42-2f82-4bbe-82be-d8bcfb37f9e1,f4c43443-fdff-4344-b291-274cfd26361e,1.6936,0.02143,0.6766
MD,Federico Staksrud,Jack Munro,7edb882c-6d17-4129-8208-710e3c82364c,f90428f0-e4a3-4a08-a664-518ba7f188d2,1.6936,0.04784,0.6674
MD,Riley Newman,Jack Munro,05b194b3-db88-4f77-a26f-5ef5cfbf6146,f90428f0-e4a3-4a08-a664-518ba7f188d2,1.6935,0.04913,0.6669
MD,Andrei Daescu,CJ Klinger,581183e8-3d9e-459e-b69f-7337d8b6f3d2,ead35052-7367-4296-96d4-064f546cc2b9,1.693,0.01314,0.6793
MD,Ben Johns,Rafa Hewett,6f862c1d-1317-4fe7-bdcd-64caa0dbb088,06ba18e0-687b-4aa3-822d-1c86981f576b,1.6922,0.01432,0.6783
MD,Gabriel Tardio,Max Freeman,d50310a6-9378-4228-823f-7fb54f7bd698,b03ff4de-9b8f-46a8-a530-d8f19e9d6ec9,1.692,0.01358,0.6784
MD,Christian Alshon,Oscar Serra,79a11da1-6aeb-4719-9b1e-9918e0163cec,2c2a2b82-9ec7-4046-97cb-3a199ed507af,1.6899,0.02546,0.6723
MD,Hayden Patriquin,Juan Benitez,fc05556e-3e38-4a38-99c2-f855174a7c28,f4c43443-fdff-4344-b291-274cfd26361e,1.6895,0.01984,0.6741
MD,Gabriel Tardio,Connor Mogle,d50310a6-9378-4228-823f-7fb54f7bd698,3d9c8684-953f-4008-b355-b6104ee56a5b,1.6893,0.01561,0.6755
MD,Jay Devilliers,Noe Khlif,295e343a-31a0-4e1d-a286-d62592291435,1bb8b2c1-ca6f-45ac-afdd-fab7e77d69d4,1.6889,0.01441,0.6757
MD,Phuc Huynh,Thomas Wilson,0763ffeb-1b1f-41c5-ab37-d17b66e50b50,12d79cbe-b5c7-4504-ab8f-f352a6bb8629,1.6888,0.0835,0.6536
MD,Andrei Daescu,Dylan Frazier,581183e8-3d9e-459e-b69f-7337d8b6f3d2,1de884f8-7bf7-4b49-9de8-3f1fd74cabd6,1.6875,0.01401,0.6748
MD,Christian Alshon,George Wall,79a11da1-6aeb-4719-9b1e-9918e0163cec,698c5236-e88f-411c-b44f-e54f16b2d6b5,1.6866,0.02562,0.6697
MD,Eric Oncins,Yuta Funemizu,52690a0c-ed4a-4e0b-bf69-4ef416cf7d55,ce4f0e14-80ea-4ed0-a81c-7341d356d427,1.6831,0.0165,0.6704
MD,Thomas Wilson,Robert Slutsky,12d79cbe-b5c7-4504-ab8f-f352a6bb8629,f6fa549d-8a9c-46fd-aeb8-af8a3f0f7a59,1.6826,0.06408,0.6546
MD,Gabriel Tardio,Juan Benitez,d50310a6-9378-4228-823f-7fb54f7bd698,f4c43443-fdff-4344-b291-274cfd26361e,1.6817,0.0195,0.6682
MD,Federico Staksrud,Quang Duong,7edb882c-6d17-4129-8208-710e3c82364c,14d61e81-14d5-4cb3-ae33-d427fbc1b4f6,1.6817,0.03179,0.6638
MD,JW Johnson,John Lucian Goins,bd061b42-2f82-4bbe-82be-d8bcfb37f9e1,e96d9339-cfb6-473d-bcb3-23f2887a3e0f,1.6816,0.0184,0.6685
MD,Riley Newman,Quang Duong,05b194b3-db88-4f77-a26f-5ef5cfbf6146,14d61e81-14d5-4cb3-ae33-d427fbc1b4f6,1.6816,0.03308,0.6633
MD,Eric Oncins,Armaan Bhatia,52690a0c-ed4a-4e0b-bf69-4ef416cf7d55,33292af3-984d-4752-8d18-b3a5c147e9fe,1.6813,0.01608,0.6692
MD,Christian Alshon,Hunter Johnson,79a11da1-6aeb-4719-9b1e-9918e0163cec,8160ad59-4654-46b1-b229-8d5f2a9a45f9,1.6809,0.01531,0.6692
MD,JW Johnson,Luca Mack,bd061b42-2f82-4bbe-82be-d8bcfb37f9e1,2aa8ced3-d599-4c83-86dd-ecc80196833b,1.6793,0.02421,0.6646
MD,Ben Johns,Tyson McGuffin,6f862c1d-1317-4fe7-bdcd-64caa0dbb088,dbcb41e9-e983-410b-bc23-d184d034cfc0,1.6783,0.01338,0.6678
MD,Jack Sock,Nicolas Acevedo,3a43c56f-b9d8-4e72-ae8a-58fd69291946,a000a067-1bf1-442f-a961-e6c97cb50006,1.6781,0.0173,0.6662
MD,Jay Devilliers,Will Howells,295e343a-31a0-4e1d-a286-d62592291435,d0f19d1e-2a6e-4eb3-b10c-1311edd599a8,1.6778,0.01571,0.6665
MD,Hayden Patriquin,John Lucian Goins,fc05556e-3e38-4a38-99c2-f855174a7c28,e96d9339-cfb6-473d-bcb3-23f2887a3e0f,1.6774,0.01681,0.6658
MD,Jay Devilliers,Bruno Faletto,295e343a-31a0-4e1d-a286-d62592291435,34049405-b415-4f3a-aade-5be0111ac7db,1.6773,0.02371,0.6633
MD,Jay Devilliers,Vanshik Kapadia,295e343a-31a0-4e1d-a286-d62592291435,6866df42-48ad-423c-9e57-d7d4d6fb66ef,1.6773,0.04356,0.6567
MD,Federico Staksrud,Noe Khlif,7edb882c-6d17-4129-8208-710e3c82364c,1bb8b2c1-ca6f-45ac-afdd-fab7e77d69d4,1.6761,0.01236,0.6664
MD,Riley Newman,Noe Khlif,05b194b3-db88-4f77-a26f-5ef5cfbf6146,1bb8b2c1-ca6f-45ac-afdd-fab7e77d69d4,1.676,0.01365,0.6659
MD,Eric Oncins,Dekel Bar,52690a0c-ed4a-4e0b-bf69-4ef416cf7d55,89843e44-48fd-4a3f-b8c0-5f5aa6ae5741,1.6757,0.01428,0.6654
MD,Hayden Patriquin,Luca Mack,fc05556e-3e38-4a38-99c2-f855174a7c28,2aa8ced3-d599-4c83-86dd-ecc80196833b,1.6751,0.02261,0.662
MD,Andrei Daescu,Augustus Ge,581183e8-3d9e-459e-b69f-7337d8b6f3d2,ba491f1c-0112-47a8-a348-4695289e958a,1.6743,0.01229,0.665
MD,JW Johnson,Donald Young,bd061b42-2f82-4bbe-82be-d8bcfb37f9e1,aec5d8be-9ce0-4cc5-98a4-140fad555fe0,1.6735,0.01993,0.6617
MD,JW Johnson,Martin Emmrich,bd061b42-2f82-4bbe-82be-d8bcfb37f9e1,e9849183-4693-4340-abf5-f4b6f3cb226f,1.6714,0.01822,0.6606
MD,Eric Oncins,CJ Klinger,52690a0c-ed4a-4e0b-bf69-4ef416cf7d55,ead35052-7367-4296-96d4-064f546cc2b9,1.6708,0.01362,0.6618
MD,Christian Alshon,Roscoe Bellamy,79a11da1-6aeb-4719-9b1e-9918e0163cec,925c1306-6b3b-4510-8482-f34168a0842a,1.6703,0.01458,0.6611
MD,Phuc Huynh,Nicolas Acevedo,0763ffeb-1b1f-41c5-ab37-d17b66e50b50,a000a067-1bf1-442f-a961-e6c97cb50006,1.6697,0.04704,0.65
MD,Gabriel Tardio,John Lucian Goins,d50310a6-9378-4228-823f-7fb54f7bd698,e96d9339-cfb6-473d-bcb3-23f2887a3e0f,1.6696,0.01646,0.6598
MD,Hayden Patriquin,Donald Young,fc05556e-3e38-4a38-99c2-f855174a7c28,aec5d8be-9ce0-4cc5-98a4-140fad555fe0,1.6693,0.01834,0.659
MD,JW Johnson,Rafa Hewett,bd061b42-2f82-4bbe-82be-d8bcfb37f9e1,06ba18e0-687b-4aa3-822d-1c86981f576b,1.6689,0.01596,0.6594
MD,Gabriel Tardio,Luca Mack,d50310a6-9378-4228-823f-7fb54f7bd698,2aa8ced3-d599-4c83-86dd-ecc80196833b,1.6674,0.02227,0.656
MD,Hayden Patriquin,Martin Emmrich,fc05556e-3e38-4a38-99c2-f855174a7c28,e9849183-4693-4340-abf5-f4b6f3cb226f,1.6672,0.01663,0.6579
MD,Christian Alshon,Anderson Scarpa,79a11da1-6aeb-4719-9b1e-9918e0163cec,fa8d5d28-d8f5-4996-8c35-0f4ca3c35bae,1.6665,0.01648,0.6574
MD,Eric Oncins,Dylan Frazier,52690a0c-ed4a-4e0b-bf69-4ef416cf7d55,1de884f8-7bf7-4b49-9de8-3f1fd74cabd6,1.6654,0.01449,0.6572
MD,Jack Sock,Phuc Huynh,3a43c56f-b9d8-4e72-ae8a-58fd69291946,0763ffeb-1b1f-41c5-ab37-d17b66e50b50,1.6654,0.04685,0.6468
MD,Federico Staksrud,Will Howells,7edb882c-6d17-4129-8208-710e3c82364c,d0f19d1e-2a6e-4eb3-b10c-1311edd599a8,1.665,0.01367,0.6571
MD,Riley Newman,Will Howells,05b194b3-db88-4f77-a26f-5ef5cfbf6146,d0f19d1e-2a6e-4eb3-b10c-1311edd599a8,1.6649,0.01495,0.6566
MD,Thomas Wilson,Connor Garnett,12d79cbe-b5c7-4504-ab8f-f352a6bb8629,ff38654d-daae-4bad-a1a7-690e4e5706eb,1.6649,0.05202,0.645
MD,Hayden Patriquin,Rafa Hewett,fc05556e-3e38-4a38-99c2-f855174a7c28,06ba18e0-687b-4aa3-822d-1c86981f576b,1.6647,0.01437,0.6567
MD,Federico Staksrud,Bruno Faletto,7edb882c-6d17-4129-8208-710e3c82364c,34049405-b415-4f3a-aade-5be0111ac7db,1.6645,0.02167,0.654
MD,Federico Staksrud,Vanshik Kapadia,7edb882c-6d17-4129-8208-710e3c82364c,6866df42-48ad-423c-9e57-d7d4d6fb66ef,1.6645,0.04152,0.6477
MD,Ben Johns,Tama Shimabukuro,6f862c1d-1317-4fe7-bdcd-64caa0dbb088,4af4d4d1-9f87-4dc7-95f2-b10751d44c15,1.6644,0.01237,0.6571
MD,Riley Newman,Bruno Faletto,05b194b3-db88-4f77-a26f-5ef5cfbf6146,34049405-b415-4f3a-aade-5be0111ac7db,1.6644,0.02295,0.6535
MD,Riley Newman,Vanshik Kapadia,05b194b3-db88-4f77-a26f-5ef5cfbf6146,6866df42-48ad-423c-9e57-d7d4d6fb66ef,1.6644,0.0428,0.6473
MD,Ben Johns,Patrick Kawka,6f862c1d-1317-4fe7-bdcd-64caa0dbb088,6876576c-b20e-47e3-99e4-d32759cc9f48,1.664,0.04656,0.6459
MD,Christian Alshon,Thomas Yu,79a11da1-6aeb-4719-9b1e-9918e0163cec,8c94d7b2-0dce-455e-916f-e35927d53547,1.6636,0.03077,0.6503
MD,Nicolas Acevedo,Robert Slutsky,a000a067-1bf1-442f-a961-e6c97cb50006,f6fa549d-8a9c-46fd-aeb8-af8a3f0f7a59,1.6636,0.02762,0.6513
MD,Christian Alshon,Joseph Wild,79a11da1-6aeb-4719-9b1e-9918e0163cec,a51b59c5-1a13-4472-821a-eb9866e72adf,1.6626,0.02317,0.652
MD,Gabriel Tardio,Donald Young,d50310a6-9378-4228-823f-7fb54f7bd698,aec5d8be-9ce0-4cc5-98a4-140fad555fe0,1.6616,0.01799,0.6529
MD,Thomas Wilson,Jack Munro,12d79cbe-b5c7-4504-ab8f-f352a6bb8629,f90428f0-e4a3-4a08-a664-518ba7f188d2,1.6613,0.08653,0.6338
MD,Jay Devilliers,Yuta Funemizu,295e343a-31a0-4e1d-a286-d62592291435,ce4f0e14-80ea-4ed0-a81c-7341d356d427,1.6609,0.018,0.6524
MD,Gabriel Tardio,Martin Emmrich,d50310a6-9378-4228-823f-7fb54f7bd698,e9849183-4693-4340-abf5-f4b6f3cb226f,1.6594,0.01629,0.6518
MD,Jack Sock,Robert Slutsky,3a43c56f-b9d8-4e72-ae8a-58fd69291946,f6fa549d-8a9c-46fd-aeb8-af8a3f0f7a59,1.6593,0.02744,0.648
MD,Jay Devilliers,Armaan Bhatia,295e343a-31a0-4e1d-a286-d62592291435,33292af3-984d-4752-8d18-b3a5c147e9fe,1.6591,0.01758,0.6511
MD,Andrei Daescu,Oscar Serra,581183e8-3d9e-459e-b69f-7337d8b6f3d2,2c2a2b82-9ec7-4046-97cb-3a199ed507af,1.6578,0.02505,0.6477
MD,Christian Alshon,Harsh Mehta,79a11da1-6aeb-4719-9b1e-9918e0163cec,c18fb17d-e0bb-415c-901b-fa2f928ab22c,1.6574,0.03164,0.6453
MD,Gabriel Tardio,Rafa Hewett,d50310a6-9378-4228-823f-7fb54f7bd698,06ba18e0-687b-4aa3-822d-1c86981f576b,1.657,0.01403,0.6506
MD,Ben Johns,Tristan Dussault,6f862c1d-1317-4fe7-bdcd-64caa0dbb088,3cab1673-2522-4dd5-ba07-2a1b88749d86,1.6555,0.02506,0.6458
MD,JW Johnson,Tyson McGuffin,bd061b42-2f82-4bbe-82be-d8bcfb37f9e1,dbcb41e9-e983-410b-bc23-d184d034cfc0,1.6551,0.01503,0.6487
MD,Andrei Daescu,George Wall,581183e8-3d9e-459e-b69f-7337d8b6f3d2,698c5236-e88f-411c-b44f-e54f16b2d6b5,1.6545,0.02521,0.645
MD,Christian Alshon,Hien Truong,79a11da1-6aeb-4719-9b1e-9918e0163cec,524b89ad-b76b-40b4-a0db-736bdc7b8adb,1.6543,0.0297,0.6435
MD,Jay Devilliers,Dekel Bar,295e343a-31a0-4e1d-a286-d62592291435,89843e44-48fd-4a3f-b8c0-5f5aa6ae5741,1.6534,0.01578,0.6472
MD,Phuc Huynh,Robert Slutsky,0763ffeb-1b1f-41c5-ab37-d17b66e50b50,f6fa549d-8a9c-46fd-aeb8-af8a3f0f7a59,1.6534,0.05718,0.6351
MD,Eric Oncins,Augustus Ge,52690a0c-ed4a-4e0b-bf69-4ef416cf7d55,ba491f1c-0112-47a8-a348-4695289e958a,1.6521,0.01277,0.6471
MD,Christian Alshon,Etienne Blaszkewycz,79a11da1-6aeb-4719-9b1e-9918e0163cec,d3e486f2-7c25-4bcf-b9dd-81c14f644f60,1.6515,0.02084,0.644
MD,Hayden Patriquin,Tyson McGuffin,fc05556e-3e38-4a38-99c2-f855174a7c28,dbcb41e9-e983-410b-bc23-d184d034cfc0,1.6509,0.01343,0.6459
MD,Thomas Wilson,Quang Duong,12d79cbe-b5c7-4504-ab8f-f352a6bb8629,14d61e81-14d5-4cb3-ae33-d427fbc1b4f6,1.6494,0.07048,0.6289
MD,Andrei Daescu,Hunter Johnson,581183e8-3d9e-459e-b69f-7337d8b6f3d2,8160ad59-4654-46b1-b229-8d5f2a9a45f9,1.6488,0.01489,0.6438
MD,Jay Devilliers,CJ Klinger,295e343a-31a0-4e1d-a286-d62592291435,ead35052-7367-4296-96d4-064f546cc2b9,1.6486,0.01512,0.6436
MD,Christian Alshon,Pablo Tellez,79a11da1-6aeb-4719-9b1e-9918e0163cec,52726ab1-2ac9-46c0-be90-6b0e7a2d56eb,1.6481,0.01491,0.6432
MD,Federico Staksrud,Yuta Funemizu,7edb882c-6d17-4129-8208-710e3c82364c,ce4f0e14-80ea-4ed0-a81c-7341d356d427,1.6481,0.01596,0.6429
MD,Riley Newman,Yuta Funemizu,05b194b3-db88-4f77-a26f-5ef5cfbf6146,ce4f0e14-80ea-4ed0-a81c-7341d356d427,1.648,0.01724,0.6424
MD,Christian Alshon,Alex Emery,79a11da1-6aeb-4719-9b1e-9918e0163cec,5c817399-aea7-481d-9a83-aab7431eabc1,1.6478,0.03637,0.6365
MD,Christian Alshon,Jaume Martinez Vich,79a11da1-6aeb-4719-9b1e-9918e0163cec,cc8832b9-9a8f-4cbc-8eff-b20e9a7ff09a,1.6477,0.01301,0.6435
MD,Federico Staksrud,Armaan Bhatia,7edb882c-6d17-4129-8208-710e3c82364c,33292af3-984d-4752-8d18-b3a5c147e9fe,1.6463,0.01554,0.6416
MD,Riley Newman,Armaan Bhatia,05b194b3-db88-4f77-a26f-5ef5cfbf6146,33292af3-984d-4752-8d18-b3a5c147e9fe,1.6462,0.01682,0.6411
MD,Christian Alshon,Max Freeman,79a11da1-6aeb-4719-9b1e-9918e0163cec,b03ff4de-9b8f-46a8-a530-d8f19e9d6ec9,1.6458,0.01403,0.6417
MD,Connor Garnett,Nicolas Acevedo,ff38654d-daae-4bad-a1a7-690e4e5706eb,a000a067-1bf1-442f-a961-e6c97cb50006,1.6458,0.01557,0.6412
MD,Thomas Wilson,Noe Khlif,12d79cbe-b5c7-4504-ab8f-f352a6bb8629,1bb8b2c1-ca6f-45ac-afdd-fab7e77d69d4,1.6438,0.05105,0.6295
MD,Gabriel Tardio,Tyson McGuffin,d50310a6-9378-4228-823f-7fb54f7bd698,dbcb41e9-e983-410b-bc23-d184d034cfc0,1.6431,0.01309,0.6398
MD,Christian Alshon,Connor Mogle,79a11da1-6aeb-4719-9b1e-9918e0163cec,3d9c8684-953f-4008-b355-b6104ee56a5b,1.6431,0.01605,0.6388
MD,Jay Devilliers,Dylan Frazier,295e343a-31a0-4e1d-a286-d62592291435,1de884f8-7bf7-4b49-9de8-3f1fd74cabd6,1.6431,0.01599,0.6389
MD,Ben Johns,Christopher Haworth,6f862c1d-1317-4fe7-bdcd-64caa0dbb088,a91e2b68-7357-4518-baf9-f59b0b4c2477,1.6427,0.01551,0.6387
MD,Nicolas Acevedo,Jack Munro,a000a067-1bf1-442f-a961-e6c97cb50006,f90428f0-e4a3-4a08-a664-518ba7f188d2,1.6423,0.05007,0.6286
MD,Jack Sock,Connor Garnett,3a43c56f-b9d8-4e72-ae8a-58fd69291946,ff38654d-daae-4bad-a1a7-690e4e5706eb,1.6415,0.01538,0.6377
MD,JW Johnson,Tama Shimabukuro,bd061b42-2f82-4bbe-82be-d8bcfb37f9e1,4af4d4d1-9f87-4dc7-95f2-b10751d44c15,1.6411,0.01402,0.6378
MD,JW Johnson,Patrick Kawka,bd061b42-2f82-4bbe-82be-d8bcfb37f9e1,6876576c-b20e-47e3-99e4-d32759cc9f48,1.6407,0.0482,0.6279
MD,Federico Staksrud,Dekel Bar,7edb882c-6d17-4129-8208-710e3c82364c,89843e44-48fd-4a3f-b8c0-5f5aa6ae5741,1.6406,0.01374,0.6375
MD,Riley Newman,Dekel Bar,05b194b3-db88-4f77-a26f-5ef5cfbf6146,89843e44-48fd-4a3f-b8c0-5f5aa6ae5741,1.6405,0.01502,0.6371
MD,Andrei Daescu,Roscoe Bellamy,581183e8-3d9e-459e-b69f-7337d8b6f3d2,925c1306-6b3b-4510-8482-f34168a0842a,1.6382,0.01416,0.6354
MD,Jack Sock,Jack Munro,3a43c56f-b9d8-4e72-ae8a-58fd69291946,f90428f0-e4a3-4a08-a664-518ba7f188d2,1.638,0.04989,0.6254
MD,Hayden Patriquin,Tama Shimabukuro,fc05556e-3e38-4a38-99c2-f855174a7c28,4af4d4d1-9f87-4dc7-95f2-b10751d44c15,1.6369,0.01242,0.6349
MD,Hayden Patriquin,Patrick Kawka,fc05556e-3e38-4a38-99c2-f855174a7c28,6876576c-b20e-47e3-99e4-d32759cc9f48,1.6366,0.04661,0.6251
MD,Federico Staksrud,CJ Klinger,7edb882c-6d17-4129-8208-710e3c82364c,ead35052-7367-4296-96d4-064f546cc2b9,1.6358,0.01307,0.6338
MD,Eric Oncins,Oscar Serra,52690a0c-ed4a-4e0b-bf69-4ef416cf7d55,2c2a2b82-9ec7-4046-97cb-3a199ed507af,1.6357,0.02552,0.63
MD,Riley Newman,CJ Klinger,05b194b3-db88-4f77-a26f-5ef5cfbf6146,ead35052-7367-4296-96d4-064f546cc2b9,1.6357,0.01436,0.6333
MD,Phuc Huynh,Connor Garnett,0763ffeb-1b1f-41c5-ab37-d17b66e50b50,ff38654d-daae-4bad-a1a7-690e4e5706eb,1.6357,0.04512,0.6248
MD,Christian Alshon,Juan Benitez,79a11da1-6aeb-4719-9b1e-9918e0163cec,f4c43443-fdff-4344-b291-274cfd26361e,1.6355,0.01994,0.6315
MD,Andrei Daescu,Anderson Scarpa,581183e8-3d9e-459e-b69f-7337d8b6f3d2,fa8d5d28-d8f5-4996-8c35-0f4ca3c35bae,1.6344,0.01606,0.6318
MD,Thomas Wilson,Will Howells,12d79cbe-b5c7-4504-ab8f-f352a6bb8629,d0f19d1e-2a6e-4eb3-b10c-1311edd599a8,1.6327,0.05236,0.6208
MD,Eric Oncins,George Wall,52690a0c-ed4a-4e0b-bf69-4ef416cf7d55,698c5236-e88f-411c-b44f-e54f16b2d6b5,1.6324,0.02569,0.6273
MD,JW Johnson,Tristan Dussault,bd061b42-2f82-4bbe-82be-d8bcfb37f9e1,3cab1673-2522-4dd5-ba07-2a1b88749d86,1.6322,0.02671,0.6269
MD,Phuc Huynh,Jack Munro,0763ffeb-1b1f-41c5-ab37-d17b66e50b50,f90428f0-e4a3-4a08-a664-518ba7f188d2,1.6322,0.07963,0.6144
MD,Thomas Wilson,Bruno Faletto,12d79cbe-b5c7-4504-ab8f-f352a6bb8629,34049405-b415-4f3a-aade-5be0111ac7db,1.6322,0.06035,0.6186
MD,Thomas Wilson,Vanshik Kapadia,12d79cbe-b5c7-4504-ab8f-f352a6bb8629,6866df42-48ad-423c-9e57-d7d4d6fb66ef,1.6322,0.08021,0.6144
MD,Connor Garnett,Robert Slutsky,ff38654d-daae-4bad-a1a7-690e4e5706eb,f6fa549d-8a9c-46fd-aeb8-af8a3f0f7a59,1.6315,0.0257,0.6266
MD,Andrei Daescu,Thomas Yu,581183e8-3d9e-459e-b69f-7337d8b6f3d2,8c94d7b2-0dce-455e-916f-e35927d53547,1.6314,0.03035,0.6253
MD,Andrei Daescu,Joseph Wild,581183e8-3d9e-459e-b69f-7337d8b6f3d2,a51b59c5-1a13-4472-821a-eb9866e72adf,1.6305,0.02276,0.6266
MD,Federico Staksrud,Dylan Frazier,7edb882c-6d17-4129-8208-710e3c82364c,1de884f8-7bf7-4b49-9de8-3f1fd74cabd6,1.6303,0.01394,0.6291
MD,Quang Duong,Nicolas Acevedo,14d61e81-14d5-4cb3-ae33-d427fbc1b4f6,a000a067-1bf1-442f-a961-e6c97cb50006,1.6303,0.03402,0.6235
MD,Riley Newman,Dylan Frazier,05b194b3-db88-4f77-a26f-5ef5cfbf6146,1de884f8-7bf7-4b49-9de8-3f1fd74cabd6,1.6302,0.01523,0.6286
MD,Jay Devilliers,Augustus Ge,295e343a-31a0-4e1d-a286-d62592291435,ba491f1c-0112-47a8-a348-4695289e958a,1.6299,0.01427,0.6286
MD,Gabriel Tardio,Tama Shimabukuro,d50310a6-9378-4228-823f-7fb54f7bd698,4af4d4d1-9f87-4dc7-95f2-b10751d44c15,1.6292,0.01208,0.6287
MD,Gabriel Tardio,Patrick Kawka,d50310a6-9378-4228-823f-7fb54f7bd698,6876576c-b20e-47e3-99e4-d32759cc9f48,1.6288,0.04627,0.6192
MD,Hayden Patriquin,Tristan Dussault,fc05556e-3e38-4a38-99c2-f855174a7c28,3cab1673-2522-4dd5-ba07-2a1b88749d86,1.6281,0.02511,0.624
MD,Robert Slutsky,Jack Munro,f6fa549d-8a9c-46fd-aeb8-af8a3f0f7a59,f90428f0-e4a3-4a08-a664-518ba7f188d2,1.6279,0.06021,0.6154
MD,Eric Oncins,Hunter Johnson,52690a0c-ed4a-4e0b-bf69-4ef416cf7d55,8160ad59-4654-46b1-b229-8d5f2a9a45f9,1.6267,0.01537,0.6257
MD,Jack Sock,Quang Duong,3a43c56f-b9d8-4e72-ae8a-58fd69291946,14d61e81-14d5-4cb3-ae33-d427fbc1b4f6,1.626,0.03384,0.6201
MD,Andrei Daescu,Harsh Mehta,581183e8-3d9e-459e-b69f-7337d8b6f3d2,c18fb17d-e0bb-415c-901b-fa2f928ab22c,1.6253,0.03123,0.6202
MD,Nicolas Acevedo,Noe Khlif,a000a067-1bf1-442f-a961-e6c97cb50006,1bb8b2c1-ca6f-45ac-afdd-fab7e77d69d4,1.6248,0.01459,0.6243
MD,Ben Johns,Mohaned Alhouni,6f862c1d-1317-4fe7-bdcd-64caa0dbb088,1bab49f1-6891-4d3e-8f77-42aa4fc1d18e,1.6243,0.01514,0.6238
MD,Christian Alshon,John Lucian Goins,79a11da1-6aeb-4719-9b1e-9918e0163cec,e96d9339-cfb6-473d-bcb3-23f2887a3e0f,1.6235,0.01691,0.6226
MD,Andrei Daescu,Hien Truong,581183e8-3d9e-459e-b69f-7337d8b6f3d2,524b89ad-b76b-40b4-a0db-736bdc7b8adb,1.6222,0.02929,0.6183
MD,Christian Alshon,Luca Mack,79a11da1-6aeb-4719-9b1e-9918e0163cec,2aa8ced3-d599-4c83-86dd-ecc80196833b,1.6212,0.02271,0.6192
MD,Jack Sock,Noe Khlif,3a43c56f-b9d8-4e72-ae8a-58fd69291946,1bb8b2c1-ca6f-45ac-afdd-fab7e77d69d4,1.6205,0.01441,0.6208
MD,Gabriel Tardio,Tristan Dussault,d50310a6-9378-4228-823f-7fb54f7bd698,3cab1673-2522-4dd5-ba07-2a1b88749d86,1.6203,0.02477,0.6179
MD,Phuc Huynh,Quang Duong,0763ffeb-1b1f-41c5-ab37-d17b66e50b50,14d61e81-14d5-4cb3-ae33-d427fbc1b4f6,1.6202,0.06358,0.6089
MD,JW Johnson,Christopher Haworth,bd061b42-2f82-4bbe-82be-d8bcfb37f9e1,a91e2b68-7357-4518-baf9-f59b0b4c2477,1.6195,0.01715,0.6192
MD,Andrei Daescu,Etienne Blaszkewycz,581183e8-3d9e-459e-b69f-7337d8b6f3d2,d3e486f2-7c25-4bcf-b9dd-81c14f644f60,1.6194,0.02043,0.6183
MD,Federico Staksrud,Augustus Ge,7edb882c-6d17-4129-8208-710e3c82364c,ba491f1c-0112-47a8-a348-4695289e958a,1.6171,0.01223,0.6186
MD,Riley Newman,Augustus Ge,05b194b3-db88-4f77-a26f-5ef5cfbf6146,ba491f1c-0112-47a8-a348-4695289e958a,1.617,0.01351,0.6182
MD,Eric Oncins,Roscoe Bellamy,52690a0c-ed4a-4e0b-bf69-4ef416cf7d55,925c1306-6b3b-4510-8482-f34168a0842a,1.616,0.01464,0.6171
MD,Quang Duong,Robert Slutsky,14d61e81-14d5-4cb3-ae33-d427fbc1b4f6,f6fa549d-8a9c-46fd-aeb8-af8a3f0f7a59,1.616,0.04416,0.6098
MD,Andrei Daescu,Pablo Tellez,581183e8-3d9e-459e-b69f-7337d8b6f3d2,52726ab1-2ac9-46c0-be90-6b0e7a2d56eb,1.6159,0.0145,0.6171
MD,Thomas Wilson,Yuta Funemizu,12d79cbe-b5c7-4504-ab8f-f352a6bb8629,ce4f0e14-80ea-4ed0-a81c-7341d356d427,1.6158,0.05465,0.6074
MD,Andrei Daescu,Alex Emery,581183e8-3d9e-459e-b69f-7337d8b6f3d2,5c817399-aea7-481d-9a83-aab7431eabc1,1.6157,0.03596,0.6115
MD,Connor Garnett,Jack Munro,ff38654d-daae-4bad-a1a7-690e4e5706eb,f90428f0-e4a3-4a08-a664-518ba7f188d2,1.6157,0.04815,0.6087
MD,Andrei Daescu,Jaume Martinez Vich,581183e8-3d9e-459e-b69f-7337d8b6f3d2,cc8832b9-9a8f-4cbc-8eff-b20e9a7ff09a,1.6156,0.0126,0.6173
MD,Christian Alshon,Donald Young,79a11da1-6aeb-4719-9b1e-9918e0163cec,aec5d8be-9ce0-4cc5-98a4-140fad555fe0,1.6154,0.01844,0.6156
MD,Hayden Patriquin,Christopher Haworth,fc05556e-3e38-4a38-99c2-f855174a7c28,a91e2b68-7357-4518-baf9-f59b0b4c2477,1.6153,0.01556,0.6162
MD,Phuc Huynh,Noe Khlif,0763ffeb-1b1f-41c5-ab37-d17b66e50b50,1bb8b2c1-ca6f-45ac-afdd-fab7e77d69d4,1.6146,0.04415,0.6088
MD,Thomas Wilson,Armaan Bhatia,12d79cbe-b5c7-4504-ab8f-f352a6bb8629,33292af3-984d-4752-8d18-b3a5c147e9fe,1.614,0.05422,0.6061
MD,Andrei Daescu,Max Freeman,581183e8-3d9e-459e-b69f-7337d8b6f3d2,b03ff4de-9b8f-46a8-a530-d8f19e9d6ec9,1.6137,0.01362,0.6154
MD,Nicolas Acevedo,Will Howells,a000a067-1bf1-442f-a961-e6c97cb50006,d0f19d1e-2a6e-4eb3-b10c-1311edd599a8,1.6137,0.0159,0.6148
MD,Jay Devilliers,Oscar Serra,295e343a-31a0-4e1d-a286-d62592291435,2c2a2b82-9ec7-4046-97cb-3a199ed507af,1.6135,0.02703,0.6118
MD,Christian Alshon,Martin Emmrich,79a11da1-6aeb-4719-9b1e-9918e0163cec,e9849183-4693-4340-abf5-f4b6f3cb226f,1.6133,0.01673,0.6143
MD,Nicolas Acevedo,Bruno Faletto,a000a067-1bf1-442f-a961-e6c97cb50006,34049405-b415-4f3a-aade-5be0111ac7db,1.6132,0.0239,0.6124
MD,Nicolas Acevedo,Vanshik Kapadia,a000a067-1bf1-442f-a961-e6c97cb50006,6866df42-48ad-423c-9e57-d7d4d6fb66ef,1.6132,0.04375,0.6077
MD,Eric Oncins,Anderson Scarpa,52690a0c-ed4a-4e0b-bf69-4ef416cf7d55,fa8d5d28-d8f5-4996-8c35-0f4ca3c35bae,1.6123,0.01654,0.6135
MD,Andrei Daescu,Connor Mogle,581183e8-3d9e-459e-b69f-7337d8b6f3d2,3d9c8684-953f-4008-b355-b6104ee56a5b,1.611,0.01564,0.6127
MD,Christian Alshon,Rafa Hewett,79a11da1-6aeb-4719-9b1e-9918e0163cec,06ba18e0-687b-4aa3-822d-1c86981f576b,1.6108,0.01447,0.6128
MD,Robert Slutsky,Noe Khlif,f6fa549d-8a9c-46fd-aeb8-af8a3f0f7a59,1bb8b2c1-ca6f-45ac-afdd-fab7e77d69d4,1.6104,0.02473,0.6099
MD,Jay Devilliers,George Wall,295e343a-31a0-4e1d-a286-d62592291435,698c5236-e88f-411c-b44f-e54f16b2d6b5,1.6101,0.02719,0.6091
MD,Eric Oncins,Thomas Yu,52690a0c-ed4a-4e0b-bf69-4ef416cf7d55,8c94d7b2-0dce-455e-916f-e35927d53547,1.6093,0.03083,0.6076
MD,Jack Sock,Will Howells,3a43c56f-b9d8-4e72-ae8a-58fd69291946,d0f19d1e-2a6e-4eb3-b10c-1311edd599a8,1.6093,0.01571,0.6113
MD,Jack Sock,Bruno Faletto,3a43c56f-b9d8-4e72-ae8a-58fd69291946,34049405-b415-4f3a-aade-5be0111ac7db,1.6089,0.02371,0.6089
MD,Jack Sock,Vanshik Kapadia,3a43c56f-b9d8-4e72-ae8a-58fd69291946,6866df42-48ad-423c-9e57-d7d4d6fb66ef,1.6089,0.04356,0.6044
MD,Eric Oncins,Joseph Wild,52690a0c-ed4a-4e0b-bf69-4ef416cf7d55,a51b59c5-1a13-4472-821a-eb9866e72adf,1.6084,0.02324,0.6086
MD,Thomas Wilson,Dekel Bar,12d79cbe-b5c7-4504-ab8f-f352a6bb8629,89843e44-48fd-4a3f-b8c0-5f5aa6ae5741,1.6083,0.05242,0.6022
MD,Gabriel Tardio,Christopher Haworth,d50310a6-9378-4228-823f-7fb54f7bd698,a91e2b68-7357-4518-baf9-f59b0b4c2477,1.6075,0.01521,0.61
MD,Jay Devilliers,Hunter Johnson,295e343a-31a0-4e1d-a286-d62592291435,8160ad59-4654-46b1-b229-8d5f2a9a45f9,1.6045,0.01687,0.607
MD,Quang Duong,Connor Garnett,14d61e81-14d5-4cb3-ae33-d427fbc1b4f6,ff38654d-daae-4bad-a1a7-690e4e5706eb,1.6037,0.0321,0.6028
MD,Phuc Huynh,Will Howells,0763ffeb-1b1f-41c5-ab37-d17b66e50b50,d0f19d1e-2a6e-4eb3-b10c-1311edd599a8,1.6035,0.04546,0.5998
MD,Thomas Wilson,CJ Klinger,12d79cbe-b5c7-4504-ab8f-f352a6bb8629,ead35052-7367-4296-96d4-064f546cc2b9,1.6035,0.05176,0.5985
MD,Andrei Daescu,Juan Benitez,581183e8-3d9e-459e-b69f-7337d8b6f3d2,f4c43443-fdff-4344-b291-274cfd26361e,1.6034,0.01953,0.6054
MD,Eric Oncins,Harsh Mehta,52690a0c-ed4a-4e0b-bf69-4ef416cf7d55,c18fb17d-e0bb-415c-901b-fa2f928ab22c,1.6032,0.03171,0.6024
MD,Phuc Huynh,Bruno Faletto,0763ffeb-1b1f-41c5-ab37-d17b66e50b50,34049405-b415-4f3a-aade-5be0111ac7db,1.6031,0.05345,0.5979
MD,Phuc Huynh,Vanshik Kapadia,0763ffeb-1b1f-41c5-ab37-d17b66e50b50,6866df42-48ad-423c-9e57-d7d4d6fb66ef,1.6031,0.0733,0.5943
MD,Quang Duong,Jack Munro,14d61e81-14d5-4cb3-ae33-d427fbc1b4f6,f90428f0-e4a3-4a08-a664-518ba7f188d2,1.6013,0.06661,0.5941
MD,JW Johnson,Mohaned Alhouni,bd061b42-2f82-4bbe-82be-d8bcfb37f9e1,1bab49f1-6891-4d3e-8f77-42aa4fc1d18e,1.601,0.01678,0.6041
MD,Federico Staksrud,Oscar Serra,7edb882c-6d17-4129-8208-710e3c82364c,2c2a2b82-9ec7-4046-97cb-3a199ed507af,1.6006,0.02498,0.6019
MD,Riley Newman,Oscar Serra,05b194b3-db88-4f77-a26f-5ef5cfbf6146,2c2a2b82-9ec7-4046-97cb-3a199ed507af,1.6005,0.02627,0.6015
MD,Eric Oncins,Hien Truong,52690a0c-ed4a-4e0b-bf69-4ef416cf7d55,524b89ad-b76b-40b4-a0db-736bdc7b8adb,1.6001,0.02977,0.6004
MD,Robert Slutsky,Will Howells,f6fa549d-8a9c-46fd-aeb8-af8a3f0f7a59,d0f19d1e-2a6e-4eb3-b10c-1311edd599a8,1.5993,0.02604,0.6006
MD,Robert Slutsky,Bruno Faletto,f6fa549d-8a9c-46fd-aeb8-af8a3f0f7a59,34049405-b415-4f3a-aade-5be0111ac7db,1.5988,0.03403,0.5985
MD,Robert Slutsky,Vanshik Kapadia,f6fa549d-8a9c-46fd-aeb8-af8a3f0f7a59,6866df42-48ad-423c-9e57-d7d4d6fb66ef,1.5988,0.05389,0.5946
MD,Connor Garnett,Noe Khlif,ff38654d-daae-4bad-a1a7-690e4e5706eb,1bb8b2c1-ca6f-45ac-afdd-fab7e77d69d4,1.5981,0.01268,0.6027
MD,Thomas Wilson,Dylan Frazier,12d79cbe-b5c7-4504-ab8f-f352a6bb8629,1de884f8-7bf7-4b49-9de8-3f1fd74cabd6,1.598,0.05263,0.5942
MD,Federico Staksrud,George Wall,7edb882c-6d17-4129-8208-710e3c82364c,698c5236-e88f-411c-b44f-e54f16b2d6b5,1.5973,0.02514,0.5992
MD,Eric Oncins,Etienne Blaszkewycz,52690a0c-ed4a-4e0b-bf69-4ef416cf7d55,d3e486f2-7c25-4bcf-b9dd-81c14f644f60,1.5972,0.02091,0.6001
MD,Riley Newman,George Wall,05b194b3-db88-4f77-a26f-5ef5cfbf6146,698c5236-e88f-411c-b44f-e54f16b2d6b5,1.5972,0.02643,0.5988
MD,Christian Alshon,Tyson McGuffin,79a11da1-6aeb-4719-9b1e-9918e0163cec,dbcb41e9-e983-410b-bc23-d184d034cfc0,1.597,0.01353,0.6015
MD,Hayden Patriquin,Mohaned Alhouni,fc05556e-3e38-4a38-99c2-f855174a7c28,1bab49f1-6891-4d3e-8f77-42aa4fc1d18e,1.5968,0.01519,0.601
MD,Nicolas Acevedo,Yuta Funemizu,a000a067-1bf1-442f-a961-e6c97cb50006,ce4f0e14-80ea-4ed0-a81c-7341d356d427,1.5967,0.01819,0.6003
MD,Noe Khlif,Jack Munro,1bb8b2c1-ca6f-45ac-afdd-fab7e77d69d4,f90428f0-e4a3-4a08-a664-518ba7f188d2,1.5957,0.04718,0.5934
MD,Nicolas Acevedo,Armaan Bhatia,a000a067-1bf1-442f-a961-e6c97cb50006,33292af3-984d-4752-8d18-b3a5c147e9fe,1.595,0.01777,0.5989
MD,Eric Oncins,Pablo Tellez,52690a0c-ed4a-4e0b-bf69-4ef416cf7d55,52726ab1-2ac9-46c0-be90-6b0e7a2d56eb,1.5938,0.01498,0.5986
MD,Jay Devilliers,Roscoe Bellamy,295e343a-31a0-4e1d-a286-d62592291435,925c1306-6b3b-4510-8482-f34168a0842a,1.5938,0.01614,0.5983
MD,Eric Oncins,Alex Emery,52690a0c-ed4a-4e0b-bf69-4ef416cf7d55,5c817399-aea7-481d-9a83-aab7431eabc1,1.5936,0.03643,0.5938
MD,Eric Oncins,Jaume Martinez Vich,52690a0c-ed4a-4e0b-bf69-4ef416cf7d55,cc8832b9-9a8f-4cbc-8eff-b20e9a7ff09a,1.5935,0.01308,0.5987
MD,Jack Sock,Yuta Funemizu,3a43c56f-b9d8-4e72-ae8a-58fd69291946,ce4f0e14-80ea-4ed0-a81c-7341d356d427,1.5924,0.018,0.5967
MD,Federico Staksrud,Hunter Johnson,7edb882c-6d17-4129-8208-710e3c82364c,8160ad59-4654-46b1-b229-8d5f2a9a45f9,1.5916,0.01483,0.5968
MD,Eric Oncins,Max Freeman,52690a0c-ed4a-4e0b-bf69-4ef416cf7d55,b03ff4de-9b8f-46a8-a530-d8f19e9d6ec9,1.5916,0.0141,0.5969
MD,Riley Newman,Hunter Johnson,05b194b3-db88-4f77-a26f-5ef5cfbf6146,8160ad59-4654-46b1-b229-8d5f2a9a45f9,1.5916,0.01611,0.5964
MD,Andrei Daescu,John Lucian Goins,581183e8-3d9e-459e-b69f-7337d8b6f3d2,e96d9339-cfb6-473d-bcb3-23f2887a3e0f,1.5913,0.0165,0.5962
MD,Jack Sock,Armaan Bhatia,3a43c56f-b9d8-4e72-ae8a-58fd69291946,33292af3-984d-4752-8d18-b3a5c147e9fe,1.5906,0.01758,0.5953
MD,Jay Devilliers,Anderson Scarpa,295e343a-31a0-4e1d-a286-d62592291435,fa8d5d28-d8f5-4996-8c35-0f4ca3c35bae,1.59,0.01804,0.5947
MD,Nicolas Acevedo,Dekel Bar,a000a067-1bf1-442f-a961-e6c97cb50006,89843e44-48fd-4a3f-b8c0-5f5aa6ae5741,1.5893,0.01597,0.5946
MD,Gabriel Tardio,Mohaned Alhouni,d50310a6-9378-4228-823f-7fb54f7bd698,1bab49f1-6891-4d3e-8f77-42aa4fc1d18e,1.5891,0.01484,0.5946
MD,Andrei Daescu,Luca Mack,581183e8-3d9e-459e-b69f-7337d8b6f3d2,2aa8ced3-d599-4c83-86dd-ecc80196833b,1.5891,0.0223,0.593
MD,Eric Oncins,Connor Mogle,52690a0c-ed4a-4e0b-bf69-4ef416cf7d55,3d9c8684-953f-4008-b355-b6104ee56a5b,1.5888,0.01612,0.5941
MD,Quang Duong,Noe Khlif,14d61e81-14d5-4cb3-ae33-d427fbc1b4f6,1bb8b2c1-ca6f-45ac-afdd-fab7e77d69d4,1.5874,0.03113,0.5899
MD,Jay Devilliers,Thomas Yu,295e343a-31a0-4e1d-a286-d62592291435,8c94d7b2-0dce-455e-916f-e35927d53547,1.5871,0.03233,0.5894
MD,Connor Garnett,Will Howells,ff38654d-daae-4bad-a1a7-690e4e5706eb,d0f19d1e-2a6e-4eb3-b10c-1311edd599a8,1.587,0.01398,0.5931
MD,Phuc Huynh,Yuta Funemizu,0763ffeb-1b1f-41c5-ab37-d17b66e50b50,ce4f0e14-80ea-4ed0-a81c-7341d356d427,1.5866,0.04775,0.5862
MD,Connor Garnett,Bruno Faletto,ff38654d-daae-4bad-a1a7-690e4e5706eb,34049405-b415-4f3a-aade-5be0111ac7db,1.5866,0.02198,0.591
MD,Connor Garnett,Vanshik Kapadia,ff38654d-daae-4bad-a1a7-690e4e5706eb,6866df42-48ad-423c-9e57-d7d4d6fb66ef,1.5866,0.04183,0.5872
MD,Jay Devilliers,Joseph Wild,295e343a-31a0-4e1d-a286-d62592291435,a51b59c5-1a13-4472-821a-eb9866e72adf,1.5861,0.02474,0.5901
MD,Jack Sock,Dekel Bar,3a43c56f-b9d8-4e72-ae8a-58fd69291946,89843e44-48fd-4a3f-b8c0-5f5aa6ae5741,1.585,0.01578,0.591
MD,Phuc Huynh,Armaan Bhatia,0763ffeb-1b1f-41c5-ab37-d17b66e50b50,33292af3-984d-4752-8d18-b3a5c147e9fe,1.5848,0.04732,0.5849
MD,Thomas Wilson,Augustus Ge,12d79cbe-b5c7-4504-ab8f-f352a6bb8629,ba491f1c-0112-47a8-a348-4695289e958a,1.5848,0.05091,0.5842
MD,Jack Munro,Will Howells,f90428f0-e4a3-4a08-a664-518ba7f188d2,d0f19d1e-2a6e-4eb3-b10c-1311edd599a8,1.5846,0.04849,0.5845
MD,Nicolas Acevedo,CJ Klinger,a000a067-1bf1-442f-a961-e6c97cb50006,ead35052-7367-4296-96d4-064f546cc2b9,1.5844,0.0153,0.5906
MD,Jack Munro,Bruno Faletto,f90428f0-e4a3-4a08-a664-518ba7f188d2,34049405-b415-4f3a-aade-5be0111ac7db,1.5841,0.05648,0.5828
MD,Jack Munro,Vanshik Kapadia,f90428f0-e4a3-4a08-a664-518ba7f188d2,6866df42-48ad-423c-9e57-d7d4d6fb66ef,1.5841,0.07634,0.5797
MD,Andrei Daescu,Donald Young,581183e8-3d9e-459e-b69f-7337d8b6f3d2,aec5d8be-9ce0-4cc5-98a4-140fad555fe0,1.5833,0.01803,0.5891
MD,Christian Alshon,Tama Shimabukuro,79a11da1-6aeb-4719-9b1e-9918e0163cec,4af4d4d1-9f87-4dc7-95f2-b10751d44c15,1.583,0.01252,0.59
MD,Christian Alshon,Patrick Kawka,79a11da1-6aeb-4719-9b1e-9918e0163cec,6876576c-b20e-47e3-99e4-d32759cc9f48,1.5826,0.04671,0.5833
MD,Robert Slutsky,Yuta Funemizu,f6fa549d-8a9c-46fd-aeb8-af8a3f0f7a59,ce4f0e14-80ea-4ed0-a81c-7341d356d427,1.5824,0.02833,0.5863
MD,Eric Oncins,Juan Benitez,52690a0c-ed4a-4e0b-bf69-4ef416cf7d55,f4c43443-fdff-4344-b291-274cfd26361e,1.5813,0.02001,0.587
MD,Andrei Daescu,Martin Emmrich,581183e8-3d9e-459e-b69f-7337d8b6f3d2,e9849183-4693-4340-abf5-f4b6f3cb226f,1.5812,0.01632,0.5877
MD,Federico Staksrud,Roscoe Bellamy,7edb882c-6d17-4129-8208-710e3c82364c,925c1306-6b3b-4510-8482-f34168a0842a,1.581,0.0141,0.588
MD,Jay Devilliers,Harsh Mehta,295e343a-31a0-4e1d-a286-d62592291435,c18fb17d-e0bb-415c-901b-fa2f928ab22c,1.5809,0.03321,0.5842
MD,Riley Newman,Roscoe Bellamy,05b194b3-db88-4f77-a26f-5ef5cfbf6146,925c1306-6b3b-4510-8482-f34168a0842a,1.5809,0.01538,0.5877
MD,Robert Slutsky,Armaan Bhatia,f6fa549d-8a9c-46fd-aeb8-af8a3f0f7a59,33292af3-984d-4752-8d18-b3a5c147e9fe,1.5806,0.0279,0.5849
MD,Jack Sock,CJ Klinger,3a43c56f-b9d8-4e72-ae8a-58fd69291946,ead35052-7367-4296-96d4-064f546cc2b9,1.5801,0.01512,0.5871
MD,Phuc Huynh,Dekel Bar,0763ffeb-1b1f-41c5-ab37-d17b66e50b50,89843e44-48fd-4a3f-b8c0-5f5aa6ae5741,1.5792,0.04552,0.5807
MD,Nicolas Acevedo,Dylan Frazier,a000a067-1bf1-442f-a961-e6c97cb50006,1de884f8-7bf7-4b49-9de8-3f1fd74cabd6,1.579,0.01617,0.5859
MD,Andrei Daescu,Rafa Hewett,581183e8-3d9e-459e-b69f-7337d8b6f3d2,06ba18e0-687b-4aa3-822d-1c86981f576b,1.5787,0.01406,0.5861
MD,Jay Devilliers,Hien Truong,295e343a-31a0-4e1d-a286-d62592291435,524b89ad-b76b-40b4-a0db-736bdc7b8adb,1.5778,0.03127,0.5821
MD,Federico Staksrud,Anderson Scarpa,7edb882c-6d17-4129-8208-710e3c82364c,fa8d5d28-d8f5-4996-8c35-0f4ca3c35bae,1.5772,0.016,0.5844
MD,Riley Newman,Anderson Scarpa,05b194b3-db88-4f77-a26f-5ef5cfbf6146,fa8d5d28-d8f5-4996-8c35-0f4ca3c35bae,1.5771,0.01728,0.5841
MD,Quang Duong,Will Howells,14d61e81-14d5-4cb3-ae33-d427fbc1b4f6,d0f19d1e-2a6e-4eb3-b10c-1311edd599a8,1.5763,0.03244,0.5806
MD,Quang Duong,Bruno Faletto,14d61e81-14d5-4cb3-ae33-d427fbc1b4f6,34049405-b415-4f3a-aade-5be0111ac7db,1.5758,0.04043,0.5789
MD,Quang Duong,Vanshik Kapadia,14d61e81-14d5-4cb3-ae33-d427fbc1b4f6,6866df42-48ad-423c-9e57-d7d4d6fb66ef,1.5758,0.06029,0.5758
MD,Jay Devilliers,Etienne Blaszkewycz,295e343a-31a0-4e1d-a286-d62592291435,d3e486f2-7c25-4bcf-b9dd-81c14f644f60,1.575,0.02241,0.5813
MD,Robert Slutsky,Dekel Bar,f6fa549d-8a9c-46fd-aeb8-af8a3f0f7a59,89843e44-48fd-4a3f-b8c0-5f5aa6ae5741,1.5749,0.0261,0.5806
MD,Jack Sock,Dylan Frazier,3a43c56f-b9d8-4e72-ae8a-58fd69291946,1de884f8-7bf7-4b49-9de8-3f1fd74cabd6,1.5747,0.01599,0.5823
MD,Phuc Huynh,CJ Klinger,0763ffeb-1b1f-41c5-ab37-d17b66e50b50,ead35052-7367-4296-96d4-064f546cc2b9,1.5743,0.04486,0.577
MD,Federico Staksrud,Thomas Yu,7edb882c-6d17-4129-8208-710e3c82364c,8c94d7b2-0dce-455e-916f-e35927d53547,1.5742,0.03029,0.5793
MD,Riley Newman,Thomas Yu,05b194b3-db88-4f77-a26f-5ef5cfbf6146,8c94d7b2-0dce-455e-916f-e35927d53547,1.5742,0.03157,0.579
MD,Christian Alshon,Tristan Dussault,79a11da1-6aeb-4719-9b1e-9918e0163cec,3cab1673-2522-4dd5-ba07-2a1b88749d86,1.5741,0.02521,0.5801
MD,Federico Staksrud,Joseph Wild,7edb882c-6d17-4129-8208-710e3c82364c,a51b59c5-1a13-4472-821a-eb9866e72adf,1.5733,0.02269,0.5799
MD,Riley Newman,Joseph Wild,05b194b3-db88-4f77-a26f-5ef5cfbf6146,a51b59c5-1a13-4472-821a-eb9866e72adf,1.5732,0.02398,0.5796
MD,Ben Johns,Oliver Frank,6f862c1d-1317-4fe7-bdcd-64caa0dbb088,e21cb6e0-aabb-43b2-a112-c0a0a59081bf,1.5729,0.03712,0.5771
MD,Noe Khlif,Will Howells,1bb8b2c1-ca6f-45ac-afdd-fab7e77d69d4,d0f19d1e-2a6e-4eb3-b10c-1311edd599a8,1.5725,0.01301,0.581
MD,Noe Khlif,Bruno Faletto,1bb8b2c1-ca6f-45ac-afdd-fab7e77d69d4,34049405-b415-4f3a-aade-5be0111ac7db,1.572,0.02101,0.5791
MD,Noe Khlif,Vanshik Kapadia,1bb8b2c1-ca6f-45ac-afdd-fab7e77d69d4,6866df42-48ad-423c-9e57-d7d4d6fb66ef,1.572,0.04086,0.5758
MD,Jay Devilliers,Pablo Tellez,295e343a-31a0-4e1d-a286-d62592291435,52726ab1-2ac9-46c0-be90-6b0e7a2d56eb,1.5716,0.01648,0.5796
MD,Jay Devilliers,Alex Emery,295e343a-31a0-4e1d-a286-d62592291435,5c817399-aea7-481d-9a83-aab7431eabc1,1.5713,0.03793,0.5757
MD,Jay Devilliers,Jaume Martinez Vich,295e343a-31a0-4e1d-a286-d62592291435,cc8832b9-9a8f-4cbc-8eff-b20e9a7ff09a,1.5712,0.01458,0.5796
MD,Connor Garnett,Yuta Funemizu,ff38654d-daae-4bad-a1a7-690e4e5706eb,ce4f0e14-80ea-4ed0-a81c-7341d356d427,1.5701,0.01627,0.5784
MD,Robert Slutsky,CJ Klinger,f6fa549d-8a9c-46fd-aeb8-af8a3f0f7a59,ead35052-7367-4296-96d4-064f546cc2b9,1.5701,0.02544,0.5767
MD,Jay Devilliers,Max Freeman,295e343a-31a0-4e1d-a286-d62592291435,b03ff4de-9b8f-46a8-a530-d8f19e9d6ec9,1.5693,0.0156,0.5779
MD,Eric Oncins,John Lucian Goins,52690a0c-ed4a-4e0b-bf69-4ef416cf7d55,e96d9339-cfb6-473d-bcb3-23f2887a3e0f,1.5692,0.01698,0.5775
MD,Phuc Huynh,Dylan Frazier,0763ffeb-1b1f-41c5-ab37-d17b66e50b50,1de884f8-7bf7-4b49-9de8-3f1fd74cabd6,1.5689,0.04573,0.5725
MD,Thomas Wilson,Oscar Serra,12d79cbe-b5c7-4504-ab8f-f352a6bb8629,2c2a2b82-9ec7-4046-97cb-3a199ed507af,1.5684,0.06367,0.5696
MD,Connor Garnett,Armaan Bhatia,ff38654d-daae-4bad-a1a7-690e4e5706eb,33292af3-984d-4752-8d18-b3a5c147e9fe,1.5683,0.01585,0.577
MD,Federico Staksrud,Harsh Mehta,7edb882c-6d17-4129-8208-710e3c82364c,c18fb17d-e0bb-415c-901b-fa2f928ab22c,1.5681,0.03116,0.5742
MD,Riley Newman,Harsh Mehta,05b194b3-db88-4f77-a26f-5ef5cfbf6146,c18fb17d-e0bb-415c-901b-fa2f928ab22c,1.568,0.03245,0.5739
MD,Jack Munro,Yuta Funemizu,f90428f0-e4a3-4a08-a664-518ba7f188d2,ce4f0e14-80ea-4ed0-a81c-7341d356d427,1.5677,0.05078,0.5708
MD,Eric Oncins,Luca Mack,52690a0c-ed4a-4e0b-bf69-4ef416cf7d55,2aa8ced3-d599-4c83-86dd-ecc80196833b,1.567,0.02278,0.5746
MD,Jay Devilliers,Connor Mogle,295e343a-31a0-4e1d-a286-d62592291435,3d9c8684-953f-4008-b355-b6104ee56a5b,1.5666,0.01762,0.5752
MD,Jack Munro,Armaan Bhatia,f90428f0-e4a3-4a08-a664-518ba7f188d2,33292af3-984d-4752-8d18-b3a5c147e9fe,1.5659,0.05036,0.5695
MD,Nicolas Acevedo,Augustus Ge,a000a067-1bf1-442f-a961-e6c97cb50006,ba491f1c-0112-47a8-a348-4695289e958a,1.5658,0.01446,0.575
MD,Ben Johns,Grayson Goldin,6f862c1d-1317-4fe7-bdcd-64caa0dbb088,43df1205-e834-4427-9f1a-4e173bf93296,1.5653,0.02289,0.5732
MD,Federico Staksrud,Hien Truong,7edb882c-6d17-4129-8208-710e3c82364c,524b89ad-b76b-40b4-a0db-736bdc7b8adb,1.565,0.02922,0.5719
MD,Thomas Wilson,George Wall,12d79cbe-b5c7-4504-ab8f-f352a6bb8629,698c5236-e88f-411c-b44f-e54f16b2d6b5,1.565,0.06383,0.567
MD,Riley Newman,Hien Truong,05b194b3-db88-4f77-a26f-5ef5cfbf6146,524b89ad-b76b-40b4-a0db-736bdc7b8adb,1.5649,0.03051,0.5717
MD,Andrei Daescu,Tyson McGuffin,581183e8-3d9e-459e-b69f-7337d8b6f3d2,dbcb41e9-e983-410b-bc23-d184d034cfc0,1.5648,0.01312,0.5745
MD,Robert Slutsky,Dylan Frazier,f6fa549d-8a9c-46fd-aeb8-af8a3f0f7a59,1de884f8-7bf7-4b49-9de8-3f1fd74cabd6,1.5646,0.02631,0.5721
MD,Will Howells,Bruno Faletto,d0f19d1e-2a6e-4eb3-b10c-1311edd599a8,34049405-b415-4f3a-aade-5be0111ac7db,1.5643,0.02231,0.5725
MD,Will Howells,Vanshik Kapadia,d0f19d1e-2a6e-4eb3-b10c-1311edd599a8,6866df42-48ad-423c-9e57-d7d4d6fb66ef,1.5643,0.04216,0.5694
MD,Bruno Faletto,Vanshik Kapadia,34049405-b415-4f3a-aade-5be0111ac7db,6866df42-48ad-423c-9e57-d7d4d6fb66ef,1.564,0.05016,0.568
MD,Connor Garnett,Dekel Bar,ff38654d-daae-4bad-a1a7-690e4e5706eb,89843e44-48fd-4a3f-b8c0-5f5aa6ae5741,1.5627,0.01405,0.5725
MD,Federico Staksrud,Etienne Blaszkewycz,7edb882c-6d17-4129-8208-710e3c82364c,d3e486f2-7c25-4bcf-b9dd-81c14f644f60,1.5622,0.02037,0.571
MD,Riley Newman,Etienne Blaszkewycz,05b194b3-db88-4f77-a26f-5ef5cfbf6146,d3e486f2-7c25-4bcf-b9dd-81c14f644f60,1.5621,0.02165,0.5707
MD,Christian Alshon,Christopher Haworth,79a11da1-6aeb-4719-9b1e-9918e0163cec,a91e2b68-7357-4518-baf9-f59b0b4c2477,1.5614,0.01566,0.5711
MD,Jack Sock,Augustus Ge,3a43c56f-b9d8-4e72-ae8a-58fd69291946,ba491f1c-0112-47a8-a348-4695289e958a,1.5614,0.01427,0.5714
MD,Eric Oncins,Donald Young,52690a0c-ed4a-4e0b-bf69-4ef416cf7d55,aec5d8be-9ce0-4cc5-98a4-140fad555fe0,1.5612,0.01851,0.5705
MD,Jack Munro,Dekel Bar,f90428f0-e4a3-4a08-a664-518ba7f188d2,89843e44-48fd-4a3f-b8c0-5f5aa6ae5741,1.5602,0.04856,0.5653
MD,Thomas Wilson,Hunter Johnson,12d79cbe-b5c7-4504-ab8f-f352a6bb8629,8160ad59-4654-46b1-b229-8d5f2a9a45f9,1.5594,0.05352,0.564
MD,Quang Duong,Yuta Funemizu,14d61e81-14d5-4cb3-ae33-d427fbc1b4f6,ce4f0e14-80ea-4ed0-a81c-7341d356d427,1.5594,0.03473,0.5665
MD,Eric Oncins,Martin Emmrich,52690a0c-ed4a-4e0b-bf69-4ef416cf7d55,e9849183-4693-4340-abf5-f4b6f3cb226f,1.559,0.0168,0.5689
MD,Jay Devilliers,Juan Benitez,295e343a-31a0-4e1d-a286-d62592291435,f4c43443-fdff-4344-b291-274cfd26361e,1.559,0.02151,0.5682
MD,Federico Staksrud,Pablo Tellez,7edb882c-6d17-4129-8208-710e3c82364c,52726ab1-2ac9-46c0-be90-6b0e7a2d56eb,1.5588,0.01443,0.5691
MD,Riley Newman,Pablo Tellez,05b194b3-db88-4f77-a26f-5ef5cfbf6146,52726ab1-2ac9-46c0-be90-6b0e7a2d56eb,1.5587,0.01572,0.5688
MD,Federico Staksrud,Alex Emery,7edb882c-6d17-4129-8208-710e3c82364c,5c817399-aea7-481d-9a83-aab7431eabc1,1.5585,0.03589,0.5656
MD,Federico Staksrud,Jaume Martinez Vich,7edb882c-6d17-4129-8208-710e3c82364c,cc8832b9-9a8f-4cbc-8eff-b20e9a7ff09a,1.5584,0.01253,0.5691
MD,Riley Newman,Alex Emery,05b194b3-db88-4f77-a26f-5ef5cfbf6146,5c817399-aea7-481d-9a83-aab7431eabc1,1.5584,0.03717,0.5654
MD,Riley Newman,Jaume Martinez Vich,05b194b3-db88-4f77-a26f-5ef5cfbf6146,cc8832b9-9a8f-4cbc-8eff-b20e9a7ff09a,1.5583,0.01382,0.5688
MD,Connor Garnett,CJ Klinger,ff38654d-daae-4bad-a1a7-690e4e5706eb,ead35052-7367-4296-96d4-064f546cc2b9,1.5578,0.01338,0.5684
MD,Quang Duong,Armaan Bhatia,14d61e81-14d5-4cb3-ae33-d427fbc1b4f6,33292af3-984d-4752-8d18-b3a5c147e9fe,1.5576,0.03431,0.5651
MD,Federico Staksrud,Max Freeman,7edb882c-6d17-4129-8208-710e3c82364c,b03ff4de-9b8f-46a8-a530-d8f19e9d6ec9,1.5565,0.01355,0.5673
MD,Eric Oncins,Rafa Hewett,52690a0c-ed4a-4e0b-bf69-4ef416cf7d55,06ba18e0-687b-4aa3-822d-1c86981f576b,1.5565,0.01454,0.5672
MD,Riley Newman,Max Freeman,05b194b3-db88-4f77-a26f-5ef5cfbf6146,b03ff4de-9b8f-46a8-a530-d8f19e9d6ec9,1.5564,0.01484,0.567
MD,Phuc Huynh,Augustus Ge,0763ffeb-1b1f-41c5-ab37-d17b66e50b50,ba491f1c-0112-47a8-a348-4695289e958a,1.5556,0.04401,0.5622
MD,Noe Khlif,Yuta Funemizu,1bb8b2c1-ca6f-45ac-afdd-fab7e77d69d4,ce4f0e14-80ea-4ed0-a81c-7341d356d427,1.5556,0.0153,0.5662
MD,Jack Munro,CJ Klinger,f90428f0-e4a3-4a08-a664-518ba7f188d2,ead35052-7367-4296-96d4-064f546cc2b9,1.5554,0.04789,0.5615
MD,Federico Staksrud,Connor Mogle,7edb882c-6d17-4129-8208-710e3c82364c,3d9c8684-953f-4008-b355-b6104ee56a5b,1.5538,0.01558,0.5647
MD,Noe Khlif,Armaan Bhatia,1bb8b2c1-ca6f-45ac-afdd-fab7e77d69d4,33292af3-984d-4752-8d18-b3a5c147e9fe,1.5538,0.01488,0.5648
MD,Riley Newman,Connor Mogle,05b194b3-db88-4f77-a26f-5ef5cfbf6146,3d9c8684-953f-4008-b355-b6104ee56a5b,1.5537,0.01686,0.5644
MD,Connor Garnett,Dylan Frazier,ff38654d-daae-4bad-a1a7-690e4e5706eb,1de884f8-7bf7-4b49-9de8-3f1fd74cabd6,1.5524,0.01425,0.5637
MD,Quang Duong,Dekel Bar,14d61e81-14d5-4cb3-ae33-d427fbc1b4f6,89843e44-48fd-4a3f-b8c0-5f5aa6ae5741,1.552,0.03251,0.5607
MD,Ben Johns,Hoang Nam Ly,6f862c1d-1317-4fe7-bdcd-64caa0dbb088,f1151ea2-759d-4d9f-a5b9-5ccd966dc3ca,1.5515,0.02477,0.5615
MD,Robert Slutsky,Augustus Ge,f6fa549d-8a9c-46fd-aeb8-af8a3f0f7a59,ba491f1c-0112-47a8-a348-4695289e958a,1.5514,0.02459,0.5614
MD,Andrei Daescu,Tama Shimabukuro,581183e8-3d9e-459e-b69f-7337d8b6f3d2,4af4d4d1-9f87-4dc7-95f2-b10751d44c15,1.5509,0.01211,0.5627
MD,Andrei Daescu,Patrick Kawka,581183e8-3d9e-459e-b69f-7337d8b6f3d2,6876576c-b20e-47e3-99e4-d32759cc9f48,1.5505,0.0463,0.5579
MD,Jack Munro,Dylan Frazier,f90428f0-e4a3-4a08-a664-518ba7f188d2,1de884f8-7bf7-4b49-9de8-3f1fd74cabd6,1.5499,0.04876,0.5571
MD,JW Johnson,Oliver Frank,bd061b42-2f82-4bbe-82be-d8bcfb37f9e1,e21cb6e0-aabb-43b2-a112-c0a0a59081bf,1.5497,0.03876,0.5581
MD,Nicolas Acevedo,Oscar Serra,a000a067-1bf1-442f-a961-e6c97cb50006,2c2a2b82-9ec7-4046-97cb-3a199ed507af,1.5493,0.02721,0.5593
MD,Thomas Wilson,Roscoe Bellamy,12d79cbe-b5c7-4504-ab8f-f352a6bb8629,925c1306-6b3b-4510-8482-f34168a0842a,1.5487,0.05279,0.5557
MD,Noe Khlif,Dekel Bar,1bb8b2c1-ca6f-45ac-afdd-fab7e77d69d4,89843e44-48fd-4a3f-b8c0-5f5aa6ae5741,1.5481,0.01308,0.5602
MD,Will Howells,Yuta Funemizu,d0f19d1e-2a6e-4eb3-b10c-1311edd599a8,ce4f0e14-80ea-4ed0-a81c-7341d356d427,1.5479,0.0166,0.5595
MD,Bruno Faletto,Yuta Funemizu,34049405-b415-4f3a-aade-5be0111ac7db,ce4f0e14-80ea-4ed0-a81c-7341d356d427,1.5476,0.0246,0.5582
MD,Vanshik Kapadia,Yuta Funemizu,6866df42-48ad-423c-9e57-d7d4d6fb66ef,ce4f0e14-80ea-4ed0-a81c-7341d356d427,1.5476,0.04445,0.5557
MD,Quang Duong,CJ Klinger,14d61e81-14d5-4cb3-ae33-d427fbc1b4f6,ead35052-7367-4296-96d4-064f546cc2b9,1.5471,0.03184,0.5569
MD,Jay Devilliers,John Lucian Goins,295e343a-31a0-4e1d-a286-d62592291435,e96d9339-cfb6-473d-bcb3-23f2887a3e0f,1.547,0.01848,0.5585
MD,Federico Staksrud,Juan Benitez,7edb882c-6d17-4129-8208-710e3c82364c,f4c43443-fdff-4344-b291-274cfd26361e,1.5462,0.01946,0.5577
MD,Riley Newman,Juan Benitez,05b194b3-db88-4f77-a26f-5ef5cfbf6146,f4c43443-fdff-4344-b291-274cfd26361e,1.5461,0.02075,0.5575
MD,Will Howells,Armaan Bhatia,d0f19d1e-2a6e-4eb3-b10c-1311edd599a8,33292af3-984d-4752-8d18-b3a5c147e9fe,1.5461,0.01618,0.5581
MD,Nicolas Acevedo,George Wall,a000a067-1bf1-442f-a961-e6c97cb50006,698c5236-e88f-411c-b44f-e54f16b2d6b5,1.546,0.02737,0.5565
MD,Bruno Faletto,Armaan Bhatia,34049405-b415-4f3a-aade-5be0111ac7db,33292af3-984d-4752-8d18-b3a5c147e9fe,1.5458,0.02418,0.5567
MD,Vanshik Kapadia,Armaan Bhatia,6866df42-48ad-423c-9e57-d7d4d6fb66ef,33292af3-984d-4752-8d18-b3a5c147e9fe,1.5458,0.04403,0.5543
MD,Hayden Patriquin,Oliver Frank,fc05556e-3e38-4a38-99c2-f855174a7c28,e21cb6e0-aabb-43b2-a112-c0a0a59081bf,1.5455,0.03716,0.5549
MD,Jack Sock,Oscar Serra,3a43c56f-b9d8-4e72-ae8a-58fd69291946,2c2a2b82-9ec7-4046-97cb-3a199ed507af,1.545,0.02703,0.5557
MD,Thomas Wilson,Anderson Scarpa,12d79cbe-b5c7-4504-ab8f-f352a6bb8629,fa8d5d28-d8f5-4996-8c35-0f4ca3c35bae,1.5449,0.05469,0.5525
MD,Jay Devilliers,Luca Mack,295e343a-31a0-4e1d-a286-d62592291435,2aa8ced3-d599-4c83-86dd-ecc80196833b,1.5447,0.02428,0.5558
MD,Noe Khlif,CJ Klinger,1bb8b2c1-ca6f-45ac-afdd-fab7e77d69d4,ead35052-7367-4296-96d4-064f546cc2b9,1.5433,0.01241,0.5562
MD,Christian Alshon,Mohaned Alhouni,79a11da1-6aeb-4719-9b1e-9918e0163cec,1bab49f1-6891-4d3e-8f77-42aa4fc1d18e,1.5429,0.01529,0.5555
MD,Eric Oncins,Tyson McGuffin,52690a0c-ed4a-4e0b-bf69-4ef416cf7d55,dbcb41e9-e983-410b-bc23-d184d034cfc0,1.5427,0.0136,0.5555
MD,JW Johnson,Grayson Goldin,bd061b42-2f82-4bbe-82be-d8bcfb37f9e1,43df1205-e834-4427-9f1a-4e173bf93296,1.542,0.02454,0.5535
MD,Andrei Daescu,Tristan Dussault,581183e8-3d9e-459e-b69f-7337d8b6f3d2,3cab1673-2522-4dd5-ba07-2a1b88749d86,1.542,0.0248,0.5535
MD,Thomas Wilson,Thomas Yu,12d79cbe-b5c7-4504-ab8f-f352a6bb8629,8c94d7b2-0dce-455e-916f-e35927d53547,1.542,0.06898,0.5488
MD,Jack Sock,George Wall,3a43c56f-b9d8-4e72-ae8a-58fd69291946,698c5236-e88f-411c-b44f-e54f16b2d6b5,1.5417,0.02719,0.5529
MD,Quang Duong,Dylan Frazier,14d61e81-14d5-4cb3-ae33-d427fbc1b4f6,1de884f8-7bf7-4b49-9de8-3f1fd74cabd6,1.5417,0.03271,0.5523
MD,Thomas Wilson,Joseph Wild,12d79cbe-b5c7-4504-ab8f-f352a6bb8629,a51b59c5-1a13-4472-821a-eb9866e72adf,1.541,0.06138,0.5488
MD,Will Howells,Dekel Bar,d0f19d1e-2a6e-4eb3-b10c-1311edd599a8,89843e44-48fd-4a3f-b8c0-5f5aa6ae5741,1.5404,0.01438,0.5535
MD,Nicolas Acevedo,Hunter Johnson,a000a067-1bf1-442f-a961-e6c97cb50006,8160ad59-4654-46b1-b229-8d5f2a9a45f9,1.5403,0.01706,0.553
MD,Bruno Faletto,Dekel Bar,34049405-b415-4f3a-aade-5be0111ac7db,89843e44-48fd-4a3f-b8c0-5f5aa6ae5741,1.5401,0.02238,0.5522
MD,Vanshik Kapadia,Dekel Bar,6866df42-48ad-423c-9e57-d7d4d6fb66ef,89843e44-48fd-4a3f-b8c0-5f5aa6ae5741,1.5401,0.04223,0.55
MD,Phuc Huynh,Oscar Serra,0763ffeb-1b1f-41c5-ab37-d17b66e50b50,2c2a2b82-9ec7-4046-97cb-3a199ed507af,1.5392,0.05677,0.5478
MD,Connor Garnett,Augustus Ge,ff38654d-daae-4bad-a1a7-690e4e5706eb,ba491f1c-0112-47a8-a348-4695289e958a,1.5391,0.01254,0.5526
MD,Jay Devilliers,Donald Young,295e343a-31a0-4e1d-a286-d62592291435,aec5d8be-9ce0-4cc5-98a4-140fad555fe0,1.5389,0.02001,0.5515
MD,Hayden Patriquin,Grayson Goldin,fc05556e-3e38-4a38-99c2-f855174a7c28,43df1205-e834-4427-9f1a-4e173bf93296,1.5378,0.02294,0.5502
MD,Noe Khlif,Dylan Frazier,1bb8b2c1-ca6f-45ac-afdd-fab7e77d69d4,1de884f8-7bf7-4b49-9de8-3f1fd74cabd6,1.5378,0.01328,0.5514
MD,Gabriel Tardio,Oliver Frank,d50310a6-9378-4228-823f-7fb54f7bd698,e21cb6e0-aabb-43b2-a112-c0a0a59081bf,1.5377,0.03682,0.5486
MD,Jay Devilliers,Martin Emmrich,295e343a-31a0-4e1d-a286-d62592291435,e9849183-4693-4340-abf5-f4b6f3cb226f,1.5368,0.0183,0.5499
MD,Jack Munro,Augustus Ge,f90428f0-e4a3-4a08-a664-518ba7f188d2,ba491f1c-0112-47a8-a348-4695289e958a,1.5367,0.04705,0.5468
MD,Jack Sock,Hunter Johnson,3a43c56f-b9d8-4e72-ae8a-58fd69291946,8160ad59-4654-46b1-b229-8d5f2a9a45f9,1.536,0.01687,0.5494
MD,Phuc Huynh,George Wall,0763ffeb-1b1f-41c5-ab37-d17b66e50b50,698c5236-e88f-411c-b44f-e54f16b2d6b5,1.5359,0.05693,0.5452
MD,Thomas Wilson,Harsh Mehta,12d79cbe-b5c7-4504-ab8f-f352a6bb8629,c18fb17d-e0bb-415c-901b-fa2f928ab22c,1.5358,0.06985,0.5441
MD,Will Howells,CJ Klinger,d0f19d1e-2a6e-4eb3-b10c-1311edd599a8,ead35052-7367-4296-96d4-064f546cc2b9,1.5356,0.01372,0.5494
MD,Bruno Faletto,CJ Klinger,34049405-b415-4f3a-aade-5be0111ac7db,ead35052-7367-4296-96d4-064f546cc2b9,1.5353,0.02171,0.5482
MD,Vanshik Kapadia,CJ Klinger,6866df42-48ad-423c-9e57-d7d4d6fb66ef,ead35052-7367-4296-96d4-064f546cc2b9,1.5353,0.04157,0.5461
MD,Robert Slutsky,Oscar Serra,f6fa549d-8a9c-46fd-aeb8-af8a3f0f7a59,2c2a2b82-9ec7-4046-97cb-3a199ed507af,1.5349,0.03735,0.5463
MD,Armaan Bhatia,Yuta Funemizu,33292af3-984d-4752-8d18-b3a5c147e9fe,ce4f0e14-80ea-4ed0-a81c-7341d356d427,1.5344,0.01847,0.5478
MD,Jay Devilliers,Rafa Hewett,295e343a-31a0-4e1d-a286-d62592291435,06ba18e0-687b-4aa3-822d-1c86981f576b,1.5343,0.01604,0.548
MD,Federico Staksrud,John Lucian Goins,7edb882c-6d17-4129-8208-710e3c82364c,e96d9339-cfb6-473d-bcb3-23f2887a3e0f,1.5341,0.01643,0.5478
MD,Riley Newman,John Lucian Goins,05b194b3-db88-4f77-a26f-5ef5cfbf6146,e96d9339-cfb6-473d-bcb3-23f2887a3e0f,1.5341,0.01772,0.5476
MD,Thomas Wilson,Hien Truong,12d79cbe-b5c7-4504-ab8f-f352a6bb8629,524b89ad-b76b-40b4-a0db-736bdc7b8adb,1.5327,0.06791,0.5419
MD,Federico Staksrud,Luca Mack,7edb882c-6d17-4129-8208-710e3c82364c,2aa8ced3-d599-4c83-86dd-ecc80196833b,1.5319,0.02224,0.5453
MD,Riley Newman,Luca Mack,05b194b3-db88-4f77-a26f-5ef5cfbf6146,2aa8ced3-d599-4c83-86dd-ecc80196833b,1.5318,0.02352,0.5451
MD,Robert Slutsky,George Wall,f6fa549d-8a9c-46fd-aeb8-af8a3f0f7a59,698c5236-e88f-411c-b44f-e54f16b2d6b5,1.5316,0.03751,0.5436
MD,Phuc Huynh,Hunter Johnson,0763ffeb-1b1f-41c5-ab37-d17b66e50b50,8160ad59-4654-46b1-b229-8d5f2a9a45f9,1.5302,0.04662,0.5416
MD,Will Howells,Dylan Frazier,d0f19d1e-2a6e-4eb3-b10c-1311edd599a8,1de884f8-7bf7-4b49-9de8-3f1fd74cabd6,1.5301,0.01459,0.5446
MD,Gabriel Tardio,Grayson Goldin,d50310a6-9378-4228-823f-7fb54f7bd698,43df1205-e834-4427-9f1a-4e173bf93296,1.53,0.0226,0.5437
MD,Thomas Wilson,Etienne Blaszkewycz,12d79cbe-b5c7-4504-ab8f-f352a6bb8629,d3e486f2-7c25-4bcf-b9dd-81c14f644f60,1.5299,0.05905,0.5403
MD,Bruno Faletto,Dylan Frazier,34049405-b415-4f3a-aade-5be0111ac7db,1de884f8-7bf7-4b49-9de8-3f1fd74cabd6,1.5298,0.02258,0.5435
MD,Dylan Frazier,Vanshik Kapadia,1de884f8-7bf7-4b49-9de8-3f1fd74cabd6,6866df42-48ad-423c-9e57-d7d4d6fb66ef,1.5298,0.04244,0.5416
MD,Nicolas Acevedo,Roscoe Bellamy,a000a067-1bf1-442f-a961-e6c97cb50006,925c1306-6b3b-4510-8482-f34168a0842a,1.5297,0.01633,0.544
MD,Andrei Daescu,Christopher Haworth,581183e8-3d9e-459e-b69f-7337d8b6f3d2,a91e2b68-7357-4518-baf9-f59b0b4c2477,1.5292,0.01524,0.5438
MD,Eric Oncins,Tama Shimabukuro,52690a0c-ed4a-4e0b-bf69-4ef416cf7d55,4af4d4d1-9f87-4dc7-95f2-b10751d44c15,1.5287,0.01259,0.5436
MD,Yuta Funemizu,Dekel Bar,ce4f0e14-80ea-4ed0-a81c-7341d356d427,89843e44-48fd-4a3f-b8c0-5f5aa6ae5741,1.5287,0.01667,0.5432
MD,Eric Oncins,Patrick Kawka,52690a0c-ed4a-4e0b-bf69-4ef416cf7d55,6876576c-b20e-47e3-99e4-d32759cc9f48,1.5284,0.04678,0.5401
MD,Quang Duong,Augustus Ge,14d61e81-14d5-4cb3-ae33-d427fbc1b4f6,ba491f1c-0112-47a8-a348-4695289e958a,1.5284,0.031,0.5415
MD,JW Johnson,Hoang Nam Ly,bd061b42-2f82-4bbe-82be-d8bcfb37f9e1,f1151ea2-759d-4d9f-a5b9-5ccd966dc3ca,1.5282,0.02641,0.5418
MD,Armaan Bhatia,Dekel Bar,33292af3-984d-4752-8d18-b3a5c147e9fe,89843e44-48fd-4a3f-b8c0-5f5aa6ae5741,1.5275,0.01625,0.5422
MD,Thomas Wilson,Pablo Tellez,12d79cbe-b5c7-4504-ab8f-f352a6bb8629,52726ab1-2ac9-46c0-be90-6b0e7a2d56eb,1.5265,0.05312,0.5381
MD,Thomas Wilson,Alex Emery,12d79cbe-b5c7-4504-ab8f-f352a6bb8629,5c817399-aea7-481d-9a83-aab7431eabc1,1.5262,0.07458,0.5364
MD,Federico Staksrud,Donald Young,7edb882c-6d17-4129-8208-710e3c82364c,aec5d8be-9ce0-4cc5-98a4-140fad555fe0,1.5261,0.01796,0.5408
MD,Thomas Wilson,Jaume Martinez Vich,12d79cbe-b5c7-4504-ab8f-f352a6bb8629,cc8832b9-9a8f-4cbc-8eff-b20e9a7ff09a,1.5261,0.05122,0.538
MD,Riley Newman,Donald Young,05b194b3-db88-4f77-a26f-5ef5cfbf6146,aec5d8be-9ce0-4cc5-98a4-140fad555fe0,1.526,0.01925,0.5406
MD,Nicolas Acevedo,Anderson Scarpa,a000a067-1bf1-442f-a961-e6c97cb50006,fa8d5d28-d8f5-4996-8c35-0f4ca3c35bae,1.5259,0.01823,0.5406
MD,Robert Slutsky,Hunter Johnson,f6fa549d-8a9c-46fd-aeb8-af8a3f0f7a59,8160ad59-4654-46b1-b229-8d5f2a9a45f9,1.5259,0.0272,0.5398
MD,Jack Sock,Roscoe Bellamy,3a43c56f-b9d8-4e72-ae8a-58fd69291946,925c1306-6b3b-4510-8482-f34168a0842a,1.5253,0.01614,0.5403
MD,Noe Khlif,Augustus Ge,1bb8b2c1-ca6f-45ac-afdd-fab7e77d69d4,ba491f1c-0112-47a8-a348-4695289e958a,1.5246,0.01157,0.5401
MD,Thomas Wilson,Max Freeman,12d79cbe-b5c7-4504-ab8f-f352a6bb8629,b03ff4de-9b8f-46a8-a530-d8f19e9d6ec9,1.5242,0.05224,0.5364
MD,Hayden Patriquin,Hoang Nam Ly,fc05556e-3e38-4a38-99c2-f855174a7c28,f1151ea2-759d-4d9f-a5b9-5ccd966dc3ca,1.5241,0.02482,0.5385
MD,Federico Staksrud,Martin Emmrich,7edb882c-6d17-4129-8208-710e3c82364c,e9849183-4693-4340-abf5-f4b6f3cb226f,1.524,0.01625,0.5391
MD,Riley Newman,Martin Emmrich,05b194b3-db88-4f77-a26f-5ef5cfbf6146,e9849183-4693-4340-abf5-f4b6f3cb226f,1.5239,0.01754,0.5389
MD,Yuta Funemizu,CJ Klinger,ce4f0e14-80ea-4ed0-a81c-7341d356d427,ead35052-7367-4296-96d4-064f546cc2b9,1.5239,0.01601,0.5391
MD,Nicolas Acevedo,Thomas Yu,a000a067-1bf1-442f-a961-e6c97cb50006,8c94d7b2-0dce-455e-916f-e35927d53547,1.5229,0.03252,0.5369
MD,Connor Garnett,Oscar Serra,ff38654d-daae-4bad-a1a7-690e4e5706eb,2c2a2b82-9ec7-4046-97cb-3a199ed507af,1.5227,0.02529,0.5373
MD,Armaan Bhatia,CJ Klinger,33292af3-984d-4752-8d18-b3a5c147e9fe,ead35052-7367-4296-96d4-064f546cc2b9,1.5227,0.01559,0.5381
MD,Nicolas Acevedo,Joseph Wild,a000a067-1bf1-442f-a961-e6c97cb50006,a51b59c5-1a13-4472-821a-eb9866e72adf,1.522,0.02492,0.5367
MD,Jack Sock,Anderson Scarpa,3a43c56f-b9d8-4e72-ae8a-58fd69291946,fa8d5d28-d8f5-4996-8c35-0f4ca3c35bae,1.5216,0.01804,0.5369
MD,Federico Staksrud,Rafa Hewett,7edb882c-6d17-4129-8208-710e3c82364c,06ba18e0-687b-4aa3-822d-1c86981f576b,1.5215,0.01399,0.5372
MD,Thomas Wilson,Connor Mogle,12d79cbe-b5c7-4504-ab8f-f352a6bb8629,3d9c8684-953f-4008-b355-b6104ee56a5b,1.5215,0.05426,0.5341
MD,Riley Newman,Rafa Hewett,05b194b3-db88-4f77-a26f-5ef5cfbf6146,06ba18e0-687b-4aa3-822d-1c86981f576b,1.5214,0.01528,0.537
MD,Jay Devilliers,Tyson McGuffin,295e343a-31a0-4e1d-a286-d62592291435,dbcb41e9-e983-410b-bc23-d184d034cfc0,1.5205,0.0151,0.5362
MD,Jack Munro,Oscar Serra,f90428f0-e4a3-4a08-a664-518ba7f188d2,2c2a2b82-9ec7-4046-97cb-3a199ed507af,1.5202,0.0598,0.5328
MD,Eric Oncins,Tristan Dussault,52690a0c-ed4a-4e0b-bf69-4ef416cf7d55,3cab1673-2522-4dd5-ba07-2a1b88749d86,1.5199,0.02528,0.5349
MD,Phuc Huynh,Roscoe Bellamy,0763ffeb-1b1f-41c5-ab37-d17b66e50b50,925c1306-6b3b-4510-8482-f34168a0842a,1.5195,0.04588,0.5331
MD,Connor Garnett,George Wall,ff38654d-daae-4bad-a1a7-690e4e5706eb,698c5236-e88f-411c-b44f-e54f16b2d6b5,1.5194,0.02546,0.5345
MD,Dekel Bar,CJ Klinger,89843e44-48fd-4a3f-b8c0-5f5aa6ae5741,ead35052-7367-4296-96d4-064f546cc2b9,1.5188,0.01379,0.5349
MD,Jack Sock,Thomas Yu,3a43c56f-b9d8-4e72-ae8a-58fd69291946,8c94d7b2-0dce-455e-916f-e35927d53547,1.5186,0.03233,0.5333
MD,Dylan Frazier,Yuta Funemizu,1de884f8-7bf7-4b49-9de8-3f1fd74cabd6,ce4f0e14-80ea-4ed0-a81c-7341d356d427,1.5185,0.01688,0.5344
MD,Jack Sock,Joseph Wild,3a43c56f-b9d8-4e72-ae8a-58fd69291946,a51b59c5-1a13-4472-821a-eb9866e72adf,1.5177,0.02474,0.5331
MD,Dylan Frazier,Armaan Bhatia,1de884f8-7bf7-4b49-9de8-3f1fd74cabd6,33292af3-984d-4752-8d18-b3a5c147e9fe,1.5172,0.01646,0.5334
MD,Jack Munro,George Wall,f90428f0-e4a3-4a08-a664-518ba7f188d2,698c5236-e88f-411c-b44f-e54f16b2d6b5,1.5169,0.05996,0.5302
MD,Will Howells,Augustus Ge,d0f19d1e-2a6e-4eb3-b10c-1311edd599a8,ba491f1c-0112-47a8-a348-4695289e958a,1.5169,0.01287,0.5334
MD,Nicolas Acevedo,Harsh Mehta,a000a067-1bf1-442f-a961-e6c97cb50006,c18fb17d-e0bb-415c-901b-fa2f928ab22c,1.5168,0.03339,0.5317
MD,Bruno Faletto,Augustus Ge,34049405-b415-4f3a-aade-5be0111ac7db,ba491f1c-0112-47a8-a348-4695289e958a,1.5166,0.02087,0.5325
MD,Vanshik Kapadia,Augustus Ge,6866df42-48ad-423c-9e57-d7d4d6fb66ef,ba491f1c-0112-47a8-a348-4695289e958a,1.5166,0.04072,0.5311
MD,Gabriel Tardio,Hoang Nam Ly,d50310a6-9378-4228-823f-7fb54f7bd698,f1151ea2-759d-4d9f-a5b9-5ccd966dc3ca,1.5163,0.02447,0.532
MD,Ben Johns,Matthew Barlow,6f862c1d-1317-4fe7-bdcd-64caa0dbb088,3270dc72-53b7-4d35-aa4c-7f8b7b6bf905,1.5162,0.02269,0.532
MD,Phuc Huynh,Anderson Scarpa,0763ffeb-1b1f-41c5-ab37-d17b66e50b50,fa8d5d28-d8f5-4996-8c35-0f4ca3c35bae,1.5158,0.04779,0.53
MD,Robert Slutsky,Roscoe Bellamy,f6fa549d-8a9c-46fd-aeb8-af8a3f0f7a59,925c1306-6b3b-4510-8482-f34168a0842a,1.5153,0.02647,0.531
MD,Thomas Wilson,Juan Benitez,12d79cbe-b5c7-4504-ab8f-f352a6bb8629,f4c43443-fdff-4344-b291-274cfd26361e,1.5139,0.05815,0.5279
MD,Connor Garnett,Hunter Johnson,ff38654d-daae-4bad-a1a7-690e4e5706eb,8160ad59-4654-46b1-b229-8d5f2a9a45f9,1.5137,0.01514,0.5304
MD,Nicolas Acevedo,Hien Truong,a000a067-1bf1-442f-a961-e6c97cb50006,524b89ad-b76b-40b4-a0db-736bdc7b8adb,1.5137,0.03145,0.5293
MD,Dylan Frazier,Dekel Bar,1de884f8-7bf7-4b49-9de8-3f1fd74cabd6,89843e44-48fd-4a3f-b8c0-5f5aa6ae5741,1.5133,0.01466,0.5301
MD,Phuc Huynh,Thomas Yu,0763ffeb-1b1f-41c5-ab37-d17b66e50b50,8c94d7b2-0dce-455e-916f-e35927d53547,1.5128,0.06208,0.5268
MD,Jack Sock,Harsh Mehta,3a43c56f-b9d8-4e72-ae8a-58fd69291946,c18fb17d-e0bb-415c-901b-fa2f928ab22c,1.5125,0.03321,0.5282
MD,Quang Duong,Oscar Serra,14d61e81-14d5-4cb3-ae33-d427fbc1b4f6,2c2a2b82-9ec7-4046-97cb-3a199ed507af,1.512,0.04375,0.5272
MD,Phuc Huynh,Joseph Wild,0763ffeb-1b1f-41c5-ab37-d17b66e50b50,a51b59c5-1a13-4472-821a-eb9866e72adf,1.5119,0.05448,0.5265
MD,Robert Slutsky,Anderson Scarpa,f6fa549d-8a9c-46fd-aeb8-af8a3f0f7a59,fa8d5d28-d8f5-4996-8c35-0f4ca3c35bae,1.5115,0.02837,0.5277
MD,Jack Munro,Hunter Johnson,f90428f0-e4a3-4a08-a664-518ba7f188d2,8160ad59-4654-46b1-b229-8d5f2a9a45f9,1.5112,0.04965,0.5263
MD,Nicolas Acevedo,Etienne Blaszkewycz,a000a067-1bf1-442f-a961-e6c97cb50006,d3e486f2-7c25-4bcf-b9dd-81c14f644f60,1.5109,0.0226,0.5275
MD,Andrei Daescu,Mohaned Alhouni,581183e8-3d9e-459e-b69f-7337d8b6f3d2,1bab49f1-6891-4d3e-8f77-42aa4fc1d18e,1.5108,0.01488,0.5279
MD,Dylan Frazier,CJ Klinger,1de884f8-7bf7-4b49-9de8-3f1fd74cabd6,ead35052-7367-4296-96d4-064f546cc2b9,1.51,0.01399,0.5273
MD,Jack Sock,Hien Truong,3a43c56f-b9d8-4e72-ae8a-58fd69291946,524b89ad-b76b-40b4-a0db-736bdc7b8adb,1.5094,0.03127,0.5257
MD,Quang Duong,George Wall,14d61e81-14d5-4cb3-ae33-d427fbc1b4f6,698c5236-e88f-411c-b44f-e54f16b2d6b5,1.5087,0.04391,0.5245
MD,Robert Slutsky,Thomas Yu,f6fa549d-8a9c-46fd-aeb8-af8a3f0f7a59,8c94d7b2-0dce-455e-916f-e35927d53547,1.5086,0.04266,0.5244
MD,Noe Khlif,Oscar Serra,1bb8b2c1-ca6f-45ac-afdd-fab7e77d69d4,2c2a2b82-9ec7-4046-97cb-3a199ed507af,1.5081,0.02432,0.5251
MD,Federico Staksrud,Tyson McGuffin,7edb882c-6d17-4129-8208-710e3c82364c,dbcb41e9-e983-410b-bc23-d184d034cfc0,1.5077,0.01306,0.5253
MD,Riley Newman,Tyson McGuffin,05b194b3-db88-4f77-a26f-5ef5cfbf6146,dbcb41e9-e983-410b-bc23-d184d034cfc0,1.5076,0.01434,0.5252
MD,Robert Slutsky,Joseph Wild,f6fa549d-8a9c-46fd-aeb8-af8a3f0f7a59,a51b59c5-1a13-4472-821a-eb9866e72adf,1.5076,0.03506,0.5241
MD,Nicolas Acevedo,Pablo Tellez,a000a067-1bf1-442f-a961-e6c97cb50006,52726ab1-2ac9-46c0-be90-6b0e7a2d56eb,1.5074,0.01666,0.5249
MD,Nicolas Acevedo,Alex Emery,a000a067-1bf1-442f-a961-e6c97cb50006,5c817399-aea7-481d-9a83-aab7431eabc1,1.5072,0.03812,0.5236
MD,Eric Oncins,Christopher Haworth,52690a0c-ed4a-4e0b-bf69-4ef416cf7d55,a91e2b68-7357-4518-baf9-f59b0b4c2477,1.5071,0.01572,0.5247
MD,Nicolas Acevedo,Jaume Martinez Vich,a000a067-1bf1-442f-a961-e6c97cb50006,cc8832b9-9a8f-4cbc-8eff-b20e9a7ff09a,1.5071,0.01476,0.5248
MD,Phuc Huynh,Harsh Mehta,0763ffeb-1b1f-41c5-ab37-d17b66e50b50,c18fb17d-e0bb-415c-901b-fa2f928ab22c,1.5067,0.06295,0.522
MD,Jay Devilliers,Tama Shimabukuro,295e343a-31a0-4e1d-a286-d62592291435,4af4d4d1-9f87-4dc7-95f2-b10751d44c15,1.5065,0.01409,0.5243
MD,Jack Sock,Etienne Blaszkewycz,3a43c56f-b9d8-4e72-ae8a-58fd69291946,d3e486f2-7c25-4bcf-b9dd-81c14f644f60,1.5065,0.02241,0.5239
MD,Jay Devilliers,Patrick Kawka,295e343a-31a0-4e1d-a286-d62592291435,6876576c-b20e-47e3-99e4-d32759cc9f48,1.5062,0.04828,0.5223
MD,Nicolas Acevedo,Max Freeman,a000a067-1bf1-442f-a961-e6c97cb50006,b03ff4de-9b8f-46a8-a530-d8f19e9d6ec9,1.5052,0.01578,0.5231
MD,Yuta Funemizu,Augustus Ge,ce4f0e14-80ea-4ed0-a81c-7341d356d427,ba491f1c-0112-47a8-a348-4695289e958a,1.5052,0.01516,0.5231
MD,Noe Khlif,George Wall,1bb8b2c1-ca6f-45ac-afdd-fab7e77d69d4,698c5236-e88f-411c-b44f-e54f16b2d6b5,1.5048,0.02448,0.5223
MD,Armaan Bhatia,Augustus Ge,33292af3-984d-4752-8d18-b3a5c147e9fe,ba491f1c-0112-47a8-a348-4695289e958a,1.504,0.01474,0.5221
MD,Phuc Huynh,Hien Truong,0763ffeb-1b1f-41c5-ab37-d17b66e50b50,524b89ad-b76b-40b4-a0db-736bdc7b8adb,1.5036,0.06101,0.5197
MD,Jack Sock,Pablo Tellez,3a43c56f-b9d8-4e72-ae8a-58fd69291946,52726ab1-2ac9-46c0-be90-6b0e7a2d56eb,1.5031,0.01648,0.5213
MD,Quang Duong,Hunter Johnson,14d61e81-14d5-4cb3-ae33-d427fbc1b4f6,8160ad59-4654-46b1-b229-8d5f2a9a45f9,1.503,0.0336,0.5203
MD,Connor Garnett,Roscoe Bellamy,ff38654d-daae-4bad-a1a7-690e4e5706eb,925c1306-6b3b-4510-8482-f34168a0842a,1.503,0.01441,0.5213
MD,Jack Sock,Alex Emery,3a43c56f-b9d8-4e72-ae8a-58fd69291946,5c817399-aea7-481d-9a83-aab7431eabc1,1.5029,0.03793,0.5201
MD,Jack Sock,Jaume Martinez Vich,3a43c56f-b9d8-4e72-ae8a-58fd69291946,cc8832b9-9a8f-4cbc-8eff-b20e9a7ff09a,1.5028,0.01458,0.5211
MD,Nicolas Acevedo,Connor Mogle,a000a067-1bf1-442f-a961-e6c97cb50006,3d9c8684-953f-4008-b355-b6104ee56a5b,1.5025,0.01781,0.5206
MD,Robert Slutsky,Harsh Mehta,f6fa549d-8a9c-46fd-aeb8-af8a3f0f7a59,c18fb17d-e0bb-415c-901b-fa2f928ab22c,1.5024,0.04353,0.5194
MD,Thomas Wilson,John Lucian Goins,12d79cbe-b5c7-4504-ab8f-f352a6bb8629,e96d9339-cfb6-473d-bcb3-23f2887a3e0f,1.5019,0.05512,0.5186
MD,Jack Sock,Max Freeman,3a43c56f-b9d8-4e72-ae8a-58fd69291946,b03ff4de-9b8f-46a8-a530-d8f19e9d6ec9,1.5009,0.0156,0.5194
MD,Phuc Huynh,Etienne Blaszkewycz,0763ffeb-1b1f-41c5-ab37-d17b66e50b50,d3e486f2-7c25-4bcf-b9dd-81c14f644f60,1.5007,0.05215,0.5178
MD,Jack Munro,Roscoe Bellamy,f90428f0-e4a3-4a08-a664-518ba7f188d2,925c1306-6b3b-4510-8482-f34168a0842a,1.5006,0.04892,0.5178
MD,Will Howells,Oscar Serra,d0f19d1e-2a6e-4eb3-b10c-1311edd599a8,2c2a2b82-9ec7-4046-97cb-3a199ed507af,1.5005,0.02563,0.5186
MD,Bruno Faletto,Oscar Serra,34049405-b415-4f3a-aade-5be0111ac7db,2c2a2b82-9ec7-4046-97cb-3a199ed507af,1.5001,0.03362,0.518
MD,Vanshik Kapadia,Oscar Serra,6866df42-48ad-423c-9e57-d7d4d6fb66ef,2c2a2b82-9ec7-4046-97cb-3a199ed507af,1.5001,0.05348,0.5172
MD,Dekel Bar,Augustus Ge,89843e44-48fd-4a3f-b8c0-5f5aa6ae5741,ba491f1c-0112-47a8-a348-4695289e958a,1.5001,0.01294,0.5188
MD,Thomas Wilson,Luca Mack,12d79cbe-b5c7-4504-ab8f-f352a6bb8629,2aa8ced3-d599-4c83-86dd-ecc80196833b,1.4996,0.06092,0.5166
MD,Connor Garnett,Anderson Scarpa,ff38654d-daae-4bad-a1a7-690e4e5706eb,fa8d5d28-d8f5-4996-8c35-0f4ca3c35bae,1.4993,0.01631,0.5179
MD,Robert Slutsky,Hien Truong,f6fa549d-8a9c-46fd-aeb8-af8a3f0f7a59,524b89ad-b76b-40b4-a0db-736bdc7b8adb,1.4993,0.04159,0.517
MD,Noe Khlif,Hunter Johnson,1bb8b2c1-ca6f-45ac-afdd-fab7e77d69d4,8160ad59-4654-46b1-b229-8d5f2a9a45f9,1.4991,0.01417,0.5179
MD,Jack Sock,Connor Mogle,3a43c56f-b9d8-4e72-ae8a-58fd69291946,3d9c8684-953f-4008-b355-b6104ee56a5b,1.4981,0.01762,0.5169
MD,Jay Devilliers,Tristan Dussault,295e343a-31a0-4e1d-a286-d62592291435,3cab1673-2522-4dd5-ba07-2a1b88749d86,1.4976,0.02678,0.5162
MD,Phuc Huynh,Pablo Tellez,0763ffeb-1b1f-41c5-ab37-d17b66e50b50,52726ab1-2ac9-46c0-be90-6b0e7a2d56eb,1.4973,0.04622,0.5152
MD,Phuc Huynh,Alex Emery,0763ffeb-1b1f-41c5-ab37-d17b66e50b50,5c817399-aea7-481d-9a83-aab7431eabc1,1.4971,0.06768,0.5144
MD,Will Howells,George Wall,d0f19d1e-2a6e-4eb3-b10c-1311edd599a8,698c5236-e88f-411c-b44f-e54f16b2d6b5,1.4971,0.02579,0.5158
MD,Phuc Huynh,Jaume Martinez Vich,0763ffeb-1b1f-41c5-ab37-d17b66e50b50,cc8832b9-9a8f-4cbc-8eff-b20e9a7ff09a,1.497,0.04432,0.515
MD,Jack Munro,Anderson Scarpa,f90428f0-e4a3-4a08-a664-518ba7f188d2,fa8d5d28-d8f5-4996-8c35-0f4ca3c35bae,1.4968,0.05082,0.5147
MD,Bruno Faletto,George Wall,34049405-b415-4f3a-aade-5be0111ac7db,698c5236-e88f-411c-b44f-e54f16b2d6b5,1.4968,0.03379,0.5152
MD,Vanshik Kapadia,George Wall,6866df42-48ad-423c-9e57-d7d4d6fb66ef,698c5236-e88f-411c-b44f-e54f16b2d6b5,1.4968,0.05364,0.5146
MD,CJ Klinger,Augustus Ge,ead35052-7367-4296-96d4-064f546cc2b9,ba491f1c-0112-47a8-a348-4695289e958a,1.4967,0.01228,0.5159
MD,Robert Slutsky,Etienne Blaszkewycz,f6fa549d-8a9c-46fd-aeb8-af8a3f0f7a59,d3e486f2-7c25-4bcf-b9dd-81c14f644f60,1.4965,0.03273,0.515
MD,Connor Garnett,Thomas Yu,ff38654d-daae-4bad-a1a7-690e4e5706eb,8c94d7b2-0dce-455e-916f-e35927d53547,1.4963,0.0306,0.5149
MD,Connor Garnett,Joseph Wild,ff38654d-daae-4bad-a1a7-690e4e5706eb,a51b59c5-1a13-4472-821a-eb9866e72adf,1.4954,0.023,0.5144
MD,Phuc Huynh,Max Freeman,0763ffeb-1b1f-41c5-ab37-d17b66e50b50,b03ff4de-9b8f-46a8-a530-d8f19e9d6ec9,1.4951,0.04534,0.5134
MD,Nicolas Acevedo,Juan Benitez,a000a067-1bf1-442f-a961-e6c97cb50006,f4c43443-fdff-4344-b291-274cfd26361e,1.4949,0.02169,0.514
MD,Thomas Wilson,Donald Young,12d79cbe-b5c7-4504-ab8f-f352a6bb8629,aec5d8be-9ce0-4cc5-98a4-140fad555fe0,1.4938,0.05665,0.5122
MD,Jack Munro,Thomas Yu,f90428f0-e4a3-4a08-a664-518ba7f188d2,8c94d7b2-0dce-455e-916f-e35927d53547,1.4938,0.06511,0.512
MD,Federico Staksrud,Tama Shimabukuro,7edb882c-6d17-4129-8208-710e3c82364c,4af4d4d1-9f87-4dc7-95f2-b10751d44c15,1.4937,0.01205,0.5133
MD,Riley Newman,Tama Shimabukuro,05b194b3-db88-4f77-a26f-5ef5cfbf6146,4af4d4d1-9f87-4dc7-95f2-b10751d44c15,1.4936,0.01333,0.5132
MD,Federico Staksrud,Patrick Kawka,7edb882c-6d17-4129-8208-710e3c82364c,6876576c-b20e-47e3-99e4-d32759cc9f48,1.4933,0.04623,0.512
MD,Riley Newman,Patrick Kawka,05b194b3-db88-4f77-a26f-5ef5cfbf6146,6876576c-b20e-47e3-99e4-d32759cc9f48,1.4933,0.04752,0.5119
MD,Robert Slutsky,Pablo Tellez,f6fa549d-8a9c-46fd-aeb8-af8a3f0f7a59,52726ab1-2ac9-46c0-be90-6b0e7a2d56eb,1.4931,0.0268,0.5123
MD,Dylan Frazier,Augustus Ge,1de884f8-7bf7-4b49-9de8-3f1fd74cabd6,ba491f1c-0112-47a8-a348-4695289e958a,1.493,0.01315,0.5126
MD,JW Johnson,Matthew Barlow,bd061b42-2f82-4bbe-82be-d8bcfb37f9e1,3270dc72-53b7-4d35-aa4c-7f8b7b6bf905,1.4929,0.02433,0.5122
MD,Jack Munro,Joseph Wild,f90428f0-e4a3-4a08-a664-518ba7f188d2,a51b59c5-1a13-4472-821a-eb9866e72adf,1.4929,0.05751,0.5114
MD,Robert Slutsky,Alex Emery,f6fa549d-8a9c-46fd-aeb8-af8a3f0f7a59,5c817399-aea7-481d-9a83-aab7431eabc1,1.4928,0.04826,0.5115
MD,Robert Slutsky,Jaume Martinez Vich,f6fa549d-8a9c-46fd-aeb8-af8a3f0f7a59,cc8832b9-9a8f-4cbc-8eff-b20e9a7ff09a,1.4927,0.0249,0.5121
MD,Phuc Huynh,Connor Mogle,0763ffeb-1b1f-41c5-ab37-d17b66e50b50,3d9c8684-953f-4008-b355-b6104ee56a5b,1.4923,0.04736,0.5112
MD,Quang Duong,Roscoe Bellamy,14d61e81-14d5-4cb3-ae33-d427fbc1b4f6,925c1306-6b3b-4510-8482-f34168a0842a,1.4923,0.03287,0.5116
MD,Thomas Wilson,Martin Emmrich,12d79cbe-b5c7-4504-ab8f-f352a6bb8629,e9849183-4693-4340-abf5-f4b6f3cb226f,1.4917,0.05494,0.5105
MD,Christian Alshon,Oliver Frank,79a11da1-6aeb-4719-9b1e-9918e0163cec,e21cb6e0-aabb-43b2-a112-c0a0a59081bf,1.4916,0.03726,0.5108
MD,Will Howells,Hunter Johnson,d0f19d1e-2a6e-4eb3-b10c-1311edd599a8,8160ad59-4654-46b1-b229-8d5f2a9a45f9,1.4915,0.01547,0.5113
MD,Bruno Faletto,Hunter Johnson,34049405-b415-4f3a-aade-5be0111ac7db,8160ad59-4654-46b1-b229-8d5f2a9a45f9,1.4911,0.02347,0.5108
MD,Hunter Johnson,Vanshik Kapadia,8160ad59-4654-46b1-b229-8d5f2a9a45f9,6866df42-48ad-423c-9e57-d7d4d6fb66ef,1.4911,0.04332,0.5103
MD,Robert Slutsky,Max Freeman,f6fa549d-8a9c-46fd-aeb8-af8a3f0f7a59,b03ff4de-9b8f-46a8-a530-d8f19e9d6ec9,1.4908,0.02592,0.5104
MD,Jack Sock,Juan Benitez,3a43c56f-b9d8-4e72-ae8a-58fd69291946,f4c43443-fdff-4344-b291-274cfd26361e,1.4906,0.02151,0.5103
MD,Connor Garnett,Harsh Mehta,ff38654d-daae-4bad-a1a7-690e4e5706eb,c18fb17d-e0bb-415c-901b-fa2f928ab22c,1.4901,0.03147,0.5098
MD,Thomas Wilson,Rafa Hewett,12d79cbe-b5c7-4504-ab8f-f352a6bb8629,06ba18e0-687b-4aa3-822d-1c86981f576b,1.4892,0.05268,0.5086
MD,Yuta Funemizu,Oscar Serra,ce4f0e14-80ea-4ed0-a81c-7341d356d427,2c2a2b82-9ec7-4046-97cb-3a199ed507af,1.4888,0.02792,0.5087
MD,Hayden Patriquin,Matthew Barlow,fc05556e-3e38-4a38-99c2-f855174a7c28,3270dc72-53b7-4d35-aa4c-7f8b7b6bf905,1.4887,0.02274,0.5087
MD,Eric Oncins,Mohaned Alhouni,52690a0c-ed4a-4e0b-bf69-4ef416cf7d55,1bab49f1-6891-4d3e-8f77-42aa4fc1d18e,1.4886,0.01536,0.5088
MD,Quang Duong,Anderson Scarpa,14d61e81-14d5-4cb3-ae33-d427fbc1b4f6,fa8d5d28-d8f5-4996-8c35-0f4ca3c35bae,1.4885,0.03477,0.5084
MD,Noe Khlif,Roscoe Bellamy,1bb8b2c1-ca6f-45ac-afdd-fab7e77d69d4,925c1306-6b3b-4510-8482-f34168a0842a,1.4885,0.01344,0.5088
MD,Robert Slutsky,Connor Mogle,f6fa549d-8a9c-46fd-aeb8-af8a3f0f7a59,3d9c8684-953f-4008-b355-b6104ee56a5b,1.4881,0.02794,0.5081
MD,Jack Munro,Harsh Mehta,f90428f0-e4a3-4a08-a664-518ba7f188d2,c18fb17d-e0bb-415c-901b-fa2f928ab22c,1.4877,0.06598,0.5072
MD,Armaan Bhatia,Oscar Serra,33292af3-984d-4752-8d18-b3a5c147e9fe,2c2a2b82-9ec7-4046-97cb-3a199ed507af,1.4875,0.02749,0.5077
MD,Connor Garnett,Hien Truong,ff38654d-daae-4bad-a1a7-690e4e5706eb,524b89ad-b76b-40b4-a0db-736bdc7b8adb,1.4871,0.02953,0.5072
MD,Quang Duong,Thomas Yu,14d61e81-14d5-4cb3-ae33-d427fbc1b4f6,8c94d7b2-0dce-455e-916f-e35927d53547,1.4856,0.04906,0.5058
MD,Yuta Funemizu,George Wall,ce4f0e14-80ea-4ed0-a81c-7341d356d427,698c5236-e88f-411c-b44f-e54f16b2d6b5,1.4855,0.02808,0.5059
MD,Jay Devilliers,Christopher Haworth,295e343a-31a0-4e1d-a286-d62592291435,a91e2b68-7357-4518-baf9-f59b0b4c2477,1.4849,0.01722,0.5055
MD,Federico Staksrud,Tristan Dussault,7edb882c-6d17-4129-8208-710e3c82364c,3cab1673-2522-4dd5-ba07-2a1b88749d86,1.4848,0.02474,0.5054
MD,Phuc Huynh,Juan Benitez,0763ffeb-1b1f-41c5-ab37-d17b66e50b50,f4c43443-fdff-4344-b291-274cfd26361e,1.4848,0.05125,0.5051
MD,Riley Newman,Tristan Dussault,05b194b3-db88-4f77-a26f-5ef5cfbf6146,3cab1673-2522-4dd5-ba07-2a1b88749d86,1.4847,0.02602,0.5053
MD,Noe Khlif,Anderson Scarpa,1bb8b2c1-ca6f-45ac-afdd-fab7e77d69d4,fa8d5d28-d8f5-4996-8c35-0f4ca3c35bae,1.4847,0.01534,0.5054
MD,Quang Duong,Joseph Wild,14d61e81-14d5-4cb3-ae33-d427fbc1b4f6,a51b59c5-1a13-4472-821a-eb9866e72adf,1.4846,0.04146,0.5051
MD,Jack Munro,Hien Truong,f90428f0-e4a3-4a08-a664-518ba7f188d2,524b89ad-b76b-40b4-a0db-736bdc7b8adb,1.4846,0.06404,0.5048
MD,Connor Garnett,Etienne Blaszkewycz,ff38654d-daae-4bad-a1a7-690e4e5706eb,d3e486f2-7c25-4bcf-b9dd-81c14f644f60,1.4842,0.02068,0.505
MD,Armaan Bhatia,George Wall,33292af3-984d-4752-8d18-b3a5c147e9fe,698c5236-e88f-411c-b44f-e54f16b2d6b5,1.4842,0.02766,0.5049
MD,Christian Alshon,Grayson Goldin,79a11da1-6aeb-4719-9b1e-9918e0163cec,43df1205-e834-4427-9f1a-4e173bf93296,1.4839,0.02304,0.5046
MD,Dekel Bar,Oscar Serra,89843e44-48fd-4a3f-b8c0-5f5aa6ae5741,2c2a2b82-9ec7-4046-97cb-3a199ed507af,1.4836,0.02569,0.5044
MD,Nicolas Acevedo,John Lucian Goins,a000a067-1bf1-442f-a961-e6c97cb50006,e96d9339-cfb6-473d-bcb3-23f2887a3e0f,1.4828,0.01866,0.5038
MD,Noe Khlif,Thomas Yu,1bb8b2c1-ca6f-45ac-afdd-fab7e77d69d4,8c94d7b2-0dce-455e-916f-e35927d53547,1.4818,0.02963,0.5028
MD,Jack Munro,Etienne Blaszkewycz,f90428f0-e4a3-4a08-a664-518ba7f188d2,d3e486f2-7c25-4bcf-b9dd-81c14f644f60,1.4818,0.05518,0.5027
MD,Gabriel Tardio,Matthew Barlow,d50310a6-9378-4228-823f-7fb54f7bd698,3270dc72-53b7-4d35-aa4c-7f8b7b6bf905,1.481,0.0224,0.5022
MD,Connor Garnett,Pablo Tellez,ff38654d-daae-4bad-a1a7-690e4e5706eb,52726ab1-2ac9-46c0-be90-6b0e7a2d56eb,1.4808,0.01474,0.5021
MD,Noe Khlif,Joseph Wild,1bb8b2c1-ca6f-45ac-afdd-fab7e77d69d4,a51b59c5-1a13-4472-821a-eb9866e72adf,1.4808,0.02203,0.502
MD,Will Howells,Roscoe Bellamy,d0f19d1e-2a6e-4eb3-b10c-1311edd599a8,925c1306-6b3b-4510-8482-f34168a0842a,1.4808,0.01474,0.5021
MD,Connor Garnett,Alex Emery,ff38654d-daae-4bad-a1a7-690e4e5706eb,5c817399-aea7-481d-9a83-aab7431eabc1,1.4806,0.0362,0.5018
MD,Nicolas Acevedo,Luca Mack,a000a067-1bf1-442f-a961-e6c97cb50006,2aa8ced3-d599-4c83-86dd-ecc80196833b,1.4806,0.02447,0.5019
MD,Robert Slutsky,Juan Benitez,f6fa549d-8a9c-46fd-aeb8-af8a3f0f7a59,f4c43443-fdff-4344-b291-274cfd26361e,1.4805,0.03183,0.5018
MD,Bruno Faletto,Roscoe Bellamy,34049405-b415-4f3a-aade-5be0111ac7db,925c1306-6b3b-4510-8482-f34168a0842a,1.4805,0.02274,0.5018
MD,Vanshik Kapadia,Roscoe Bellamy,6866df42-48ad-423c-9e57-d7d4d6fb66ef,925c1306-6b3b-4510-8482-f34168a0842a,1.4805,0.04259,0.5017
MD,Connor Garnett,Jaume Martinez Vich,ff38654d-daae-4bad-a1a7-690e4e5706eb,cc8832b9-9a8f-4cbc-8eff-b20e9a7ff09a,1.4804,0.01284,0.5018
MD,Dekel Bar,George Wall,89843e44-48fd-4a3f-b8c0-5f5aa6ae5741,698c5236-e88f-411c-b44f-e54f16b2d6b5,1.4803,0.02586,0.5016
MD,CJ Klinger,Oscar Serra,ead35052-7367-4296-96d4-064f546cc2b9,2c2a2b82-9ec7-4046-97cb-3a199ed507af,1.4803,0.02503,0.5016
MD,Hunter Johnson,Yuta Funemizu,8160ad59-4654-46b1-b229-8d5f2a9a45f9,ce4f0e14-80ea-4ed0-a81c-7341d356d427,1.4798,0.01777,0.5012
MD,Quang Duong,Harsh Mehta,14d61e81-14d5-4cb3-ae33-d427fbc1b4f6,c18fb17d-e0bb-415c-901b-fa2f928ab22c,1.4794,0.04993,0.5008
MD,Connor Garnett,Max Freeman,ff38654d-daae-4bad-a1a7-690e4e5706eb,b03ff4de-9b8f-46a8-a530-d8f19e9d6ec9,1.4786,0.01386,0.5001
MD,Hunter Johnson,Armaan Bhatia,8160ad59-4654-46b1-b229-8d5f2a9a45f9,33292af3-984d-4752-8d18-b3a5c147e9fe,1.4786,0.01734,0.5001
MD,Jack Sock,John Lucian Goins,3a43c56f-b9d8-4e72-ae8a-58fd69291946,e96d9339-cfb6-473d-bcb3-23f2887a3e0f,1.4785,0.01848,0.5001
MD,Jack Munro,Pablo Tellez,f90428f0-e4a3-4a08-a664-518ba7f188d2,52726ab1-2ac9-46c0-be90-6b0e7a2d56eb,1.4783,0.04925,0.5
MD,Jack Munro,Alex Emery,f90428f0-e4a3-4a08-a664-518ba7f188d2,5c817399-aea7-481d-9a83-aab7431eabc1,1.4781,0.07071,0.4998
MD,Jack Munro,Jaume Martinez Vich,f90428f0-e4a3-4a08-a664-518ba7f188d2,cc8832b9-9a8f-4cbc-8eff-b20e9a7ff09a,1.478,0.04735,0.4997
MD,Will Howells,Anderson Scarpa,d0f19d1e-2a6e-4eb3-b10c-1311edd599a8,fa8d5d28-d8f5-4996-8c35-0f4ca3c35bae,1.477,0.01664,0.4988
MD,CJ Klinger,George Wall,ead35052-7367-4296-96d4-064f546cc2b9,698c5236-e88f-411c-b44f-e54f16b2d6b5,1.477,0.02519,0.4988
MD,Bruno Faletto,Anderson Scarpa,34049405-b415-4f3a-aade-5be0111ac7db,fa8d5d28-d8f5-4996-8c35-0f4ca3c35bae,1.4767,0.02464,0.4986
MD,Vanshik Kapadia,Anderson Scarpa,6866df42-48ad-423c-9e57-d7d4d6fb66ef,fa8d5d28-d8f5-4996-8c35-0f4ca3c35bae,1.4767,0.04449,0.4986
MD,Dylan Frazier,Oscar Serra,1de884f8-7bf7-4b49-9de8-3f1fd74cabd6,2c2a2b82-9ec7-4046-97cb-3a199ed507af,1.4765,0.0259,0.4984
MD,Quang Duong,Hien Truong,14d61e81-14d5-4cb3-ae33-d427fbc1b4f6,524b89ad-b76b-40b4-a0db-736bdc7b8adb,1.4764,0.04799,0.4984
MD,Jack Sock,Luca Mack,3a43c56f-b9d8-4e72-ae8a-58fd69291946,2aa8ced3-d599-4c83-86dd-ecc80196833b,1.4763,0.02428,0.4982
MD,Jack Munro,Max Freeman,f90428f0-e4a3-4a08-a664-518ba7f188d2,b03ff4de-9b8f-46a8-a530-d8f19e9d6ec9,1.4761,0.04837,0.4982
MD,Connor Garnett,Connor Mogle,ff38654d-daae-4bad-a1a7-690e4e5706eb,3d9c8684-953f-4008-b355-b6104ee56a5b,1.4758,0.01589,0.4978
MD,Noe Khlif,Harsh Mehta,1bb8b2c1-ca6f-45ac-afdd-fab7e77d69d4,c18fb17d-e0bb-415c-901b-fa2f928ab22c,1.4756,0.0305,0.4977
MD,Thomas Wilson,Tyson McGuffin,12d79cbe-b5c7-4504-ab8f-f352a6bb8629,dbcb41e9-e983-410b-bc23-d184d034cfc0,1.4754,0.05174,0.4976
MD,Nicolas Acevedo,Donald Young,a000a067-1bf1-442f-a961-e6c97cb50006,aec5d8be-9ce0-4cc5-98a4-140fad555fe0,1.4748,0.02019,0.4969
MD,Hunter Johnson,Dekel Bar,8160ad59-4654-46b1-b229-8d5f2a9a45f9,89843e44-48fd-4a3f-b8c0-5f5aa6ae5741,1.4746,0.01554,0.4968
MD,Will Howells,Thomas Yu,d0f19d1e-2a6e-4eb3-b10c-1311edd599a8,8c94d7b2-0dce-455e-916f-e35927d53547,1.4741,0.03093,0.4964
MD,Bruno Faletto,Thomas Yu,34049405-b415-4f3a-aade-5be0111ac7db,8c94d7b2-0dce-455e-916f-e35927d53547,1.4737,0.03893,0.4962
MD,Vanshik Kapadia,Thomas Yu,6866df42-48ad-423c-9e57-d7d4d6fb66ef,8c94d7b2-0dce-455e-916f-e35927d53547,1.4737,0.05878,0.4964
MD,Quang Duong,Etienne Blaszkewycz,14d61e81-14d5-4cb3-ae33-d427fbc1b4f6,d3e486f2-7c25-4bcf-b9dd-81c14f644f60,1.4735,0.03913,0.496
MD,Jack Munro,Connor Mogle,f90428f0-e4a3-4a08-a664-518ba7f188d2,3d9c8684-953f-4008-b355-b6104ee56a5b,1.4734,0.05039,0.496
MD,Dylan Frazier,George Wall,1de884f8-7bf7-4b49-9de8-3f1fd74cabd6,698c5236-e88f-411c-b44f-e54f16b2d6b5,1.4732,0.02606,0.4956
MD,Will Howells,Joseph Wild,d0f19d1e-2a6e-4eb3-b10c-1311edd599a8,a51b59c5-1a13-4472-821a-eb9866e72adf,1.4731,0.02334,0.4955
MD,Bruno Faletto,Joseph Wild,34049405-b415-4f3a-aade-5be0111ac7db,a51b59c5-1a13-4472-821a-eb9866e72adf,1.4728,0.03133,0.4954
MD,Vanshik Kapadia,Joseph Wild,6866df42-48ad-423c-9e57-d7d4d6fb66ef,a51b59c5-1a13-4472-821a-eb9866e72adf,1.4728,0.05119,0.4956
MD,Phuc Huynh,John Lucian Goins,0763ffeb-1b1f-41c5-ab37-d17b66e50b50,e96d9339-cfb6-473d-bcb3-23f2887a3e0f,1.4727,0.04822,0.4955
MD,Nicolas Acevedo,Martin Emmrich,a000a067-1bf1-442f-a961-e6c97cb50006,e9849183-4693-4340-abf5-f4b6f3cb226f,1.4727,0.01848,0.4951
MD,Noe Khlif,Hien Truong,1bb8b2c1-ca6f-45ac-afdd-fab7e77d69d4,524b89ad-b76b-40b4-a0db-736bdc7b8adb,1.4725,0.02856,0.4951
MD,Federico Staksrud,Christopher Haworth,7edb882c-6d17-4129-8208-710e3c82364c,a91e2b68-7357-4518-baf9-f59b0b4c2477,1.472,0.01518,0.4946
MD,Riley Newman,Christopher Haworth,05b194b3-db88-4f77-a26f-5ef5cfbf6146,a91e2b68-7357-4518-baf9-f59b0b4c2477,1.472,0.01646,0.4945
MD,Hunter Johnson,CJ Klinger,8160ad59-4654-46b1-b229-8d5f2a9a45f9,ead35052-7367-4296-96d4-064f546cc2b9,1.4713,0.01488,0.4939
MD,Jack Sock,Donald Young,3a43c56f-b9d8-4e72-ae8a-58fd69291946,aec5d8be-9ce0-4cc5-98a4-140fad555fe0,1.4705,0.02001,0.4933
MD,Phuc Huynh,Luca Mack,0763ffeb-1b1f-41c5-ab37-d17b66e50b50,2aa8ced3-d599-4c83-86dd-ecc80196833b,1.4705,0.05402,0.4937
MD,Christian Alshon,Hoang Nam Ly,79a11da1-6aeb-4719-9b1e-9918e0163cec,f1151ea2-759d-4d9f-a5b9-5ccd966dc3ca,1.4702,0.02492,0.4931
MD,Nicolas Acevedo,Rafa Hewett,a000a067-1bf1-442f-a961-e6c97cb50006,06ba18e0-687b-4aa3-822d-1c86981f576b,1.4702,0.01622,0.4929
MD,Quang Duong,Pablo Tellez,14d61e81-14d5-4cb3-ae33-d427fbc1b4f6,52726ab1-2ac9-46c0-be90-6b0e7a2d56eb,1.4701,0.0332,0.4931
MD,Quang Duong,Alex Emery,14d61e81-14d5-4cb3-ae33-d427fbc1b4f6,5c817399-aea7-481d-9a83-aab7431eabc1,1.4699,0.05466,0.4932
MD,Quang Duong,Jaume Martinez Vich,14d61e81-14d5-4cb3-ae33-d427fbc1b4f6,cc8832b9-9a8f-4cbc-8eff-b20e9a7ff09a,1.4697,0.0313,0.4928
MD,Noe Khlif,Etienne Blaszkewycz,1bb8b2c1-ca6f-45ac-afdd-fab7e77d69d4,d3e486f2-7c25-4bcf-b9dd-81c14f644f60,1.4697,0.01971,0.4926
MD,Yuta Funemizu,Roscoe Bellamy,ce4f0e14-80ea-4ed0-a81c-7341d356d427,925c1306-6b3b-4510-8482-f34168a0842a,1.4691,0.01703,0.4921
MD,Robert Slutsky,John Lucian Goins,f6fa549d-8a9c-46fd-aeb8-af8a3f0f7a59,e96d9339-cfb6-473d-bcb3-23f2887a3e0f,1.4685,0.0288,0.4917
MD,Jack Sock,Martin Emmrich,3a43c56f-b9d8-4e72-ae8a-58fd69291946,e9849183-4693-4340-abf5-f4b6f3cb226f,1.4683,0.0183,0.4914
MD,Connor Garnett,Juan Benitez,ff38654d-daae-4bad-a1a7-690e4e5706eb,f4c43443-fdff-4344-b291-274cfd26361e,1.4683,0.01977,0.4914
MD,Will Howells,Harsh Mehta,d0f19d1e-2a6e-4eb3-b10c-1311edd599a8,c18fb17d-e0bb-415c-901b-fa2f928ab22c,1.4679,0.03181,0.4913
MD,Armaan Bhatia,Roscoe Bellamy,33292af3-984d-4752-8d18-b3a5c147e9fe,925c1306-6b3b-4510-8482-f34168a0842a,1.4679,0.01661,0.491
MD,Quang Duong,Max Freeman,14d61e81-14d5-4cb3-ae33-d427fbc1b4f6,b03ff4de-9b8f-46a8-a530-d8f19e9d6ec9,1.4678,0.03232,0.4913
MD,Bruno Faletto,Harsh Mehta,34049405-b415-4f3a-aade-5be0111ac7db,c18fb17d-e0bb-415c-901b-fa2f928ab22c,1.4676,0.0398,0.4912
MD,Vanshik Kapadia,Harsh Mehta,6866df42-48ad-423c-9e57-d7d4d6fb66ef,c18fb17d-e0bb-415c-901b-fa2f928ab22c,1.4676,0.05966,0.4915
MD,Hunter Johnson,Dylan Frazier,8160ad59-4654-46b1-b229-8d5f2a9a45f9,1de884f8-7bf7-4b49-9de8-3f1fd74cabd6,1.4675,0.01575,0.4906
MD,Augustus Ge,Oscar Serra,ba491f1c-0112-47a8-a348-4695289e958a,2c2a2b82-9ec7-4046-97cb-3a199ed507af,1.4674,0.02418,0.4907
MD,Jay Devilliers,Mohaned Alhouni,295e343a-31a0-4e1d-a286-d62592291435,1bab49f1-6891-4d3e-8f77-42aa4fc1d18e,1.4664,0.01686,0.4897
MD,Noe Khlif,Pablo Tellez,1bb8b2c1-ca6f-45ac-afdd-fab7e77d69d4,52726ab1-2ac9-46c0-be90-6b0e7a2d56eb,1.4663,0.01377,0.4895
MD,Robert Slutsky,Luca Mack,f6fa549d-8a9c-46fd-aeb8-af8a3f0f7a59,2aa8ced3-d599-4c83-86dd-ecc80196833b,1.4662,0.0346,0.4899
MD,Noe Khlif,Alex Emery,1bb8b2c1-ca6f-45ac-afdd-fab7e77d69d4,5c817399-aea7-481d-9a83-aab7431eabc1,1.466,0.03523,0.4898
MD,Noe Khlif,Jaume Martinez Vich,1bb8b2c1-ca6f-45ac-afdd-fab7e77d69d4,cc8832b9-9a8f-4cbc-8eff-b20e9a7ff09a,1.4659,0.01187,0.4891
MD,Jack Sock,Rafa Hewett,3a43c56f-b9d8-4e72-ae8a-58fd69291946,06ba18e0-687b-4aa3-822d-1c86981f576b,1.4658,0.01604,0.4892
MD,Jack Munro,Juan Benitez,f90428f0-e4a3-4a08-a664-518ba7f188d2,f4c43443-fdff-4344-b291-274cfd26361e,1.4658,0.05428,0.49
MD,Yuta Funemizu,Anderson Scarpa,ce4f0e14-80ea-4ed0-a81c-7341d356d427,fa8d5d28-d8f5-4996-8c35-0f4ca3c35bae,1.4653,0.01893,0.4889
MD,Quang Duong,Connor Mogle,14d61e81-14d5-4cb3-ae33-d427fbc1b4f6,3d9c8684-953f-4008-b355-b6104ee56a5b,1.4651,0.03434,0.4891
MD,Will Howells,Hien Truong,d0f19d1e-2a6e-4eb3-b10c-1311edd599a8,524b89ad-b76b-40b4-a0db-736bdc7b8adb,1.4648,0.02987,0.4887
MD,Phuc Huynh,Donald Young,0763ffeb-1b1f-41c5-ab37-d17b66e50b50,aec5d8be-9ce0-4cc5-98a4-140fad555fe0,1.4647,0.04975,0.489
MD,Bruno Faletto,Hien Truong,34049405-b415-4f3a-aade-5be0111ac7db,524b89ad-b76b-40b4-a0db-736bdc7b8adb,1.4645,0.03786,0.4886
MD,Vanshik Kapadia,Hien Truong,6866df42-48ad-423c-9e57-d7d4d6fb66ef,524b89ad-b76b-40b4-a0db-736bdc7b8adb,1.4645,0.05772,0.4891
MD,Armaan Bhatia,Anderson Scarpa,33292af3-984d-4752-8d18-b3a5c147e9fe,fa8d5d28-d8f5-4996-8c35-0f4ca3c35bae,1.4641,0.01851,0.4878
MD,Noe Khlif,Max Freeman,1bb8b2c1-ca6f-45ac-afdd-fab7e77d69d4,b03ff4de-9b8f-46a8-a530-d8f19e9d6ec9,1.464,0.01289,0.4875
MD,Dekel Bar,Roscoe Bellamy,89843e44-48fd-4a3f-b8c0-5f5aa6ae5741,925c1306-6b3b-4510-8482-f34168a0842a,1.464,0.01481,0.4876
MD,Augustus Ge,George Wall,ba491f1c-0112-47a8-a348-4695289e958a,698c5236-e88f-411c-b44f-e54f16b2d6b5,1.464,0.02435,0.4879
MD,Phuc Huynh,Martin Emmrich,0763ffeb-1b1f-41c5-ab37-d17b66e50b50,e9849183-4693-4340-abf5-f4b6f3cb226f,1.4625,0.04804,0.4873
MD,Yuta Funemizu,Thomas Yu,ce4f0e14-80ea-4ed0-a81c-7341d356d427,8c94d7b2-0dce-455e-916f-e35927d53547,1.4624,0.03323,0.4868
MD,Will Howells,Etienne Blaszkewycz,d0f19d1e-2a6e-4eb3-b10c-1311edd599a8,d3e486f2-7c25-4bcf-b9dd-81c14f644f60,1.462,0.02101,0.4861
MD,Bruno Faletto,Etienne Blaszkewycz,34049405-b415-4f3a-aade-5be0111ac7db,d3e486f2-7c25-4bcf-b9dd-81c14f644f60,1.4617,0.02901,0.486
MD,Vanshik Kapadia,Etienne Blaszkewycz,6866df42-48ad-423c-9e57-d7d4d6fb66ef,d3e486f2-7c25-4bcf-b9dd-81c14f644f60,1.4617,0.04886,0.4866
MD,Thomas Wilson,Tama Shimabukuro,12d79cbe-b5c7-4504-ab8f-f352a6bb8629,4af4d4d1-9f87-4dc7-95f2-b10751d44c15,1.4614,0.05073,0.4865
MD,Yuta Funemizu,Joseph Wild,ce4f0e14-80ea-4ed0-a81c-7341d356d427,a51b59c5-1a13-4472-821a-eb9866e72adf,1.4614,0.02563,0.4857
MD,Noe Khlif,Connor Mogle,1bb8b2c1-ca6f-45ac-afdd-fab7e77d69d4,3d9c8684-953f-4008-b355-b6104ee56a5b,1.4613,0.01492,0.4852
MD,Armaan Bhatia,Thomas Yu,33292af3-984d-4752-8d18-b3a5c147e9fe,8c94d7b2-0dce-455e-916f-e35927d53547,1.4612,0.0328,0.4857
MD,Thomas Wilson,Patrick Kawka,12d79cbe-b5c7-4504-ab8f-f352a6bb8629,6876576c-b20e-47e3-99e4-d32759cc9f48,1.4611,0.08492,0.4871
MD,CJ Klinger,Roscoe Bellamy,ead35052-7367-4296-96d4-064f546cc2b9,925c1306-6b3b-4510-8482-f34168a0842a,1.4606,0.01415,0.4847
MD,Robert Slutsky,Donald Young,f6fa549d-8a9c-46fd-aeb8-af8a3f0f7a59,aec5d8be-9ce0-4cc5-98a4-140fad555fe0,1.4604,0.03033,0.485
MD,Armaan Bhatia,Joseph Wild,33292af3-984d-4752-8d18-b3a5c147e9fe,a51b59c5-1a13-4472-821a-eb9866e72adf,1.4602,0.0252,0.4847
MD,Dekel Bar,Anderson Scarpa,89843e44-48fd-4a3f-b8c0-5f5aa6ae5741,fa8d5d28-d8f5-4996-8c35-0f4ca3c35bae,1.4602,0.01671,0.4844
MD,Phuc Huynh,Rafa Hewett,0763ffeb-1b1f-41c5-ab37-d17b66e50b50,06ba18e0-687b-4aa3-822d-1c86981f576b,1.46,0.04578,0.4852
MD,Andrei Daescu,Oliver Frank,581183e8-3d9e-459e-b69f-7337d8b6f3d2,e21cb6e0-aabb-43b2-a112-c0a0a59081bf,1.4595,0.03685,0.4844
MD,Will Howells,Pablo Tellez,d0f19d1e-2a6e-4eb3-b10c-1311edd599a8,52726ab1-2ac9-46c0-be90-6b0e7a2d56eb,1.4586,0.01508,0.4829
MD,Hunter Johnson,Augustus Ge,8160ad59-4654-46b1-b229-8d5f2a9a45f9,ba491f1c-0112-47a8-a348-4695289e958a,1.4584,0.01403,0.4827
MD,Robert Slutsky,Martin Emmrich,f6fa549d-8a9c-46fd-aeb8-af8a3f0f7a59,e9849183-4693-4340-abf5-f4b6f3cb226f,1.4583,0.02862,0.4832
MD,Will Howells,Alex Emery,d0f19d1e-2a6e-4eb3-b10c-1311edd599a8,5c817399-aea7-481d-9a83-aab7431eabc1,1.4583,0.03654,0.4835
MD,Will Howells,Jaume Martinez Vich,d0f19d1e-2a6e-4eb3-b10c-1311edd599a8,cc8832b9-9a8f-4cbc-8eff-b20e9a7ff09a,1.4582,0.01318,0.4825
MD,Bruno Faletto,Pablo Tellez,34049405-b415-4f3a-aade-5be0111ac7db,52726ab1-2ac9-46c0-be90-6b0e7a2d56eb,1.4582,0.02307,0.4829
MD,Vanshik Kapadia,Pablo Tellez,6866df42-48ad-423c-9e57-d7d4d6fb66ef,52726ab1-2ac9-46c0-be90-6b0e7a2d56eb,1.4582,0.04293,0.4837
MD,Bruno Faletto,Alex Emery,34049405-b415-4f3a-aade-5be0111ac7db,5c817399-aea7-481d-9a83-aab7431eabc1,1.458,0.04453,0.4835
MD,Vanshik Kapadia,Alex Emery,6866df42-48ad-423c-9e57-d7d4d6fb66ef,5c817399-aea7-481d-9a83-aab7431eabc1,1.458,0.06438,0.4842
MD,Bruno Faletto,Jaume Martinez Vich,34049405-b415-4f3a-aade-5be0111ac7db,cc8832b9-9a8f-4cbc-8eff-b20e9a7ff09a,1.4579,0.02118,0.4826
MD,Vanshik Kapadia,Jaume Martinez Vich,6866df42-48ad-423c-9e57-d7d4d6fb66ef,cc8832b9-9a8f-4cbc-8eff-b20e9a7ff09a,1.4579,0.04103,0.4833
MD,Quang Duong,Juan Benitez,14d61e81-14d5-4cb3-ae33-d427fbc1b4f6,f4c43443-fdff-4344-b291-274cfd26361e,1.4576,0.03823,0.4829
MD,Dekel Bar,Thomas Yu,89843e44-48fd-4a3f-b8c0-5f5aa6ae5741,8c94d7b2-0dce-455e-916f-e35927d53547,1.4572,0.031,0.4824
MD,Dylan Frazier,Roscoe Bellamy,1de884f8-7bf7-4b49-9de8-3f1fd74cabd6,925c1306-6b3b-4510-8482-f34168a0842a,1.4569,0.01502,0.4814
MD,CJ Klinger,Anderson Scarpa,ead35052-7367-4296-96d4-064f546cc2b9,fa8d5d28-d8f5-4996-8c35-0f4ca3c35bae,1.4568,0.01605,0.4815
MD,Nicolas Acevedo,Tyson McGuffin,a000a067-1bf1-442f-a961-e6c97cb50006,dbcb41e9-e983-410b-bc23-d184d034cfc0,1.4563,0.01529,0.481
MD,Will Howells,Max Freeman,d0f19d1e-2a6e-4eb3-b10c-1311edd599a8,b03ff4de-9b8f-46a8-a530-d8f19e9d6ec9,1.4563,0.0142,0.4809
MD,Dekel Bar,Joseph Wild,89843e44-48fd-4a3f-b8c0-5f5aa6ae5741,a51b59c5-1a13-4472-821a-eb9866e72adf,1.4563,0.0234,0.4813
MD,Connor Garnett,John Lucian Goins,ff38654d-daae-4bad-a1a7-690e4e5706eb,e96d9339-cfb6-473d-bcb3-23f2887a3e0f,1.4562,0.01674,0.4809
MD,Yuta Funemizu,Harsh Mehta,ce4f0e14-80ea-4ed0-a81c-7341d356d427,c18fb17d-e0bb-415c-901b-fa2f928ab22c,1.4562,0.0341,0.4817
MD,Bruno Faletto,Max Freeman,34049405-b415-4f3a-aade-5be0111ac7db,b03ff4de-9b8f-46a8-a530-d8f19e9d6ec9,1.456,0.02219,0.481
MD,Vanshik Kapadia,Max Freeman,6866df42-48ad-423c-9e57-d7d4d6fb66ef,b03ff4de-9b8f-46a8-a530-d8f19e9d6ec9,1.456,0.04205,0.4818
MD,Robert Slutsky,Rafa Hewett,f6fa549d-8a9c-46fd-aeb8-af8a3f0f7a59,06ba18e0-687b-4aa3-822d-1c86981f576b,1.4558,0.02636,0.481
MD,Armaan Bhatia,Harsh Mehta,33292af3-984d-4752-8d18-b3a5c147e9fe,c18fb17d-e0bb-415c-901b-fa2f928ab22c,1.455,0.03367,0.4807
MD,Connor Garnett,Luca Mack,ff38654d-daae-4bad-a1a7-690e4e5706eb,2aa8ced3-d599-4c83-86dd-ecc80196833b,1.4539,0.02255,0.4793
MD,CJ Klinger,Thomas Yu,ead35052-7367-4296-96d4-064f546cc2b9,8c94d7b2-0dce-455e-916f-e35927d53547,1.4539,0.03034,0.4796
MD,Noe Khlif,Juan Benitez,1bb8b2c1-ca6f-45ac-afdd-fab7e77d69d4,f4c43443-fdff-4344-b291-274cfd26361e,1.4537,0.0188,0.4789
MD,Jack Munro,John Lucian Goins,f90428f0-e4a3-4a08-a664-518ba7f188d2,e96d9339-cfb6-473d-bcb3-23f2887a3e0f,1.4537,0.05125,0.4804
MD,Federico Staksrud,Mohaned Alhouni,7edb882c-6d17-4129-8208-710e3c82364c,1bab49f1-6891-4d3e-8f77-42aa4fc1d18e,1.4536,0.01481,0.4786
MD,Will Howells,Connor Mogle,d0f19d1e-2a6e-4eb3-b10c-1311edd599a8,3d9c8684-953f-4008-b355-b6104ee56a5b,1.4536,0.01622,0.4787
MD,Riley Newman,Mohaned Alhouni,05b194b3-db88-4f77-a26f-5ef5cfbf6146,1bab49f1-6891-4d3e-8f77-42aa4fc1d18e,1.4535,0.0161,0.4786
MD,Bruno Faletto,Connor Mogle,34049405-b415-4f3a-aade-5be0111ac7db,3d9c8684-953f-4008-b355-b6104ee56a5b,1.4533,0.02422,0.4788
MD,Vanshik Kapadia,Connor Mogle,6866df42-48ad-423c-9e57-d7d4d6fb66ef,3d9c8684-953f-4008-b355-b6104ee56a5b,1.4533,0.04407,0.4797
MD,Yuta Funemizu,Hien Truong,ce4f0e14-80ea-4ed0-a81c-7341d356d427,524b89ad-b76b-40b4-a0db-736bdc7b8adb,1.4532,0.03216,0.4791
MD,Dylan Frazier,Anderson Scarpa,1de884f8-7bf7-4b49-9de8-3f1fd74cabd6,fa8d5d28-d8f5-4996-8c35-0f4ca3c35bae,1.4531,0.01692,0.4783
MD,CJ Klinger,Joseph Wild,ead35052-7367-4296-96d4-064f546cc2b9,a51b59c5-1a13-4472-821a-eb9866e72adf,1.4529,0.02274,0.4784
MD,Oscar Serra,George Wall,2c2a2b82-9ec7-4046-97cb-3a199ed507af,698c5236-e88f-411c-b44f-e54f16b2d6b5,1.4527,0.0371,0.4789
MD,Thomas Wilson,Tristan Dussault,12d79cbe-b5c7-4504-ab8f-f352a6bb8629,3cab1673-2522-4dd5-ba07-2a1b88749d86,1.4525,0.06342,0.4799
MD,Jack Sock,Tyson McGuffin,3a43c56f-b9d8-4e72-ae8a-58fd69291946,dbcb41e9-e983-410b-bc23-d184d034cfc0,1.452,0.0151,0.4772
MD,Armaan Bhatia,Hien Truong,33292af3-984d-4752-8d18-b3a5c147e9fe,524b89ad-b76b-40b4-a0db-736bdc7b8adb,1.4519,0.03174,0.478
MD,Andrei Daescu,Grayson Goldin,581183e8-3d9e-459e-b69f-7337d8b6f3d2,43df1205-e834-4427-9f1a-4e173bf93296,1.4518,0.02263,0.4774
MD,Jack Munro,Luca Mack,f90428f0-e4a3-4a08-a664-518ba7f188d2,2aa8ced3-d599-4c83-86dd-ecc80196833b,1.4515,0.05706,0.4788
MD,Dekel Bar,Harsh Mehta,89843e44-48fd-4a3f-b8c0-5f5aa6ae5741,c18fb17d-e0bb-415c-901b-fa2f928ab22c,1.4511,0.03187,0.4773
MD,Yuta Funemizu,Etienne Blaszkewycz,ce4f0e14-80ea-4ed0-a81c-7341d356d427,d3e486f2-7c25-4bcf-b9dd-81c14f644f60,1.4503,0.0233,0.4762
MD,Dylan Frazier,Thomas Yu,1de884f8-7bf7-4b49-9de8-3f1fd74cabd6,8c94d7b2-0dce-455e-916f-e35927d53547,1.4501,0.03121,0.4765
MD,Dylan Frazier,Joseph Wild,1de884f8-7bf7-4b49-9de8-3f1fd74cabd6,a51b59c5-1a13-4472-821a-eb9866e72adf,1.4492,0.02361,0.4753
MD,Armaan Bhatia,Etienne Blaszkewycz,33292af3-984d-4752-8d18-b3a5c147e9fe,d3e486f2-7c25-4bcf-b9dd-81c14f644f60,1.4491,0.02288,0.4752
MD,Connor Garnett,Donald Young,ff38654d-daae-4bad-a1a7-690e4e5706eb,aec5d8be-9ce0-4cc5-98a4-140fad555fe0,1.4482,0.01827,0.4741
MD,Dekel Bar,Hien Truong,89843e44-48fd-4a3f-b8c0-5f5aa6ae5741,524b89ad-b76b-40b4-a0db-736bdc7b8adb,1.448,0.02994,0.4747
MD,CJ Klinger,Harsh Mehta,ead35052-7367-4296-96d4-064f546cc2b9,c18fb17d-e0bb-415c-901b-fa2f928ab22c,1.4477,0.03121,0.4745
MD,Roscoe Bellamy,Augustus Ge,925c1306-6b3b-4510-8482-f34168a0842a,ba491f1c-0112-47a8-a348-4695289e958a,1.4477,0.0133,0.4735
MD,Hunter Johnson,Oscar Serra,8160ad59-4654-46b1-b229-8d5f2a9a45f9,2c2a2b82-9ec7-4046-97cb-3a199ed507af,1.447,0.02679,0.4737
MD,Yuta Funemizu,Pablo Tellez,ce4f0e14-80ea-4ed0-a81c-7341d356d427,52726ab1-2ac9-46c0-be90-6b0e7a2d56eb,1.4469,0.01737,0.473
MD,Yuta Funemizu,Alex Emery,ce4f0e14-80ea-4ed0-a81c-7341d356d427,5c817399-aea7-481d-9a83-aab7431eabc1,1.4467,0.03883,0.4741
MD,Yuta Funemizu,Jaume Martinez Vich,ce4f0e14-80ea-4ed0-a81c-7341d356d427,cc8832b9-9a8f-4cbc-8eff-b20e9a7ff09a,1.4465,0.01547,0.4726
MD,Phuc Huynh,Tyson McGuffin,0763ffeb-1b1f-41c5-ab37-d17b66e50b50,dbcb41e9-e983-410b-bc23-d184d034cfc0,1.4462,0.04484,0.474
MD,Connor Garnett,Martin Emmrich,ff38654d-daae-4bad-a1a7-690e4e5706eb,e9849183-4693-4340-abf5-f4b6f3cb226f,1.446,0.01656,0.4722
MD,Will Howells,Juan Benitez,d0f19d1e-2a6e-4eb3-b10c-1311edd599a8,f4c43443-fdff-4344-b291-274cfd26361e,1.446,0.02011,0.4724
MD,Jack Munro,Donald Young,f90428f0-e4a3-4a08-a664-518ba7f188d2,aec5d8be-9ce0-4cc5-98a4-140fad555fe0,1.4457,0.05278,0.474
MD,Bruno Faletto,Juan Benitez,34049405-b415-4f3a-aade-5be0111ac7db,f4c43443-fdff-4344-b291-274cfd26361e,1.4457,0.0281,0.4727
MD,Vanshik Kapadia,Juan Benitez,6866df42-48ad-423c-9e57-d7d4d6fb66ef,f4c43443-fdff-4344-b291-274cfd26361e,1.4457,0.04796,0.4738
MD,Armaan Bhatia,Pablo Tellez,33292af3-984d-4752-8d18-b3a5c147e9fe,52726ab1-2ac9-46c0-be90-6b0e7a2d56eb,1.4457,0.01695,0.4719
MD,Quang Duong,John Lucian Goins,14d61e81-14d5-4cb3-ae33-d427fbc1b4f6,e96d9339-cfb6-473d-bcb3-23f2887a3e0f,1.4455,0.0352,0.4729
MD,Armaan Bhatia,Alex Emery,33292af3-984d-4752-8d18-b3a5c147e9fe,5c817399-aea7-481d-9a83-aab7431eabc1,1.4454,0.0384,0.473
MD,Armaan Bhatia,Jaume Martinez Vich,33292af3-984d-4752-8d18-b3a5c147e9fe,cc8832b9-9a8f-4cbc-8eff-b20e9a7ff09a,1.4453,0.01505,0.4715
MD,Dekel Bar,Etienne Blaszkewycz,89843e44-48fd-4a3f-b8c0-5f5aa6ae5741,d3e486f2-7c25-4bcf-b9dd-81c14f644f60,1.4452,0.02108,0.4717
MD,Hunter Johnson,George Wall,8160ad59-4654-46b1-b229-8d5f2a9a45f9,698c5236-e88f-411c-b44f-e54f16b2d6b5,1.4447,0.02695,0.4718
MD,CJ Klinger,Hien Truong,ead35052-7367-4296-96d4-064f546cc2b9,524b89ad-b76b-40b4-a0db-736bdc7b8adb,1.4447,0.02927,0.4719
MD,Yuta Funemizu,Max Freeman,ce4f0e14-80ea-4ed0-a81c-7341d356d427,b03ff4de-9b8f-46a8-a530-d8f19e9d6ec9,1.4446,0.01649,0.471
MD,Dylan Frazier,Harsh Mehta,1de884f8-7bf7-4b49-9de8-3f1fd74cabd6,c18fb17d-e0bb-415c-901b-fa2f928ab22c,1.444,0.03208,0.4715
MD,Augustus Ge,Anderson Scarpa,ba491f1c-0112-47a8-a348-4695289e958a,fa8d5d28-d8f5-4996-8c35-0f4ca3c35bae,1.4439,0.0152,0.4703
MD,Jack Munro,Martin Emmrich,f90428f0-e4a3-4a08-a664-518ba7f188d2,e9849183-4693-4340-abf5-f4b6f3cb226f,1.4436,0.05107,0.4722
MD,Connor Garnett,Rafa Hewett,ff38654d-daae-4bad-a1a7-690e4e5706eb,06ba18e0-687b-4aa3-822d-1c86981f576b,1.4435,0.01431,0.4699
MD,Armaan Bhatia,Max Freeman,33292af3-984d-4752-8d18-b3a5c147e9fe,b03ff4de-9b8f-46a8-a530-d8f19e9d6ec9,1.4434,0.01606,0.4699
MD,Quang Duong,Luca Mack,14d61e81-14d5-4cb3-ae33-d427fbc1b4f6,2aa8ced3-d599-4c83-86dd-ecc80196833b,1.4432,0.04101,0.4714
MD,Nicolas Acevedo,Tama Shimabukuro,a000a067-1bf1-442f-a961-e6c97cb50006,4af4d4d1-9f87-4dc7-95f2-b10751d44c15,1.4424,0.01428,0.4689
MD,Nicolas Acevedo,Patrick Kawka,a000a067-1bf1-442f-a961-e6c97cb50006,6876576c-b20e-47e3-99e4-d32759cc9f48,1.442,0.04846,0.4709
MD,Robert Slutsky,Tyson McGuffin,f6fa549d-8a9c-46fd-aeb8-af8a3f0f7a59,dbcb41e9-e983-410b-bc23-d184d034cfc0,1.442,0.02542,0.4693
MD,Yuta Funemizu,Connor Mogle,ce4f0e14-80ea-4ed0-a81c-7341d356d427,3d9c8684-953f-4008-b355-b6104ee56a5b,1.4419,0.01851,0.4688
MD,CJ Klinger,Etienne Blaszkewycz,ead35052-7367-4296-96d4-064f546cc2b9,d3e486f2-7c25-4bcf-b9dd-81c14f644f60,1.4418,0.02041,0.4689
MD,Noe Khlif,John Lucian Goins,1bb8b2c1-ca6f-45ac-afdd-fab7e77d69d4,e96d9339-cfb6-473d-bcb3-23f2887a3e0f,1.4417,0.01577,0.4684
MD,Dekel Bar,Pablo Tellez,89843e44-48fd-4a3f-b8c0-5f5aa6ae5741,52726ab1-2ac9-46c0-be90-6b0e7a2d56eb,1.4417,0.01515,0.4684
MD,Dekel Bar,Alex Emery,89843e44-48fd-4a3f-b8c0-5f5aa6ae5741,5c817399-aea7-481d-9a83-aab7431eabc1,1.4415,0.0366,0.4697
MD,Dekel Bar,Jaume Martinez Vich,89843e44-48fd-4a3f-b8c0-5f5aa6ae5741,cc8832b9-9a8f-4cbc-8eff-b20e9a7ff09a,1.4414,0.01325,0.468
MD,Jack Munro,Rafa Hewett,f90428f0-e4a3-4a08-a664-518ba7f188d2,06ba18e0-687b-4aa3-822d-1c86981f576b,1.4411,0.04881,0.4701
MD,Augustus Ge,Thomas Yu,ba491f1c-0112-47a8-a348-4695289e958a,8c94d7b2-0dce-455e-916f-e35927d53547,1.441,0.02949,0.4688
MD,Dylan Frazier,Hien Truong,1de884f8-7bf7-4b49-9de8-3f1fd74cabd6,524b89ad-b76b-40b4-a0db-736bdc7b8adb,1.4409,0.03014,0.4688
MD,Armaan Bhatia,Connor Mogle,33292af3-984d-4752-8d18-b3a5c147e9fe,3d9c8684-953f-4008-b355-b6104ee56a5b,1.4407,0.01809,0.4677
MD,Augustus Ge,Joseph Wild,ba491f1c-0112-47a8-a348-4695289e958a,a51b59c5-1a13-4472-821a-eb9866e72adf,1.44,0.0219,0.4675
MD,Thomas Wilson,Christopher Haworth,12d79cbe-b5c7-4504-ab8f-f352a6bb8629,a91e2b68-7357-4518-baf9-f59b0b4c2477,1.4398,0.05387,0.4694
MD,Dekel Bar,Max Freeman,89843e44-48fd-4a3f-b8c0-5f5aa6ae5741,b03ff4de-9b8f-46a8-a530-d8f19e9d6ec9,1.4395,0.01426,0.4664
MD,Noe Khlif,Luca Mack,1bb8b2c1-ca6f-45ac-afdd-fab7e77d69d4,2aa8ced3-d599-4c83-86dd-ecc80196833b,1.4394,0.02158,0.4669
MD,CJ Klinger,Pablo Tellez,ead35052-7367-4296-96d4-064f546cc2b9,52726ab1-2ac9-46c0-be90-6b0e7a2d56eb,1.4384,0.01448,0.4655
MD,CJ Klinger,Alex Emery,ead35052-7367-4296-96d4-064f546cc2b9,5c817399-aea7-481d-9a83-aab7431eabc1,1.4382,0.03594,0.4669
MD,Dylan Frazier,Etienne Blaszkewycz,1de884f8-7bf7-4b49-9de8-3f1fd74cabd6,d3e486f2-7c25-4bcf-b9dd-81c14f644f60,1.4381,0.02128,0.4657
MD,Andrei Daescu,Hoang Nam Ly,581183e8-3d9e-459e-b69f-7337d8b6f3d2,f1151ea2-759d-4d9f-a5b9-5ccd966dc3ca,1.438,0.02451,0.466
MD,Jack Sock,Tama Shimabukuro,3a43c56f-b9d8-4e72-ae8a-58fd69291946,4af4d4d1-9f87-4dc7-95f2-b10751d44c15,1.438,0.01409,0.4652
MD,CJ Klinger,Jaume Martinez Vich,ead35052-7367-4296-96d4-064f546cc2b9,cc8832b9-9a8f-4cbc-8eff-b20e9a7ff09a,1.438,0.01258,0.465
MD,Jack Sock,Patrick Kawka,3a43c56f-b9d8-4e72-ae8a-58fd69291946,6876576c-b20e-47e3-99e4-d32759cc9f48,1.4377,0.04828,0.4674
MD,Quang Duong,Donald Young,14d61e81-14d5-4cb3-ae33-d427fbc1b4f6,aec5d8be-9ce0-4cc5-98a4-140fad555fe0,1.4374,0.03673,0.4664
MD,Eric Oncins,Oliver Frank,52690a0c-ed4a-4e0b-bf69-4ef416cf7d55,e21cb6e0-aabb-43b2-a112-c0a0a59081bf,1.4373,0.03733,0.4663
MD,Dekel Bar,Connor Mogle,89843e44-48fd-4a3f-b8c0-5f5aa6ae5741,3d9c8684-953f-4008-b355-b6104ee56a5b,1.4368,0.01629,0.4643
MD,Roscoe Bellamy,Oscar Serra,925c1306-6b3b-4510-8482-f34168a0842a,2c2a2b82-9ec7-4046-97cb-3a199ed507af,1.4364,0.02606,0.4647
MD,CJ Klinger,Max Freeman,ead35052-7367-4296-96d4-064f546cc2b9,b03ff4de-9b8f-46a8-a530-d8f19e9d6ec9,1.4361,0.0136,0.4635
MD,Quang Duong,Martin Emmrich,14d61e81-14d5-4cb3-ae33-d427fbc1b4f6,e9849183-4693-4340-abf5-f4b6f3cb226f,1.4353,0.03502,0.4645
MD,Christian Alshon,Matthew Barlow,79a11da1-6aeb-4719-9b1e-9918e0163cec,3270dc72-53b7-4d35-aa4c-7f8b7b6bf905,1.4348,0.02284,0.4631
MD,Augustus Ge,Harsh Mehta,ba491f1c-0112-47a8-a348-4695289e958a,c18fb17d-e0bb-415c-901b-fa2f928ab22c,1.4348,0.03036,0.4638
MD,Dylan Frazier,Pablo Tellez,1de884f8-7bf7-4b49-9de8-3f1fd74cabd6,52726ab1-2ac9-46c0-be90-6b0e7a2d56eb,1.4346,0.01535,0.4624
MD,Dylan Frazier,Alex Emery,1de884f8-7bf7-4b49-9de8-3f1fd74cabd6,5c817399-aea7-481d-9a83-aab7431eabc1,1.4344,0.03681,0.4639
MD,Yuta Funemizu,Juan Benitez,ce4f0e14-80ea-4ed0-a81c-7341d356d427,f4c43443-fdff-4344-b291-274cfd26361e,1.4344,0.0224,0.4627
MD,Dylan Frazier,Jaume Martinez Vich,1de884f8-7bf7-4b49-9de8-3f1fd74cabd6,cc8832b9-9a8f-4cbc-8eff-b20e9a7ff09a,1.4343,0.01345,0.4619
MD,Roscoe Bellamy,George Wall,925c1306-6b3b-4510-8482-f34168a0842a,698c5236-e88f-411c-b44f-e54f16b2d6b5,1.4341,0.02622,0.4628
MD,Will Howells,John Lucian Goins,d0f19d1e-2a6e-4eb3-b10c-1311edd599a8,e96d9339-cfb6-473d-bcb3-23f2887a3e0f,1.434,0.01708,0.462
MD,Noe Khlif,Donald Young,1bb8b2c1-ca6f-45ac-afdd-fab7e77d69d4,aec5d8be-9ce0-4cc5-98a4-140fad555fe0,1.4336,0.0173,0.4617
MD,Bruno Faletto,John Lucian Goins,34049405-b415-4f3a-aade-5be0111ac7db,e96d9339-cfb6-473d-bcb3-23f2887a3e0f,1.4336,0.02507,0.4623
MD,Vanshik Kapadia,John Lucian Goins,6866df42-48ad-423c-9e57-d7d4d6fb66ef,e96d9339-cfb6-473d-bcb3-23f2887a3e0f,1.4336,0.04493,0.4639
MD,Nicolas Acevedo,Tristan Dussault,a000a067-1bf1-442f-a961-e6c97cb50006,3cab1673-2522-4dd5-ba07-2a1b88749d86,1.4335,0.02697,0.4624
MD,CJ Klinger,Connor Mogle,ead35052-7367-4296-96d4-064f546cc2b9,3d9c8684-953f-4008-b355-b6104ee56a5b,1.4334,0.01562,0.4614
MD,Armaan Bhatia,Juan Benitez,33292af3-984d-4752-8d18-b3a5c147e9fe,f4c43443-fdff-4344-b291-274cfd26361e,1.4331,0.02198,0.4616
MD,Quang Duong,Rafa Hewett,14d61e81-14d5-4cb3-ae33-d427fbc1b4f6,06ba18e0-687b-4aa3-822d-1c86981f576b,1.4328,0.03276,0.4623
MD,Oscar Serra,Anderson Scarpa,2c2a2b82-9ec7-4046-97cb-3a199ed507af,fa8d5d28-d8f5-4996-8c35-0f4ca3c35bae,1.4326,0.02796,0.4617
MD,Dylan Frazier,Max Freeman,1de884f8-7bf7-4b49-9de8-3f1fd74cabd6,b03ff4de-9b8f-46a8-a530-d8f19e9d6ec9,1.4324,0.01447,0.4603
MD,Phuc Huynh,Tama Shimabukuro,0763ffeb-1b1f-41c5-ab37-d17b66e50b50,4af4d4d1-9f87-4dc7-95f2-b10751d44c15,1.4322,0.04383,0.4627
MD,Phuc Huynh,Patrick Kawka,0763ffeb-1b1f-41c5-ab37-d17b66e50b50,6876576c-b20e-47e3-99e4-d32759cc9f48,1.4319,0.07802,0.4648
MD,Augustus Ge,Hien Truong,ba491f1c-0112-47a8-a348-4695289e958a,524b89ad-b76b-40b4-a0db-736bdc7b8adb,1.4318,0.02843,0.461
MD,Will Howells,Luca Mack,d0f19d1e-2a6e-4eb3-b10c-1311edd599a8,2aa8ced3-d599-4c83-86dd-ecc80196833b,1.4317,0.02288,0.4605
MD,Noe Khlif,Martin Emmrich,1bb8b2c1-ca6f-45ac-afdd-fab7e77d69d4,e9849183-4693-4340-abf5-f4b6f3cb226f,1.4315,0.01559,0.4597
MD,Bruno Faletto,Luca Mack,34049405-b415-4f3a-aade-5be0111ac7db,2aa8ced3-d599-4c83-86dd-ecc80196833b,1.4314,0.03088,0.461
MD,Vanshik Kapadia,Luca Mack,6866df42-48ad-423c-9e57-d7d4d6fb66ef,2aa8ced3-d599-4c83-86dd-ecc80196833b,1.4314,0.05073,0.4626
MD,George Wall,Anderson Scarpa,698c5236-e88f-411c-b44f-e54f16b2d6b5,fa8d5d28-d8f5-4996-8c35-0f4ca3c35bae,1.4303,0.02812,0.4598
MD,Hunter Johnson,Roscoe Bellamy,8160ad59-4654-46b1-b229-8d5f2a9a45f9,925c1306-6b3b-4510-8482-f34168a0842a,1.4302,0.0159,0.4586
MD,Connor Garnett,Tyson McGuffin,ff38654d-daae-4bad-a1a7-690e4e5706eb,dbcb41e9-e983-410b-bc23-d184d034cfc0,1.4297,0.01337,0.4579
MD,Dylan Frazier,Connor Mogle,1de884f8-7bf7-4b49-9de8-3f1fd74cabd6,3d9c8684-953f-4008-b355-b6104ee56a5b,1.4297,0.01649,0.4582
MD,Eric Oncins,Grayson Goldin,52690a0c-ed4a-4e0b-bf69-4ef416cf7d55,43df1205-e834-4427-9f1a-4e173bf93296,1.4296,0.02311,0.4588
MD,Oscar Serra,Thomas Yu,2c2a2b82-9ec7-4046-97cb-3a199ed507af,8c94d7b2-0dce-455e-916f-e35927d53547,1.4296,0.04225,0.4605
MD,Jack Sock,Tristan Dussault,3a43c56f-b9d8-4e72-ae8a-58fd69291946,3cab1673-2522-4dd5-ba07-2a1b88749d86,1.4292,0.02678,0.4588
MD,Dekel Bar,Juan Benitez,89843e44-48fd-4a3f-b8c0-5f5aa6ae5741,f4c43443-fdff-4344-b291-274cfd26361e,1.4292,0.02018,0.4581
MD,Noe Khlif,Rafa Hewett,1bb8b2c1-ca6f-45ac-afdd-fab7e77d69d4,06ba18e0-687b-4aa3-822d-1c86981f576b,1.429,0.01333,0.4573
MD,Augustus Ge,Etienne Blaszkewycz,ba491f1c-0112-47a8-a348-4695289e958a,d3e486f2-7c25-4bcf-b9dd-81c14f644f60,1.4289,0.01957,0.4578
MD,Oscar Serra,Joseph Wild,2c2a2b82-9ec7-4046-97cb-3a199ed507af,a51b59c5-1a13-4472-821a-eb9866e72adf,1.4287,0.03465,0.459
MD,Robert Slutsky,Tama Shimabukuro,f6fa549d-8a9c-46fd-aeb8-af8a3f0f7a59,4af4d4d1-9f87-4dc7-95f2-b10751d44c15,1.428,0.02441,0.4575
MD,Robert Slutsky,Patrick Kawka,f6fa549d-8a9c-46fd-aeb8-af8a3f0f7a59,6876576c-b20e-47e3-99e4-d32759cc9f48,1.4276,0.0586,0.4602
MD,Thomas Yu,George Wall,8c94d7b2-0dce-455e-916f-e35927d53547,698c5236-e88f-411c-b44f-e54f16b2d6b5,1.4273,0.04241,0.4587
MD,Jack Munro,Tyson McGuffin,f90428f0-e4a3-4a08-a664-518ba7f188d2,dbcb41e9-e983-410b-bc23-d184d034cfc0,1.4272,0.04788,0.459
MD,Hunter Johnson,Anderson Scarpa,8160ad59-4654-46b1-b229-8d5f2a9a45f9,fa8d5d28-d8f5-4996-8c35-0f4ca3c35bae,1.4264,0.0178,0.4555
MD,George Wall,Joseph Wild,698c5236-e88f-411c-b44f-e54f16b2d6b5,a51b59c5-1a13-4472-821a-eb9866e72adf,1.4264,0.03481,0.4572
MD,Will Howells,Donald Young,d0f19d1e-2a6e-4eb3-b10c-1311edd599a8,aec5d8be-9ce0-4cc5-98a4-140fad555fe0,1.4259,0.01861,0.4552
MD,CJ Klinger,Juan Benitez,ead35052-7367-4296-96d4-064f546cc2b9,f4c43443-fdff-4344-b291-274cfd26361e,1.4259,0.01951,0.4552
MD,Bruno Faletto,Donald Young,34049405-b415-4f3a-aade-5be0111ac7db,aec5d8be-9ce0-4cc5-98a4-140fad555fe0,1.4256,0.0266,0.4558
MD,Vanshik Kapadia,Donald Young,6866df42-48ad-423c-9e57-d7d4d6fb66ef,aec5d8be-9ce0-4cc5-98a4-140fad555fe0,1.4256,0.04646,0.4576
MD,Augustus Ge,Pablo Tellez,ba491f1c-0112-47a8-a348-4695289e958a,52726ab1-2ac9-46c0-be90-6b0e7a2d56eb,1.4255,0.01364,0.4543
MD,Augustus Ge,Alex Emery,ba491f1c-0112-47a8-a348-4695289e958a,5c817399-aea7-481d-9a83-aab7431eabc1,1.4252,0.03509,0.4563
MD,Augustus Ge,Jaume Martinez Vich,ba491f1c-0112-47a8-a348-4695289e958a,cc8832b9-9a8f-4cbc-8eff-b20e9a7ff09a,1.4251,0.01174,0.4538
MD,Will Howells,Martin Emmrich,d0f19d1e-2a6e-4eb3-b10c-1311edd599a8,e9849183-4693-4340-abf5-f4b6f3cb226f,1.4238,0.0169,0.4532
MD,Bruno Faletto,Martin Emmrich,34049405-b415-4f3a-aade-5be0111ac7db,e9849183-4693-4340-abf5-f4b6f3cb226f,1.4235,0.0249,0.4538
MD,Vanshik Kapadia,Martin Emmrich,6866df42-48ad-423c-9e57-d7d4d6fb66ef,e9849183-4693-4340-abf5-f4b6f3cb226f,1.4235,0.04475,0.4558
MD,Oscar Serra,Harsh Mehta,2c2a2b82-9ec7-4046-97cb-3a199ed507af,c18fb17d-e0bb-415c-901b-fa2f928ab22c,1.4235,0.04312,0.4556
MD,Phuc Huynh,Tristan Dussault,0763ffeb-1b1f-41c5-ab37-d17b66e50b50,3cab1673-2522-4dd5-ba07-2a1b88749d86,1.4234,0.05652,0.4567
MD,Hunter Johnson,Thomas Yu,8160ad59-4654-46b1-b229-8d5f2a9a45f9,8c94d7b2-0dce-455e-916f-e35927d53547,1.4234,0.0321,0.4545
MD,Augustus Ge,Max Freeman,ba491f1c-0112-47a8-a348-4695289e958a,b03ff4de-9b8f-46a8-a530-d8f19e9d6ec9,1.4232,0.01275,0.4523
MD,Hunter Johnson,Joseph Wild,8160ad59-4654-46b1-b229-8d5f2a9a45f9,a51b59c5-1a13-4472-821a-eb9866e72adf,1.4225,0.0245,0.4529
MD,Yuta Funemizu,John Lucian Goins,ce4f0e14-80ea-4ed0-a81c-7341d356d427,e96d9339-cfb6-473d-bcb3-23f2887a3e0f,1.4223,0.01937,0.4522
MD,Dylan Frazier,Juan Benitez,1de884f8-7bf7-4b49-9de8-3f1fd74cabd6,f4c43443-fdff-4344-b291-274cfd26361e,1.4221,0.02038,0.4522
MD,Thomas Wilson,Mohaned Alhouni,12d79cbe-b5c7-4504-ab8f-f352a6bb8629,1bab49f1-6891-4d3e-8f77-42aa4fc1d18e,1.4213,0.0535,0.4548
MD,Will Howells,Rafa Hewett,d0f19d1e-2a6e-4eb3-b10c-1311edd599a8,06ba18e0-687b-4aa3-822d-1c86981f576b,1.4213,0.01464,0.4508
MD,George Wall,Harsh Mehta,698c5236-e88f-411c-b44f-e54f16b2d6b5,c18fb17d-e0bb-415c-901b-fa2f928ab22c,1.4212,0.04328,0.4538
MD,Armaan Bhatia,John Lucian Goins,33292af3-984d-4752-8d18-b3a5c147e9fe,e96d9339-cfb6-473d-bcb3-23f2887a3e0f,1.4211,0.01895,0.4511
MD,Bruno Faletto,Rafa Hewett,34049405-b415-4f3a-aade-5be0111ac7db,06ba18e0-687b-4aa3-822d-1c86981f576b,1.421,0.02264,0.4515
MD,Vanshik Kapadia,Rafa Hewett,6866df42-48ad-423c-9e57-d7d4d6fb66ef,06ba18e0-687b-4aa3-822d-1c86981f576b,1.421,0.04249,0.4535
MD,Nicolas Acevedo,Christopher Haworth,a000a067-1bf1-442f-a961-e6c97cb50006,a91e2b68-7357-4518-baf9-f59b0b4c2477,1.4207,0.01741,0.4507
MD,Augustus Ge,Connor Mogle,ba491f1c-0112-47a8-a348-4695289e958a,3d9c8684-953f-4008-b355-b6104ee56a5b,1.4205,0.01478,0.4502
MD,Oscar Serra,Hien Truong,2c2a2b82-9ec7-4046-97cb-3a199ed507af,524b89ad-b76b-40b4-a0db-736bdc7b8adb,1.4204,0.04118,0.4529
MD,Yuta Funemizu,Luca Mack,ce4f0e14-80ea-4ed0-a81c-7341d356d427,2aa8ced3-d599-4c83-86dd-ecc80196833b,1.42,0.02517,0.451
MD,Robert Slutsky,Tristan Dussault,f6fa549d-8a9c-46fd-aeb8-af8a3f0f7a59,3cab1673-2522-4dd5-ba07-2a1b88749d86,1.4191,0.0371,0.4515
MD,Quang Duong,Tyson McGuffin,14d61e81-14d5-4cb3-ae33-d427fbc1b4f6,dbcb41e9-e983-410b-bc23-d184d034cfc0,1.419,0.03183,0.4508
MD,Roscoe Bellamy,Anderson Scarpa,925c1306-6b3b-4510-8482-f34168a0842a,fa8d5d28-d8f5-4996-8c35-0f4ca3c35bae,1.419,0.01707,0.4491
MD,Armaan Bhatia,Luca Mack,33292af3-984d-4752-8d18-b3a5c147e9fe,2aa8ced3-d599-4c83-86dd-ecc80196833b,1.4188,0.02475,0.4499
MD,George Wall,Hien Truong,698c5236-e88f-411c-b44f-e54f16b2d6b5,524b89ad-b76b-40b4-a0db-736bdc7b8adb,1.4181,0.04134,0.4511
MD,Oscar Serra,Etienne Blaszkewycz,2c2a2b82-9ec7-4046-97cb-3a199ed507af,d3e486f2-7c25-4bcf-b9dd-81c14f644f60,1.4176,0.03232,0.4497
MD,Hunter Johnson,Harsh Mehta,8160ad59-4654-46b1-b229-8d5f2a9a45f9,c18fb17d-e0bb-415c-901b-fa2f928ab22c,1.4173,0.03297,0.4495
MD,Dekel Bar,John Lucian Goins,89843e44-48fd-4a3f-b8c0-5f5aa6ae5741,e96d9339-cfb6-473d-bcb3-23f2887a3e0f,1.4171,0.01715,0.4476
MD,Jack Sock,Christopher Haworth,3a43c56f-b9d8-4e72-ae8a-58fd69291946,a91e2b68-7357-4518-baf9-f59b0b4c2477,1.4164,0.01722,0.4469
MD,Roscoe Bellamy,Thomas Yu,925c1306-6b3b-4510-8482-f34168a0842a,8c94d7b2-0dce-455e-916f-e35927d53547,1.4161,0.03136,0.4483
MD,Eric Oncins,Hoang Nam Ly,52690a0c-ed4a-4e0b-bf69-4ef416cf7d55,f1151ea2-759d-4d9f-a5b9-5ccd966dc3ca,1.4159,0.02499,0.4475
MD,Connor Garnett,Tama Shimabukuro,ff38654d-daae-4bad-a1a7-690e4e5706eb,4af4d4d1-9f87-4dc7-95f2-b10751d44c15,1.4157,0.01236,0.4458
MD,Connor Garnett,Patrick Kawka,ff38654d-daae-4bad-a1a7-690e4e5706eb,6876576c-b20e-47e3-99e4-d32759cc9f48,1.4154,0.04654,0.4494
MD,George Wall,Etienne Blaszkewycz,698c5236-e88f-411c-b44f-e54f16b2d6b5,d3e486f2-7c25-4bcf-b9dd-81c14f644f60,1.4153,0.03249,0.4478
MD,Noe Khlif,Tyson McGuffin,1bb8b2c1-ca6f-45ac-afdd-fab7e77d69d4,dbcb41e9-e983-410b-bc23-d184d034cfc0,1.4152,0.0124,0.4453
MD,Jay Devilliers,Oliver Frank,295e343a-31a0-4e1d-a286-d62592291435,e21cb6e0-aabb-43b2-a112-c0a0a59081bf,1.4151,0.03883,0.4484
MD,Roscoe Bellamy,Joseph Wild,925c1306-6b3b-4510-8482-f34168a0842a,a51b59c5-1a13-4472-821a-eb9866e72adf,1.4151,0.02377,0.4467
MD,Dekel Bar,Luca Mack,89843e44-48fd-4a3f-b8c0-5f5aa6ae5741,2aa8ced3-d599-4c83-86dd-ecc80196833b,1.4149,0.02295,0.4464
MD,Hunter Johnson,Hien Truong,8160ad59-4654-46b1-b229-8d5f2a9a45f9,524b89ad-b76b-40b4-a0db-736bdc7b8adb,1.4142,0.03103,0.4467
MD,Yuta Funemizu,Donald Young,ce4f0e14-80ea-4ed0-a81c-7341d356d427,aec5d8be-9ce0-4cc5-98a4-140fad555fe0,1.4142,0.0209,0.4456
MD,Oscar Serra,Pablo Tellez,2c2a2b82-9ec7-4046-97cb-3a199ed507af,52726ab1-2ac9-46c0-be90-6b0e7a2d56eb,1.4141,0.02639,0.4462
MD,Oscar Serra,Alex Emery,2c2a2b82-9ec7-4046-97cb-3a199ed507af,5c817399-aea7-481d-9a83-aab7431eabc1,1.4139,0.04785,0.4484
MD,CJ Klinger,John Lucian Goins,ead35052-7367-4296-96d4-064f546cc2b9,e96d9339-cfb6-473d-bcb3-23f2887a3e0f,1.4138,0.01648,0.4446
MD,Jaume Martinez Vich,Oscar Serra,cc8832b9-9a8f-4cbc-8eff-b20e9a7ff09a,2c2a2b82-9ec7-4046-97cb-3a199ed507af,1.4138,0.02449,0.4456
MD,Thomas Yu,Anderson Scarpa,8c94d7b2-0dce-455e-916f-e35927d53547,fa8d5d28-d8f5-4996-8c35-0f4ca3c35bae,1.4134,0.03326,0.4464
MD,Jack Munro,Tama Shimabukuro,f90428f0-e4a3-4a08-a664-518ba7f188d2,4af4d4d1-9f87-4dc7-95f2-b10751d44c15,1.4133,0.04687,0.4478
MD,Armaan Bhatia,Donald Young,33292af3-984d-4752-8d18-b3a5c147e9fe,aec5d8be-9ce0-4cc5-98a4-140fad555fe0,1.413,0.02047,0.4445
MD,Jack Munro,Patrick Kawka,f90428f0-e4a3-4a08-a664-518ba7f188d2,6876576c-b20e-47e3-99e4-d32759cc9f48,1.4129,0.08105,0.4508
MD,Augustus Ge,Juan Benitez,ba491f1c-0112-47a8-a348-4695289e958a,f4c43443-fdff-4344-b291-274cfd26361e,1.4129,0.01867,0.4442
MD,Anderson Scarpa,Joseph Wild,fa8d5d28-d8f5-4996-8c35-0f4ca3c35bae,a51b59c5-1a13-4472-821a-eb9866e72adf,1.4125,0.02567,0.4447
MD,Yuta Funemizu,Martin Emmrich,ce4f0e14-80ea-4ed0-a81c-7341d356d427,e9849183-4693-4340-abf5-f4b6f3cb226f,1.4121,0.01919,0.4436
MD,Oscar Serra,Max Freeman,2c2a2b82-9ec7-4046-97cb-3a199ed507af,b03ff4de-9b8f-46a8-a530-d8f19e9d6ec9,1.4119,0.02551,0.4442
MD,George Wall,Pablo Tellez,698c5236-e88f-411c-b44f-e54f16b2d6b5,52726ab1-2ac9-46c0-be90-6b0e7a2d56eb,1.4118,0.02655,0.4443
MD,George Wall,Alex Emery,698c5236-e88f-411c-b44f-e54f16b2d6b5,5c817399-aea7-481d-9a83-aab7431eabc1,1.4116,0.04801,0.4466
MD,CJ Klinger,Luca Mack,ead35052-7367-4296-96d4-064f546cc2b9,2aa8ced3-d599-4c83-86dd-ecc80196833b,1.4115,0.02229,0.4435
MD,Jaume Martinez Vich,George Wall,cc8832b9-9a8f-4cbc-8eff-b20e9a7ff09a,698c5236-e88f-411c-b44f-e54f16b2d6b5,1.4115,0.02465,0.4437
MD,Hunter Johnson,Etienne Blaszkewycz,8160ad59-4654-46b1-b229-8d5f2a9a45f9,d3e486f2-7c25-4bcf-b9dd-81c14f644f60,1.4113,0.02217,0.4433
MD,Armaan Bhatia,Martin Emmrich,33292af3-984d-4752-8d18-b3a5c147e9fe,e9849183-4693-4340-abf5-f4b6f3cb226f,1.4109,0.01877,0.4425
MD,Phuc Huynh,Christopher Haworth,0763ffeb-1b1f-41c5-ab37-d17b66e50b50,a91e2b68-7357-4518-baf9-f59b0b4c2477,1.4106,0.04697,0.4457
MD,Thomas Yu,Joseph Wild,8c94d7b2-0dce-455e-916f-e35927d53547,a51b59c5-1a13-4472-821a-eb9866e72adf,1.4105,0.03996,0.4447
MD,Dylan Frazier,John Lucian Goins,1de884f8-7bf7-4b49-9de8-3f1fd74cabd6,e96d9339-cfb6-473d-bcb3-23f2887a3e0f,1.41,0.01735,0.4416
MD,Roscoe Bellamy,Harsh Mehta,925c1306-6b3b-4510-8482-f34168a0842a,c18fb17d-e0bb-415c-901b-fa2f928ab22c,1.4099,0.03224,0.4434
MD,Yuta Funemizu,Rafa Hewett,ce4f0e14-80ea-4ed0-a81c-7341d356d427,06ba18e0-687b-4aa3-822d-1c86981f576b,1.4096,0.01693,0.4412
MD,George Wall,Max Freeman,698c5236-e88f-411c-b44f-e54f16b2d6b5,b03ff4de-9b8f-46a8-a530-d8f19e9d6ec9,1.4096,0.02567,0.4423
MD,Oscar Serra,Connor Mogle,2c2a2b82-9ec7-4046-97cb-3a199ed507af,3d9c8684-953f-4008-b355-b6104ee56a5b,1.4092,0.02753,0.4422
MD,Dekel Bar,Donald Young,89843e44-48fd-4a3f-b8c0-5f5aa6ae5741,aec5d8be-9ce0-4cc5-98a4-140fad555fe0,1.4091,0.01867,0.4409
MD,Armaan Bhatia,Rafa Hewett,33292af3-984d-4752-8d18-b3a5c147e9fe,06ba18e0-687b-4aa3-822d-1c86981f576b,1.4084,0.01651,0.4401
MD,Hunter Johnson,Pablo Tellez,8160ad59-4654-46b1-b229-8d5f2a9a45f9,52726ab1-2ac9-46c0-be90-6b0e7a2d56eb,1.4079,0.01624,0.4396
MD,Dylan Frazier,Luca Mack,1de884f8-7bf7-4b49-9de8-3f1fd74cabd6,2aa8ced3-d599-4c83-86dd-ecc80196833b,1.4078,0.02316,0.4404
MD,Hunter Johnson,Alex Emery,8160ad59-4654-46b1-b229-8d5f2a9a45f9,5c817399-aea7-481d-9a83-aab7431eabc1,1.4077,0.0377,0.4422
MD,Hunter Johnson,Jaume Martinez Vich,8160ad59-4654-46b1-b229-8d5f2a9a45f9,cc8832b9-9a8f-4cbc-8eff-b20e9a7ff09a,1.4076,0.01434,0.439
MD,Will Howells,Tyson McGuffin,d0f19d1e-2a6e-4eb3-b10c-1311edd599a8,dbcb41e9-e983-410b-bc23-d184d034cfc0,1.4075,0.0137,0.4389
MD,Jay Devilliers,Grayson Goldin,295e343a-31a0-4e1d-a286-d62592291435,43df1205-e834-4427-9f1a-4e173bf93296,1.4074,0.02461,0.4403
MD,Anderson Scarpa,Harsh Mehta,fa8d5d28-d8f5-4996-8c35-0f4ca3c35bae,c18fb17d-e0bb-415c-901b-fa2f928ab22c,1.4073,0.03414,0.4415
MD,Bruno Faletto,Tyson McGuffin,34049405-b415-4f3a-aade-5be0111ac7db,dbcb41e9-e983-410b-bc23-d184d034cfc0,1.4071,0.0217,0.4397
MD,Vanshik Kapadia,Tyson McGuffin,6866df42-48ad-423c-9e57-d7d4d6fb66ef,dbcb41e9-e983-410b-bc23-d184d034cfc0,1.4071,0.04155,0.4423
MD,Dekel Bar,Martin Emmrich,89843e44-48fd-4a3f-b8c0-5f5aa6ae5741,e9849183-4693-4340-abf5-f4b6f3cb226f,1.407,0.01697,0.4389
MD,Connor Garnett,Tristan Dussault,ff38654d-daae-4bad-a1a7-690e4e5706eb,3cab1673-2522-4dd5-ba07-2a1b88749d86,1.4069,0.02505,0.4399
MD,George Wall,Connor Mogle,698c5236-e88f-411c-b44f-e54f16b2d6b5,3d9c8684-953f-4008-b355-b6104ee56a5b,1.4069,0.0277,0.4403
MD,Roscoe Bellamy,Hien Truong,925c1306-6b3b-4510-8482-f34168a0842a,524b89ad-b76b-40b4-a0db-736bdc7b8adb,1.4068,0.0303,0.4406
MD,Robert Slutsky,Christopher Haworth,f6fa549d-8a9c-46fd-aeb8-af8a3f0f7a59,a91e2b68-7357-4518-baf9-f59b0b4c2477,1.4064,0.02755,0.4398
MD,Hunter Johnson,Max Freeman,8160ad59-4654-46b1-b229-8d5f2a9a45f9,b03ff4de-9b8f-46a8-a530-d8f19e9d6ec9,1.4057,0.01536,0.4375
MD,CJ Klinger,Donald Young,ead35052-7367-4296-96d4-064f546cc2b9,aec5d8be-9ce0-4cc5-98a4-140fad555fe0,1.4057,0.01801,0.438
MD,Thomas Yu,Harsh Mehta,8c94d7b2-0dce-455e-916f-e35927d53547,c18fb17d-e0bb-415c-901b-fa2f928ab22c,1.4052,0.04843,0.4416
MD,Quang Duong,Tama Shimabukuro,14d61e81-14d5-4cb3-ae33-d427fbc1b4f6,4af4d4d1-9f87-4dc7-95f2-b10751d44c15,1.405,0.03082,0.4392
MD,Quang Duong,Patrick Kawka,14d61e81-14d5-4cb3-ae33-d427fbc1b4f6,6876576c-b20e-47e3-99e4-d32759cc9f48,1.4047,0.065,0.443
MD,Joseph Wild,Harsh Mehta,a51b59c5-1a13-4472-821a-eb9866e72adf,c18fb17d-e0bb-415c-901b-fa2f928ab22c,1.4046,0.04083,0.4401
MD,Dekel Bar,Rafa Hewett,89843e44-48fd-4a3f-b8c0-5f5aa6ae5741,06ba18e0-687b-4aa3-822d-1c86981f576b,1.4045,0.01471,0.4364
MD,Jack Munro,Tristan Dussault,f90428f0-e4a3-4a08-a664-518ba7f188d2,3cab1673-2522-4dd5-ba07-2a1b88749d86,1.4044,0.05956,0.4422
MD,Hien Truong,Anderson Scarpa,524b89ad-b76b-40b4-a0db-736bdc7b8adb,fa8d5d28-d8f5-4996-8c35-0f4ca3c35bae,1.4042,0.0322,0.4387
MD,Roscoe Bellamy,Etienne Blaszkewycz,925c1306-6b3b-4510-8482-f34168a0842a,d3e486f2-7c25-4bcf-b9dd-81c14f644f60,1.404,0.02144,0.437
MD,CJ Klinger,Martin Emmrich,ead35052-7367-4296-96d4-064f546cc2b9,e9849183-4693-4340-abf5-f4b6f3cb226f,1.4036,0.0163,0.4359
MD,Hunter Johnson,Connor Mogle,8160ad59-4654-46b1-b229-8d5f2a9a45f9,3d9c8684-953f-4008-b355-b6104ee56a5b,1.4029,0.01738,0.4355
MD,Andrei Daescu,Matthew Barlow,581183e8-3d9e-459e-b69f-7337d8b6f3d2,3270dc72-53b7-4d35-aa4c-7f8b7b6bf905,1.4027,0.02243,0.436
MD,Federico Staksrud,Oliver Frank,7edb882c-6d17-4129-8208-710e3c82364c,e21cb6e0-aabb-43b2-a112-c0a0a59081bf,1.4023,0.03679,0.4377
MD,Nicolas Acevedo,Mohaned Alhouni,a000a067-1bf1-442f-a961-e6c97cb50006,1bab49f1-6891-4d3e-8f77-42aa4fc1d18e,1.4023,0.01704,0.4349
MD,Riley Newman,Oliver Frank,05b194b3-db88-4f77-a26f-5ef5cfbf6146,e21cb6e0-aabb-43b2-a112-c0a0a59081bf,1.4022,0.03807,0.4378
MD,Thomas Yu,Hien Truong,8c94d7b2-0dce-455e-916f-e35927d53547,524b89ad-b76b-40b4-a0db-736bdc7b8adb,1.4022,0.04649,0.4389
MD,Dylan Frazier,Donald Young,1de884f8-7bf7-4b49-9de8-3f1fd74cabd6,aec5d8be-9ce0-4cc5-98a4-140fad555fe0,1.402,0.01888,0.4349
MD,Oscar Serra,Juan Benitez,2c2a2b82-9ec7-4046-97cb-3a199ed507af,f4c43443-fdff-4344-b291-274cfd26361e,1.4016,0.03142,0.4364
MD,Hien Truong,Joseph Wild,524b89ad-b76b-40b4-a0db-736bdc7b8adb,a51b59c5-1a13-4472-821a-eb9866e72adf,1.4015,0.03889,0.4374
MD,Anderson Scarpa,Etienne Blaszkewycz,fa8d5d28-d8f5-4996-8c35-0f4ca3c35bae,d3e486f2-7c25-4bcf-b9dd-81c14f644f60,1.4014,0.02334,0.4351
MD,Noe Khlif,Tama Shimabukuro,1bb8b2c1-ca6f-45ac-afdd-fab7e77d69d4,4af4d4d1-9f87-4dc7-95f2-b10751d44c15,1.4012,0.01139,0.4331
MD,CJ Klinger,Rafa Hewett,ead35052-7367-4296-96d4-064f546cc2b9,06ba18e0-687b-4aa3-822d-1c86981f576b,1.4011,0.01404,0.4335
MD,Augustus Ge,John Lucian Goins,ba491f1c-0112-47a8-a348-4695289e958a,e96d9339-cfb6-473d-bcb3-23f2887a3e0f,1.4009,0.01564,0.4335
MD,Noe Khlif,Patrick Kawka,1bb8b2c1-ca6f-45ac-afdd-fab7e77d69d4,6876576c-b20e-47e3-99e4-d32759cc9f48,1.4008,0.04557,0.4377
MD,Roscoe Bellamy,Pablo Tellez,925c1306-6b3b-4510-8482-f34168a0842a,52726ab1-2ac9-46c0-be90-6b0e7a2d56eb,1.4006,0.01551,0.4332
MD,Roscoe Bellamy,Alex Emery,925c1306-6b3b-4510-8482-f34168a0842a,5c817399-aea7-481d-9a83-aab7431eabc1,1.4003,0.03696,0.4362
MD,Roscoe Bellamy,Jaume Martinez Vich,925c1306-6b3b-4510-8482-f34168a0842a,cc8832b9-9a8f-4cbc-8eff-b20e9a7ff09a,1.4002,0.01361,0.4326
MD,Dylan Frazier,Martin Emmrich,1de884f8-7bf7-4b49-9de8-3f1fd74cabd6,e9849183-4693-4340-abf5-f4b6f3cb226f,1.3999,0.01717,0.4329
MD,Thomas Yu,Etienne Blaszkewycz,8c94d7b2-0dce-455e-916f-e35927d53547,d3e486f2-7c25-4bcf-b9dd-81c14f644f60,1.3993,0.03763,0.4355
MD,George Wall,Juan Benitez,698c5236-e88f-411c-b44f-e54f16b2d6b5,f4c43443-fdff-4344-b291-274cfd26361e,1.3993,0.03158,0.4346
MD,Joseph Wild,Etienne Blaszkewycz,a51b59c5-1a13-4472-821a-eb9866e72adf,d3e486f2-7c25-4bcf-b9dd-81c14f644f60,1.3987,0.03003,0.4338
MD,Augustus Ge,Luca Mack,ba491f1c-0112-47a8-a348-4695289e958a,2aa8ced3-d599-4c83-86dd-ecc80196833b,1.3986,0.02144,0.4325
MD,Roscoe Bellamy,Max Freeman,925c1306-6b3b-4510-8482-f34168a0842a,b03ff4de-9b8f-46a8-a530-d8f19e9d6ec9,1.3983,0.01463,0.4312
MD,Jack Sock,Mohaned Alhouni,3a43c56f-b9d8-4e72-ae8a-58fd69291946,1bab49f1-6891-4d3e-8f77-42aa4fc1d18e,1.3979,0.01686,0.4312
MD,Hien Truong,Harsh Mehta,524b89ad-b76b-40b4-a0db-736bdc7b8adb,c18fb17d-e0bb-415c-901b-fa2f928ab22c,1.3979,0.04736,0.4356
MD,Pablo Tellez,Anderson Scarpa,52726ab1-2ac9-46c0-be90-6b0e7a2d56eb,fa8d5d28-d8f5-4996-8c35-0f4ca3c35bae,1.3979,0.01741,0.4313
MD,Anderson Scarpa,Alex Emery,fa8d5d28-d8f5-4996-8c35-0f4ca3c35bae,5c817399-aea7-481d-9a83-aab7431eabc1,1.3977,0.03886,0.4343
MD,Jaume Martinez Vich,Anderson Scarpa,cc8832b9-9a8f-4cbc-8eff-b20e9a7ff09a,fa8d5d28-d8f5-4996-8c35-0f4ca3c35bae,1.3976,0.01551,0.4307
MD,Dylan Frazier,Rafa Hewett,1de884f8-7bf7-4b49-9de8-3f1fd74cabd6,06ba18e0-687b-4aa3-822d-1c86981f576b,1.3974,0.01491,0.4304
MD,Quang Duong,Tristan Dussault,14d61e81-14d5-4cb3-ae33-d427fbc1b4f6,3cab1673-2522-4dd5-ba07-2a1b88749d86,1.3962,0.04351,0.4337
MD,Thomas Yu,Pablo Tellez,8c94d7b2-0dce-455e-916f-e35927d53547,52726ab1-2ac9-46c0-be90-6b0e7a2d56eb,1.3959,0.0317,0.4318
MD,Yuta Funemizu,Tyson McGuffin,ce4f0e14-80ea-4ed0-a81c-7341d356d427,dbcb41e9-e983-410b-bc23-d184d034cfc0,1.3958,0.01599,0.4293
MD,Thomas Yu,Alex Emery,8c94d7b2-0dce-455e-916f-e35927d53547,5c817399-aea7-481d-9a83-aab7431eabc1,1.3957,0.05316,0.4346
MD,Anderson Scarpa,Max Freeman,fa8d5d28-d8f5-4996-8c35-0f4ca3c35bae,b03ff4de-9b8f-46a8-a530-d8f19e9d6ec9,1.3957,0.01653,0.4293
MD,Roscoe Bellamy,Connor Mogle,925c1306-6b3b-4510-8482-f34168a0842a,3d9c8684-953f-4008-b355-b6104ee56a5b,1.3956,0.01665,0.4292
MD,Jaume Martinez Vich,Thomas Yu,cc8832b9-9a8f-4cbc-8eff-b20e9a7ff09a,8c94d7b2-0dce-455e-916f-e35927d53547,1.3955,0.0298,0.4313
MD,Hunter Johnson,Juan Benitez,8160ad59-4654-46b1-b229-8d5f2a9a45f9,f4c43443-fdff-4344-b291-274cfd26361e,1.3954,0.02127,0.4298
MD,Pablo Tellez,Joseph Wild,52726ab1-2ac9-46c0-be90-6b0e7a2d56eb,a51b59c5-1a13-4472-821a-eb9866e72adf,1.3953,0.0241,0.4301
MD,Harsh Mehta,Etienne Blaszkewycz,c18fb17d-e0bb-415c-901b-fa2f928ab22c,d3e486f2-7c25-4bcf-b9dd-81c14f644f60,1.3951,0.0385,0.4321
MD,Joseph Wild,Alex Emery,a51b59c5-1a13-4472-821a-eb9866e72adf,5c817399-aea7-481d-9a83-aab7431eabc1,1.395,0.04556,0.4331
MD,Jaume Martinez Vich,Joseph Wild,cc8832b9-9a8f-4cbc-8eff-b20e9a7ff09a,a51b59c5-1a13-4472-821a-eb9866e72adf,1.3949,0.0222,0.4295
MD,Federico Staksrud,Grayson Goldin,7edb882c-6d17-4129-8208-710e3c82364c,43df1205-e834-4427-9f1a-4e173bf93296,1.3946,0.02257,0.4293
MD,Armaan Bhatia,Tyson McGuffin,33292af3-984d-4752-8d18-b3a5c147e9fe,dbcb41e9-e983-410b-bc23-d184d034cfc0,1.3946,0.01557,0.4282
MD,Riley Newman,Grayson Goldin,05b194b3-db88-4f77-a26f-5ef5cfbf6146,43df1205-e834-4427-9f1a-4e173bf93296,1.3945,0.02385,0.4294
MD,Connor Garnett,Christopher Haworth,ff38654d-daae-4bad-a1a7-690e4e5706eb,a91e2b68-7357-4518-baf9-f59b0b4c2477,1.3941,0.01549,0.4278
MD,Jay Devilliers,Hoang Nam Ly,295e343a-31a0-4e1d-a286-d62592291435,f1151ea2-759d-4d9f-a5b9-5ccd966dc3ca,1.3937,0.02649,0.4292
MD,Thomas Yu,Max Freeman,8c94d7b2-0dce-455e-916f-e35927d53547,b03ff4de-9b8f-46a8-a530-d8f19e9d6ec9,1.3937,0.03082,0.4299
MD,Will Howells,Tama Shimabukuro,d0f19d1e-2a6e-4eb3-b10c-1311edd599a8,4af4d4d1-9f87-4dc7-95f2-b10751d44c15,1.3935,0.01269,0.4268
MD,Will Howells,Patrick Kawka,d0f19d1e-2a6e-4eb3-b10c-1311edd599a8,6876576c-b20e-47e3-99e4-d32759cc9f48,1.3932,0.04688,0.4318
MD,Bruno Faletto,Tama Shimabukuro,34049405-b415-4f3a-aade-5be0111ac7db,4af4d4d1-9f87-4dc7-95f2-b10751d44c15,1.3932,0.02069,0.4279
MD,Vanshik Kapadia,Tama Shimabukuro,6866df42-48ad-423c-9e57-d7d4d6fb66ef,4af4d4d1-9f87-4dc7-95f2-b10751d44c15,1.3932,0.04054,0.4309
MD,Hien Truong,Etienne Blaszkewycz,524b89ad-b76b-40b4-a0db-736bdc7b8adb,d3e486f2-7c25-4bcf-b9dd-81c14f644f60,1.393,0.03656,0.4301
MD,Anderson Scarpa,Connor Mogle,fa8d5d28-d8f5-4996-8c35-0f4ca3c35bae,3d9c8684-953f-4008-b355-b6104ee56a5b,1.393,0.01855,0.4273
MD,Joseph Wild,Max Freeman,a51b59c5-1a13-4472-821a-eb9866e72adf,b03ff4de-9b8f-46a8-a530-d8f19e9d6ec9,1.393,0.02322,0.4281
MD,Bruno Faletto,Patrick Kawka,34049405-b415-4f3a-aade-5be0111ac7db,6876576c-b20e-47e3-99e4-d32759cc9f48,1.3928,0.05487,0.4326
MD,Vanshik Kapadia,Patrick Kawka,6866df42-48ad-423c-9e57-d7d4d6fb66ef,6876576c-b20e-47e3-99e4-d32759cc9f48,1.3928,0.07473,0.4351
MD,Augustus Ge,Donald Young,ba491f1c-0112-47a8-a348-4695289e958a,aec5d8be-9ce0-4cc5-98a4-140fad555fe0,1.3928,0.01716,0.427
MD,Noe Khlif,Tristan Dussault,1bb8b2c1-ca6f-45ac-afdd-fab7e77d69d4,3cab1673-2522-4dd5-ba07-2a1b88749d86,1.3923,0.02408,0.4277
MD,Phuc Huynh,Mohaned Alhouni,0763ffeb-1b1f-41c5-ab37-d17b66e50b50,1bab49f1-6891-4d3e-8f77-42aa4fc1d18e,1.3921,0.0466,0.431
MD,Pablo Tellez,Harsh Mehta,52726ab1-2ac9-46c0-be90-6b0e7a2d56eb,c18fb17d-e0bb-415c-901b-fa2f928ab22c,1.3917,0.03257,0.4285
MD,Jack Munro,Christopher Haworth,f90428f0-e4a3-4a08-a664-518ba7f188d2,a91e2b68-7357-4518-baf9-f59b0b4c2477,1.3916,0.05,0.431
MD,Harsh Mehta,Alex Emery,c18fb17d-e0bb-415c-901b-fa2f928ab22c,5c817399-aea7-481d-9a83-aab7431eabc1,1.3914,0.05403,0.4314
MD,Jaume Martinez Vich,Harsh Mehta,cc8832b9-9a8f-4cbc-8eff-b20e9a7ff09a,c18fb17d-e0bb-415c-901b-fa2f928ab22c,1.3913,0.03067,0.4279
MD,Thomas Yu,Connor Mogle,8c94d7b2-0dce-455e-916f-e35927d53547,3d9c8684-953f-4008-b355-b6104ee56a5b,1.3909,0.03284,0.4279
MD,Augustus Ge,Martin Emmrich,ba491f1c-0112-47a8-a348-4695289e958a,e9849183-4693-4340-abf5-f4b6f3cb226f,1.3907,0.01546,0.4249
MD,Dekel Bar,Tyson McGuffin,89843e44-48fd-4a3f-b8c0-5f5aa6ae5741,dbcb41e9-e983-410b-bc23-d184d034cfc0,1.3906,0.01377,0.4245
MD,Joseph Wild,Connor Mogle,a51b59c5-1a13-4472-821a-eb9866e72adf,3d9c8684-953f-4008-b355-b6104ee56a5b,1.3903,0.02524,0.4262
MD,Oscar Serra,John Lucian Goins,2c2a2b82-9ec7-4046-97cb-3a199ed507af,e96d9339-cfb6-473d-bcb3-23f2887a3e0f,1.3895,0.02839,0.4261
MD,Hien Truong,Pablo Tellez,524b89ad-b76b-40b4-a0db-736bdc7b8adb,52726ab1-2ac9-46c0-be90-6b0e7a2d56eb,1.3895,0.03063,0.4265
MD,Max Freeman,Harsh Mehta,b03ff4de-9b8f-46a8-a530-d8f19e9d6ec9,c18fb17d-e0bb-415c-901b-fa2f928ab22c,1.3894,0.03169,0.4265
MD,Hien Truong,Alex Emery,524b89ad-b76b-40b4-a0db-736bdc7b8adb,5c817399-aea7-481d-9a83-aab7431eabc1,1.3893,0.05209,0.4295
MD,Jaume Martinez Vich,Hien Truong,cc8832b9-9a8f-4cbc-8eff-b20e9a7ff09a,524b89ad-b76b-40b4-a0db-736bdc7b8adb,1.3892,0.02873,0.4259
MD,Augustus Ge,Rafa Hewett,ba491f1c-0112-47a8-a348-4695289e958a,06ba18e0-687b-4aa3-822d-1c86981f576b,1.3882,0.0132,0.4223
MD,Roscoe Bellamy,Juan Benitez,925c1306-6b3b-4510-8482-f34168a0842a,f4c43443-fdff-4344-b291-274cfd26361e,1.388,0.02054,0.4235
MD,Robert Slutsky,Mohaned Alhouni,f6fa549d-8a9c-46fd-aeb8-af8a3f0f7a59,1bab49f1-6891-4d3e-8f77-42aa4fc1d18e,1.3879,0.02718,0.4245
MD,Pablo Tellez,Etienne Blaszkewycz,52726ab1-2ac9-46c0-be90-6b0e7a2d56eb,d3e486f2-7c25-4bcf-b9dd-81c14f644f60,1.3876,0.02177,0.4233
MD,CJ Klinger,Tyson McGuffin,ead35052-7367-4296-96d4-064f546cc2b9,dbcb41e9-e983-410b-bc23-d184d034cfc0,1.3873,0.01311,0.4215
MD,Oscar Serra,Luca Mack,2c2a2b82-9ec7-4046-97cb-3a199ed507af,2aa8ced3-d599-4c83-86dd-ecc80196833b,1.3873,0.03419,0.4252
MD,Hien Truong,Max Freeman,524b89ad-b76b-40b4-a0db-736bdc7b8adb,b03ff4de-9b8f-46a8-a530-d8f19e9d6ec9,1.3873,0.02975,0.4245
MD,Alex Emery,Etienne Blaszkewycz,5c817399-aea7-481d-9a83-aab7431eabc1,d3e486f2-7c25-4bcf-b9dd-81c14f644f60,1.3873,0.04323,0.4267
MD,Jaume Martinez Vich,Etienne Blaszkewycz,cc8832b9-9a8f-4cbc-8eff-b20e9a7ff09a,d3e486f2-7c25-4bcf-b9dd-81c14f644f60,1.3872,0.01988,0.4227
MD,John Lucian Goins,George Wall,e96d9339-cfb6-473d-bcb3-23f2887a3e0f,698c5236-e88f-411c-b44f-e54f16b2d6b5,1.3872,0.02855,0.4242
MD,Connor Mogle,Harsh Mehta,3d9c8684-953f-4008-b355-b6104ee56a5b,c18fb17d-e0bb-415c-901b-fa2f928ab22c,1.3867,0.03371,0.4246
MD,Anderson Scarpa,Juan Benitez,fa8d5d28-d8f5-4996-8c35-0f4ca3c35bae,f4c43443-fdff-4344-b291-274cfd26361e,1.3854,0.02244,0.4217
MD,Max Freeman,Etienne Blaszkewycz,b03ff4de-9b8f-46a8-a530-d8f19e9d6ec9,d3e486f2-7c25-4bcf-b9dd-81c14f644f60,1.3853,0.02089,0.4213
MD,George Wall,Luca Mack,698c5236-e88f-411c-b44f-e54f16b2d6b5,2aa8ced3-d599-4c83-86dd-ecc80196833b,1.385,0.03436,0.4234
MD,Pablo Tellez,Alex Emery,52726ab1-2ac9-46c0-be90-6b0e7a2d56eb,5c817399-aea7-481d-9a83-aab7431eabc1,1.385,0.0373,0.4238
MD,Jaume Martinez Vich,Pablo Tellez,cc8832b9-9a8f-4cbc-8eff-b20e9a7ff09a,52726ab1-2ac9-46c0-be90-6b0e7a2d56eb,1.3848,0.01394,0.4196
MD,Jaume Martinez Vich,Alex Emery,cc8832b9-9a8f-4cbc-8eff-b20e9a7ff09a,5c817399-aea7-481d-9a83-aab7431eabc1,1.3847,0.0354,0.4233
MD,Will Howells,Tristan Dussault,d0f19d1e-2a6e-4eb3-b10c-1311edd599a8,3cab1673-2522-4dd5-ba07-2a1b88749d86,1.3846,0.02538,0.4216
MD,Hien Truong,Connor Mogle,524b89ad-b76b-40b4-a0db-736bdc7b8adb,3d9c8684-953f-4008-b355-b6104ee56a5b,1.3846,0.03177,0.4226
MD,Bruno Faletto,Tristan Dussault,34049405-b415-4f3a-aade-5be0111ac7db,3cab1673-2522-4dd5-ba07-2a1b88749d86,1.3843,0.03338,0.4227
MD,Vanshik Kapadia,Tristan Dussault,6866df42-48ad-423c-9e57-d7d4d6fb66ef,3cab1673-2522-4dd5-ba07-2a1b88749d86,1.3843,0.05323,0.4257
MD,Dylan Frazier,Tyson McGuffin,1de884f8-7bf7-4b49-9de8-3f1fd74cabd6,dbcb41e9-e983-410b-bc23-d184d034cfc0,1.3835,0.01398,0.4185
MD,Quang Duong,Christopher Haworth,14d61e81-14d5-4cb3-ae33-d427fbc1b4f6,a91e2b68-7357-4518-baf9-f59b0b4c2477,1.3834,0.03395,0.422
MD,Thomas Yu,Juan Benitez,8c94d7b2-0dce-455e-916f-e35927d53547,f4c43443-fdff-4344-b291-274cfd26361e,1.3834,0.03673,0.4224
MD,Hunter Johnson,John Lucian Goins,8160ad59-4654-46b1-b229-8d5f2a9a45f9,e96d9339-cfb6-473d-bcb3-23f2887a3e0f,1.3833,0.01824,0.4192
MD,Pablo Tellez,Max Freeman,52726ab1-2ac9-46c0-be90-6b0e7a2d56eb,b03ff4de-9b8f-46a8-a530-d8f19e9d6ec9,1.383,0.01496,0.4182
MD,Max Freeman,Alex Emery,b03ff4de-9b8f-46a8-a530-d8f19e9d6ec9,5c817399-aea7-481d-9a83-aab7431eabc1,1.3828,0.03642,0.4219
MD,Jaume Martinez Vich,Max Freeman,cc8832b9-9a8f-4cbc-8eff-b20e9a7ff09a,b03ff4de-9b8f-46a8-a530-d8f19e9d6ec9,1.3827,0.01306,0.4177
MD,Joseph Wild,Juan Benitez,a51b59c5-1a13-4472-821a-eb9866e72adf,f4c43443-fdff-4344-b291-274cfd26361e,1.3827,0.02913,0.4206
MD,Connor Mogle,Etienne Blaszkewycz,3d9c8684-953f-4008-b355-b6104ee56a5b,d3e486f2-7c25-4bcf-b9dd-81c14f644f60,1.3826,0.02292,0.4194
MD,Yuta Funemizu,Tama Shimabukuro,ce4f0e14-80ea-4ed0-a81c-7341d356d427,4af4d4d1-9f87-4dc7-95f2-b10751d44c15,1.3818,0.01498,0.4173
MD,Yuta Funemizu,Patrick Kawka,ce4f0e14-80ea-4ed0-a81c-7341d356d427,6876576c-b20e-47e3-99e4-d32759cc9f48,1.3815,0.04917,0.4229
MD,Oscar Serra,Donald Young,2c2a2b82-9ec7-4046-97cb-3a199ed507af,aec5d8be-9ce0-4cc5-98a4-140fad555fe0,1.3815,0.02992,0.4197
MD,Hunter Johnson,Luca Mack,8160ad59-4654-46b1-b229-8d5f2a9a45f9,2aa8ced3-d599-4c83-86dd-ecc80196833b,1.3811,0.02404,0.4184
MD,Federico Staksrud,Hoang Nam Ly,7edb882c-6d17-4129-8208-710e3c82364c,f1151ea2-759d-4d9f-a5b9-5ccd966dc3ca,1.3808,0.02444,0.4183
MD,Riley Newman,Hoang Nam Ly,05b194b3-db88-4f77-a26f-5ef5cfbf6146,f1151ea2-759d-4d9f-a5b9-5ccd966dc3ca,1.3808,0.02573,0.4184
MD,Armaan Bhatia,Tama Shimabukuro,33292af3-984d-4752-8d18-b3a5c147e9fe,4af4d4d1-9f87-4dc7-95f2-b10751d44c15,1.3806,0.01456,0.4162
MD,Eric Oncins,Matthew Barlow,52690a0c-ed4a-4e0b-bf69-4ef416cf7d55,3270dc72-53b7-4d35-aa4c-7f8b7b6bf905,1.3805,0.02291,0.4177
MD,Armaan Bhatia,Patrick Kawka,33292af3-984d-4752-8d18-b3a5c147e9fe,6876576c-b20e-47e3-99e4-d32759cc9f48,1.3803,0.04875,0.4219
MD,Pablo Tellez,Connor Mogle,52726ab1-2ac9-46c0-be90-6b0e7a2d56eb,3d9c8684-953f-4008-b355-b6104ee56a5b,1.3802,0.01698,0.4163
MD,Connor Mogle,Alex Emery,3d9c8684-953f-4008-b355-b6104ee56a5b,5c817399-aea7-481d-9a83-aab7431eabc1,1.3801,0.03844,0.4201
MD,Jaume Martinez Vich,Connor Mogle,cc8832b9-9a8f-4cbc-8eff-b20e9a7ff09a,3d9c8684-953f-4008-b355-b6104ee56a5b,1.38,0.01508,0.4157
MD,Noe Khlif,Christopher Haworth,1bb8b2c1-ca6f-45ac-afdd-fab7e77d69d4,a91e2b68-7357-4518-baf9-f59b0b4c2477,1.3795,0.01452,0.4153
MD,Oscar Serra,Martin Emmrich,2c2a2b82-9ec7-4046-97cb-3a199ed507af,e9849183-4693-4340-abf5-f4b6f3cb226f,1.3793,0.02821,0.4177
MD,George Wall,Donald Young,698c5236-e88f-411c-b44f-e54f16b2d6b5,aec5d8be-9ce0-4cc5-98a4-140fad555fe0,1.3792,0.03008,0.4179
MD,Harsh Mehta,Juan Benitez,c18fb17d-e0bb-415c-901b-fa2f928ab22c,f4c43443-fdff-4344-b291-274cfd26361e,1.3791,0.0376,0.4192
MD,Connor Mogle,Max Freeman,3d9c8684-953f-4008-b355-b6104ee56a5b,b03ff4de-9b8f-46a8-a530-d8f19e9d6ec9,1.3787,0.0161,0.4148
MD,George Wall,Martin Emmrich,698c5236-e88f-411c-b44f-e54f16b2d6b5,e9849183-4693-4340-abf5-f4b6f3cb226f,1.3771,0.02837,0.4159
MD,Hien Truong,Juan Benitez,524b89ad-b76b-40b4-a0db-736bdc7b8adb,f4c43443-fdff-4344-b291-274cfd26361e,1.377,0.03566,0.4171
MD,Oscar Serra,Rafa Hewett,2c2a2b82-9ec7-4046-97cb-3a199ed507af,06ba18e0-687b-4aa3-822d-1c86981f576b,1.3769,0.02595,0.4152
MD,Dekel Bar,Tama Shimabukuro,89843e44-48fd-4a3f-b8c0-5f5aa6ae5741,4af4d4d1-9f87-4dc7-95f2-b10751d44c15,1.3767,0.01276,0.4125
MD,Dekel Bar,Patrick Kawka,89843e44-48fd-4a3f-b8c0-5f5aa6ae5741,6876576c-b20e-47e3-99e4-d32759cc9f48,1.3763,0.04695,0.4185
MD,Roscoe Bellamy,John Lucian Goins,925c1306-6b3b-4510-8482-f34168a0842a,e96d9339-cfb6-473d-bcb3-23f2887a3e0f,1.376,0.01751,0.4128
MD,Connor Garnett,Mohaned Alhouni,ff38654d-daae-4bad-a1a7-690e4e5706eb,1bab49f1-6891-4d3e-8f77-42aa4fc1d18e,1.3756,0.01512,0.4121
MD,Hunter Johnson,Donald Young,8160ad59-4654-46b1-b229-8d5f2a9a45f9,aec5d8be-9ce0-4cc5-98a4-140fad555fe0,1.3753,0.01977,0.4127
MD,Etienne Blaszkewycz,Juan Benitez,d3e486f2-7c25-4bcf-b9dd-81c14f644f60,f4c43443-fdff-4344-b291-274cfd26361e,1.375,0.0268,0.4139
MD,George Wall,Rafa Hewett,698c5236-e88f-411c-b44f-e54f16b2d6b5,06ba18e0-687b-4aa3-822d-1c86981f576b,1.3746,0.02611,0.4134
MD,Augustus Ge,Tyson McGuffin,ba491f1c-0112-47a8-a348-4695289e958a,dbcb41e9-e983-410b-bc23-d184d034cfc0,1.3744,0.01226,0.4104
MD,Roscoe Bellamy,Luca Mack,925c1306-6b3b-4510-8482-f34168a0842a,2aa8ced3-d599-4c83-86dd-ecc80196833b,1.3737,0.02331,0.4121
MD,CJ Klinger,Tama Shimabukuro,ead35052-7367-4296-96d4-064f546cc2b9,4af4d4d1-9f87-4dc7-95f2-b10751d44c15,1.3733,0.0121,0.4095
MD,John Lucian Goins,Anderson Scarpa,e96d9339-cfb6-473d-bcb3-23f2887a3e0f,fa8d5d28-d8f5-4996-8c35-0f4ca3c35bae,1.3733,0.01941,0.4111
MD,Jack Munro,Mohaned Alhouni,f90428f0-e4a3-4a08-a664-518ba7f188d2,1bab49f1-6891-4d3e-8f77-42aa4fc1d18e,1.3732,0.04963,0.4165
MD,Hunter Johnson,Martin Emmrich,8160ad59-4654-46b1-b229-8d5f2a9a45f9,e9849183-4693-4340-abf5-f4b6f3cb226f,1.3731,0.01806,0.4106
MD,Yuta Funemizu,Tristan Dussault,ce4f0e14-80ea-4ed0-a81c-7341d356d427,3cab1673-2522-4dd5-ba07-2a1b88749d86,1.373,0.02767,0.4124
MD,CJ Klinger,Patrick Kawka,ead35052-7367-4296-96d4-064f546cc2b9,6876576c-b20e-47e3-99e4-d32759cc9f48,1.373,0.04628,0.4157
MD,Pablo Tellez,Juan Benitez,52726ab1-2ac9-46c0-be90-6b0e7a2d56eb,f4c43443-fdff-4344-b291-274cfd26361e,1.3727,0.02087,0.4108
MD,Alex Emery,Juan Benitez,5c817399-aea7-481d-9a83-aab7431eabc1,f4c43443-fdff-4344-b291-274cfd26361e,1.3725,0.04233,0.4147
MD,Jaume Martinez Vich,Juan Benitez,cc8832b9-9a8f-4cbc-8eff-b20e9a7ff09a,f4c43443-fdff-4344-b291-274cfd26361e,1.3724,0.01897,0.4102
MD,Will Howells,Christopher Haworth,d0f19d1e-2a6e-4eb3-b10c-1311edd599a8,a91e2b68-7357-4518-baf9-f59b0b4c2477,1.3719,0.01582,0.4091
MD,Armaan Bhatia,Tristan Dussault,33292af3-984d-4752-8d18-b3a5c147e9fe,3cab1673-2522-4dd5-ba07-2a1b88749d86,1.3717,0.02725,0.4113
MD,Bruno Faletto,Christopher Haworth,34049405-b415-4f3a-aade-5be0111ac7db,a91e2b68-7357-4518-baf9-f59b0b4c2477,1.3715,0.02382,0.4104
MD,Vanshik Kapadia,Christopher Haworth,6866df42-48ad-423c-9e57-d7d4d6fb66ef,a91e2b68-7357-4518-baf9-f59b0b4c2477,1.3715,0.04367,0.4142
MD,Thomas Yu,John Lucian Goins,8c94d7b2-0dce-455e-916f-e35927d53547,e96d9339-cfb6-473d-bcb3-23f2887a3e0f,1.3713,0.0337,0.4122
MD,Anderson Scarpa,Luca Mack,fa8d5d28-d8f5-4996-8c35-0f4ca3c35bae,2aa8ced3-d599-4c83-86dd-ecc80196833b,1.3711,0.02521,0.4103
MD,Max Freeman,Juan Benitez,b03ff4de-9b8f-46a8-a530-d8f19e9d6ec9,f4c43443-fdff-4344-b291-274cfd26361e,1.3711,0.01999,0.4093
MD,Hunter Johnson,Rafa Hewett,8160ad59-4654-46b1-b229-8d5f2a9a45f9,06ba18e0-687b-4aa3-822d-1c86981f576b,1.3707,0.0158,0.4081
MD,John Lucian Goins,Joseph Wild,e96d9339-cfb6-473d-bcb3-23f2887a3e0f,a51b59c5-1a13-4472-821a-eb9866e72adf,1.3706,0.0261,0.4102
MD,Thomas Wilson,Oliver Frank,12d79cbe-b5c7-4504-ab8f-f352a6bb8629,e21cb6e0-aabb-43b2-a112-c0a0a59081bf,1.37,0.07547,0.4181
MD,Dylan Frazier,Tama Shimabukuro,1de884f8-7bf7-4b49-9de8-3f1fd74cabd6,4af4d4d1-9f87-4dc7-95f2-b10751d44c15,1.3696,0.01297,0.4065
MD,Dylan Frazier,Patrick Kawka,1de884f8-7bf7-4b49-9de8-3f1fd74cabd6,6876576c-b20e-47e3-99e4-d32759cc9f48,1.3692,0.04715,0.413
MD,Connor Mogle,Juan Benitez,3d9c8684-953f-4008-b355-b6104ee56a5b,f4c43443-fdff-4344-b291-274cfd26361e,1.3692,0.02201,0.4082
MD,Thomas Yu,Luca Mack,8c94d7b2-0dce-455e-916f-e35927d53547,2aa8ced3-d599-4c83-86dd-ecc80196833b,1.3691,0.0395,0.4115
MD,Luca Mack,Joseph Wild,2aa8ced3-d599-4c83-86dd-ecc80196833b,a51b59c5-1a13-4472-821a-eb9866e72adf,1.3684,0.03191,0.4095
MD,Roscoe Bellamy,Donald Young,925c1306-6b3b-4510-8482-f34168a0842a,aec5d8be-9ce0-4cc5-98a4-140fad555fe0,1.3679,0.01904,0.4065
MD,Dekel Bar,Tristan Dussault,89843e44-48fd-4a3f-b8c0-5f5aa6ae5741,3cab1673-2522-4dd5-ba07-2a1b88749d86,1.3678,0.02545,0.4077
MD,John Lucian Goins,Harsh Mehta,e96d9339-cfb6-473d-bcb3-23f2887a3e0f,c18fb17d-e0bb-415c-901b-fa2f928ab22c,1.3671,0.03457,0.4089
MD,Roscoe Bellamy,Martin Emmrich,925c1306-6b3b-4510-8482-f34168a0842a,e9849183-4693-4340-abf5-f4b6f3cb226f,1.3658,0.01733,0.4043
MD,Anderson Scarpa,Donald Young,fa8d5d28-d8f5-4996-8c35-0f4ca3c35bae,aec5d8be-9ce0-4cc5-98a4-140fad555fe0,1.3653,0.02094,0.4047
MD,Quang Duong,Mohaned Alhouni,14d61e81-14d5-4cb3-ae33-d427fbc1b4f6,1bab49f1-6891-4d3e-8f77-42aa4fc1d18e,1.3649,0.03358,0.407
MD,John Lucian Goins,Hien Truong,e96d9339-cfb6-473d-bcb3-23f2887a3e0f,524b89ad-b76b-40b4-a0db-736bdc7b8adb,1.3649,0.03263,0.4068
MD,Luca Mack,Harsh Mehta,2aa8ced3-d599-4c83-86dd-ecc80196833b,c18fb17d-e0bb-415c-901b-fa2f928ab22c,1.3648,0.04037,0.4082
MD,CJ Klinger,Tristan Dussault,ead35052-7367-4296-96d4-064f546cc2b9,3cab1673-2522-4dd5-ba07-2a1b88749d86,1.3645,0.02479,0.4048
MD,Roscoe Bellamy,Rafa Hewett,925c1306-6b3b-4510-8482-f34168a0842a,06ba18e0-687b-4aa3-822d-1c86981f576b,1.3633,0.01507,0.4017
MD,Thomas Yu,Donald Young,8c94d7b2-0dce-455e-916f-e35927d53547,aec5d8be-9ce0-4cc5-98a4-140fad555fe0,1.3633,0.03523,0.406
MD,Anderson Scarpa,Martin Emmrich,fa8d5d28-d8f5-4996-8c35-0f4ca3c35bae,e9849183-4693-4340-abf5-f4b6f3cb226f,1.3632,0.01923,0.4026
MD,Oscar Serra,Tyson McGuffin,2c2a2b82-9ec7-4046-97cb-3a199ed507af,dbcb41e9-e983-410b-bc23-d184d034cfc0,1.363,0.02501,0.4037
MD,John Lucian Goins,Etienne Blaszkewycz,e96d9339-cfb6-473d-bcb3-23f2887a3e0f,d3e486f2-7c25-4bcf-b9dd-81c14f644f60,1.363,0.02377,0.4034
MD,Hien Truong,Luca Mack,524b89ad-b76b-40b4-a0db-736bdc7b8adb,2aa8ced3-d599-4c83-86dd-ecc80196833b,1.3627,0.03844,0.4062
MD,Ben Johns,Zane Ford,6f862c1d-1317-4fe7-bdcd-64caa0dbb088,0c5b84bb-4c04-4906-86bc-deb533ff4eec,1.3626,0.01925,0.4021
MD,Joseph Wild,Donald Young,a51b59c5-1a13-4472-821a-eb9866e72adf,aec5d8be-9ce0-4cc5-98a4-140fad555fe0,1.3626,0.02763,0.4039
MD,Thomas Wilson,Grayson Goldin,12d79cbe-b5c7-4504-ab8f-f352a6bb8629,43df1205-e834-4427-9f1a-4e173bf93296,1.3623,0.06125,0.4101
MD,Noe Khlif,Mohaned Alhouni,1bb8b2c1-ca6f-45ac-afdd-fab7e77d69d4,1bab49f1-6891-4d3e-8f77-42aa4fc1d18e,1.3611,0.01415,0.3997
MD,Thomas Yu,Martin Emmrich,8c94d7b2-0dce-455e-916f-e35927d53547,e9849183-4693-4340-abf5-f4b6f3cb226f,1.3611,0.03352,0.4039
MD,Dylan Frazier,Tristan Dussault,1de884f8-7bf7-4b49-9de8-3f1fd74cabd6,3cab1673-2522-4dd5-ba07-2a1b88749d86,1.3607,0.02566,0.4019
MD,George Wall,Tyson McGuffin,698c5236-e88f-411c-b44f-e54f16b2d6b5,dbcb41e9-e983-410b-bc23-d184d034cfc0,1.3607,0.02518,0.4019
MD,Anderson Scarpa,Rafa Hewett,fa8d5d28-d8f5-4996-8c35-0f4ca3c35bae,06ba18e0-687b-4aa3-822d-1c86981f576b,1.3607,0.01697,0.4
MD,Luca Mack,Etienne Blaszkewycz,2aa8ced3-d599-4c83-86dd-ecc80196833b,d3e486f2-7c25-4bcf-b9dd-81c14f644f60,1.3607,0.02958,0.4028
MD,John Lucian Goins,Pablo Tellez,e96d9339-cfb6-473d-bcb3-23f2887a3e0f,52726ab1-2ac9-46c0-be90-6b0e7a2d56eb,1.3606,0.01784,0.4001
MD,Joseph Wild,Martin Emmrich,a51b59c5-1a13-4472-821a-eb9866e72adf,e9849183-4693-4340-abf5-f4b6f3cb226f,1.3605,0.02592,0.4018
MD,Augustus Ge,Tama Shimabukuro,ba491f1c-0112-47a8-a348-4695289e958a,4af4d4d1-9f87-4dc7-95f2-b10751d44c15,1.3604,0.01125,0.3984
MD,Jaume Martinez Vich,John Lucian Goins,cc8832b9-9a8f-4cbc-8eff-b20e9a7ff09a,e96d9339-cfb6-473d-bcb3-23f2887a3e0f,1.3604,0.01594,0.3995
MD,John Lucian Goins,Alex Emery,e96d9339-cfb6-473d-bcb3-23f2887a3e0f,5c817399-aea7-481d-9a83-aab7431eabc1,1.3604,0.0393,0.4045
MD,Yuta Funemizu,Christopher Haworth,ce4f0e14-80ea-4ed0-a81c-7341d356d427,a91e2b68-7357-4518-baf9-f59b0b4c2477,1.3602,0.01812,0.3998
MD,Augustus Ge,Patrick Kawka,ba491f1c-0112-47a8-a348-4695289e958a,6876576c-b20e-47e3-99e4-d32759cc9f48,1.3601,0.04544,0.4055
MD,Armaan Bhatia,Christopher Haworth,33292af3-984d-4752-8d18-b3a5c147e9fe,a91e2b68-7357-4518-baf9-f59b0b4c2477,1.359,0.01769,0.3987
MD,John Lucian Goins,Max Freeman,e96d9339-cfb6-473d-bcb3-23f2887a3e0f,b03ff4de-9b8f-46a8-a530-d8f19e9d6ec9,1.359,0.01696,0.3986
MD,Donald Young,Harsh Mehta,aec5d8be-9ce0-4cc5-98a4-140fad555fe0,c18fb17d-e0bb-415c-901b-fa2f928ab22c,1.359,0.0361,0.4028
MD,Thomas Yu,Rafa Hewett,8c94d7b2-0dce-455e-916f-e35927d53547,06ba18e0-687b-4aa3-822d-1c86981f576b,1.3586,0.03126,0.4015
MD,Jay Devilliers,Matthew Barlow,295e343a-31a0-4e1d-a286-d62592291435,3270dc72-53b7-4d35-aa4c-7f8b7b6bf905,1.3583,0.02441,0.3997
MD,Pablo Tellez,Luca Mack,52726ab1-2ac9-46c0-be90-6b0e7a2d56eb,2aa8ced3-d599-4c83-86dd-ecc80196833b,1.3583,0.02365,0.3996
MD,Luca Mack,Alex Emery,2aa8ced3-d599-4c83-86dd-ecc80196833b,5c817399-aea7-481d-9a83-aab7431eabc1,1.3582,0.0451,0.4039
MD,Jaume Martinez Vich,Luca Mack,cc8832b9-9a8f-4cbc-8eff-b20e9a7ff09a,2aa8ced3-d599-4c83-86dd-ecc80196833b,1.3581,0.02175,0.3989
MD,Joseph Wild,Rafa Hewett,a51b59c5-1a13-4472-821a-eb9866e72adf,06ba18e0-687b-4aa3-822d-1c86981f576b,1.358,0.02366,0.3993
MD,John Lucian Goins,Connor Mogle,e96d9339-cfb6-473d-bcb3-23f2887a3e0f,3d9c8684-953f-4008-b355-b6104ee56a5b,1.3572,0.01898,0.3975
MD,Hien Truong,Donald Young,524b89ad-b76b-40b4-a0db-736bdc7b8adb,aec5d8be-9ce0-4cc5-98a4-140fad555fe0,1.3569,0.03416,0.4007
MD,Harsh Mehta,Martin Emmrich,c18fb17d-e0bb-415c-901b-fa2f928ab22c,e9849183-4693-4340-abf5-f4b6f3cb226f,1.3569,0.03439,0.4007
MD,Hunter Johnson,Tyson McGuffin,8160ad59-4654-46b1-b229-8d5f2a9a45f9,dbcb41e9-e983-410b-bc23-d184d034cfc0,1.3568,0.01486,0.3963
MD,Luca Mack,Max Freeman,2aa8ced3-d599-4c83-86dd-ecc80196833b,b03ff4de-9b8f-46a8-a530-d8f19e9d6ec9,1.3568,0.02276,0.3981
MD,Dekel Bar,Christopher Haworth,89843e44-48fd-4a3f-b8c0-5f5aa6ae5741,a91e2b68-7357-4518-baf9-f59b0b4c2477,1.355,0.01589,0.395
MD,Luca Mack,Connor Mogle,2aa8ced3-d599-4c83-86dd-ecc80196833b,3d9c8684-953f-4008-b355-b6104ee56a5b,1.3549,0.02479,0.3971
MD,Donald Young,Etienne Blaszkewycz,aec5d8be-9ce0-4cc5-98a4-140fad555fe0,d3e486f2-7c25-4bcf-b9dd-81c14f644f60,1.3549,0.0253,0.3972
MD,Hien Truong,Martin Emmrich,524b89ad-b76b-40b4-a0db-736bdc7b8adb,e9849183-4693-4340-abf5-f4b6f3cb226f,1.3548,0.03245,0.3986
MD,Harsh Mehta,Rafa Hewett,c18fb17d-e0bb-415c-901b-fa2f928ab22c,06ba18e0-687b-4aa3-822d-1c86981f576b,1.3544,0.03213,0.3983
MD,Will Howells,Mohaned Alhouni,d0f19d1e-2a6e-4eb3-b10c-1311edd599a8,1bab49f1-6891-4d3e-8f77-42aa4fc1d18e,1.3534,0.01546,0.3936
MD,Bruno Faletto,Mohaned Alhouni,34049405-b415-4f3a-aade-5be0111ac7db,1bab49f1-6891-4d3e-8f77-42aa4fc1d18e,1.3531,0.02345,0.3953
MD,Vanshik Kapadia,Mohaned Alhouni,6866df42-48ad-423c-9e57-d7d4d6fb66ef,1bab49f1-6891-4d3e-8f77-42aa4fc1d18e,1.3531,0.04331,0.3996
MD,Etienne Blaszkewycz,Martin Emmrich,d3e486f2-7c25-4bcf-b9dd-81c14f644f60,e9849183-4693-4340-abf5-f4b6f3cb226f,1.3528,0.02359,0.3951
MD,Pablo Tellez,Donald Young,52726ab1-2ac9-46c0-be90-6b0e7a2d56eb,aec5d8be-9ce0-4cc5-98a4-140fad555fe0,1.3526,0.01937,0.3938
MD,Donald Young,Alex Emery,aec5d8be-9ce0-4cc5-98a4-140fad555fe0,5c817399-aea7-481d-9a83-aab7431eabc1,1.3524,0.04083,0.3985
MD,Jaume Martinez Vich,Donald Young,cc8832b9-9a8f-4cbc-8eff-b20e9a7ff09a,aec5d8be-9ce0-4cc5-98a4-140fad555fe0,1.3523,0.01747,0.3931
MD,Hien Truong,Rafa Hewett,524b89ad-b76b-40b4-a0db-736bdc7b8adb,06ba18e0-687b-4aa3-822d-1c86981f576b,1.3523,0.03019,0.3961
MD,John Lucian Goins,Juan Benitez,e96d9339-cfb6-473d-bcb3-23f2887a3e0f,f4c43443-fdff-4344-b291-274cfd26361e,1.3519,0.02287,0.3942
MD,CJ Klinger,Christopher Haworth,ead35052-7367-4296-96d4-064f546cc2b9,a91e2b68-7357-4518-baf9-f59b0b4c2477,1.3517,0.01523,0.3921
MD,Augustus Ge,Tristan Dussault,ba491f1c-0112-47a8-a348-4695289e958a,3cab1673-2522-4dd5-ba07-2a1b88749d86,1.3516,0.02394,0.3941
MD,Max Freeman,Donald Young,b03ff4de-9b8f-46a8-a530-d8f19e9d6ec9,aec5d8be-9ce0-4cc5-98a4-140fad555fe0,1.351,0.01849,0.3923
MD,Nicolas Acevedo,Oliver Frank,a000a067-1bf1-442f-a961-e6c97cb50006,e21cb6e0-aabb-43b2-a112-c0a0a59081bf,1.3509,0.03902,0.397
MD,Pablo Tellez,Martin Emmrich,52726ab1-2ac9-46c0-be90-6b0e7a2d56eb,e9849183-4693-4340-abf5-f4b6f3cb226f,1.3504,0.01766,0.3916
MD,Alex Emery,Martin Emmrich,5c817399-aea7-481d-9a83-aab7431eabc1,e9849183-4693-4340-abf5-f4b6f3cb226f,1.3503,0.03912,0.3965
MD,Etienne Blaszkewycz,Rafa Hewett,d3e486f2-7c25-4bcf-b9dd-81c14f644f60,06ba18e0-687b-4aa3-822d-1c86981f576b,1.3503,0.02134,0.3925
MD,Jaume Martinez Vich,Martin Emmrich,cc8832b9-9a8f-4cbc-8eff-b20e9a7ff09a,e9849183-4693-4340-abf5-f4b6f3cb226f,1.3502,0.01576,0.3909
MD,Luca Mack,Juan Benitez,2aa8ced3-d599-4c83-86dd-ecc80196833b,f4c43443-fdff-4344-b291-274cfd26361e,1.3497,0.02868,0.3937
MD,Roscoe Bellamy,Tyson McGuffin,925c1306-6b3b-4510-8482-f34168a0842a,dbcb41e9-e983-410b-bc23-d184d034cfc0,1.3495,0.01413,0.3899
MD,Oscar Serra,Tama Shimabukuro,2c2a2b82-9ec7-4046-97cb-3a199ed507af,4af4d4d1-9f87-4dc7-95f2-b10751d44c15,1.3491,0.024,0.3921
MD,Connor Mogle,Donald Young,3d9c8684-953f-4008-b355-b6104ee56a5b,aec5d8be-9ce0-4cc5-98a4-140fad555fe0,1.3491,0.02051,0.3913
MD,Max Freeman,Martin Emmrich,b03ff4de-9b8f-46a8-a530-d8f19e9d6ec9,e9849183-4693-4340-abf5-f4b6f3cb226f,1.3489,0.01678,0.3901
MD,Oscar Serra,Patrick Kawka,2c2a2b82-9ec7-4046-97cb-3a199ed507af,6876576c-b20e-47e3-99e4-d32759cc9f48,1.3487,0.05819,0.3991
MD,Thomas Wilson,Hoang Nam Ly,12d79cbe-b5c7-4504-ab8f-f352a6bb8629,f1151ea2-759d-4d9f-a5b9-5ccd966dc3ca,1.3486,0.06313,0.4
MD,Dylan Frazier,Christopher Haworth,1de884f8-7bf7-4b49-9de8-3f1fd74cabd6,a91e2b68-7357-4518-baf9-f59b0b4c2477,1.3479,0.0161,0.3892
MD,Pablo Tellez,Rafa Hewett,52726ab1-2ac9-46c0-be90-6b0e7a2d56eb,06ba18e0-687b-4aa3-822d-1c86981f576b,1.3479,0.0154,0.389
MD,Alex Emery,Rafa Hewett,5c817399-aea7-481d-9a83-aab7431eabc1,06ba18e0-687b-4aa3-822d-1c86981f576b,1.3478,0.03686,0.394
MD,Jaume Martinez Vich,Rafa Hewett,cc8832b9-9a8f-4cbc-8eff-b20e9a7ff09a,06ba18e0-687b-4aa3-822d-1c86981f576b,1.3477,0.0135,0.3883
MD,Connor Mogle,Martin Emmrich,3d9c8684-953f-4008-b355-b6104ee56a5b,e9849183-4693-4340-abf5-f4b6f3cb226f,1.347,0.0188,0.3891
MD,George Wall,Tama Shimabukuro,698c5236-e88f-411c-b44f-e54f16b2d6b5,4af4d4d1-9f87-4dc7-95f2-b10751d44c15,1.3468,0.02417,0.3903
MD,Anderson Scarpa,Tyson McGuffin,fa8d5d28-d8f5-4996-8c35-0f4ca3c35bae,dbcb41e9-e983-410b-bc23-d184d034cfc0,1.3468,0.01603,0.3883
MD,Jack Sock,Oliver Frank,3a43c56f-b9d8-4e72-ae8a-58fd69291946,e21cb6e0-aabb-43b2-a112-c0a0a59081bf,1.3466,0.03883,0.3935
MD,George Wall,Patrick Kawka,698c5236-e88f-411c-b44f-e54f16b2d6b5,6876576c-b20e-47e3-99e4-d32759cc9f48,1.3464,0.05835,0.3975
MD,Max Freeman,Rafa Hewett,b03ff4de-9b8f-46a8-a530-d8f19e9d6ec9,06ba18e0-687b-4aa3-822d-1c86981f576b,1.3464,0.01452,0.3875
MD,Federico Staksrud,Matthew Barlow,7edb882c-6d17-4129-8208-710e3c82364c,3270dc72-53b7-4d35-aa4c-7f8b7b6bf905,1.3455,0.02236,0.3888
MD,Riley Newman,Matthew Barlow,05b194b3-db88-4f77-a26f-5ef5cfbf6146,3270dc72-53b7-4d35-aa4c-7f8b7b6bf905,1.3454,0.02365,0.389
MD,Thomas Yu,Tyson McGuffin,8c94d7b2-0dce-455e-916f-e35927d53547,dbcb41e9-e983-410b-bc23-d184d034cfc0,1.3448,0.03032,0.3901
MD,Connor Mogle,Rafa Hewett,3d9c8684-953f-4008-b355-b6104ee56a5b,06ba18e0-687b-4aa3-822d-1c86981f576b,1.3445,0.01655,0.3865
MD,Joseph Wild,Tyson McGuffin,a51b59c5-1a13-4472-821a-eb9866e72adf,dbcb41e9-e983-410b-bc23-d184d034cfc0,1.3441,0.02272,0.3878
MD,Donald Young,Juan Benitez,aec5d8be-9ce0-4cc5-98a4-140fad555fe0,f4c43443-fdff-4344-b291-274cfd26361e,1.3439,0.0244,0.388
MD,Nicolas Acevedo,Grayson Goldin,a000a067-1bf1-442f-a961-e6c97cb50006,43df1205-e834-4427-9f1a-4e173bf93296,1.3433,0.0248,0.3876
MD,Hunter Johnson,Tama Shimabukuro,8160ad59-4654-46b1-b229-8d5f2a9a45f9,4af4d4d1-9f87-4dc7-95f2-b10751d44c15,1.3429,0.01385,0.3844
MD,Hunter Johnson,Patrick Kawka,8160ad59-4654-46b1-b229-8d5f2a9a45f9,6876576c-b20e-47e3-99e4-d32759cc9f48,1.3425,0.04804,0.3923
MD,Juan Benitez,Martin Emmrich,f4c43443-fdff-4344-b291-274cfd26361e,e9849183-4693-4340-abf5-f4b6f3cb226f,1.3418,0.02269,0.3858
MD,Yuta Funemizu,Mohaned Alhouni,ce4f0e14-80ea-4ed0-a81c-7341d356d427,1bab49f1-6891-4d3e-8f77-42aa4fc1d18e,1.3417,0.01775,0.3845
MD,John Lucian Goins,Luca Mack,e96d9339-cfb6-473d-bcb3-23f2887a3e0f,2aa8ced3-d599-4c83-86dd-ecc80196833b,1.3414,0.02565,0.3862
MD,Phuc Huynh,Oliver Frank,0763ffeb-1b1f-41c5-ab37-d17b66e50b50,e21cb6e0-aabb-43b2-a112-c0a0a59081bf,1.3408,0.06857,0.3953
MD,Harsh Mehta,Tyson McGuffin,c18fb17d-e0bb-415c-901b-fa2f928ab22c,dbcb41e9-e983-410b-bc23-d184d034cfc0,1.3406,0.03119,0.387
MD,Armaan Bhatia,Mohaned Alhouni,33292af3-984d-4752-8d18-b3a5c147e9fe,1bab49f1-6891-4d3e-8f77-42aa4fc1d18e,1.3405,0.01732,0.3834
MD,Oscar Serra,Tristan Dussault,2c2a2b82-9ec7-4046-97cb-3a199ed507af,3cab1673-2522-4dd5-ba07-2a1b88749d86,1.3402,0.03669,0.388
MD,JW Johnson,Zane Ford,bd061b42-2f82-4bbe-82be-d8bcfb37f9e1,0c5b84bb-4c04-4906-86bc-deb533ff4eec,1.3393,0.02089,0.3834
MD,Juan Benitez,Rafa Hewett,f4c43443-fdff-4344-b291-274cfd26361e,06ba18e0-687b-4aa3-822d-1c86981f576b,1.3393,0.02043,0.3832
MD,Jack Sock,Grayson Goldin,3a43c56f-b9d8-4e72-ae8a-58fd69291946,43df1205-e834-4427-9f1a-4e173bf93296,1.3389,0.02461,0.384
MD,Augustus Ge,Christopher Haworth,ba491f1c-0112-47a8-a348-4695289e958a,a91e2b68-7357-4518-baf9-f59b0b4c2477,1.3388,0.01438,0.3812
MD,Hien Truong,Tyson McGuffin,524b89ad-b76b-40b4-a0db-736bdc7b8adb,dbcb41e9-e983-410b-bc23-d184d034cfc0,1.3384,0.02926,0.3848
MD,George Wall,Tristan Dussault,698c5236-e88f-411c-b44f-e54f16b2d6b5,3cab1673-2522-4dd5-ba07-2a1b88749d86,1.3379,0.03686,0.3862
MD,Robert Slutsky,Oliver Frank,f6fa549d-8a9c-46fd-aeb8-af8a3f0f7a59,e21cb6e0-aabb-43b2-a112-c0a0a59081bf,1.3366,0.04915,0.388
MD,Dekel Bar,Mohaned Alhouni,89843e44-48fd-4a3f-b8c0-5f5aa6ae5741,1bab49f1-6891-4d3e-8f77-42aa4fc1d18e,1.3366,0.01552,0.3797
MD,Etienne Blaszkewycz,Tyson McGuffin,d3e486f2-7c25-4bcf-b9dd-81c14f644f60,dbcb41e9-e983-410b-bc23-d184d034cfc0,1.3365,0.0204,0.3809
MD,John Lucian Goins,Donald Young,e96d9339-cfb6-473d-bcb3-23f2887a3e0f,aec5d8be-9ce0-4cc5-98a4-140fad555fe0,1.3356,0.02137,0.3804
MD,Roscoe Bellamy,Tama Shimabukuro,925c1306-6b3b-4510-8482-f34168a0842a,4af4d4d1-9f87-4dc7-95f2-b10751d44c15,1.3355,0.01312,0.3781
MD,Hayden Patriquin,Zane Ford,fc05556e-3e38-4a38-99c2-f855174a7c28,0c5b84bb-4c04-4906-86bc-deb533ff4eec,1.3352,0.0193,0.3796
MD,Roscoe Bellamy,Patrick Kawka,925c1306-6b3b-4510-8482-f34168a0842a,6876576c-b20e-47e3-99e4-d32759cc9f48,1.3351,0.04731,0.3865
MD,Pablo Tellez,Tyson McGuffin,52726ab1-2ac9-46c0-be90-6b0e7a2d56eb,dbcb41e9-e983-410b-bc23-d184d034cfc0,1.3341,0.01447,0.3774
MD,Hunter Johnson,Tristan Dussault,8160ad59-4654-46b1-b229-8d5f2a9a45f9,3cab1673-2522-4dd5-ba07-2a1b88749d86,1.334,0.02654,0.3805
MD,Luca Mack,Donald Young,2aa8ced3-d599-4c83-86dd-ecc80196833b,aec5d8be-9ce0-4cc5-98a4-140fad555fe0,1.334,0.02717,0.3807
MD,Jaume Martinez Vich,Tyson McGuffin,cc8832b9-9a8f-4cbc-8eff-b20e9a7ff09a,dbcb41e9-e983-410b-bc23-d184d034cfc0,1.3339,0.01257,0.3766
MD,Alex Emery,Tyson McGuffin,5c817399-aea7-481d-9a83-aab7431eabc1,dbcb41e9-e983-410b-bc23-d184d034cfc0,1.3339,0.03592,0.3829
MD,John Lucian Goins,Martin Emmrich,e96d9339-cfb6-473d-bcb3-23f2887a3e0f,e9849183-4693-4340-abf5-f4b6f3cb226f,1.3334,0.01966,0.3783
MD,CJ Klinger,Mohaned Alhouni,ead35052-7367-4296-96d4-064f546cc2b9,1bab49f1-6891-4d3e-8f77-42aa4fc1d18e,1.3332,0.01486,0.3768
MD,Phuc Huynh,Grayson Goldin,0763ffeb-1b1f-41c5-ab37-d17b66e50b50,43df1205-e834-4427-9f1a-4e173bf93296,1.3331,0.05435,0.3865
MD,Anderson Scarpa,Tama Shimabukuro,fa8d5d28-d8f5-4996-8c35-0f4ca3c35bae,4af4d4d1-9f87-4dc7-95f2-b10751d44c15,1.3329,0.01502,0.3765
MD,Anderson Scarpa,Patrick Kawka,fa8d5d28-d8f5-4996-8c35-0f4ca3c35bae,6876576c-b20e-47e3-99e4-d32759cc9f48,1.3325,0.04921,0.3849
MD,Max Freeman,Tyson McGuffin,b03ff4de-9b8f-46a8-a530-d8f19e9d6ec9,dbcb41e9-e983-410b-bc23-d184d034cfc0,1.3325,0.01358,0.3758
MD,Luca Mack,Martin Emmrich,2aa8ced3-d599-4c83-86dd-ecc80196833b,e9849183-4693-4340-abf5-f4b6f3cb226f,1.3319,0.02547,0.3786
MD,John Lucian Goins,Rafa Hewett,e96d9339-cfb6-473d-bcb3-23f2887a3e0f,06ba18e0-687b-4aa3-822d-1c86981f576b,1.3309,0.0174,0.3756
MD,Thomas Yu,Tama Shimabukuro,8c94d7b2-0dce-455e-916f-e35927d53547,4af4d4d1-9f87-4dc7-95f2-b10751d44c15,1.3308,0.02931,0.3788
MD,Connor Mogle,Tyson McGuffin,3d9c8684-953f-4008-b355-b6104ee56a5b,dbcb41e9-e983-410b-bc23-d184d034cfc0,1.3307,0.01561,0.3749
MD,Thomas Yu,Patrick Kawka,8c94d7b2-0dce-455e-916f-e35927d53547,6876576c-b20e-47e3-99e4-d32759cc9f48,1.3305,0.0635,0.3865
MD,Joseph Wild,Tama Shimabukuro,a51b59c5-1a13-4472-821a-eb9866e72adf,4af4d4d1-9f87-4dc7-95f2-b10751d44c15,1.3302,0.02172,0.3762
MD,Joseph Wild,Patrick Kawka,a51b59c5-1a13-4472-821a-eb9866e72adf,6876576c-b20e-47e3-99e4-d32759cc9f48,1.3298,0.0559,0.3844
MD,Nicolas Acevedo,Hoang Nam Ly,a000a067-1bf1-442f-a961-e6c97cb50006,f1151ea2-759d-4d9f-a5b9-5ccd966dc3ca,1.3295,0.02667,0.377
MD,Dylan Frazier,Mohaned Alhouni,1de884f8-7bf7-4b49-9de8-3f1fd74cabd6,1bab49f1-6891-4d3e-8f77-42aa4fc1d18e,1.3295,0.01573,0.3739
MD,Luca Mack,Rafa Hewett,2aa8ced3-d599-4c83-86dd-ecc80196833b,06ba18e0-687b-4aa3-822d-1c86981f576b,1.3294,0.02321,0.376
MD,Robert Slutsky,Grayson Goldin,f6fa549d-8a9c-46fd-aeb8-af8a3f0f7a59,43df1205-e834-4427-9f1a-4e173bf93296,1.3289,0.03493,0.3787
MD,Donald Young,Martin Emmrich,aec5d8be-9ce0-4cc5-98a4-140fad555fe0,e9849183-4693-4340-abf5-f4b6f3cb226f,1.3279,0.02119,0.3742
MD,Gabriel Tardio,Zane Ford,d50310a6-9378-4228-823f-7fb54f7bd698,0c5b84bb-4c04-4906-86bc-deb533ff4eec,1.3274,0.01895,0.3732
MD,Christopher Haworth,Oscar Serra,a91e2b68-7357-4518-baf9-f59b0b4c2477,2c2a2b82-9ec7-4046-97cb-3a199ed507af,1.3274,0.02714,0.3755
MD,Roscoe Bellamy,Tristan Dussault,925c1306-6b3b-4510-8482-f34168a0842a,3cab1673-2522-4dd5-ba07-2a1b88749d86,1.3266,0.02581,0.3745
MD,Harsh Mehta,Tama Shimabukuro,c18fb17d-e0bb-415c-901b-fa2f928ab22c,4af4d4d1-9f87-4dc7-95f2-b10751d44c15,1.3266,0.03018,0.3756
MD,Harsh Mehta,Patrick Kawka,c18fb17d-e0bb-415c-901b-fa2f928ab22c,6876576c-b20e-47e3-99e4-d32759cc9f48,1.3262,0.06437,0.3836
MD,Donald Young,Rafa Hewett,aec5d8be-9ce0-4cc5-98a4-140fad555fe0,06ba18e0-687b-4aa3-822d-1c86981f576b,1.3254,0.01893,0.3715
MD,Juan Benitez,Tyson McGuffin,f4c43443-fdff-4344-b291-274cfd26361e,dbcb41e9-e983-410b-bc23-d184d034cfc0,1.3254,0.0195,0.3717
MD,Jack Sock,Hoang Nam Ly,3a43c56f-b9d8-4e72-ae8a-58fd69291946,f1151ea2-759d-4d9f-a5b9-5ccd966dc3ca,1.3252,0.02649,0.3735
MD,Christopher Haworth,George Wall,a91e2b68-7357-4518-baf9-f59b0b4c2477,698c5236-e88f-411c-b44f-e54f16b2d6b5,1.3251,0.0273,0.3737
MD,Hien Truong,Tama Shimabukuro,524b89ad-b76b-40b4-a0db-736bdc7b8adb,4af4d4d1-9f87-4dc7-95f2-b10751d44c15,1.3245,0.02825,0.3734
MD,Connor Garnett,Oliver Frank,ff38654d-daae-4bad-a1a7-690e4e5706eb,e21cb6e0-aabb-43b2-a112-c0a0a59081bf,1.3243,0.0371,0.3756
MD,Hien Truong,Patrick Kawka,524b89ad-b76b-40b4-a0db-736bdc7b8adb,6876576c-b20e-47e3-99e4-d32759cc9f48,1.3241,0.06243,0.3816
MD,Anderson Scarpa,Tristan Dussault,fa8d5d28-d8f5-4996-8c35-0f4ca3c35bae,3cab1673-2522-4dd5-ba07-2a1b88749d86,1.324,0.02771,0.3729
MD,Rafa Hewett,Martin Emmrich,06ba18e0-687b-4aa3-822d-1c86981f576b,e9849183-4693-4340-abf5-f4b6f3cb226f,1.3239,0.01722,0.3698
MD,Tama Shimabukuro,Etienne Blaszkewycz,4af4d4d1-9f87-4dc7-95f2-b10751d44c15,d3e486f2-7c25-4bcf-b9dd-81c14f644f60,1.3225,0.01939,0.3693
MD,Etienne Blaszkewycz,Patrick Kawka,d3e486f2-7c25-4bcf-b9dd-81c14f644f60,6876576c-b20e-47e3-99e4-d32759cc9f48,1.3222,0.05357,0.378
MD,Thomas Yu,Tristan Dussault,8c94d7b2-0dce-455e-916f-e35927d53547,3cab1673-2522-4dd5-ba07-2a1b88749d86,1.322,0.042,0.3751
MD,Jack Munro,Oliver Frank,f90428f0-e4a3-4a08-a664-518ba7f188d2,e21cb6e0-aabb-43b2-a112-c0a0a59081bf,1.3219,0.07161,0.3819
MD,Joseph Wild,Tristan Dussault,a51b59c5-1a13-4472-821a-eb9866e72adf,3cab1673-2522-4dd5-ba07-2a1b88749d86,1.3213,0.0344,0.3726
MD,Hunter Johnson,Christopher Haworth,8160ad59-4654-46b1-b229-8d5f2a9a45f9,a91e2b68-7357-4518-baf9-f59b0b4c2477,1.3212,0.01699,0.3675
MD,Augustus Ge,Mohaned Alhouni,ba491f1c-0112-47a8-a348-4695289e958a,1bab49f1-6891-4d3e-8f77-42aa4fc1d18e,1.3203,0.01401,0.3659
MD,Pablo Tellez,Tama Shimabukuro,52726ab1-2ac9-46c0-be90-6b0e7a2d56eb,4af4d4d1-9f87-4dc7-95f2-b10751d44c15,1.3201,0.01346,0.3656
MD,Alex Emery,Tama Shimabukuro,5c817399-aea7-481d-9a83-aab7431eabc1,4af4d4d1-9f87-4dc7-95f2-b10751d44c15,1.32,0.03491,0.3717
MD,Jaume Martinez Vich,Tama Shimabukuro,cc8832b9-9a8f-4cbc-8eff-b20e9a7ff09a,4af4d4d1-9f87-4dc7-95f2-b10751d44c15,1.3199,0.01156,0.3648
MD,Pablo Tellez,Patrick Kawka,52726ab1-2ac9-46c0-be90-6b0e7a2d56eb,6876576c-b20e-47e3-99e4-d32759cc9f48,1.3198,0.04764,0.3748
MD,Alex Emery,Patrick Kawka,5c817399-aea7-481d-9a83-aab7431eabc1,6876576c-b20e-47e3-99e4-d32759cc9f48,1.3196,0.0691,0.3797
MD,Jaume Martinez Vich,Patrick Kawka,cc8832b9-9a8f-4cbc-8eff-b20e9a7ff09a,6876576c-b20e-47e3-99e4-d32759cc9f48,1.3195,0.04574,0.3741
MD,Phuc Huynh,Hoang Nam Ly,0763ffeb-1b1f-41c5-ab37-d17b66e50b50,f1151ea2-759d-4d9f-a5b9-5ccd966dc3ca,1.3194,0.05623,0.3766
MD,Max Freeman,Tama Shimabukuro,b03ff4de-9b8f-46a8-a530-d8f19e9d6ec9,4af4d4d1-9f87-4dc7-95f2-b10751d44c15,1.3186,0.01257,0.3641
MD,Max Freeman,Patrick Kawka,b03ff4de-9b8f-46a8-a530-d8f19e9d6ec9,6876576c-b20e-47e3-99e4-d32759cc9f48,1.3182,0.04676,0.3734
MD,Harsh Mehta,Tristan Dussault,c18fb17d-e0bb-415c-901b-fa2f928ab22c,3cab1673-2522-4dd5-ba07-2a1b88749d86,1.3177,0.04287,0.372
MD,John Lucian Goins,Tyson McGuffin,e96d9339-cfb6-473d-bcb3-23f2887a3e0f,dbcb41e9-e983-410b-bc23-d184d034cfc0,1.3171,0.01646,0.3641
MD,Connor Mogle,Tama Shimabukuro,3d9c8684-953f-4008-b355-b6104ee56a5b,4af4d4d1-9f87-4dc7-95f2-b10751d44c15,1.3167,0.0146,0.3632
MD,Connor Garnett,Grayson Goldin,ff38654d-daae-4bad-a1a7-690e4e5706eb,43df1205-e834-4427-9f1a-4e173bf93296,1.3166,0.02288,0.3656
MD,Connor Mogle,Patrick Kawka,3d9c8684-953f-4008-b355-b6104ee56a5b,6876576c-b20e-47e3-99e4-d32759cc9f48,1.3164,0.04878,0.3725
MD,Hien Truong,Tristan Dussault,524b89ad-b76b-40b4-a0db-736bdc7b8adb,3cab1673-2522-4dd5-ba07-2a1b88749d86,1.3156,0.04094,0.3699
MD,Luca Mack,Tyson McGuffin,2aa8ced3-d599-4c83-86dd-ecc80196833b,dbcb41e9-e983-410b-bc23-d184d034cfc0,1.3156,0.02227,0.3646
MD,Robert Slutsky,Hoang Nam Ly,f6fa549d-8a9c-46fd-aeb8-af8a3f0f7a59,f1151ea2-759d-4d9f-a5b9-5ccd966dc3ca,1.3151,0.03681,0.3684
MD,Jack Munro,Grayson Goldin,f90428f0-e4a3-4a08-a664-518ba7f188d2,43df1205-e834-4427-9f1a-4e173bf93296,1.3142,0.05738,0.373
MD,Roscoe Bellamy,Christopher Haworth,925c1306-6b3b-4510-8482-f34168a0842a,a91e2b68-7357-4518-baf9-f59b0b4c2477,1.3139,0.01625,0.3614
MD,Quang Duong,Oliver Frank,14d61e81-14d5-4cb3-ae33-d427fbc1b4f6,e21cb6e0-aabb-43b2-a112-c0a0a59081bf,1.3136,0.05556,0.3721
MD,Etienne Blaszkewycz,Tristan Dussault,d3e486f2-7c25-4bcf-b9dd-81c14f644f60,3cab1673-2522-4dd5-ba07-2a1b88749d86,1.3136,0.03208,0.3659
MD,Thomas Wilson,Matthew Barlow,12d79cbe-b5c7-4504-ab8f-f352a6bb8629,3270dc72-53b7-4d35-aa4c-7f8b7b6bf905,1.3132,0.06105,0.3731
MD,Donald Young,Tyson McGuffin,aec5d8be-9ce0-4cc5-98a4-140fad555fe0,dbcb41e9-e983-410b-bc23-d184d034cfc0,1.3115,0.01799,0.3601
MD,Tama Shimabukuro,Juan Benitez,4af4d4d1-9f87-4dc7-95f2-b10751d44c15,f4c43443-fdff-4344-b291-274cfd26361e,1.3115,0.01849,0.3602
MD,Pablo Tellez,Tristan Dussault,52726ab1-2ac9-46c0-be90-6b0e7a2d56eb,3cab1673-2522-4dd5-ba07-2a1b88749d86,1.3113,0.02615,0.3623
MD,Christopher Haworth,Anderson Scarpa,a91e2b68-7357-4518-baf9-f59b0b4c2477,fa8d5d28-d8f5-4996-8c35-0f4ca3c35bae,1.3112,0.01815,0.3599
MD,Alex Emery,Tristan Dussault,5c817399-aea7-481d-9a83-aab7431eabc1,3cab1673-2522-4dd5-ba07-2a1b88749d86,1.3111,0.0476,0.3682
MD,Juan Benitez,Patrick Kawka,f4c43443-fdff-4344-b291-274cfd26361e,6876576c-b20e-47e3-99e4-d32759cc9f48,1.3111,0.05267,0.3695
MD,Jaume Martinez Vich,Tristan Dussault,cc8832b9-9a8f-4cbc-8eff-b20e9a7ff09a,3cab1673-2522-4dd5-ba07-2a1b88749d86,1.311,0.02425,0.3616
MD,Tyson McGuffin,Martin Emmrich,dbcb41e9-e983-410b-bc23-d184d034cfc0,e9849183-4693-4340-abf5-f4b6f3cb226f,1.3101,0.01629,0.3583
MD,Noe Khlif,Oliver Frank,1bb8b2c1-ca6f-45ac-afdd-fab7e77d69d4,e21cb6e0-aabb-43b2-a112-c0a0a59081bf,1.3098,0.03613,0.3641
MD,Max Freeman,Tristan Dussault,b03ff4de-9b8f-46a8-a530-d8f19e9d6ec9,3cab1673-2522-4dd5-ba07-2a1b88749d86,1.3097,0.02526,0.3608
MD,Christopher Haworth,Thomas Yu,a91e2b68-7357-4518-baf9-f59b0b4c2477,8c94d7b2-0dce-455e-916f-e35927d53547,1.3092,0.03245,0.3626
MD,Oscar Serra,Mohaned Alhouni,2c2a2b82-9ec7-4046-97cb-3a199ed507af,1bab49f1-6891-4d3e-8f77-42aa4fc1d18e,1.309,0.02677,0.3607
MD,Christopher Haworth,Joseph Wild,a91e2b68-7357-4518-baf9-f59b0b4c2477,a51b59c5-1a13-4472-821a-eb9866e72adf,1.3085,0.02485,0.3598
MD,Tyson McGuffin,Rafa Hewett,dbcb41e9-e983-410b-bc23-d184d034cfc0,06ba18e0-687b-4aa3-822d-1c86981f576b,1.3084,0.01403,0.3562
MD,Connor Mogle,Tristan Dussault,3d9c8684-953f-4008-b355-b6104ee56a5b,3cab1673-2522-4dd5-ba07-2a1b88749d86,1.3078,0.02729,0.36
MD,George Wall,Mohaned Alhouni,698c5236-e88f-411c-b44f-e54f16b2d6b5,1bab49f1-6891-4d3e-8f77-42aa4fc1d18e,1.3067,0.02693,0.359
MD,Quang Duong,Grayson Goldin,14d61e81-14d5-4cb3-ae33-d427fbc1b4f6,43df1205-e834-4427-9f1a-4e173bf93296,1.3059,0.04133,0.3626
MD,Christopher Haworth,Harsh Mehta,a91e2b68-7357-4518-baf9-f59b0b4c2477,c18fb17d-e0bb-415c-901b-fa2f928ab22c,1.3049,0.03332,0.3595
MD,John Lucian Goins,Tama Shimabukuro,e96d9339-cfb6-473d-bcb3-23f2887a3e0f,4af4d4d1-9f87-4dc7-95f2-b10751d44c15,1.3031,0.01546,0.3526
MD,Connor Garnett,Hoang Nam Ly,ff38654d-daae-4bad-a1a7-690e4e5706eb,f1151ea2-759d-4d9f-a5b9-5ccd966dc3ca,1.3029,0.02475,0.3553
MD,Hunter Johnson,Mohaned Alhouni,8160ad59-4654-46b1-b229-8d5f2a9a45f9,1bab49f1-6891-4d3e-8f77-42aa4fc1d18e,1.3028,0.01662,0.3526
MD,Christopher Haworth,Hien Truong,a91e2b68-7357-4518-baf9-f59b0b4c2477,524b89ad-b76b-40b4-a0db-736bdc7b8adb,1.3028,0.03138,0.3573
MD,John Lucian Goins,Patrick Kawka,e96d9339-cfb6-473d-bcb3-23f2887a3e0f,6876576c-b20e-47e3-99e4-d32759cc9f48,1.3028,0.04964,0.3625
MD,Juan Benitez,Tristan Dussault,f4c43443-fdff-4344-b291-274cfd26361e,3cab1673-2522-4dd5-ba07-2a1b88749d86,1.3026,0.03118,0.3571
MD,Noe Khlif,Grayson Goldin,1bb8b2c1-ca6f-45ac-afdd-fab7e77d69d4,43df1205-e834-4427-9f1a-4e173bf93296,1.3021,0.02191,0.3538
MD,Will Howells,Oliver Frank,d0f19d1e-2a6e-4eb3-b10c-1311edd599a8,e21cb6e0-aabb-43b2-a112-c0a0a59081bf,1.3021,0.03743,0.3585
MD,Bruno Faletto,Oliver Frank,34049405-b415-4f3a-aade-5be0111ac7db,e21cb6e0-aabb-43b2-a112-c0a0a59081bf,1.3018,0.04543,0.3606
MD,Vanshik Kapadia,Oliver Frank,6866df42-48ad-423c-9e57-d7d4d6fb66ef,e21cb6e0-aabb-43b2-a112-c0a0a59081bf,1.3018,0.06528,0.3657
MD,Luca Mack,Tama Shimabukuro,2aa8ced3-d599-4c83-86dd-ecc80196833b,4af4d4d1-9f87-4dc7-95f2-b10751d44c15,1.3016,0.02126,0.3532
MD,Luca Mack,Patrick Kawka,2aa8ced3-d599-4c83-86dd-ecc80196833b,6876576c-b20e-47e3-99e4-d32759cc9f48,1.3012,0.05545,0.3629
MD,Christopher Haworth,Etienne Blaszkewycz,a91e2b68-7357-4518-baf9-f59b0b4c2477,d3e486f2-7c25-4bcf-b9dd-81c14f644f60,1.3009,0.02252,0.353
MD,Jack Munro,Hoang Nam Ly,f90428f0-e4a3-4a08-a664-518ba7f188d2,f1151ea2-759d-4d9f-a5b9-5ccd966dc3ca,1.3004,0.05926,0.3632
MD,Christopher Haworth,Pablo Tellez,a91e2b68-7357-4518-baf9-f59b0b4c2477,52726ab1-2ac9-46c0-be90-6b0e7a2d56eb,1.2985,0.01659,0.3492
MD,Christopher Haworth,Alex Emery,a91e2b68-7357-4518-baf9-f59b0b4c2477,5c817399-aea7-481d-9a83-aab7431eabc1,1.2983,0.03805,0.3558
MD,Jaume Martinez Vich,Christopher Haworth,cc8832b9-9a8f-4cbc-8eff-b20e9a7ff09a,a91e2b68-7357-4518-baf9-f59b0b4c2477,1.2982,0.01469,0.3483
MD,Donald Young,Tama Shimabukuro,aec5d8be-9ce0-4cc5-98a4-140fad555fe0,4af4d4d1-9f87-4dc7-95f2-b10751d44c15,1.2976,0.01698,0.3486
MD,Donald Young,Patrick Kawka,aec5d8be-9ce0-4cc5-98a4-140fad555fe0,6876576c-b20e-47e3-99e4-d32759cc9f48,1.2972,0.05117,0.3587
MD,Christopher Haworth,Max Freeman,a91e2b68-7357-4518-baf9-f59b0b4c2477,b03ff4de-9b8f-46a8-a530-d8f19e9d6ec9,1.2969,0.01571,0.3477
MD,Tama Shimabukuro,Martin Emmrich,4af4d4d1-9f87-4dc7-95f2-b10751d44c15,e9849183-4693-4340-abf5-f4b6f3cb226f,1.2961,0.01528,0.3469
MD,Martin Emmrich,Patrick Kawka,e9849183-4693-4340-abf5-f4b6f3cb226f,6876576c-b20e-47e3-99e4-d32759cc9f48,1.2958,0.04946,0.3572
MD,Roscoe Bellamy,Mohaned Alhouni,925c1306-6b3b-4510-8482-f34168a0842a,1bab49f1-6891-4d3e-8f77-42aa4fc1d18e,1.2954,0.01589,0.3465
MD,Christopher Haworth,Connor Mogle,a91e2b68-7357-4518-baf9-f59b0b4c2477,3d9c8684-953f-4008-b355-b6104ee56a5b,1.2951,0.01773,0.3469
MD,Will Howells,Grayson Goldin,d0f19d1e-2a6e-4eb3-b10c-1311edd599a8,43df1205-e834-4427-9f1a-4e173bf93296,1.2944,0.02321,0.3482
MD,Tama Shimabukuro,Rafa Hewett,4af4d4d1-9f87-4dc7-95f2-b10751d44c15,06ba18e0-687b-4aa3-822d-1c86981f576b,1.2944,0.01302,0.3447
MD,John Lucian Goins,Tristan Dussault,e96d9339-cfb6-473d-bcb3-23f2887a3e0f,3cab1673-2522-4dd5-ba07-2a1b88749d86,1.2943,0.02815,0.3497
MD,Nicolas Acevedo,Matthew Barlow,a000a067-1bf1-442f-a961-e6c97cb50006,3270dc72-53b7-4d35-aa4c-7f8b7b6bf905,1.2942,0.02459,0.3484
MD,Bruno Faletto,Grayson Goldin,34049405-b415-4f3a-aade-5be0111ac7db,43df1205-e834-4427-9f1a-4e173bf93296,1.2941,0.03121,0.3505
MD,Vanshik Kapadia,Grayson Goldin,6866df42-48ad-423c-9e57-d7d4d6fb66ef,43df1205-e834-4427-9f1a-4e173bf93296,1.2941,0.05106,0.3564
MD,Rafa Hewett,Patrick Kawka,06ba18e0-687b-4aa3-822d-1c86981f576b,6876576c-b20e-47e3-99e4-d32759cc9f48,1.294,0.0472,0.3553
MD,Anderson Scarpa,Mohaned Alhouni,fa8d5d28-d8f5-4996-8c35-0f4ca3c35bae,1bab49f1-6891-4d3e-8f77-42aa4fc1d18e,1.2928,0.01779,0.3451
MD,Luca Mack,Tristan Dussault,2aa8ced3-d599-4c83-86dd-ecc80196833b,3cab1673-2522-4dd5-ba07-2a1b88749d86,1.2927,0.03395,0.3503
MD,Quang Duong,Hoang Nam Ly,14d61e81-14d5-4cb3-ae33-d427fbc1b4f6,f1151ea2-759d-4d9f-a5b9-5ccd966dc3ca,1.2922,0.04321,0.3527
MD,Thomas Yu,Mohaned Alhouni,8c94d7b2-0dce-455e-916f-e35927d53547,1bab49f1-6891-4d3e-8f77-42aa4fc1d18e,1.2907,0.03208,0.3482
MD,Yuta Funemizu,Oliver Frank,ce4f0e14-80ea-4ed0-a81c-7341d356d427,e21cb6e0-aabb-43b2-a112-c0a0a59081bf,1.2904,0.03972,0.3503
MD,Joseph Wild,Mohaned Alhouni,a51b59c5-1a13-4472-821a-eb9866e72adf,1bab49f1-6891-4d3e-8f77-42aa4fc1d18e,1.2901,0.02448,0.3452
MD,Jack Sock,Matthew Barlow,3a43c56f-b9d8-4e72-ae8a-58fd69291946,3270dc72-53b7-4d35-aa4c-7f8b7b6bf905,1.2898,0.02441,0.345
MD,Christopher Haworth,Juan Benitez,a91e2b68-7357-4518-baf9-f59b0b4c2477,f4c43443-fdff-4344-b291-274cfd26361e,1.2898,0.02162,0.3441
MD,Armaan Bhatia,Oliver Frank,33292af3-984d-4752-8d18-b3a5c147e9fe,e21cb6e0-aabb-43b2-a112-c0a0a59081bf,1.2892,0.0393,0.3493
MD,Donald Young,Tristan Dussault,aec5d8be-9ce0-4cc5-98a4-140fad555fe0,3cab1673-2522-4dd5-ba07-2a1b88749d86,1.2887,0.02967,0.3459
MD,Noe Khlif,Hoang Nam Ly,1bb8b2c1-ca6f-45ac-afdd-fab7e77d69d4,f1151ea2-759d-4d9f-a5b9-5ccd966dc3ca,1.2883,0.02378,0.3436
MD,Martin Emmrich,Tristan Dussault,e9849183-4693-4340-abf5-f4b6f3cb226f,3cab1673-2522-4dd5-ba07-2a1b88749d86,1.2872,0.02797,0.3442
MD,Harsh Mehta,Mohaned Alhouni,c18fb17d-e0bb-415c-901b-fa2f928ab22c,1bab49f1-6891-4d3e-8f77-42aa4fc1d18e,1.2865,0.03295,0.3452
MD,Rafa Hewett,Tristan Dussault,06ba18e0-687b-4aa3-822d-1c86981f576b,3cab1673-2522-4dd5-ba07-2a1b88749d86,1.2855,0.02571,0.3421
MD,Dekel Bar,Oliver Frank,89843e44-48fd-4a3f-b8c0-5f5aa6ae5741,e21cb6e0-aabb-43b2-a112-c0a0a59081bf,1.2852,0.0375,0.3457
MD,Tama Shimabukuro,Tyson McGuffin,4af4d4d1-9f87-4dc7-95f2-b10751d44c15,dbcb41e9-e983-410b-bc23-d184d034cfc0,1.2848,0.01208,0.3367
MD,Tyson McGuffin,Patrick Kawka,dbcb41e9-e983-410b-bc23-d184d034cfc0,6876576c-b20e-47e3-99e4-d32759cc9f48,1.2845,0.04627,0.3478
MD,Hien Truong,Mohaned Alhouni,524b89ad-b76b-40b4-a0db-736bdc7b8adb,1bab49f1-6891-4d3e-8f77-42aa4fc1d18e,1.2844,0.03101,0.343
MD,Phuc Huynh,Matthew Barlow,0763ffeb-1b1f-41c5-ab37-d17b66e50b50,3270dc72-53b7-4d35-aa4c-7f8b7b6bf905,1.284,0.05415,0.3498
MD,Yuta Funemizu,Grayson Goldin,ce4f0e14-80ea-4ed0-a81c-7341d356d427,43df1205-e834-4427-9f1a-4e173bf93296,1.2827,0.0255,0.3398
MD,Etienne Blaszkewycz,Mohaned Alhouni,d3e486f2-7c25-4bcf-b9dd-81c14f644f60,1bab49f1-6891-4d3e-8f77-42aa4fc1d18e,1.2824,0.02215,0.3385
MD,CJ Klinger,Oliver Frank,ead35052-7367-4296-96d4-064f546cc2b9,e21cb6e0-aabb-43b2-a112-c0a0a59081bf,1.2819,0.03684,0.343
MD,Armaan Bhatia,Grayson Goldin,33292af3-984d-4752-8d18-b3a5c147e9fe,43df1205-e834-4427-9f1a-4e173bf93296,1.2815,0.02508,0.3387
MD,Christopher Haworth,John Lucian Goins,a91e2b68-7357-4518-baf9-f59b0b4c2477,e96d9339-cfb6-473d-bcb3-23f2887a3e0f,1.2815,0.01859,0.3365
MD,Christian Alshon,Zane Ford,79a11da1-6aeb-4719-9b1e-9918e0163cec,0c5b84bb-4c04-4906-86bc-deb533ff4eec,1.2812,0.0194,0.3366
MD,Will Howells,Hoang Nam Ly,d0f19d1e-2a6e-4eb3-b10c-1311edd599a8,f1151ea2-759d-4d9f-a5b9-5ccd966dc3ca,1.2807,0.02509,0.3381
MD,Bruno Faletto,Hoang Nam Ly,34049405-b415-4f3a-aade-5be0111ac7db,f1151ea2-759d-4d9f-a5b9-5ccd966dc3ca,1.2803,0.03308,0.3406
MD,Vanshik Kapadia,Hoang Nam Ly,6866df42-48ad-423c-9e57-d7d4d6fb66ef,f1151ea2-759d-4d9f-a5b9-5ccd966dc3ca,1.2803,0.05294,0.3467
MD,Pablo Tellez,Mohaned Alhouni,52726ab1-2ac9-46c0-be90-6b0e7a2d56eb,1bab49f1-6891-4d3e-8f77-42aa4fc1d18e,1.28,0.01622,0.3345
MD,Christopher Haworth,Luca Mack,a91e2b68-7357-4518-baf9-f59b0b4c2477,2aa8ced3-d599-4c83-86dd-ecc80196833b,1.2799,0.02439,0.3373
MD,Alex Emery,Mohaned Alhouni,5c817399-aea7-481d-9a83-aab7431eabc1,1bab49f1-6891-4d3e-8f77-42aa4fc1d18e,1.2799,0.03768,0.3417
MD,Robert Slutsky,Matthew Barlow,f6fa549d-8a9c-46fd-aeb8-af8a3f0f7a59,3270dc72-53b7-4d35-aa4c-7f8b7b6bf905,1.2798,0.03473,0.3407
MD,Jaume Martinez Vich,Mohaned Alhouni,cc8832b9-9a8f-4cbc-8eff-b20e9a7ff09a,1bab49f1-6891-4d3e-8f77-42aa4fc1d18e,1.2798,0.01432,0.3336
MD,Max Freeman,Mohaned Alhouni,b03ff4de-9b8f-46a8-a530-d8f19e9d6ec9,1bab49f1-6891-4d3e-8f77-42aa4fc1d18e,1.2785,0.01534,0.3329
MD,Dylan Frazier,Oliver Frank,1de884f8-7bf7-4b49-9de8-3f1fd74cabd6,e21cb6e0-aabb-43b2-a112-c0a0a59081bf,1.2781,0.03771,0.3404
MD,Dekel Bar,Grayson Goldin,89843e44-48fd-4a3f-b8c0-5f5aa6ae5741,43df1205-e834-4427-9f1a-4e173bf93296,1.2776,0.02328,0.3351
MD,Connor Mogle,Mohaned Alhouni,3d9c8684-953f-4008-b355-b6104ee56a5b,1bab49f1-6891-4d3e-8f77-42aa4fc1d18e,1.2766,0.01736,0.3322
MD,Tyson McGuffin,Tristan Dussault,dbcb41e9-e983-410b-bc23-d184d034cfc0,3cab1673-2522-4dd5-ba07-2a1b88749d86,1.276,0.02477,0.3344
MD,Christopher Haworth,Donald Young,a91e2b68-7357-4518-baf9-f59b0b4c2477,aec5d8be-9ce0-4cc5-98a4-140fad555fe0,1.2759,0.02012,0.3327
MD,Tama Shimabukuro,Patrick Kawka,4af4d4d1-9f87-4dc7-95f2-b10751d44c15,6876576c-b20e-47e3-99e4-d32759cc9f48,1.2748,0.04526,0.3403
MD,Christopher Haworth,Martin Emmrich,a91e2b68-7357-4518-baf9-f59b0b4c2477,e9849183-4693-4340-abf5-f4b6f3cb226f,1.2745,0.01841,0.3309
MD,CJ Klinger,Grayson Goldin,ead35052-7367-4296-96d4-064f546cc2b9,43df1205-e834-4427-9f1a-4e173bf93296,1.2742,0.02261,0.3323
MD,Christopher Haworth,Rafa Hewett,a91e2b68-7357-4518-baf9-f59b0b4c2477,06ba18e0-687b-4aa3-822d-1c86981f576b,1.2728,0.01615,0.3287
MD,Juan Benitez,Mohaned Alhouni,f4c43443-fdff-4344-b291-274cfd26361e,1bab49f1-6891-4d3e-8f77-42aa4fc1d18e,1.2714,0.02125,0.3296
MD,Dylan Frazier,Grayson Goldin,1de884f8-7bf7-4b49-9de8-3f1fd74cabd6,43df1205-e834-4427-9f1a-4e173bf93296,1.2704,0.02348,0.3297
MD,Yuta Funemizu,Hoang Nam Ly,ce4f0e14-80ea-4ed0-a81c-7341d356d427,f1151ea2-759d-4d9f-a5b9-5ccd966dc3ca,1.269,0.02738,0.33
MD,Augustus Ge,Oliver Frank,ba491f1c-0112-47a8-a348-4695289e958a,e21cb6e0-aabb-43b2-a112-c0a0a59081bf,1.269,0.03599,0.333
MD,Armaan Bhatia,Hoang Nam Ly,33292af3-984d-4752-8d18-b3a5c147e9fe,f1151ea2-759d-4d9f-a5b9-5ccd966dc3ca,1.2678,0.02695,0.3289
MD,Connor Garnett,Matthew Barlow,ff38654d-daae-4bad-a1a7-690e4e5706eb,3270dc72-53b7-4d35-aa4c-7f8b7b6bf905,1.2675,0.02267,0.3272
MD,Tama Shimabukuro,Tristan Dussault,4af4d4d1-9f87-4dc7-95f2-b10751d44c15,3cab1673-2522-4dd5-ba07-2a1b88749d86,1.2663,0.02376,0.3267
MD,Tristan Dussault,Patrick Kawka,3cab1673-2522-4dd5-ba07-2a1b88749d86,6876576c-b20e-47e3-99e4-d32759cc9f48,1.2661,0.05795,0.3379
MD,Jack Munro,Matthew Barlow,f90428f0-e4a3-4a08-a664-518ba7f188d2,3270dc72-53b7-4d35-aa4c-7f8b7b6bf905,1.2651,0.05718,0.3369
MD,Dekel Bar,Hoang Nam Ly,89843e44-48fd-4a3f-b8c0-5f5aa6ae5741,f1151ea2-759d-4d9f-a5b9-5ccd966dc3ca,1.2638,0.02515,0.3253
MD,Christopher Haworth,Tyson McGuffin,a91e2b68-7357-4518-baf9-f59b0b4c2477,dbcb41e9-e983-410b-bc23-d184d034cfc0,1.2632,0.01521,0.321
MD,John Lucian Goins,Mohaned Alhouni,e96d9339-cfb6-473d-bcb3-23f2887a3e0f,1bab49f1-6891-4d3e-8f77-42aa4fc1d18e,1.263,0.01822,0.3221
MD,Luca Mack,Mohaned Alhouni,2aa8ced3-d599-4c83-86dd-ecc80196833b,1bab49f1-6891-4d3e-8f77-42aa4fc1d18e,1.2615,0.02402,0.3231
MD,Augustus Ge,Grayson Goldin,ba491f1c-0112-47a8-a348-4695289e958a,43df1205-e834-4427-9f1a-4e173bf93296,1.2613,0.02177,0.3221
MD,CJ Klinger,Hoang Nam Ly,ead35052-7367-4296-96d4-064f546cc2b9,f1151ea2-759d-4d9f-a5b9-5ccd966dc3ca,1.2605,0.02449,0.3225
MD,Oscar Serra,Oliver Frank,2c2a2b82-9ec7-4046-97cb-3a199ed507af,e21cb6e0-aabb-43b2-a112-c0a0a59081bf,1.2576,0.04874,0.3288
MD,Donald Young,Mohaned Alhouni,aec5d8be-9ce0-4cc5-98a4-140fad555fe0,1bab49f1-6891-4d3e-8f77-42aa4fc1d18e,1.2575,0.01975,0.3184
MD,Quang Duong,Matthew Barlow,14d61e81-14d5-4cb3-ae33-d427fbc1b4f6,3270dc72-53b7-4d35-aa4c-7f8b7b6bf905,1.2568,0.04113,0.3257
MD,Dylan Frazier,Hoang Nam Ly,1de884f8-7bf7-4b49-9de8-3f1fd74cabd6,f1151ea2-759d-4d9f-a5b9-5ccd966dc3ca,1.2567,0.02536,0.32
MD,Martin Emmrich,Mohaned Alhouni,e9849183-4693-4340-abf5-f4b6f3cb226f,1bab49f1-6891-4d3e-8f77-42aa4fc1d18e,1.256,0.01804,0.3166
MD,George Wall,Oliver Frank,698c5236-e88f-411c-b44f-e54f16b2d6b5,e21cb6e0-aabb-43b2-a112-c0a0a59081bf,1.2553,0.04891,0.3273
MD,Rafa Hewett,Mohaned Alhouni,06ba18e0-687b-4aa3-822d-1c86981f576b,1bab49f1-6891-4d3e-8f77-42aa4fc1d18e,1.2543,0.01578,0.3144
MD,Christopher Haworth,Tama Shimabukuro,a91e2b68-7357-4518-baf9-f59b0b4c2477,4af4d4d1-9f87-4dc7-95f2-b10751d44c15,1.2536,0.0142,0.3132
MD,Christopher Haworth,Patrick Kawka,a91e2b68-7357-4518-baf9-f59b0b4c2477,6876576c-b20e-47e3-99e4-d32759cc9f48,1.2533,0.04839,0.3256
MD,Noe Khlif,Matthew Barlow,1bb8b2c1-ca6f-45ac-afdd-fab7e77d69d4,3270dc72-53b7-4d35-aa4c-7f8b7b6bf905,1.253,0.0217,0.3158
MD,Hunter Johnson,Oliver Frank,8160ad59-4654-46b1-b229-8d5f2a9a45f9,e21cb6e0-aabb-43b2-a112-c0a0a59081bf,1.2514,0.03859,0.3209
MD,Oscar Serra,Grayson Goldin,2c2a2b82-9ec7-4046-97cb-3a199ed507af,43df1205-e834-4427-9f1a-4e173bf93296,1.2499,0.03452,0.3183
MD,Andrei Daescu,Zane Ford,581183e8-3d9e-459e-b69f-7337d8b6f3d2,0c5b84bb-4c04-4906-86bc-deb533ff4eec,1.2491,0.01899,0.3118
MD,George Wall,Grayson Goldin,698c5236-e88f-411c-b44f-e54f16b2d6b5,43df1205-e834-4427-9f1a-4e173bf93296,1.2477,0.03469,0.3167
MD,Augustus Ge,Hoang Nam Ly,ba491f1c-0112-47a8-a348-4695289e958a,f1151ea2-759d-4d9f-a5b9-5ccd966dc3ca,1.2476,0.02364,0.3124
MD,Christopher Haworth,Tristan Dussault,a91e2b68-7357-4518-baf9-f59b0b4c2477,3cab1673-2522-4dd5-ba07-2a1b88749d86,1.2474,0.02689,0.3136
MD,Will Howells,Matthew Barlow,d0f19d1e-2a6e-4eb3-b10c-1311edd599a8,3270dc72-53b7-4d35-aa4c-7f8b7b6bf905,1.2453,0.02301,0.3105
MD,Bruno Faletto,Matthew Barlow,34049405-b415-4f3a-aade-5be0111ac7db,3270dc72-53b7-4d35-aa4c-7f8b7b6bf905,1.245,0.031,0.3133
MD,Vanshik Kapadia,Matthew Barlow,6866df42-48ad-423c-9e57-d7d4d6fb66ef,3270dc72-53b7-4d35-aa4c-7f8b7b6bf905,1.245,0.05086,0.3205
MD,Tyson McGuffin,Mohaned Alhouni,dbcb41e9-e983-410b-bc23-d184d034cfc0,1bab49f1-6891-4d3e-8f77-42aa4fc1d18e,1.2447,0.01484,0.3067
MD,Roscoe Bellamy,Oliver Frank,925c1306-6b3b-4510-8482-f34168a0842a,e21cb6e0-aabb-43b2-a112-c0a0a59081bf,1.2441,0.03786,0.3152
MD,Hunter Johnson,Grayson Goldin,8160ad59-4654-46b1-b229-8d5f2a9a45f9,43df1205-e834-4427-9f1a-4e173bf93296,1.2437,0.02437,0.3099
MD,Anderson Scarpa,Oliver Frank,fa8d5d28-d8f5-4996-8c35-0f4ca3c35bae,e21cb6e0-aabb-43b2-a112-c0a0a59081bf,1.2414,0.03976,0.314
MD,Thomas Yu,Oliver Frank,8c94d7b2-0dce-455e-916f-e35927d53547,e21cb6e0-aabb-43b2-a112-c0a0a59081bf,1.2394,0.05405,0.3175
MD,Joseph Wild,Oliver Frank,a51b59c5-1a13-4472-821a-eb9866e72adf,e21cb6e0-aabb-43b2-a112-c0a0a59081bf,1.2388,0.04646,0.3144
MD,Roscoe Bellamy,Grayson Goldin,925c1306-6b3b-4510-8482-f34168a0842a,43df1205-e834-4427-9f1a-4e173bf93296,1.2364,0.02364,0.3041
MD,Oscar Serra,Hoang Nam Ly,2c2a2b82-9ec7-4046-97cb-3a199ed507af,f1151ea2-759d-4d9f-a5b9-5ccd966dc3ca,1.2362,0.0364,0.309
MD,Harsh Mehta,Oliver Frank,c18fb17d-e0bb-415c-901b-fa2f928ab22c,e21cb6e0-aabb-43b2-a112-c0a0a59081bf,1.2352,0.05493,0.3149
MD,Tama Shimabukuro,Mohaned Alhouni,4af4d4d1-9f87-4dc7-95f2-b10751d44c15,1bab49f1-6891-4d3e-8f77-42aa4fc1d18e,1.2351,0.01383,0.299
MD,Patrick Kawka,Mohaned Alhouni,6876576c-b20e-47e3-99e4-d32759cc9f48,1bab49f1-6891-4d3e-8f77-42aa4fc1d18e,1.2349,0.04802,0.3123
MD,George Wall,Hoang Nam Ly,698c5236-e88f-411c-b44f-e54f16b2d6b5,f1151ea2-759d-4d9f-a5b9-5ccd966dc3ca,1.2339,0.03656,0.3074
MD,Anderson Scarpa,Grayson Goldin,fa8d5d28-d8f5-4996-8c35-0f4ca3c35bae,43df1205-e834-4427-9f1a-4e173bf93296,1.2338,0.02554,0.303
MD,Yuta Funemizu,Matthew Barlow,ce4f0e14-80ea-4ed0-a81c-7341d356d427,3270dc72-53b7-4d35-aa4c-7f8b7b6bf905,1.2336,0.0253,0.3027
MD,Hien Truong,Oliver Frank,524b89ad-b76b-40b4-a0db-736bdc7b8adb,e21cb6e0-aabb-43b2-a112-c0a0a59081bf,1.233,0.05299,0.3127
MD,Armaan Bhatia,Matthew Barlow,33292af3-984d-4752-8d18-b3a5c147e9fe,3270dc72-53b7-4d35-aa4c-7f8b7b6bf905,1.2324,0.02488,0.3017
MD,Thomas Yu,Grayson Goldin,8c94d7b2-0dce-455e-916f-e35927d53547,43df1205-e834-4427-9f1a-4e173bf93296,1.2317,0.03983,0.307
MD,Joseph Wild,Grayson Goldin,a51b59c5-1a13-4472-821a-eb9866e72adf,43df1205-e834-4427-9f1a-4e173bf93296,1.2311,0.03223,0.3037
MD,Etienne Blaszkewycz,Oliver Frank,d3e486f2-7c25-4bcf-b9dd-81c14f644f60,e21cb6e0-aabb-43b2-a112-c0a0a59081bf,1.2311,0.04413,0.3082
MD,Hunter Johnson,Hoang Nam Ly,8160ad59-4654-46b1-b229-8d5f2a9a45f9,f1151ea2-759d-4d9f-a5b9-5ccd966dc3ca,1.23,0.02625,0.3005
MD,Tristan Dussault,Mohaned Alhouni,3cab1673-2522-4dd5-ba07-2a1b88749d86,1bab49f1-6891-4d3e-8f77-42aa4fc1d18e,1.229,0.02652,0.2998
MD,Pablo Tellez,Oliver Frank,52726ab1-2ac9-46c0-be90-6b0e7a2d56eb,e21cb6e0-aabb-43b2-a112-c0a0a59081bf,1.2287,0.0382,0.3043
MD,Dekel Bar,Matthew Barlow,89843e44-48fd-4a3f-b8c0-5f5aa6ae5741,3270dc72-53b7-4d35-aa4c-7f8b7b6bf905,1.2285,0.02308,0.298
MD,Jaume Martinez Vich,Oliver Frank,cc8832b9-9a8f-4cbc-8eff-b20e9a7ff09a,e21cb6e0-aabb-43b2-a112-c0a0a59081bf,1.2285,0.0363,0.3034
MD,Alex Emery,Oliver Frank,5c817399-aea7-481d-9a83-aab7431eabc1,e21cb6e0-aabb-43b2-a112-c0a0a59081bf,1.2285,0.05965,0.3118
MD,Harsh Mehta,Grayson Goldin,c18fb17d-e0bb-415c-901b-fa2f928ab22c,43df1205-e834-4427-9f1a-4e173bf93296,1.2275,0.0407,0.3043
MD,Max Freeman,Oliver Frank,b03ff4de-9b8f-46a8-a530-d8f19e9d6ec9,e21cb6e0-aabb-43b2-a112-c0a0a59081bf,1.2271,0.03732,0.3028
MD,Eric Oncins,Zane Ford,52690a0c-ed4a-4e0b-bf69-4ef416cf7d55,0c5b84bb-4c04-4906-86bc-deb533ff4eec,1.227,0.01947,0.2954
MD,Hien Truong,Grayson Goldin,524b89ad-b76b-40b4-a0db-736bdc7b8adb,43df1205-e834-4427-9f1a-4e173bf93296,1.2253,0.03876,0.3021
MD,Connor Mogle,Oliver Frank,3d9c8684-953f-4008-b355-b6104ee56a5b,e21cb6e0-aabb-43b2-a112-c0a0a59081bf,1.2253,0.03934,0.3022
MD,CJ Klinger,Matthew Barlow,ead35052-7367-4296-96d4-064f546cc2b9,3270dc72-53b7-4d35-aa4c-7f8b7b6bf905,1.2251,0.02241,0.2953
MD,Etienne Blaszkewycz,Grayson Goldin,d3e486f2-7c25-4bcf-b9dd-81c14f644f60,43df1205-e834-4427-9f1a-4e173bf93296,1.2234,0.02991,0.2971
MD,Roscoe Bellamy,Hoang Nam Ly,925c1306-6b3b-4510-8482-f34168a0842a,f1151ea2-759d-4d9f-a5b9-5ccd966dc3ca,1.2227,0.02552,0.2948
MD,Dylan Frazier,Matthew Barlow,1de884f8-7bf7-4b49-9de8-3f1fd74cabd6,3270dc72-53b7-4d35-aa4c-7f8b7b6bf905,1.2214,0.02328,0.2929
MD,Pablo Tellez,Grayson Goldin,52726ab1-2ac9-46c0-be90-6b0e7a2d56eb,43df1205-e834-4427-9f1a-4e173bf93296,1.221,0.02397,0.293
MD,Alex Emery,Grayson Goldin,5c817399-aea7-481d-9a83-aab7431eabc1,43df1205-e834-4427-9f1a-4e173bf93296,1.2209,0.04543,0.3014
MD,Jaume Martinez Vich,Grayson Goldin,cc8832b9-9a8f-4cbc-8eff-b20e9a7ff09a,43df1205-e834-4427-9f1a-4e173bf93296,1.2208,0.02207,0.292
MD,Christopher Haworth,Mohaned Alhouni,a91e2b68-7357-4518-baf9-f59b0b4c2477,1bab49f1-6891-4d3e-8f77-42aa4fc1d18e,1.2201,0.01697,0.2893
MD,Anderson Scarpa,Hoang Nam Ly,fa8d5d28-d8f5-4996-8c35-0f4ca3c35bae,f1151ea2-759d-4d9f-a5b9-5ccd966dc3ca,1.22,0.02742,0.2937
MD,Juan Benitez,Oliver Frank,f4c43443-fdff-4344-b291-274cfd26361e,e21cb6e0-aabb-43b2-a112-c0a0a59081bf,1.22,0.04323,0.3
MD,Max Freeman,Grayson Goldin,b03ff4de-9b8f-46a8-a530-d8f19e9d6ec9,43df1205-e834-4427-9f1a-4e173bf93296,1.2195,0.02309,0.2915
MD,Thomas Yu,Hoang Nam Ly,8c94d7b2-0dce-455e-916f-e35927d53547,f1151ea2-759d-4d9f-a5b9-5ccd966dc3ca,1.218,0.04171,0.298
MD,Connor Mogle,Grayson Goldin,3d9c8684-953f-4008-b355-b6104ee56a5b,43df1205-e834-4427-9f1a-4e173bf93296,1.2176,0.02512,0.291
MD,Joseph Wild,Hoang Nam Ly,a51b59c5-1a13-4472-821a-eb9866e72adf,f1151ea2-759d-4d9f-a5b9-5ccd966dc3ca,1.2173,0.03411,0.2945
MD,Harsh Mehta,Hoang Nam Ly,c18fb17d-e0bb-415c-901b-fa2f928ab22c,f1151ea2-759d-4d9f-a5b9-5ccd966dc3ca,1.2137,0.04258,0.2953
MD,Juan Benitez,Grayson Goldin,f4c43443-fdff-4344-b291-274cfd26361e,43df1205-e834-4427-9f1a-4e173bf93296,1.2124,0.029,0.2889
MD,Augustus Ge,Matthew Barlow,ba491f1c-0112-47a8-a348-4695289e958a,3270dc72-53b7-4d35-aa4c-7f8b7b6bf905,1.2122,0.02157,0.2856
MD,John Lucian Goins,Oliver Frank,e96d9339-cfb6-473d-bcb3-23f2887a3e0f,e21cb6e0-aabb-43b2-a112-c0a0a59081bf,1.2117,0.0402,0.293
MD,Hien Truong,Hoang Nam Ly,524b89ad-b76b-40b4-a0db-736bdc7b8adb,f1151ea2-759d-4d9f-a5b9-5ccd966dc3ca,1.2116,0.04064,0.2931
MD,Luca Mack,Oliver Frank,2aa8ced3-d599-4c83-86dd-ecc80196833b,e21cb6e0-aabb-43b2-a112-c0a0a59081bf,1.2102,0.046,0.2941
MD,Etienne Blaszkewycz,Hoang Nam Ly,d3e486f2-7c25-4bcf-b9dd-81c14f644f60,f1151ea2-759d-4d9f-a5b9-5ccd966dc3ca,1.2097,0.03178,0.2881
MD,Pablo Tellez,Hoang Nam Ly,52726ab1-2ac9-46c0-be90-6b0e7a2d56eb,f1151ea2-759d-4d9f-a5b9-5ccd966dc3ca,1.2073,0.02585,0.2839
MD,Alex Emery,Hoang Nam Ly,5c817399-aea7-481d-9a83-aab7431eabc1,f1151ea2-759d-4d9f-a5b9-5ccd966dc3ca,1.2071,0.04731,0.2926
MD,Jaume Martinez Vich,Hoang Nam Ly,cc8832b9-9a8f-4cbc-8eff-b20e9a7ff09a,f1151ea2-759d-4d9f-a5b9-5ccd966dc3ca,1.207,0.02395,0.2829
MD,Donald Young,Oliver Frank,aec5d8be-9ce0-4cc5-98a4-140fad555fe0,e21cb6e0-aabb-43b2-a112-c0a0a59081bf,1.2062,0.04172,0.2897
MD,Max Freeman,Hoang Nam Ly,b03ff4de-9b8f-46a8-a530-d8f19e9d6ec9,f1151ea2-759d-4d9f-a5b9-5ccd966dc3ca,1.2057,0.02497,0.2824
MD,Jay Devilliers,Zane Ford,295e343a-31a0-4e1d-a286-d62592291435,0c5b84bb-4c04-4906-86bc-deb533ff4eec,1.2048,0.02097,0.2799
MD,Martin Emmrich,Oliver Frank,e9849183-4693-4340-abf5-f4b6f3cb226f,e21cb6e0-aabb-43b2-a112-c0a0a59081bf,1.2047,0.04002,0.288
MD,John Lucian Goins,Grayson Goldin,e96d9339-cfb6-473d-bcb3-23f2887a3e0f,43df1205-e834-4427-9f1a-4e173bf93296,1.204,0.02597,0.2816
MD,Connor Mogle,Hoang Nam Ly,3d9c8684-953f-4008-b355-b6104ee56a5b,f1151ea2-759d-4d9f-a5b9-5ccd966dc3ca,1.2039,0.02699,0.282
MD,Rafa Hewett,Oliver Frank,06ba18e0-687b-4aa3-822d-1c86981f576b,e21cb6e0-aabb-43b2-a112-c0a0a59081bf,1.203,0.03776,0.2859
MD,Luca Mack,Grayson Goldin,2aa8ced3-d599-4c83-86dd-ecc80196833b,43df1205-e834-4427-9f1a-4e173bf93296,1.2025,0.03178,0.283
MD,Oscar Serra,Matthew Barlow,2c2a2b82-9ec7-4046-97cb-3a199ed507af,3270dc72-53b7-4d35-aa4c-7f8b7b6bf905,1.2008,0.03432,0.283
MD,George Wall,Matthew Barlow,698c5236-e88f-411c-b44f-e54f16b2d6b5,3270dc72-53b7-4d35-aa4c-7f8b7b6bf905,1.1986,0.03448,0.2814
MD,Juan Benitez,Hoang Nam Ly,f4c43443-fdff-4344-b291-274cfd26361e,f1151ea2-759d-4d9f-a5b9-5ccd966dc3ca,1.1986,0.03088,0.28
MD,Donald Young,Grayson Goldin,aec5d8be-9ce0-4cc5-98a4-140fad555fe0,43df1205-e834-4427-9f1a-4e173bf93296,1.1985,0.0275,0.2784
MD,Martin Emmrich,Grayson Goldin,e9849183-4693-4340-abf5-f4b6f3cb226f,43df1205-e834-4427-9f1a-4e173bf93296,1.197,0.02579,0.2766
MD,Rafa Hewett,Grayson Goldin,06ba18e0-687b-4aa3-822d-1c86981f576b,43df1205-e834-4427-9f1a-4e173bf93296,1.1953,0.02354,0.2744
MD,Hunter Johnson,Matthew Barlow,8160ad59-4654-46b1-b229-8d5f2a9a45f9,3270dc72-53b7-4d35-aa4c-7f8b7b6bf905,1.1946,0.02417,0.2742
MD,Tyson McGuffin,Oliver Frank,dbcb41e9-e983-410b-bc23-d184d034cfc0,e21cb6e0-aabb-43b2-a112-c0a0a59081bf,1.1934,0.03682,0.2789
MD,Federico Staksrud,Zane Ford,7edb882c-6d17-4129-8208-710e3c82364c,0c5b84bb-4c04-4906-86bc-deb533ff4eec,1.1919,0.01892,0.2698
MD,Riley Newman,Zane Ford,05b194b3-db88-4f77-a26f-5ef5cfbf6146,0c5b84bb-4c04-4906-86bc-deb533ff4eec,1.1919,0.02021,0.2704
MD,John Lucian Goins,Hoang Nam Ly,e96d9339-cfb6-473d-bcb3-23f2887a3e0f,f1151ea2-759d-4d9f-a5b9-5ccd966dc3ca,1.1903,0.02785,0.2728
MD,Luca Mack,Hoang Nam Ly,2aa8ced3-d599-4c83-86dd-ecc80196833b,f1151ea2-759d-4d9f-a5b9-5ccd966dc3ca,1.1887,0.03365,0.2743
MD,Roscoe Bellamy,Matthew Barlow,925c1306-6b3b-4510-8482-f34168a0842a,3270dc72-53b7-4d35-aa4c-7f8b7b6bf905,1.1873,0.02344,0.2687
MD,Tyson McGuffin,Grayson Goldin,dbcb41e9-e983-410b-bc23-d184d034cfc0,43df1205-e834-4427-9f1a-4e173bf93296,1.1857,0.0226,0.2672
MD,Anderson Scarpa,Matthew Barlow,fa8d5d28-d8f5-4996-8c35-0f4ca3c35bae,3270dc72-53b7-4d35-aa4c-7f8b7b6bf905,1.1847,0.02534,0.2678
MD,Donald Young,Hoang Nam Ly,aec5d8be-9ce0-4cc5-98a4-140fad555fe0,f1151ea2-759d-4d9f-a5b9-5ccd966dc3ca,1.1847,0.02938,0.2697
MD,Tama Shimabukuro,Oliver Frank,4af4d4d1-9f87-4dc7-95f2-b10751d44c15,e21cb6e0-aabb-43b2-a112-c0a0a59081bf,1.1838,0.03581,0.2718
MD,Oliver Frank,Patrick Kawka,e21cb6e0-aabb-43b2-a112-c0a0a59081bf,6876576c-b20e-47e3-99e4-d32759cc9f48,1.1835,0.07,0.2852
MD,Martin Emmrich,Hoang Nam Ly,e9849183-4693-4340-abf5-f4b6f3cb226f,f1151ea2-759d-4d9f-a5b9-5ccd966dc3ca,1.1833,0.02767,0.2679
MD,Thomas Yu,Matthew Barlow,8c94d7b2-0dce-455e-916f-e35927d53547,3270dc72-53b7-4d35-aa4c-7f8b7b6bf905,1.1826,0.03963,0.2727
MD,Joseph Wild,Matthew Barlow,a51b59c5-1a13-4472-821a-eb9866e72adf,3270dc72-53b7-4d35-aa4c-7f8b7b6bf905,1.182,0.03203,0.269
MD,Rafa Hewett,Hoang Nam Ly,06ba18e0-687b-4aa3-822d-1c86981f576b,f1151ea2-759d-4d9f-a5b9-5ccd966dc3ca,1.1816,0.02541,0.2657
MD,Harsh Mehta,Matthew Barlow,c18fb17d-e0bb-415c-901b-fa2f928ab22c,3270dc72-53b7-4d35-aa4c-7f8b7b6bf905,1.1784,0.0405,0.2702
MD,Oliver Frank,Tristan Dussault,e21cb6e0-aabb-43b2-a112-c0a0a59081bf,3cab1673-2522-4dd5-ba07-2a1b88749d86,1.1776,0.0485,0.273
MD,Hien Truong,Matthew Barlow,524b89ad-b76b-40b4-a0db-736bdc7b8adb,3270dc72-53b7-4d35-aa4c-7f8b7b6bf905,1.1763,0.03856,0.2679
MD,Tama Shimabukuro,Grayson Goldin,4af4d4d1-9f87-4dc7-95f2-b10751d44c15,43df1205-e834-4427-9f1a-4e173bf93296,1.1761,0.02159,0.2601
MD,Patrick Kawka,Grayson Goldin,6876576c-b20e-47e3-99e4-d32759cc9f48,43df1205-e834-4427-9f1a-4e173bf93296,1.1758,0.05577,0.2747
MD,Etienne Blaszkewycz,Matthew Barlow,d3e486f2-7c25-4bcf-b9dd-81c14f644f60,3270dc72-53b7-4d35-aa4c-7f8b7b6bf905,1.1743,0.0297,0.2626
MD,Tyson McGuffin,Hoang Nam Ly,dbcb41e9-e983-410b-bc23-d184d034cfc0,f1151ea2-759d-4d9f-a5b9-5ccd966dc3ca,1.172,0.02447,0.2586
MD,Pablo Tellez,Matthew Barlow,52726ab1-2ac9-46c0-be90-6b0e7a2d56eb,3270dc72-53b7-4d35-aa4c-7f8b7b6bf905,1.1719,0.02377,0.2583
MD,Alex Emery,Matthew Barlow,5c817399-aea7-481d-9a83-aab7431eabc1,3270dc72-53b7-4d35-aa4c-7f8b7b6bf905,1.1718,0.04523,0.2678
MD,Jaume Martinez Vich,Matthew Barlow,cc8832b9-9a8f-4cbc-8eff-b20e9a7ff09a,3270dc72-53b7-4d35-aa4c-7f8b7b6bf905,1.1717,0.02187,0.2572
MD,Max Freeman,Matthew Barlow,b03ff4de-9b8f-46a8-a530-d8f19e9d6ec9,3270dc72-53b7-4d35-aa4c-7f8b7b6bf905,1.1704,0.02289,0.2568
MD,Tristan Dussault,Grayson Goldin,3cab1673-2522-4dd5-ba07-2a1b88749d86,43df1205-e834-4427-9f1a-4e173bf93296,1.1699,0.03428,0.2618
MD,Christopher Haworth,Oliver Frank,a91e2b68-7357-4518-baf9-f59b0b4c2477,e21cb6e0-aabb-43b2-a112-c0a0a59081bf,1.1688,0.03894,0.2631
MD,Connor Mogle,Matthew Barlow,3d9c8684-953f-4008-b355-b6104ee56a5b,3270dc72-53b7-4d35-aa4c-7f8b7b6bf905,1.1685,0.02491,0.2564
MD,Juan Benitez,Matthew Barlow,f4c43443-fdff-4344-b291-274cfd26361e,3270dc72-53b7-4d35-aa4c-7f8b7b6bf905,1.1633,0.0288,0.2548
MD,Tama Shimabukuro,Hoang Nam Ly,4af4d4d1-9f87-4dc7-95f2-b10751d44c15,f1151ea2-759d-4d9f-a5b9-5ccd966dc3ca,1.1624,0.02346,0.2516
MD,Patrick Kawka,Hoang Nam Ly,6876576c-b20e-47e3-99e4-d32759cc9f48,f1151ea2-759d-4d9f-a5b9-5ccd966dc3ca,1.1621,0.05765,0.2665
MD,Christopher Haworth,Grayson Goldin,a91e2b68-7357-4518-baf9-f59b0b4c2477,43df1205-e834-4427-9f1a-4e173bf93296,1.1611,0.02472,0.2514
MD,Thomas Wilson,Zane Ford,12d79cbe-b5c7-4504-ab8f-f352a6bb8629,0c5b84bb-4c04-4906-86bc-deb533ff4eec,1.1597,0.05761,0.265
MD,Tristan Dussault,Hoang Nam Ly,3cab1673-2522-4dd5-ba07-2a1b88749d86,f1151ea2-759d-4d9f-a5b9-5ccd966dc3ca,1.1562,0.03615,0.2535
MD,Oliver Frank,Mohaned Alhouni,e21cb6e0-aabb-43b2-a112-c0a0a59081bf,1bab49f1-6891-4d3e-8f77-42aa4fc1d18e,1.1561,0.03858,0.2545
MD,John Lucian Goins,Matthew Barlow,e96d9339-cfb6-473d-bcb3-23f2887a3e0f,3270dc72-53b7-4d35-aa4c-7f8b7b6bf905,1.1549,0.02577,0.2478
MD,Luca Mack,Matthew Barlow,2aa8ced3-d599-4c83-86dd-ecc80196833b,3270dc72-53b7-4d35-aa4c-7f8b7b6bf905,1.1534,0.03158,0.2495
MD,Donald Young,Matthew Barlow,aec5d8be-9ce0-4cc5-98a4-140fad555fe0,3270dc72-53b7-4d35-aa4c-7f8b7b6bf905,1.1494,0.0273,0.2449
MD,Mohaned Alhouni,Grayson Goldin,1bab49f1-6891-4d3e-8f77-42aa4fc1d18e,43df1205-e834-4427-9f1a-4e173bf93296,1.1484,0.02435,0.2427
MD,Martin Emmrich,Matthew Barlow,e9849183-4693-4340-abf5-f4b6f3cb226f,3270dc72-53b7-4d35-aa4c-7f8b7b6bf905,1.1479,0.02559,0.243
MD,Christopher Haworth,Hoang Nam Ly,a91e2b68-7357-4518-baf9-f59b0b4c2477,f1151ea2-759d-4d9f-a5b9-5ccd966dc3ca,1.1474,0.0266,0.2432
MD,Rafa Hewett,Matthew Barlow,06ba18e0-687b-4aa3-822d-1c86981f576b,3270dc72-53b7-4d35-aa4c-7f8b7b6bf905,1.1462,0.02333,0.2408
MD,Nicolas Acevedo,Zane Ford,a000a067-1bf1-442f-a961-e6c97cb50006,0c5b84bb-4c04-4906-86bc-deb533ff4eec,1.1406,0.02115,0.236
MD,Tyson McGuffin,Matthew Barlow,dbcb41e9-e983-410b-bc23-d184d034cfc0,3270dc72-53b7-4d35-aa4c-7f8b7b6bf905,1.1366,0.0224,0.2341
MD,Jack Sock,Zane Ford,3a43c56f-b9d8-4e72-ae8a-58fd69291946,0c5b84bb-4c04-4906-86bc-deb533ff4eec,1.1363,0.02097,0.2331
MD,Mohaned Alhouni,Hoang Nam Ly,1bab49f1-6891-4d3e-8f77-42aa4fc1d18e,f1151ea2-759d-4d9f-a5b9-5ccd966dc3ca,1.1347,0.02623,0.2347
MD,Phuc Huynh,Zane Ford,0763ffeb-1b1f-41c5-ab37-d17b66e50b50,0c5b84bb-4c04-4906-86bc-deb533ff4eec,1.1305,0.05071,0.2435
MD,Tama Shimabukuro,Matthew Barlow,4af4d4d1-9f87-4dc7-95f2-b10751d44c15,3270dc72-53b7-4d35-aa4c-7f8b7b6bf905,1.127,0.02139,0.2274
MD,Patrick Kawka,Matthew Barlow,6876576c-b20e-47e3-99e4-d32759cc9f48,3270dc72-53b7-4d35-aa4c-7f8b7b6bf905,1.1267,0.05557,0.2433
MD,Robert Slutsky,Zane Ford,f6fa549d-8a9c-46fd-aeb8-af8a3f0f7a59,0c5b84bb-4c04-4906-86bc-deb533ff4eec,1.1262,0.03129,0.2319
MD,Tristan Dussault,Matthew Barlow,3cab1673-2522-4dd5-ba07-2a1b88749d86,3270dc72-53b7-4d35-aa4c-7f8b7b6bf905,1.1209,0.03408,0.2298
MD,Connor Garnett,Zane Ford,ff38654d-daae-4bad-a1a7-690e4e5706eb,0c5b84bb-4c04-4906-86bc-deb533ff4eec,1.114,0.01923,0.218
MD,Oliver Frank,Grayson Goldin,e21cb6e0-aabb-43b2-a112-c0a0a59081bf,43df1205-e834-4427-9f1a-4e173bf93296,1.1129,0.04633,0.2307
MD,Christopher Haworth,Matthew Barlow,a91e2b68-7357-4518-baf9-f59b0b4c2477,3270dc72-53b7-4d35-aa4c-7f8b7b6bf905,1.112,0.02452,0.2195
MD,Jack Munro,Zane Ford,f90428f0-e4a3-4a08-a664-518ba7f188d2,0c5b84bb-4c04-4906-86bc-deb533ff4eec,1.1115,0.05374,0.2332
MD,Quang Duong,Zane Ford,14d61e81-14d5-4cb3-ae33-d427fbc1b4f6,0c5b84bb-4c04-4906-86bc-deb533ff4eec,1.1033,0.03769,0.2207
MD,Noe Khlif,Zane Ford,1bb8b2c1-ca6f-45ac-afdd-fab7e77d69d4,0c5b84bb-4c04-4906-86bc-deb533ff4eec,1.0994,0.01826,0.2084
MD,Matthew Barlow,Mohaned Alhouni,3270dc72-53b7-4d35-aa4c-7f8b7b6bf905,1bab49f1-6891-4d3e-8f77-42aa4fc1d18e,1.0993,0.02415,0.2115
MD,Oliver Frank,Hoang Nam Ly,e21cb6e0-aabb-43b2-a112-c0a0a59081bf,f1151ea2-759d-4d9f-a5b9-5ccd966dc3ca,1.0992,0.04821,0.2233
MD,Hoang Nam Ly,Grayson Goldin,f1151ea2-759d-4d9f-a5b9-5ccd966dc3ca,43df1205-e834-4427-9f1a-4e173bf93296,1.0939,0.03398,0.2132
MD,Will Howells,Zane Ford,d0f19d1e-2a6e-4eb3-b10c-1311edd599a8,0c5b84bb-4c04-4906-86bc-deb533ff4eec,1.0918,0.01957,0.2045
MD,Bruno Faletto,Zane Ford,34049405-b415-4f3a-aade-5be0111ac7db,0c5b84bb-4c04-4906-86bc-deb533ff4eec,1.0914,0.02756,0.2085
MD,Vanshik Kapadia,Zane Ford,6866df42-48ad-423c-9e57-d7d4d6fb66ef,0c5b84bb-4c04-4906-86bc-deb533ff4eec,1.0914,0.04742,0.2183
MD,Yuta Funemizu,Zane Ford,ce4f0e14-80ea-4ed0-a81c-7341d356d427,0c5b84bb-4c04-4906-86bc-deb533ff4eec,1.0801,0.02186,0.1988
MD,Armaan Bhatia,Zane Ford,33292af3-984d-4752-8d18-b3a5c147e9fe,0c5b84bb-4c04-4906-86bc-deb533ff4eec,1.0788,0.02143,0.1978
MD,Dekel Bar,Zane Ford,89843e44-48fd-4a3f-b8c0-5f5aa6ae5741,0c5b84bb-4c04-4906-86bc-deb533ff4eec,1.0749,0.01963,0.1945
MD,CJ Klinger,Zane Ford,ead35052-7367-4296-96d4-064f546cc2b9,0c5b84bb-4c04-4906-86bc-deb533ff4eec,1.0716,0.01897,0.1922
MD,Dylan Frazier,Zane Ford,1de884f8-7bf7-4b49-9de8-3f1fd74cabd6,0c5b84bb-4c04-4906-86bc-deb533ff4eec,1.0678,0.01984,0.1905
MD,Oliver Frank,Matthew Barlow,e21cb6e0-aabb-43b2-a112-c0a0a59081bf,3270dc72-53b7-4d35-aa4c-7f8b7b6bf905,1.0638,0.04613,0.2017
MD,Augustus Ge,Zane Ford,ba491f1c-0112-47a8-a348-4695289e958a,0c5b84bb-4c04-4906-86bc-deb533ff4eec,1.0587,0.01813,0.1843
MD,Matthew Barlow,Grayson Goldin,3270dc72-53b7-4d35-aa4c-7f8b7b6bf905,43df1205-e834-4427-9f1a-4e173bf93296,1.0585,0.0319,0.1916
MD,Matthew Barlow,Hoang Nam Ly,3270dc72-53b7-4d35-aa4c-7f8b7b6bf905,f1151ea2-759d-4d9f-a5b9-5ccd966dc3ca,1.049,0.03378,0.1873
MD,Oscar Serra,Zane Ford,2c2a2b82-9ec7-4046-97cb-3a199ed507af,0c5b84bb-4c04-4906-86bc-deb533ff4eec,1.0473,0.03088,0.1848
MD,George Wall,Zane Ford,698c5236-e88f-411c-b44f-e54f16b2d6b5,0c5b84bb-4c04-4906-86bc-deb533ff4eec,1.045,0.03104,0.1837
MD,Hunter Johnson,Zane Ford,8160ad59-4654-46b1-b229-8d5f2a9a45f9,0c5b84bb-4c04-4906-86bc-deb533ff4eec,1.0411,0.02073,0.176
MD,Roscoe Bellamy,Zane Ford,925c1306-6b3b-4510-8482-f34168a0842a,0c5b84bb-4c04-4906-86bc-deb533ff4eec,1.0337,0.02,0.1716
MD,Anderson Scarpa,Zane Ford,fa8d5d28-d8f5-4996-8c35-0f4ca3c35bae,0c5b84bb-4c04-4906-86bc-deb533ff4eec,1.0311,0.0219,0.1712
MD,Thomas Yu,Zane Ford,8c94d7b2-0dce-455e-916f-e35927d53547,0c5b84bb-4c04-4906-86bc-deb533ff4eec,1.0291,0.03619,0.1777
MD,Joseph Wild,Zane Ford,a51b59c5-1a13-4472-821a-eb9866e72adf,0c5b84bb-4c04-4906-86bc-deb533ff4eec,1.0284,0.02859,0.1734
MD,Harsh Mehta,Zane Ford,c18fb17d-e0bb-415c-901b-fa2f928ab22c,0c5b84bb-4c04-4906-86bc-deb533ff4eec,1.0248,0.03706,0.1759
MD,Hien Truong,Zane Ford,524b89ad-b76b-40b4-a0db-736bdc7b8adb,0c5b84bb-4c04-4906-86bc-deb533ff4eec,1.0227,0.03512,0.1738
MD,Etienne Blaszkewycz,Zane Ford,d3e486f2-7c25-4bcf-b9dd-81c14f644f60,0c5b84bb-4c04-4906-86bc-deb533ff4eec,1.0208,0.02626,0.1681
MD,Pablo Tellez,Zane Ford,52726ab1-2ac9-46c0-be90-6b0e7a2d56eb,0c5b84bb-4c04-4906-86bc-deb533ff4eec,1.0184,0.02033,0.1636
MD,Alex Emery,Zane Ford,5c817399-aea7-481d-9a83-aab7431eabc1,0c5b84bb-4c04-4906-86bc-deb533ff4eec,1.0182,0.04179,0.1748
MD,Jaume Martinez Vich,Zane Ford,cc8832b9-9a8f-4cbc-8eff-b20e9a7ff09a,0c5b84bb-4c04-4906-86bc-deb533ff4eec,1.0181,0.01843,0.1624
MD,Max Freeman,Zane Ford,b03ff4de-9b8f-46a8-a530-d8f19e9d6ec9,0c5b84bb-4c04-4906-86bc-deb533ff4eec,1.0168,0.01945,0.1623
MD,Connor Mogle,Zane Ford,3d9c8684-953f-4008-b355-b6104ee56a5b,0c5b84bb-4c04-4906-86bc-deb533ff4eec,1.015,0.02147,0.1625
MD,Juan Benitez,Zane Ford,f4c43443-fdff-4344-b291-274cfd26361e,0c5b84bb-4c04-4906-86bc-deb533ff4eec,1.0097,0.02536,0.1619
MD,John Lucian Goins,Zane Ford,e96d9339-cfb6-473d-bcb3-23f2887a3e0f,0c5b84bb-4c04-4906-86bc-deb533ff4eec,1.0014,0.02233,0.156
MD,Luca Mack,Zane Ford,2aa8ced3-d599-4c83-86dd-ecc80196833b,0c5b84bb-4c04-4906-86bc-deb533ff4eec,0.9998,0.02814,0.1583
MD,Donald Young,Zane Ford,aec5d8be-9ce0-4cc5-98a4-140fad555fe0,0c5b84bb-4c04-4906-86bc-deb533ff4eec,0.9958,0.02386,0.154
MD,Zane Ford,Martin Emmrich,0c5b84bb-4c04-4906-86bc-deb533ff4eec,e9849183-4693-4340-abf5-f4b6f3cb226f,0.9944,0.02215,0.1524
MD,Zane Ford,Rafa Hewett,0c5b84bb-4c04-4906-86bc-deb533ff4eec,06ba18e0-687b-4aa3-822d-1c86981f576b,0.9926,0.01989,0.1503
MD,Tyson McGuffin,Zane Ford,dbcb41e9-e983-410b-bc23-d184d034cfc0,0c5b84bb-4c04-4906-86bc-deb533ff4eec,0.9831,0.01895,0.1451
MD,Tama Shimabukuro,Zane Ford,4af4d4d1-9f87-4dc7-95f2-b10751d44c15,0c5b84bb-4c04-4906-86bc-deb533ff4eec,0.9734,0.01795,0.1399
MD,Zane Ford,Patrick Kawka,0c5b84bb-4c04-4906-86bc-deb533ff4eec,6876576c-b20e-47e3-99e4-d32759cc9f48,0.9732,0.05213,0.1574
MD,Zane Ford,Tristan Dussault,0c5b84bb-4c04-4906-86bc-deb533ff4eec,3cab1673-2522-4dd5-ba07-2a1b88749d86,0.9673,0.03063,0.1439
MD,Christopher Haworth,Zane Ford,a91e2b68-7357-4518-baf9-f59b0b4c2477,0c5b84bb-4c04-4906-86bc-deb533ff4eec,0.9585,0.02108,0.1347
MD,Zane Ford,Mohaned Alhouni,0c5b84bb-4c04-4906-86bc-deb533ff4eec,1bab49f1-6891-4d3e-8f77-42aa4fc1d18e,0.9457,0.02071,0.1288
MD,Zane Ford,Oliver Frank,0c5b84bb-4c04-4906-86bc-deb533ff4eec,e21cb6e0-aabb-43b2-a112-c0a0a59081bf,0.9103,0.04269,0.1248
MD,Zane Ford,Grayson Goldin,0c5b84bb-4c04-4906-86bc-deb533ff4eec,43df1205-e834-4427-9f1a-4e173bf93296,0.905,0.02846,0.1156
MD,Zane Ford,Hoang Nam Ly,0c5b84bb-4c04-4906-86bc-deb533ff4eec,f1151ea2-759d-4d9f-a5b9-5ccd966dc3ca,0.8955,0.03034,0.1127
MD,Zane Ford,Matthew Barlow,0c5b84bb-4c04-4906-86bc-deb533ff4eec,3270dc72-53b7-4d35-aa4c-7f8b7b6bf905,0.8711,0.02826,0.1024
MXD,Anna Leigh Waters,Ben Johns,129b2771-34b5-4b7f-9c23-e020a6aa3e6a,6f862c1d-1317-4fe7-bdcd-64caa0dbb088,2.7879,0.01698,0.9958
MXD,Anna Leigh Waters,JW Johnson,129b2771-34b5-4b7f-9c23-e020a6aa3e6a,bd061b42-2f82-4bbe-82be-d8bcfb37f9e1,2.7542,0.01862,0.9947
MXD,Anna Leigh Waters,Hayden Patriquin,129b2771-34b5-4b7f-9c23-e020a6aa3e6a,fc05556e-3e38-4a38-99c2-f855174a7c28,2.7482,0.01703,0.9947
MXD,Anna Leigh Waters,Gabriel Tardio,129b2771-34b5-4b7f-9c23-e020a6aa3e6a,d50310a6-9378-4228-823f-7fb54f7bd698,2.7369,0.01669,0.9944
MXD,Anna Leigh Waters,Christian Alshon,129b2771-34b5-4b7f-9c23-e020a6aa3e6a,79a11da1-6aeb-4719-9b1e-9918e0163cec,2.6701,0.01713,0.9917
MXD,Anna Leigh Waters,Andrei Daescu,129b2771-34b5-4b7f-9c23-e020a6aa3e6a,581183e8-3d9e-459e-b69f-7337d8b6f3d2,2.6236,0.01672,0.9894
MXD,Anna Leigh Waters,Eric Oncins,129b2771-34b5-4b7f-9c23-e020a6aa3e6a,52690a0c-ed4a-4e0b-bf69-4ef416cf7d55,2.5916,0.0172,0.9873
MXD,Anna Leigh Waters,Jay Devilliers,129b2771-34b5-4b7f-9c23-e020a6aa3e6a,295e343a-31a0-4e1d-a286-d62592291435,2.5594,0.0187,0.9847
MXD,Anna Leigh Waters,Federico Staksrud,129b2771-34b5-4b7f-9c23-e020a6aa3e6a,7edb882c-6d17-4129-8208-710e3c82364c,2.5408,0.01665,0.9835
MXD,Anna Leigh Waters,Riley Newman,129b2771-34b5-4b7f-9c23-e020a6aa3e6a,05b194b3-db88-4f77-a26f-5ef5cfbf6146,2.5407,0.01794,0.9833
MXD,Anna Leigh Waters,Thomas Wilson,129b2771-34b5-4b7f-9c23-e020a6aa3e6a,12d79cbe-b5c7-4504-ab8f-f352a6bb8629,2.4941,0.05534,0.9701
MXD,Anna Leigh Waters,Nicolas Acevedo,129b2771-34b5-4b7f-9c23-e020a6aa3e6a,a000a067-1bf1-442f-a961-e6c97cb50006,2.4665,0.01888,0.9756
MXD,Anna Leigh Waters,Jack Sock,129b2771-34b5-4b7f-9c23-e020a6aa3e6a,3a43c56f-b9d8-4e72-ae8a-58fd69291946,2.4603,0.0187,0.9748
MXD,Anna Leigh Waters,Phuc Huynh,129b2771-34b5-4b7f-9c23-e020a6aa3e6a,0763ffeb-1b1f-41c5-ab37-d17b66e50b50,2.4519,0.04844,0.966
MXD,Anna Leigh Waters,Robert Slutsky,129b2771-34b5-4b7f-9c23-e020a6aa3e6a,f6fa549d-8a9c-46fd-aeb8-af8a3f0f7a59,2.4457,0.02902,0.9703
MXD,Anna Leigh Waters,Connor Garnett,129b2771-34b5-4b7f-9c23-e020a6aa3e6a,ff38654d-daae-4bad-a1a7-690e4e5706eb,2.428,0.01696,0.9711
MXD,Anna Leigh Waters,Jack Munro,129b2771-34b5-4b7f-9c23-e020a6aa3e6a,f90428f0-e4a3-4a08-a664-518ba7f188d2,2.4244,0.05147,0.9608
MXD,Anna Leigh Waters,Quang Duong,129b2771-34b5-4b7f-9c23-e020a6aa3e6a,14d61e81-14d5-4cb3-ae33-d427fbc1b4f6,2.4125,0.03542,0.9635
MXD,Anna Leigh Waters,Noe Khlif,129b2771-34b5-4b7f-9c23-e020a6aa3e6a,1bb8b2c1-ca6f-45ac-afdd-fab7e77d69d4,2.4069,0.01599,0.9684
MXD,Anna Bright,Ben Johns,db5eef5c-99dd-49d9-bbfc-65171a366bda,6f862c1d-1317-4fe7-bdcd-64caa0dbb088,2.4017,0.0151,0.9679
MXD,Anna Leigh Waters,Will Howells,129b2771-34b5-4b7f-9c23-e020a6aa3e6a,d0f19d1e-2a6e-4eb3-b10c-1311edd599a8,2.3958,0.0173,0.9663
MXD,Anna Leigh Waters,Bruno Faletto,129b2771-34b5-4b7f-9c23-e020a6aa3e6a,34049405-b415-4f3a-aade-5be0111ac7db,2.3953,0.02529,0.9638
MXD,Anna Leigh Waters,Vanshik Kapadia,129b2771-34b5-4b7f-9c23-e020a6aa3e6a,6866df42-48ad-423c-9e57-d7d4d6fb66ef,2.3953,0.04515,0.9577
MXD,Anna Leigh Waters,Yuta Funemizu,129b2771-34b5-4b7f-9c23-e020a6aa3e6a,ce4f0e14-80ea-4ed0-a81c-7341d356d427,2.3789,0.01959,0.9629
MXD,Anna Leigh Waters,Armaan Bhatia,129b2771-34b5-4b7f-9c23-e020a6aa3e6a,33292af3-984d-4752-8d18-b3a5c147e9fe,2.3771,0.01917,0.9627
MXD,Anna Leigh Waters,Dekel Bar,129b2771-34b5-4b7f-9c23-e020a6aa3e6a,89843e44-48fd-4a3f-b8c0-5f5aa6ae5741,2.3714,0.01737,0.9623
MXD,Anna Bright,JW Johnson,db5eef5c-99dd-49d9-bbfc-65171a366bda,bd061b42-2f82-4bbe-82be-d8bcfb37f9e1,2.368,0.01675,0.9619
MXD,Anna Leigh Waters,CJ Klinger,129b2771-34b5-4b7f-9c23-e020a6aa3e6a,ead35052-7367-4296-96d4-064f546cc2b9,2.3666,0.0167,0.9617
MXD,Anna Bright,Hayden Patriquin,db5eef5c-99dd-49d9-bbfc-65171a366bda,fc05556e-3e38-4a38-99c2-f855174a7c28,2.3619,0.01515,0.9614
MXD,Anna Leigh Waters,Dylan Frazier,129b2771-34b5-4b7f-9c23-e020a6aa3e6a,1de884f8-7bf7-4b49-9de8-3f1fd74cabd6,2.3611,0.01757,0.9604
MXD,Anna Bright,Gabriel Tardio,db5eef5c-99dd-49d9-bbfc-65171a366bda,d50310a6-9378-4228-823f-7fb54f7bd698,2.3507,0.01481,0.9595
MXD,Anna Leigh Waters,Augustus Ge,129b2771-34b5-4b7f-9c23-e020a6aa3e6a,ba491f1c-0112-47a8-a348-4695289e958a,2.3479,0.01586,0.9586
MXD,Anna Leigh Waters,Oscar Serra,129b2771-34b5-4b7f-9c23-e020a6aa3e6a,2c2a2b82-9ec7-4046-97cb-3a199ed507af,2.3314,0.02861,0.9509
MXD,Anna Leigh Waters,George Wall,129b2771-34b5-4b7f-9c23-e020a6aa3e6a,698c5236-e88f-411c-b44f-e54f16b2d6b5,2.3281,0.02877,0.9501
MXD,Anna Leigh Waters,Hunter Johnson,129b2771-34b5-4b7f-9c23-e020a6aa3e6a,8160ad59-4654-46b1-b229-8d5f2a9a45f9,2.3225,0.01846,0.9527
MXD,Anna Leigh Waters,Roscoe Bellamy,129b2771-34b5-4b7f-9c23-e020a6aa3e6a,925c1306-6b3b-4510-8482-f34168a0842a,2.3118,0.01773,0.9507
MXD,Anna Leigh Waters,Anderson Scarpa,129b2771-34b5-4b7f-9c23-e020a6aa3e6a,fa8d5d28-d8f5-4996-8c35-0f4ca3c35bae,2.308,0.01963,0.9492
MXD,Anna Leigh Waters,Thomas Yu,129b2771-34b5-4b7f-9c23-e020a6aa3e6a,8c94d7b2-0dce-455e-916f-e35927d53547,2.3051,0.03392,0.9431
MXD,Anna Leigh Waters,Joseph Wild,129b2771-34b5-4b7f-9c23-e020a6aa3e6a,a51b59c5-1a13-4472-821a-eb9866e72adf,2.3041,0.02632,0.9458
MXD,Anna Leigh Waters,Harsh Mehta,129b2771-34b5-4b7f-9c23-e020a6aa3e6a,c18fb17d-e0bb-415c-901b-fa2f928ab22c,2.2989,0.03479,0.9414
MXD,Anna Leigh Waters,Hien Truong,129b2771-34b5-4b7f-9c23-e020a6aa3e6a,524b89ad-b76b-40b4-a0db-736bdc7b8adb,2.2958,0.03285,0.9414
MXD,Anna Leigh Waters,Etienne Blaszkewycz,129b2771-34b5-4b7f-9c23-e020a6aa3e6a,d3e486f2-7c25-4bcf-b9dd-81c14f644f60,2.293,0.02399,0.9441
MXD,Anna Leigh Waters,Pablo Tellez,129b2771-34b5-4b7f-9c23-e020a6aa3e6a,52726ab1-2ac9-46c0-be90-6b0e7a2d56eb,2.2896,0.01806,0.9457
MXD,Anna Leigh Waters,Alex Emery,129b2771-34b5-4b7f-9c23-e020a6aa3e6a,5c817399-aea7-481d-9a83-aab7431eabc1,2.2893,0.03952,0.9372
MXD,Anna Leigh Waters,Jaume Martinez Vich,129b2771-34b5-4b7f-9c23-e020a6aa3e6a,cc8832b9-9a8f-4cbc-8eff-b20e9a7ff09a,2.2892,0.01616,0.9464
MXD,Anna Leigh Waters,Max Freeman,129b2771-34b5-4b7f-9c23-e020a6aa3e6a,b03ff4de-9b8f-46a8-a530-d8f19e9d6ec9,2.2873,0.01718,0.9455
MXD,Anna Leigh Waters,Connor Mogle,129b2771-34b5-4b7f-9c23-e020a6aa3e6a,3d9c8684-953f-4008-b355-b6104ee56a5b,2.2846,0.0192,0.9441
MXD,Anna Bright,Christian Alshon,db5eef5c-99dd-49d9-bbfc-65171a366bda,79a11da1-6aeb-4719-9b1e-9918e0163cec,2.2839,0.01525,0.9455
MXD,Anna Leigh Waters,Juan Benitez,129b2771-34b5-4b7f-9c23-e020a6aa3e6a,f4c43443-fdff-4344-b291-274cfd26361e,2.277,0.02309,0.9407
MXD,Jorja Johnson,Ben Johns,b51ea0fb-c243-4427-85f8-b798febb51ff,6f862c1d-1317-4fe7-bdcd-64caa0dbb088,2.2762,0.01451,0.944
MXD,Anna Leigh Waters,John Lucian Goins,129b2771-34b5-4b7f-9c23-e020a6aa3e6a,e96d9339-cfb6-473d-bcb3-23f2887a3e0f,2.265,0.02006,0.9389
MXD,Anna Leigh Waters,Luca Mack,129b2771-34b5-4b7f-9c23-e020a6aa3e6a,2aa8ced3-d599-4c83-86dd-ecc80196833b,2.2627,0.02587,0.9359
MXD,Jade Kawamoto,Ben Johns,6cae3a50-eee6-45ea-8b28-85ef9c50e3c4,6f862c1d-1317-4fe7-bdcd-64caa0dbb088,2.262,0.01646,0.9397
MXD,Anna Leigh Waters,Donald Young,129b2771-34b5-4b7f-9c23-e020a6aa3e6a,aec5d8be-9ce0-4cc5-98a4-140fad555fe0,2.2569,0.02159,0.9362
MXD,Anna Leigh Waters,Martin Emmrich,129b2771-34b5-4b7f-9c23-e020a6aa3e6a,e9849183-4693-4340-abf5-f4b6f3cb226f,2.2548,0.01988,0.9364
MXD,Anna Leigh Waters,Rafa Hewett,129b2771-34b5-4b7f-9c23-e020a6aa3e6a,06ba18e0-687b-4aa3-822d-1c86981f576b,2.2523,0.01762,0.9367
MXD,Parris Todd,Ben Johns,1728d016-1f02-4789-be73-63d12d5a5b42,6f862c1d-1317-4fe7-bdcd-64caa0dbb088,2.2483,0.01534,0.9366
MXD,Jorja Johnson,JW Johnson,b51ea0fb-c243-4427-85f8-b798febb51ff,bd061b42-2f82-4bbe-82be-d8bcfb37f9e1,2.2425,0.01616,0.9347
MXD,Anna Leigh Waters,Tyson McGuffin,129b2771-34b5-4b7f-9c23-e020a6aa3e6a,dbcb41e9-e983-410b-bc23-d184d034cfc0,2.2385,0.01669,0.9334
MXD,Anna Bright,Andrei Daescu,db5eef5c-99dd-49d9-bbfc-65171a366bda,581183e8-3d9e-459e-b69f-7337d8b6f3d2,2.2374,0.01484,0.9339
MXD,Tina Pisnik,Ben Johns,f879086b-e0e5-4772-b0a6-4055c265da69,6f862c1d-1317-4fe7-bdcd-64caa0dbb088,2.2373,0.01451,0.934
MXD,Jorja Johnson,Hayden Patriquin,b51ea0fb-c243-4427-85f8-b798febb51ff,fc05556e-3e38-4a38-99c2-f855174a7c28,2.2364,0.01456,0.9338
MXD,Rachel Rohrabacher,Ben Johns,50908953-a944-4a34-898b-16af312bc814,6f862c1d-1317-4fe7-bdcd-64caa0dbb088,2.2305,0.01418,0.9323
MXD,Jade Kawamoto,JW Johnson,6cae3a50-eee6-45ea-8b28-85ef9c50e3c4,bd061b42-2f82-4bbe-82be-d8bcfb37f9e1,2.2283,0.01811,0.93
MXD,Jorja Johnson,Gabriel Tardio,b51ea0fb-c243-4427-85f8-b798febb51ff,d50310a6-9378-4228-823f-7fb54f7bd698,2.2252,0.01422,0.9308
MXD,Anna Leigh Waters,Tama Shimabukuro,129b2771-34b5-4b7f-9c23-e020a6aa3e6a,4af4d4d1-9f87-4dc7-95f2-b10751d44c15,2.2245,0.01568,0.93
MXD,Anna Leigh Waters,Patrick Kawka,129b2771-34b5-4b7f-9c23-e020a6aa3e6a,6876576c-b20e-47e3-99e4-d32759cc9f48,2.2242,0.04986,0.9149
MXD,Jade Kawamoto,Hayden Patriquin,6cae3a50-eee6-45ea-8b28-85ef9c50e3c4,fc05556e-3e38-4a38-99c2-f855174a7c28,2.2223,0.01651,0.929
MXD,Anna Leigh Waters,Tristan Dussault,129b2771-34b5-4b7f-9c23-e020a6aa3e6a,3cab1673-2522-4dd5-ba07-2a1b88749d86,2.2156,0.02837,0.9217
MXD,Parris Todd,JW Johnson,1728d016-1f02-4789-be73-63d12d5a5b42,bd061b42-2f82-4bbe-82be-d8bcfb37f9e1,2.2146,0.01698,0.9265
MXD,Jade Kawamoto,Gabriel Tardio,6cae3a50-eee6-45ea-8b28-85ef9c50e3c4,d50310a6-9378-4228-823f-7fb54f7bd698,2.2111,0.01617,0.9258
MXD,Parris Todd,Hayden Patriquin,1728d016-1f02-4789-be73-63d12d5a5b42,fc05556e-3e38-4a38-99c2-f855174a7c28,2.2086,0.01539,0.9254
MXD,Anna Bright,Eric Oncins,db5eef5c-99dd-49d9-bbfc-65171a366bda,52690a0c-ed4a-4e0b-bf69-4ef416cf7d55,2.2053,0.01532,0.9245
MXD,Tina Pisnik,JW Johnson,f879086b-e0e5-4772-b0a6-4055c265da69,bd061b42-2f82-4bbe-82be-d8bcfb37f9e1,2.2036,0.01616,0.9236
MXD,Anna Leigh Waters,Christopher Haworth,129b2771-34b5-4b7f-9c23-e020a6aa3e6a,a91e2b68-7357-4518-baf9-f59b0b4c2477,2.2029,0.01881,0.9221
MXD,Tina Pisnik,Hayden Patriquin,f879086b-e0e5-4772-b0a6-4055c265da69,fc05556e-3e38-4a38-99c2-f855174a7c28,2.1975,0.01456,0.9225
MXD,Jackie Kawamoto,Ben Johns,be33755f-9262-461b-aedd-e9a7a686a82c,6f862c1d-1317-4fe7-bdcd-64caa0dbb088,2.1974,0.0169,0.9214
MXD,Parris Todd,Gabriel Tardio,1728d016-1f02-4789-be73-63d12d5a5b42,d50310a6-9378-4228-823f-7fb54f7bd698,2.1973,0.01505,0.9222
MXD,Rachel Rohrabacher,JW Johnson,50908953-a944-4a34-898b-16af312bc814,bd061b42-2f82-4bbe-82be-d8bcfb37f9e1,2.1968,0.01583,0.9217
MXD,Tyra Hurricane Black,Ben Johns,fec65f7e-f2c8-482f-ab5b-541cf53b1064,6f862c1d-1317-4fe7-bdcd-64caa0dbb088,2.1968,0.0143,0.9224
MXD,Rachel Rohrabacher,Hayden Patriquin,50908953-a944-4a34-898b-16af312bc814,fc05556e-3e38-4a38-99c2-f855174a7c28,2.1908,0.01423,0.9205
MXD,Kate Fahey,Ben Johns,3af01041-5679-400a-87b8-12c01db8cec4,6f862c1d-1317-4fe7-bdcd-64caa0dbb088,2.1886,0.01275,0.9206
MXD,Tina Pisnik,Gabriel Tardio,f879086b-e0e5-4772-b0a6-4055c265da69,d50310a6-9378-4228-823f-7fb54f7bd698,2.1863,0.01422,0.9192
MXD,Anna Leigh Waters,Mohaned Alhouni,129b2771-34b5-4b7f-9c23-e020a6aa3e6a,1bab49f1-6891-4d3e-8f77-42aa4fc1d18e,2.1844,0.01844,0.9165
MXD,Rachel Rohrabacher,Gabriel Tardio,50908953-a944-4a34-898b-16af312bc814,d50310a6-9378-4228-823f-7fb54f7bd698,2.1795,0.01389,0.9171
MXD,Anna Bright,Jay Devilliers,db5eef5c-99dd-49d9-bbfc-65171a366bda,295e343a-31a0-4e1d-a286-d62592291435,2.1731,0.01682,0.9136
MXD,Jackie Kawamoto,JW Johnson,be33755f-9262-461b-aedd-e9a7a686a82c,bd061b42-2f82-4bbe-82be-d8bcfb37f9e1,2.1731,0.01854,0.9127
MXD,Tyra Hurricane Black,JW Johnson,fec65f7e-f2c8-482f-ab5b-541cf53b1064,bd061b42-2f82-4bbe-82be-d8bcfb37f9e1,2.1727,0.01595,0.9139
MXD,Jackie Kawamoto,Hayden Patriquin,be33755f-9262-461b-aedd-e9a7a686a82c,fc05556e-3e38-4a38-99c2-f855174a7c28,2.1671,0.01695,0.9115
MXD,Tyra Hurricane Black,Hayden Patriquin,fec65f7e-f2c8-482f-ab5b-541cf53b1064,fc05556e-3e38-4a38-99c2-f855174a7c28,2.1666,0.01435,0.9126
MXD,Kate Fahey,JW Johnson,3af01041-5679-400a-87b8-12c01db8cec4,bd061b42-2f82-4bbe-82be-d8bcfb37f9e1,2.1654,0.0144,0.9122
MXD,Kate Fahey,Hayden Patriquin,3af01041-5679-400a-87b8-12c01db8cec4,fc05556e-3e38-4a38-99c2-f855174a7c28,2.161,0.0128,0.9115
MXD,Jorja Johnson,Christian Alshon,b51ea0fb-c243-4427-85f8-b798febb51ff,79a11da1-6aeb-4719-9b1e-9918e0163cec,2.1584,0.01466,0.9096
MXD,Jackie Kawamoto,Gabriel Tardio,be33755f-9262-461b-aedd-e9a7a686a82c,d50310a6-9378-4228-823f-7fb54f7bd698,2.1558,0.0166,0.9078
MXD,Tyra Hurricane Black,Gabriel Tardio,fec65f7e-f2c8-482f-ab5b-541cf53b1064,d50310a6-9378-4228-823f-7fb54f7bd698,2.1554,0.01401,0.9089
MXD,Anna Bright,Federico Staksrud,db5eef5c-99dd-49d9-bbfc-65171a366bda,7edb882c-6d17-4129-8208-710e3c82364c,2.1546,0.01478,0.9083
MXD,Anna Bright,Riley Newman,db5eef5c-99dd-49d9-bbfc-65171a366bda,05b194b3-db88-4f77-a26f-5ef5cfbf6146,2.1545,0.01606,0.9076
MXD,Kate Fahey,Gabriel Tardio,3af01041-5679-400a-87b8-12c01db8cec4,d50310a6-9378-4228-823f-7fb54f7bd698,2.1498,0.01246,0.9078
MXD,Jade Kawamoto,Christian Alshon,6cae3a50-eee6-45ea-8b28-85ef9c50e3c4,79a11da1-6aeb-4719-9b1e-9918e0163cec,2.1442,0.01661,0.9036
MXD,Anna Leigh Waters,Oliver Frank,129b2771-34b5-4b7f-9c23-e020a6aa3e6a,e21cb6e0-aabb-43b2-a112-c0a0a59081bf,2.1331,0.04042,0.8877
MXD,Parris Todd,Christian Alshon,1728d016-1f02-4789-be73-63d12d5a5b42,79a11da1-6aeb-4719-9b1e-9918e0163cec,2.1305,0.01549,0.8992
MXD,Anna Leigh Waters,Grayson Goldin,129b2771-34b5-4b7f-9c23-e020a6aa3e6a,43df1205-e834-4427-9f1a-4e173bf93296,2.1254,0.02619,0.8917
MXD,Tina Pisnik,Christian Alshon,f879086b-e0e5-4772-b0a6-4055c265da69,79a11da1-6aeb-4719-9b1e-9918e0163cec,2.1195,0.01466,0.8954
MXD,Danni-Elle Townsend,Ben Johns,2c4de762-88d6-47c3-8b2b-af562c5d1f93,6f862c1d-1317-4fe7-bdcd-64caa0dbb088,2.1187,0.01646,0.8942
MXD,Sofia Sewing,Ben Johns,b9bacc1e-29b5-4a92-a9c1-24e08ac72215,6f862c1d-1317-4fe7-bdcd-64caa0dbb088,2.1135,0.01855,0.891
MXD,Rachel Rohrabacher,Christian Alshon,50908953-a944-4a34-898b-16af312bc814,79a11da1-6aeb-4719-9b1e-9918e0163cec,2.1127,0.01433,0.8929
MXD,Jorja Johnson,Andrei Daescu,b51ea0fb-c243-4427-85f8-b798febb51ff,581183e8-3d9e-459e-b69f-7337d8b6f3d2,2.1119,0.01425,0.8926
MXD,Anna Leigh Waters,Hoang Nam Ly,129b2771-34b5-4b7f-9c23-e020a6aa3e6a,f1151ea2-759d-4d9f-a5b9-5ccd966dc3ca,2.1117,0.02807,0.8854
MXD,Anna Bright,Thomas Wilson,db5eef5c-99dd-49d9-bbfc-65171a366bda,12d79cbe-b5c7-4504-ab8f-f352a6bb8629,2.1078,0.05346,0.8714
MXD,Jade Kawamoto,Andrei Daescu,6cae3a50-eee6-45ea-8b28-85ef9c50e3c4,581183e8-3d9e-459e-b69f-7337d8b6f3d2,2.0977,0.0162,0.8859
MXD,Danni-Elle Townsend,JW Johnson,2c4de762-88d6-47c3-8b2b-af562c5d1f93,bd061b42-2f82-4bbe-82be-d8bcfb37f9e1,2.0954,0.01811,0.884
MXD,Danni-Elle Townsend,Hayden Patriquin,2c4de762-88d6-47c3-8b2b-af562c5d1f93,fc05556e-3e38-4a38-99c2-f855174a7c28,2.0913,0.01651,0.8831
MXD,Sofia Sewing,JW Johnson,b9bacc1e-29b5-4a92-a9c1-24e08ac72215,bd061b42-2f82-4bbe-82be-d8bcfb37f9e1,2.0902,0.02019,0.8807
MXD,Jackie Kawamoto,Christian Alshon,be33755f-9262-461b-aedd-e9a7a686a82c,79a11da1-6aeb-4719-9b1e-9918e0163cec,2.089,0.01705,0.8818
MXD,Tyra Hurricane Black,Christian Alshon,fec65f7e-f2c8-482f-ab5b-541cf53b1064,79a11da1-6aeb-4719-9b1e-9918e0163cec,2.0886,0.01445,0.8831
MXD,Sofia Sewing,Hayden Patriquin,b9bacc1e-29b5-4a92-a9c1-24e08ac72215,fc05556e-3e38-4a38-99c2-f855174a7c28,2.0861,0.0186,0.8798
MXD,Parris Todd,Andrei Daescu,1728d016-1f02-4789-be73-63d12d5a5b42,581183e8-3d9e-459e-b69f-7337d8b6f3d2,2.084,0.01508,0.8808
MXD,Mari Humberg,Ben Johns,b1ab7d76-a859-4136-8405-3ed7c9be287a,6f862c1d-1317-4fe7-bdcd-64caa0dbb088,2.0838,0.01579,0.8803
MXD,Danni-Elle Townsend,Gabriel Tardio,2c4de762-88d6-47c3-8b2b-af562c5d1f93,d50310a6-9378-4228-823f-7fb54f7bd698,2.0835,0.01617,0.88
MXD,Kate Fahey,Christian Alshon,3af01041-5679-400a-87b8-12c01db8cec4,79a11da1-6aeb-4719-9b1e-9918e0163cec,2.0829,0.0129,0.8815
MXD,Anna Bright,Nicolas Acevedo,db5eef5c-99dd-49d9-bbfc-65171a366bda,a000a067-1bf1-442f-a961-e6c97cb50006,2.0803,0.01701,0.8782
MXD,Jorja Johnson,Eric Oncins,b51ea0fb-c243-4427-85f8-b798febb51ff,52690a0c-ed4a-4e0b-bf69-4ef416cf7d55,2.0798,0.01473,0.8792
MXD,Sofia Sewing,Gabriel Tardio,b9bacc1e-29b5-4a92-a9c1-24e08ac72215,d50310a6-9378-4228-823f-7fb54f7bd698,2.0783,0.01825,0.8766
MXD,Anna Leigh Waters,Matthew Barlow,129b2771-34b5-4b7f-9c23-e020a6aa3e6a,3270dc72-53b7-4d35-aa4c-7f8b7b6bf905,2.0763,0.02599,0.8716
MXD,Anna Bright,Jack Sock,db5eef5c-99dd-49d9-bbfc-65171a366bda,3a43c56f-b9d8-4e72-ae8a-58fd69291946,2.074,0.01682,0.8755
MXD,Tina Pisnik,Andrei Daescu,f879086b-e0e5-4772-b0a6-4055c265da69,581183e8-3d9e-459e-b69f-7337d8b6f3d2,2.073,0.01425,0.8765
MXD,Rachel Rohrabacher,Andrei Daescu,50908953-a944-4a34-898b-16af312bc814,581183e8-3d9e-459e-b69f-7337d8b6f3d2,2.0662,0.01392,0.8737
MXD,Jade Kawamoto,Eric Oncins,6cae3a50-eee6-45ea-8b28-85ef9c50e3c4,52690a0c-ed4a-4e0b-bf69-4ef416cf7d55,2.0657,0.01668,0.8719
MXD,Anna Bright,Phuc Huynh,db5eef5c-99dd-49d9-bbfc-65171a366bda,0763ffeb-1b1f-41c5-ab37-d17b66e50b50,2.0656,0.04656,0.8564
MXD,Mari Humberg,JW Johnson,b1ab7d76-a859-4136-8405-3ed7c9be287a,bd061b42-2f82-4bbe-82be-d8bcfb37f9e1,2.0606,0.01743,0.8692
MXD,Anna Bright,Robert Slutsky,db5eef5c-99dd-49d9-bbfc-65171a366bda,f6fa549d-8a9c-46fd-aeb8-af8a3f0f7a59,2.0595,0.02714,0.8635
MXD,Mari Humberg,Hayden Patriquin,b1ab7d76-a859-4136-8405-3ed7c9be287a,fc05556e-3e38-4a38-99c2-f855174a7c28,2.0564,0.01584,0.8682
MXD,Parris Todd,Eric Oncins,1728d016-1f02-4789-be73-63d12d5a5b42,52690a0c-ed4a-4e0b-bf69-4ef416cf7d55,2.0519,0.01556,0.8663
MXD,Mari Humberg,Gabriel Tardio,b1ab7d76-a859-4136-8405-3ed7c9be287a,d50310a6-9378-4228-823f-7fb54f7bd698,2.0486,0.01549,0.8648
MXD,Jorja Johnson,Jay Devilliers,b51ea0fb-c243-4427-85f8-b798febb51ff,295e343a-31a0-4e1d-a286-d62592291435,2.0476,0.01623,0.864
MXD,Jackie Kawamoto,Andrei Daescu,be33755f-9262-461b-aedd-e9a7a686a82c,581183e8-3d9e-459e-b69f-7337d8b6f3d2,2.0425,0.01664,0.8613
MXD,Tyra Hurricane Black,Andrei Daescu,fec65f7e-f2c8-482f-ab5b-541cf53b1064,581183e8-3d9e-459e-b69f-7337d8b6f3d2,2.0421,0.01404,0.8626
MXD,Anna Bright,Connor Garnett,db5eef5c-99dd-49d9-bbfc-65171a366bda,ff38654d-daae-4bad-a1a7-690e4e5706eb,2.0417,0.01509,0.8618
MXD,Tina Pisnik,Eric Oncins,f879086b-e0e5-4772-b0a6-4055c265da69,52690a0c-ed4a-4e0b-bf69-4ef416cf7d55,2.0409,0.01473,0.8616
MXD,Anna Bright,Jack Munro,db5eef5c-99dd-49d9-bbfc-65171a366bda,f90428f0-e4a3-4a08-a664-518ba7f188d2,2.0382,0.04959,0.8421
MXD,Kate Fahey,Andrei Daescu,3af01041-5679-400a-87b8-12c01db8cec4,581183e8-3d9e-459e-b69f-7337d8b6f3d2,2.0364,0.01249,0.8608
MXD,Danni-Elle Townsend,Christian Alshon,2c4de762-88d6-47c3-8b2b-af562c5d1f93,79a11da1-6aeb-4719-9b1e-9918e0163cec,2.0346,0.01661,0.8576
MXD,Rachel Rohrabacher,Eric Oncins,50908953-a944-4a34-898b-16af312bc814,52690a0c-ed4a-4e0b-bf69-4ef416cf7d55,2.0341,0.0144,0.8586
MXD,Jade Kawamoto,Jay Devilliers,6cae3a50-eee6-45ea-8b28-85ef9c50e3c4,295e343a-31a0-4e1d-a286-d62592291435,2.0335,0.01818,0.8562
MXD,Sofia Sewing,Christian Alshon,b9bacc1e-29b5-4a92-a9c1-24e08ac72215,79a11da1-6aeb-4719-9b1e-9918e0163cec,2.0311,0.0187,0.8547
MXD,Jorja Johnson,Federico Staksrud,b51ea0fb-c243-4427-85f8-b798febb51ff,7edb882c-6d17-4129-8208-710e3c82364c,2.0291,0.01419,0.8563
MXD,Jorja Johnson,Riley Newman,b51ea0fb-c243-4427-85f8-b798febb51ff,05b194b3-db88-4f77-a26f-5ef5cfbf6146,2.0289,0.01547,0.8555
MXD,Anna Bright,Quang Duong,db5eef5c-99dd-49d9-bbfc-65171a366bda,14d61e81-14d5-4cb3-ae33-d427fbc1b4f6,2.0262,0.03354,0.8444
MXD,Anna Bright,Noe Khlif,db5eef5c-99dd-49d9-bbfc-65171a366bda,1bb8b2c1-ca6f-45ac-afdd-fab7e77d69d4,2.0207,0.01412,0.8522
MXD,Parris Todd,Jay Devilliers,1728d016-1f02-4789-be73-63d12d5a5b42,295e343a-31a0-4e1d-a286-d62592291435,2.0198,0.01706,0.8501
MXD,Jade Kawamoto,Federico Staksrud,6cae3a50-eee6-45ea-8b28-85ef9c50e3c4,7edb882c-6d17-4129-8208-710e3c82364c,2.0149,0.01614,0.8482
MXD,Jade Kawamoto,Riley Newman,6cae3a50-eee6-45ea-8b28-85ef9c50e3c4,05b194b3-db88-4f77-a26f-5ef5cfbf6146,2.0148,0.01742,0.8474
MXD,Jackie Kawamoto,Eric Oncins,be33755f-9262-461b-aedd-e9a7a686a82c,52690a0c-ed4a-4e0b-bf69-4ef416cf7d55,2.0104,0.01712,0.8454
MXD,Tyra Hurricane Black,Eric Oncins,fec65f7e-f2c8-482f-ab5b-541cf53b1064,52690a0c-ed4a-4e0b-bf69-4ef416cf7d55,2.01,0.01452,0.8466
MXD,Anna Bright,Will Howells,db5eef5c-99dd-49d9-bbfc-65171a366bda,d0f19d1e-2a6e-4eb3-b10c-1311edd599a8,2.0095,0.01542,0.8459
MXD,Anna Bright,Bruno Faletto,db5eef5c-99dd-49d9-bbfc-65171a366bda,34049405-b415-4f3a-aade-5be0111ac7db,2.0091,0.02342,0.8412
MXD,Anna Bright,Vanshik Kapadia,db5eef5c-99dd-49d9-bbfc-65171a366bda,6866df42-48ad-423c-9e57-d7d4d6fb66ef,2.0091,0.04327,0.8309
MXD,Tina Pisnik,Jay Devilliers,f879086b-e0e5-4772-b0a6-4055c265da69,295e343a-31a0-4e1d-a286-d62592291435,2.0087,0.01623,0.845
MXD,Kate Fahey,Eric Oncins,3af01041-5679-400a-87b8-12c01db8cec4,52690a0c-ed4a-4e0b-bf69-4ef416cf7d55,2.0044,0.01297,0.8447
MXD,Mari Humberg,Christian Alshon,b1ab7d76-a859-4136-8405-3ed7c9be287a,79a11da1-6aeb-4719-9b1e-9918e0163cec,2.0025,0.01594,0.842
MXD,Rachel Rohrabacher,Jay Devilliers,50908953-a944-4a34-898b-16af312bc814,295e343a-31a0-4e1d-a286-d62592291435,2.002,0.0159,0.8417
MXD,Vivian Glozman,Ben Johns,ff789b9c-80c4-442c-b97e-2e2311298cfb,6f862c1d-1317-4fe7-bdcd-64caa0dbb088,2.002,0.02976,0.8342
MXD,Parris Todd,Federico Staksrud,1728d016-1f02-4789-be73-63d12d5a5b42,7edb882c-6d17-4129-8208-710e3c82364c,2.0012,0.01501,0.8418
MXD,Parris Todd,Riley Newman,1728d016-1f02-4789-be73-63d12d5a5b42,05b194b3-db88-4f77-a26f-5ef5cfbf6146,2.0011,0.0163,0.841
MXD,Anna Bright,Yuta Funemizu,db5eef5c-99dd-49d9-bbfc-65171a366bda,ce4f0e14-80ea-4ed0-a81c-7341d356d427,1.9926,0.01771,0.8358
MXD,Anna Bright,Armaan Bhatia,db5eef5c-99dd-49d9-bbfc-65171a366bda,33292af3-984d-4752-8d18-b3a5c147e9fe,1.9909,0.01729,0.8351
MXD,Tina Pisnik,Federico Staksrud,f879086b-e0e5-4772-b0a6-4055c265da69,7edb882c-6d17-4129-8208-710e3c82364c,1.9902,0.01419,0.8365
MXD,Tina Pisnik,Riley Newman,f879086b-e0e5-4772-b0a6-4055c265da69,05b194b3-db88-4f77-a26f-5ef5cfbf6146,1.9901,0.01547,0.8357
MXD,Danni-Elle Townsend,Andrei Daescu,2c4de762-88d6-47c3-8b2b-af562c5d1f93,581183e8-3d9e-459e-b69f-7337d8b6f3d2,1.9882,0.0162,0.8343
MXD,Anna Bright,Dekel Bar,db5eef5c-99dd-49d9-bbfc-65171a366bda,89843e44-48fd-4a3f-b8c0-5f5aa6ae5741,1.9852,0.01549,0.8331
MXD,Sofia Sewing,Andrei Daescu,b9bacc1e-29b5-4a92-a9c1-24e08ac72215,581183e8-3d9e-459e-b69f-7337d8b6f3d2,1.9846,0.01828,0.8312
MXD,Rachel Rohrabacher,Federico Staksrud,50908953-a944-4a34-898b-16af312bc814,7edb882c-6d17-4129-8208-710e3c82364c,1.9834,0.01386,0.8331
MXD,Rachel Rohrabacher,Riley Newman,50908953-a944-4a34-898b-16af312bc814,05b194b3-db88-4f77-a26f-5ef5cfbf6146,1.9833,0.01514,0.8323
MXD,Jorja Johnson,Thomas Wilson,b51ea0fb-c243-4427-85f8-b798febb51ff,12d79cbe-b5c7-4504-ab8f-f352a6bb8629,1.9823,0.05287,0.8123
MXD,Anna Bright,CJ Klinger,db5eef5c-99dd-49d9-bbfc-65171a366bda,ead35052-7367-4296-96d4-064f546cc2b9,1.9803,0.01482,0.8309
MXD,Vivian Glozman,JW Johnson,ff789b9c-80c4-442c-b97e-2e2311298cfb,bd061b42-2f82-4bbe-82be-d8bcfb37f9e1,1.9787,0.0314,0.821
MXD,Jackie Kawamoto,Jay Devilliers,be33755f-9262-461b-aedd-e9a7a686a82c,295e343a-31a0-4e1d-a286-d62592291435,1.9783,0.01862,0.8277
MXD,Tyra Hurricane Black,Jay Devilliers,fec65f7e-f2c8-482f-ab5b-541cf53b1064,295e343a-31a0-4e1d-a286-d62592291435,1.9779,0.01602,0.8289
MXD,Anna Bright,Dylan Frazier,db5eef5c-99dd-49d9-bbfc-65171a366bda,1de884f8-7bf7-4b49-9de8-3f1fd74cabd6,1.9749,0.01569,0.8275
MXD,Vivian Glozman,Hayden Patriquin,ff789b9c-80c4-442c-b97e-2e2311298cfb,fc05556e-3e38-4a38-99c2-f855174a7c28,1.9745,0.02981,0.8196
MXD,Kate Fahey,Jay Devilliers,3af01041-5679-400a-87b8-12c01db8cec4,295e343a-31a0-4e1d-a286-d62592291435,1.9722,0.01447,0.8267
MXD,Bobbi Oshiro,Ben Johns,7f36e416-0907-43b2-8ec4-e9533088e30f,6f862c1d-1317-4fe7-bdcd-64caa0dbb088,1.9713,0.05102,0.8072
MXD,Lacy Schneemann,Ben Johns,a3ed7970-35d2-485c-8285-187c298a2d83,6f862c1d-1317-4fe7-bdcd-64caa0dbb088,1.9689,0.01503,0.8245
MXD,Catherine Parenteau,Ben Johns,9b97206b-783a-4fab-85e9-45a6240325a5,6f862c1d-1317-4fe7-bdcd-64caa0dbb088,1.9684,0.01393,0.8249
MXD,Jade Kawamoto,Thomas Wilson,6cae3a50-eee6-45ea-8b28-85ef9c50e3c4,12d79cbe-b5c7-4504-ab8f-f352a6bb8629,1.9682,0.05482,0.8037
MXD,Vivian Glozman,Gabriel Tardio,ff789b9c-80c4-442c-b97e-2e2311298cfb,d50310a6-9378-4228-823f-7fb54f7bd698,1.9668,0.02947,0.8155
MXD,Mari Humberg,Andrei Daescu,b1ab7d76-a859-4136-8405-3ed7c9be287a,581183e8-3d9e-459e-b69f-7337d8b6f3d2,1.9641,0.01553,0.8216
MXD,Anna Bright,Augustus Ge,db5eef5c-99dd-49d9-bbfc-65171a366bda,ba491f1c-0112-47a8-a348-4695289e958a,1.9616,0.01398,0.8211
MXD,Jackie Kawamoto,Federico Staksrud,be33755f-9262-461b-aedd-e9a7a686a82c,7edb882c-6d17-4129-8208-710e3c82364c,1.9597,0.01657,0.8185
MXD,Jackie Kawamoto,Riley Newman,be33755f-9262-461b-aedd-e9a7a686a82c,05b194b3-db88-4f77-a26f-5ef5cfbf6146,1.9596,0.01786,0.8177
MXD,Tyra Hurricane Black,Federico Staksrud,fec65f7e-f2c8-482f-ab5b-541cf53b1064,7edb882c-6d17-4129-8208-710e3c82364c,1.9593,0.01398,0.8198
MXD,Tyra Hurricane Black,Riley Newman,fec65f7e-f2c8-482f-ab5b-541cf53b1064,05b194b3-db88-4f77-a26f-5ef5cfbf6146,1.9592,0.01526,0.819
MXD,Danni-Elle Townsend,Eric Oncins,2c4de762-88d6-47c3-8b2b-af562c5d1f93,52690a0c-ed4a-4e0b-bf69-4ef416cf7d55,1.9561,0.01668,0.8164
MXD,Jorja Johnson,Nicolas Acevedo,b51ea0fb-c243-4427-85f8-b798febb51ff,a000a067-1bf1-442f-a961-e6c97cb50006,1.9548,0.01642,0.8158
MXD,Parris Todd,Thomas Wilson,1728d016-1f02-4789-be73-63d12d5a5b42,12d79cbe-b5c7-4504-ab8f-f352a6bb8629,1.9545,0.0537,0.7967
MXD,Kate Fahey,Federico Staksrud,3af01041-5679-400a-87b8-12c01db8cec4,7edb882c-6d17-4129-8208-710e3c82364c,1.9536,0.01243,0.8174
MXD,Kate Fahey,Riley Newman,3af01041-5679-400a-87b8-12c01db8cec4,05b194b3-db88-4f77-a26f-5ef5cfbf6146,1.9535,0.01371,0.8166
MXD,Sofia Sewing,Eric Oncins,b9bacc1e-29b5-4a92-a9c1-24e08ac72215,52690a0c-ed4a-4e0b-bf69-4ef416cf7d55,1.9525,0.01876,0.8132
MXD,Vivienne David,Ben Johns,afc0bfc9-8cd8-4600-bd45-681092186db3,6f862c1d-1317-4fe7-bdcd-64caa0dbb088,1.9505,0.02675,0.8078
MXD,Jorja Johnson,Jack Sock,b51ea0fb-c243-4427-85f8-b798febb51ff,3a43c56f-b9d8-4e72-ae8a-58fd69291946,1.9485,0.01623,0.8123
MXD,Bobbi Oshiro,JW Johnson,7f36e416-0907-43b2-8ec4-e9533088e30f,bd061b42-2f82-4bbe-82be-d8bcfb37f9e1,1.9481,0.05267,0.7935
MXD,Lacy Schneemann,JW Johnson,a3ed7970-35d2-485c-8285-187c298a2d83,bd061b42-2f82-4bbe-82be-d8bcfb37f9e1,1.9456,0.01667,0.8104
MXD,Anna Bright,Oscar Serra,db5eef5c-99dd-49d9-bbfc-65171a366bda,2c2a2b82-9ec7-4046-97cb-3a199ed507af,1.9452,0.02673,0.8047
MXD,Catherine Parenteau,JW Johnson,9b97206b-783a-4fab-85e9-45a6240325a5,bd061b42-2f82-4bbe-82be-d8bcfb37f9e1,1.9451,0.01557,0.8107
MXD,Bobbi Oshiro,Hayden Patriquin,7f36e416-0907-43b2-8ec4-e9533088e30f,fc05556e-3e38-4a38-99c2-f855174a7c28,1.9439,0.05107,0.7919
MXD,Tina Pisnik,Thomas Wilson,f879086b-e0e5-4772-b0a6-4055c265da69,12d79cbe-b5c7-4504-ab8f-f352a6bb8629,1.9434,0.05287,0.7908
MXD,Anna Bright,George Wall,db5eef5c-99dd-49d9-bbfc-65171a366bda,698c5236-e88f-411c-b44f-e54f16b2d6b5,1.9419,0.0269,0.8027
MXD,Lacy Schneemann,Hayden Patriquin,a3ed7970-35d2-485c-8285-187c298a2d83,fc05556e-3e38-4a38-99c2-f855174a7c28,1.9414,0.01508,0.8089
MXD,Catherine Parenteau,Hayden Patriquin,9b97206b-783a-4fab-85e9-45a6240325a5,fc05556e-3e38-4a38-99c2-f855174a7c28,1.9409,0.01398,0.8092
MXD,Jade Kawamoto,Nicolas Acevedo,6cae3a50-eee6-45ea-8b28-85ef9c50e3c4,a000a067-1bf1-442f-a961-e6c97cb50006,1.9406,0.01837,0.8066
MXD,Jorja Johnson,Phuc Huynh,b51ea0fb-c243-4427-85f8-b798febb51ff,0763ffeb-1b1f-41c5-ab37-d17b66e50b50,1.9401,0.04597,0.7922
MXD,Rachel Rohrabacher,Thomas Wilson,50908953-a944-4a34-898b-16af312bc814,12d79cbe-b5c7-4504-ab8f-f352a6bb8629,1.9367,0.05254,0.7871
MXD,Anna Bright,Hunter Johnson,db5eef5c-99dd-49d9-bbfc-65171a366bda,8160ad59-4654-46b1-b229-8d5f2a9a45f9,1.9362,0.01658,0.805
MXD,Bobbi Oshiro,Gabriel Tardio,7f36e416-0907-43b2-8ec4-e9533088e30f,d50310a6-9378-4228-823f-7fb54f7bd698,1.9361,0.05073,0.7876
MXD,Jade Kawamoto,Jack Sock,6cae3a50-eee6-45ea-8b28-85ef9c50e3c4,3a43c56f-b9d8-4e72-ae8a-58fd69291946,1.9344,0.01818,0.803
MXD,Jorja Johnson,Robert Slutsky,b51ea0fb-c243-4427-85f8-b798febb51ff,f6fa549d-8a9c-46fd-aeb8-af8a3f0f7a59,1.934,0.02655,0.7983
MXD,Lacy Schneemann,Gabriel Tardio,a3ed7970-35d2-485c-8285-187c298a2d83,d50310a6-9378-4228-823f-7fb54f7bd698,1.9336,0.01474,0.8045
MXD,Catherine Parenteau,Gabriel Tardio,9b97206b-783a-4fab-85e9-45a6240325a5,d50310a6-9378-4228-823f-7fb54f7bd698,1.9332,0.01363,0.8048
MXD,Mari Humberg,Eric Oncins,b1ab7d76-a859-4136-8405-3ed7c9be287a,52690a0c-ed4a-4e0b-bf69-4ef416cf7d55,1.932,0.01601,0.8028
MXD,Etta Tuionetoa,Ben Johns,676b1cbc-766c-4616-bf39-1787ffd8c72a,6f862c1d-1317-4fe7-bdcd-64caa0dbb088,1.9297,0.01564,0.8016
MXD,Vivienne David,JW Johnson,afc0bfc9-8cd8-4600-bd45-681092186db3,bd061b42-2f82-4bbe-82be-d8bcfb37f9e1,1.9272,0.02839,0.7934
MXD,Parris Todd,Nicolas Acevedo,1728d016-1f02-4789-be73-63d12d5a5b42,a000a067-1bf1-442f-a961-e6c97cb50006,1.9269,0.01724,0.7991
MXD,Jade Kawamoto,Phuc Huynh,6cae3a50-eee6-45ea-8b28-85ef9c50e3c4,0763ffeb-1b1f-41c5-ab37-d17b66e50b50,1.926,0.04792,0.783
MXD,Chao Yi Wang,Ben Johns,20684550-cb89-4ea2-9e2f-0f44eb920b45,6f862c1d-1317-4fe7-bdcd-64caa0dbb088,1.926,0.01558,0.7995
MXD,Anna Bright,Roscoe Bellamy,db5eef5c-99dd-49d9-bbfc-65171a366bda,925c1306-6b3b-4510-8482-f34168a0842a,1.9256,0.01585,0.799
MXD,Danni-Elle Townsend,Jay Devilliers,2c4de762-88d6-47c3-8b2b-af562c5d1f93,295e343a-31a0-4e1d-a286-d62592291435,1.9239,0.01818,0.7967
MXD,Vivienne David,Hayden Patriquin,afc0bfc9-8cd8-4600-bd45-681092186db3,fc05556e-3e38-4a38-99c2-f855174a7c28,1.9231,0.0268,0.7917
MXD,Anna Leigh Waters,Zane Ford,129b2771-34b5-4b7f-9c23-e020a6aa3e6a,0c5b84bb-4c04-4906-86bc-deb533ff4eec,1.9227,0.02255,0.7937
MXD,Anna Bright,Anderson Scarpa,db5eef5c-99dd-49d9-bbfc-65171a366bda,fa8d5d28-d8f5-4996-8c35-0f4ca3c35bae,1.9218,0.01775,0.7957
MXD,Parris Todd,Jack Sock,1728d016-1f02-4789-be73-63d12d5a5b42,3a43c56f-b9d8-4e72-ae8a-58fd69291946,1.9206,0.01706,0.7954
MXD,Vivian Glozman,Christian Alshon,ff789b9c-80c4-442c-b97e-2e2311298cfb,79a11da1-6aeb-4719-9b1e-9918e0163cec,1.9206,0.02991,0.7886
MXD,Sofia Sewing,Jay Devilliers,b9bacc1e-29b5-4a92-a9c1-24e08ac72215,295e343a-31a0-4e1d-a286-d62592291435,1.9203,0.02026,0.7935
MXD,Jade Kawamoto,Robert Slutsky,6cae3a50-eee6-45ea-8b28-85ef9c50e3c4,f6fa549d-8a9c-46fd-aeb8-af8a3f0f7a59,1.9198,0.0285,0.7888
MXD,Anna Bright,Thomas Yu,db5eef5c-99dd-49d9-bbfc-65171a366bda,8c94d7b2-0dce-455e-916f-e35927d53547,1.9188,0.03204,0.7864
MXD,Ewa Radzikowska,Ben Johns,1d51becb-4ea0-4878-9660-e3fd2dfaa0ea,6f862c1d-1317-4fe7-bdcd-64caa0dbb088,1.9182,0.02371,0.7903
MXD,Anna Bright,Joseph Wild,db5eef5c-99dd-49d9-bbfc-65171a366bda,a51b59c5-1a13-4472-821a-eb9866e72adf,1.9179,0.02444,0.7897
MXD,Jorja Johnson,Connor Garnett,b51ea0fb-c243-4427-85f8-b798febb51ff,ff38654d-daae-4bad-a1a7-690e4e5706eb,1.9162,0.0145,0.7941
MXD,Tina Pisnik,Nicolas Acevedo,f879086b-e0e5-4772-b0a6-4055c265da69,a000a067-1bf1-442f-a961-e6c97cb50006,1.9159,0.01642,0.7929
MXD,Vivienne David,Gabriel Tardio,afc0bfc9-8cd8-4600-bd45-681092186db3,d50310a6-9378-4228-823f-7fb54f7bd698,1.9153,0.02645,0.7871
MXD,Jackie Kawamoto,Thomas Wilson,be33755f-9262-461b-aedd-e9a7a686a82c,12d79cbe-b5c7-4504-ab8f-f352a6bb8629,1.913,0.05526,0.7719
MXD,Meghan Dizon,Ben Johns,8f521dcc-1cb5-4c8d-933c-af6b267bd395,6f862c1d-1317-4fe7-bdcd-64caa0dbb088,1.913,0.01538,0.7917
MXD,Anna Bright,Harsh Mehta,db5eef5c-99dd-49d9-bbfc-65171a366bda,c18fb17d-e0bb-415c-901b-fa2f928ab22c,1.9127,0.03291,0.7823
MXD,Jorja Johnson,Jack Munro,b51ea0fb-c243-4427-85f8-b798febb51ff,f90428f0-e4a3-4a08-a664-518ba7f188d2,1.9127,0.049,0.7746
MXD,Tyra Hurricane Black,Thomas Wilson,fec65f7e-f2c8-482f-ab5b-541cf53b1064,12d79cbe-b5c7-4504-ab8f-f352a6bb8629,1.9126,0.05266,0.7729
MXD,Parris Todd,Phuc Huynh,1728d016-1f02-4789-be73-63d12d5a5b42,0763ffeb-1b1f-41c5-ab37-d17b66e50b50,1.9122,0.0468,0.7754
MXD,Anna Bright,Hien Truong,db5eef5c-99dd-49d9-bbfc-65171a366bda,524b89ad-b76b-40b4-a0db-736bdc7b8adb,1.9096,0.03097,0.7814
MXD,Tina Pisnik,Jack Sock,f879086b-e0e5-4772-b0a6-4055c265da69,3a43c56f-b9d8-4e72-ae8a-58fd69291946,1.9096,0.01623,0.7891
MXD,Rachel Rohrabacher,Nicolas Acevedo,50908953-a944-4a34-898b-16af312bc814,a000a067-1bf1-442f-a961-e6c97cb50006,1.9091,0.01609,0.7889
MXD,Kate Fahey,Thomas Wilson,3af01041-5679-400a-87b8-12c01db8cec4,12d79cbe-b5c7-4504-ab8f-f352a6bb8629,1.9069,0.05111,0.7702
MXD,Anna Bright,Etienne Blaszkewycz,db5eef5c-99dd-49d9-bbfc-65171a366bda,d3e486f2-7c25-4bcf-b9dd-81c14f644f60,1.9068,0.02212,0.7842
MXD,Etta Tuionetoa,JW Johnson,676b1cbc-766c-4616-bf39-1787ffd8c72a,bd061b42-2f82-4bbe-82be-d8bcfb37f9e1,1.9064,0.01728,0.7865
MXD,Parris Todd,Robert Slutsky,1728d016-1f02-4789-be73-63d12d5a5b42,f6fa549d-8a9c-46fd-aeb8-af8a3f0f7a59,1.9061,0.02738,0.781
MXD,Danni-Elle Townsend,Federico Staksrud,2c4de762-88d6-47c3-8b2b-af562c5d1f93,7edb882c-6d17-4129-8208-710e3c82364c,1.9054,0.01614,0.7865
MXD,Danni-Elle Townsend,Riley Newman,2c4de762-88d6-47c3-8b2b-af562c5d1f93,05b194b3-db88-4f77-a26f-5ef5cfbf6146,1.9052,0.01742,0.7857
MXD,Anna Bright,Pablo Tellez,db5eef5c-99dd-49d9-bbfc-65171a366bda,52726ab1-2ac9-46c0-be90-6b0e7a2d56eb,1.9033,0.01618,0.7852
MXD,Anna Bright,Alex Emery,db5eef5c-99dd-49d9-bbfc-65171a366bda,5c817399-aea7-481d-9a83-aab7431eabc1,1.9031,0.03764,0.7741
MXD,Anna Bright,Jaume Martinez Vich,db5eef5c-99dd-49d9-bbfc-65171a366bda,cc8832b9-9a8f-4cbc-8eff-b20e9a7ff09a,1.903,0.01428,0.786
MXD,Rachel Rohrabacher,Jack Sock,50908953-a944-4a34-898b-16af312bc814,3a43c56f-b9d8-4e72-ae8a-58fd69291946,1.9028,0.0159,0.7851
MXD,Chao Yi Wang,JW Johnson,20684550-cb89-4ea2-9e2f-0f44eb920b45,bd061b42-2f82-4bbe-82be-d8bcfb37f9e1,1.9028,0.01722,0.7843
MXD,Etta Tuionetoa,Hayden Patriquin,676b1cbc-766c-4616-bf39-1787ffd8c72a,fc05556e-3e38-4a38-99c2-f855174a7c28,1.9023,0.01569,0.7848
MXD,Jade Kawamoto,Connor Garnett,6cae3a50-eee6-45ea-8b28-85ef9c50e3c4,ff38654d-daae-4bad-a1a7-690e4e5706eb,1.9021,0.01645,0.7843
MXD,Sofia Sewing,Federico Staksrud,b9bacc1e-29b5-4a92-a9c1-24e08ac72215,7edb882c-6d17-4129-8208-710e3c82364c,1.9018,0.01822,0.7831
MXD,Sofia Sewing,Riley Newman,b9bacc1e-29b5-4a92-a9c1-24e08ac72215,05b194b3-db88-4f77-a26f-5ef5cfbf6146,1.9016,0.0195,0.7824
MXD,Tina Pisnik,Phuc Huynh,f879086b-e0e5-4772-b0a6-4055c265da69,0763ffeb-1b1f-41c5-ab37-d17b66e50b50,1.9012,0.04597,0.769
MXD,Anna Bright,Max Freeman,db5eef5c-99dd-49d9-bbfc-65171a366bda,b03ff4de-9b8f-46a8-a530-d8f19e9d6ec9,1.9011,0.0153,0.7843
MXD,Jorja Johnson,Quang Duong,b51ea0fb-c243-4427-85f8-b798febb51ff,14d61e81-14d5-4cb3-ae33-d427fbc1b4f6,1.9007,0.03295,0.7749
MXD,Mari Humberg,Jay Devilliers,b1ab7d76-a859-4136-8405-3ed7c9be287a,295e343a-31a0-4e1d-a286-d62592291435,1.8998,0.01751,0.7823
MXD,Chao Yi Wang,Hayden Patriquin,20684550-cb89-4ea2-9e2f-0f44eb920b45,fc05556e-3e38-4a38-99c2-f855174a7c28,1.8986,0.01563,0.7825
MXD,Jade Kawamoto,Jack Munro,6cae3a50-eee6-45ea-8b28-85ef9c50e3c4,f90428f0-e4a3-4a08-a664-518ba7f188d2,1.8985,0.05095,0.7651
MXD,Anna Bright,Connor Mogle,db5eef5c-99dd-49d9-bbfc-65171a366bda,3d9c8684-953f-4008-b355-b6104ee56a5b,1.8984,0.01733,0.7815
MXD,Jorja Johnson,Noe Khlif,b51ea0fb-c243-4427-85f8-b798febb51ff,1bb8b2c1-ca6f-45ac-afdd-fab7e77d69d4,1.8952,0.01353,0.7815
MXD,Tina Pisnik,Robert Slutsky,f879086b-e0e5-4772-b0a6-4055c265da69,f6fa549d-8a9c-46fd-aeb8-af8a3f0f7a59,1.8951,0.02655,0.7746
MXD,Ewa Radzikowska,JW Johnson,1d51becb-4ea0-4878-9660-e3fd2dfaa0ea,bd061b42-2f82-4bbe-82be-d8bcfb37f9e1,1.8949,0.02536,0.7751
MXD,Etta Tuionetoa,Gabriel Tardio,676b1cbc-766c-4616-bf39-1787ffd8c72a,d50310a6-9378-4228-823f-7fb54f7bd698,1.8945,0.01534,0.7801
MXD,Rachel Rohrabacher,Phuc Huynh,50908953-a944-4a34-898b-16af312bc814,0763ffeb-1b1f-41c5-ab37-d17b66e50b50,1.8944,0.04564,0.765
MXD,Anna Bright,Juan Benitez,db5eef5c-99dd-49d9-bbfc-65171a366bda,f4c43443-fdff-4344-b291-274cfd26361e,1.8908,0.02121,0.7746
MXD,Chao Yi Wang,Gabriel Tardio,20684550-cb89-4ea2-9e2f-0f44eb920b45,d50310a6-9378-4228-823f-7fb54f7bd698,1.8908,0.01529,0.7777
MXD,Sahra Dennehy,Ben Johns,051f5c82-82ce-4ab8-b4f8-36976638a89b,6f862c1d-1317-4fe7-bdcd-64caa0dbb088,1.8908,0.01656,0.777
MXD,Ewa Radzikowska,Hayden Patriquin,1d51becb-4ea0-4878-9660-e3fd2dfaa0ea,fc05556e-3e38-4a38-99c2-f855174a7c28,1.8908,0.02376,0.7733
MXD,Bobbi Oshiro,Christian Alshon,7f36e416-0907-43b2-8ec4-e9533088e30f,79a11da1-6aeb-4719-9b1e-9918e0163cec,1.89,0.05117,0.7598
MXD,Meghan Dizon,JW Johnson,8f521dcc-1cb5-4c8d-933c-af6b267bd395,bd061b42-2f82-4bbe-82be-d8bcfb37f9e1,1.8897,0.01702,0.7761
MXD,Leigh Waters,Ben Johns,1bfba782-55f3-42e4-9889-9018e793c0b5,6f862c1d-1317-4fe7-bdcd-64caa0dbb088,1.8893,0.0291,0.7696
MXD,Vivian Glozman,Andrei Daescu,ff789b9c-80c4-442c-b97e-2e2311298cfb,581183e8-3d9e-459e-b69f-7337d8b6f3d2,1.8885,0.0295,0.769
MXD,Parris Todd,Connor Garnett,1728d016-1f02-4789-be73-63d12d5a5b42,ff38654d-daae-4bad-a1a7-690e4e5706eb,1.8884,0.01532,0.7761
MXD,Rachel Rohrabacher,Robert Slutsky,50908953-a944-4a34-898b-16af312bc814,f6fa549d-8a9c-46fd-aeb8-af8a3f0f7a59,1.8883,0.02622,0.7704
MXD,Allyce Jones,Ben Johns,efe9989b-5864-48c2-806c-06697024e1da,6f862c1d-1317-4fe7-bdcd-64caa0dbb088,1.8883,0.01476,0.7764
MXD,Lacy Schneemann,Christian Alshon,a3ed7970-35d2-485c-8285-187c298a2d83,79a11da1-6aeb-4719-9b1e-9918e0163cec,1.8875,0.01518,0.7757
MXD,Catherine Parenteau,Christian Alshon,9b97206b-783a-4fab-85e9-45a6240325a5,79a11da1-6aeb-4719-9b1e-9918e0163cec,1.887,0.01408,0.776
MXD,Jade Kawamoto,Quang Duong,6cae3a50-eee6-45ea-8b28-85ef9c50e3c4,14d61e81-14d5-4cb3-ae33-d427fbc1b4f6,1.8866,0.0349,0.7651
MXD,Meghan Dizon,Hayden Patriquin,8f521dcc-1cb5-4c8d-933c-af6b267bd395,fc05556e-3e38-4a38-99c2-f855174a7c28,1.8856,0.01543,0.7743
MXD,Jackie Kawamoto,Nicolas Acevedo,be33755f-9262-461b-aedd-e9a7a686a82c,a000a067-1bf1-442f-a961-e6c97cb50006,1.8854,0.0188,0.7724
MXD,Tyra Hurricane Black,Nicolas Acevedo,fec65f7e-f2c8-482f-ab5b-541cf53b1064,a000a067-1bf1-442f-a961-e6c97cb50006,1.885,0.01621,0.7735
MXD,Parris Todd,Jack Munro,1728d016-1f02-4789-be73-63d12d5a5b42,f90428f0-e4a3-4a08-a664-518ba7f188d2,1.8848,0.04983,0.7571
MXD,Jorja Johnson,Will Howells,b51ea0fb-c243-4427-85f8-b798febb51ff,d0f19d1e-2a6e-4eb3-b10c-1311edd599a8,1.884,0.01483,0.7736
MXD,Jorja Johnson,Bruno Faletto,b51ea0fb-c243-4427-85f8-b798febb51ff,34049405-b415-4f3a-aade-5be0111ac7db,1.8836,0.02283,0.7691
MXD,Jorja Johnson,Vanshik Kapadia,b51ea0fb-c243-4427-85f8-b798febb51ff,6866df42-48ad-423c-9e57-d7d4d6fb66ef,1.8836,0.04268,0.7596
MXD,Ewa Radzikowska,Gabriel Tardio,1d51becb-4ea0-4878-9660-e3fd2dfaa0ea,d50310a6-9378-4228-823f-7fb54f7bd698,1.883,0.02342,0.7685
MXD,Mari Humberg,Federico Staksrud,b1ab7d76-a859-4136-8405-3ed7c9be287a,7edb882c-6d17-4129-8208-710e3c82364c,1.8813,0.01546,0.7715
MXD,Mari Humberg,Riley Newman,b1ab7d76-a859-4136-8405-3ed7c9be287a,05b194b3-db88-4f77-a26f-5ef5cfbf6146,1.8811,0.01675,0.7707
MXD,Jade Kawamoto,Noe Khlif,6cae3a50-eee6-45ea-8b28-85ef9c50e3c4,1bb8b2c1-ca6f-45ac-afdd-fab7e77d69d4,1.881,0.01548,0.7713
MXD,Kate Fahey,Nicolas Acevedo,3af01041-5679-400a-87b8-12c01db8cec4,a000a067-1bf1-442f-a961-e6c97cb50006,1.8794,0.01466,0.7707
MXD,Jackie Kawamoto,Jack Sock,be33755f-9262-461b-aedd-e9a7a686a82c,3a43c56f-b9d8-4e72-ae8a-58fd69291946,1.8791,0.01862,0.7684
MXD,Anna Bright,John Lucian Goins,db5eef5c-99dd-49d9-bbfc-65171a366bda,e96d9339-cfb6-473d-bcb3-23f2887a3e0f,1.8787,0.01818,0.7684
MXD,Tyra Hurricane Black,Jack Sock,fec65f7e-f2c8-482f-ab5b-541cf53b1064,3a43c56f-b9d8-4e72-ae8a-58fd69291946,1.8787,0.01602,0.7696
MXD,Meghan Dizon,Gabriel Tardio,8f521dcc-1cb5-4c8d-933c-af6b267bd395,d50310a6-9378-4228-823f-7fb54f7bd698,1.8778,0.01508,0.7695
MXD,Tina Pisnik,Connor Garnett,f879086b-e0e5-4772-b0a6-4055c265da69,ff38654d-daae-4bad-a1a7-690e4e5706eb,1.8773,0.0145,0.7694
MXD,Anna Bright,Luca Mack,db5eef5c-99dd-49d9-bbfc-65171a366bda,2aa8ced3-d599-4c83-86dd-ecc80196833b,1.8765,0.02399,0.764
MXD,Tina Pisnik,Jack Munro,f879086b-e0e5-4772-b0a6-4055c265da69,f90428f0-e4a3-4a08-a664-518ba7f188d2,1.8738,0.049,0.7506
MXD,Kate Fahey,Jack Sock,3af01041-5679-400a-87b8-12c01db8cec4,3a43c56f-b9d8-4e72-ae8a-58fd69291946,1.8731,0.01447,0.7667
MXD,Parris Todd,Quang Duong,1728d016-1f02-4789-be73-63d12d5a5b42,14d61e81-14d5-4cb3-ae33-d427fbc1b4f6,1.8729,0.03378,0.7569
MXD,Yana Newell,Ben Johns,655e0349-7e66-4233-b999-b6cca2298f9b,6f862c1d-1317-4fe7-bdcd-64caa0dbb088,1.8709,0.03007,0.7574
MXD,Anna Bright,Donald Young,db5eef5c-99dd-49d9-bbfc-65171a366bda,aec5d8be-9ce0-4cc5-98a4-140fad555fe0,1.8707,0.01971,0.7623
MXD,Jackie Kawamoto,Phuc Huynh,be33755f-9262-461b-aedd-e9a7a686a82c,0763ffeb-1b1f-41c5-ab37-d17b66e50b50,1.8707,0.04836,0.7489
MXD,Rachel Rohrabacher,Connor Garnett,50908953-a944-4a34-898b-16af312bc814,ff38654d-daae-4bad-a1a7-690e4e5706eb,1.8705,0.01417,0.7651
MXD,Tyra Hurricane Black,Phuc Huynh,fec65f7e-f2c8-482f-ab5b-541cf53b1064,0763ffeb-1b1f-41c5-ab37-d17b66e50b50,1.8703,0.04576,0.7498
MXD,Jade Kawamoto,Will Howells,6cae3a50-eee6-45ea-8b28-85ef9c50e3c4,d0f19d1e-2a6e-4eb3-b10c-1311edd599a8,1.8699,0.01678,0.7634
MXD,Jade Kawamoto,Bruno Faletto,6cae3a50-eee6-45ea-8b28-85ef9c50e3c4,34049405-b415-4f3a-aade-5be0111ac7db,1.8694,0.02478,0.759
MXD,Jade Kawamoto,Vanshik Kapadia,6cae3a50-eee6-45ea-8b28-85ef9c50e3c4,6866df42-48ad-423c-9e57-d7d4d6fb66ef,1.8694,0.04463,0.7497
MXD,Vivienne David,Christian Alshon,afc0bfc9-8cd8-4600-bd45-681092186db3,79a11da1-6aeb-4719-9b1e-9918e0163cec,1.8691,0.0269,0.7578
MXD,Anna Bright,Martin Emmrich,db5eef5c-99dd-49d9-bbfc-65171a366bda,e9849183-4693-4340-abf5-f4b6f3cb226f,1.8685,0.018,0.7618
MXD,Sahra Dennehy,JW Johnson,051f5c82-82ce-4ab8-b4f8-36976638a89b,bd061b42-2f82-4bbe-82be-d8bcfb37f9e1,1.8675,0.0182,0.761
MXD,Parris Todd,Noe Khlif,1728d016-1f02-4789-be73-63d12d5a5b42,1bb8b2c1-ca6f-45ac-afdd-fab7e77d69d4,1.8673,0.01435,0.7629
MXD,Jorja Johnson,Yuta Funemizu,b51ea0fb-c243-4427-85f8-b798febb51ff,ce4f0e14-80ea-4ed0-a81c-7341d356d427,1.8671,0.01712,0.7613
MXD,Rachel Rohrabacher,Jack Munro,50908953-a944-4a34-898b-16af312bc814,f90428f0-e4a3-4a08-a664-518ba7f188d2,1.867,0.04868,0.7464
MXD,Vivian Glozman,Eric Oncins,ff789b9c-80c4-442c-b97e-2e2311298cfb,52690a0c-ed4a-4e0b-bf69-4ef416cf7d55,1.8663,0.02998,0.7544
MXD,Anna Bright,Rafa Hewett,db5eef5c-99dd-49d9-bbfc-65171a366bda,06ba18e0-687b-4aa3-822d-1c86981f576b,1.8661,0.01575,0.7613
MXD,Leigh Waters,JW Johnson,1bfba782-55f3-42e4-9889-9018e793c0b5,bd061b42-2f82-4bbe-82be-d8bcfb37f9e1,1.866,0.03074,0.7538
MXD,Jorja Johnson,Armaan Bhatia,b51ea0fb-c243-4427-85f8-b798febb51ff,33292af3-984d-4752-8d18-b3a5c147e9fe,1.8654,0.0167,0.7604
MXD,Allyce Jones,JW Johnson,efe9989b-5864-48c2-806c-06697024e1da,bd061b42-2f82-4bbe-82be-d8bcfb37f9e1,1.865,0.0164,0.7603
MXD,Kate Fahey,Phuc Huynh,3af01041-5679-400a-87b8-12c01db8cec4,0763ffeb-1b1f-41c5-ab37-d17b66e50b50,1.8647,0.04421,0.7468
MXD,Jackie Kawamoto,Robert Slutsky,be33755f-9262-461b-aedd-e9a7a686a82c,f6fa549d-8a9c-46fd-aeb8-af8a3f0f7a59,1.8646,0.02894,0.7538
MXD,Tyra Hurricane Black,Robert Slutsky,fec65f7e-f2c8-482f-ab5b-541cf53b1064,f6fa549d-8a9c-46fd-aeb8-af8a3f0f7a59,1.8642,0.02634,0.7548
MXD,Sahra Dennehy,Hayden Patriquin,051f5c82-82ce-4ab8-b4f8-36976638a89b,fc05556e-3e38-4a38-99c2-f855174a7c28,1.8633,0.01661,0.7591
MXD,Tina Pisnik,Quang Duong,f879086b-e0e5-4772-b0a6-4055c265da69,14d61e81-14d5-4cb3-ae33-d427fbc1b4f6,1.8618,0.03295,0.7501
MXD,Leigh Waters,Hayden Patriquin,1bfba782-55f3-42e4-9889-9018e793c0b5,fc05556e-3e38-4a38-99c2-f855174a7c28,1.8618,0.02915,0.7518
MXD,Allyce Jones,Hayden Patriquin,efe9989b-5864-48c2-806c-06697024e1da,fc05556e-3e38-4a38-99c2-f855174a7c28,1.8609,0.01481,0.7583
MXD,Jorja Johnson,Dekel Bar,b51ea0fb-c243-4427-85f8-b798febb51ff,89843e44-48fd-4a3f-b8c0-5f5aa6ae5741,1.8597,0.0149,0.7575
MXD,Danni-Elle Townsend,Thomas Wilson,2c4de762-88d6-47c3-8b2b-af562c5d1f93,12d79cbe-b5c7-4504-ab8f-f352a6bb8629,1.8586,0.05482,0.7384
MXD,Kate Fahey,Robert Slutsky,3af01041-5679-400a-87b8-12c01db8cec4,f6fa549d-8a9c-46fd-aeb8-af8a3f0f7a59,1.8585,0.02479,0.7518
MXD,Bobbi Oshiro,Andrei Daescu,7f36e416-0907-43b2-8ec4-e9533088e30f,581183e8-3d9e-459e-b69f-7337d8b6f3d2,1.8579,0.05076,0.7396
MXD,Tina Pisnik,Noe Khlif,f879086b-e0e5-4772-b0a6-4055c265da69,1bb8b2c1-ca6f-45ac-afdd-fab7e77d69d4,1.8563,0.01353,0.7559
MXD,Parris Todd,Will Howells,1728d016-1f02-4789-be73-63d12d5a5b42,d0f19d1e-2a6e-4eb3-b10c-1311edd599a8,1.8562,0.01566,0.7547
MXD,Parris Todd,Bruno Faletto,1728d016-1f02-4789-be73-63d12d5a5b42,34049405-b415-4f3a-aade-5be0111ac7db,1.8557,0.02365,0.7504
MXD,Parris Todd,Vanshik Kapadia,1728d016-1f02-4789-be73-63d12d5a5b42,6866df42-48ad-423c-9e57-d7d4d6fb66ef,1.8557,0.04351,0.7413
MXD,Sahra Dennehy,Gabriel Tardio,051f5c82-82ce-4ab8-b4f8-36976638a89b,d50310a6-9378-4228-823f-7fb54f7bd698,1.8556,0.01627,0.754
MXD,Lacy Schneemann,Andrei Daescu,a3ed7970-35d2-485c-8285-187c298a2d83,581183e8-3d9e-459e-b69f-7337d8b6f3d2,1.8554,0.01477,0.7546
MXD,Rachel Rohrabacher,Quang Duong,50908953-a944-4a34-898b-16af312bc814,14d61e81-14d5-4cb3-ae33-d427fbc1b4f6,1.855,0.03263,0.7458
MXD,Sofia Sewing,Thomas Wilson,b9bacc1e-29b5-4a92-a9c1-24e08ac72215,12d79cbe-b5c7-4504-ab8f-f352a6bb8629,1.855,0.05691,0.7352
MXD,Catherine Parenteau,Andrei Daescu,9b97206b-783a-4fab-85e9-45a6240325a5,581183e8-3d9e-459e-b69f-7337d8b6f3d2,1.8549,0.01367,0.7549
MXD,Jorja Johnson,CJ Klinger,b51ea0fb-c243-4427-85f8-b798febb51ff,ead35052-7367-4296-96d4-064f546cc2b9,1.8548,0.01423,0.7545
MXD,Leigh Waters,Gabriel Tardio,1bfba782-55f3-42e4-9889-9018e793c0b5,d50310a6-9378-4228-823f-7fb54f7bd698,1.854,0.02881,0.7469
MXD,Allyce Jones,Gabriel Tardio,efe9989b-5864-48c2-806c-06697024e1da,d50310a6-9378-4228-823f-7fb54f7bd698,1.8531,0.01447,0.7532
MXD,Jade Kawamoto,Yuta Funemizu,6cae3a50-eee6-45ea-8b28-85ef9c50e3c4,ce4f0e14-80ea-4ed0-a81c-7341d356d427,1.853,0.01907,0.7508
MXD,Jillian Braverman,Ben Johns,98c2531f-f5ce-48b5-b251-eb69425d409c,6f862c1d-1317-4fe7-bdcd-64caa0dbb088,1.8525,0.05746,0.7334
MXD,Anna Bright,Tyson McGuffin,db5eef5c-99dd-49d9-bbfc-65171a366bda,dbcb41e9-e983-410b-bc23-d184d034cfc0,1.8522,0.01481,0.7525
MXD,Jade Kawamoto,Armaan Bhatia,6cae3a50-eee6-45ea-8b28-85ef9c50e3c4,33292af3-984d-4752-8d18-b3a5c147e9fe,1.8512,0.01865,0.7498
MXD,Alix Truong,Ben Johns,646f7432-e6ad-4ccf-95ee-a0e5d9514d28,6f862c1d-1317-4fe7-bdcd-64caa0dbb088,1.8499,0.01462,0.751
MXD,Rachel Rohrabacher,Noe Khlif,50908953-a944-4a34-898b-16af312bc814,1bb8b2c1-ca6f-45ac-afdd-fab7e77d69d4,1.8495,0.0132,0.7514
MXD,Jorja Johnson,Dylan Frazier,b51ea0fb-c243-4427-85f8-b798febb51ff,1de884f8-7bf7-4b49-9de8-3f1fd74cabd6,1.8494,0.0151,0.7504
MXD,Etta Tuionetoa,Christian Alshon,676b1cbc-766c-4616-bf39-1787ffd8c72a,79a11da1-6aeb-4719-9b1e-9918e0163cec,1.8483,0.01579,0.7493
MXD,Yana Newell,JW Johnson,655e0349-7e66-4233-b999-b6cca2298f9b,bd061b42-2f82-4bbe-82be-d8bcfb37f9e1,1.8476,0.03171,0.7412
MXD,Jackie Kawamoto,Connor Garnett,be33755f-9262-461b-aedd-e9a7a686a82c,ff38654d-daae-4bad-a1a7-690e4e5706eb,1.8468,0.01688,0.7478
MXD,Tyra Hurricane Black,Connor Garnett,fec65f7e-f2c8-482f-ab5b-541cf53b1064,ff38654d-daae-4bad-a1a7-690e4e5706eb,1.8464,0.01429,0.7488
MXD,Jade Kawamoto,Dekel Bar,6cae3a50-eee6-45ea-8b28-85ef9c50e3c4,89843e44-48fd-4a3f-b8c0-5f5aa6ae5741,1.8455,0.01685,0.7469
MXD,Tina Pisnik,Will Howells,f879086b-e0e5-4772-b0a6-4055c265da69,d0f19d1e-2a6e-4eb3-b10c-1311edd599a8,1.8451,0.01483,0.7476
MXD,Tina Pisnik,Bruno Faletto,f879086b-e0e5-4772-b0a6-4055c265da69,34049405-b415-4f3a-aade-5be0111ac7db,1.8447,0.02283,0.7434
MXD,Tina Pisnik,Vanshik Kapadia,f879086b-e0e5-4772-b0a6-4055c265da69,6866df42-48ad-423c-9e57-d7d4d6fb66ef,1.8447,0.04268,0.7344
MXD,Chao Yi Wang,Christian Alshon,20684550-cb89-4ea2-9e2f-0f44eb920b45,79a11da1-6aeb-4719-9b1e-9918e0163cec,1.8447,0.01573,0.7469
MXD,Yana Newell,Hayden Patriquin,655e0349-7e66-4233-b999-b6cca2298f9b,fc05556e-3e38-4a38-99c2-f855174a7c28,1.8435,0.03011,0.7392
MXD,Jackie Kawamoto,Jack Munro,be33755f-9262-461b-aedd-e9a7a686a82c,f90428f0-e4a3-4a08-a664-518ba7f188d2,1.8433,0.05139,0.7298
MXD,Vivian Glozman,Jay Devilliers,ff789b9c-80c4-442c-b97e-2e2311298cfb,295e343a-31a0-4e1d-a286-d62592291435,1.8433,0.03148,0.7384
MXD,Tyra Hurricane Black,Jack Munro,fec65f7e-f2c8-482f-ab5b-541cf53b1064,f90428f0-e4a3-4a08-a664-518ba7f188d2,1.8429,0.0488,0.7306
MXD,Layne Sleeth,Ben Johns,55ed7e0a-ff2d-4ac2-aad6-b6772ef4f448,6f862c1d-1317-4fe7-bdcd-64caa0dbb088,1.8424,0.01609,0.7451
MXD,Kate Fahey,Connor Garnett,3af01041-5679-400a-87b8-12c01db8cec4,ff38654d-daae-4bad-a1a7-690e4e5706eb,1.8408,0.01274,0.7457
MXD,Jade Kawamoto,CJ Klinger,6cae3a50-eee6-45ea-8b28-85ef9c50e3c4,ead35052-7367-4296-96d4-064f546cc2b9,1.8407,0.01618,0.7439
MXD,Parris Todd,Yuta Funemizu,1728d016-1f02-4789-be73-63d12d5a5b42,ce4f0e14-80ea-4ed0-a81c-7341d356d427,1.8393,0.01795,0.742
MXD,Rachel Rohrabacher,Will Howells,50908953-a944-4a34-898b-16af312bc814,d0f19d1e-2a6e-4eb3-b10c-1311edd599a8,1.8384,0.0145,0.7431
MXD,Anna Bright,Tama Shimabukuro,db5eef5c-99dd-49d9-bbfc-65171a366bda,4af4d4d1-9f87-4dc7-95f2-b10751d44c15,1.8383,0.0138,0.7434
MXD,Anna Bright,Patrick Kawka,db5eef5c-99dd-49d9-bbfc-65171a366bda,6876576c-b20e-47e3-99e4-d32759cc9f48,1.8379,0.04798,0.7277
MXD,Rachel Rohrabacher,Bruno Faletto,50908953-a944-4a34-898b-16af312bc814,34049405-b415-4f3a-aade-5be0111ac7db,1.8379,0.0225,0.7389
MXD,Rachel Rohrabacher,Vanshik Kapadia,50908953-a944-4a34-898b-16af312bc814,6866df42-48ad-423c-9e57-d7d4d6fb66ef,1.8379,0.04235,0.73
MXD,Parris Todd,Armaan Bhatia,1728d016-1f02-4789-be73-63d12d5a5b42,33292af3-984d-4752-8d18-b3a5c147e9fe,1.8375,0.01753,0.741
MXD,Kate Fahey,Jack Munro,3af01041-5679-400a-87b8-12c01db8cec4,f90428f0-e4a3-4a08-a664-518ba7f188d2,1.8372,0.04724,0.7275
MXD,Vivienne David,Andrei Daescu,afc0bfc9-8cd8-4600-bd45-681092186db3,581183e8-3d9e-459e-b69f-7337d8b6f3d2,1.837,0.02649,0.7364
MXD,Ewa Radzikowska,Christian Alshon,1d51becb-4ea0-4878-9660-e3fd2dfaa0ea,79a11da1-6aeb-4719-9b1e-9918e0163cec,1.8369,0.02386,0.7375
MXD,Jorja Johnson,Augustus Ge,b51ea0fb-c243-4427-85f8-b798febb51ff,ba491f1c-0112-47a8-a348-4695289e958a,1.8361,0.01339,0.7421
MXD,Bobbi Oshiro,Eric Oncins,7f36e416-0907-43b2-8ec4-e9533088e30f,52690a0c-ed4a-4e0b-bf69-4ef416cf7d55,1.8357,0.05124,0.7249
MXD,Yana Newell,Gabriel Tardio,655e0349-7e66-4233-b999-b6cca2298f9b,d50310a6-9378-4228-823f-7fb54f7bd698,1.8357,0.02977,0.734
MXD,Jade Kawamoto,Dylan Frazier,6cae3a50-eee6-45ea-8b28-85ef9c50e3c4,1de884f8-7bf7-4b49-9de8-3f1fd74cabd6,1.8352,0.01705,0.7397
MXD,Mari Humberg,Thomas Wilson,b1ab7d76-a859-4136-8405-3ed7c9be287a,12d79cbe-b5c7-4504-ab8f-f352a6bb8629,1.8345,0.05415,0.7229
MXD,Lacy Schneemann,Eric Oncins,a3ed7970-35d2-485c-8285-187c298a2d83,52690a0c-ed4a-4e0b-bf69-4ef416cf7d55,1.8332,0.01525,0.7391
MXD,Catherine Parenteau,Eric Oncins,9b97206b-783a-4fab-85e9-45a6240325a5,52690a0c-ed4a-4e0b-bf69-4ef416cf7d55,1.8328,0.01415,0.7393
MXD,Parris Todd,Dekel Bar,1728d016-1f02-4789-be73-63d12d5a5b42,89843e44-48fd-4a3f-b8c0-5f5aa6ae5741,1.8318,0.01573,0.7379
MXD,Meghan Dizon,Christian Alshon,8f521dcc-1cb5-4c8d-933c-af6b267bd395,79a11da1-6aeb-4719-9b1e-9918e0163cec,1.8316,0.01553,0.7379
MXD,Jackie Kawamoto,Quang Duong,be33755f-9262-461b-aedd-e9a7a686a82c,14d61e81-14d5-4cb3-ae33-d427fbc1b4f6,1.8313,0.03534,0.7286
MXD,Danni-Elle Townsend,Nicolas Acevedo,2c4de762-88d6-47c3-8b2b-af562c5d1f93,a000a067-1bf1-442f-a961-e6c97cb50006,1.8311,0.01837,0.7361
MXD,Tyra Hurricane Black,Quang Duong,fec65f7e-f2c8-482f-ab5b-541cf53b1064,14d61e81-14d5-4cb3-ae33-d427fbc1b4f6,1.8309,0.03275,0.7294
MXD,Anna Bright,Tristan Dussault,db5eef5c-99dd-49d9-bbfc-65171a366bda,3cab1673-2522-4dd5-ba07-2a1b88749d86,1.8294,0.02649,0.7311
MXD,Jillian Braverman,JW Johnson,98c2531f-f5ce-48b5-b251-eb69425d409c,bd061b42-2f82-4bbe-82be-d8bcfb37f9e1,1.8292,0.05911,0.7174
MXD,Tina Pisnik,Yuta Funemizu,f879086b-e0e5-4772-b0a6-4055c265da69,ce4f0e14-80ea-4ed0-a81c-7341d356d427,1.8282,0.01712,0.7347
MXD,Sofia Sewing,Nicolas Acevedo,b9bacc1e-29b5-4a92-a9c1-24e08ac72215,a000a067-1bf1-442f-a961-e6c97cb50006,1.8275,0.02045,0.7326
MXD,Parris Todd,CJ Klinger,1728d016-1f02-4789-be73-63d12d5a5b42,ead35052-7367-4296-96d4-064f546cc2b9,1.827,0.01506,0.7348
MXD,Alix Truong,JW Johnson,646f7432-e6ad-4ccf-95ee-a0e5d9514d28,bd061b42-2f82-4bbe-82be-d8bcfb37f9e1,1.8266,0.01626,0.734
MXD,Tina Pisnik,Armaan Bhatia,f879086b-e0e5-4772-b0a6-4055c265da69,33292af3-984d-4752-8d18-b3a5c147e9fe,1.8265,0.0167,0.7337
MXD,Jackie Kawamoto,Noe Khlif,be33755f-9262-461b-aedd-e9a7a686a82c,1bb8b2c1-ca6f-45ac-afdd-fab7e77d69d4,1.8258,0.01591,0.7336
MXD,Tyra Hurricane Black,Noe Khlif,fec65f7e-f2c8-482f-ab5b-541cf53b1064,1bb8b2c1-ca6f-45ac-afdd-fab7e77d69d4,1.8254,0.01332,0.7346
MXD,Kate Fahey,Quang Duong,3af01041-5679-400a-87b8-12c01db8cec4,14d61e81-14d5-4cb3-ae33-d427fbc1b4f6,1.8253,0.03119,0.7262
MXD,Jillian Braverman,Hayden Patriquin,98c2531f-f5ce-48b5-b251-eb69425d409c,fc05556e-3e38-4a38-99c2-f855174a7c28,1.825,0.05751,0.7153
MXD,Danni-Elle Townsend,Jack Sock,2c4de762-88d6-47c3-8b2b-af562c5d1f93,3a43c56f-b9d8-4e72-ae8a-58fd69291946,1.8248,0.01818,0.7318
MXD,Vivian Glozman,Federico Staksrud,ff789b9c-80c4-442c-b97e-2e2311298cfb,7edb882c-6d17-4129-8208-710e3c82364c,1.8247,0.02943,0.7266
MXD,Vivian Glozman,Riley Newman,ff789b9c-80c4-442c-b97e-2e2311298cfb,05b194b3-db88-4f77-a26f-5ef5cfbf6146,1.8246,0.03072,0.7259
MXD,Alix Truong,Hayden Patriquin,646f7432-e6ad-4ccf-95ee-a0e5d9514d28,fc05556e-3e38-4a38-99c2-f855174a7c28,1.8224,0.01467,0.7318
MXD,Jade Kawamoto,Augustus Ge,6cae3a50-eee6-45ea-8b28-85ef9c50e3c4,ba491f1c-0112-47a8-a348-4695289e958a,1.822,0.01534,0.7312
MXD,Parris Todd,Dylan Frazier,1728d016-1f02-4789-be73-63d12d5a5b42,1de884f8-7bf7-4b49-9de8-3f1fd74cabd6,1.8215,0.01593,0.7306
MXD,Rachel Rohrabacher,Yuta Funemizu,50908953-a944-4a34-898b-16af312bc814,ce4f0e14-80ea-4ed0-a81c-7341d356d427,1.8214,0.01679,0.7301
MXD,Sofia Sewing,Jack Sock,b9bacc1e-29b5-4a92-a9c1-24e08ac72215,3a43c56f-b9d8-4e72-ae8a-58fd69291946,1.8212,0.02026,0.7283
MXD,Tina Pisnik,Dekel Bar,f879086b-e0e5-4772-b0a6-4055c265da69,89843e44-48fd-4a3f-b8c0-5f5aa6ae5741,1.8208,0.0149,0.7305
MXD,Jorja Johnson,Oscar Serra,b51ea0fb-c243-4427-85f8-b798febb51ff,2c2a2b82-9ec7-4046-97cb-3a199ed507af,1.8197,0.02614,0.7246
MXD,Kate Fahey,Noe Khlif,3af01041-5679-400a-87b8-12c01db8cec4,1bb8b2c1-ca6f-45ac-afdd-fab7e77d69d4,1.8197,0.01177,0.7313
MXD,Rachel Rohrabacher,Armaan Bhatia,50908953-a944-4a34-898b-16af312bc814,33292af3-984d-4752-8d18-b3a5c147e9fe,1.8197,0.01637,0.7291
MXD,Layne Sleeth,JW Johnson,55ed7e0a-ff2d-4ac2-aad6-b6772ef4f448,bd061b42-2f82-4bbe-82be-d8bcfb37f9e1,1.8191,0.01774,0.728
MXD,Jillian Braverman,Gabriel Tardio,98c2531f-f5ce-48b5-b251-eb69425d409c,d50310a6-9378-4228-823f-7fb54f7bd698,1.8172,0.05717,0.7102
MXD,Anna Bright,Christopher Haworth,db5eef5c-99dd-49d9-bbfc-65171a366bda,a91e2b68-7357-4518-baf9-f59b0b4c2477,1.8166,0.01693,0.7266
MXD,Jorja Johnson,George Wall,b51ea0fb-c243-4427-85f8-b798febb51ff,698c5236-e88f-411c-b44f-e54f16b2d6b5,1.8164,0.02631,0.7221
MXD,Danni-Elle Townsend,Phuc Huynh,2c4de762-88d6-47c3-8b2b-af562c5d1f93,0763ffeb-1b1f-41c5-ab37-d17b66e50b50,1.8164,0.04792,0.7132
MXD,Etta Tuionetoa,Andrei Daescu,676b1cbc-766c-4616-bf39-1787ffd8c72a,581183e8-3d9e-459e-b69f-7337d8b6f3d2,1.8162,0.01538,0.727
MXD,Tina Pisnik,CJ Klinger,f879086b-e0e5-4772-b0a6-4055c265da69,ead35052-7367-4296-96d4-064f546cc2b9,1.8159,0.01423,0.7274
MXD,Layne Sleeth,Hayden Patriquin,55ed7e0a-ff2d-4ac2-aad6-b6772ef4f448,fc05556e-3e38-4a38-99c2-f855174a7c28,1.815,0.01614,0.7258
MXD,Vivienne David,Eric Oncins,afc0bfc9-8cd8-4600-bd45-681092186db3,52690a0c-ed4a-4e0b-bf69-4ef416cf7d55,1.8149,0.02697,0.7208
MXD,Jackie Kawamoto,Will Howells,be33755f-9262-461b-aedd-e9a7a686a82c,d0f19d1e-2a6e-4eb3-b10c-1311edd599a8,1.8147,0.01722,0.7251
MXD,Alix Truong,Gabriel Tardio,646f7432-e6ad-4ccf-95ee-a0e5d9514d28,d50310a6-9378-4228-823f-7fb54f7bd698,1.8146,0.01432,0.7264
MXD,Tyra Hurricane Black,Will Howells,fec65f7e-f2c8-482f-ab5b-541cf53b1064,d0f19d1e-2a6e-4eb3-b10c-1311edd599a8,1.8143,0.01462,0.726
MXD,Jackie Kawamoto,Bruno Faletto,be33755f-9262-461b-aedd-e9a7a686a82c,34049405-b415-4f3a-aade-5be0111ac7db,1.8142,0.02521,0.7211
MXD,Jackie Kawamoto,Vanshik Kapadia,be33755f-9262-461b-aedd-e9a7a686a82c,6866df42-48ad-423c-9e57-d7d4d6fb66ef,1.8142,0.04507,0.7128
MXD,Rachel Rohrabacher,Dekel Bar,50908953-a944-4a34-898b-16af312bc814,89843e44-48fd-4a3f-b8c0-5f5aa6ae5741,1.814,0.01457,0.7258
MXD,Tyra Hurricane Black,Bruno Faletto,fec65f7e-f2c8-482f-ab5b-541cf53b1064,34049405-b415-4f3a-aade-5be0111ac7db,1.8138,0.02262,0.722
MXD,Tyra Hurricane Black,Vanshik Kapadia,fec65f7e-f2c8-482f-ab5b-541cf53b1064,6866df42-48ad-423c-9e57-d7d4d6fb66ef,1.8138,0.04247,0.7135
MXD,Bobbi Oshiro,Jay Devilliers,7f36e416-0907-43b2-8ec4-e9533088e30f,295e343a-31a0-4e1d-a286-d62592291435,1.8135,0.05274,0.7093
MXD,Sofia Sewing,Phuc Huynh,b9bacc1e-29b5-4a92-a9c1-24e08ac72215,0763ffeb-1b1f-41c5-ab37-d17b66e50b50,1.8128,0.05001,0.7099
MXD,Chao Yi Wang,Andrei Daescu,20684550-cb89-4ea2-9e2f-0f44eb920b45,581183e8-3d9e-459e-b69f-7337d8b6f3d2,1.8125,0.01532,0.7244
MXD,Lacy Schneemann,Jay Devilliers,a3ed7970-35d2-485c-8285-187c298a2d83,295e343a-31a0-4e1d-a286-d62592291435,1.811,0.01675,0.7227
MXD,Jorja Johnson,Hunter Johnson,b51ea0fb-c243-4427-85f8-b798febb51ff,8160ad59-4654-46b1-b229-8d5f2a9a45f9,1.8107,0.01599,0.7228
MXD,Tina Pisnik,Dylan Frazier,f879086b-e0e5-4772-b0a6-4055c265da69,1de884f8-7bf7-4b49-9de8-3f1fd74cabd6,1.8105,0.0151,0.7231
MXD,Catherine Parenteau,Jay Devilliers,9b97206b-783a-4fab-85e9-45a6240325a5,295e343a-31a0-4e1d-a286-d62592291435,1.8105,0.01565,0.7228
MXD,Danni-Elle Townsend,Robert Slutsky,2c4de762-88d6-47c3-8b2b-af562c5d1f93,f6fa549d-8a9c-46fd-aeb8-af8a3f0f7a59,1.8103,0.0285,0.7169
MXD,Sahra Dennehy,Christian Alshon,051f5c82-82ce-4ab8-b4f8-36976638a89b,79a11da1-6aeb-4719-9b1e-9918e0163cec,1.8094,0.01671,0.7215
MXD,Rachel Rohrabacher,CJ Klinger,50908953-a944-4a34-898b-16af312bc814,ead35052-7367-4296-96d4-064f546cc2b9,1.8091,0.01391,0.7227
MXD,Kate Fahey,Will Howells,3af01041-5679-400a-87b8-12c01db8cec4,d0f19d1e-2a6e-4eb3-b10c-1311edd599a8,1.8086,0.01307,0.7227
MXD,Parris Todd,Augustus Ge,1728d016-1f02-4789-be73-63d12d5a5b42,ba491f1c-0112-47a8-a348-4695289e958a,1.8083,0.01422,0.7219
MXD,Kate Fahey,Bruno Faletto,3af01041-5679-400a-87b8-12c01db8cec4,34049405-b415-4f3a-aade-5be0111ac7db,1.8081,0.02107,0.7187
MXD,Kate Fahey,Vanshik Kapadia,3af01041-5679-400a-87b8-12c01db8cec4,6866df42-48ad-423c-9e57-d7d4d6fb66ef,1.8081,0.04092,0.7102
MXD,Leigh Waters,Christian Alshon,1bfba782-55f3-42e4-9889-9018e793c0b5,79a11da1-6aeb-4719-9b1e-9918e0163cec,1.8079,0.02925,0.7149
MXD,Layne Sleeth,Gabriel Tardio,55ed7e0a-ff2d-4ac2-aad6-b6772ef4f448,d50310a6-9378-4228-823f-7fb54f7bd698,1.8072,0.0158,0.7204
MXD,Mari Humberg,Nicolas Acevedo,b1ab7d76-a859-4136-8405-3ed7c9be287a,a000a067-1bf1-442f-a961-e6c97cb50006,1.807,0.01769,0.7193
MXD,Allyce Jones,Christian Alshon,efe9989b-5864-48c2-806c-06697024e1da,79a11da1-6aeb-4719-9b1e-9918e0163cec,1.8069,0.01491,0.7206
MXD,Sofia Sewing,Robert Slutsky,b9bacc1e-29b5-4a92-a9c1-24e08ac72215,f6fa549d-8a9c-46fd-aeb8-af8a3f0f7a59,1.8067,0.03059,0.7134
MXD,Jade Kawamoto,Oscar Serra,6cae3a50-eee6-45ea-8b28-85ef9c50e3c4,2c2a2b82-9ec7-4046-97cb-3a199ed507af,1.8056,0.02809,0.7137
MXD,Ewa Radzikowska,Andrei Daescu,1d51becb-4ea0-4878-9660-e3fd2dfaa0ea,581183e8-3d9e-459e-b69f-7337d8b6f3d2,1.8047,0.02345,0.7151
MXD,Rachel Rohrabacher,Dylan Frazier,50908953-a944-4a34-898b-16af312bc814,1de884f8-7bf7-4b49-9de8-3f1fd74cabd6,1.8037,0.01477,0.7183
MXD,Jade Kawamoto,George Wall,6cae3a50-eee6-45ea-8b28-85ef9c50e3c4,698c5236-e88f-411c-b44f-e54f16b2d6b5,1.8022,0.02826,0.7113
MXD,Mari Humberg,Jack Sock,b1ab7d76-a859-4136-8405-3ed7c9be287a,3a43c56f-b9d8-4e72-ae8a-58fd69291946,1.8007,0.01751,0.7149
MXD,Bobbi Oshiro,Federico Staksrud,7f36e416-0907-43b2-8ec4-e9533088e30f,7edb882c-6d17-4129-8208-710e3c82364c,1.8007,0.0507,0.7013
MXD,Bobbi Oshiro,Riley Newman,7f36e416-0907-43b2-8ec4-e9533088e30f,05b194b3-db88-4f77-a26f-5ef5cfbf6146,1.8006,0.05198,0.7008
MXD,Jorja Johnson,Roscoe Bellamy,b51ea0fb-c243-4427-85f8-b798febb51ff,925c1306-6b3b-4510-8482-f34168a0842a,1.8001,0.01526,0.7154
MXD,Ting Chieh Wei,Ben Johns,29e8121d-6f86-4192-b7af-ab05b77b89fe,6f862c1d-1317-4fe7-bdcd-64caa0dbb088,1.7999,0.01453,0.7157
MXD,Meghan Dizon,Andrei Daescu,8f521dcc-1cb5-4c8d-933c-af6b267bd395,581183e8-3d9e-459e-b69f-7337d8b6f3d2,1.7995,0.01511,0.7151
MXD,Anna Bright,Mohaned Alhouni,db5eef5c-99dd-49d9-bbfc-65171a366bda,1bab49f1-6891-4d3e-8f77-42aa4fc1d18e,1.7982,0.01656,0.7134
MXD,Lacy Schneemann,Federico Staksrud,a3ed7970-35d2-485c-8285-187c298a2d83,7edb882c-6d17-4129-8208-710e3c82364c,1.7982,0.0147,0.7143
MXD,Lacy Schneemann,Riley Newman,a3ed7970-35d2-485c-8285-187c298a2d83,05b194b3-db88-4f77-a26f-5ef5cfbf6146,1.7981,0.01599,0.7136
MXD,Jackie Kawamoto,Yuta Funemizu,be33755f-9262-461b-aedd-e9a7a686a82c,ce4f0e14-80ea-4ed0-a81c-7341d356d427,1.7978,0.01951,0.7118
MXD,Catherine Parenteau,Federico Staksrud,9b97206b-783a-4fab-85e9-45a6240325a5,7edb882c-6d17-4129-8208-710e3c82364c,1.7977,0.0136,0.7144
MXD,Catherine Parenteau,Riley Newman,9b97206b-783a-4fab-85e9-45a6240325a5,05b194b3-db88-4f77-a26f-5ef5cfbf6146,1.7976,0.01489,0.7138
MXD,Tyra Hurricane Black,Yuta Funemizu,fec65f7e-f2c8-482f-ab5b-541cf53b1064,ce4f0e14-80ea-4ed0-a81c-7341d356d427,1.7973,0.01691,0.7127
MXD,Tina Pisnik,Augustus Ge,f879086b-e0e5-4772-b0a6-4055c265da69,ba491f1c-0112-47a8-a348-4695289e958a,1.7972,0.01339,0.7142
MXD,Jade Kawamoto,Hunter Johnson,6cae3a50-eee6-45ea-8b28-85ef9c50e3c4,8160ad59-4654-46b1-b229-8d5f2a9a45f9,1.7966,0.01794,0.7117
MXD,Jorja Johnson,Anderson Scarpa,b51ea0fb-c243-4427-85f8-b798febb51ff,fa8d5d28-d8f5-4996-8c35-0f4ca3c35bae,1.7963,0.01716,0.7118
MXD,Jackie Kawamoto,Armaan Bhatia,be33755f-9262-461b-aedd-e9a7a686a82c,33292af3-984d-4752-8d18-b3a5c147e9fe,1.796,0.01909,0.7107
MXD,Tyra Hurricane Black,Armaan Bhatia,fec65f7e-f2c8-482f-ab5b-541cf53b1064,33292af3-984d-4752-8d18-b3a5c147e9fe,1.7956,0.01649,0.7116
MXD,Etta Tuionetoa,Eric Oncins,676b1cbc-766c-4616-bf39-1787ffd8c72a,52690a0c-ed4a-4e0b-bf69-4ef416cf7d55,1.7941,0.01585,0.7107
MXD,Jorja Johnson,Thomas Yu,b51ea0fb-c243-4427-85f8-b798febb51ff,8c94d7b2-0dce-455e-916f-e35927d53547,1.7933,0.03145,0.7036
MXD,Vivienne David,Jay Devilliers,afc0bfc9-8cd8-4600-bd45-681092186db3,295e343a-31a0-4e1d-a286-d62592291435,1.7927,0.02847,0.7043
MXD,Danni-Elle Townsend,Connor Garnett,2c4de762-88d6-47c3-8b2b-af562c5d1f93,ff38654d-daae-4bad-a1a7-690e4e5706eb,1.7925,0.01645,0.7093
MXD,Jorja Johnson,Joseph Wild,b51ea0fb-c243-4427-85f8-b798febb51ff,a51b59c5-1a13-4472-821a-eb9866e72adf,1.7924,0.02385,0.706
MXD,Mari Humberg,Phuc Huynh,b1ab7d76-a859-4136-8405-3ed7c9be287a,0763ffeb-1b1f-41c5-ab37-d17b66e50b50,1.7923,0.04725,0.6967
MXD,Parris Todd,Oscar Serra,1728d016-1f02-4789-be73-63d12d5a5b42,2c2a2b82-9ec7-4046-97cb-3a199ed507af,1.7918,0.02697,0.7043
MXD,Kate Fahey,Yuta Funemizu,3af01041-5679-400a-87b8-12c01db8cec4,ce4f0e14-80ea-4ed0-a81c-7341d356d427,1.7917,0.01536,0.7092
MXD,Rachel Rohrabacher,Augustus Ge,50908953-a944-4a34-898b-16af312bc814,ba491f1c-0112-47a8-a348-4695289e958a,1.7905,0.01306,0.7093
MXD,Chao Yi Wang,Eric Oncins,20684550-cb89-4ea2-9e2f-0f44eb920b45,52690a0c-ed4a-4e0b-bf69-4ef416cf7d55,1.7904,0.0158,0.708
MXD,Jackie Kawamoto,Dekel Bar,be33755f-9262-461b-aedd-e9a7a686a82c,89843e44-48fd-4a3f-b8c0-5f5aa6ae5741,1.7903,0.01729,0.7073
MXD,Kate Fahey,Armaan Bhatia,3af01041-5679-400a-87b8-12c01db8cec4,33292af3-984d-4752-8d18-b3a5c147e9fe,1.7899,0.01494,0.7081
MXD,Tyra Hurricane Black,Dekel Bar,fec65f7e-f2c8-482f-ab5b-541cf53b1064,89843e44-48fd-4a3f-b8c0-5f5aa6ae5741,1.7899,0.01469,0.7082
MXD,Carlota Trevino,Ben Johns,70c18684-f615-4d05-9aa9-5cbdbd53ab9f,6f862c1d-1317-4fe7-bdcd-64caa0dbb088,1.7899,0.01646,0.7074
MXD,Yana Newell,Christian Alshon,655e0349-7e66-4233-b999-b6cca2298f9b,79a11da1-6aeb-4719-9b1e-9918e0163cec,1.7895,0.03021,0.7013
MXD,Danni-Elle Townsend,Jack Munro,2c4de762-88d6-47c3-8b2b-af562c5d1f93,f90428f0-e4a3-4a08-a664-518ba7f188d2,1.789,0.05095,0.693
MXD,Sofia Sewing,Connor Garnett,b9bacc1e-29b5-4a92-a9c1-24e08ac72215,ff38654d-daae-4bad-a1a7-690e4e5706eb,1.7889,0.01853,0.7058
MXD,Parris Todd,George Wall,1728d016-1f02-4789-be73-63d12d5a5b42,698c5236-e88f-411c-b44f-e54f16b2d6b5,1.7885,0.02713,0.7018
MXD,Jessie Irvine,Ben Johns,8e2f9629-19d0-409d-81dc-b64fe2f3d3ff,6f862c1d-1317-4fe7-bdcd-64caa0dbb088,1.788,0.01376,0.7072
MXD,Jorja Johnson,Harsh Mehta,b51ea0fb-c243-4427-85f8-b798febb51ff,c18fb17d-e0bb-415c-901b-fa2f928ab22c,1.7872,0.03232,0.6988
MXD,Mari Humberg,Robert Slutsky,b1ab7d76-a859-4136-8405-3ed7c9be287a,f6fa549d-8a9c-46fd-aeb8-af8a3f0f7a59,1.7861,0.02783,0.6998
MXD,Jade Kawamoto,Roscoe Bellamy,6cae3a50-eee6-45ea-8b28-85ef9c50e3c4,925c1306-6b3b-4510-8482-f34168a0842a,1.7859,0.01721,0.7041
MXD,Jackie Kawamoto,CJ Klinger,be33755f-9262-461b-aedd-e9a7a686a82c,ead35052-7367-4296-96d4-064f546cc2b9,1.7855,0.01662,0.704
MXD,Sofia Sewing,Jack Munro,b9bacc1e-29b5-4a92-a9c1-24e08ac72215,f90428f0-e4a3-4a08-a664-518ba7f188d2,1.7854,0.05304,0.6898
MXD,Tyra Hurricane Black,CJ Klinger,fec65f7e-f2c8-482f-ab5b-541cf53b1064,ead35052-7367-4296-96d4-064f546cc2b9,1.785,0.01403,0.7049
MXD,Kate Fahey,Dekel Bar,3af01041-5679-400a-87b8-12c01db8cec4,89843e44-48fd-4a3f-b8c0-5f5aa6ae5741,1.7843,0.01314,0.7047
MXD,Jorja Johnson,Hien Truong,b51ea0fb-c243-4427-85f8-b798febb51ff,524b89ad-b76b-40b4-a0db-736bdc7b8adb,1.7841,0.03038,0.6973
MXD,Parris Todd,Hunter Johnson,1728d016-1f02-4789-be73-63d12d5a5b42,8160ad59-4654-46b1-b229-8d5f2a9a45f9,1.7828,0.01682,0.702
MXD,Ewa Radzikowska,Eric Oncins,1d51becb-4ea0-4878-9660-e3fd2dfaa0ea,52690a0c-ed4a-4e0b-bf69-4ef416cf7d55,1.7826,0.02393,0.6988
MXD,Jade Kawamoto,Anderson Scarpa,6cae3a50-eee6-45ea-8b28-85ef9c50e3c4,fa8d5d28-d8f5-4996-8c35-0f4ca3c35bae,1.7821,0.01911,0.7005
MXD,Jorja Johnson,Etienne Blaszkewycz,b51ea0fb-c243-4427-85f8-b798febb51ff,d3e486f2-7c25-4bcf-b9dd-81c14f644f60,1.7812,0.02153,0.6988
MXD,Tina Pisnik,Oscar Serra,f879086b-e0e5-4772-b0a6-4055c265da69,2c2a2b82-9ec7-4046-97cb-3a199ed507af,1.7808,0.02614,0.6966
MXD,Jackie Kawamoto,Dylan Frazier,be33755f-9262-461b-aedd-e9a7a686a82c,1de884f8-7bf7-4b49-9de8-3f1fd74cabd6,1.78,0.01749,0.6996
MXD,Vivienne David,Federico Staksrud,afc0bfc9-8cd8-4600-bd45-681092186db3,7edb882c-6d17-4129-8208-710e3c82364c,1.7798,0.02642,0.6958
MXD,Vivienne David,Riley Newman,afc0bfc9-8cd8-4600-bd45-681092186db3,05b194b3-db88-4f77-a26f-5ef5cfbf6146,1.7798,0.02771,0.6952
MXD,Tyra Hurricane Black,Dylan Frazier,fec65f7e-f2c8-482f-ab5b-541cf53b1064,1de884f8-7bf7-4b49-9de8-3f1fd74cabd6,1.7796,0.0149,0.7004
MXD,Kate Fahey,CJ Klinger,3af01041-5679-400a-87b8-12c01db8cec4,ead35052-7367-4296-96d4-064f546cc2b9,1.7794,0.01247,0.7013
MXD,Jade Kawamoto,Thomas Yu,6cae3a50-eee6-45ea-8b28-85ef9c50e3c4,8c94d7b2-0dce-455e-916f-e35927d53547,1.7792,0.0334,0.6925
MXD,Maggie Brascia,Ben Johns,736475dd-7ccd-40d8-8b43-8c2d9ef9e674,6f862c1d-1317-4fe7-bdcd-64caa0dbb088,1.7784,0.02413,0.6956
MXD,Jade Kawamoto,Joseph Wild,6cae3a50-eee6-45ea-8b28-85ef9c50e3c4,a51b59c5-1a13-4472-821a-eb9866e72adf,1.7782,0.0258,0.6948
MXD,Vivian Glozman,Thomas Wilson,ff789b9c-80c4-442c-b97e-2e2311298cfb,12d79cbe-b5c7-4504-ab8f-f352a6bb8629,1.778,0.06812,0.6796
MXD,Jorja Johnson,Pablo Tellez,b51ea0fb-c243-4427-85f8-b798febb51ff,52726ab1-2ac9-46c0-be90-6b0e7a2d56eb,1.7778,0.01559,0.6988
MXD,Jorja Johnson,Alex Emery,b51ea0fb-c243-4427-85f8-b798febb51ff,5c817399-aea7-481d-9a83-aab7431eabc1,1.7776,0.03705,0.69
MXD,Jorja Johnson,Jaume Martinez Vich,b51ea0fb-c243-4427-85f8-b798febb51ff,cc8832b9-9a8f-4cbc-8eff-b20e9a7ff09a,1.7775,0.0137,0.6993
MXD,Tina Pisnik,George Wall,f879086b-e0e5-4772-b0a6-4055c265da69,698c5236-e88f-411c-b44f-e54f16b2d6b5,1.7775,0.02631,0.6941
MXD,Meghan Dizon,Eric Oncins,8f521dcc-1cb5-4c8d-933c-af6b267bd395,52690a0c-ed4a-4e0b-bf69-4ef416cf7d55,1.7774,0.01559,0.6985
MXD,Sahra Dennehy,Andrei Daescu,051f5c82-82ce-4ab8-b4f8-36976638a89b,581183e8-3d9e-459e-b69f-7337d8b6f3d2,1.7773,0.0163,0.6981
MXD,Danni-Elle Townsend,Quang Duong,2c4de762-88d6-47c3-8b2b-af562c5d1f93,14d61e81-14d5-4cb3-ae33-d427fbc1b4f6,1.777,0.0349,0.6904
MXD,Ting Chieh Wei,JW Johnson,29e8121d-6f86-4192-b7af-ab05b77b89fe,bd061b42-2f82-4bbe-82be-d8bcfb37f9e1,1.7767,0.01617,0.6977
MXD,Leigh Waters,Andrei Daescu,1bfba782-55f3-42e4-9889-9018e793c0b5,581183e8-3d9e-459e-b69f-7337d8b6f3d2,1.7758,0.02884,0.6918
MXD,Jorja Johnson,Max Freeman,b51ea0fb-c243-4427-85f8-b798febb51ff,b03ff4de-9b8f-46a8-a530-d8f19e9d6ec9,1.7756,0.01471,0.6975
MXD,Lucy Kovalova,Ben Johns,504e8c08-caf6-4db8-b454-11ffa321261c,6f862c1d-1317-4fe7-bdcd-64caa0dbb088,1.7749,0.02269,0.6936
MXD,Allyce Jones,Andrei Daescu,efe9989b-5864-48c2-806c-06697024e1da,581183e8-3d9e-459e-b69f-7337d8b6f3d2,1.7748,0.0145,0.697
MXD,Kate Fahey,Dylan Frazier,3af01041-5679-400a-87b8-12c01db8cec4,1de884f8-7bf7-4b49-9de8-3f1fd74cabd6,1.774,0.01334,0.6968
MXD,Rachel Rohrabacher,Oscar Serra,50908953-a944-4a34-898b-16af312bc814,2c2a2b82-9ec7-4046-97cb-3a199ed507af,1.774,0.02581,0.6917
MXD,Sofia Sewing,Quang Duong,b9bacc1e-29b5-4a92-a9c1-24e08ac72215,14d61e81-14d5-4cb3-ae33-d427fbc1b4f6,1.7734,0.03699,0.687
MXD,Jade Kawamoto,Harsh Mehta,6cae3a50-eee6-45ea-8b28-85ef9c50e3c4,c18fb17d-e0bb-415c-901b-fa2f928ab22c,1.773,0.03427,0.6878
MXD,Samantha Parker,Ben Johns,6794d224-7da3-43d9-8300-e24e731f5dea,6f862c1d-1317-4fe7-bdcd-64caa0dbb088,1.7729,0.01733,0.6943
MXD,Jorja Johnson,Connor Mogle,b51ea0fb-c243-4427-85f8-b798febb51ff,3d9c8684-953f-4008-b355-b6104ee56a5b,1.7728,0.01674,0.6946
MXD,Ting Chieh Wei,Hayden Patriquin,29e8121d-6f86-4192-b7af-ab05b77b89fe,fc05556e-3e38-4a38-99c2-f855174a7c28,1.7725,0.01458,0.6952
MXD,Parris Todd,Roscoe Bellamy,1728d016-1f02-4789-be73-63d12d5a5b42,925c1306-6b3b-4510-8482-f34168a0842a,1.7722,0.01609,0.6943
MXD,Tina Pisnik,Hunter Johnson,f879086b-e0e5-4772-b0a6-4055c265da69,8160ad59-4654-46b1-b229-8d5f2a9a45f9,1.7718,0.01599,0.6941
MXD,Etta Tuionetoa,Jay Devilliers,676b1cbc-766c-4616-bf39-1787ffd8c72a,295e343a-31a0-4e1d-a286-d62592291435,1.7718,0.01735,0.6936
MXD,Danni-Elle Townsend,Noe Khlif,2c4de762-88d6-47c3-8b2b-af562c5d1f93,1bb8b2c1-ca6f-45ac-afdd-fab7e77d69d4,1.7715,0.01548,0.694
MXD,Jillian Braverman,Christian Alshon,98c2531f-f5ce-48b5-b251-eb69425d409c,79a11da1-6aeb-4719-9b1e-9918e0163cec,1.7711,0.05761,0.6782
MXD,Rachel Rohrabacher,George Wall,50908953-a944-4a34-898b-16af312bc814,698c5236-e88f-411c-b44f-e54f16b2d6b5,1.7707,0.02598,0.6892
MXD,Jade Kawamoto,Hien Truong,6cae3a50-eee6-45ea-8b28-85ef9c50e3c4,524b89ad-b76b-40b4-a0db-736bdc7b8adb,1.77,0.03233,0.6862
MXD,Brooke Buckner,Ben Johns,06dc9b8a-5c01-49cf-bb4d-70d7b5f85acf,6f862c1d-1317-4fe7-bdcd-64caa0dbb088,1.7691,0.0142,0.6928
MXD,Alix Truong,Christian Alshon,646f7432-e6ad-4ccf-95ee-a0e5d9514d28,79a11da1-6aeb-4719-9b1e-9918e0163cec,1.7685,0.01477,0.6921
MXD,Parris Todd,Anderson Scarpa,1728d016-1f02-4789-be73-63d12d5a5b42,fa8d5d28-d8f5-4996-8c35-0f4ca3c35bae,1.7684,0.01799,0.6907
MXD,Mari Humberg,Connor Garnett,b1ab7d76-a859-4136-8405-3ed7c9be287a,ff38654d-daae-4bad-a1a7-690e4e5706eb,1.7684,0.01577,0.6916
MXD,Chao Yi Wang,Jay Devilliers,20684550-cb89-4ea2-9e2f-0f44eb920b45,295e343a-31a0-4e1d-a286-d62592291435,1.7682,0.0173,0.6908
MXD,Sofia Sewing,Noe Khlif,b9bacc1e-29b5-4a92-a9c1-24e08ac72215,1bb8b2c1-ca6f-45ac-afdd-fab7e77d69d4,1.7679,0.01756,0.6905
MXD,Jade Kawamoto,Etienne Blaszkewycz,6cae3a50-eee6-45ea-8b28-85ef9c50e3c4,d3e486f2-7c25-4bcf-b9dd-81c14f644f60,1.7671,0.02348,0.6875
MXD,Jackie Kawamoto,Augustus Ge,be33755f-9262-461b-aedd-e9a7a686a82c,ba491f1c-0112-47a8-a348-4695289e958a,1.7668,0.01578,0.6904
MXD,Carlota Trevino,JW Johnson,70c18684-f615-4d05-9aa9-5cbdbd53ab9f,bd061b42-2f82-4bbe-82be-d8bcfb37f9e1,1.7666,0.01811,0.6893
MXD,Tyra Hurricane Black,Augustus Ge,fec65f7e-f2c8-482f-ab5b-541cf53b1064,ba491f1c-0112-47a8-a348-4695289e958a,1.7664,0.01318,0.6911
MXD,Estee Widdershoven,Ben Johns,bf84d952-c6a8-4494-943d-064b223e764f,6f862c1d-1317-4fe7-bdcd-64caa0dbb088,1.7661,0.01674,0.6895
MXD,Parris Todd,Thomas Yu,1728d016-1f02-4789-be73-63d12d5a5b42,8c94d7b2-0dce-455e-916f-e35927d53547,1.7654,0.03228,0.6829
MXD,Jorja Johnson,Juan Benitez,b51ea0fb-c243-4427-85f8-b798febb51ff,f4c43443-fdff-4344-b291-274cfd26361e,1.7653,0.02062,0.6872
MXD,Rachel Rohrabacher,Hunter Johnson,50908953-a944-4a34-898b-16af312bc814,8160ad59-4654-46b1-b229-8d5f2a9a45f9,1.765,0.01566,0.6891
MXD,Mari Humberg,Jack Munro,b1ab7d76-a859-4136-8405-3ed7c9be287a,f90428f0-e4a3-4a08-a664-518ba7f188d2,1.7649,0.05028,0.6761
MXD,Ting Chieh Wei,Gabriel Tardio,29e8121d-6f86-4192-b7af-ab05b77b89fe,d50310a6-9378-4228-823f-7fb54f7bd698,1.7647,0.01424,0.6895
MXD,Jessie Irvine,JW Johnson,8e2f9629-19d0-409d-81dc-b64fe2f3d3ff,bd061b42-2f82-4bbe-82be-d8bcfb37f9e1,1.7647,0.0154,0.689
MXD,Parris Todd,Joseph Wild,1728d016-1f02-4789-be73-63d12d5a5b42,a51b59c5-1a13-4472-821a-eb9866e72adf,1.7645,0.02468,0.6851
MXD,Jade Kawamoto,Pablo Tellez,6cae3a50-eee6-45ea-8b28-85ef9c50e3c4,52726ab1-2ac9-46c0-be90-6b0e7a2d56eb,1.7637,0.01754,0.6873
MXD,Milan Rane,Ben Johns,eb14fc6e-ede1-4999-bec3-e36695e7f94e,6f862c1d-1317-4fe7-bdcd-64caa0dbb088,1.7635,0.01306,0.689
MXD,Jade Kawamoto,Alex Emery,6cae3a50-eee6-45ea-8b28-85ef9c50e3c4,5c817399-aea7-481d-9a83-aab7431eabc1,1.7634,0.039,0.679
MXD,Jade Kawamoto,Jaume Martinez Vich,6cae3a50-eee6-45ea-8b28-85ef9c50e3c4,cc8832b9-9a8f-4cbc-8eff-b20e9a7ff09a,1.7633,0.01565,0.6878
MXD,Carlota Trevino,Hayden Patriquin,70c18684-f615-4d05-9aa9-5cbdbd53ab9f,fc05556e-3e38-4a38-99c2-f855174a7c28,1.7624,0.01651,0.6868
MXD,Jade Kawamoto,Max Freeman,6cae3a50-eee6-45ea-8b28-85ef9c50e3c4,b03ff4de-9b8f-46a8-a530-d8f19e9d6ec9,1.7614,0.01666,0.6859
MXD,Tina Pisnik,Roscoe Bellamy,f879086b-e0e5-4772-b0a6-4055c265da69,925c1306-6b3b-4510-8482-f34168a0842a,1.7612,0.01526,0.6863
MXD,Layne Sleeth,Christian Alshon,55ed7e0a-ff2d-4ac2-aad6-b6772ef4f448,79a11da1-6aeb-4719-9b1e-9918e0163cec,1.761,0.01624,0.6858
MXD,Kate Fahey,Augustus Ge,3af01041-5679-400a-87b8-12c01db8cec4,ba491f1c-0112-47a8-a348-4695289e958a,1.7607,0.01163,0.6875
MXD,Jessie Irvine,Hayden Patriquin,8e2f9629-19d0-409d-81dc-b64fe2f3d3ff,fc05556e-3e38-4a38-99c2-f855174a7c28,1.7605,0.01381,0.6864
MXD,Ewa Radzikowska,Jay Devilliers,1d51becb-4ea0-4878-9660-e3fd2dfaa0ea,295e343a-31a0-4e1d-a286-d62592291435,1.7604,0.02543,0.6817
MXD,Danni-Elle Townsend,Will Howells,2c4de762-88d6-47c3-8b2b-af562c5d1f93,d0f19d1e-2a6e-4eb3-b10c-1311edd599a8,1.7603,0.01678,0.685
MXD,Danni-Elle Townsend,Bruno Faletto,2c4de762-88d6-47c3-8b2b-af562c5d1f93,34049405-b415-4f3a-aade-5be0111ac7db,1.7599,0.02478,0.6816
MXD,Danni-Elle Townsend,Vanshik Kapadia,2c4de762-88d6-47c3-8b2b-af562c5d1f93,6866df42-48ad-423c-9e57-d7d4d6fb66ef,1.7599,0.04463,0.6744
MXD,Parris Todd,Harsh Mehta,1728d016-1f02-4789-be73-63d12d5a5b42,c18fb17d-e0bb-415c-901b-fa2f928ab22c,1.7593,0.03315,0.678
MXD,Etta Tuionetoa,Federico Staksrud,676b1cbc-766c-4616-bf39-1787ffd8c72a,7edb882c-6d17-4129-8208-710e3c82364c,1.759,0.01531,0.6846
MXD,Etta Tuionetoa,Riley Newman,676b1cbc-766c-4616-bf39-1787ffd8c72a,05b194b3-db88-4f77-a26f-5ef5cfbf6146,1.7589,0.0166,0.6841
MXD,Jade Kawamoto,Connor Mogle,6cae3a50-eee6-45ea-8b28-85ef9c50e3c4,3d9c8684-953f-4008-b355-b6104ee56a5b,1.7587,0.01869,0.683
MXD,Tina Pisnik,Anderson Scarpa,f879086b-e0e5-4772-b0a6-4055c265da69,fa8d5d28-d8f5-4996-8c35-0f4ca3c35bae,1.7574,0.01716,0.6826
MXD,Yana Newell,Andrei Daescu,655e0349-7e66-4233-b999-b6cca2298f9b,581183e8-3d9e-459e-b69f-7337d8b6f3d2,1.7574,0.0298,0.6779
MXD,Bobbi Oshiro,Thomas Wilson,7f36e416-0907-43b2-8ec4-e9533088e30f,12d79cbe-b5c7-4504-ab8f-f352a6bb8629,1.7568,0.08938,0.659
MXD,Sofia Sewing,Will Howells,b9bacc1e-29b5-4a92-a9c1-24e08ac72215,d0f19d1e-2a6e-4eb3-b10c-1311edd599a8,1.7567,0.01886,0.6815
MXD,Sofia Sewing,Bruno Faletto,b9bacc1e-29b5-4a92-a9c1-24e08ac72215,34049405-b415-4f3a-aade-5be0111ac7db,1.7563,0.02686,0.6781
MXD,Sofia Sewing,Vanshik Kapadia,b9bacc1e-29b5-4a92-a9c1-24e08ac72215,6866df42-48ad-423c-9e57-d7d4d6fb66ef,1.7563,0.04671,0.6711
MXD,Parris Todd,Hien Truong,1728d016-1f02-4789-be73-63d12d5a5b42,524b89ad-b76b-40b4-a0db-736bdc7b8adb,1.7562,0.03121,0.6765
MXD,Chao Yi Wang,Federico Staksrud,20684550-cb89-4ea2-9e2f-0f44eb920b45,7edb882c-6d17-4129-8208-710e3c82364c,1.7554,0.01525,0.6818
MXD,Chao Yi Wang,Riley Newman,20684550-cb89-4ea2-9e2f-0f44eb920b45,05b194b3-db88-4f77-a26f-5ef5cfbf6146,1.7553,0.01654,0.6813
MXD,Sahra Dennehy,Eric Oncins,051f5c82-82ce-4ab8-b4f8-36976638a89b,52690a0c-ed4a-4e0b-bf69-4ef416cf7d55,1.7552,0.01678,0.6811
MXD,Meghan Dizon,Jay Devilliers,8f521dcc-1cb5-4c8d-933c-af6b267bd395,295e343a-31a0-4e1d-a286-d62592291435,1.7552,0.01709,0.681
MXD,Lacy Schneemann,Thomas Wilson,a3ed7970-35d2-485c-8285-187c298a2d83,12d79cbe-b5c7-4504-ab8f-f352a6bb8629,1.7551,0.05339,0.6681
MXD,Maggie Brascia,JW Johnson,736475dd-7ccd-40d8-8b43-8c2d9ef9e674,bd061b42-2f82-4bbe-82be-d8bcfb37f9e1,1.7551,0.02577,0.6776
MXD,Catherine Parenteau,Thomas Wilson,9b97206b-783a-4fab-85e9-45a6240325a5,12d79cbe-b5c7-4504-ab8f-f352a6bb8629,1.7548,0.05229,0.6682
MXD,Carlota Trevino,Gabriel Tardio,70c18684-f615-4d05-9aa9-5cbdbd53ab9f,d50310a6-9378-4228-823f-7fb54f7bd698,1.7547,0.01617,0.6809
MXD,Rachel Rohrabacher,Roscoe Bellamy,50908953-a944-4a34-898b-16af312bc814,925c1306-6b3b-4510-8482-f34168a0842a,1.7544,0.01493,0.6812
MXD,Tina Pisnik,Thomas Yu,f879086b-e0e5-4772-b0a6-4055c265da69,8c94d7b2-0dce-455e-916f-e35927d53547,1.7544,0.03145,0.675
MXD,Leigh Waters,Eric Oncins,1bfba782-55f3-42e4-9889-9018e793c0b5,52690a0c-ed4a-4e0b-bf69-4ef416cf7d55,1.7536,0.02932,0.6752
MXD,Tina Pisnik,Joseph Wild,f879086b-e0e5-4772-b0a6-4055c265da69,a51b59c5-1a13-4472-821a-eb9866e72adf,1.7535,0.02385,0.6771
MXD,Allie Reichert,Ben Johns,dcd029fb-2814-401b-a1cb-0c4269d9954b,6f862c1d-1317-4fe7-bdcd-64caa0dbb088,1.7535,0.02448,0.6768
MXD,Parris Todd,Etienne Blaszkewycz,1728d016-1f02-4789-be73-63d12d5a5b42,d3e486f2-7c25-4bcf-b9dd-81c14f644f60,1.7534,0.02235,0.6776
MXD,Jorja Johnson,John Lucian Goins,b51ea0fb-c243-4427-85f8-b798febb51ff,e96d9339-cfb6-473d-bcb3-23f2887a3e0f,1.7532,0.01759,0.6793
MXD,Mari Humberg,Quang Duong,b1ab7d76-a859-4136-8405-3ed7c9be287a,14d61e81-14d5-4cb3-ae33-d427fbc1b4f6,1.7529,0.03423,0.6729
MXD,Isabella Dunlap,Ben Johns,719e2d3b-d10d-402d-a195-41f072214679,6f862c1d-1317-4fe7-bdcd-64caa0dbb088,1.7529,0.0141,0.6804
MXD,Jessie Irvine,Gabriel Tardio,8e2f9629-19d0-409d-81dc-b64fe2f3d3ff,d50310a6-9378-4228-823f-7fb54f7bd698,1.7528,0.01347,0.6806
MXD,Allyce Jones,Eric Oncins,efe9989b-5864-48c2-806c-06697024e1da,52690a0c-ed4a-4e0b-bf69-4ef416cf7d55,1.7527,0.01498,0.6799
MXD,Lucy Kovalova,JW Johnson,504e8c08-caf6-4db8-b454-11ffa321261c,bd061b42-2f82-4bbe-82be-d8bcfb37f9e1,1.7516,0.02433,0.6754
MXD,Jade Kawamoto,Juan Benitez,6cae3a50-eee6-45ea-8b28-85ef9c50e3c4,f4c43443-fdff-4344-b291-274cfd26361e,1.7511,0.02257,0.6758
MXD,Jorja Johnson,Luca Mack,b51ea0fb-c243-4427-85f8-b798febb51ff,2aa8ced3-d599-4c83-86dd-ecc80196833b,1.751,0.0234,0.6753
MXD,Maggie Brascia,Hayden Patriquin,736475dd-7ccd-40d8-8b43-8c2d9ef9e674,fc05556e-3e38-4a38-99c2-f855174a7c28,1.751,0.02418,0.675
MXD,Rachel Rohrabacher,Anderson Scarpa,50908953-a944-4a34-898b-16af312bc814,fa8d5d28-d8f5-4996-8c35-0f4ca3c35bae,1.7506,0.01683,0.6775
MXD,Vivian Glozman,Nicolas Acevedo,ff789b9c-80c4-442c-b97e-2e2311298cfb,a000a067-1bf1-442f-a961-e6c97cb50006,1.7504,0.03166,0.6719
MXD,Jackie Kawamoto,Oscar Serra,be33755f-9262-461b-aedd-e9a7a686a82c,2c2a2b82-9ec7-4046-97cb-3a199ed507af,1.7503,0.02853,0.673
MXD,Parris Todd,Pablo Tellez,1728d016-1f02-4789-be73-63d12d5a5b42,52726ab1-2ac9-46c0-be90-6b0e7a2d56eb,1.75,0.01642,0.6772
MXD,Tyra Hurricane Black,Oscar Serra,fec65f7e-f2c8-482f-ab5b-541cf53b1064,2c2a2b82-9ec7-4046-97cb-3a199ed507af,1.7499,0.02593,0.6736
MXD,Parris Todd,Alex Emery,1728d016-1f02-4789-be73-63d12d5a5b42,5c817399-aea7-481d-9a83-aab7431eabc1,1.7497,0.03788,0.6693
MXD,Parris Todd,Jaume Martinez Vich,1728d016-1f02-4789-be73-63d12d5a5b42,cc8832b9-9a8f-4cbc-8eff-b20e9a7ff09a,1.7496,0.01452,0.6777
MXD,Samantha Parker,JW Johnson,6794d224-7da3-43d9-8300-e24e731f5dea,bd061b42-2f82-4bbe-82be-d8bcfb37f9e1,1.7496,0.01897,0.676
MXD,Daria Walczak,Ben Johns,3e6b668a-8d26-4424-9420-3ceb18486b65,6f862c1d-1317-4fe7-bdcd-64caa0dbb088,1.7491,0.01814,0.6759
MXD,Tina Pisnik,Harsh Mehta,f879086b-e0e5-4772-b0a6-4055c265da69,c18fb17d-e0bb-415c-901b-fa2f928ab22c,1.7483,0.03232,0.6701
MXD,Parris Todd,Max Freeman,1728d016-1f02-4789-be73-63d12d5a5b42,b03ff4de-9b8f-46a8-a530-d8f19e9d6ec9,1.7477,0.01554,0.6758
MXD,Rachel Rohrabacher,Thomas Yu,50908953-a944-4a34-898b-16af312bc814,8c94d7b2-0dce-455e-916f-e35927d53547,1.7476,0.03112,0.67
MXD,Ewa Radzikowska,Federico Staksrud,1d51becb-4ea0-4878-9660-e3fd2dfaa0ea,7edb882c-6d17-4129-8208-710e3c82364c,1.7475,0.02339,0.6727
MXD,Ewa Radzikowska,Riley Newman,1d51becb-4ea0-4878-9660-e3fd2dfaa0ea,05b194b3-db88-4f77-a26f-5ef5cfbf6146,1.7475,0.02467,0.6722
MXD,Lucy Kovalova,Hayden Patriquin,504e8c08-caf6-4db8-b454-11ffa321261c,fc05556e-3e38-4a38-99c2-f855174a7c28,1.7474,0.02274,0.6729
MXD,Mari Humberg,Noe Khlif,b1ab7d76-a859-4136-8405-3ed7c9be287a,1bb8b2c1-ca6f-45ac-afdd-fab7e77d69d4,1.7473,0.0148,0.6759
MXD,Jackie Kawamoto,George Wall,be33755f-9262-461b-aedd-e9a7a686a82c,698c5236-e88f-411c-b44f-e54f16b2d6b5,1.747,0.02869,0.6704
MXD,Anna Bright,Oliver Frank,db5eef5c-99dd-49d9-bbfc-65171a366bda,e21cb6e0-aabb-43b2-a112-c0a0a59081bf,1.7468,0.03854,0.6669
MXD,Rachel Rohrabacher,Joseph Wild,50908953-a944-4a34-898b-16af312bc814,a51b59c5-1a13-4472-821a-eb9866e72adf,1.7467,0.02352,0.672
MXD,Tyra Hurricane Black,George Wall,fec65f7e-f2c8-482f-ab5b-541cf53b1064,698c5236-e88f-411c-b44f-e54f16b2d6b5,1.7466,0.0261,0.671
MXD,Eugenia Carolina Lopez Ascarate,Ben Johns,577d1124-44c9-435d-88e9-01a146f2d177,6f862c1d-1317-4fe7-bdcd-64caa0dbb088,1.746,0.03238,0.6684
MXD,Brooke Buckner,JW Johnson,06dc9b8a-5c01-49cf-bb4d-70d7b5f85acf,bd061b42-2f82-4bbe-82be-d8bcfb37f9e1,1.7458,0.01584,0.6743
MXD,Samantha Parker,Hayden Patriquin,6794d224-7da3-43d9-8300-e24e731f5dea,fc05556e-3e38-4a38-99c2-f855174a7c28,1.7454,0.01737,0.6734
MXD,Jorja Johnson,Donald Young,b51ea0fb-c243-4427-85f8-b798febb51ff,aec5d8be-9ce0-4cc5-98a4-140fad555fe0,1.7452,0.01912,0.6725
MXD,Tina Pisnik,Hien Truong,f879086b-e0e5-4772-b0a6-4055c265da69,524b89ad-b76b-40b4-a0db-736bdc7b8adb,1.7452,0.03038,0.6684
MXD,Parris Todd,Connor Mogle,1728d016-1f02-4789-be73-63d12d5a5b42,3d9c8684-953f-4008-b355-b6104ee56a5b,1.745,0.01756,0.673
MXD,Kate Fahey,Oscar Serra,3af01041-5679-400a-87b8-12c01db8cec4,2c2a2b82-9ec7-4046-97cb-3a199ed507af,1.7443,0.02438,0.6699
MXD,Vivian Glozman,Jack Sock,ff789b9c-80c4-442c-b97e-2e2311298cfb,3a43c56f-b9d8-4e72-ae8a-58fd69291946,1.7442,0.03148,0.6673
MXD,Danni-Elle Townsend,Yuta Funemizu,2c4de762-88d6-47c3-8b2b-af562c5d1f93,ce4f0e14-80ea-4ed0-a81c-7341d356d427,1.7434,0.01907,0.6712
MXD,Maggie Brascia,Gabriel Tardio,736475dd-7ccd-40d8-8b43-8c2d9ef9e674,d50310a6-9378-4228-823f-7fb54f7bd698,1.7432,0.02384,0.6693
MXD,Jorja Johnson,Martin Emmrich,b51ea0fb-c243-4427-85f8-b798febb51ff,e9849183-4693-4340-abf5-f4b6f3cb226f,1.743,0.01742,0.6715
MXD,Estee Widdershoven,JW Johnson,bf84d952-c6a8-4494-943d-064b223e764f,bd061b42-2f82-4bbe-82be-d8bcfb37f9e1,1.7428,0.01838,0.671
MXD,Judit Castillo,Ben Johns,ec4cdfe2-c6f6-4de1-824e-9adcaeb31196,6f862c1d-1317-4fe7-bdcd-64caa0dbb088,1.7426,0.01668,0.6714
MXD,Tina Pisnik,Etienne Blaszkewycz,f879086b-e0e5-4772-b0a6-4055c265da69,d3e486f2-7c25-4bcf-b9dd-81c14f644f60,1.7424,0.02153,0.6694
MXD,Vivienne David,Thomas Wilson,afc0bfc9-8cd8-4600-bd45-681092186db3,12d79cbe-b5c7-4504-ab8f-f352a6bb8629,1.7424,0.06511,0.6555
MXD,Meghan Dizon,Federico Staksrud,8f521dcc-1cb5-4c8d-933c-af6b267bd395,7edb882c-6d17-4129-8208-710e3c82364c,1.7423,0.01505,0.6719
MXD,Meghan Dizon,Riley Newman,8f521dcc-1cb5-4c8d-933c-af6b267bd395,05b194b3-db88-4f77-a26f-5ef5cfbf6146,1.7423,0.01633,0.6713
MXD,Danni-Elle Townsend,Armaan Bhatia,2c4de762-88d6-47c3-8b2b-af562c5d1f93,33292af3-984d-4752-8d18-b3a5c147e9fe,1.7416,0.01865,0.67
MXD,Brooke Buckner,Hayden Patriquin,06dc9b8a-5c01-49cf-bb4d-70d7b5f85acf,fc05556e-3e38-4a38-99c2-f855174a7c28,1.7416,0.01425,0.6716
MXD,Rachel Rohrabacher,Harsh Mehta,50908953-a944-4a34-898b-16af312bc814,c18fb17d-e0bb-415c-901b-fa2f928ab22c,1.7415,0.03199,0.6651
MXD,Jackie Kawamoto,Hunter Johnson,be33755f-9262-461b-aedd-e9a7a686a82c,8160ad59-4654-46b1-b229-8d5f2a9a45f9,1.7413,0.01838,0.6698
MXD,Kate Fahey,George Wall,3af01041-5679-400a-87b8-12c01db8cec4,698c5236-e88f-411c-b44f-e54f16b2d6b5,1.741,0.02455,0.6673
MXD,Tyra Hurricane Black,Hunter Johnson,fec65f7e-f2c8-482f-ab5b-541cf53b1064,8160ad59-4654-46b1-b229-8d5f2a9a45f9,1.7409,0.01578,0.6705
MXD,Jorja Johnson,Rafa Hewett,b51ea0fb-c243-4427-85f8-b798febb51ff,06ba18e0-687b-4aa3-822d-1c86981f576b,1.7406,0.01516,0.6704
MXD,Milan Rane,JW Johnson,eb14fc6e-ede1-4999-bec3-e36695e7f94e,bd061b42-2f82-4bbe-82be-d8bcfb37f9e1,1.7402,0.01471,0.6703
MXD,Lea Jansen,Ben Johns,7319013d-d511-4aa5-a356-4aa2cccf94f5,6f862c1d-1317-4fe7-bdcd-64caa0dbb088,1.7399,0.01314,0.6706
MXD,Sofia Sewing,Yuta Funemizu,b9bacc1e-29b5-4a92-a9c1-24e08ac72215,ce4f0e14-80ea-4ed0-a81c-7341d356d427,1.7398,0.02116,0.6676
MXD,Lucy Kovalova,Gabriel Tardio,504e8c08-caf6-4db8-b454-11ffa321261c,d50310a6-9378-4228-823f-7fb54f7bd698,1.7397,0.0224,0.667
MXD,Anna Bright,Grayson Goldin,db5eef5c-99dd-49d9-bbfc-65171a366bda,43df1205-e834-4427-9f1a-4e173bf93296,1.7391,0.02432,0.666
MXD,Jade Kawamoto,John Lucian Goins,6cae3a50-eee6-45ea-8b28-85ef9c50e3c4,e96d9339-cfb6-473d-bcb3-23f2887a3e0f,1.7391,0.01954,0.6676
MXD,Jillian Braverman,Andrei Daescu,98c2531f-f5ce-48b5-b251-eb69425d409c,581183e8-3d9e-459e-b69f-7337d8b6f3d2,1.739,0.0572,0.6553
MXD,Roos Van Reek,Ben Johns,4798e757-53f5-4e52-92aa-98172c8f7862,6f862c1d-1317-4fe7-bdcd-64caa0dbb088,1.739,0.03037,0.6638
MXD,Tina Pisnik,Pablo Tellez,f879086b-e0e5-4772-b0a6-4055c265da69,52726ab1-2ac9-46c0-be90-6b0e7a2d56eb,1.7389,0.01559,0.669
MXD,Tina Pisnik,Alex Emery,f879086b-e0e5-4772-b0a6-4055c265da69,5c817399-aea7-481d-9a83-aab7431eabc1,1.7387,0.03705,0.6613
MXD,Estee Widdershoven,Hayden Patriquin,bf84d952-c6a8-4494-943d-064b223e764f,fc05556e-3e38-4a38-99c2-f855174a7c28,1.7387,0.01679,0.6683
MXD,Tina Pisnik,Jaume Martinez Vich,f879086b-e0e5-4772-b0a6-4055c265da69,cc8832b9-9a8f-4cbc-8eff-b20e9a7ff09a,1.7386,0.0137,0.6694
MXD,Rachel Rohrabacher,Hien Truong,50908953-a944-4a34-898b-16af312bc814,524b89ad-b76b-40b4-a0db-736bdc7b8adb,1.7384,0.03005,0.6634
MXD,Sofia Sewing,Armaan Bhatia,b9bacc1e-29b5-4a92-a9c1-24e08ac72215,33292af3-984d-4752-8d18-b3a5c147e9fe,1.738,0.02073,0.6664
MXD,Samantha Parker,Gabriel Tardio,6794d224-7da3-43d9-8300-e24e731f5dea,d50310a6-9378-4228-823f-7fb54f7bd698,1.7376,0.01703,0.6674
MXD,Parris Todd,Juan Benitez,1728d016-1f02-4789-be73-63d12d5a5b42,f4c43443-fdff-4344-b291-274cfd26361e,1.7374,0.02145,0.6656
MXD,Jade Kawamoto,Luca Mack,6cae3a50-eee6-45ea-8b28-85ef9c50e3c4,2aa8ced3-d599-4c83-86dd-ecc80196833b,1.7368,0.02535,0.6638
MXD,Tina Pisnik,Max Freeman,f879086b-e0e5-4772-b0a6-4055c265da69,b03ff4de-9b8f-46a8-a530-d8f19e9d6ec9,1.7367,0.01471,0.6675
MXD,Alix Truong,Andrei Daescu,646f7432-e6ad-4ccf-95ee-a0e5d9514d28,581183e8-3d9e-459e-b69f-7337d8b6f3d2,1.7364,0.01436,0.6674
MXD,Mari Humberg,Will Howells,b1ab7d76-a859-4136-8405-3ed7c9be287a,d0f19d1e-2a6e-4eb3-b10c-1311edd599a8,1.7362,0.01611,0.6667
MXD,Milan Rane,Hayden Patriquin,eb14fc6e-ede1-4999-bec3-e36695e7f94e,fc05556e-3e38-4a38-99c2-f855174a7c28,1.7361,0.01311,0.6676
MXD,Danni-Elle Townsend,Dekel Bar,2c4de762-88d6-47c3-8b2b-af562c5d1f93,89843e44-48fd-4a3f-b8c0-5f5aa6ae5741,1.736,0.01685,0.6662
MXD,Mari Humberg,Bruno Faletto,b1ab7d76-a859-4136-8405-3ed7c9be287a,34049405-b415-4f3a-aade-5be0111ac7db,1.7358,0.0241,0.6634
MXD,Mari Humberg,Vanshik Kapadia,b1ab7d76-a859-4136-8405-3ed7c9be287a,6866df42-48ad-423c-9e57-d7d4d6fb66ef,1.7358,0.04396,0.6569
MXD,Vivian Glozman,Phuc Huynh,ff789b9c-80c4-442c-b97e-2e2311298cfb,0763ffeb-1b1f-41c5-ab37-d17b66e50b50,1.7358,0.06122,0.6518
MXD,Rachel Rohrabacher,Etienne Blaszkewycz,50908953-a944-4a34-898b-16af312bc814,d3e486f2-7c25-4bcf-b9dd-81c14f644f60,1.7356,0.0212,0.6643
MXD,Kate Fahey,Hunter Johnson,3af01041-5679-400a-87b8-12c01db8cec4,8160ad59-4654-46b1-b229-8d5f2a9a45f9,1.7353,0.01423,0.6666
MXD,Yana Newell,Eric Oncins,655e0349-7e66-4233-b999-b6cca2298f9b,52690a0c-ed4a-4e0b-bf69-4ef416cf7d55,1.7353,0.03028,0.661
MXD,Shelby Bates,Ben Johns,ded801fd-297a-4761-b63e-d8fbbfeb5762,6f862c1d-1317-4fe7-bdcd-64caa0dbb088,1.7343,0.0355,0.6585
MXD,Zoey Weil,Ben Johns,1d701c30-6b5d-485f-ae97-60f3b0c50896,6f862c1d-1317-4fe7-bdcd-64caa0dbb088,1.7342,0.0145,0.6657
MXD,Tina Pisnik,Connor Mogle,f879086b-e0e5-4772-b0a6-4055c265da69,3d9c8684-953f-4008-b355-b6104ee56a5b,1.734,0.01674,0.6647
MXD,Brooke Buckner,Gabriel Tardio,06dc9b8a-5c01-49cf-bb4d-70d7b5f85acf,d50310a6-9378-4228-823f-7fb54f7bd698,1.7339,0.01391,0.6656
MXD,Sahra Dennehy,Jay Devilliers,051f5c82-82ce-4ab8-b4f8-36976638a89b,295e343a-31a0-4e1d-a286-d62592291435,1.7329,0.01828,0.6633
MXD,Sofia Sewing,Dekel Bar,b9bacc1e-29b5-4a92-a9c1-24e08ac72215,89843e44-48fd-4a3f-b8c0-5f5aa6ae5741,1.7324,0.01893,0.6626
MXD,Rachel Rohrabacher,Pablo Tellez,50908953-a944-4a34-898b-16af312bc814,52726ab1-2ac9-46c0-be90-6b0e7a2d56eb,1.7321,0.01527,0.6638
MXD,Rachel Rohrabacher,Alex Emery,50908953-a944-4a34-898b-16af312bc814,5c817399-aea7-481d-9a83-aab7431eabc1,1.7319,0.03672,0.6563
MXD,Rachel Rohrabacher,Jaume Martinez Vich,50908953-a944-4a34-898b-16af312bc814,cc8832b9-9a8f-4cbc-8eff-b20e9a7ff09a,1.7318,0.01337,0.6642
MXD,Leigh Waters,Jay Devilliers,1bfba782-55f3-42e4-9889-9018e793c0b5,295e343a-31a0-4e1d-a286-d62592291435,1.7314,0.03082,0.6578
MXD,Danni-Elle Townsend,CJ Klinger,2c4de762-88d6-47c3-8b2b-af562c5d1f93,ead35052-7367-4296-96d4-064f546cc2b9,1.7311,0.01618,0.6627
MXD,Jade Kawamoto,Donald Young,6cae3a50-eee6-45ea-8b28-85ef9c50e3c4,aec5d8be-9ce0-4cc5-98a4-140fad555fe0,1.731,0.02107,0.6608
MXD,Estee Widdershoven,Gabriel Tardio,bf84d952-c6a8-4494-943d-064b223e764f,d50310a6-9378-4228-823f-7fb54f7bd698,1.7309,0.01645,0.6624
MXD,Jackie Kawamoto,Roscoe Bellamy,be33755f-9262-461b-aedd-e9a7a686a82c,925c1306-6b3b-4510-8482-f34168a0842a,1.7307,0.01765,0.6618
MXD,Allyce Jones,Jay Devilliers,efe9989b-5864-48c2-806c-06697024e1da,295e343a-31a0-4e1d-a286-d62592291435,1.7304,0.01648,0.662
MXD,Tyra Hurricane Black,Roscoe Bellamy,fec65f7e-f2c8-482f-ab5b-541cf53b1064,925c1306-6b3b-4510-8482-f34168a0842a,1.7303,0.01505,0.6624
MXD,Allie Reichert,JW Johnson,dcd029fb-2814-401b-a1cb-0c4269d9954b,bd061b42-2f82-4bbe-82be-d8bcfb37f9e1,1.7302,0.02612,0.6584
MXD,Rachel Rohrabacher,Max Freeman,50908953-a944-4a34-898b-16af312bc814,b03ff4de-9b8f-46a8-a530-d8f19e9d6ec9,1.7299,0.01438,0.6623
MXD,Vivian Glozman,Robert Slutsky,ff789b9c-80c4-442c-b97e-2e2311298cfb,f6fa549d-8a9c-46fd-aeb8-af8a3f0f7a59,1.7296,0.0418,0.653
MXD,Isabella Dunlap,JW Johnson,719e2d3b-d10d-402d-a195-41f072214679,bd061b42-2f82-4bbe-82be-d8bcfb37f9e1,1.7296,0.01574,0.6616
MXD,Bobbi Oshiro,Nicolas Acevedo,7f36e416-0907-43b2-8ec4-e9533088e30f,a000a067-1bf1-442f-a961-e6c97cb50006,1.7293,0.05293,0.6494
MXD,Jade Kawamoto,Martin Emmrich,6cae3a50-eee6-45ea-8b28-85ef9c50e3c4,e9849183-4693-4340-abf5-f4b6f3cb226f,1.7289,0.01937,0.6598
MXD,Layne Sleeth,Andrei Daescu,55ed7e0a-ff2d-4ac2-aad6-b6772ef4f448,581183e8-3d9e-459e-b69f-7337d8b6f3d2,1.7289,0.01583,0.661
MXD,Milan Rane,Gabriel Tardio,eb14fc6e-ede1-4999-bec3-e36695e7f94e,d50310a6-9378-4228-823f-7fb54f7bd698,1.7283,0.01277,0.6617
MXD,Sofia Sewing,CJ Klinger,b9bacc1e-29b5-4a92-a9c1-24e08ac72215,ead35052-7367-4296-96d4-064f546cc2b9,1.7275,0.01827,0.6591
MXD,Lacy Schneemann,Nicolas Acevedo,a3ed7970-35d2-485c-8285-187c298a2d83,a000a067-1bf1-442f-a961-e6c97cb50006,1.7275,0.01693,0.6596
MXD,Rachel Rohrabacher,Connor Mogle,50908953-a944-4a34-898b-16af312bc814,3d9c8684-953f-4008-b355-b6104ee56a5b,1.7272,0.01641,0.6595
MXD,Catherine Parenteau,Nicolas Acevedo,9b97206b-783a-4fab-85e9-45a6240325a5,a000a067-1bf1-442f-a961-e6c97cb50006,1.7272,0.01583,0.6597
MXD,Jackie Kawamoto,Anderson Scarpa,be33755f-9262-461b-aedd-e9a7a686a82c,fa8d5d28-d8f5-4996-8c35-0f4ca3c35bae,1.7269,0.01955,0.6581
MXD,Jorja Johnson,Tyson McGuffin,b51ea0fb-c243-4427-85f8-b798febb51ff,dbcb41e9-e983-410b-bc23-d184d034cfc0,1.7267,0.01422,0.6599
MXD,Etta Tuionetoa,Thomas Wilson,676b1cbc-766c-4616-bf39-1787ffd8c72a,12d79cbe-b5c7-4504-ab8f-f352a6bb8629,1.7267,0.054,0.6473
MXD,Tyra Hurricane Black,Anderson Scarpa,fec65f7e-f2c8-482f-ab5b-541cf53b1064,fa8d5d28-d8f5-4996-8c35-0f4ca3c35bae,1.7265,0.01695,0.6587
MXD,Jade Kawamoto,Rafa Hewett,6cae3a50-eee6-45ea-8b28-85ef9c50e3c4,06ba18e0-687b-4aa3-822d-1c86981f576b,1.7264,0.01711,0.6586
MXD,Tina Pisnik,Juan Benitez,f879086b-e0e5-4772-b0a6-4055c265da69,f4c43443-fdff-4344-b291-274cfd26361e,1.7264,0.02062,0.6574
MXD,Allie Reichert,Hayden Patriquin,dcd029fb-2814-401b-a1cb-0c4269d9954b,fc05556e-3e38-4a38-99c2-f855174a7c28,1.726,0.02452,0.6557
MXD,Daria Walczak,JW Johnson,3e6b668a-8d26-4424-9420-3ceb18486b65,bd061b42-2f82-4bbe-82be-d8bcfb37f9e1,1.7258,0.01978,0.6572
MXD,Danni-Elle Townsend,Dylan Frazier,2c4de762-88d6-47c3-8b2b-af562c5d1f93,1de884f8-7bf7-4b49-9de8-3f1fd74cabd6,1.7257,0.01705,0.658
MXD,Anna Bright,Hoang Nam Ly,db5eef5c-99dd-49d9-bbfc-65171a366bda,f1151ea2-759d-4d9f-a5b9-5ccd966dc3ca,1.7254,0.02619,0.6547
MXD,Isabella Dunlap,Hayden Patriquin,719e2d3b-d10d-402d-a195-41f072214679,fc05556e-3e38-4a38-99c2-f855174a7c28,1.7254,0.01415,0.6589
MXD,Parris Todd,John Lucian Goins,1728d016-1f02-4789-be73-63d12d5a5b42,e96d9339-cfb6-473d-bcb3-23f2887a3e0f,1.7253,0.01842,0.6573
MXD,Kate Fahey,Roscoe Bellamy,3af01041-5679-400a-87b8-12c01db8cec4,925c1306-6b3b-4510-8482-f34168a0842a,1.7246,0.0135,0.6585
MXD,Jackie Kawamoto,Thomas Yu,be33755f-9262-461b-aedd-e9a7a686a82c,8c94d7b2-0dce-455e-916f-e35927d53547,1.7239,0.03384,0.6511
MXD,Tyra Hurricane Black,Thomas Yu,fec65f7e-f2c8-482f-ab5b-541cf53b1064,8c94d7b2-0dce-455e-916f-e35927d53547,1.7235,0.03124,0.6516
MXD,Parris Todd,Luca Mack,1728d016-1f02-4789-be73-63d12d5a5b42,2aa8ced3-d599-4c83-86dd-ecc80196833b,1.7231,0.02423,0.6536
MXD,Chao Yi Wang,Thomas Wilson,20684550-cb89-4ea2-9e2f-0f44eb920b45,12d79cbe-b5c7-4504-ab8f-f352a6bb8629,1.7231,0.05394,0.6446
MXD,Jackie Kawamoto,Joseph Wild,be33755f-9262-461b-aedd-e9a7a686a82c,a51b59c5-1a13-4472-821a-eb9866e72adf,1.723,0.02624,0.6528
MXD,Bobbi Oshiro,Jack Sock,7f36e416-0907-43b2-8ec4-e9533088e30f,3a43c56f-b9d8-4e72-ae8a-58fd69291946,1.723,0.05274,0.6448
MXD,Eugenia Carolina Lopez Ascarate,JW Johnson,577d1124-44c9-435d-88e9-01a146f2d177,bd061b42-2f82-4bbe-82be-d8bcfb37f9e1,1.7227,0.03402,0.6501
MXD,Tyra Hurricane Black,Joseph Wild,fec65f7e-f2c8-482f-ab5b-541cf53b1064,a51b59c5-1a13-4472-821a-eb9866e72adf,1.7226,0.02364,0.6533
MXD,Sofia Sewing,Dylan Frazier,b9bacc1e-29b5-4a92-a9c1-24e08ac72215,1de884f8-7bf7-4b49-9de8-3f1fd74cabd6,1.7221,0.01914,0.6545
MXD,Daria Walczak,Hayden Patriquin,3e6b668a-8d26-4424-9420-3ceb18486b65,fc05556e-3e38-4a38-99c2-f855174a7c28,1.7216,0.01819,0.6544
MXD,Lacy Schneemann,Jack Sock,a3ed7970-35d2-485c-8285-187c298a2d83,3a43c56f-b9d8-4e72-ae8a-58fd69291946,1.7213,0.01675,0.6546
MXD,Kate Fahey,Anderson Scarpa,3af01041-5679-400a-87b8-12c01db8cec4,fa8d5d28-d8f5-4996-8c35-0f4ca3c35bae,1.7209,0.0154,0.6548
MXD,Catherine Parenteau,Jack Sock,9b97206b-783a-4fab-85e9-45a6240325a5,3a43c56f-b9d8-4e72-ae8a-58fd69291946,1.7209,0.01565,0.6548
MXD,Genie Erokhina,Ben Johns,461f063e-a587-4638-bad9-421ff33d91d7,6f862c1d-1317-4fe7-bdcd-64caa0dbb088,1.7208,0.0141,0.6552
MXD,Yufei Long,Ben Johns,20945292-032a-47f1-93c5-d44ada6e4783,6f862c1d-1317-4fe7-bdcd-64caa0dbb088,1.7207,0.02789,0.6505
MXD,Sahra Dennehy,Federico Staksrud,051f5c82-82ce-4ab8-b4f8-36976638a89b,7edb882c-6d17-4129-8208-710e3c82364c,1.7201,0.01623,0.6539
MXD,Sahra Dennehy,Riley Newman,051f5c82-82ce-4ab8-b4f8-36976638a89b,05b194b3-db88-4f77-a26f-5ef5cfbf6146,1.72,0.01752,0.6534
MXD,Rachel Rohrabacher,Juan Benitez,50908953-a944-4a34-898b-16af312bc814,f4c43443-fdff-4344-b291-274cfd26361e,1.7196,0.02029,0.6521
MXD,Mari Humberg,Yuta Funemizu,b1ab7d76-a859-4136-8405-3ed7c9be287a,ce4f0e14-80ea-4ed0-a81c-7341d356d427,1.7193,0.0184,0.6525
MXD,Judit Castillo,JW Johnson,ec4cdfe2-c6f6-4de1-824e-9adcaeb31196,bd061b42-2f82-4bbe-82be-d8bcfb37f9e1,1.7193,0.01832,0.6525
MXD,Leigh Waters,Federico Staksrud,1bfba782-55f3-42e4-9889-9018e793c0b5,7edb882c-6d17-4129-8208-710e3c82364c,1.7186,0.02877,0.6486
MXD,Ting Chieh Wei,Christian Alshon,29e8121d-6f86-4192-b7af-ab05b77b89fe,79a11da1-6aeb-4719-9b1e-9918e0163cec,1.7186,0.01468,0.6532
MXD,Eugenia Carolina Lopez Ascarate,Hayden Patriquin,577d1124-44c9-435d-88e9-01a146f2d177,fc05556e-3e38-4a38-99c2-f855174a7c28,1.7186,0.03243,0.6474
MXD,Leigh Waters,Riley Newman,1bfba782-55f3-42e4-9889-9018e793c0b5,05b194b3-db88-4f77-a26f-5ef5cfbf6146,1.7185,0.03006,0.6481
MXD,Allie Reichert,Gabriel Tardio,dcd029fb-2814-401b-a1cb-0c4269d9954b,d50310a6-9378-4228-823f-7fb54f7bd698,1.7182,0.02418,0.6498
MXD,Kate Fahey,Thomas Yu,3af01041-5679-400a-87b8-12c01db8cec4,8c94d7b2-0dce-455e-916f-e35927d53547,1.7179,0.02969,0.6478
MXD,Jackie Kawamoto,Harsh Mehta,be33755f-9262-461b-aedd-e9a7a686a82c,c18fb17d-e0bb-415c-901b-fa2f928ab22c,1.7178,0.03471,0.6461
MXD,Allyce Jones,Federico Staksrud,efe9989b-5864-48c2-806c-06697024e1da,7edb882c-6d17-4129-8208-710e3c82364c,1.7176,0.01443,0.6525
MXD,Isabella Dunlap,Gabriel Tardio,719e2d3b-d10d-402d-a195-41f072214679,d50310a6-9378-4228-823f-7fb54f7bd698,1.7176,0.0138,0.6528
MXD,Mari Humberg,Armaan Bhatia,b1ab7d76-a859-4136-8405-3ed7c9be287a,33292af3-984d-4752-8d18-b3a5c147e9fe,1.7175,0.01797,0.6513
MXD,Allyce Jones,Riley Newman,efe9989b-5864-48c2-806c-06697024e1da,05b194b3-db88-4f77-a26f-5ef5cfbf6146,1.7175,0.01572,0.652
MXD,Tyra Hurricane Black,Harsh Mehta,fec65f7e-f2c8-482f-ab5b-541cf53b1064,c18fb17d-e0bb-415c-901b-fa2f928ab22c,1.7174,0.03211,0.6466
MXD,Parris Todd,Donald Young,1728d016-1f02-4789-be73-63d12d5a5b42,aec5d8be-9ce0-4cc5-98a4-140fad555fe0,1.7173,0.01995,0.6504
MXD,Kate Fahey,Joseph Wild,3af01041-5679-400a-87b8-12c01db8cec4,a51b59c5-1a13-4472-821a-eb9866e72adf,1.7169,0.02209,0.6495
MXD,Jillian Braverman,Eric Oncins,98c2531f-f5ce-48b5-b251-eb69425d409c,52690a0c-ed4a-4e0b-bf69-4ef416cf7d55,1.7168,0.05768,0.639
MXD,Lea Jansen,JW Johnson,7319013d-d511-4aa5-a356-4aa2cccf94f5,bd061b42-2f82-4bbe-82be-d8bcfb37f9e1,1.7166,0.01479,0.6516
MXD,Roos Van Reek,JW Johnson,4798e757-53f5-4e52-92aa-98172c8f7862,bd061b42-2f82-4bbe-82be-d8bcfb37f9e1,1.7157,0.03201,0.6454
MXD,Liz Truluck,Ben Johns,71992955-8b6f-470b-a991-796cfa56a826,6f862c1d-1317-4fe7-bdcd-64caa0dbb088,1.7156,0.01417,0.651
MXD,Ewa Radzikowska,Thomas Wilson,1d51becb-4ea0-4878-9660-e3fd2dfaa0ea,12d79cbe-b5c7-4504-ab8f-f352a6bb8629,1.7153,0.06207,0.6367
MXD,Parris Todd,Martin Emmrich,1728d016-1f02-4789-be73-63d12d5a5b42,e9849183-4693-4340-abf5-f4b6f3cb226f,1.7152,0.01824,0.6493
MXD,Judit Castillo,Hayden Patriquin,ec4cdfe2-c6f6-4de1-824e-9adcaeb31196,fc05556e-3e38-4a38-99c2-f855174a7c28,1.7151,0.01673,0.6498
MXD,Vivienne David,Nicolas Acevedo,afc0bfc9-8cd8-4600-bd45-681092186db3,a000a067-1bf1-442f-a961-e6c97cb50006,1.7149,0.02865,0.6458
MXD,Jackie Kawamoto,Hien Truong,be33755f-9262-461b-aedd-e9a7a686a82c,524b89ad-b76b-40b4-a0db-736bdc7b8adb,1.7147,0.03277,0.6444
MXD,Bobbi Oshiro,Phuc Huynh,7f36e416-0907-43b2-8ec4-e9533088e30f,0763ffeb-1b1f-41c5-ab37-d17b66e50b50,1.7146,0.08248,0.6313
MXD,Tina Pisnik,John Lucian Goins,f879086b-e0e5-4772-b0a6-4055c265da69,e96d9339-cfb6-473d-bcb3-23f2887a3e0f,1.7143,0.01759,0.6488
MXD,Tyra Hurricane Black,Hien Truong,fec65f7e-f2c8-482f-ab5b-541cf53b1064,524b89ad-b76b-40b4-a0db-736bdc7b8adb,1.7143,0.03018,0.6448
MXD,Alix Truong,Eric Oncins,646f7432-e6ad-4ccf-95ee-a0e5d9514d28,52690a0c-ed4a-4e0b-bf69-4ef416cf7d55,1.7142,0.01484,0.6497
MXD,Daria Walczak,Gabriel Tardio,3e6b668a-8d26-4424-9420-3ceb18486b65,d50310a6-9378-4228-823f-7fb54f7bd698,1.7139,0.01784,0.6484
MXD,Yana Newell,Jay Devilliers,655e0349-7e66-4233-b999-b6cca2298f9b,295e343a-31a0-4e1d-a286-d62592291435,1.7131,0.03178,0.6434
MXD,Lacy Schneemann,Phuc Huynh,a3ed7970-35d2-485c-8285-187c298a2d83,0763ffeb-1b1f-41c5-ab37-d17b66e50b50,1.7129,0.04649,0.639
MXD,Jorja Johnson,Tama Shimabukuro,b51ea0fb-c243-4427-85f8-b798febb51ff,4af4d4d1-9f87-4dc7-95f2-b10751d44c15,1.7128,0.01321,0.6491
MXD,Parris Todd,Rafa Hewett,1728d016-1f02-4789-be73-63d12d5a5b42,06ba18e0-687b-4aa3-822d-1c86981f576b,1.7127,0.01598,0.6481
MXD,Jade Kawamoto,Tyson McGuffin,6cae3a50-eee6-45ea-8b28-85ef9c50e3c4,dbcb41e9-e983-410b-bc23-d184d034cfc0,1.7126,0.01617,0.6479
MXD,Catherine Parenteau,Phuc Huynh,9b97206b-783a-4fab-85e9-45a6240325a5,0763ffeb-1b1f-41c5-ab37-d17b66e50b50,1.7125,0.04539,0.639
MXD,Jorja Johnson,Patrick Kawka,b51ea0fb-c243-4427-85f8-b798febb51ff,6876576c-b20e-47e3-99e4-d32759cc9f48,1.7124,0.04739,0.6384
MXD,Danni-Elle Townsend,Augustus Ge,2c4de762-88d6-47c3-8b2b-af562c5d1f93,ba491f1c-0112-47a8-a348-4695289e958a,1.7124,0.01534,0.6481
MXD,Lea Jansen,Hayden Patriquin,7319013d-d511-4aa5-a356-4aa2cccf94f5,fc05556e-3e38-4a38-99c2-f855174a7c28,1.7124,0.01319,0.6488
MXD,Tina Pisnik,Luca Mack,f879086b-e0e5-4772-b0a6-4055c265da69,2aa8ced3-d599-4c83-86dd-ecc80196833b,1.7121,0.0234,0.6452
MXD,Jackie Kawamoto,Etienne Blaszkewycz,be33755f-9262-461b-aedd-e9a7a686a82c,d3e486f2-7c25-4bcf-b9dd-81c14f644f60,1.7119,0.02391,0.6449
MXD,Mari Humberg,Dekel Bar,b1ab7d76-a859-4136-8405-3ed7c9be287a,89843e44-48fd-4a3f-b8c0-5f5aa6ae5741,1.7119,0.01617,0.6473
MXD,Vivian Glozman,Connor Garnett,ff789b9c-80c4-442c-b97e-2e2311298cfb,ff38654d-daae-4bad-a1a7-690e4e5706eb,1.7119,0.02974,0.643
MXD,Kate Fahey,Harsh Mehta,3af01041-5679-400a-87b8-12c01db8cec4,c18fb17d-e0bb-415c-901b-fa2f928ab22c,1.7117,0.03056,0.6427
MXD,Roos Van Reek,Hayden Patriquin,4798e757-53f5-4e52-92aa-98172c8f7862,fc05556e-3e38-4a38-99c2-f855174a7c28,1.7116,0.03042,0.6426
MXD,Tyra Hurricane Black,Etienne Blaszkewycz,fec65f7e-f2c8-482f-ab5b-541cf53b1064,d3e486f2-7c25-4bcf-b9dd-81c14f644f60,1.7115,0.02132,0.6454
MXD,Shelby Bates,JW Johnson,ded801fd-297a-4761-b63e-d8fbbfeb5762,bd061b42-2f82-4bbe-82be-d8bcfb37f9e1,1.711,0.03714,0.6402
MXD,Zoey Weil,JW Johnson,1d701c30-6b5d-485f-ae97-60f3b0c50896,bd061b42-2f82-4bbe-82be-d8bcfb37f9e1,1.7109,0.01614,0.6466
MXD,Eugenia Carolina Lopez Ascarate,Gabriel Tardio,577d1124-44c9-435d-88e9-01a146f2d177,d50310a6-9378-4228-823f-7fb54f7bd698,1.7108,0.03208,0.6415
MXD,Meghan Dizon,Thomas Wilson,8f521dcc-1cb5-4c8d-933c-af6b267bd395,12d79cbe-b5c7-4504-ab8f-f352a6bb8629,1.7101,0.05374,0.6349
MXD,Sofia Sewing,Augustus Ge,b9bacc1e-29b5-4a92-a9c1-24e08ac72215,ba491f1c-0112-47a8-a348-4695289e958a,1.7088,0.01742,0.6445
MXD,Kate Fahey,Hien Truong,3af01041-5679-400a-87b8-12c01db8cec4,524b89ad-b76b-40b4-a0db-736bdc7b8adb,1.7087,0.02862,0.6409
MXD,Vivienne David,Jack Sock,afc0bfc9-8cd8-4600-bd45-681092186db3,3a43c56f-b9d8-4e72-ae8a-58fd69291946,1.7086,0.02847,0.6409
MXD,Carlota Trevino,Christian Alshon,70c18684-f615-4d05-9aa9-5cbdbd53ab9f,79a11da1-6aeb-4719-9b1e-9918e0163cec,1.7085,0.01661,0.6445
MXD,Jackie Kawamoto,Pablo Tellez,be33755f-9262-461b-aedd-e9a7a686a82c,52726ab1-2ac9-46c0-be90-6b0e7a2d56eb,1.7084,0.01798,0.644
MXD,Bobbi Oshiro,Robert Slutsky,7f36e416-0907-43b2-8ec4-e9533088e30f,f6fa549d-8a9c-46fd-aeb8-af8a3f0f7a59,1.7084,0.06306,0.6314
MXD,Vivian Glozman,Jack Munro,ff789b9c-80c4-442c-b97e-2e2311298cfb,f90428f0-e4a3-4a08-a664-518ba7f188d2,1.7083,0.06425,0.631
MXD,Jackie Kawamoto,Alex Emery,be33755f-9262-461b-aedd-e9a7a686a82c,5c817399-aea7-481d-9a83-aab7431eabc1,1.7082,0.03944,0.6374
MXD,Jackie Kawamoto,Jaume Martinez Vich,be33755f-9262-461b-aedd-e9a7a686a82c,cc8832b9-9a8f-4cbc-8eff-b20e9a7ff09a,1.7081,0.01608,0.6444
MXD,Tyra Hurricane Black,Pablo Tellez,fec65f7e-f2c8-482f-ab5b-541cf53b1064,52726ab1-2ac9-46c0-be90-6b0e7a2d56eb,1.708,0.01539,0.6446
MXD,Tyra Hurricane Black,Alex Emery,fec65f7e-f2c8-482f-ab5b-541cf53b1064,5c817399-aea7-481d-9a83-aab7431eabc1,1.7078,0.03684,0.6378
MXD,Tyra Hurricane Black,Jaume Martinez Vich,fec65f7e-f2c8-482f-ab5b-541cf53b1064,cc8832b9-9a8f-4cbc-8eff-b20e9a7ff09a,1.7077,0.01349,0.6449
MXD,Rachel Rohrabacher,John Lucian Goins,50908953-a944-4a34-898b-16af312bc814,e96d9339-cfb6-473d-bcb3-23f2887a3e0f,1.7075,0.01726,0.6436
MXD,Judit Castillo,Gabriel Tardio,ec4cdfe2-c6f6-4de1-824e-9adcaeb31196,d50310a6-9378-4228-823f-7fb54f7bd698,1.7074,0.01639,0.6437
MXD,Mari Humberg,CJ Klinger,b1ab7d76-a859-4136-8405-3ed7c9be287a,ead35052-7367-4296-96d4-064f546cc2b9,1.707,0.01551,0.6437
MXD,Layne Sleeth,Eric Oncins,55ed7e0a-ff2d-4ac2-aad6-b6772ef4f448,52690a0c-ed4a-4e0b-bf69-4ef416cf7d55,1.7068,0.01631,0.6433
MXD,Shelby Bates,Hayden Patriquin,ded801fd-297a-4761-b63e-d8fbbfeb5762,fc05556e-3e38-4a38-99c2-f855174a7c28,1.7068,0.03555,0.6375
MXD,Lacy Schneemann,Robert Slutsky,a3ed7970-35d2-485c-8285-187c298a2d83,f6fa549d-8a9c-46fd-aeb8-af8a3f0f7a59,1.7067,0.02707,0.6399
MXD,Zoey Weil,Hayden Patriquin,1d701c30-6b5d-485f-ae97-60f3b0c50896,fc05556e-3e38-4a38-99c2-f855174a7c28,1.7067,0.01455,0.6438
MXD,Jessie Irvine,Christian Alshon,8e2f9629-19d0-409d-81dc-b64fe2f3d3ff,79a11da1-6aeb-4719-9b1e-9918e0163cec,1.7066,0.01391,0.6439
MXD,Catherine Parenteau,Robert Slutsky,9b97206b-783a-4fab-85e9-45a6240325a5,f6fa549d-8a9c-46fd-aeb8-af8a3f0f7a59,1.7064,0.02597,0.6399
MXD,Tina Pisnik,Donald Young,f879086b-e0e5-4772-b0a6-4055c265da69,aec5d8be-9ce0-4cc5-98a4-140fad555fe0,1.7063,0.01912,0.6419
MXD,Jackie Kawamoto,Max Freeman,be33755f-9262-461b-aedd-e9a7a686a82c,b03ff4de-9b8f-46a8-a530-d8f19e9d6ec9,1.7062,0.0171,0.6425
MXD,Kate Fahey,Etienne Blaszkewycz,3af01041-5679-400a-87b8-12c01db8cec4,d3e486f2-7c25-4bcf-b9dd-81c14f644f60,1.7058,0.01977,0.6414
MXD,Tyra Hurricane Black,Max Freeman,fec65f7e-f2c8-482f-ab5b-541cf53b1064,b03ff4de-9b8f-46a8-a530-d8f19e9d6ec9,1.7058,0.0145,0.6431
MXD,Rachel Rohrabacher,Luca Mack,50908953-a944-4a34-898b-16af312bc814,2aa8ced3-d599-4c83-86dd-ecc80196833b,1.7053,0.02307,0.6399
MXD,Lea Jansen,Gabriel Tardio,7319013d-d511-4aa5-a356-4aa2cccf94f5,d50310a6-9378-4228-823f-7fb54f7bd698,1.7046,0.01285,0.6427
MXD,Tina Pisnik,Martin Emmrich,f879086b-e0e5-4772-b0a6-4055c265da69,e9849183-4693-4340-abf5-f4b6f3cb226f,1.7041,0.01742,0.6408
MXD,Jorja Johnson,Tristan Dussault,b51ea0fb-c243-4427-85f8-b798febb51ff,3cab1673-2522-4dd5-ba07-2a1b88749d86,1.7039,0.0259,0.638
MXD,Roos Van Reek,Gabriel Tardio,4798e757-53f5-4e52-92aa-98172c8f7862,d50310a6-9378-4228-823f-7fb54f7bd698,1.7038,0.03008,0.6367
MXD,Jackie Kawamoto,Connor Mogle,be33755f-9262-461b-aedd-e9a7a686a82c,3d9c8684-953f-4008-b355-b6104ee56a5b,1.7035,0.01912,0.6397
MXD,Tyra Hurricane Black,Connor Mogle,fec65f7e-f2c8-482f-ab5b-541cf53b1064,3d9c8684-953f-4008-b355-b6104ee56a5b,1.7031,0.01653,0.6402
MXD,Kate Fahey,Pablo Tellez,3af01041-5679-400a-87b8-12c01db8cec4,52726ab1-2ac9-46c0-be90-6b0e7a2d56eb,1.7024,0.01383,0.6405
MXD,Kate Fahey,Alex Emery,3af01041-5679-400a-87b8-12c01db8cec4,5c817399-aea7-481d-9a83-aab7431eabc1,1.7022,0.03529,0.6339
MXD,Kate Fahey,Jaume Martinez Vich,3af01041-5679-400a-87b8-12c01db8cec4,cc8832b9-9a8f-4cbc-8eff-b20e9a7ff09a,1.702,0.01194,0.6408
MXD,Tina Pisnik,Rafa Hewett,f879086b-e0e5-4772-b0a6-4055c265da69,06ba18e0-687b-4aa3-822d-1c86981f576b,1.7017,0.01516,0.6395
MXD,Mari Humberg,Dylan Frazier,b1ab7d76-a859-4136-8405-3ed7c9be287a,1de884f8-7bf7-4b49-9de8-3f1fd74cabd6,1.7016,0.01638,0.6391
MXD,Etta Tuionetoa,Nicolas Acevedo,676b1cbc-766c-4616-bf39-1787ffd8c72a,a000a067-1bf1-442f-a961-e6c97cb50006,1.7005,0.01754,0.6378
MXD,Kate Fahey,Max Freeman,3af01041-5679-400a-87b8-12c01db8cec4,b03ff4de-9b8f-46a8-a530-d8f19e9d6ec9,1.7002,0.01295,0.639
MXD,Vivienne David,Phuc Huynh,afc0bfc9-8cd8-4600-bd45-681092186db3,0763ffeb-1b1f-41c5-ab37-d17b66e50b50,1.7002,0.05821,0.6265
MXD,Yana Newell,Federico Staksrud,655e0349-7e66-4233-b999-b6cca2298f9b,7edb882c-6d17-4129-8208-710e3c82364c,1.7002,0.02974,0.6339
MXD,Yana Newell,Riley Newman,655e0349-7e66-4233-b999-b6cca2298f9b,05b194b3-db88-4f77-a26f-5ef5cfbf6146,1.7001,0.03102,0.6335
MXD,Rachel Rohrabacher,Donald Young,50908953-a944-4a34-898b-16af312bc814,aec5d8be-9ce0-4cc5-98a4-140fad555fe0,1.6995,0.01879,0.6366
MXD,Shelby Bates,Gabriel Tardio,ded801fd-297a-4761-b63e-d8fbbfeb5762,d50310a6-9378-4228-823f-7fb54f7bd698,1.6991,0.03521,0.6315
MXD,Zoey Weil,Gabriel Tardio,1d701c30-6b5d-485f-ae97-60f3b0c50896,d50310a6-9378-4228-823f-7fb54f7bd698,1.699,0.0142,0.6376
MXD,Parris Todd,Tyson McGuffin,1728d016-1f02-4789-be73-63d12d5a5b42,dbcb41e9-e983-410b-bc23-d184d034cfc0,1.6989,0.01505,0.6373
MXD,Jade Kawamoto,Tama Shimabukuro,6cae3a50-eee6-45ea-8b28-85ef9c50e3c4,4af4d4d1-9f87-4dc7-95f2-b10751d44c15,1.6986,0.01516,0.637
MXD,Jade Kawamoto,Patrick Kawka,6cae3a50-eee6-45ea-8b28-85ef9c50e3c4,6876576c-b20e-47e3-99e4-d32759cc9f48,1.6983,0.04934,0.6272
MXD,Chao Yi Wang,Nicolas Acevedo,20684550-cb89-4ea2-9e2f-0f44eb920b45,a000a067-1bf1-442f-a961-e6c97cb50006,1.698,0.01748,0.6358
MXD,Genie Erokhina,JW Johnson,461f063e-a587-4638-bad9-421ff33d91d7,bd061b42-2f82-4bbe-82be-d8bcfb37f9e1,1.6975,0.01574,0.636
MXD,Kate Fahey,Connor Mogle,3af01041-5679-400a-87b8-12c01db8cec4,3d9c8684-953f-4008-b355-b6104ee56a5b,1.6974,0.01498,0.6361
MXD,Rachel Rohrabacher,Martin Emmrich,50908953-a944-4a34-898b-16af312bc814,e9849183-4693-4340-abf5-f4b6f3cb226f,1.6974,0.01709,0.6354
MXD,Yufei Long,JW Johnson,20945292-032a-47f1-93c5-d44ada6e4783,bd061b42-2f82-4bbe-82be-d8bcfb37f9e1,1.6974,0.02954,0.6318
MXD,Maggie Brascia,Christian Alshon,736475dd-7ccd-40d8-8b43-8c2d9ef9e674,79a11da1-6aeb-4719-9b1e-9918e0163cec,1.697,0.02428,0.633
MXD,Vivian Glozman,Quang Duong,ff789b9c-80c4-442c-b97e-2e2311298cfb,14d61e81-14d5-4cb3-ae33-d427fbc1b4f6,1.6964,0.0482,0.626
MXD,Danni-Elle Townsend,Oscar Serra,2c4de762-88d6-47c3-8b2b-af562c5d1f93,2c2a2b82-9ec7-4046-97cb-3a199ed507af,1.696,0.02809,0.6311
MXD,Jackie Kawamoto,Juan Benitez,be33755f-9262-461b-aedd-e9a7a686a82c,f4c43443-fdff-4344-b291-274cfd26361e,1.6959,0.02301,0.6325
MXD,Tyra Hurricane Black,Juan Benitez,fec65f7e-f2c8-482f-ab5b-541cf53b1064,f4c43443-fdff-4344-b291-274cfd26361e,1.6955,0.02042,0.6329
MXD,Rachel Rohrabacher,Rafa Hewett,50908953-a944-4a34-898b-16af312bc814,06ba18e0-687b-4aa3-822d-1c86981f576b,1.6949,0.01483,0.6341
MXD,Jillian Braverman,Jay Devilliers,98c2531f-f5ce-48b5-b251-eb69425d409c,295e343a-31a0-4e1d-a286-d62592291435,1.6946,0.05918,0.6221
MXD,Etta Tuionetoa,Jack Sock,676b1cbc-766c-4616-bf39-1787ffd8c72a,3a43c56f-b9d8-4e72-ae8a-58fd69291946,1.6942,0.01735,0.6328
MXD,Vivienne David,Robert Slutsky,afc0bfc9-8cd8-4600-bd45-681092186db3,f6fa549d-8a9c-46fd-aeb8-af8a3f0f7a59,1.6941,0.03879,0.6267
MXD,Lucy Kovalova,Christian Alshon,504e8c08-caf6-4db8-b454-11ffa321261c,79a11da1-6aeb-4719-9b1e-9918e0163cec,1.6935,0.02284,0.6306
MXD,Genie Erokhina,Hayden Patriquin,461f063e-a587-4638-bad9-421ff33d91d7,fc05556e-3e38-4a38-99c2-f855174a7c28,1.6934,0.01415,0.6331
MXD,Yufei Long,Hayden Patriquin,20945292-032a-47f1-93c5-d44ada6e4783,fc05556e-3e38-4a38-99c2-f855174a7c28,1.6932,0.02794,0.6289
MXD,Danni-Elle Townsend,George Wall,2c4de762-88d6-47c3-8b2b-af562c5d1f93,698c5236-e88f-411c-b44f-e54f16b2d6b5,1.6927,0.02826,0.6284
MXD,Ewa Radzikowska,Nicolas Acevedo,1d51becb-4ea0-4878-9660-e3fd2dfaa0ea,a000a067-1bf1-442f-a961-e6c97cb50006,1.6926,0.02562,0.629
MXD,Sofia Sewing,Oscar Serra,b9bacc1e-29b5-4a92-a9c1-24e08ac72215,2c2a2b82-9ec7-4046-97cb-3a199ed507af,1.6924,0.03018,0.6277
MXD,Liz Truluck,JW Johnson,71992955-8b6f-470b-a991-796cfa56a826,bd061b42-2f82-4bbe-82be-d8bcfb37f9e1,1.6923,0.01581,0.6317
MXD,Alix Truong,Jay Devilliers,646f7432-e6ad-4ccf-95ee-a0e5d9514d28,295e343a-31a0-4e1d-a286-d62592291435,1.692,0.01634,0.6313
MXD,Chao Yi Wang,Jack Sock,20684550-cb89-4ea2-9e2f-0f44eb920b45,3a43c56f-b9d8-4e72-ae8a-58fd69291946,1.6917,0.0173,0.6308
MXD,Samantha Parker,Christian Alshon,6794d224-7da3-43d9-8300-e24e731f5dea,79a11da1-6aeb-4719-9b1e-9918e0163cec,1.6915,0.01747,0.6306
MXD,Jorja Johnson,Christopher Haworth,b51ea0fb-c243-4427-85f8-b798febb51ff,a91e2b68-7357-4518-baf9-f59b0b4c2477,1.6911,0.01634,0.6306
MXD,Vivian Glozman,Noe Khlif,ff789b9c-80c4-442c-b97e-2e2311298cfb,1bb8b2c1-ca6f-45ac-afdd-fab7e77d69d4,1.6908,0.02877,0.6268
MXD,Bobbi Oshiro,Connor Garnett,7f36e416-0907-43b2-8ec4-e9533088e30f,ff38654d-daae-4bad-a1a7-690e4e5706eb,1.6907,0.05101,0.6211
MXD,Anna Bright,Matthew Barlow,db5eef5c-99dd-49d9-bbfc-65171a366bda,3270dc72-53b7-4d35-aa4c-7f8b7b6bf905,1.69,0.02411,0.6274
MXD,Kate Fahey,Juan Benitez,3af01041-5679-400a-87b8-12c01db8cec4,f4c43443-fdff-4344-b291-274cfd26361e,1.6899,0.01886,0.6288
MXD,Jade Kawamoto,Tristan Dussault,6cae3a50-eee6-45ea-8b28-85ef9c50e3c4,3cab1673-2522-4dd5-ba07-2a1b88749d86,1.6897,0.02785,0.6262
MXD,Sofia Sewing,George Wall,b9bacc1e-29b5-4a92-a9c1-24e08ac72215,698c5236-e88f-411c-b44f-e54f16b2d6b5,1.6891,0.03034,0.625
MXD,Lacy Schneemann,Connor Garnett,a3ed7970-35d2-485c-8285-187c298a2d83,ff38654d-daae-4bad-a1a7-690e4e5706eb,1.689,0.01501,0.6292
MXD,Meghan Dizon,Nicolas Acevedo,8f521dcc-1cb5-4c8d-933c-af6b267bd395,a000a067-1bf1-442f-a961-e6c97cb50006,1.689,0.01728,0.6286
MXD,Catherine Parenteau,Connor Garnett,9b97206b-783a-4fab-85e9-45a6240325a5,ff38654d-daae-4bad-a1a7-690e4e5706eb,1.6887,0.01391,0.6293
MXD,Mari Humberg,Augustus Ge,b1ab7d76-a859-4136-8405-3ed7c9be287a,ba491f1c-0112-47a8-a348-4695289e958a,1.6883,0.01466,0.6288
MXD,Liz Truluck,Hayden Patriquin,71992955-8b6f-470b-a991-796cfa56a826,fc05556e-3e38-4a38-99c2-f855174a7c28,1.6881,0.01422,0.6288
MXD,Tina Pisnik,Tyson McGuffin,f879086b-e0e5-4772-b0a6-4055c265da69,dbcb41e9-e983-410b-bc23-d184d034cfc0,1.6878,0.01422,0.6285
MXD,Sahra Dennehy,Thomas Wilson,051f5c82-82ce-4ab8-b4f8-36976638a89b,12d79cbe-b5c7-4504-ab8f-f352a6bb8629,1.6878,0.05492,0.618
MXD,Brooke Buckner,Christian Alshon,06dc9b8a-5c01-49cf-bb4d-70d7b5f85acf,79a11da1-6aeb-4719-9b1e-9918e0163cec,1.6877,0.01435,0.6284
MXD,Bobbi Oshiro,Jack Munro,7f36e416-0907-43b2-8ec4-e9533088e30f,f90428f0-e4a3-4a08-a664-518ba7f188d2,1.6871,0.08551,0.6111
MXD,Danni-Elle Townsend,Hunter Johnson,2c4de762-88d6-47c3-8b2b-af562c5d1f93,8160ad59-4654-46b1-b229-8d5f2a9a45f9,1.687,0.01794,0.6267
MXD,Ting Chieh Wei,Andrei Daescu,29e8121d-6f86-4192-b7af-ab05b77b89fe,581183e8-3d9e-459e-b69f-7337d8b6f3d2,1.6864,0.01427,0.6274
MXD,Ewa Radzikowska,Jack Sock,1d51becb-4ea0-4878-9660-e3fd2dfaa0ea,3a43c56f-b9d8-4e72-ae8a-58fd69291946,1.6863,0.02543,0.6241
MXD,Leigh Waters,Thomas Wilson,1bfba782-55f3-42e4-9889-9018e793c0b5,12d79cbe-b5c7-4504-ab8f-f352a6bb8629,1.6863,0.06746,0.6141
MXD,Etta Tuionetoa,Phuc Huynh,676b1cbc-766c-4616-bf39-1787ffd8c72a,0763ffeb-1b1f-41c5-ab37-d17b66e50b50,1.6858,0.0471,0.6182
MXD,Genie Erokhina,Gabriel Tardio,461f063e-a587-4638-bad9-421ff33d91d7,d50310a6-9378-4228-823f-7fb54f7bd698,1.6856,0.0138,0.6268
MXD,Yufei Long,Gabriel Tardio,20945292-032a-47f1-93c5-d44ada6e4783,d50310a6-9378-4228-823f-7fb54f7bd698,1.6855,0.0276,0.6229
MXD,Lacy Schneemann,Jack Munro,a3ed7970-35d2-485c-8285-187c298a2d83,f90428f0-e4a3-4a08-a664-518ba7f188d2,1.6854,0.04952,0.6174
MXD,Allyce Jones,Thomas Wilson,efe9989b-5864-48c2-806c-06697024e1da,12d79cbe-b5c7-4504-ab8f-f352a6bb8629,1.6853,0.05312,0.6165
MXD,Catherine Parenteau,Jack Munro,9b97206b-783a-4fab-85e9-45a6240325a5,f90428f0-e4a3-4a08-a664-518ba7f188d2,1.6851,0.04842,0.6174
MXD,Parris Todd,Tama Shimabukuro,1728d016-1f02-4789-be73-63d12d5a5b42,4af4d4d1-9f87-4dc7-95f2-b10751d44c15,1.6849,0.01404,0.6262
MXD,Estee Widdershoven,Christian Alshon,bf84d952-c6a8-4494-943d-064b223e764f,79a11da1-6aeb-4719-9b1e-9918e0163cec,1.6847,0.01689,0.6252
MXD,Parris Todd,Patrick Kawka,1728d016-1f02-4789-be73-63d12d5a5b42,6876576c-b20e-47e3-99e4-d32759cc9f48,1.6845,0.04822,0.617
MXD,Layne Sleeth,Jay Devilliers,55ed7e0a-ff2d-4ac2-aad6-b6772ef4f448,295e343a-31a0-4e1d-a286-d62592291435,1.6845,0.01781,0.6248
MXD,Jackie Kawamoto,John Lucian Goins,be33755f-9262-461b-aedd-e9a7a686a82c,e96d9339-cfb6-473d-bcb3-23f2887a3e0f,1.6838,0.01998,0.6236
MXD,Tyra Hurricane Black,John Lucian Goins,fec65f7e-f2c8-482f-ab5b-541cf53b1064,e96d9339-cfb6-473d-bcb3-23f2887a3e0f,1.6834,0.01739,0.624
MXD,Sofia Sewing,Hunter Johnson,b9bacc1e-29b5-4a92-a9c1-24e08ac72215,8160ad59-4654-46b1-b229-8d5f2a9a45f9,1.6834,0.02002,0.6232
MXD,Chao Yi Wang,Phuc Huynh,20684550-cb89-4ea2-9e2f-0f44eb920b45,0763ffeb-1b1f-41c5-ab37-d17b66e50b50,1.6833,0.04704,0.6163
MXD,Meghan Dizon,Jack Sock,8f521dcc-1cb5-4c8d-933c-af6b267bd395,3a43c56f-b9d8-4e72-ae8a-58fd69291946,1.6827,0.01709,0.6235
MXD,Milan Rane,Christian Alshon,eb14fc6e-ede1-4999-bec3-e36695e7f94e,79a11da1-6aeb-4719-9b1e-9918e0163cec,1.6821,0.01321,0.6241
MXD,Jillian Braverman,Federico Staksrud,98c2531f-f5ce-48b5-b251-eb69425d409c,7edb882c-6d17-4129-8208-710e3c82364c,1.6818,0.05714,0.6129
MXD,Jillian Braverman,Riley Newman,98c2531f-f5ce-48b5-b251-eb69425d409c,05b194b3-db88-4f77-a26f-5ef5cfbf6146,1.6817,0.05842,0.6126
MXD,Marianna Petrei,Ben Johns,12890797-7355-49ca-848e-56d67e33c4de,6f862c1d-1317-4fe7-bdcd-64caa0dbb088,1.6817,0.03127,0.6189
MXD,Jackie Kawamoto,Luca Mack,be33755f-9262-461b-aedd-e9a7a686a82c,2aa8ced3-d599-4c83-86dd-ecc80196833b,1.6816,0.02579,0.6202
MXD,Tyra Hurricane Black,Luca Mack,fec65f7e-f2c8-482f-ab5b-541cf53b1064,2aa8ced3-d599-4c83-86dd-ecc80196833b,1.6812,0.02319,0.6206
MXD,Rachel Rohrabacher,Tyson McGuffin,50908953-a944-4a34-898b-16af312bc814,dbcb41e9-e983-410b-bc23-d184d034cfc0,1.681,0.01389,0.623
MXD,Liz Truluck,Gabriel Tardio,71992955-8b6f-470b-a991-796cfa56a826,d50310a6-9378-4228-823f-7fb54f7bd698,1.6804,0.01387,0.6225
MXD,Vivian Glozman,Will Howells,ff789b9c-80c4-442c-b97e-2e2311298cfb,d0f19d1e-2a6e-4eb3-b10c-1311edd599a8,1.6797,0.03008,0.6176
MXD,Etta Tuionetoa,Robert Slutsky,676b1cbc-766c-4616-bf39-1787ffd8c72a,f6fa549d-8a9c-46fd-aeb8-af8a3f0f7a59,1.6797,0.02768,0.6182
MXD,Vivian Glozman,Bruno Faletto,ff789b9c-80c4-442c-b97e-2e2311298cfb,34049405-b415-4f3a-aade-5be0111ac7db,1.6792,0.03808,0.6153
MXD,Vivian Glozman,Vanshik Kapadia,ff789b9c-80c4-442c-b97e-2e2311298cfb,6866df42-48ad-423c-9e57-d7d4d6fb66ef,1.6792,0.05793,0.6108
MXD,Alix Truong,Federico Staksrud,646f7432-e6ad-4ccf-95ee-a0e5d9514d28,7edb882c-6d17-4129-8208-710e3c82364c,1.6792,0.01429,0.6214
MXD,Alix Truong,Riley Newman,646f7432-e6ad-4ccf-95ee-a0e5d9514d28,05b194b3-db88-4f77-a26f-5ef5cfbf6146,1.6791,0.01558,0.621
MXD,Ewa Radzikowska,Phuc Huynh,1d51becb-4ea0-4878-9660-e3fd2dfaa0ea,0763ffeb-1b1f-41c5-ab37-d17b66e50b50,1.6779,0.05517,0.6104
MXD,Kate Fahey,John Lucian Goins,3af01041-5679-400a-87b8-12c01db8cec4,e96d9339-cfb6-473d-bcb3-23f2887a3e0f,1.6778,0.01583,0.6198
MXD,Chao Yi Wang,Robert Slutsky,20684550-cb89-4ea2-9e2f-0f44eb920b45,f6fa549d-8a9c-46fd-aeb8-af8a3f0f7a59,1.6771,0.02762,0.6162
MXD,Jade Kawamoto,Christopher Haworth,6cae3a50-eee6-45ea-8b28-85ef9c50e3c4,a91e2b68-7357-4518-baf9-f59b0b4c2477,1.677,0.01829,0.6185
MXD,Carlota Trevino,Andrei Daescu,70c18684-f615-4d05-9aa9-5cbdbd53ab9f,581183e8-3d9e-459e-b69f-7337d8b6f3d2,1.6764,0.0162,0.6186
MXD,Danni-Elle Townsend,Roscoe Bellamy,2c4de762-88d6-47c3-8b2b-af562c5d1f93,925c1306-6b3b-4510-8482-f34168a0842a,1.6763,0.01721,0.6183
MXD,Vivienne David,Connor Garnett,afc0bfc9-8cd8-4600-bd45-681092186db3,ff38654d-daae-4bad-a1a7-690e4e5706eb,1.6763,0.02673,0.6158
MXD,Parris Todd,Tristan Dussault,1728d016-1f02-4789-be73-63d12d5a5b42,3cab1673-2522-4dd5-ba07-2a1b88749d86,1.676,0.02673,0.6155
MXD,Jackie Kawamoto,Donald Young,be33755f-9262-461b-aedd-e9a7a686a82c,aec5d8be-9ce0-4cc5-98a4-140fad555fe0,1.6758,0.02151,0.6167
MXD,Kate Fahey,Luca Mack,3af01041-5679-400a-87b8-12c01db8cec4,2aa8ced3-d599-4c83-86dd-ecc80196833b,1.6755,0.02164,0.6164
MXD,Tyra Hurricane Black,Donald Young,fec65f7e-f2c8-482f-ab5b-541cf53b1064,aec5d8be-9ce0-4cc5-98a4-140fad555fe0,1.6754,0.01891,0.617
MXD,Bobbi Oshiro,Quang Duong,7f36e416-0907-43b2-8ec4-e9533088e30f,14d61e81-14d5-4cb3-ae33-d427fbc1b4f6,1.6752,0.06947,0.6054
MXD,Jessie Irvine,Andrei Daescu,8e2f9629-19d0-409d-81dc-b64fe2f3d3ff,581183e8-3d9e-459e-b69f-7337d8b6f3d2,1.6745,0.0135,0.6177
MXD,Meghan Dizon,Phuc Huynh,8f521dcc-1cb5-4c8d-933c-af6b267bd395,0763ffeb-1b1f-41c5-ab37-d17b66e50b50,1.6743,0.04684,0.6094
MXD,Tina Pisnik,Tama Shimabukuro,f879086b-e0e5-4772-b0a6-4055c265da69,4af4d4d1-9f87-4dc7-95f2-b10751d44c15,1.6739,0.01321,0.6173
MXD,Jackie Kawamoto,Martin Emmrich,be33755f-9262-461b-aedd-e9a7a686a82c,e9849183-4693-4340-abf5-f4b6f3cb226f,1.6737,0.0198,0.6154
MXD,Tina Pisnik,Patrick Kawka,f879086b-e0e5-4772-b0a6-4055c265da69,6876576c-b20e-47e3-99e4-d32759cc9f48,1.6735,0.04739,0.6087
MXD,Lacy Schneemann,Quang Duong,a3ed7970-35d2-485c-8285-187c298a2d83,14d61e81-14d5-4cb3-ae33-d427fbc1b4f6,1.6735,0.03347,0.6118
MXD,Tyra Hurricane Black,Martin Emmrich,fec65f7e-f2c8-482f-ab5b-541cf53b1064,e9849183-4693-4340-abf5-f4b6f3cb226f,1.6733,0.01721,0.6157
MXD,Catherine Parenteau,Quang Duong,9b97206b-783a-4fab-85e9-45a6240325a5,14d61e81-14d5-4cb3-ae33-d427fbc1b4f6,1.6732,0.03237,0.6118
MXD,Sofia Sewing,Roscoe Bellamy,b9bacc1e-29b5-4a92-a9c1-24e08ac72215,925c1306-6b3b-4510-8482-f34168a0842a,1.6728,0.01929,0.6147
MXD,Vivienne David,Jack Munro,afc0bfc9-8cd8-4600-bd45-681092186db3,f90428f0-e4a3-4a08-a664-518ba7f188d2,1.6728,0.06124,0.6052
MXD,Jorja Johnson,Mohaned Alhouni,b51ea0fb-c243-4427-85f8-b798febb51ff,1bab49f1-6891-4d3e-8f77-42aa4fc1d18e,1.6727,0.01597,0.6155
MXD,Danni-Elle Townsend,Anderson Scarpa,2c4de762-88d6-47c3-8b2b-af562c5d1f93,fa8d5d28-d8f5-4996-8c35-0f4ca3c35bae,1.6726,0.01911,0.6146
MXD,Allie Reichert,Christian Alshon,dcd029fb-2814-401b-a1cb-0c4269d9954b,79a11da1-6aeb-4719-9b1e-9918e0163cec,1.6721,0.02462,0.6129
MXD,Mari Humberg,Oscar Serra,b1ab7d76-a859-4136-8405-3ed7c9be287a,2c2a2b82-9ec7-4046-97cb-3a199ed507af,1.6719,0.02742,0.612
MXD,Ewa Radzikowska,Robert Slutsky,1d51becb-4ea0-4878-9660-e3fd2dfaa0ea,f6fa549d-8a9c-46fd-aeb8-af8a3f0f7a59,1.6718,0.03575,0.6099
MXD,Layne Sleeth,Federico Staksrud,55ed7e0a-ff2d-4ac2-aad6-b6772ef4f448,7edb882c-6d17-4129-8208-710e3c82364c,1.6717,0.01577,0.6148
MXD,Layne Sleeth,Riley Newman,55ed7e0a-ff2d-4ac2-aad6-b6772ef4f448,05b194b3-db88-4f77-a26f-5ef5cfbf6146,1.6716,0.01705,0.6144
MXD,Isabella Dunlap,Christian Alshon,719e2d3b-d10d-402d-a195-41f072214679,79a11da1-6aeb-4719-9b1e-9918e0163cec,1.6715,0.01425,0.615
MXD,Jackie Kawamoto,Rafa Hewett,be33755f-9262-461b-aedd-e9a7a686a82c,06ba18e0-687b-4aa3-822d-1c86981f576b,1.6712,0.01754,0.6139
MXD,Callie Smith,Ben Johns,0c1bb94d-3af2-42f4-b938-d712c707ace4,6f862c1d-1317-4fe7-bdcd-64caa0dbb088,1.6709,0.01519,0.6143
MXD,Tyra Hurricane Black,Rafa Hewett,fec65f7e-f2c8-482f-ab5b-541cf53b1064,06ba18e0-687b-4aa3-822d-1c86981f576b,1.6708,0.01495,0.6143
MXD,Kate Fahey,Donald Young,3af01041-5679-400a-87b8-12c01db8cec4,aec5d8be-9ce0-4cc5-98a4-140fad555fe0,1.6698,0.01736,0.6128
MXD,Danni-Elle Townsend,Thomas Yu,2c4de762-88d6-47c3-8b2b-af562c5d1f93,8c94d7b2-0dce-455e-916f-e35927d53547,1.6696,0.0334,0.6088
MXD,Bobbi Oshiro,Noe Khlif,7f36e416-0907-43b2-8ec4-e9533088e30f,1bb8b2c1-ca6f-45ac-afdd-fab7e77d69d4,1.6696,0.05004,0.6051
MXD,Sofia Sewing,Anderson Scarpa,b9bacc1e-29b5-4a92-a9c1-24e08ac72215,fa8d5d28-d8f5-4996-8c35-0f4ca3c35bae,1.669,0.02119,0.6112
MXD,Sahra Dennehy,Nicolas Acevedo,051f5c82-82ce-4ab8-b4f8-36976638a89b,a000a067-1bf1-442f-a961-e6c97cb50006,1.6688,0.01846,0.6117
MXD,Danni-Elle Townsend,Joseph Wild,2c4de762-88d6-47c3-8b2b-af562c5d1f93,a51b59c5-1a13-4472-821a-eb9866e72adf,1.6687,0.0258,0.6098
MXD,Mari Humberg,George Wall,b1ab7d76-a859-4136-8405-3ed7c9be287a,698c5236-e88f-411c-b44f-e54f16b2d6b5,1.6686,0.02758,0.6093
MXD,Meghan Dizon,Robert Slutsky,8f521dcc-1cb5-4c8d-933c-af6b267bd395,f6fa549d-8a9c-46fd-aeb8-af8a3f0f7a59,1.6682,0.02742,0.609
MXD,Yana Newell,Thomas Wilson,655e0349-7e66-4233-b999-b6cca2298f9b,12d79cbe-b5c7-4504-ab8f-f352a6bb8629,1.668,0.06842,0.6003
MXD,Lacy Schneemann,Noe Khlif,a3ed7970-35d2-485c-8285-187c298a2d83,1bb8b2c1-ca6f-45ac-afdd-fab7e77d69d4,1.6679,0.01404,0.6122
MXD,Daria Walczak,Christian Alshon,3e6b668a-8d26-4424-9420-3ceb18486b65,79a11da1-6aeb-4719-9b1e-9918e0163cec,1.6677,0.01829,0.6109
MXD,Kate Fahey,Martin Emmrich,3af01041-5679-400a-87b8-12c01db8cec4,e9849183-4693-4340-abf5-f4b6f3cb226f,1.6676,0.01566,0.6115
MXD,Catherine Parenteau,Noe Khlif,9b97206b-783a-4fab-85e9-45a6240325a5,1bb8b2c1-ca6f-45ac-afdd-fab7e77d69d4,1.6676,0.01294,0.6122
MXD,Leigh Waters,Nicolas Acevedo,1bfba782-55f3-42e4-9889-9018e793c0b5,a000a067-1bf1-442f-a961-e6c97cb50006,1.6672,0.031,0.6075
MXD,Rachel Rohrabacher,Tama Shimabukuro,50908953-a944-4a34-898b-16af312bc814,4af4d4d1-9f87-4dc7-95f2-b10751d44c15,1.6671,0.01288,0.6118
MXD,Rachel Rohrabacher,Patrick Kawka,50908953-a944-4a34-898b-16af312bc814,6876576c-b20e-47e3-99e4-d32759cc9f48,1.6667,0.04706,0.6035
MXD,Allyce Jones,Nicolas Acevedo,efe9989b-5864-48c2-806c-06697024e1da,a000a067-1bf1-442f-a961-e6c97cb50006,1.6663,0.01666,0.6102
MXD,Sofia Sewing,Thomas Yu,b9bacc1e-29b5-4a92-a9c1-24e08ac72215,8c94d7b2-0dce-455e-916f-e35927d53547,1.666,0.03548,0.6054
MXD,Kate Fahey,Rafa Hewett,3af01041-5679-400a-87b8-12c01db8cec4,06ba18e0-687b-4aa3-822d-1c86981f576b,1.6651,0.0134,0.61
MXD,Sofia Sewing,Joseph Wild,b9bacc1e-29b5-4a92-a9c1-24e08ac72215,a51b59c5-1a13-4472-821a-eb9866e72adf,1.6651,0.02789,0.6064
MXD,Tina Pisnik,Tristan Dussault,f879086b-e0e5-4772-b0a6-4055c265da69,3cab1673-2522-4dd5-ba07-2a1b88749d86,1.665,0.0259,0.6068
MXD,Maggie Brascia,Andrei Daescu,736475dd-7ccd-40d8-8b43-8c2d9ef9e674,581183e8-3d9e-459e-b69f-7337d8b6f3d2,1.6649,0.02387,0.6072
MXD,Eugenia Carolina Lopez Ascarate,Christian Alshon,577d1124-44c9-435d-88e9-01a146f2d177,79a11da1-6aeb-4719-9b1e-9918e0163cec,1.6646,0.03252,0.605
MXD,Sahra Dennehy,Jack Sock,051f5c82-82ce-4ab8-b4f8-36976638a89b,3a43c56f-b9d8-4e72-ae8a-58fd69291946,1.6645,0.01828,0.6082
MXD,Ting Chieh Wei,Eric Oncins,29e8121d-6f86-4192-b7af-ab05b77b89fe,52690a0c-ed4a-4e0b-bf69-4ef416cf7d55,1.6643,0.01475,0.609
MXD,Danni-Elle Townsend,Harsh Mehta,2c4de762-88d6-47c3-8b2b-af562c5d1f93,c18fb17d-e0bb-415c-901b-fa2f928ab22c,1.6635,0.03427,0.6037
MXD,Parris Todd,Christopher Haworth,1728d016-1f02-4789-be73-63d12d5a5b42,a91e2b68-7357-4518-baf9-f59b0b4c2477,1.6632,0.01717,0.6075
MXD,Mari Humberg,Hunter Johnson,b1ab7d76-a859-4136-8405-3ed7c9be287a,8160ad59-4654-46b1-b229-8d5f2a9a45f9,1.6629,0.01727,0.6072
MXD,Leigh Waters,Jack Sock,1bfba782-55f3-42e4-9889-9018e793c0b5,3a43c56f-b9d8-4e72-ae8a-58fd69291946,1.6629,0.03082,0.604
MXD,Vivian Glozman,Yuta Funemizu,ff789b9c-80c4-442c-b97e-2e2311298cfb,ce4f0e14-80ea-4ed0-a81c-7341d356d427,1.6628,0.03237,0.6035
MXD,Allyce Jones,Jack Sock,efe9989b-5864-48c2-806c-06697024e1da,3a43c56f-b9d8-4e72-ae8a-58fd69291946,1.662,0.01648,0.6066
MXD,Etta Tuionetoa,Connor Garnett,676b1cbc-766c-4616-bf39-1787ffd8c72a,ff38654d-daae-4bad-a1a7-690e4e5706eb,1.6619,0.01562,0.6068
MXD,Lucy Kovalova,Andrei Daescu,504e8c08-caf6-4db8-b454-11ffa321261c,581183e8-3d9e-459e-b69f-7337d8b6f3d2,1.6614,0.02243,0.6047
MXD,Judit Castillo,Christian Alshon,ec4cdfe2-c6f6-4de1-824e-9adcaeb31196,79a11da1-6aeb-4719-9b1e-9918e0163cec,1.6612,0.01683,0.6059
MXD,Vivian Glozman,Armaan Bhatia,ff789b9c-80c4-442c-b97e-2e2311298cfb,33292af3-984d-4752-8d18-b3a5c147e9fe,1.661,0.03195,0.6022
MXD,Vivienne David,Quang Duong,afc0bfc9-8cd8-4600-bd45-681092186db3,14d61e81-14d5-4cb3-ae33-d427fbc1b4f6,1.6608,0.04519,0.5993
MXD,Danni-Elle Townsend,Hien Truong,2c4de762-88d6-47c3-8b2b-af562c5d1f93,524b89ad-b76b-40b4-a0db-736bdc7b8adb,1.6604,0.03233,0.6016
MXD,Sofia Sewing,Harsh Mehta,b9bacc1e-29b5-4a92-a9c1-24e08ac72215,c18fb17d-e0bb-415c-901b-fa2f928ab22c,1.6599,0.03636,0.6004
MXD,Chao Yi Wang,Connor Garnett,20684550-cb89-4ea2-9e2f-0f44eb920b45,ff38654d-daae-4bad-a1a7-690e4e5706eb,1.6594,0.01557,0.6047
MXD,Samantha Parker,Andrei Daescu,6794d224-7da3-43d9-8300-e24e731f5dea,581183e8-3d9e-459e-b69f-7337d8b6f3d2,1.6594,0.01706,0.6043
MXD,Sahra Dennehy,Phuc Huynh,051f5c82-82ce-4ab8-b4f8-36976638a89b,0763ffeb-1b1f-41c5-ab37-d17b66e50b50,1.6587,0.04802,0.597
MXD,Jade Kawamoto,Mohaned Alhouni,6cae3a50-eee6-45ea-8b28-85ef9c50e3c4,1bab49f1-6891-4d3e-8f77-42aa4fc1d18e,1.6585,0.01792,0.6034
MXD,Bobbi Oshiro,Will Howells,7f36e416-0907-43b2-8ec4-e9533088e30f,d0f19d1e-2a6e-4eb3-b10c-1311edd599a8,1.6585,0.05134,0.5963
MXD,Lea Jansen,Christian Alshon,7319013d-d511-4aa5-a356-4aa2cccf94f5,79a11da1-6aeb-4719-9b1e-9918e0163cec,1.6585,0.01329,0.6045
MXD,Etta Tuionetoa,Jack Munro,676b1cbc-766c-4616-bf39-1787ffd8c72a,f90428f0-e4a3-4a08-a664-518ba7f188d2,1.6584,0.05013,0.5964
MXD,Marianna Petrei,JW Johnson,12890797-7355-49ca-848e-56d67e33c4de,bd061b42-2f82-4bbe-82be-d8bcfb37f9e1,1.6584,0.03291,0.5999
MXD,Rachel Rohrabacher,Tristan Dussault,50908953-a944-4a34-898b-16af312bc814,3cab1673-2522-4dd5-ba07-2a1b88749d86,1.6582,0.02557,0.6014
MXD,Bobbi Oshiro,Bruno Faletto,7f36e416-0907-43b2-8ec4-e9533088e30f,34049405-b415-4f3a-aade-5be0111ac7db,1.658,0.05934,0.5944
MXD,Bobbi Oshiro,Vanshik Kapadia,7f36e416-0907-43b2-8ec4-e9533088e30f,6866df42-48ad-423c-9e57-d7d4d6fb66ef,1.658,0.07919,0.5911
MXD,Roos Van Reek,Christian Alshon,4798e757-53f5-4e52-92aa-98172c8f7862,79a11da1-6aeb-4719-9b1e-9918e0163cec,1.6576,0.03052,0.5998
MXD,Danni-Elle Townsend,Etienne Blaszkewycz,2c4de762-88d6-47c3-8b2b-af562c5d1f93,d3e486f2-7c25-4bcf-b9dd-81c14f644f60,1.6575,0.02348,0.6013
MXD,Jackie Kawamoto,Tyson McGuffin,be33755f-9262-461b-aedd-e9a7a686a82c,dbcb41e9-e983-410b-bc23-d184d034cfc0,1.6573,0.0166,0.6027
MXD,Leigh Waters,Phuc Huynh,1bfba782-55f3-42e4-9889-9018e793c0b5,0763ffeb-1b1f-41c5-ab37-d17b66e50b50,1.6571,0.06056,0.5935
MXD,Tyra Hurricane Black,Tyson McGuffin,fec65f7e-f2c8-482f-ab5b-541cf53b1064,dbcb41e9-e983-410b-bc23-d184d034cfc0,1.6569,0.01401,0.603
MXD,Sofia Sewing,Hien Truong,b9bacc1e-29b5-4a92-a9c1-24e08ac72215,524b89ad-b76b-40b4-a0db-736bdc7b8adb,1.6568,0.03442,0.5983
MXD,Lacy Schneemann,Will Howells,a3ed7970-35d2-485c-8285-187c298a2d83,d0f19d1e-2a6e-4eb3-b10c-1311edd599a8,1.6568,0.01535,0.6026
MXD,Catherine Parenteau,Will Howells,9b97206b-783a-4fab-85e9-45a6240325a5,d0f19d1e-2a6e-4eb3-b10c-1311edd599a8,1.6565,0.01425,0.6026
MXD,Lacy Schneemann,Bruno Faletto,a3ed7970-35d2-485c-8285-187c298a2d83,34049405-b415-4f3a-aade-5be0111ac7db,1.6563,0.02334,0.6003
MXD,Lacy Schneemann,Vanshik Kapadia,a3ed7970-35d2-485c-8285-187c298a2d83,6866df42-48ad-423c-9e57-d7d4d6fb66ef,1.6563,0.0432,0.5962
MXD,Allyce Jones,Phuc Huynh,efe9989b-5864-48c2-806c-06697024e1da,0763ffeb-1b1f-41c5-ab37-d17b66e50b50,1.6562,0.04622,0.5955
MXD,Catherine Parenteau,Bruno Faletto,9b97206b-783a-4fab-85e9-45a6240325a5,34049405-b415-4f3a-aade-5be0111ac7db,1.656,0.02224,0.6003
MXD,Catherine Parenteau,Vanshik Kapadia,9b97206b-783a-4fab-85e9-45a6240325a5,6866df42-48ad-423c-9e57-d7d4d6fb66ef,1.656,0.0421,0.5962
MXD,Chao Yi Wang,Jack Munro,20684550-cb89-4ea2-9e2f-0f44eb920b45,f90428f0-e4a3-4a08-a664-518ba7f188d2,1.6559,0.05007,0.5945
MXD,Brooke Buckner,Andrei Daescu,06dc9b8a-5c01-49cf-bb4d-70d7b5f85acf,581183e8-3d9e-459e-b69f-7337d8b6f3d2,1.6556,0.01394,0.6019
MXD,Vivian Glozman,Dekel Bar,ff789b9c-80c4-442c-b97e-2e2311298cfb,89843e44-48fd-4a3f-b8c0-5f5aa6ae5741,1.6553,0.03015,0.598
MXD,Vivienne David,Noe Khlif,afc0bfc9-8cd8-4600-bd45-681092186db3,1bb8b2c1-ca6f-45ac-afdd-fab7e77d69d4,1.6553,0.02576,0.5989
MXD,Carlota Trevino,Eric Oncins,70c18684-f615-4d05-9aa9-5cbdbd53ab9f,52690a0c-ed4a-4e0b-bf69-4ef416cf7d55,1.6543,0.01668,0.6002
MXD,Marianna Petrei,Hayden Patriquin,12890797-7355-49ca-848e-56d67e33c4de,fc05556e-3e38-4a38-99c2-f855174a7c28,1.6542,0.03132,0.5969
MXD,Danni-Elle Townsend,Pablo Tellez,2c4de762-88d6-47c3-8b2b-af562c5d1f93,52726ab1-2ac9-46c0-be90-6b0e7a2d56eb,1.6541,0.01754,0.5998
MXD,Ewa Radzikowska,Connor Garnett,1d51becb-4ea0-4878-9660-e3fd2dfaa0ea,ff38654d-daae-4bad-a1a7-690e4e5706eb,1.654,0.0237,0.5984
MXD,Sofia Sewing,Etienne Blaszkewycz,b9bacc1e-29b5-4a92-a9c1-24e08ac72215,d3e486f2-7c25-4bcf-b9dd-81c14f644f60,1.6539,0.02556,0.5979
MXD,Danni-Elle Townsend,Alex Emery,2c4de762-88d6-47c3-8b2b-af562c5d1f93,5c817399-aea7-481d-9a83-aab7431eabc1,1.6539,0.039,0.5951
MXD,Kaitlyn Christian,Ben Johns,66a6c35b-33a2-4a23-b5db-fa53c96d643a,6f862c1d-1317-4fe7-bdcd-64caa0dbb088,1.6539,0.01348,0.6006
MXD,Danni-Elle Townsend,Jaume Martinez Vich,2c4de762-88d6-47c3-8b2b-af562c5d1f93,cc8832b9-9a8f-4cbc-8eff-b20e9a7ff09a,1.6538,0.01565,0.6
MXD,Shelby Bates,Christian Alshon,ded801fd-297a-4761-b63e-d8fbbfeb5762,79a11da1-6aeb-4719-9b1e-9918e0163cec,1.6529,0.03565,0.595
MXD,Sahra Dennehy,Robert Slutsky,051f5c82-82ce-4ab8-b4f8-36976638a89b,f6fa549d-8a9c-46fd-aeb8-af8a3f0f7a59,1.6528,0.0286,0.5963
MXD,Zoey Weil,Christian Alshon,1d701c30-6b5d-485f-ae97-60f3b0c50896,79a11da1-6aeb-4719-9b1e-9918e0163cec,1.6528,0.01465,0.5994
MXD,Estee Widdershoven,Andrei Daescu,bf84d952-c6a8-4494-943d-064b223e764f,581183e8-3d9e-459e-b69f-7337d8b6f3d2,1.6526,0.01648,0.5988
MXD,Jessie Irvine,Eric Oncins,8e2f9629-19d0-409d-81dc-b64fe2f3d3ff,52690a0c-ed4a-4e0b-bf69-4ef416cf7d55,1.6524,0.01398,0.5992
MXD,Tina Pisnik,Christopher Haworth,f879086b-e0e5-4772-b0a6-4055c265da69,a91e2b68-7357-4518-baf9-f59b0b4c2477,1.6522,0.01634,0.5985
MXD,Mari Humberg,Roscoe Bellamy,b1ab7d76-a859-4136-8405-3ed7c9be287a,925c1306-6b3b-4510-8482-f34168a0842a,1.6522,0.01654,0.5985
MXD,Danni-Elle Townsend,Max Freeman,2c4de762-88d6-47c3-8b2b-af562c5d1f93,b03ff4de-9b8f-46a8-a530-d8f19e9d6ec9,1.6519,0.01666,0.5982
MXD,Leigh Waters,Robert Slutsky,1bfba782-55f3-42e4-9889-9018e793c0b5,f6fa549d-8a9c-46fd-aeb8-af8a3f0f7a59,1.6517,0.04114,0.5929
MXD,Kate Fahey,Tyson McGuffin,3af01041-5679-400a-87b8-12c01db8cec4,dbcb41e9-e983-410b-bc23-d184d034cfc0,1.6513,0.01246,0.5987
MXD,Allyce Jones,Robert Slutsky,efe9989b-5864-48c2-806c-06697024e1da,f6fa549d-8a9c-46fd-aeb8-af8a3f0f7a59,1.6511,0.0268,0.5953
MXD,Sofia Sewing,Pablo Tellez,b9bacc1e-29b5-4a92-a9c1-24e08ac72215,52726ab1-2ac9-46c0-be90-6b0e7a2d56eb,1.6505,0.01963,0.5964
MXD,Vivian Glozman,CJ Klinger,ff789b9c-80c4-442c-b97e-2e2311298cfb,ead35052-7367-4296-96d4-064f546cc2b9,1.6505,0.02948,0.5943
MXD,Ewa Radzikowska,Jack Munro,1d51becb-4ea0-4878-9660-e3fd2dfaa0ea,f90428f0-e4a3-4a08-a664-518ba7f188d2,1.6505,0.0582,0.5889
MXD,Meghan Dizon,Connor Garnett,8f521dcc-1cb5-4c8d-933c-af6b267bd395,ff38654d-daae-4bad-a1a7-690e4e5706eb,1.6504,0.01536,0.5973
MXD,Sofia Sewing,Alex Emery,b9bacc1e-29b5-4a92-a9c1-24e08ac72215,5c817399-aea7-481d-9a83-aab7431eabc1,1.6503,0.04109,0.5918
MXD,Sofia Sewing,Jaume Martinez Vich,b9bacc1e-29b5-4a92-a9c1-24e08ac72215,cc8832b9-9a8f-4cbc-8eff-b20e9a7ff09a,1.6502,0.01773,0.5965
MXD,Milan Rane,Andrei Daescu,eb14fc6e-ede1-4999-bec3-e36695e7f94e,581183e8-3d9e-459e-b69f-7337d8b6f3d2,1.65,0.0128,0.5975
MXD,Jillian Braverman,Thomas Wilson,98c2531f-f5ce-48b5-b251-eb69425d409c,12d79cbe-b5c7-4504-ab8f-f352a6bb8629,1.6495,0.09582,0.5823
MXD,Danni-Elle Townsend,Connor Mogle,2c4de762-88d6-47c3-8b2b-af562c5d1f93,3d9c8684-953f-4008-b355-b6104ee56a5b,1.6491,0.01869,0.5954
MXD,Yana Newell,Nicolas Acevedo,655e0349-7e66-4233-b999-b6cca2298f9b,a000a067-1bf1-442f-a961-e6c97cb50006,1.6489,0.03197,0.5925
MXD,Mari Humberg,Anderson Scarpa,b1ab7d76-a859-4136-8405-3ed7c9be287a,fa8d5d28-d8f5-4996-8c35-0f4ca3c35bae,1.6485,0.01844,0.5949
MXD,Sofia Sewing,Max Freeman,b9bacc1e-29b5-4a92-a9c1-24e08ac72215,b03ff4de-9b8f-46a8-a530-d8f19e9d6ec9,1.6483,0.01875,0.5947
MXD,Callie Smith,JW Johnson,0c1bb94d-3af2-42f4-b938-d712c707ace4,bd061b42-2f82-4bbe-82be-d8bcfb37f9e1,1.6476,0.01684,0.5946
MXD,Meghan Dizon,Jack Munro,8f521dcc-1cb5-4c8d-933c-af6b267bd395,f90428f0-e4a3-4a08-a664-518ba7f188d2,1.6469,0.04987,0.5875
MXD,Alix Truong,Thomas Wilson,646f7432-e6ad-4ccf-95ee-a0e5d9514d28,12d79cbe-b5c7-4504-ab8f-f352a6bb8629,1.6469,0.05298,0.587
MXD,Etta Tuionetoa,Quang Duong,676b1cbc-766c-4616-bf39-1787ffd8c72a,14d61e81-14d5-4cb3-ae33-d427fbc1b4f6,1.6464,0.03408,0.5901
MXD,Marianna Petrei,Gabriel Tardio,12890797-7355-49ca-848e-56d67e33c4de,d50310a6-9378-4228-823f-7fb54f7bd698,1.6464,0.03097,0.5907
MXD,Cailyn Campbell,Ben Johns,9eff9049-c45c-42ee-9a49-e9a797cc2116,6f862c1d-1317-4fe7-bdcd-64caa0dbb088,1.6456,0.01396,0.5935
MXD,Sofia Sewing,Connor Mogle,b9bacc1e-29b5-4a92-a9c1-24e08ac72215,3d9c8684-953f-4008-b355-b6104ee56a5b,1.6455,0.02077,0.592
MXD,Mari Humberg,Thomas Yu,b1ab7d76-a859-4136-8405-3ed7c9be287a,8c94d7b2-0dce-455e-916f-e35927d53547,1.6455,0.03273,0.5896
MXD,Rachel Rohrabacher,Christopher Haworth,50908953-a944-4a34-898b-16af312bc814,a91e2b68-7357-4518-baf9-f59b0b4c2477,1.6454,0.01601,0.5929
MXD,Vivian Glozman,Dylan Frazier,ff789b9c-80c4-442c-b97e-2e2311298cfb,1de884f8-7bf7-4b49-9de8-3f1fd74cabd6,1.645,0.03035,0.5896
MXD,Parris Todd,Mohaned Alhouni,1728d016-1f02-4789-be73-63d12d5a5b42,1bab49f1-6891-4d3e-8f77-42aa4fc1d18e,1.6448,0.0168,0.5922
MXD,Mari Humberg,Joseph Wild,b1ab7d76-a859-4136-8405-3ed7c9be287a,a51b59c5-1a13-4472-821a-eb9866e72adf,1.6446,0.02513,0.5903
MXD,Yana Newell,Jack Sock,655e0349-7e66-4233-b999-b6cca2298f9b,3a43c56f-b9d8-4e72-ae8a-58fd69291946,1.6446,0.03178,0.589
MXD,Vivienne David,Will Howells,afc0bfc9-8cd8-4600-bd45-681092186db3,d0f19d1e-2a6e-4eb3-b10c-1311edd599a8,1.6441,0.02707,0.5896
MXD,Chao Yi Wang,Quang Duong,20684550-cb89-4ea2-9e2f-0f44eb920b45,14d61e81-14d5-4cb3-ae33-d427fbc1b4f6,1.6439,0.03402,0.588
MXD,Vivienne David,Bruno Faletto,afc0bfc9-8cd8-4600-bd45-681092186db3,34049405-b415-4f3a-aade-5be0111ac7db,1.6437,0.03506,0.5877
MXD,Vivienne David,Vanshik Kapadia,afc0bfc9-8cd8-4600-bd45-681092186db3,6866df42-48ad-423c-9e57-d7d4d6fb66ef,1.6437,0.05492,0.5842
MXD,Jackie Kawamoto,Tama Shimabukuro,be33755f-9262-461b-aedd-e9a7a686a82c,4af4d4d1-9f87-4dc7-95f2-b10751d44c15,1.6434,0.0156,0.5913
MXD,Callie Smith,Hayden Patriquin,0c1bb94d-3af2-42f4-b938-d712c707ace4,fc05556e-3e38-4a38-99c2-f855174a7c28,1.6434,0.01524,0.5914
MXD,Jackie Kawamoto,Patrick Kawka,be33755f-9262-461b-aedd-e9a7a686a82c,6876576c-b20e-47e3-99e4-d32759cc9f48,1.643,0.04978,0.5845
MXD,Tyra Hurricane Black,Tama Shimabukuro,fec65f7e-f2c8-482f-ab5b-541cf53b1064,4af4d4d1-9f87-4dc7-95f2-b10751d44c15,1.643,0.013,0.5915
MXD,Maggie Brascia,Eric Oncins,736475dd-7ccd-40d8-8b43-8c2d9ef9e674,52690a0c-ed4a-4e0b-bf69-4ef416cf7d55,1.6428,0.02435,0.589
MXD,Tyra Hurricane Black,Patrick Kawka,fec65f7e-f2c8-482f-ab5b-541cf53b1064,6876576c-b20e-47e3-99e4-d32759cc9f48,1.6426,0.04719,0.5847
MXD,Ting Chieh Wei,Jay Devilliers,29e8121d-6f86-4192-b7af-ab05b77b89fe,295e343a-31a0-4e1d-a286-d62592291435,1.6421,0.01625,0.5901
MXD,Danni-Elle Townsend,Juan Benitez,2c4de762-88d6-47c3-8b2b-af562c5d1f93,f4c43443-fdff-4344-b291-274cfd26361e,1.6416,0.02257,0.5884
MXD,Bobbi Oshiro,Yuta Funemizu,7f36e416-0907-43b2-8ec4-e9533088e30f,ce4f0e14-80ea-4ed0-a81c-7341d356d427,1.6416,0.05363,0.5828
MXD,Etta Tuionetoa,Noe Khlif,676b1cbc-766c-4616-bf39-1787ffd8c72a,1bb8b2c1-ca6f-45ac-afdd-fab7e77d69d4,1.6409,0.01465,0.5894
MXD,Allie Reichert,Andrei Daescu,dcd029fb-2814-401b-a1cb-0c4269d9954b,581183e8-3d9e-459e-b69f-7337d8b6f3d2,1.64,0.02421,0.5867
MXD,Lacy Schneemann,Yuta Funemizu,a3ed7970-35d2-485c-8285-187c298a2d83,ce4f0e14-80ea-4ed0-a81c-7341d356d427,1.6399,0.01764,0.588
MXD,Bobbi Oshiro,Armaan Bhatia,7f36e416-0907-43b2-8ec4-e9533088e30f,33292af3-984d-4752-8d18-b3a5c147e9fe,1.6398,0.05321,0.5815
MXD,Catherine Parenteau,Yuta Funemizu,9b97206b-783a-4fab-85e9-45a6240325a5,ce4f0e14-80ea-4ed0-a81c-7341d356d427,1.6396,0.01654,0.5879
MXD,Layne Sleeth,Thomas Wilson,55ed7e0a-ff2d-4ac2-aad6-b6772ef4f448,12d79cbe-b5c7-4504-ab8f-f352a6bb8629,1.6394,0.05445,0.581
MXD,Isabella Dunlap,Andrei Daescu,719e2d3b-d10d-402d-a195-41f072214679,581183e8-3d9e-459e-b69f-7337d8b6f3d2,1.6394,0.01384,0.5883
MXD,Genie Erokhina,Christian Alshon,461f063e-a587-4638-bad9-421ff33d91d7,79a11da1-6aeb-4719-9b1e-9918e0163cec,1.6394,0.01425,0.5883
MXD,Mari Humberg,Harsh Mehta,b1ab7d76-a859-4136-8405-3ed7c9be287a,c18fb17d-e0bb-415c-901b-fa2f928ab22c,1.6393,0.0336,0.5844
MXD,Yufei Long,Christian Alshon,20945292-032a-47f1-93c5-d44ada6e4783,79a11da1-6aeb-4719-9b1e-9918e0163cec,1.6393,0.02804,0.5854
MXD,Lucy Kovalova,Eric Oncins,504e8c08-caf6-4db8-b454-11ffa321261c,52690a0c-ed4a-4e0b-bf69-4ef416cf7d55,1.6392,0.02291,0.5864
MXD,Yana Newell,Phuc Huynh,655e0349-7e66-4233-b999-b6cca2298f9b,0763ffeb-1b1f-41c5-ab37-d17b66e50b50,1.6388,0.06152,0.5794
MXD,Ewa Radzikowska,Quang Duong,1d51becb-4ea0-4878-9660-e3fd2dfaa0ea,14d61e81-14d5-4cb3-ae33-d427fbc1b4f6,1.6385,0.04216,0.5823
MXD,Chao Yi Wang,Noe Khlif,20684550-cb89-4ea2-9e2f-0f44eb920b45,1bb8b2c1-ca6f-45ac-afdd-fab7e77d69d4,1.6383,0.01459,0.5873
MXD,Lacy Schneemann,Armaan Bhatia,a3ed7970-35d2-485c-8285-187c298a2d83,33292af3-984d-4752-8d18-b3a5c147e9fe,1.6381,0.01722,0.5866
MXD,Sofia Sewing,Juan Benitez,b9bacc1e-29b5-4a92-a9c1-24e08ac72215,f4c43443-fdff-4344-b291-274cfd26361e,1.638,0.02466,0.585
MXD,Catherine Parenteau,Armaan Bhatia,9b97206b-783a-4fab-85e9-45a6240325a5,33292af3-984d-4752-8d18-b3a5c147e9fe,1.6378,0.01611,0.5865
MXD,Kate Fahey,Tama Shimabukuro,3af01041-5679-400a-87b8-12c01db8cec4,4af4d4d1-9f87-4dc7-95f2-b10751d44c15,1.6373,0.01145,0.5871
MXD,Samantha Parker,Eric Oncins,6794d224-7da3-43d9-8300-e24e731f5dea,52690a0c-ed4a-4e0b-bf69-4ef416cf7d55,1.6372,0.01754,0.5857
MXD,Kate Fahey,Patrick Kawka,3af01041-5679-400a-87b8-12c01db8cec4,6876576c-b20e-47e3-99e4-d32759cc9f48,1.637,0.04563,0.5805
MXD,Mari Humberg,Hien Truong,b1ab7d76-a859-4136-8405-3ed7c9be287a,524b89ad-b76b-40b4-a0db-736bdc7b8adb,1.6363,0.03166,0.5823
MXD,Callie Smith,Gabriel Tardio,0c1bb94d-3af2-42f4-b938-d712c707ace4,d50310a6-9378-4228-823f-7fb54f7bd698,1.6357,0.0149,0.585
MXD,Daria Walczak,Andrei Daescu,3e6b668a-8d26-4424-9420-3ceb18486b65,581183e8-3d9e-459e-b69f-7337d8b6f3d2,1.6356,0.01788,0.5843
MXD,Sahra Dennehy,Connor Garnett,051f5c82-82ce-4ab8-b4f8-36976638a89b,ff38654d-daae-4bad-a1a7-690e4e5706eb,1.6351,0.01654,0.5841
MXD,Meghan Dizon,Quang Duong,8f521dcc-1cb5-4c8d-933c-af6b267bd395,14d61e81-14d5-4cb3-ae33-d427fbc1b4f6,1.6349,0.03382,0.5808
MXD,Jackie Kawamoto,Tristan Dussault,be33755f-9262-461b-aedd-e9a7a686a82c,3cab1673-2522-4dd5-ba07-2a1b88749d86,1.6345,0.02829,0.5815
MXD,Yana Newell,Robert Slutsky,655e0349-7e66-4233-b999-b6cca2298f9b,f6fa549d-8a9c-46fd-aeb8-af8a3f0f7a59,1.6345,0.0421,0.5791
MXD,Bobbi Oshiro,Dekel Bar,7f36e416-0907-43b2-8ec4-e9533088e30f,89843e44-48fd-4a3f-b8c0-5f5aa6ae5741,1.6342,0.05141,0.5773
MXD,Liz Truluck,Christian Alshon,71992955-8b6f-470b-a991-796cfa56a826,79a11da1-6aeb-4719-9b1e-9918e0163cec,1.6342,0.01432,0.5839
MXD,Tyra Hurricane Black,Tristan Dussault,fec65f7e-f2c8-482f-ab5b-541cf53b1064,3cab1673-2522-4dd5-ba07-2a1b88749d86,1.6341,0.02569,0.5816
MXD,Leigh Waters,Connor Garnett,1bfba782-55f3-42e4-9889-9018e793c0b5,ff38654d-daae-4bad-a1a7-690e4e5706eb,1.634,0.02908,0.5809
MXD,Tina Pisnik,Mohaned Alhouni,f879086b-e0e5-4772-b0a6-4055c265da69,1bab49f1-6891-4d3e-8f77-42aa4fc1d18e,1.6338,0.01597,0.5831
MXD,Mari Humberg,Etienne Blaszkewycz,b1ab7d76-a859-4136-8405-3ed7c9be287a,d3e486f2-7c25-4bcf-b9dd-81c14f644f60,1.6334,0.0228,0.5816
MXD,Brooke Buckner,Eric Oncins,06dc9b8a-5c01-49cf-bb4d-70d7b5f85acf,52690a0c-ed4a-4e0b-bf69-4ef416cf7d55,1.6334,0.01442,0.5832
MXD,Allyce Jones,Connor Garnett,efe9989b-5864-48c2-806c-06697024e1da,ff38654d-daae-4bad-a1a7-690e4e5706eb,1.6333,0.01474,0.583
MXD,Ewa Radzikowska,Noe Khlif,1d51becb-4ea0-4878-9660-e3fd2dfaa0ea,1bb8b2c1-ca6f-45ac-afdd-fab7e77d69d4,1.633,0.02273,0.5812
MXD,Eugenia Carolina Lopez Ascarate,Andrei Daescu,577d1124-44c9-435d-88e9-01a146f2d177,581183e8-3d9e-459e-b69f-7337d8b6f3d2,1.6325,0.03211,0.5792
MXD,Lacy Schneemann,Dekel Bar,a3ed7970-35d2-485c-8285-187c298a2d83,89843e44-48fd-4a3f-b8c0-5f5aa6ae5741,1.6324,0.01542,0.5821
MXD,Catherine Parenteau,Dekel Bar,9b97206b-783a-4fab-85e9-45a6240325a5,89843e44-48fd-4a3f-b8c0-5f5aa6ae5741,1.6321,0.01431,0.5821
MXD,Carlota Trevino,Jay Devilliers,70c18684-f615-4d05-9aa9-5cbdbd53ab9f,295e343a-31a0-4e1d-a286-d62592291435,1.632,0.01818,0.5813
MXD,Vivian Glozman,Augustus Ge,ff789b9c-80c4-442c-b97e-2e2311298cfb,ba491f1c-0112-47a8-a348-4695289e958a,1.6318,0.02864,0.5792
MXD,Sahra Dennehy,Jack Munro,051f5c82-82ce-4ab8-b4f8-36976638a89b,f90428f0-e4a3-4a08-a664-518ba7f188d2,1.6315,0.05105,0.5753
MXD,Kaitlyn Christian,JW Johnson,66a6c35b-33a2-4a23-b5db-fa53c96d643a,bd061b42-2f82-4bbe-82be-d8bcfb37f9e1,1.6306,0.01512,0.5806
MXD,Jillian Braverman,Nicolas Acevedo,98c2531f-f5ce-48b5-b251-eb69425d409c,a000a067-1bf1-442f-a961-e6c97cb50006,1.6305,0.05937,0.5733
MXD,Estee Widdershoven,Eric Oncins,bf84d952-c6a8-4494-943d-064b223e764f,52690a0c-ed4a-4e0b-bf69-4ef416cf7d55,1.6305,0.01696,0.5802
MXD,Leigh Waters,Jack Munro,1bfba782-55f3-42e4-9889-9018e793c0b5,f90428f0-e4a3-4a08-a664-518ba7f188d2,1.6304,0.06359,0.5727
MXD,Jessie Irvine,Jay Devilliers,8e2f9629-19d0-409d-81dc-b64fe2f3d3ff,295e343a-31a0-4e1d-a286-d62592291435,1.6301,0.01548,0.5802
MXD,Mari Humberg,Pablo Tellez,b1ab7d76-a859-4136-8405-3ed7c9be287a,52726ab1-2ac9-46c0-be90-6b0e7a2d56eb,1.63,0.01687,0.5798
MXD,Mari Humberg,Alex Emery,b1ab7d76-a859-4136-8405-3ed7c9be287a,5c817399-aea7-481d-9a83-aab7431eabc1,1.6298,0.03833,0.5759
MXD,Etta Tuionetoa,Will Howells,676b1cbc-766c-4616-bf39-1787ffd8c72a,d0f19d1e-2a6e-4eb3-b10c-1311edd599a8,1.6298,0.01596,0.5798
MXD,Allyce Jones,Jack Munro,efe9989b-5864-48c2-806c-06697024e1da,f90428f0-e4a3-4a08-a664-518ba7f188d2,1.6298,0.04925,0.5743
MXD,Mari Humberg,Jaume Martinez Vich,b1ab7d76-a859-4136-8405-3ed7c9be287a,cc8832b9-9a8f-4cbc-8eff-b20e9a7ff09a,1.6296,0.01497,0.5799
MXD,Danni-Elle Townsend,John Lucian Goins,2c4de762-88d6-47c3-8b2b-af562c5d1f93,e96d9339-cfb6-473d-bcb3-23f2887a3e0f,1.6295,0.01954,0.5789
MXD,Meghan Dizon,Noe Khlif,8f521dcc-1cb5-4c8d-933c-af6b267bd395,1bb8b2c1-ca6f-45ac-afdd-fab7e77d69d4,1.6294,0.01439,0.5797
MXD,Bobbi Oshiro,CJ Klinger,7f36e416-0907-43b2-8ec4-e9533088e30f,ead35052-7367-4296-96d4-064f546cc2b9,1.6293,0.05075,0.5737
MXD,Etta Tuionetoa,Bruno Faletto,676b1cbc-766c-4616-bf39-1787ffd8c72a,34049405-b415-4f3a-aade-5be0111ac7db,1.6293,0.02395,0.5779
MXD,Etta Tuionetoa,Vanshik Kapadia,676b1cbc-766c-4616-bf39-1787ffd8c72a,6866df42-48ad-423c-9e57-d7d4d6fb66ef,1.6293,0.0438,0.5747
MXD,Ting Chieh Wei,Federico Staksrud,29e8121d-6f86-4192-b7af-ab05b77b89fe,7edb882c-6d17-4129-8208-710e3c82364c,1.6293,0.0142,0.5797
MXD,Ting Chieh Wei,Riley Newman,29e8121d-6f86-4192-b7af-ab05b77b89fe,05b194b3-db88-4f77-a26f-5ef5cfbf6146,1.6292,0.01549,0.5794
MXD,Judit Castillo,Andrei Daescu,ec4cdfe2-c6f6-4de1-824e-9adcaeb31196,581183e8-3d9e-459e-b69f-7337d8b6f3d2,1.6291,0.01642,0.5791
MXD,Kate Fahey,Tristan Dussault,3af01041-5679-400a-87b8-12c01db8cec4,3cab1673-2522-4dd5-ba07-2a1b88749d86,1.6285,0.02414,0.5772
MXD,Alix Truong,Nicolas Acevedo,646f7432-e6ad-4ccf-95ee-a0e5d9514d28,a000a067-1bf1-442f-a961-e6c97cb50006,1.6279,0.01652,0.5781
MXD,Milan Rane,Eric Oncins,eb14fc6e-ede1-4999-bec3-e36695e7f94e,52690a0c-ed4a-4e0b-bf69-4ef416cf7d55,1.6279,0.01328,0.5787
MXD,Mari Humberg,Max Freeman,b1ab7d76-a859-4136-8405-3ed7c9be287a,b03ff4de-9b8f-46a8-a530-d8f19e9d6ec9,1.6278,0.01599,0.5781
MXD,Lacy Schneemann,CJ Klinger,a3ed7970-35d2-485c-8285-187c298a2d83,ead35052-7367-4296-96d4-064f546cc2b9,1.6276,0.01475,0.5782
MXD,Danni-Elle Townsend,Luca Mack,2c4de762-88d6-47c3-8b2b-af562c5d1f93,2aa8ced3-d599-4c83-86dd-ecc80196833b,1.6273,0.02535,0.576
MXD,Catherine Parenteau,CJ Klinger,9b97206b-783a-4fab-85e9-45a6240325a5,ead35052-7367-4296-96d4-064f546cc2b9,1.6273,0.01365,0.5781
MXD,Chao Yi Wang,Will Howells,20684550-cb89-4ea2-9e2f-0f44eb920b45,d0f19d1e-2a6e-4eb3-b10c-1311edd599a8,1.6272,0.0159,0.5777
MXD,Vivienne David,Yuta Funemizu,afc0bfc9-8cd8-4600-bd45-681092186db3,ce4f0e14-80ea-4ed0-a81c-7341d356d427,1.6272,0.02936,0.5753
MXD,Rachel Rohrabacher,Mohaned Alhouni,50908953-a944-4a34-898b-16af312bc814,1bab49f1-6891-4d3e-8f77-42aa4fc1d18e,1.627,0.01564,0.5775
MXD,Chao Yi Wang,Bruno Faletto,20684550-cb89-4ea2-9e2f-0f44eb920b45,34049405-b415-4f3a-aade-5be0111ac7db,1.6268,0.0239,0.5759
MXD,Chao Yi Wang,Vanshik Kapadia,20684550-cb89-4ea2-9e2f-0f44eb920b45,6866df42-48ad-423c-9e57-d7d4d6fb66ef,1.6268,0.04375,0.5726
MXD,Lea Jansen,Andrei Daescu,7319013d-d511-4aa5-a356-4aa2cccf94f5,581183e8-3d9e-459e-b69f-7337d8b6f3d2,1.6264,0.01288,0.5775
MXD,Kaitlyn Christian,Hayden Patriquin,66a6c35b-33a2-4a23-b5db-fa53c96d643a,fc05556e-3e38-4a38-99c2-f855174a7c28,1.6264,0.01353,0.5774
MXD,Jillian Braverman,Jack Sock,98c2531f-f5ce-48b5-b251-eb69425d409c,3a43c56f-b9d8-4e72-ae8a-58fd69291946,1.6261,0.05918,0.57
MXD,Sofia Sewing,John Lucian Goins,b9bacc1e-29b5-4a92-a9c1-24e08ac72215,e96d9339-cfb6-473d-bcb3-23f2887a3e0f,1.6259,0.02163,0.5755
MXD,Vivienne David,Armaan Bhatia,afc0bfc9-8cd8-4600-bd45-681092186db3,33292af3-984d-4752-8d18-b3a5c147e9fe,1.6255,0.02893,0.5739
MXD,Roos Van Reek,Andrei Daescu,4798e757-53f5-4e52-92aa-98172c8f7862,581183e8-3d9e-459e-b69f-7337d8b6f3d2,1.6255,0.03011,0.5738
MXD,Mari Humberg,Connor Mogle,b1ab7d76-a859-4136-8405-3ed7c9be287a,3d9c8684-953f-4008-b355-b6104ee56a5b,1.625,0.01801,0.5754
MXD,Bobbi Oshiro,Dylan Frazier,7f36e416-0907-43b2-8ec4-e9533088e30f,1de884f8-7bf7-4b49-9de8-3f1fd74cabd6,1.6239,0.05161,0.5692
MXD,Sofia Sewing,Luca Mack,b9bacc1e-29b5-4a92-a9c1-24e08ac72215,2aa8ced3-d599-4c83-86dd-ecc80196833b,1.6237,0.02743,0.5727
MXD,Alix Truong,Jack Sock,646f7432-e6ad-4ccf-95ee-a0e5d9514d28,3a43c56f-b9d8-4e72-ae8a-58fd69291946,1.6235,0.01634,0.5744
MXD,Cailyn Campbell,JW Johnson,9eff9049-c45c-42ee-9a49-e9a797cc2116,bd061b42-2f82-4bbe-82be-d8bcfb37f9e1,1.6223,0.01561,0.5735
MXD,Lacy Schneemann,Dylan Frazier,a3ed7970-35d2-485c-8285-187c298a2d83,1de884f8-7bf7-4b49-9de8-3f1fd74cabd6,1.6221,0.01562,0.5734
MXD,Catherine Parenteau,Dylan Frazier,9b97206b-783a-4fab-85e9-45a6240325a5,1de884f8-7bf7-4b49-9de8-3f1fd74cabd6,1.6218,0.01452,0.5733
MXD,Ewa Radzikowska,Will Howells,1d51becb-4ea0-4878-9660-e3fd2dfaa0ea,d0f19d1e-2a6e-4eb3-b10c-1311edd599a8,1.6218,0.02403,0.5717
MXD,Jackie Kawamoto,Christopher Haworth,be33755f-9262-461b-aedd-e9a7a686a82c,a91e2b68-7357-4518-baf9-f59b0b4c2477,1.6217,0.01873,0.5725
MXD,Danni-Elle Townsend,Donald Young,2c4de762-88d6-47c3-8b2b-af562c5d1f93,aec5d8be-9ce0-4cc5-98a4-140fad555fe0,1.6215,0.02107,0.5719
MXD,Ewa Radzikowska,Bruno Faletto,1d51becb-4ea0-4878-9660-e3fd2dfaa0ea,34049405-b415-4f3a-aade-5be0111ac7db,1.6214,0.03203,0.5701
MXD,Ewa Radzikowska,Vanshik Kapadia,1d51becb-4ea0-4878-9660-e3fd2dfaa0ea,6866df42-48ad-423c-9e57-d7d4d6fb66ef,1.6214,0.05188,0.5672
MXD,Jorja Johnson,Oliver Frank,b51ea0fb-c243-4427-85f8-b798febb51ff,e21cb6e0-aabb-43b2-a112-c0a0a59081bf,1.6213,0.03795,0.5692
MXD,Tyra Hurricane Black,Christopher Haworth,fec65f7e-f2c8-482f-ab5b-541cf53b1064,a91e2b68-7357-4518-baf9-f59b0b4c2477,1.6213,0.01613,0.5726
MXD,Yana Newell,Connor Garnett,655e0349-7e66-4233-b999-b6cca2298f9b,ff38654d-daae-4bad-a1a7-690e4e5706eb,1.6213,0.03005,0.5703
MXD,Shelby Bates,Andrei Daescu,ded801fd-297a-4761-b63e-d8fbbfeb5762,581183e8-3d9e-459e-b69f-7337d8b6f3d2,1.6208,0.03524,0.5692
MXD,Zoey Weil,Andrei Daescu,1d701c30-6b5d-485f-ae97-60f3b0c50896,581183e8-3d9e-459e-b69f-7337d8b6f3d2,1.6207,0.01423,0.5724
MXD,Maggie Brascia,Jay Devilliers,736475dd-7ccd-40d8-8b43-8c2d9ef9e674,295e343a-31a0-4e1d-a286-d62592291435,1.6206,0.02585,0.5704
MXD,Layne Sleeth,Nicolas Acevedo,55ed7e0a-ff2d-4ac2-aad6-b6772ef4f448,a000a067-1bf1-442f-a961-e6c97cb50006,1.6204,0.018,0.5715
MXD,Jillian Braverman,Phuc Huynh,98c2531f-f5ce-48b5-b251-eb69425d409c,0763ffeb-1b1f-41c5-ab37-d17b66e50b50,1.6203,0.08892,0.562
MXD,Vivienne David,Dekel Bar,afc0bfc9-8cd8-4600-bd45-681092186db3,89843e44-48fd-4a3f-b8c0-5f5aa6ae5741,1.6198,0.02713,0.5695
MXD,Sahra Dennehy,Quang Duong,051f5c82-82ce-4ab8-b4f8-36976638a89b,14d61e81-14d5-4cb3-ae33-d427fbc1b4f6,1.6196,0.035,0.5682
MXD,Danni-Elle Townsend,Martin Emmrich,2c4de762-88d6-47c3-8b2b-af562c5d1f93,e9849183-4693-4340-abf5-f4b6f3cb226f,1.6193,0.01937,0.5704
MXD,Carlota Trevino,Federico Staksrud,70c18684-f615-4d05-9aa9-5cbdbd53ab9f,7edb882c-6d17-4129-8208-710e3c82364c,1.6192,0.01614,0.5708
MXD,Carlota Trevino,Riley Newman,70c18684-f615-4d05-9aa9-5cbdbd53ab9f,05b194b3-db88-4f77-a26f-5ef5cfbf6146,1.6191,0.01742,0.5705
MXD,Kaitlyn Christian,Gabriel Tardio,66a6c35b-33a2-4a23-b5db-fa53c96d643a,d50310a6-9378-4228-823f-7fb54f7bd698,1.6186,0.01319,0.5708
MXD,Leigh Waters,Quang Duong,1bfba782-55f3-42e4-9889-9018e793c0b5,14d61e81-14d5-4cb3-ae33-d427fbc1b4f6,1.6185,0.04754,0.5656
MXD,Meghan Dizon,Will Howells,8f521dcc-1cb5-4c8d-933c-af6b267bd395,d0f19d1e-2a6e-4eb3-b10c-1311edd599a8,1.6182,0.01569,0.5701
MXD,Cailyn Campbell,Hayden Patriquin,9eff9049-c45c-42ee-9a49-e9a797cc2116,fc05556e-3e38-4a38-99c2-f855174a7c28,1.6181,0.01401,0.5702
MXD,Sofia Sewing,Donald Young,b9bacc1e-29b5-4a92-a9c1-24e08ac72215,aec5d8be-9ce0-4cc5-98a4-140fad555fe0,1.6179,0.02316,0.5686
MXD,Meghan Dizon,Bruno Faletto,8f521dcc-1cb5-4c8d-933c-af6b267bd395,34049405-b415-4f3a-aade-5be0111ac7db,1.6178,0.02369,0.5684
MXD,Meghan Dizon,Vanshik Kapadia,8f521dcc-1cb5-4c8d-933c-af6b267bd395,6866df42-48ad-423c-9e57-d7d4d6fb66ef,1.6178,0.04354,0.5655
MXD,Allyce Jones,Quang Duong,efe9989b-5864-48c2-806c-06697024e1da,14d61e81-14d5-4cb3-ae33-d427fbc1b4f6,1.6178,0.0332,0.567
MXD,Yana Newell,Jack Munro,655e0349-7e66-4233-b999-b6cca2298f9b,f90428f0-e4a3-4a08-a664-518ba7f188d2,1.6178,0.06456,0.5628
MXD,Allie Reichert,Eric Oncins,dcd029fb-2814-401b-a1cb-0c4269d9954b,52690a0c-ed4a-4e0b-bf69-4ef416cf7d55,1.6178,0.02469,0.5683
MXD,Alix Truong,Phuc Huynh,646f7432-e6ad-4ccf-95ee-a0e5d9514d28,0763ffeb-1b1f-41c5-ab37-d17b66e50b50,1.6177,0.04608,0.5651
MXD,Mari Humberg,Juan Benitez,b1ab7d76-a859-4136-8405-3ed7c9be287a,f4c43443-fdff-4344-b291-274cfd26361e,1.6175,0.0219,0.5685
MXD,Jessie Irvine,Federico Staksrud,8e2f9629-19d0-409d-81dc-b64fe2f3d3ff,7edb882c-6d17-4129-8208-710e3c82364c,1.6173,0.01343,0.5696
MXD,Jessie Irvine,Riley Newman,8e2f9629-19d0-409d-81dc-b64fe2f3d3ff,05b194b3-db88-4f77-a26f-5ef5cfbf6146,1.6172,0.01472,0.5694
MXD,Isabella Dunlap,Eric Oncins,719e2d3b-d10d-402d-a195-41f072214679,52690a0c-ed4a-4e0b-bf69-4ef416cf7d55,1.6172,0.01432,0.5694
MXD,Lucy Kovalova,Jay Devilliers,504e8c08-caf6-4db8-b454-11ffa321261c,295e343a-31a0-4e1d-a286-d62592291435,1.617,0.02441,0.5677
MXD,Danni-Elle Townsend,Rafa Hewett,2c4de762-88d6-47c3-8b2b-af562c5d1f93,06ba18e0-687b-4aa3-822d-1c86981f576b,1.6168,0.01711,0.5687
MXD,Jillian Braverman,Robert Slutsky,98c2531f-f5ce-48b5-b251-eb69425d409c,f6fa549d-8a9c-46fd-aeb8-af8a3f0f7a59,1.6161,0.0695,0.561
MXD,Layne Sleeth,Jack Sock,55ed7e0a-ff2d-4ac2-aad6-b6772ef4f448,3a43c56f-b9d8-4e72-ae8a-58fd69291946,1.6161,0.01781,0.5679
MXD,Kate Fahey,Christopher Haworth,3af01041-5679-400a-87b8-12c01db8cec4,a91e2b68-7357-4518-baf9-f59b0b4c2477,1.6157,0.01458,0.5681
MXD,Sofia Sewing,Martin Emmrich,b9bacc1e-29b5-4a92-a9c1-24e08ac72215,e9849183-4693-4340-abf5-f4b6f3cb226f,1.6157,0.02145,0.5671
MXD,Vivian Glozman,Oscar Serra,ff789b9c-80c4-442c-b97e-2e2311298cfb,2c2a2b82-9ec7-4046-97cb-3a199ed507af,1.6153,0.04139,0.5639
MXD,Samantha Parker,Jay Devilliers,6794d224-7da3-43d9-8300-e24e731f5dea,295e343a-31a0-4e1d-a286-d62592291435,1.615,0.01904,0.5668
MXD,Vivienne David,CJ Klinger,afc0bfc9-8cd8-4600-bd45-681092186db3,ead35052-7367-4296-96d4-064f546cc2b9,1.6149,0.02647,0.5656
MXD,Sahra Dennehy,Noe Khlif,051f5c82-82ce-4ab8-b4f8-36976638a89b,1bb8b2c1-ca6f-45ac-afdd-fab7e77d69d4,1.614,0.01557,0.5665
MXD,Jorja Johnson,Grayson Goldin,b51ea0fb-c243-4427-85f8-b798febb51ff,43df1205-e834-4427-9f1a-4e173bf93296,1.6136,0.02373,0.565
MXD,Alix Truong,Robert Slutsky,646f7432-e6ad-4ccf-95ee-a0e5d9514d28,f6fa549d-8a9c-46fd-aeb8-af8a3f0f7a59,1.6135,0.02666,0.5644
MXD,Daria Walczak,Eric Oncins,3e6b668a-8d26-4424-9420-3ceb18486b65,52690a0c-ed4a-4e0b-bf69-4ef416cf7d55,1.6134,0.01836,0.5656
MXD,Sofia Sewing,Rafa Hewett,b9bacc1e-29b5-4a92-a9c1-24e08ac72215,06ba18e0-687b-4aa3-822d-1c86981f576b,1.6133,0.01919,0.5653
MXD,Leigh Waters,Noe Khlif,1bfba782-55f3-42e4-9889-9018e793c0b5,1bb8b2c1-ca6f-45ac-afdd-fab7e77d69d4,1.6129,0.02811,0.5637
MXD,Etta Tuionetoa,Yuta Funemizu,676b1cbc-766c-4616-bf39-1787ffd8c72a,ce4f0e14-80ea-4ed0-a81c-7341d356d427,1.6128,0.01825,0.5651
MXD,Allyce Jones,Noe Khlif,efe9989b-5864-48c2-806c-06697024e1da,1bb8b2c1-ca6f-45ac-afdd-fab7e77d69d4,1.6123,0.01377,0.5653
MXD,Vivian Glozman,George Wall,ff789b9c-80c4-442c-b97e-2e2311298cfb,698c5236-e88f-411c-b44f-e54f16b2d6b5,1.612,0.04155,0.5612
MXD,Brooke Buckner,Jay Devilliers,06dc9b8a-5c01-49cf-bb4d-70d7b5f85acf,295e343a-31a0-4e1d-a286-d62592291435,1.6112,0.01592,0.5641
MXD,Etta Tuionetoa,Armaan Bhatia,676b1cbc-766c-4616-bf39-1787ffd8c72a,33292af3-984d-4752-8d18-b3a5c147e9fe,1.6111,0.01782,0.5637
MXD,Bobbi Oshiro,Augustus Ge,7f36e416-0907-43b2-8ec4-e9533088e30f,ba491f1c-0112-47a8-a348-4695289e958a,1.6106,0.0499,0.559
MXD,Eugenia Carolina Lopez Ascarate,Eric Oncins,577d1124-44c9-435d-88e9-01a146f2d177,52690a0c-ed4a-4e0b-bf69-4ef416cf7d55,1.6104,0.03259,0.561
MXD,Cailyn Campbell,Gabriel Tardio,9eff9049-c45c-42ee-9a49-e9a797cc2116,d50310a6-9378-4228-823f-7fb54f7bd698,1.6104,0.01367,0.5637
MXD,Chao Yi Wang,Yuta Funemizu,20684550-cb89-4ea2-9e2f-0f44eb920b45,ce4f0e14-80ea-4ed0-a81c-7341d356d427,1.6103,0.01819,0.563
MXD,Layne Sleeth,Phuc Huynh,55ed7e0a-ff2d-4ac2-aad6-b6772ef4f448,0763ffeb-1b1f-41c5-ab37-d17b66e50b50,1.6103,0.04755,0.559
MXD,Vivienne David,Dylan Frazier,afc0bfc9-8cd8-4600-bd45-681092186db3,1de884f8-7bf7-4b49-9de8-3f1fd74cabd6,1.6095,0.02734,0.561
MXD,Lacy Schneemann,Augustus Ge,a3ed7970-35d2-485c-8285-187c298a2d83,ba491f1c-0112-47a8-a348-4695289e958a,1.6089,0.01391,0.5624
MXD,Catherine Parenteau,Augustus Ge,9b97206b-783a-4fab-85e9-45a6240325a5,ba491f1c-0112-47a8-a348-4695289e958a,1.6086,0.01281,0.5623
MXD,Chao Yi Wang,Armaan Bhatia,20684550-cb89-4ea2-9e2f-0f44eb920b45,33292af3-984d-4752-8d18-b3a5c147e9fe,1.6085,0.01777,0.5615
MXD,Estee Widdershoven,Jay Devilliers,bf84d952-c6a8-4494-943d-064b223e764f,295e343a-31a0-4e1d-a286-d62592291435,1.6083,0.01846,0.5612
MXD,Mary Brascia,Ben Johns,1dd5c313-10f5-4e0a-bb9b-699913a5abe8,6f862c1d-1317-4fe7-bdcd-64caa0dbb088,1.608,0.02528,0.56
MXD,Maggie Brascia,Federico Staksrud,736475dd-7ccd-40d8-8b43-8c2d9ef9e674,7edb882c-6d17-4129-8208-710e3c82364c,1.6077,0.0238,0.56
MXD,Maggie Brascia,Riley Newman,736475dd-7ccd-40d8-8b43-8c2d9ef9e674,05b194b3-db88-4f77-a26f-5ef5cfbf6146,1.6076,0.02509,0.5598
MXD,Genie Erokhina,Andrei Daescu,461f063e-a587-4638-bad9-421ff33d91d7,581183e8-3d9e-459e-b69f-7337d8b6f3d2,1.6073,0.01384,0.5611
MXD,Jade Kawamoto,Oliver Frank,6cae3a50-eee6-45ea-8b28-85ef9c50e3c4,e21cb6e0-aabb-43b2-a112-c0a0a59081bf,1.6072,0.0399,0.5575
MXD,Yufei Long,Andrei Daescu,20945292-032a-47f1-93c5-d44ada6e4783,581183e8-3d9e-459e-b69f-7337d8b6f3d2,1.6072,0.02763,0.5591
MXD,Judit Castillo,Eric Oncins,ec4cdfe2-c6f6-4de1-824e-9adcaeb31196,52690a0c-ed4a-4e0b-bf69-4ef416cf7d55,1.6069,0.0169,0.5603
MXD,Vivian Glozman,Hunter Johnson,ff789b9c-80c4-442c-b97e-2e2311298cfb,8160ad59-4654-46b1-b229-8d5f2a9a45f9,1.6063,0.03124,0.5579
MXD,Layne Sleeth,Robert Slutsky,55ed7e0a-ff2d-4ac2-aad6-b6772ef4f448,f6fa549d-8a9c-46fd-aeb8-af8a3f0f7a59,1.606,0.02813,0.558
MXD,Christine Maddox,Ben Johns,3ad652aa-3fdd-4e53-8f34-dfdedc3c1901,6f862c1d-1317-4fe7-bdcd-64caa0dbb088,1.6059,0.05069,0.5553
MXD,Yana Newell,Quang Duong,655e0349-7e66-4233-b999-b6cca2298f9b,14d61e81-14d5-4cb3-ae33-d427fbc1b4f6,1.6058,0.04851,0.5554
MXD,Milan Rane,Jay Devilliers,eb14fc6e-ede1-4999-bec3-e36695e7f94e,295e343a-31a0-4e1d-a286-d62592291435,1.6056,0.01478,0.5595
MXD,Mari Humberg,John Lucian Goins,b1ab7d76-a859-4136-8405-3ed7c9be287a,e96d9339-cfb6-473d-bcb3-23f2887a3e0f,1.6054,0.01887,0.5587
MXD,Etta Tuionetoa,Dekel Bar,676b1cbc-766c-4616-bf39-1787ffd8c72a,89843e44-48fd-4a3f-b8c0-5f5aa6ae5741,1.6054,0.01602,0.5591
MXD,Ewa Radzikowska,Yuta Funemizu,1d51becb-4ea0-4878-9660-e3fd2dfaa0ea,ce4f0e14-80ea-4ed0-a81c-7341d356d427,1.6049,0.02632,0.5573
MXD,Lea Jansen,Eric Oncins,7319013d-d511-4aa5-a356-4aa2cccf94f5,52690a0c-ed4a-4e0b-bf69-4ef416cf7d55,1.6042,0.01336,0.5585
MXD,Lucy Kovalova,Federico Staksrud,504e8c08-caf6-4db8-b454-11ffa321261c,7edb882c-6d17-4129-8208-710e3c82364c,1.6042,0.02236,0.5572
MXD,Lucy Kovalova,Riley Newman,504e8c08-caf6-4db8-b454-11ffa321261c,05b194b3-db88-4f77-a26f-5ef5cfbf6146,1.6041,0.02365,0.557
MXD,Jillian Braverman,Connor Garnett,98c2531f-f5ce-48b5-b251-eb69425d409c,ff38654d-daae-4bad-a1a7-690e4e5706eb,1.6038,0.05745,0.5529
MXD,Roos Van Reek,Eric Oncins,4798e757-53f5-4e52-92aa-98172c8f7862,52690a0c-ed4a-4e0b-bf69-4ef416cf7d55,1.6034,0.03059,0.5555
MXD,Jackie Kawamoto,Mohaned Alhouni,be33755f-9262-461b-aedd-e9a7a686a82c,1bab49f1-6891-4d3e-8f77-42aa4fc1d18e,1.6033,0.01836,0.557
MXD,Mari Humberg,Luca Mack,b1ab7d76-a859-4136-8405-3ed7c9be287a,2aa8ced3-d599-4c83-86dd-ecc80196833b,1.6032,0.02467,0.5561
MXD,Ewa Radzikowska,Armaan Bhatia,1d51becb-4ea0-4878-9660-e3fd2dfaa0ea,33292af3-984d-4752-8d18-b3a5c147e9fe,1.6031,0.0259,0.5559
MXD,Danni-Elle Townsend,Tyson McGuffin,2c4de762-88d6-47c3-8b2b-af562c5d1f93,dbcb41e9-e983-410b-bc23-d184d034cfc0,1.603,0.01617,0.5571
MXD,Tyra Hurricane Black,Mohaned Alhouni,fec65f7e-f2c8-482f-ab5b-541cf53b1064,1bab49f1-6891-4d3e-8f77-42aa4fc1d18e,1.6029,0.01576,0.557
MXD,Chao Yi Wang,Dekel Bar,20684550-cb89-4ea2-9e2f-0f44eb920b45,89843e44-48fd-4a3f-b8c0-5f5aa6ae5741,1.6029,0.01597,0.557
MXD,Sahra Dennehy,Will Howells,051f5c82-82ce-4ab8-b4f8-36976638a89b,d0f19d1e-2a6e-4eb3-b10c-1311edd599a8,1.6029,0.01688,0.5569
MXD,Sahra Dennehy,Bruno Faletto,051f5c82-82ce-4ab8-b4f8-36976638a89b,34049405-b415-4f3a-aade-5be0111ac7db,1.6024,0.02488,0.5554
MXD,Sahra Dennehy,Vanshik Kapadia,051f5c82-82ce-4ab8-b4f8-36976638a89b,6866df42-48ad-423c-9e57-d7d4d6fb66ef,1.6024,0.04473,0.5531
MXD,Samantha Parker,Federico Staksrud,6794d224-7da3-43d9-8300-e24e731f5dea,7edb882c-6d17-4129-8208-710e3c82364c,1.6022,0.017,0.5562
MXD,Samantha Parker,Riley Newman,6794d224-7da3-43d9-8300-e24e731f5dea,05b194b3-db88-4f77-a26f-5ef5cfbf6146,1.6021,0.01828,0.556
MXD,Liz Truluck,Andrei Daescu,71992955-8b6f-470b-a991-796cfa56a826,581183e8-3d9e-459e-b69f-7337d8b6f3d2,1.6021,0.0139,0.5566
MXD,Leigh Waters,Will Howells,1bfba782-55f3-42e4-9889-9018e793c0b5,d0f19d1e-2a6e-4eb3-b10c-1311edd599a8,1.6018,0.02942,0.5544
MXD,Jillian Braverman,Jack Munro,98c2531f-f5ce-48b5-b251-eb69425d409c,f90428f0-e4a3-4a08-a664-518ba7f188d2,1.6014,0.09196,0.5478
MXD,Meghan Dizon,Yuta Funemizu,8f521dcc-1cb5-4c8d-933c-af6b267bd395,ce4f0e14-80ea-4ed0-a81c-7341d356d427,1.6013,0.01799,0.5554
MXD,Leigh Waters,Bruno Faletto,1bfba782-55f3-42e4-9889-9018e793c0b5,34049405-b415-4f3a-aade-5be0111ac7db,1.6013,0.03741,0.553
MXD,Leigh Waters,Vanshik Kapadia,1bfba782-55f3-42e4-9889-9018e793c0b5,6866df42-48ad-423c-9e57-d7d4d6fb66ef,1.6013,0.05727,0.5509
MXD,Allyce Jones,Will Howells,efe9989b-5864-48c2-806c-06697024e1da,d0f19d1e-2a6e-4eb3-b10c-1311edd599a8,1.6012,0.01508,0.5556
MXD,Alix Truong,Connor Garnett,646f7432-e6ad-4ccf-95ee-a0e5d9514d28,ff38654d-daae-4bad-a1a7-690e4e5706eb,1.6012,0.0146,0.5558
MXD,Allyce Jones,Bruno Faletto,efe9989b-5864-48c2-806c-06697024e1da,34049405-b415-4f3a-aade-5be0111ac7db,1.6007,0.02307,0.5542
MXD,Allyce Jones,Vanshik Kapadia,efe9989b-5864-48c2-806c-06697024e1da,6866df42-48ad-423c-9e57-d7d4d6fb66ef,1.6007,0.04293,0.5519
MXD,Etta Tuionetoa,CJ Klinger,676b1cbc-766c-4616-bf39-1787ffd8c72a,ead35052-7367-4296-96d4-064f546cc2b9,1.6005,0.01536,0.5551
MXD,Yana Newell,Noe Khlif,655e0349-7e66-4233-b999-b6cca2298f9b,1bb8b2c1-ca6f-45ac-afdd-fab7e77d69d4,1.6003,0.02908,0.5531
MXD,Marianna Petrei,Christian Alshon,12890797-7355-49ca-848e-56d67e33c4de,79a11da1-6aeb-4719-9b1e-9918e0163cec,1.6003,0.03142,0.5529
MXD,Jorja Johnson,Hoang Nam Ly,b51ea0fb-c243-4427-85f8-b798febb51ff,f1151ea2-759d-4d9f-a5b9-5ccd966dc3ca,1.5999,0.0256,0.5532
MXD,Kiora Kunimoto,Ben Johns,a95df9a8-772c-4dbf-8c28-e200b7308584,6f862c1d-1317-4fe7-bdcd-64caa0dbb088,1.5996,0.01549,0.5542
MXD,Jade Kawamoto,Grayson Goldin,6cae3a50-eee6-45ea-8b28-85ef9c50e3c4,43df1205-e834-4427-9f1a-4e173bf93296,1.5995,0.02568,0.5529
MXD,Meghan Dizon,Armaan Bhatia,8f521dcc-1cb5-4c8d-933c-af6b267bd395,33292af3-984d-4752-8d18-b3a5c147e9fe,1.5995,0.01756,0.5539
MXD,Sofia Sewing,Tyson McGuffin,b9bacc1e-29b5-4a92-a9c1-24e08ac72215,dbcb41e9-e983-410b-bc23-d184d034cfc0,1.5994,0.01825,0.5537
MXD,Alix Truong,Jack Munro,646f7432-e6ad-4ccf-95ee-a0e5d9514d28,f90428f0-e4a3-4a08-a664-518ba7f188d2,1.5988,0.04911,0.5497
MXD,Shelby Bates,Eric Oncins,ded801fd-297a-4761-b63e-d8fbbfeb5762,52690a0c-ed4a-4e0b-bf69-4ef416cf7d55,1.5987,0.03572,0.551
MXD,Zoey Weil,Eric Oncins,1d701c30-6b5d-485f-ae97-60f3b0c50896,52690a0c-ed4a-4e0b-bf69-4ef416cf7d55,1.5985,0.01471,0.5534
MXD,Brooke Buckner,Federico Staksrud,06dc9b8a-5c01-49cf-bb4d-70d7b5f85acf,7edb882c-6d17-4129-8208-710e3c82364c,1.5984,0.01387,0.5534
MXD,Brooke Buckner,Riley Newman,06dc9b8a-5c01-49cf-bb4d-70d7b5f85acf,05b194b3-db88-4f77-a26f-5ef5cfbf6146,1.5983,0.01516,0.5532
MXD,Chao Yi Wang,CJ Klinger,20684550-cb89-4ea2-9e2f-0f44eb920b45,ead35052-7367-4296-96d4-064f546cc2b9,1.598,0.0153,0.5529
MXD,Ewa Radzikowska,Dekel Bar,1d51becb-4ea0-4878-9660-e3fd2dfaa0ea,89843e44-48fd-4a3f-b8c0-5f5aa6ae5741,1.5975,0.0241,0.5514
MXD,Mari Humberg,Donald Young,b1ab7d76-a859-4136-8405-3ed7c9be287a,aec5d8be-9ce0-4cc5-98a4-140fad555fe0,1.5974,0.0204,0.5517
MXD,Kate Fahey,Mohaned Alhouni,3af01041-5679-400a-87b8-12c01db8cec4,1bab49f1-6891-4d3e-8f77-42aa4fc1d18e,1.5972,0.01421,0.5524
MXD,Ting Chieh Wei,Thomas Wilson,29e8121d-6f86-4192-b7af-ab05b77b89fe,12d79cbe-b5c7-4504-ab8f-f352a6bb8629,1.597,0.05289,0.548
MXD,Vivienne David,Augustus Ge,afc0bfc9-8cd8-4600-bd45-681092186db3,ba491f1c-0112-47a8-a348-4695289e958a,1.5962,0.02562,0.5502
MXD,Vivian Glozman,Roscoe Bellamy,ff789b9c-80c4-442c-b97e-2e2311298cfb,925c1306-6b3b-4510-8482-f34168a0842a,1.5957,0.03051,0.5492
MXD,Allie Reichert,Jay Devilliers,dcd029fb-2814-401b-a1cb-0c4269d9954b,295e343a-31a0-4e1d-a286-d62592291435,1.5956,0.02619,0.5496
MXD,Estee Widdershoven,Federico Staksrud,bf84d952-c6a8-4494-943d-064b223e764f,7edb882c-6d17-4129-8208-710e3c82364c,1.5954,0.01641,0.5506
MXD,Estee Widdershoven,Riley Newman,bf84d952-c6a8-4494-943d-064b223e764f,05b194b3-db88-4f77-a26f-5ef5cfbf6146,1.5953,0.0177,0.5503
MXD,Mari Humberg,Martin Emmrich,b1ab7d76-a859-4136-8405-3ed7c9be287a,e9849183-4693-4340-abf5-f4b6f3cb226f,1.5952,0.01869,0.5501
MXD,Etta Tuionetoa,Dylan Frazier,676b1cbc-766c-4616-bf39-1787ffd8c72a,1de884f8-7bf7-4b49-9de8-3f1fd74cabd6,1.5951,0.01623,0.5503
MXD,Isabella Dunlap,Jay Devilliers,719e2d3b-d10d-402d-a195-41f072214679,295e343a-31a0-4e1d-a286-d62592291435,1.595,0.01582,0.5503
MXD,Bobbi Oshiro,Oscar Serra,7f36e416-0907-43b2-8ec4-e9533088e30f,2c2a2b82-9ec7-4046-97cb-3a199ed507af,1.5942,0.06265,0.5449
MXD,Meghan Dizon,Dekel Bar,8f521dcc-1cb5-4c8d-933c-af6b267bd395,89843e44-48fd-4a3f-b8c0-5f5aa6ae5741,1.5939,0.01576,0.5493
MXD,Layne Sleeth,Connor Garnett,55ed7e0a-ff2d-4ac2-aad6-b6772ef4f448,ff38654d-daae-4bad-a1a7-690e4e5706eb,1.5938,0.01608,0.5492
MXD,Parris Todd,Oliver Frank,1728d016-1f02-4789-be73-63d12d5a5b42,e21cb6e0-aabb-43b2-a112-c0a0a59081bf,1.5935,0.03878,0.5465
MXD,Jillian Braverman,Quang Duong,98c2531f-f5ce-48b5-b251-eb69425d409c,14d61e81-14d5-4cb3-ae33-d427fbc1b4f6,1.5931,0.07591,0.5429
MXD,Milan Rane,Federico Staksrud,eb14fc6e-ede1-4999-bec3-e36695e7f94e,7edb882c-6d17-4129-8208-710e3c82364c,1.5928,0.01274,0.5488
MXD,Mari Humberg,Rafa Hewett,b1ab7d76-a859-4136-8405-3ed7c9be287a,06ba18e0-687b-4aa3-822d-1c86981f576b,1.5927,0.01643,0.5483
MXD,Milan Rane,Riley Newman,eb14fc6e-ede1-4999-bec3-e36695e7f94e,05b194b3-db88-4f77-a26f-5ef5cfbf6146,1.5927,0.01402,0.5485
MXD,Chao Yi Wang,Dylan Frazier,20684550-cb89-4ea2-9e2f-0f44eb920b45,1de884f8-7bf7-4b49-9de8-3f1fd74cabd6,1.5926,0.01617,0.5481
MXD,Ewa Radzikowska,CJ Klinger,1d51becb-4ea0-4878-9660-e3fd2dfaa0ea,ead35052-7367-4296-96d4-064f546cc2b9,1.5926,0.02344,0.5474
MXD,Lacy Schneemann,Oscar Serra,a3ed7970-35d2-485c-8285-187c298a2d83,2c2a2b82-9ec7-4046-97cb-3a199ed507af,1.5925,0.02666,0.5469
MXD,Catherine Parenteau,Oscar Serra,9b97206b-783a-4fab-85e9-45a6240325a5,2c2a2b82-9ec7-4046-97cb-3a199ed507af,1.5921,0.02556,0.5468
MXD,Vivian Glozman,Anderson Scarpa,ff789b9c-80c4-442c-b97e-2e2311298cfb,fa8d5d28-d8f5-4996-8c35-0f4ca3c35bae,1.5919,0.03241,0.5459
MXD,Layne Sleeth,Jack Munro,55ed7e0a-ff2d-4ac2-aad6-b6772ef4f448,f90428f0-e4a3-4a08-a664-518ba7f188d2,1.5913,0.05059,0.5437
MXD,Daria Walczak,Jay Devilliers,3e6b668a-8d26-4424-9420-3ceb18486b65,295e343a-31a0-4e1d-a286-d62592291435,1.5912,0.01986,0.5466
MXD,Bobbi Oshiro,George Wall,7f36e416-0907-43b2-8ec4-e9533088e30f,698c5236-e88f-411c-b44f-e54f16b2d6b5,1.5909,0.06282,0.5423
MXD,Alix Truong,Quang Duong,646f7432-e6ad-4ccf-95ee-a0e5d9514d28,14d61e81-14d5-4cb3-ae33-d427fbc1b4f6,1.5905,0.03306,0.5447
MXD,Callie Smith,Christian Alshon,0c1bb94d-3af2-42f4-b938-d712c707ace4,79a11da1-6aeb-4719-9b1e-9918e0163cec,1.5895,0.01534,0.5456
MXD,Lacy Schneemann,George Wall,a3ed7970-35d2-485c-8285-187c298a2d83,698c5236-e88f-411c-b44f-e54f16b2d6b5,1.5891,0.02682,0.5441
MXD,Yana Newell,Will Howells,655e0349-7e66-4233-b999-b6cca2298f9b,d0f19d1e-2a6e-4eb3-b10c-1311edd599a8,1.5891,0.03038,0.5438
MXD,Danni-Elle Townsend,Tama Shimabukuro,2c4de762-88d6-47c3-8b2b-af562c5d1f93,4af4d4d1-9f87-4dc7-95f2-b10751d44c15,1.589,0.01516,0.5452
MXD,Vivian Glozman,Thomas Yu,ff789b9c-80c4-442c-b97e-2e2311298cfb,8c94d7b2-0dce-455e-916f-e35927d53547,1.589,0.0467,0.5421
MXD,Meghan Dizon,CJ Klinger,8f521dcc-1cb5-4c8d-933c-af6b267bd395,ead35052-7367-4296-96d4-064f546cc2b9,1.589,0.0151,0.5452
MXD,Catherine Parenteau,George Wall,9b97206b-783a-4fab-85e9-45a6240325a5,698c5236-e88f-411c-b44f-e54f16b2d6b5,1.5888,0.02572,0.544
MXD,Danni-Elle Townsend,Patrick Kawka,2c4de762-88d6-47c3-8b2b-af562c5d1f93,6876576c-b20e-47e3-99e4-d32759cc9f48,1.5887,0.04934,0.5417
MXD,Yana Newell,Bruno Faletto,655e0349-7e66-4233-b999-b6cca2298f9b,34049405-b415-4f3a-aade-5be0111ac7db,1.5887,0.03838,0.5426
MXD,Yana Newell,Vanshik Kapadia,655e0349-7e66-4233-b999-b6cca2298f9b,6866df42-48ad-423c-9e57-d7d4d6fb66ef,1.5887,0.05823,0.541
MXD,Eugenia Carolina Lopez Ascarate,Jay Devilliers,577d1124-44c9-435d-88e9-01a146f2d177,295e343a-31a0-4e1d-a286-d62592291435,1.5881,0.03409,0.5426
MXD,Vivian Glozman,Joseph Wild,ff789b9c-80c4-442c-b97e-2e2311298cfb,a51b59c5-1a13-4472-821a-eb9866e72adf,1.588,0.0391,0.542
MXD,Jillian Braverman,Noe Khlif,98c2531f-f5ce-48b5-b251-eb69425d409c,1bb8b2c1-ca6f-45ac-afdd-fab7e77d69d4,1.5875,0.05648,0.5402
MXD,Ewa Radzikowska,Dylan Frazier,1d51becb-4ea0-4878-9660-e3fd2dfaa0ea,1de884f8-7bf7-4b49-9de8-3f1fd74cabd6,1.5872,0.0243,0.5427
MXD,Carlota Trevino,Thomas Wilson,70c18684-f615-4d05-9aa9-5cbdbd53ab9f,12d79cbe-b5c7-4504-ab8f-f352a6bb8629,1.5869,0.05482,0.5399
MXD,Sahra Dennehy,Yuta Funemizu,051f5c82-82ce-4ab8-b4f8-36976638a89b,ce4f0e14-80ea-4ed0-a81c-7341d356d427,1.586,0.01917,0.5422
MXD,Parris Todd,Grayson Goldin,1728d016-1f02-4789-be73-63d12d5a5b42,43df1205-e834-4427-9f1a-4e173bf93296,1.5858,0.02455,0.5415
MXD,Jade Kawamoto,Hoang Nam Ly,6cae3a50-eee6-45ea-8b28-85ef9c50e3c4,f1151ea2-759d-4d9f-a5b9-5ccd966dc3ca,1.5858,0.02755,0.5412
MXD,Alix Truong,Noe Khlif,646f7432-e6ad-4ccf-95ee-a0e5d9514d28,1bb8b2c1-ca6f-45ac-afdd-fab7e77d69d4,1.5857,0.01363,0.5426
MXD,Sofia Sewing,Tama Shimabukuro,b9bacc1e-29b5-4a92-a9c1-24e08ac72215,4af4d4d1-9f87-4dc7-95f2-b10751d44c15,1.5855,0.01724,0.542
MXD,Bobbi Oshiro,Hunter Johnson,7f36e416-0907-43b2-8ec4-e9533088e30f,8160ad59-4654-46b1-b229-8d5f2a9a45f9,1.5852,0.0525,0.5387
MXD,Genie Erokhina,Eric Oncins,461f063e-a587-4638-bad9-421ff33d91d7,52690a0c-ed4a-4e0b-bf69-4ef416cf7d55,1.5852,0.01432,0.542
MXD,Sofia Sewing,Patrick Kawka,b9bacc1e-29b5-4a92-a9c1-24e08ac72215,6876576c-b20e-47e3-99e4-d32759cc9f48,1.5851,0.05143,0.5387
MXD,Yufei Long,Eric Oncins,20945292-032a-47f1-93c5-d44ada6e4783,52690a0c-ed4a-4e0b-bf69-4ef416cf7d55,1.5851,0.02811,0.5406
MXD,Jessie Irvine,Thomas Wilson,8e2f9629-19d0-409d-81dc-b64fe2f3d3ff,12d79cbe-b5c7-4504-ab8f-f352a6bb8629,1.585,0.05212,0.5386
MXD,Leigh Waters,Yuta Funemizu,1bfba782-55f3-42e4-9889-9018e793c0b5,ce4f0e14-80ea-4ed0-a81c-7341d356d427,1.5849,0.03171,0.5401
MXD,Judit Castillo,Jay Devilliers,ec4cdfe2-c6f6-4de1-824e-9adcaeb31196,295e343a-31a0-4e1d-a286-d62592291435,1.5847,0.0184,0.5412
MXD,Mary Brascia,JW Johnson,1dd5c313-10f5-4e0a-bb9b-699913a5abe8,bd061b42-2f82-4bbe-82be-d8bcfb37f9e1,1.5847,0.02692,0.5404
MXD,Sahra Dennehy,Armaan Bhatia,051f5c82-82ce-4ab8-b4f8-36976638a89b,33292af3-984d-4752-8d18-b3a5c147e9fe,1.5842,0.01875,0.5407
MXD,Allyce Jones,Yuta Funemizu,efe9989b-5864-48c2-806c-06697024e1da,ce4f0e14-80ea-4ed0-a81c-7341d356d427,1.5842,0.01737,0.5409
MXD,Meghan Dizon,Dylan Frazier,8f521dcc-1cb5-4c8d-933c-af6b267bd395,1de884f8-7bf7-4b49-9de8-3f1fd74cabd6,1.5836,0.01597,0.5405
MXD,Lacy Schneemann,Hunter Johnson,a3ed7970-35d2-485c-8285-187c298a2d83,8160ad59-4654-46b1-b229-8d5f2a9a45f9,1.5835,0.01651,0.5403
MXD,Catherine Parenteau,Hunter Johnson,9b97206b-783a-4fab-85e9-45a6240325a5,8160ad59-4654-46b1-b229-8d5f2a9a45f9,1.5831,0.01541,0.5401
MXD,Leigh Waters,Armaan Bhatia,1bfba782-55f3-42e4-9889-9018e793c0b5,33292af3-984d-4752-8d18-b3a5c147e9fe,1.5831,0.03129,0.5387
MXD,Layne Sleeth,Quang Duong,55ed7e0a-ff2d-4ac2-aad6-b6772ef4f448,14d61e81-14d5-4cb3-ae33-d427fbc1b4f6,1.5831,0.03454,0.5384
MXD,Vivian Glozman,Harsh Mehta,ff789b9c-80c4-442c-b97e-2e2311298cfb,c18fb17d-e0bb-415c-901b-fa2f928ab22c,1.5828,0.04757,0.5372
MXD,Allie Reichert,Federico Staksrud,dcd029fb-2814-401b-a1cb-0c4269d9954b,7edb882c-6d17-4129-8208-710e3c82364c,1.5828,0.02415,0.539
MXD,Allie Reichert,Riley Newman,dcd029fb-2814-401b-a1cb-0c4269d9954b,05b194b3-db88-4f77-a26f-5ef5cfbf6146,1.5827,0.02543,0.5389
MXD,Christine Maddox,JW Johnson,3ad652aa-3fdd-4e53-8f34-dfdedc3c1901,bd061b42-2f82-4bbe-82be-d8bcfb37f9e1,1.5827,0.05233,0.5367
MXD,Allyce Jones,Armaan Bhatia,efe9989b-5864-48c2-806c-06697024e1da,33292af3-984d-4752-8d18-b3a5c147e9fe,1.5825,0.01695,0.5394
MXD,Tina Pisnik,Oliver Frank,f879086b-e0e5-4772-b0a6-4055c265da69,e21cb6e0-aabb-43b2-a112-c0a0a59081bf,1.5824,0.03795,0.5376
MXD,Isabella Dunlap,Federico Staksrud,719e2d3b-d10d-402d-a195-41f072214679,7edb882c-6d17-4129-8208-710e3c82364c,1.5822,0.01377,0.5395
MXD,Isabella Dunlap,Riley Newman,719e2d3b-d10d-402d-a195-41f072214679,05b194b3-db88-4f77-a26f-5ef5cfbf6146,1.5821,0.01506,0.5393
MXD,Lea Jansen,Jay Devilliers,7319013d-d511-4aa5-a356-4aa2cccf94f5,295e343a-31a0-4e1d-a286-d62592291435,1.582,0.01486,0.5392
MXD,Etta Tuionetoa,Augustus Ge,676b1cbc-766c-4616-bf39-1787ffd8c72a,ba491f1c-0112-47a8-a348-4695289e958a,1.5819,0.01451,0.5391
MXD,Roos Van Reek,Jay Devilliers,4798e757-53f5-4e52-92aa-98172c8f7862,295e343a-31a0-4e1d-a286-d62592291435,1.5812,0.03209,0.537
MXD,Mary Brascia,Hayden Patriquin,1dd5c313-10f5-4e0a-bb9b-699913a5abe8,fc05556e-3e38-4a38-99c2-f855174a7c28,1.5805,0.02533,0.5371
MXD,Danni-Elle Townsend,Tristan Dussault,2c4de762-88d6-47c3-8b2b-af562c5d1f93,3cab1673-2522-4dd5-ba07-2a1b88749d86,1.5802,0.02785,0.5366
MXD,Liz Truluck,Eric Oncins,71992955-8b6f-470b-a991-796cfa56a826,52690a0c-ed4a-4e0b-bf69-4ef416cf7d55,1.58,0.01438,0.5375
MXD,Vivienne David,Oscar Serra,afc0bfc9-8cd8-4600-bd45-681092186db3,2c2a2b82-9ec7-4046-97cb-3a199ed507af,1.5798,0.03838,0.5354
MXD,Vivian Glozman,Hien Truong,ff789b9c-80c4-442c-b97e-2e2311298cfb,524b89ad-b76b-40b4-a0db-736bdc7b8adb,1.5797,0.04563,0.5348
MXD,Chao Yi Wang,Augustus Ge,20684550-cb89-4ea2-9e2f-0f44eb920b45,ba491f1c-0112-47a8-a348-4695289e958a,1.5793,0.01446,0.5369
MXD,Layne Sleeth,Noe Khlif,55ed7e0a-ff2d-4ac2-aad6-b6772ef4f448,1bb8b2c1-ca6f-45ac-afdd-fab7e77d69d4,1.5792,0.01511,0.5368
MXD,Mari Humberg,Tyson McGuffin,b1ab7d76-a859-4136-8405-3ed7c9be287a,dbcb41e9-e983-410b-bc23-d184d034cfc0,1.5789,0.01549,0.5365
MXD,Sahra Dennehy,Dekel Bar,051f5c82-82ce-4ab8-b4f8-36976638a89b,89843e44-48fd-4a3f-b8c0-5f5aa6ae5741,1.5785,0.01695,0.536
MXD,Christine Maddox,Hayden Patriquin,3ad652aa-3fdd-4e53-8f34-dfdedc3c1901,fc05556e-3e38-4a38-99c2-f855174a7c28,1.5785,0.05074,0.5335
MXD,Daria Walczak,Federico Staksrud,3e6b668a-8d26-4424-9420-3ceb18486b65,7edb882c-6d17-4129-8208-710e3c82364c,1.5784,0.01781,0.5359
MXD,Daria Walczak,Riley Newman,3e6b668a-8d26-4424-9420-3ceb18486b65,05b194b3-db88-4f77-a26f-5ef5cfbf6146,1.5783,0.0191,0.5357
MXD,Ting Chieh Wei,Nicolas Acevedo,29e8121d-6f86-4192-b7af-ab05b77b89fe,a000a067-1bf1-442f-a961-e6c97cb50006,1.5779,0.01643,0.5356
MXD,Leigh Waters,Dekel Bar,1bfba782-55f3-42e4-9889-9018e793c0b5,89843e44-48fd-4a3f-b8c0-5f5aa6ae5741,1.5774,0.02949,0.5341
MXD,Vivian Glozman,Etienne Blaszkewycz,ff789b9c-80c4-442c-b97e-2e2311298cfb,d3e486f2-7c25-4bcf-b9dd-81c14f644f60,1.5769,0.03678,0.5332
MXD,Allyce Jones,Dekel Bar,efe9989b-5864-48c2-806c-06697024e1da,89843e44-48fd-4a3f-b8c0-5f5aa6ae5741,1.5768,0.01515,0.5347
MXD,Sofia Sewing,Tristan Dussault,b9bacc1e-29b5-4a92-a9c1-24e08ac72215,3cab1673-2522-4dd5-ba07-2a1b88749d86,1.5766,0.02993,0.5334
MXD,Vivienne David,George Wall,afc0bfc9-8cd8-4600-bd45-681092186db3,698c5236-e88f-411c-b44f-e54f16b2d6b5,1.5765,0.03854,0.5327
MXD,Jillian Braverman,Will Howells,98c2531f-f5ce-48b5-b251-eb69425d409c,d0f19d1e-2a6e-4eb3-b10c-1311edd599a8,1.5764,0.05778,0.5314
MXD,Shelby Bates,Jay Devilliers,ded801fd-297a-4761-b63e-d8fbbfeb5762,295e343a-31a0-4e1d-a286-d62592291435,1.5764,0.03722,0.5327
MXD,Kiora Kunimoto,JW Johnson,a95df9a8-772c-4dbf-8c28-e200b7308584,bd061b42-2f82-4bbe-82be-d8bcfb37f9e1,1.5763,0.01713,0.5341
MXD,Zoey Weil,Jay Devilliers,1d701c30-6b5d-485f-ae97-60f3b0c50896,295e343a-31a0-4e1d-a286-d62592291435,1.5763,0.01621,0.5342
MXD,Jillian Braverman,Bruno Faletto,98c2531f-f5ce-48b5-b251-eb69425d409c,34049405-b415-4f3a-aade-5be0111ac7db,1.5759,0.06578,0.5306
MXD,Jillian Braverman,Vanshik Kapadia,98c2531f-f5ce-48b5-b251-eb69425d409c,6866df42-48ad-423c-9e57-d7d4d6fb66ef,1.5759,0.08563,0.5295
MXD,Rachel Rohrabacher,Oliver Frank,50908953-a944-4a34-898b-16af312bc814,e21cb6e0-aabb-43b2-a112-c0a0a59081bf,1.5756,0.03762,0.5321
MXD,Maggie Brascia,Thomas Wilson,736475dd-7ccd-40d8-8b43-8c2d9ef9e674,12d79cbe-b5c7-4504-ab8f-f352a6bb8629,1.5754,0.06249,0.5304
MXD,Eugenia Carolina Lopez Ascarate,Federico Staksrud,577d1124-44c9-435d-88e9-01a146f2d177,7edb882c-6d17-4129-8208-710e3c82364c,1.5753,0.03205,0.5322
MXD,Eugenia Carolina Lopez Ascarate,Riley Newman,577d1124-44c9-435d-88e9-01a146f2d177,05b194b3-db88-4f77-a26f-5ef5cfbf6146,1.5752,0.03333,0.532
MXD,Tina Pisnik,Grayson Goldin,f879086b-e0e5-4772-b0a6-4055c265da69,43df1205-e834-4427-9f1a-4e173bf93296,1.5747,0.02373,0.5323
MXD,Alix Truong,Will Howells,646f7432-e6ad-4ccf-95ee-a0e5d9514d28,d0f19d1e-2a6e-4eb3-b10c-1311edd599a8,1.5746,0.01494,0.5329
MXD,Bobbi Oshiro,Roscoe Bellamy,7f36e416-0907-43b2-8ec4-e9533088e30f,925c1306-6b3b-4510-8482-f34168a0842a,1.5745,0.05177,0.5303
MXD,Alix Truong,Bruno Faletto,646f7432-e6ad-4ccf-95ee-a0e5d9514d28,34049405-b415-4f3a-aade-5be0111ac7db,1.5741,0.02293,0.5319
MXD,Alix Truong,Vanshik Kapadia,646f7432-e6ad-4ccf-95ee-a0e5d9514d28,6866df42-48ad-423c-9e57-d7d4d6fb66ef,1.5741,0.04279,0.5305
MXD,Ewa Radzikowska,Augustus Ge,1d51becb-4ea0-4878-9660-e3fd2dfaa0ea,ba491f1c-0112-47a8-a348-4695289e958a,1.5739,0.02259,0.5317
MXD,Sahra Dennehy,CJ Klinger,051f5c82-82ce-4ab8-b4f8-36976638a89b,ead35052-7367-4296-96d4-064f546cc2b9,1.5737,0.01628,0.532
MXD,Ting Chieh Wei,Jack Sock,29e8121d-6f86-4192-b7af-ab05b77b89fe,3a43c56f-b9d8-4e72-ae8a-58fd69291946,1.5736,0.01625,0.5319
MXD,Vivian Glozman,Pablo Tellez,ff789b9c-80c4-442c-b97e-2e2311298cfb,52726ab1-2ac9-46c0-be90-6b0e7a2d56eb,1.5735,0.03084,0.5307
MXD,Vivian Glozman,Alex Emery,ff789b9c-80c4-442c-b97e-2e2311298cfb,5c817399-aea7-481d-9a83-aab7431eabc1,1.5732,0.0523,0.5292
MXD,Vivian Glozman,Jaume Martinez Vich,ff789b9c-80c4-442c-b97e-2e2311298cfb,cc8832b9-9a8f-4cbc-8eff-b20e9a7ff09a,1.5731,0.02894,0.5306
MXD,Lacy Schneemann,Roscoe Bellamy,a3ed7970-35d2-485c-8285-187c298a2d83,925c1306-6b3b-4510-8482-f34168a0842a,1.5728,0.01578,0.5313
MXD,Mary Brascia,Gabriel Tardio,1dd5c313-10f5-4e0a-bb9b-699913a5abe8,d50310a6-9378-4228-823f-7fb54f7bd698,1.5727,0.02499,0.5305
MXD,Leigh Waters,CJ Klinger,1bfba782-55f3-42e4-9889-9018e793c0b5,ead35052-7367-4296-96d4-064f546cc2b9,1.5726,0.02882,0.5302
MXD,Catherine Parenteau,Roscoe Bellamy,9b97206b-783a-4fab-85e9-45a6240325a5,925c1306-6b3b-4510-8482-f34168a0842a,1.5725,0.01468,0.5311
MXD,Kaitlyn Christian,Christian Alshon,66a6c35b-33a2-4a23-b5db-fa53c96d643a,79a11da1-6aeb-4719-9b1e-9918e0163cec,1.5725,0.01363,0.5312
MXD,Yana Newell,Yuta Funemizu,655e0349-7e66-4233-b999-b6cca2298f9b,ce4f0e14-80ea-4ed0-a81c-7341d356d427,1.5722,0.03267,0.5296
MXD,Kiora Kunimoto,Hayden Patriquin,a95df9a8-772c-4dbf-8c28-e200b7308584,fc05556e-3e38-4a38-99c2-f855174a7c28,1.5721,0.01554,0.5307
MXD,Parris Todd,Hoang Nam Ly,1728d016-1f02-4789-be73-63d12d5a5b42,f1151ea2-759d-4d9f-a5b9-5ccd966dc3ca,1.572,0.02643,0.5299
MXD,Allyce Jones,CJ Klinger,efe9989b-5864-48c2-806c-06697024e1da,ead35052-7367-4296-96d4-064f546cc2b9,1.5719,0.01448,0.5306
MXD,Judit Castillo,Federico Staksrud,ec4cdfe2-c6f6-4de1-824e-9adcaeb31196,7edb882c-6d17-4129-8208-710e3c82364c,1.5719,0.01635,0.5305
MXD,Lucy Kovalova,Thomas Wilson,504e8c08-caf6-4db8-b454-11ffa321261c,12d79cbe-b5c7-4504-ab8f-f352a6bb8629,1.5719,0.06105,0.5277
MXD,Judit Castillo,Riley Newman,ec4cdfe2-c6f6-4de1-824e-9adcaeb31196,05b194b3-db88-4f77-a26f-5ef5cfbf6146,1.5718,0.01764,0.5303
MXD,Vivian Glozman,Max Freeman,ff789b9c-80c4-442c-b97e-2e2311298cfb,b03ff4de-9b8f-46a8-a530-d8f19e9d6ec9,1.5712,0.02996,0.5289
MXD,Bobbi Oshiro,Anderson Scarpa,7f36e416-0907-43b2-8ec4-e9533088e30f,fa8d5d28-d8f5-4996-8c35-0f4ca3c35bae,1.5708,0.05367,0.5272
MXD,Vivienne David,Hunter Johnson,afc0bfc9-8cd8-4600-bd45-681092186db3,8160ad59-4654-46b1-b229-8d5f2a9a45f9,1.5708,0.02823,0.5287
MXD,Christine Maddox,Gabriel Tardio,3ad652aa-3fdd-4e53-8f34-dfdedc3c1901,d50310a6-9378-4228-823f-7fb54f7bd698,1.5707,0.05039,0.5274
MXD,Yana Newell,Armaan Bhatia,655e0349-7e66-4233-b999-b6cca2298f9b,33292af3-984d-4752-8d18-b3a5c147e9fe,1.5705,0.03225,0.5282
MXD,Meghan Dizon,Augustus Ge,8f521dcc-1cb5-4c8d-933c-af6b267bd395,ba491f1c-0112-47a8-a348-4695289e958a,1.5703,0.01425,0.5293
MXD,Samantha Parker,Thomas Wilson,6794d224-7da3-43d9-8300-e24e731f5dea,12d79cbe-b5c7-4504-ab8f-f352a6bb8629,1.5699,0.05568,0.5264
MXD,Layne Sleeth,Will Howells,55ed7e0a-ff2d-4ac2-aad6-b6772ef4f448,d0f19d1e-2a6e-4eb3-b10c-1311edd599a8,1.5695,0.01641,0.5284
MXD,Lea Jansen,Federico Staksrud,7319013d-d511-4aa5-a356-4aa2cccf94f5,7edb882c-6d17-4129-8208-710e3c82364c,1.5692,0.01282,0.5283
MXD,Lea Jansen,Riley Newman,7319013d-d511-4aa5-a356-4aa2cccf94f5,05b194b3-db88-4f77-a26f-5ef5cfbf6146,1.5691,0.0141,0.5282
MXD,Lacy Schneemann,Anderson Scarpa,a3ed7970-35d2-485c-8285-187c298a2d83,fa8d5d28-d8f5-4996-8c35-0f4ca3c35bae,1.569,0.01768,0.5279
MXD,Layne Sleeth,Bruno Faletto,55ed7e0a-ff2d-4ac2-aad6-b6772ef4f448,34049405-b415-4f3a-aade-5be0111ac7db,1.569,0.02441,0.5274
MXD,Layne Sleeth,Vanshik Kapadia,55ed7e0a-ff2d-4ac2-aad6-b6772ef4f448,6866df42-48ad-423c-9e57-d7d4d6fb66ef,1.569,0.04426,0.5263
MXD,Catherine Parenteau,Anderson Scarpa,9b97206b-783a-4fab-85e9-45a6240325a5,fa8d5d28-d8f5-4996-8c35-0f4ca3c35bae,1.5687,0.01658,0.5277
MXD,Vivian Glozman,Connor Mogle,ff789b9c-80c4-442c-b97e-2e2311298cfb,3d9c8684-953f-4008-b355-b6104ee56a5b,1.5685,0.03198,0.5266
MXD,Roos Van Reek,Federico Staksrud,4798e757-53f5-4e52-92aa-98172c8f7862,7edb882c-6d17-4129-8208-710e3c82364c,1.5683,0.03004,0.5265
MXD,Roos Van Reek,Riley Newman,4798e757-53f5-4e52-92aa-98172c8f7862,05b194b3-db88-4f77-a26f-5ef5cfbf6146,1.5683,0.03133,0.5264
MXD,Sahra Dennehy,Dylan Frazier,051f5c82-82ce-4ab8-b4f8-36976638a89b,1de884f8-7bf7-4b49-9de8-3f1fd74cabd6,1.5682,0.01715,0.5272
MXD,Marianna Petrei,Andrei Daescu,12890797-7355-49ca-848e-56d67e33c4de,581183e8-3d9e-459e-b69f-7337d8b6f3d2,1.5682,0.03101,0.5263
MXD,Rachel Rohrabacher,Grayson Goldin,50908953-a944-4a34-898b-16af312bc814,43df1205-e834-4427-9f1a-4e173bf93296,1.568,0.0234,0.5266
MXD,Carlota Trevino,Nicolas Acevedo,70c18684-f615-4d05-9aa9-5cbdbd53ab9f,a000a067-1bf1-442f-a961-e6c97cb50006,1.5679,0.01837,0.5269
MXD,Bobbi Oshiro,Thomas Yu,7f36e416-0907-43b2-8ec4-e9533088e30f,8c94d7b2-0dce-455e-916f-e35927d53547,1.5678,0.06796,0.5242
MXD,Ting Chieh Wei,Phuc Huynh,29e8121d-6f86-4192-b7af-ab05b77b89fe,0763ffeb-1b1f-41c5-ab37-d17b66e50b50,1.5678,0.04599,0.5252
MXD,Danni-Elle Townsend,Christopher Haworth,2c4de762-88d6-47c3-8b2b-af562c5d1f93,a91e2b68-7357-4518-baf9-f59b0b4c2477,1.5674,0.01829,0.5265
MXD,Leigh Waters,Dylan Frazier,1bfba782-55f3-42e4-9889-9018e793c0b5,1de884f8-7bf7-4b49-9de8-3f1fd74cabd6,1.5672,0.02969,0.5256
MXD,Bobbi Oshiro,Joseph Wild,7f36e416-0907-43b2-8ec4-e9533088e30f,a51b59c5-1a13-4472-821a-eb9866e72adf,1.5668,0.06036,0.5238
MXD,Allyce Jones,Dylan Frazier,efe9989b-5864-48c2-806c-06697024e1da,1de884f8-7bf7-4b49-9de8-3f1fd74cabd6,1.5665,0.01535,0.5259
MXD,Lacy Schneemann,Thomas Yu,a3ed7970-35d2-485c-8285-187c298a2d83,8c94d7b2-0dce-455e-916f-e35927d53547,1.5661,0.03197,0.5246
MXD,Brooke Buckner,Thomas Wilson,06dc9b8a-5c01-49cf-bb4d-70d7b5f85acf,12d79cbe-b5c7-4504-ab8f-f352a6bb8629,1.5661,0.05256,0.5235
MXD,Jessie Irvine,Nicolas Acevedo,8e2f9629-19d0-409d-81dc-b64fe2f3d3ff,a000a067-1bf1-442f-a961-e6c97cb50006,1.566,0.01566,0.5254
MXD,Catherine Parenteau,Thomas Yu,9b97206b-783a-4fab-85e9-45a6240325a5,8c94d7b2-0dce-455e-916f-e35927d53547,1.5658,0.03087,0.5244
MXD,Etta Tuionetoa,Oscar Serra,676b1cbc-766c-4616-bf39-1787ffd8c72a,2c2a2b82-9ec7-4046-97cb-3a199ed507af,1.5654,0.02727,0.5243
MXD,Lacy Schneemann,Joseph Wild,a3ed7970-35d2-485c-8285-187c298a2d83,a51b59c5-1a13-4472-821a-eb9866e72adf,1.5651,0.02437,0.5242
MXD,Mari Humberg,Tama Shimabukuro,b1ab7d76-a859-4136-8405-3ed7c9be287a,4af4d4d1-9f87-4dc7-95f2-b10751d44c15,1.5649,0.01448,0.5246
MXD,Catherine Parenteau,Joseph Wild,9b97206b-783a-4fab-85e9-45a6240325a5,a51b59c5-1a13-4472-821a-eb9866e72adf,1.5648,0.02327,0.524
MXD,Yana Newell,Dekel Bar,655e0349-7e66-4233-b999-b6cca2298f9b,89843e44-48fd-4a3f-b8c0-5f5aa6ae5741,1.5648,0.03045,0.5236
MXD,Mari Humberg,Patrick Kawka,b1ab7d76-a859-4136-8405-3ed7c9be287a,6876576c-b20e-47e3-99e4-d32759cc9f48,1.5646,0.04867,0.5225
MXD,Jorja Johnson,Matthew Barlow,b51ea0fb-c243-4427-85f8-b798febb51ff,3270dc72-53b7-4d35-aa4c-7f8b7b6bf905,1.5645,0.02352,0.5237
MXD,Kiora Kunimoto,Gabriel Tardio,a95df9a8-772c-4dbf-8c28-e200b7308584,d50310a6-9378-4228-823f-7fb54f7bd698,1.5643,0.01519,0.524
MXD,Cailyn Campbell,Christian Alshon,9eff9049-c45c-42ee-9a49-e9a797cc2116,79a11da1-6aeb-4719-9b1e-9918e0163cec,1.5642,0.01411,0.524
MXD,Sofia Sewing,Christopher Haworth,b9bacc1e-29b5-4a92-a9c1-24e08ac72215,a91e2b68-7357-4518-baf9-f59b0b4c2477,1.5638,0.02037,0.5233
MXD,Ting Chieh Wei,Robert Slutsky,29e8121d-6f86-4192-b7af-ab05b77b89fe,f6fa549d-8a9c-46fd-aeb8-af8a3f0f7a59,1.5636,0.02657,0.5227
MXD,Carlota Trevino,Jack Sock,70c18684-f615-4d05-9aa9-5cbdbd53ab9f,3a43c56f-b9d8-4e72-ae8a-58fd69291946,1.5636,0.01818,0.5232
MXD,Shelby Bates,Federico Staksrud,ded801fd-297a-4761-b63e-d8fbbfeb5762,7edb882c-6d17-4129-8208-710e3c82364c,1.5636,0.03517,0.5223
MXD,Shelby Bates,Riley Newman,ded801fd-297a-4761-b63e-d8fbbfeb5762,05b194b3-db88-4f77-a26f-5ef5cfbf6146,1.5635,0.03646,0.5222
MXD,Zoey Weil,Federico Staksrud,1d701c30-6b5d-485f-ae97-60f3b0c50896,7edb882c-6d17-4129-8208-710e3c82364c,1.5635,0.01417,0.5234
MXD,Zoey Weil,Riley Newman,1d701c30-6b5d-485f-ae97-60f3b0c50896,05b194b3-db88-4f77-a26f-5ef5cfbf6146,1.5634,0.01545,0.5232
MXD,Estee Widdershoven,Thomas Wilson,bf84d952-c6a8-4494-943d-064b223e764f,12d79cbe-b5c7-4504-ab8f-f352a6bb8629,1.5631,0.0551,0.5211
MXD,Chao Yi Wang,Oscar Serra,20684550-cb89-4ea2-9e2f-0f44eb920b45,2c2a2b82-9ec7-4046-97cb-3a199ed507af,1.5629,0.02721,0.5221
MXD,Genie Erokhina,Jay Devilliers,461f063e-a587-4638-bad9-421ff33d91d7,295e343a-31a0-4e1d-a286-d62592291435,1.5629,0.01582,0.5228
MXD,Yufei Long,Jay Devilliers,20945292-032a-47f1-93c5-d44ada6e4783,295e343a-31a0-4e1d-a286-d62592291435,1.5628,0.02961,0.522
MXD,Etta Tuionetoa,George Wall,676b1cbc-766c-4616-bf39-1787ffd8c72a,698c5236-e88f-411c-b44f-e54f16b2d6b5,1.5621,0.02743,0.5215
MXD,Jessie Irvine,Jack Sock,8e2f9629-19d0-409d-81dc-b64fe2f3d3ff,3a43c56f-b9d8-4e72-ae8a-58fd69291946,1.5617,0.01548,0.5217
MXD,Bobbi Oshiro,Harsh Mehta,7f36e416-0907-43b2-8ec4-e9533088e30f,c18fb17d-e0bb-415c-901b-fa2f928ab22c,1.5616,0.06883,0.5194
MXD,Tina Pisnik,Hoang Nam Ly,f879086b-e0e5-4772-b0a6-4055c265da69,f1151ea2-759d-4d9f-a5b9-5ccd966dc3ca,1.561,0.0256,0.5207
MXD,Vivian Glozman,Juan Benitez,ff789b9c-80c4-442c-b97e-2e2311298cfb,f4c43443-fdff-4344-b291-274cfd26361e,1.5609,0.03587,0.5201
MXD,Milan Rane,Thomas Wilson,eb14fc6e-ede1-4999-bec3-e36695e7f94e,12d79cbe-b5c7-4504-ab8f-f352a6bb8629,1.5605,0.05142,0.5192
MXD,Vivienne David,Roscoe Bellamy,afc0bfc9-8cd8-4600-bd45-681092186db3,925c1306-6b3b-4510-8482-f34168a0842a,1.5602,0.0275,0.5198
MXD,Lacy Schneemann,Harsh Mehta,a3ed7970-35d2-485c-8285-187c298a2d83,c18fb17d-e0bb-415c-901b-fa2f928ab22c,1.5599,0.03284,0.5194
MXD,Yana Newell,CJ Klinger,655e0349-7e66-4233-b999-b6cca2298f9b,ead35052-7367-4296-96d4-064f546cc2b9,1.5599,0.02979,0.5195
MXD,Catherine Parenteau,Harsh Mehta,9b97206b-783a-4fab-85e9-45a6240325a5,c18fb17d-e0bb-415c-901b-fa2f928ab22c,1.5596,0.03174,0.5192
MXD,Chao Yi Wang,George Wall,20684550-cb89-4ea2-9e2f-0f44eb920b45,698c5236-e88f-411c-b44f-e54f16b2d6b5,1.5596,0.02737,0.5194
MXD,Jillian Braverman,Yuta Funemizu,98c2531f-f5ce-48b5-b251-eb69425d409c,ce4f0e14-80ea-4ed0-a81c-7341d356d427,1.5595,0.06007,0.518
MXD,Bobbi Oshiro,Hien Truong,7f36e416-0907-43b2-8ec4-e9533088e30f,524b89ad-b76b-40b4-a0db-736bdc7b8adb,1.5586,0.06689,0.5171
MXD,Carlota Trevino,Phuc Huynh,70c18684-f615-4d05-9aa9-5cbdbd53ab9f,0763ffeb-1b1f-41c5-ab37-d17b66e50b50,1.5578,0.04792,0.5171
MXD,Jillian Braverman,Armaan Bhatia,98c2531f-f5ce-48b5-b251-eb69425d409c,33292af3-984d-4752-8d18-b3a5c147e9fe,1.5577,0.05965,0.5166
MXD,Alix Truong,Yuta Funemizu,646f7432-e6ad-4ccf-95ee-a0e5d9514d28,ce4f0e14-80ea-4ed0-a81c-7341d356d427,1.5577,0.01723,0.5182
MXD,Liz Truluck,Jay Devilliers,71992955-8b6f-470b-a991-796cfa56a826,295e343a-31a0-4e1d-a286-d62592291435,1.5577,0.01588,0.5183
MXD,Ewa Radzikowska,Oscar Serra,1d51becb-4ea0-4878-9660-e3fd2dfaa0ea,2c2a2b82-9ec7-4046-97cb-3a199ed507af,1.5575,0.03534,0.5173
MXD,Callie Smith,Andrei Daescu,0c1bb94d-3af2-42f4-b938-d712c707ace4,581183e8-3d9e-459e-b69f-7337d8b6f3d2,1.5574,0.01493,0.5181
MXD,Lacy Schneemann,Hien Truong,a3ed7970-35d2-485c-8285-187c298a2d83,524b89ad-b76b-40b4-a0db-736bdc7b8adb,1.5569,0.0309,0.5169
MXD,Catherine Parenteau,Hien Truong,9b97206b-783a-4fab-85e9-45a6240325a5,524b89ad-b76b-40b4-a0db-736bdc7b8adb,1.5565,0.0298,0.5167
MXD,Vivienne David,Anderson Scarpa,afc0bfc9-8cd8-4600-bd45-681092186db3,fa8d5d28-d8f5-4996-8c35-0f4ca3c35bae,1.5564,0.0294,0.5166
MXD,Etta Tuionetoa,Hunter Johnson,676b1cbc-766c-4616-bf39-1787ffd8c72a,8160ad59-4654-46b1-b229-8d5f2a9a45f9,1.5564,0.01712,0.5171
MXD,Maggie Brascia,Nicolas Acevedo,736475dd-7ccd-40d8-8b43-8c2d9ef9e674,a000a067-1bf1-442f-a961-e6c97cb50006,1.5564,0.02603,0.5168
MXD,Mari Humberg,Tristan Dussault,b1ab7d76-a859-4136-8405-3ed7c9be287a,3cab1673-2522-4dd5-ba07-2a1b88749d86,1.5561,0.02717,0.5164
MXD,Alix Truong,Armaan Bhatia,646f7432-e6ad-4ccf-95ee-a0e5d9514d28,33292af3-984d-4752-8d18-b3a5c147e9fe,1.5559,0.0168,0.5167
MXD,Jessie Irvine,Phuc Huynh,8e2f9629-19d0-409d-81dc-b64fe2f3d3ff,0763ffeb-1b1f-41c5-ab37-d17b66e50b50,1.5559,0.04522,0.5157
MXD,Bobbi Oshiro,Etienne Blaszkewycz,7f36e416-0907-43b2-8ec4-e9533088e30f,d3e486f2-7c25-4bcf-b9dd-81c14f644f60,1.5557,0.05804,0.5151
MXD,Sahra Dennehy,Augustus Ge,051f5c82-82ce-4ab8-b4f8-36976638a89b,ba491f1c-0112-47a8-a348-4695289e958a,1.555,0.01544,0.5159
MXD,Yana Newell,Dylan Frazier,655e0349-7e66-4233-b999-b6cca2298f9b,1de884f8-7bf7-4b49-9de8-3f1fd74cabd6,1.5545,0.03066,0.515
MXD,Rachel Rohrabacher,Hoang Nam Ly,50908953-a944-4a34-898b-16af312bc814,f1151ea2-759d-4d9f-a5b9-5ccd966dc3ca,1.5542,0.02527,0.515
MXD,Ewa Radzikowska,George Wall,1d51becb-4ea0-4878-9660-e3fd2dfaa0ea,698c5236-e88f-411c-b44f-e54f16b2d6b5,1.5542,0.03551,0.5146
MXD,Lacy Schneemann,Etienne Blaszkewycz,a3ed7970-35d2-485c-8285-187c298a2d83,d3e486f2-7c25-4bcf-b9dd-81c14f644f60,1.554,0.02204,0.5149
MXD,Chao Yi Wang,Hunter Johnson,20684550-cb89-4ea2-9e2f-0f44eb920b45,8160ad59-4654-46b1-b229-8d5f2a9a45f9,1.5539,0.01706,0.5149
MXD,Meghan Dizon,Oscar Serra,8f521dcc-1cb5-4c8d-933c-af6b267bd395,2c2a2b82-9ec7-4046-97cb-3a199ed507af,1.5539,0.02701,0.5146
MXD,Leigh Waters,Augustus Ge,1bfba782-55f3-42e4-9889-9018e793c0b5,ba491f1c-0112-47a8-a348-4695289e958a,1.5539,0.02798,0.5146
MXD,Catherine Parenteau,Etienne Blaszkewycz,9b97206b-783a-4fab-85e9-45a6240325a5,d3e486f2-7c25-4bcf-b9dd-81c14f644f60,1.5537,0.02094,0.5146
MXD,Carlota Trevino,Robert Slutsky,70c18684-f615-4d05-9aa9-5cbdbd53ab9f,f6fa549d-8a9c-46fd-aeb8-af8a3f0f7a59,1.5535,0.0285,0.5142
MXD,Vivienne David,Thomas Yu,afc0bfc9-8cd8-4600-bd45-681092186db3,8c94d7b2-0dce-455e-916f-e35927d53547,1.5534,0.04369,0.5137
MXD,Allyce Jones,Augustus Ge,efe9989b-5864-48c2-806c-06697024e1da,ba491f1c-0112-47a8-a348-4695289e958a,1.5533,0.01364,0.5145
MXD,Lucy Kovalova,Nicolas Acevedo,504e8c08-caf6-4db8-b454-11ffa321261c,a000a067-1bf1-442f-a961-e6c97cb50006,1.5529,0.02459,0.5138
MXD,Vivienne David,Joseph Wild,afc0bfc9-8cd8-4600-bd45-681092186db3,a51b59c5-1a13-4472-821a-eb9866e72adf,1.5525,0.03609,0.5131
MXD,Layne Sleeth,Yuta Funemizu,55ed7e0a-ff2d-4ac2-aad6-b6772ef4f448,ce4f0e14-80ea-4ed0-a81c-7341d356d427,1.5525,0.0187,0.5137
MXD,Bobbi Oshiro,Pablo Tellez,7f36e416-0907-43b2-8ec4-e9533088e30f,52726ab1-2ac9-46c0-be90-6b0e7a2d56eb,1.5523,0.05211,0.5126
MXD,Bobbi Oshiro,Alex Emery,7f36e416-0907-43b2-8ec4-e9533088e30f,5c817399-aea7-481d-9a83-aab7431eabc1,1.5521,0.07356,0.5119
MXD,Maggie Brascia,Jack Sock,736475dd-7ccd-40d8-8b43-8c2d9ef9e674,3a43c56f-b9d8-4e72-ae8a-58fd69291946,1.5521,0.02585,0.5131
MXD,Jillian Braverman,Dekel Bar,98c2531f-f5ce-48b5-b251-eb69425d409c,89843e44-48fd-4a3f-b8c0-5f5aa6ae5741,1.552,0.05785,0.5122
MXD,Jackie Kawamoto,Oliver Frank,be33755f-9262-461b-aedd-e9a7a686a82c,e21cb6e0-aabb-43b2-a112-c0a0a59081bf,1.5519,0.04034,0.5126
MXD,Bobbi Oshiro,Jaume Martinez Vich,7f36e416-0907-43b2-8ec4-e9533088e30f,cc8832b9-9a8f-4cbc-8eff-b20e9a7ff09a,1.5519,0.05021,0.5123
MXD,Jessie Irvine,Robert Slutsky,8e2f9629-19d0-409d-81dc-b64fe2f3d3ff,f6fa549d-8a9c-46fd-aeb8-af8a3f0f7a59,1.5516,0.0258,0.5127
MXD,Tyra Hurricane Black,Oliver Frank,fec65f7e-f2c8-482f-ab5b-541cf53b1064,e21cb6e0-aabb-43b2-a112-c0a0a59081bf,1.5515,0.03774,0.5123
MXD,Ting Chieh Wei,Connor Garnett,29e8121d-6f86-4192-b7af-ab05b77b89fe,ff38654d-daae-4bad-a1a7-690e4e5706eb,1.5513,0.01451,0.5128
MXD,Samantha Parker,Nicolas Acevedo,6794d224-7da3-43d9-8300-e24e731f5dea,a000a067-1bf1-442f-a961-e6c97cb50006,1.5509,0.01923,0.5123
MXD,Layne Sleeth,Armaan Bhatia,55ed7e0a-ff2d-4ac2-aad6-b6772ef4f448,33292af3-984d-4752-8d18-b3a5c147e9fe,1.5508,0.01828,0.5122
MXD,Lacy Schneemann,Pablo Tellez,a3ed7970-35d2-485c-8285-187c298a2d83,52726ab1-2ac9-46c0-be90-6b0e7a2d56eb,1.5506,0.01611,0.5121
MXD,Meghan Dizon,George Wall,8f521dcc-1cb5-4c8d-933c-af6b267bd395,698c5236-e88f-411c-b44f-e54f16b2d6b5,1.5506,0.02717,0.5118
MXD,Allie Reichert,Thomas Wilson,dcd029fb-2814-401b-a1cb-0c4269d9954b,12d79cbe-b5c7-4504-ab8f-f352a6bb8629,1.5505,0.06283,0.5109
MXD,Jade Kawamoto,Matthew Barlow,6cae3a50-eee6-45ea-8b28-85ef9c50e3c4,3270dc72-53b7-4d35-aa4c-7f8b7b6bf905,1.5504,0.02547,0.5117
MXD,Catherine Parenteau,Pablo Tellez,9b97206b-783a-4fab-85e9-45a6240325a5,52726ab1-2ac9-46c0-be90-6b0e7a2d56eb,1.5503,0.01501,0.5119
MXD,Lacy Schneemann,Alex Emery,a3ed7970-35d2-485c-8285-187c298a2d83,5c817399-aea7-481d-9a83-aab7431eabc1,1.5503,0.03757,0.5114
MXD,Lacy Schneemann,Jaume Martinez Vich,a3ed7970-35d2-485c-8285-187c298a2d83,cc8832b9-9a8f-4cbc-8eff-b20e9a7ff09a,1.5502,0.01421,0.5119
MXD,Alix Truong,Dekel Bar,646f7432-e6ad-4ccf-95ee-a0e5d9514d28,89843e44-48fd-4a3f-b8c0-5f5aa6ae5741,1.5502,0.015,0.5119
MXD,Genie Erokhina,Federico Staksrud,461f063e-a587-4638-bad9-421ff33d91d7,7edb882c-6d17-4129-8208-710e3c82364c,1.5501,0.01377,0.5118
MXD,Catherine Parenteau,Alex Emery,9b97206b-783a-4fab-85e9-45a6240325a5,5c817399-aea7-481d-9a83-aab7431eabc1,1.55,0.03647,0.5111
MXD,Bobbi Oshiro,Max Freeman,7f36e416-0907-43b2-8ec4-e9533088e30f,b03ff4de-9b8f-46a8-a530-d8f19e9d6ec9,1.55,0.05122,0.5108
MXD,Yufei Long,Federico Staksrud,20945292-032a-47f1-93c5-d44ada6e4783,7edb882c-6d17-4129-8208-710e3c82364c,1.55,0.02757,0.5113
MXD,Genie Erokhina,Riley Newman,461f063e-a587-4638-bad9-421ff33d91d7,05b194b3-db88-4f77-a26f-5ef5cfbf6146,1.55,0.01506,0.5117
MXD,Catherine Parenteau,Jaume Martinez Vich,9b97206b-783a-4fab-85e9-45a6240325a5,cc8832b9-9a8f-4cbc-8eff-b20e9a7ff09a,1.5499,0.01311,0.5116
MXD,Isabella Dunlap,Thomas Wilson,719e2d3b-d10d-402d-a195-41f072214679,12d79cbe-b5c7-4504-ab8f-f352a6bb8629,1.5499,0.05246,0.5107
MXD,Yufei Long,Riley Newman,20945292-032a-47f1-93c5-d44ada6e4783,05b194b3-db88-4f77-a26f-5ef5cfbf6146,1.5499,0.02885,0.5112
MXD,Danni-Elle Townsend,Mohaned Alhouni,2c4de762-88d6-47c3-8b2b-af562c5d1f93,1bab49f1-6891-4d3e-8f77-42aa4fc1d18e,1.5489,0.01792,0.5107
MXD,Vivian Glozman,John Lucian Goins,ff789b9c-80c4-442c-b97e-2e2311298cfb,e96d9339-cfb6-473d-bcb3-23f2887a3e0f,1.5489,0.03284,0.5103
MXD,Ting Chieh Wei,Jack Munro,29e8121d-6f86-4192-b7af-ab05b77b89fe,f90428f0-e4a3-4a08-a664-518ba7f188d2,1.5489,0.04902,0.5099
MXD,Ewa Radzikowska,Hunter Johnson,1d51becb-4ea0-4878-9660-e3fd2dfaa0ea,8160ad59-4654-46b1-b229-8d5f2a9a45f9,1.5485,0.02519,0.5101
MXD,Lucy Kovalova,Jack Sock,504e8c08-caf6-4db8-b454-11ffa321261c,3a43c56f-b9d8-4e72-ae8a-58fd69291946,1.5485,0.02441,0.5102
MXD,Lacy Schneemann,Max Freeman,a3ed7970-35d2-485c-8285-187c298a2d83,b03ff4de-9b8f-46a8-a530-d8f19e9d6ec9,1.5483,0.01523,0.5102
MXD,Catherine Parenteau,Max Freeman,9b97206b-783a-4fab-85e9-45a6240325a5,b03ff4de-9b8f-46a8-a530-d8f19e9d6ec9,1.548,0.01413,0.51
MXD,Bobbi Oshiro,Connor Mogle,7f36e416-0907-43b2-8ec4-e9533088e30f,3d9c8684-953f-4008-b355-b6104ee56a5b,1.5473,0.05325,0.5086
MXD,Vivienne David,Harsh Mehta,afc0bfc9-8cd8-4600-bd45-681092186db3,c18fb17d-e0bb-415c-901b-fa2f928ab22c,1.5473,0.04456,0.5087
MXD,Jillian Braverman,CJ Klinger,98c2531f-f5ce-48b5-b251-eb69425d409c,ead35052-7367-4296-96d4-064f546cc2b9,1.5472,0.05719,0.5084
MXD,Brooke Buckner,Nicolas Acevedo,06dc9b8a-5c01-49cf-bb4d-70d7b5f85acf,a000a067-1bf1-442f-a961-e6c97cb50006,1.5471,0.0161,0.5091
MXD,Vivian Glozman,Luca Mack,ff789b9c-80c4-442c-b97e-2e2311298cfb,2aa8ced3-d599-4c83-86dd-ecc80196833b,1.5466,0.03865,0.5083
MXD,Samantha Parker,Jack Sock,6794d224-7da3-43d9-8300-e24e731f5dea,3a43c56f-b9d8-4e72-ae8a-58fd69291946,1.5465,0.01904,0.5086
MXD,Maggie Brascia,Phuc Huynh,736475dd-7ccd-40d8-8b43-8c2d9ef9e674,0763ffeb-1b1f-41c5-ab37-d17b66e50b50,1.5463,0.05559,0.5078
MXD,Daria Walczak,Thomas Wilson,3e6b668a-8d26-4424-9420-3ceb18486b65,12d79cbe-b5c7-4504-ab8f-f352a6bb8629,1.5461,0.0565,0.5076
MXD,Marianna Petrei,Eric Oncins,12890797-7355-49ca-848e-56d67e33c4de,52690a0c-ed4a-4e0b-bf69-4ef416cf7d55,1.546,0.03149,0.5079
MXD,Kate Fahey,Oliver Frank,3af01041-5679-400a-87b8-12c01db8cec4,e21cb6e0-aabb-43b2-a112-c0a0a59081bf,1.5459,0.03619,0.5078
MXD,Etta Tuionetoa,Roscoe Bellamy,676b1cbc-766c-4616-bf39-1787ffd8c72a,925c1306-6b3b-4510-8482-f34168a0842a,1.5458,0.01638,0.508
MXD,Lacy Schneemann,Connor Mogle,a3ed7970-35d2-485c-8285-187c298a2d83,3d9c8684-953f-4008-b355-b6104ee56a5b,1.5456,0.01725,0.5078
MXD,Sofia Sewing,Mohaned Alhouni,b9bacc1e-29b5-4a92-a9c1-24e08ac72215,1bab49f1-6891-4d3e-8f77-42aa4fc1d18e,1.5454,0.02001,0.5075
MXD,Alix Truong,CJ Klinger,646f7432-e6ad-4ccf-95ee-a0e5d9514d28,ead35052-7367-4296-96d4-064f546cc2b9,1.5454,0.01434,0.5077
MXD,Catherine Parenteau,Connor Mogle,9b97206b-783a-4fab-85e9-45a6240325a5,3d9c8684-953f-4008-b355-b6104ee56a5b,1.5453,0.01615,0.5076
MXD,Layne Sleeth,Dekel Bar,55ed7e0a-ff2d-4ac2-aad6-b6772ef4f448,89843e44-48fd-4a3f-b8c0-5f5aa6ae5741,1.5451,0.01648,0.5074
MXD,Meghan Dizon,Hunter Johnson,8f521dcc-1cb5-4c8d-933c-af6b267bd395,8160ad59-4654-46b1-b229-8d5f2a9a45f9,1.5449,0.01686,0.5072
MXD,Liz Truluck,Federico Staksrud,71992955-8b6f-470b-a991-796cfa56a826,7edb882c-6d17-4129-8208-710e3c82364c,1.5449,0.01384,0.5073
MXD,Liz Truluck,Riley Newman,71992955-8b6f-470b-a991-796cfa56a826,05b194b3-db88-4f77-a26f-5ef5cfbf6146,1.5448,0.01512,0.5072
MXD,Jackie Kawamoto,Grayson Goldin,be33755f-9262-461b-aedd-e9a7a686a82c,43df1205-e834-4427-9f1a-4e173bf93296,1.5443,0.02611,0.5065
MXD,Vivienne David,Hien Truong,afc0bfc9-8cd8-4600-bd45-681092186db3,524b89ad-b76b-40b4-a0db-736bdc7b8adb,1.5442,0.04262,0.5062
MXD,Estee Widdershoven,Nicolas Acevedo,bf84d952-c6a8-4494-943d-064b223e764f,a000a067-1bf1-442f-a961-e6c97cb50006,1.5441,0.01864,0.5065
MXD,Tyra Hurricane Black,Grayson Goldin,fec65f7e-f2c8-482f-ab5b-541cf53b1064,43df1205-e834-4427-9f1a-4e173bf93296,1.5438,0.02352,0.5062
MXD,Mari Humberg,Christopher Haworth,b1ab7d76-a859-4136-8405-3ed7c9be287a,a91e2b68-7357-4518-baf9-f59b0b4c2477,1.5433,0.01762,0.5058
MXD,Chao Yi Wang,Roscoe Bellamy,20684550-cb89-4ea2-9e2f-0f44eb920b45,925c1306-6b3b-4510-8482-f34168a0842a,1.5432,0.01633,0.5058
MXD,Eugenia Carolina Lopez Ascarate,Thomas Wilson,577d1124-44c9-435d-88e9-01a146f2d177,12d79cbe-b5c7-4504-ab8f-f352a6bb8629,1.543,0.07073,0.505
MXD,Brooke Buckner,Jack Sock,06dc9b8a-5c01-49cf-bb4d-70d7b5f85acf,3a43c56f-b9d8-4e72-ae8a-58fd69291946,1.5427,0.01592,0.5054
MXD,Lucy Kovalova,Phuc Huynh,504e8c08-caf6-4db8-b454-11ffa321261c,0763ffeb-1b1f-41c5-ab37-d17b66e50b50,1.5427,0.05415,0.5049
MXD,Etta Tuionetoa,Anderson Scarpa,676b1cbc-766c-4616-bf39-1787ffd8c72a,fa8d5d28-d8f5-4996-8c35-0f4ca3c35bae,1.542,0.01829,0.5047
MXD,Maggie Brascia,Robert Slutsky,736475dd-7ccd-40d8-8b43-8c2d9ef9e674,f6fa549d-8a9c-46fd-aeb8-af8a3f0f7a59,1.542,0.03617,0.5046
MXD,Jillian Braverman,Dylan Frazier,98c2531f-f5ce-48b5-b251-eb69425d409c,1de884f8-7bf7-4b49-9de8-3f1fd74cabd6,1.5417,0.05806,0.5041
MXD,Milan Rane,Nicolas Acevedo,eb14fc6e-ede1-4999-bec3-e36695e7f94e,a000a067-1bf1-442f-a961-e6c97cb50006,1.5415,0.01497,0.5043
MXD,Vivienne David,Etienne Blaszkewycz,afc0bfc9-8cd8-4600-bd45-681092186db3,d3e486f2-7c25-4bcf-b9dd-81c14f644f60,1.5413,0.03376,0.504
MXD,Yana Newell,Augustus Ge,655e0349-7e66-4233-b999-b6cca2298f9b,ba491f1c-0112-47a8-a348-4695289e958a,1.5412,0.02894,0.504
MXD,Carlota Trevino,Connor Garnett,70c18684-f615-4d05-9aa9-5cbdbd53ab9f,ff38654d-daae-4bad-a1a7-690e4e5706eb,1.5412,0.01645,0.5041
MXD,Vivian Glozman,Donald Young,ff789b9c-80c4-442c-b97e-2e2311298cfb,aec5d8be-9ce0-4cc5-98a4-140fad555fe0,1.5408,0.03437,0.5036
MXD,Samantha Parker,Phuc Huynh,6794d224-7da3-43d9-8300-e24e731f5dea,0763ffeb-1b1f-41c5-ab37-d17b66e50b50,1.5407,0.04878,0.5034
MXD,Ting Chieh Wei,Quang Duong,29e8121d-6f86-4192-b7af-ab05b77b89fe,14d61e81-14d5-4cb3-ae33-d427fbc1b4f6,1.5406,0.03297,0.5034
MXD,Kaitlyn Christian,Andrei Daescu,66a6c35b-33a2-4a23-b5db-fa53c96d643a,581183e8-3d9e-459e-b69f-7337d8b6f3d2,1.5404,0.01322,0.5034
MXD,Layne Sleeth,CJ Klinger,55ed7e0a-ff2d-4ac2-aad6-b6772ef4f448,ead35052-7367-4296-96d4-064f546cc2b9,1.5402,0.01582,0.5032
MXD,Alix Truong,Dylan Frazier,646f7432-e6ad-4ccf-95ee-a0e5d9514d28,1de884f8-7bf7-4b49-9de8-3f1fd74cabd6,1.5399,0.01521,0.503
MXD,Bobbi Oshiro,Juan Benitez,7f36e416-0907-43b2-8ec4-e9533088e30f,f4c43443-fdff-4344-b291-274cfd26361e,1.5398,0.05713,0.5026
MXD,Estee Widdershoven,Jack Sock,bf84d952-c6a8-4494-943d-064b223e764f,3a43c56f-b9d8-4e72-ae8a-58fd69291946,1.5398,0.01846,0.5028
MXD,Judit Castillo,Thomas Wilson,ec4cdfe2-c6f6-4de1-824e-9adcaeb31196,12d79cbe-b5c7-4504-ab8f-f352a6bb8629,1.5396,0.05504,0.5025
MXD,Chao Yi Wang,Anderson Scarpa,20684550-cb89-4ea2-9e2f-0f44eb920b45,fa8d5d28-d8f5-4996-8c35-0f4ca3c35bae,1.5395,0.01823,0.5025
MXD,Jessie Irvine,Connor Garnett,8e2f9629-19d0-409d-81dc-b64fe2f3d3ff,ff38654d-daae-4bad-a1a7-690e4e5706eb,1.5394,0.01375,0.5025
MXD,Etta Tuionetoa,Thomas Yu,676b1cbc-766c-4616-bf39-1787ffd8c72a,8c94d7b2-0dce-455e-916f-e35927d53547,1.539,0.03258,0.5021
MXD,Carlota Trevino,Jack Munro,70c18684-f615-4d05-9aa9-5cbdbd53ab9f,f90428f0-e4a3-4a08-a664-518ba7f188d2,1.5388,0.05095,0.5018
MXD,Vivian Glozman,Martin Emmrich,ff789b9c-80c4-442c-b97e-2e2311298cfb,e9849183-4693-4340-abf5-f4b6f3cb226f,1.5387,0.03266,0.5018
MXD,Sahra Dennehy,Oscar Serra,051f5c82-82ce-4ab8-b4f8-36976638a89b,2c2a2b82-9ec7-4046-97cb-3a199ed507af,1.5385,0.02819,0.5017
MXD,Lucy Kovalova,Robert Slutsky,504e8c08-caf6-4db8-b454-11ffa321261c,f6fa549d-8a9c-46fd-aeb8-af8a3f0f7a59,1.5385,0.03473,0.5017
MXD,Kate Fahey,Grayson Goldin,3af01041-5679-400a-87b8-12c01db8cec4,43df1205-e834-4427-9f1a-4e173bf93296,1.5382,0.02197,0.5015
MXD,Etta Tuionetoa,Joseph Wild,676b1cbc-766c-4616-bf39-1787ffd8c72a,a51b59c5-1a13-4472-821a-eb9866e72adf,1.5381,0.02498,0.5014
MXD,Lacy Schneemann,Juan Benitez,a3ed7970-35d2-485c-8285-187c298a2d83,f4c43443-fdff-4344-b291-274cfd26361e,1.538,0.02114,0.5013
MXD,Vivienne David,Pablo Tellez,afc0bfc9-8cd8-4600-bd45-681092186db3,52726ab1-2ac9-46c0-be90-6b0e7a2d56eb,1.5379,0.02783,0.5012
MXD,Ewa Radzikowska,Roscoe Bellamy,1d51becb-4ea0-4878-9660-e3fd2dfaa0ea,925c1306-6b3b-4510-8482-f34168a0842a,1.5378,0.02446,0.5012
MXD,Catherine Parenteau,Juan Benitez,9b97206b-783a-4fab-85e9-45a6240325a5,f4c43443-fdff-4344-b291-274cfd26361e,1.5377,0.02004,0.5011
MXD,Vivienne David,Alex Emery,afc0bfc9-8cd8-4600-bd45-681092186db3,5c817399-aea7-481d-9a83-aab7431eabc1,1.5377,0.04929,0.501
MXD,Vivienne David,Jaume Martinez Vich,afc0bfc9-8cd8-4600-bd45-681092186db3,cc8832b9-9a8f-4cbc-8eff-b20e9a7ff09a,1.5376,0.02593,0.5009
MXD,Leigh Waters,Oscar Serra,1bfba782-55f3-42e4-9889-9018e793c0b5,2c2a2b82-9ec7-4046-97cb-3a199ed507af,1.5375,0.04073,0.5008
MXD,Milan Rane,Jack Sock,eb14fc6e-ede1-4999-bec3-e36695e7f94e,3a43c56f-b9d8-4e72-ae8a-58fd69291946,1.5372,0.01478,0.5006
MXD,Brooke Buckner,Phuc Huynh,06dc9b8a-5c01-49cf-bb4d-70d7b5f85acf,0763ffeb-1b1f-41c5-ab37-d17b66e50b50,1.5369,0.04566,0.5004
MXD,Lea Jansen,Thomas Wilson,7319013d-d511-4aa5-a356-4aa2cccf94f5,12d79cbe-b5c7-4504-ab8f-f352a6bb8629,1.5369,0.0515,0.5003
MXD,Jessie Irvine,Jack Munro,8e2f9629-19d0-409d-81dc-b64fe2f3d3ff,f90428f0-e4a3-4a08-a664-518ba7f188d2,1.5369,0.04825,0.5003
MXD,Allyce Jones,Oscar Serra,efe9989b-5864-48c2-806c-06697024e1da,2c2a2b82-9ec7-4046-97cb-3a199ed507af,1.5368,0.02639,0.5003
MXD,Ting Chieh Wei,Noe Khlif,29e8121d-6f86-4192-b7af-ab05b77b89fe,1bb8b2c1-ca6f-45ac-afdd-fab7e77d69d4,1.5368,0.01354,0.5002
MXD,Parris Todd,Matthew Barlow,1728d016-1f02-4789-be73-63d12d5a5b42,3270dc72-53b7-4d35-aa4c-7f8b7b6bf905,1.5367,0.02435,0.5002
MXD,Anna Bright,Zane Ford,db5eef5c-99dd-49d9-bbfc-65171a366bda,0c5b84bb-4c04-4906-86bc-deb533ff4eec,1.5365,0.02067,0.5
MXD,Chao Yi Wang,Thomas Yu,20684550-cb89-4ea2-9e2f-0f44eb920b45,8c94d7b2-0dce-455e-916f-e35927d53547,1.5365,0.03252,0.5
MXD,Samantha Parker,Robert Slutsky,6794d224-7da3-43d9-8300-e24e731f5dea,f6fa549d-8a9c-46fd-aeb8-af8a3f0f7a59,1.5365,0.02936,0.5
MXD,Vivian Glozman,Rafa Hewett,ff789b9c-80c4-442c-b97e-2e2311298cfb,06ba18e0-687b-4aa3-822d-1c86981f576b,1.5362,0.0304,0.4998
MXD,Roos Van Reek,Thomas Wilson,4798e757-53f5-4e52-92aa-98172c8f7862,12d79cbe-b5c7-4504-ab8f-f352a6bb8629,1.5361,0.06873,0.4997
MXD,Vivienne David,Max Freeman,afc0bfc9-8cd8-4600-bd45-681092186db3,b03ff4de-9b8f-46a8-a530-d8f19e9d6ec9,1.5357,0.02695,0.4993
MXD,Chao Yi Wang,Joseph Wild,20684550-cb89-4ea2-9e2f-0f44eb920b45,a51b59c5-1a13-4472-821a-eb9866e72adf,1.5356,0.02492,0.4992
MXD,Callie Smith,Eric Oncins,0c1bb94d-3af2-42f4-b938-d712c707ace4,52690a0c-ed4a-4e0b-bf69-4ef416cf7d55,1.5353,0.01541,0.499
MXD,Sahra Dennehy,George Wall,051f5c82-82ce-4ab8-b4f8-36976638a89b,698c5236-e88f-411c-b44f-e54f16b2d6b5,1.5352,0.02835,0.499
MXD,Layne Sleeth,Dylan Frazier,55ed7e0a-ff2d-4ac2-aad6-b6772ef4f448,1de884f8-7bf7-4b49-9de8-3f1fd74cabd6,1.5348,0.01668,0.4986
MXD,Meghan Dizon,Roscoe Bellamy,8f521dcc-1cb5-4c8d-933c-af6b267bd395,925c1306-6b3b-4510-8482-f34168a0842a,1.5343,0.01612,0.4981
MXD,Leigh Waters,George Wall,1bfba782-55f3-42e4-9889-9018e793c0b5,698c5236-e88f-411c-b44f-e54f16b2d6b5,1.5342,0.04089,0.4981
MXD,Ewa Radzikowska,Anderson Scarpa,1d51becb-4ea0-4878-9660-e3fd2dfaa0ea,fa8d5d28-d8f5-4996-8c35-0f4ca3c35bae,1.5341,0.02636,0.498
MXD,Estee Widdershoven,Phuc Huynh,bf84d952-c6a8-4494-943d-064b223e764f,0763ffeb-1b1f-41c5-ab37-d17b66e50b50,1.534,0.0482,0.498
MXD,Allyce Jones,George Wall,efe9989b-5864-48c2-806c-06697024e1da,698c5236-e88f-411c-b44f-e54f16b2d6b5,1.5335,0.02655,0.4975
MXD,Vivienne David,Connor Mogle,afc0bfc9-8cd8-4600-bd45-681092186db3,3d9c8684-953f-4008-b355-b6104ee56a5b,1.5329,0.02897,0.4971
MXD,Etta Tuionetoa,Harsh Mehta,676b1cbc-766c-4616-bf39-1787ffd8c72a,c18fb17d-e0bb-415c-901b-fa2f928ab22c,1.5329,0.03345,0.497
MXD,Brooke Buckner,Robert Slutsky,06dc9b8a-5c01-49cf-bb4d-70d7b5f85acf,f6fa549d-8a9c-46fd-aeb8-af8a3f0f7a59,1.5327,0.02624,0.4968
MXD,Cailyn Campbell,Andrei Daescu,9eff9049-c45c-42ee-9a49-e9a797cc2116,581183e8-3d9e-459e-b69f-7337d8b6f3d2,1.5321,0.0137,0.4962
MXD,Allie Reichert,Nicolas Acevedo,dcd029fb-2814-401b-a1cb-0c4269d9954b,a000a067-1bf1-442f-a961-e6c97cb50006,1.5315,0.02638,0.4958
MXD,Milan Rane,Phuc Huynh,eb14fc6e-ede1-4999-bec3-e36695e7f94e,0763ffeb-1b1f-41c5-ab37-d17b66e50b50,1.5314,0.04452,0.4959
MXD,Shelby Bates,Thomas Wilson,ded801fd-297a-4761-b63e-d8fbbfeb5762,12d79cbe-b5c7-4504-ab8f-f352a6bb8629,1.5313,0.07386,0.4961
MXD,Zoey Weil,Thomas Wilson,1d701c30-6b5d-485f-ae97-60f3b0c50896,12d79cbe-b5c7-4504-ab8f-f352a6bb8629,1.5312,0.05286,0.4958
MXD,Ewa Radzikowska,Thomas Yu,1d51becb-4ea0-4878-9660-e3fd2dfaa0ea,8c94d7b2-0dce-455e-916f-e35927d53547,1.5311,0.04065,0.4956
MXD,Isabella Dunlap,Nicolas Acevedo,719e2d3b-d10d-402d-a195-41f072214679,a000a067-1bf1-442f-a961-e6c97cb50006,1.5309,0.016,0.4952
MXD,Jackie Kawamoto,Hoang Nam Ly,be33755f-9262-461b-aedd-e9a7a686a82c,f1151ea2-759d-4d9f-a5b9-5ccd966dc3ca,1.5305,0.02799,0.495
MXD,Meghan Dizon,Anderson Scarpa,8f521dcc-1cb5-4c8d-933c-af6b267bd395,fa8d5d28-d8f5-4996-8c35-0f4ca3c35bae,1.5305,0.01802,0.4949
MXD,Carlota Trevino,Quang Duong,70c18684-f615-4d05-9aa9-5cbdbd53ab9f,14d61e81-14d5-4cb3-ae33-d427fbc1b4f6,1.5305,0.0349,0.4951
MXD,Chao Yi Wang,Harsh Mehta,20684550-cb89-4ea2-9e2f-0f44eb920b45,c18fb17d-e0bb-415c-901b-fa2f928ab22c,1.5303,0.03339,0.4949
MXD,Ewa Radzikowska,Joseph Wild,1d51becb-4ea0-4878-9660-e3fd2dfaa0ea,a51b59c5-1a13-4472-821a-eb9866e72adf,1.5302,0.03305,0.4948
MXD,Tyra Hurricane Black,Hoang Nam Ly,fec65f7e-f2c8-482f-ab5b-541cf53b1064,f1151ea2-759d-4d9f-a5b9-5ccd966dc3ca,1.5301,0.02539,0.4947
MXD,Etta Tuionetoa,Hien Truong,676b1cbc-766c-4616-bf39-1787ffd8c72a,524b89ad-b76b-40b4-a0db-736bdc7b8adb,1.5298,0.03151,0.4945
MXD,Maggie Brascia,Connor Garnett,736475dd-7ccd-40d8-8b43-8c2d9ef9e674,ff38654d-daae-4bad-a1a7-690e4e5706eb,1.5298,0.02412,0.4944
MXD,Estee Widdershoven,Robert Slutsky,bf84d952-c6a8-4494-943d-064b223e764f,f6fa549d-8a9c-46fd-aeb8-af8a3f0f7a59,1.5297,0.02878,0.4944
MXD,Sahra Dennehy,Hunter Johnson,051f5c82-82ce-4ab8-b4f8-36976638a89b,8160ad59-4654-46b1-b229-8d5f2a9a45f9,1.5295,0.01804,0.4941
MXD,Ting Chieh Wei,Will Howells,29e8121d-6f86-4192-b7af-ab05b77b89fe,d0f19d1e-2a6e-4eb3-b10c-1311edd599a8,1.5291,0.01485,0.4936
MXD,Ting Chieh Wei,Bruno Faletto,29e8121d-6f86-4192-b7af-ab05b77b89fe,34049405-b415-4f3a-aade-5be0111ac7db,1.5287,0.02284,0.4935
MXD,Ting Chieh Wei,Vanshik Kapadia,29e8121d-6f86-4192-b7af-ab05b77b89fe,6866df42-48ad-423c-9e57-d7d4d6fb66ef,1.5287,0.0427,0.4937
MXD,Jessie Irvine,Quang Duong,8e2f9629-19d0-409d-81dc-b64fe2f3d3ff,14d61e81-14d5-4cb3-ae33-d427fbc1b4f6,1.5287,0.0322,0.4935
MXD,Leigh Waters,Hunter Johnson,1bfba782-55f3-42e4-9889-9018e793c0b5,8160ad59-4654-46b1-b229-8d5f2a9a45f9,1.5285,0.03058,0.4933
MXD,Jillian Braverman,Augustus Ge,98c2531f-f5ce-48b5-b251-eb69425d409c,ba491f1c-0112-47a8-a348-4695289e958a,1.5285,0.05634,0.4937
MXD,Allyce Jones,Hunter Johnson,efe9989b-5864-48c2-806c-06697024e1da,8160ad59-4654-46b1-b229-8d5f2a9a45f9,1.5278,0.01624,0.4926
MXD,Bobbi Oshiro,John Lucian Goins,7f36e416-0907-43b2-8ec4-e9533088e30f,e96d9339-cfb6-473d-bcb3-23f2887a3e0f,1.5277,0.0541,0.493
MXD,Meghan Dizon,Thomas Yu,8f521dcc-1cb5-4c8d-933c-af6b267bd395,8c94d7b2-0dce-455e-916f-e35927d53547,1.5275,0.03232,0.4926
MXD,Chao Yi Wang,Hien Truong,20684550-cb89-4ea2-9e2f-0f44eb920b45,524b89ad-b76b-40b4-a0db-736bdc7b8adb,1.5273,0.03145,0.4924
MXD,Maggie Brascia,Jack Munro,736475dd-7ccd-40d8-8b43-8c2d9ef9e674,f90428f0-e4a3-4a08-a664-518ba7f188d2,1.5273,0.05862,0.4928
MXD,Milan Rane,Robert Slutsky,eb14fc6e-ede1-4999-bec3-e36695e7f94e,f6fa549d-8a9c-46fd-aeb8-af8a3f0f7a59,1.5271,0.0251,0.4921
MXD,Daria Walczak,Nicolas Acevedo,3e6b668a-8d26-4424-9420-3ceb18486b65,a000a067-1bf1-442f-a961-e6c97cb50006,1.5271,0.02004,0.492
MXD,Allie Reichert,Jack Sock,dcd029fb-2814-401b-a1cb-0c4269d9954b,3a43c56f-b9d8-4e72-ae8a-58fd69291946,1.5271,0.02619,0.4922
MXD,Etta Tuionetoa,Etienne Blaszkewycz,676b1cbc-766c-4616-bf39-1787ffd8c72a,d3e486f2-7c25-4bcf-b9dd-81c14f644f60,1.527,0.02265,0.492
MXD,Alix Truong,Augustus Ge,646f7432-e6ad-4ccf-95ee-a0e5d9514d28,ba491f1c-0112-47a8-a348-4695289e958a,1.5267,0.01349,0.4915
MXD,Carlota Trevino,Noe Khlif,70c18684-f615-4d05-9aa9-5cbdbd53ab9f,1bb8b2c1-ca6f-45ac-afdd-fab7e77d69d4,1.5267,0.01548,0.4916
MXD,Meghan Dizon,Joseph Wild,8f521dcc-1cb5-4c8d-933c-af6b267bd395,a51b59c5-1a13-4472-821a-eb9866e72adf,1.5266,0.02472,0.4917
MXD,Mary Brascia,Christian Alshon,1dd5c313-10f5-4e0a-bb9b-699913a5abe8,79a11da1-6aeb-4719-9b1e-9918e0163cec,1.5266,0.02543,0.4917
MXD,Isabella Dunlap,Jack Sock,719e2d3b-d10d-402d-a195-41f072214679,3a43c56f-b9d8-4e72-ae8a-58fd69291946,1.5265,0.01582,0.4914
MXD,Lucy Kovalova,Connor Garnett,504e8c08-caf6-4db8-b454-11ffa321261c,ff38654d-daae-4bad-a1a7-690e4e5706eb,1.5262,0.02267,0.4913
MXD,Lacy Schneemann,John Lucian Goins,a3ed7970-35d2-485c-8285-187c298a2d83,e96d9339-cfb6-473d-bcb3-23f2887a3e0f,1.526,0.01811,0.491
MXD,Tina Pisnik,Matthew Barlow,f879086b-e0e5-4772-b0a6-4055c265da69,3270dc72-53b7-4d35-aa4c-7f8b7b6bf905,1.5256,0.02352,0.4909
MXD,Catherine Parenteau,John Lucian Goins,9b97206b-783a-4fab-85e9-45a6240325a5,e96d9339-cfb6-473d-bcb3-23f2887a3e0f,1.5256,0.01701,0.4907
MXD,Bobbi Oshiro,Luca Mack,7f36e416-0907-43b2-8ec4-e9533088e30f,2aa8ced3-d599-4c83-86dd-ecc80196833b,1.5254,0.05991,0.4913
MXD,Vivienne David,Juan Benitez,afc0bfc9-8cd8-4600-bd45-681092186db3,f4c43443-fdff-4344-b291-274cfd26361e,1.5254,0.03286,0.4908
MXD,Ewa Radzikowska,Harsh Mehta,1d51becb-4ea0-4878-9660-e3fd2dfaa0ea,c18fb17d-e0bb-415c-901b-fa2f928ab22c,1.525,0.04152,0.4906
MXD,Mari Humberg,Mohaned Alhouni,b1ab7d76-a859-4136-8405-3ed7c9be287a,1bab49f1-6891-4d3e-8f77-42aa4fc1d18e,1.5248,0.01725,0.49
MXD,Yana Newell,Oscar Serra,655e0349-7e66-4233-b999-b6cca2298f9b,2c2a2b82-9ec7-4046-97cb-3a199ed507af,1.5248,0.04169,0.4905
MXD,Jessie Irvine,Noe Khlif,8e2f9629-19d0-409d-81dc-b64fe2f3d3ff,1bb8b2c1-ca6f-45ac-afdd-fab7e77d69d4,1.5248,0.01277,0.4899
MXD,Christine Maddox,Christian Alshon,3ad652aa-3fdd-4e53-8f34-dfdedc3c1901,79a11da1-6aeb-4719-9b1e-9918e0163cec,1.5246,0.05084,0.4905
MXD,Kate Fahey,Hoang Nam Ly,3af01041-5679-400a-87b8-12c01db8cec4,f1151ea2-759d-4d9f-a5b9-5ccd966dc3ca,1.5245,0.02384,0.4899
MXD,Chao Yi Wang,Etienne Blaszkewycz,20684550-cb89-4ea2-9e2f-0f44eb920b45,d3e486f2-7c25-4bcf-b9dd-81c14f644f60,1.5244,0.0226,0.4898
MXD,Samantha Parker,Connor Garnett,6794d224-7da3-43d9-8300-e24e731f5dea,ff38654d-daae-4bad-a1a7-690e4e5706eb,1.5242,0.01731,0.4895
MXD,Eugenia Carolina Lopez Ascarate,Nicolas Acevedo,577d1124-44c9-435d-88e9-01a146f2d177,a000a067-1bf1-442f-a961-e6c97cb50006,1.524,0.03428,0.4897
MXD,Marianna Petrei,Jay Devilliers,12890797-7355-49ca-848e-56d67e33c4de,295e343a-31a0-4e1d-a286-d62592291435,1.5238,0.03299,0.4895
MXD,Lucy Kovalova,Jack Munro,504e8c08-caf6-4db8-b454-11ffa321261c,f90428f0-e4a3-4a08-a664-518ba7f188d2,1.5238,0.05718,0.49
MXD,Lacy Schneemann,Luca Mack,a3ed7970-35d2-485c-8285-187c298a2d83,2aa8ced3-d599-4c83-86dd-ecc80196833b,1.5237,0.02392,0.4892
MXD,Etta Tuionetoa,Pablo Tellez,676b1cbc-766c-4616-bf39-1787ffd8c72a,52726ab1-2ac9-46c0-be90-6b0e7a2d56eb,1.5235,0.01672,0.4889
MXD,Catherine Parenteau,Luca Mack,9b97206b-783a-4fab-85e9-45a6240325a5,2aa8ced3-d599-4c83-86dd-ecc80196833b,1.5234,0.02281,0.4889
MXD,Etta Tuionetoa,Alex Emery,676b1cbc-766c-4616-bf39-1787ffd8c72a,5c817399-aea7-481d-9a83-aab7431eabc1,1.5233,0.03818,0.4892
MXD,Etta Tuionetoa,Jaume Martinez Vich,676b1cbc-766c-4616-bf39-1787ffd8c72a,cc8832b9-9a8f-4cbc-8eff-b20e9a7ff09a,1.5232,0.01482,0.4885
MXD,Daria Walczak,Jack Sock,3e6b668a-8d26-4424-9420-3ceb18486b65,3a43c56f-b9d8-4e72-ae8a-58fd69291946,1.5227,0.01986,0.4883
MXD,Vivian Glozman,Tyson McGuffin,ff789b9c-80c4-442c-b97e-2e2311298cfb,dbcb41e9-e983-410b-bc23-d184d034cfc0,1.5224,0.02947,0.4882
MXD,Ewa Radzikowska,Hien Truong,1d51becb-4ea0-4878-9660-e3fd2dfaa0ea,524b89ad-b76b-40b4-a0db-736bdc7b8adb,1.5219,0.03958,0.4881
MXD,Samantha Parker,Jack Munro,6794d224-7da3-43d9-8300-e24e731f5dea,f90428f0-e4a3-4a08-a664-518ba7f188d2,1.5218,0.05182,0.4883
MXD,Layne Sleeth,Augustus Ge,55ed7e0a-ff2d-4ac2-aad6-b6772ef4f448,ba491f1c-0112-47a8-a348-4695289e958a,1.5216,0.01497,0.4871
MXD,Yana Newell,George Wall,655e0349-7e66-4233-b999-b6cca2298f9b,698c5236-e88f-411c-b44f-e54f16b2d6b5,1.5215,0.04186,0.4878
MXD,Meghan Dizon,Harsh Mehta,8f521dcc-1cb5-4c8d-933c-af6b267bd395,c18fb17d-e0bb-415c-901b-fa2f928ab22c,1.5214,0.03319,0.4875
MXD,Etta Tuionetoa,Max Freeman,676b1cbc-766c-4616-bf39-1787ffd8c72a,b03ff4de-9b8f-46a8-a530-d8f19e9d6ec9,1.5213,0.01584,0.4869
MXD,Allie Reichert,Phuc Huynh,dcd029fb-2814-401b-a1cb-0c4269d9954b,0763ffeb-1b1f-41c5-ab37-d17b66e50b50,1.5213,0.05593,0.488
MXD,Chao Yi Wang,Pablo Tellez,20684550-cb89-4ea2-9e2f-0f44eb920b45,52726ab1-2ac9-46c0-be90-6b0e7a2d56eb,1.521,0.01666,0.4867
MXD,Chao Yi Wang,Alex Emery,20684550-cb89-4ea2-9e2f-0f44eb920b45,5c817399-aea7-481d-9a83-aab7431eabc1,1.5208,0.03812,0.4871
MXD,Isabella Dunlap,Phuc Huynh,719e2d3b-d10d-402d-a195-41f072214679,0763ffeb-1b1f-41c5-ab37-d17b66e50b50,1.5207,0.04556,0.4873
MXD,Chao Yi Wang,Jaume Martinez Vich,20684550-cb89-4ea2-9e2f-0f44eb920b45,cc8832b9-9a8f-4cbc-8eff-b20e9a7ff09a,1.5206,0.01476,0.4863
MXD,Judit Castillo,Nicolas Acevedo,ec4cdfe2-c6f6-4de1-824e-9adcaeb31196,a000a067-1bf1-442f-a961-e6c97cb50006,1.5206,0.01858,0.4864
MXD,Brooke Buckner,Connor Garnett,06dc9b8a-5c01-49cf-bb4d-70d7b5f85acf,ff38654d-daae-4bad-a1a7-690e4e5706eb,1.5204,0.01418,0.4861
MXD,Eugenia Carolina Lopez Ascarate,Jack Sock,577d1124-44c9-435d-88e9-01a146f2d177,3a43c56f-b9d8-4e72-ae8a-58fd69291946,1.5197,0.03409,0.4861
MXD,Bobbi Oshiro,Donald Young,7f36e416-0907-43b2-8ec4-e9533088e30f,aec5d8be-9ce0-4cc5-98a4-140fad555fe0,1.5196,0.05563,0.4867
MXD,Maggie Brascia,Quang Duong,736475dd-7ccd-40d8-8b43-8c2d9ef9e674,14d61e81-14d5-4cb3-ae33-d427fbc1b4f6,1.5191,0.04257,0.4859
MXD,Ewa Radzikowska,Etienne Blaszkewycz,1d51becb-4ea0-4878-9660-e3fd2dfaa0ea,d3e486f2-7c25-4bcf-b9dd-81c14f644f60,1.519,0.03073,0.4855
MXD,Carlota Trevino,Will Howells,70c18684-f615-4d05-9aa9-5cbdbd53ab9f,d0f19d1e-2a6e-4eb3-b10c-1311edd599a8,1.519,0.01678,0.485
MXD,Rachel Rohrabacher,Matthew Barlow,50908953-a944-4a34-898b-16af312bc814,3270dc72-53b7-4d35-aa4c-7f8b7b6bf905,1.5189,0.0232,0.4851
MXD,Sahra Dennehy,Roscoe Bellamy,051f5c82-82ce-4ab8-b4f8-36976638a89b,925c1306-6b3b-4510-8482-f34168a0842a,1.5189,0.01731,0.4849
MXD,Chao Yi Wang,Max Freeman,20684550-cb89-4ea2-9e2f-0f44eb920b45,b03ff4de-9b8f-46a8-a530-d8f19e9d6ec9,1.5188,0.01578,0.4847
MXD,Carlota Trevino,Bruno Faletto,70c18684-f615-4d05-9aa9-5cbdbd53ab9f,34049405-b415-4f3a-aade-5be0111ac7db,1.5187,0.02478,0.485
MXD,Carlota Trevino,Vanshik Kapadia,70c18684-f615-4d05-9aa9-5cbdbd53ab9f,6866df42-48ad-423c-9e57-d7d4d6fb66ef,1.5187,0.04463,0.4856
MXD,Etta Tuionetoa,Connor Mogle,676b1cbc-766c-4616-bf39-1787ffd8c72a,3d9c8684-953f-4008-b355-b6104ee56a5b,1.5186,0.01786,0.4847
MXD,Meghan Dizon,Hien Truong,8f521dcc-1cb5-4c8d-933c-af6b267bd395,524b89ad-b76b-40b4-a0db-736bdc7b8adb,1.5183,0.03125,0.4849
MXD,Kaitlyn Christian,Eric Oncins,66a6c35b-33a2-4a23-b5db-fa53c96d643a,52690a0c-ed4a-4e0b-bf69-4ef416cf7d55,1.5182,0.0137,0.4842
MXD,Kiora Kunimoto,Christian Alshon,a95df9a8-772c-4dbf-8c28-e200b7308584,79a11da1-6aeb-4719-9b1e-9918e0163cec,1.5182,0.01564,0.4842
MXD,Brooke Buckner,Jack Munro,06dc9b8a-5c01-49cf-bb4d-70d7b5f85acf,f90428f0-e4a3-4a08-a664-518ba7f188d2,1.518,0.04869,0.4852
MXD,Lacy Schneemann,Donald Young,a3ed7970-35d2-485c-8285-187c298a2d83,aec5d8be-9ce0-4cc5-98a4-140fad555fe0,1.5179,0.01964,0.4842
MXD,Leigh Waters,Roscoe Bellamy,1bfba782-55f3-42e4-9889-9018e793c0b5,925c1306-6b3b-4510-8482-f34168a0842a,1.5178,0.02985,0.4845
MXD,Lea Jansen,Nicolas Acevedo,7319013d-d511-4aa5-a356-4aa2cccf94f5,a000a067-1bf1-442f-a961-e6c97cb50006,1.5178,0.01505,0.4839
MXD,Genie Erokhina,Thomas Wilson,461f063e-a587-4638-bad9-421ff33d91d7,12d79cbe-b5c7-4504-ab8f-f352a6bb8629,1.5178,0.05246,0.4852
MXD,Yufei Long,Thomas Wilson,20945292-032a-47f1-93c5-d44ada6e4783,12d79cbe-b5c7-4504-ab8f-f352a6bb8629,1.5177,0.06625,0.4855
MXD,Catherine Parenteau,Donald Young,9b97206b-783a-4fab-85e9-45a6240325a5,aec5d8be-9ce0-4cc5-98a4-140fad555fe0,1.5176,0.01854,0.4839
MXD,Bobbi Oshiro,Martin Emmrich,7f36e416-0907-43b2-8ec4-e9533088e30f,e9849183-4693-4340-abf5-f4b6f3cb226f,1.5175,0.05393,0.485
MXD,Estee Widdershoven,Connor Garnett,bf84d952-c6a8-4494-943d-064b223e764f,ff38654d-daae-4bad-a1a7-690e4e5706eb,1.5175,0.01672,0.4837
MXD,Ting Chieh Wei,Yuta Funemizu,29e8121d-6f86-4192-b7af-ab05b77b89fe,ce4f0e14-80ea-4ed0-a81c-7341d356d427,1.5174,0.01714,0.4836
MXD,Allyce Jones,Roscoe Bellamy,efe9989b-5864-48c2-806c-06697024e1da,925c1306-6b3b-4510-8482-f34168a0842a,1.5172,0.01551,0.4834
MXD,Jessie Irvine,Will Howells,8e2f9629-19d0-409d-81dc-b64fe2f3d3ff,d0f19d1e-2a6e-4eb3-b10c-1311edd599a8,1.5171,0.01408,0.4833
MXD,Allie Reichert,Robert Slutsky,dcd029fb-2814-401b-a1cb-0c4269d9954b,f6fa549d-8a9c-46fd-aeb8-af8a3f0f7a59,1.5171,0.03651,0.484
MXD,Roos Van Reek,Nicolas Acevedo,4798e757-53f5-4e52-92aa-98172c8f7862,a000a067-1bf1-442f-a961-e6c97cb50006,1.517,0.03227,0.4839
MXD,Daria Walczak,Phuc Huynh,3e6b668a-8d26-4424-9420-3ceb18486b65,0763ffeb-1b1f-41c5-ab37-d17b66e50b50,1.5169,0.0496,0.4843
MXD,Jessie Irvine,Bruno Faletto,8e2f9629-19d0-409d-81dc-b64fe2f3d3ff,34049405-b415-4f3a-aade-5be0111ac7db,1.5168,0.02208,0.4833
MXD,Jessie Irvine,Vanshik Kapadia,8e2f9629-19d0-409d-81dc-b64fe2f3d3ff,6866df42-48ad-423c-9e57-d7d4d6fb66ef,1.5168,0.04193,0.484
MXD,Isabella Dunlap,Robert Slutsky,719e2d3b-d10d-402d-a195-41f072214679,f6fa549d-8a9c-46fd-aeb8-af8a3f0f7a59,1.5165,0.02614,0.4832
MXD,Judit Castillo,Jack Sock,ec4cdfe2-c6f6-4de1-824e-9adcaeb31196,3a43c56f-b9d8-4e72-ae8a-58fd69291946,1.5162,0.0184,0.4827
MXD,Ting Chieh Wei,Armaan Bhatia,29e8121d-6f86-4192-b7af-ab05b77b89fe,33292af3-984d-4752-8d18-b3a5c147e9fe,1.5162,0.01672,0.4825
MXD,Chao Yi Wang,Connor Mogle,20684550-cb89-4ea2-9e2f-0f44eb920b45,3d9c8684-953f-4008-b355-b6104ee56a5b,1.516,0.01781,0.4825
MXD,Lacy Schneemann,Martin Emmrich,a3ed7970-35d2-485c-8285-187c298a2d83,e9849183-4693-4340-abf5-f4b6f3cb226f,1.5158,0.01793,0.4823
MXD,Yana Newell,Hunter Johnson,655e0349-7e66-4233-b999-b6cca2298f9b,8160ad59-4654-46b1-b229-8d5f2a9a45f9,1.5158,0.03154,0.4828
MXD,Ewa Radzikowska,Pablo Tellez,1d51becb-4ea0-4878-9660-e3fd2dfaa0ea,52726ab1-2ac9-46c0-be90-6b0e7a2d56eb,1.5156,0.0248,0.4824
MXD,Catherine Parenteau,Martin Emmrich,9b97206b-783a-4fab-85e9-45a6240325a5,e9849183-4693-4340-abf5-f4b6f3cb226f,1.5155,0.01683,0.482
MXD,Lucy Kovalova,Quang Duong,504e8c08-caf6-4db8-b454-11ffa321261c,14d61e81-14d5-4cb3-ae33-d427fbc1b4f6,1.5155,0.04113,0.4829
MXD,Ewa Radzikowska,Alex Emery,1d51becb-4ea0-4878-9660-e3fd2dfaa0ea,5c817399-aea7-481d-9a83-aab7431eabc1,1.5154,0.04625,0.483
MXD,Meghan Dizon,Etienne Blaszkewycz,8f521dcc-1cb5-4c8d-933c-af6b267bd395,d3e486f2-7c25-4bcf-b9dd-81c14f644f60,1.5154,0.02239,0.4822
MXD,Ewa Radzikowska,Jaume Martinez Vich,1d51becb-4ea0-4878-9660-e3fd2dfaa0ea,cc8832b9-9a8f-4cbc-8eff-b20e9a7ff09a,1.5153,0.0229,0.482
MXD,Maggie Brascia,Noe Khlif,736475dd-7ccd-40d8-8b43-8c2d9ef9e674,1bb8b2c1-ca6f-45ac-afdd-fab7e77d69d4,1.5152,0.02314,0.482
MXD,Sahra Dennehy,Anderson Scarpa,051f5c82-82ce-4ab8-b4f8-36976638a89b,fa8d5d28-d8f5-4996-8c35-0f4ca3c35bae,1.5151,0.01921,0.4817
MXD,Bobbi Oshiro,Rafa Hewett,7f36e416-0907-43b2-8ec4-e9533088e30f,06ba18e0-687b-4aa3-822d-1c86981f576b,1.515,0.05167,0.4829
MXD,Estee Widdershoven,Jack Munro,bf84d952-c6a8-4494-943d-064b223e764f,f90428f0-e4a3-4a08-a664-518ba7f188d2,1.515,0.05123,0.4829
MXD,Milan Rane,Connor Garnett,eb14fc6e-ede1-4999-bec3-e36695e7f94e,ff38654d-daae-4bad-a1a7-690e4e5706eb,1.5149,0.01305,0.4813
MXD,Leigh Waters,Anderson Scarpa,1bfba782-55f3-42e4-9889-9018e793c0b5,fa8d5d28-d8f5-4996-8c35-0f4ca3c35bae,1.514,0.03175,0.4814
MXD,Eugenia Carolina Lopez Ascarate,Phuc Huynh,577d1124-44c9-435d-88e9-01a146f2d177,0763ffeb-1b1f-41c5-ab37-d17b66e50b50,1.5139,0.06383,0.4824
MXD,Lea Jansen,Jack Sock,7319013d-d511-4aa5-a356-4aa2cccf94f5,3a43c56f-b9d8-4e72-ae8a-58fd69291946,1.5135,0.01486,0.4802
MXD,Samantha Parker,Quang Duong,6794d224-7da3-43d9-8300-e24e731f5dea,14d61e81-14d5-4cb3-ae33-d427fbc1b4f6,1.5135,0.03577,0.4811
MXD,Ewa Radzikowska,Max Freeman,1d51becb-4ea0-4878-9660-e3fd2dfaa0ea,b03ff4de-9b8f-46a8-a530-d8f19e9d6ec9,1.5134,0.02391,0.4805
MXD,Allyce Jones,Anderson Scarpa,efe9989b-5864-48c2-806c-06697024e1da,fa8d5d28-d8f5-4996-8c35-0f4ca3c35bae,1.5134,0.01741,0.4802
MXD,Lacy Schneemann,Rafa Hewett,a3ed7970-35d2-485c-8285-187c298a2d83,06ba18e0-687b-4aa3-822d-1c86981f576b,1.5133,0.01567,0.48
MXD,Vivienne David,John Lucian Goins,afc0bfc9-8cd8-4600-bd45-681092186db3,e96d9339-cfb6-473d-bcb3-23f2887a3e0f,1.5133,0.02983,0.4807
MXD,Catherine Parenteau,Rafa Hewett,9b97206b-783a-4fab-85e9-45a6240325a5,06ba18e0-687b-4aa3-822d-1c86981f576b,1.513,0.01457,0.4797
MXD,Callie Smith,Jay Devilliers,0c1bb94d-3af2-42f4-b938-d712c707ace4,295e343a-31a0-4e1d-a286-d62592291435,1.513,0.01691,0.4799
MXD,Roos Van Reek,Jack Sock,4798e757-53f5-4e52-92aa-98172c8f7862,3a43c56f-b9d8-4e72-ae8a-58fd69291946,1.5127,0.03209,0.4803
MXD,Daria Walczak,Robert Slutsky,3e6b668a-8d26-4424-9420-3ceb18486b65,f6fa549d-8a9c-46fd-aeb8-af8a3f0f7a59,1.5127,0.03018,0.4802
MXD,Liz Truluck,Thomas Wilson,71992955-8b6f-470b-a991-796cfa56a826,12d79cbe-b5c7-4504-ab8f-f352a6bb8629,1.5126,0.05253,0.4811
MXD,Milan Rane,Jack Munro,eb14fc6e-ede1-4999-bec3-e36695e7f94e,f90428f0-e4a3-4a08-a664-518ba7f188d2,1.5124,0.04756,0.4807
MXD,Shelby Bates,Nicolas Acevedo,ded801fd-297a-4761-b63e-d8fbbfeb5762,a000a067-1bf1-442f-a961-e6c97cb50006,1.5123,0.0374,0.4802
MXD,Ting Chieh Wei,Dekel Bar,29e8121d-6f86-4192-b7af-ab05b77b89fe,89843e44-48fd-4a3f-b8c0-5f5aa6ae5741,1.5122,0.01492,0.4791
MXD,Zoey Weil,Nicolas Acevedo,1d701c30-6b5d-485f-ae97-60f3b0c50896,a000a067-1bf1-442f-a961-e6c97cb50006,1.5122,0.0164,0.4791
MXD,Sahra Dennehy,Thomas Yu,051f5c82-82ce-4ab8-b4f8-36976638a89b,8c94d7b2-0dce-455e-916f-e35927d53547,1.5121,0.0335,0.4799
MXD,Jillian Braverman,Oscar Serra,98c2531f-f5ce-48b5-b251-eb69425d409c,2c2a2b82-9ec7-4046-97cb-3a199ed507af,1.5121,0.06909,0.4812
MXD,Meghan Dizon,Pablo Tellez,8f521dcc-1cb5-4c8d-933c-af6b267bd395,52726ab1-2ac9-46c0-be90-6b0e7a2d56eb,1.512,0.01646,0.479
MXD,Meghan Dizon,Alex Emery,8f521dcc-1cb5-4c8d-933c-af6b267bd395,5c817399-aea7-481d-9a83-aab7431eabc1,1.5118,0.03792,0.4798
MXD,Meghan Dizon,Jaume Martinez Vich,8f521dcc-1cb5-4c8d-933c-af6b267bd395,cc8832b9-9a8f-4cbc-8eff-b20e9a7ff09a,1.5117,0.01456,0.4786
MXD,Lucy Kovalova,Noe Khlif,504e8c08-caf6-4db8-b454-11ffa321261c,1bb8b2c1-ca6f-45ac-afdd-fab7e77d69d4,1.5117,0.0217,0.4789
MXD,Sahra Dennehy,Joseph Wild,051f5c82-82ce-4ab8-b4f8-36976638a89b,a51b59c5-1a13-4472-821a-eb9866e72adf,1.5112,0.0259,0.4787
MXD,Vivienne David,Luca Mack,afc0bfc9-8cd8-4600-bd45-681092186db3,2aa8ced3-d599-4c83-86dd-ecc80196833b,1.5111,0.03563,0.4791
MXD,Leigh Waters,Thomas Yu,1bfba782-55f3-42e4-9889-9018e793c0b5,8c94d7b2-0dce-455e-916f-e35927d53547,1.5111,0.04604,0.4795
MXD,Etta Tuionetoa,Juan Benitez,676b1cbc-766c-4616-bf39-1787ffd8c72a,f4c43443-fdff-4344-b291-274cfd26361e,1.511,0.02175,0.4784
MXD,Marianna Petrei,Federico Staksrud,12890797-7355-49ca-848e-56d67e33c4de,7edb882c-6d17-4129-8208-710e3c82364c,1.511,0.03094,0.4788
MXD,Marianna Petrei,Riley Newman,12890797-7355-49ca-848e-56d67e33c4de,05b194b3-db88-4f77-a26f-5ef5cfbf6146,1.5109,0.03223,0.4788
MXD,Ewa Radzikowska,Connor Mogle,1d51becb-4ea0-4878-9660-e3fd2dfaa0ea,3d9c8684-953f-4008-b355-b6104ee56a5b,1.5106,0.02594,0.4783
MXD,Allyce Jones,Thomas Yu,efe9989b-5864-48c2-806c-06697024e1da,8c94d7b2-0dce-455e-916f-e35927d53547,1.5104,0.0317,0.4784
MXD,Judit Castillo,Phuc Huynh,ec4cdfe2-c6f6-4de1-824e-9adcaeb31196,0763ffeb-1b1f-41c5-ab37-d17b66e50b50,1.5104,0.04814,0.4791
MXD,Alix Truong,Oscar Serra,646f7432-e6ad-4ccf-95ee-a0e5d9514d28,2c2a2b82-9ec7-4046-97cb-3a199ed507af,1.5103,0.02625,0.478
MXD,Leigh Waters,Joseph Wild,1bfba782-55f3-42e4-9889-9018e793c0b5,a51b59c5-1a13-4472-821a-eb9866e72adf,1.5101,0.03844,0.4785
MXD,Katerina Stewart,Ben Johns,3cec5850-24e2-44e3-96bc-ee87aa34581d,6f862c1d-1317-4fe7-bdcd-64caa0dbb088,1.5099,0.02553,0.4776
MXD,Cailyn Campbell,Eric Oncins,9eff9049-c45c-42ee-9a49-e9a797cc2116,52690a0c-ed4a-4e0b-bf69-4ef416cf7d55,1.5099,0.01418,0.4771
MXD,Meghan Dizon,Max Freeman,8f521dcc-1cb5-4c8d-933c-af6b267bd395,b03ff4de-9b8f-46a8-a530-d8f19e9d6ec9,1.5098,0.01558,0.477
MXD,Brooke Buckner,Quang Duong,06dc9b8a-5c01-49cf-bb4d-70d7b5f85acf,14d61e81-14d5-4cb3-ae33-d427fbc1b4f6,1.5097,0.03264,0.4778
MXD,Samantha Parker,Noe Khlif,6794d224-7da3-43d9-8300-e24e731f5dea,1bb8b2c1-ca6f-45ac-afdd-fab7e77d69d4,1.5097,0.01634,0.4769
MXD,Eugenia Carolina Lopez Ascarate,Robert Slutsky,577d1124-44c9-435d-88e9-01a146f2d177,f6fa549d-8a9c-46fd-aeb8-af8a3f0f7a59,1.5096,0.04441,0.4783
MXD,Allyce Jones,Joseph Wild,efe9989b-5864-48c2-806c-06697024e1da,a51b59c5-1a13-4472-821a-eb9866e72adf,1.5095,0.0241,0.4772
MXD,Ting Chieh Wei,CJ Klinger,29e8121d-6f86-4192-b7af-ab05b77b89fe,ead35052-7367-4296-96d4-064f546cc2b9,1.5089,0.01425,0.4762
MXD,Jillian Braverman,George Wall,98c2531f-f5ce-48b5-b251-eb69425d409c,698c5236-e88f-411c-b44f-e54f16b2d6b5,1.5087,0.06926,0.4787
MXD,Chao Yi Wang,Juan Benitez,20684550-cb89-4ea2-9e2f-0f44eb920b45,f4c43443-fdff-4344-b291-274cfd26361e,1.5085,0.02169,0.4762
MXD,Vivian Glozman,Tama Shimabukuro,ff789b9c-80c4-442c-b97e-2e2311298cfb,4af4d4d1-9f87-4dc7-95f2-b10751d44c15,1.5084,0.02846,0.4765
MXD,Vivian Glozman,Patrick Kawka,ff789b9c-80c4-442c-b97e-2e2311298cfb,6876576c-b20e-47e3-99e4-d32759cc9f48,1.508,0.06264,0.4779
MXD,Shelby Bates,Jack Sock,ded801fd-297a-4761-b63e-d8fbbfeb5762,3a43c56f-b9d8-4e72-ae8a-58fd69291946,1.508,0.03722,0.4766
MXD,Zoey Weil,Jack Sock,1d701c30-6b5d-485f-ae97-60f3b0c50896,3a43c56f-b9d8-4e72-ae8a-58fd69291946,1.5078,0.01621,0.4754
MXD,Lea Jansen,Phuc Huynh,7319013d-d511-4aa5-a356-4aa2cccf94f5,0763ffeb-1b1f-41c5-ab37-d17b66e50b50,1.5077,0.0446,0.4768
MXD,Maggie Brascia,Will Howells,736475dd-7ccd-40d8-8b43-8c2d9ef9e674,d0f19d1e-2a6e-4eb3-b10c-1311edd599a8,1.5075,0.02445,0.4756
MXD,Carlota Trevino,Yuta Funemizu,70c18684-f615-4d05-9aa9-5cbdbd53ab9f,ce4f0e14-80ea-4ed0-a81c-7341d356d427,1.5073,0.01907,0.4751
MXD,Maggie Brascia,Bruno Faletto,736475dd-7ccd-40d8-8b43-8c2d9ef9e674,34049405-b415-4f3a-aade-5be0111ac7db,1.5072,0.03245,0.4758
MXD,Maggie Brascia,Vanshik Kapadia,736475dd-7ccd-40d8-8b43-8c2d9ef9e674,6866df42-48ad-423c-9e57-d7d4d6fb66ef,1.5072,0.0523,0.4767
MXD,Meghan Dizon,Connor Mogle,8f521dcc-1cb5-4c8d-933c-af6b267bd395,3d9c8684-953f-4008-b355-b6104ee56a5b,1.507,0.0176,0.4748
MXD,Alix Truong,George Wall,646f7432-e6ad-4ccf-95ee-a0e5d9514d28,698c5236-e88f-411c-b44f-e54f16b2d6b5,1.5069,0.02641,0.4752
MXD,Roos Van Reek,Phuc Huynh,4798e757-53f5-4e52-92aa-98172c8f7862,0763ffeb-1b1f-41c5-ab37-d17b66e50b50,1.5069,0.06183,0.4769
MXD,Estee Widdershoven,Quang Duong,bf84d952-c6a8-4494-943d-064b223e764f,14d61e81-14d5-4cb3-ae33-d427fbc1b4f6,1.5068,0.03518,0.4755
MXD,Judit Castillo,Robert Slutsky,ec4cdfe2-c6f6-4de1-824e-9adcaeb31196,f6fa549d-8a9c-46fd-aeb8-af8a3f0f7a59,1.5062,0.02872,0.4747
MXD,Carlota Trevino,Armaan Bhatia,70c18684-f615-4d05-9aa9-5cbdbd53ab9f,33292af3-984d-4752-8d18-b3a5c147e9fe,1.5061,0.01865,0.474
MXD,Sahra Dennehy,Harsh Mehta,051f5c82-82ce-4ab8-b4f8-36976638a89b,c18fb17d-e0bb-415c-901b-fa2f928ab22c,1.506,0.03437,0.4749
MXD,Brooke Buckner,Noe Khlif,06dc9b8a-5c01-49cf-bb4d-70d7b5f85acf,1bb8b2c1-ca6f-45ac-afdd-fab7e77d69d4,1.5059,0.01321,0.4735
MXD,Jessie Irvine,Yuta Funemizu,8e2f9629-19d0-409d-81dc-b64fe2f3d3ff,ce4f0e14-80ea-4ed0-a81c-7341d356d427,1.5054,0.01637,0.4733
MXD,Vivienne David,Donald Young,afc0bfc9-8cd8-4600-bd45-681092186db3,aec5d8be-9ce0-4cc5-98a4-140fad555fe0,1.5053,0.03136,0.4741
MXD,Yana Newell,Roscoe Bellamy,655e0349-7e66-4233-b999-b6cca2298f9b,925c1306-6b3b-4510-8482-f34168a0842a,1.5052,0.03081,0.474
MXD,Layne Sleeth,Oscar Serra,55ed7e0a-ff2d-4ac2-aad6-b6772ef4f448,2c2a2b82-9ec7-4046-97cb-3a199ed507af,1.5051,0.02772,0.4737
MXD,Ting Chieh Wei,Dylan Frazier,29e8121d-6f86-4192-b7af-ab05b77b89fe,1de884f8-7bf7-4b49-9de8-3f1fd74cabd6,1.5051,0.01512,0.473
MXD,Leigh Waters,Harsh Mehta,1bfba782-55f3-42e4-9889-9018e793c0b5,c18fb17d-e0bb-415c-901b-fa2f928ab22c,1.5049,0.04691,0.4747
MXD,Allie Reichert,Connor Garnett,dcd029fb-2814-401b-a1cb-0c4269d9954b,ff38654d-daae-4bad-a1a7-690e4e5706eb,1.5048,0.02446,0.4733
MXD,Allyce Jones,Harsh Mehta,efe9989b-5864-48c2-806c-06697024e1da,c18fb17d-e0bb-415c-901b-fa2f928ab22c,1.5043,0.03257,0.4733
MXD,Jessie Irvine,Armaan Bhatia,8e2f9629-19d0-409d-81dc-b64fe2f3d3ff,33292af3-984d-4752-8d18-b3a5c147e9fe,1.5042,0.01595,0.4722
MXD,Isabella Dunlap,Connor Garnett,719e2d3b-d10d-402d-a195-41f072214679,ff38654d-daae-4bad-a1a7-690e4e5706eb,1.5042,0.01408,0.4721
MXD,Milan Rane,Quang Duong,eb14fc6e-ede1-4999-bec3-e36695e7f94e,14d61e81-14d5-4cb3-ae33-d427fbc1b4f6,1.5042,0.03151,0.4732
MXD,Lucy Kovalova,Will Howells,504e8c08-caf6-4db8-b454-11ffa321261c,d0f19d1e-2a6e-4eb3-b10c-1311edd599a8,1.504,0.02301,0.4725
MXD,Lucy Kovalova,Bruno Faletto,504e8c08-caf6-4db8-b454-11ffa321261c,34049405-b415-4f3a-aade-5be0111ac7db,1.5037,0.031,0.4727
MXD,Lucy Kovalova,Vanshik Kapadia,504e8c08-caf6-4db8-b454-11ffa321261c,6866df42-48ad-423c-9e57-d7d4d6fb66ef,1.5037,0.05086,0.4738
MXD,Lea Jansen,Robert Slutsky,7319013d-d511-4aa5-a356-4aa2cccf94f5,f6fa549d-8a9c-46fd-aeb8-af8a3f0f7a59,1.5035,0.02518,0.4722
MXD,Vivienne David,Martin Emmrich,afc0bfc9-8cd8-4600-bd45-681092186db3,e9849183-4693-4340-abf5-f4b6f3cb226f,1.5031,0.02965,0.4722
MXD,Ewa Radzikowska,Juan Benitez,1d51becb-4ea0-4878-9660-e3fd2dfaa0ea,f4c43443-fdff-4344-b291-274cfd26361e,1.5031,0.02982,0.4722
MXD,Jillian Braverman,Hunter Johnson,98c2531f-f5ce-48b5-b251-eb69425d409c,8160ad59-4654-46b1-b229-8d5f2a9a45f9,1.5031,0.05894,0.4738
MXD,Sahra Dennehy,Hien Truong,051f5c82-82ce-4ab8-b4f8-36976638a89b,524b89ad-b76b-40b4-a0db-736bdc7b8adb,1.5029,0.03243,0.4722
MXD,Estee Widdershoven,Noe Khlif,bf84d952-c6a8-4494-943d-064b223e764f,1bb8b2c1-ca6f-45ac-afdd-fab7e77d69d4,1.5029,0.01575,0.4711
MXD,Roos Van Reek,Robert Slutsky,4798e757-53f5-4e52-92aa-98172c8f7862,f6fa549d-8a9c-46fd-aeb8-af8a3f0f7a59,1.5026,0.04241,0.4725
MXD,Allie Reichert,Jack Munro,dcd029fb-2814-401b-a1cb-0c4269d9954b,f90428f0-e4a3-4a08-a664-518ba7f188d2,1.5024,0.05897,0.4732
MXD,Carlota Trevino,Dekel Bar,70c18684-f615-4d05-9aa9-5cbdbd53ab9f,89843e44-48fd-4a3f-b8c0-5f5aa6ae5741,1.5022,0.01685,0.4705
MXD,Shelby Bates,Phuc Huynh,ded801fd-297a-4761-b63e-d8fbbfeb5762,0763ffeb-1b1f-41c5-ab37-d17b66e50b50,1.5022,0.06696,0.4735
MXD,Samantha Parker,Will Howells,6794d224-7da3-43d9-8300-e24e731f5dea,d0f19d1e-2a6e-4eb3-b10c-1311edd599a8,1.502,0.01764,0.4704
MXD,Zoey Weil,Phuc Huynh,1d701c30-6b5d-485f-ae97-60f3b0c50896,0763ffeb-1b1f-41c5-ab37-d17b66e50b50,1.502,0.04595,0.4723
MXD,Leigh Waters,Hien Truong,1bfba782-55f3-42e4-9889-9018e793c0b5,524b89ad-b76b-40b4-a0db-736bdc7b8adb,1.5019,0.04497,0.4721
MXD,Layne Sleeth,George Wall,55ed7e0a-ff2d-4ac2-aad6-b6772ef4f448,698c5236-e88f-411c-b44f-e54f16b2d6b5,1.5018,0.02789,0.471
MXD,Isabella Dunlap,Jack Munro,719e2d3b-d10d-402d-a195-41f072214679,f90428f0-e4a3-4a08-a664-518ba7f188d2,1.5018,0.04859,0.4722
MXD,Samantha Parker,Bruno Faletto,6794d224-7da3-43d9-8300-e24e731f5dea,34049405-b415-4f3a-aade-5be0111ac7db,1.5017,0.02564,0.4707
MXD,Samantha Parker,Vanshik Kapadia,6794d224-7da3-43d9-8300-e24e731f5dea,6866df42-48ad-423c-9e57-d7d4d6fb66ef,1.5017,0.04549,0.4719
MXD,Yana Newell,Anderson Scarpa,655e0349-7e66-4233-b999-b6cca2298f9b,fa8d5d28-d8f5-4996-8c35-0f4ca3c35bae,1.5014,0.03271,0.4709
MXD,Alix Truong,Hunter Johnson,646f7432-e6ad-4ccf-95ee-a0e5d9514d28,8160ad59-4654-46b1-b229-8d5f2a9a45f9,1.5013,0.0161,0.4697
MXD,Bobbi Oshiro,Tyson McGuffin,7f36e416-0907-43b2-8ec4-e9533088e30f,dbcb41e9-e983-410b-bc23-d184d034cfc0,1.5012,0.05073,0.4718
MXD,Allyce Jones,Hien Truong,efe9989b-5864-48c2-806c-06697024e1da,524b89ad-b76b-40b4-a0db-736bdc7b8adb,1.5012,0.03063,0.4707
MXD,Vivienne David,Rafa Hewett,afc0bfc9-8cd8-4600-bd45-681092186db3,06ba18e0-687b-4aa3-822d-1c86981f576b,1.5007,0.02739,0.47
MXD,Daria Walczak,Connor Garnett,3e6b668a-8d26-4424-9420-3ceb18486b65,ff38654d-daae-4bad-a1a7-690e4e5706eb,1.5004,0.01812,0.4691
MXD,Jessie Irvine,Dekel Bar,8e2f9629-19d0-409d-81dc-b64fe2f3d3ff,89843e44-48fd-4a3f-b8c0-5f5aa6ae5741,1.5003,0.01415,0.4687
MXD,Milan Rane,Noe Khlif,eb14fc6e-ede1-4999-bec3-e36695e7f94e,1bb8b2c1-ca6f-45ac-afdd-fab7e77d69d4,1.5003,0.01208,0.4686
MXD,Callie Smith,Federico Staksrud,0c1bb94d-3af2-42f4-b938-d712c707ace4,7edb882c-6d17-4129-8208-710e3c82364c,1.5002,0.01487,0.4687
MXD,Sahra Dennehy,Etienne Blaszkewycz,051f5c82-82ce-4ab8-b4f8-36976638a89b,d3e486f2-7c25-4bcf-b9dd-81c14f644f60,1.5001,0.02358,0.4692
MXD,Callie Smith,Riley Newman,0c1bb94d-3af2-42f4-b938-d712c707ace4,05b194b3-db88-4f77-a26f-5ef5cfbf6146,1.5001,0.01615,0.4687
MXD,Vivian Glozman,Tristan Dussault,ff789b9c-80c4-442c-b97e-2e2311298cfb,3cab1673-2522-4dd5-ba07-2a1b88749d86,1.4995,0.04115,0.47
MXD,Lacy Schneemann,Tyson McGuffin,a3ed7970-35d2-485c-8285-187c298a2d83,dbcb41e9-e983-410b-bc23-d184d034cfc0,1.4995,0.01474,0.4681
MXD,Meghan Dizon,Juan Benitez,8f521dcc-1cb5-4c8d-933c-af6b267bd395,f4c43443-fdff-4344-b291-274cfd26361e,1.4995,0.02149,0.4686
MXD,Catherine Parenteau,Tyson McGuffin,9b97206b-783a-4fab-85e9-45a6240325a5,dbcb41e9-e983-410b-bc23-d184d034cfc0,1.4992,0.01363,0.4677
MXD,Leigh Waters,Etienne Blaszkewycz,1bfba782-55f3-42e4-9889-9018e793c0b5,d3e486f2-7c25-4bcf-b9dd-81c14f644f60,1.499,0.03611,0.4692
MXD,Etta Tuionetoa,John Lucian Goins,676b1cbc-766c-4616-bf39-1787ffd8c72a,e96d9339-cfb6-473d-bcb3-23f2887a3e0f,1.4989,0.01872,0.4679
MXD,Carlota Trevino,CJ Klinger,70c18684-f615-4d05-9aa9-5cbdbd53ab9f,ead35052-7367-4296-96d4-064f546cc2b9,1.4988,0.01618,0.4676
MXD,Genie Erokhina,Nicolas Acevedo,461f063e-a587-4638-bad9-421ff33d91d7,a000a067-1bf1-442f-a961-e6c97cb50006,1.4988,0.016,0.4676
MXD,Yufei Long,Nicolas Acevedo,20945292-032a-47f1-93c5-d44ada6e4783,a000a067-1bf1-442f-a961-e6c97cb50006,1.4987,0.0298,0.4685
MXD,Allyce Jones,Etienne Blaszkewycz,efe9989b-5864-48c2-806c-06697024e1da,d3e486f2-7c25-4bcf-b9dd-81c14f644f60,1.4984,0.02177,0.4677
MXD,Yana Newell,Thomas Yu,655e0349-7e66-4233-b999-b6cca2298f9b,8c94d7b2-0dce-455e-916f-e35927d53547,1.4984,0.047,0.4694
MXD,Brooke Buckner,Will Howells,06dc9b8a-5c01-49cf-bb4d-70d7b5f85acf,d0f19d1e-2a6e-4eb3-b10c-1311edd599a8,1.4982,0.01452,0.467
MXD,Daria Walczak,Jack Munro,3e6b668a-8d26-4424-9420-3ceb18486b65,f90428f0-e4a3-4a08-a664-518ba7f188d2,1.498,0.05263,0.4694
MXD,Brooke Buckner,Bruno Faletto,06dc9b8a-5c01-49cf-bb4d-70d7b5f85acf,34049405-b415-4f3a-aade-5be0111ac7db,1.4979,0.02252,0.4673
MXD,Brooke Buckner,Vanshik Kapadia,06dc9b8a-5c01-49cf-bb4d-70d7b5f85acf,6866df42-48ad-423c-9e57-d7d4d6fb66ef,1.4979,0.04237,0.4687
MXD,Shelby Bates,Robert Slutsky,ded801fd-297a-4761-b63e-d8fbbfeb5762,f6fa549d-8a9c-46fd-aeb8-af8a3f0f7a59,1.4979,0.04754,0.4691
MXD,Zoey Weil,Robert Slutsky,1d701c30-6b5d-485f-ae97-60f3b0c50896,f6fa549d-8a9c-46fd-aeb8-af8a3f0f7a59,1.4978,0.02654,0.4675
MXD,Danni-Elle Townsend,Oliver Frank,2c4de762-88d6-47c3-8b2b-af562c5d1f93,e21cb6e0-aabb-43b2-a112-c0a0a59081bf,1.4976,0.0399,0.4683
MXD,Yana Newell,Joseph Wild,655e0349-7e66-4233-b999-b6cca2298f9b,a51b59c5-1a13-4472-821a-eb9866e72adf,1.4975,0.03941,0.4682
MXD,Seone Mendez,Ben Johns,0d14405e-2e45-4dcb-8fb7-73558c261b4f,6f862c1d-1317-4fe7-bdcd-64caa0dbb088,1.4975,0.04245,0.4684
MXD,Eugenia Carolina Lopez Ascarate,Connor Garnett,577d1124-44c9-435d-88e9-01a146f2d177,ff38654d-daae-4bad-a1a7-690e4e5706eb,1.4974,0.03236,0.4676
MXD,Jessie Irvine,CJ Klinger,8e2f9629-19d0-409d-81dc-b64fe2f3d3ff,ead35052-7367-4296-96d4-064f546cc2b9,1.4969,0.01348,0.4658
MXD,Sahra Dennehy,Pablo Tellez,051f5c82-82ce-4ab8-b4f8-36976638a89b,52726ab1-2ac9-46c0-be90-6b0e7a2d56eb,1.4967,0.01764,0.4659
MXD,Etta Tuionetoa,Luca Mack,676b1cbc-766c-4616-bf39-1787ffd8c72a,2aa8ced3-d599-4c83-86dd-ecc80196833b,1.4967,0.02452,0.4664
MXD,Chao Yi Wang,John Lucian Goins,20684550-cb89-4ea2-9e2f-0f44eb920b45,e96d9339-cfb6-473d-bcb3-23f2887a3e0f,1.4964,0.01866,0.4658
MXD,Sahra Dennehy,Alex Emery,051f5c82-82ce-4ab8-b4f8-36976638a89b,5c817399-aea7-481d-9a83-aab7431eabc1,1.4964,0.0391,0.4673
MXD,Sahra Dennehy,Jaume Martinez Vich,051f5c82-82ce-4ab8-b4f8-36976638a89b,cc8832b9-9a8f-4cbc-8eff-b20e9a7ff09a,1.4963,0.01574,0.4654
MXD,Layne Sleeth,Hunter Johnson,55ed7e0a-ff2d-4ac2-aad6-b6772ef4f448,8160ad59-4654-46b1-b229-8d5f2a9a45f9,1.4961,0.01757,0.4654
MXD,Kaitlyn Christian,Jay Devilliers,66a6c35b-33a2-4a23-b5db-fa53c96d643a,295e343a-31a0-4e1d-a286-d62592291435,1.496,0.0152,0.4651
MXD,Maggie Brascia,Yuta Funemizu,736475dd-7ccd-40d8-8b43-8c2d9ef9e674,ce4f0e14-80ea-4ed0-a81c-7341d356d427,1.4959,0.02674,0.4659
MXD,Leigh Waters,Pablo Tellez,1bfba782-55f3-42e4-9889-9018e793c0b5,52726ab1-2ac9-46c0-be90-6b0e7a2d56eb,1.4956,0.03018,0.466
MXD,Leigh Waters,Alex Emery,1bfba782-55f3-42e4-9889-9018e793c0b5,5c817399-aea7-481d-9a83-aab7431eabc1,1.4954,0.05164,0.4673
MXD,Jackie Kawamoto,Matthew Barlow,be33755f-9262-461b-aedd-e9a7a686a82c,3270dc72-53b7-4d35-aa4c-7f8b7b6bf905,1.4952,0.02591,0.4653
MXD,Leigh Waters,Jaume Martinez Vich,1bfba782-55f3-42e4-9889-9018e793c0b5,cc8832b9-9a8f-4cbc-8eff-b20e9a7ff09a,1.4952,0.02828,0.4655
MXD,Estee Widdershoven,Will Howells,bf84d952-c6a8-4494-943d-064b223e764f,d0f19d1e-2a6e-4eb3-b10c-1311edd599a8,1.4952,0.01706,0.4647
MXD,Carlota Trevino,Dylan Frazier,70c18684-f615-4d05-9aa9-5cbdbd53ab9f,1de884f8-7bf7-4b49-9de8-3f1fd74cabd6,1.4951,0.01705,0.4645
MXD,Allyce Jones,Pablo Tellez,efe9989b-5864-48c2-806c-06697024e1da,52726ab1-2ac9-46c0-be90-6b0e7a2d56eb,1.4949,0.01584,0.4643
MXD,Estee Widdershoven,Bruno Faletto,bf84d952-c6a8-4494-943d-064b223e764f,34049405-b415-4f3a-aade-5be0111ac7db,1.4949,0.02505,0.465
MXD,Estee Widdershoven,Vanshik Kapadia,bf84d952-c6a8-4494-943d-064b223e764f,6866df42-48ad-423c-9e57-d7d4d6fb66ef,1.4949,0.04491,0.4665
MXD,Eugenia Carolina Lopez Ascarate,Jack Munro,577d1124-44c9-435d-88e9-01a146f2d177,f90428f0-e4a3-4a08-a664-518ba7f188d2,1.4949,0.06687,0.4679
MXD,Tyra Hurricane Black,Matthew Barlow,fec65f7e-f2c8-482f-ab5b-541cf53b1064,3270dc72-53b7-4d35-aa4c-7f8b7b6bf905,1.4948,0.02332,0.4647
MXD,Allyce Jones,Alex Emery,efe9989b-5864-48c2-806c-06697024e1da,5c817399-aea7-481d-9a83-aab7431eabc1,1.4947,0.0373,0.4658
MXD,Allyce Jones,Jaume Martinez Vich,efe9989b-5864-48c2-806c-06697024e1da,cc8832b9-9a8f-4cbc-8eff-b20e9a7ff09a,1.4946,0.01394,0.4638
MXD,Maggie Brascia,Armaan Bhatia,736475dd-7ccd-40d8-8b43-8c2d9ef9e674,33292af3-984d-4752-8d18-b3a5c147e9fe,1.4946,0.02632,0.4649
MXD,Mary Brascia,Andrei Daescu,1dd5c313-10f5-4e0a-bb9b-699913a5abe8,581183e8-3d9e-459e-b69f-7337d8b6f3d2,1.4945,0.02502,0.4646
MXD,Genie Erokhina,Jack Sock,461f063e-a587-4638-bad9-421ff33d91d7,3a43c56f-b9d8-4e72-ae8a-58fd69291946,1.4945,0.01582,0.4639
MXD,Sahra Dennehy,Max Freeman,051f5c82-82ce-4ab8-b4f8-36976638a89b,b03ff4de-9b8f-46a8-a530-d8f19e9d6ec9,1.4944,0.01676,0.4639
MXD,Yufei Long,Jack Sock,20945292-032a-47f1-93c5-d44ada6e4783,3a43c56f-b9d8-4e72-ae8a-58fd69291946,1.4944,0.02961,0.4649
MXD,Chao Yi Wang,Luca Mack,20684550-cb89-4ea2-9e2f-0f44eb920b45,2aa8ced3-d599-4c83-86dd-ecc80196833b,1.4942,0.02447,0.4643
MXD,Allie Reichert,Quang Duong,dcd029fb-2814-401b-a1cb-0c4269d9954b,14d61e81-14d5-4cb3-ae33-d427fbc1b4f6,1.4941,0.04292,0.4657
MXD,Sofia Sewing,Oliver Frank,b9bacc1e-29b5-4a92-a9c1-24e08ac72215,e21cb6e0-aabb-43b2-a112-c0a0a59081bf,1.494,0.04198,0.4655
MXD,Judit Castillo,Connor Garnett,ec4cdfe2-c6f6-4de1-824e-9adcaeb31196,ff38654d-daae-4bad-a1a7-690e4e5706eb,1.4939,0.01666,0.4635
MXD,Liz Truluck,Nicolas Acevedo,71992955-8b6f-470b-a991-796cfa56a826,a000a067-1bf1-442f-a961-e6c97cb50006,1.4936,0.01607,0.4632
MXD,Isabella Dunlap,Quang Duong,719e2d3b-d10d-402d-a195-41f072214679,14d61e81-14d5-4cb3-ae33-d427fbc1b4f6,1.4935,0.03254,0.4644
MXD,Leigh Waters,Max Freeman,1bfba782-55f3-42e4-9889-9018e793c0b5,b03ff4de-9b8f-46a8-a530-d8f19e9d6ec9,1.4933,0.0293,0.464
MXD,Jessie Irvine,Dylan Frazier,8e2f9629-19d0-409d-81dc-b64fe2f3d3ff,1de884f8-7bf7-4b49-9de8-3f1fd74cabd6,1.4932,0.01435,0.4627
MXD,Allyce Jones,Max Freeman,efe9989b-5864-48c2-806c-06697024e1da,b03ff4de-9b8f-46a8-a530-d8f19e9d6ec9,1.4927,0.01496,0.4623
MXD,Milan Rane,Will Howells,eb14fc6e-ede1-4999-bec3-e36695e7f94e,d0f19d1e-2a6e-4eb3-b10c-1311edd599a8,1.4926,0.01338,0.4621
MXD,Christine Maddox,Andrei Daescu,3ad652aa-3fdd-4e53-8f34-dfdedc3c1901,581183e8-3d9e-459e-b69f-7337d8b6f3d2,1.4925,0.05043,0.4649
MXD,Jillian Braverman,Roscoe Bellamy,98c2531f-f5ce-48b5-b251-eb69425d409c,925c1306-6b3b-4510-8482-f34168a0842a,1.4924,0.05821,0.4654
MXD,Yana Newell,Harsh Mehta,655e0349-7e66-4233-b999-b6cca2298f9b,c18fb17d-e0bb-415c-901b-fa2f928ab22c,1.4923,0.04787,0.4646
MXD,Milan Rane,Bruno Faletto,eb14fc6e-ede1-4999-bec3-e36695e7f94e,34049405-b415-4f3a-aade-5be0111ac7db,1.4923,0.02138,0.4625
MXD,Milan Rane,Vanshik Kapadia,eb14fc6e-ede1-4999-bec3-e36695e7f94e,6866df42-48ad-423c-9e57-d7d4d6fb66ef,1.4923,0.04123,0.4641
MXD,Lucy Kovalova,Yuta Funemizu,504e8c08-caf6-4db8-b454-11ffa321261c,ce4f0e14-80ea-4ed0-a81c-7341d356d427,1.4923,0.0253,0.4628
MXD,Ting Chieh Wei,Augustus Ge,29e8121d-6f86-4192-b7af-ab05b77b89fe,ba491f1c-0112-47a8-a348-4695289e958a,1.4922,0.01341,0.4617
MXD,Sahra Dennehy,Connor Mogle,051f5c82-82ce-4ab8-b4f8-36976638a89b,3d9c8684-953f-4008-b355-b6104ee56a5b,1.4917,0.01878,0.4618
MXD,Judit Castillo,Jack Munro,ec4cdfe2-c6f6-4de1-824e-9adcaeb31196,f90428f0-e4a3-4a08-a664-518ba7f188d2,1.4915,0.05117,0.4642
MXD,Lea Jansen,Connor Garnett,7319013d-d511-4aa5-a356-4aa2cccf94f5,ff38654d-daae-4bad-a1a7-690e4e5706eb,1.4912,0.01313,0.4608
MXD,Lucy Kovalova,Armaan Bhatia,504e8c08-caf6-4db8-b454-11ffa321261c,33292af3-984d-4752-8d18-b3a5c147e9fe,1.4911,0.02488,0.4618
MXD,Ewa Radzikowska,John Lucian Goins,1d51becb-4ea0-4878-9660-e3fd2dfaa0ea,e96d9339-cfb6-473d-bcb3-23f2887a3e0f,1.491,0.02679,0.4619
MXD,Etta Tuionetoa,Donald Young,676b1cbc-766c-4616-bf39-1787ffd8c72a,aec5d8be-9ce0-4cc5-98a4-140fad555fe0,1.4909,0.02025,0.4612
MXD,Maggie Brascia,Dekel Bar,736475dd-7ccd-40d8-8b43-8c2d9ef9e674,89843e44-48fd-4a3f-b8c0-5f5aa6ae5741,1.4907,0.02452,0.4614
MXD,Leigh Waters,Connor Mogle,1bfba782-55f3-42e4-9889-9018e793c0b5,3d9c8684-953f-4008-b355-b6104ee56a5b,1.4906,0.03132,0.4619
MXD,Alix Truong,Roscoe Bellamy,646f7432-e6ad-4ccf-95ee-a0e5d9514d28,925c1306-6b3b-4510-8482-f34168a0842a,1.4906,0.01537,0.4606
MXD,Roos Van Reek,Connor Garnett,4798e757-53f5-4e52-92aa-98172c8f7862,ff38654d-daae-4bad-a1a7-690e4e5706eb,1.4904,0.03035,0.4617
MXD,Samantha Parker,Yuta Funemizu,6794d224-7da3-43d9-8300-e24e731f5dea,ce4f0e14-80ea-4ed0-a81c-7341d356d427,1.4903,0.01993,0.4607
MXD,Allie Reichert,Noe Khlif,dcd029fb-2814-401b-a1cb-0c4269d9954b,1bb8b2c1-ca6f-45ac-afdd-fab7e77d69d4,1.4903,0.02349,0.461
MXD,Allyce Jones,Connor Mogle,efe9989b-5864-48c2-806c-06697024e1da,3d9c8684-953f-4008-b355-b6104ee56a5b,1.49,0.01698,0.4602
MXD,Danni-Elle Townsend,Grayson Goldin,2c4de762-88d6-47c3-8b2b-af562c5d1f93,43df1205-e834-4427-9f1a-4e173bf93296,1.4899,0.02568,0.4609
MXD,Isabella Dunlap,Noe Khlif,719e2d3b-d10d-402d-a195-41f072214679,1bb8b2c1-ca6f-45ac-afdd-fab7e77d69d4,1.4897,0.01311,0.4595
MXD,Daria Walczak,Quang Duong,3e6b668a-8d26-4424-9420-3ceb18486b65,14d61e81-14d5-4cb3-ae33-d427fbc1b4f6,1.4897,0.03658,0.4616
MXD,Liz Truluck,Jack Sock,71992955-8b6f-470b-a991-796cfa56a826,3a43c56f-b9d8-4e72-ae8a-58fd69291946,1.4893,0.01588,0.4594
MXD,Yana Newell,Hien Truong,655e0349-7e66-4233-b999-b6cca2298f9b,524b89ad-b76b-40b4-a0db-736bdc7b8adb,1.4892,0.04594,0.462
MXD,Kate Fahey,Matthew Barlow,3af01041-5679-400a-87b8-12c01db8cec4,3270dc72-53b7-4d35-aa4c-7f8b7b6bf905,1.4891,0.02176,0.4598
MXD,Samantha Parker,Armaan Bhatia,6794d224-7da3-43d9-8300-e24e731f5dea,33292af3-984d-4752-8d18-b3a5c147e9fe,1.4891,0.01951,0.4596
MXD,Etta Tuionetoa,Martin Emmrich,676b1cbc-766c-4616-bf39-1787ffd8c72a,e9849183-4693-4340-abf5-f4b6f3cb226f,1.4888,0.01854,0.4592
MXD,Ewa Radzikowska,Luca Mack,1d51becb-4ea0-4878-9660-e3fd2dfaa0ea,2aa8ced3-d599-4c83-86dd-ecc80196833b,1.4888,0.0326,0.4605
MXD,Lea Jansen,Jack Munro,7319013d-d511-4aa5-a356-4aa2cccf94f5,f90428f0-e4a3-4a08-a664-518ba7f188d2,1.4888,0.04764,0.4617
MXD,Genie Erokhina,Phuc Huynh,461f063e-a587-4638-bad9-421ff33d91d7,0763ffeb-1b1f-41c5-ab37-d17b66e50b50,1.4887,0.04556,0.4615
MXD,Jillian Braverman,Anderson Scarpa,98c2531f-f5ce-48b5-b251-eb69425d409c,fa8d5d28-d8f5-4996-8c35-0f4ca3c35bae,1.4886,0.06011,0.4626
MXD,Yufei Long,Phuc Huynh,20945292-032a-47f1-93c5-d44ada6e4783,0763ffeb-1b1f-41c5-ab37-d17b66e50b50,1.4886,0.05935,0.4625
MXD,Chao Yi Wang,Donald Young,20684550-cb89-4ea2-9e2f-0f44eb920b45,aec5d8be-9ce0-4cc5-98a4-140fad555fe0,1.4884,0.02019,0.459
MXD,Roos Van Reek,Jack Munro,4798e757-53f5-4e52-92aa-98172c8f7862,f90428f0-e4a3-4a08-a664-518ba7f188d2,1.4879,0.06486,0.4624
MXD,Cailyn Campbell,Jay Devilliers,9eff9049-c45c-42ee-9a49-e9a797cc2116,295e343a-31a0-4e1d-a286-d62592291435,1.4877,0.01568,0.4581
MXD,Meghan Dizon,John Lucian Goins,8f521dcc-1cb5-4c8d-933c-af6b267bd395,e96d9339-cfb6-473d-bcb3-23f2887a3e0f,1.4874,0.01846,0.4581
MXD,Maggie Brascia,CJ Klinger,736475dd-7ccd-40d8-8b43-8c2d9ef9e674,ead35052-7367-4296-96d4-064f546cc2b9,1.4874,0.02385,0.4586
MXD,Bobbi Oshiro,Tama Shimabukuro,7f36e416-0907-43b2-8ec4-e9533088e30f,4af4d4d1-9f87-4dc7-95f2-b10751d44c15,1.4872,0.04972,0.4607
MXD,Lucy Kovalova,Dekel Bar,504e8c08-caf6-4db8-b454-11ffa321261c,89843e44-48fd-4a3f-b8c0-5f5aa6ae5741,1.4872,0.02308,0.4583
MXD,Bobbi Oshiro,Patrick Kawka,7f36e416-0907-43b2-8ec4-e9533088e30f,6876576c-b20e-47e3-99e4-d32759cc9f48,1.4869,0.0839,0.4629
MXD,Vivian Glozman,Christopher Haworth,ff789b9c-80c4-442c-b97e-2e2311298cfb,a91e2b68-7357-4518-baf9-f59b0b4c2477,1.4868,0.03159,0.4588
MXD,Vivienne David,Tyson McGuffin,afc0bfc9-8cd8-4600-bd45-681092186db3,dbcb41e9-e983-410b-bc23-d184d034cfc0,1.4868,0.02645,0.4584
MXD,Alix Truong,Anderson Scarpa,646f7432-e6ad-4ccf-95ee-a0e5d9514d28,fa8d5d28-d8f5-4996-8c35-0f4ca3c35bae,1.4868,0.01727,0.4575
MXD,Eugenia Carolina Lopez Ascarate,Quang Duong,577d1124-44c9-435d-88e9-01a146f2d177,14d61e81-14d5-4cb3-ae33-d427fbc1b4f6,1.4867,0.05082,0.4603
MXD,Katerina Stewart,JW Johnson,3cec5850-24e2-44e3-96bc-ee87aa34581d,bd061b42-2f82-4bbe-82be-d8bcfb37f9e1,1.4866,0.02717,0.4583
MXD,Brooke Buckner,Yuta Funemizu,06dc9b8a-5c01-49cf-bb4d-70d7b5f85acf,ce4f0e14-80ea-4ed0-a81c-7341d356d427,1.4865,0.01681,0.4572
MXD,Yana Newell,Etienne Blaszkewycz,655e0349-7e66-4233-b999-b6cca2298f9b,d3e486f2-7c25-4bcf-b9dd-81c14f644f60,1.4864,0.03708,0.4589
MXD,Sofia Sewing,Grayson Goldin,b9bacc1e-29b5-4a92-a9c1-24e08ac72215,43df1205-e834-4427-9f1a-4e173bf93296,1.4863,0.02776,0.4581
MXD,Etta Tuionetoa,Rafa Hewett,676b1cbc-766c-4616-bf39-1787ffd8c72a,06ba18e0-687b-4aa3-822d-1c86981f576b,1.4863,0.01628,0.4569
MXD,Chao Yi Wang,Martin Emmrich,20684550-cb89-4ea2-9e2f-0f44eb920b45,e9849183-4693-4340-abf5-f4b6f3cb226f,1.4862,0.01848,0.4571
MXD,Kiora Kunimoto,Andrei Daescu,a95df9a8-772c-4dbf-8c28-e200b7308584,581183e8-3d9e-459e-b69f-7337d8b6f3d2,1.4861,0.01523,0.4566
MXD,Daria Walczak,Noe Khlif,3e6b668a-8d26-4424-9420-3ceb18486b65,1bb8b2c1-ca6f-45ac-afdd-fab7e77d69d4,1.4859,0.01715,0.4567
MXD,Jillian Braverman,Thomas Yu,98c2531f-f5ce-48b5-b251-eb69425d409c,8c94d7b2-0dce-455e-916f-e35927d53547,1.4857,0.0744,0.4613
MXD,Shelby Bates,Connor Garnett,ded801fd-297a-4761-b63e-d8fbbfeb5762,ff38654d-daae-4bad-a1a7-690e4e5706eb,1.4857,0.03549,0.4582
MXD,Lacy Schneemann,Tama Shimabukuro,a3ed7970-35d2-485c-8285-187c298a2d83,4af4d4d1-9f87-4dc7-95f2-b10751d44c15,1.4855,0.01373,0.456
MXD,Layne Sleeth,Roscoe Bellamy,55ed7e0a-ff2d-4ac2-aad6-b6772ef4f448,925c1306-6b3b-4510-8482-f34168a0842a,1.4855,0.01684,0.4563
MXD,Zoey Weil,Connor Garnett,1d701c30-6b5d-485f-ae97-60f3b0c50896,ff38654d-daae-4bad-a1a7-690e4e5706eb,1.4855,0.01448,0.4561
MXD,Brooke Buckner,Armaan Bhatia,06dc9b8a-5c01-49cf-bb4d-70d7b5f85acf,33292af3-984d-4752-8d18-b3a5c147e9fe,1.4853,0.01639,0.4561
MXD,Carlota Trevino,Augustus Ge,70c18684-f615-4d05-9aa9-5cbdbd53ab9f,ba491f1c-0112-47a8-a348-4695289e958a,1.4853,0.01534,0.4559
MXD,Catherine Parenteau,Tama Shimabukuro,9b97206b-783a-4fab-85e9-45a6240325a5,4af4d4d1-9f87-4dc7-95f2-b10751d44c15,1.4852,0.01262,0.4556
MXD,Lacy Schneemann,Patrick Kawka,a3ed7970-35d2-485c-8285-187c298a2d83,6876576c-b20e-47e3-99e4-d32759cc9f48,1.4852,0.04791,0.4589
MXD,Meghan Dizon,Luca Mack,8f521dcc-1cb5-4c8d-933c-af6b267bd395,2aa8ced3-d599-4c83-86dd-ecc80196833b,1.4852,0.02426,0.4568
MXD,Samantha Parker,Dekel Bar,6794d224-7da3-43d9-8300-e24e731f5dea,89843e44-48fd-4a3f-b8c0-5f5aa6ae5741,1.4852,0.01771,0.4561
MXD,Catherine Parenteau,Patrick Kawka,9b97206b-783a-4fab-85e9-45a6240325a5,6876576c-b20e-47e3-99e4-d32759cc9f48,1.4848,0.04681,0.4586
MXD,Jillian Braverman,Joseph Wild,98c2531f-f5ce-48b5-b251-eb69425d409c,a51b59c5-1a13-4472-821a-eb9866e72adf,1.4847,0.0668,0.46
MXD,Genie Erokhina,Robert Slutsky,461f063e-a587-4638-bad9-421ff33d91d7,f6fa549d-8a9c-46fd-aeb8-af8a3f0f7a59,1.4844,0.02614,0.4563
MXD,Yufei Long,Robert Slutsky,20945292-032a-47f1-93c5-d44ada6e4783,f6fa549d-8a9c-46fd-aeb8-af8a3f0f7a59,1.4843,0.03993,0.4575
MXD,Sahra Dennehy,Juan Benitez,051f5c82-82ce-4ab8-b4f8-36976638a89b,f4c43443-fdff-4344-b291-274cfd26361e,1.4841,0.02267,0.4557
MXD,Jessie Irvine,Augustus Ge,8e2f9629-19d0-409d-81dc-b64fe2f3d3ff,ba491f1c-0112-47a8-a348-4695289e958a,1.484,0.01264,0.4545
MXD,Alix Truong,Thomas Yu,646f7432-e6ad-4ccf-95ee-a0e5d9514d28,8c94d7b2-0dce-455e-916f-e35927d53547,1.4839,0.03156,0.4564
MXD,Lucy Kovalova,CJ Klinger,504e8c08-caf6-4db8-b454-11ffa321261c,ead35052-7367-4296-96d4-064f546cc2b9,1.4838,0.02241,0.4554
MXD,Chao Yi Wang,Rafa Hewett,20684550-cb89-4ea2-9e2f-0f44eb920b45,06ba18e0-687b-4aa3-822d-1c86981f576b,1.4837,0.01622,0.4547
MXD,Maggie Brascia,Dylan Frazier,736475dd-7ccd-40d8-8b43-8c2d9ef9e674,1de884f8-7bf7-4b49-9de8-3f1fd74cabd6,1.4836,0.02472,0.4555
MXD,Estee Widdershoven,Yuta Funemizu,bf84d952-c6a8-4494-943d-064b223e764f,ce4f0e14-80ea-4ed0-a81c-7341d356d427,1.4836,0.01935,0.4549
MXD,Liz Truluck,Phuc Huynh,71992955-8b6f-470b-a991-796cfa56a826,0763ffeb-1b1f-41c5-ab37-d17b66e50b50,1.4835,0.04563,0.4574
MXD,Judit Castillo,Quang Duong,ec4cdfe2-c6f6-4de1-824e-9adcaeb31196,14d61e81-14d5-4cb3-ae33-d427fbc1b4f6,1.4832,0.03512,0.4562
MXD,Kaitlyn Christian,Federico Staksrud,66a6c35b-33a2-4a23-b5db-fa53c96d643a,7edb882c-6d17-4129-8208-710e3c82364c,1.4832,0.01315,0.4539
MXD,Shelby Bates,Jack Munro,ded801fd-297a-4761-b63e-d8fbbfeb5762,f90428f0-e4a3-4a08-a664-518ba7f188d2,1.4832,0.06999,0.4591
MXD,Leigh Waters,Juan Benitez,1bfba782-55f3-42e4-9889-9018e793c0b5,f4c43443-fdff-4344-b291-274cfd26361e,1.4831,0.03521,0.4561
MXD,Kaitlyn Christian,Riley Newman,66a6c35b-33a2-4a23-b5db-fa53c96d643a,05b194b3-db88-4f77-a26f-5ef5cfbf6146,1.4831,0.01444,0.454
MXD,Zoey Weil,Jack Munro,1d701c30-6b5d-485f-ae97-60f3b0c50896,f90428f0-e4a3-4a08-a664-518ba7f188d2,1.4831,0.04899,0.4573
MXD,Ewa Radzikowska,Donald Young,1d51becb-4ea0-4878-9660-e3fd2dfaa0ea,aec5d8be-9ce0-4cc5-98a4-140fad555fe0,1.483,0.02832,0.4553
MXD,Yana Newell,Pablo Tellez,655e0349-7e66-4233-b999-b6cca2298f9b,52726ab1-2ac9-46c0-be90-6b0e7a2d56eb,1.4829,0.03115,0.4556
MXD,Alix Truong,Joseph Wild,646f7432-e6ad-4ccf-95ee-a0e5d9514d28,a51b59c5-1a13-4472-821a-eb9866e72adf,1.4829,0.02396,0.4548
MXD,Eugenia Carolina Lopez Ascarate,Noe Khlif,577d1124-44c9-435d-88e9-01a146f2d177,1bb8b2c1-ca6f-45ac-afdd-fab7e77d69d4,1.4828,0.03139,0.4555
MXD,Yana Newell,Alex Emery,655e0349-7e66-4233-b999-b6cca2298f9b,5c817399-aea7-481d-9a83-aab7431eabc1,1.4827,0.0526,0.4573
MXD,Yana Newell,Jaume Martinez Vich,655e0349-7e66-4233-b999-b6cca2298f9b,cc8832b9-9a8f-4cbc-8eff-b20e9a7ff09a,1.4826,0.02925,0.4551
MXD,Allie Reichert,Will Howells,dcd029fb-2814-401b-a1cb-0c4269d9954b,d0f19d1e-2a6e-4eb3-b10c-1311edd599a8,1.4826,0.02479,0.4546
MXD,Allyce Jones,Juan Benitez,efe9989b-5864-48c2-806c-06697024e1da,f4c43443-fdff-4344-b291-274cfd26361e,1.4824,0.02087,0.4541
MXD,Katerina Stewart,Hayden Patriquin,3cec5850-24e2-44e3-96bc-ee87aa34581d,fc05556e-3e38-4a38-99c2-f855174a7c28,1.4824,0.02558,0.4546
MXD,Estee Widdershoven,Armaan Bhatia,bf84d952-c6a8-4494-943d-064b223e764f,33292af3-984d-4752-8d18-b3a5c147e9fe,1.4823,0.01893,0.4538
MXD,Allie Reichert,Bruno Faletto,dcd029fb-2814-401b-a1cb-0c4269d9954b,34049405-b415-4f3a-aade-5be0111ac7db,1.4823,0.03279,0.4552
MXD,Allie Reichert,Vanshik Kapadia,dcd029fb-2814-401b-a1cb-0c4269d9954b,6866df42-48ad-423c-9e57-d7d4d6fb66ef,1.4823,0.05264,0.457
MXD,Isabella Dunlap,Will Howells,719e2d3b-d10d-402d-a195-41f072214679,d0f19d1e-2a6e-4eb3-b10c-1311edd599a8,1.482,0.01442,0.453
MXD,Samantha Parker,CJ Klinger,6794d224-7da3-43d9-8300-e24e731f5dea,ead35052-7367-4296-96d4-064f546cc2b9,1.4818,0.01705,0.4532
MXD,Layne Sleeth,Anderson Scarpa,55ed7e0a-ff2d-4ac2-aad6-b6772ef4f448,fa8d5d28-d8f5-4996-8c35-0f4ca3c35bae,1.4817,0.01874,0.4533
MXD,Isabella Dunlap,Bruno Faletto,719e2d3b-d10d-402d-a195-41f072214679,34049405-b415-4f3a-aade-5be0111ac7db,1.4817,0.02241,0.4536
MXD,Isabella Dunlap,Vanshik Kapadia,719e2d3b-d10d-402d-a195-41f072214679,6866df42-48ad-423c-9e57-d7d4d6fb66ef,1.4817,0.04227,0.4556
MXD,Brooke Buckner,Dekel Bar,06dc9b8a-5c01-49cf-bb4d-70d7b5f85acf,89843e44-48fd-4a3f-b8c0-5f5aa6ae5741,1.4814,0.01459,0.4525
MXD,Milan Rane,Yuta Funemizu,eb14fc6e-ede1-4999-bec3-e36695e7f94e,ce4f0e14-80ea-4ed0-a81c-7341d356d427,1.481,0.01567,0.4523
MXD,Ewa Radzikowska,Martin Emmrich,1d51becb-4ea0-4878-9660-e3fd2dfaa0ea,e9849183-4693-4340-abf5-f4b6f3cb226f,1.4808,0.02662,0.4534
MXD,Yana Newell,Max Freeman,655e0349-7e66-4233-b999-b6cca2298f9b,b03ff4de-9b8f-46a8-a530-d8f19e9d6ec9,1.4807,0.03026,0.4536
MXD,Lea Jansen,Quang Duong,7319013d-d511-4aa5-a356-4aa2cccf94f5,14d61e81-14d5-4cb3-ae33-d427fbc1b4f6,1.4805,0.03159,0.4536
MXD,Lucy Kovalova,Dylan Frazier,504e8c08-caf6-4db8-b454-11ffa321261c,1de884f8-7bf7-4b49-9de8-3f1fd74cabd6,1.4801,0.02328,0.4524
MXD,Roos Van Reek,Quang Duong,4798e757-53f5-4e52-92aa-98172c8f7862,14d61e81-14d5-4cb3-ae33-d427fbc1b4f6,1.4797,0.04881,0.4546
MXD,Milan Rane,Armaan Bhatia,eb14fc6e-ede1-4999-bec3-e36695e7f94e,33292af3-984d-4752-8d18-b3a5c147e9fe,1.4797,0.01525,0.4512
MXD,Jillian Braverman,Harsh Mehta,98c2531f-f5ce-48b5-b251-eb69425d409c,c18fb17d-e0bb-415c-901b-fa2f928ab22c,1.4795,0.07527,0.4567
MXD,Meghan Dizon,Donald Young,8f521dcc-1cb5-4c8d-933c-af6b267bd395,aec5d8be-9ce0-4cc5-98a4-140fad555fe0,1.4794,0.01999,0.4514
MXD,Judit Castillo,Noe Khlif,ec4cdfe2-c6f6-4de1-824e-9adcaeb31196,1bb8b2c1-ca6f-45ac-afdd-fab7e77d69d4,1.4794,0.01569,0.4509
MXD,Liz Truluck,Robert Slutsky,71992955-8b6f-470b-a991-796cfa56a826,f6fa549d-8a9c-46fd-aeb8-af8a3f0f7a59,1.4792,0.02621,0.452
MXD,Layne Sleeth,Thomas Yu,55ed7e0a-ff2d-4ac2-aad6-b6772ef4f448,8c94d7b2-0dce-455e-916f-e35927d53547,1.4787,0.03303,0.4523
MXD,Marianna Petrei,Thomas Wilson,12890797-7355-49ca-848e-56d67e33c4de,12d79cbe-b5c7-4504-ab8f-f352a6bb8629,1.4787,0.06963,0.4556
MXD,Bobbi Oshiro,Tristan Dussault,7f36e416-0907-43b2-8ec4-e9533088e30f,3cab1673-2522-4dd5-ba07-2a1b88749d86,1.4784,0.06241,0.4548
MXD,Estee Widdershoven,Dekel Bar,bf84d952-c6a8-4494-943d-064b223e764f,89843e44-48fd-4a3f-b8c0-5f5aa6ae5741,1.4784,0.01713,0.4503
MXD,Ewa Radzikowska,Rafa Hewett,1d51becb-4ea0-4878-9660-e3fd2dfaa0ea,06ba18e0-687b-4aa3-822d-1c86981f576b,1.4783,0.02436,0.451
MXD,Daria Walczak,Will Howells,3e6b668a-8d26-4424-9420-3ceb18486b65,d0f19d1e-2a6e-4eb3-b10c-1311edd599a8,1.4782,0.01846,0.4503
MXD,Yana Newell,Connor Mogle,655e0349-7e66-4233-b999-b6cca2298f9b,3d9c8684-953f-4008-b355-b6104ee56a5b,1.478,0.03229,0.4516
MXD,Brooke Buckner,CJ Klinger,06dc9b8a-5c01-49cf-bb4d-70d7b5f85acf,ead35052-7367-4296-96d4-064f546cc2b9,1.478,0.01392,0.4496
MXD,Samantha Parker,Dylan Frazier,6794d224-7da3-43d9-8300-e24e731f5dea,1de884f8-7bf7-4b49-9de8-3f1fd74cabd6,1.478,0.01792,0.4501
MXD,Daria Walczak,Bruno Faletto,3e6b668a-8d26-4424-9420-3ceb18486b65,34049405-b415-4f3a-aade-5be0111ac7db,1.4779,0.02645,0.4509
MXD,Daria Walczak,Vanshik Kapadia,3e6b668a-8d26-4424-9420-3ceb18486b65,6866df42-48ad-423c-9e57-d7d4d6fb66ef,1.4779,0.04631,0.4529
MXD,Layne Sleeth,Joseph Wild,55ed7e0a-ff2d-4ac2-aad6-b6772ef4f448,a51b59c5-1a13-4472-821a-eb9866e72adf,1.4778,0.02543,0.4507
MXD,Alix Truong,Harsh Mehta,646f7432-e6ad-4ccf-95ee-a0e5d9514d28,c18fb17d-e0bb-415c-901b-fa2f928ab22c,1.4777,0.03243,0.4514
MXD,Meghan Dizon,Martin Emmrich,8f521dcc-1cb5-4c8d-933c-af6b267bd395,e9849183-4693-4340-abf5-f4b6f3cb226f,1.4772,0.01828,0.4494
MXD,Lea Jansen,Noe Khlif,7319013d-d511-4aa5-a356-4aa2cccf94f5,1bb8b2c1-ca6f-45ac-afdd-fab7e77d69d4,1.4767,0.01216,0.4482
MXD,Lacy Schneemann,Tristan Dussault,a3ed7970-35d2-485c-8285-187c298a2d83,3cab1673-2522-4dd5-ba07-2a1b88749d86,1.4766,0.02642,0.4499
MXD,Jillian Braverman,Hien Truong,98c2531f-f5ce-48b5-b251-eb69425d409c,524b89ad-b76b-40b4-a0db-736bdc7b8adb,1.4764,0.07334,0.4542
MXD,Catherine Parenteau,Tristan Dussault,9b97206b-783a-4fab-85e9-45a6240325a5,3cab1673-2522-4dd5-ba07-2a1b88749d86,1.4763,0.02531,0.4495
MXD,Danni-Elle Townsend,Hoang Nam Ly,2c4de762-88d6-47c3-8b2b-af562c5d1f93,f1151ea2-759d-4d9f-a5b9-5ccd966dc3ca,1.4762,0.02755,0.4496
MXD,Ting Chieh Wei,Oscar Serra,29e8121d-6f86-4192-b7af-ab05b77b89fe,2c2a2b82-9ec7-4046-97cb-3a199ed507af,1.4758,0.02616,0.4491
MXD,Roos Van Reek,Noe Khlif,4798e757-53f5-4e52-92aa-98172c8f7862,1bb8b2c1-ca6f-45ac-afdd-fab7e77d69d4,1.4758,0.02938,0.4495
MXD,Milan Rane,Dekel Bar,eb14fc6e-ede1-4999-bec3-e36695e7f94e,89843e44-48fd-4a3f-b8c0-5f5aa6ae5741,1.4758,0.01345,0.4476
MXD,Estee Widdershoven,CJ Klinger,bf84d952-c6a8-4494-943d-064b223e764f,ead35052-7367-4296-96d4-064f546cc2b9,1.4751,0.01646,0.4473
MXD,Eugenia Carolina Lopez Ascarate,Will Howells,577d1124-44c9-435d-88e9-01a146f2d177,d0f19d1e-2a6e-4eb3-b10c-1311edd599a8,1.4751,0.03269,0.4493
MXD,Shelby Bates,Quang Duong,ded801fd-297a-4761-b63e-d8fbbfeb5762,14d61e81-14d5-4cb3-ae33-d427fbc1b4f6,1.4749,0.05394,0.4513
MXD,Cailyn Campbell,Federico Staksrud,9eff9049-c45c-42ee-9a49-e9a797cc2116,7edb882c-6d17-4129-8208-710e3c82364c,1.4749,0.01364,0.4468
MXD,Meghan Dizon,Rafa Hewett,8f521dcc-1cb5-4c8d-933c-af6b267bd395,06ba18e0-687b-4aa3-822d-1c86981f576b,1.4748,0.01602,0.447
MXD,Zoey Weil,Quang Duong,1d701c30-6b5d-485f-ae97-60f3b0c50896,14d61e81-14d5-4cb3-ae33-d427fbc1b4f6,1.4748,0.03294,0.4491
MXD,Eugenia Carolina Lopez Ascarate,Bruno Faletto,577d1124-44c9-435d-88e9-01a146f2d177,34049405-b415-4f3a-aade-5be0111ac7db,1.4748,0.04069,0.4499
MXD,Eugenia Carolina Lopez Ascarate,Vanshik Kapadia,577d1124-44c9-435d-88e9-01a146f2d177,6866df42-48ad-423c-9e57-d7d4d6fb66ef,1.4748,0.06054,0.4519
MXD,Cailyn Campbell,Riley Newman,9eff9049-c45c-42ee-9a49-e9a797cc2116,05b194b3-db88-4f77-a26f-5ef5cfbf6146,1.4748,0.01492,0.4469
MXD,Alix Truong,Hien Truong,646f7432-e6ad-4ccf-95ee-a0e5d9514d28,524b89ad-b76b-40b4-a0db-736bdc7b8adb,1.4747,0.03049,0.4487
MXD,Katerina Stewart,Gabriel Tardio,3cec5850-24e2-44e3-96bc-ee87aa34581d,d50310a6-9378-4228-823f-7fb54f7bd698,1.4747,0.02523,0.4481
MXD,Maggie Brascia,Augustus Ge,736475dd-7ccd-40d8-8b43-8c2d9ef9e674,ba491f1c-0112-47a8-a348-4695289e958a,1.4745,0.02301,0.4476
MXD,Brooke Buckner,Dylan Frazier,06dc9b8a-5c01-49cf-bb4d-70d7b5f85acf,1de884f8-7bf7-4b49-9de8-3f1fd74cabd6,1.4743,0.01479,0.4464
MXD,Seone Mendez,JW Johnson,0d14405e-2e45-4dcb-8fb7-73558c261b4f,bd061b42-2f82-4bbe-82be-d8bcfb37f9e1,1.4742,0.04409,0.4497
MXD,Jillian Braverman,Etienne Blaszkewycz,98c2531f-f5ce-48b5-b251-eb69425d409c,d3e486f2-7c25-4bcf-b9dd-81c14f644f60,1.4736,0.06448,0.4513
MXD,Mari Humberg,Oliver Frank,b1ab7d76-a859-4136-8405-3ed7c9be287a,e21cb6e0-aabb-43b2-a112-c0a0a59081bf,1.4735,0.03923,0.4487
MXD,Vivienne David,Tama Shimabukuro,afc0bfc9-8cd8-4600-bd45-681092186db3,4af4d4d1-9f87-4dc7-95f2-b10751d44c15,1.4729,0.02544,0.4466
MXD,Sofia Sewing,Hoang Nam Ly,b9bacc1e-29b5-4a92-a9c1-24e08ac72215,f1151ea2-759d-4d9f-a5b9-5ccd966dc3ca,1.4726,0.02964,0.4468
MXD,Layne Sleeth,Harsh Mehta,55ed7e0a-ff2d-4ac2-aad6-b6772ef4f448,c18fb17d-e0bb-415c-901b-fa2f928ab22c,1.4726,0.0339,0.4473
MXD,Vivienne David,Patrick Kawka,afc0bfc9-8cd8-4600-bd45-681092186db3,6876576c-b20e-47e3-99e4-d32759cc9f48,1.4725,0.05963,0.45
MXD,Ting Chieh Wei,George Wall,29e8121d-6f86-4192-b7af-ab05b77b89fe,698c5236-e88f-411c-b44f-e54f16b2d6b5,1.4725,0.02632,0.4464
MXD,Milan Rane,CJ Klinger,eb14fc6e-ede1-4999-bec3-e36695e7f94e,ead35052-7367-4296-96d4-064f546cc2b9,1.4725,0.01279,0.4446
MXD,Etta Tuionetoa,Tyson McGuffin,676b1cbc-766c-4616-bf39-1787ffd8c72a,dbcb41e9-e983-410b-bc23-d184d034cfc0,1.4724,0.01534,0.4449
MXD,Mary Brascia,Eric Oncins,1dd5c313-10f5-4e0a-bb9b-699913a5abe8,52690a0c-ed4a-4e0b-bf69-4ef416cf7d55,1.4723,0.0255,0.4461
MXD,Genie Erokhina,Connor Garnett,461f063e-a587-4638-bad9-421ff33d91d7,ff38654d-daae-4bad-a1a7-690e4e5706eb,1.4722,0.01408,0.4445
MXD,Sahra Dennehy,John Lucian Goins,051f5c82-82ce-4ab8-b4f8-36976638a89b,e96d9339-cfb6-473d-bcb3-23f2887a3e0f,1.472,0.01964,0.4452
MXD,Yufei Long,Connor Garnett,20945292-032a-47f1-93c5-d44ada6e4783,ff38654d-daae-4bad-a1a7-690e4e5706eb,1.472,0.02788,0.4462
MXD,Alix Truong,Etienne Blaszkewycz,646f7432-e6ad-4ccf-95ee-a0e5d9514d28,d3e486f2-7c25-4bcf-b9dd-81c14f644f60,1.4718,0.02163,0.4452
MXD,Judit Castillo,Will Howells,ec4cdfe2-c6f6-4de1-824e-9adcaeb31196,d0f19d1e-2a6e-4eb3-b10c-1311edd599a8,1.4717,0.017,0.4445
MXD,Judit Castillo,Bruno Faletto,ec4cdfe2-c6f6-4de1-824e-9adcaeb31196,34049405-b415-4f3a-aade-5be0111ac7db,1.4714,0.02499,0.4453
MXD,Judit Castillo,Vanshik Kapadia,ec4cdfe2-c6f6-4de1-824e-9adcaeb31196,6866df42-48ad-423c-9e57-d7d4d6fb66ef,1.4714,0.04485,0.4476
MXD,Estee Widdershoven,Dylan Frazier,bf84d952-c6a8-4494-943d-064b223e764f,1de884f8-7bf7-4b49-9de8-3f1fd74cabd6,1.4713,0.01733,0.4442
MXD,Shelby Bates,Noe Khlif,ded801fd-297a-4761-b63e-d8fbbfeb5762,1bb8b2c1-ca6f-45ac-afdd-fab7e77d69d4,1.4711,0.03451,0.4462
MXD,Leigh Waters,John Lucian Goins,1bfba782-55f3-42e4-9889-9018e793c0b5,e96d9339-cfb6-473d-bcb3-23f2887a3e0f,1.471,0.03218,0.4458
MXD,Zoey Weil,Noe Khlif,1d701c30-6b5d-485f-ae97-60f3b0c50896,1bb8b2c1-ca6f-45ac-afdd-fab7e77d69d4,1.471,0.01351,0.4435
MXD,Lucy Kovalova,Augustus Ge,504e8c08-caf6-4db8-b454-11ffa321261c,ba491f1c-0112-47a8-a348-4695289e958a,1.4709,0.02157,0.4445
MXD,Allie Reichert,Yuta Funemizu,dcd029fb-2814-401b-a1cb-0c4269d9954b,ce4f0e14-80ea-4ed0-a81c-7341d356d427,1.4709,0.02708,0.4451
MXD,Yana Newell,Juan Benitez,655e0349-7e66-4233-b999-b6cca2298f9b,f4c43443-fdff-4344-b291-274cfd26361e,1.4704,0.03618,0.4458
MXD,Allyce Jones,John Lucian Goins,efe9989b-5864-48c2-806c-06697024e1da,e96d9339-cfb6-473d-bcb3-23f2887a3e0f,1.4703,0.01784,0.4435
MXD,Isabella Dunlap,Yuta Funemizu,719e2d3b-d10d-402d-a195-41f072214679,ce4f0e14-80ea-4ed0-a81c-7341d356d427,1.4703,0.01671,0.4433
MXD,Christine Maddox,Eric Oncins,3ad652aa-3fdd-4e53-8f34-dfdedc3c1901,52690a0c-ed4a-4e0b-bf69-4ef416cf7d55,1.4703,0.0509,0.4474
MXD,Jillian Braverman,Pablo Tellez,98c2531f-f5ce-48b5-b251-eb69425d409c,52726ab1-2ac9-46c0-be90-6b0e7a2d56eb,1.4702,0.05855,0.4481
MXD,Seone Mendez,Hayden Patriquin,0d14405e-2e45-4dcb-8fb7-73558c261b4f,fc05556e-3e38-4a38-99c2-f855174a7c28,1.47,0.0425,0.4463
MXD,Chao Yi Wang,Tyson McGuffin,20684550-cb89-4ea2-9e2f-0f44eb920b45,dbcb41e9-e983-410b-bc23-d184d034cfc0,1.4699,0.01529,0.4428
MXD,Jillian Braverman,Alex Emery,98c2531f-f5ce-48b5-b251-eb69425d409c,5c817399-aea7-481d-9a83-aab7431eabc1,1.4699,0.08,0.4499
MXD,Sahra Dennehy,Luca Mack,051f5c82-82ce-4ab8-b4f8-36976638a89b,2aa8ced3-d599-4c83-86dd-ecc80196833b,1.4698,0.02545,0.444
MXD,Jillian Braverman,Jaume Martinez Vich,98c2531f-f5ce-48b5-b251-eb69425d409c,cc8832b9-9a8f-4cbc-8eff-b20e9a7ff09a,1.4698,0.05665,0.4476
MXD,Allie Reichert,Armaan Bhatia,dcd029fb-2814-401b-a1cb-0c4269d9954b,33292af3-984d-4752-8d18-b3a5c147e9fe,1.4697,0.02666,0.4441
MXD,Genie Erokhina,Jack Munro,461f063e-a587-4638-bad9-421ff33d91d7,f90428f0-e4a3-4a08-a664-518ba7f188d2,1.4697,0.04859,0.4467
MXD,Yufei Long,Jack Munro,20945292-032a-47f1-93c5-d44ada6e4783,f90428f0-e4a3-4a08-a664-518ba7f188d2,1.4696,0.06238,0.448
MXD,Layne Sleeth,Hien Truong,55ed7e0a-ff2d-4ac2-aad6-b6772ef4f448,524b89ad-b76b-40b4-a0db-736bdc7b8adb,1.4695,0.03196,0.4446
MXD,Isabella Dunlap,Armaan Bhatia,719e2d3b-d10d-402d-a195-41f072214679,33292af3-984d-4752-8d18-b3a5c147e9fe,1.4691,0.01628,0.4422
MXD,Lea Jansen,Will Howells,7319013d-d511-4aa5-a356-4aa2cccf94f5,d0f19d1e-2a6e-4eb3-b10c-1311edd599a8,1.469,0.01346,0.4417
MXD,Samantha Parker,Augustus Ge,6794d224-7da3-43d9-8300-e24e731f5dea,ba491f1c-0112-47a8-a348-4695289e958a,1.4689,0.0162,0.4421
MXD,Carlota Trevino,Oscar Serra,70c18684-f615-4d05-9aa9-5cbdbd53ab9f,2c2a2b82-9ec7-4046-97cb-3a199ed507af,1.4688,0.02809,0.4435
MXD,Leigh Waters,Luca Mack,1bfba782-55f3-42e4-9889-9018e793c0b5,2aa8ced3-d599-4c83-86dd-ecc80196833b,1.4687,0.03799,0.4447
MXD,Lea Jansen,Bruno Faletto,7319013d-d511-4aa5-a356-4aa2cccf94f5,34049405-b415-4f3a-aade-5be0111ac7db,1.4687,0.02146,0.4425
MXD,Lea Jansen,Vanshik Kapadia,7319013d-d511-4aa5-a356-4aa2cccf94f5,6866df42-48ad-423c-9e57-d7d4d6fb66ef,1.4687,0.04131,0.445
MXD,Milan Rane,Dylan Frazier,eb14fc6e-ede1-4999-bec3-e36695e7f94e,1de884f8-7bf7-4b49-9de8-3f1fd74cabd6,1.4687,0.01366,0.4415
MXD,Alix Truong,Pablo Tellez,646f7432-e6ad-4ccf-95ee-a0e5d9514d28,52726ab1-2ac9-46c0-be90-6b0e7a2d56eb,1.4684,0.0157,0.4416
MXD,Vivian Glozman,Mohaned Alhouni,ff789b9c-80c4-442c-b97e-2e2311298cfb,1bab49f1-6891-4d3e-8f77-42aa4fc1d18e,1.4683,0.03122,0.4435
MXD,Roos Van Reek,Will Howells,4798e757-53f5-4e52-92aa-98172c8f7862,d0f19d1e-2a6e-4eb3-b10c-1311edd599a8,1.4682,0.03069,0.4433
MXD,Allyce Jones,Luca Mack,efe9989b-5864-48c2-806c-06697024e1da,2aa8ced3-d599-4c83-86dd-ecc80196833b,1.4681,0.02365,0.4424
MXD,Alix Truong,Alex Emery,646f7432-e6ad-4ccf-95ee-a0e5d9514d28,5c817399-aea7-481d-9a83-aab7431eabc1,1.4681,0.03716,0.4441
MXD,Alix Truong,Jaume Martinez Vich,646f7432-e6ad-4ccf-95ee-a0e5d9514d28,cc8832b9-9a8f-4cbc-8eff-b20e9a7ff09a,1.468,0.0138,0.441
MXD,Jillian Braverman,Max Freeman,98c2531f-f5ce-48b5-b251-eb69425d409c,b03ff4de-9b8f-46a8-a530-d8f19e9d6ec9,1.4679,0.05766,0.4462
MXD,Callie Smith,Thomas Wilson,0c1bb94d-3af2-42f4-b938-d712c707ace4,12d79cbe-b5c7-4504-ab8f-f352a6bb8629,1.4679,0.05355,0.4458
MXD,Roos Van Reek,Bruno Faletto,4798e757-53f5-4e52-92aa-98172c8f7862,34049405-b415-4f3a-aade-5be0111ac7db,1.4678,0.03869,0.444
MXD,Roos Van Reek,Vanshik Kapadia,4798e757-53f5-4e52-92aa-98172c8f7862,6866df42-48ad-423c-9e57-d7d4d6fb66ef,1.4678,0.05854,0.4462
MXD,Jessie Irvine,Oscar Serra,8e2f9629-19d0-409d-81dc-b64fe2f3d3ff,2c2a2b82-9ec7-4046-97cb-3a199ed507af,1.4675,0.02539,0.4421
MXD,Liz Truluck,Connor Garnett,71992955-8b6f-470b-a991-796cfa56a826,ff38654d-daae-4bad-a1a7-690e4e5706eb,1.467,0.01415,0.4401
MXD,Ting Chieh Wei,Hunter Johnson,29e8121d-6f86-4192-b7af-ab05b77b89fe,8160ad59-4654-46b1-b229-8d5f2a9a45f9,1.4668,0.01601,0.4402
MXD,Layne Sleeth,Etienne Blaszkewycz,55ed7e0a-ff2d-4ac2-aad6-b6772ef4f448,d3e486f2-7c25-4bcf-b9dd-81c14f644f60,1.4667,0.02311,0.4411
MXD,Daria Walczak,Yuta Funemizu,3e6b668a-8d26-4424-9420-3ceb18486b65,ce4f0e14-80ea-4ed0-a81c-7341d356d427,1.4665,0.02075,0.4407
MXD,Alix Truong,Max Freeman,646f7432-e6ad-4ccf-95ee-a0e5d9514d28,b03ff4de-9b8f-46a8-a530-d8f19e9d6ec9,1.4661,0.01482,0.4395
MXD,Mari Humberg,Grayson Goldin,b1ab7d76-a859-4136-8405-3ed7c9be287a,43df1205-e834-4427-9f1a-4e173bf93296,1.4658,0.025,0.4406
MXD,Allie Reichert,Dekel Bar,dcd029fb-2814-401b-a1cb-0c4269d9954b,89843e44-48fd-4a3f-b8c0-5f5aa6ae5741,1.4658,0.02486,0.4406
MXD,Bobbi Oshiro,Christopher Haworth,7f36e416-0907-43b2-8ec4-e9533088e30f,a91e2b68-7357-4518-baf9-f59b0b4c2477,1.4656,0.05285,0.4439
MXD,Carlota Trevino,George Wall,70c18684-f615-4d05-9aa9-5cbdbd53ab9f,698c5236-e88f-411c-b44f-e54f16b2d6b5,1.4655,0.02826,0.4408
MXD,Daria Walczak,Armaan Bhatia,3e6b668a-8d26-4424-9420-3ceb18486b65,33292af3-984d-4752-8d18-b3a5c147e9fe,1.4653,0.02032,0.4396
MXD,Jillian Braverman,Connor Mogle,98c2531f-f5ce-48b5-b251-eb69425d409c,3d9c8684-953f-4008-b355-b6104ee56a5b,1.4652,0.05969,0.4443
MXD,Isabella Dunlap,Dekel Bar,719e2d3b-d10d-402d-a195-41f072214679,89843e44-48fd-4a3f-b8c0-5f5aa6ae5741,1.4652,0.01448,0.4386
MXD,Brooke Buckner,Augustus Ge,06dc9b8a-5c01-49cf-bb4d-70d7b5f85acf,ba491f1c-0112-47a8-a348-4695289e958a,1.4651,0.01308,0.4384
MXD,Ewa Radzikowska,Tyson McGuffin,1d51becb-4ea0-4878-9660-e3fd2dfaa0ea,dbcb41e9-e983-410b-bc23-d184d034cfc0,1.4645,0.02342,0.4393
MXD,Liz Truluck,Jack Munro,71992955-8b6f-470b-a991-796cfa56a826,f90428f0-e4a3-4a08-a664-518ba7f188d2,1.4645,0.04866,0.4425
MXD,Jessie Irvine,George Wall,8e2f9629-19d0-409d-81dc-b64fe2f3d3ff,698c5236-e88f-411c-b44f-e54f16b2d6b5,1.4642,0.02555,0.4394
MXD,Vivienne David,Tristan Dussault,afc0bfc9-8cd8-4600-bd45-681092186db3,3cab1673-2522-4dd5-ba07-2a1b88749d86,1.464,0.03813,0.4408
MXD,Sahra Dennehy,Donald Young,051f5c82-82ce-4ab8-b4f8-36976638a89b,aec5d8be-9ce0-4cc5-98a4-140fad555fe0,1.464,0.02117,0.4386
MXD,Lacy Schneemann,Christopher Haworth,a3ed7970-35d2-485c-8285-187c298a2d83,a91e2b68-7357-4518-baf9-f59b0b4c2477,1.4639,0.01686,0.4379
MXD,Kiora Kunimoto,Eric Oncins,a95df9a8-772c-4dbf-8c28-e200b7308584,52690a0c-ed4a-4e0b-bf69-4ef416cf7d55,1.4639,0.01571,0.4377
MXD,Catherine Parenteau,Christopher Haworth,9b97206b-783a-4fab-85e9-45a6240325a5,a91e2b68-7357-4518-baf9-f59b0b4c2477,1.4635,0.01576,0.4374
MXD,Eugenia Carolina Lopez Ascarate,Yuta Funemizu,577d1124-44c9-435d-88e9-01a146f2d177,ce4f0e14-80ea-4ed0-a81c-7341d356d427,1.4635,0.03498,0.44
MXD,Alix Truong,Connor Mogle,646f7432-e6ad-4ccf-95ee-a0e5d9514d28,3d9c8684-953f-4008-b355-b6104ee56a5b,1.4634,0.01684,0.4375
MXD,Shelby Bates,Will Howells,ded801fd-297a-4761-b63e-d8fbbfeb5762,d0f19d1e-2a6e-4eb3-b10c-1311edd599a8,1.4634,0.03582,0.4401
MXD,Zoey Weil,Will Howells,1d701c30-6b5d-485f-ae97-60f3b0c50896,d0f19d1e-2a6e-4eb3-b10c-1311edd599a8,1.4633,0.01481,0.4371
MXD,Layne Sleeth,Pablo Tellez,55ed7e0a-ff2d-4ac2-aad6-b6772ef4f448,52726ab1-2ac9-46c0-be90-6b0e7a2d56eb,1.4632,0.01718,0.4374
MXD,Shelby Bates,Bruno Faletto,ded801fd-297a-4761-b63e-d8fbbfeb5762,34049405-b415-4f3a-aade-5be0111ac7db,1.4631,0.04382,0.4408
MXD,Shelby Bates,Vanshik Kapadia,ded801fd-297a-4761-b63e-d8fbbfeb5762,6866df42-48ad-423c-9e57-d7d4d6fb66ef,1.4631,0.06367,0.4431
MXD,Layne Sleeth,Alex Emery,55ed7e0a-ff2d-4ac2-aad6-b6772ef4f448,5c817399-aea7-481d-9a83-aab7431eabc1,1.463,0.03863,0.4401
MXD,Zoey Weil,Bruno Faletto,1d701c30-6b5d-485f-ae97-60f3b0c50896,34049405-b415-4f3a-aade-5be0111ac7db,1.463,0.02281,0.438
MXD,Zoey Weil,Vanshik Kapadia,1d701c30-6b5d-485f-ae97-60f3b0c50896,6866df42-48ad-423c-9e57-d7d4d6fb66ef,1.463,0.04266,0.4406
MXD,Leigh Waters,Donald Young,1bfba782-55f3-42e4-9889-9018e793c0b5,aec5d8be-9ce0-4cc5-98a4-140fad555fe0,1.4629,0.03371,0.4394
MXD,Layne Sleeth,Jaume Martinez Vich,55ed7e0a-ff2d-4ac2-aad6-b6772ef4f448,cc8832b9-9a8f-4cbc-8eff-b20e9a7ff09a,1.4629,0.01528,0.4368
MXD,Allie Reichert,CJ Klinger,dcd029fb-2814-401b-a1cb-0c4269d9954b,ead35052-7367-4296-96d4-064f546cc2b9,1.4624,0.0242,0.4377
MXD,Allyce Jones,Donald Young,efe9989b-5864-48c2-806c-06697024e1da,aec5d8be-9ce0-4cc5-98a4-140fad555fe0,1.4623,0.01937,0.4369
MXD,Seone Mendez,Gabriel Tardio,0d14405e-2e45-4dcb-8fb7-73558c261b4f,d50310a6-9378-4228-823f-7fb54f7bd698,1.4623,0.04215,0.44
MXD,Estee Widdershoven,Augustus Ge,bf84d952-c6a8-4494-943d-064b223e764f,ba491f1c-0112-47a8-a348-4695289e958a,1.4622,0.01562,0.4362
MXD,Eugenia Carolina Lopez Ascarate,Armaan Bhatia,577d1124-44c9-435d-88e9-01a146f2d177,33292af3-984d-4752-8d18-b3a5c147e9fe,1.4622,0.03456,0.439
MXD,Sahra Dennehy,Martin Emmrich,051f5c82-82ce-4ab8-b4f8-36976638a89b,e9849183-4693-4340-abf5-f4b6f3cb226f,1.4619,0.01946,0.4366
MXD,Isabella Dunlap,CJ Klinger,719e2d3b-d10d-402d-a195-41f072214679,ead35052-7367-4296-96d4-064f546cc2b9,1.4618,0.01382,0.4357
MXD,Genie Erokhina,Quang Duong,461f063e-a587-4638-bad9-421ff33d91d7,14d61e81-14d5-4cb3-ae33-d427fbc1b4f6,1.4615,0.03254,0.4381
MXD,Daria Walczak,Dekel Bar,3e6b668a-8d26-4424-9420-3ceb18486b65,89843e44-48fd-4a3f-b8c0-5f5aa6ae5741,1.4614,0.01852,0.436
MXD,Yufei Long,Quang Duong,20945292-032a-47f1-93c5-d44ada6e4783,14d61e81-14d5-4cb3-ae33-d427fbc1b4f6,1.4613,0.04634,0.4398
MXD,Layne Sleeth,Max Freeman,55ed7e0a-ff2d-4ac2-aad6-b6772ef4f448,b03ff4de-9b8f-46a8-a530-d8f19e9d6ec9,1.461,0.01629,0.4353
MXD,Meghan Dizon,Tyson McGuffin,8f521dcc-1cb5-4c8d-933c-af6b267bd395,dbcb41e9-e983-410b-bc23-d184d034cfc0,1.4609,0.01508,0.4351
MXD,Maggie Brascia,Oscar Serra,736475dd-7ccd-40d8-8b43-8c2d9ef9e674,2c2a2b82-9ec7-4046-97cb-3a199ed507af,1.4609,0.03576,0.438
MXD,Leigh Waters,Martin Emmrich,1bfba782-55f3-42e4-9889-9018e793c0b5,e9849183-4693-4340-abf5-f4b6f3cb226f,1.4608,0.032,0.4375
MXD,Allyce Jones,Martin Emmrich,efe9989b-5864-48c2-806c-06697024e1da,e9849183-4693-4340-abf5-f4b6f3cb226f,1.4602,0.01766,0.4348
MXD,Judit Castillo,Yuta Funemizu,ec4cdfe2-c6f6-4de1-824e-9adcaeb31196,ce4f0e14-80ea-4ed0-a81c-7341d356d427,1.46,0.01929,0.435
MXD,Carlota Trevino,Hunter Johnson,70c18684-f615-4d05-9aa9-5cbdbd53ab9f,8160ad59-4654-46b1-b229-8d5f2a9a45f9,1.4598,0.01794,0.4346
MXD,Milan Rane,Augustus Ge,eb14fc6e-ede1-4999-bec3-e36695e7f94e,ba491f1c-0112-47a8-a348-4695289e958a,1.4596,0.01194,0.4334
MXD,Marianna Petrei,Nicolas Acevedo,12890797-7355-49ca-848e-56d67e33c4de,a000a067-1bf1-442f-a961-e6c97cb50006,1.4596,0.03317,0.4367
MXD,Sahra Dennehy,Rafa Hewett,051f5c82-82ce-4ab8-b4f8-36976638a89b,06ba18e0-687b-4aa3-822d-1c86981f576b,1.4594,0.0172,0.4341
MXD,Judit Castillo,Armaan Bhatia,ec4cdfe2-c6f6-4de1-824e-9adcaeb31196,33292af3-984d-4752-8d18-b3a5c147e9fe,1.4588,0.01887,0.4339
MXD,Allie Reichert,Dylan Frazier,dcd029fb-2814-401b-a1cb-0c4269d9954b,1de884f8-7bf7-4b49-9de8-3f1fd74cabd6,1.4586,0.02507,0.4347
MXD,Etta Tuionetoa,Tama Shimabukuro,676b1cbc-766c-4616-bf39-1787ffd8c72a,4af4d4d1-9f87-4dc7-95f2-b10751d44c15,1.4585,0.01433,0.4329
MXD,Jessie Irvine,Hunter Johnson,8e2f9629-19d0-409d-81dc-b64fe2f3d3ff,8160ad59-4654-46b1-b229-8d5f2a9a45f9,1.4585,0.01524,0.4331
MXD,Lucy Kovalova,Oscar Serra,504e8c08-caf6-4db8-b454-11ffa321261c,2c2a2b82-9ec7-4046-97cb-3a199ed507af,1.4585,0.03432,0.4358
MXD,Leigh Waters,Rafa Hewett,1bfba782-55f3-42e4-9889-9018e793c0b5,06ba18e0-687b-4aa3-822d-1c86981f576b,1.4583,0.02974,0.4351
MXD,Layne Sleeth,Connor Mogle,55ed7e0a-ff2d-4ac2-aad6-b6772ef4f448,3d9c8684-953f-4008-b355-b6104ee56a5b,1.4583,0.01832,0.4333
MXD,Yana Newell,John Lucian Goins,655e0349-7e66-4233-b999-b6cca2298f9b,e96d9339-cfb6-473d-bcb3-23f2887a3e0f,1.4583,0.03315,0.4356
MXD,Eugenia Carolina Lopez Ascarate,Dekel Bar,577d1124-44c9-435d-88e9-01a146f2d177,89843e44-48fd-4a3f-b8c0-5f5aa6ae5741,1.4583,0.03276,0.4355
MXD,Etta Tuionetoa,Patrick Kawka,676b1cbc-766c-4616-bf39-1787ffd8c72a,6876576c-b20e-47e3-99e4-d32759cc9f48,1.4581,0.04852,0.4375
MXD,Isabella Dunlap,Dylan Frazier,719e2d3b-d10d-402d-a195-41f072214679,1de884f8-7bf7-4b49-9de8-3f1fd74cabd6,1.4581,0.01469,0.4326
MXD,Daria Walczak,CJ Klinger,3e6b668a-8d26-4424-9420-3ceb18486b65,ead35052-7367-4296-96d4-064f546cc2b9,1.458,0.01786,0.4331
MXD,Allyce Jones,Rafa Hewett,efe9989b-5864-48c2-806c-06697024e1da,06ba18e0-687b-4aa3-822d-1c86981f576b,1.4577,0.0154,0.4324
MXD,Jillian Braverman,Juan Benitez,98c2531f-f5ce-48b5-b251-eb69425d409c,f4c43443-fdff-4344-b291-274cfd26361e,1.4576,0.06358,0.4389
MXD,Maggie Brascia,George Wall,736475dd-7ccd-40d8-8b43-8c2d9ef9e674,698c5236-e88f-411c-b44f-e54f16b2d6b5,1.4576,0.03592,0.4354
MXD,Genie Erokhina,Noe Khlif,461f063e-a587-4638-bad9-421ff33d91d7,1bb8b2c1-ca6f-45ac-afdd-fab7e77d69d4,1.4576,0.01311,0.432
MXD,Yufei Long,Noe Khlif,20945292-032a-47f1-93c5-d44ada6e4783,1bb8b2c1-ca6f-45ac-afdd-fab7e77d69d4,1.4575,0.02691,0.434
MXD,Lea Jansen,Yuta Funemizu,7319013d-d511-4aa5-a356-4aa2cccf94f5,ce4f0e14-80ea-4ed0-a81c-7341d356d427,1.4573,0.01575,0.4321
MXD,Samantha Parker,Oscar Serra,6794d224-7da3-43d9-8300-e24e731f5dea,2c2a2b82-9ec7-4046-97cb-3a199ed507af,1.4571,0.02895,0.4339
MXD,Roos Van Reek,Yuta Funemizu,4798e757-53f5-4e52-92aa-98172c8f7862,ce4f0e14-80ea-4ed0-a81c-7341d356d427,1.4565,0.03298,0.434
MXD,Liz Truluck,Quang Duong,71992955-8b6f-470b-a991-796cfa56a826,14d61e81-14d5-4cb3-ae33-d427fbc1b4f6,1.4563,0.03261,0.4338
MXD,Yana Newell,Luca Mack,655e0349-7e66-4233-b999-b6cca2298f9b,2aa8ced3-d599-4c83-86dd-ecc80196833b,1.4561,0.03895,0.4345
MXD,Lea Jansen,Armaan Bhatia,7319013d-d511-4aa5-a356-4aa2cccf94f5,33292af3-984d-4752-8d18-b3a5c147e9fe,1.4561,0.01533,0.431
MXD,Ting Chieh Wei,Roscoe Bellamy,29e8121d-6f86-4192-b7af-ab05b77b89fe,925c1306-6b3b-4510-8482-f34168a0842a,1.4561,0.01528,0.4311
MXD,Chao Yi Wang,Tama Shimabukuro,20684550-cb89-4ea2-9e2f-0f44eb920b45,4af4d4d1-9f87-4dc7-95f2-b10751d44c15,1.4559,0.01428,0.4307
MXD,Alix Truong,Juan Benitez,646f7432-e6ad-4ccf-95ee-a0e5d9514d28,f4c43443-fdff-4344-b291-274cfd26361e,1.4558,0.02073,0.4317
MXD,Chao Yi Wang,Patrick Kawka,20684550-cb89-4ea2-9e2f-0f44eb920b45,6876576c-b20e-47e3-99e4-d32759cc9f48,1.4556,0.04846,0.4355
MXD,Marianna Petrei,Jack Sock,12890797-7355-49ca-848e-56d67e33c4de,3a43c56f-b9d8-4e72-ae8a-58fd69291946,1.4553,0.03299,0.4331
MXD,Roos Van Reek,Armaan Bhatia,4798e757-53f5-4e52-92aa-98172c8f7862,33292af3-984d-4752-8d18-b3a5c147e9fe,1.4552,0.03256,0.433
MXD,Lucy Kovalova,George Wall,504e8c08-caf6-4db8-b454-11ffa321261c,698c5236-e88f-411c-b44f-e54f16b2d6b5,1.4551,0.03448,0.4332
MXD,Eugenia Carolina Lopez Ascarate,CJ Klinger,577d1124-44c9-435d-88e9-01a146f2d177,ead35052-7367-4296-96d4-064f546cc2b9,1.455,0.0321,0.4327
MXD,Judit Castillo,Dekel Bar,ec4cdfe2-c6f6-4de1-824e-9adcaeb31196,89843e44-48fd-4a3f-b8c0-5f5aa6ae5741,1.4549,0.01707,0.4303
MXD,Daria Walczak,Dylan Frazier,3e6b668a-8d26-4424-9420-3ceb18486b65,1de884f8-7bf7-4b49-9de8-3f1fd74cabd6,1.4543,0.01873,0.43
MXD,Brooke Buckner,Oscar Serra,06dc9b8a-5c01-49cf-bb4d-70d7b5f85acf,2c2a2b82-9ec7-4046-97cb-3a199ed507af,1.4538,0.02583,0.4307
MXD,Samantha Parker,George Wall,6794d224-7da3-43d9-8300-e24e731f5dea,698c5236-e88f-411c-b44f-e54f16b2d6b5,1.4538,0.02912,0.4312
MXD,Ting Chieh Wei,Anderson Scarpa,29e8121d-6f86-4192-b7af-ab05b77b89fe,fa8d5d28-d8f5-4996-8c35-0f4ca3c35bae,1.4524,0.01718,0.4282
MXD,Liz Truluck,Noe Khlif,71992955-8b6f-470b-a991-796cfa56a826,1bb8b2c1-ca6f-45ac-afdd-fab7e77d69d4,1.4524,0.01318,0.4276
MXD,Lea Jansen,Dekel Bar,7319013d-d511-4aa5-a356-4aa2cccf94f5,89843e44-48fd-4a3f-b8c0-5f5aa6ae5741,1.4522,0.01353,0.4274
MXD,Mari Humberg,Hoang Nam Ly,b1ab7d76-a859-4136-8405-3ed7c9be287a,f1151ea2-759d-4d9f-a5b9-5ccd966dc3ca,1.4521,0.02688,0.4295
MXD,Maggie Brascia,Hunter Johnson,736475dd-7ccd-40d8-8b43-8c2d9ef9e674,8160ad59-4654-46b1-b229-8d5f2a9a45f9,1.4519,0.02561,0.4292
MXD,Shelby Bates,Yuta Funemizu,ded801fd-297a-4761-b63e-d8fbbfeb5762,ce4f0e14-80ea-4ed0-a81c-7341d356d427,1.4517,0.03811,0.4309
MXD,Zoey Weil,Yuta Funemizu,1d701c30-6b5d-485f-ae97-60f3b0c50896,ce4f0e14-80ea-4ed0-a81c-7341d356d427,1.4516,0.0171,0.4276
MXD,Judit Castillo,CJ Klinger,ec4cdfe2-c6f6-4de1-824e-9adcaeb31196,ead35052-7367-4296-96d4-064f546cc2b9,1.4515,0.0164,0.4274
MXD,Roos Van Reek,Dekel Bar,4798e757-53f5-4e52-92aa-98172c8f7862,89843e44-48fd-4a3f-b8c0-5f5aa6ae5741,1.4513,0.03076,0.4295
MXD,Vivienne David,Christopher Haworth,afc0bfc9-8cd8-4600-bd45-681092186db3,a91e2b68-7357-4518-baf9-f59b0b4c2477,1.4512,0.02858,0.4291
MXD,Eugenia Carolina Lopez Ascarate,Dylan Frazier,577d1124-44c9-435d-88e9-01a146f2d177,1de884f8-7bf7-4b49-9de8-3f1fd74cabd6,1.4512,0.03297,0.4297
MXD,Brooke Buckner,George Wall,06dc9b8a-5c01-49cf-bb4d-70d7b5f85acf,698c5236-e88f-411c-b44f-e54f16b2d6b5,1.4511,0.02599,0.4286
MXD,Kaitlyn Christian,Thomas Wilson,66a6c35b-33a2-4a23-b5db-fa53c96d643a,12d79cbe-b5c7-4504-ab8f-f352a6bb8629,1.4509,0.05184,0.4322
MXD,Estee Widdershoven,Oscar Serra,bf84d952-c6a8-4494-943d-064b223e764f,2c2a2b82-9ec7-4046-97cb-3a199ed507af,1.4508,0.02837,0.4287
MXD,Layne Sleeth,Juan Benitez,55ed7e0a-ff2d-4ac2-aad6-b6772ef4f448,f4c43443-fdff-4344-b291-274cfd26361e,1.4507,0.0222,0.4276
MXD,Ewa Radzikowska,Tama Shimabukuro,1d51becb-4ea0-4878-9660-e3fd2dfaa0ea,4af4d4d1-9f87-4dc7-95f2-b10751d44c15,1.4505,0.02241,0.4275
MXD,Shelby Bates,Armaan Bhatia,ded801fd-297a-4761-b63e-d8fbbfeb5762,33292af3-984d-4752-8d18-b3a5c147e9fe,1.4505,0.03769,0.4299
MXD,Zoey Weil,Armaan Bhatia,1d701c30-6b5d-485f-ae97-60f3b0c50896,33292af3-984d-4752-8d18-b3a5c147e9fe,1.4504,0.01668,0.4265
MXD,Yana Newell,Donald Young,655e0349-7e66-4233-b999-b6cca2298f9b,aec5d8be-9ce0-4cc5-98a4-140fad555fe0,1.4503,0.03467,0.4292
MXD,Ewa Radzikowska,Patrick Kawka,1d51becb-4ea0-4878-9660-e3fd2dfaa0ea,6876576c-b20e-47e3-99e4-d32759cc9f48,1.4502,0.05659,0.4323
MXD,Mary Brascia,Jay Devilliers,1dd5c313-10f5-4e0a-bb9b-699913a5abe8,295e343a-31a0-4e1d-a286-d62592291435,1.4501,0.027,0.4279
MXD,Genie Erokhina,Will Howells,461f063e-a587-4638-bad9-421ff33d91d7,d0f19d1e-2a6e-4eb3-b10c-1311edd599a8,1.4499,0.01442,0.4257
MXD,Yufei Long,Will Howells,20945292-032a-47f1-93c5-d44ada6e4783,d0f19d1e-2a6e-4eb3-b10c-1311edd599a8,1.4498,0.02821,0.4279
MXD,Etta Tuionetoa,Tristan Dussault,676b1cbc-766c-4616-bf39-1787ffd8c72a,3cab1673-2522-4dd5-ba07-2a1b88749d86,1.4496,0.02702,0.4275
MXD,Genie Erokhina,Bruno Faletto,461f063e-a587-4638-bad9-421ff33d91d7,34049405-b415-4f3a-aade-5be0111ac7db,1.4496,0.02241,0.4267
MXD,Genie Erokhina,Vanshik Kapadia,461f063e-a587-4638-bad9-421ff33d91d7,6866df42-48ad-423c-9e57-d7d4d6fb66ef,1.4496,0.04227,0.4299
MXD,Marianna Petrei,Phuc Huynh,12890797-7355-49ca-848e-56d67e33c4de,0763ffeb-1b1f-41c5-ab37-d17b66e50b50,1.4495,0.06273,0.4326
MXD,Yufei Long,Bruno Faletto,20945292-032a-47f1-93c5-d44ada6e4783,34049405-b415-4f3a-aade-5be0111ac7db,1.4495,0.03621,0.4288
MXD,Yufei Long,Vanshik Kapadia,20945292-032a-47f1-93c5-d44ada6e4783,6866df42-48ad-423c-9e57-d7d4d6fb66ef,1.4495,0.05606,0.4317
MXD,Lucy Kovalova,Hunter Johnson,504e8c08-caf6-4db8-b454-11ffa321261c,8160ad59-4654-46b1-b229-8d5f2a9a45f9,1.4495,0.02417,0.4269
MXD,Allie Reichert,Augustus Ge,dcd029fb-2814-401b-a1cb-0c4269d9954b,ba491f1c-0112-47a8-a348-4695289e958a,1.4495,0.02335,0.4268
MXD,Ting Chieh Wei,Thomas Yu,29e8121d-6f86-4192-b7af-ab05b77b89fe,8c94d7b2-0dce-455e-916f-e35927d53547,1.4494,0.03147,0.428
MXD,Carlota Trevino,Roscoe Bellamy,70c18684-f615-4d05-9aa9-5cbdbd53ab9f,925c1306-6b3b-4510-8482-f34168a0842a,1.4492,0.01721,0.4255
MXD,Isabella Dunlap,Augustus Ge,719e2d3b-d10d-402d-a195-41f072214679,ba491f1c-0112-47a8-a348-4695289e958a,1.4489,0.01297,0.4245
MXD,Callie Smith,Nicolas Acevedo,0c1bb94d-3af2-42f4-b938-d712c707ace4,a000a067-1bf1-442f-a961-e6c97cb50006,1.4489,0.0171,0.4252
MXD,Lea Jansen,CJ Klinger,7319013d-d511-4aa5-a356-4aa2cccf94f5,ead35052-7367-4296-96d4-064f546cc2b9,1.4488,0.01287,0.4244
MXD,Estee Widdershoven,George Wall,bf84d952-c6a8-4494-943d-064b223e764f,698c5236-e88f-411c-b44f-e54f16b2d6b5,1.4485,0.02853,0.4268
MXD,Ting Chieh Wei,Joseph Wild,29e8121d-6f86-4192-b7af-ab05b77b89fe,a51b59c5-1a13-4472-821a-eb9866e72adf,1.4484,0.02387,0.426
MXD,Milan Rane,Oscar Serra,eb14fc6e-ede1-4999-bec3-e36695e7f94e,2c2a2b82-9ec7-4046-97cb-3a199ed507af,1.4482,0.02469,0.4259
MXD,Yana Newell,Martin Emmrich,655e0349-7e66-4233-b999-b6cca2298f9b,e9849183-4693-4340-abf5-f4b6f3cb226f,1.4481,0.03297,0.4272
MXD,Samantha Parker,Hunter Johnson,6794d224-7da3-43d9-8300-e24e731f5dea,8160ad59-4654-46b1-b229-8d5f2a9a45f9,1.4481,0.0188,0.4248
MXD,Christine Maddox,Jay Devilliers,3ad652aa-3fdd-4e53-8f34-dfdedc3c1901,295e343a-31a0-4e1d-a286-d62592291435,1.4481,0.0524,0.4301
MXD,Roos Van Reek,CJ Klinger,4798e757-53f5-4e52-92aa-98172c8f7862,ead35052-7367-4296-96d4-064f546cc2b9,1.448,0.03009,0.4267
MXD,Jessie Irvine,Roscoe Bellamy,8e2f9629-19d0-409d-81dc-b64fe2f3d3ff,925c1306-6b3b-4510-8482-f34168a0842a,1.4479,0.01451,0.4239
MXD,Judit Castillo,Dylan Frazier,ec4cdfe2-c6f6-4de1-824e-9adcaeb31196,1de884f8-7bf7-4b49-9de8-3f1fd74cabd6,1.4478,0.01727,0.4243
MXD,Bobbi Oshiro,Mohaned Alhouni,7f36e416-0907-43b2-8ec4-e9533088e30f,1bab49f1-6891-4d3e-8f77-42aa4fc1d18e,1.4471,0.05248,0.4293
MXD,Chao Yi Wang,Tristan Dussault,20684550-cb89-4ea2-9e2f-0f44eb920b45,3cab1673-2522-4dd5-ba07-2a1b88749d86,1.4471,0.02697,0.4254
MXD,Meghan Dizon,Tama Shimabukuro,8f521dcc-1cb5-4c8d-933c-af6b267bd395,4af4d4d1-9f87-4dc7-95f2-b10751d44c15,1.447,0.01407,0.423
MXD,Meghan Dizon,Patrick Kawka,8f521dcc-1cb5-4c8d-933c-af6b267bd395,6876576c-b20e-47e3-99e4-d32759cc9f48,1.4466,0.04826,0.4283
MXD,Shelby Bates,Dekel Bar,ded801fd-297a-4761-b63e-d8fbbfeb5762,89843e44-48fd-4a3f-b8c0-5f5aa6ae5741,1.4466,0.03589,0.4264
MXD,Zoey Weil,Dekel Bar,1d701c30-6b5d-485f-ae97-60f3b0c50896,89843e44-48fd-4a3f-b8c0-5f5aa6ae5741,1.4465,0.01488,0.4228
MXD,Milan Rane,George Wall,eb14fc6e-ede1-4999-bec3-e36695e7f94e,698c5236-e88f-411c-b44f-e54f16b2d6b5,1.4459,0.02486,0.4241
MXD,Yana Newell,Rafa Hewett,655e0349-7e66-4233-b999-b6cca2298f9b,06ba18e0-687b-4aa3-822d-1c86981f576b,1.4457,0.03071,0.4249
MXD,Sahra Dennehy,Tyson McGuffin,051f5c82-82ce-4ab8-b4f8-36976638a89b,dbcb41e9-e983-410b-bc23-d184d034cfc0,1.4456,0.01627,0.4223
MXD,Jillian Braverman,John Lucian Goins,98c2531f-f5ce-48b5-b251-eb69425d409c,e96d9339-cfb6-473d-bcb3-23f2887a3e0f,1.4456,0.06055,0.4292
MXD,Brooke Buckner,Hunter Johnson,06dc9b8a-5c01-49cf-bb4d-70d7b5f85acf,8160ad59-4654-46b1-b229-8d5f2a9a45f9,1.4455,0.01568,0.4221
MXD,Lacy Schneemann,Mohaned Alhouni,a3ed7970-35d2-485c-8285-187c298a2d83,1bab49f1-6891-4d3e-8f77-42aa4fc1d18e,1.4454,0.01649,0.4222
MXD,Carlota Trevino,Anderson Scarpa,70c18684-f615-4d05-9aa9-5cbdbd53ab9f,fa8d5d28-d8f5-4996-8c35-0f4ca3c35bae,1.4454,0.01911,0.4227
MXD,Marianna Petrei,Robert Slutsky,12890797-7355-49ca-848e-56d67e33c4de,f6fa549d-8a9c-46fd-aeb8-af8a3f0f7a59,1.4453,0.04331,0.4265
MXD,Catherine Parenteau,Mohaned Alhouni,9b97206b-783a-4fab-85e9-45a6240325a5,1bab49f1-6891-4d3e-8f77-42aa4fc1d18e,1.4451,0.01539,0.4217
MXD,Daria Walczak,Augustus Ge,3e6b668a-8d26-4424-9420-3ceb18486b65,ba491f1c-0112-47a8-a348-4695289e958a,1.4451,0.01702,0.422
MXD,Lea Jansen,Dylan Frazier,7319013d-d511-4aa5-a356-4aa2cccf94f5,1de884f8-7bf7-4b49-9de8-3f1fd74cabd6,1.445,0.01373,0.4214
MXD,Liz Truluck,Will Howells,71992955-8b6f-470b-a991-796cfa56a826,d0f19d1e-2a6e-4eb3-b10c-1311edd599a8,1.4447,0.01448,0.4213
MXD,Callie Smith,Jack Sock,0c1bb94d-3af2-42f4-b938-d712c707ace4,3a43c56f-b9d8-4e72-ae8a-58fd69291946,1.4446,0.01691,0.4216
MXD,Leigh Waters,Tyson McGuffin,1bfba782-55f3-42e4-9889-9018e793c0b5,dbcb41e9-e983-410b-bc23-d184d034cfc0,1.4445,0.02881,0.4236
MXD,Liz Truluck,Bruno Faletto,71992955-8b6f-470b-a991-796cfa56a826,34049405-b415-4f3a-aade-5be0111ac7db,1.4444,0.02248,0.4224
MXD,Liz Truluck,Vanshik Kapadia,71992955-8b6f-470b-a991-796cfa56a826,6866df42-48ad-423c-9e57-d7d4d6fb66ef,1.4444,0.04233,0.4257
MXD,Roos Van Reek,Dylan Frazier,4798e757-53f5-4e52-92aa-98172c8f7862,1de884f8-7bf7-4b49-9de8-3f1fd74cabd6,1.4442,0.03096,0.4237
MXD,Jessie Irvine,Anderson Scarpa,8e2f9629-19d0-409d-81dc-b64fe2f3d3ff,fa8d5d28-d8f5-4996-8c35-0f4ca3c35bae,1.4441,0.01641,0.4211
MXD,Allyce Jones,Tyson McGuffin,efe9989b-5864-48c2-806c-06697024e1da,dbcb41e9-e983-410b-bc23-d184d034cfc0,1.4438,0.01447,0.4205
MXD,Alix Truong,John Lucian Goins,646f7432-e6ad-4ccf-95ee-a0e5d9514d28,e96d9339-cfb6-473d-bcb3-23f2887a3e0f,1.4438,0.0177,0.421
MXD,Estee Widdershoven,Hunter Johnson,bf84d952-c6a8-4494-943d-064b223e764f,8160ad59-4654-46b1-b229-8d5f2a9a45f9,1.4434,0.01822,0.4208
MXD,Jillian Braverman,Luca Mack,98c2531f-f5ce-48b5-b251-eb69425d409c,2aa8ced3-d599-4c83-86dd-ecc80196833b,1.4433,0.06635,0.4283
MXD,Ting Chieh Wei,Harsh Mehta,29e8121d-6f86-4192-b7af-ab05b77b89fe,c18fb17d-e0bb-415c-901b-fa2f928ab22c,1.4432,0.03234,0.4232
MXD,Shelby Bates,CJ Klinger,ded801fd-297a-4761-b63e-d8fbbfeb5762,ead35052-7367-4296-96d4-064f546cc2b9,1.4432,0.03522,0.4236
MXD,Zoey Weil,CJ Klinger,1d701c30-6b5d-485f-ae97-60f3b0c50896,ead35052-7367-4296-96d4-064f546cc2b9,1.4431,0.01422,0.4199
MXD,Cailyn Campbell,Thomas Wilson,9eff9049-c45c-42ee-9a49-e9a797cc2116,12d79cbe-b5c7-4504-ab8f-f352a6bb8629,1.4426,0.05232,0.4258
MXD,Carlota Trevino,Thomas Yu,70c18684-f615-4d05-9aa9-5cbdbd53ab9f,8c94d7b2-0dce-455e-916f-e35927d53547,1.4424,0.0334,0.4227
MXD,Eugenia Carolina Lopez Ascarate,Augustus Ge,577d1124-44c9-435d-88e9-01a146f2d177,ba491f1c-0112-47a8-a348-4695289e958a,1.442,0.03125,0.422
MXD,Ewa Radzikowska,Tristan Dussault,1d51becb-4ea0-4878-9660-e3fd2dfaa0ea,3cab1673-2522-4dd5-ba07-2a1b88749d86,1.4417,0.0351,0.4223
MXD,Kiora Kunimoto,Jay Devilliers,a95df9a8-772c-4dbf-8c28-e200b7308584,295e343a-31a0-4e1d-a286-d62592291435,1.4417,0.01721,0.4192
MXD,Milan Rane,Hunter Johnson,eb14fc6e-ede1-4999-bec3-e36695e7f94e,8160ad59-4654-46b1-b229-8d5f2a9a45f9,1.4416,0.01454,0.4186
MXD,Alix Truong,Luca Mack,646f7432-e6ad-4ccf-95ee-a0e5d9514d28,2aa8ced3-d599-4c83-86dd-ecc80196833b,1.4415,0.0235,0.4202
MXD,Carlota Trevino,Joseph Wild,70c18684-f615-4d05-9aa9-5cbdbd53ab9f,a51b59c5-1a13-4472-821a-eb9866e72adf,1.4415,0.0258,0.4206
MXD,Maggie Brascia,Roscoe Bellamy,736475dd-7ccd-40d8-8b43-8c2d9ef9e674,925c1306-6b3b-4510-8482-f34168a0842a,1.4413,0.02488,0.4203
MXD,Jessie Irvine,Thomas Yu,8e2f9629-19d0-409d-81dc-b64fe2f3d3ff,8c94d7b2-0dce-455e-916f-e35927d53547,1.4411,0.0307,0.4212
MXD,Danni-Elle Townsend,Matthew Barlow,2c4de762-88d6-47c3-8b2b-af562c5d1f93,3270dc72-53b7-4d35-aa4c-7f8b7b6bf905,1.4408,0.02547,0.42
MXD,Ting Chieh Wei,Hien Truong,29e8121d-6f86-4192-b7af-ab05b77b89fe,524b89ad-b76b-40b4-a0db-736bdc7b8adb,1.4402,0.0304,0.4203
MXD,Jessie Irvine,Joseph Wild,8e2f9629-19d0-409d-81dc-b64fe2f3d3ff,a51b59c5-1a13-4472-821a-eb9866e72adf,1.4402,0.0231,0.4191
MXD,Shelby Bates,Dylan Frazier,ded801fd-297a-4761-b63e-d8fbbfeb5762,1de884f8-7bf7-4b49-9de8-3f1fd74cabd6,1.4395,0.03609,0.4207
MXD,Zoey Weil,Dylan Frazier,1d701c30-6b5d-485f-ae97-60f3b0c50896,1de884f8-7bf7-4b49-9de8-3f1fd74cabd6,1.4394,0.01509,0.4168
MXD,Lucy Kovalova,Roscoe Bellamy,504e8c08-caf6-4db8-b454-11ffa321261c,925c1306-6b3b-4510-8482-f34168a0842a,1.4388,0.02344,0.418
MXD,Callie Smith,Phuc Huynh,0c1bb94d-3af2-42f4-b938-d712c707ace4,0763ffeb-1b1f-41c5-ab37-d17b66e50b50,1.4388,0.04665,0.4219
MXD,Layne Sleeth,John Lucian Goins,55ed7e0a-ff2d-4ac2-aad6-b6772ef4f448,e96d9339-cfb6-473d-bcb3-23f2887a3e0f,1.4386,0.01917,0.417
MXD,Judit Castillo,Augustus Ge,ec4cdfe2-c6f6-4de1-824e-9adcaeb31196,ba491f1c-0112-47a8-a348-4695289e958a,1.4386,0.01556,0.4163
MXD,Genie Erokhina,Yuta Funemizu,461f063e-a587-4638-bad9-421ff33d91d7,ce4f0e14-80ea-4ed0-a81c-7341d356d427,1.4383,0.01671,0.4162
MXD,Meghan Dizon,Tristan Dussault,8f521dcc-1cb5-4c8d-933c-af6b267bd395,3cab1673-2522-4dd5-ba07-2a1b88749d86,1.4381,0.02676,0.418
MXD,Yufei Long,Yuta Funemizu,20945292-032a-47f1-93c5-d44ada6e4783,ce4f0e14-80ea-4ed0-a81c-7341d356d427,1.4381,0.0305,0.4187
MXD,Allie Reichert,Oscar Serra,dcd029fb-2814-401b-a1cb-0c4269d9954b,2c2a2b82-9ec7-4046-97cb-3a199ed507af,1.4381,0.0361,0.4197
MXD,Jillian Braverman,Donald Young,98c2531f-f5ce-48b5-b251-eb69425d409c,aec5d8be-9ce0-4cc5-98a4-140fad555fe0,1.4375,0.06207,0.4233
MXD,Isabella Dunlap,Oscar Serra,719e2d3b-d10d-402d-a195-41f072214679,2c2a2b82-9ec7-4046-97cb-3a199ed507af,1.4375,0.02573,0.4173
MXD,Maggie Brascia,Anderson Scarpa,736475dd-7ccd-40d8-8b43-8c2d9ef9e674,fa8d5d28-d8f5-4996-8c35-0f4ca3c35bae,1.4375,0.02678,0.4175
MXD,Samantha Parker,Roscoe Bellamy,6794d224-7da3-43d9-8300-e24e731f5dea,925c1306-6b3b-4510-8482-f34168a0842a,1.4374,0.01807,0.4158
MXD,Ting Chieh Wei,Etienne Blaszkewycz,29e8121d-6f86-4192-b7af-ab05b77b89fe,d3e486f2-7c25-4bcf-b9dd-81c14f644f60,1.4373,0.02154,0.4164
MXD,Mary Brascia,Federico Staksrud,1dd5c313-10f5-4e0a-bb9b-699913a5abe8,7edb882c-6d17-4129-8208-710e3c82364c,1.4373,0.02495,0.417
MXD,Sofia Sewing,Matthew Barlow,b9bacc1e-29b5-4a92-a9c1-24e08ac72215,3270dc72-53b7-4d35-aa4c-7f8b7b6bf905,1.4372,0.02756,0.4174
MXD,Mary Brascia,Riley Newman,1dd5c313-10f5-4e0a-bb9b-699913a5abe8,05b194b3-db88-4f77-a26f-5ef5cfbf6146,1.4372,0.02624,0.4171
MXD,Genie Erokhina,Armaan Bhatia,461f063e-a587-4638-bad9-421ff33d91d7,33292af3-984d-4752-8d18-b3a5c147e9fe,1.437,0.01628,0.4151
MXD,Yufei Long,Armaan Bhatia,20945292-032a-47f1-93c5-d44ada6e4783,33292af3-984d-4752-8d18-b3a5c147e9fe,1.4369,0.03008,0.4176
MXD,Etta Tuionetoa,Christopher Haworth,676b1cbc-766c-4616-bf39-1787ffd8c72a,a91e2b68-7357-4518-baf9-f59b0b4c2477,1.4368,0.01747,0.4152
MXD,Layne Sleeth,Luca Mack,55ed7e0a-ff2d-4ac2-aad6-b6772ef4f448,2aa8ced3-d599-4c83-86dd-ecc80196833b,1.4364,0.02498,0.4162
MXD,Carlota Trevino,Harsh Mehta,70c18684-f615-4d05-9aa9-5cbdbd53ab9f,c18fb17d-e0bb-415c-901b-fa2f928ab22c,1.4363,0.03427,0.4179
MXD,Lea Jansen,Augustus Ge,7319013d-d511-4aa5-a356-4aa2cccf94f5,ba491f1c-0112-47a8-a348-4695289e958a,1.4359,0.01202,0.4133
MXD,Allie Reichert,George Wall,dcd029fb-2814-401b-a1cb-0c4269d9954b,698c5236-e88f-411c-b44f-e54f16b2d6b5,1.4359,0.03627,0.4178
MXD,Alix Truong,Donald Young,646f7432-e6ad-4ccf-95ee-a0e5d9514d28,aec5d8be-9ce0-4cc5-98a4-140fad555fe0,1.4357,0.01923,0.4146
MXD,Jillian Braverman,Martin Emmrich,98c2531f-f5ce-48b5-b251-eb69425d409c,e9849183-4693-4340-abf5-f4b6f3cb226f,1.4354,0.06037,0.4214
MXD,Isabella Dunlap,George Wall,719e2d3b-d10d-402d-a195-41f072214679,698c5236-e88f-411c-b44f-e54f16b2d6b5,1.4353,0.02589,0.4155
MXD,Christine Maddox,Federico Staksrud,3ad652aa-3fdd-4e53-8f34-dfdedc3c1901,7edb882c-6d17-4129-8208-710e3c82364c,1.4353,0.05036,0.4197
MXD,Christine Maddox,Riley Newman,3ad652aa-3fdd-4e53-8f34-dfdedc3c1901,05b194b3-db88-4f77-a26f-5ef5cfbf6146,1.4352,0.05165,0.4199
MXD,Roos Van Reek,Augustus Ge,4798e757-53f5-4e52-92aa-98172c8f7862,ba491f1c-0112-47a8-a348-4695289e958a,1.4351,0.02925,0.4159
MXD,Jessie Irvine,Harsh Mehta,8e2f9629-19d0-409d-81dc-b64fe2f3d3ff,c18fb17d-e0bb-415c-901b-fa2f928ab22c,1.435,0.03157,0.4163
MXD,Lucy Kovalova,Anderson Scarpa,504e8c08-caf6-4db8-b454-11ffa321261c,fa8d5d28-d8f5-4996-8c35-0f4ca3c35bae,1.435,0.02534,0.4152
MXD,Brooke Buckner,Roscoe Bellamy,06dc9b8a-5c01-49cf-bb4d-70d7b5f85acf,925c1306-6b3b-4510-8482-f34168a0842a,1.4348,0.01495,0.413
MXD,Maggie Brascia,Thomas Yu,736475dd-7ccd-40d8-8b43-8c2d9ef9e674,8c94d7b2-0dce-455e-916f-e35927d53547,1.4345,0.04107,0.4176
MXD,Callie Smith,Robert Slutsky,0c1bb94d-3af2-42f4-b938-d712c707ace4,f6fa549d-8a9c-46fd-aeb8-af8a3f0f7a59,1.4345,0.02723,0.4151
MXD,Chao Yi Wang,Christopher Haworth,20684550-cb89-4ea2-9e2f-0f44eb920b45,a91e2b68-7357-4518-baf9-f59b0b4c2477,1.4343,0.01741,0.413
MXD,Ting Chieh Wei,Pablo Tellez,29e8121d-6f86-4192-b7af-ab05b77b89fe,52726ab1-2ac9-46c0-be90-6b0e7a2d56eb,1.4339,0.01561,0.4123
MXD,Daria Walczak,Oscar Serra,3e6b668a-8d26-4424-9420-3ceb18486b65,2c2a2b82-9ec7-4046-97cb-3a199ed507af,1.4338,0.02977,0.415
MXD,Ting Chieh Wei,Alex Emery,29e8121d-6f86-4192-b7af-ab05b77b89fe,5c817399-aea7-481d-9a83-aab7431eabc1,1.4337,0.03707,0.4162
MXD,Alix Truong,Martin Emmrich,646f7432-e6ad-4ccf-95ee-a0e5d9514d28,e9849183-4693-4340-abf5-f4b6f3cb226f,1.4336,0.01752,0.4125
MXD,Samantha Parker,Anderson Scarpa,6794d224-7da3-43d9-8300-e24e731f5dea,fa8d5d28-d8f5-4996-8c35-0f4ca3c35bae,1.4336,0.01997,0.413
MXD,Maggie Brascia,Joseph Wild,736475dd-7ccd-40d8-8b43-8c2d9ef9e674,a51b59c5-1a13-4472-821a-eb9866e72adf,1.4336,0.03347,0.4155
MXD,Ting Chieh Wei,Jaume Martinez Vich,29e8121d-6f86-4192-b7af-ab05b77b89fe,cc8832b9-9a8f-4cbc-8eff-b20e9a7ff09a,1.4335,0.01371,0.4116
MXD,Carlota Trevino,Hien Truong,70c18684-f615-4d05-9aa9-5cbdbd53ab9f,524b89ad-b76b-40b4-a0db-736bdc7b8adb,1.4332,0.03233,0.415
MXD,Liz Truluck,Yuta Funemizu,71992955-8b6f-470b-a991-796cfa56a826,ce4f0e14-80ea-4ed0-a81c-7341d356d427,1.4331,0.01678,0.4119
MXD,Genie Erokhina,Dekel Bar,461f063e-a587-4638-bad9-421ff33d91d7,89843e44-48fd-4a3f-b8c0-5f5aa6ae5741,1.4331,0.01448,0.4114
MXD,Marianna Petrei,Connor Garnett,12890797-7355-49ca-848e-56d67e33c4de,ff38654d-daae-4bad-a1a7-690e4e5706eb,1.433,0.03125,0.4146
MXD,Yufei Long,Dekel Bar,20945292-032a-47f1-93c5-d44ada6e4783,89843e44-48fd-4a3f-b8c0-5f5aa6ae5741,1.433,0.02828,0.4141
MXD,Jillian Braverman,Rafa Hewett,98c2531f-f5ce-48b5-b251-eb69425d409c,06ba18e0-687b-4aa3-822d-1c86981f576b,1.4329,0.05811,0.4191
MXD,Vivienne David,Mohaned Alhouni,afc0bfc9-8cd8-4600-bd45-681092186db3,1bab49f1-6891-4d3e-8f77-42aa4fc1d18e,1.4328,0.02821,0.4139
MXD,Estee Widdershoven,Roscoe Bellamy,bf84d952-c6a8-4494-943d-064b223e764f,925c1306-6b3b-4510-8482-f34168a0842a,1.4328,0.01749,0.4118
MXD,Lucy Kovalova,Thomas Yu,504e8c08-caf6-4db8-b454-11ffa321261c,8c94d7b2-0dce-455e-916f-e35927d53547,1.4321,0.03963,0.4154
MXD,Jessie Irvine,Hien Truong,8e2f9629-19d0-409d-81dc-b64fe2f3d3ff,524b89ad-b76b-40b4-a0db-736bdc7b8adb,1.4319,0.02963,0.4135
MXD,Kaitlyn Christian,Nicolas Acevedo,66a6c35b-33a2-4a23-b5db-fa53c96d643a,a000a067-1bf1-442f-a961-e6c97cb50006,1.4319,0.01538,0.4106
MXD,Allie Reichert,Hunter Johnson,dcd029fb-2814-401b-a1cb-0c4269d9954b,8160ad59-4654-46b1-b229-8d5f2a9a45f9,1.4319,0.02595,0.4127
MXD,Yana Newell,Tyson McGuffin,655e0349-7e66-4233-b999-b6cca2298f9b,dbcb41e9-e983-410b-bc23-d184d034cfc0,1.4318,0.02977,0.4134
MXD,Liz Truluck,Armaan Bhatia,71992955-8b6f-470b-a991-796cfa56a826,33292af3-984d-4752-8d18-b3a5c147e9fe,1.4318,0.01635,0.4107
MXD,Ting Chieh Wei,Max Freeman,29e8121d-6f86-4192-b7af-ab05b77b89fe,b03ff4de-9b8f-46a8-a530-d8f19e9d6ec9,1.4317,0.01473,0.4103
MXD,Sahra Dennehy,Tama Shimabukuro,051f5c82-82ce-4ab8-b4f8-36976638a89b,4af4d4d1-9f87-4dc7-95f2-b10751d44c15,1.4316,0.01526,0.4103
MXD,Daria Walczak,George Wall,3e6b668a-8d26-4424-9420-3ceb18486b65,698c5236-e88f-411c-b44f-e54f16b2d6b5,1.4315,0.02993,0.4132
MXD,Isabella Dunlap,Hunter Johnson,719e2d3b-d10d-402d-a195-41f072214679,8160ad59-4654-46b1-b229-8d5f2a9a45f9,1.4313,0.01558,0.4102
MXD,Sahra Dennehy,Patrick Kawka,051f5c82-82ce-4ab8-b4f8-36976638a89b,6876576c-b20e-47e3-99e4-d32759cc9f48,1.4312,0.04944,0.4164
MXD,Alix Truong,Rafa Hewett,646f7432-e6ad-4ccf-95ee-a0e5d9514d28,06ba18e0-687b-4aa3-822d-1c86981f576b,1.4311,0.01526,0.4099
MXD,Lucy Kovalova,Joseph Wild,504e8c08-caf6-4db8-b454-11ffa321261c,a51b59c5-1a13-4472-821a-eb9866e72adf,1.4311,0.03203,0.4133
MXD,Brooke Buckner,Anderson Scarpa,06dc9b8a-5c01-49cf-bb4d-70d7b5f85acf,fa8d5d28-d8f5-4996-8c35-0f4ca3c35bae,1.431,0.01685,0.4102
MXD,Milan Rane,Roscoe Bellamy,eb14fc6e-ede1-4999-bec3-e36695e7f94e,925c1306-6b3b-4510-8482-f34168a0842a,1.431,0.01381,0.4095
MXD,Samantha Parker,Thomas Yu,6794d224-7da3-43d9-8300-e24e731f5dea,8c94d7b2-0dce-455e-916f-e35927d53547,1.4307,0.03426,0.4133
MXD,Eugenia Carolina Lopez Ascarate,Oscar Serra,577d1124-44c9-435d-88e9-01a146f2d177,2c2a2b82-9ec7-4046-97cb-3a199ed507af,1.4307,0.044,0.4151
MXD,Layne Sleeth,Donald Young,55ed7e0a-ff2d-4ac2-aad6-b6772ef4f448,aec5d8be-9ce0-4cc5-98a4-140fad555fe0,1.4306,0.0207,0.4106
MXD,Marianna Petrei,Jack Munro,12890797-7355-49ca-848e-56d67e33c4de,f90428f0-e4a3-4a08-a664-518ba7f188d2,1.4306,0.06576,0.4185
MXD,Leigh Waters,Tama Shimabukuro,1bfba782-55f3-42e4-9889-9018e793c0b5,4af4d4d1-9f87-4dc7-95f2-b10751d44c15,1.4305,0.0278,0.412
MXD,Carlota Trevino,Etienne Blaszkewycz,70c18684-f615-4d05-9aa9-5cbdbd53ab9f,d3e486f2-7c25-4bcf-b9dd-81c14f644f60,1.4304,0.02348,0.411
MXD,Shelby Bates,Augustus Ge,ded801fd-297a-4761-b63e-d8fbbfeb5762,ba491f1c-0112-47a8-a348-4695289e958a,1.4303,0.03438,0.4131
MXD,Leigh Waters,Patrick Kawka,1bfba782-55f3-42e4-9889-9018e793c0b5,6876576c-b20e-47e3-99e4-d32759cc9f48,1.4302,0.06198,0.4176
MXD,Zoey Weil,Augustus Ge,1d701c30-6b5d-485f-ae97-60f3b0c50896,ba491f1c-0112-47a8-a348-4695289e958a,1.4302,0.01337,0.4088
MXD,Allyce Jones,Tama Shimabukuro,efe9989b-5864-48c2-806c-06697024e1da,4af4d4d1-9f87-4dc7-95f2-b10751d44c15,1.4299,0.01346,0.4085
MXD,Genie Erokhina,CJ Klinger,461f063e-a587-4638-bad9-421ff33d91d7,ead35052-7367-4296-96d4-064f546cc2b9,1.4298,0.01382,0.4085
MXD,Samantha Parker,Joseph Wild,6794d224-7da3-43d9-8300-e24e731f5dea,a51b59c5-1a13-4472-821a-eb9866e72adf,1.4297,0.02667,0.4111
MXD,Yufei Long,CJ Klinger,20945292-032a-47f1-93c5-d44ada6e4783,ead35052-7367-4296-96d4-064f546cc2b9,1.4296,0.02762,0.4112
MXD,Allyce Jones,Patrick Kawka,efe9989b-5864-48c2-806c-06697024e1da,6876576c-b20e-47e3-99e4-d32759cc9f48,1.4295,0.04764,0.4148
MXD,Jessie Irvine,Etienne Blaszkewycz,8e2f9629-19d0-409d-81dc-b64fe2f3d3ff,d3e486f2-7c25-4bcf-b9dd-81c14f644f60,1.4291,0.02078,0.4094
MXD,Estee Widdershoven,Anderson Scarpa,bf84d952-c6a8-4494-943d-064b223e764f,fa8d5d28-d8f5-4996-8c35-0f4ca3c35bae,1.429,0.01939,0.409
MXD,Ewa Radzikowska,Christopher Haworth,1d51becb-4ea0-4878-9660-e3fd2dfaa0ea,a91e2b68-7357-4518-baf9-f59b0b4c2477,1.4289,0.02554,0.4102
MXD,Ting Chieh Wei,Connor Mogle,29e8121d-6f86-4192-b7af-ab05b77b89fe,3d9c8684-953f-4008-b355-b6104ee56a5b,1.4289,0.01675,0.4084
MXD,Kiora Kunimoto,Federico Staksrud,a95df9a8-772c-4dbf-8c28-e200b7308584,7edb882c-6d17-4129-8208-710e3c82364c,1.4289,0.01516,0.408
MXD,Kiora Kunimoto,Riley Newman,a95df9a8-772c-4dbf-8c28-e200b7308584,05b194b3-db88-4f77-a26f-5ef5cfbf6146,1.4288,0.01645,0.4082
MXD,Layne Sleeth,Martin Emmrich,55ed7e0a-ff2d-4ac2-aad6-b6772ef4f448,e9849183-4693-4340-abf5-f4b6f3cb226f,1.4285,0.019,0.4085
MXD,Katerina Stewart,Christian Alshon,3cec5850-24e2-44e3-96bc-ee87aa34581d,79a11da1-6aeb-4719-9b1e-9918e0163cec,1.4285,0.02568,0.4099
MXD,Maggie Brascia,Harsh Mehta,736475dd-7ccd-40d8-8b43-8c2d9ef9e674,c18fb17d-e0bb-415c-901b-fa2f928ab22c,1.4284,0.04194,0.4129
MXD,Eugenia Carolina Lopez Ascarate,George Wall,577d1124-44c9-435d-88e9-01a146f2d177,698c5236-e88f-411c-b44f-e54f16b2d6b5,1.4284,0.04417,0.4133
MXD,Brooke Buckner,Thomas Yu,06dc9b8a-5c01-49cf-bb4d-70d7b5f85acf,8c94d7b2-0dce-455e-916f-e35927d53547,1.4281,0.03114,0.4106
MXD,Liz Truluck,Dekel Bar,71992955-8b6f-470b-a991-796cfa56a826,89843e44-48fd-4a3f-b8c0-5f5aa6ae5741,1.4279,0.01455,0.4071
MXD,Daria Walczak,Hunter Johnson,3e6b668a-8d26-4424-9420-3ceb18486b65,8160ad59-4654-46b1-b229-8d5f2a9a45f9,1.4276,0.01962,0.4079
MXD,Kaitlyn Christian,Jack Sock,66a6c35b-33a2-4a23-b5db-fa53c96d643a,3a43c56f-b9d8-4e72-ae8a-58fd69291946,1.4275,0.0152,0.4069
MXD,Judit Castillo,Oscar Serra,ec4cdfe2-c6f6-4de1-824e-9adcaeb31196,2c2a2b82-9ec7-4046-97cb-3a199ed507af,1.4273,0.02831,0.4094
MXD,Milan Rane,Anderson Scarpa,eb14fc6e-ede1-4999-bec3-e36695e7f94e,fa8d5d28-d8f5-4996-8c35-0f4ca3c35bae,1.4272,0.01571,0.4067
MXD,Brooke Buckner,Joseph Wild,06dc9b8a-5c01-49cf-bb4d-70d7b5f85acf,a51b59c5-1a13-4472-821a-eb9866e72adf,1.4271,0.02354,0.4083
MXD,Carlota Trevino,Pablo Tellez,70c18684-f615-4d05-9aa9-5cbdbd53ab9f,52726ab1-2ac9-46c0-be90-6b0e7a2d56eb,1.427,0.01754,0.4069
MXD,Carlota Trevino,Alex Emery,70c18684-f615-4d05-9aa9-5cbdbd53ab9f,5c817399-aea7-481d-9a83-aab7431eabc1,1.4267,0.039,0.411
MXD,Carlota Trevino,Jaume Martinez Vich,70c18684-f615-4d05-9aa9-5cbdbd53ab9f,cc8832b9-9a8f-4cbc-8eff-b20e9a7ff09a,1.4266,0.01565,0.4062
MXD,Layne Sleeth,Rafa Hewett,55ed7e0a-ff2d-4ac2-aad6-b6772ef4f448,06ba18e0-687b-4aa3-822d-1c86981f576b,1.426,0.01674,0.4059
MXD,Estee Widdershoven,Thomas Yu,bf84d952-c6a8-4494-943d-064b223e764f,8c94d7b2-0dce-455e-916f-e35927d53547,1.426,0.03368,0.4095
MXD,Genie Erokhina,Dylan Frazier,461f063e-a587-4638-bad9-421ff33d91d7,1de884f8-7bf7-4b49-9de8-3f1fd74cabd6,1.426,0.01469,0.4055
MXD,Yufei Long,Dylan Frazier,20945292-032a-47f1-93c5-d44ada6e4783,1de884f8-7bf7-4b49-9de8-3f1fd74cabd6,1.4259,0.02848,0.4083
MXD,Lucy Kovalova,Harsh Mehta,504e8c08-caf6-4db8-b454-11ffa321261c,c18fb17d-e0bb-415c-901b-fa2f928ab22c,1.4259,0.0405,0.4107
MXD,Jessie Irvine,Pablo Tellez,8e2f9629-19d0-409d-81dc-b64fe2f3d3ff,52726ab1-2ac9-46c0-be90-6b0e7a2d56eb,1.4256,0.01484,0.4052
MXD,Jessie Irvine,Alex Emery,8e2f9629-19d0-409d-81dc-b64fe2f3d3ff,5c817399-aea7-481d-9a83-aab7431eabc1,1.4254,0.0363,0.4095
MXD,Meghan Dizon,Christopher Haworth,8f521dcc-1cb5-4c8d-933c-af6b267bd395,a91e2b68-7357-4518-baf9-f59b0b4c2477,1.4253,0.01721,0.4055
MXD,Jessie Irvine,Jaume Martinez Vich,8e2f9629-19d0-409d-81dc-b64fe2f3d3ff,cc8832b9-9a8f-4cbc-8eff-b20e9a7ff09a,1.4253,0.01294,0.4045
MXD,Maggie Brascia,Hien Truong,736475dd-7ccd-40d8-8b43-8c2d9ef9e674,524b89ad-b76b-40b4-a0db-736bdc7b8adb,1.4253,0.04,0.4101
MXD,Estee Widdershoven,Joseph Wild,bf84d952-c6a8-4494-943d-064b223e764f,a51b59c5-1a13-4472-821a-eb9866e72adf,1.4251,0.02608,0.4072
MXD,Judit Castillo,George Wall,ec4cdfe2-c6f6-4de1-824e-9adcaeb31196,698c5236-e88f-411c-b44f-e54f16b2d6b5,1.425,0.02847,0.4076
MXD,Carlota Trevino,Max Freeman,70c18684-f615-4d05-9aa9-5cbdbd53ab9f,b03ff4de-9b8f-46a8-a530-d8f19e9d6ec9,1.4247,0.01666,0.4049
MXD,Liz Truluck,CJ Klinger,71992955-8b6f-470b-a991-796cfa56a826,ead35052-7367-4296-96d4-064f546cc2b9,1.4246,0.01389,0.4041
MXD,Lea Jansen,Oscar Serra,7319013d-d511-4aa5-a356-4aa2cccf94f5,2c2a2b82-9ec7-4046-97cb-3a199ed507af,1.4245,0.02477,0.4064
MXD,Samantha Parker,Harsh Mehta,6794d224-7da3-43d9-8300-e24e731f5dea,c18fb17d-e0bb-415c-901b-fa2f928ab22c,1.4245,0.03513,0.4085
MXD,Eugenia Carolina Lopez Ascarate,Hunter Johnson,577d1124-44c9-435d-88e9-01a146f2d177,8160ad59-4654-46b1-b229-8d5f2a9a45f9,1.4245,0.03385,0.4082
MXD,Milan Rane,Thomas Yu,eb14fc6e-ede1-4999-bec3-e36695e7f94e,8c94d7b2-0dce-455e-916f-e35927d53547,1.4242,0.03,0.4073
MXD,Allie Reichert,Roscoe Bellamy,dcd029fb-2814-401b-a1cb-0c4269d9954b,925c1306-6b3b-4510-8482-f34168a0842a,1.424,0.02522,0.4061
MXD,Roos Van Reek,Oscar Serra,4798e757-53f5-4e52-92aa-98172c8f7862,2c2a2b82-9ec7-4046-97cb-3a199ed507af,1.4237,0.042,0.4092
MXD,Isabella Dunlap,Roscoe Bellamy,719e2d3b-d10d-402d-a195-41f072214679,925c1306-6b3b-4510-8482-f34168a0842a,1.4236,0.01485,0.4035
MXD,Cailyn Campbell,Nicolas Acevedo,9eff9049-c45c-42ee-9a49-e9a797cc2116,a000a067-1bf1-442f-a961-e6c97cb50006,1.4236,0.01587,0.4037
MXD,Jessie Irvine,Max Freeman,8e2f9629-19d0-409d-81dc-b64fe2f3d3ff,b03ff4de-9b8f-46a8-a530-d8f19e9d6ec9,1.4234,0.01396,0.4032
MXD,Milan Rane,Joseph Wild,eb14fc6e-ede1-4999-bec3-e36695e7f94e,a51b59c5-1a13-4472-821a-eb9866e72adf,1.4233,0.02241,0.4049
MXD,Lucy Kovalova,Hien Truong,504e8c08-caf6-4db8-b454-11ffa321261c,524b89ad-b76b-40b4-a0db-736bdc7b8adb,1.4228,0.03856,0.4079
MXD,Sahra Dennehy,Tristan Dussault,051f5c82-82ce-4ab8-b4f8-36976638a89b,3cab1673-2522-4dd5-ba07-2a1b88749d86,1.4227,0.02795,0.4056
MXD,Maggie Brascia,Etienne Blaszkewycz,736475dd-7ccd-40d8-8b43-8c2d9ef9e674,d3e486f2-7c25-4bcf-b9dd-81c14f644f60,1.4225,0.03115,0.4061
MXD,Marianna Petrei,Quang Duong,12890797-7355-49ca-848e-56d67e33c4de,14d61e81-14d5-4cb3-ae33-d427fbc1b4f6,1.4223,0.04971,0.4095
MXD,Lea Jansen,George Wall,7319013d-d511-4aa5-a356-4aa2cccf94f5,698c5236-e88f-411c-b44f-e54f16b2d6b5,1.4222,0.02494,0.4046
MXD,Callie Smith,Connor Garnett,0c1bb94d-3af2-42f4-b938-d712c707ace4,ff38654d-daae-4bad-a1a7-690e4e5706eb,1.4222,0.01518,0.4025
MXD,Carlota Trevino,Connor Mogle,70c18684-f615-4d05-9aa9-5cbdbd53ab9f,3d9c8684-953f-4008-b355-b6104ee56a5b,1.422,0.01869,0.403
MXD,Brooke Buckner,Harsh Mehta,06dc9b8a-5c01-49cf-bb4d-70d7b5f85acf,c18fb17d-e0bb-415c-901b-fa2f928ab22c,1.4219,0.03201,0.4058
MXD,Leigh Waters,Tristan Dussault,1bfba782-55f3-42e4-9889-9018e793c0b5,3cab1673-2522-4dd5-ba07-2a1b88749d86,1.4217,0.04049,0.4073
MXD,Kaitlyn Christian,Phuc Huynh,66a6c35b-33a2-4a23-b5db-fa53c96d643a,0763ffeb-1b1f-41c5-ab37-d17b66e50b50,1.4217,0.04494,0.4082
MXD,Samantha Parker,Hien Truong,6794d224-7da3-43d9-8300-e24e731f5dea,524b89ad-b76b-40b4-a0db-736bdc7b8adb,1.4215,0.0332,0.4057
MXD,Ting Chieh Wei,Juan Benitez,29e8121d-6f86-4192-b7af-ab05b77b89fe,f4c43443-fdff-4344-b291-274cfd26361e,1.4214,0.02064,0.403
MXD,Roos Van Reek,George Wall,4798e757-53f5-4e52-92aa-98172c8f7862,698c5236-e88f-411c-b44f-e54f16b2d6b5,1.4214,0.04216,0.4074
MXD,Allyce Jones,Tristan Dussault,efe9989b-5864-48c2-806c-06697024e1da,3cab1673-2522-4dd5-ba07-2a1b88749d86,1.421,0.02615,0.4038
MXD,Judit Castillo,Hunter Johnson,ec4cdfe2-c6f6-4de1-824e-9adcaeb31196,8160ad59-4654-46b1-b229-8d5f2a9a45f9,1.421,0.01816,0.4021
MXD,Liz Truluck,Dylan Frazier,71992955-8b6f-470b-a991-796cfa56a826,1de884f8-7bf7-4b49-9de8-3f1fd74cabd6,1.4208,0.01476,0.4011
MXD,Jessie Irvine,Connor Mogle,8e2f9629-19d0-409d-81dc-b64fe2f3d3ff,3d9c8684-953f-4008-b355-b6104ee56a5b,1.4207,0.01599,0.4013
MXD,Daria Walczak,Roscoe Bellamy,3e6b668a-8d26-4424-9420-3ceb18486b65,925c1306-6b3b-4510-8482-f34168a0842a,1.4202,0.01889,0.4016
MXD,Allie Reichert,Anderson Scarpa,dcd029fb-2814-401b-a1cb-0c4269d9954b,fa8d5d28-d8f5-4996-8c35-0f4ca3c35bae,1.4202,0.02712,0.4034
MXD,Lucy Kovalova,Etienne Blaszkewycz,504e8c08-caf6-4db8-b454-11ffa321261c,d3e486f2-7c25-4bcf-b9dd-81c14f644f60,1.42,0.0297,0.4038
MXD,Estee Widdershoven,Harsh Mehta,bf84d952-c6a8-4494-943d-064b223e764f,c18fb17d-e0bb-415c-901b-fa2f928ab22c,1.4199,0.03455,0.4047
MXD,Isabella Dunlap,Anderson Scarpa,719e2d3b-d10d-402d-a195-41f072214679,fa8d5d28-d8f5-4996-8c35-0f4ca3c35bae,1.4198,0.01675,0.4008
MXD,Callie Smith,Jack Munro,0c1bb94d-3af2-42f4-b938-d712c707ace4,f90428f0-e4a3-4a08-a664-518ba7f188d2,1.4198,0.04968,0.4076
MXD,Cailyn Campbell,Jack Sock,9eff9049-c45c-42ee-9a49-e9a797cc2116,3a43c56f-b9d8-4e72-ae8a-58fd69291946,1.4192,0.01568,0.4001
MXD,Jillian Braverman,Tyson McGuffin,98c2531f-f5ce-48b5-b251-eb69425d409c,dbcb41e9-e983-410b-bc23-d184d034cfc0,1.4191,0.05717,0.4084
MXD,Maggie Brascia,Pablo Tellez,736475dd-7ccd-40d8-8b43-8c2d9ef9e674,52726ab1-2ac9-46c0-be90-6b0e7a2d56eb,1.419,0.02521,0.402
MXD,Shelby Bates,Oscar Serra,ded801fd-297a-4761-b63e-d8fbbfeb5762,2c2a2b82-9ec7-4046-97cb-3a199ed507af,1.419,0.04713,0.4065
MXD,Zoey Weil,Oscar Serra,1d701c30-6b5d-485f-ae97-60f3b0c50896,2c2a2b82-9ec7-4046-97cb-3a199ed507af,1.4189,0.02613,0.4021
MXD,Brooke Buckner,Hien Truong,06dc9b8a-5c01-49cf-bb4d-70d7b5f85acf,524b89ad-b76b-40b4-a0db-736bdc7b8adb,1.4188,0.03007,0.4029
MXD,Maggie Brascia,Alex Emery,736475dd-7ccd-40d8-8b43-8c2d9ef9e674,5c817399-aea7-481d-9a83-aab7431eabc1,1.4188,0.04667,0.4062
MXD,Maggie Brascia,Jaume Martinez Vich,736475dd-7ccd-40d8-8b43-8c2d9ef9e674,cc8832b9-9a8f-4cbc-8eff-b20e9a7ff09a,1.4187,0.02331,0.4013
MXD,Samantha Parker,Etienne Blaszkewycz,6794d224-7da3-43d9-8300-e24e731f5dea,d3e486f2-7c25-4bcf-b9dd-81c14f644f60,1.4186,0.02434,0.4015
MXD,Marianna Petrei,Noe Khlif,12890797-7355-49ca-848e-56d67e33c4de,1bb8b2c1-ca6f-45ac-afdd-fab7e77d69d4,1.4185,0.03028,0.4027
MXD,Etta Tuionetoa,Mohaned Alhouni,676b1cbc-766c-4616-bf39-1787ffd8c72a,1bab49f1-6891-4d3e-8f77-42aa4fc1d18e,1.4184,0.0171,0.3997
MXD,Lea Jansen,Hunter Johnson,7319013d-d511-4aa5-a356-4aa2cccf94f5,8160ad59-4654-46b1-b229-8d5f2a9a45f9,1.4183,0.01462,0.3991
MXD,Milan Rane,Harsh Mehta,eb14fc6e-ede1-4999-bec3-e36695e7f94e,c18fb17d-e0bb-415c-901b-fa2f928ab22c,1.4181,0.03087,0.4025
MXD,Yana Newell,Tama Shimabukuro,655e0349-7e66-4233-b999-b6cca2298f9b,4af4d4d1-9f87-4dc7-95f2-b10751d44c15,1.4179,0.02876,0.4018
MXD,Yana Newell,Patrick Kawka,655e0349-7e66-4233-b999-b6cca2298f9b,6876576c-b20e-47e3-99e4-d32759cc9f48,1.4175,0.06295,0.4082
MXD,Roos Van Reek,Hunter Johnson,4798e757-53f5-4e52-92aa-98172c8f7862,8160ad59-4654-46b1-b229-8d5f2a9a45f9,1.4175,0.03185,0.4022
MXD,Kaitlyn Christian,Robert Slutsky,66a6c35b-33a2-4a23-b5db-fa53c96d643a,f6fa549d-8a9c-46fd-aeb8-af8a3f0f7a59,1.4175,0.02552,0.4008
MXD,Alix Truong,Tyson McGuffin,646f7432-e6ad-4ccf-95ee-a0e5d9514d28,dbcb41e9-e983-410b-bc23-d184d034cfc0,1.4173,0.01432,0.3981
MXD,Allie Reichert,Thomas Yu,dcd029fb-2814-401b-a1cb-0c4269d9954b,8c94d7b2-0dce-455e-916f-e35927d53547,1.4173,0.04141,0.404
MXD,Daria Walczak,Anderson Scarpa,3e6b668a-8d26-4424-9420-3ceb18486b65,fa8d5d28-d8f5-4996-8c35-0f4ca3c35bae,1.4172,0.02079,0.3996
MXD,Eugenia Carolina Lopez Ascarate,Roscoe Bellamy,577d1124-44c9-435d-88e9-01a146f2d177,925c1306-6b3b-4510-8482-f34168a0842a,1.4171,0.03312,0.4022
MXD,Vivian Glozman,Oliver Frank,ff789b9c-80c4-442c-b97e-2e2311298cfb,e21cb6e0-aabb-43b2-a112-c0a0a59081bf,1.417,0.0532,0.406
MXD,Isabella Dunlap,Thomas Yu,719e2d3b-d10d-402d-a195-41f072214679,8c94d7b2-0dce-455e-916f-e35927d53547,1.4169,0.03104,0.4015
MXD,Maggie Brascia,Max Freeman,736475dd-7ccd-40d8-8b43-8c2d9ef9e674,b03ff4de-9b8f-46a8-a530-d8f19e9d6ec9,1.4168,0.02433,0.4
MXD,Estee Widdershoven,Hien Truong,bf84d952-c6a8-4494-943d-064b223e764f,524b89ad-b76b-40b4-a0db-736bdc7b8adb,1.4168,0.03261,0.4018
MXD,Genie Erokhina,Augustus Ge,461f063e-a587-4638-bad9-421ff33d91d7,ba491f1c-0112-47a8-a348-4695289e958a,1.4168,0.01297,0.3974
MXD,Mari Humberg,Matthew Barlow,b1ab7d76-a859-4136-8405-3ed7c9be287a,3270dc72-53b7-4d35-aa4c-7f8b7b6bf905,1.4167,0.0248,0.4001
MXD,Yufei Long,Augustus Ge,20945292-032a-47f1-93c5-d44ada6e4783,ba491f1c-0112-47a8-a348-4695289e958a,1.4167,0.02677,0.4005
MXD,Shelby Bates,George Wall,ded801fd-297a-4761-b63e-d8fbbfeb5762,698c5236-e88f-411c-b44f-e54f16b2d6b5,1.4167,0.04729,0.4047
MXD,Lucy Kovalova,Pablo Tellez,504e8c08-caf6-4db8-b454-11ffa321261c,52726ab1-2ac9-46c0-be90-6b0e7a2d56eb,1.4166,0.02377,0.3997
MXD,Zoey Weil,George Wall,1d701c30-6b5d-485f-ae97-60f3b0c50896,698c5236-e88f-411c-b44f-e54f16b2d6b5,1.4166,0.02629,0.4003
MXD,Lucy Kovalova,Alex Emery,504e8c08-caf6-4db8-b454-11ffa321261c,5c817399-aea7-481d-9a83-aab7431eabc1,1.4163,0.04523,0.404
MXD,Allie Reichert,Joseph Wild,dcd029fb-2814-401b-a1cb-0c4269d9954b,a51b59c5-1a13-4472-821a-eb9866e72adf,1.4163,0.03382,0.4017
MXD,Lucy Kovalova,Jaume Martinez Vich,504e8c08-caf6-4db8-b454-11ffa321261c,cc8832b9-9a8f-4cbc-8eff-b20e9a7ff09a,1.4162,0.02187,0.399
MXD,Seone Mendez,Christian Alshon,0d14405e-2e45-4dcb-8fb7-73558c261b4f,79a11da1-6aeb-4719-9b1e-9918e0163cec,1.4161,0.0426,0.4033
MXD,Brooke Buckner,Etienne Blaszkewycz,06dc9b8a-5c01-49cf-bb4d-70d7b5f85acf,d3e486f2-7c25-4bcf-b9dd-81c14f644f60,1.416,0.02121,0.3987
MXD,Isabella Dunlap,Joseph Wild,719e2d3b-d10d-402d-a195-41f072214679,a51b59c5-1a13-4472-821a-eb9866e72adf,1.4159,0.02344,0.3991
MXD,Chao Yi Wang,Mohaned Alhouni,20684550-cb89-4ea2-9e2f-0f44eb920b45,1bab49f1-6891-4d3e-8f77-42aa4fc1d18e,1.4158,0.01704,0.3976
MXD,Samantha Parker,Pablo Tellez,6794d224-7da3-43d9-8300-e24e731f5dea,52726ab1-2ac9-46c0-be90-6b0e7a2d56eb,1.4152,0.01841,0.3973
MXD,Samantha Parker,Alex Emery,6794d224-7da3-43d9-8300-e24e731f5dea,5c817399-aea7-481d-9a83-aab7431eabc1,1.415,0.03986,0.4018
MXD,Milan Rane,Hien Truong,eb14fc6e-ede1-4999-bec3-e36695e7f94e,524b89ad-b76b-40b4-a0db-736bdc7b8adb,1.415,0.02894,0.3996
MXD,Samantha Parker,Jaume Martinez Vich,6794d224-7da3-43d9-8300-e24e731f5dea,cc8832b9-9a8f-4cbc-8eff-b20e9a7ff09a,1.4148,0.01651,0.3966
MXD,Eugenia Carolina Lopez Ascarate,Anderson Scarpa,577d1124-44c9-435d-88e9-01a146f2d177,fa8d5d28-d8f5-4996-8c35-0f4ca3c35bae,1.4145,0.03502,0.4005
MXD,Carlota Trevino,Juan Benitez,70c18684-f615-4d05-9aa9-5cbdbd53ab9f,f4c43443-fdff-4344-b291-274cfd26361e,1.4144,0.02257,0.3977
MXD,Daria Walczak,Thomas Yu,3e6b668a-8d26-4424-9420-3ceb18486b65,8c94d7b2-0dce-455e-916f-e35927d53547,1.4143,0.03508,0.4003
MXD,Lucy Kovalova,Max Freeman,504e8c08-caf6-4db8-b454-11ffa321261c,b03ff4de-9b8f-46a8-a530-d8f19e9d6ec9,1.4143,0.02289,0.3977
MXD,Maggie Brascia,Connor Mogle,736475dd-7ccd-40d8-8b43-8c2d9ef9e674,3d9c8684-953f-4008-b355-b6104ee56a5b,1.4141,0.02636,0.3983
MXD,Estee Widdershoven,Etienne Blaszkewycz,bf84d952-c6a8-4494-943d-064b223e764f,d3e486f2-7c25-4bcf-b9dd-81c14f644f60,1.414,0.02375,0.3976
MXD,Judit Castillo,Roscoe Bellamy,ec4cdfe2-c6f6-4de1-824e-9adcaeb31196,925c1306-6b3b-4510-8482-f34168a0842a,1.4137,0.01743,0.3959
MXD,Cailyn Campbell,Phuc Huynh,9eff9049-c45c-42ee-9a49-e9a797cc2116,0763ffeb-1b1f-41c5-ab37-d17b66e50b50,1.4134,0.04542,0.4018
MXD,Daria Walczak,Joseph Wild,3e6b668a-8d26-4424-9420-3ceb18486b65,a51b59c5-1a13-4472-821a-eb9866e72adf,1.4133,0.02748,0.3979
MXD,Jessie Irvine,Juan Benitez,8e2f9629-19d0-409d-81dc-b64fe2f3d3ff,f4c43443-fdff-4344-b291-274cfd26361e,1.4131,0.01987,0.396
MXD,Samantha Parker,Max Freeman,6794d224-7da3-43d9-8300-e24e731f5dea,b03ff4de-9b8f-46a8-a530-d8f19e9d6ec9,1.4129,0.01752,0.3953
MXD,Shelby Bates,Hunter Johnson,ded801fd-297a-4761-b63e-d8fbbfeb5762,8160ad59-4654-46b1-b229-8d5f2a9a45f9,1.4128,0.03698,0.3995
MXD,Brooke Buckner,Pablo Tellez,06dc9b8a-5c01-49cf-bb4d-70d7b5f85acf,52726ab1-2ac9-46c0-be90-6b0e7a2d56eb,1.4126,0.01528,0.3944
MXD,Zoey Weil,Hunter Johnson,1d701c30-6b5d-485f-ae97-60f3b0c50896,8160ad59-4654-46b1-b229-8d5f2a9a45f9,1.4126,0.01597,0.3946
MXD,Brooke Buckner,Alex Emery,06dc9b8a-5c01-49cf-bb4d-70d7b5f85acf,5c817399-aea7-481d-9a83-aab7431eabc1,1.4123,0.03674,0.3991
MXD,Brooke Buckner,Jaume Martinez Vich,06dc9b8a-5c01-49cf-bb4d-70d7b5f85acf,cc8832b9-9a8f-4cbc-8eff-b20e9a7ff09a,1.4122,0.01338,0.3937
MXD,Milan Rane,Etienne Blaszkewycz,eb14fc6e-ede1-4999-bec3-e36695e7f94e,d3e486f2-7c25-4bcf-b9dd-81c14f644f60,1.4122,0.02008,0.3953
MXD,Layne Sleeth,Tyson McGuffin,55ed7e0a-ff2d-4ac2-aad6-b6772ef4f448,dbcb41e9-e983-410b-bc23-d184d034cfc0,1.4121,0.0158,0.3942
MXD,Eugenia Carolina Lopez Ascarate,Thomas Yu,577d1124-44c9-435d-88e9-01a146f2d177,8c94d7b2-0dce-455e-916f-e35927d53547,1.4121,0.04931,0.4016
MXD,Lucy Kovalova,Connor Mogle,504e8c08-caf6-4db8-b454-11ffa321261c,3d9c8684-953f-4008-b355-b6104ee56a5b,1.4116,0.02491,0.396
MXD,Liz Truluck,Augustus Ge,71992955-8b6f-470b-a991-796cfa56a826,ba491f1c-0112-47a8-a348-4695289e958a,1.4116,0.01304,0.3931
MXD,Callie Smith,Quang Duong,0c1bb94d-3af2-42f4-b938-d712c707ace4,14d61e81-14d5-4cb3-ae33-d427fbc1b4f6,1.4115,0.03363,0.3978
MXD,Eugenia Carolina Lopez Ascarate,Joseph Wild,577d1124-44c9-435d-88e9-01a146f2d177,a51b59c5-1a13-4472-821a-eb9866e72adf,1.4112,0.04172,0.3993
MXD,Judit Castillo,Anderson Scarpa,ec4cdfe2-c6f6-4de1-824e-9adcaeb31196,fa8d5d28-d8f5-4996-8c35-0f4ca3c35bae,1.4111,0.01933,0.3942
MXD,Allie Reichert,Harsh Mehta,dcd029fb-2814-401b-a1cb-0c4269d9954b,c18fb17d-e0bb-415c-901b-fa2f928ab22c,1.4111,0.04228,0.3993
MXD,Jorja Johnson,Zane Ford,b51ea0fb-c243-4427-85f8-b798febb51ff,0c5b84bb-4c04-4906-86bc-deb533ff4eec,1.411,0.02008,0.3943
MXD,Lea Jansen,Roscoe Bellamy,7319013d-d511-4aa5-a356-4aa2cccf94f5,925c1306-6b3b-4510-8482-f34168a0842a,1.411,0.01389,0.3927
MXD,Marianna Petrei,Will Howells,12890797-7355-49ca-848e-56d67e33c4de,d0f19d1e-2a6e-4eb3-b10c-1311edd599a8,1.4108,0.03159,0.3968
MXD,Isabella Dunlap,Harsh Mehta,719e2d3b-d10d-402d-a195-41f072214679,c18fb17d-e0bb-415c-901b-fa2f928ab22c,1.4107,0.03191,0.3968
MXD,Estee Widdershoven,Pablo Tellez,bf84d952-c6a8-4494-943d-064b223e764f,52726ab1-2ac9-46c0-be90-6b0e7a2d56eb,1.4105,0.01782,0.3933
MXD,Marianna Petrei,Bruno Faletto,12890797-7355-49ca-848e-56d67e33c4de,34049405-b415-4f3a-aade-5be0111ac7db,1.4105,0.03958,0.3982
MXD,Marianna Petrei,Vanshik Kapadia,12890797-7355-49ca-848e-56d67e33c4de,6866df42-48ad-423c-9e57-d7d4d6fb66ef,1.4105,0.05944,0.4022
MXD,Ewa Radzikowska,Mohaned Alhouni,1d51becb-4ea0-4878-9660-e3fd2dfaa0ea,1bab49f1-6891-4d3e-8f77-42aa4fc1d18e,1.4104,0.02517,0.3951
MXD,Brooke Buckner,Max Freeman,06dc9b8a-5c01-49cf-bb4d-70d7b5f85acf,b03ff4de-9b8f-46a8-a530-d8f19e9d6ec9,1.4103,0.0144,0.3923
MXD,Estee Widdershoven,Alex Emery,bf84d952-c6a8-4494-943d-064b223e764f,5c817399-aea7-481d-9a83-aab7431eabc1,1.4103,0.03928,0.3981
MXD,Samantha Parker,Connor Mogle,6794d224-7da3-43d9-8300-e24e731f5dea,3d9c8684-953f-4008-b355-b6104ee56a5b,1.4102,0.01955,0.3935
MXD,Estee Widdershoven,Jaume Martinez Vich,bf84d952-c6a8-4494-943d-064b223e764f,cc8832b9-9a8f-4cbc-8eff-b20e9a7ff09a,1.4102,0.01592,0.3926
MXD,Roos Van Reek,Roscoe Bellamy,4798e757-53f5-4e52-92aa-98172c8f7862,925c1306-6b3b-4510-8482-f34168a0842a,1.4101,0.03112,0.3962
MXD,Sahra Dennehy,Christopher Haworth,051f5c82-82ce-4ab8-b4f8-36976638a89b,a91e2b68-7357-4518-baf9-f59b0b4c2477,1.4099,0.01839,0.393
MXD,Vivian Glozman,Grayson Goldin,ff789b9c-80c4-442c-b97e-2e2311298cfb,43df1205-e834-4427-9f1a-4e173bf93296,1.4093,0.03897,0.3972
MXD,Ting Chieh Wei,John Lucian Goins,29e8121d-6f86-4192-b7af-ab05b77b89fe,e96d9339-cfb6-473d-bcb3-23f2887a3e0f,1.4093,0.01761,0.3923
MXD,Cailyn Campbell,Robert Slutsky,9eff9049-c45c-42ee-9a49-e9a797cc2116,f6fa549d-8a9c-46fd-aeb8-af8a3f0f7a59,1.4092,0.026,0.3942
MXD,Yana Newell,Tristan Dussault,655e0349-7e66-4233-b999-b6cca2298f9b,3cab1673-2522-4dd5-ba07-2a1b88749d86,1.409,0.04145,0.3975
MXD,Judit Castillo,Thomas Yu,ec4cdfe2-c6f6-4de1-824e-9adcaeb31196,8c94d7b2-0dce-455e-916f-e35927d53547,1.409,0.03362,0.3958
MXD,Leigh Waters,Christopher Haworth,1bfba782-55f3-42e4-9889-9018e793c0b5,a91e2b68-7357-4518-baf9-f59b0b4c2477,1.4089,0.03093,0.3951
MXD,Milan Rane,Pablo Tellez,eb14fc6e-ede1-4999-bec3-e36695e7f94e,52726ab1-2ac9-46c0-be90-6b0e7a2d56eb,1.4087,0.01415,0.3909
MXD,Milan Rane,Alex Emery,eb14fc6e-ede1-4999-bec3-e36695e7f94e,5c817399-aea7-481d-9a83-aab7431eabc1,1.4085,0.0356,0.3958
MXD,Lea Jansen,Anderson Scarpa,7319013d-d511-4aa5-a356-4aa2cccf94f5,fa8d5d28-d8f5-4996-8c35-0f4ca3c35bae,1.4084,0.01579,0.391
MXD,Judit Castillo,Joseph Wild,ec4cdfe2-c6f6-4de1-824e-9adcaeb31196,a51b59c5-1a13-4472-821a-eb9866e72adf,1.4084,0.02602,0.3936
MXD,Milan Rane,Jaume Martinez Vich,eb14fc6e-ede1-4999-bec3-e36695e7f94e,cc8832b9-9a8f-4cbc-8eff-b20e9a7ff09a,1.4084,0.01225,0.3901
MXD,Estee Widdershoven,Max Freeman,bf84d952-c6a8-4494-943d-064b223e764f,b03ff4de-9b8f-46a8-a530-d8f19e9d6ec9,1.4083,0.01694,0.3913
MXD,Allyce Jones,Christopher Haworth,efe9989b-5864-48c2-806c-06697024e1da,a91e2b68-7357-4518-baf9-f59b0b4c2477,1.4082,0.01659,0.3911
MXD,Daria Walczak,Harsh Mehta,3e6b668a-8d26-4424-9420-3ceb18486b65,c18fb17d-e0bb-415c-901b-fa2f928ab22c,1.4081,0.03595,0.3956
MXD,Allie Reichert,Hien Truong,dcd029fb-2814-401b-a1cb-0c4269d9954b,524b89ad-b76b-40b4-a0db-736bdc7b8adb,1.4081,0.04035,0.3965
MXD,Callie Smith,Noe Khlif,0c1bb94d-3af2-42f4-b938-d712c707ace4,1bb8b2c1-ca6f-45ac-afdd-fab7e77d69d4,1.4077,0.01421,0.3901
MXD,Brooke Buckner,Connor Mogle,06dc9b8a-5c01-49cf-bb4d-70d7b5f85acf,3d9c8684-953f-4008-b355-b6104ee56a5b,1.4076,0.01642,0.3906
MXD,Isabella Dunlap,Hien Truong,719e2d3b-d10d-402d-a195-41f072214679,524b89ad-b76b-40b4-a0db-736bdc7b8adb,1.4076,0.02997,0.3939
MXD,Roos Van Reek,Anderson Scarpa,4798e757-53f5-4e52-92aa-98172c8f7862,fa8d5d28-d8f5-4996-8c35-0f4ca3c35bae,1.4075,0.03302,0.3945
MXD,Ting Chieh Wei,Luca Mack,29e8121d-6f86-4192-b7af-ab05b77b89fe,2aa8ced3-d599-4c83-86dd-ecc80196833b,1.407,0.02342,0.3918
MXD,Meghan Dizon,Mohaned Alhouni,8f521dcc-1cb5-4c8d-933c-af6b267bd395,1bab49f1-6891-4d3e-8f77-42aa4fc1d18e,1.4069,0.01684,0.39
MXD,Milan Rane,Max Freeman,eb14fc6e-ede1-4999-bec3-e36695e7f94e,b03ff4de-9b8f-46a8-a530-d8f19e9d6ec9,1.4065,0.01326,0.3888
MXD,Maggie Brascia,Juan Benitez,736475dd-7ccd-40d8-8b43-8c2d9ef9e674,f4c43443-fdff-4344-b291-274cfd26361e,1.4065,0.03024,0.393
MXD,Lea Jansen,Thomas Yu,7319013d-d511-4aa5-a356-4aa2cccf94f5,8c94d7b2-0dce-455e-916f-e35927d53547,1.4063,0.03008,0.3928
MXD,Eugenia Carolina Lopez Ascarate,Harsh Mehta,577d1124-44c9-435d-88e9-01a146f2d177,c18fb17d-e0bb-415c-901b-fa2f928ab22c,1.406,0.05019,0.3969
MXD,Lea Jansen,Joseph Wild,7319013d-d511-4aa5-a356-4aa2cccf94f5,a51b59c5-1a13-4472-821a-eb9866e72adf,1.4057,0.02248,0.3905
MXD,Estee Widdershoven,Connor Mogle,bf84d952-c6a8-4494-943d-064b223e764f,3d9c8684-953f-4008-b355-b6104ee56a5b,1.4056,0.01896,0.3895
MXD,Roos Van Reek,Thomas Yu,4798e757-53f5-4e52-92aa-98172c8f7862,8c94d7b2-0dce-455e-916f-e35927d53547,1.4055,0.04731,0.3959
MXD,Genie Erokhina,Oscar Serra,461f063e-a587-4638-bad9-421ff33d91d7,2c2a2b82-9ec7-4046-97cb-3a199ed507af,1.4055,0.02573,0.3911
MXD,Yufei Long,Oscar Serra,20945292-032a-47f1-93c5-d44ada6e4783,2c2a2b82-9ec7-4046-97cb-3a199ed507af,1.4054,0.03952,0.3942
MXD,Shelby Bates,Roscoe Bellamy,ded801fd-297a-4761-b63e-d8fbbfeb5762,925c1306-6b3b-4510-8482-f34168a0842a,1.4054,0.03625,0.3935
MXD,Zoey Weil,Roscoe Bellamy,1d701c30-6b5d-485f-ae97-60f3b0c50896,925c1306-6b3b-4510-8482-f34168a0842a,1.4053,0.01524,0.3884
MXD,Kaitlyn Christian,Connor Garnett,66a6c35b-33a2-4a23-b5db-fa53c96d643a,ff38654d-daae-4bad-a1a7-690e4e5706eb,1.4052,0.01347,0.3878
MXD,Allie Reichert,Etienne Blaszkewycz,dcd029fb-2814-401b-a1cb-0c4269d9954b,d3e486f2-7c25-4bcf-b9dd-81c14f644f60,1.4052,0.03149,0.3923
MXD,Jillian Braverman,Tama Shimabukuro,98c2531f-f5ce-48b5-b251-eb69425d409c,4af4d4d1-9f87-4dc7-95f2-b10751d44c15,1.4051,0.05616,0.3975
MXD,Daria Walczak,Hien Truong,3e6b668a-8d26-4424-9420-3ceb18486b65,524b89ad-b76b-40b4-a0db-736bdc7b8adb,1.405,0.03401,0.3927
MXD,Mary Brascia,Thomas Wilson,1dd5c313-10f5-4e0a-bb9b-699913a5abe8,12d79cbe-b5c7-4504-ab8f-f352a6bb8629,1.405,0.06364,0.3988
MXD,Jillian Braverman,Patrick Kawka,98c2531f-f5ce-48b5-b251-eb69425d409c,6876576c-b20e-47e3-99e4-d32759cc9f48,1.4048,0.09035,0.4034
MXD,Roos Van Reek,Joseph Wild,4798e757-53f5-4e52-92aa-98172c8f7862,a51b59c5-1a13-4472-821a-eb9866e72adf,1.4048,0.03971,0.3938
MXD,Isabella Dunlap,Etienne Blaszkewycz,719e2d3b-d10d-402d-a195-41f072214679,d3e486f2-7c25-4bcf-b9dd-81c14f644f60,1.4048,0.02111,0.3895
MXD,Lucy Kovalova,Juan Benitez,504e8c08-caf6-4db8-b454-11ffa321261c,f4c43443-fdff-4344-b291-274cfd26361e,1.404,0.0288,0.3907
MXD,Milan Rane,Connor Mogle,eb14fc6e-ede1-4999-bec3-e36695e7f94e,3d9c8684-953f-4008-b355-b6104ee56a5b,1.4038,0.01529,0.3871
MXD,Judit Castillo,Harsh Mehta,ec4cdfe2-c6f6-4de1-824e-9adcaeb31196,c18fb17d-e0bb-415c-901b-fa2f928ab22c,1.4036,0.03449,0.3917
MXD,Alix Truong,Tama Shimabukuro,646f7432-e6ad-4ccf-95ee-a0e5d9514d28,4af4d4d1-9f87-4dc7-95f2-b10751d44c15,1.4033,0.01331,0.3862
MXD,Genie Erokhina,George Wall,461f063e-a587-4638-bad9-421ff33d91d7,698c5236-e88f-411c-b44f-e54f16b2d6b5,1.4032,0.02589,0.3893
MXD,Yufei Long,George Wall,20945292-032a-47f1-93c5-d44ada6e4783,698c5236-e88f-411c-b44f-e54f16b2d6b5,1.4031,0.03969,0.3925
MXD,Alix Truong,Patrick Kawka,646f7432-e6ad-4ccf-95ee-a0e5d9514d28,6876576c-b20e-47e3-99e4-d32759cc9f48,1.403,0.0475,0.3941
MXD,Christine Maddox,Thomas Wilson,3ad652aa-3fdd-4e53-8f34-dfdedc3c1901,12d79cbe-b5c7-4504-ab8f-f352a6bb8629,1.403,0.08905,0.4019
MXD,Eugenia Carolina Lopez Ascarate,Hien Truong,577d1124-44c9-435d-88e9-01a146f2d177,524b89ad-b76b-40b4-a0db-736bdc7b8adb,1.4029,0.04825,0.3942
MXD,Kaitlyn Christian,Jack Munro,66a6c35b-33a2-4a23-b5db-fa53c96d643a,f90428f0-e4a3-4a08-a664-518ba7f188d2,1.4028,0.04797,0.394
MXD,Shelby Bates,Anderson Scarpa,ded801fd-297a-4761-b63e-d8fbbfeb5762,fa8d5d28-d8f5-4996-8c35-0f4ca3c35bae,1.4028,0.03815,0.3919
MXD,Zoey Weil,Anderson Scarpa,1d701c30-6b5d-485f-ae97-60f3b0c50896,fa8d5d28-d8f5-4996-8c35-0f4ca3c35bae,1.4027,0.01714,0.3867
MXD,Samantha Parker,Juan Benitez,6794d224-7da3-43d9-8300-e24e731f5dea,f4c43443-fdff-4344-b291-274cfd26361e,1.4026,0.02344,0.3883
MXD,Carlota Trevino,John Lucian Goins,70c18684-f615-4d05-9aa9-5cbdbd53ab9f,e96d9339-cfb6-473d-bcb3-23f2887a3e0f,1.4023,0.01954,0.3871
MXD,Daria Walczak,Etienne Blaszkewycz,3e6b668a-8d26-4424-9420-3ceb18486b65,d3e486f2-7c25-4bcf-b9dd-81c14f644f60,1.4022,0.02515,0.3883
MXD,Allie Reichert,Pablo Tellez,dcd029fb-2814-401b-a1cb-0c4269d9954b,52726ab1-2ac9-46c0-be90-6b0e7a2d56eb,1.4018,0.02556,0.3881
MXD,Lea Jansen,Harsh Mehta,7319013d-d511-4aa5-a356-4aa2cccf94f5,c18fb17d-e0bb-415c-901b-fa2f928ab22c,1.4017,0.03095,0.3894
MXD,Allie Reichert,Alex Emery,dcd029fb-2814-401b-a1cb-0c4269d9954b,5c817399-aea7-481d-9a83-aab7431eabc1,1.4016,0.04701,0.3929
MXD,Isabella Dunlap,Pablo Tellez,719e2d3b-d10d-402d-a195-41f072214679,52726ab1-2ac9-46c0-be90-6b0e7a2d56eb,1.4014,0.01518,0.3851
MXD,Allie Reichert,Jaume Martinez Vich,dcd029fb-2814-401b-a1cb-0c4269d9954b,cc8832b9-9a8f-4cbc-8eff-b20e9a7ff09a,1.4014,0.02366,0.3874
MXD,Ting Chieh Wei,Donald Young,29e8121d-6f86-4192-b7af-ab05b77b89fe,aec5d8be-9ce0-4cc5-98a4-140fad555fe0,1.4013,0.01914,0.3861
MXD,Roos Van Reek,Harsh Mehta,4798e757-53f5-4e52-92aa-98172c8f7862,c18fb17d-e0bb-415c-901b-fa2f928ab22c,1.4012,0.04818,0.3928
MXD,Isabella Dunlap,Alex Emery,719e2d3b-d10d-402d-a195-41f072214679,5c817399-aea7-481d-9a83-aab7431eabc1,1.4011,0.03664,0.3902
MXD,Jessie Irvine,John Lucian Goins,8e2f9629-19d0-409d-81dc-b64fe2f3d3ff,e96d9339-cfb6-473d-bcb3-23f2887a3e0f,1.401,0.01684,0.3853
MXD,Isabella Dunlap,Jaume Martinez Vich,719e2d3b-d10d-402d-a195-41f072214679,cc8832b9-9a8f-4cbc-8eff-b20e9a7ff09a,1.401,0.01328,0.3843
MXD,Shelby Bates,Thomas Yu,ded801fd-297a-4761-b63e-d8fbbfeb5762,8c94d7b2-0dce-455e-916f-e35927d53547,1.4008,0.05244,0.3934
MXD,Zoey Weil,Thomas Yu,1d701c30-6b5d-485f-ae97-60f3b0c50896,8c94d7b2-0dce-455e-916f-e35927d53547,1.4006,0.03143,0.3886
MXD,Judit Castillo,Hien Truong,ec4cdfe2-c6f6-4de1-824e-9adcaeb31196,524b89ad-b76b-40b4-a0db-736bdc7b8adb,1.4005,0.03255,0.3888
MXD,Liz Truluck,Oscar Serra,71992955-8b6f-470b-a991-796cfa56a826,2c2a2b82-9ec7-4046-97cb-3a199ed507af,1.4003,0.0258,0.387
MXD,Carlota Trevino,Luca Mack,70c18684-f615-4d05-9aa9-5cbdbd53ab9f,2aa8ced3-d599-4c83-86dd-ecc80196833b,1.4001,0.02535,0.3867
MXD,Shelby Bates,Joseph Wild,ded801fd-297a-4761-b63e-d8fbbfeb5762,a51b59c5-1a13-4472-821a-eb9866e72adf,1.4001,0.04484,0.3913
MXD,Eugenia Carolina Lopez Ascarate,Etienne Blaszkewycz,577d1124-44c9-435d-88e9-01a146f2d177,d3e486f2-7c25-4bcf-b9dd-81c14f644f60,1.4001,0.03939,0.39
MXD,Brooke Buckner,Juan Benitez,06dc9b8a-5c01-49cf-bb4d-70d7b5f85acf,f4c43443-fdff-4344-b291-274cfd26361e,1.4,0.02031,0.3854
MXD,Zoey Weil,Joseph Wild,1d701c30-6b5d-485f-ae97-60f3b0c50896,a51b59c5-1a13-4472-821a-eb9866e72adf,1.4,0.02384,0.3862
MXD,Callie Smith,Will Howells,0c1bb94d-3af2-42f4-b938-d712c707ace4,d0f19d1e-2a6e-4eb3-b10c-1311edd599a8,1.4,0.01551,0.3841
MXD,Callie Smith,Bruno Faletto,0c1bb94d-3af2-42f4-b938-d712c707ace4,34049405-b415-4f3a-aade-5be0111ac7db,1.3997,0.02351,0.3859
MXD,Callie Smith,Vanshik Kapadia,0c1bb94d-3af2-42f4-b938-d712c707ace4,6866df42-48ad-423c-9e57-d7d4d6fb66ef,1.3997,0.04336,0.3906
MXD,Allie Reichert,Max Freeman,dcd029fb-2814-401b-a1cb-0c4269d9954b,b03ff4de-9b8f-46a8-a530-d8f19e9d6ec9,1.3995,0.02468,0.3861
MXD,Genie Erokhina,Hunter Johnson,461f063e-a587-4638-bad9-421ff33d91d7,8160ad59-4654-46b1-b229-8d5f2a9a45f9,1.3993,0.01558,0.3835
MXD,Yufei Long,Hunter Johnson,20945292-032a-47f1-93c5-d44ada6e4783,8160ad59-4654-46b1-b229-8d5f2a9a45f9,1.3992,0.02937,0.3869
MXD,Ting Chieh Wei,Martin Emmrich,29e8121d-6f86-4192-b7af-ab05b77b89fe,e9849183-4693-4340-abf5-f4b6f3cb226f,1.3991,0.01743,0.3839
MXD,Isabella Dunlap,Max Freeman,719e2d3b-d10d-402d-a195-41f072214679,b03ff4de-9b8f-46a8-a530-d8f19e9d6ec9,1.3991,0.0143,0.383
MXD,Marianna Petrei,Yuta Funemizu,12890797-7355-49ca-848e-56d67e33c4de,ce4f0e14-80ea-4ed0-a81c-7341d356d427,1.3991,0.03388,0.388
MXD,Jessie Irvine,Luca Mack,8e2f9629-19d0-409d-81dc-b64fe2f3d3ff,2aa8ced3-d599-4c83-86dd-ecc80196833b,1.3988,0.02265,0.385
MXD,Daria Walczak,Pablo Tellez,3e6b668a-8d26-4424-9420-3ceb18486b65,52726ab1-2ac9-46c0-be90-6b0e7a2d56eb,1.3988,0.01922,0.3841
MXD,Lea Jansen,Hien Truong,7319013d-d511-4aa5-a356-4aa2cccf94f5,524b89ad-b76b-40b4-a0db-736bdc7b8adb,1.3987,0.02901,0.3864
MXD,Daria Walczak,Alex Emery,3e6b668a-8d26-4424-9420-3ceb18486b65,5c817399-aea7-481d-9a83-aab7431eabc1,1.3985,0.04068,0.3891
MXD,Daria Walczak,Jaume Martinez Vich,3e6b668a-8d26-4424-9420-3ceb18486b65,cc8832b9-9a8f-4cbc-8eff-b20e9a7ff09a,1.3984,0.01732,0.3833
MXD,Layne Sleeth,Tama Shimabukuro,55ed7e0a-ff2d-4ac2-aad6-b6772ef4f448,4af4d4d1-9f87-4dc7-95f2-b10751d44c15,1.3982,0.01479,0.3824
MXD,Roos Van Reek,Hien Truong,4798e757-53f5-4e52-92aa-98172c8f7862,524b89ad-b76b-40b4-a0db-736bdc7b8adb,1.3981,0.04624,0.39
MXD,Estee Widdershoven,Juan Benitez,bf84d952-c6a8-4494-943d-064b223e764f,f4c43443-fdff-4344-b291-274cfd26361e,1.398,0.02285,0.3844
MXD,Liz Truluck,George Wall,71992955-8b6f-470b-a991-796cfa56a826,698c5236-e88f-411c-b44f-e54f16b2d6b5,1.398,0.02596,0.3851
MXD,Marianna Petrei,Armaan Bhatia,12890797-7355-49ca-848e-56d67e33c4de,33292af3-984d-4752-8d18-b3a5c147e9fe,1.3979,0.03345,0.3869
MXD,Layne Sleeth,Patrick Kawka,55ed7e0a-ff2d-4ac2-aad6-b6772ef4f448,6876576c-b20e-47e3-99e4-d32759cc9f48,1.3978,0.04897,0.3904
MXD,Judit Castillo,Etienne Blaszkewycz,ec4cdfe2-c6f6-4de1-824e-9adcaeb31196,d3e486f2-7c25-4bcf-b9dd-81c14f644f60,1.3977,0.02369,0.3843
MXD,Jade Kawamoto,Zane Ford,6cae3a50-eee6-45ea-8b28-85ef9c50e3c4,0c5b84bb-4c04-4906-86bc-deb533ff4eec,1.3969,0.02203,0.3832
MXD,Cailyn Campbell,Connor Garnett,9eff9049-c45c-42ee-9a49-e9a797cc2116,ff38654d-daae-4bad-a1a7-690e4e5706eb,1.3969,0.01395,0.3811
MXD,Allie Reichert,Connor Mogle,dcd029fb-2814-401b-a1cb-0c4269d9954b,3d9c8684-953f-4008-b355-b6104ee56a5b,1.3968,0.0267,0.3844
MXD,Ting Chieh Wei,Rafa Hewett,29e8121d-6f86-4192-b7af-ab05b77b89fe,06ba18e0-687b-4aa3-822d-1c86981f576b,1.3966,0.01517,0.3812
MXD,Kiora Kunimoto,Thomas Wilson,a95df9a8-772c-4dbf-8c28-e200b7308584,12d79cbe-b5c7-4504-ab8f-f352a6bb8629,1.3966,0.05385,0.3905
MXD,Eugenia Carolina Lopez Ascarate,Pablo Tellez,577d1124-44c9-435d-88e9-01a146f2d177,52726ab1-2ac9-46c0-be90-6b0e7a2d56eb,1.3966,0.03346,0.3859
MXD,Daria Walczak,Max Freeman,3e6b668a-8d26-4424-9420-3ceb18486b65,b03ff4de-9b8f-46a8-a530-d8f19e9d6ec9,1.3965,0.01834,0.382
MXD,Shelby Bates,Harsh Mehta,ded801fd-297a-4761-b63e-d8fbbfeb5762,c18fb17d-e0bb-415c-901b-fa2f928ab22c,1.3965,0.05331,0.3903
MXD,Isabella Dunlap,Connor Mogle,719e2d3b-d10d-402d-a195-41f072214679,3d9c8684-953f-4008-b355-b6104ee56a5b,1.3964,0.01632,0.3813
MXD,Zoey Weil,Harsh Mehta,1d701c30-6b5d-485f-ae97-60f3b0c50896,c18fb17d-e0bb-415c-901b-fa2f928ab22c,1.3964,0.03231,0.3854
MXD,Katerina Stewart,Andrei Daescu,3cec5850-24e2-44e3-96bc-ee87aa34581d,581183e8-3d9e-459e-b69f-7337d8b6f3d2,1.3964,0.02526,0.3837
MXD,Eugenia Carolina Lopez Ascarate,Alex Emery,577d1124-44c9-435d-88e9-01a146f2d177,5c817399-aea7-481d-9a83-aab7431eabc1,1.3964,0.05491,0.3906
MXD,Eugenia Carolina Lopez Ascarate,Jaume Martinez Vich,577d1124-44c9-435d-88e9-01a146f2d177,cc8832b9-9a8f-4cbc-8eff-b20e9a7ff09a,1.3963,0.03156,0.3852
MXD,Jillian Braverman,Tristan Dussault,98c2531f-f5ce-48b5-b251-eb69425d409c,3cab1673-2522-4dd5-ba07-2a1b88749d86,1.3962,0.06885,0.3934
MXD,Yana Newell,Christopher Haworth,655e0349-7e66-4233-b999-b6cca2298f9b,a91e2b68-7357-4518-baf9-f59b0b4c2477,1.3962,0.03189,0.3852
MXD,Milan Rane,Juan Benitez,eb14fc6e-ede1-4999-bec3-e36695e7f94e,f4c43443-fdff-4344-b291-274cfd26361e,1.3962,0.01918,0.3819
MXD,Bobbi Oshiro,Oliver Frank,7f36e416-0907-43b2-8ec4-e9533088e30f,e21cb6e0-aabb-43b2-a112-c0a0a59081bf,1.3958,0.07446,0.3941
MXD,Lea Jansen,Etienne Blaszkewycz,7319013d-d511-4aa5-a356-4aa2cccf94f5,d3e486f2-7c25-4bcf-b9dd-81c14f644f60,1.3958,0.02016,0.3819
MXD,Vivian Glozman,Hoang Nam Ly,ff789b9c-80c4-442c-b97e-2e2311298cfb,f1151ea2-759d-4d9f-a5b9-5ccd966dc3ca,1.3956,0.04085,0.3868
MXD,Roos Van Reek,Etienne Blaszkewycz,4798e757-53f5-4e52-92aa-98172c8f7862,d3e486f2-7c25-4bcf-b9dd-81c14f644f60,1.3952,0.03738,0.3858
MXD,Kaitlyn Christian,Quang Duong,66a6c35b-33a2-4a23-b5db-fa53c96d643a,14d61e81-14d5-4cb3-ae33-d427fbc1b4f6,1.3945,0.03192,0.3839
MXD,Cailyn Campbell,Jack Munro,9eff9049-c45c-42ee-9a49-e9a797cc2116,f90428f0-e4a3-4a08-a664-518ba7f188d2,1.3945,0.04845,0.3877
MXD,Alix Truong,Tristan Dussault,646f7432-e6ad-4ccf-95ee-a0e5d9514d28,3cab1673-2522-4dd5-ba07-2a1b88749d86,1.3944,0.026,0.3823
MXD,Maggie Brascia,John Lucian Goins,736475dd-7ccd-40d8-8b43-8c2d9ef9e674,e96d9339-cfb6-473d-bcb3-23f2887a3e0f,1.3944,0.02721,0.3826
MXD,Shelby Bates,Hien Truong,ded801fd-297a-4761-b63e-d8fbbfeb5762,524b89ad-b76b-40b4-a0db-736bdc7b8adb,1.3944,0.05137,0.3883
MXD,Eugenia Carolina Lopez Ascarate,Max Freeman,577d1124-44c9-435d-88e9-01a146f2d177,b03ff4de-9b8f-46a8-a530-d8f19e9d6ec9,1.3944,0.03258,0.3839
MXD,Judit Castillo,Pablo Tellez,ec4cdfe2-c6f6-4de1-824e-9adcaeb31196,52726ab1-2ac9-46c0-be90-6b0e7a2d56eb,1.3943,0.01776,0.38
MXD,Carlota Trevino,Donald Young,70c18684-f615-4d05-9aa9-5cbdbd53ab9f,aec5d8be-9ce0-4cc5-98a4-140fad555fe0,1.3943,0.02107,0.3809
MXD,Zoey Weil,Hien Truong,1d701c30-6b5d-485f-ae97-60f3b0c50896,524b89ad-b76b-40b4-a0db-736bdc7b8adb,1.3943,0.03037,0.3833
MXD,Lacy Schneemann,Oliver Frank,a3ed7970-35d2-485c-8285-187c298a2d83,e21cb6e0-aabb-43b2-a112-c0a0a59081bf,1.3941,0.03847,0.3851
MXD,Liz Truluck,Hunter Johnson,71992955-8b6f-470b-a991-796cfa56a826,8160ad59-4654-46b1-b229-8d5f2a9a45f9,1.3941,0.01564,0.3792
MXD,Judit Castillo,Alex Emery,ec4cdfe2-c6f6-4de1-824e-9adcaeb31196,5c817399-aea7-481d-9a83-aab7431eabc1,1.394,0.03922,0.3853
MXD,Marianna Petrei,Dekel Bar,12890797-7355-49ca-848e-56d67e33c4de,89843e44-48fd-4a3f-b8c0-5f5aa6ae5741,1.394,0.03165,0.3833
MXD,Judit Castillo,Jaume Martinez Vich,ec4cdfe2-c6f6-4de1-824e-9adcaeb31196,cc8832b9-9a8f-4cbc-8eff-b20e9a7ff09a,1.3939,0.01586,0.3792
MXD,Catherine Parenteau,Oliver Frank,9b97206b-783a-4fab-85e9-45a6240325a5,e21cb6e0-aabb-43b2-a112-c0a0a59081bf,1.3938,0.03737,0.3846
MXD,Daria Walczak,Connor Mogle,3e6b668a-8d26-4424-9420-3ceb18486b65,3d9c8684-953f-4008-b355-b6104ee56a5b,1.3938,0.02036,0.3803
MXD,Jessie Irvine,Donald Young,8e2f9629-19d0-409d-81dc-b64fe2f3d3ff,aec5d8be-9ce0-4cc5-98a4-140fad555fe0,1.393,0.01837,0.3791
MXD,Lea Jansen,Pablo Tellez,7319013d-d511-4aa5-a356-4aa2cccf94f5,52726ab1-2ac9-46c0-be90-6b0e7a2d56eb,1.3924,0.01423,0.3775
MXD,Lea Jansen,Alex Emery,7319013d-d511-4aa5-a356-4aa2cccf94f5,5c817399-aea7-481d-9a83-aab7431eabc1,1.3922,0.03568,0.3829
MXD,Carlota Trevino,Martin Emmrich,70c18684-f615-4d05-9aa9-5cbdbd53ab9f,e9849183-4693-4340-abf5-f4b6f3cb226f,1.3922,0.01937,0.3787
MXD,Maggie Brascia,Luca Mack,736475dd-7ccd-40d8-8b43-8c2d9ef9e674,2aa8ced3-d599-4c83-86dd-ecc80196833b,1.3922,0.03302,0.3823
MXD,Lea Jansen,Jaume Martinez Vich,7319013d-d511-4aa5-a356-4aa2cccf94f5,cc8832b9-9a8f-4cbc-8eff-b20e9a7ff09a,1.392,0.01233,0.3766
MXD,Judit Castillo,Max Freeman,ec4cdfe2-c6f6-4de1-824e-9adcaeb31196,b03ff4de-9b8f-46a8-a530-d8f19e9d6ec9,1.392,0.01688,0.3779
MXD,Lucy Kovalova,John Lucian Goins,504e8c08-caf6-4db8-b454-11ffa321261c,e96d9339-cfb6-473d-bcb3-23f2887a3e0f,1.392,0.02577,0.3802
MXD,Shelby Bates,Etienne Blaszkewycz,ded801fd-297a-4761-b63e-d8fbbfeb5762,d3e486f2-7c25-4bcf-b9dd-81c14f644f60,1.392,0.04252,0.3844
MXD,Zoey Weil,Etienne Blaszkewycz,1d701c30-6b5d-485f-ae97-60f3b0c50896,d3e486f2-7c25-4bcf-b9dd-81c14f644f60,1.3919,0.02151,0.3791
MXD,Genie Erokhina,Roscoe Bellamy,461f063e-a587-4638-bad9-421ff33d91d7,925c1306-6b3b-4510-8482-f34168a0842a,1.3919,0.01485,0.3773
MXD,Roos Van Reek,Pablo Tellez,4798e757-53f5-4e52-92aa-98172c8f7862,52726ab1-2ac9-46c0-be90-6b0e7a2d56eb,1.3918,0.03145,0.3816
MXD,Yufei Long,Roscoe Bellamy,20945292-032a-47f1-93c5-d44ada6e4783,925c1306-6b3b-4510-8482-f34168a0842a,1.3918,0.02864,0.3809
MXD,Eugenia Carolina Lopez Ascarate,Connor Mogle,577d1124-44c9-435d-88e9-01a146f2d177,3d9c8684-953f-4008-b355-b6104ee56a5b,1.3917,0.0346,0.3823
MXD,Roos Van Reek,Alex Emery,4798e757-53f5-4e52-92aa-98172c8f7862,5c817399-aea7-481d-9a83-aab7431eabc1,1.3916,0.05291,0.3865
MXD,Sahra Dennehy,Mohaned Alhouni,051f5c82-82ce-4ab8-b4f8-36976638a89b,1bab49f1-6891-4d3e-8f77-42aa4fc1d18e,1.3915,0.01802,0.3778
MXD,Roos Van Reek,Jaume Martinez Vich,4798e757-53f5-4e52-92aa-98172c8f7862,cc8832b9-9a8f-4cbc-8eff-b20e9a7ff09a,1.3915,0.02955,0.3808
MXD,Jessie Irvine,Martin Emmrich,8e2f9629-19d0-409d-81dc-b64fe2f3d3ff,e9849183-4693-4340-abf5-f4b6f3cb226f,1.3909,0.01666,0.3769
MXD,Kaitlyn Christian,Noe Khlif,66a6c35b-33a2-4a23-b5db-fa53c96d643a,1bb8b2c1-ca6f-45ac-afdd-fab7e77d69d4,1.3907,0.01249,0.3755
MXD,Samantha Parker,John Lucian Goins,6794d224-7da3-43d9-8300-e24e731f5dea,e96d9339-cfb6-473d-bcb3-23f2887a3e0f,1.3906,0.02041,0.3777
MXD,Marianna Petrei,CJ Klinger,12890797-7355-49ca-848e-56d67e33c4de,ead35052-7367-4296-96d4-064f546cc2b9,1.3906,0.03099,0.3805
MXD,Leigh Waters,Mohaned Alhouni,1bfba782-55f3-42e4-9889-9018e793c0b5,1bab49f1-6891-4d3e-8f77-42aa4fc1d18e,1.3904,0.03056,0.3803
MXD,Lea Jansen,Max Freeman,7319013d-d511-4aa5-a356-4aa2cccf94f5,b03ff4de-9b8f-46a8-a530-d8f19e9d6ec9,1.3901,0.01334,0.3753
MXD,Allyce Jones,Mohaned Alhouni,efe9989b-5864-48c2-806c-06697024e1da,1bab49f1-6891-4d3e-8f77-42aa4fc1d18e,1.3898,0.01622,0.3759
MXD,Carlota Trevino,Rafa Hewett,70c18684-f615-4d05-9aa9-5cbdbd53ab9f,06ba18e0-687b-4aa3-822d-1c86981f576b,1.3897,0.01711,0.3761
MXD,Lucy Kovalova,Luca Mack,504e8c08-caf6-4db8-b454-11ffa321261c,2aa8ced3-d599-4c83-86dd-ecc80196833b,1.3897,0.03158,0.38
MXD,Roos Van Reek,Max Freeman,4798e757-53f5-4e52-92aa-98172c8f7862,b03ff4de-9b8f-46a8-a530-d8f19e9d6ec9,1.3896,0.03057,0.3796
MXD,Layne Sleeth,Tristan Dussault,55ed7e0a-ff2d-4ac2-aad6-b6772ef4f448,3cab1673-2522-4dd5-ba07-2a1b88749d86,1.3893,0.02748,0.3786
MXD,Judit Castillo,Connor Mogle,ec4cdfe2-c6f6-4de1-824e-9adcaeb31196,3d9c8684-953f-4008-b355-b6104ee56a5b,1.3893,0.0189,0.3763
MXD,Genie Erokhina,Anderson Scarpa,461f063e-a587-4638-bad9-421ff33d91d7,fa8d5d28-d8f5-4996-8c35-0f4ca3c35bae,1.3893,0.01675,0.3756
MXD,Yufei Long,Anderson Scarpa,20945292-032a-47f1-93c5-d44ada6e4783,fa8d5d28-d8f5-4996-8c35-0f4ca3c35bae,1.3892,0.03054,0.3793
MXD,Allie Reichert,Juan Benitez,dcd029fb-2814-401b-a1cb-0c4269d9954b,f4c43443-fdff-4344-b291-274cfd26361e,1.3892,0.03059,0.3793
MXD,Isabella Dunlap,Juan Benitez,719e2d3b-d10d-402d-a195-41f072214679,f4c43443-fdff-4344-b291-274cfd26361e,1.3888,0.02021,0.3762
MXD,Shelby Bates,Pablo Tellez,ded801fd-297a-4761-b63e-d8fbbfeb5762,52726ab1-2ac9-46c0-be90-6b0e7a2d56eb,1.3886,0.03658,0.3803
MXD,Zoey Weil,Pablo Tellez,1d701c30-6b5d-485f-ae97-60f3b0c50896,52726ab1-2ac9-46c0-be90-6b0e7a2d56eb,1.3885,0.01558,0.3746
MXD,Jessie Irvine,Rafa Hewett,8e2f9629-19d0-409d-81dc-b64fe2f3d3ff,06ba18e0-687b-4aa3-822d-1c86981f576b,1.3884,0.0144,0.3742
MXD,Samantha Parker,Luca Mack,6794d224-7da3-43d9-8300-e24e731f5dea,2aa8ced3-d599-4c83-86dd-ecc80196833b,1.3883,0.02621,0.3775
MXD,Shelby Bates,Alex Emery,ded801fd-297a-4761-b63e-d8fbbfeb5762,5c817399-aea7-481d-9a83-aab7431eabc1,1.3883,0.05804,0.3851
MXD,Callie Smith,Yuta Funemizu,0c1bb94d-3af2-42f4-b938-d712c707ace4,ce4f0e14-80ea-4ed0-a81c-7341d356d427,1.3883,0.0178,0.3752
MXD,Shelby Bates,Jaume Martinez Vich,ded801fd-297a-4761-b63e-d8fbbfeb5762,cc8832b9-9a8f-4cbc-8eff-b20e9a7ff09a,1.3882,0.03468,0.3796
MXD,Zoey Weil,Alex Emery,1d701c30-6b5d-485f-ae97-60f3b0c50896,5c817399-aea7-481d-9a83-aab7431eabc1,1.3882,0.03703,0.3802
MXD,Bobbi Oshiro,Grayson Goldin,7f36e416-0907-43b2-8ec4-e9533088e30f,43df1205-e834-4427-9f1a-4e173bf93296,1.3881,0.06024,0.3855
MXD,Zoey Weil,Jaume Martinez Vich,1d701c30-6b5d-485f-ae97-60f3b0c50896,cc8832b9-9a8f-4cbc-8eff-b20e9a7ff09a,1.3881,0.01368,0.3738
MXD,Brooke Buckner,John Lucian Goins,06dc9b8a-5c01-49cf-bb4d-70d7b5f85acf,e96d9339-cfb6-473d-bcb3-23f2887a3e0f,1.388,0.01728,0.3747
MXD,Lea Jansen,Connor Mogle,7319013d-d511-4aa5-a356-4aa2cccf94f5,3d9c8684-953f-4008-b355-b6104ee56a5b,1.3874,0.01537,0.3737
MXD,Genie Erokhina,Thomas Yu,461f063e-a587-4638-bad9-421ff33d91d7,8c94d7b2-0dce-455e-916f-e35927d53547,1.3873,0.03104,0.3779
MXD,Yufei Long,Thomas Yu,20945292-032a-47f1-93c5-d44ada6e4783,8c94d7b2-0dce-455e-916f-e35927d53547,1.3872,0.04483,0.3813
MXD,Callie Smith,Armaan Bhatia,0c1bb94d-3af2-42f4-b938-d712c707ace4,33292af3-984d-4752-8d18-b3a5c147e9fe,1.3871,0.01738,0.374
MXD,Roos Van Reek,Connor Mogle,4798e757-53f5-4e52-92aa-98172c8f7862,3d9c8684-953f-4008-b355-b6104ee56a5b,1.3869,0.03259,0.378
MXD,Marianna Petrei,Dylan Frazier,12890797-7355-49ca-848e-56d67e33c4de,1de884f8-7bf7-4b49-9de8-3f1fd74cabd6,1.3868,0.03186,0.3778
MXD,Liz Truluck,Roscoe Bellamy,71992955-8b6f-470b-a991-796cfa56a826,925c1306-6b3b-4510-8482-f34168a0842a,1.3867,0.01491,0.373
MXD,Genie Erokhina,Joseph Wild,461f063e-a587-4638-bad9-421ff33d91d7,a51b59c5-1a13-4472-821a-eb9866e72adf,1.3866,0.02344,0.3753
MXD,Yufei Long,Joseph Wild,20945292-032a-47f1-93c5-d44ada6e4783,a51b59c5-1a13-4472-821a-eb9866e72adf,1.3865,0.03723,0.3789
MXD,Lacy Schneemann,Grayson Goldin,a3ed7970-35d2-485c-8285-187c298a2d83,43df1205-e834-4427-9f1a-4e173bf93296,1.3864,0.02424,0.3754
MXD,Maggie Brascia,Donald Young,736475dd-7ccd-40d8-8b43-8c2d9ef9e674,aec5d8be-9ce0-4cc5-98a4-140fad555fe0,1.3864,0.02874,0.3766
MXD,Shelby Bates,Max Freeman,ded801fd-297a-4761-b63e-d8fbbfeb5762,b03ff4de-9b8f-46a8-a530-d8f19e9d6ec9,1.3863,0.0357,0.3783
MXD,Daria Walczak,Juan Benitez,3e6b668a-8d26-4424-9420-3ceb18486b65,f4c43443-fdff-4344-b291-274cfd26361e,1.3862,0.02425,0.3753
MXD,Zoey Weil,Max Freeman,1d701c30-6b5d-485f-ae97-60f3b0c50896,b03ff4de-9b8f-46a8-a530-d8f19e9d6ec9,1.3862,0.0147,0.3725
MXD,Cailyn Campbell,Quang Duong,9eff9049-c45c-42ee-9a49-e9a797cc2116,14d61e81-14d5-4cb3-ae33-d427fbc1b4f6,1.3862,0.0324,0.3774
MXD,Catherine Parenteau,Grayson Goldin,9b97206b-783a-4fab-85e9-45a6240325a5,43df1205-e834-4427-9f1a-4e173bf93296,1.3861,0.02314,0.3748
MXD,Mary Brascia,Nicolas Acevedo,1dd5c313-10f5-4e0a-bb9b-699913a5abe8,a000a067-1bf1-442f-a961-e6c97cb50006,1.386,0.02718,0.3758
MXD,Estee Widdershoven,John Lucian Goins,bf84d952-c6a8-4494-943d-064b223e764f,e96d9339-cfb6-473d-bcb3-23f2887a3e0f,1.3859,0.01982,0.3738
MXD,Brooke Buckner,Luca Mack,06dc9b8a-5c01-49cf-bb4d-70d7b5f85acf,2aa8ced3-d599-4c83-86dd-ecc80196833b,1.3857,0.02309,0.3745
MXD,Maggie Brascia,Martin Emmrich,736475dd-7ccd-40d8-8b43-8c2d9ef9e674,e9849183-4693-4340-abf5-f4b6f3cb226f,1.3843,0.02703,0.3744
MXD,Milan Rane,John Lucian Goins,eb14fc6e-ede1-4999-bec3-e36695e7f94e,e96d9339-cfb6-473d-bcb3-23f2887a3e0f,1.3841,0.01615,0.3712
MXD,Liz Truluck,Anderson Scarpa,71992955-8b6f-470b-a991-796cfa56a826,fa8d5d28-d8f5-4996-8c35-0f4ca3c35bae,1.3841,0.01681,0.3714
MXD,Eugenia Carolina Lopez Ascarate,Juan Benitez,577d1124-44c9-435d-88e9-01a146f2d177,f4c43443-fdff-4344-b291-274cfd26361e,1.3841,0.03849,0.3773
MXD,Seone Mendez,Andrei Daescu,0d14405e-2e45-4dcb-8fb7-73558c261b4f,581183e8-3d9e-459e-b69f-7337d8b6f3d2,1.384,0.04218,0.3781
MXD,Lucy Kovalova,Donald Young,504e8c08-caf6-4db8-b454-11ffa321261c,aec5d8be-9ce0-4cc5-98a4-140fad555fe0,1.3839,0.0273,0.3742
MXD,Christine Maddox,Nicolas Acevedo,3ad652aa-3fdd-4e53-8f34-dfdedc3c1901,a000a067-1bf1-442f-a961-e6c97cb50006,1.3839,0.05259,0.3806
MXD,Estee Widdershoven,Luca Mack,bf84d952-c6a8-4494-943d-064b223e764f,2aa8ced3-d599-4c83-86dd-ecc80196833b,1.3837,0.02563,0.3736
MXD,Shelby Bates,Connor Mogle,ded801fd-297a-4761-b63e-d8fbbfeb5762,3d9c8684-953f-4008-b355-b6104ee56a5b,1.3836,0.03773,0.3767
MXD,Jillian Braverman,Christopher Haworth,98c2531f-f5ce-48b5-b251-eb69425d409c,a91e2b68-7357-4518-baf9-f59b0b4c2477,1.3835,0.05929,0.3818
MXD,Zoey Weil,Connor Mogle,1d701c30-6b5d-485f-ae97-60f3b0c50896,3d9c8684-953f-4008-b355-b6104ee56a5b,1.3835,0.01672,0.3709
MXD,Callie Smith,Dekel Bar,0c1bb94d-3af2-42f4-b938-d712c707ace4,89843e44-48fd-4a3f-b8c0-5f5aa6ae5741,1.3832,0.01558,0.3703
MXD,Parris Todd,Zane Ford,1728d016-1f02-4789-be73-63d12d5a5b42,0c5b84bb-4c04-4906-86bc-deb533ff4eec,1.3831,0.02091,0.3718
MXD,Kaitlyn Christian,Will Howells,66a6c35b-33a2-4a23-b5db-fa53c96d643a,d0f19d1e-2a6e-4eb3-b10c-1311edd599a8,1.383,0.0138,0.3696
MXD,Genie Erokhina,Harsh Mehta,461f063e-a587-4638-bad9-421ff33d91d7,c18fb17d-e0bb-415c-901b-fa2f928ab22c,1.383,0.03191,0.3748
MXD,Yufei Long,Harsh Mehta,20945292-032a-47f1-93c5-d44ada6e4783,c18fb17d-e0bb-415c-901b-fa2f928ab22c,1.3829,0.0457,0.3782
MXD,Ting Chieh Wei,Tyson McGuffin,29e8121d-6f86-4192-b7af-ab05b77b89fe,dbcb41e9-e983-410b-bc23-d184d034cfc0,1.3828,0.01424,0.3696
MXD,Kaitlyn Christian,Bruno Faletto,66a6c35b-33a2-4a23-b5db-fa53c96d643a,34049405-b415-4f3a-aade-5be0111ac7db,1.3827,0.0218,0.3717
MXD,Kaitlyn Christian,Vanshik Kapadia,66a6c35b-33a2-4a23-b5db-fa53c96d643a,6866df42-48ad-423c-9e57-d7d4d6fb66ef,1.3827,0.04165,0.377
MXD,Samantha Parker,Donald Young,6794d224-7da3-43d9-8300-e24e731f5dea,aec5d8be-9ce0-4cc5-98a4-140fad555fe0,1.3825,0.02193,0.3716
MXD,Cailyn Campbell,Noe Khlif,9eff9049-c45c-42ee-9a49-e9a797cc2116,1bb8b2c1-ca6f-45ac-afdd-fab7e77d69d4,1.3824,0.01298,0.3689
MXD,Liz Truluck,Thomas Yu,71992955-8b6f-470b-a991-796cfa56a826,8c94d7b2-0dce-455e-916f-e35927d53547,1.3821,0.03111,0.3738
MXD,Milan Rane,Luca Mack,eb14fc6e-ede1-4999-bec3-e36695e7f94e,2aa8ced3-d599-4c83-86dd-ecc80196833b,1.3819,0.02195,0.3711
MXD,Maggie Brascia,Rafa Hewett,736475dd-7ccd-40d8-8b43-8c2d9ef9e674,06ba18e0-687b-4aa3-822d-1c86981f576b,1.3818,0.02477,0.3718
MXD,Lucy Kovalova,Martin Emmrich,504e8c08-caf6-4db8-b454-11ffa321261c,e9849183-4693-4340-abf5-f4b6f3cb226f,1.3818,0.02559,0.3721
MXD,Alix Truong,Christopher Haworth,646f7432-e6ad-4ccf-95ee-a0e5d9514d28,a91e2b68-7357-4518-baf9-f59b0b4c2477,1.3817,0.01645,0.3693
MXD,Judit Castillo,Juan Benitez,ec4cdfe2-c6f6-4de1-824e-9adcaeb31196,f4c43443-fdff-4344-b291-274cfd26361e,1.3817,0.02279,0.3712
MXD,Mary Brascia,Jack Sock,1dd5c313-10f5-4e0a-bb9b-699913a5abe8,3a43c56f-b9d8-4e72-ae8a-58fd69291946,1.3816,0.027,0.3723
MXD,Vivienne David,Oliver Frank,afc0bfc9-8cd8-4600-bd45-681092186db3,e21cb6e0-aabb-43b2-a112-c0a0a59081bf,1.3814,0.05019,0.3781
MXD,Liz Truluck,Joseph Wild,71992955-8b6f-470b-a991-796cfa56a826,a51b59c5-1a13-4472-821a-eb9866e72adf,1.3814,0.02351,0.3712
MXD,Genie Erokhina,Hien Truong,461f063e-a587-4638-bad9-421ff33d91d7,524b89ad-b76b-40b4-a0db-736bdc7b8adb,1.3809,0.02997,0.3726
MXD,Yufei Long,Hien Truong,20945292-032a-47f1-93c5-d44ada6e4783,524b89ad-b76b-40b4-a0db-736bdc7b8adb,1.3808,0.04376,0.376
MXD,Samantha Parker,Martin Emmrich,6794d224-7da3-43d9-8300-e24e731f5dea,e9849183-4693-4340-abf5-f4b6f3cb226f,1.3804,0.02023,0.3694
MXD,Brooke Buckner,Donald Young,06dc9b8a-5c01-49cf-bb4d-70d7b5f85acf,aec5d8be-9ce0-4cc5-98a4-140fad555fe0,1.3799,0.01881,0.3686
MXD,Lea Jansen,Juan Benitez,7319013d-d511-4aa5-a356-4aa2cccf94f5,f4c43443-fdff-4344-b291-274cfd26361e,1.3799,0.01925,0.3687
MXD,Callie Smith,CJ Klinger,0c1bb94d-3af2-42f4-b938-d712c707ace4,ead35052-7367-4296-96d4-064f546cc2b9,1.3798,0.01491,0.3674
MXD,Christine Maddox,Jack Sock,3ad652aa-3fdd-4e53-8f34-dfdedc3c1901,3a43c56f-b9d8-4e72-ae8a-58fd69291946,1.3796,0.0524,0.3773
MXD,Roos Van Reek,Juan Benitez,4798e757-53f5-4e52-92aa-98172c8f7862,f4c43443-fdff-4344-b291-274cfd26361e,1.3793,0.03648,0.373
MXD,Lucy Kovalova,Rafa Hewett,504e8c08-caf6-4db8-b454-11ffa321261c,06ba18e0-687b-4aa3-822d-1c86981f576b,1.3793,0.02333,0.3694
MXD,Genie Erokhina,Etienne Blaszkewycz,461f063e-a587-4638-bad9-421ff33d91d7,d3e486f2-7c25-4bcf-b9dd-81c14f644f60,1.3789,0.02111,0.3685
MXD,Yufei Long,Etienne Blaszkewycz,20945292-032a-47f1-93c5-d44ada6e4783,d3e486f2-7c25-4bcf-b9dd-81c14f644f60,1.3788,0.03491,0.3723
MXD,Samantha Parker,Rafa Hewett,6794d224-7da3-43d9-8300-e24e731f5dea,06ba18e0-687b-4aa3-822d-1c86981f576b,1.3779,0.01797,0.3667
MXD,Estee Widdershoven,Donald Young,bf84d952-c6a8-4494-943d-064b223e764f,aec5d8be-9ce0-4cc5-98a4-140fad555fe0,1.3779,0.02135,0.3677
MXD,Yana Newell,Mohaned Alhouni,655e0349-7e66-4233-b999-b6cca2298f9b,1bab49f1-6891-4d3e-8f77-42aa4fc1d18e,1.3778,0.03152,0.3705
MXD,Brooke Buckner,Martin Emmrich,06dc9b8a-5c01-49cf-bb4d-70d7b5f85acf,e9849183-4693-4340-abf5-f4b6f3cb226f,1.3778,0.0171,0.3664
MXD,Liz Truluck,Harsh Mehta,71992955-8b6f-470b-a991-796cfa56a826,c18fb17d-e0bb-415c-901b-fa2f928ab22c,1.3778,0.03198,0.3707
MXD,Marianna Petrei,Augustus Ge,12890797-7355-49ca-848e-56d67e33c4de,ba491f1c-0112-47a8-a348-4695289e958a,1.3777,0.03015,0.3701
MXD,Kiora Kunimoto,Nicolas Acevedo,a95df9a8-772c-4dbf-8c28-e200b7308584,a000a067-1bf1-442f-a961-e6c97cb50006,1.3776,0.01739,0.3663
MXD,Allie Reichert,John Lucian Goins,dcd029fb-2814-401b-a1cb-0c4269d9954b,e96d9339-cfb6-473d-bcb3-23f2887a3e0f,1.3772,0.02756,0.3689
MXD,Isabella Dunlap,John Lucian Goins,719e2d3b-d10d-402d-a195-41f072214679,e96d9339-cfb6-473d-bcb3-23f2887a3e0f,1.3768,0.01718,0.3656
MXD,Genie Erokhina,Pablo Tellez,461f063e-a587-4638-bad9-421ff33d91d7,52726ab1-2ac9-46c0-be90-6b0e7a2d56eb,1.3766,0.01518,0.3648
MXD,Layne Sleeth,Christopher Haworth,55ed7e0a-ff2d-4ac2-aad6-b6772ef4f448,a91e2b68-7357-4518-baf9-f59b0b4c2477,1.3765,0.01792,0.3656
MXD,Yufei Long,Pablo Tellez,20945292-032a-47f1-93c5-d44ada6e4783,52726ab1-2ac9-46c0-be90-6b0e7a2d56eb,1.3764,0.02898,0.3688
MXD,Genie Erokhina,Alex Emery,461f063e-a587-4638-bad9-421ff33d91d7,5c817399-aea7-481d-9a83-aab7431eabc1,1.3764,0.03664,0.3708
MXD,Yufei Long,Alex Emery,20945292-032a-47f1-93c5-d44ada6e4783,5c817399-aea7-481d-9a83-aab7431eabc1,1.3763,0.05043,0.3743
MXD,Genie Erokhina,Jaume Martinez Vich,461f063e-a587-4638-bad9-421ff33d91d7,cc8832b9-9a8f-4cbc-8eff-b20e9a7ff09a,1.3763,0.01328,0.364
MXD,Yufei Long,Jaume Martinez Vich,20945292-032a-47f1-93c5-d44ada6e4783,cc8832b9-9a8f-4cbc-8eff-b20e9a7ff09a,1.3762,0.02708,0.368
MXD,Milan Rane,Donald Young,eb14fc6e-ede1-4999-bec3-e36695e7f94e,aec5d8be-9ce0-4cc5-98a4-140fad555fe0,1.3761,0.01767,0.3652
MXD,Callie Smith,Dylan Frazier,0c1bb94d-3af2-42f4-b938-d712c707ace4,1de884f8-7bf7-4b49-9de8-3f1fd74cabd6,1.3761,0.01578,0.3646
MXD,Shelby Bates,Juan Benitez,ded801fd-297a-4761-b63e-d8fbbfeb5762,f4c43443-fdff-4344-b291-274cfd26361e,1.376,0.04161,0.3719
MXD,Carlota Trevino,Tyson McGuffin,70c18684-f615-4d05-9aa9-5cbdbd53ab9f,dbcb41e9-e983-410b-bc23-d184d034cfc0,1.3759,0.01617,0.3645
MXD,Zoey Weil,Juan Benitez,1d701c30-6b5d-485f-ae97-60f3b0c50896,f4c43443-fdff-4344-b291-274cfd26361e,1.3759,0.02061,0.3659
MXD,Estee Widdershoven,Martin Emmrich,bf84d952-c6a8-4494-943d-064b223e764f,e9849183-4693-4340-abf5-f4b6f3cb226f,1.3758,0.01964,0.3655
MXD,Mary Brascia,Phuc Huynh,1dd5c313-10f5-4e0a-bb9b-699913a5abe8,0763ffeb-1b1f-41c5-ab37-d17b66e50b50,1.3758,0.05674,0.3755
MXD,Liz Truluck,Hien Truong,71992955-8b6f-470b-a991-796cfa56a826,524b89ad-b76b-40b4-a0db-736bdc7b8adb,1.3757,0.03004,0.3685
MXD,Brooke Buckner,Rafa Hewett,06dc9b8a-5c01-49cf-bb4d-70d7b5f85acf,06ba18e0-687b-4aa3-822d-1c86981f576b,1.3753,0.01484,0.3637
MXD,Genie Erokhina,Max Freeman,461f063e-a587-4638-bad9-421ff33d91d7,b03ff4de-9b8f-46a8-a530-d8f19e9d6ec9,1.375,0.0143,0.3633
MXD,Yufei Long,Max Freeman,20945292-032a-47f1-93c5-d44ada6e4783,b03ff4de-9b8f-46a8-a530-d8f19e9d6ec9,1.3749,0.02809,0.3673
MXD,Allie Reichert,Luca Mack,dcd029fb-2814-401b-a1cb-0c4269d9954b,2aa8ced3-d599-4c83-86dd-ecc80196833b,1.3749,0.03336,0.3688
MXD,Cailyn Campbell,Will Howells,9eff9049-c45c-42ee-9a49-e9a797cc2116,d0f19d1e-2a6e-4eb3-b10c-1311edd599a8,1.3747,0.01428,0.363
MXD,Jessie Irvine,Tyson McGuffin,8e2f9629-19d0-409d-81dc-b64fe2f3d3ff,dbcb41e9-e983-410b-bc23-d184d034cfc0,1.3745,0.01347,0.3626
MXD,Isabella Dunlap,Luca Mack,719e2d3b-d10d-402d-a195-41f072214679,2aa8ced3-d599-4c83-86dd-ecc80196833b,1.3745,0.02298,0.3655
MXD,Bobbi Oshiro,Hoang Nam Ly,7f36e416-0907-43b2-8ec4-e9533088e30f,f1151ea2-759d-4d9f-a5b9-5ccd966dc3ca,1.3744,0.06211,0.3757
MXD,Cailyn Campbell,Bruno Faletto,9eff9049-c45c-42ee-9a49-e9a797cc2116,34049405-b415-4f3a-aade-5be0111ac7db,1.3744,0.02228,0.3652
MXD,Cailyn Campbell,Vanshik Kapadia,9eff9049-c45c-42ee-9a49-e9a797cc2116,6866df42-48ad-423c-9e57-d7d4d6fb66ef,1.3744,0.04213,0.3707
MXD,Katerina Stewart,Eric Oncins,3cec5850-24e2-44e3-96bc-ee87aa34581d,52690a0c-ed4a-4e0b-bf69-4ef416cf7d55,1.3743,0.02574,0.3661
MXD,Daria Walczak,John Lucian Goins,3e6b668a-8d26-4424-9420-3ceb18486b65,e96d9339-cfb6-473d-bcb3-23f2887a3e0f,1.3742,0.02122,0.3647
MXD,Milan Rane,Martin Emmrich,eb14fc6e-ede1-4999-bec3-e36695e7f94e,e9849183-4693-4340-abf5-f4b6f3cb226f,1.374,0.01597,0.3629
MXD,Christine Maddox,Phuc Huynh,3ad652aa-3fdd-4e53-8f34-dfdedc3c1901,0763ffeb-1b1f-41c5-ab37-d17b66e50b50,1.3738,0.08215,0.3796
MXD,Vivienne David,Grayson Goldin,afc0bfc9-8cd8-4600-bd45-681092186db3,43df1205-e834-4427-9f1a-4e173bf93296,1.3737,0.03596,0.3686
MXD,Liz Truluck,Etienne Blaszkewycz,71992955-8b6f-470b-a991-796cfa56a826,d3e486f2-7c25-4bcf-b9dd-81c14f644f60,1.3737,0.02118,0.3643
MXD,Estee Widdershoven,Rafa Hewett,bf84d952-c6a8-4494-943d-064b223e764f,06ba18e0-687b-4aa3-822d-1c86981f576b,1.3733,0.01738,0.3628
MXD,Kiora Kunimoto,Jack Sock,a95df9a8-772c-4dbf-8c28-e200b7308584,3a43c56f-b9d8-4e72-ae8a-58fd69291946,1.3732,0.01721,0.3627
MXD,Genie Erokhina,Connor Mogle,461f063e-a587-4638-bad9-421ff33d91d7,3d9c8684-953f-4008-b355-b6104ee56a5b,1.3731,0.01632,0.3623
MXD,Yufei Long,Connor Mogle,20945292-032a-47f1-93c5-d44ada6e4783,3d9c8684-953f-4008-b355-b6104ee56a5b,1.373,0.03012,0.3664
MXD,Lacy Schneemann,Hoang Nam Ly,a3ed7970-35d2-485c-8285-187c298a2d83,f1151ea2-759d-4d9f-a5b9-5ccd966dc3ca,1.3727,0.02612,0.3649
MXD,Catherine Parenteau,Hoang Nam Ly,9b97206b-783a-4fab-85e9-45a6240325a5,f1151ea2-759d-4d9f-a5b9-5ccd966dc3ca,1.3723,0.02502,0.3644
MXD,Tina Pisnik,Zane Ford,f879086b-e0e5-4772-b0a6-4055c265da69,0c5b84bb-4c04-4906-86bc-deb533ff4eec,1.3721,0.02008,0.3627
MXD,Eugenia Carolina Lopez Ascarate,John Lucian Goins,577d1124-44c9-435d-88e9-01a146f2d177,e96d9339-cfb6-473d-bcb3-23f2887a3e0f,1.372,0.03546,0.3671
MXD,Daria Walczak,Luca Mack,3e6b668a-8d26-4424-9420-3ceb18486b65,2aa8ced3-d599-4c83-86dd-ecc80196833b,1.3719,0.02702,0.3646
MXD,Mary Brascia,Robert Slutsky,1dd5c313-10f5-4e0a-bb9b-699913a5abe8,f6fa549d-8a9c-46fd-aeb8-af8a3f0f7a59,1.3716,0.03732,0.3673
MXD,Milan Rane,Rafa Hewett,eb14fc6e-ede1-4999-bec3-e36695e7f94e,06ba18e0-687b-4aa3-822d-1c86981f576b,1.3715,0.01371,0.3602
MXD,Liz Truluck,Pablo Tellez,71992955-8b6f-470b-a991-796cfa56a826,52726ab1-2ac9-46c0-be90-6b0e7a2d56eb,1.3714,0.01525,0.3606
MXD,Kaitlyn Christian,Yuta Funemizu,66a6c35b-33a2-4a23-b5db-fa53c96d643a,ce4f0e14-80ea-4ed0-a81c-7341d356d427,1.3713,0.01609,0.3608
MXD,Liz Truluck,Alex Emery,71992955-8b6f-470b-a991-796cfa56a826,5c817399-aea7-481d-9a83-aab7431eabc1,1.3712,0.03671,0.3668
MXD,Liz Truluck,Jaume Martinez Vich,71992955-8b6f-470b-a991-796cfa56a826,cc8832b9-9a8f-4cbc-8eff-b20e9a7ff09a,1.3711,0.01335,0.3598
MXD,Kaitlyn Christian,Armaan Bhatia,66a6c35b-33a2-4a23-b5db-fa53c96d643a,33292af3-984d-4752-8d18-b3a5c147e9fe,1.3701,0.01567,0.3597
MXD,Liz Truluck,Max Freeman,71992955-8b6f-470b-a991-796cfa56a826,b03ff4de-9b8f-46a8-a530-d8f19e9d6ec9,1.3698,0.01437,0.359
MXD,Eugenia Carolina Lopez Ascarate,Luca Mack,577d1124-44c9-435d-88e9-01a146f2d177,2aa8ced3-d599-4c83-86dd-ecc80196833b,1.3698,0.04126,0.367
MXD,Judit Castillo,John Lucian Goins,ec4cdfe2-c6f6-4de1-824e-9adcaeb31196,e96d9339-cfb6-473d-bcb3-23f2887a3e0f,1.3697,0.01976,0.3606
MXD,Christine Maddox,Robert Slutsky,3ad652aa-3fdd-4e53-8f34-dfdedc3c1901,f6fa549d-8a9c-46fd-aeb8-af8a3f0f7a59,1.3696,0.06273,0.3722
MXD,Allie Reichert,Donald Young,dcd029fb-2814-401b-a1cb-0c4269d9954b,aec5d8be-9ce0-4cc5-98a4-140fad555fe0,1.3691,0.02908,0.363
MXD,Ting Chieh Wei,Tama Shimabukuro,29e8121d-6f86-4192-b7af-ab05b77b89fe,4af4d4d1-9f87-4dc7-95f2-b10751d44c15,1.3688,0.01323,0.3579
MXD,Isabella Dunlap,Donald Young,719e2d3b-d10d-402d-a195-41f072214679,aec5d8be-9ce0-4cc5-98a4-140fad555fe0,1.3687,0.01871,0.3596
MXD,Ting Chieh Wei,Patrick Kawka,29e8121d-6f86-4192-b7af-ab05b77b89fe,6876576c-b20e-47e3-99e4-d32759cc9f48,1.3685,0.04741,0.3676
MXD,Maggie Brascia,Tyson McGuffin,736475dd-7ccd-40d8-8b43-8c2d9ef9e674,dbcb41e9-e983-410b-bc23-d184d034cfc0,1.3679,0.02384,0.3605
MXD,Liz Truluck,Connor Mogle,71992955-8b6f-470b-a991-796cfa56a826,3d9c8684-953f-4008-b355-b6104ee56a5b,1.3679,0.01639,0.3582
MXD,Lea Jansen,John Lucian Goins,7319013d-d511-4aa5-a356-4aa2cccf94f5,e96d9339-cfb6-473d-bcb3-23f2887a3e0f,1.3678,0.01622,0.358
MXD,Judit Castillo,Luca Mack,ec4cdfe2-c6f6-4de1-824e-9adcaeb31196,2aa8ced3-d599-4c83-86dd-ecc80196833b,1.3674,0.02557,0.3606
MXD,Kiora Kunimoto,Phuc Huynh,a95df9a8-772c-4dbf-8c28-e200b7308584,0763ffeb-1b1f-41c5-ab37-d17b66e50b50,1.3674,0.04695,0.3667
MXD,Roos Van Reek,John Lucian Goins,4798e757-53f5-4e52-92aa-98172c8f7862,e96d9339-cfb6-473d-bcb3-23f2887a3e0f,1.3672,0.03345,0.3628
MXD,Etta Tuionetoa,Oliver Frank,676b1cbc-766c-4616-bf39-1787ffd8c72a,e21cb6e0-aabb-43b2-a112-c0a0a59081bf,1.367,0.03907,0.3642
MXD,Allie Reichert,Martin Emmrich,dcd029fb-2814-401b-a1cb-0c4269d9954b,e9849183-4693-4340-abf5-f4b6f3cb226f,1.367,0.02738,0.3609
MXD,Callie Smith,Augustus Ge,0c1bb94d-3af2-42f4-b938-d712c707ace4,ba491f1c-0112-47a8-a348-4695289e958a,1.3669,0.01407,0.3566
MXD,Genie Erokhina,Juan Benitez,461f063e-a587-4638-bad9-421ff33d91d7,f4c43443-fdff-4344-b291-274cfd26361e,1.3667,0.02021,0.3584
MXD,Isabella Dunlap,Martin Emmrich,719e2d3b-d10d-402d-a195-41f072214679,e9849183-4693-4340-abf5-f4b6f3cb226f,1.3666,0.017,0.3573
MXD,Yufei Long,Juan Benitez,20945292-032a-47f1-93c5-d44ada6e4783,f4c43443-fdff-4344-b291-274cfd26361e,1.3666,0.034,0.3625
MXD,Marianna Petrei,Oscar Serra,12890797-7355-49ca-848e-56d67e33c4de,2c2a2b82-9ec7-4046-97cb-3a199ed507af,1.3663,0.0429,0.3647
MXD,Kaitlyn Christian,Dekel Bar,66a6c35b-33a2-4a23-b5db-fa53c96d643a,89843e44-48fd-4a3f-b8c0-5f5aa6ae5741,1.3662,0.01387,0.3559
MXD,Daria Walczak,Donald Young,3e6b668a-8d26-4424-9420-3ceb18486b65,aec5d8be-9ce0-4cc5-98a4-140fad555fe0,1.3661,0.02275,0.3587
MXD,Lea Jansen,Luca Mack,7319013d-d511-4aa5-a356-4aa2cccf94f5,2aa8ced3-d599-4c83-86dd-ecc80196833b,1.3655,0.02203,0.3581
MXD,Lucy Kovalova,Tyson McGuffin,504e8c08-caf6-4db8-b454-11ffa321261c,dbcb41e9-e983-410b-bc23-d184d034cfc0,1.3655,0.0224,0.3581
MXD,Rachel Rohrabacher,Zane Ford,50908953-a944-4a34-898b-16af312bc814,0c5b84bb-4c04-4906-86bc-deb533ff4eec,1.3653,0.01975,0.3572
MXD,Jillian Braverman,Mohaned Alhouni,98c2531f-f5ce-48b5-b251-eb69425d409c,1bab49f1-6891-4d3e-8f77-42aa4fc1d18e,1.365,0.05892,0.368
MXD,Roos Van Reek,Luca Mack,4798e757-53f5-4e52-92aa-98172c8f7862,2aa8ced3-d599-4c83-86dd-ecc80196833b,1.365,0.03926,0.3627
MXD,Chao Yi Wang,Oliver Frank,20684550-cb89-4ea2-9e2f-0f44eb920b45,e21cb6e0-aabb-43b2-a112-c0a0a59081bf,1.3645,0.03902,0.3623
MXD,Allie Reichert,Rafa Hewett,dcd029fb-2814-401b-a1cb-0c4269d9954b,06ba18e0-687b-4aa3-822d-1c86981f576b,1.3645,0.02512,0.3582
MXD,Samantha Parker,Tyson McGuffin,6794d224-7da3-43d9-8300-e24e731f5dea,dbcb41e9-e983-410b-bc23-d184d034cfc0,1.3641,0.01703,0.3553
MXD,Isabella Dunlap,Rafa Hewett,719e2d3b-d10d-402d-a195-41f072214679,06ba18e0-687b-4aa3-822d-1c86981f576b,1.3641,0.01474,0.3546
MXD,Marianna Petrei,George Wall,12890797-7355-49ca-848e-56d67e33c4de,698c5236-e88f-411c-b44f-e54f16b2d6b5,1.364,0.04306,0.3631
MXD,Daria Walczak,Martin Emmrich,3e6b668a-8d26-4424-9420-3ceb18486b65,e9849183-4693-4340-abf5-f4b6f3cb226f,1.364,0.02104,0.3565
MXD,Eugenia Carolina Lopez Ascarate,Donald Young,577d1124-44c9-435d-88e9-01a146f2d177,aec5d8be-9ce0-4cc5-98a4-140fad555fe0,1.364,0.03699,0.3613
MXD,Shelby Bates,John Lucian Goins,ded801fd-297a-4761-b63e-d8fbbfeb5762,e96d9339-cfb6-473d-bcb3-23f2887a3e0f,1.3639,0.03858,0.3617
MXD,Zoey Weil,John Lucian Goins,1d701c30-6b5d-485f-ae97-60f3b0c50896,e96d9339-cfb6-473d-bcb3-23f2887a3e0f,1.3639,0.01758,0.3553
MXD,Alix Truong,Mohaned Alhouni,646f7432-e6ad-4ccf-95ee-a0e5d9514d28,1bab49f1-6891-4d3e-8f77-42aa4fc1d18e,1.3632,0.01608,0.3543
MXD,Kiora Kunimoto,Robert Slutsky,a95df9a8-772c-4dbf-8c28-e200b7308584,f6fa549d-8a9c-46fd-aeb8-af8a3f0f7a59,1.3632,0.02753,0.3579
MXD,Cailyn Campbell,Yuta Funemizu,9eff9049-c45c-42ee-9a49-e9a797cc2116,ce4f0e14-80ea-4ed0-a81c-7341d356d427,1.363,0.01657,0.3543
MXD,Kaitlyn Christian,CJ Klinger,66a6c35b-33a2-4a23-b5db-fa53c96d643a,ead35052-7367-4296-96d4-064f546cc2b9,1.3628,0.0132,0.353
MXD,Liz Truluck,Juan Benitez,71992955-8b6f-470b-a991-796cfa56a826,f4c43443-fdff-4344-b291-274cfd26361e,1.3627,0.02028,0.3553
MXD,Carlota Trevino,Tama Shimabukuro,70c18684-f615-4d05-9aa9-5cbdbd53ab9f,4af4d4d1-9f87-4dc7-95f2-b10751d44c15,1.3619,0.01516,0.353
MXD,Eugenia Carolina Lopez Ascarate,Martin Emmrich,577d1124-44c9-435d-88e9-01a146f2d177,e9849183-4693-4340-abf5-f4b6f3cb226f,1.3619,0.03528,0.3592
MXD,Seone Mendez,Eric Oncins,0d14405e-2e45-4dcb-8fb7-73558c261b4f,52690a0c-ed4a-4e0b-bf69-4ef416cf7d55,1.3618,0.04266,0.3613
MXD,Cailyn Campbell,Armaan Bhatia,9eff9049-c45c-42ee-9a49-e9a797cc2116,33292af3-984d-4752-8d18-b3a5c147e9fe,1.3618,0.01615,0.3532
MXD,Shelby Bates,Luca Mack,ded801fd-297a-4761-b63e-d8fbbfeb5762,2aa8ced3-d599-4c83-86dd-ecc80196833b,1.3617,0.04439,0.3617
MXD,Judit Castillo,Donald Young,ec4cdfe2-c6f6-4de1-824e-9adcaeb31196,aec5d8be-9ce0-4cc5-98a4-140fad555fe0,1.3616,0.02129,0.3547
MXD,Zoey Weil,Luca Mack,1d701c30-6b5d-485f-ae97-60f3b0c50896,2aa8ced3-d599-4c83-86dd-ecc80196833b,1.3616,0.02338,0.3554
MXD,Brooke Buckner,Tyson McGuffin,06dc9b8a-5c01-49cf-bb4d-70d7b5f85acf,dbcb41e9-e983-410b-bc23-d184d034cfc0,1.3615,0.01391,0.3522
MXD,Carlota Trevino,Patrick Kawka,70c18684-f615-4d05-9aa9-5cbdbd53ab9f,6876576c-b20e-47e3-99e4-d32759cc9f48,1.3615,0.04934,0.3629
MXD,Daria Walczak,Rafa Hewett,3e6b668a-8d26-4424-9420-3ceb18486b65,06ba18e0-687b-4aa3-822d-1c86981f576b,1.3615,0.01878,0.3538
MXD,Jessie Irvine,Tama Shimabukuro,8e2f9629-19d0-409d-81dc-b64fe2f3d3ff,4af4d4d1-9f87-4dc7-95f2-b10751d44c15,1.3606,0.01246,0.351
MXD,Vivian Glozman,Matthew Barlow,ff789b9c-80c4-442c-b97e-2e2311298cfb,3270dc72-53b7-4d35-aa4c-7f8b7b6bf905,1.3602,0.03877,0.3589
MXD,Jessie Irvine,Patrick Kawka,8e2f9629-19d0-409d-81dc-b64fe2f3d3ff,6876576c-b20e-47e3-99e4-d32759cc9f48,1.3602,0.04664,0.3612
MXD,Marianna Petrei,Hunter Johnson,12890797-7355-49ca-848e-56d67e33c4de,8160ad59-4654-46b1-b229-8d5f2a9a45f9,1.3601,0.03275,0.3571
MXD,Vivienne David,Hoang Nam Ly,afc0bfc9-8cd8-4600-bd45-681092186db3,f1151ea2-759d-4d9f-a5b9-5ccd966dc3ca,1.36,0.03784,0.3585
MXD,Ting Chieh Wei,Tristan Dussault,29e8121d-6f86-4192-b7af-ab05b77b89fe,3cab1673-2522-4dd5-ba07-2a1b88749d86,1.36,0.02592,0.3549
MXD,Lea Jansen,Donald Young,7319013d-d511-4aa5-a356-4aa2cccf94f5,aec5d8be-9ce0-4cc5-98a4-140fad555fe0,1.3597,0.01775,0.3521
MXD,Judit Castillo,Martin Emmrich,ec4cdfe2-c6f6-4de1-824e-9adcaeb31196,e9849183-4693-4340-abf5-f4b6f3cb226f,1.3595,0.01958,0.3525
MXD,Estee Widdershoven,Tyson McGuffin,bf84d952-c6a8-4494-943d-064b223e764f,dbcb41e9-e983-410b-bc23-d184d034cfc0,1.3594,0.01645,0.3514
MXD,Eugenia Carolina Lopez Ascarate,Rafa Hewett,577d1124-44c9-435d-88e9-01a146f2d177,06ba18e0-687b-4aa3-822d-1c86981f576b,1.3594,0.03302,0.3566
MXD,Etta Tuionetoa,Grayson Goldin,676b1cbc-766c-4616-bf39-1787ffd8c72a,43df1205-e834-4427-9f1a-4e173bf93296,1.3593,0.02485,0.3541
MXD,Mary Brascia,Connor Garnett,1dd5c313-10f5-4e0a-bb9b-699913a5abe8,ff38654d-daae-4bad-a1a7-690e4e5706eb,1.3593,0.02526,0.3542
MXD,Roos Van Reek,Donald Young,4798e757-53f5-4e52-92aa-98172c8f7862,aec5d8be-9ce0-4cc5-98a4-140fad555fe0,1.3592,0.03498,0.357
MXD,Ewa Radzikowska,Oliver Frank,1d51becb-4ea0-4878-9660-e3fd2dfaa0ea,e21cb6e0-aabb-43b2-a112-c0a0a59081bf,1.3591,0.04715,0.3605
MXD,Kaitlyn Christian,Dylan Frazier,66a6c35b-33a2-4a23-b5db-fa53c96d643a,1de884f8-7bf7-4b49-9de8-3f1fd74cabd6,1.359,0.01407,0.3503
MXD,Layne Sleeth,Mohaned Alhouni,55ed7e0a-ff2d-4ac2-aad6-b6772ef4f448,1bab49f1-6891-4d3e-8f77-42aa4fc1d18e,1.3581,0.01755,0.3507
MXD,Cailyn Campbell,Dekel Bar,9eff9049-c45c-42ee-9a49-e9a797cc2116,89843e44-48fd-4a3f-b8c0-5f5aa6ae5741,1.3579,0.01435,0.3495
MXD,Lea Jansen,Martin Emmrich,7319013d-d511-4aa5-a356-4aa2cccf94f5,e9849183-4693-4340-abf5-f4b6f3cb226f,1.3576,0.01605,0.3498
MXD,Milan Rane,Tyson McGuffin,eb14fc6e-ede1-4999-bec3-e36695e7f94e,dbcb41e9-e983-410b-bc23-d184d034cfc0,1.3576,0.01277,0.3487
MXD,Christine Maddox,Connor Garnett,3ad652aa-3fdd-4e53-8f34-dfdedc3c1901,ff38654d-daae-4bad-a1a7-690e4e5706eb,1.3573,0.05067,0.3601
MXD,Judit Castillo,Rafa Hewett,ec4cdfe2-c6f6-4de1-824e-9adcaeb31196,06ba18e0-687b-4aa3-822d-1c86981f576b,1.357,0.01732,0.3498
MXD,Roos Van Reek,Martin Emmrich,4798e757-53f5-4e52-92aa-98172c8f7862,e9849183-4693-4340-abf5-f4b6f3cb226f,1.357,0.03327,0.3549
MXD,Mary Brascia,Jack Munro,1dd5c313-10f5-4e0a-bb9b-699913a5abe8,f90428f0-e4a3-4a08-a664-518ba7f188d2,1.3569,0.05977,0.3621
MXD,Chao Yi Wang,Grayson Goldin,20684550-cb89-4ea2-9e2f-0f44eb920b45,43df1205-e834-4427-9f1a-4e173bf93296,1.3568,0.0248,0.3521
MXD,Shelby Bates,Donald Young,ded801fd-297a-4761-b63e-d8fbbfeb5762,aec5d8be-9ce0-4cc5-98a4-140fad555fe0,1.3559,0.04011,0.356
MXD,Zoey Weil,Donald Young,1d701c30-6b5d-485f-ae97-60f3b0c50896,aec5d8be-9ce0-4cc5-98a4-140fad555fe0,1.3558,0.01911,0.3494
MXD,Callie Smith,Oscar Serra,0c1bb94d-3af2-42f4-b938-d712c707ace4,2c2a2b82-9ec7-4046-97cb-3a199ed507af,1.3556,0.02682,0.3517
MXD,Meghan Dizon,Oliver Frank,8f521dcc-1cb5-4c8d-933c-af6b267bd395,e21cb6e0-aabb-43b2-a112-c0a0a59081bf,1.3555,0.03881,0.3554
MXD,Lea Jansen,Rafa Hewett,7319013d-d511-4aa5-a356-4aa2cccf94f5,06ba18e0-687b-4aa3-822d-1c86981f576b,1.3551,0.01379,0.3471
MXD,Christine Maddox,Jack Munro,3ad652aa-3fdd-4e53-8f34-dfdedc3c1901,f90428f0-e4a3-4a08-a664-518ba7f188d2,1.3549,0.08518,0.3668
MXD,Roos Van Reek,Rafa Hewett,4798e757-53f5-4e52-92aa-98172c8f7862,06ba18e0-687b-4aa3-822d-1c86981f576b,1.3546,0.03101,0.3522
MXD,Genie Erokhina,John Lucian Goins,461f063e-a587-4638-bad9-421ff33d91d7,e96d9339-cfb6-473d-bcb3-23f2887a3e0f,1.3546,0.01718,0.3478
MXD,Yufei Long,John Lucian Goins,20945292-032a-47f1-93c5-d44ada6e4783,e96d9339-cfb6-473d-bcb3-23f2887a3e0f,1.3545,0.03097,0.3522
MXD,Cailyn Campbell,CJ Klinger,9eff9049-c45c-42ee-9a49-e9a797cc2116,ead35052-7367-4296-96d4-064f546cc2b9,1.3545,0.01368,0.3465
MXD,Maggie Brascia,Tama Shimabukuro,736475dd-7ccd-40d8-8b43-8c2d9ef9e674,4af4d4d1-9f87-4dc7-95f2-b10751d44c15,1.354,0.02283,0.3492
MXD,Shelby Bates,Martin Emmrich,ded801fd-297a-4761-b63e-d8fbbfeb5762,e9849183-4693-4340-abf5-f4b6f3cb226f,1.3538,0.0384,0.3539
MXD,Zoey Weil,Martin Emmrich,1d701c30-6b5d-485f-ae97-60f3b0c50896,e9849183-4693-4340-abf5-f4b6f3cb226f,1.3537,0.0174,0.3472
MXD,Maggie Brascia,Patrick Kawka,736475dd-7ccd-40d8-8b43-8c2d9ef9e674,6876576c-b20e-47e3-99e4-d32759cc9f48,1.3536,0.05701,0.359
MXD,Callie Smith,George Wall,0c1bb94d-3af2-42f4-b938-d712c707ace4,698c5236-e88f-411c-b44f-e54f16b2d6b5,1.3533,0.02699,0.35
MXD,Carlota Trevino,Tristan Dussault,70c18684-f615-4d05-9aa9-5cbdbd53ab9f,3cab1673-2522-4dd5-ba07-2a1b88749d86,1.353,0.02785,0.3501
MXD,Marianna Petrei,Roscoe Bellamy,12890797-7355-49ca-848e-56d67e33c4de,925c1306-6b3b-4510-8482-f34168a0842a,1.3528,0.03202,0.3512
MXD,Genie Erokhina,Luca Mack,461f063e-a587-4638-bad9-421ff33d91d7,2aa8ced3-d599-4c83-86dd-ecc80196833b,1.3524,0.02298,0.348
MXD,Yufei Long,Luca Mack,20945292-032a-47f1-93c5-d44ada6e4783,2aa8ced3-d599-4c83-86dd-ecc80196833b,1.3523,0.03678,0.3523
MXD,Katerina Stewart,Jay Devilliers,3cec5850-24e2-44e3-96bc-ee87aa34581d,295e343a-31a0-4e1d-a286-d62592291435,1.352,0.02724,0.3491
MXD,Jessie Irvine,Tristan Dussault,8e2f9629-19d0-409d-81dc-b64fe2f3d3ff,3cab1673-2522-4dd5-ba07-2a1b88749d86,1.3517,0.02515,0.3482
MXD,Lucy Kovalova,Tama Shimabukuro,504e8c08-caf6-4db8-b454-11ffa321261c,4af4d4d1-9f87-4dc7-95f2-b10751d44c15,1.3515,0.02139,0.3468
MXD,Ewa Radzikowska,Grayson Goldin,1d51becb-4ea0-4878-9660-e3fd2dfaa0ea,43df1205-e834-4427-9f1a-4e173bf93296,1.3514,0.03293,0.3504
MXD,Shelby Bates,Rafa Hewett,ded801fd-297a-4761-b63e-d8fbbfeb5762,06ba18e0-687b-4aa3-822d-1c86981f576b,1.3513,0.03614,0.3513
MXD,Lucy Kovalova,Patrick Kawka,504e8c08-caf6-4db8-b454-11ffa321261c,6876576c-b20e-47e3-99e4-d32759cc9f48,1.3512,0.05557,0.3568
MXD,Zoey Weil,Rafa Hewett,1d701c30-6b5d-485f-ae97-60f3b0c50896,06ba18e0-687b-4aa3-822d-1c86981f576b,1.3512,0.01514,0.3444
MXD,Liz Truluck,John Lucian Goins,71992955-8b6f-470b-a991-796cfa56a826,e96d9339-cfb6-473d-bcb3-23f2887a3e0f,1.351,0.01725,0.345
MXD,Kiora Kunimoto,Connor Garnett,a95df9a8-772c-4dbf-8c28-e200b7308584,ff38654d-daae-4bad-a1a7-690e4e5706eb,1.3509,0.01547,0.3443
MXD,Cailyn Campbell,Dylan Frazier,9eff9049-c45c-42ee-9a49-e9a797cc2116,1de884f8-7bf7-4b49-9de8-3f1fd74cabd6,1.3508,0.01455,0.3439
MXD,Allie Reichert,Tyson McGuffin,dcd029fb-2814-401b-a1cb-0c4269d9954b,dbcb41e9-e983-410b-bc23-d184d034cfc0,1.3507,0.02418,0.3471
MXD,Isabella Dunlap,Tyson McGuffin,719e2d3b-d10d-402d-a195-41f072214679,dbcb41e9-e983-410b-bc23-d184d034cfc0,1.3503,0.0138,0.3432
MXD,Marianna Petrei,Anderson Scarpa,12890797-7355-49ca-848e-56d67e33c4de,fa8d5d28-d8f5-4996-8c35-0f4ca3c35bae,1.3502,0.03392,0.3498
MXD,Samantha Parker,Tama Shimabukuro,6794d224-7da3-43d9-8300-e24e731f5dea,4af4d4d1-9f87-4dc7-95f2-b10751d44c15,1.3501,0.01602,0.3439
MXD,Kaitlyn Christian,Augustus Ge,66a6c35b-33a2-4a23-b5db-fa53c96d643a,ba491f1c-0112-47a8-a348-4695289e958a,1.3499,0.01236,0.3424
MXD,Samantha Parker,Patrick Kawka,6794d224-7da3-43d9-8300-e24e731f5dea,6876576c-b20e-47e3-99e4-d32759cc9f48,1.3498,0.05021,0.3543
MXD,Callie Smith,Hunter Johnson,0c1bb94d-3af2-42f4-b938-d712c707ace4,8160ad59-4654-46b1-b229-8d5f2a9a45f9,1.3494,0.01667,0.3435
MXD,Liz Truluck,Luca Mack,71992955-8b6f-470b-a991-796cfa56a826,2aa8ced3-d599-4c83-86dd-ecc80196833b,1.3488,0.02305,0.3452
MXD,Mary Brascia,Quang Duong,1dd5c313-10f5-4e0a-bb9b-699913a5abe8,14d61e81-14d5-4cb3-ae33-d427fbc1b4f6,1.3486,0.04372,0.3516
MXD,Kiora Kunimoto,Jack Munro,a95df9a8-772c-4dbf-8c28-e200b7308584,f90428f0-e4a3-4a08-a664-518ba7f188d2,1.3485,0.04998,0.3533
MXD,Marianna Petrei,Thomas Yu,12890797-7355-49ca-848e-56d67e33c4de,8c94d7b2-0dce-455e-916f-e35927d53547,1.3481,0.04821,0.3525
MXD,Meghan Dizon,Grayson Goldin,8f521dcc-1cb5-4c8d-933c-af6b267bd395,43df1205-e834-4427-9f1a-4e173bf93296,1.3478,0.02459,0.345
MXD,Daria Walczak,Tyson McGuffin,3e6b668a-8d26-4424-9420-3ceb18486b65,dbcb41e9-e983-410b-bc23-d184d034cfc0,1.3477,0.01784,0.3426
MXD,Brooke Buckner,Tama Shimabukuro,06dc9b8a-5c01-49cf-bb4d-70d7b5f85acf,4af4d4d1-9f87-4dc7-95f2-b10751d44c15,1.3475,0.0129,0.3407
MXD,Marianna Petrei,Joseph Wild,12890797-7355-49ca-848e-56d67e33c4de,a51b59c5-1a13-4472-821a-eb9866e72adf,1.3475,0.04061,0.3498
MXD,Brooke Buckner,Patrick Kawka,06dc9b8a-5c01-49cf-bb4d-70d7b5f85acf,6876576c-b20e-47e3-99e4-d32759cc9f48,1.3472,0.04708,0.3515
MXD,Ting Chieh Wei,Christopher Haworth,29e8121d-6f86-4192-b7af-ab05b77b89fe,a91e2b68-7357-4518-baf9-f59b0b4c2477,1.3472,0.01636,0.3417
MXD,Genie Erokhina,Donald Young,461f063e-a587-4638-bad9-421ff33d91d7,aec5d8be-9ce0-4cc5-98a4-140fad555fe0,1.3466,0.01871,0.342
MXD,Christine Maddox,Quang Duong,3ad652aa-3fdd-4e53-8f34-dfdedc3c1901,14d61e81-14d5-4cb3-ae33-d427fbc1b4f6,1.3466,0.06913,0.3571
MXD,Yufei Long,Donald Young,20945292-032a-47f1-93c5-d44ada6e4783,aec5d8be-9ce0-4cc5-98a4-140fad555fe0,1.3465,0.0325,0.3465
MXD,Etta Tuionetoa,Hoang Nam Ly,676b1cbc-766c-4616-bf39-1787ffd8c72a,f1151ea2-759d-4d9f-a5b9-5ccd966dc3ca,1.3456,0.02673,0.344
MXD,Estee Widdershoven,Tama Shimabukuro,bf84d952-c6a8-4494-943d-064b223e764f,4af4d4d1-9f87-4dc7-95f2-b10751d44c15,1.3455,0.01544,0.34
MXD,Eugenia Carolina Lopez Ascarate,Tyson McGuffin,577d1124-44c9-435d-88e9-01a146f2d177,dbcb41e9-e983-410b-bc23-d184d034cfc0,1.3455,0.03208,0.3457
MXD,Maggie Brascia,Tristan Dussault,736475dd-7ccd-40d8-8b43-8c2d9ef9e674,3cab1673-2522-4dd5-ba07-2a1b88749d86,1.3451,0.03552,0.3464
MXD,Estee Widdershoven,Patrick Kawka,bf84d952-c6a8-4494-943d-064b223e764f,6876576c-b20e-47e3-99e4-d32759cc9f48,1.3451,0.04962,0.3507
MXD,Mary Brascia,Noe Khlif,1dd5c313-10f5-4e0a-bb9b-699913a5abe8,1bb8b2c1-ca6f-45ac-afdd-fab7e77d69d4,1.3448,0.02429,0.3425
MXD,Genie Erokhina,Martin Emmrich,461f063e-a587-4638-bad9-421ff33d91d7,e9849183-4693-4340-abf5-f4b6f3cb226f,1.3445,0.017,0.3397
MXD,Yufei Long,Martin Emmrich,20945292-032a-47f1-93c5-d44ada6e4783,e9849183-4693-4340-abf5-f4b6f3cb226f,1.3444,0.0308,0.3444
MXD,Marianna Petrei,Harsh Mehta,12890797-7355-49ca-848e-56d67e33c4de,c18fb17d-e0bb-415c-901b-fa2f928ab22c,1.3439,0.04908,0.3496
MXD,Milan Rane,Tama Shimabukuro,eb14fc6e-ede1-4999-bec3-e36695e7f94e,4af4d4d1-9f87-4dc7-95f2-b10751d44c15,1.3437,0.01176,0.3372
MXD,Milan Rane,Patrick Kawka,eb14fc6e-ede1-4999-bec3-e36695e7f94e,6876576c-b20e-47e3-99e4-d32759cc9f48,1.3433,0.04595,0.3483
MXD,Judit Castillo,Tyson McGuffin,ec4cdfe2-c6f6-4de1-824e-9adcaeb31196,dbcb41e9-e983-410b-bc23-d184d034cfc0,1.3432,0.01639,0.3385
MXD,Chao Yi Wang,Hoang Nam Ly,20684550-cb89-4ea2-9e2f-0f44eb920b45,f1151ea2-759d-4d9f-a5b9-5ccd966dc3ca,1.3431,0.02667,0.342
MXD,Liz Truluck,Donald Young,71992955-8b6f-470b-a991-796cfa56a826,aec5d8be-9ce0-4cc5-98a4-140fad555fe0,1.343,0.01878,0.3392
MXD,Christine Maddox,Noe Khlif,3ad652aa-3fdd-4e53-8f34-dfdedc3c1901,1bb8b2c1-ca6f-45ac-afdd-fab7e77d69d4,1.3428,0.0497,0.349
MXD,Lucy Kovalova,Tristan Dussault,504e8c08-caf6-4db8-b454-11ffa321261c,3cab1673-2522-4dd5-ba07-2a1b88749d86,1.3426,0.03408,0.3441
MXD,Genie Erokhina,Rafa Hewett,461f063e-a587-4638-bad9-421ff33d91d7,06ba18e0-687b-4aa3-822d-1c86981f576b,1.342,0.01474,0.3369
MXD,Callie Smith,Roscoe Bellamy,0c1bb94d-3af2-42f4-b938-d712c707ace4,925c1306-6b3b-4510-8482-f34168a0842a,1.342,0.01594,0.3374
MXD,Yufei Long,Rafa Hewett,20945292-032a-47f1-93c5-d44ada6e4783,06ba18e0-687b-4aa3-822d-1c86981f576b,1.3419,0.02854,0.3417
MXD,Marianna Petrei,Hien Truong,12890797-7355-49ca-848e-56d67e33c4de,524b89ad-b76b-40b4-a0db-736bdc7b8adb,1.3417,0.04714,0.3475
MXD,Jackie Kawamoto,Zane Ford,be33755f-9262-461b-aedd-e9a7a686a82c,0c5b84bb-4c04-4906-86bc-deb533ff4eec,1.3416,0.02247,0.3394
MXD,Cailyn Campbell,Augustus Ge,9eff9049-c45c-42ee-9a49-e9a797cc2116,ba491f1c-0112-47a8-a348-4695289e958a,1.3416,0.01284,0.336
MXD,Lea Jansen,Tyson McGuffin,7319013d-d511-4aa5-a356-4aa2cccf94f5,dbcb41e9-e983-410b-bc23-d184d034cfc0,1.3413,0.01285,0.3357
MXD,Samantha Parker,Tristan Dussault,6794d224-7da3-43d9-8300-e24e731f5dea,3cab1673-2522-4dd5-ba07-2a1b88749d86,1.3413,0.02871,0.3413
MXD,Tyra Hurricane Black,Zane Ford,fec65f7e-f2c8-482f-ab5b-541cf53b1064,0c5b84bb-4c04-4906-86bc-deb533ff4eec,1.3412,0.01987,0.3382
MXD,Liz Truluck,Martin Emmrich,71992955-8b6f-470b-a991-796cfa56a826,e9849183-4693-4340-abf5-f4b6f3cb226f,1.3409,0.01707,0.3369
MXD,Roos Van Reek,Tyson McGuffin,4798e757-53f5-4e52-92aa-98172c8f7862,dbcb41e9-e983-410b-bc23-d184d034cfc0,1.3407,0.03008,0.3413
MXD,Sahra Dennehy,Oliver Frank,051f5c82-82ce-4ab8-b4f8-36976638a89b,e21cb6e0-aabb-43b2-a112-c0a0a59081bf,1.3402,0.04,0.3441
MXD,Carlota Trevino,Christopher Haworth,70c18684-f615-4d05-9aa9-5cbdbd53ab9f,a91e2b68-7357-4518-baf9-f59b0b4c2477,1.3402,0.01829,0.3369
MXD,Kiora Kunimoto,Quang Duong,a95df9a8-772c-4dbf-8c28-e200b7308584,14d61e81-14d5-4cb3-ae33-d427fbc1b4f6,1.3402,0.03393,0.3422
MXD,Marianna Petrei,Etienne Blaszkewycz,12890797-7355-49ca-848e-56d67e33c4de,d3e486f2-7c25-4bcf-b9dd-81c14f644f60,1.3398,0.03828,0.3433
MXD,Seone Mendez,Jay Devilliers,0d14405e-2e45-4dcb-8fb7-73558c261b4f,295e343a-31a0-4e1d-a286-d62592291435,1.3396,0.04416,0.345
MXD,Callie Smith,Anderson Scarpa,0c1bb94d-3af2-42f4-b938-d712c707ace4,fa8d5d28-d8f5-4996-8c35-0f4ca3c35bae,1.3394,0.01784,0.336
MXD,Katerina Stewart,Federico Staksrud,3cec5850-24e2-44e3-96bc-ee87aa34581d,7edb882c-6d17-4129-8208-710e3c82364c,1.3392,0.0252,0.3385
MXD,Leigh Waters,Oliver Frank,1bfba782-55f3-42e4-9889-9018e793c0b5,e21cb6e0-aabb-43b2-a112-c0a0a59081bf,1.3391,0.05254,0.3471
MXD,Katerina Stewart,Riley Newman,3cec5850-24e2-44e3-96bc-ee87aa34581d,05b194b3-db88-4f77-a26f-5ef5cfbf6146,1.3391,0.02648,0.3389
MXD,Bobbi Oshiro,Matthew Barlow,7f36e416-0907-43b2-8ec4-e9533088e30f,3270dc72-53b7-4d35-aa4c-7f8b7b6bf905,1.339,0.06003,0.3492
MXD,Jessie Irvine,Christopher Haworth,8e2f9629-19d0-409d-81dc-b64fe2f3d3ff,a91e2b68-7357-4518-baf9-f59b0b4c2477,1.3389,0.01559,0.3349
MXD,Brooke Buckner,Tristan Dussault,06dc9b8a-5c01-49cf-bb4d-70d7b5f85acf,3cab1673-2522-4dd5-ba07-2a1b88749d86,1.3386,0.02559,0.3382
MXD,Kaitlyn Christian,Oscar Serra,66a6c35b-33a2-4a23-b5db-fa53c96d643a,2c2a2b82-9ec7-4046-97cb-3a199ed507af,1.3385,0.02511,0.338
MXD,Allyce Jones,Oliver Frank,efe9989b-5864-48c2-806c-06697024e1da,e21cb6e0-aabb-43b2-a112-c0a0a59081bf,1.3384,0.0382,0.3422
MXD,Liz Truluck,Rafa Hewett,71992955-8b6f-470b-a991-796cfa56a826,06ba18e0-687b-4aa3-822d-1c86981f576b,1.3384,0.01481,0.3341
MXD,Ewa Radzikowska,Hoang Nam Ly,1d51becb-4ea0-4878-9660-e3fd2dfaa0ea,f1151ea2-759d-4d9f-a5b9-5ccd966dc3ca,1.3377,0.0348,0.3406
MXD,Marianna Petrei,Pablo Tellez,12890797-7355-49ca-848e-56d67e33c4de,52726ab1-2ac9-46c0-be90-6b0e7a2d56eb,1.3374,0.03235,0.3395
MXD,Shelby Bates,Tyson McGuffin,ded801fd-297a-4761-b63e-d8fbbfeb5762,dbcb41e9-e983-410b-bc23-d184d034cfc0,1.3374,0.03521,0.3405
MXD,Zoey Weil,Tyson McGuffin,1d701c30-6b5d-485f-ae97-60f3b0c50896,dbcb41e9-e983-410b-bc23-d184d034cfc0,1.3374,0.0142,0.3331
MXD,Callie Smith,Thomas Yu,0c1bb94d-3af2-42f4-b938-d712c707ace4,8c94d7b2-0dce-455e-916f-e35927d53547,1.3374,0.03213,0.3394
MXD,Lacy Schneemann,Matthew Barlow,a3ed7970-35d2-485c-8285-187c298a2d83,3270dc72-53b7-4d35-aa4c-7f8b7b6bf905,1.3373,0.02404,0.3366
MXD,Marianna Petrei,Jaume Martinez Vich,12890797-7355-49ca-848e-56d67e33c4de,cc8832b9-9a8f-4cbc-8eff-b20e9a7ff09a,1.3372,0.03045,0.3387
MXD,Marianna Petrei,Alex Emery,12890797-7355-49ca-848e-56d67e33c4de,5c817399-aea7-481d-9a83-aab7431eabc1,1.3372,0.05381,0.3461
MXD,Mary Brascia,Will Howells,1dd5c313-10f5-4e0a-bb9b-699913a5abe8,d0f19d1e-2a6e-4eb3-b10c-1311edd599a8,1.3371,0.0256,0.337
MXD,Catherine Parenteau,Matthew Barlow,9b97206b-783a-4fab-85e9-45a6240325a5,3270dc72-53b7-4d35-aa4c-7f8b7b6bf905,1.337,0.02294,0.336
MXD,Mary Brascia,Bruno Faletto,1dd5c313-10f5-4e0a-bb9b-699913a5abe8,34049405-b415-4f3a-aade-5be0111ac7db,1.3368,0.0336,0.3395
MXD,Mary Brascia,Vanshik Kapadia,1dd5c313-10f5-4e0a-bb9b-699913a5abe8,6866df42-48ad-423c-9e57-d7d4d6fb66ef,1.3368,0.05345,0.3457
MXD,Allie Reichert,Tama Shimabukuro,dcd029fb-2814-401b-a1cb-0c4269d9954b,4af4d4d1-9f87-4dc7-95f2-b10751d44c15,1.3367,0.02317,0.3359
MXD,Callie Smith,Joseph Wild,0c1bb94d-3af2-42f4-b938-d712c707ace4,a51b59c5-1a13-4472-821a-eb9866e72adf,1.3367,0.02453,0.3363
MXD,Estee Widdershoven,Tristan Dussault,bf84d952-c6a8-4494-943d-064b223e764f,3cab1673-2522-4dd5-ba07-2a1b88749d86,1.3366,0.02813,0.3375
MXD,Kiora Kunimoto,Noe Khlif,a95df9a8-772c-4dbf-8c28-e200b7308584,1bb8b2c1-ca6f-45ac-afdd-fab7e77d69d4,1.3364,0.0145,0.3325
MXD,Allie Reichert,Patrick Kawka,dcd029fb-2814-401b-a1cb-0c4269d9954b,6876576c-b20e-47e3-99e4-d32759cc9f48,1.3364,0.05736,0.3465
MXD,Isabella Dunlap,Tama Shimabukuro,719e2d3b-d10d-402d-a195-41f072214679,4af4d4d1-9f87-4dc7-95f2-b10751d44c15,1.3363,0.01279,0.3318
MXD,Kaitlyn Christian,George Wall,66a6c35b-33a2-4a23-b5db-fa53c96d643a,698c5236-e88f-411c-b44f-e54f16b2d6b5,1.3363,0.02527,0.3363
MXD,Isabella Dunlap,Patrick Kawka,719e2d3b-d10d-402d-a195-41f072214679,6876576c-b20e-47e3-99e4-d32759cc9f48,1.336,0.04698,0.3431
MXD,Marianna Petrei,Max Freeman,12890797-7355-49ca-848e-56d67e33c4de,b03ff4de-9b8f-46a8-a530-d8f19e9d6ec9,1.3359,0.03147,0.3381
MXD,Kate Fahey,Zane Ford,3af01041-5679-400a-87b8-12c01db8cec4,0c5b84bb-4c04-4906-86bc-deb533ff4eec,1.3356,0.01832,0.3333
MXD,Christine Maddox,Will Howells,3ad652aa-3fdd-4e53-8f34-dfdedc3c1901,d0f19d1e-2a6e-4eb3-b10c-1311edd599a8,1.3351,0.05101,0.3437
MXD,Milan Rane,Tristan Dussault,eb14fc6e-ede1-4999-bec3-e36695e7f94e,3cab1673-2522-4dd5-ba07-2a1b88749d86,1.3348,0.02445,0.3349
MXD,Christine Maddox,Bruno Faletto,3ad652aa-3fdd-4e53-8f34-dfdedc3c1901,34049405-b415-4f3a-aade-5be0111ac7db,1.3348,0.059,0.3458
MXD,Christine Maddox,Vanshik Kapadia,3ad652aa-3fdd-4e53-8f34-dfdedc3c1901,6866df42-48ad-423c-9e57-d7d4d6fb66ef,1.3348,0.07885,0.3512
MXD,Meghan Dizon,Hoang Nam Ly,8f521dcc-1cb5-4c8d-933c-af6b267bd395,f1151ea2-759d-4d9f-a5b9-5ccd966dc3ca,1.3341,0.02647,0.335
MXD,Marianna Petrei,Connor Mogle,12890797-7355-49ca-848e-56d67e33c4de,3d9c8684-953f-4008-b355-b6104ee56a5b,1.334,0.03349,0.3373
MXD,Daria Walczak,Tama Shimabukuro,3e6b668a-8d26-4424-9420-3ceb18486b65,4af4d4d1-9f87-4dc7-95f2-b10751d44c15,1.3337,0.01684,0.3312
MXD,Daria Walczak,Patrick Kawka,3e6b668a-8d26-4424-9420-3ceb18486b65,6876576c-b20e-47e3-99e4-d32759cc9f48,1.3333,0.05102,0.3424
MXD,Callie Smith,Harsh Mehta,0c1bb94d-3af2-42f4-b938-d712c707ace4,c18fb17d-e0bb-415c-901b-fa2f928ab22c,1.3331,0.033,0.3365
MXD,Sahra Dennehy,Grayson Goldin,051f5c82-82ce-4ab8-b4f8-36976638a89b,43df1205-e834-4427-9f1a-4e173bf93296,1.3325,0.02577,0.3335
MXD,Kaitlyn Christian,Hunter Johnson,66a6c35b-33a2-4a23-b5db-fa53c96d643a,8160ad59-4654-46b1-b229-8d5f2a9a45f9,1.3323,0.01496,0.3294
MXD,Maggie Brascia,Christopher Haworth,736475dd-7ccd-40d8-8b43-8c2d9ef9e674,a91e2b68-7357-4518-baf9-f59b0b4c2477,1.3323,0.02596,0.3335
MXD,Eugenia Carolina Lopez Ascarate,Tama Shimabukuro,577d1124-44c9-435d-88e9-01a146f2d177,4af4d4d1-9f87-4dc7-95f2-b10751d44c15,1.3316,0.03107,0.3347
MXD,Leigh Waters,Grayson Goldin,1bfba782-55f3-42e4-9889-9018e793c0b5,43df1205-e834-4427-9f1a-4e173bf93296,1.3314,0.03831,0.337
MXD,Eugenia Carolina Lopez Ascarate,Patrick Kawka,577d1124-44c9-435d-88e9-01a146f2d177,6876576c-b20e-47e3-99e4-d32759cc9f48,1.3312,0.06526,0.345
MXD,Callie Smith,Hien Truong,0c1bb94d-3af2-42f4-b938-d712c707ace4,524b89ad-b76b-40b4-a0db-736bdc7b8adb,1.331,0.03106,0.3342
MXD,Allyce Jones,Grayson Goldin,efe9989b-5864-48c2-806c-06697024e1da,43df1205-e834-4427-9f1a-4e173bf93296,1.3308,0.02397,0.3316
MXD,Cailyn Campbell,Oscar Serra,9eff9049-c45c-42ee-9a49-e9a797cc2116,2c2a2b82-9ec7-4046-97cb-3a199ed507af,1.3303,0.02559,0.3318
MXD,Lucy Kovalova,Christopher Haworth,504e8c08-caf6-4db8-b454-11ffa321261c,a91e2b68-7357-4518-baf9-f59b0b4c2477,1.3299,0.02452,0.3311
MXD,Judit Castillo,Tama Shimabukuro,ec4cdfe2-c6f6-4de1-824e-9adcaeb31196,4af4d4d1-9f87-4dc7-95f2-b10751d44c15,1.3292,0.01538,0.3272
MXD,Callie Smith,Etienne Blaszkewycz,0c1bb94d-3af2-42f4-b938-d712c707ace4,d3e486f2-7c25-4bcf-b9dd-81c14f644f60,1.329,0.02221,0.3296
MXD,Judit Castillo,Patrick Kawka,ec4cdfe2-c6f6-4de1-824e-9adcaeb31196,6876576c-b20e-47e3-99e4-d32759cc9f48,1.3289,0.04956,0.3387
MXD,Ting Chieh Wei,Mohaned Alhouni,29e8121d-6f86-4192-b7af-ab05b77b89fe,1bab49f1-6891-4d3e-8f77-42aa4fc1d18e,1.3287,0.01599,0.327
MXD,Marianna Petrei,Juan Benitez,12890797-7355-49ca-848e-56d67e33c4de,f4c43443-fdff-4344-b291-274cfd26361e,1.3287,0.03738,0.3347
MXD,Kiora Kunimoto,Will Howells,a95df9a8-772c-4dbf-8c28-e200b7308584,d0f19d1e-2a6e-4eb3-b10c-1311edd599a8,1.3287,0.01581,0.3269
MXD,Samantha Parker,Christopher Haworth,6794d224-7da3-43d9-8300-e24e731f5dea,a91e2b68-7357-4518-baf9-f59b0b4c2477,1.3285,0.01915,0.328
MXD,Kiora Kunimoto,Bruno Faletto,a95df9a8-772c-4dbf-8c28-e200b7308584,34049405-b415-4f3a-aade-5be0111ac7db,1.3284,0.0238,0.3297
MXD,Kiora Kunimoto,Vanshik Kapadia,a95df9a8-772c-4dbf-8c28-e200b7308584,6866df42-48ad-423c-9e57-d7d4d6fb66ef,1.3284,0.04366,0.3365
MXD,Yufei Long,Tyson McGuffin,20945292-032a-47f1-93c5-d44ada6e4783,dbcb41e9-e983-410b-bc23-d184d034cfc0,1.3281,0.0276,0.3308
MXD,Genie Erokhina,Tyson McGuffin,461f063e-a587-4638-bad9-421ff33d91d7,dbcb41e9-e983-410b-bc23-d184d034cfc0,1.3281,0.0138,0.3257
MXD,Cailyn Campbell,George Wall,9eff9049-c45c-42ee-9a49-e9a797cc2116,698c5236-e88f-411c-b44f-e54f16b2d6b5,1.328,0.02576,0.3301
MXD,Allie Reichert,Tristan Dussault,dcd029fb-2814-401b-a1cb-0c4269d9954b,3cab1673-2522-4dd5-ba07-2a1b88749d86,1.3279,0.03586,0.3335
MXD,Isabella Dunlap,Tristan Dussault,719e2d3b-d10d-402d-a195-41f072214679,3cab1673-2522-4dd5-ba07-2a1b88749d86,1.3274,0.02548,0.3296
MXD,Lea Jansen,Tama Shimabukuro,7319013d-d511-4aa5-a356-4aa2cccf94f5,4af4d4d1-9f87-4dc7-95f2-b10751d44c15,1.3273,0.01184,0.3243
MXD,Lea Jansen,Patrick Kawka,7319013d-d511-4aa5-a356-4aa2cccf94f5,6876576c-b20e-47e3-99e4-d32759cc9f48,1.327,0.04602,0.3362
MXD,Roos Van Reek,Tama Shimabukuro,4798e757-53f5-4e52-92aa-98172c8f7862,4af4d4d1-9f87-4dc7-95f2-b10751d44c15,1.3268,0.02907,0.3303
MXD,Seone Mendez,Federico Staksrud,0d14405e-2e45-4dcb-8fb7-73558c261b4f,7edb882c-6d17-4129-8208-710e3c82364c,1.3268,0.04212,0.3348
MXD,Seone Mendez,Riley Newman,0d14405e-2e45-4dcb-8fb7-73558c261b4f,05b194b3-db88-4f77-a26f-5ef5cfbf6146,1.3267,0.0434,0.3352
MXD,Callie Smith,Pablo Tellez,0c1bb94d-3af2-42f4-b938-d712c707ace4,52726ab1-2ac9-46c0-be90-6b0e7a2d56eb,1.3266,0.01627,0.3255
MXD,Callie Smith,Alex Emery,0c1bb94d-3af2-42f4-b938-d712c707ace4,5c817399-aea7-481d-9a83-aab7431eabc1,1.3265,0.03773,0.3331
MXD,Yana Newell,Oliver Frank,655e0349-7e66-4233-b999-b6cca2298f9b,e21cb6e0-aabb-43b2-a112-c0a0a59081bf,1.3264,0.0535,0.3381
MXD,Roos Van Reek,Patrick Kawka,4798e757-53f5-4e52-92aa-98172c8f7862,6876576c-b20e-47e3-99e4-d32759cc9f48,1.3264,0.06325,0.341
MXD,Callie Smith,Jaume Martinez Vich,0c1bb94d-3af2-42f4-b938-d712c707ace4,cc8832b9-9a8f-4cbc-8eff-b20e9a7ff09a,1.3264,0.01438,0.3246
MXD,Brooke Buckner,Christopher Haworth,06dc9b8a-5c01-49cf-bb4d-70d7b5f85acf,a91e2b68-7357-4518-baf9-f59b0b4c2477,1.3259,0.01603,0.3248
MXD,Mary Brascia,Yuta Funemizu,1dd5c313-10f5-4e0a-bb9b-699913a5abe8,ce4f0e14-80ea-4ed0-a81c-7341d356d427,1.3254,0.02789,0.3289
MXD,Callie Smith,Max Freeman,0c1bb94d-3af2-42f4-b938-d712c707ace4,b03ff4de-9b8f-46a8-a530-d8f19e9d6ec9,1.3251,0.01539,0.324
MXD,Kaitlyn Christian,Roscoe Bellamy,66a6c35b-33a2-4a23-b5db-fa53c96d643a,925c1306-6b3b-4510-8482-f34168a0842a,1.325,0.01423,0.3234
MXD,Daria Walczak,Tristan Dussault,3e6b668a-8d26-4424-9420-3ceb18486b65,3cab1673-2522-4dd5-ba07-2a1b88749d86,1.3248,0.02952,0.329
MXD,Vivienne David,Matthew Barlow,afc0bfc9-8cd8-4600-bd45-681092186db3,3270dc72-53b7-4d35-aa4c-7f8b7b6bf905,1.3246,0.03576,0.3311
MXD,Liz Truluck,Tyson McGuffin,71992955-8b6f-470b-a991-796cfa56a826,dbcb41e9-e983-410b-bc23-d184d034cfc0,1.3245,0.01387,0.323
MXD,Mary Brascia,Armaan Bhatia,1dd5c313-10f5-4e0a-bb9b-699913a5abe8,33292af3-984d-4752-8d18-b3a5c147e9fe,1.3242,0.02747,0.3278
MXD,Cailyn Campbell,Hunter Johnson,9eff9049-c45c-42ee-9a49-e9a797cc2116,8160ad59-4654-46b1-b229-8d5f2a9a45f9,1.324,0.01544,0.3232
MXD,Estee Widdershoven,Christopher Haworth,bf84d952-c6a8-4494-943d-064b223e764f,a91e2b68-7357-4518-baf9-f59b0b4c2477,1.3238,0.01857,0.3242
MXD,Shelby Bates,Tama Shimabukuro,ded801fd-297a-4761-b63e-d8fbbfeb5762,4af4d4d1-9f87-4dc7-95f2-b10751d44c15,1.3235,0.0342,0.3297
MXD,Zoey Weil,Tama Shimabukuro,1d701c30-6b5d-485f-ae97-60f3b0c50896,4af4d4d1-9f87-4dc7-95f2-b10751d44c15,1.3234,0.01319,0.3218
MXD,Christine Maddox,Yuta Funemizu,3ad652aa-3fdd-4e53-8f34-dfdedc3c1901,ce4f0e14-80ea-4ed0-a81c-7341d356d427,1.3234,0.0533,0.3359
MXD,Callie Smith,Connor Mogle,0c1bb94d-3af2-42f4-b938-d712c707ace4,3d9c8684-953f-4008-b355-b6104ee56a5b,1.3232,0.01742,0.3233
MXD,Shelby Bates,Patrick Kawka,ded801fd-297a-4761-b63e-d8fbbfeb5762,6876576c-b20e-47e3-99e4-d32759cc9f48,1.3231,0.06838,0.3402
MXD,Zoey Weil,Patrick Kawka,1d701c30-6b5d-485f-ae97-60f3b0c50896,6876576c-b20e-47e3-99e4-d32759cc9f48,1.3231,0.04738,0.3338
MXD,Eugenia Carolina Lopez Ascarate,Tristan Dussault,577d1124-44c9-435d-88e9-01a146f2d177,3cab1673-2522-4dd5-ba07-2a1b88749d86,1.3227,0.04376,0.3323
MXD,Kaitlyn Christian,Anderson Scarpa,66a6c35b-33a2-4a23-b5db-fa53c96d643a,fa8d5d28-d8f5-4996-8c35-0f4ca3c35bae,1.3224,0.01613,0.3222
MXD,Christine Maddox,Armaan Bhatia,3ad652aa-3fdd-4e53-8f34-dfdedc3c1901,33292af3-984d-4752-8d18-b3a5c147e9fe,1.3222,0.05287,0.3349
MXD,Milan Rane,Christopher Haworth,eb14fc6e-ede1-4999-bec3-e36695e7f94e,a91e2b68-7357-4518-baf9-f59b0b4c2477,1.322,0.01489,0.3214
MXD,Carlota Trevino,Mohaned Alhouni,70c18684-f615-4d05-9aa9-5cbdbd53ab9f,1bab49f1-6891-4d3e-8f77-42aa4fc1d18e,1.3218,0.01792,0.3224
MXD,Jessie Irvine,Mohaned Alhouni,8e2f9629-19d0-409d-81dc-b64fe2f3d3ff,1bab49f1-6891-4d3e-8f77-42aa4fc1d18e,1.3205,0.01522,0.3204
MXD,Marianna Petrei,John Lucian Goins,12890797-7355-49ca-848e-56d67e33c4de,e96d9339-cfb6-473d-bcb3-23f2887a3e0f,1.3204,0.03435,0.3274
MXD,Judit Castillo,Tristan Dussault,ec4cdfe2-c6f6-4de1-824e-9adcaeb31196,3cab1673-2522-4dd5-ba07-2a1b88749d86,1.3203,0.02807,0.3251
MXD,Kaitlyn Christian,Thomas Yu,66a6c35b-33a2-4a23-b5db-fa53c96d643a,8c94d7b2-0dce-455e-916f-e35927d53547,1.3203,0.03042,0.326
MXD,Mary Brascia,Dekel Bar,1dd5c313-10f5-4e0a-bb9b-699913a5abe8,89843e44-48fd-4a3f-b8c0-5f5aa6ae5741,1.3203,0.02567,0.3242
MXD,Kaitlyn Christian,Joseph Wild,66a6c35b-33a2-4a23-b5db-fa53c96d643a,a51b59c5-1a13-4472-821a-eb9866e72adf,1.3197,0.02282,0.3227
MXD,Marianna Petrei,Luca Mack,12890797-7355-49ca-848e-56d67e33c4de,2aa8ced3-d599-4c83-86dd-ecc80196833b,1.3189,0.04015,0.3283
MXD,Sahra Dennehy,Hoang Nam Ly,051f5c82-82ce-4ab8-b4f8-36976638a89b,f1151ea2-759d-4d9f-a5b9-5ccd966dc3ca,1.3187,0.02765,0.3238
MXD,Yana Newell,Grayson Goldin,655e0349-7e66-4233-b999-b6cca2298f9b,43df1205-e834-4427-9f1a-4e173bf93296,1.3187,0.03928,0.3279
MXD,Lea Jansen,Tristan Dussault,7319013d-d511-4aa5-a356-4aa2cccf94f5,3cab1673-2522-4dd5-ba07-2a1b88749d86,1.3185,0.02453,0.3224
MXD,Christine Maddox,Dekel Bar,3ad652aa-3fdd-4e53-8f34-dfdedc3c1901,89843e44-48fd-4a3f-b8c0-5f5aa6ae5741,1.3182,0.05107,0.3314
MXD,Callie Smith,Juan Benitez,0c1bb94d-3af2-42f4-b938-d712c707ace4,f4c43443-fdff-4344-b291-274cfd26361e,1.318,0.0213,0.3208
MXD,Roos Van Reek,Tristan Dussault,4798e757-53f5-4e52-92aa-98172c8f7862,3cab1673-2522-4dd5-ba07-2a1b88749d86,1.3179,0.04176,0.3281
MXD,Leigh Waters,Hoang Nam Ly,1bfba782-55f3-42e4-9889-9018e793c0b5,f1151ea2-759d-4d9f-a5b9-5ccd966dc3ca,1.3177,0.04019,0.3274
MXD,Allyce Jones,Hoang Nam Ly,efe9989b-5864-48c2-806c-06697024e1da,f1151ea2-759d-4d9f-a5b9-5ccd966dc3ca,1.317,0.02585,0.3218
MXD,Kiora Kunimoto,Yuta Funemizu,a95df9a8-772c-4dbf-8c28-e200b7308584,ce4f0e14-80ea-4ed0-a81c-7341d356d427,1.317,0.0181,0.3188
MXD,Mary Brascia,CJ Klinger,1dd5c313-10f5-4e0a-bb9b-699913a5abe8,ead35052-7367-4296-96d4-064f546cc2b9,1.3169,0.025,0.3214
MXD,Cailyn Campbell,Roscoe Bellamy,9eff9049-c45c-42ee-9a49-e9a797cc2116,925c1306-6b3b-4510-8482-f34168a0842a,1.3167,0.01471,0.3172
MXD,Kaitlyn Christian,Harsh Mehta,66a6c35b-33a2-4a23-b5db-fa53c96d643a,c18fb17d-e0bb-415c-901b-fa2f928ab22c,1.3161,0.03129,0.3231
MXD,Kiora Kunimoto,Armaan Bhatia,a95df9a8-772c-4dbf-8c28-e200b7308584,33292af3-984d-4752-8d18-b3a5c147e9fe,1.3158,0.01767,0.3177
MXD,Allie Reichert,Christopher Haworth,dcd029fb-2814-401b-a1cb-0c4269d9954b,a91e2b68-7357-4518-baf9-f59b0b4c2477,1.3151,0.0263,0.3205
MXD,Marianna Petrei,Donald Young,12890797-7355-49ca-848e-56d67e33c4de,aec5d8be-9ce0-4cc5-98a4-140fad555fe0,1.3149,0.03588,0.3238
MXD,Christine Maddox,CJ Klinger,3ad652aa-3fdd-4e53-8f34-dfdedc3c1901,ead35052-7367-4296-96d4-064f546cc2b9,1.3149,0.05041,0.3288
MXD,Isabella Dunlap,Christopher Haworth,719e2d3b-d10d-402d-a195-41f072214679,a91e2b68-7357-4518-baf9-f59b0b4c2477,1.3147,0.01593,0.3162
MXD,Shelby Bates,Tristan Dussault,ded801fd-297a-4761-b63e-d8fbbfeb5762,3cab1673-2522-4dd5-ba07-2a1b88749d86,1.3146,0.04689,0.3274
MXD,Zoey Weil,Tristan Dussault,1d701c30-6b5d-485f-ae97-60f3b0c50896,3cab1673-2522-4dd5-ba07-2a1b88749d86,1.3145,0.02588,0.3199
MXD,Genie Erokhina,Tama Shimabukuro,461f063e-a587-4638-bad9-421ff33d91d7,4af4d4d1-9f87-4dc7-95f2-b10751d44c15,1.3142,0.01279,0.3145
MXD,Yufei Long,Tama Shimabukuro,20945292-032a-47f1-93c5-d44ada6e4783,4af4d4d1-9f87-4dc7-95f2-b10751d44c15,1.3141,0.02659,0.3199
MXD,Cailyn Campbell,Anderson Scarpa,9eff9049-c45c-42ee-9a49-e9a797cc2116,fa8d5d28-d8f5-4996-8c35-0f4ca3c35bae,1.3141,0.01661,0.316
MXD,Kaitlyn Christian,Hien Truong,66a6c35b-33a2-4a23-b5db-fa53c96d643a,524b89ad-b76b-40b4-a0db-736bdc7b8adb,1.3139,0.02935,0.3208
MXD,Maggie Brascia,Mohaned Alhouni,736475dd-7ccd-40d8-8b43-8c2d9ef9e674,1bab49f1-6891-4d3e-8f77-42aa4fc1d18e,1.3139,0.02559,0.3193
MXD,Genie Erokhina,Patrick Kawka,461f063e-a587-4638-bad9-421ff33d91d7,6876576c-b20e-47e3-99e4-d32759cc9f48,1.3138,0.04698,0.3269
MXD,Jillian Braverman,Oliver Frank,98c2531f-f5ce-48b5-b251-eb69425d409c,e21cb6e0-aabb-43b2-a112-c0a0a59081bf,1.3137,0.0809,0.3371
MXD,Yufei Long,Patrick Kawka,20945292-032a-47f1-93c5-d44ada6e4783,6876576c-b20e-47e3-99e4-d32759cc9f48,1.3137,0.06077,0.3312
MXD,Marianna Petrei,Martin Emmrich,12890797-7355-49ca-848e-56d67e33c4de,e9849183-4693-4340-abf5-f4b6f3cb226f,1.3134,0.03417,0.3221
MXD,Mary Brascia,Dylan Frazier,1dd5c313-10f5-4e0a-bb9b-699913a5abe8,1de884f8-7bf7-4b49-9de8-3f1fd74cabd6,1.3132,0.02587,0.3189
MXD,Daria Walczak,Christopher Haworth,3e6b668a-8d26-4424-9420-3ceb18486b65,a91e2b68-7357-4518-baf9-f59b0b4c2477,1.3121,0.01997,0.3158
MXD,Kaitlyn Christian,Etienne Blaszkewycz,66a6c35b-33a2-4a23-b5db-fa53c96d643a,d3e486f2-7c25-4bcf-b9dd-81c14f644f60,1.312,0.0205,0.316
MXD,Cailyn Campbell,Thomas Yu,9eff9049-c45c-42ee-9a49-e9a797cc2116,8c94d7b2-0dce-455e-916f-e35927d53547,1.312,0.0309,0.32
MXD,Alix Truong,Oliver Frank,646f7432-e6ad-4ccf-95ee-a0e5d9514d28,e21cb6e0-aabb-43b2-a112-c0a0a59081bf,1.3119,0.03806,0.3224
MXD,Kiora Kunimoto,Dekel Bar,a95df9a8-772c-4dbf-8c28-e200b7308584,89843e44-48fd-4a3f-b8c0-5f5aa6ae5741,1.3119,0.01587,0.314
MXD,Marianna Petrei,Rafa Hewett,12890797-7355-49ca-848e-56d67e33c4de,06ba18e0-687b-4aa3-822d-1c86981f576b,1.3117,0.03191,0.3201
MXD,Lucy Kovalova,Mohaned Alhouni,504e8c08-caf6-4db8-b454-11ffa321261c,1bab49f1-6891-4d3e-8f77-42aa4fc1d18e,1.3114,0.02415,0.317
MXD,Cailyn Campbell,Joseph Wild,9eff9049-c45c-42ee-9a49-e9a797cc2116,a51b59c5-1a13-4472-821a-eb9866e72adf,1.3114,0.0233,0.3166
MXD,Christine Maddox,Dylan Frazier,3ad652aa-3fdd-4e53-8f34-dfdedc3c1901,1de884f8-7bf7-4b49-9de8-3f1fd74cabd6,1.3111,0.05128,0.3264
MXD,Liz Truluck,Tama Shimabukuro,71992955-8b6f-470b-a991-796cfa56a826,4af4d4d1-9f87-4dc7-95f2-b10751d44c15,1.3106,0.01286,0.3118
MXD,Etta Tuionetoa,Matthew Barlow,676b1cbc-766c-4616-bf39-1787ffd8c72a,3270dc72-53b7-4d35-aa4c-7f8b7b6bf905,1.3103,0.02465,0.3163
MXD,Liz Truluck,Patrick Kawka,71992955-8b6f-470b-a991-796cfa56a826,6876576c-b20e-47e3-99e4-d32759cc9f48,1.3102,0.04705,0.3243
MXD,Samantha Parker,Mohaned Alhouni,6794d224-7da3-43d9-8300-e24e731f5dea,1bab49f1-6891-4d3e-8f77-42aa4fc1d18e,1.31,0.01878,0.3138
MXD,Eugenia Carolina Lopez Ascarate,Christopher Haworth,577d1124-44c9-435d-88e9-01a146f2d177,a91e2b68-7357-4518-baf9-f59b0b4c2477,1.3099,0.0342,0.3196
MXD,Callie Smith,John Lucian Goins,0c1bb94d-3af2-42f4-b938-d712c707ace4,e96d9339-cfb6-473d-bcb3-23f2887a3e0f,1.3097,0.01827,0.3133
MXD,Kaitlyn Christian,Pablo Tellez,66a6c35b-33a2-4a23-b5db-fa53c96d643a,52726ab1-2ac9-46c0-be90-6b0e7a2d56eb,1.3096,0.01456,0.3117
MXD,Kaitlyn Christian,Jaume Martinez Vich,66a6c35b-33a2-4a23-b5db-fa53c96d643a,cc8832b9-9a8f-4cbc-8eff-b20e9a7ff09a,1.3094,0.01266,0.3108
MXD,Kaitlyn Christian,Alex Emery,66a6c35b-33a2-4a23-b5db-fa53c96d643a,5c817399-aea7-481d-9a83-aab7431eabc1,1.3094,0.03602,0.3199
MXD,Kiora Kunimoto,CJ Klinger,a95df9a8-772c-4dbf-8c28-e200b7308584,ead35052-7367-4296-96d4-064f546cc2b9,1.3085,0.01521,0.3112
MXD,Kaitlyn Christian,Max Freeman,66a6c35b-33a2-4a23-b5db-fa53c96d643a,b03ff4de-9b8f-46a8-a530-d8f19e9d6ec9,1.3081,0.01368,0.3102
MXD,Callie Smith,Luca Mack,0c1bb94d-3af2-42f4-b938-d712c707ace4,2aa8ced3-d599-4c83-86dd-ecc80196833b,1.3081,0.02408,0.3144
MXD,Cailyn Campbell,Harsh Mehta,9eff9049-c45c-42ee-9a49-e9a797cc2116,c18fb17d-e0bb-415c-901b-fa2f928ab22c,1.3078,0.03177,0.3171
MXD,Chao Yi Wang,Matthew Barlow,20684550-cb89-4ea2-9e2f-0f44eb920b45,3270dc72-53b7-4d35-aa4c-7f8b7b6bf905,1.3077,0.02459,0.3143
MXD,Judit Castillo,Christopher Haworth,ec4cdfe2-c6f6-4de1-824e-9adcaeb31196,a91e2b68-7357-4518-baf9-f59b0b4c2477,1.3076,0.01851,0.3118
MXD,Brooke Buckner,Mohaned Alhouni,06dc9b8a-5c01-49cf-bb4d-70d7b5f85acf,1bab49f1-6891-4d3e-8f77-42aa4fc1d18e,1.3074,0.01566,0.3105
MXD,Katerina Stewart,Thomas Wilson,3cec5850-24e2-44e3-96bc-ee87aa34581d,12d79cbe-b5c7-4504-ab8f-f352a6bb8629,1.3069,0.06389,0.3274
MXD,Layne Sleeth,Oliver Frank,55ed7e0a-ff2d-4ac2-aad6-b6772ef4f448,e21cb6e0-aabb-43b2-a112-c0a0a59081bf,1.3067,0.03953,0.3192
MXD,Kaitlyn Christian,Connor Mogle,66a6c35b-33a2-4a23-b5db-fa53c96d643a,3d9c8684-953f-4008-b355-b6104ee56a5b,1.3062,0.01571,0.3096
MXD,Jillian Braverman,Grayson Goldin,98c2531f-f5ce-48b5-b251-eb69425d409c,43df1205-e834-4427-9f1a-4e173bf93296,1.306,0.06668,0.3276
MXD,Lea Jansen,Christopher Haworth,7319013d-d511-4aa5-a356-4aa2cccf94f5,a91e2b68-7357-4518-baf9-f59b0b4c2477,1.3057,0.01497,0.3089
MXD,Cailyn Campbell,Hien Truong,9eff9049-c45c-42ee-9a49-e9a797cc2116,524b89ad-b76b-40b4-a0db-736bdc7b8adb,1.3057,0.02983,0.3148
MXD,Estee Widdershoven,Mohaned Alhouni,bf84d952-c6a8-4494-943d-064b223e764f,1bab49f1-6891-4d3e-8f77-42aa4fc1d18e,1.3054,0.0182,0.31
MXD,Genie Erokhina,Tristan Dussault,461f063e-a587-4638-bad9-421ff33d91d7,3cab1673-2522-4dd5-ba07-2a1b88749d86,1.3053,0.02548,0.3129
MXD,Yufei Long,Tristan Dussault,20945292-032a-47f1-93c5-d44ada6e4783,3cab1673-2522-4dd5-ba07-2a1b88749d86,1.3052,0.03928,0.318
MXD,Roos Van Reek,Christopher Haworth,4798e757-53f5-4e52-92aa-98172c8f7862,a91e2b68-7357-4518-baf9-f59b0b4c2477,1.3051,0.0322,0.3153
MXD,Yana Newell,Hoang Nam Ly,655e0349-7e66-4233-b999-b6cca2298f9b,f1151ea2-759d-4d9f-a5b9-5ccd966dc3ca,1.305,0.04115,0.3185
MXD,Kiora Kunimoto,Dylan Frazier,a95df9a8-772c-4dbf-8c28-e200b7308584,1de884f8-7bf7-4b49-9de8-3f1fd74cabd6,1.3048,0.01608,0.3087
MXD,Alix Truong,Grayson Goldin,646f7432-e6ad-4ccf-95ee-a0e5d9514d28,43df1205-e834-4427-9f1a-4e173bf93296,1.3042,0.02383,0.3114
MXD,Callie Smith,Donald Young,0c1bb94d-3af2-42f4-b938-d712c707ace4,aec5d8be-9ce0-4cc5-98a4-140fad555fe0,1.3041,0.0198,0.3097
MXD,Mary Brascia,Augustus Ge,1dd5c313-10f5-4e0a-bb9b-699913a5abe8,ba491f1c-0112-47a8-a348-4695289e958a,1.304,0.02416,0.3114
MXD,Cailyn Campbell,Etienne Blaszkewycz,9eff9049-c45c-42ee-9a49-e9a797cc2116,d3e486f2-7c25-4bcf-b9dd-81c14f644f60,1.3037,0.02098,0.3099
MXD,Milan Rane,Mohaned Alhouni,eb14fc6e-ede1-4999-bec3-e36695e7f94e,1bab49f1-6891-4d3e-8f77-42aa4fc1d18e,1.3036,0.01452,0.3071
MXD,Callie Smith,Martin Emmrich,0c1bb94d-3af2-42f4-b938-d712c707ace4,e9849183-4693-4340-abf5-f4b6f3cb226f,1.3026,0.0181,0.3079
MXD,Ewa Radzikowska,Matthew Barlow,1d51becb-4ea0-4878-9660-e3fd2dfaa0ea,3270dc72-53b7-4d35-aa4c-7f8b7b6bf905,1.3023,0.03272,0.3134
MXD,Christine Maddox,Augustus Ge,3ad652aa-3fdd-4e53-8f34-dfdedc3c1901,ba491f1c-0112-47a8-a348-4695289e958a,1.302,0.04956,0.3192
MXD,Shelby Bates,Christopher Haworth,ded801fd-297a-4761-b63e-d8fbbfeb5762,a91e2b68-7357-4518-baf9-f59b0b4c2477,1.3018,0.03733,0.3148
MXD,Zoey Weil,Christopher Haworth,1d701c30-6b5d-485f-ae97-60f3b0c50896,a91e2b68-7357-4518-baf9-f59b0b4c2477,1.3018,0.01632,0.3065
MXD,Liz Truluck,Tristan Dussault,71992955-8b6f-470b-a991-796cfa56a826,3cab1673-2522-4dd5-ba07-2a1b88749d86,1.3017,0.02555,0.3102
MXD,Cailyn Campbell,Pablo Tellez,9eff9049-c45c-42ee-9a49-e9a797cc2116,52726ab1-2ac9-46c0-be90-6b0e7a2d56eb,1.3013,0.01504,0.3056
MXD,Cailyn Campbell,Alex Emery,9eff9049-c45c-42ee-9a49-e9a797cc2116,5c817399-aea7-481d-9a83-aab7431eabc1,1.3012,0.0365,0.314
MXD,Marianna Petrei,Tyson McGuffin,12890797-7355-49ca-848e-56d67e33c4de,dbcb41e9-e983-410b-bc23-d184d034cfc0,1.3011,0.03097,0.3119
MXD,Cailyn Campbell,Jaume Martinez Vich,9eff9049-c45c-42ee-9a49-e9a797cc2116,cc8832b9-9a8f-4cbc-8eff-b20e9a7ff09a,1.3011,0.01315,0.3046
MXD,Kaitlyn Christian,Juan Benitez,66a6c35b-33a2-4a23-b5db-fa53c96d643a,f4c43443-fdff-4344-b291-274cfd26361e,1.301,0.01959,0.3073
MXD,Callie Smith,Rafa Hewett,0c1bb94d-3af2-42f4-b938-d712c707ace4,06ba18e0-687b-4aa3-822d-1c86981f576b,1.3009,0.01584,0.3057
MXD,Cailyn Campbell,Max Freeman,9eff9049-c45c-42ee-9a49-e9a797cc2116,b03ff4de-9b8f-46a8-a530-d8f19e9d6ec9,1.2998,0.01416,0.3041
MXD,Layne Sleeth,Grayson Goldin,55ed7e0a-ff2d-4ac2-aad6-b6772ef4f448,43df1205-e834-4427-9f1a-4e173bf93296,1.299,0.02531,0.3082
MXD,Meghan Dizon,Matthew Barlow,8f521dcc-1cb5-4c8d-933c-af6b267bd395,3270dc72-53b7-4d35-aa4c-7f8b7b6bf905,1.2987,0.02439,0.3076
MXD,Cailyn Campbell,Connor Mogle,9eff9049-c45c-42ee-9a49-e9a797cc2116,3d9c8684-953f-4008-b355-b6104ee56a5b,1.2979,0.01619,0.3036
MXD,Allie Reichert,Mohaned Alhouni,dcd029fb-2814-401b-a1cb-0c4269d9954b,1bab49f1-6891-4d3e-8f77-42aa4fc1d18e,1.2966,0.02594,0.3066
MXD,Isabella Dunlap,Mohaned Alhouni,719e2d3b-d10d-402d-a195-41f072214679,1bab49f1-6891-4d3e-8f77-42aa4fc1d18e,1.2962,0.01556,0.302
MXD,Kiora Kunimoto,Augustus Ge,a95df9a8-772c-4dbf-8c28-e200b7308584,ba491f1c-0112-47a8-a348-4695289e958a,1.2956,0.01436,0.301
MXD,Seone Mendez,Thomas Wilson,0d14405e-2e45-4dcb-8fb7-73558c261b4f,12d79cbe-b5c7-4504-ab8f-f352a6bb8629,1.2945,0.08081,0.3239
MXD,Daria Walczak,Mohaned Alhouni,3e6b668a-8d26-4424-9420-3ceb18486b65,1bab49f1-6891-4d3e-8f77-42aa4fc1d18e,1.2936,0.0196,0.3018
MXD,Cailyn Campbell,Juan Benitez,9eff9049-c45c-42ee-9a49-e9a797cc2116,f4c43443-fdff-4344-b291-274cfd26361e,1.2927,0.02007,0.3013
MXD,Kaitlyn Christian,John Lucian Goins,66a6c35b-33a2-4a23-b5db-fa53c96d643a,e96d9339-cfb6-473d-bcb3-23f2887a3e0f,1.2926,0.01656,0.2997
MXD,Mary Brascia,Oscar Serra,1dd5c313-10f5-4e0a-bb9b-699913a5abe8,2c2a2b82-9ec7-4046-97cb-3a199ed507af,1.2926,0.03691,0.308
MXD,Genie Erokhina,Christopher Haworth,461f063e-a587-4638-bad9-421ff33d91d7,a91e2b68-7357-4518-baf9-f59b0b4c2477,1.2925,0.01593,0.2994
MXD,Yufei Long,Christopher Haworth,20945292-032a-47f1-93c5-d44ada6e4783,a91e2b68-7357-4518-baf9-f59b0b4c2477,1.2924,0.02972,0.3051
MXD,Jillian Braverman,Hoang Nam Ly,98c2531f-f5ce-48b5-b251-eb69425d409c,f1151ea2-759d-4d9f-a5b9-5ccd966dc3ca,1.2923,0.06855,0.3187
MXD,Eugenia Carolina Lopez Ascarate,Mohaned Alhouni,577d1124-44c9-435d-88e9-01a146f2d177,1bab49f1-6891-4d3e-8f77-42aa4fc1d18e,1.2915,0.03384,0.306
MXD,Callie Smith,Tyson McGuffin,0c1bb94d-3af2-42f4-b938-d712c707ace4,dbcb41e9-e983-410b-bc23-d184d034cfc0,1.2913,0.0149,0.2981
MXD,Kaitlyn Christian,Luca Mack,66a6c35b-33a2-4a23-b5db-fa53c96d643a,2aa8ced3-d599-4c83-86dd-ecc80196833b,1.2911,0.02237,0.301
MXD,Christine Maddox,Oscar Serra,3ad652aa-3fdd-4e53-8f34-dfdedc3c1901,2c2a2b82-9ec7-4046-97cb-3a199ed507af,1.2906,0.06232,0.3155
MXD,Alix Truong,Hoang Nam Ly,646f7432-e6ad-4ccf-95ee-a0e5d9514d28,f1151ea2-759d-4d9f-a5b9-5ccd966dc3ca,1.2905,0.02571,0.302
MXD,Mary Brascia,George Wall,1dd5c313-10f5-4e0a-bb9b-699913a5abe8,698c5236-e88f-411c-b44f-e54f16b2d6b5,1.2904,0.03707,0.3064
MXD,Judit Castillo,Mohaned Alhouni,ec4cdfe2-c6f6-4de1-824e-9adcaeb31196,1bab49f1-6891-4d3e-8f77-42aa4fc1d18e,1.2891,0.01814,0.2978
MXD,Liz Truluck,Christopher Haworth,71992955-8b6f-470b-a991-796cfa56a826,a91e2b68-7357-4518-baf9-f59b0b4c2477,1.2889,0.01599,0.2967
MXD,Christine Maddox,George Wall,3ad652aa-3fdd-4e53-8f34-dfdedc3c1901,698c5236-e88f-411c-b44f-e54f16b2d6b5,1.2883,0.06248,0.3139
MXD,Katerina Stewart,Nicolas Acevedo,3cec5850-24e2-44e3-96bc-ee87aa34581d,a000a067-1bf1-442f-a961-e6c97cb50006,1.2879,0.02743,0.3008
MXD,Danni-Elle Townsend,Zane Ford,2c4de762-88d6-47c3-8b2b-af562c5d1f93,0c5b84bb-4c04-4906-86bc-deb533ff4eec,1.2873,0.02203,0.2981
MXD,Lea Jansen,Mohaned Alhouni,7319013d-d511-4aa5-a356-4aa2cccf94f5,1bab49f1-6891-4d3e-8f77-42aa4fc1d18e,1.2872,0.0146,0.2949
MXD,Kaitlyn Christian,Donald Young,66a6c35b-33a2-4a23-b5db-fa53c96d643a,aec5d8be-9ce0-4cc5-98a4-140fad555fe0,1.2871,0.01809,0.2963
MXD,Marianna Petrei,Tama Shimabukuro,12890797-7355-49ca-848e-56d67e33c4de,4af4d4d1-9f87-4dc7-95f2-b10751d44c15,1.2871,0.02997,0.3013
MXD,Marianna Petrei,Patrick Kawka,12890797-7355-49ca-848e-56d67e33c4de,6876576c-b20e-47e3-99e4-d32759cc9f48,1.2868,0.06415,0.3134
MXD,Roos Van Reek,Mohaned Alhouni,4798e757-53f5-4e52-92aa-98172c8f7862,1bab49f1-6891-4d3e-8f77-42aa4fc1d18e,1.2867,0.03183,0.3017
MXD,Mary Brascia,Hunter Johnson,1dd5c313-10f5-4e0a-bb9b-699913a5abe8,8160ad59-4654-46b1-b229-8d5f2a9a45f9,1.2864,0.02676,0.2995
MXD,Kaitlyn Christian,Martin Emmrich,66a6c35b-33a2-4a23-b5db-fa53c96d643a,e9849183-4693-4340-abf5-f4b6f3cb226f,1.2856,0.01638,0.2944
MXD,Layne Sleeth,Hoang Nam Ly,55ed7e0a-ff2d-4ac2-aad6-b6772ef4f448,f1151ea2-759d-4d9f-a5b9-5ccd966dc3ca,1.2853,0.02718,0.2988
MXD,Christine Maddox,Hunter Johnson,3ad652aa-3fdd-4e53-8f34-dfdedc3c1901,8160ad59-4654-46b1-b229-8d5f2a9a45f9,1.2844,0.05217,0.3077
MXD,Cailyn Campbell,John Lucian Goins,9eff9049-c45c-42ee-9a49-e9a797cc2116,e96d9339-cfb6-473d-bcb3-23f2887a3e0f,1.2843,0.01704,0.2938
MXD,Kiora Kunimoto,Oscar Serra,a95df9a8-772c-4dbf-8c28-e200b7308584,2c2a2b82-9ec7-4046-97cb-3a199ed507af,1.2842,0.02712,0.298
MXD,Kaitlyn Christian,Rafa Hewett,66a6c35b-33a2-4a23-b5db-fa53c96d643a,06ba18e0-687b-4aa3-822d-1c86981f576b,1.2839,0.01412,0.2922
MXD,Sofia Sewing,Zane Ford,b9bacc1e-29b5-4a92-a9c1-24e08ac72215,0c5b84bb-4c04-4906-86bc-deb533ff4eec,1.2837,0.02412,0.2963
MXD,Katerina Stewart,Jack Sock,3cec5850-24e2-44e3-96bc-ee87aa34581d,3a43c56f-b9d8-4e72-ae8a-58fd69291946,1.2836,0.02724,0.2976
MXD,Sahra Dennehy,Matthew Barlow,051f5c82-82ce-4ab8-b4f8-36976638a89b,3270dc72-53b7-4d35-aa4c-7f8b7b6bf905,1.2834,0.02557,0.2967
MXD,Shelby Bates,Mohaned Alhouni,ded801fd-297a-4761-b63e-d8fbbfeb5762,1bab49f1-6891-4d3e-8f77-42aa4fc1d18e,1.2834,0.03696,0.3013
MXD,Zoey Weil,Mohaned Alhouni,1d701c30-6b5d-485f-ae97-60f3b0c50896,1bab49f1-6891-4d3e-8f77-42aa4fc1d18e,1.2833,0.01596,0.2926
MXD,Cailyn Campbell,Luca Mack,9eff9049-c45c-42ee-9a49-e9a797cc2116,2aa8ced3-d599-4c83-86dd-ecc80196833b,1.2828,0.02285,0.2951
MXD,Leigh Waters,Matthew Barlow,1bfba782-55f3-42e4-9889-9018e793c0b5,3270dc72-53b7-4d35-aa4c-7f8b7b6bf905,1.2823,0.03811,0.301
MXD,Kiora Kunimoto,George Wall,a95df9a8-772c-4dbf-8c28-e200b7308584,698c5236-e88f-411c-b44f-e54f16b2d6b5,1.282,0.02728,0.2964
MXD,Allyce Jones,Matthew Barlow,efe9989b-5864-48c2-806c-06697024e1da,3270dc72-53b7-4d35-aa4c-7f8b7b6bf905,1.2817,0.02377,0.2947
MXD,Callie Smith,Tama Shimabukuro,0c1bb94d-3af2-42f4-b938-d712c707ace4,4af4d4d1-9f87-4dc7-95f2-b10751d44c15,1.2797,0.01389,0.289
MXD,Callie Smith,Patrick Kawka,0c1bb94d-3af2-42f4-b938-d712c707ace4,6876576c-b20e-47e3-99e4-d32759cc9f48,1.2793,0.04807,0.3027
MXD,Mary Brascia,Roscoe Bellamy,1dd5c313-10f5-4e0a-bb9b-699913a5abe8,925c1306-6b3b-4510-8482-f34168a0842a,1.2791,0.02603,0.2938
MXD,Cailyn Campbell,Donald Young,9eff9049-c45c-42ee-9a49-e9a797cc2116,aec5d8be-9ce0-4cc5-98a4-140fad555fe0,1.2788,0.01857,0.2904
MXD,Marianna Petrei,Tristan Dussault,12890797-7355-49ca-848e-56d67e33c4de,3cab1673-2522-4dd5-ba07-2a1b88749d86,1.2783,0.04265,0.2999
MXD,Kiora Kunimoto,Hunter Johnson,a95df9a8-772c-4dbf-8c28-e200b7308584,8160ad59-4654-46b1-b229-8d5f2a9a45f9,1.278,0.01697,0.2891
MXD,Katerina Stewart,Phuc Huynh,3cec5850-24e2-44e3-96bc-ee87aa34581d,0763ffeb-1b1f-41c5-ab37-d17b66e50b50,1.2778,0.05699,0.3048
MXD,Ting Chieh Wei,Oliver Frank,29e8121d-6f86-4192-b7af-ab05b77b89fe,e21cb6e0-aabb-43b2-a112-c0a0a59081bf,1.2774,0.03797,0.2975
MXD,Cailyn Campbell,Martin Emmrich,9eff9049-c45c-42ee-9a49-e9a797cc2116,e9849183-4693-4340-abf5-f4b6f3cb226f,1.2773,0.01687,0.2886
MXD,Christine Maddox,Roscoe Bellamy,3ad652aa-3fdd-4e53-8f34-dfdedc3c1901,925c1306-6b3b-4510-8482-f34168a0842a,1.2771,0.05143,0.3023
MXD,Mary Brascia,Anderson Scarpa,1dd5c313-10f5-4e0a-bb9b-699913a5abe8,fa8d5d28-d8f5-4996-8c35-0f4ca3c35bae,1.2765,0.02793,0.2927
MXD,Cailyn Campbell,Rafa Hewett,9eff9049-c45c-42ee-9a49-e9a797cc2116,06ba18e0-687b-4aa3-822d-1c86981f576b,1.2756,0.01461,0.2863
MXD,Seone Mendez,Nicolas Acevedo,0d14405e-2e45-4dcb-8fb7-73558c261b4f,a000a067-1bf1-442f-a961-e6c97cb50006,1.2755,0.04435,0.2985
MXD,Christine Maddox,Anderson Scarpa,3ad652aa-3fdd-4e53-8f34-dfdedc3c1901,fa8d5d28-d8f5-4996-8c35-0f4ca3c35bae,1.2745,0.05334,0.3012
MXD,Mary Brascia,Thomas Yu,1dd5c313-10f5-4e0a-bb9b-699913a5abe8,8c94d7b2-0dce-455e-916f-e35927d53547,1.2744,0.04222,0.297
MXD,Kaitlyn Christian,Tyson McGuffin,66a6c35b-33a2-4a23-b5db-fa53c96d643a,dbcb41e9-e983-410b-bc23-d184d034cfc0,1.2743,0.01319,0.2847
MXD,Genie Erokhina,Mohaned Alhouni,461f063e-a587-4638-bad9-421ff33d91d7,1bab49f1-6891-4d3e-8f77-42aa4fc1d18e,1.2741,0.01556,0.2856
MXD,Yufei Long,Mohaned Alhouni,20945292-032a-47f1-93c5-d44ada6e4783,1bab49f1-6891-4d3e-8f77-42aa4fc1d18e,1.274,0.02935,0.2916
MXD,Mary Brascia,Joseph Wild,1dd5c313-10f5-4e0a-bb9b-699913a5abe8,a51b59c5-1a13-4472-821a-eb9866e72adf,1.2738,0.03462,0.2935
MXD,Katerina Stewart,Robert Slutsky,3cec5850-24e2-44e3-96bc-ee87aa34581d,f6fa549d-8a9c-46fd-aeb8-af8a3f0f7a59,1.2735,0.03757,0.2945
MXD,Christine Maddox,Thomas Yu,3ad652aa-3fdd-4e53-8f34-dfdedc3c1901,8c94d7b2-0dce-455e-916f-e35927d53547,1.2724,0.06763,0.3048
MXD,Christine Maddox,Joseph Wild,3ad652aa-3fdd-4e53-8f34-dfdedc3c1901,a51b59c5-1a13-4472-821a-eb9866e72adf,1.2718,0.06003,0.3017
MXD,Seone Mendez,Jack Sock,0d14405e-2e45-4dcb-8fb7-73558c261b4f,3a43c56f-b9d8-4e72-ae8a-58fd69291946,1.2711,0.04416,0.2954
MXD,Callie Smith,Tristan Dussault,0c1bb94d-3af2-42f4-b938-d712c707ace4,3cab1673-2522-4dd5-ba07-2a1b88749d86,1.2708,0.02658,0.2881
MXD,Kiora Kunimoto,Roscoe Bellamy,a95df9a8-772c-4dbf-8c28-e200b7308584,925c1306-6b3b-4510-8482-f34168a0842a,1.2707,0.01624,0.2834
MXD,Carlota Trevino,Oliver Frank,70c18684-f615-4d05-9aa9-5cbdbd53ab9f,e21cb6e0-aabb-43b2-a112-c0a0a59081bf,1.2705,0.0399,0.2933
MXD,Liz Truluck,Mohaned Alhouni,71992955-8b6f-470b-a991-796cfa56a826,1bab49f1-6891-4d3e-8f77-42aa4fc1d18e,1.2705,0.01563,0.283
MXD,Mary Brascia,Harsh Mehta,1dd5c313-10f5-4e0a-bb9b-699913a5abe8,c18fb17d-e0bb-415c-901b-fa2f928ab22c,1.2702,0.04309,0.2943
MXD,Ting Chieh Wei,Grayson Goldin,29e8121d-6f86-4192-b7af-ab05b77b89fe,43df1205-e834-4427-9f1a-4e173bf93296,1.2697,0.02374,0.2861
MXD,Yana Newell,Matthew Barlow,655e0349-7e66-4233-b999-b6cca2298f9b,3270dc72-53b7-4d35-aa4c-7f8b7b6bf905,1.2696,0.03908,0.2924
MXD,Jessie Irvine,Oliver Frank,8e2f9629-19d0-409d-81dc-b64fe2f3d3ff,e21cb6e0-aabb-43b2-a112-c0a0a59081bf,1.2691,0.0372,0.2913
MXD,Christine Maddox,Harsh Mehta,3ad652aa-3fdd-4e53-8f34-dfdedc3c1901,c18fb17d-e0bb-415c-901b-fa2f928ab22c,1.2682,0.0685,0.3022
MXD,Kiora Kunimoto,Anderson Scarpa,a95df9a8-772c-4dbf-8c28-e200b7308584,fa8d5d28-d8f5-4996-8c35-0f4ca3c35bae,1.2681,0.01814,0.2824
MXD,Mary Brascia,Hien Truong,1dd5c313-10f5-4e0a-bb9b-699913a5abe8,524b89ad-b76b-40b4-a0db-736bdc7b8adb,1.268,0.04115,0.2921
MXD,Mary Brascia,Etienne Blaszkewycz,1dd5c313-10f5-4e0a-bb9b-699913a5abe8,d3e486f2-7c25-4bcf-b9dd-81c14f644f60,1.2661,0.03229,0.2871
MXD,Kiora Kunimoto,Thomas Yu,a95df9a8-772c-4dbf-8c28-e200b7308584,8c94d7b2-0dce-455e-916f-e35927d53547,1.266,0.03243,0.2871
MXD,Christine Maddox,Hien Truong,3ad652aa-3fdd-4e53-8f34-dfdedc3c1901,524b89ad-b76b-40b4-a0db-736bdc7b8adb,1.266,0.06656,0.3001
MXD,Cailyn Campbell,Tyson McGuffin,9eff9049-c45c-42ee-9a49-e9a797cc2116,dbcb41e9-e983-410b-bc23-d184d034cfc0,1.266,0.01367,0.2788
MXD,Marianna Petrei,Christopher Haworth,12890797-7355-49ca-848e-56d67e33c4de,a91e2b68-7357-4518-baf9-f59b0b4c2477,1.2655,0.0331,0.287
MXD,Kiora Kunimoto,Joseph Wild,a95df9a8-772c-4dbf-8c28-e200b7308584,a51b59c5-1a13-4472-821a-eb9866e72adf,1.2654,0.02483,0.2834
MXD,Seone Mendez,Phuc Huynh,0d14405e-2e45-4dcb-8fb7-73558c261b4f,0763ffeb-1b1f-41c5-ab37-d17b66e50b50,1.2653,0.07391,0.3022
MXD,Kaitlyn Christian,Tama Shimabukuro,66a6c35b-33a2-4a23-b5db-fa53c96d643a,4af4d4d1-9f87-4dc7-95f2-b10751d44c15,1.2647,0.01218,0.2771
MXD,Kaitlyn Christian,Patrick Kawka,66a6c35b-33a2-4a23-b5db-fa53c96d643a,6876576c-b20e-47e3-99e4-d32759cc9f48,1.2644,0.04636,0.2916
MXD,Christine Maddox,Etienne Blaszkewycz,3ad652aa-3fdd-4e53-8f34-dfdedc3c1901,d3e486f2-7c25-4bcf-b9dd-81c14f644f60,1.2641,0.0577,0.2957
MXD,Mary Brascia,Pablo Tellez,1dd5c313-10f5-4e0a-bb9b-699913a5abe8,52726ab1-2ac9-46c0-be90-6b0e7a2d56eb,1.2637,0.02636,0.2829
MXD,Mary Brascia,Alex Emery,1dd5c313-10f5-4e0a-bb9b-699913a5abe8,5c817399-aea7-481d-9a83-aab7431eabc1,1.2636,0.04782,0.2916
MXD,Mary Brascia,Jaume Martinez Vich,1dd5c313-10f5-4e0a-bb9b-699913a5abe8,cc8832b9-9a8f-4cbc-8eff-b20e9a7ff09a,1.2635,0.02446,0.2819
MXD,Mari Humberg,Zane Ford,b1ab7d76-a859-4136-8405-3ed7c9be287a,0c5b84bb-4c04-4906-86bc-deb533ff4eec,1.2632,0.02136,0.2803
MXD,Carlota Trevino,Grayson Goldin,70c18684-f615-4d05-9aa9-5cbdbd53ab9f,43df1205-e834-4427-9f1a-4e173bf93296,1.2628,0.02568,0.282
MXD,Maggie Brascia,Oliver Frank,736475dd-7ccd-40d8-8b43-8c2d9ef9e674,e21cb6e0-aabb-43b2-a112-c0a0a59081bf,1.2625,0.04757,0.2908
MXD,Mary Brascia,Max Freeman,1dd5c313-10f5-4e0a-bb9b-699913a5abe8,b03ff4de-9b8f-46a8-a530-d8f19e9d6ec9,1.2622,0.02548,0.2814
MXD,Kiora Kunimoto,Harsh Mehta,a95df9a8-772c-4dbf-8c28-e200b7308584,c18fb17d-e0bb-415c-901b-fa2f928ab22c,1.2618,0.0333,0.2845
MXD,Christine Maddox,Pablo Tellez,3ad652aa-3fdd-4e53-8f34-dfdedc3c1901,52726ab1-2ac9-46c0-be90-6b0e7a2d56eb,1.2617,0.05177,0.2918
MXD,Jessie Irvine,Grayson Goldin,8e2f9629-19d0-409d-81dc-b64fe2f3d3ff,43df1205-e834-4427-9f1a-4e173bf93296,1.2615,0.02298,0.2798
MXD,Christine Maddox,Jaume Martinez Vich,3ad652aa-3fdd-4e53-8f34-dfdedc3c1901,cc8832b9-9a8f-4cbc-8eff-b20e9a7ff09a,1.2615,0.04987,0.2909
MXD,Christine Maddox,Alex Emery,3ad652aa-3fdd-4e53-8f34-dfdedc3c1901,5c817399-aea7-481d-9a83-aab7431eabc1,1.2615,0.07323,0.2994
MXD,Katerina Stewart,Connor Garnett,3cec5850-24e2-44e3-96bc-ee87aa34581d,ff38654d-daae-4bad-a1a7-690e4e5706eb,1.2613,0.02551,0.2808
MXD,Seone Mendez,Robert Slutsky,0d14405e-2e45-4dcb-8fb7-73558c261b4f,f6fa549d-8a9c-46fd-aeb8-af8a3f0f7a59,1.2611,0.05449,0.2924
MXD,Mary Brascia,Connor Mogle,1dd5c313-10f5-4e0a-bb9b-699913a5abe8,3d9c8684-953f-4008-b355-b6104ee56a5b,1.2603,0.0275,0.281
MXD,Christine Maddox,Max Freeman,3ad652aa-3fdd-4e53-8f34-dfdedc3c1901,b03ff4de-9b8f-46a8-a530-d8f19e9d6ec9,1.2602,0.05089,0.2904
MXD,Lucy Kovalova,Oliver Frank,504e8c08-caf6-4db8-b454-11ffa321261c,e21cb6e0-aabb-43b2-a112-c0a0a59081bf,1.2601,0.04613,0.2886
MXD,Kiora Kunimoto,Hien Truong,a95df9a8-772c-4dbf-8c28-e200b7308584,524b89ad-b76b-40b4-a0db-736bdc7b8adb,1.2596,0.03136,0.2822
MXD,Katerina Stewart,Jack Munro,3cec5850-24e2-44e3-96bc-ee87aa34581d,f90428f0-e4a3-4a08-a664-518ba7f188d2,1.2588,0.06002,0.2929
MXD,Samantha Parker,Oliver Frank,6794d224-7da3-43d9-8300-e24e731f5dea,e21cb6e0-aabb-43b2-a112-c0a0a59081bf,1.2587,0.04076,0.2855
MXD,Kaitlyn Christian,Tristan Dussault,66a6c35b-33a2-4a23-b5db-fa53c96d643a,3cab1673-2522-4dd5-ba07-2a1b88749d86,1.2585,0.02487,0.2786
MXD,Christine Maddox,Connor Mogle,3ad652aa-3fdd-4e53-8f34-dfdedc3c1901,3d9c8684-953f-4008-b355-b6104ee56a5b,1.2583,0.05291,0.2899
MXD,Callie Smith,Christopher Haworth,0c1bb94d-3af2-42f4-b938-d712c707ace4,a91e2b68-7357-4518-baf9-f59b0b4c2477,1.258,0.01702,0.2747
MXD,Kiora Kunimoto,Etienne Blaszkewycz,a95df9a8-772c-4dbf-8c28-e200b7308584,d3e486f2-7c25-4bcf-b9dd-81c14f644f60,1.2577,0.0225,0.2769
MXD,Jillian Braverman,Matthew Barlow,98c2531f-f5ce-48b5-b251-eb69425d409c,3270dc72-53b7-4d35-aa4c-7f8b7b6bf905,1.2569,0.06648,0.294
MXD,Cailyn Campbell,Tama Shimabukuro,9eff9049-c45c-42ee-9a49-e9a797cc2116,4af4d4d1-9f87-4dc7-95f2-b10751d44c15,1.2564,0.01266,0.2714
MXD,Brooke Buckner,Oliver Frank,06dc9b8a-5c01-49cf-bb4d-70d7b5f85acf,e21cb6e0-aabb-43b2-a112-c0a0a59081bf,1.2561,0.03764,0.2824
MXD,Cailyn Campbell,Patrick Kawka,9eff9049-c45c-42ee-9a49-e9a797cc2116,6876576c-b20e-47e3-99e4-d32759cc9f48,1.2561,0.04684,0.2861
MXD,Ting Chieh Wei,Hoang Nam Ly,29e8121d-6f86-4192-b7af-ab05b77b89fe,f1151ea2-759d-4d9f-a5b9-5ccd966dc3ca,1.256,0.02562,0.2771
MXD,Kiora Kunimoto,Pablo Tellez,a95df9a8-772c-4dbf-8c28-e200b7308584,52726ab1-2ac9-46c0-be90-6b0e7a2d56eb,1.2553,0.01657,0.2725
MXD,Kiora Kunimoto,Alex Emery,a95df9a8-772c-4dbf-8c28-e200b7308584,5c817399-aea7-481d-9a83-aab7431eabc1,1.2552,0.03803,0.2819
MXD,Alix Truong,Matthew Barlow,646f7432-e6ad-4ccf-95ee-a0e5d9514d28,3270dc72-53b7-4d35-aa4c-7f8b7b6bf905,1.2551,0.02363,0.2756
MXD,Kiora Kunimoto,Jaume Martinez Vich,a95df9a8-772c-4dbf-8c28-e200b7308584,cc8832b9-9a8f-4cbc-8eff-b20e9a7ff09a,1.2551,0.01467,0.2714
MXD,Mary Brascia,Juan Benitez,1dd5c313-10f5-4e0a-bb9b-699913a5abe8,f4c43443-fdff-4344-b291-274cfd26361e,1.2551,0.03139,0.279
MXD,Maggie Brascia,Grayson Goldin,736475dd-7ccd-40d8-8b43-8c2d9ef9e674,43df1205-e834-4427-9f1a-4e173bf93296,1.2548,0.03335,0.2797
MXD,Estee Widdershoven,Oliver Frank,bf84d952-c6a8-4494-943d-064b223e764f,e21cb6e0-aabb-43b2-a112-c0a0a59081bf,1.254,0.04018,0.282
MXD,Kiora Kunimoto,Max Freeman,a95df9a8-772c-4dbf-8c28-e200b7308584,b03ff4de-9b8f-46a8-a530-d8f19e9d6ec9,1.2538,0.01569,0.271
MXD,Christine Maddox,Juan Benitez,3ad652aa-3fdd-4e53-8f34-dfdedc3c1901,f4c43443-fdff-4344-b291-274cfd26361e,1.253,0.0568,0.2879
MXD,Lucy Kovalova,Grayson Goldin,504e8c08-caf6-4db8-b454-11ffa321261c,43df1205-e834-4427-9f1a-4e173bf93296,1.2524,0.0319,0.2774
MXD,Milan Rane,Oliver Frank,eb14fc6e-ede1-4999-bec3-e36695e7f94e,e21cb6e0-aabb-43b2-a112-c0a0a59081bf,1.2522,0.0365,0.2792
MXD,Kiora Kunimoto,Connor Mogle,a95df9a8-772c-4dbf-8c28-e200b7308584,3d9c8684-953f-4008-b355-b6104ee56a5b,1.2519,0.01771,0.2706
MXD,Samantha Parker,Grayson Goldin,6794d224-7da3-43d9-8300-e24e731f5dea,43df1205-e834-4427-9f1a-4e173bf93296,1.251,0.02654,0.274
MXD,Katerina Stewart,Quang Duong,3cec5850-24e2-44e3-96bc-ee87aa34581d,14d61e81-14d5-4cb3-ae33-d427fbc1b4f6,1.2506,0.04397,0.2812
MXD,Cailyn Campbell,Tristan Dussault,9eff9049-c45c-42ee-9a49-e9a797cc2116,3cab1673-2522-4dd5-ba07-2a1b88749d86,1.2503,0.02535,0.273
MXD,Layne Sleeth,Matthew Barlow,55ed7e0a-ff2d-4ac2-aad6-b6772ef4f448,3270dc72-53b7-4d35-aa4c-7f8b7b6bf905,1.25,0.02511,0.2727
MXD,Carlota Trevino,Hoang Nam Ly,70c18684-f615-4d05-9aa9-5cbdbd53ab9f,f1151ea2-759d-4d9f-a5b9-5ccd966dc3ca,1.249,0.02755,0.2731
MXD,Seone Mendez,Connor Garnett,0d14405e-2e45-4dcb-8fb7-73558c261b4f,ff38654d-daae-4bad-a1a7-690e4e5706eb,1.2488,0.04243,0.2794
MXD,Brooke Buckner,Grayson Goldin,06dc9b8a-5c01-49cf-bb4d-70d7b5f85acf,43df1205-e834-4427-9f1a-4e173bf93296,1.2484,0.02341,0.2708
MXD,Jessie Irvine,Hoang Nam Ly,8e2f9629-19d0-409d-81dc-b64fe2f3d3ff,f1151ea2-759d-4d9f-a5b9-5ccd966dc3ca,1.2477,0.02485,0.271
MXD,Marianna Petrei,Mohaned Alhouni,12890797-7355-49ca-848e-56d67e33c4de,1bab49f1-6891-4d3e-8f77-42aa4fc1d18e,1.247,0.03273,0.274
MXD,Kiora Kunimoto,Juan Benitez,a95df9a8-772c-4dbf-8c28-e200b7308584,f4c43443-fdff-4344-b291-274cfd26361e,1.2467,0.0216,0.2687
MXD,Mary Brascia,John Lucian Goins,1dd5c313-10f5-4e0a-bb9b-699913a5abe8,e96d9339-cfb6-473d-bcb3-23f2887a3e0f,1.2467,0.02836,0.2719
MXD,Katerina Stewart,Noe Khlif,3cec5850-24e2-44e3-96bc-ee87aa34581d,1bb8b2c1-ca6f-45ac-afdd-fab7e77d69d4,1.2467,0.02454,0.2701
MXD,Seone Mendez,Jack Munro,0d14405e-2e45-4dcb-8fb7-73558c261b4f,f90428f0-e4a3-4a08-a664-518ba7f188d2,1.2464,0.07694,0.2907
MXD,Kaitlyn Christian,Christopher Haworth,66a6c35b-33a2-4a23-b5db-fa53c96d643a,a91e2b68-7357-4518-baf9-f59b0b4c2477,1.2463,0.01531,0.2655
MXD,Estee Widdershoven,Grayson Goldin,bf84d952-c6a8-4494-943d-064b223e764f,43df1205-e834-4427-9f1a-4e173bf93296,1.2463,0.02595,0.2705
MXD,Allie Reichert,Oliver Frank,dcd029fb-2814-401b-a1cb-0c4269d9954b,e21cb6e0-aabb-43b2-a112-c0a0a59081bf,1.2453,0.04791,0.2792
MXD,Mary Brascia,Luca Mack,1dd5c313-10f5-4e0a-bb9b-699913a5abe8,2aa8ced3-d599-4c83-86dd-ecc80196833b,1.2452,0.03417,0.2734
MXD,Isabella Dunlap,Oliver Frank,719e2d3b-d10d-402d-a195-41f072214679,e21cb6e0-aabb-43b2-a112-c0a0a59081bf,1.2449,0.03754,0.2746
MXD,Christine Maddox,John Lucian Goins,3ad652aa-3fdd-4e53-8f34-dfdedc3c1901,e96d9339-cfb6-473d-bcb3-23f2887a3e0f,1.2447,0.05377,0.2811
MXD,Milan Rane,Grayson Goldin,eb14fc6e-ede1-4999-bec3-e36695e7f94e,43df1205-e834-4427-9f1a-4e173bf93296,1.2445,0.02228,0.2676
MXD,Christine Maddox,Luca Mack,3ad652aa-3fdd-4e53-8f34-dfdedc3c1901,2aa8ced3-d599-4c83-86dd-ecc80196833b,1.2432,0.05957,0.2823
MXD,Daria Walczak,Oliver Frank,3e6b668a-8d26-4424-9420-3ceb18486b65,e21cb6e0-aabb-43b2-a112-c0a0a59081bf,1.2423,0.04158,0.2745
MXD,Mary Brascia,Donald Young,1dd5c313-10f5-4e0a-bb9b-699913a5abe8,aec5d8be-9ce0-4cc5-98a4-140fad555fe0,1.2412,0.02989,0.2687
MXD,Maggie Brascia,Hoang Nam Ly,736475dd-7ccd-40d8-8b43-8c2d9ef9e674,f1151ea2-759d-4d9f-a5b9-5ccd966dc3ca,1.2411,0.03522,0.2711
MXD,Cailyn Campbell,Christopher Haworth,9eff9049-c45c-42ee-9a49-e9a797cc2116,a91e2b68-7357-4518-baf9-f59b0b4c2477,1.2406,0.01579,0.2617
MXD,Eugenia Carolina Lopez Ascarate,Oliver Frank,577d1124-44c9-435d-88e9-01a146f2d177,e21cb6e0-aabb-43b2-a112-c0a0a59081bf,1.2401,0.05581,0.2789
MXD,Mary Brascia,Martin Emmrich,1dd5c313-10f5-4e0a-bb9b-699913a5abe8,e9849183-4693-4340-abf5-f4b6f3cb226f,1.2397,0.02818,0.267
MXD,Callie Smith,Mohaned Alhouni,0c1bb94d-3af2-42f4-b938-d712c707ace4,1bab49f1-6891-4d3e-8f77-42aa4fc1d18e,1.2396,0.01665,0.2615
MXD,Christine Maddox,Donald Young,3ad652aa-3fdd-4e53-8f34-dfdedc3c1901,aec5d8be-9ce0-4cc5-98a4-140fad555fe0,1.2392,0.0553,0.278
MXD,Katerina Stewart,Will Howells,3cec5850-24e2-44e3-96bc-ee87aa34581d,d0f19d1e-2a6e-4eb3-b10c-1311edd599a8,1.239,0.02584,0.2654
MXD,Lucy Kovalova,Hoang Nam Ly,504e8c08-caf6-4db8-b454-11ffa321261c,f1151ea2-759d-4d9f-a5b9-5ccd966dc3ca,1.2387,0.03378,0.2688
MXD,Katerina Stewart,Bruno Faletto,3cec5850-24e2-44e3-96bc-ee87aa34581d,34049405-b415-4f3a-aade-5be0111ac7db,1.2387,0.03384,0.2688
MXD,Katerina Stewart,Vanshik Kapadia,3cec5850-24e2-44e3-96bc-ee87aa34581d,6866df42-48ad-423c-9e57-d7d4d6fb66ef,1.2387,0.05369,0.2771
MXD,Kiora Kunimoto,John Lucian Goins,a95df9a8-772c-4dbf-8c28-e200b7308584,e96d9339-cfb6-473d-bcb3-23f2887a3e0f,1.2383,0.01857,0.2615
MXD,Seone Mendez,Quang Duong,0d14405e-2e45-4dcb-8fb7-73558c261b4f,14d61e81-14d5-4cb3-ae33-d427fbc1b4f6,1.2381,0.06089,0.2795
MXD,Mary Brascia,Rafa Hewett,1dd5c313-10f5-4e0a-bb9b-699913a5abe8,06ba18e0-687b-4aa3-822d-1c86981f576b,1.238,0.02592,0.2647
MXD,Judit Castillo,Oliver Frank,ec4cdfe2-c6f6-4de1-824e-9adcaeb31196,e21cb6e0-aabb-43b2-a112-c0a0a59081bf,1.2378,0.04012,0.2709
MXD,Christine Maddox,Martin Emmrich,3ad652aa-3fdd-4e53-8f34-dfdedc3c1901,e9849183-4693-4340-abf5-f4b6f3cb226f,1.2377,0.05359,0.2764
MXD,Allie Reichert,Grayson Goldin,dcd029fb-2814-401b-a1cb-0c4269d9954b,43df1205-e834-4427-9f1a-4e173bf93296,1.2376,0.03369,0.268
MXD,Samantha Parker,Hoang Nam Ly,6794d224-7da3-43d9-8300-e24e731f5dea,f1151ea2-759d-4d9f-a5b9-5ccd966dc3ca,1.2373,0.02841,0.2654
MXD,Isabella Dunlap,Grayson Goldin,719e2d3b-d10d-402d-a195-41f072214679,43df1205-e834-4427-9f1a-4e173bf93296,1.2372,0.02331,0.263
MXD,Kiora Kunimoto,Luca Mack,a95df9a8-772c-4dbf-8c28-e200b7308584,2aa8ced3-d599-4c83-86dd-ecc80196833b,1.2368,0.02437,0.2632
MXD,Christine Maddox,Rafa Hewett,3ad652aa-3fdd-4e53-8f34-dfdedc3c1901,06ba18e0-687b-4aa3-822d-1c86981f576b,1.236,0.05133,0.2743
MXD,Lea Jansen,Oliver Frank,7319013d-d511-4aa5-a356-4aa2cccf94f5,e21cb6e0-aabb-43b2-a112-c0a0a59081bf,1.2359,0.03658,0.2681
MXD,Roos Van Reek,Oliver Frank,4798e757-53f5-4e52-92aa-98172c8f7862,e21cb6e0-aabb-43b2-a112-c0a0a59081bf,1.2353,0.05381,0.2749
MXD,Brooke Buckner,Hoang Nam Ly,06dc9b8a-5c01-49cf-bb4d-70d7b5f85acf,f1151ea2-759d-4d9f-a5b9-5ccd966dc3ca,1.2347,0.02529,0.2621
MXD,Daria Walczak,Grayson Goldin,3e6b668a-8d26-4424-9420-3ceb18486b65,43df1205-e834-4427-9f1a-4e173bf93296,1.2346,0.02735,0.2631
MXD,Seone Mendez,Noe Khlif,0d14405e-2e45-4dcb-8fb7-73558c261b4f,1bb8b2c1-ca6f-45ac-afdd-fab7e77d69d4,1.2343,0.04146,0.2691
MXD,Kiora Kunimoto,Donald Young,a95df9a8-772c-4dbf-8c28-e200b7308584,aec5d8be-9ce0-4cc5-98a4-140fad555fe0,1.2328,0.0201,0.2584
MXD,Estee Widdershoven,Hoang Nam Ly,bf84d952-c6a8-4494-943d-064b223e764f,f1151ea2-759d-4d9f-a5b9-5ccd966dc3ca,1.2326,0.02783,0.2619
MXD,Eugenia Carolina Lopez Ascarate,Grayson Goldin,577d1124-44c9-435d-88e9-01a146f2d177,43df1205-e834-4427-9f1a-4e173bf93296,1.2325,0.04159,0.2679
MXD,Shelby Bates,Oliver Frank,ded801fd-297a-4761-b63e-d8fbbfeb5762,e21cb6e0-aabb-43b2-a112-c0a0a59081bf,1.2321,0.05894,0.2748
MXD,Zoey Weil,Oliver Frank,1d701c30-6b5d-485f-ae97-60f3b0c50896,e21cb6e0-aabb-43b2-a112-c0a0a59081bf,1.232,0.03793,0.266
MXD,Kiora Kunimoto,Martin Emmrich,a95df9a8-772c-4dbf-8c28-e200b7308584,e9849183-4693-4340-abf5-f4b6f3cb226f,1.2313,0.01839,0.2565
MXD,Milan Rane,Hoang Nam Ly,eb14fc6e-ede1-4999-bec3-e36695e7f94e,f1151ea2-759d-4d9f-a5b9-5ccd966dc3ca,1.2308,0.02415,0.259
MXD,Judit Castillo,Grayson Goldin,ec4cdfe2-c6f6-4de1-824e-9adcaeb31196,43df1205-e834-4427-9f1a-4e173bf93296,1.2301,0.02589,0.2593
MXD,Kiora Kunimoto,Rafa Hewett,a95df9a8-772c-4dbf-8c28-e200b7308584,06ba18e0-687b-4aa3-822d-1c86981f576b,1.2296,0.01613,0.2542
MXD,Mary Brascia,Tyson McGuffin,1dd5c313-10f5-4e0a-bb9b-699913a5abe8,dbcb41e9-e983-410b-bc23-d184d034cfc0,1.2284,0.02499,0.2577
MXD,Lea Jansen,Grayson Goldin,7319013d-d511-4aa5-a356-4aa2cccf94f5,43df1205-e834-4427-9f1a-4e173bf93296,1.2282,0.02236,0.2563
MXD,Kaitlyn Christian,Mohaned Alhouni,66a6c35b-33a2-4a23-b5db-fa53c96d643a,1bab49f1-6891-4d3e-8f77-42aa4fc1d18e,1.2278,0.01494,0.2524
MXD,Roos Van Reek,Grayson Goldin,4798e757-53f5-4e52-92aa-98172c8f7862,43df1205-e834-4427-9f1a-4e173bf93296,1.2276,0.03958,0.2639
MXD,Katerina Stewart,Yuta Funemizu,3cec5850-24e2-44e3-96bc-ee87aa34581d,ce4f0e14-80ea-4ed0-a81c-7341d356d427,1.2273,0.02813,0.2585
MXD,Seone Mendez,Will Howells,0d14405e-2e45-4dcb-8fb7-73558c261b4f,d0f19d1e-2a6e-4eb3-b10c-1311edd599a8,1.2266,0.04276,0.2646
MXD,Christine Maddox,Tyson McGuffin,3ad652aa-3fdd-4e53-8f34-dfdedc3c1901,dbcb41e9-e983-410b-bc23-d184d034cfc0,1.2264,0.05039,0.2676
MXD,Seone Mendez,Bruno Faletto,0d14405e-2e45-4dcb-8fb7-73558c261b4f,34049405-b415-4f3a-aade-5be0111ac7db,1.2263,0.05076,0.2677
MXD,Seone Mendez,Vanshik Kapadia,0d14405e-2e45-4dcb-8fb7-73558c261b4f,6866df42-48ad-423c-9e57-d7d4d6fb66ef,1.2263,0.07061,0.2754
MXD,Katerina Stewart,Armaan Bhatia,3cec5850-24e2-44e3-96bc-ee87aa34581d,33292af3-984d-4752-8d18-b3a5c147e9fe,1.2261,0.02771,0.2575
MXD,Shelby Bates,Grayson Goldin,ded801fd-297a-4761-b63e-d8fbbfeb5762,43df1205-e834-4427-9f1a-4e173bf93296,1.2244,0.04472,0.2639
MXD,Zoey Weil,Grayson Goldin,1d701c30-6b5d-485f-ae97-60f3b0c50896,43df1205-e834-4427-9f1a-4e173bf93296,1.2243,0.02371,0.2543
MXD,Allie Reichert,Hoang Nam Ly,dcd029fb-2814-401b-a1cb-0c4269d9954b,f1151ea2-759d-4d9f-a5b9-5ccd966dc3ca,1.2239,0.03557,0.2596
MXD,Isabella Dunlap,Hoang Nam Ly,719e2d3b-d10d-402d-a195-41f072214679,f1151ea2-759d-4d9f-a5b9-5ccd966dc3ca,1.2235,0.02519,0.2545
MXD,Yufei Long,Oliver Frank,20945292-032a-47f1-93c5-d44ada6e4783,e21cb6e0-aabb-43b2-a112-c0a0a59081bf,1.2227,0.05133,0.2655
MXD,Genie Erokhina,Oliver Frank,461f063e-a587-4638-bad9-421ff33d91d7,e21cb6e0-aabb-43b2-a112-c0a0a59081bf,1.2227,0.03754,0.2597
MXD,Katerina Stewart,Dekel Bar,3cec5850-24e2-44e3-96bc-ee87aa34581d,89843e44-48fd-4a3f-b8c0-5f5aa6ae5741,1.2222,0.02591,0.254
MXD,Cailyn Campbell,Mohaned Alhouni,9eff9049-c45c-42ee-9a49-e9a797cc2116,1bab49f1-6891-4d3e-8f77-42aa4fc1d18e,1.2221,0.01542,0.2488
MXD,Daria Walczak,Hoang Nam Ly,3e6b668a-8d26-4424-9420-3ceb18486b65,f1151ea2-759d-4d9f-a5b9-5ccd966dc3ca,1.2209,0.02923,0.2546
MXD,Ting Chieh Wei,Matthew Barlow,29e8121d-6f86-4192-b7af-ab05b77b89fe,3270dc72-53b7-4d35-aa4c-7f8b7b6bf905,1.2206,0.02354,0.2518
MXD,Kiora Kunimoto,Tyson McGuffin,a95df9a8-772c-4dbf-8c28-e200b7308584,dbcb41e9-e983-410b-bc23-d184d034cfc0,1.22,0.01519,0.2472
MXD,Liz Truluck,Oliver Frank,71992955-8b6f-470b-a991-796cfa56a826,e21cb6e0-aabb-43b2-a112-c0a0a59081bf,1.2191,0.0376,0.2573
MXD,Mary Brascia,Tama Shimabukuro,1dd5c313-10f5-4e0a-bb9b-699913a5abe8,4af4d4d1-9f87-4dc7-95f2-b10751d44c15,1.2188,0.02398,0.2507
MXD,Katerina Stewart,CJ Klinger,3cec5850-24e2-44e3-96bc-ee87aa34581d,ead35052-7367-4296-96d4-064f546cc2b9,1.2188,0.02525,0.2514
MXD,Eugenia Carolina Lopez Ascarate,Hoang Nam Ly,577d1124-44c9-435d-88e9-01a146f2d177,f1151ea2-759d-4d9f-a5b9-5ccd966dc3ca,1.2187,0.04347,0.2597
MXD,Mary Brascia,Patrick Kawka,1dd5c313-10f5-4e0a-bb9b-699913a5abe8,6876576c-b20e-47e3-99e4-d32759cc9f48,1.2185,0.05816,0.2657
MXD,Christine Maddox,Tama Shimabukuro,3ad652aa-3fdd-4e53-8f34-dfdedc3c1901,4af4d4d1-9f87-4dc7-95f2-b10751d44c15,1.2168,0.04938,0.2609
MXD,Christine Maddox,Patrick Kawka,3ad652aa-3fdd-4e53-8f34-dfdedc3c1901,6876576c-b20e-47e3-99e4-d32759cc9f48,1.2165,0.08357,0.274
MXD,Judit Castillo,Hoang Nam Ly,ec4cdfe2-c6f6-4de1-824e-9adcaeb31196,f1151ea2-759d-4d9f-a5b9-5ccd966dc3ca,1.2164,0.02777,0.2509
MXD,Katerina Stewart,Dylan Frazier,3cec5850-24e2-44e3-96bc-ee87aa34581d,1de884f8-7bf7-4b49-9de8-3f1fd74cabd6,1.2151,0.02612,0.2493
MXD,Yufei Long,Grayson Goldin,20945292-032a-47f1-93c5-d44ada6e4783,43df1205-e834-4427-9f1a-4e173bf93296,1.215,0.03711,0.2544
MXD,Genie Erokhina,Grayson Goldin,461f063e-a587-4638-bad9-421ff33d91d7,43df1205-e834-4427-9f1a-4e173bf93296,1.215,0.02331,0.2479
MXD,Seone Mendez,Yuta Funemizu,0d14405e-2e45-4dcb-8fb7-73558c261b4f,ce4f0e14-80ea-4ed0-a81c-7341d356d427,1.2149,0.04506,0.2579
MXD,Lea Jansen,Hoang Nam Ly,7319013d-d511-4aa5-a356-4aa2cccf94f5,f1151ea2-759d-4d9f-a5b9-5ccd966dc3ca,1.2145,0.02423,0.248
MXD,Roos Van Reek,Hoang Nam Ly,4798e757-53f5-4e52-92aa-98172c8f7862,f1151ea2-759d-4d9f-a5b9-5ccd966dc3ca,1.2139,0.04146,0.2557
MXD,Carlota Trevino,Matthew Barlow,70c18684-f615-4d05-9aa9-5cbdbd53ab9f,3270dc72-53b7-4d35-aa4c-7f8b7b6bf905,1.2137,0.02547,0.2481
MXD,Seone Mendez,Armaan Bhatia,0d14405e-2e45-4dcb-8fb7-73558c261b4f,33292af3-984d-4752-8d18-b3a5c147e9fe,1.2137,0.04463,0.2569
MXD,Mary Brascia,Tristan Dussault,1dd5c313-10f5-4e0a-bb9b-699913a5abe8,3cab1673-2522-4dd5-ba07-2a1b88749d86,1.2126,0.03667,0.2527
MXD,Jessie Irvine,Matthew Barlow,8e2f9629-19d0-409d-81dc-b64fe2f3d3ff,3270dc72-53b7-4d35-aa4c-7f8b7b6bf905,1.2124,0.02277,0.2459
MXD,Liz Truluck,Grayson Goldin,71992955-8b6f-470b-a991-796cfa56a826,43df1205-e834-4427-9f1a-4e173bf93296,1.2115,0.02338,0.2456
MXD,Shelby Bates,Hoang Nam Ly,ded801fd-297a-4761-b63e-d8fbbfeb5762,f1151ea2-759d-4d9f-a5b9-5ccd966dc3ca,1.2106,0.04659,0.2558
MXD,Zoey Weil,Hoang Nam Ly,1d701c30-6b5d-485f-ae97-60f3b0c50896,f1151ea2-759d-4d9f-a5b9-5ccd966dc3ca,1.2106,0.02559,0.2461
MXD,Christine Maddox,Tristan Dussault,3ad652aa-3fdd-4e53-8f34-dfdedc3c1901,3cab1673-2522-4dd5-ba07-2a1b88749d86,1.2106,0.06207,0.2622
MXD,Kiora Kunimoto,Tama Shimabukuro,a95df9a8-772c-4dbf-8c28-e200b7308584,4af4d4d1-9f87-4dc7-95f2-b10751d44c15,1.2104,0.01418,0.2402
MXD,Kiora Kunimoto,Patrick Kawka,a95df9a8-772c-4dbf-8c28-e200b7308584,6876576c-b20e-47e3-99e4-d32759cc9f48,1.2101,0.04837,0.2562
MXD,Seone Mendez,Dekel Bar,0d14405e-2e45-4dcb-8fb7-73558c261b4f,89843e44-48fd-4a3f-b8c0-5f5aa6ae5741,1.2098,0.04283,0.2536
MXD,Vivian Glozman,Zane Ford,ff789b9c-80c4-442c-b97e-2e2311298cfb,0c5b84bb-4c04-4906-86bc-deb533ff4eec,1.2066,0.03533,0.2481
MXD,Seone Mendez,CJ Klinger,0d14405e-2e45-4dcb-8fb7-73558c261b4f,ead35052-7367-4296-96d4-064f546cc2b9,1.2064,0.04217,0.251
MXD,Katerina Stewart,Augustus Ge,3cec5850-24e2-44e3-96bc-ee87aa34581d,ba491f1c-0112-47a8-a348-4695289e958a,1.2059,0.0244,0.2424
MXD,Maggie Brascia,Matthew Barlow,736475dd-7ccd-40d8-8b43-8c2d9ef9e674,3270dc72-53b7-4d35-aa4c-7f8b7b6bf905,1.2058,0.03314,0.2465
MXD,Kiora Kunimoto,Tristan Dussault,a95df9a8-772c-4dbf-8c28-e200b7308584,3cab1673-2522-4dd5-ba07-2a1b88749d86,1.2042,0.02687,0.2425
MXD,Mary Brascia,Christopher Haworth,1dd5c313-10f5-4e0a-bb9b-699913a5abe8,a91e2b68-7357-4518-baf9-f59b0b4c2477,1.2038,0.02711,0.2423
MXD,Lucy Kovalova,Matthew Barlow,504e8c08-caf6-4db8-b454-11ffa321261c,3270dc72-53b7-4d35-aa4c-7f8b7b6bf905,1.2033,0.0317,0.2442
MXD,Seone Mendez,Dylan Frazier,0d14405e-2e45-4dcb-8fb7-73558c261b4f,1de884f8-7bf7-4b49-9de8-3f1fd74cabd6,1.2027,0.04304,0.249
MXD,Samantha Parker,Matthew Barlow,6794d224-7da3-43d9-8300-e24e731f5dea,3270dc72-53b7-4d35-aa4c-7f8b7b6bf905,1.2019,0.02634,0.2407
MXD,Christine Maddox,Christopher Haworth,3ad652aa-3fdd-4e53-8f34-dfdedc3c1901,a91e2b68-7357-4518-baf9-f59b0b4c2477,1.2018,0.05252,0.2526
MXD,Genie Erokhina,Hoang Nam Ly,461f063e-a587-4638-bad9-421ff33d91d7,f1151ea2-759d-4d9f-a5b9-5ccd966dc3ca,1.2013,0.02519,0.2397
MXD,Yufei Long,Hoang Nam Ly,20945292-032a-47f1-93c5-d44ada6e4783,f1151ea2-759d-4d9f-a5b9-5ccd966dc3ca,1.2012,0.03898,0.2463
MXD,Brooke Buckner,Matthew Barlow,06dc9b8a-5c01-49cf-bb4d-70d7b5f85acf,3270dc72-53b7-4d35-aa4c-7f8b7b6bf905,1.1993,0.02321,0.2374
MXD,Liz Truluck,Hoang Nam Ly,71992955-8b6f-470b-a991-796cfa56a826,f1151ea2-759d-4d9f-a5b9-5ccd966dc3ca,1.1977,0.02526,0.2374
MXD,Estee Widdershoven,Matthew Barlow,bf84d952-c6a8-4494-943d-064b223e764f,3270dc72-53b7-4d35-aa4c-7f8b7b6bf905,1.1973,0.02575,0.2374
MXD,Marianna Petrei,Oliver Frank,12890797-7355-49ca-848e-56d67e33c4de,e21cb6e0-aabb-43b2-a112-c0a0a59081bf,1.1957,0.05471,0.2497
MXD,Milan Rane,Matthew Barlow,eb14fc6e-ede1-4999-bec3-e36695e7f94e,3270dc72-53b7-4d35-aa4c-7f8b7b6bf905,1.1955,0.02208,0.2344
MXD,Kiora Kunimoto,Christopher Haworth,a95df9a8-772c-4dbf-8c28-e200b7308584,a91e2b68-7357-4518-baf9-f59b0b4c2477,1.1954,0.01732,0.2319
MXD,Katerina Stewart,Oscar Serra,3cec5850-24e2-44e3-96bc-ee87aa34581d,2c2a2b82-9ec7-4046-97cb-3a199ed507af,1.1946,0.03716,0.2412
MXD,Seone Mendez,Augustus Ge,0d14405e-2e45-4dcb-8fb7-73558c261b4f,ba491f1c-0112-47a8-a348-4695289e958a,1.1935,0.04132,0.2424
MXD,Katerina Stewart,George Wall,3cec5850-24e2-44e3-96bc-ee87aa34581d,698c5236-e88f-411c-b44f-e54f16b2d6b5,1.1923,0.03732,0.2398
MXD,Mary Brascia,Mohaned Alhouni,1dd5c313-10f5-4e0a-bb9b-699913a5abe8,1bab49f1-6891-4d3e-8f77-42aa4fc1d18e,1.1911,0.02674,0.2339
MXD,Christine Maddox,Mohaned Alhouni,3ad652aa-3fdd-4e53-8f34-dfdedc3c1901,1bab49f1-6891-4d3e-8f77-42aa4fc1d18e,1.1891,0.05215,0.2444
MXD,Allie Reichert,Matthew Barlow,dcd029fb-2814-401b-a1cb-0c4269d9954b,3270dc72-53b7-4d35-aa4c-7f8b7b6bf905,1.1885,0.03349,0.2356
MXD,Katerina Stewart,Hunter Johnson,3cec5850-24e2-44e3-96bc-ee87aa34581d,8160ad59-4654-46b1-b229-8d5f2a9a45f9,1.1884,0.027,0.2323
MXD,Callie Smith,Oliver Frank,0c1bb94d-3af2-42f4-b938-d712c707ace4,e21cb6e0-aabb-43b2-a112-c0a0a59081bf,1.1883,0.03863,0.2378
MXD,Isabella Dunlap,Matthew Barlow,719e2d3b-d10d-402d-a195-41f072214679,3270dc72-53b7-4d35-aa4c-7f8b7b6bf905,1.1881,0.02311,0.2302
MXD,Marianna Petrei,Grayson Goldin,12890797-7355-49ca-848e-56d67e33c4de,43df1205-e834-4427-9f1a-4e173bf93296,1.188,0.04048,0.2385
MXD,Bobbi Oshiro,Zane Ford,7f36e416-0907-43b2-8ec4-e9533088e30f,0c5b84bb-4c04-4906-86bc-deb533ff4eec,1.1855,0.05659,0.2441
MXD,Daria Walczak,Matthew Barlow,3e6b668a-8d26-4424-9420-3ceb18486b65,3270dc72-53b7-4d35-aa4c-7f8b7b6bf905,1.1855,0.02715,0.2305
MXD,Lacy Schneemann,Zane Ford,a3ed7970-35d2-485c-8285-187c298a2d83,0c5b84bb-4c04-4906-86bc-deb533ff4eec,1.1838,0.0206,0.2261
MXD,Catherine Parenteau,Zane Ford,9b97206b-783a-4fab-85e9-45a6240325a5,0c5b84bb-4c04-4906-86bc-deb533ff4eec,1.1834,0.0195,0.2253
MXD,Eugenia Carolina Lopez Ascarate,Matthew Barlow,577d1124-44c9-435d-88e9-01a146f2d177,3270dc72-53b7-4d35-aa4c-7f8b7b6bf905,1.1834,0.04139,0.2361
MXD,Kiora Kunimoto,Mohaned Alhouni,a95df9a8-772c-4dbf-8c28-e200b7308584,1bab49f1-6891-4d3e-8f77-42aa4fc1d18e,1.1827,0.01695,0.2235
MXD,Seone Mendez,Oscar Serra,0d14405e-2e45-4dcb-8fb7-73558c261b4f,2c2a2b82-9ec7-4046-97cb-3a199ed507af,1.1822,0.05408,0.241
MXD,Judit Castillo,Matthew Barlow,ec4cdfe2-c6f6-4de1-824e-9adcaeb31196,3270dc72-53b7-4d35-aa4c-7f8b7b6bf905,1.181,0.02569,0.227
MXD,Katerina Stewart,Roscoe Bellamy,3cec5850-24e2-44e3-96bc-ee87aa34581d,925c1306-6b3b-4510-8482-f34168a0842a,1.181,0.02627,0.2273
MXD,Callie Smith,Grayson Goldin,0c1bb94d-3af2-42f4-b938-d712c707ace4,43df1205-e834-4427-9f1a-4e173bf93296,1.1806,0.02441,0.2261
MXD,Seone Mendez,George Wall,0d14405e-2e45-4dcb-8fb7-73558c261b4f,698c5236-e88f-411c-b44f-e54f16b2d6b5,1.1799,0.05424,0.2397
MXD,Lea Jansen,Matthew Barlow,7319013d-d511-4aa5-a356-4aa2cccf94f5,3270dc72-53b7-4d35-aa4c-7f8b7b6bf905,1.1791,0.02216,0.224
MXD,Roos Van Reek,Matthew Barlow,4798e757-53f5-4e52-92aa-98172c8f7862,3270dc72-53b7-4d35-aa4c-7f8b7b6bf905,1.1785,0.03938,0.2321
MXD,Katerina Stewart,Anderson Scarpa,3cec5850-24e2-44e3-96bc-ee87aa34581d,fa8d5d28-d8f5-4996-8c35-0f4ca3c35bae,1.1784,0.02817,0.2266
MXD,Kaitlyn Christian,Oliver Frank,66a6c35b-33a2-4a23-b5db-fa53c96d643a,e21cb6e0-aabb-43b2-a112-c0a0a59081bf,1.1765,0.03692,0.2297
MXD,Katerina Stewart,Thomas Yu,3cec5850-24e2-44e3-96bc-ee87aa34581d,8c94d7b2-0dce-455e-916f-e35927d53547,1.1764,0.04246,0.2322
MXD,Seone Mendez,Hunter Johnson,0d14405e-2e45-4dcb-8fb7-73558c261b4f,8160ad59-4654-46b1-b229-8d5f2a9a45f9,1.1759,0.04393,0.2326
MXD,Katerina Stewart,Joseph Wild,3cec5850-24e2-44e3-96bc-ee87aa34581d,a51b59c5-1a13-4472-821a-eb9866e72adf,1.1757,0.03487,0.2282
MXD,Shelby Bates,Matthew Barlow,ded801fd-297a-4761-b63e-d8fbbfeb5762,3270dc72-53b7-4d35-aa4c-7f8b7b6bf905,1.1753,0.04451,0.2325
MXD,Zoey Weil,Matthew Barlow,1d701c30-6b5d-485f-ae97-60f3b0c50896,3270dc72-53b7-4d35-aa4c-7f8b7b6bf905,1.1752,0.02351,0.2222
MXD,Marianna Petrei,Hoang Nam Ly,12890797-7355-49ca-848e-56d67e33c4de,f1151ea2-759d-4d9f-a5b9-5ccd966dc3ca,1.1743,0.04236,0.2309
MXD,Katerina Stewart,Harsh Mehta,3cec5850-24e2-44e3-96bc-ee87aa34581d,c18fb17d-e0bb-415c-901b-fa2f928ab22c,1.1721,0.04334,0.23
MXD,Vivienne David,Zane Ford,afc0bfc9-8cd8-4600-bd45-681092186db3,0c5b84bb-4c04-4906-86bc-deb533ff4eec,1.1711,0.03232,0.2241
MXD,Cailyn Campbell,Oliver Frank,9eff9049-c45c-42ee-9a49-e9a797cc2116,e21cb6e0-aabb-43b2-a112-c0a0a59081bf,1.1708,0.0374,0.2263
MXD,Katerina Stewart,Hien Truong,3cec5850-24e2-44e3-96bc-ee87aa34581d,524b89ad-b76b-40b4-a0db-736bdc7b8adb,1.17,0.0414,0.2278
MXD,Kaitlyn Christian,Grayson Goldin,66a6c35b-33a2-4a23-b5db-fa53c96d643a,43df1205-e834-4427-9f1a-4e173bf93296,1.1688,0.0227,0.2178
MXD,Seone Mendez,Roscoe Bellamy,0d14405e-2e45-4dcb-8fb7-73558c261b4f,925c1306-6b3b-4510-8482-f34168a0842a,1.1686,0.04319,0.2278
MXD,Katerina Stewart,Etienne Blaszkewycz,3cec5850-24e2-44e3-96bc-ee87aa34581d,d3e486f2-7c25-4bcf-b9dd-81c14f644f60,1.168,0.03254,0.2223
MXD,Callie Smith,Hoang Nam Ly,0c1bb94d-3af2-42f4-b938-d712c707ace4,f1151ea2-759d-4d9f-a5b9-5ccd966dc3ca,1.1668,0.02628,0.2184
MXD,Seone Mendez,Anderson Scarpa,0d14405e-2e45-4dcb-8fb7-73558c261b4f,fa8d5d28-d8f5-4996-8c35-0f4ca3c35bae,1.166,0.04509,0.2271
MXD,Genie Erokhina,Matthew Barlow,461f063e-a587-4638-bad9-421ff33d91d7,3270dc72-53b7-4d35-aa4c-7f8b7b6bf905,1.166,0.02311,0.2162
MXD,Yufei Long,Matthew Barlow,20945292-032a-47f1-93c5-d44ada6e4783,3270dc72-53b7-4d35-aa4c-7f8b7b6bf905,1.1659,0.0369,0.2231
MXD,Katerina Stewart,Pablo Tellez,3cec5850-24e2-44e3-96bc-ee87aa34581d,52726ab1-2ac9-46c0-be90-6b0e7a2d56eb,1.1657,0.02661,0.2178
MXD,Katerina Stewart,Alex Emery,3cec5850-24e2-44e3-96bc-ee87aa34581d,5c817399-aea7-481d-9a83-aab7431eabc1,1.1655,0.04806,0.2281
MXD,Katerina Stewart,Jaume Martinez Vich,3cec5850-24e2-44e3-96bc-ee87aa34581d,cc8832b9-9a8f-4cbc-8eff-b20e9a7ff09a,1.1654,0.02471,0.2167
MXD,Katerina Stewart,Max Freeman,3cec5850-24e2-44e3-96bc-ee87aa34581d,b03ff4de-9b8f-46a8-a530-d8f19e9d6ec9,1.1641,0.02573,0.2164
MXD,Seone Mendez,Thomas Yu,0d14405e-2e45-4dcb-8fb7-73558c261b4f,8c94d7b2-0dce-455e-916f-e35927d53547,1.1639,0.05939,0.2322
MXD,Seone Mendez,Joseph Wild,0d14405e-2e45-4dcb-8fb7-73558c261b4f,a51b59c5-1a13-4472-821a-eb9866e72adf,1.1633,0.05179,0.2285
MXD,Cailyn Campbell,Grayson Goldin,9eff9049-c45c-42ee-9a49-e9a797cc2116,43df1205-e834-4427-9f1a-4e173bf93296,1.1631,0.02318,0.2145
MXD,Liz Truluck,Matthew Barlow,71992955-8b6f-470b-a991-796cfa56a826,3270dc72-53b7-4d35-aa4c-7f8b7b6bf905,1.1624,0.02318,0.214
MXD,Katerina Stewart,Connor Mogle,3cec5850-24e2-44e3-96bc-ee87aa34581d,3d9c8684-953f-4008-b355-b6104ee56a5b,1.1622,0.02775,0.2163
MXD,Seone Mendez,Harsh Mehta,0d14405e-2e45-4dcb-8fb7-73558c261b4f,c18fb17d-e0bb-415c-901b-fa2f928ab22c,1.1597,0.06026,0.2301
MXD,Seone Mendez,Hien Truong,0d14405e-2e45-4dcb-8fb7-73558c261b4f,524b89ad-b76b-40b4-a0db-736bdc7b8adb,1.1576,0.05832,0.228
MXD,Katerina Stewart,Juan Benitez,3cec5850-24e2-44e3-96bc-ee87aa34581d,f4c43443-fdff-4344-b291-274cfd26361e,1.157,0.03164,0.2151
MXD,Etta Tuionetoa,Zane Ford,676b1cbc-766c-4616-bf39-1787ffd8c72a,0c5b84bb-4c04-4906-86bc-deb533ff4eec,1.1567,0.02121,0.2095
MXD,Seone Mendez,Etienne Blaszkewycz,0d14405e-2e45-4dcb-8fb7-73558c261b4f,d3e486f2-7c25-4bcf-b9dd-81c14f644f60,1.1556,0.04946,0.2228
MXD,Kaitlyn Christian,Hoang Nam Ly,66a6c35b-33a2-4a23-b5db-fa53c96d643a,f1151ea2-759d-4d9f-a5b9-5ccd966dc3ca,1.1551,0.02457,0.2103
MXD,Chao Yi Wang,Zane Ford,20684550-cb89-4ea2-9e2f-0f44eb920b45,0c5b84bb-4c04-4906-86bc-deb533ff4eec,1.1542,0.02115,0.208
MXD,Seone Mendez,Pablo Tellez,0d14405e-2e45-4dcb-8fb7-73558c261b4f,52726ab1-2ac9-46c0-be90-6b0e7a2d56eb,1.1532,0.04353,0.2187
MXD,Seone Mendez,Alex Emery,0d14405e-2e45-4dcb-8fb7-73558c261b4f,5c817399-aea7-481d-9a83-aab7431eabc1,1.1531,0.06499,0.2282
MXD,Seone Mendez,Jaume Martinez Vich,0d14405e-2e45-4dcb-8fb7-73558c261b4f,cc8832b9-9a8f-4cbc-8eff-b20e9a7ff09a,1.153,0.04163,0.2176
MXD,Seone Mendez,Max Freeman,0d14405e-2e45-4dcb-8fb7-73558c261b4f,b03ff4de-9b8f-46a8-a530-d8f19e9d6ec9,1.1517,0.04265,0.2173
MXD,Seone Mendez,Connor Mogle,0d14405e-2e45-4dcb-8fb7-73558c261b4f,3d9c8684-953f-4008-b355-b6104ee56a5b,1.1498,0.04467,0.2172
MXD,Cailyn Campbell,Hoang Nam Ly,9eff9049-c45c-42ee-9a49-e9a797cc2116,f1151ea2-759d-4d9f-a5b9-5ccd966dc3ca,1.1494,0.02505,0.2071
MXD,Ewa Radzikowska,Zane Ford,1d51becb-4ea0-4878-9660-e3fd2dfaa0ea,0c5b84bb-4c04-4906-86bc-deb533ff4eec,1.1488,0.02928,0.2089
MXD,Katerina Stewart,John Lucian Goins,3cec5850-24e2-44e3-96bc-ee87aa34581d,e96d9339-cfb6-473d-bcb3-23f2887a3e0f,1.1487,0.02861,0.2085
MXD,Katerina Stewart,Luca Mack,3cec5850-24e2-44e3-96bc-ee87aa34581d,2aa8ced3-d599-4c83-86dd-ecc80196833b,1.1471,0.03441,0.2105
MXD,Meghan Dizon,Zane Ford,8f521dcc-1cb5-4c8d-933c-af6b267bd395,0c5b84bb-4c04-4906-86bc-deb533ff4eec,1.1452,0.02095,0.2024
MXD,Mary Brascia,Oliver Frank,1dd5c313-10f5-4e0a-bb9b-699913a5abe8,e21cb6e0-aabb-43b2-a112-c0a0a59081bf,1.1448,0.04872,0.2161
MXD,Seone Mendez,Juan Benitez,0d14405e-2e45-4dcb-8fb7-73558c261b4f,f4c43443-fdff-4344-b291-274cfd26361e,1.1446,0.04856,0.2159
MXD,Christine Maddox,Oliver Frank,3ad652aa-3fdd-4e53-8f34-dfdedc3c1901,e21cb6e0-aabb-43b2-a112-c0a0a59081bf,1.1434,0.07412,0.2265
MXD,Katerina Stewart,Donald Young,3cec5850-24e2-44e3-96bc-ee87aa34581d,aec5d8be-9ce0-4cc5-98a4-140fad555fe0,1.1431,0.03014,0.206
MXD,Katerina Stewart,Martin Emmrich,3cec5850-24e2-44e3-96bc-ee87aa34581d,e9849183-4693-4340-abf5-f4b6f3cb226f,1.1416,0.02843,0.2043
MXD,Katerina Stewart,Rafa Hewett,3cec5850-24e2-44e3-96bc-ee87aa34581d,06ba18e0-687b-4aa3-822d-1c86981f576b,1.1399,0.02617,0.2021
MXD,Kiora Kunimoto,Oliver Frank,a95df9a8-772c-4dbf-8c28-e200b7308584,e21cb6e0-aabb-43b2-a112-c0a0a59081bf,1.139,0.03893,0.208
MXD,Marianna Petrei,Matthew Barlow,12890797-7355-49ca-848e-56d67e33c4de,3270dc72-53b7-4d35-aa4c-7f8b7b6bf905,1.1389,0.04028,0.2086
MXD,Mary Brascia,Grayson Goldin,1dd5c313-10f5-4e0a-bb9b-699913a5abe8,43df1205-e834-4427-9f1a-4e173bf93296,1.1371,0.03449,0.2047
MXD,Seone Mendez,John Lucian Goins,0d14405e-2e45-4dcb-8fb7-73558c261b4f,e96d9339-cfb6-473d-bcb3-23f2887a3e0f,1.1362,0.04553,0.2096
MXD,Christine Maddox,Grayson Goldin,3ad652aa-3fdd-4e53-8f34-dfdedc3c1901,43df1205-e834-4427-9f1a-4e173bf93296,1.1357,0.0599,0.2159
MXD,Seone Mendez,Luca Mack,0d14405e-2e45-4dcb-8fb7-73558c261b4f,2aa8ced3-d599-4c83-86dd-ecc80196833b,1.1347,0.05133,0.2114
MXD,Genie Bouchard,Ben Johns,4da698bf-605d-4c6c-8566-6bfbdb6c1a24,6f862c1d-1317-4fe7-bdcd-64caa0dbb088,1.1326,0.02279,0.196
MXD,Callie Smith,Matthew Barlow,0c1bb94d-3af2-42f4-b938-d712c707ace4,3270dc72-53b7-4d35-aa4c-7f8b7b6bf905,1.1315,0.0242,0.1961
MXD,Kiora Kunimoto,Grayson Goldin,a95df9a8-772c-4dbf-8c28-e200b7308584,43df1205-e834-4427-9f1a-4e173bf93296,1.1313,0.0247,0.1962
MXD,Seone Mendez,Donald Young,0d14405e-2e45-4dcb-8fb7-73558c261b4f,aec5d8be-9ce0-4cc5-98a4-140fad555fe0,1.1307,0.04706,0.2071
MXD,Katerina Stewart,Tyson McGuffin,3cec5850-24e2-44e3-96bc-ee87aa34581d,dbcb41e9-e983-410b-bc23-d184d034cfc0,1.1304,0.02523,0.196
MXD,Sahra Dennehy,Zane Ford,051f5c82-82ce-4ab8-b4f8-36976638a89b,0c5b84bb-4c04-4906-86bc-deb533ff4eec,1.1298,0.02213,0.194
MXD,Seone Mendez,Martin Emmrich,0d14405e-2e45-4dcb-8fb7-73558c261b4f,e9849183-4693-4340-abf5-f4b6f3cb226f,1.1292,0.04535,0.2055
MXD,Leigh Waters,Zane Ford,1bfba782-55f3-42e4-9889-9018e793c0b5,0c5b84bb-4c04-4906-86bc-deb533ff4eec,1.1288,0.03467,0.2
MXD,Allyce Jones,Zane Ford,efe9989b-5864-48c2-806c-06697024e1da,0c5b84bb-4c04-4906-86bc-deb533ff4eec,1.1281,0.02033,0.192
MXD,Seone Mendez,Rafa Hewett,0d14405e-2e45-4dcb-8fb7-73558c261b4f,06ba18e0-687b-4aa3-822d-1c86981f576b,1.1275,0.04309,0.2034
MXD,Mary Brascia,Hoang Nam Ly,1dd5c313-10f5-4e0a-bb9b-699913a5abe8,f1151ea2-759d-4d9f-a5b9-5ccd966dc3ca,1.1234,0.03637,0.1977
MXD,Christine Maddox,Hoang Nam Ly,3ad652aa-3fdd-4e53-8f34-dfdedc3c1901,f1151ea2-759d-4d9f-a5b9-5ccd966dc3ca,1.122,0.06178,0.209
MXD,Katerina Stewart,Tama Shimabukuro,3cec5850-24e2-44e3-96bc-ee87aa34581d,4af4d4d1-9f87-4dc7-95f2-b10751d44c15,1.1207,0.02422,0.1899
MXD,Katerina Stewart,Patrick Kawka,3cec5850-24e2-44e3-96bc-ee87aa34581d,6876576c-b20e-47e3-99e4-d32759cc9f48,1.1205,0.05841,0.2066
MXD,Kaitlyn Christian,Matthew Barlow,66a6c35b-33a2-4a23-b5db-fa53c96d643a,3270dc72-53b7-4d35-aa4c-7f8b7b6bf905,1.1197,0.02249,0.1884
MXD,Seone Mendez,Tyson McGuffin,0d14405e-2e45-4dcb-8fb7-73558c261b4f,dbcb41e9-e983-410b-bc23-d184d034cfc0,1.1179,0.04215,0.1975
MXD,Kiora Kunimoto,Hoang Nam Ly,a95df9a8-772c-4dbf-8c28-e200b7308584,f1151ea2-759d-4d9f-a5b9-5ccd966dc3ca,1.1176,0.02658,0.1894
MXD,Yana Newell,Zane Ford,655e0349-7e66-4233-b999-b6cca2298f9b,0c5b84bb-4c04-4906-86bc-deb533ff4eec,1.1161,0.03564,0.1932
MXD,Katerina Stewart,Tristan Dussault,3cec5850-24e2-44e3-96bc-ee87aa34581d,3cab1673-2522-4dd5-ba07-2a1b88749d86,1.1146,0.03691,0.193
MXD,Cailyn Campbell,Matthew Barlow,9eff9049-c45c-42ee-9a49-e9a797cc2116,3270dc72-53b7-4d35-aa4c-7f8b7b6bf905,1.114,0.02297,0.1854
MXD,Genie Bouchard,JW Johnson,4da698bf-605d-4c6c-8566-6bfbdb6c1a24,bd061b42-2f82-4bbe-82be-d8bcfb37f9e1,1.1093,0.02443,0.1835
MXD,Seone Mendez,Tama Shimabukuro,0d14405e-2e45-4dcb-8fb7-73558c261b4f,4af4d4d1-9f87-4dc7-95f2-b10751d44c15,1.1083,0.04114,0.1916
MXD,Seone Mendez,Patrick Kawka,0d14405e-2e45-4dcb-8fb7-73558c261b4f,6876576c-b20e-47e3-99e4-d32759cc9f48,1.108,0.07533,0.2072
MXD,Katerina Stewart,Christopher Haworth,3cec5850-24e2-44e3-96bc-ee87aa34581d,a91e2b68-7357-4518-baf9-f59b0b4c2477,1.1058,0.02735,0.1832
MXD,Genie Bouchard,Hayden Patriquin,4da698bf-605d-4c6c-8566-6bfbdb6c1a24,fc05556e-3e38-4a38-99c2-f855174a7c28,1.1051,0.02284,0.1804
MXD,Jillian Braverman,Zane Ford,98c2531f-f5ce-48b5-b251-eb69425d409c,0c5b84bb-4c04-4906-86bc-deb533ff4eec,1.1034,0.06303,0.1993
MXD,Seone Mendez,Tristan Dussault,0d14405e-2e45-4dcb-8fb7-73558c261b4f,3cab1673-2522-4dd5-ba07-2a1b88749d86,1.1022,0.05383,0.1944
MXD,Alix Truong,Zane Ford,646f7432-e6ad-4ccf-95ee-a0e5d9514d28,0c5b84bb-4c04-4906-86bc-deb533ff4eec,1.1016,0.02019,0.177
MXD,Genie Bouchard,Gabriel Tardio,4da698bf-605d-4c6c-8566-6bfbdb6c1a24,d50310a6-9378-4228-823f-7fb54f7bd698,1.0973,0.0225,0.1759
MXD,Layne Sleeth,Zane Ford,55ed7e0a-ff2d-4ac2-aad6-b6772ef4f448,0c5b84bb-4c04-4906-86bc-deb533ff4eec,1.0964,0.02166,0.175
MXD,Seone Mendez,Christopher Haworth,0d14405e-2e45-4dcb-8fb7-73558c261b4f,a91e2b68-7357-4518-baf9-f59b0b4c2477,1.0933,0.04428,0.185
MXD,Katerina Stewart,Mohaned Alhouni,3cec5850-24e2-44e3-96bc-ee87aa34581d,1bab49f1-6891-4d3e-8f77-42aa4fc1d18e,1.093,0.02699,0.176
MXD,Mary Brascia,Matthew Barlow,1dd5c313-10f5-4e0a-bb9b-699913a5abe8,3270dc72-53b7-4d35-aa4c-7f8b7b6bf905,1.088,0.03429,0.1771
MXD,Christine Maddox,Matthew Barlow,3ad652aa-3fdd-4e53-8f34-dfdedc3c1901,3270dc72-53b7-4d35-aa4c-7f8b7b6bf905,1.0866,0.0597,0.1888
MXD,Kiora Kunimoto,Matthew Barlow,a95df9a8-772c-4dbf-8c28-e200b7308584,3270dc72-53b7-4d35-aa4c-7f8b7b6bf905,1.0822,0.0245,0.1689
MXD,Seone Mendez,Mohaned Alhouni,0d14405e-2e45-4dcb-8fb7-73558c261b4f,1bab49f1-6891-4d3e-8f77-42aa4fc1d18e,1.0806,0.04391,0.1781
MXD,Ting Chieh Wei,Zane Ford,29e8121d-6f86-4192-b7af-ab05b77b89fe,0c5b84bb-4c04-4906-86bc-deb533ff4eec,1.0671,0.0201,0.1586
MXD,Carlota Trevino,Zane Ford,70c18684-f615-4d05-9aa9-5cbdbd53ab9f,0c5b84bb-4c04-4906-86bc-deb533ff4eec,1.0601,0.02203,0.1561
MXD,Jessie Irvine,Zane Ford,8e2f9629-19d0-409d-81dc-b64fe2f3d3ff,0c5b84bb-4c04-4906-86bc-deb533ff4eec,1.0588,0.01933,0.154
MXD,Katerina Stewart,Oliver Frank,3cec5850-24e2-44e3-96bc-ee87aa34581d,e21cb6e0-aabb-43b2-a112-c0a0a59081bf,1.0576,0.04896,0.1687
MXD,Maggie Brascia,Zane Ford,736475dd-7ccd-40d8-8b43-8c2d9ef9e674,0c5b84bb-4c04-4906-86bc-deb533ff4eec,1.0522,0.0297,0.1563
MXD,Katerina Stewart,Grayson Goldin,3cec5850-24e2-44e3-96bc-ee87aa34581d,43df1205-e834-4427-9f1a-4e173bf93296,1.0522,0.03474,0.1589
MXD,Genie Bouchard,Christian Alshon,4da698bf-605d-4c6c-8566-6bfbdb6c1a24,79a11da1-6aeb-4719-9b1e-9918e0163cec,1.0512,0.02294,0.1521
MXD,Lucy Kovalova,Zane Ford,504e8c08-caf6-4db8-b454-11ffa321261c,0c5b84bb-4c04-4906-86bc-deb533ff4eec,1.0498,0.02826,0.1543
MXD,Samantha Parker,Zane Ford,6794d224-7da3-43d9-8300-e24e731f5dea,0c5b84bb-4c04-4906-86bc-deb533ff4eec,1.0484,0.0229,0.1507
MXD,Brooke Buckner,Zane Ford,06dc9b8a-5c01-49cf-bb4d-70d7b5f85acf,0c5b84bb-4c04-4906-86bc-deb533ff4eec,1.0458,0.01977,0.1477
MXD,Seone Mendez,Oliver Frank,0d14405e-2e45-4dcb-8fb7-73558c261b4f,e21cb6e0-aabb-43b2-a112-c0a0a59081bf,1.0451,0.06588,0.1705
MXD,Estee Widdershoven,Zane Ford,bf84d952-c6a8-4494-943d-064b223e764f,0c5b84bb-4c04-4906-86bc-deb533ff4eec,1.0437,0.02231,0.1481
MXD,Katerina Stewart,Hoang Nam Ly,3cec5850-24e2-44e3-96bc-ee87aa34581d,f1151ea2-759d-4d9f-a5b9-5ccd966dc3ca,1.0428,0.03662,0.1552
MXD,Milan Rane,Zane Ford,eb14fc6e-ede1-4999-bec3-e36695e7f94e,0c5b84bb-4c04-4906-86bc-deb533ff4eec,1.0419,0.01864,0.1452
MXD,Seone Mendez,Grayson Goldin,0d14405e-2e45-4dcb-8fb7-73558c261b4f,43df1205-e834-4427-9f1a-4e173bf93296,1.0398,0.05166,0.1613
MXD,Allie Reichert,Zane Ford,dcd029fb-2814-401b-a1cb-0c4269d9954b,0c5b84bb-4c04-4906-86bc-deb533ff4eec,1.035,0.03005,0.1481
MXD,Isabella Dunlap,Zane Ford,719e2d3b-d10d-402d-a195-41f072214679,0c5b84bb-4c04-4906-86bc-deb533ff4eec,1.0346,0.01967,0.1423
MXD,Daria Walczak,Zane Ford,3e6b668a-8d26-4424-9420-3ceb18486b65,0c5b84bb-4c04-4906-86bc-deb533ff4eec,1.0319,0.02371,0.1432
MXD,Seone Mendez,Hoang Nam Ly,0d14405e-2e45-4dcb-8fb7-73558c261b4f,f1151ea2-759d-4d9f-a5b9-5ccd966dc3ca,1.0303,0.05354,0.1577
MXD,Eugenia Carolina Lopez Ascarate,Zane Ford,577d1124-44c9-435d-88e9-01a146f2d177,0c5b84bb-4c04-4906-86bc-deb533ff4eec,1.0298,0.03795,0.1497
MXD,Judit Castillo,Zane Ford,ec4cdfe2-c6f6-4de1-824e-9adcaeb31196,0c5b84bb-4c04-4906-86bc-deb533ff4eec,1.0275,0.02225,0.1403
MXD,Lea Jansen,Zane Ford,7319013d-d511-4aa5-a356-4aa2cccf94f5,0c5b84bb-4c04-4906-86bc-deb533ff4eec,1.0256,0.01871,0.1375
MXD,Roos Van Reek,Zane Ford,4798e757-53f5-4e52-92aa-98172c8f7862,0c5b84bb-4c04-4906-86bc-deb533ff4eec,1.025,0.03594,0.1464
MXD,Shelby Bates,Zane Ford,ded801fd-297a-4761-b63e-d8fbbfeb5762,0c5b84bb-4c04-4906-86bc-deb533ff4eec,1.0217,0.04107,0.1475
MXD,Zoey Weil,Zane Ford,1d701c30-6b5d-485f-ae97-60f3b0c50896,0c5b84bb-4c04-4906-86bc-deb533ff4eec,1.0217,0.02007,0.1364
MXD,Genie Bouchard,Andrei Daescu,4da698bf-605d-4c6c-8566-6bfbdb6c1a24,581183e8-3d9e-459e-b69f-7337d8b6f3d2,1.0191,0.02253,0.1366
MXD,Katerina Stewart,Matthew Barlow,3cec5850-24e2-44e3-96bc-ee87aa34581d,3270dc72-53b7-4d35-aa4c-7f8b7b6bf905,1.0183,0.03454,0.1426
MXD,Genie Erokhina,Zane Ford,461f063e-a587-4638-bad9-421ff33d91d7,0c5b84bb-4c04-4906-86bc-deb533ff4eec,1.0124,0.01967,0.132
MXD,Yufei Long,Zane Ford,20945292-032a-47f1-93c5-d44ada6e4783,0c5b84bb-4c04-4906-86bc-deb533ff4eec,1.0123,0.03346,0.1393
MXD,Liz Truluck,Zane Ford,71992955-8b6f-470b-a991-796cfa56a826,0c5b84bb-4c04-4906-86bc-deb533ff4eec,1.0088,0.01974,0.1304
MXD,Seone Mendez,Matthew Barlow,0d14405e-2e45-4dcb-8fb7-73558c261b4f,3270dc72-53b7-4d35-aa4c-7f8b7b6bf905,1.0059,0.05146,0.1453
MXD,Genie Bouchard,Eric Oncins,4da698bf-605d-4c6c-8566-6bfbdb6c1a24,52690a0c-ed4a-4e0b-bf69-4ef416cf7d55,0.9969,0.02301,0.1269
MXD,Marianna Petrei,Zane Ford,12890797-7355-49ca-848e-56d67e33c4de,0c5b84bb-4c04-4906-86bc-deb533ff4eec,0.9854,0.03684,0.1291
MXD,Callie Smith,Zane Ford,0c1bb94d-3af2-42f4-b938-d712c707ace4,0c5b84bb-4c04-4906-86bc-deb533ff4eec,0.9779,0.02076,0.1176
MXD,Genie Bouchard,Jay Devilliers,4da698bf-605d-4c6c-8566-6bfbdb6c1a24,295e343a-31a0-4e1d-a286-d62592291435,0.9747,0.02451,0.1182
MXD,Kaitlyn Christian,Zane Ford,66a6c35b-33a2-4a23-b5db-fa53c96d643a,0c5b84bb-4c04-4906-86bc-deb533ff4eec,0.9662,0.01905,0.1119
MXD,Genie Bouchard,Federico Staksrud,4da698bf-605d-4c6c-8566-6bfbdb6c1a24,7edb882c-6d17-4129-8208-710e3c82364c,0.9619,0.02246,0.112
MXD,Genie Bouchard,Riley Newman,4da698bf-605d-4c6c-8566-6bfbdb6c1a24,05b194b3-db88-4f77-a26f-5ef5cfbf6146,0.9618,0.02375,0.1126
MXD,Cailyn Campbell,Zane Ford,9eff9049-c45c-42ee-9a49-e9a797cc2116,0c5b84bb-4c04-4906-86bc-deb533ff4eec,0.9605,0.01953,0.1099
MXD,Mary Brascia,Zane Ford,1dd5c313-10f5-4e0a-bb9b-699913a5abe8,0c5b84bb-4c04-4906-86bc-deb533ff4eec,0.9345,0.03085,0.1056
MXD,Christine Maddox,Zane Ford,3ad652aa-3fdd-4e53-8f34-dfdedc3c1901,0c5b84bb-4c04-4906-86bc-deb533ff4eec,0.9331,0.05626,0.1171
MXD,Genie Bouchard,Thomas Wilson,4da698bf-605d-4c6c-8566-6bfbdb6c1a24,12d79cbe-b5c7-4504-ab8f-f352a6bb8629,0.9296,0.06115,0.1179
MXD,Kiora Kunimoto,Zane Ford,a95df9a8-772c-4dbf-8c28-e200b7308584,0c5b84bb-4c04-4906-86bc-deb533ff4eec,0.9287,0.02106,0.0986
MXD,Genie Bouchard,Nicolas Acevedo,4da698bf-605d-4c6c-8566-6bfbdb6c1a24,a000a067-1bf1-442f-a961-e6c97cb50006,0.9105,0.02469,0.0939
MXD,Genie Bouchard,Jack Sock,4da698bf-605d-4c6c-8566-6bfbdb6c1a24,3a43c56f-b9d8-4e72-ae8a-58fd69291946,0.9062,0.02451,0.0923
MXD,Genie Bouchard,Phuc Huynh,4da698bf-605d-4c6c-8566-6bfbdb6c1a24,0763ffeb-1b1f-41c5-ab37-d17b66e50b50,0.9004,0.05425,0.1041
MXD,Genie Bouchard,Robert Slutsky,4da698bf-605d-4c6c-8566-6bfbdb6c1a24,f6fa549d-8a9c-46fd-aeb8-af8a3f0f7a59,0.8962,0.03483,0.0938
MXD,Genie Bouchard,Connor Garnett,4da698bf-605d-4c6c-8566-6bfbdb6c1a24,ff38654d-daae-4bad-a1a7-690e4e5706eb,0.8839,0.02277,0.0841
MXD,Genie Bouchard,Jack Munro,4da698bf-605d-4c6c-8566-6bfbdb6c1a24,f90428f0-e4a3-4a08-a664-518ba7f188d2,0.8815,0.05728,0.0988
MXD,Genie Bouchard,Quang Duong,4da698bf-605d-4c6c-8566-6bfbdb6c1a24,14d61e81-14d5-4cb3-ae33-d427fbc1b4f6,0.8732,0.04123,0.0891
MXD,Genie Bouchard,Noe Khlif,4da698bf-605d-4c6c-8566-6bfbdb6c1a24,1bb8b2c1-ca6f-45ac-afdd-fab7e77d69d4,0.8694,0.0218,0.079
MXD,Katerina Stewart,Zane Ford,3cec5850-24e2-44e3-96bc-ee87aa34581d,0c5b84bb-4c04-4906-86bc-deb533ff4eec,0.8667,0.0311,0.0824
MXD,Genie Bouchard,Will Howells,4da698bf-605d-4c6c-8566-6bfbdb6c1a24,d0f19d1e-2a6e-4eb3-b10c-1311edd599a8,0.8617,0.02311,0.0773
MXD,Genie Bouchard,Bruno Faletto,4da698bf-605d-4c6c-8566-6bfbdb6c1a24,34049405-b415-4f3a-aade-5be0111ac7db,0.8614,0.03111,0.0808
MXD,Genie Bouchard,Vanshik Kapadia,4da698bf-605d-4c6c-8566-6bfbdb6c1a24,6866df42-48ad-423c-9e57-d7d4d6fb66ef,0.8614,0.05096,0.0895
MXD,Seone Mendez,Zane Ford,0d14405e-2e45-4dcb-8fb7-73558c261b4f,0c5b84bb-4c04-4906-86bc-deb533ff4eec,0.8581,0.04802,0.0872
MXD,Genie Bouchard,Yuta Funemizu,4da698bf-605d-4c6c-8566-6bfbdb6c1a24,ce4f0e14-80ea-4ed0-a81c-7341d356d427,0.85,0.0254,0.0748
MXD,Genie Bouchard,Armaan Bhatia,4da698bf-605d-4c6c-8566-6bfbdb6c1a24,33292af3-984d-4752-8d18-b3a5c147e9fe,0.8488,0.02498,0.0743
MXD,Genie Bouchard,Dekel Bar,4da698bf-605d-4c6c-8566-6bfbdb6c1a24,89843e44-48fd-4a3f-b8c0-5f5aa6ae5741,0.8449,0.02318,0.0724
MXD,Genie Bouchard,CJ Klinger,4da698bf-605d-4c6c-8566-6bfbdb6c1a24,ead35052-7367-4296-96d4-064f546cc2b9,0.8415,0.02251,0.0711
MXD,Genie Bouchard,Dylan Frazier,4da698bf-605d-4c6c-8566-6bfbdb6c1a24,1de884f8-7bf7-4b49-9de8-3f1fd74cabd6,0.8377,0.02338,0.0704
MXD,Genie Bouchard,Augustus Ge,4da698bf-605d-4c6c-8566-6bfbdb6c1a24,ba491f1c-0112-47a8-a348-4695289e958a,0.8286,0.02167,0.0672
MXD,Genie Bouchard,Oscar Serra,4da698bf-605d-4c6c-8566-6bfbdb6c1a24,2c2a2b82-9ec7-4046-97cb-3a199ed507af,0.8172,0.03442,0.0695
MXD,Genie Bouchard,George Wall,4da698bf-605d-4c6c-8566-6bfbdb6c1a24,698c5236-e88f-411c-b44f-e54f16b2d6b5,0.8149,0.03458,0.0689
MXD,Genie Bouchard,Hunter Johnson,4da698bf-605d-4c6c-8566-6bfbdb6c1a24,8160ad59-4654-46b1-b229-8d5f2a9a45f9,0.811,0.02427,0.0636
MXD,Genie Bouchard,Roscoe Bellamy,4da698bf-605d-4c6c-8566-6bfbdb6c1a24,925c1306-6b3b-4510-8482-f34168a0842a,0.8037,0.02354,0.0614
MXD,Genie Bouchard,Anderson Scarpa,4da698bf-605d-4c6c-8566-6bfbdb6c1a24,fa8d5d28-d8f5-4996-8c35-0f4ca3c35bae,0.8011,0.02544,0.0615
MXD,Genie Bouchard,Thomas Yu,4da698bf-605d-4c6c-8566-6bfbdb6c1a24,8c94d7b2-0dce-455e-916f-e35927d53547,0.799,0.03973,0.0668
MXD,Genie Bouchard,Joseph Wild,4da698bf-605d-4c6c-8566-6bfbdb6c1a24,a51b59c5-1a13-4472-821a-eb9866e72adf,0.7984,0.03213,0.0636
MXD,Genie Bouchard,Harsh Mehta,4da698bf-605d-4c6c-8566-6bfbdb6c1a24,c18fb17d-e0bb-415c-901b-fa2f928ab22c,0.7948,0.0406,0.066
MXD,Genie Bouchard,Hien Truong,4da698bf-605d-4c6c-8566-6bfbdb6c1a24,524b89ad-b76b-40b4-a0db-736bdc7b8adb,0.7926,0.03866,0.0647
MXD,Genie Bouchard,Etienne Blaszkewycz,4da698bf-605d-4c6c-8566-6bfbdb6c1a24,d3e486f2-7c25-4bcf-b9dd-81c14f644f60,0.7907,0.0298,0.0607
MXD,Genie Bouchard,Pablo Tellez,4da698bf-605d-4c6c-8566-6bfbdb6c1a24,52726ab1-2ac9-46c0-be90-6b0e7a2d56eb,0.7883,0.02387,0.0578
MXD,Genie Bouchard,Jaume Martinez Vich,4da698bf-605d-4c6c-8566-6bfbdb6c1a24,cc8832b9-9a8f-4cbc-8eff-b20e9a7ff09a,0.7881,0.02197,0.057
MXD,Genie Bouchard,Alex Emery,4da698bf-605d-4c6c-8566-6bfbdb6c1a24,5c817399-aea7-481d-9a83-aab7431eabc1,0.7881,0.04533,0.0662
MXD,Genie Bouchard,Max Freeman,4da698bf-605d-4c6c-8566-6bfbdb6c1a24,b03ff4de-9b8f-46a8-a530-d8f19e9d6ec9,0.7868,0.02299,0.0571
MXD,Genie Bouchard,Connor Mogle,4da698bf-605d-4c6c-8566-6bfbdb6c1a24,3d9c8684-953f-4008-b355-b6104ee56a5b,0.7849,0.02501,0.0574
MXD,Genie Bouchard,Juan Benitez,4da698bf-605d-4c6c-8566-6bfbdb6c1a24,f4c43443-fdff-4344-b291-274cfd26361e,0.7796,0.0289,0.0577
MXD,Genie Bouchard,John Lucian Goins,4da698bf-605d-4c6c-8566-6bfbdb6c1a24,e96d9339-cfb6-473d-bcb3-23f2887a3e0f,0.7713,0.02587,0.0546
MXD,Genie Bouchard,Luca Mack,4da698bf-605d-4c6c-8566-6bfbdb6c1a24,2aa8ced3-d599-4c83-86dd-ecc80196833b,0.7698,0.03168,0.0565
MXD,Genie Bouchard,Donald Young,4da698bf-605d-4c6c-8566-6bfbdb6c1a24,aec5d8be-9ce0-4cc5-98a4-140fad555fe0,0.7658,0.0274,0.0539
MXD,Genie Bouchard,Martin Emmrich,4da698bf-605d-4c6c-8566-6bfbdb6c1a24,e9849183-4693-4340-abf5-f4b6f3cb226f,0.7643,0.02569,0.0529
MXD,Genie Bouchard,Rafa Hewett,4da698bf-605d-4c6c-8566-6bfbdb6c1a24,06ba18e0-687b-4aa3-822d-1c86981f576b,0.7626,0.02343,0.0517
MXD,Genie Bouchard,Tyson McGuffin,4da698bf-605d-4c6c-8566-6bfbdb6c1a24,dbcb41e9-e983-410b-bc23-d184d034cfc0,0.753,0.0225,0.0493
MXD,Genie Bouchard,Tama Shimabukuro,4da698bf-605d-4c6c-8566-6bfbdb6c1a24,4af4d4d1-9f87-4dc7-95f2-b10751d44c15,0.7434,0.02149,0.0469
MXD,Genie Bouchard,Patrick Kawka,4da698bf-605d-4c6c-8566-6bfbdb6c1a24,6876576c-b20e-47e3-99e4-d32759cc9f48,0.7431,0.05567,0.0591
MXD,Genie Bouchard,Tristan Dussault,4da698bf-605d-4c6c-8566-6bfbdb6c1a24,3cab1673-2522-4dd5-ba07-2a1b88749d86,0.7372,0.03418,0.0502
MXD,Genie Bouchard,Christopher Haworth,4da698bf-605d-4c6c-8566-6bfbdb6c1a24,a91e2b68-7357-4518-baf9-f59b0b4c2477,0.7284,0.02462,0.0451
MXD,Genie Bouchard,Mohaned Alhouni,4da698bf-605d-4c6c-8566-6bfbdb6c1a24,1bab49f1-6891-4d3e-8f77-42aa4fc1d18e,0.7157,0.02425,0.0425
MXD,Genie Bouchard,Oliver Frank,4da698bf-605d-4c6c-8566-6bfbdb6c1a24,e21cb6e0-aabb-43b2-a112-c0a0a59081bf,0.6802,0.04623,0.0431
MXD,Genie Bouchard,Grayson Goldin,4da698bf-605d-4c6c-8566-6bfbdb6c1a24,43df1205-e834-4427-9f1a-4e173bf93296,0.6749,0.032,0.0378
MXD,Genie Bouchard,Hoang Nam Ly,4da698bf-605d-4c6c-8566-6bfbdb6c1a24,f1151ea2-759d-4d9f-a5b9-5ccd966dc3ca,0.6654,0.03388,0.0368
MXD,Genie Bouchard,Matthew Barlow,4da698bf-605d-4c6c-8566-6bfbdb6c1a24,3270dc72-53b7-4d35-aa4c-7f8b7b6bf905,0.641,0.0318,0.0324
MXD,Genie Bouchard,Zane Ford,4da698bf-605d-4c6c-8566-6bfbdb6c1a24,0c5b84bb-4c04-4906-86bc-deb533ff4eec,0.5349,0.02836,0.019
WD,Anna Leigh Waters,Anna Bright,129b2771-34b5-4b7f-9c23-e020a6aa3e6a,db5eef5c-99dd-49d9-bbfc-65171a366bda,3.0396,0.0184,0.9987
WD,Anna Leigh Waters,Jorja Johnson,129b2771-34b5-4b7f-9c23-e020a6aa3e6a,b51ea0fb-c243-4427-85f8-b798febb51ff,2.8579,0.01781,0.996
WD,Anna Leigh Waters,Jade Kawamoto,129b2771-34b5-4b7f-9c23-e020a6aa3e6a,6cae3a50-eee6-45ea-8b28-85ef9c50e3c4,2.8375,0.01976,0.9954
WD,Anna Leigh Waters,Parris Todd,129b2771-34b5-4b7f-9c23-e020a6aa3e6a,1728d016-1f02-4789-be73-63d12d5a5b42,2.8176,0.01864,0.9949
WD,Anna Leigh Waters,Tina Pisnik,129b2771-34b5-4b7f-9c23-e020a6aa3e6a,f879086b-e0e5-4772-b0a6-4055c265da69,2.8016,0.01781,0.9944
WD,Anna Leigh Waters,Rachel Rohrabacher,129b2771-34b5-4b7f-9c23-e020a6aa3e6a,50908953-a944-4a34-898b-16af312bc814,2.7918,0.01748,0.9941
WD,Anna Leigh Waters,Jackie Kawamoto,129b2771-34b5-4b7f-9c23-e020a6aa3e6a,be33755f-9262-461b-aedd-e9a7a686a82c,2.7575,0.0202,0.9926
WD,Anna Leigh Waters,Tyra Hurricane Black,129b2771-34b5-4b7f-9c23-e020a6aa3e6a,fec65f7e-f2c8-482f-ab5b-541cf53b1064,2.7569,0.01761,0.9928
WD,Anna Leigh Waters,Kate Fahey,129b2771-34b5-4b7f-9c23-e020a6aa3e6a,3af01041-5679-400a-87b8-12c01db8cec4,2.7488,0.01605,0.9927
WD,Anna Leigh Waters,Danni-Elle Townsend,129b2771-34b5-4b7f-9c23-e020a6aa3e6a,2c4de762-88d6-47c3-8b2b-af562c5d1f93,2.6789,0.01976,0.9887
WD,Anna Leigh Waters,Sofia Sewing,129b2771-34b5-4b7f-9c23-e020a6aa3e6a,b9bacc1e-29b5-4a92-a9c1-24e08ac72215,2.6737,0.02185,0.9881
WD,Anna Leigh Waters,Mari Humberg,129b2771-34b5-4b7f-9c23-e020a6aa3e6a,b1ab7d76-a859-4136-8405-3ed7c9be287a,2.644,0.01909,0.9865
WD,Anna Leigh Waters,Vivian Glozman,129b2771-34b5-4b7f-9c23-e020a6aa3e6a,ff789b9c-80c4-442c-b97e-2e2311298cfb,2.5621,0.03306,0.9764
WD,Anna Leigh Waters,Bobbi Oshiro,129b2771-34b5-4b7f-9c23-e020a6aa3e6a,7f36e416-0907-43b2-8ec4-e9533088e30f,2.5315,0.05432,0.9673
WD,Anna Leigh Waters,Lacy Schneemann,129b2771-34b5-4b7f-9c23-e020a6aa3e6a,a3ed7970-35d2-485c-8285-187c298a2d83,2.529,0.01833,0.976
WD,Anna Leigh Waters,Catherine Parenteau,129b2771-34b5-4b7f-9c23-e020a6aa3e6a,9b97206b-783a-4fab-85e9-45a6240325a5,2.5285,0.01723,0.9763
WD,Anna Leigh Waters,Vivienne David,129b2771-34b5-4b7f-9c23-e020a6aa3e6a,afc0bfc9-8cd8-4600-bd45-681092186db3,2.5107,0.03005,0.9708
WD,Anna Leigh Waters,Etta Tuionetoa,129b2771-34b5-4b7f-9c23-e020a6aa3e6a,676b1cbc-766c-4616-bf39-1787ffd8c72a,2.4898,0.01894,0.9709
WD,Anna Leigh Waters,Chao Yi Wang,129b2771-34b5-4b7f-9c23-e020a6aa3e6a,20684550-cb89-4ea2-9e2f-0f44eb920b45,2.4862,0.01888,0.9704
WD,Anna Leigh Waters,Ewa Radzikowska,129b2771-34b5-4b7f-9c23-e020a6aa3e6a,1d51becb-4ea0-4878-9660-e3fd2dfaa0ea,2.4784,0.02701,0.967
WD,Anna Leigh Waters,Meghan Dizon,129b2771-34b5-4b7f-9c23-e020a6aa3e6a,8f521dcc-1cb5-4c8d-933c-af6b267bd395,2.4732,0.01868,0.9686
WD,Anna Bright,Jorja Johnson,db5eef5c-99dd-49d9-bbfc-65171a366bda,b51ea0fb-c243-4427-85f8-b798febb51ff,2.4717,0.01594,0.9692
WD,Anna Bright,Jade Kawamoto,db5eef5c-99dd-49d9-bbfc-65171a366bda,6cae3a50-eee6-45ea-8b28-85ef9c50e3c4,2.4512,0.01789,0.9655
WD,Anna Leigh Waters,Sahra Dennehy,129b2771-34b5-4b7f-9c23-e020a6aa3e6a,051f5c82-82ce-4ab8-b4f8-36976638a89b,2.4509,0.01986,0.9649
WD,Anna Leigh Waters,Leigh Waters,129b2771-34b5-4b7f-9c23-e020a6aa3e6a,1bfba782-55f3-42e4-9889-9018e793c0b5,2.4494,0.0324,0.9607
WD,Anna Leigh Waters,Allyce Jones,129b2771-34b5-4b7f-9c23-e020a6aa3e6a,efe9989b-5864-48c2-806c-06697024e1da,2.4484,0.01806,0.965
WD,Anna Bright,Parris Todd,db5eef5c-99dd-49d9-bbfc-65171a366bda,1728d016-1f02-4789-be73-63d12d5a5b42,2.4314,0.01676,0.9626
WD,Anna Leigh Waters,Yana Newell,129b2771-34b5-4b7f-9c23-e020a6aa3e6a,655e0349-7e66-4233-b999-b6cca2298f9b,2.431,0.03337,0.9571
WD,Anna Bright,Tina Pisnik,db5eef5c-99dd-49d9-bbfc-65171a366bda,f879086b-e0e5-4772-b0a6-4055c265da69,2.4154,0.01594,0.9601
WD,Anna Leigh Waters,Jillian Braverman,129b2771-34b5-4b7f-9c23-e020a6aa3e6a,98c2531f-f5ce-48b5-b251-eb69425d409c,2.4126,0.06077,0.9443
WD,Anna Leigh Waters,Alix Truong,129b2771-34b5-4b7f-9c23-e020a6aa3e6a,646f7432-e6ad-4ccf-95ee-a0e5d9514d28,2.41,0.01792,0.9584
WD,Anna Bright,Rachel Rohrabacher,db5eef5c-99dd-49d9-bbfc-65171a366bda,50908953-a944-4a34-898b-16af312bc814,2.4056,0.01561,0.9584
WD,Anna Leigh Waters,Layne Sleeth,129b2771-34b5-4b7f-9c23-e020a6aa3e6a,55ed7e0a-ff2d-4ac2-aad6-b6772ef4f448,2.4025,0.01939,0.9565
WD,Anna Bright,Jackie Kawamoto,db5eef5c-99dd-49d9-bbfc-65171a366bda,be33755f-9262-461b-aedd-e9a7a686a82c,2.3713,0.01832,0.9505
WD,Anna Bright,Tyra Hurricane Black,db5eef5c-99dd-49d9-bbfc-65171a366bda,fec65f7e-f2c8-482f-ab5b-541cf53b1064,2.3707,0.01573,0.9514
WD,Anna Bright,Kate Fahey,db5eef5c-99dd-49d9-bbfc-65171a366bda,3af01041-5679-400a-87b8-12c01db8cec4,2.3625,0.01418,0.9502
WD,Anna Leigh Waters,Ting Chieh Wei,129b2771-34b5-4b7f-9c23-e020a6aa3e6a,29e8121d-6f86-4192-b7af-ab05b77b89fe,2.3601,0.01783,0.9483
WD,Anna Leigh Waters,Carlota Trevino,129b2771-34b5-4b7f-9c23-e020a6aa3e6a,70c18684-f615-4d05-9aa9-5cbdbd53ab9f,2.35,0.01976,0.9452
WD,Anna Leigh Waters,Jessie Irvine,129b2771-34b5-4b7f-9c23-e020a6aa3e6a,8e2f9629-19d0-409d-81dc-b64fe2f3d3ff,2.3481,0.01706,0.9459
WD,Anna Leigh Waters,Maggie Brascia,129b2771-34b5-4b7f-9c23-e020a6aa3e6a,736475dd-7ccd-40d8-8b43-8c2d9ef9e674,2.3385,0.02743,0.9394
WD,Anna Leigh Waters,Lucy Kovalova,129b2771-34b5-4b7f-9c23-e020a6aa3e6a,504e8c08-caf6-4db8-b454-11ffa321261c,2.335,0.02599,0.9391
WD,Anna Leigh Waters,Samantha Parker,129b2771-34b5-4b7f-9c23-e020a6aa3e6a,6794d224-7da3-43d9-8300-e24e731f5dea,2.333,0.02063,0.9408
WD,Anna Leigh Waters,Brooke Buckner,129b2771-34b5-4b7f-9c23-e020a6aa3e6a,06dc9b8a-5c01-49cf-bb4d-70d7b5f85acf,2.3292,0.0175,0.9412
WD,Anna Leigh Waters,Estee Widdershoven,129b2771-34b5-4b7f-9c23-e020a6aa3e6a,bf84d952-c6a8-4494-943d-064b223e764f,2.3262,0.02004,0.9394
WD,Jorja Johnson,Jade Kawamoto,b51ea0fb-c243-4427-85f8-b798febb51ff,6cae3a50-eee6-45ea-8b28-85ef9c50e3c4,2.3257,0.0173,0.9404
WD,Anna Leigh Waters,Milan Rane,129b2771-34b5-4b7f-9c23-e020a6aa3e6a,eb14fc6e-ede1-4999-bec3-e36695e7f94e,2.3236,0.01637,0.9403
WD,Anna Leigh Waters,Allie Reichert,129b2771-34b5-4b7f-9c23-e020a6aa3e6a,dcd029fb-2814-401b-a1cb-0c4269d9954b,2.3136,0.02778,0.9329
WD,Anna Leigh Waters,Isabella Dunlap,129b2771-34b5-4b7f-9c23-e020a6aa3e6a,719e2d3b-d10d-402d-a195-41f072214679,2.313,0.0174,0.9371
WD,Anna Leigh Waters,Daria Walczak,129b2771-34b5-4b7f-9c23-e020a6aa3e6a,3e6b668a-8d26-4424-9420-3ceb18486b65,2.3092,0.02144,0.9344
WD,Anna Leigh Waters,Eugenia Carolina Lopez Ascarate,129b2771-34b5-4b7f-9c23-e020a6aa3e6a,577d1124-44c9-435d-88e9-01a146f2d177,2.3061,0.03568,0.9275
WD,Parris Todd,Jorja Johnson,1728d016-1f02-4789-be73-63d12d5a5b42,b51ea0fb-c243-4427-85f8-b798febb51ff,2.3059,0.01617,0.9358
WD,Anna Leigh Waters,Judit Castillo,129b2771-34b5-4b7f-9c23-e020a6aa3e6a,ec4cdfe2-c6f6-4de1-824e-9adcaeb31196,2.3027,0.01998,0.9333
WD,Anna Leigh Waters,Lea Jansen,129b2771-34b5-4b7f-9c23-e020a6aa3e6a,7319013d-d511-4aa5-a356-4aa2cccf94f5,2.3,0.01644,0.9341
WD,Anna Leigh Waters,Roos Van Reek,129b2771-34b5-4b7f-9c23-e020a6aa3e6a,4798e757-53f5-4e52-92aa-98172c8f7862,2.2991,0.03367,0.9264
WD,Anna Leigh Waters,Shelby Bates,129b2771-34b5-4b7f-9c23-e020a6aa3e6a,ded801fd-297a-4761-b63e-d8fbbfeb5762,2.2944,0.0388,0.9229
WD,Anna Leigh Waters,Zoey Weil,129b2771-34b5-4b7f-9c23-e020a6aa3e6a,1d701c30-6b5d-485f-ae97-60f3b0c50896,2.2943,0.0178,0.9319
WD,Anna Bright,Danni-Elle Townsend,db5eef5c-99dd-49d9-bbfc-65171a366bda,2c4de762-88d6-47c3-8b2b-af562c5d1f93,2.2926,0.01789,0.9314
WD,Parris Todd,Jade Kawamoto,1728d016-1f02-4789-be73-63d12d5a5b42,6cae3a50-eee6-45ea-8b28-85ef9c50e3c4,2.2917,0.01812,0.9311
WD,Jorja Johnson,Tina Pisnik,b51ea0fb-c243-4427-85f8-b798febb51ff,f879086b-e0e5-4772-b0a6-4055c265da69,2.2899,0.01535,0.9318
WD,Anna Bright,Sofia Sewing,db5eef5c-99dd-49d9-bbfc-65171a366bda,b9bacc1e-29b5-4a92-a9c1-24e08ac72215,2.2874,0.01997,0.929
WD,Anna Leigh Waters,Genie Erokhina,129b2771-34b5-4b7f-9c23-e020a6aa3e6a,461f063e-a587-4638-bad9-421ff33d91d7,2.2809,0.0174,0.9283
WD,Anna Leigh Waters,Yufei Long,129b2771-34b5-4b7f-9c23-e020a6aa3e6a,20945292-032a-47f1-93c5-d44ada6e4783,2.2808,0.03119,0.9221
WD,Jorja Johnson,Rachel Rohrabacher,b51ea0fb-c243-4427-85f8-b798febb51ff,50908953-a944-4a34-898b-16af312bc814,2.2801,0.01502,0.9292
WD,Jade Kawamoto,Tina Pisnik,6cae3a50-eee6-45ea-8b28-85ef9c50e3c4,f879086b-e0e5-4772-b0a6-4055c265da69,2.2758,0.0173,0.9269
WD,Anna Leigh Waters,Liz Truluck,129b2771-34b5-4b7f-9c23-e020a6aa3e6a,71992955-8b6f-470b-a991-796cfa56a826,2.2757,0.01747,0.9268
WD,Jade Kawamoto,Rachel Rohrabacher,6cae3a50-eee6-45ea-8b28-85ef9c50e3c4,50908953-a944-4a34-898b-16af312bc814,2.2659,0.01697,0.9241
WD,Parris Todd,Tina Pisnik,1728d016-1f02-4789-be73-63d12d5a5b42,f879086b-e0e5-4772-b0a6-4055c265da69,2.262,0.01617,0.9233
WD,Anna Bright,Mari Humberg,db5eef5c-99dd-49d9-bbfc-65171a366bda,b1ab7d76-a859-4136-8405-3ed7c9be287a,2.2577,0.01721,0.9215
WD,Parris Todd,Rachel Rohrabacher,1728d016-1f02-4789-be73-63d12d5a5b42,50908953-a944-4a34-898b-16af312bc814,2.2522,0.01585,0.9204
WD,Jorja Johnson,Jackie Kawamoto,b51ea0fb-c243-4427-85f8-b798febb51ff,be33755f-9262-461b-aedd-e9a7a686a82c,2.2458,0.01773,0.9175
WD,Jorja Johnson,Tyra Hurricane Black,b51ea0fb-c243-4427-85f8-b798febb51ff,fec65f7e-f2c8-482f-ab5b-541cf53b1064,2.2452,0.01514,0.9185
WD,Anna Leigh Waters,Marianna Petrei,129b2771-34b5-4b7f-9c23-e020a6aa3e6a,12890797-7355-49ca-848e-56d67e33c4de,2.2418,0.03457,0.9082
WD,Rachel Rohrabacher,Tina Pisnik,50908953-a944-4a34-898b-16af312bc814,f879086b-e0e5-4772-b0a6-4055c265da69,2.2412,0.01502,0.9173
WD,Jorja Johnson,Kate Fahey,b51ea0fb-c243-4427-85f8-b798febb51ff,3af01041-5679-400a-87b8-12c01db8cec4,2.237,0.01359,0.9166
WD,Jade Kawamoto,Jackie Kawamoto,6cae3a50-eee6-45ea-8b28-85ef9c50e3c4,be33755f-9262-461b-aedd-e9a7a686a82c,2.2316,0.01968,0.9119
WD,Anna Leigh Waters,Callie Smith,129b2771-34b5-4b7f-9c23-e020a6aa3e6a,0c1bb94d-3af2-42f4-b938-d712c707ace4,2.231,0.01849,0.9123
WD,Jade Kawamoto,Tyra Hurricane Black,6cae3a50-eee6-45ea-8b28-85ef9c50e3c4,fec65f7e-f2c8-482f-ab5b-541cf53b1064,2.231,0.01709,0.913
WD,Kate Fahey,Jade Kawamoto,3af01041-5679-400a-87b8-12c01db8cec4,6cae3a50-eee6-45ea-8b28-85ef9c50e3c4,2.2229,0.01554,0.911
WD,Parris Todd,Jackie Kawamoto,1728d016-1f02-4789-be73-63d12d5a5b42,be33755f-9262-461b-aedd-e9a7a686a82c,2.2179,0.01856,0.9077
WD,Parris Todd,Tyra Hurricane Black,1728d016-1f02-4789-be73-63d12d5a5b42,fec65f7e-f2c8-482f-ab5b-541cf53b1064,2.2173,0.01597,0.9088
WD,Anna Leigh Waters,Kaitlyn Christian,129b2771-34b5-4b7f-9c23-e020a6aa3e6a,66a6c35b-33a2-4a23-b5db-fa53c96d643a,2.214,0.01678,0.9073
WD,Parris Todd,Kate Fahey,1728d016-1f02-4789-be73-63d12d5a5b42,3af01041-5679-400a-87b8-12c01db8cec4,2.2092,0.01441,0.9067
WD,Tina Pisnik,Jackie Kawamoto,f879086b-e0e5-4772-b0a6-4055c265da69,be33755f-9262-461b-aedd-e9a7a686a82c,2.2069,0.01773,0.9042
WD,Tina Pisnik,Tyra Hurricane Black,f879086b-e0e5-4772-b0a6-4055c265da69,fec65f7e-f2c8-482f-ab5b-541cf53b1064,2.2063,0.01514,0.9053
WD,Anna Leigh Waters,Cailyn Campbell,129b2771-34b5-4b7f-9c23-e020a6aa3e6a,9eff9049-c45c-42ee-9a49-e9a797cc2116,2.2057,0.01726,0.904
WD,Rachel Rohrabacher,Jackie Kawamoto,50908953-a944-4a34-898b-16af312bc814,be33755f-9262-461b-aedd-e9a7a686a82c,2.2001,0.0174,0.9019
WD,Rachel Rohrabacher,Tyra Hurricane Black,50908953-a944-4a34-898b-16af312bc814,fec65f7e-f2c8-482f-ab5b-541cf53b1064,2.1995,0.01481,0.903
WD,Kate Fahey,Tina Pisnik,3af01041-5679-400a-87b8-12c01db8cec4,f879086b-e0e5-4772-b0a6-4055c265da69,2.1981,0.01359,0.9032
WD,Kate Fahey,Rachel Rohrabacher,3af01041-5679-400a-87b8-12c01db8cec4,50908953-a944-4a34-898b-16af312bc814,2.1913,0.01326,0.9009
WD,Anna Bright,Vivian Glozman,db5eef5c-99dd-49d9-bbfc-65171a366bda,ff789b9c-80c4-442c-b97e-2e2311298cfb,2.1759,0.03118,0.8857
WD,Jackie Kawamoto,Tyra Hurricane Black,be33755f-9262-461b-aedd-e9a7a686a82c,fec65f7e-f2c8-482f-ab5b-541cf53b1064,2.1758,0.01753,0.8927
WD,Anna Leigh Waters,Mary Brascia,129b2771-34b5-4b7f-9c23-e020a6aa3e6a,1dd5c313-10f5-4e0a-bb9b-699913a5abe8,2.1681,0.02858,0.8839
WD,Kate Fahey,Jackie Kawamoto,3af01041-5679-400a-87b8-12c01db8cec4,be33755f-9262-461b-aedd-e9a7a686a82c,2.1676,0.01597,0.8903
WD,Kate Fahey,Tyra Hurricane Black,3af01041-5679-400a-87b8-12c01db8cec4,fec65f7e-f2c8-482f-ab5b-541cf53b1064,2.1672,0.01338,0.8915
WD,Jorja Johnson,Danni-Elle Townsend,b51ea0fb-c243-4427-85f8-b798febb51ff,2c4de762-88d6-47c3-8b2b-af562c5d1f93,2.1671,0.0173,0.8894
WD,Anna Leigh Waters,Christine Maddox,129b2771-34b5-4b7f-9c23-e020a6aa3e6a,3ad652aa-3fdd-4e53-8f34-dfdedc3c1901,2.1661,0.05399,0.8707
WD,Jorja Johnson,Sofia Sewing,b51ea0fb-c243-4427-85f8-b798febb51ff,b9bacc1e-29b5-4a92-a9c1-24e08ac72215,2.1619,0.01938,0.8861
WD,Anna Leigh Waters,Kiora Kunimoto,129b2771-34b5-4b7f-9c23-e020a6aa3e6a,a95df9a8-772c-4dbf-8c28-e200b7308584,2.1597,0.01879,0.8856
WD,Jade Kawamoto,Danni-Elle Townsend,6cae3a50-eee6-45ea-8b28-85ef9c50e3c4,2c4de762-88d6-47c3-8b2b-af562c5d1f93,2.153,0.01925,0.8826
WD,Jade Kawamoto,Sofia Sewing,6cae3a50-eee6-45ea-8b28-85ef9c50e3c4,b9bacc1e-29b5-4a92-a9c1-24e08ac72215,2.1478,0.02133,0.8793
WD,Anna Bright,Bobbi Oshiro,db5eef5c-99dd-49d9-bbfc-65171a366bda,7f36e416-0907-43b2-8ec4-e9533088e30f,2.1452,0.05245,0.8625
WD,Anna Bright,Lacy Schneemann,db5eef5c-99dd-49d9-bbfc-65171a366bda,a3ed7970-35d2-485c-8285-187c298a2d83,2.1427,0.01645,0.8798
WD,Anna Bright,Catherine Parenteau,db5eef5c-99dd-49d9-bbfc-65171a366bda,9b97206b-783a-4fab-85e9-45a6240325a5,2.1423,0.01535,0.8802
WD,Parris Todd,Danni-Elle Townsend,1728d016-1f02-4789-be73-63d12d5a5b42,2c4de762-88d6-47c3-8b2b-af562c5d1f93,2.1392,0.01812,0.8773
WD,Parris Todd,Sofia Sewing,1728d016-1f02-4789-be73-63d12d5a5b42,b9bacc1e-29b5-4a92-a9c1-24e08ac72215,2.134,0.02021,0.8739
WD,Jorja Johnson,Mari Humberg,b51ea0fb-c243-4427-85f8-b798febb51ff,b1ab7d76-a859-4136-8405-3ed7c9be287a,2.1322,0.01662,0.8751
WD,Tina Pisnik,Danni-Elle Townsend,f879086b-e0e5-4772-b0a6-4055c265da69,2c4de762-88d6-47c3-8b2b-af562c5d1f93,2.1282,0.0173,0.873
WD,Anna Bright,Vivienne David,db5eef5c-99dd-49d9-bbfc-65171a366bda,afc0bfc9-8cd8-4600-bd45-681092186db3,2.1244,0.02817,0.8654
WD,Tina Pisnik,Sofia Sewing,f879086b-e0e5-4772-b0a6-4055c265da69,b9bacc1e-29b5-4a92-a9c1-24e08ac72215,2.123,0.01938,0.8695
WD,Rachel Rohrabacher,Danni-Elle Townsend,50908953-a944-4a34-898b-16af312bc814,2c4de762-88d6-47c3-8b2b-af562c5d1f93,2.1214,0.01697,0.8701
WD,Jade Kawamoto,Mari Humberg,6cae3a50-eee6-45ea-8b28-85ef9c50e3c4,b1ab7d76-a859-4136-8405-3ed7c9be287a,2.1181,0.01857,0.8677
WD,Rachel Rohrabacher,Sofia Sewing,50908953-a944-4a34-898b-16af312bc814,b9bacc1e-29b5-4a92-a9c1-24e08ac72215,2.1162,0.01905,0.8666
WD,Parris Todd,Mari Humberg,1728d016-1f02-4789-be73-63d12d5a5b42,b1ab7d76-a859-4136-8405-3ed7c9be287a,2.1044,0.01745,0.862
WD,Anna Bright,Etta Tuionetoa,db5eef5c-99dd-49d9-bbfc-65171a366bda,676b1cbc-766c-4616-bf39-1787ffd8c72a,2.1036,0.01706,0.8619
WD,Anna Bright,Chao Yi Wang,db5eef5c-99dd-49d9-bbfc-65171a366bda,20684550-cb89-4ea2-9e2f-0f44eb920b45,2.0999,0.01701,0.8602
WD,Jackie Kawamoto,Danni-Elle Townsend,be33755f-9262-461b-aedd-e9a7a686a82c,2c4de762-88d6-47c3-8b2b-af562c5d1f93,2.0977,0.01968,0.8577
WD,Tyra Hurricane Black,Danni-Elle Townsend,fec65f7e-f2c8-482f-ab5b-541cf53b1064,2c4de762-88d6-47c3-8b2b-af562c5d1f93,2.0973,0.01709,0.8589
WD,Tina Pisnik,Mari Humberg,f879086b-e0e5-4772-b0a6-4055c265da69,b1ab7d76-a859-4136-8405-3ed7c9be287a,2.0933,0.01662,0.8572
WD,Jackie Kawamoto,Sofia Sewing,be33755f-9262-461b-aedd-e9a7a686a82c,b9bacc1e-29b5-4a92-a9c1-24e08ac72215,2.0925,0.02177,0.854
WD,Anna Bright,Ewa Radzikowska,db5eef5c-99dd-49d9-bbfc-65171a366bda,1d51becb-4ea0-4878-9660-e3fd2dfaa0ea,2.0921,0.02514,0.852
WD,Tyra Hurricane Black,Sofia Sewing,fec65f7e-f2c8-482f-ab5b-541cf53b1064,b9bacc1e-29b5-4a92-a9c1-24e08ac72215,2.0921,0.01917,0.8553
WD,Kate Fahey,Danni-Elle Townsend,3af01041-5679-400a-87b8-12c01db8cec4,2c4de762-88d6-47c3-8b2b-af562c5d1f93,2.0917,0.01554,0.8571
WD,Anna Bright,Meghan Dizon,db5eef5c-99dd-49d9-bbfc-65171a366bda,8f521dcc-1cb5-4c8d-933c-af6b267bd395,2.0869,0.0168,0.854
WD,Kate Fahey,Sofia Sewing,3af01041-5679-400a-87b8-12c01db8cec4,b9bacc1e-29b5-4a92-a9c1-24e08ac72215,2.0865,0.01762,0.8534
WD,Rachel Rohrabacher,Mari Humberg,50908953-a944-4a34-898b-16af312bc814,b1ab7d76-a859-4136-8405-3ed7c9be287a,2.0865,0.01629,0.8541
WD,Anna Leigh Waters,Katerina Stewart,129b2771-34b5-4b7f-9c23-e020a6aa3e6a,3cec5850-24e2-44e3-96bc-ee87aa34581d,2.07,0.02883,0.8391
WD,Anna Bright,Sahra Dennehy,db5eef5c-99dd-49d9-bbfc-65171a366bda,051f5c82-82ce-4ab8-b4f8-36976638a89b,2.0647,0.01798,0.8422
WD,Anna Bright,Leigh Waters,db5eef5c-99dd-49d9-bbfc-65171a366bda,1bfba782-55f3-42e4-9889-9018e793c0b5,2.0631,0.03052,0.8347
WD,Jackie Kawamoto,Mari Humberg,be33755f-9262-461b-aedd-e9a7a686a82c,b1ab7d76-a859-4136-8405-3ed7c9be287a,2.0628,0.01901,0.8407
WD,Tyra Hurricane Black,Mari Humberg,fec65f7e-f2c8-482f-ab5b-541cf53b1064,b1ab7d76-a859-4136-8405-3ed7c9be287a,2.0624,0.01641,0.842
WD,Anna Bright,Allyce Jones,db5eef5c-99dd-49d9-bbfc-65171a366bda,efe9989b-5864-48c2-806c-06697024e1da,2.0622,0.01618,0.842
WD,Anna Leigh Waters,Seone Mendez,129b2771-34b5-4b7f-9c23-e020a6aa3e6a,0d14405e-2e45-4dcb-8fb7-73558c261b4f,2.0576,0.04575,0.824
WD,Kate Fahey,Mari Humberg,3af01041-5679-400a-87b8-12c01db8cec4,b1ab7d76-a859-4136-8405-3ed7c9be287a,2.0568,0.01486,0.8399
WD,Jorja Johnson,Vivian Glozman,b51ea0fb-c243-4427-85f8-b798febb51ff,ff789b9c-80c4-442c-b97e-2e2311298cfb,2.0504,0.0306,0.828
WD,Anna Bright,Yana Newell,db5eef5c-99dd-49d9-bbfc-65171a366bda,655e0349-7e66-4233-b999-b6cca2298f9b,2.0448,0.03149,0.8245
WD,Sofia Sewing,Danni-Elle Townsend,b9bacc1e-29b5-4a92-a9c1-24e08ac72215,2c4de762-88d6-47c3-8b2b-af562c5d1f93,2.0382,0.02133,0.8264
WD,Jade Kawamoto,Vivian Glozman,6cae3a50-eee6-45ea-8b28-85ef9c50e3c4,ff789b9c-80c4-442c-b97e-2e2311298cfb,2.0362,0.03255,0.8194
WD,Anna Bright,Jillian Braverman,db5eef5c-99dd-49d9-bbfc-65171a366bda,98c2531f-f5ce-48b5-b251-eb69425d409c,2.0263,0.05889,0.8011
WD,Anna Bright,Alix Truong,db5eef5c-99dd-49d9-bbfc-65171a366bda,646f7432-e6ad-4ccf-95ee-a0e5d9514d28,2.0237,0.01604,0.8214
WD,Parris Todd,Vivian Glozman,1728d016-1f02-4789-be73-63d12d5a5b42,ff789b9c-80c4-442c-b97e-2e2311298cfb,2.0225,0.03142,0.8124
WD,Jorja Johnson,Bobbi Oshiro,b51ea0fb-c243-4427-85f8-b798febb51ff,7f36e416-0907-43b2-8ec4-e9533088e30f,2.0197,0.05186,0.8007
WD,Jorja Johnson,Lacy Schneemann,b51ea0fb-c243-4427-85f8-b798febb51ff,a3ed7970-35d2-485c-8285-187c298a2d83,2.0172,0.01586,0.8179
WD,Jorja Johnson,Catherine Parenteau,b51ea0fb-c243-4427-85f8-b798febb51ff,9b97206b-783a-4fab-85e9-45a6240325a5,2.0168,0.01476,0.8182
WD,Anna Bright,Layne Sleeth,db5eef5c-99dd-49d9-bbfc-65171a366bda,55ed7e0a-ff2d-4ac2-aad6-b6772ef4f448,2.0163,0.01752,0.8164
WD,Tina Pisnik,Vivian Glozman,f879086b-e0e5-4772-b0a6-4055c265da69,ff789b9c-80c4-442c-b97e-2e2311298cfb,2.0115,0.0306,0.8066
WD,Danni-Elle Townsend,Mari Humberg,2c4de762-88d6-47c3-8b2b-af562c5d1f93,b1ab7d76-a859-4136-8405-3ed7c9be287a,2.0085,0.01857,0.8114
WD,Jade Kawamoto,Bobbi Oshiro,6cae3a50-eee6-45ea-8b28-85ef9c50e3c4,7f36e416-0907-43b2-8ec4-e9533088e30f,2.0056,0.05381,0.7919
WD,Sofia Sewing,Mari Humberg,b9bacc1e-29b5-4a92-a9c1-24e08ac72215,b1ab7d76-a859-4136-8405-3ed7c9be287a,2.0049,0.02066,0.8082
WD,Rachel Rohrabacher,Vivian Glozman,50908953-a944-4a34-898b-16af312bc814,ff789b9c-80c4-442c-b97e-2e2311298cfb,2.0047,0.03027,0.8029
WD,Jade Kawamoto,Lacy Schneemann,6cae3a50-eee6-45ea-8b28-85ef9c50e3c4,a3ed7970-35d2-485c-8285-187c298a2d83,2.0031,0.01781,0.8087
WD,Jade Kawamoto,Catherine Parenteau,6cae3a50-eee6-45ea-8b28-85ef9c50e3c4,9b97206b-783a-4fab-85e9-45a6240325a5,2.0026,0.01671,0.809
WD,Jorja Johnson,Vivienne David,b51ea0fb-c243-4427-85f8-b798febb51ff,afc0bfc9-8cd8-4600-bd45-681092186db3,1.9989,0.02758,0.801
WD,Parris Todd,Bobbi Oshiro,1728d016-1f02-4789-be73-63d12d5a5b42,7f36e416-0907-43b2-8ec4-e9533088e30f,1.9919,0.05268,0.7845
WD,Parris Todd,Lacy Schneemann,1728d016-1f02-4789-be73-63d12d5a5b42,a3ed7970-35d2-485c-8285-187c298a2d83,1.9894,0.01669,0.8012
WD,Parris Todd,Catherine Parenteau,1728d016-1f02-4789-be73-63d12d5a5b42,9b97206b-783a-4fab-85e9-45a6240325a5,1.9889,0.01559,0.8015
WD,Jade Kawamoto,Vivienne David,6cae3a50-eee6-45ea-8b28-85ef9c50e3c4,afc0bfc9-8cd8-4600-bd45-681092186db3,1.9848,0.02953,0.7916
WD,Jackie Kawamoto,Vivian Glozman,be33755f-9262-461b-aedd-e9a7a686a82c,ff789b9c-80c4-442c-b97e-2e2311298cfb,1.981,0.03298,0.7876
WD,Tina Pisnik,Bobbi Oshiro,f879086b-e0e5-4772-b0a6-4055c265da69,7f36e416-0907-43b2-8ec4-e9533088e30f,1.9808,0.05186,0.7785
WD,Tyra Hurricane Black,Vivian Glozman,fec65f7e-f2c8-482f-ab5b-541cf53b1064,ff789b9c-80c4-442c-b97e-2e2311298cfb,1.9806,0.03039,0.7887
WD,Tina Pisnik,Lacy Schneemann,f879086b-e0e5-4772-b0a6-4055c265da69,a3ed7970-35d2-485c-8285-187c298a2d83,1.9783,0.01586,0.795
WD,Jorja Johnson,Etta Tuionetoa,b51ea0fb-c243-4427-85f8-b798febb51ff,676b1cbc-766c-4616-bf39-1787ffd8c72a,1.9781,0.01647,0.7945
WD,Tina Pisnik,Catherine Parenteau,f879086b-e0e5-4772-b0a6-4055c265da69,9b97206b-783a-4fab-85e9-45a6240325a5,1.9779,0.01476,0.7953
WD,Kate Fahey,Vivian Glozman,3af01041-5679-400a-87b8-12c01db8cec4,ff789b9c-80c4-442c-b97e-2e2311298cfb,1.9749,0.02884,0.786
WD,Jorja Johnson,Chao Yi Wang,b51ea0fb-c243-4427-85f8-b798febb51ff,20684550-cb89-4ea2-9e2f-0f44eb920b45,1.9744,0.01642,0.7923
WD,Rachel Rohrabacher,Bobbi Oshiro,50908953-a944-4a34-898b-16af312bc814,7f36e416-0907-43b2-8ec4-e9533088e30f,1.974,0.05153,0.7746
WD,Anna Bright,Ting Chieh Wei,db5eef5c-99dd-49d9-bbfc-65171a366bda,29e8121d-6f86-4192-b7af-ab05b77b89fe,1.9738,0.01595,0.7922
WD,Rachel Rohrabacher,Lacy Schneemann,50908953-a944-4a34-898b-16af312bc814,a3ed7970-35d2-485c-8285-187c298a2d83,1.9716,0.01553,0.791
WD,Rachel Rohrabacher,Catherine Parenteau,50908953-a944-4a34-898b-16af312bc814,9b97206b-783a-4fab-85e9-45a6240325a5,1.9711,0.01443,0.7913
WD,Parris Todd,Vivienne David,1728d016-1f02-4789-be73-63d12d5a5b42,afc0bfc9-8cd8-4600-bd45-681092186db3,1.971,0.02841,0.7839
WD,Jorja Johnson,Ewa Radzikowska,b51ea0fb-c243-4427-85f8-b798febb51ff,1d51becb-4ea0-4878-9660-e3fd2dfaa0ea,1.9666,0.02455,0.7832
WD,Jade Kawamoto,Etta Tuionetoa,6cae3a50-eee6-45ea-8b28-85ef9c50e3c4,676b1cbc-766c-4616-bf39-1787ffd8c72a,1.9639,0.01842,0.7847
WD,Anna Bright,Carlota Trevino,db5eef5c-99dd-49d9-bbfc-65171a366bda,70c18684-f615-4d05-9aa9-5cbdbd53ab9f,1.9638,0.01789,0.7849
WD,Anna Bright,Jessie Irvine,db5eef5c-99dd-49d9-bbfc-65171a366bda,8e2f9629-19d0-409d-81dc-b64fe2f3d3ff,1.9619,0.01519,0.7852
WD,Jorja Johnson,Meghan Dizon,b51ea0fb-c243-4427-85f8-b798febb51ff,8f521dcc-1cb5-4c8d-933c-af6b267bd395,1.9614,0.01621,0.7843
WD,Jade Kawamoto,Chao Yi Wang,6cae3a50-eee6-45ea-8b28-85ef9c50e3c4,20684550-cb89-4ea2-9e2f-0f44eb920b45,1.9603,0.01837,0.7825
WD,Tina Pisnik,Vivienne David,f879086b-e0e5-4772-b0a6-4055c265da69,afc0bfc9-8cd8-4600-bd45-681092186db3,1.96,0.02758,0.7775
WD,Rachel Rohrabacher,Vivienne David,50908953-a944-4a34-898b-16af312bc814,afc0bfc9-8cd8-4600-bd45-681092186db3,1.9532,0.02725,0.7734
WD,Jade Kawamoto,Ewa Radzikowska,6cae3a50-eee6-45ea-8b28-85ef9c50e3c4,1d51becb-4ea0-4878-9660-e3fd2dfaa0ea,1.9525,0.0265,0.7733
WD,Anna Bright,Maggie Brascia,db5eef5c-99dd-49d9-bbfc-65171a366bda,736475dd-7ccd-40d8-8b43-8c2d9ef9e674,1.9523,0.02556,0.7737
WD,Jackie Kawamoto,Bobbi Oshiro,be33755f-9262-461b-aedd-e9a7a686a82c,7f36e416-0907-43b2-8ec4-e9533088e30f,1.9503,0.05424,0.759
WD,Parris Todd,Etta Tuionetoa,1728d016-1f02-4789-be73-63d12d5a5b42,676b1cbc-766c-4616-bf39-1787ffd8c72a,1.9502,0.0173,0.7766
WD,Tyra Hurricane Black,Bobbi Oshiro,fec65f7e-f2c8-482f-ab5b-541cf53b1064,7f36e416-0907-43b2-8ec4-e9533088e30f,1.9499,0.05165,0.7599
WD,Anna Bright,Lucy Kovalova,db5eef5c-99dd-49d9-bbfc-65171a366bda,504e8c08-caf6-4db8-b454-11ffa321261c,1.9487,0.02411,0.7721
WD,Jackie Kawamoto,Lacy Schneemann,be33755f-9262-461b-aedd-e9a7a686a82c,a3ed7970-35d2-485c-8285-187c298a2d83,1.9479,0.01825,0.7746
WD,Tyra Hurricane Black,Lacy Schneemann,fec65f7e-f2c8-482f-ab5b-541cf53b1064,a3ed7970-35d2-485c-8285-187c298a2d83,1.9475,0.01566,0.7758
WD,Jackie Kawamoto,Catherine Parenteau,be33755f-9262-461b-aedd-e9a7a686a82c,9b97206b-783a-4fab-85e9-45a6240325a5,1.9474,0.01715,0.7749
WD,Jade Kawamoto,Meghan Dizon,6cae3a50-eee6-45ea-8b28-85ef9c50e3c4,8f521dcc-1cb5-4c8d-933c-af6b267bd395,1.9473,0.01816,0.7743
WD,Tyra Hurricane Black,Catherine Parenteau,fec65f7e-f2c8-482f-ab5b-541cf53b1064,9b97206b-783a-4fab-85e9-45a6240325a5,1.947,0.01455,0.776
WD,Anna Bright,Samantha Parker,db5eef5c-99dd-49d9-bbfc-65171a366bda,6794d224-7da3-43d9-8300-e24e731f5dea,1.9467,0.01875,0.7736
WD,Parris Todd,Chao Yi Wang,1728d016-1f02-4789-be73-63d12d5a5b42,20684550-cb89-4ea2-9e2f-0f44eb920b45,1.9466,0.01724,0.7743
WD,Kate Fahey,Bobbi Oshiro,3af01041-5679-400a-87b8-12c01db8cec4,7f36e416-0907-43b2-8ec4-e9533088e30f,1.9443,0.0501,0.7571
WD,Anna Bright,Brooke Buckner,db5eef5c-99dd-49d9-bbfc-65171a366bda,06dc9b8a-5c01-49cf-bb4d-70d7b5f85acf,1.943,0.01562,0.7729
WD,Kate Fahey,Lacy Schneemann,3af01041-5679-400a-87b8-12c01db8cec4,a3ed7970-35d2-485c-8285-187c298a2d83,1.9418,0.0141,0.7729
WD,Kate Fahey,Catherine Parenteau,3af01041-5679-400a-87b8-12c01db8cec4,9b97206b-783a-4fab-85e9-45a6240325a5,1.9413,0.013,0.7732
WD,Anna Bright,Estee Widdershoven,db5eef5c-99dd-49d9-bbfc-65171a366bda,bf84d952-c6a8-4494-943d-064b223e764f,1.94,0.01816,0.7696
WD,Jorja Johnson,Sahra Dennehy,b51ea0fb-c243-4427-85f8-b798febb51ff,051f5c82-82ce-4ab8-b4f8-36976638a89b,1.9392,0.0174,0.7695
WD,Tina Pisnik,Etta Tuionetoa,f879086b-e0e5-4772-b0a6-4055c265da69,676b1cbc-766c-4616-bf39-1787ffd8c72a,1.9392,0.01647,0.77
WD,Parris Todd,Ewa Radzikowska,1728d016-1f02-4789-be73-63d12d5a5b42,1d51becb-4ea0-4878-9660-e3fd2dfaa0ea,1.9387,0.02537,0.7651
WD,Jorja Johnson,Leigh Waters,b51ea0fb-c243-4427-85f8-b798febb51ff,1bfba782-55f3-42e4-9889-9018e793c0b5,1.9376,0.02993,0.7621
WD,Anna Bright,Milan Rane,db5eef5c-99dd-49d9-bbfc-65171a366bda,eb14fc6e-ede1-4999-bec3-e36695e7f94e,1.9374,0.01449,0.7698
WD,Jorja Johnson,Allyce Jones,b51ea0fb-c243-4427-85f8-b798febb51ff,efe9989b-5864-48c2-806c-06697024e1da,1.9367,0.01559,0.7688
WD,Tina Pisnik,Chao Yi Wang,f879086b-e0e5-4772-b0a6-4055c265da69,20684550-cb89-4ea2-9e2f-0f44eb920b45,1.9355,0.01642,0.7676
WD,Parris Todd,Meghan Dizon,1728d016-1f02-4789-be73-63d12d5a5b42,8f521dcc-1cb5-4c8d-933c-af6b267bd395,1.9335,0.01704,0.766
WD,Rachel Rohrabacher,Etta Tuionetoa,50908953-a944-4a34-898b-16af312bc814,676b1cbc-766c-4616-bf39-1787ffd8c72a,1.9324,0.01614,0.7657
WD,Jackie Kawamoto,Vivienne David,be33755f-9262-461b-aedd-e9a7a686a82c,afc0bfc9-8cd8-4600-bd45-681092186db3,1.9295,0.02997,0.7569
WD,Tyra Hurricane Black,Vivienne David,fec65f7e-f2c8-482f-ab5b-541cf53b1064,afc0bfc9-8cd8-4600-bd45-681092186db3,1.9291,0.02737,0.7579
WD,Rachel Rohrabacher,Chao Yi Wang,50908953-a944-4a34-898b-16af312bc814,20684550-cb89-4ea2-9e2f-0f44eb920b45,1.9287,0.01609,0.7633
WD,Tina Pisnik,Ewa Radzikowska,f879086b-e0e5-4772-b0a6-4055c265da69,1d51becb-4ea0-4878-9660-e3fd2dfaa0ea,1.9277,0.02455,0.7584
WD,Anna Bright,Allie Reichert,db5eef5c-99dd-49d9-bbfc-65171a366bda,dcd029fb-2814-401b-a1cb-0c4269d9954b,1.9273,0.0259,0.7574
WD,Anna Bright,Isabella Dunlap,db5eef5c-99dd-49d9-bbfc-65171a366bda,719e2d3b-d10d-402d-a195-41f072214679,1.9267,0.01552,0.7623
WD,Danni-Elle Townsend,Vivian Glozman,2c4de762-88d6-47c3-8b2b-af562c5d1f93,ff789b9c-80c4-442c-b97e-2e2311298cfb,1.9266,0.03255,0.7538
WD,Jade Kawamoto,Sahra Dennehy,6cae3a50-eee6-45ea-8b28-85ef9c50e3c4,051f5c82-82ce-4ab8-b4f8-36976638a89b,1.925,0.01935,0.7592
WD,Kate Fahey,Vivienne David,3af01041-5679-400a-87b8-12c01db8cec4,afc0bfc9-8cd8-4600-bd45-681092186db3,1.9235,0.02582,0.7549
WD,Jade Kawamoto,Leigh Waters,6cae3a50-eee6-45ea-8b28-85ef9c50e3c4,1bfba782-55f3-42e4-9889-9018e793c0b5,1.9235,0.03188,0.752
WD,Sofia Sewing,Vivian Glozman,b9bacc1e-29b5-4a92-a9c1-24e08ac72215,ff789b9c-80c4-442c-b97e-2e2311298cfb,1.9231,0.03463,0.7505
WD,Anna Bright,Daria Walczak,db5eef5c-99dd-49d9-bbfc-65171a366bda,3e6b668a-8d26-4424-9420-3ceb18486b65,1.923,0.01956,0.7577
WD,Jade Kawamoto,Allyce Jones,6cae3a50-eee6-45ea-8b28-85ef9c50e3c4,efe9989b-5864-48c2-806c-06697024e1da,1.9225,0.01754,0.7584
WD,Tina Pisnik,Meghan Dizon,f879086b-e0e5-4772-b0a6-4055c265da69,8f521dcc-1cb5-4c8d-933c-af6b267bd395,1.9225,0.01621,0.7591
WD,Rachel Rohrabacher,Ewa Radzikowska,50908953-a944-4a34-898b-16af312bc814,1d51becb-4ea0-4878-9660-e3fd2dfaa0ea,1.9209,0.02422,0.754
WD,Anna Bright,Eugenia Carolina Lopez Ascarate,db5eef5c-99dd-49d9-bbfc-65171a366bda,577d1124-44c9-435d-88e9-01a146f2d177,1.9199,0.0338,0.7488
WD,Jorja Johnson,Yana Newell,b51ea0fb-c243-4427-85f8-b798febb51ff,655e0349-7e66-4233-b999-b6cca2298f9b,1.9193,0.0309,0.7497
WD,Anna Bright,Judit Castillo,db5eef5c-99dd-49d9-bbfc-65171a366bda,ec4cdfe2-c6f6-4de1-824e-9adcaeb31196,1.9165,0.0181,0.754
WD,Rachel Rohrabacher,Meghan Dizon,50908953-a944-4a34-898b-16af312bc814,8f521dcc-1cb5-4c8d-933c-af6b267bd395,1.9157,0.01588,0.7547
WD,Anna Bright,Lea Jansen,db5eef5c-99dd-49d9-bbfc-65171a366bda,7319013d-d511-4aa5-a356-4aa2cccf94f5,1.9137,0.01457,0.754
WD,Anna Bright,Roos Van Reek,db5eef5c-99dd-49d9-bbfc-65171a366bda,4798e757-53f5-4e52-92aa-98172c8f7862,1.9129,0.03179,0.7451
WD,Parris Todd,Sahra Dennehy,1728d016-1f02-4789-be73-63d12d5a5b42,051f5c82-82ce-4ab8-b4f8-36976638a89b,1.9113,0.01822,0.7505
WD,Parris Todd,Leigh Waters,1728d016-1f02-4789-be73-63d12d5a5b42,1bfba782-55f3-42e4-9889-9018e793c0b5,1.9098,0.03076,0.7434
WD,Parris Todd,Allyce Jones,1728d016-1f02-4789-be73-63d12d5a5b42,efe9989b-5864-48c2-806c-06697024e1da,1.9088,0.01642,0.7497
WD,Jackie Kawamoto,Etta Tuionetoa,be33755f-9262-461b-aedd-e9a7a686a82c,676b1cbc-766c-4616-bf39-1787ffd8c72a,1.9087,0.01886,0.7484
WD,Tyra Hurricane Black,Etta Tuionetoa,fec65f7e-f2c8-482f-ab5b-541cf53b1064,676b1cbc-766c-4616-bf39-1787ffd8c72a,1.9083,0.01626,0.7495
WD,Anna Bright,Shelby Bates,db5eef5c-99dd-49d9-bbfc-65171a366bda,ded801fd-297a-4761-b63e-d8fbbfeb5762,1.9082,0.03693,0.7396
WD,Anna Bright,Zoey Weil,db5eef5c-99dd-49d9-bbfc-65171a366bda,1d701c30-6b5d-485f-ae97-60f3b0c50896,1.9081,0.01592,0.7495
WD,Jade Kawamoto,Yana Newell,6cae3a50-eee6-45ea-8b28-85ef9c50e3c4,655e0349-7e66-4233-b999-b6cca2298f9b,1.9052,0.03285,0.7394
WD,Jackie Kawamoto,Chao Yi Wang,be33755f-9262-461b-aedd-e9a7a686a82c,20684550-cb89-4ea2-9e2f-0f44eb920b45,1.905,0.0188,0.746
WD,Tyra Hurricane Black,Chao Yi Wang,fec65f7e-f2c8-482f-ab5b-541cf53b1064,20684550-cb89-4ea2-9e2f-0f44eb920b45,1.9046,0.01621,0.747
WD,Kate Fahey,Etta Tuionetoa,3af01041-5679-400a-87b8-12c01db8cec4,676b1cbc-766c-4616-bf39-1787ffd8c72a,1.9027,0.01471,0.7464
WD,Mari Humberg,Vivian Glozman,b1ab7d76-a859-4136-8405-3ed7c9be287a,ff789b9c-80c4-442c-b97e-2e2311298cfb,1.9025,0.03187,0.7381
WD,Jorja Johnson,Jillian Braverman,b51ea0fb-c243-4427-85f8-b798febb51ff,98c2531f-f5ce-48b5-b251-eb69425d409c,1.9008,0.0583,0.7258
WD,Tina Pisnik,Sahra Dennehy,f879086b-e0e5-4772-b0a6-4055c265da69,051f5c82-82ce-4ab8-b4f8-36976638a89b,1.9003,0.0174,0.7434
WD,Kate Fahey,Chao Yi Wang,3af01041-5679-400a-87b8-12c01db8cec4,20684550-cb89-4ea2-9e2f-0f44eb920b45,1.899,0.01466,0.7438
WD,Tina Pisnik,Leigh Waters,f879086b-e0e5-4772-b0a6-4055c265da69,1bfba782-55f3-42e4-9889-9018e793c0b5,1.8987,0.02993,0.7364
WD,Jorja Johnson,Alix Truong,b51ea0fb-c243-4427-85f8-b798febb51ff,646f7432-e6ad-4ccf-95ee-a0e5d9514d28,1.8982,0.01545,0.7429
WD,Tina Pisnik,Allyce Jones,f879086b-e0e5-4772-b0a6-4055c265da69,efe9989b-5864-48c2-806c-06697024e1da,1.8978,0.01559,0.7425
WD,Jackie Kawamoto,Ewa Radzikowska,be33755f-9262-461b-aedd-e9a7a686a82c,1d51becb-4ea0-4878-9660-e3fd2dfaa0ea,1.8972,0.02693,0.7367
WD,Tyra Hurricane Black,Ewa Radzikowska,fec65f7e-f2c8-482f-ab5b-541cf53b1064,1d51becb-4ea0-4878-9660-e3fd2dfaa0ea,1.8968,0.02434,0.7377
WD,Danni-Elle Townsend,Bobbi Oshiro,2c4de762-88d6-47c3-8b2b-af562c5d1f93,7f36e416-0907-43b2-8ec4-e9533088e30f,1.896,0.05381,0.7244
WD,Anna Bright,Genie Erokhina,db5eef5c-99dd-49d9-bbfc-65171a366bda,461f063e-a587-4638-bad9-421ff33d91d7,1.8947,0.01552,0.7404
WD,Anna Bright,Yufei Long,db5eef5c-99dd-49d9-bbfc-65171a366bda,20945292-032a-47f1-93c5-d44ada6e4783,1.8946,0.02932,0.7338
WD,Rachel Rohrabacher,Sahra Dennehy,50908953-a944-4a34-898b-16af312bc814,051f5c82-82ce-4ab8-b4f8-36976638a89b,1.8935,0.01707,0.7388
WD,Danni-Elle Townsend,Lacy Schneemann,2c4de762-88d6-47c3-8b2b-af562c5d1f93,a3ed7970-35d2-485c-8285-187c298a2d83,1.8935,0.01781,0.7385
WD,Danni-Elle Townsend,Catherine Parenteau,2c4de762-88d6-47c3-8b2b-af562c5d1f93,9b97206b-783a-4fab-85e9-45a6240325a5,1.8931,0.01671,0.7387
WD,Sofia Sewing,Bobbi Oshiro,b9bacc1e-29b5-4a92-a9c1-24e08ac72215,7f36e416-0907-43b2-8ec4-e9533088e30f,1.8924,0.05589,0.7212
WD,Rachel Rohrabacher,Leigh Waters,50908953-a944-4a34-898b-16af312bc814,1bfba782-55f3-42e4-9889-9018e793c0b5,1.892,0.02961,0.7319
WD,Jackie Kawamoto,Meghan Dizon,be33755f-9262-461b-aedd-e9a7a686a82c,8f521dcc-1cb5-4c8d-933c-af6b267bd395,1.892,0.0186,0.7371
WD,Tyra Hurricane Black,Meghan Dizon,fec65f7e-f2c8-482f-ab5b-541cf53b1064,8f521dcc-1cb5-4c8d-933c-af6b267bd395,1.8916,0.016,0.738
WD,Parris Todd,Yana Newell,1728d016-1f02-4789-be73-63d12d5a5b42,655e0349-7e66-4233-b999-b6cca2298f9b,1.8914,0.03173,0.7306
WD,Kate Fahey,Ewa Radzikowska,3af01041-5679-400a-87b8-12c01db8cec4,1d51becb-4ea0-4878-9660-e3fd2dfaa0ea,1.8912,0.02279,0.7345
WD,Rachel Rohrabacher,Allyce Jones,50908953-a944-4a34-898b-16af312bc814,efe9989b-5864-48c2-806c-06697024e1da,1.891,0.01527,0.7379
WD,Jorja Johnson,Layne Sleeth,b51ea0fb-c243-4427-85f8-b798febb51ff,55ed7e0a-ff2d-4ac2-aad6-b6772ef4f448,1.8908,0.01693,0.737
WD,Sofia Sewing,Lacy Schneemann,b9bacc1e-29b5-4a92-a9c1-24e08ac72215,a3ed7970-35d2-485c-8285-187c298a2d83,1.8899,0.0199,0.735
WD,Anna Bright,Liz Truluck,db5eef5c-99dd-49d9-bbfc-65171a366bda,71992955-8b6f-470b-a991-796cfa56a826,1.8895,0.01559,0.7367
WD,Sofia Sewing,Catherine Parenteau,b9bacc1e-29b5-4a92-a9c1-24e08ac72215,9b97206b-783a-4fab-85e9-45a6240325a5,1.8895,0.0188,0.7352
WD,Jade Kawamoto,Jillian Braverman,6cae3a50-eee6-45ea-8b28-85ef9c50e3c4,98c2531f-f5ce-48b5-b251-eb69425d409c,1.8867,0.06025,0.7157
WD,Kate Fahey,Meghan Dizon,3af01041-5679-400a-87b8-12c01db8cec4,8f521dcc-1cb5-4c8d-933c-af6b267bd395,1.886,0.01445,0.7348
WD,Jade Kawamoto,Alix Truong,6cae3a50-eee6-45ea-8b28-85ef9c50e3c4,646f7432-e6ad-4ccf-95ee-a0e5d9514d28,1.8841,0.0174,0.7321
WD,Tina Pisnik,Yana Newell,f879086b-e0e5-4772-b0a6-4055c265da69,655e0349-7e66-4233-b999-b6cca2298f9b,1.8804,0.0309,0.7233
WD,Jade Kawamoto,Layne Sleeth,6cae3a50-eee6-45ea-8b28-85ef9c50e3c4,55ed7e0a-ff2d-4ac2-aad6-b6772ef4f448,1.8766,0.01888,0.7261
WD,Danni-Elle Townsend,Vivienne David,2c4de762-88d6-47c3-8b2b-af562c5d1f93,afc0bfc9-8cd8-4600-bd45-681092186db3,1.8752,0.02953,0.7203
WD,Rachel Rohrabacher,Yana Newell,50908953-a944-4a34-898b-16af312bc814,655e0349-7e66-4233-b999-b6cca2298f9b,1.8736,0.03057,0.7187
WD,Parris Todd,Jillian Braverman,1728d016-1f02-4789-be73-63d12d5a5b42,98c2531f-f5ce-48b5-b251-eb69425d409c,1.873,0.05913,0.707
WD,Mari Humberg,Bobbi Oshiro,b1ab7d76-a859-4136-8405-3ed7c9be287a,7f36e416-0907-43b2-8ec4-e9533088e30f,1.8719,0.05313,0.7085
WD,Sofia Sewing,Vivienne David,b9bacc1e-29b5-4a92-a9c1-24e08ac72215,afc0bfc9-8cd8-4600-bd45-681092186db3,1.8716,0.03162,0.7169
WD,Parris Todd,Alix Truong,1728d016-1f02-4789-be73-63d12d5a5b42,646f7432-e6ad-4ccf-95ee-a0e5d9514d28,1.8704,0.01628,0.7228
WD,Jackie Kawamoto,Sahra Dennehy,be33755f-9262-461b-aedd-e9a7a686a82c,051f5c82-82ce-4ab8-b4f8-36976638a89b,1.8698,0.01978,0.7208
WD,Tyra Hurricane Black,Sahra Dennehy,fec65f7e-f2c8-482f-ab5b-541cf53b1064,051f5c82-82ce-4ab8-b4f8-36976638a89b,1.8694,0.01719,0.7217
WD,Mari Humberg,Lacy Schneemann,b1ab7d76-a859-4136-8405-3ed7c9be287a,a3ed7970-35d2-485c-8285-187c298a2d83,1.8694,0.01714,0.7217
WD,Mari Humberg,Catherine Parenteau,b1ab7d76-a859-4136-8405-3ed7c9be287a,9b97206b-783a-4fab-85e9-45a6240325a5,1.8689,0.01604,0.7219
WD,Jackie Kawamoto,Leigh Waters,be33755f-9262-461b-aedd-e9a7a686a82c,1bfba782-55f3-42e4-9889-9018e793c0b5,1.8683,0.03232,0.7142
WD,Tyra Hurricane Black,Leigh Waters,fec65f7e-f2c8-482f-ab5b-541cf53b1064,1bfba782-55f3-42e4-9889-9018e793c0b5,1.8678,0.02973,0.715
WD,Jackie Kawamoto,Allyce Jones,be33755f-9262-461b-aedd-e9a7a686a82c,efe9989b-5864-48c2-806c-06697024e1da,1.8673,0.01798,0.7199
WD,Tyra Hurricane Black,Allyce Jones,fec65f7e-f2c8-482f-ab5b-541cf53b1064,efe9989b-5864-48c2-806c-06697024e1da,1.8669,0.01539,0.7208
WD,Kate Fahey,Sahra Dennehy,3af01041-5679-400a-87b8-12c01db8cec4,051f5c82-82ce-4ab8-b4f8-36976638a89b,1.8637,0.01564,0.7183
WD,Parris Todd,Layne Sleeth,1728d016-1f02-4789-be73-63d12d5a5b42,55ed7e0a-ff2d-4ac2-aad6-b6772ef4f448,1.8629,0.01776,0.7168
WD,Kate Fahey,Leigh Waters,3af01041-5679-400a-87b8-12c01db8cec4,1bfba782-55f3-42e4-9889-9018e793c0b5,1.8622,0.02817,0.7117
WD,Tina Pisnik,Jillian Braverman,f879086b-e0e5-4772-b0a6-4055c265da69,98c2531f-f5ce-48b5-b251-eb69425d409c,1.8619,0.0583,0.6998
WD,Kate Fahey,Allyce Jones,3af01041-5679-400a-87b8-12c01db8cec4,efe9989b-5864-48c2-806c-06697024e1da,1.8613,0.01383,0.7174
WD,Tina Pisnik,Alix Truong,f879086b-e0e5-4772-b0a6-4055c265da69,646f7432-e6ad-4ccf-95ee-a0e5d9514d28,1.8593,0.01545,0.7152
WD,Anna Bright,Marianna Petrei,db5eef5c-99dd-49d9-bbfc-65171a366bda,12890797-7355-49ca-848e-56d67e33c4de,1.8555,0.03269,0.705
WD,Rachel Rohrabacher,Jillian Braverman,50908953-a944-4a34-898b-16af312bc814,98c2531f-f5ce-48b5-b251-eb69425d409c,1.8552,0.05797,0.6952
WD,Danni-Elle Townsend,Etta Tuionetoa,2c4de762-88d6-47c3-8b2b-af562c5d1f93,676b1cbc-766c-4616-bf39-1787ffd8c72a,1.8544,0.01842,0.7102
WD,Rachel Rohrabacher,Alix Truong,50908953-a944-4a34-898b-16af312bc814,646f7432-e6ad-4ccf-95ee-a0e5d9514d28,1.8526,0.01512,0.7103
WD,Tina Pisnik,Layne Sleeth,f879086b-e0e5-4772-b0a6-4055c265da69,55ed7e0a-ff2d-4ac2-aad6-b6772ef4f448,1.8519,0.01693,0.709
WD,Mari Humberg,Vivienne David,b1ab7d76-a859-4136-8405-3ed7c9be287a,afc0bfc9-8cd8-4600-bd45-681092186db3,1.8511,0.02886,0.7034
WD,Sofia Sewing,Etta Tuionetoa,b9bacc1e-29b5-4a92-a9c1-24e08ac72215,676b1cbc-766c-4616-bf39-1787ffd8c72a,1.8508,0.02051,0.7067
WD,Danni-Elle Townsend,Chao Yi Wang,2c4de762-88d6-47c3-8b2b-af562c5d1f93,20684550-cb89-4ea2-9e2f-0f44eb920b45,1.8507,0.01837,0.7076
WD,Jackie Kawamoto,Yana Newell,be33755f-9262-461b-aedd-e9a7a686a82c,655e0349-7e66-4233-b999-b6cca2298f9b,1.8499,0.03329,0.7008
WD,Tyra Hurricane Black,Yana Newell,fec65f7e-f2c8-482f-ab5b-541cf53b1064,655e0349-7e66-4233-b999-b6cca2298f9b,1.8495,0.03069,0.7015
WD,Jorja Johnson,Ting Chieh Wei,b51ea0fb-c243-4427-85f8-b798febb51ff,29e8121d-6f86-4192-b7af-ab05b77b89fe,1.8483,0.01537,0.7071
WD,Sofia Sewing,Chao Yi Wang,b9bacc1e-29b5-4a92-a9c1-24e08ac72215,20684550-cb89-4ea2-9e2f-0f44eb920b45,1.8471,0.02045,0.704
WD,Rachel Rohrabacher,Layne Sleeth,50908953-a944-4a34-898b-16af312bc814,55ed7e0a-ff2d-4ac2-aad6-b6772ef4f448,1.8451,0.0166,0.7042
WD,Anna Bright,Callie Smith,db5eef5c-99dd-49d9-bbfc-65171a366bda,0c1bb94d-3af2-42f4-b938-d712c707ace4,1.8448,0.01662,0.7039
WD,Kate Fahey,Yana Newell,3af01041-5679-400a-87b8-12c01db8cec4,655e0349-7e66-4233-b999-b6cca2298f9b,1.8439,0.02914,0.698
WD,Danni-Elle Townsend,Ewa Radzikowska,2c4de762-88d6-47c3-8b2b-af562c5d1f93,1d51becb-4ea0-4878-9660-e3fd2dfaa0ea,1.8429,0.0265,0.6984
WD,Sofia Sewing,Ewa Radzikowska,b9bacc1e-29b5-4a92-a9c1-24e08ac72215,1d51becb-4ea0-4878-9660-e3fd2dfaa0ea,1.8393,0.02858,0.6949
WD,Jorja Johnson,Carlota Trevino,b51ea0fb-c243-4427-85f8-b798febb51ff,70c18684-f615-4d05-9aa9-5cbdbd53ab9f,1.8383,0.0173,0.6988
WD,Danni-Elle Townsend,Meghan Dizon,2c4de762-88d6-47c3-8b2b-af562c5d1f93,8f521dcc-1cb5-4c8d-933c-af6b267bd395,1.8377,0.01816,0.698
WD,Jorja Johnson,Jessie Irvine,b51ea0fb-c243-4427-85f8-b798febb51ff,8e2f9629-19d0-409d-81dc-b64fe2f3d3ff,1.8364,0.0146,0.6985
WD,Jade Kawamoto,Ting Chieh Wei,6cae3a50-eee6-45ea-8b28-85ef9c50e3c4,29e8121d-6f86-4192-b7af-ab05b77b89fe,1.8342,0.01731,0.6957
WD,Sofia Sewing,Meghan Dizon,b9bacc1e-29b5-4a92-a9c1-24e08ac72215,8f521dcc-1cb5-4c8d-933c-af6b267bd395,1.8341,0.02024,0.6944
WD,Jackie Kawamoto,Jillian Braverman,be33755f-9262-461b-aedd-e9a7a686a82c,98c2531f-f5ce-48b5-b251-eb69425d409c,1.8315,0.06069,0.6778
WD,Tyra Hurricane Black,Jillian Braverman,fec65f7e-f2c8-482f-ab5b-541cf53b1064,98c2531f-f5ce-48b5-b251-eb69425d409c,1.8311,0.05809,0.6784
WD,Mari Humberg,Etta Tuionetoa,b1ab7d76-a859-4136-8405-3ed7c9be287a,676b1cbc-766c-4616-bf39-1787ffd8c72a,1.8303,0.01775,0.6926
WD,Jackie Kawamoto,Alix Truong,be33755f-9262-461b-aedd-e9a7a686a82c,646f7432-e6ad-4ccf-95ee-a0e5d9514d28,1.8289,0.01784,0.6915
WD,Tyra Hurricane Black,Alix Truong,fec65f7e-f2c8-482f-ab5b-541cf53b1064,646f7432-e6ad-4ccf-95ee-a0e5d9514d28,1.8285,0.01524,0.6923
WD,Anna Bright,Kaitlyn Christian,db5eef5c-99dd-49d9-bbfc-65171a366bda,66a6c35b-33a2-4a23-b5db-fa53c96d643a,1.8277,0.01491,0.6919
WD,Jorja Johnson,Maggie Brascia,b51ea0fb-c243-4427-85f8-b798febb51ff,736475dd-7ccd-40d8-8b43-8c2d9ef9e674,1.8268,0.02497,0.6871
WD,Mari Humberg,Chao Yi Wang,b1ab7d76-a859-4136-8405-3ed7c9be287a,20684550-cb89-4ea2-9e2f-0f44eb920b45,1.8266,0.01769,0.6899
WD,Kate Fahey,Jillian Braverman,3af01041-5679-400a-87b8-12c01db8cec4,98c2531f-f5ce-48b5-b251-eb69425d409c,1.8254,0.05654,0.6749
WD,Jade Kawamoto,Carlota Trevino,6cae3a50-eee6-45ea-8b28-85ef9c50e3c4,70c18684-f615-4d05-9aa9-5cbdbd53ab9f,1.8241,0.01925,0.6873
WD,Jorja Johnson,Lucy Kovalova,b51ea0fb-c243-4427-85f8-b798febb51ff,504e8c08-caf6-4db8-b454-11ffa321261c,1.8232,0.02352,0.685
WD,Kate Fahey,Alix Truong,3af01041-5679-400a-87b8-12c01db8cec4,646f7432-e6ad-4ccf-95ee-a0e5d9514d28,1.8228,0.01369,0.6886
WD,Jade Kawamoto,Jessie Irvine,6cae3a50-eee6-45ea-8b28-85ef9c50e3c4,8e2f9629-19d0-409d-81dc-b64fe2f3d3ff,1.8222,0.01655,0.687
WD,Jackie Kawamoto,Layne Sleeth,be33755f-9262-461b-aedd-e9a7a686a82c,55ed7e0a-ff2d-4ac2-aad6-b6772ef4f448,1.8214,0.01931,0.6852
WD,Jorja Johnson,Samantha Parker,b51ea0fb-c243-4427-85f8-b798febb51ff,6794d224-7da3-43d9-8300-e24e731f5dea,1.8212,0.01816,0.6856
WD,Tyra Hurricane Black,Layne Sleeth,fec65f7e-f2c8-482f-ab5b-541cf53b1064,55ed7e0a-ff2d-4ac2-aad6-b6772ef4f448,1.821,0.01672,0.686
WD,Parris Todd,Ting Chieh Wei,1728d016-1f02-4789-be73-63d12d5a5b42,29e8121d-6f86-4192-b7af-ab05b77b89fe,1.8205,0.01619,0.6858
WD,Anna Bright,Cailyn Campbell,db5eef5c-99dd-49d9-bbfc-65171a366bda,9eff9049-c45c-42ee-9a49-e9a797cc2116,1.8195,0.01539,0.6854
WD,Mari Humberg,Ewa Radzikowska,b1ab7d76-a859-4136-8405-3ed7c9be287a,1d51becb-4ea0-4878-9660-e3fd2dfaa0ea,1.8188,0.02582,0.6808
WD,Jorja Johnson,Brooke Buckner,b51ea0fb-c243-4427-85f8-b798febb51ff,06dc9b8a-5c01-49cf-bb4d-70d7b5f85acf,1.8174,0.01504,0.684
WD,Danni-Elle Townsend,Sahra Dennehy,2c4de762-88d6-47c3-8b2b-af562c5d1f93,051f5c82-82ce-4ab8-b4f8-36976638a89b,1.8155,0.01935,0.6807
WD,Kate Fahey,Layne Sleeth,3af01041-5679-400a-87b8-12c01db8cec4,55ed7e0a-ff2d-4ac2-aad6-b6772ef4f448,1.8154,0.01517,0.6823
WD,Vivian Glozman,Bobbi Oshiro,ff789b9c-80c4-442c-b97e-2e2311298cfb,7f36e416-0907-43b2-8ec4-e9533088e30f,1.8154,0.06711,0.6645
WD,Jorja Johnson,Estee Widdershoven,b51ea0fb-c243-4427-85f8-b798febb51ff,bf84d952-c6a8-4494-943d-064b223e764f,1.8145,0.01757,0.6807
WD,Danni-Elle Townsend,Leigh Waters,2c4de762-88d6-47c3-8b2b-af562c5d1f93,1bfba782-55f3-42e4-9889-9018e793c0b5,1.8139,0.03188,0.6749
WD,Mari Humberg,Meghan Dizon,b1ab7d76-a859-4136-8405-3ed7c9be287a,8f521dcc-1cb5-4c8d-933c-af6b267bd395,1.8136,0.01749,0.68
WD,Danni-Elle Townsend,Allyce Jones,2c4de762-88d6-47c3-8b2b-af562c5d1f93,efe9989b-5864-48c2-806c-06697024e1da,1.813,0.01754,0.6795
WD,Vivian Glozman,Lacy Schneemann,ff789b9c-80c4-442c-b97e-2e2311298cfb,a3ed7970-35d2-485c-8285-187c298a2d83,1.8129,0.03111,0.6744
WD,Jade Kawamoto,Maggie Brascia,6cae3a50-eee6-45ea-8b28-85ef9c50e3c4,736475dd-7ccd-40d8-8b43-8c2d9ef9e674,1.8127,0.02692,0.6757
WD,Vivian Glozman,Catherine Parenteau,ff789b9c-80c4-442c-b97e-2e2311298cfb,9b97206b-783a-4fab-85e9-45a6240325a5,1.8124,0.03001,0.6744
WD,Jorja Johnson,Milan Rane,b51ea0fb-c243-4427-85f8-b798febb51ff,eb14fc6e-ede1-4999-bec3-e36695e7f94e,1.8119,0.0139,0.6801
WD,Sofia Sewing,Sahra Dennehy,b9bacc1e-29b5-4a92-a9c1-24e08ac72215,051f5c82-82ce-4ab8-b4f8-36976638a89b,1.8119,0.02143,0.6772
WD,Parris Todd,Carlota Trevino,1728d016-1f02-4789-be73-63d12d5a5b42,70c18684-f615-4d05-9aa9-5cbdbd53ab9f,1.8104,0.01812,0.6773
WD,Sofia Sewing,Leigh Waters,b9bacc1e-29b5-4a92-a9c1-24e08ac72215,1bfba782-55f3-42e4-9889-9018e793c0b5,1.8103,0.03397,0.6715
WD,Tina Pisnik,Ting Chieh Wei,f879086b-e0e5-4772-b0a6-4055c265da69,29e8121d-6f86-4192-b7af-ab05b77b89fe,1.8094,0.01537,0.6776
WD,Sofia Sewing,Allyce Jones,b9bacc1e-29b5-4a92-a9c1-24e08ac72215,efe9989b-5864-48c2-806c-06697024e1da,1.8094,0.01963,0.676
WD,Jade Kawamoto,Lucy Kovalova,6cae3a50-eee6-45ea-8b28-85ef9c50e3c4,504e8c08-caf6-4db8-b454-11ffa321261c,1.8091,0.02547,0.6736
WD,Parris Todd,Jessie Irvine,1728d016-1f02-4789-be73-63d12d5a5b42,8e2f9629-19d0-409d-81dc-b64fe2f3d3ff,1.8085,0.01542,0.6769
WD,Jade Kawamoto,Samantha Parker,6cae3a50-eee6-45ea-8b28-85ef9c50e3c4,6794d224-7da3-43d9-8300-e24e731f5dea,1.8071,0.02011,0.6741
WD,Jade Kawamoto,Brooke Buckner,6cae3a50-eee6-45ea-8b28-85ef9c50e3c4,06dc9b8a-5c01-49cf-bb4d-70d7b5f85acf,1.8033,0.01699,0.6723
WD,Rachel Rohrabacher,Ting Chieh Wei,50908953-a944-4a34-898b-16af312bc814,29e8121d-6f86-4192-b7af-ab05b77b89fe,1.8026,0.01504,0.6725
WD,Jorja Johnson,Allie Reichert,b51ea0fb-c243-4427-85f8-b798febb51ff,dcd029fb-2814-401b-a1cb-0c4269d9954b,1.8018,0.02531,0.6681
WD,Jorja Johnson,Isabella Dunlap,b51ea0fb-c243-4427-85f8-b798febb51ff,719e2d3b-d10d-402d-a195-41f072214679,1.8012,0.01493,0.6715
WD,Jade Kawamoto,Estee Widdershoven,6cae3a50-eee6-45ea-8b28-85ef9c50e3c4,bf84d952-c6a8-4494-943d-064b223e764f,1.8004,0.01952,0.6691
WD,Tina Pisnik,Carlota Trevino,f879086b-e0e5-4772-b0a6-4055c265da69,70c18684-f615-4d05-9aa9-5cbdbd53ab9f,1.7994,0.0173,0.6691
WD,Parris Todd,Maggie Brascia,1728d016-1f02-4789-be73-63d12d5a5b42,736475dd-7ccd-40d8-8b43-8c2d9ef9e674,1.7989,0.02579,0.6657
WD,Jade Kawamoto,Milan Rane,6cae3a50-eee6-45ea-8b28-85ef9c50e3c4,eb14fc6e-ede1-4999-bec3-e36695e7f94e,1.7977,0.01585,0.6684
WD,Jorja Johnson,Daria Walczak,b51ea0fb-c243-4427-85f8-b798febb51ff,3e6b668a-8d26-4424-9420-3ceb18486b65,1.7975,0.01897,0.667
WD,Tina Pisnik,Jessie Irvine,f879086b-e0e5-4772-b0a6-4055c265da69,8e2f9629-19d0-409d-81dc-b64fe2f3d3ff,1.7975,0.0146,0.6686
WD,Danni-Elle Townsend,Yana Newell,2c4de762-88d6-47c3-8b2b-af562c5d1f93,655e0349-7e66-4233-b999-b6cca2298f9b,1.7956,0.03285,0.6607
WD,Parris Todd,Lucy Kovalova,1728d016-1f02-4789-be73-63d12d5a5b42,504e8c08-caf6-4db8-b454-11ffa321261c,1.7954,0.02435,0.6635
WD,Vivian Glozman,Vivienne David,ff789b9c-80c4-442c-b97e-2e2311298cfb,afc0bfc9-8cd8-4600-bd45-681092186db3,1.7945,0.04283,0.6567
WD,Jorja Johnson,Eugenia Carolina Lopez Ascarate,b51ea0fb-c243-4427-85f8-b798febb51ff,577d1124-44c9-435d-88e9-01a146f2d177,1.7944,0.03321,0.6597
WD,Parris Todd,Samantha Parker,1728d016-1f02-4789-be73-63d12d5a5b42,6794d224-7da3-43d9-8300-e24e731f5dea,1.7934,0.01899,0.6638
WD,Rachel Rohrabacher,Carlota Trevino,50908953-a944-4a34-898b-16af312bc814,70c18684-f615-4d05-9aa9-5cbdbd53ab9f,1.7926,0.01697,0.6639
WD,Sofia Sewing,Yana Newell,b9bacc1e-29b5-4a92-a9c1-24e08ac72215,655e0349-7e66-4233-b999-b6cca2298f9b,1.792,0.03493,0.6573
WD,Bobbi Oshiro,Lacy Schneemann,7f36e416-0907-43b2-8ec4-e9533088e30f,a3ed7970-35d2-485c-8285-187c298a2d83,1.7917,0.05237,0.6518
WD,Mari Humberg,Sahra Dennehy,b1ab7d76-a859-4136-8405-3ed7c9be287a,051f5c82-82ce-4ab8-b4f8-36976638a89b,1.7914,0.01867,0.6624
WD,Catherine Parenteau,Bobbi Oshiro,9b97206b-783a-4fab-85e9-45a6240325a5,7f36e416-0907-43b2-8ec4-e9533088e30f,1.7912,0.05127,0.6518
WD,Jorja Johnson,Judit Castillo,b51ea0fb-c243-4427-85f8-b798febb51ff,ec4cdfe2-c6f6-4de1-824e-9adcaeb31196,1.7909,0.01751,0.6625
WD,Rachel Rohrabacher,Jessie Irvine,50908953-a944-4a34-898b-16af312bc814,8e2f9629-19d0-409d-81dc-b64fe2f3d3ff,1.7907,0.01427,0.6634
WD,Mari Humberg,Leigh Waters,b1ab7d76-a859-4136-8405-3ed7c9be287a,1bfba782-55f3-42e4-9889-9018e793c0b5,1.7898,0.03121,0.6569
WD,Parris Todd,Brooke Buckner,1728d016-1f02-4789-be73-63d12d5a5b42,06dc9b8a-5c01-49cf-bb4d-70d7b5f85acf,1.7896,0.01586,0.662
WD,Catherine Parenteau,Lacy Schneemann,9b97206b-783a-4fab-85e9-45a6240325a5,a3ed7970-35d2-485c-8285-187c298a2d83,1.7895,0.01528,0.6621
WD,Mari Humberg,Allyce Jones,b1ab7d76-a859-4136-8405-3ed7c9be287a,efe9989b-5864-48c2-806c-06697024e1da,1.7889,0.01687,0.6611
WD,Jorja Johnson,Lea Jansen,b51ea0fb-c243-4427-85f8-b798febb51ff,7319013d-d511-4aa5-a356-4aa2cccf94f5,1.7882,0.01398,0.6616
WD,Tina Pisnik,Maggie Brascia,f879086b-e0e5-4772-b0a6-4055c265da69,736475dd-7ccd-40d8-8b43-8c2d9ef9e674,1.7879,0.02497,0.6575
WD,Jade Kawamoto,Allie Reichert,6cae3a50-eee6-45ea-8b28-85ef9c50e3c4,dcd029fb-2814-401b-a1cb-0c4269d9954b,1.7877,0.02726,0.6565
WD,Jorja Johnson,Roos Van Reek,b51ea0fb-c243-4427-85f8-b798febb51ff,4798e757-53f5-4e52-92aa-98172c8f7862,1.7874,0.03121,0.655
WD,Jade Kawamoto,Isabella Dunlap,6cae3a50-eee6-45ea-8b28-85ef9c50e3c4,719e2d3b-d10d-402d-a195-41f072214679,1.7871,0.01688,0.6597
WD,Parris Todd,Estee Widdershoven,1728d016-1f02-4789-be73-63d12d5a5b42,bf84d952-c6a8-4494-943d-064b223e764f,1.7866,0.0184,0.6587
WD,Tina Pisnik,Lucy Kovalova,f879086b-e0e5-4772-b0a6-4055c265da69,504e8c08-caf6-4db8-b454-11ffa321261c,1.7843,0.02352,0.6552
WD,Parris Todd,Milan Rane,1728d016-1f02-4789-be73-63d12d5a5b42,eb14fc6e-ede1-4999-bec3-e36695e7f94e,1.784,0.01473,0.658
WD,Jade Kawamoto,Daria Walczak,6cae3a50-eee6-45ea-8b28-85ef9c50e3c4,3e6b668a-8d26-4424-9420-3ceb18486b65,1.7833,0.02092,0.6553
WD,Jorja Johnson,Shelby Bates,b51ea0fb-c243-4427-85f8-b798febb51ff,ded801fd-297a-4761-b63e-d8fbbfeb5762,1.7827,0.03634,0.6498
WD,Jorja Johnson,Zoey Weil,b51ea0fb-c243-4427-85f8-b798febb51ff,1d701c30-6b5d-485f-ae97-60f3b0c50896,1.7825,0.01533,0.6566
WD,Tina Pisnik,Samantha Parker,f879086b-e0e5-4772-b0a6-4055c265da69,6794d224-7da3-43d9-8300-e24e731f5dea,1.7823,0.01816,0.6554
WD,Anna Bright,Mary Brascia,db5eef5c-99dd-49d9-bbfc-65171a366bda,1dd5c313-10f5-4e0a-bb9b-699913a5abe8,1.7818,0.0267,0.6522
WD,Rachel Rohrabacher,Maggie Brascia,50908953-a944-4a34-898b-16af312bc814,736475dd-7ccd-40d8-8b43-8c2d9ef9e674,1.7811,0.02464,0.6523
WD,Jade Kawamoto,Eugenia Carolina Lopez Ascarate,6cae3a50-eee6-45ea-8b28-85ef9c50e3c4,577d1124-44c9-435d-88e9-01a146f2d177,1.7802,0.03516,0.6483
WD,Anna Bright,Christine Maddox,db5eef5c-99dd-49d9-bbfc-65171a366bda,3ad652aa-3fdd-4e53-8f34-dfdedc3c1901,1.7798,0.05211,0.643
WD,Jackie Kawamoto,Ting Chieh Wei,be33755f-9262-461b-aedd-e9a7a686a82c,29e8121d-6f86-4192-b7af-ab05b77b89fe,1.7789,0.01775,0.6529
WD,Tina Pisnik,Brooke Buckner,f879086b-e0e5-4772-b0a6-4055c265da69,06dc9b8a-5c01-49cf-bb4d-70d7b5f85acf,1.7785,0.01504,0.6535
WD,Tyra Hurricane Black,Ting Chieh Wei,fec65f7e-f2c8-482f-ab5b-541cf53b1064,29e8121d-6f86-4192-b7af-ab05b77b89fe,1.7785,0.01516,0.6534
WD,Rachel Rohrabacher,Lucy Kovalova,50908953-a944-4a34-898b-16af312bc814,504e8c08-caf6-4db8-b454-11ffa321261c,1.7776,0.0232,0.65
WD,Danni-Elle Townsend,Jillian Braverman,2c4de762-88d6-47c3-8b2b-af562c5d1f93,98c2531f-f5ce-48b5-b251-eb69425d409c,1.7771,0.06025,0.6389
WD,Jade Kawamoto,Judit Castillo,6cae3a50-eee6-45ea-8b28-85ef9c50e3c4,ec4cdfe2-c6f6-4de1-824e-9adcaeb31196,1.7768,0.01946,0.6506
WD,Rachel Rohrabacher,Samantha Parker,50908953-a944-4a34-898b-16af312bc814,6794d224-7da3-43d9-8300-e24e731f5dea,1.7756,0.01783,0.6502
WD,Tina Pisnik,Estee Widdershoven,f879086b-e0e5-4772-b0a6-4055c265da69,bf84d952-c6a8-4494-943d-064b223e764f,1.7756,0.01757,0.6503
WD,Danni-Elle Townsend,Alix Truong,2c4de762-88d6-47c3-8b2b-af562c5d1f93,646f7432-e6ad-4ccf-95ee-a0e5d9514d28,1.7745,0.0174,0.6495
WD,Jade Kawamoto,Lea Jansen,6cae3a50-eee6-45ea-8b28-85ef9c50e3c4,7319013d-d511-4aa5-a356-4aa2cccf94f5,1.7741,0.01593,0.6496
WD,Parris Todd,Allie Reichert,1728d016-1f02-4789-be73-63d12d5a5b42,dcd029fb-2814-401b-a1cb-0c4269d9954b,1.774,0.02614,0.6462
WD,Vivian Glozman,Etta Tuionetoa,ff789b9c-80c4-442c-b97e-2e2311298cfb,676b1cbc-766c-4616-bf39-1787ffd8c72a,1.7737,0.03172,0.6443
WD,Sofia Sewing,Jillian Braverman,b9bacc1e-29b5-4a92-a9c1-24e08ac72215,98c2531f-f5ce-48b5-b251-eb69425d409c,1.7735,0.06233,0.6357
WD,Anna Bright,Kiora Kunimoto,db5eef5c-99dd-49d9-bbfc-65171a366bda,a95df9a8-772c-4dbf-8c28-e200b7308584,1.7734,0.01691,0.6488
WD,Parris Todd,Isabella Dunlap,1728d016-1f02-4789-be73-63d12d5a5b42,719e2d3b-d10d-402d-a195-41f072214679,1.7734,0.01576,0.6491
WD,Bobbi Oshiro,Vivienne David,7f36e416-0907-43b2-8ec4-e9533088e30f,afc0bfc9-8cd8-4600-bd45-681092186db3,1.7734,0.06409,0.6352
WD,Jade Kawamoto,Roos Van Reek,6cae3a50-eee6-45ea-8b28-85ef9c50e3c4,4798e757-53f5-4e52-92aa-98172c8f7862,1.7733,0.03316,0.6435
WD,Tina Pisnik,Milan Rane,f879086b-e0e5-4772-b0a6-4055c265da69,eb14fc6e-ede1-4999-bec3-e36695e7f94e,1.773,0.0139,0.6494
WD,Kate Fahey,Ting Chieh Wei,3af01041-5679-400a-87b8-12c01db8cec4,29e8121d-6f86-4192-b7af-ab05b77b89fe,1.7729,0.0136,0.6495
WD,Rachel Rohrabacher,Brooke Buckner,50908953-a944-4a34-898b-16af312bc814,06dc9b8a-5c01-49cf-bb4d-70d7b5f85acf,1.7718,0.01471,0.6482
WD,Lacy Schneemann,Vivienne David,a3ed7970-35d2-485c-8285-187c298a2d83,afc0bfc9-8cd8-4600-bd45-681092186db3,1.7717,0.0281,0.6438
WD,Mari Humberg,Yana Newell,b1ab7d76-a859-4136-8405-3ed7c9be287a,655e0349-7e66-4233-b999-b6cca2298f9b,1.7715,0.03217,0.6424
WD,Catherine Parenteau,Vivienne David,9b97206b-783a-4fab-85e9-45a6240325a5,afc0bfc9-8cd8-4600-bd45-681092186db3,1.7713,0.027,0.6439
WD,Sofia Sewing,Alix Truong,b9bacc1e-29b5-4a92-a9c1-24e08ac72215,646f7432-e6ad-4ccf-95ee-a0e5d9514d28,1.7709,0.01949,0.646
WD,Vivian Glozman,Chao Yi Wang,ff789b9c-80c4-442c-b97e-2e2311298cfb,20684550-cb89-4ea2-9e2f-0f44eb920b45,1.7701,0.03166,0.6415
WD,Parris Todd,Daria Walczak,1728d016-1f02-4789-be73-63d12d5a5b42,3e6b668a-8d26-4424-9420-3ceb18486b65,1.7696,0.0198,0.6448
WD,Jorja Johnson,Genie Erokhina,b51ea0fb-c243-4427-85f8-b798febb51ff,461f063e-a587-4638-bad9-421ff33d91d7,1.7692,0.01493,0.646
WD,Jorja Johnson,Yufei Long,b51ea0fb-c243-4427-85f8-b798febb51ff,20945292-032a-47f1-93c5-d44ada6e4783,1.7691,0.02873,0.6416
WD,Jackie Kawamoto,Carlota Trevino,be33755f-9262-461b-aedd-e9a7a686a82c,70c18684-f615-4d05-9aa9-5cbdbd53ab9f,1.7689,0.01968,0.6443
WD,Rachel Rohrabacher,Estee Widdershoven,50908953-a944-4a34-898b-16af312bc814,bf84d952-c6a8-4494-943d-064b223e764f,1.7688,0.01724,0.645
WD,Jade Kawamoto,Shelby Bates,6cae3a50-eee6-45ea-8b28-85ef9c50e3c4,ded801fd-297a-4761-b63e-d8fbbfeb5762,1.7685,0.03829,0.6384
WD,Tyra Hurricane Black,Carlota Trevino,fec65f7e-f2c8-482f-ab5b-541cf53b1064,70c18684-f615-4d05-9aa9-5cbdbd53ab9f,1.7685,0.01709,0.6448
WD,Jade Kawamoto,Zoey Weil,6cae3a50-eee6-45ea-8b28-85ef9c50e3c4,1d701c30-6b5d-485f-ae97-60f3b0c50896,1.7684,0.01728,0.6447
WD,Danni-Elle Townsend,Layne Sleeth,2c4de762-88d6-47c3-8b2b-af562c5d1f93,55ed7e0a-ff2d-4ac2-aad6-b6772ef4f448,1.7671,0.01888,0.6431
WD,Jackie Kawamoto,Jessie Irvine,be33755f-9262-461b-aedd-e9a7a686a82c,8e2f9629-19d0-409d-81dc-b64fe2f3d3ff,1.767,0.01698,0.6436
WD,Tyra Hurricane Black,Jessie Irvine,fec65f7e-f2c8-482f-ab5b-541cf53b1064,8e2f9629-19d0-409d-81dc-b64fe2f3d3ff,1.7666,0.01439,0.6442
WD,Parris Todd,Eugenia Carolina Lopez Ascarate,1728d016-1f02-4789-be73-63d12d5a5b42,577d1124-44c9-435d-88e9-01a146f2d177,1.7665,0.03404,0.6381
WD,Rachel Rohrabacher,Milan Rane,50908953-a944-4a34-898b-16af312bc814,eb14fc6e-ede1-4999-bec3-e36695e7f94e,1.7662,0.01357,0.6441
WD,Jorja Johnson,Liz Truluck,b51ea0fb-c243-4427-85f8-b798febb51ff,71992955-8b6f-470b-a991-796cfa56a826,1.764,0.015,0.6419
WD,Sofia Sewing,Layne Sleeth,b9bacc1e-29b5-4a92-a9c1-24e08ac72215,55ed7e0a-ff2d-4ac2-aad6-b6772ef4f448,1.7635,0.02096,0.6396
WD,Parris Todd,Judit Castillo,1728d016-1f02-4789-be73-63d12d5a5b42,ec4cdfe2-c6f6-4de1-824e-9adcaeb31196,1.7631,0.01834,0.6401
WD,Tina Pisnik,Allie Reichert,f879086b-e0e5-4772-b0a6-4055c265da69,dcd029fb-2814-401b-a1cb-0c4269d9954b,1.7629,0.02531,0.6378
WD,Kate Fahey,Carlota Trevino,3af01041-5679-400a-87b8-12c01db8cec4,70c18684-f615-4d05-9aa9-5cbdbd53ab9f,1.7628,0.01554,0.6408
WD,Tina Pisnik,Isabella Dunlap,f879086b-e0e5-4772-b0a6-4055c265da69,719e2d3b-d10d-402d-a195-41f072214679,1.7623,0.01493,0.6406
WD,Vivian Glozman,Ewa Radzikowska,ff789b9c-80c4-442c-b97e-2e2311298cfb,1d51becb-4ea0-4878-9660-e3fd2dfaa0ea,1.7623,0.0398,0.6331
WD,Kate Fahey,Jessie Irvine,3af01041-5679-400a-87b8-12c01db8cec4,8e2f9629-19d0-409d-81dc-b64fe2f3d3ff,1.761,0.01284,0.6401
WD,Parris Todd,Lea Jansen,1728d016-1f02-4789-be73-63d12d5a5b42,7319013d-d511-4aa5-a356-4aa2cccf94f5,1.7604,0.01481,0.639
WD,Parris Todd,Roos Van Reek,1728d016-1f02-4789-be73-63d12d5a5b42,4798e757-53f5-4e52-92aa-98172c8f7862,1.7595,0.03203,0.6332
WD,Tina Pisnik,Daria Walczak,f879086b-e0e5-4772-b0a6-4055c265da69,3e6b668a-8d26-4424-9420-3ceb18486b65,1.7586,0.01897,0.6362
WD,Jackie Kawamoto,Maggie Brascia,be33755f-9262-461b-aedd-e9a7a686a82c,736475dd-7ccd-40d8-8b43-8c2d9ef9e674,1.7574,0.02735,0.6328
WD,Tyra Hurricane Black,Maggie Brascia,fec65f7e-f2c8-482f-ab5b-541cf53b1064,736475dd-7ccd-40d8-8b43-8c2d9ef9e674,1.757,0.02476,0.6333
WD,Vivian Glozman,Meghan Dizon,ff789b9c-80c4-442c-b97e-2e2311298cfb,8f521dcc-1cb5-4c8d-933c-af6b267bd395,1.757,0.03146,0.6314
WD,Rachel Rohrabacher,Allie Reichert,50908953-a944-4a34-898b-16af312bc814,dcd029fb-2814-401b-a1cb-0c4269d9954b,1.7562,0.02498,0.6325
WD,Rachel Rohrabacher,Isabella Dunlap,50908953-a944-4a34-898b-16af312bc814,719e2d3b-d10d-402d-a195-41f072214679,1.7556,0.0146,0.6352
WD,Tina Pisnik,Eugenia Carolina Lopez Ascarate,f879086b-e0e5-4772-b0a6-4055c265da69,577d1124-44c9-435d-88e9-01a146f2d177,1.7555,0.03321,0.6297
WD,Jade Kawamoto,Genie Erokhina,6cae3a50-eee6-45ea-8b28-85ef9c50e3c4,461f063e-a587-4638-bad9-421ff33d91d7,1.755,0.01688,0.634
WD,Jade Kawamoto,Yufei Long,6cae3a50-eee6-45ea-8b28-85ef9c50e3c4,20945292-032a-47f1-93c5-d44ada6e4783,1.7549,0.03068,0.6299
WD,Parris Todd,Shelby Bates,1728d016-1f02-4789-be73-63d12d5a5b42,ded801fd-297a-4761-b63e-d8fbbfeb5762,1.7548,0.03716,0.6281
WD,Parris Todd,Zoey Weil,1728d016-1f02-4789-be73-63d12d5a5b42,1d701c30-6b5d-485f-ae97-60f3b0c50896,1.7547,0.01616,0.634
WD,Jackie Kawamoto,Lucy Kovalova,be33755f-9262-461b-aedd-e9a7a686a82c,504e8c08-caf6-4db8-b454-11ffa321261c,1.7539,0.02591,0.6304
WD,Tyra Hurricane Black,Lucy Kovalova,fec65f7e-f2c8-482f-ab5b-541cf53b1064,504e8c08-caf6-4db8-b454-11ffa321261c,1.7535,0.02332,0.6309
WD,Mari Humberg,Jillian Braverman,b1ab7d76-a859-4136-8405-3ed7c9be287a,98c2531f-f5ce-48b5-b251-eb69425d409c,1.753,0.05957,0.6212
WD,Bobbi Oshiro,Etta Tuionetoa,7f36e416-0907-43b2-8ec4-e9533088e30f,676b1cbc-766c-4616-bf39-1787ffd8c72a,1.7526,0.05298,0.6224
WD,Tina Pisnik,Judit Castillo,f879086b-e0e5-4772-b0a6-4055c265da69,ec4cdfe2-c6f6-4de1-824e-9adcaeb31196,1.7521,0.01751,0.6314
WD,Jackie Kawamoto,Samantha Parker,be33755f-9262-461b-aedd-e9a7a686a82c,6794d224-7da3-43d9-8300-e24e731f5dea,1.7519,0.02055,0.6304
WD,Rachel Rohrabacher,Daria Walczak,50908953-a944-4a34-898b-16af312bc814,3e6b668a-8d26-4424-9420-3ceb18486b65,1.7518,0.01864,0.6309
WD,Kate Fahey,Maggie Brascia,3af01041-5679-400a-87b8-12c01db8cec4,736475dd-7ccd-40d8-8b43-8c2d9ef9e674,1.7514,0.02321,0.6292
WD,Tyra Hurricane Black,Samantha Parker,fec65f7e-f2c8-482f-ab5b-541cf53b1064,6794d224-7da3-43d9-8300-e24e731f5dea,1.7514,0.01795,0.6308
WD,Lacy Schneemann,Etta Tuionetoa,a3ed7970-35d2-485c-8285-187c298a2d83,676b1cbc-766c-4616-bf39-1787ffd8c72a,1.7508,0.01699,0.6306
WD,Catherine Parenteau,Etta Tuionetoa,9b97206b-783a-4fab-85e9-45a6240325a5,676b1cbc-766c-4616-bf39-1787ffd8c72a,1.7505,0.01589,0.6307
WD,Mari Humberg,Alix Truong,b1ab7d76-a859-4136-8405-3ed7c9be287a,646f7432-e6ad-4ccf-95ee-a0e5d9514d28,1.7504,0.01673,0.6304
WD,Jade Kawamoto,Liz Truluck,6cae3a50-eee6-45ea-8b28-85ef9c50e3c4,71992955-8b6f-470b-a991-796cfa56a826,1.7498,0.01695,0.6298
WD,Tina Pisnik,Lea Jansen,f879086b-e0e5-4772-b0a6-4055c265da69,7319013d-d511-4aa5-a356-4aa2cccf94f5,1.7493,0.01398,0.6303
WD,Bobbi Oshiro,Chao Yi Wang,7f36e416-0907-43b2-8ec4-e9533088e30f,20684550-cb89-4ea2-9e2f-0f44eb920b45,1.7489,0.05293,0.6196
WD,Rachel Rohrabacher,Eugenia Carolina Lopez Ascarate,50908953-a944-4a34-898b-16af312bc814,577d1124-44c9-435d-88e9-01a146f2d177,1.7487,0.03288,0.6244
WD,Tina Pisnik,Roos Van Reek,f879086b-e0e5-4772-b0a6-4055c265da69,4798e757-53f5-4e52-92aa-98172c8f7862,1.7485,0.03121,0.6247
WD,Jackie Kawamoto,Brooke Buckner,be33755f-9262-461b-aedd-e9a7a686a82c,06dc9b8a-5c01-49cf-bb4d-70d7b5f85acf,1.7481,0.01742,0.6282
WD,Kate Fahey,Lucy Kovalova,3af01041-5679-400a-87b8-12c01db8cec4,504e8c08-caf6-4db8-b454-11ffa321261c,1.7478,0.02176,0.6268
WD,Tyra Hurricane Black,Brooke Buckner,fec65f7e-f2c8-482f-ab5b-541cf53b1064,06dc9b8a-5c01-49cf-bb4d-70d7b5f85acf,1.7477,0.01483,0.6287
WD,Lacy Schneemann,Chao Yi Wang,a3ed7970-35d2-485c-8285-187c298a2d83,20684550-cb89-4ea2-9e2f-0f44eb920b45,1.7472,0.01693,0.6276
WD,Catherine Parenteau,Chao Yi Wang,9b97206b-783a-4fab-85e9-45a6240325a5,20684550-cb89-4ea2-9e2f-0f44eb920b45,1.7469,0.01583,0.6277
WD,Kate Fahey,Samantha Parker,3af01041-5679-400a-87b8-12c01db8cec4,6794d224-7da3-43d9-8300-e24e731f5dea,1.7458,0.0164,0.6267
WD,Rachel Rohrabacher,Judit Castillo,50908953-a944-4a34-898b-16af312bc814,ec4cdfe2-c6f6-4de1-824e-9adcaeb31196,1.7453,0.01719,0.626
WD,Jackie Kawamoto,Estee Widdershoven,be33755f-9262-461b-aedd-e9a7a686a82c,bf84d952-c6a8-4494-943d-064b223e764f,1.7451,0.01996,0.6251
WD,Tyra Hurricane Black,Estee Widdershoven,fec65f7e-f2c8-482f-ab5b-541cf53b1064,bf84d952-c6a8-4494-943d-064b223e764f,1.7447,0.01737,0.6255
WD,Tina Pisnik,Shelby Bates,f879086b-e0e5-4772-b0a6-4055c265da69,ded801fd-297a-4761-b63e-d8fbbfeb5762,1.7438,0.03634,0.6197
WD,Tina Pisnik,Zoey Weil,f879086b-e0e5-4772-b0a6-4055c265da69,1d701c30-6b5d-485f-ae97-60f3b0c50896,1.7437,0.01533,0.6252
WD,Mari Humberg,Layne Sleeth,b1ab7d76-a859-4136-8405-3ed7c9be287a,55ed7e0a-ff2d-4ac2-aad6-b6772ef4f448,1.743,0.0182,0.6238
WD,Rachel Rohrabacher,Lea Jansen,50908953-a944-4a34-898b-16af312bc814,7319013d-d511-4aa5-a356-4aa2cccf94f5,1.7426,0.01365,0.6248
WD,Jackie Kawamoto,Milan Rane,be33755f-9262-461b-aedd-e9a7a686a82c,eb14fc6e-ede1-4999-bec3-e36695e7f94e,1.7425,0.01629,0.624
WD,Tyra Hurricane Black,Milan Rane,fec65f7e-f2c8-482f-ab5b-541cf53b1064,eb14fc6e-ede1-4999-bec3-e36695e7f94e,1.7421,0.01369,0.6244
WD,Kate Fahey,Brooke Buckner,3af01041-5679-400a-87b8-12c01db8cec4,06dc9b8a-5c01-49cf-bb4d-70d7b5f85acf,1.742,0.01328,0.6245
WD,Rachel Rohrabacher,Roos Van Reek,50908953-a944-4a34-898b-16af312bc814,4798e757-53f5-4e52-92aa-98172c8f7862,1.7417,0.03088,0.6194
WD,Parris Todd,Genie Erokhina,1728d016-1f02-4789-be73-63d12d5a5b42,461f063e-a587-4638-bad9-421ff33d91d7,1.7413,0.01576,0.6232
WD,Parris Todd,Yufei Long,1728d016-1f02-4789-be73-63d12d5a5b42,20945292-032a-47f1-93c5-d44ada6e4783,1.7412,0.02955,0.6194
WD,Bobbi Oshiro,Ewa Radzikowska,7f36e416-0907-43b2-8ec4-e9533088e30f,1d51becb-4ea0-4878-9660-e3fd2dfaa0ea,1.7411,0.06106,0.6119
WD,Lacy Schneemann,Ewa Radzikowska,a3ed7970-35d2-485c-8285-187c298a2d83,1d51becb-4ea0-4878-9660-e3fd2dfaa0ea,1.7394,0.02506,0.6191
WD,Kate Fahey,Estee Widdershoven,3af01041-5679-400a-87b8-12c01db8cec4,bf84d952-c6a8-4494-943d-064b223e764f,1.7391,0.01581,0.6213
WD,Catherine Parenteau,Ewa Radzikowska,9b97206b-783a-4fab-85e9-45a6240325a5,1d51becb-4ea0-4878-9660-e3fd2dfaa0ea,1.739,0.02396,0.6191
WD,Vivienne David,Etta Tuionetoa,afc0bfc9-8cd8-4600-bd45-681092186db3,676b1cbc-766c-4616-bf39-1787ffd8c72a,1.7382,0.02871,0.6172
WD,Rachel Rohrabacher,Shelby Bates,50908953-a944-4a34-898b-16af312bc814,ded801fd-297a-4761-b63e-d8fbbfeb5762,1.737,0.03601,0.6144
WD,Rachel Rohrabacher,Zoey Weil,50908953-a944-4a34-898b-16af312bc814,1d701c30-6b5d-485f-ae97-60f3b0c50896,1.7369,0.015,0.6197
WD,Kate Fahey,Milan Rane,3af01041-5679-400a-87b8-12c01db8cec4,eb14fc6e-ede1-4999-bec3-e36695e7f94e,1.7365,0.01214,0.6202
WD,Parris Todd,Liz Truluck,1728d016-1f02-4789-be73-63d12d5a5b42,71992955-8b6f-470b-a991-796cfa56a826,1.7361,0.01583,0.6189
WD,Bobbi Oshiro,Meghan Dizon,7f36e416-0907-43b2-8ec4-e9533088e30f,8f521dcc-1cb5-4c8d-933c-af6b267bd395,1.7359,0.05272,0.6098
WD,Vivian Glozman,Sahra Dennehy,ff789b9c-80c4-442c-b97e-2e2311298cfb,051f5c82-82ce-4ab8-b4f8-36976638a89b,1.7348,0.03264,0.6135
WD,Chao Yi Wang,Vivienne David,20684550-cb89-4ea2-9e2f-0f44eb920b45,afc0bfc9-8cd8-4600-bd45-681092186db3,1.7345,0.02865,0.6142
WD,Lacy Schneemann,Meghan Dizon,a3ed7970-35d2-485c-8285-187c298a2d83,8f521dcc-1cb5-4c8d-933c-af6b267bd395,1.7342,0.01673,0.617
WD,Catherine Parenteau,Meghan Dizon,9b97206b-783a-4fab-85e9-45a6240325a5,8f521dcc-1cb5-4c8d-933c-af6b267bd395,1.7338,0.01563,0.6171
WD,Vivian Glozman,Leigh Waters,ff789b9c-80c4-442c-b97e-2e2311298cfb,1bfba782-55f3-42e4-9889-9018e793c0b5,1.7333,0.04518,0.6094
WD,Jackie Kawamoto,Allie Reichert,be33755f-9262-461b-aedd-e9a7a686a82c,dcd029fb-2814-401b-a1cb-0c4269d9954b,1.7325,0.0277,0.6128
WD,Vivian Glozman,Allyce Jones,ff789b9c-80c4-442c-b97e-2e2311298cfb,efe9989b-5864-48c2-806c-06697024e1da,1.7323,0.03084,0.612
WD,Tyra Hurricane Black,Allie Reichert,fec65f7e-f2c8-482f-ab5b-541cf53b1064,dcd029fb-2814-401b-a1cb-0c4269d9954b,1.732,0.0251,0.6132
WD,Jackie Kawamoto,Isabella Dunlap,be33755f-9262-461b-aedd-e9a7a686a82c,719e2d3b-d10d-402d-a195-41f072214679,1.7319,0.01732,0.615
WD,Tyra Hurricane Black,Isabella Dunlap,fec65f7e-f2c8-482f-ab5b-541cf53b1064,719e2d3b-d10d-402d-a195-41f072214679,1.7315,0.01472,0.6153
WD,Tina Pisnik,Genie Erokhina,f879086b-e0e5-4772-b0a6-4055c265da69,461f063e-a587-4638-bad9-421ff33d91d7,1.7303,0.01493,0.6143
WD,Tina Pisnik,Yufei Long,f879086b-e0e5-4772-b0a6-4055c265da69,20945292-032a-47f1-93c5-d44ada6e4783,1.7302,0.02873,0.6107
WD,Jorja Johnson,Marianna Petrei,b51ea0fb-c243-4427-85f8-b798febb51ff,12890797-7355-49ca-848e-56d67e33c4de,1.73,0.0321,0.6098
WD,Jackie Kawamoto,Daria Walczak,be33755f-9262-461b-aedd-e9a7a686a82c,3e6b668a-8d26-4424-9420-3ceb18486b65,1.7281,0.02136,0.6109
WD,Tyra Hurricane Black,Daria Walczak,fec65f7e-f2c8-482f-ab5b-541cf53b1064,3e6b668a-8d26-4424-9420-3ceb18486b65,1.7277,0.01876,0.6112
WD,Vivienne David,Ewa Radzikowska,afc0bfc9-8cd8-4600-bd45-681092186db3,1d51becb-4ea0-4878-9660-e3fd2dfaa0ea,1.7267,0.03678,0.6061
WD,Kate Fahey,Allie Reichert,3af01041-5679-400a-87b8-12c01db8cec4,dcd029fb-2814-401b-a1cb-0c4269d9954b,1.7264,0.02355,0.609
WD,Kate Fahey,Isabella Dunlap,3af01041-5679-400a-87b8-12c01db8cec4,719e2d3b-d10d-402d-a195-41f072214679,1.7258,0.01317,0.6111
WD,Tina Pisnik,Liz Truluck,f879086b-e0e5-4772-b0a6-4055c265da69,71992955-8b6f-470b-a991-796cfa56a826,1.7251,0.015,0.61
WD,Jackie Kawamoto,Eugenia Carolina Lopez Ascarate,be33755f-9262-461b-aedd-e9a7a686a82c,577d1124-44c9-435d-88e9-01a146f2d177,1.725,0.0356,0.605
WD,Tyra Hurricane Black,Eugenia Carolina Lopez Ascarate,fec65f7e-f2c8-482f-ab5b-541cf53b1064,577d1124-44c9-435d-88e9-01a146f2d177,1.7246,0.033,0.6053
WD,Danni-Elle Townsend,Ting Chieh Wei,2c4de762-88d6-47c3-8b2b-af562c5d1f93,29e8121d-6f86-4192-b7af-ab05b77b89fe,1.7246,0.01731,0.609
WD,Rachel Rohrabacher,Genie Erokhina,50908953-a944-4a34-898b-16af312bc814,461f063e-a587-4638-bad9-421ff33d91d7,1.7235,0.0146,0.6088
WD,Rachel Rohrabacher,Yufei Long,50908953-a944-4a34-898b-16af312bc814,20945292-032a-47f1-93c5-d44ada6e4783,1.7234,0.0284,0.6054
WD,Kate Fahey,Daria Walczak,3af01041-5679-400a-87b8-12c01db8cec4,3e6b668a-8d26-4424-9420-3ceb18486b65,1.722,0.01721,0.6069
WD,Jackie Kawamoto,Judit Castillo,be33755f-9262-461b-aedd-e9a7a686a82c,ec4cdfe2-c6f6-4de1-824e-9adcaeb31196,1.7216,0.0199,0.6059
WD,Vivienne David,Meghan Dizon,afc0bfc9-8cd8-4600-bd45-681092186db3,8f521dcc-1cb5-4c8d-933c-af6b267bd395,1.7215,0.02845,0.6038
WD,Tyra Hurricane Black,Judit Castillo,fec65f7e-f2c8-482f-ab5b-541cf53b1064,ec4cdfe2-c6f6-4de1-824e-9adcaeb31196,1.7212,0.01731,0.6062
WD,Sofia Sewing,Ting Chieh Wei,b9bacc1e-29b5-4a92-a9c1-24e08ac72215,29e8121d-6f86-4192-b7af-ab05b77b89fe,1.721,0.0194,0.6055
WD,Chao Yi Wang,Etta Tuionetoa,20684550-cb89-4ea2-9e2f-0f44eb920b45,676b1cbc-766c-4616-bf39-1787ffd8c72a,1.7201,0.01754,0.6053
WD,Jorja Johnson,Callie Smith,b51ea0fb-c243-4427-85f8-b798febb51ff,0c1bb94d-3af2-42f4-b938-d712c707ace4,1.7193,0.01603,0.6049
WD,Kate Fahey,Eugenia Carolina Lopez Ascarate,3af01041-5679-400a-87b8-12c01db8cec4,577d1124-44c9-435d-88e9-01a146f2d177,1.719,0.03145,0.6011
WD,Jackie Kawamoto,Lea Jansen,be33755f-9262-461b-aedd-e9a7a686a82c,7319013d-d511-4aa5-a356-4aa2cccf94f5,1.7189,0.01636,0.6045
WD,Tyra Hurricane Black,Lea Jansen,fec65f7e-f2c8-482f-ab5b-541cf53b1064,7319013d-d511-4aa5-a356-4aa2cccf94f5,1.7184,0.01377,0.6048
WD,Rachel Rohrabacher,Liz Truluck,50908953-a944-4a34-898b-16af312bc814,71992955-8b6f-470b-a991-796cfa56a826,1.7183,0.01467,0.6044
WD,Jackie Kawamoto,Roos Van Reek,be33755f-9262-461b-aedd-e9a7a686a82c,4798e757-53f5-4e52-92aa-98172c8f7862,1.718,0.03359,0.5999
WD,Tyra Hurricane Black,Roos Van Reek,fec65f7e-f2c8-482f-ab5b-541cf53b1064,4798e757-53f5-4e52-92aa-98172c8f7862,1.7176,0.031,0.6001
WD,Jade Kawamoto,Marianna Petrei,6cae3a50-eee6-45ea-8b28-85ef9c50e3c4,12890797-7355-49ca-848e-56d67e33c4de,1.7159,0.03405,0.5981
WD,Kate Fahey,Judit Castillo,3af01041-5679-400a-87b8-12c01db8cec4,ec4cdfe2-c6f6-4de1-824e-9adcaeb31196,1.7155,0.01575,0.6019
WD,Vivian Glozman,Yana Newell,ff789b9c-80c4-442c-b97e-2e2311298cfb,655e0349-7e66-4233-b999-b6cca2298f9b,1.7149,0.04615,0.5949
WD,Danni-Elle Townsend,Carlota Trevino,2c4de762-88d6-47c3-8b2b-af562c5d1f93,70c18684-f615-4d05-9aa9-5cbdbd53ab9f,1.7146,0.01925,0.6003
WD,Bobbi Oshiro,Sahra Dennehy,7f36e416-0907-43b2-8ec4-e9533088e30f,051f5c82-82ce-4ab8-b4f8-36976638a89b,1.7136,0.05391,0.5925
WD,Jackie Kawamoto,Shelby Bates,be33755f-9262-461b-aedd-e9a7a686a82c,ded801fd-297a-4761-b63e-d8fbbfeb5762,1.7133,0.03872,0.5951
WD,Jackie Kawamoto,Zoey Weil,be33755f-9262-461b-aedd-e9a7a686a82c,1d701c30-6b5d-485f-ae97-60f3b0c50896,1.7132,0.01772,0.5995
WD,Tyra Hurricane Black,Shelby Bates,fec65f7e-f2c8-482f-ab5b-541cf53b1064,ded801fd-297a-4761-b63e-d8fbbfeb5762,1.7129,0.03613,0.5953
WD,Kate Fahey,Lea Jansen,3af01041-5679-400a-87b8-12c01db8cec4,7319013d-d511-4aa5-a356-4aa2cccf94f5,1.7128,0.01222,0.6004
WD,Tyra Hurricane Black,Zoey Weil,fec65f7e-f2c8-482f-ab5b-541cf53b1064,1d701c30-6b5d-485f-ae97-60f3b0c50896,1.7128,0.01512,0.5997
WD,Danni-Elle Townsend,Jessie Irvine,2c4de762-88d6-47c3-8b2b-af562c5d1f93,8e2f9629-19d0-409d-81dc-b64fe2f3d3ff,1.7127,0.01655,0.5993
WD,Etta Tuionetoa,Ewa Radzikowska,676b1cbc-766c-4616-bf39-1787ffd8c72a,1d51becb-4ea0-4878-9660-e3fd2dfaa0ea,1.7123,0.02567,0.597
WD,Bobbi Oshiro,Leigh Waters,7f36e416-0907-43b2-8ec4-e9533088e30f,1bfba782-55f3-42e4-9889-9018e793c0b5,1.7121,0.06644,0.5891
WD,Kate Fahey,Roos Van Reek,3af01041-5679-400a-87b8-12c01db8cec4,4798e757-53f5-4e52-92aa-98172c8f7862,1.712,0.02945,0.5959
WD,Lacy Schneemann,Sahra Dennehy,a3ed7970-35d2-485c-8285-187c298a2d83,051f5c82-82ce-4ab8-b4f8-36976638a89b,1.7119,0.01791,0.5984
WD,Catherine Parenteau,Sahra Dennehy,9b97206b-783a-4fab-85e9-45a6240325a5,051f5c82-82ce-4ab8-b4f8-36976638a89b,1.7116,0.01681,0.5984
WD,Bobbi Oshiro,Allyce Jones,7f36e416-0907-43b2-8ec4-e9533088e30f,efe9989b-5864-48c2-806c-06697024e1da,1.7112,0.05211,0.5908
WD,Sofia Sewing,Carlota Trevino,b9bacc1e-29b5-4a92-a9c1-24e08ac72215,70c18684-f615-4d05-9aa9-5cbdbd53ab9f,1.711,0.02133,0.5968
WD,Lacy Schneemann,Leigh Waters,a3ed7970-35d2-485c-8285-187c298a2d83,1bfba782-55f3-42e4-9889-9018e793c0b5,1.7104,0.03045,0.5944
WD,Catherine Parenteau,Leigh Waters,9b97206b-783a-4fab-85e9-45a6240325a5,1bfba782-55f3-42e4-9889-9018e793c0b5,1.7101,0.02935,0.5944
WD,Chao Yi Wang,Ewa Radzikowska,20684550-cb89-4ea2-9e2f-0f44eb920b45,1d51becb-4ea0-4878-9660-e3fd2dfaa0ea,1.7098,0.02562,0.5949
WD,Lacy Schneemann,Allyce Jones,a3ed7970-35d2-485c-8285-187c298a2d83,efe9989b-5864-48c2-806c-06697024e1da,1.7094,0.01611,0.5967
WD,Sofia Sewing,Jessie Irvine,b9bacc1e-29b5-4a92-a9c1-24e08ac72215,8e2f9629-19d0-409d-81dc-b64fe2f3d3ff,1.7091,0.01863,0.5958
WD,Catherine Parenteau,Allyce Jones,9b97206b-783a-4fab-85e9-45a6240325a5,efe9989b-5864-48c2-806c-06697024e1da,1.7091,0.01501,0.5967
WD,Kate Fahey,Shelby Bates,3af01041-5679-400a-87b8-12c01db8cec4,ded801fd-297a-4761-b63e-d8fbbfeb5762,1.7072,0.03458,0.5911
WD,Kate Fahey,Zoey Weil,3af01041-5679-400a-87b8-12c01db8cec4,1d701c30-6b5d-485f-ae97-60f3b0c50896,1.7071,0.01357,0.5953
WD,Etta Tuionetoa,Meghan Dizon,676b1cbc-766c-4616-bf39-1787ffd8c72a,8f521dcc-1cb5-4c8d-933c-af6b267bd395,1.7071,0.01734,0.5945
WD,Jade Kawamoto,Callie Smith,6cae3a50-eee6-45ea-8b28-85ef9c50e3c4,0c1bb94d-3af2-42f4-b938-d712c707ace4,1.7051,0.01798,0.5927
WD,Chao Yi Wang,Meghan Dizon,20684550-cb89-4ea2-9e2f-0f44eb920b45,8f521dcc-1cb5-4c8d-933c-af6b267bd395,1.7046,0.01728,0.5924
WD,Danni-Elle Townsend,Maggie Brascia,2c4de762-88d6-47c3-8b2b-af562c5d1f93,736475dd-7ccd-40d8-8b43-8c2d9ef9e674,1.7031,0.02692,0.5892
WD,Parris Todd,Marianna Petrei,1728d016-1f02-4789-be73-63d12d5a5b42,12890797-7355-49ca-848e-56d67e33c4de,1.7022,0.03293,0.5873
WD,Jorja Johnson,Kaitlyn Christian,b51ea0fb-c243-4427-85f8-b798febb51ff,66a6c35b-33a2-4a23-b5db-fa53c96d643a,1.7022,0.01432,0.5911
WD,Mari Humberg,Ting Chieh Wei,b1ab7d76-a859-4136-8405-3ed7c9be287a,29e8121d-6f86-4192-b7af-ab05b77b89fe,1.7005,0.01664,0.5891
WD,Jackie Kawamoto,Genie Erokhina,be33755f-9262-461b-aedd-e9a7a686a82c,461f063e-a587-4638-bad9-421ff33d91d7,1.6998,0.01732,0.5884
WD,Jackie Kawamoto,Yufei Long,be33755f-9262-461b-aedd-e9a7a686a82c,20945292-032a-47f1-93c5-d44ada6e4783,1.6997,0.03111,0.5856
WD,Sofia Sewing,Maggie Brascia,b9bacc1e-29b5-4a92-a9c1-24e08ac72215,736475dd-7ccd-40d8-8b43-8c2d9ef9e674,1.6995,0.029,0.5858
WD,Danni-Elle Townsend,Lucy Kovalova,2c4de762-88d6-47c3-8b2b-af562c5d1f93,504e8c08-caf6-4db8-b454-11ffa321261c,1.6995,0.02547,0.5866
WD,Tyra Hurricane Black,Genie Erokhina,fec65f7e-f2c8-482f-ab5b-541cf53b1064,461f063e-a587-4638-bad9-421ff33d91d7,1.6994,0.01472,0.5886
WD,Tyra Hurricane Black,Yufei Long,fec65f7e-f2c8-482f-ab5b-541cf53b1064,20945292-032a-47f1-93c5-d44ada6e4783,1.6993,0.02852,0.5858
WD,Vivienne David,Sahra Dennehy,afc0bfc9-8cd8-4600-bd45-681092186db3,051f5c82-82ce-4ab8-b4f8-36976638a89b,1.6993,0.02963,0.5855
WD,Ewa Radzikowska,Meghan Dizon,1d51becb-4ea0-4878-9660-e3fd2dfaa0ea,8f521dcc-1cb5-4c8d-933c-af6b267bd395,1.6992,0.02541,0.5863
WD,Vivienne David,Leigh Waters,afc0bfc9-8cd8-4600-bd45-681092186db3,1bfba782-55f3-42e4-9889-9018e793c0b5,1.6977,0.04217,0.5821
WD,Danni-Elle Townsend,Samantha Parker,2c4de762-88d6-47c3-8b2b-af562c5d1f93,6794d224-7da3-43d9-8300-e24e731f5dea,1.6975,0.02011,0.5859
WD,Vivienne David,Allyce Jones,afc0bfc9-8cd8-4600-bd45-681092186db3,efe9989b-5864-48c2-806c-06697024e1da,1.6968,0.02783,0.5838
WD,Vivian Glozman,Jillian Braverman,ff789b9c-80c4-442c-b97e-2e2311298cfb,98c2531f-f5ce-48b5-b251-eb69425d409c,1.6965,0.07355,0.5763
WD,Sofia Sewing,Lucy Kovalova,b9bacc1e-29b5-4a92-a9c1-24e08ac72215,504e8c08-caf6-4db8-b454-11ffa321261c,1.6959,0.02756,0.5832
WD,Jackie Kawamoto,Liz Truluck,be33755f-9262-461b-aedd-e9a7a686a82c,71992955-8b6f-470b-a991-796cfa56a826,1.6946,0.01739,0.584
WD,Tyra Hurricane Black,Liz Truluck,fec65f7e-f2c8-482f-ab5b-541cf53b1064,71992955-8b6f-470b-a991-796cfa56a826,1.6942,0.01479,0.5842
WD,Jorja Johnson,Cailyn Campbell,b51ea0fb-c243-4427-85f8-b798febb51ff,9eff9049-c45c-42ee-9a49-e9a797cc2116,1.6939,0.0148,0.584
WD,Sofia Sewing,Samantha Parker,b9bacc1e-29b5-4a92-a9c1-24e08ac72215,6794d224-7da3-43d9-8300-e24e731f5dea,1.6939,0.02219,0.5825
WD,Vivian Glozman,Alix Truong,ff789b9c-80c4-442c-b97e-2e2311298cfb,646f7432-e6ad-4ccf-95ee-a0e5d9514d28,1.6939,0.0307,0.581
WD,Kate Fahey,Genie Erokhina,3af01041-5679-400a-87b8-12c01db8cec4,461f063e-a587-4638-bad9-421ff33d91d7,1.6938,0.01317,0.5841
WD,Bobbi Oshiro,Yana Newell,7f36e416-0907-43b2-8ec4-e9533088e30f,655e0349-7e66-4233-b999-b6cca2298f9b,1.6938,0.06741,0.5751
WD,Danni-Elle Townsend,Brooke Buckner,2c4de762-88d6-47c3-8b2b-af562c5d1f93,06dc9b8a-5c01-49cf-bb4d-70d7b5f85acf,1.6937,0.01699,0.5834
WD,Kate Fahey,Yufei Long,3af01041-5679-400a-87b8-12c01db8cec4,20945292-032a-47f1-93c5-d44ada6e4783,1.6936,0.02697,0.5814
WD,Anna Leigh Waters,Genie Bouchard,129b2771-34b5-4b7f-9c23-e020a6aa3e6a,4da698bf-605d-4c6c-8566-6bfbdb6c1a24,1.6927,0.02609,0.5808
WD,Lacy Schneemann,Yana Newell,a3ed7970-35d2-485c-8285-187c298a2d83,655e0349-7e66-4233-b999-b6cca2298f9b,1.6921,0.03142,0.5793
WD,Catherine Parenteau,Yana Newell,9b97206b-783a-4fab-85e9-45a6240325a5,655e0349-7e66-4233-b999-b6cca2298f9b,1.6917,0.03032,0.5793
WD,Parris Todd,Callie Smith,1728d016-1f02-4789-be73-63d12d5a5b42,0c1bb94d-3af2-42f4-b938-d712c707ace4,1.6914,0.01685,0.5814
WD,Tina Pisnik,Marianna Petrei,f879086b-e0e5-4772-b0a6-4055c265da69,12890797-7355-49ca-848e-56d67e33c4de,1.6911,0.0321,0.5785
WD,Danni-Elle Townsend,Estee Widdershoven,2c4de762-88d6-47c3-8b2b-af562c5d1f93,bf84d952-c6a8-4494-943d-064b223e764f,1.6908,0.01952,0.5804
WD,Mari Humberg,Carlota Trevino,b1ab7d76-a859-4136-8405-3ed7c9be287a,70c18684-f615-4d05-9aa9-5cbdbd53ab9f,1.6904,0.01857,0.5803
WD,Sofia Sewing,Brooke Buckner,b9bacc1e-29b5-4a92-a9c1-24e08ac72215,06dc9b8a-5c01-49cf-bb4d-70d7b5f85acf,1.6901,0.01907,0.5799
WD,Kate Fahey,Liz Truluck,3af01041-5679-400a-87b8-12c01db8cec4,71992955-8b6f-470b-a991-796cfa56a826,1.6886,0.01324,0.5797
WD,Mari Humberg,Jessie Irvine,b1ab7d76-a859-4136-8405-3ed7c9be287a,8e2f9629-19d0-409d-81dc-b64fe2f3d3ff,1.6886,0.01587,0.5792
WD,Danni-Elle Townsend,Milan Rane,2c4de762-88d6-47c3-8b2b-af562c5d1f93,eb14fc6e-ede1-4999-bec3-e36695e7f94e,1.6882,0.01585,0.5789
WD,Jade Kawamoto,Kaitlyn Christian,6cae3a50-eee6-45ea-8b28-85ef9c50e3c4,66a6c35b-33a2-4a23-b5db-fa53c96d643a,1.6881,0.01627,0.5788
WD,Sofia Sewing,Estee Widdershoven,b9bacc1e-29b5-4a92-a9c1-24e08ac72215,bf84d952-c6a8-4494-943d-064b223e764f,1.6872,0.02161,0.577
WD,Vivian Glozman,Layne Sleeth,ff789b9c-80c4-442c-b97e-2e2311298cfb,55ed7e0a-ff2d-4ac2-aad6-b6772ef4f448,1.6864,0.03218,0.5746
WD,Sahra Dennehy,Etta Tuionetoa,051f5c82-82ce-4ab8-b4f8-36976638a89b,676b1cbc-766c-4616-bf39-1787ffd8c72a,1.6849,0.01852,0.5756
WD,Sofia Sewing,Milan Rane,b9bacc1e-29b5-4a92-a9c1-24e08ac72215,eb14fc6e-ede1-4999-bec3-e36695e7f94e,1.6846,0.01793,0.5755
WD,Rachel Rohrabacher,Marianna Petrei,50908953-a944-4a34-898b-16af312bc814,12890797-7355-49ca-848e-56d67e33c4de,1.6844,0.03177,0.573
WD,Anna Bright,Katerina Stewart,db5eef5c-99dd-49d9-bbfc-65171a366bda,3cec5850-24e2-44e3-96bc-ee87aa34581d,1.6838,0.02695,0.5733
WD,Etta Tuionetoa,Leigh Waters,676b1cbc-766c-4616-bf39-1787ffd8c72a,1bfba782-55f3-42e4-9889-9018e793c0b5,1.6833,0.03106,0.5723
WD,Etta Tuionetoa,Allyce Jones,676b1cbc-766c-4616-bf39-1787ffd8c72a,efe9989b-5864-48c2-806c-06697024e1da,1.6824,0.01672,0.5739
WD,Chao Yi Wang,Sahra Dennehy,20684550-cb89-4ea2-9e2f-0f44eb920b45,051f5c82-82ce-4ab8-b4f8-36976638a89b,1.6823,0.01846,0.5735
WD,Chao Yi Wang,Leigh Waters,20684550-cb89-4ea2-9e2f-0f44eb920b45,1bfba782-55f3-42e4-9889-9018e793c0b5,1.6808,0.031,0.5702
WD,Tina Pisnik,Callie Smith,f879086b-e0e5-4772-b0a6-4055c265da69,0c1bb94d-3af2-42f4-b938-d712c707ace4,1.6804,0.01603,0.5722
WD,Chao Yi Wang,Allyce Jones,20684550-cb89-4ea2-9e2f-0f44eb920b45,efe9989b-5864-48c2-806c-06697024e1da,1.6799,0.01666,0.5717
WD,Jade Kawamoto,Cailyn Campbell,6cae3a50-eee6-45ea-8b28-85ef9c50e3c4,9eff9049-c45c-42ee-9a49-e9a797cc2116,1.6798,0.01675,0.5717
WD,Vivienne David,Yana Newell,afc0bfc9-8cd8-4600-bd45-681092186db3,655e0349-7e66-4233-b999-b6cca2298f9b,1.6794,0.04313,0.5673
WD,Mari Humberg,Maggie Brascia,b1ab7d76-a859-4136-8405-3ed7c9be287a,736475dd-7ccd-40d8-8b43-8c2d9ef9e674,1.679,0.02624,0.5695
WD,Danni-Elle Townsend,Allie Reichert,2c4de762-88d6-47c3-8b2b-af562c5d1f93,dcd029fb-2814-401b-a1cb-0c4269d9954b,1.6781,0.02726,0.5686
WD,Danni-Elle Townsend,Isabella Dunlap,2c4de762-88d6-47c3-8b2b-af562c5d1f93,719e2d3b-d10d-402d-a195-41f072214679,1.6775,0.01688,0.5697
WD,Sahra Dennehy,Ewa Radzikowska,051f5c82-82ce-4ab8-b4f8-36976638a89b,1d51becb-4ea0-4878-9660-e3fd2dfaa0ea,1.677,0.0266,0.5677
WD,Mari Humberg,Lucy Kovalova,b1ab7d76-a859-4136-8405-3ed7c9be287a,504e8c08-caf6-4db8-b454-11ffa321261c,1.6754,0.0248,0.5668
WD,Ewa Radzikowska,Leigh Waters,1d51becb-4ea0-4878-9660-e3fd2dfaa0ea,1bfba782-55f3-42e4-9889-9018e793c0b5,1.6754,0.03913,0.5647
WD,Bobbi Oshiro,Jillian Braverman,7f36e416-0907-43b2-8ec4-e9533088e30f,98c2531f-f5ce-48b5-b251-eb69425d409c,1.6753,0.09481,0.5581
WD,Sofia Sewing,Allie Reichert,b9bacc1e-29b5-4a92-a9c1-24e08ac72215,dcd029fb-2814-401b-a1cb-0c4269d9954b,1.6745,0.02934,0.5653
WD,Ewa Radzikowska,Allyce Jones,1d51becb-4ea0-4878-9660-e3fd2dfaa0ea,efe9989b-5864-48c2-806c-06697024e1da,1.6745,0.0248,0.566
WD,Parris Todd,Kaitlyn Christian,1728d016-1f02-4789-be73-63d12d5a5b42,66a6c35b-33a2-4a23-b5db-fa53c96d643a,1.6744,0.01514,0.5673
WD,Sofia Sewing,Isabella Dunlap,b9bacc1e-29b5-4a92-a9c1-24e08ac72215,719e2d3b-d10d-402d-a195-41f072214679,1.6739,0.01897,0.5664
WD,Danni-Elle Townsend,Daria Walczak,2c4de762-88d6-47c3-8b2b-af562c5d1f93,3e6b668a-8d26-4424-9420-3ceb18486b65,1.6737,0.02092,0.5659
WD,Rachel Rohrabacher,Callie Smith,50908953-a944-4a34-898b-16af312bc814,0c1bb94d-3af2-42f4-b938-d712c707ace4,1.6736,0.0157,0.5666
WD,Lacy Schneemann,Jillian Braverman,a3ed7970-35d2-485c-8285-187c298a2d83,98c2531f-f5ce-48b5-b251-eb69425d409c,1.6736,0.05882,0.5607
WD,Mari Humberg,Samantha Parker,b1ab7d76-a859-4136-8405-3ed7c9be287a,6794d224-7da3-43d9-8300-e24e731f5dea,1.6734,0.01943,0.5659
WD,Sahra Dennehy,Meghan Dizon,051f5c82-82ce-4ab8-b4f8-36976638a89b,8f521dcc-1cb5-4c8d-933c-af6b267bd395,1.6734,0.01826,0.566
WD,Catherine Parenteau,Jillian Braverman,9b97206b-783a-4fab-85e9-45a6240325a5,98c2531f-f5ce-48b5-b251-eb69425d409c,1.6733,0.05771,0.5606
WD,Bobbi Oshiro,Alix Truong,7f36e416-0907-43b2-8ec4-e9533088e30f,646f7432-e6ad-4ccf-95ee-a0e5d9514d28,1.6727,0.05196,0.5609
WD,Meghan Dizon,Leigh Waters,8f521dcc-1cb5-4c8d-933c-af6b267bd395,1bfba782-55f3-42e4-9889-9018e793c0b5,1.6718,0.0308,0.5629
WD,Anna Bright,Seone Mendez,db5eef5c-99dd-49d9-bbfc-65171a366bda,0d14405e-2e45-4dcb-8fb7-73558c261b4f,1.6714,0.04387,0.5608
WD,Lacy Schneemann,Alix Truong,a3ed7970-35d2-485c-8285-187c298a2d83,646f7432-e6ad-4ccf-95ee-a0e5d9514d28,1.671,0.01597,0.5644
WD,Meghan Dizon,Allyce Jones,8f521dcc-1cb5-4c8d-933c-af6b267bd395,efe9989b-5864-48c2-806c-06697024e1da,1.6709,0.01646,0.5642
WD,Danni-Elle Townsend,Eugenia Carolina Lopez Ascarate,2c4de762-88d6-47c3-8b2b-af562c5d1f93,577d1124-44c9-435d-88e9-01a146f2d177,1.6707,0.03516,0.5613
WD,Catherine Parenteau,Alix Truong,9b97206b-783a-4fab-85e9-45a6240325a5,646f7432-e6ad-4ccf-95ee-a0e5d9514d28,1.6707,0.01487,0.5642
WD,Sofia Sewing,Daria Walczak,b9bacc1e-29b5-4a92-a9c1-24e08ac72215,3e6b668a-8d26-4424-9420-3ceb18486b65,1.6701,0.02301,0.5626
WD,Mari Humberg,Brooke Buckner,b1ab7d76-a859-4136-8405-3ed7c9be287a,06dc9b8a-5c01-49cf-bb4d-70d7b5f85acf,1.6696,0.01631,0.5631
WD,Danni-Elle Townsend,Judit Castillo,2c4de762-88d6-47c3-8b2b-af562c5d1f93,ec4cdfe2-c6f6-4de1-824e-9adcaeb31196,1.6672,0.01946,0.5606
WD,Sofia Sewing,Eugenia Carolina Lopez Ascarate,b9bacc1e-29b5-4a92-a9c1-24e08ac72215,577d1124-44c9-435d-88e9-01a146f2d177,1.6671,0.03724,0.5582
WD,Mari Humberg,Estee Widdershoven,b1ab7d76-a859-4136-8405-3ed7c9be287a,bf84d952-c6a8-4494-943d-064b223e764f,1.6667,0.01885,0.5603
WD,Parris Todd,Cailyn Campbell,1728d016-1f02-4789-be73-63d12d5a5b42,9eff9049-c45c-42ee-9a49-e9a797cc2116,1.6661,0.01562,0.5602
WD,Bobbi Oshiro,Layne Sleeth,7f36e416-0907-43b2-8ec4-e9533088e30f,55ed7e0a-ff2d-4ac2-aad6-b6772ef4f448,1.6653,0.05344,0.5548
WD,Etta Tuionetoa,Yana Newell,676b1cbc-766c-4616-bf39-1787ffd8c72a,655e0349-7e66-4233-b999-b6cca2298f9b,1.665,0.03202,0.5571
WD,Danni-Elle Townsend,Lea Jansen,2c4de762-88d6-47c3-8b2b-af562c5d1f93,7319013d-d511-4aa5-a356-4aa2cccf94f5,1.6645,0.01593,0.5588
WD,Mari Humberg,Milan Rane,b1ab7d76-a859-4136-8405-3ed7c9be287a,eb14fc6e-ede1-4999-bec3-e36695e7f94e,1.6641,0.01517,0.5585
WD,Danni-Elle Townsend,Roos Van Reek,2c4de762-88d6-47c3-8b2b-af562c5d1f93,4798e757-53f5-4e52-92aa-98172c8f7862,1.6637,0.03316,0.5559
WD,Sofia Sewing,Judit Castillo,b9bacc1e-29b5-4a92-a9c1-24e08ac72215,ec4cdfe2-c6f6-4de1-824e-9adcaeb31196,1.6636,0.02155,0.5573
WD,Lacy Schneemann,Layne Sleeth,a3ed7970-35d2-485c-8285-187c298a2d83,55ed7e0a-ff2d-4ac2-aad6-b6772ef4f448,1.6635,0.01744,0.5578
WD,Tina Pisnik,Kaitlyn Christian,f879086b-e0e5-4772-b0a6-4055c265da69,66a6c35b-33a2-4a23-b5db-fa53c96d643a,1.6633,0.01432,0.558
WD,Catherine Parenteau,Layne Sleeth,9b97206b-783a-4fab-85e9-45a6240325a5,55ed7e0a-ff2d-4ac2-aad6-b6772ef4f448,1.6632,0.01634,0.5577
WD,Chao Yi Wang,Yana Newell,20684550-cb89-4ea2-9e2f-0f44eb920b45,655e0349-7e66-4233-b999-b6cca2298f9b,1.6625,0.03197,0.5551
WD,Sofia Sewing,Lea Jansen,b9bacc1e-29b5-4a92-a9c1-24e08ac72215,7319013d-d511-4aa5-a356-4aa2cccf94f5,1.6609,0.01801,0.5555
WD,Vivienne David,Jillian Braverman,afc0bfc9-8cd8-4600-bd45-681092186db3,98c2531f-f5ce-48b5-b251-eb69425d409c,1.6609,0.07053,0.5497
WD,Jackie Kawamoto,Marianna Petrei,be33755f-9262-461b-aedd-e9a7a686a82c,12890797-7355-49ca-848e-56d67e33c4de,1.6607,0.03449,0.5533
WD,Tyra Hurricane Black,Marianna Petrei,fec65f7e-f2c8-482f-ab5b-541cf53b1064,12890797-7355-49ca-848e-56d67e33c4de,1.6602,0.03189,0.5532
WD,Sofia Sewing,Roos Van Reek,b9bacc1e-29b5-4a92-a9c1-24e08ac72215,4798e757-53f5-4e52-92aa-98172c8f7862,1.6601,0.03524,0.5527
WD,Danni-Elle Townsend,Shelby Bates,2c4de762-88d6-47c3-8b2b-af562c5d1f93,ded801fd-297a-4761-b63e-d8fbbfeb5762,1.659,0.03829,0.5514
WD,Danni-Elle Townsend,Zoey Weil,2c4de762-88d6-47c3-8b2b-af562c5d1f93,1d701c30-6b5d-485f-ae97-60f3b0c50896,1.6588,0.01728,0.5538
WD,Vivienne David,Alix Truong,afc0bfc9-8cd8-4600-bd45-681092186db3,646f7432-e6ad-4ccf-95ee-a0e5d9514d28,1.6583,0.02769,0.5521
WD,Ewa Radzikowska,Yana Newell,1d51becb-4ea0-4878-9660-e3fd2dfaa0ea,655e0349-7e66-4233-b999-b6cca2298f9b,1.6571,0.0401,0.5497
WD,Rachel Rohrabacher,Kaitlyn Christian,50908953-a944-4a34-898b-16af312bc814,66a6c35b-33a2-4a23-b5db-fa53c96d643a,1.6566,0.01399,0.5523
WD,Sahra Dennehy,Leigh Waters,051f5c82-82ce-4ab8-b4f8-36976638a89b,1bfba782-55f3-42e4-9889-9018e793c0b5,1.6565,0.03198,0.5501
WD,Jorja Johnson,Mary Brascia,b51ea0fb-c243-4427-85f8-b798febb51ff,1dd5c313-10f5-4e0a-bb9b-699913a5abe8,1.6563,0.02612,0.5506
WD,Sahra Dennehy,Allyce Jones,051f5c82-82ce-4ab8-b4f8-36976638a89b,efe9989b-5864-48c2-806c-06697024e1da,1.6555,0.01764,0.551
WD,Sofia Sewing,Shelby Bates,b9bacc1e-29b5-4a92-a9c1-24e08ac72215,ded801fd-297a-4761-b63e-d8fbbfeb5762,1.6554,0.04037,0.5483
WD,Sofia Sewing,Zoey Weil,b9bacc1e-29b5-4a92-a9c1-24e08ac72215,1d701c30-6b5d-485f-ae97-60f3b0c50896,1.6552,0.01936,0.5505
WD,Tina Pisnik,Cailyn Campbell,f879086b-e0e5-4772-b0a6-4055c265da69,9eff9049-c45c-42ee-9a49-e9a797cc2116,1.6551,0.0148,0.5509
WD,Kate Fahey,Marianna Petrei,3af01041-5679-400a-87b8-12c01db8cec4,12890797-7355-49ca-848e-56d67e33c4de,1.6546,0.03034,0.5487
WD,Leigh Waters,Allyce Jones,1bfba782-55f3-42e4-9889-9018e793c0b5,efe9989b-5864-48c2-806c-06697024e1da,1.6545,0.03018,0.5486
WD,Jorja Johnson,Christine Maddox,b51ea0fb-c243-4427-85f8-b798febb51ff,3ad652aa-3fdd-4e53-8f34-dfdedc3c1901,1.6543,0.05152,0.5464
WD,Mari Humberg,Allie Reichert,b1ab7d76-a859-4136-8405-3ed7c9be287a,dcd029fb-2814-401b-a1cb-0c4269d9954b,1.654,0.02659,0.5486
WD,Meghan Dizon,Yana Newell,8f521dcc-1cb5-4c8d-933c-af6b267bd395,655e0349-7e66-4233-b999-b6cca2298f9b,1.6535,0.03176,0.5477
WD,Mari Humberg,Isabella Dunlap,b1ab7d76-a859-4136-8405-3ed7c9be287a,719e2d3b-d10d-402d-a195-41f072214679,1.6534,0.01621,0.5493
WD,Vivienne David,Layne Sleeth,afc0bfc9-8cd8-4600-bd45-681092186db3,55ed7e0a-ff2d-4ac2-aad6-b6772ef4f448,1.6509,0.02916,0.5458
WD,Jackie Kawamoto,Callie Smith,be33755f-9262-461b-aedd-e9a7a686a82c,0c1bb94d-3af2-42f4-b938-d712c707ace4,1.6499,0.01841,0.5461
WD,Mari Humberg,Daria Walczak,b1ab7d76-a859-4136-8405-3ed7c9be287a,3e6b668a-8d26-4424-9420-3ceb18486b65,1.6496,0.02025,0.5457
WD,Tyra Hurricane Black,Callie Smith,fec65f7e-f2c8-482f-ab5b-541cf53b1064,0c1bb94d-3af2-42f4-b938-d712c707ace4,1.6495,0.01582,0.546
WD,Rachel Rohrabacher,Cailyn Campbell,50908953-a944-4a34-898b-16af312bc814,9eff9049-c45c-42ee-9a49-e9a797cc2116,1.6483,0.01447,0.5451
WD,Jorja Johnson,Kiora Kunimoto,b51ea0fb-c243-4427-85f8-b798febb51ff,a95df9a8-772c-4dbf-8c28-e200b7308584,1.6479,0.01632,0.5446
WD,Mari Humberg,Eugenia Carolina Lopez Ascarate,b1ab7d76-a859-4136-8405-3ed7c9be287a,577d1124-44c9-435d-88e9-01a146f2d177,1.6466,0.03449,0.5417
WD,Etta Tuionetoa,Jillian Braverman,676b1cbc-766c-4616-bf39-1787ffd8c72a,98c2531f-f5ce-48b5-b251-eb69425d409c,1.6466,0.05942,0.5396
WD,Danni-Elle Townsend,Genie Erokhina,2c4de762-88d6-47c3-8b2b-af562c5d1f93,461f063e-a587-4638-bad9-421ff33d91d7,1.6455,0.01688,0.5425
WD,Danni-Elle Townsend,Yufei Long,2c4de762-88d6-47c3-8b2b-af562c5d1f93,20945292-032a-47f1-93c5-d44ada6e4783,1.6454,0.03068,0.541
WD,Vivian Glozman,Ting Chieh Wei,ff789b9c-80c4-442c-b97e-2e2311298cfb,29e8121d-6f86-4192-b7af-ab05b77b89fe,1.644,0.03061,0.5399
WD,Chao Yi Wang,Jillian Braverman,20684550-cb89-4ea2-9e2f-0f44eb920b45,98c2531f-f5ce-48b5-b251-eb69425d409c,1.644,0.05937,0.5376
WD,Etta Tuionetoa,Alix Truong,676b1cbc-766c-4616-bf39-1787ffd8c72a,646f7432-e6ad-4ccf-95ee-a0e5d9514d28,1.644,0.01658,0.5412
WD,Kate Fahey,Callie Smith,3af01041-5679-400a-87b8-12c01db8cec4,0c1bb94d-3af2-42f4-b938-d712c707ace4,1.6438,0.01427,0.5413
WD,Mari Humberg,Judit Castillo,b1ab7d76-a859-4136-8405-3ed7c9be287a,ec4cdfe2-c6f6-4de1-824e-9adcaeb31196,1.6431,0.01879,0.5403
WD,Jade Kawamoto,Mary Brascia,6cae3a50-eee6-45ea-8b28-85ef9c50e3c4,1dd5c313-10f5-4e0a-bb9b-699913a5abe8,1.6422,0.02807,0.5387
WD,Sofia Sewing,Genie Erokhina,b9bacc1e-29b5-4a92-a9c1-24e08ac72215,461f063e-a587-4638-bad9-421ff33d91d7,1.6419,0.01897,0.5392
WD,Sofia Sewing,Yufei Long,b9bacc1e-29b5-4a92-a9c1-24e08ac72215,20945292-032a-47f1-93c5-d44ada6e4783,1.6418,0.03276,0.5379
WD,Chao Yi Wang,Alix Truong,20684550-cb89-4ea2-9e2f-0f44eb920b45,646f7432-e6ad-4ccf-95ee-a0e5d9514d28,1.6414,0.01652,0.539
WD,Mari Humberg,Lea Jansen,b1ab7d76-a859-4136-8405-3ed7c9be287a,7319013d-d511-4aa5-a356-4aa2cccf94f5,1.6404,0.01525,0.5383
WD,Danni-Elle Townsend,Liz Truluck,2c4de762-88d6-47c3-8b2b-af562c5d1f93,71992955-8b6f-470b-a991-796cfa56a826,1.6403,0.01695,0.538
WD,Jade Kawamoto,Christine Maddox,6cae3a50-eee6-45ea-8b28-85ef9c50e3c4,3ad652aa-3fdd-4e53-8f34-dfdedc3c1901,1.6402,0.05347,0.5351
WD,Mari Humberg,Roos Van Reek,b1ab7d76-a859-4136-8405-3ed7c9be287a,4798e757-53f5-4e52-92aa-98172c8f7862,1.6396,0.03248,0.5361
WD,Ewa Radzikowska,Jillian Braverman,1d51becb-4ea0-4878-9660-e3fd2dfaa0ea,98c2531f-f5ce-48b5-b251-eb69425d409c,1.6386,0.0675,0.5329
WD,Sahra Dennehy,Yana Newell,051f5c82-82ce-4ab8-b4f8-36976638a89b,655e0349-7e66-4233-b999-b6cca2298f9b,1.6381,0.03295,0.5349
WD,Leigh Waters,Yana Newell,1bfba782-55f3-42e4-9889-9018e793c0b5,655e0349-7e66-4233-b999-b6cca2298f9b,1.6371,0.04549,0.5331
WD,Sofia Sewing,Liz Truluck,b9bacc1e-29b5-4a92-a9c1-24e08ac72215,71992955-8b6f-470b-a991-796cfa56a826,1.6367,0.01903,0.5348
WD,Etta Tuionetoa,Layne Sleeth,676b1cbc-766c-4616-bf39-1787ffd8c72a,55ed7e0a-ff2d-4ac2-aad6-b6772ef4f448,1.6365,0.01805,0.5347
WD,Allyce Jones,Yana Newell,efe9989b-5864-48c2-806c-06697024e1da,655e0349-7e66-4233-b999-b6cca2298f9b,1.6364,0.03115,0.5336
WD,Ewa Radzikowska,Alix Truong,1d51becb-4ea0-4878-9660-e3fd2dfaa0ea,646f7432-e6ad-4ccf-95ee-a0e5d9514d28,1.636,0.02465,0.5338
WD,Meghan Dizon,Jillian Braverman,8f521dcc-1cb5-4c8d-933c-af6b267bd395,98c2531f-f5ce-48b5-b251-eb69425d409c,1.635,0.05916,0.5306
WD,Mari Humberg,Shelby Bates,b1ab7d76-a859-4136-8405-3ed7c9be287a,ded801fd-297a-4761-b63e-d8fbbfeb5762,1.6349,0.03761,0.5319
WD,Mari Humberg,Zoey Weil,b1ab7d76-a859-4136-8405-3ed7c9be287a,1d701c30-6b5d-485f-ae97-60f3b0c50896,1.6347,0.01661,0.5333
WD,Chao Yi Wang,Layne Sleeth,20684550-cb89-4ea2-9e2f-0f44eb920b45,55ed7e0a-ff2d-4ac2-aad6-b6772ef4f448,1.634,0.018,0.5326
WD,Vivian Glozman,Carlota Trevino,ff789b9c-80c4-442c-b97e-2e2311298cfb,70c18684-f615-4d05-9aa9-5cbdbd53ab9f,1.6339,0.03255,0.5314
WD,Jade Kawamoto,Kiora Kunimoto,6cae3a50-eee6-45ea-8b28-85ef9c50e3c4,a95df9a8-772c-4dbf-8c28-e200b7308584,1.6338,0.01827,0.5324
WD,Jackie Kawamoto,Kaitlyn Christian,be33755f-9262-461b-aedd-e9a7a686a82c,66a6c35b-33a2-4a23-b5db-fa53c96d643a,1.6329,0.0167,0.5317
WD,Tyra Hurricane Black,Kaitlyn Christian,fec65f7e-f2c8-482f-ab5b-541cf53b1064,66a6c35b-33a2-4a23-b5db-fa53c96d643a,1.6324,0.01411,0.5315
WD,Meghan Dizon,Alix Truong,8f521dcc-1cb5-4c8d-933c-af6b267bd395,646f7432-e6ad-4ccf-95ee-a0e5d9514d28,1.6324,0.01632,0.5314
WD,Vivian Glozman,Jessie Irvine,ff789b9c-80c4-442c-b97e-2e2311298cfb,8e2f9629-19d0-409d-81dc-b64fe2f3d3ff,1.632,0.02984,0.53
WD,Ewa Radzikowska,Layne Sleeth,1d51becb-4ea0-4878-9660-e3fd2dfaa0ea,55ed7e0a-ff2d-4ac2-aad6-b6772ef4f448,1.6286,0.02613,0.5274
WD,Parris Todd,Mary Brascia,1728d016-1f02-4789-be73-63d12d5a5b42,1dd5c313-10f5-4e0a-bb9b-699913a5abe8,1.6285,0.02694,0.5273
WD,Kate Fahey,Kaitlyn Christian,3af01041-5679-400a-87b8-12c01db8cec4,66a6c35b-33a2-4a23-b5db-fa53c96d643a,1.6268,0.01256,0.5268
WD,Parris Todd,Christine Maddox,1728d016-1f02-4789-be73-63d12d5a5b42,3ad652aa-3fdd-4e53-8f34-dfdedc3c1901,1.6265,0.05235,0.5243
WD,Meghan Dizon,Layne Sleeth,8f521dcc-1cb5-4c8d-933c-af6b267bd395,55ed7e0a-ff2d-4ac2-aad6-b6772ef4f448,1.625,0.01779,0.5249
WD,Jackie Kawamoto,Cailyn Campbell,be33755f-9262-461b-aedd-e9a7a686a82c,9eff9049-c45c-42ee-9a49-e9a797cc2116,1.6246,0.01718,0.5246
WD,Tyra Hurricane Black,Cailyn Campbell,fec65f7e-f2c8-482f-ab5b-541cf53b1064,9eff9049-c45c-42ee-9a49-e9a797cc2116,1.6242,0.01459,0.5244
WD,Bobbi Oshiro,Ting Chieh Wei,7f36e416-0907-43b2-8ec4-e9533088e30f,29e8121d-6f86-4192-b7af-ab05b77b89fe,1.6228,0.05188,0.5214
WD,Vivian Glozman,Maggie Brascia,ff789b9c-80c4-442c-b97e-2e2311298cfb,736475dd-7ccd-40d8-8b43-8c2d9ef9e674,1.6224,0.04021,0.5216
WD,Mari Humberg,Genie Erokhina,b1ab7d76-a859-4136-8405-3ed7c9be287a,461f063e-a587-4638-bad9-421ff33d91d7,1.6214,0.01621,0.5219
WD,Mari Humberg,Yufei Long,b1ab7d76-a859-4136-8405-3ed7c9be287a,20945292-032a-47f1-93c5-d44ada6e4783,1.6212,0.03,0.5211
WD,Lacy Schneemann,Ting Chieh Wei,a3ed7970-35d2-485c-8285-187c298a2d83,29e8121d-6f86-4192-b7af-ab05b77b89fe,1.6211,0.01588,0.5217
WD,Catherine Parenteau,Ting Chieh Wei,9b97206b-783a-4fab-85e9-45a6240325a5,29e8121d-6f86-4192-b7af-ab05b77b89fe,1.6208,0.01478,0.5214
WD,Parris Todd,Kiora Kunimoto,1728d016-1f02-4789-be73-63d12d5a5b42,a95df9a8-772c-4dbf-8c28-e200b7308584,1.6201,0.01715,0.5207
WD,Sahra Dennehy,Jillian Braverman,051f5c82-82ce-4ab8-b4f8-36976638a89b,98c2531f-f5ce-48b5-b251-eb69425d409c,1.6197,0.06035,0.5186
WD,Vivian Glozman,Lucy Kovalova,ff789b9c-80c4-442c-b97e-2e2311298cfb,504e8c08-caf6-4db8-b454-11ffa321261c,1.6189,0.03877,0.5188
WD,Leigh Waters,Jillian Braverman,1bfba782-55f3-42e4-9889-9018e793c0b5,98c2531f-f5ce-48b5-b251-eb69425d409c,1.6186,0.07289,0.5173
WD,Kate Fahey,Cailyn Campbell,3af01041-5679-400a-87b8-12c01db8cec4,9eff9049-c45c-42ee-9a49-e9a797cc2116,1.6185,0.01304,0.5196
WD,Allyce Jones,Jillian Braverman,efe9989b-5864-48c2-806c-06697024e1da,98c2531f-f5ce-48b5-b251-eb69425d409c,1.618,0.05855,0.5173
WD,Tina Pisnik,Mary Brascia,f879086b-e0e5-4772-b0a6-4055c265da69,1dd5c313-10f5-4e0a-bb9b-699913a5abe8,1.6174,0.02612,0.5181
WD,Sahra Dennehy,Alix Truong,051f5c82-82ce-4ab8-b4f8-36976638a89b,646f7432-e6ad-4ccf-95ee-a0e5d9514d28,1.6171,0.0175,0.5181
WD,Vivian Glozman,Samantha Parker,ff789b9c-80c4-442c-b97e-2e2311298cfb,6794d224-7da3-43d9-8300-e24e731f5dea,1.6169,0.03341,0.5173
WD,Mari Humberg,Liz Truluck,b1ab7d76-a859-4136-8405-3ed7c9be287a,71992955-8b6f-470b-a991-796cfa56a826,1.6162,0.01628,0.5174
WD,Leigh Waters,Alix Truong,1bfba782-55f3-42e4-9889-9018e793c0b5,646f7432-e6ad-4ccf-95ee-a0e5d9514d28,1.616,0.03004,0.5167
WD,Tina Pisnik,Christine Maddox,f879086b-e0e5-4772-b0a6-4055c265da69,3ad652aa-3fdd-4e53-8f34-dfdedc3c1901,1.6154,0.05152,0.5155
WD,Allyce Jones,Alix Truong,efe9989b-5864-48c2-806c-06697024e1da,646f7432-e6ad-4ccf-95ee-a0e5d9514d28,1.6154,0.0157,0.5167
WD,Vivian Glozman,Brooke Buckner,ff789b9c-80c4-442c-b97e-2e2311298cfb,06dc9b8a-5c01-49cf-bb4d-70d7b5f85acf,1.6131,0.03028,0.5143
WD,Bobbi Oshiro,Carlota Trevino,7f36e416-0907-43b2-8ec4-e9533088e30f,70c18684-f615-4d05-9aa9-5cbdbd53ab9f,1.6127,0.05381,0.5133
WD,Lacy Schneemann,Carlota Trevino,a3ed7970-35d2-485c-8285-187c298a2d83,70c18684-f615-4d05-9aa9-5cbdbd53ab9f,1.611,0.01781,0.5129
WD,Bobbi Oshiro,Jessie Irvine,7f36e416-0907-43b2-8ec4-e9533088e30f,8e2f9629-19d0-409d-81dc-b64fe2f3d3ff,1.6109,0.05111,0.5119
WD,Rachel Rohrabacher,Mary Brascia,50908953-a944-4a34-898b-16af312bc814,1dd5c313-10f5-4e0a-bb9b-699913a5abe8,1.6107,0.02579,0.5124
WD,Catherine Parenteau,Carlota Trevino,9b97206b-783a-4fab-85e9-45a6240325a5,70c18684-f615-4d05-9aa9-5cbdbd53ab9f,1.6107,0.01671,0.5127
WD,Vivian Glozman,Estee Widdershoven,ff789b9c-80c4-442c-b97e-2e2311298cfb,bf84d952-c6a8-4494-943d-064b223e764f,1.6101,0.03282,0.5117
WD,Sahra Dennehy,Layne Sleeth,051f5c82-82ce-4ab8-b4f8-36976638a89b,55ed7e0a-ff2d-4ac2-aad6-b6772ef4f448,1.6096,0.01898,0.5117
WD,Lacy Schneemann,Jessie Irvine,a3ed7970-35d2-485c-8285-187c298a2d83,8e2f9629-19d0-409d-81dc-b64fe2f3d3ff,1.6091,0.01511,0.5114
WD,Tina Pisnik,Kiora Kunimoto,f879086b-e0e5-4772-b0a6-4055c265da69,a95df9a8-772c-4dbf-8c28-e200b7308584,1.609,0.01632,0.5112
WD,Catherine Parenteau,Jessie Irvine,9b97206b-783a-4fab-85e9-45a6240325a5,8e2f9629-19d0-409d-81dc-b64fe2f3d3ff,1.6088,0.01401,0.5111
WD,Rachel Rohrabacher,Christine Maddox,50908953-a944-4a34-898b-16af312bc814,3ad652aa-3fdd-4e53-8f34-dfdedc3c1901,1.6086,0.05119,0.5101
WD,Leigh Waters,Layne Sleeth,1bfba782-55f3-42e4-9889-9018e793c0b5,55ed7e0a-ff2d-4ac2-aad6-b6772ef4f448,1.6086,0.03152,0.5105
WD,Vivienne David,Ting Chieh Wei,afc0bfc9-8cd8-4600-bd45-681092186db3,29e8121d-6f86-4192-b7af-ab05b77b89fe,1.6084,0.0276,0.5104
WD,Allyce Jones,Layne Sleeth,efe9989b-5864-48c2-806c-06697024e1da,55ed7e0a-ff2d-4ac2-aad6-b6772ef4f448,1.6079,0.01718,0.5102
WD,Vivian Glozman,Milan Rane,ff789b9c-80c4-442c-b97e-2e2311298cfb,eb14fc6e-ede1-4999-bec3-e36695e7f94e,1.6075,0.02915,0.5097
WD,Danni-Elle Townsend,Marianna Petrei,2c4de762-88d6-47c3-8b2b-af562c5d1f93,12890797-7355-49ca-848e-56d67e33c4de,1.6063,0.03405,0.5086
WD,Jillian Braverman,Yana Newell,98c2531f-f5ce-48b5-b251-eb69425d409c,655e0349-7e66-4233-b999-b6cca2298f9b,1.6059,0.07385,0.5076
WD,Yana Newell,Alix Truong,655e0349-7e66-4233-b999-b6cca2298f9b,646f7432-e6ad-4ccf-95ee-a0e5d9514d28,1.6033,0.03101,0.5061
WD,Sofia Sewing,Marianna Petrei,b9bacc1e-29b5-4a92-a9c1-24e08ac72215,12890797-7355-49ca-848e-56d67e33c4de,1.6027,0.03614,0.5056
WD,Rachel Rohrabacher,Kiora Kunimoto,50908953-a944-4a34-898b-16af312bc814,a95df9a8-772c-4dbf-8c28-e200b7308584,1.6023,0.01599,0.5054
WD,Bobbi Oshiro,Maggie Brascia,7f36e416-0907-43b2-8ec4-e9533088e30f,736475dd-7ccd-40d8-8b43-8c2d9ef9e674,1.6013,0.06148,0.5041
WD,Lacy Schneemann,Maggie Brascia,a3ed7970-35d2-485c-8285-187c298a2d83,736475dd-7ccd-40d8-8b43-8c2d9ef9e674,1.5996,0.02548,0.503
WD,Catherine Parenteau,Maggie Brascia,9b97206b-783a-4fab-85e9-45a6240325a5,736475dd-7ccd-40d8-8b43-8c2d9ef9e674,1.5992,0.02438,0.5028
WD,Vivienne David,Carlota Trevino,afc0bfc9-8cd8-4600-bd45-681092186db3,70c18684-f615-4d05-9aa9-5cbdbd53ab9f,1.5984,0.02953,0.502
WD,Bobbi Oshiro,Lucy Kovalova,7f36e416-0907-43b2-8ec4-e9533088e30f,504e8c08-caf6-4db8-b454-11ffa321261c,1.5977,0.06003,0.5014
WD,Vivian Glozman,Allie Reichert,ff789b9c-80c4-442c-b97e-2e2311298cfb,dcd029fb-2814-401b-a1cb-0c4269d9954b,1.5975,0.04056,0.5012
WD,Vivian Glozman,Isabella Dunlap,ff789b9c-80c4-442c-b97e-2e2311298cfb,719e2d3b-d10d-402d-a195-41f072214679,1.5969,0.03018,0.5008
WD,Vivienne David,Jessie Irvine,afc0bfc9-8cd8-4600-bd45-681092186db3,8e2f9629-19d0-409d-81dc-b64fe2f3d3ff,1.5965,0.02683,0.5004
WD,Lacy Schneemann,Lucy Kovalova,a3ed7970-35d2-485c-8285-187c298a2d83,504e8c08-caf6-4db8-b454-11ffa321261c,1.596,0.02404,0.5
WD,Layne Sleeth,Yana Newell,55ed7e0a-ff2d-4ac2-aad6-b6772ef4f448,655e0349-7e66-4233-b999-b6cca2298f9b,1.5959,0.03248,0.4999
WD,Catherine Parenteau,Lucy Kovalova,9b97206b-783a-4fab-85e9-45a6240325a5,504e8c08-caf6-4db8-b454-11ffa321261c,1.5957,0.02294,0.4998
WD,Bobbi Oshiro,Samantha Parker,7f36e416-0907-43b2-8ec4-e9533088e30f,6794d224-7da3-43d9-8300-e24e731f5dea,1.5957,0.05467,0.4998
WD,Danni-Elle Townsend,Callie Smith,2c4de762-88d6-47c3-8b2b-af562c5d1f93,0c1bb94d-3af2-42f4-b938-d712c707ace4,1.5956,0.01798,0.4997
WD,Lacy Schneemann,Samantha Parker,a3ed7970-35d2-485c-8285-187c298a2d83,6794d224-7da3-43d9-8300-e24e731f5dea,1.594,0.01868,0.4983
WD,Etta Tuionetoa,Ting Chieh Wei,676b1cbc-766c-4616-bf39-1787ffd8c72a,29e8121d-6f86-4192-b7af-ab05b77b89fe,1.594,0.01649,0.4984
WD,Catherine Parenteau,Samantha Parker,9b97206b-783a-4fab-85e9-45a6240325a5,6794d224-7da3-43d9-8300-e24e731f5dea,1.5937,0.01758,0.498
WD,Vivian Glozman,Daria Walczak,ff789b9c-80c4-442c-b97e-2e2311298cfb,3e6b668a-8d26-4424-9420-3ceb18486b65,1.5931,0.03422,0.4976
WD,Sofia Sewing,Callie Smith,b9bacc1e-29b5-4a92-a9c1-24e08ac72215,0c1bb94d-3af2-42f4-b938-d712c707ace4,1.592,0.02006,0.4966
WD,Bobbi Oshiro,Brooke Buckner,7f36e416-0907-43b2-8ec4-e9533088e30f,06dc9b8a-5c01-49cf-bb4d-70d7b5f85acf,1.5919,0.05155,0.4968
WD,Chao Yi Wang,Ting Chieh Wei,20684550-cb89-4ea2-9e2f-0f44eb920b45,29e8121d-6f86-4192-b7af-ab05b77b89fe,1.5915,0.01643,0.4962
WD,Jillian Braverman,Alix Truong,98c2531f-f5ce-48b5-b251-eb69425d409c,646f7432-e6ad-4ccf-95ee-a0e5d9514d28,1.5906,0.0584,0.4958
WD,Lacy Schneemann,Brooke Buckner,a3ed7970-35d2-485c-8285-187c298a2d83,06dc9b8a-5c01-49cf-bb4d-70d7b5f85acf,1.5902,0.01555,0.4951
WD,Vivian Glozman,Eugenia Carolina Lopez Ascarate,ff789b9c-80c4-442c-b97e-2e2311298cfb,577d1124-44c9-435d-88e9-01a146f2d177,1.59,0.04846,0.4953
WD,Catherine Parenteau,Brooke Buckner,9b97206b-783a-4fab-85e9-45a6240325a5,06dc9b8a-5c01-49cf-bb4d-70d7b5f85acf,1.5899,0.01445,0.4948
WD,Bobbi Oshiro,Estee Widdershoven,7f36e416-0907-43b2-8ec4-e9533088e30f,bf84d952-c6a8-4494-943d-064b223e764f,1.589,0.05408,0.4945
WD,Lacy Schneemann,Estee Widdershoven,a3ed7970-35d2-485c-8285-187c298a2d83,bf84d952-c6a8-4494-943d-064b223e764f,1.5873,0.01809,0.4926
WD,Jackie Kawamoto,Mary Brascia,be33755f-9262-461b-aedd-e9a7a686a82c,1dd5c313-10f5-4e0a-bb9b-699913a5abe8,1.587,0.0285,0.4925
WD,Catherine Parenteau,Estee Widdershoven,9b97206b-783a-4fab-85e9-45a6240325a5,bf84d952-c6a8-4494-943d-064b223e764f,1.5869,0.01699,0.4923
WD,Vivienne David,Maggie Brascia,afc0bfc9-8cd8-4600-bd45-681092186db3,736475dd-7ccd-40d8-8b43-8c2d9ef9e674,1.5869,0.0372,0.4926
WD,Tyra Hurricane Black,Mary Brascia,fec65f7e-f2c8-482f-ab5b-541cf53b1064,1dd5c313-10f5-4e0a-bb9b-699913a5abe8,1.5866,0.02591,0.4921
WD,Vivian Glozman,Judit Castillo,ff789b9c-80c4-442c-b97e-2e2311298cfb,ec4cdfe2-c6f6-4de1-824e-9adcaeb31196,1.5866,0.03276,0.4922
WD,Bobbi Oshiro,Milan Rane,7f36e416-0907-43b2-8ec4-e9533088e30f,eb14fc6e-ede1-4999-bec3-e36695e7f94e,1.5864,0.05041,0.4923
WD,Ewa Radzikowska,Ting Chieh Wei,1d51becb-4ea0-4878-9660-e3fd2dfaa0ea,29e8121d-6f86-4192-b7af-ab05b77b89fe,1.5861,0.02457,0.4917
WD,Jackie Kawamoto,Christine Maddox,be33755f-9262-461b-aedd-e9a7a686a82c,3ad652aa-3fdd-4e53-8f34-dfdedc3c1901,1.585,0.05391,0.4913
WD,Lacy Schneemann,Milan Rane,a3ed7970-35d2-485c-8285-187c298a2d83,eb14fc6e-ede1-4999-bec3-e36695e7f94e,1.5846,0.01442,0.4902
WD,Tyra Hurricane Black,Christine Maddox,fec65f7e-f2c8-482f-ab5b-541cf53b1064,3ad652aa-3fdd-4e53-8f34-dfdedc3c1901,1.5845,0.05131,0.4909
WD,Catherine Parenteau,Milan Rane,9b97206b-783a-4fab-85e9-45a6240325a5,eb14fc6e-ede1-4999-bec3-e36695e7f94e,1.5843,0.01331,0.4899
WD,Etta Tuionetoa,Carlota Trevino,676b1cbc-766c-4616-bf39-1787ffd8c72a,70c18684-f615-4d05-9aa9-5cbdbd53ab9f,1.584,0.01842,0.4898
WD,Vivian Glozman,Lea Jansen,ff789b9c-80c4-442c-b97e-2e2311298cfb,7319013d-d511-4aa5-a356-4aa2cccf94f5,1.5839,0.02923,0.4899
WD,Vivienne David,Lucy Kovalova,afc0bfc9-8cd8-4600-bd45-681092186db3,504e8c08-caf6-4db8-b454-11ffa321261c,1.5833,0.03576,0.4896
WD,Jillian Braverman,Layne Sleeth,98c2531f-f5ce-48b5-b251-eb69425d409c,55ed7e0a-ff2d-4ac2-aad6-b6772ef4f448,1.5831,0.05988,0.49
WD,Vivian Glozman,Roos Van Reek,ff789b9c-80c4-442c-b97e-2e2311298cfb,4798e757-53f5-4e52-92aa-98172c8f7862,1.583,0.04645,0.4896
WD,Meghan Dizon,Ting Chieh Wei,8f521dcc-1cb5-4c8d-933c-af6b267bd395,29e8121d-6f86-4192-b7af-ab05b77b89fe,1.5825,0.01623,0.4884
WD,Mari Humberg,Marianna Petrei,b1ab7d76-a859-4136-8405-3ed7c9be287a,12890797-7355-49ca-848e-56d67e33c4de,1.5822,0.03338,0.4886
WD,Etta Tuionetoa,Jessie Irvine,676b1cbc-766c-4616-bf39-1787ffd8c72a,8e2f9629-19d0-409d-81dc-b64fe2f3d3ff,1.5821,0.01572,0.4881
WD,Chao Yi Wang,Carlota Trevino,20684550-cb89-4ea2-9e2f-0f44eb920b45,70c18684-f615-4d05-9aa9-5cbdbd53ab9f,1.5814,0.01837,0.4876
WD,Vivienne David,Samantha Parker,afc0bfc9-8cd8-4600-bd45-681092186db3,6794d224-7da3-43d9-8300-e24e731f5dea,1.5813,0.03039,0.4878
WD,Layne Sleeth,Alix Truong,55ed7e0a-ff2d-4ac2-aad6-b6772ef4f448,646f7432-e6ad-4ccf-95ee-a0e5d9514d28,1.5813,0.01703,0.4875
WD,Kate Fahey,Mary Brascia,3af01041-5679-400a-87b8-12c01db8cec4,1dd5c313-10f5-4e0a-bb9b-699913a5abe8,1.5809,0.02436,0.4873
WD,Chao Yi Wang,Jessie Irvine,20684550-cb89-4ea2-9e2f-0f44eb920b45,8e2f9629-19d0-409d-81dc-b64fe2f3d3ff,1.5796,0.01566,0.4859
WD,Kate Fahey,Christine Maddox,3af01041-5679-400a-87b8-12c01db8cec4,3ad652aa-3fdd-4e53-8f34-dfdedc3c1901,1.5789,0.04976,0.4864
WD,Jackie Kawamoto,Kiora Kunimoto,be33755f-9262-461b-aedd-e9a7a686a82c,a95df9a8-772c-4dbf-8c28-e200b7308584,1.5786,0.01871,0.4851
WD,Danni-Elle Townsend,Kaitlyn Christian,2c4de762-88d6-47c3-8b2b-af562c5d1f93,66a6c35b-33a2-4a23-b5db-fa53c96d643a,1.5785,0.01627,0.485
WD,Vivian Glozman,Shelby Bates,ff789b9c-80c4-442c-b97e-2e2311298cfb,ded801fd-297a-4761-b63e-d8fbbfeb5762,1.5783,0.05158,0.4859
WD,Tyra Hurricane Black,Kiora Kunimoto,fec65f7e-f2c8-482f-ab5b-541cf53b1064,a95df9a8-772c-4dbf-8c28-e200b7308584,1.5782,0.01611,0.4847
WD,Vivian Glozman,Zoey Weil,ff789b9c-80c4-442c-b97e-2e2311298cfb,1d701c30-6b5d-485f-ae97-60f3b0c50896,1.5782,0.03058,0.4852
WD,Vivienne David,Brooke Buckner,afc0bfc9-8cd8-4600-bd45-681092186db3,06dc9b8a-5c01-49cf-bb4d-70d7b5f85acf,1.5775,0.02727,0.4846
WD,Bobbi Oshiro,Allie Reichert,7f36e416-0907-43b2-8ec4-e9533088e30f,dcd029fb-2814-401b-a1cb-0c4269d9954b,1.5763,0.06182,0.4847
WD,Ewa Radzikowska,Carlota Trevino,1d51becb-4ea0-4878-9660-e3fd2dfaa0ea,70c18684-f615-4d05-9aa9-5cbdbd53ab9f,1.5761,0.0265,0.4833
WD,Bobbi Oshiro,Isabella Dunlap,7f36e416-0907-43b2-8ec4-e9533088e30f,719e2d3b-d10d-402d-a195-41f072214679,1.5757,0.05144,0.4838
WD,Sofia Sewing,Kaitlyn Christian,b9bacc1e-29b5-4a92-a9c1-24e08ac72215,66a6c35b-33a2-4a23-b5db-fa53c96d643a,1.5749,0.01835,0.482
WD,Lacy Schneemann,Allie Reichert,a3ed7970-35d2-485c-8285-187c298a2d83,dcd029fb-2814-401b-a1cb-0c4269d9954b,1.5746,0.02583,0.482
WD,Vivienne David,Estee Widdershoven,afc0bfc9-8cd8-4600-bd45-681092186db3,bf84d952-c6a8-4494-943d-064b223e764f,1.5746,0.02981,0.4822
WD,Catherine Parenteau,Allie Reichert,9b97206b-783a-4fab-85e9-45a6240325a5,dcd029fb-2814-401b-a1cb-0c4269d9954b,1.5743,0.02473,0.4817
WD,Ewa Radzikowska,Jessie Irvine,1d51becb-4ea0-4878-9660-e3fd2dfaa0ea,8e2f9629-19d0-409d-81dc-b64fe2f3d3ff,1.5742,0.0238,0.4816
WD,Lacy Schneemann,Isabella Dunlap,a3ed7970-35d2-485c-8285-187c298a2d83,719e2d3b-d10d-402d-a195-41f072214679,1.574,0.01545,0.4811
WD,Catherine Parenteau,Isabella Dunlap,9b97206b-783a-4fab-85e9-45a6240325a5,719e2d3b-d10d-402d-a195-41f072214679,1.5737,0.01435,0.4807
WD,Kate Fahey,Kiora Kunimoto,3af01041-5679-400a-87b8-12c01db8cec4,a95df9a8-772c-4dbf-8c28-e200b7308584,1.5725,0.01456,0.4797
WD,Etta Tuionetoa,Maggie Brascia,676b1cbc-766c-4616-bf39-1787ffd8c72a,736475dd-7ccd-40d8-8b43-8c2d9ef9e674,1.5725,0.02609,0.4803
WD,Meghan Dizon,Carlota Trevino,8f521dcc-1cb5-4c8d-933c-af6b267bd395,70c18684-f615-4d05-9aa9-5cbdbd53ab9f,1.5725,0.01816,0.4799
WD,Vivienne David,Milan Rane,afc0bfc9-8cd8-4600-bd45-681092186db3,eb14fc6e-ede1-4999-bec3-e36695e7f94e,1.572,0.02613,0.4798
WD,Bobbi Oshiro,Daria Walczak,7f36e416-0907-43b2-8ec4-e9533088e30f,3e6b668a-8d26-4424-9420-3ceb18486b65,1.5719,0.05548,0.481
WD,Mari Humberg,Callie Smith,b1ab7d76-a859-4136-8405-3ed7c9be287a,0c1bb94d-3af2-42f4-b938-d712c707ace4,1.5714,0.0173,0.479
WD,Meghan Dizon,Jessie Irvine,8f521dcc-1cb5-4c8d-933c-af6b267bd395,8e2f9629-19d0-409d-81dc-b64fe2f3d3ff,1.5706,0.01546,0.4781
WD,Danni-Elle Townsend,Cailyn Campbell,2c4de762-88d6-47c3-8b2b-af562c5d1f93,9eff9049-c45c-42ee-9a49-e9a797cc2116,1.5702,0.01675,0.4779
WD,Lacy Schneemann,Daria Walczak,a3ed7970-35d2-485c-8285-187c298a2d83,3e6b668a-8d26-4424-9420-3ceb18486b65,1.5702,0.01949,0.478
WD,Chao Yi Wang,Maggie Brascia,20684550-cb89-4ea2-9e2f-0f44eb920b45,736475dd-7ccd-40d8-8b43-8c2d9ef9e674,1.57,0.02603,0.4781
WD,Catherine Parenteau,Daria Walczak,9b97206b-783a-4fab-85e9-45a6240325a5,3e6b668a-8d26-4424-9420-3ceb18486b65,1.5699,0.01839,0.4777
WD,Etta Tuionetoa,Lucy Kovalova,676b1cbc-766c-4616-bf39-1787ffd8c72a,504e8c08-caf6-4db8-b454-11ffa321261c,1.569,0.02465,0.4772
WD,Bobbi Oshiro,Eugenia Carolina Lopez Ascarate,7f36e416-0907-43b2-8ec4-e9533088e30f,577d1124-44c9-435d-88e9-01a146f2d177,1.5689,0.06972,0.4792
WD,Sahra Dennehy,Ting Chieh Wei,051f5c82-82ce-4ab8-b4f8-36976638a89b,29e8121d-6f86-4192-b7af-ab05b77b89fe,1.5672,0.01741,0.4753
WD,Lacy Schneemann,Eugenia Carolina Lopez Ascarate,a3ed7970-35d2-485c-8285-187c298a2d83,577d1124-44c9-435d-88e9-01a146f2d177,1.5671,0.03373,0.4762
WD,Etta Tuionetoa,Samantha Parker,676b1cbc-766c-4616-bf39-1787ffd8c72a,6794d224-7da3-43d9-8300-e24e731f5dea,1.5669,0.01928,0.4752
WD,Catherine Parenteau,Eugenia Carolina Lopez Ascarate,9b97206b-783a-4fab-85e9-45a6240325a5,577d1124-44c9-435d-88e9-01a146f2d177,1.5668,0.03263,0.4759
WD,Sofia Sewing,Cailyn Campbell,b9bacc1e-29b5-4a92-a9c1-24e08ac72215,9eff9049-c45c-42ee-9a49-e9a797cc2116,1.5666,0.01883,0.4749
WD,Chao Yi Wang,Lucy Kovalova,20684550-cb89-4ea2-9e2f-0f44eb920b45,504e8c08-caf6-4db8-b454-11ffa321261c,1.5664,0.02459,0.4751
WD,Leigh Waters,Ting Chieh Wei,1bfba782-55f3-42e4-9889-9018e793c0b5,29e8121d-6f86-4192-b7af-ab05b77b89fe,1.5661,0.02995,0.4751
WD,Bobbi Oshiro,Judit Castillo,7f36e416-0907-43b2-8ec4-e9533088e30f,ec4cdfe2-c6f6-4de1-824e-9adcaeb31196,1.5654,0.05402,0.4758
WD,Allyce Jones,Ting Chieh Wei,efe9989b-5864-48c2-806c-06697024e1da,29e8121d-6f86-4192-b7af-ab05b77b89fe,1.5654,0.01561,0.4737
WD,Vivian Glozman,Genie Erokhina,ff789b9c-80c4-442c-b97e-2e2311298cfb,461f063e-a587-4638-bad9-421ff33d91d7,1.5648,0.03018,0.4741
WD,Vivian Glozman,Yufei Long,ff789b9c-80c4-442c-b97e-2e2311298cfb,20945292-032a-47f1-93c5-d44ada6e4783,1.5647,0.04398,0.4747
WD,Ewa Radzikowska,Maggie Brascia,1d51becb-4ea0-4878-9660-e3fd2dfaa0ea,736475dd-7ccd-40d8-8b43-8c2d9ef9e674,1.5646,0.03417,0.4741
WD,Chao Yi Wang,Samantha Parker,20684550-cb89-4ea2-9e2f-0f44eb920b45,6794d224-7da3-43d9-8300-e24e731f5dea,1.5644,0.01923,0.4731
WD,Lacy Schneemann,Judit Castillo,a3ed7970-35d2-485c-8285-187c298a2d83,ec4cdfe2-c6f6-4de1-824e-9adcaeb31196,1.5637,0.01803,0.4724
WD,Catherine Parenteau,Judit Castillo,9b97206b-783a-4fab-85e9-45a6240325a5,ec4cdfe2-c6f6-4de1-824e-9adcaeb31196,1.5634,0.01693,0.472
WD,Etta Tuionetoa,Brooke Buckner,676b1cbc-766c-4616-bf39-1787ffd8c72a,06dc9b8a-5c01-49cf-bb4d-70d7b5f85acf,1.5632,0.01616,0.4718
WD,Bobbi Oshiro,Lea Jansen,7f36e416-0907-43b2-8ec4-e9533088e30f,7319013d-d511-4aa5-a356-4aa2cccf94f5,1.5627,0.05049,0.4734
WD,Bobbi Oshiro,Roos Van Reek,7f36e416-0907-43b2-8ec4-e9533088e30f,4798e757-53f5-4e52-92aa-98172c8f7862,1.5619,0.06772,0.4737
WD,Vivienne David,Allie Reichert,afc0bfc9-8cd8-4600-bd45-681092186db3,dcd029fb-2814-401b-a1cb-0c4269d9954b,1.5619,0.03755,0.4721
WD,Vivienne David,Isabella Dunlap,afc0bfc9-8cd8-4600-bd45-681092186db3,719e2d3b-d10d-402d-a195-41f072214679,1.5613,0.02717,0.471
WD,Lacy Schneemann,Lea Jansen,a3ed7970-35d2-485c-8285-187c298a2d83,7319013d-d511-4aa5-a356-4aa2cccf94f5,1.561,0.01449,0.4698
WD,Ewa Radzikowska,Lucy Kovalova,1d51becb-4ea0-4878-9660-e3fd2dfaa0ea,504e8c08-caf6-4db8-b454-11ffa321261c,1.561,0.03272,0.4711
WD,Meghan Dizon,Maggie Brascia,8f521dcc-1cb5-4c8d-933c-af6b267bd395,736475dd-7ccd-40d8-8b43-8c2d9ef9e674,1.561,0.02583,0.4706
WD,Catherine Parenteau,Lea Jansen,9b97206b-783a-4fab-85e9-45a6240325a5,7319013d-d511-4aa5-a356-4aa2cccf94f5,1.5607,0.01339,0.4694
WD,Chao Yi Wang,Brooke Buckner,20684550-cb89-4ea2-9e2f-0f44eb920b45,06dc9b8a-5c01-49cf-bb4d-70d7b5f85acf,1.5606,0.0161,0.4696
WD,Lacy Schneemann,Roos Van Reek,a3ed7970-35d2-485c-8285-187c298a2d83,4798e757-53f5-4e52-92aa-98172c8f7862,1.5602,0.03172,0.4703
WD,Etta Tuionetoa,Estee Widdershoven,676b1cbc-766c-4616-bf39-1787ffd8c72a,bf84d952-c6a8-4494-943d-064b223e764f,1.5602,0.0187,0.4694
WD,Catherine Parenteau,Roos Van Reek,9b97206b-783a-4fab-85e9-45a6240325a5,4798e757-53f5-4e52-92aa-98172c8f7862,1.5598,0.03062,0.47
WD,Vivian Glozman,Liz Truluck,ff789b9c-80c4-442c-b97e-2e2311298cfb,71992955-8b6f-470b-a991-796cfa56a826,1.5596,0.03025,0.4698
WD,Ewa Radzikowska,Samantha Parker,1d51becb-4ea0-4878-9660-e3fd2dfaa0ea,6794d224-7da3-43d9-8300-e24e731f5dea,1.559,0.02736,0.4691
WD,Jorja Johnson,Katerina Stewart,b51ea0fb-c243-4427-85f8-b798febb51ff,3cec5850-24e2-44e3-96bc-ee87aa34581d,1.5583,0.02636,0.4684
WD,Chao Yi Wang,Estee Widdershoven,20684550-cb89-4ea2-9e2f-0f44eb920b45,bf84d952-c6a8-4494-943d-064b223e764f,1.5577,0.01864,0.4673
WD,Vivienne David,Daria Walczak,afc0bfc9-8cd8-4600-bd45-681092186db3,3e6b668a-8d26-4424-9420-3ceb18486b65,1.5576,0.03121,0.4681
WD,Etta Tuionetoa,Milan Rane,676b1cbc-766c-4616-bf39-1787ffd8c72a,eb14fc6e-ede1-4999-bec3-e36695e7f94e,1.5576,0.01502,0.4669
WD,Meghan Dizon,Lucy Kovalova,8f521dcc-1cb5-4c8d-933c-af6b267bd395,504e8c08-caf6-4db8-b454-11ffa321261c,1.5574,0.02439,0.4675
WD,Bobbi Oshiro,Shelby Bates,7f36e416-0907-43b2-8ec4-e9533088e30f,ded801fd-297a-4761-b63e-d8fbbfeb5762,1.5571,0.07285,0.4704
WD,Sahra Dennehy,Carlota Trevino,051f5c82-82ce-4ab8-b4f8-36976638a89b,70c18684-f615-4d05-9aa9-5cbdbd53ab9f,1.5571,0.01935,0.4668
WD,Bobbi Oshiro,Zoey Weil,7f36e416-0907-43b2-8ec4-e9533088e30f,1d701c30-6b5d-485f-ae97-60f3b0c50896,1.557,0.05184,0.469
WD,Leigh Waters,Carlota Trevino,1bfba782-55f3-42e4-9889-9018e793c0b5,70c18684-f615-4d05-9aa9-5cbdbd53ab9f,1.556,0.03188,0.4669
WD,Lacy Schneemann,Shelby Bates,a3ed7970-35d2-485c-8285-187c298a2d83,ded801fd-297a-4761-b63e-d8fbbfeb5762,1.5554,0.03685,0.4668
WD,Meghan Dizon,Samantha Parker,8f521dcc-1cb5-4c8d-933c-af6b267bd395,6794d224-7da3-43d9-8300-e24e731f5dea,1.5554,0.01902,0.4654
WD,Allyce Jones,Carlota Trevino,efe9989b-5864-48c2-806c-06697024e1da,70c18684-f615-4d05-9aa9-5cbdbd53ab9f,1.5554,0.01754,0.4652
WD,Lacy Schneemann,Zoey Weil,a3ed7970-35d2-485c-8285-187c298a2d83,1d701c30-6b5d-485f-ae97-60f3b0c50896,1.5553,0.01585,0.465
WD,Sahra Dennehy,Jessie Irvine,051f5c82-82ce-4ab8-b4f8-36976638a89b,8e2f9629-19d0-409d-81dc-b64fe2f3d3ff,1.5552,0.01664,0.465
WD,Ewa Radzikowska,Brooke Buckner,1d51becb-4ea0-4878-9660-e3fd2dfaa0ea,06dc9b8a-5c01-49cf-bb4d-70d7b5f85acf,1.5552,0.02424,0.4656
WD,Catherine Parenteau,Shelby Bates,9b97206b-783a-4fab-85e9-45a6240325a5,ded801fd-297a-4761-b63e-d8fbbfeb5762,1.5551,0.03575,0.4664
WD,Chao Yi Wang,Milan Rane,20684550-cb89-4ea2-9e2f-0f44eb920b45,eb14fc6e-ede1-4999-bec3-e36695e7f94e,1.5551,0.01497,0.4648
WD,Catherine Parenteau,Zoey Weil,9b97206b-783a-4fab-85e9-45a6240325a5,1d701c30-6b5d-485f-ae97-60f3b0c50896,1.555,0.01475,0.4647
WD,Vivienne David,Eugenia Carolina Lopez Ascarate,afc0bfc9-8cd8-4600-bd45-681092186db3,577d1124-44c9-435d-88e9-01a146f2d177,1.5545,0.04545,0.4666
WD,Mari Humberg,Kaitlyn Christian,b1ab7d76-a859-4136-8405-3ed7c9be287a,66a6c35b-33a2-4a23-b5db-fa53c96d643a,1.5544,0.01559,0.4643
WD,Leigh Waters,Jessie Irvine,1bfba782-55f3-42e4-9889-9018e793c0b5,8e2f9629-19d0-409d-81dc-b64fe2f3d3ff,1.5541,0.02918,0.4651
WD,Allyce Jones,Jessie Irvine,efe9989b-5864-48c2-806c-06697024e1da,8e2f9629-19d0-409d-81dc-b64fe2f3d3ff,1.5535,0.01484,0.4634
WD,Yana Newell,Ting Chieh Wei,655e0349-7e66-4233-b999-b6cca2298f9b,29e8121d-6f86-4192-b7af-ab05b77b89fe,1.5534,0.03092,0.4647
WD,Ewa Radzikowska,Estee Widdershoven,1d51becb-4ea0-4878-9660-e3fd2dfaa0ea,bf84d952-c6a8-4494-943d-064b223e764f,1.5523,0.02677,0.4634
WD,Meghan Dizon,Brooke Buckner,8f521dcc-1cb5-4c8d-933c-af6b267bd395,06dc9b8a-5c01-49cf-bb4d-70d7b5f85acf,1.5516,0.0159,0.4619
WD,Vivienne David,Judit Castillo,afc0bfc9-8cd8-4600-bd45-681092186db3,ec4cdfe2-c6f6-4de1-824e-9adcaeb31196,1.551,0.02975,0.4626
WD,Ewa Radzikowska,Milan Rane,1d51becb-4ea0-4878-9660-e3fd2dfaa0ea,eb14fc6e-ede1-4999-bec3-e36695e7f94e,1.5497,0.0231,0.4609
WD,Meghan Dizon,Estee Widdershoven,8f521dcc-1cb5-4c8d-933c-af6b267bd395,bf84d952-c6a8-4494-943d-064b223e764f,1.5487,0.01844,0.4596
WD,Vivienne David,Lea Jansen,afc0bfc9-8cd8-4600-bd45-681092186db3,7319013d-d511-4aa5-a356-4aa2cccf94f5,1.5483,0.02621,0.46
WD,Vivienne David,Roos Van Reek,afc0bfc9-8cd8-4600-bd45-681092186db3,4798e757-53f5-4e52-92aa-98172c8f7862,1.5475,0.04344,0.4608
WD,Etta Tuionetoa,Allie Reichert,676b1cbc-766c-4616-bf39-1787ffd8c72a,dcd029fb-2814-401b-a1cb-0c4269d9954b,1.5475,0.02643,0.4594
WD,Etta Tuionetoa,Isabella Dunlap,676b1cbc-766c-4616-bf39-1787ffd8c72a,719e2d3b-d10d-402d-a195-41f072214679,1.547,0.01606,0.4579
WD,Mari Humberg,Cailyn Campbell,b1ab7d76-a859-4136-8405-3ed7c9be287a,9eff9049-c45c-42ee-9a49-e9a797cc2116,1.5461,0.01607,0.4572
WD,Meghan Dizon,Milan Rane,8f521dcc-1cb5-4c8d-933c-af6b267bd395,eb14fc6e-ede1-4999-bec3-e36695e7f94e,1.5461,0.01476,0.457
WD,Jorja Johnson,Seone Mendez,b51ea0fb-c243-4427-85f8-b798febb51ff,0d14405e-2e45-4dcb-8fb7-73558c261b4f,1.5458,0.04328,0.4595
WD,Sahra Dennehy,Maggie Brascia,051f5c82-82ce-4ab8-b4f8-36976638a89b,736475dd-7ccd-40d8-8b43-8c2d9ef9e674,1.5456,0.02701,0.4578
WD,Chao Yi Wang,Allie Reichert,20684550-cb89-4ea2-9e2f-0f44eb920b45,dcd029fb-2814-401b-a1cb-0c4269d9954b,1.545,0.02638,0.4573
WD,Leigh Waters,Maggie Brascia,1bfba782-55f3-42e4-9889-9018e793c0b5,736475dd-7ccd-40d8-8b43-8c2d9ef9e674,1.5446,0.03955,0.4581
WD,Chao Yi Wang,Isabella Dunlap,20684550-cb89-4ea2-9e2f-0f44eb920b45,719e2d3b-d10d-402d-a195-41f072214679,1.5444,0.016,0.4557
WD,Jade Kawamoto,Katerina Stewart,6cae3a50-eee6-45ea-8b28-85ef9c50e3c4,3cec5850-24e2-44e3-96bc-ee87aa34581d,1.5441,0.02831,0.4567
WD,Allyce Jones,Maggie Brascia,efe9989b-5864-48c2-806c-06697024e1da,736475dd-7ccd-40d8-8b43-8c2d9ef9e674,1.5439,0.02521,0.4562
WD,Bobbi Oshiro,Genie Erokhina,7f36e416-0907-43b2-8ec4-e9533088e30f,461f063e-a587-4638-bad9-421ff33d91d7,1.5437,0.05144,0.4584
WD,Bobbi Oshiro,Yufei Long,7f36e416-0907-43b2-8ec4-e9533088e30f,20945292-032a-47f1-93c5-d44ada6e4783,1.5435,0.06524,0.4594
WD,Yana Newell,Carlota Trevino,655e0349-7e66-4233-b999-b6cca2298f9b,70c18684-f615-4d05-9aa9-5cbdbd53ab9f,1.5434,0.03285,0.4565
WD,Etta Tuionetoa,Daria Walczak,676b1cbc-766c-4616-bf39-1787ffd8c72a,3e6b668a-8d26-4424-9420-3ceb18486b65,1.5432,0.0201,0.4551
WD,Vivienne David,Shelby Bates,afc0bfc9-8cd8-4600-bd45-681092186db3,ded801fd-297a-4761-b63e-d8fbbfeb5762,1.5428,0.04857,0.4574
WD,Vivienne David,Zoey Weil,afc0bfc9-8cd8-4600-bd45-681092186db3,1d701c30-6b5d-485f-ae97-60f3b0c50896,1.5426,0.02757,0.4554
WD,Sahra Dennehy,Lucy Kovalova,051f5c82-82ce-4ab8-b4f8-36976638a89b,504e8c08-caf6-4db8-b454-11ffa321261c,1.5421,0.02557,0.4547
WD,Lacy Schneemann,Genie Erokhina,a3ed7970-35d2-485c-8285-187c298a2d83,461f063e-a587-4638-bad9-421ff33d91d7,1.5419,0.01545,0.4536
WD,Lacy Schneemann,Yufei Long,a3ed7970-35d2-485c-8285-187c298a2d83,20945292-032a-47f1-93c5-d44ada6e4783,1.5418,0.02924,0.4549
WD,Catherine Parenteau,Genie Erokhina,9b97206b-783a-4fab-85e9-45a6240325a5,461f063e-a587-4638-bad9-421ff33d91d7,1.5416,0.01435,0.4532
WD,Catherine Parenteau,Yufei Long,9b97206b-783a-4fab-85e9-45a6240325a5,20945292-032a-47f1-93c5-d44ada6e4783,1.5415,0.02814,0.4545
WD,Yana Newell,Jessie Irvine,655e0349-7e66-4233-b999-b6cca2298f9b,8e2f9629-19d0-409d-81dc-b64fe2f3d3ff,1.5415,0.03015,0.4547
WD,Leigh Waters,Lucy Kovalova,1bfba782-55f3-42e4-9889-9018e793c0b5,504e8c08-caf6-4db8-b454-11ffa321261c,1.541,0.03811,0.4551
WD,Jillian Braverman,Ting Chieh Wei,98c2531f-f5ce-48b5-b251-eb69425d409c,29e8121d-6f86-4192-b7af-ab05b77b89fe,1.5407,0.05832,0.4566
WD,Chao Yi Wang,Daria Walczak,20684550-cb89-4ea2-9e2f-0f44eb920b45,3e6b668a-8d26-4424-9420-3ceb18486b65,1.5406,0.02004,0.4529
WD,Allyce Jones,Lucy Kovalova,efe9989b-5864-48c2-806c-06697024e1da,504e8c08-caf6-4db8-b454-11ffa321261c,1.5404,0.02377,0.4531
WD,Sahra Dennehy,Samantha Parker,051f5c82-82ce-4ab8-b4f8-36976638a89b,6794d224-7da3-43d9-8300-e24e731f5dea,1.5401,0.02021,0.4525
WD,Etta Tuionetoa,Eugenia Carolina Lopez Ascarate,676b1cbc-766c-4616-bf39-1787ffd8c72a,577d1124-44c9-435d-88e9-01a146f2d177,1.5401,0.03433,0.454
WD,Ewa Radzikowska,Allie Reichert,1d51becb-4ea0-4878-9660-e3fd2dfaa0ea,dcd029fb-2814-401b-a1cb-0c4269d9954b,1.5396,0.03451,0.4536
WD,Ewa Radzikowska,Isabella Dunlap,1d51becb-4ea0-4878-9660-e3fd2dfaa0ea,719e2d3b-d10d-402d-a195-41f072214679,1.539,0.02413,0.452
WD,Leigh Waters,Samantha Parker,1bfba782-55f3-42e4-9889-9018e793c0b5,6794d224-7da3-43d9-8300-e24e731f5dea,1.539,0.03275,0.4529
WD,Alix Truong,Ting Chieh Wei,646f7432-e6ad-4ccf-95ee-a0e5d9514d28,29e8121d-6f86-4192-b7af-ab05b77b89fe,1.5389,0.01547,0.4509
WD,Bobbi Oshiro,Liz Truluck,7f36e416-0907-43b2-8ec4-e9533088e30f,71992955-8b6f-470b-a991-796cfa56a826,1.5385,0.05151,0.4543
WD,Allyce Jones,Samantha Parker,efe9989b-5864-48c2-806c-06697024e1da,6794d224-7da3-43d9-8300-e24e731f5dea,1.5383,0.01841,0.4508
WD,Chao Yi Wang,Eugenia Carolina Lopez Ascarate,20684550-cb89-4ea2-9e2f-0f44eb920b45,577d1124-44c9-435d-88e9-01a146f2d177,1.5376,0.03428,0.4519
WD,Lacy Schneemann,Liz Truluck,a3ed7970-35d2-485c-8285-187c298a2d83,71992955-8b6f-470b-a991-796cfa56a826,1.5367,0.01552,0.4491
WD,Etta Tuionetoa,Judit Castillo,676b1cbc-766c-4616-bf39-1787ffd8c72a,ec4cdfe2-c6f6-4de1-824e-9adcaeb31196,1.5367,0.01864,0.4494
WD,Catherine Parenteau,Liz Truluck,9b97206b-783a-4fab-85e9-45a6240325a5,71992955-8b6f-470b-a991-796cfa56a826,1.5364,0.01442,0.4487
WD,Sahra Dennehy,Brooke Buckner,051f5c82-82ce-4ab8-b4f8-36976638a89b,06dc9b8a-5c01-49cf-bb4d-70d7b5f85acf,1.5363,0.01708,0.4489
WD,Meghan Dizon,Allie Reichert,8f521dcc-1cb5-4c8d-933c-af6b267bd395,dcd029fb-2814-401b-a1cb-0c4269d9954b,1.536,0.02617,0.4498
WD,Meghan Dizon,Isabella Dunlap,8f521dcc-1cb5-4c8d-933c-af6b267bd395,719e2d3b-d10d-402d-a195-41f072214679,1.5354,0.0158,0.448
WD,Ewa Radzikowska,Daria Walczak,1d51becb-4ea0-4878-9660-e3fd2dfaa0ea,3e6b668a-8d26-4424-9420-3ceb18486b65,1.5352,0.02817,0.4493
WD,Leigh Waters,Brooke Buckner,1bfba782-55f3-42e4-9889-9018e793c0b5,06dc9b8a-5c01-49cf-bb4d-70d7b5f85acf,1.5352,0.02962,0.4495
WD,Allyce Jones,Brooke Buckner,efe9989b-5864-48c2-806c-06697024e1da,06dc9b8a-5c01-49cf-bb4d-70d7b5f85acf,1.5346,0.01528,0.4472
WD,Chao Yi Wang,Judit Castillo,20684550-cb89-4ea2-9e2f-0f44eb920b45,ec4cdfe2-c6f6-4de1-824e-9adcaeb31196,1.5341,0.01858,0.4472
WD,Etta Tuionetoa,Lea Jansen,676b1cbc-766c-4616-bf39-1787ffd8c72a,7319013d-d511-4aa5-a356-4aa2cccf94f5,1.5339,0.0151,0.4466
WD,Layne Sleeth,Ting Chieh Wei,55ed7e0a-ff2d-4ac2-aad6-b6772ef4f448,29e8121d-6f86-4192-b7af-ab05b77b89fe,1.5337,0.01695,0.4467
WD,Sahra Dennehy,Estee Widdershoven,051f5c82-82ce-4ab8-b4f8-36976638a89b,bf84d952-c6a8-4494-943d-064b223e764f,1.5333,0.01962,0.4467
WD,Etta Tuionetoa,Roos Van Reek,676b1cbc-766c-4616-bf39-1787ffd8c72a,4798e757-53f5-4e52-92aa-98172c8f7862,1.5331,0.03233,0.448
WD,Danni-Elle Townsend,Mary Brascia,2c4de762-88d6-47c3-8b2b-af562c5d1f93,1dd5c313-10f5-4e0a-bb9b-699913a5abe8,1.5326,0.02807,0.4471
WD,Leigh Waters,Estee Widdershoven,1bfba782-55f3-42e4-9889-9018e793c0b5,bf84d952-c6a8-4494-943d-064b223e764f,1.5323,0.03216,0.4473
WD,Ewa Radzikowska,Eugenia Carolina Lopez Ascarate,1d51becb-4ea0-4878-9660-e3fd2dfaa0ea,577d1124-44c9-435d-88e9-01a146f2d177,1.5322,0.04241,0.4484
WD,Yana Newell,Maggie Brascia,655e0349-7e66-4233-b999-b6cca2298f9b,736475dd-7ccd-40d8-8b43-8c2d9ef9e674,1.5319,0.04052,0.448
WD,Jade Kawamoto,Seone Mendez,6cae3a50-eee6-45ea-8b28-85ef9c50e3c4,0d14405e-2e45-4dcb-8fb7-73558c261b4f,1.5317,0.04523,0.4483
WD,Meghan Dizon,Daria Walczak,8f521dcc-1cb5-4c8d-933c-af6b267bd395,3e6b668a-8d26-4424-9420-3ceb18486b65,1.5317,0.01984,0.4453
WD,Allyce Jones,Estee Widdershoven,efe9989b-5864-48c2-806c-06697024e1da,bf84d952-c6a8-4494-943d-064b223e764f,1.5316,0.01782,0.445
WD,Chao Yi Wang,Lea Jansen,20684550-cb89-4ea2-9e2f-0f44eb920b45,7319013d-d511-4aa5-a356-4aa2cccf94f5,1.5314,0.01505,0.4445
WD,Sahra Dennehy,Milan Rane,051f5c82-82ce-4ab8-b4f8-36976638a89b,eb14fc6e-ede1-4999-bec3-e36695e7f94e,1.5307,0.01595,0.444
WD,Danni-Elle Townsend,Christine Maddox,2c4de762-88d6-47c3-8b2b-af562c5d1f93,3ad652aa-3fdd-4e53-8f34-dfdedc3c1901,1.5306,0.05347,0.4483
WD,Chao Yi Wang,Roos Van Reek,20684550-cb89-4ea2-9e2f-0f44eb920b45,4798e757-53f5-4e52-92aa-98172c8f7862,1.5306,0.03227,0.4459
WD,Jillian Braverman,Carlota Trevino,98c2531f-f5ce-48b5-b251-eb69425d409c,70c18684-f615-4d05-9aa9-5cbdbd53ab9f,1.5306,0.06025,0.449
WD,Parris Todd,Katerina Stewart,1728d016-1f02-4789-be73-63d12d5a5b42,3cec5850-24e2-44e3-96bc-ee87aa34581d,1.5304,0.02719,0.4452
WD,Leigh Waters,Milan Rane,1bfba782-55f3-42e4-9889-9018e793c0b5,eb14fc6e-ede1-4999-bec3-e36695e7f94e,1.5297,0.02849,0.4447
WD,Vivienne David,Genie Erokhina,afc0bfc9-8cd8-4600-bd45-681092186db3,461f063e-a587-4638-bad9-421ff33d91d7,1.5293,0.02717,0.4442
WD,Vivienne David,Yufei Long,afc0bfc9-8cd8-4600-bd45-681092186db3,20945292-032a-47f1-93c5-d44ada6e4783,1.5292,0.04096,0.4458
WD,Sofia Sewing,Mary Brascia,b9bacc1e-29b5-4a92-a9c1-24e08ac72215,1dd5c313-10f5-4e0a-bb9b-699913a5abe8,1.529,0.03015,0.4444
WD,Allyce Jones,Milan Rane,efe9989b-5864-48c2-806c-06697024e1da,eb14fc6e-ede1-4999-bec3-e36695e7f94e,1.529,0.01415,0.4423
WD,Alix Truong,Carlota Trevino,646f7432-e6ad-4ccf-95ee-a0e5d9514d28,70c18684-f615-4d05-9aa9-5cbdbd53ab9f,1.5288,0.0174,0.4426
WD,Ewa Radzikowska,Judit Castillo,1d51becb-4ea0-4878-9660-e3fd2dfaa0ea,ec4cdfe2-c6f6-4de1-824e-9adcaeb31196,1.5287,0.02671,0.4437
WD,Jillian Braverman,Jessie Irvine,98c2531f-f5ce-48b5-b251-eb69425d409c,8e2f9629-19d0-409d-81dc-b64fe2f3d3ff,1.5287,0.05755,0.4472
WD,Meghan Dizon,Eugenia Carolina Lopez Ascarate,8f521dcc-1cb5-4c8d-933c-af6b267bd395,577d1124-44c9-435d-88e9-01a146f2d177,1.5286,0.03407,0.4445
WD,Etta Tuionetoa,Shelby Bates,676b1cbc-766c-4616-bf39-1787ffd8c72a,ded801fd-297a-4761-b63e-d8fbbfeb5762,1.5284,0.03746,0.4447
WD,Etta Tuionetoa,Zoey Weil,676b1cbc-766c-4616-bf39-1787ffd8c72a,1d701c30-6b5d-485f-ae97-60f3b0c50896,1.5283,0.01645,0.442
WD,Yana Newell,Lucy Kovalova,655e0349-7e66-4233-b999-b6cca2298f9b,504e8c08-caf6-4db8-b454-11ffa321261c,1.5283,0.03908,0.4449
WD,Sofia Sewing,Christine Maddox,b9bacc1e-29b5-4a92-a9c1-24e08ac72215,3ad652aa-3fdd-4e53-8f34-dfdedc3c1901,1.527,0.05556,0.4457
WD,Alix Truong,Jessie Irvine,646f7432-e6ad-4ccf-95ee-a0e5d9514d28,8e2f9629-19d0-409d-81dc-b64fe2f3d3ff,1.5269,0.0147,0.4406
WD,Yana Newell,Samantha Parker,655e0349-7e66-4233-b999-b6cca2298f9b,6794d224-7da3-43d9-8300-e24e731f5dea,1.5263,0.03371,0.4426
WD,Ewa Radzikowska,Lea Jansen,1d51becb-4ea0-4878-9660-e3fd2dfaa0ea,7319013d-d511-4aa5-a356-4aa2cccf94f5,1.526,0.02318,0.441
WD,Chao Yi Wang,Shelby Bates,20684550-cb89-4ea2-9e2f-0f44eb920b45,ded801fd-297a-4761-b63e-d8fbbfeb5762,1.5259,0.0374,0.4427
WD,Vivian Glozman,Marianna Petrei,ff789b9c-80c4-442c-b97e-2e2311298cfb,12890797-7355-49ca-848e-56d67e33c4de,1.5257,0.04735,0.4437
WD,Chao Yi Wang,Zoey Weil,20684550-cb89-4ea2-9e2f-0f44eb920b45,1d701c30-6b5d-485f-ae97-60f3b0c50896,1.5257,0.0164,0.4398
WD,Ewa Radzikowska,Roos Van Reek,1d51becb-4ea0-4878-9660-e3fd2dfaa0ea,4798e757-53f5-4e52-92aa-98172c8f7862,1.5252,0.04041,0.4425
WD,Meghan Dizon,Judit Castillo,8f521dcc-1cb5-4c8d-933c-af6b267bd395,ec4cdfe2-c6f6-4de1-824e-9adcaeb31196,1.5251,0.01838,0.4396
WD,Danni-Elle Townsend,Kiora Kunimoto,2c4de762-88d6-47c3-8b2b-af562c5d1f93,a95df9a8-772c-4dbf-8c28-e200b7308584,1.5242,0.01827,0.4388
WD,Vivienne David,Liz Truluck,afc0bfc9-8cd8-4600-bd45-681092186db3,71992955-8b6f-470b-a991-796cfa56a826,1.5241,0.02724,0.4399
WD,Layne Sleeth,Carlota Trevino,55ed7e0a-ff2d-4ac2-aad6-b6772ef4f448,70c18684-f615-4d05-9aa9-5cbdbd53ab9f,1.5237,0.01888,0.4384
WD,Yana Newell,Brooke Buckner,655e0349-7e66-4233-b999-b6cca2298f9b,06dc9b8a-5c01-49cf-bb4d-70d7b5f85acf,1.5226,0.03059,0.4391
WD,Meghan Dizon,Lea Jansen,8f521dcc-1cb5-4c8d-933c-af6b267bd395,7319013d-d511-4aa5-a356-4aa2cccf94f5,1.5224,0.01484,0.4368
WD,Layne Sleeth,Jessie Irvine,55ed7e0a-ff2d-4ac2-aad6-b6772ef4f448,8e2f9629-19d0-409d-81dc-b64fe2f3d3ff,1.5218,0.01618,0.4364
WD,Meghan Dizon,Roos Van Reek,8f521dcc-1cb5-4c8d-933c-af6b267bd395,4798e757-53f5-4e52-92aa-98172c8f7862,1.5216,0.03207,0.4385
WD,Sahra Dennehy,Allie Reichert,051f5c82-82ce-4ab8-b4f8-36976638a89b,dcd029fb-2814-401b-a1cb-0c4269d9954b,1.5207,0.02736,0.4371
WD,Sofia Sewing,Kiora Kunimoto,b9bacc1e-29b5-4a92-a9c1-24e08ac72215,a95df9a8-772c-4dbf-8c28-e200b7308584,1.5206,0.02036,0.4361
WD,Ewa Radzikowska,Shelby Bates,1d51becb-4ea0-4878-9660-e3fd2dfaa0ea,ded801fd-297a-4761-b63e-d8fbbfeb5762,1.5205,0.04554,0.4394
WD,Ewa Radzikowska,Zoey Weil,1d51becb-4ea0-4878-9660-e3fd2dfaa0ea,1d701c30-6b5d-485f-ae97-60f3b0c50896,1.5203,0.02453,0.4364
WD,Sahra Dennehy,Isabella Dunlap,051f5c82-82ce-4ab8-b4f8-36976638a89b,719e2d3b-d10d-402d-a195-41f072214679,1.5201,0.01698,0.4351
WD,Leigh Waters,Allie Reichert,1bfba782-55f3-42e4-9889-9018e793c0b5,dcd029fb-2814-401b-a1cb-0c4269d9954b,1.5196,0.0399,0.4379
WD,Yana Newell,Estee Widdershoven,655e0349-7e66-4233-b999-b6cca2298f9b,bf84d952-c6a8-4494-943d-064b223e764f,1.5196,0.03313,0.437
WD,Tina Pisnik,Katerina Stewart,f879086b-e0e5-4772-b0a6-4055c265da69,3cec5850-24e2-44e3-96bc-ee87aa34581d,1.5194,0.02636,0.4359
WD,Jillian Braverman,Maggie Brascia,98c2531f-f5ce-48b5-b251-eb69425d409c,736475dd-7ccd-40d8-8b43-8c2d9ef9e674,1.5192,0.06792,0.441
WD,Leigh Waters,Isabella Dunlap,1bfba782-55f3-42e4-9889-9018e793c0b5,719e2d3b-d10d-402d-a195-41f072214679,1.519,0.02952,0.436
WD,Allyce Jones,Allie Reichert,efe9989b-5864-48c2-806c-06697024e1da,dcd029fb-2814-401b-a1cb-0c4269d9954b,1.5189,0.02556,0.4354
WD,Allyce Jones,Isabella Dunlap,efe9989b-5864-48c2-806c-06697024e1da,719e2d3b-d10d-402d-a195-41f072214679,1.5184,0.01518,0.4334
WD,Parris Todd,Seone Mendez,1728d016-1f02-4789-be73-63d12d5a5b42,0d14405e-2e45-4dcb-8fb7-73558c261b4f,1.518,0.04411,0.4372
WD,Alix Truong,Maggie Brascia,646f7432-e6ad-4ccf-95ee-a0e5d9514d28,736475dd-7ccd-40d8-8b43-8c2d9ef9e674,1.5174,0.02507,0.434
WD,Yana Newell,Milan Rane,655e0349-7e66-4233-b999-b6cca2298f9b,eb14fc6e-ede1-4999-bec3-e36695e7f94e,1.517,0.02945,0.4344
WD,Meghan Dizon,Shelby Bates,8f521dcc-1cb5-4c8d-933c-af6b267bd395,ded801fd-297a-4761-b63e-d8fbbfeb5762,1.5169,0.0372,0.4354
WD,Meghan Dizon,Zoey Weil,8f521dcc-1cb5-4c8d-933c-af6b267bd395,1d701c30-6b5d-485f-ae97-60f3b0c50896,1.5167,0.01619,0.4322
WD,Sahra Dennehy,Daria Walczak,051f5c82-82ce-4ab8-b4f8-36976638a89b,3e6b668a-8d26-4424-9420-3ceb18486b65,1.5163,0.02102,0.4325
WD,Jillian Braverman,Lucy Kovalova,98c2531f-f5ce-48b5-b251-eb69425d409c,504e8c08-caf6-4db8-b454-11ffa321261c,1.5156,0.06648,0.4381
WD,Leigh Waters,Daria Walczak,1bfba782-55f3-42e4-9889-9018e793c0b5,3e6b668a-8d26-4424-9420-3ceb18486b65,1.5152,0.03356,0.4335
WD,Vivian Glozman,Callie Smith,ff789b9c-80c4-442c-b97e-2e2311298cfb,0c1bb94d-3af2-42f4-b938-d712c707ace4,1.5149,0.03128,0.4329
WD,Etta Tuionetoa,Genie Erokhina,676b1cbc-766c-4616-bf39-1787ffd8c72a,461f063e-a587-4638-bad9-421ff33d91d7,1.5149,0.01606,0.4306
WD,Etta Tuionetoa,Yufei Long,676b1cbc-766c-4616-bf39-1787ffd8c72a,20945292-032a-47f1-93c5-d44ada6e4783,1.5148,0.02985,0.4326
WD,Allyce Jones,Daria Walczak,efe9989b-5864-48c2-806c-06697024e1da,3e6b668a-8d26-4424-9420-3ceb18486b65,1.5146,0.01922,0.4308
WD,Alix Truong,Lucy Kovalova,646f7432-e6ad-4ccf-95ee-a0e5d9514d28,504e8c08-caf6-4db8-b454-11ffa321261c,1.5138,0.02363,0.4308
WD,Jillian Braverman,Samantha Parker,98c2531f-f5ce-48b5-b251-eb69425d409c,6794d224-7da3-43d9-8300-e24e731f5dea,1.5136,0.06111,0.4359
WD,Sahra Dennehy,Eugenia Carolina Lopez Ascarate,051f5c82-82ce-4ab8-b4f8-36976638a89b,577d1124-44c9-435d-88e9-01a146f2d177,1.5132,0.03526,0.4321
WD,Rachel Rohrabacher,Katerina Stewart,50908953-a944-4a34-898b-16af312bc814,3cec5850-24e2-44e3-96bc-ee87aa34581d,1.5126,0.02603,0.4302
WD,Chao Yi Wang,Genie Erokhina,20684550-cb89-4ea2-9e2f-0f44eb920b45,461f063e-a587-4638-bad9-421ff33d91d7,1.5124,0.016,0.4284
WD,Chao Yi Wang,Yufei Long,20684550-cb89-4ea2-9e2f-0f44eb920b45,20945292-032a-47f1-93c5-d44ada6e4783,1.5122,0.0298,0.4305
WD,Leigh Waters,Eugenia Carolina Lopez Ascarate,1bfba782-55f3-42e4-9889-9018e793c0b5,577d1124-44c9-435d-88e9-01a146f2d177,1.5122,0.0478,0.4331
WD,Layne Sleeth,Maggie Brascia,55ed7e0a-ff2d-4ac2-aad6-b6772ef4f448,736475dd-7ccd-40d8-8b43-8c2d9ef9e674,1.5122,0.02655,0.43
WD,Alix Truong,Samantha Parker,646f7432-e6ad-4ccf-95ee-a0e5d9514d28,6794d224-7da3-43d9-8300-e24e731f5dea,1.5118,0.01826,0.4283
WD,Allyce Jones,Eugenia Carolina Lopez Ascarate,efe9989b-5864-48c2-806c-06697024e1da,577d1124-44c9-435d-88e9-01a146f2d177,1.5115,0.03346,0.4305
WD,Sahra Dennehy,Judit Castillo,051f5c82-82ce-4ab8-b4f8-36976638a89b,ec4cdfe2-c6f6-4de1-824e-9adcaeb31196,1.5098,0.01956,0.4268
WD,Jillian Braverman,Brooke Buckner,98c2531f-f5ce-48b5-b251-eb69425d409c,06dc9b8a-5c01-49cf-bb4d-70d7b5f85acf,1.5098,0.05799,0.4326
WD,Etta Tuionetoa,Liz Truluck,676b1cbc-766c-4616-bf39-1787ffd8c72a,71992955-8b6f-470b-a991-796cfa56a826,1.5097,0.01613,0.4262
WD,Leigh Waters,Judit Castillo,1bfba782-55f3-42e4-9889-9018e793c0b5,ec4cdfe2-c6f6-4de1-824e-9adcaeb31196,1.5087,0.0321,0.428
WD,Layne Sleeth,Lucy Kovalova,55ed7e0a-ff2d-4ac2-aad6-b6772ef4f448,504e8c08-caf6-4db8-b454-11ffa321261c,1.5087,0.02511,0.4268
WD,Mari Humberg,Mary Brascia,b1ab7d76-a859-4136-8405-3ed7c9be287a,1dd5c313-10f5-4e0a-bb9b-699913a5abe8,1.5085,0.02739,0.4271
WD,Allyce Jones,Judit Castillo,efe9989b-5864-48c2-806c-06697024e1da,ec4cdfe2-c6f6-4de1-824e-9adcaeb31196,1.5081,0.01776,0.4251
WD,Brooke Buckner,Alix Truong,06dc9b8a-5c01-49cf-bb4d-70d7b5f85acf,646f7432-e6ad-4ccf-95ee-a0e5d9514d28,1.508,0.01514,0.4246
WD,Chao Yi Wang,Liz Truluck,20684550-cb89-4ea2-9e2f-0f44eb920b45,71992955-8b6f-470b-a991-796cfa56a826,1.5072,0.01607,0.424
WD,Sahra Dennehy,Lea Jansen,051f5c82-82ce-4ab8-b4f8-36976638a89b,7319013d-d511-4aa5-a356-4aa2cccf94f5,1.5071,0.01603,0.4239
WD,Tina Pisnik,Seone Mendez,f879086b-e0e5-4772-b0a6-4055c265da69,0d14405e-2e45-4dcb-8fb7-73558c261b4f,1.507,0.04328,0.4283
WD,Ewa Radzikowska,Genie Erokhina,1d51becb-4ea0-4878-9660-e3fd2dfaa0ea,461f063e-a587-4638-bad9-421ff33d91d7,1.507,0.02413,0.4253
WD,Ewa Radzikowska,Yufei Long,1d51becb-4ea0-4878-9660-e3fd2dfaa0ea,20945292-032a-47f1-93c5-d44ada6e4783,1.5069,0.03793,0.4274
WD,Yana Newell,Allie Reichert,655e0349-7e66-4233-b999-b6cca2298f9b,dcd029fb-2814-401b-a1cb-0c4269d9954b,1.5069,0.04086,0.4279
WD,Jillian Braverman,Estee Widdershoven,98c2531f-f5ce-48b5-b251-eb69425d409c,bf84d952-c6a8-4494-943d-064b223e764f,1.5068,0.06053,0.4306
WD,Layne Sleeth,Samantha Parker,55ed7e0a-ff2d-4ac2-aad6-b6772ef4f448,6794d224-7da3-43d9-8300-e24e731f5dea,1.5066,0.01974,0.4242
WD,Mari Humberg,Christine Maddox,b1ab7d76-a859-4136-8405-3ed7c9be287a,3ad652aa-3fdd-4e53-8f34-dfdedc3c1901,1.5065,0.0528,0.4293
WD,Yana Newell,Isabella Dunlap,655e0349-7e66-4233-b999-b6cca2298f9b,719e2d3b-d10d-402d-a195-41f072214679,1.5063,0.03048,0.4258
WD,Sahra Dennehy,Roos Van Reek,051f5c82-82ce-4ab8-b4f8-36976638a89b,4798e757-53f5-4e52-92aa-98172c8f7862,1.5062,0.03325,0.4261
WD,Leigh Waters,Lea Jansen,1bfba782-55f3-42e4-9889-9018e793c0b5,7319013d-d511-4aa5-a356-4aa2cccf94f5,1.506,0.02856,0.4252
WD,Allyce Jones,Lea Jansen,efe9989b-5864-48c2-806c-06697024e1da,7319013d-d511-4aa5-a356-4aa2cccf94f5,1.5053,0.01423,0.4221
WD,Leigh Waters,Roos Van Reek,1bfba782-55f3-42e4-9889-9018e793c0b5,4798e757-53f5-4e52-92aa-98172c8f7862,1.5052,0.04579,0.4273
WD,Alix Truong,Estee Widdershoven,646f7432-e6ad-4ccf-95ee-a0e5d9514d28,bf84d952-c6a8-4494-943d-064b223e764f,1.5051,0.01768,0.4225
WD,Bobbi Oshiro,Marianna Petrei,7f36e416-0907-43b2-8ec4-e9533088e30f,12890797-7355-49ca-848e-56d67e33c4de,1.5045,0.06861,0.4299
WD,Allyce Jones,Roos Van Reek,efe9989b-5864-48c2-806c-06697024e1da,4798e757-53f5-4e52-92aa-98172c8f7862,1.5045,0.03145,0.4245
WD,Jillian Braverman,Milan Rane,98c2531f-f5ce-48b5-b251-eb69425d409c,eb14fc6e-ede1-4999-bec3-e36695e7f94e,1.5042,0.05685,0.4281
WD,Meghan Dizon,Genie Erokhina,8f521dcc-1cb5-4c8d-933c-af6b267bd395,461f063e-a587-4638-bad9-421ff33d91d7,1.5034,0.0158,0.4208
WD,Meghan Dizon,Yufei Long,8f521dcc-1cb5-4c8d-933c-af6b267bd395,20945292-032a-47f1-93c5-d44ada6e4783,1.5033,0.02959,0.4231
WD,Layne Sleeth,Brooke Buckner,55ed7e0a-ff2d-4ac2-aad6-b6772ef4f448,06dc9b8a-5c01-49cf-bb4d-70d7b5f85acf,1.5029,0.01662,0.4205
WD,Lacy Schneemann,Marianna Petrei,a3ed7970-35d2-485c-8285-187c298a2d83,12890797-7355-49ca-848e-56d67e33c4de,1.5028,0.03262,0.4232
WD,Yana Newell,Daria Walczak,655e0349-7e66-4233-b999-b6cca2298f9b,3e6b668a-8d26-4424-9420-3ceb18486b65,1.5026,0.03453,0.4234
WD,Catherine Parenteau,Marianna Petrei,9b97206b-783a-4fab-85e9-45a6240325a5,12890797-7355-49ca-848e-56d67e33c4de,1.5025,0.03152,0.4228
WD,Alix Truong,Milan Rane,646f7432-e6ad-4ccf-95ee-a0e5d9514d28,eb14fc6e-ede1-4999-bec3-e36695e7f94e,1.5024,0.014,0.4197
WD,Ewa Radzikowska,Liz Truluck,1d51becb-4ea0-4878-9660-e3fd2dfaa0ea,71992955-8b6f-470b-a991-796cfa56a826,1.5018,0.0242,0.421
WD,Sahra Dennehy,Shelby Bates,051f5c82-82ce-4ab8-b4f8-36976638a89b,ded801fd-297a-4761-b63e-d8fbbfeb5762,1.5015,0.03838,0.4231
WD,Sahra Dennehy,Zoey Weil,051f5c82-82ce-4ab8-b4f8-36976638a89b,1d701c30-6b5d-485f-ae97-60f3b0c50896,1.5014,0.01738,0.4194
WD,Leigh Waters,Shelby Bates,1bfba782-55f3-42e4-9889-9018e793c0b5,ded801fd-297a-4761-b63e-d8fbbfeb5762,1.5004,0.05092,0.4242
WD,Leigh Waters,Zoey Weil,1bfba782-55f3-42e4-9889-9018e793c0b5,1d701c30-6b5d-485f-ae97-60f3b0c50896,1.5003,0.02992,0.4208
WD,Rachel Rohrabacher,Seone Mendez,50908953-a944-4a34-898b-16af312bc814,0d14405e-2e45-4dcb-8fb7-73558c261b4f,1.5002,0.04295,0.4228
WD,Mari Humberg,Kiora Kunimoto,b1ab7d76-a859-4136-8405-3ed7c9be287a,a95df9a8-772c-4dbf-8c28-e200b7308584,1.5001,0.0176,0.4184
WD,Layne Sleeth,Estee Widdershoven,55ed7e0a-ff2d-4ac2-aad6-b6772ef4f448,bf84d952-c6a8-4494-943d-064b223e764f,1.4999,0.01915,0.4185
WD,Allyce Jones,Shelby Bates,efe9989b-5864-48c2-806c-06697024e1da,ded801fd-297a-4761-b63e-d8fbbfeb5762,1.4998,0.03658,0.4215
WD,Allyce Jones,Zoey Weil,efe9989b-5864-48c2-806c-06697024e1da,1d701c30-6b5d-485f-ae97-60f3b0c50896,1.4997,0.01558,0.4176
WD,Yana Newell,Eugenia Carolina Lopez Ascarate,655e0349-7e66-4233-b999-b6cca2298f9b,577d1124-44c9-435d-88e9-01a146f2d177,1.4995,0.04876,0.4232
WD,Meghan Dizon,Liz Truluck,8f521dcc-1cb5-4c8d-933c-af6b267bd395,71992955-8b6f-470b-a991-796cfa56a826,1.4982,0.01587,0.4164
WD,Vivian Glozman,Kaitlyn Christian,ff789b9c-80c4-442c-b97e-2e2311298cfb,66a6c35b-33a2-4a23-b5db-fa53c96d643a,1.4979,0.02956,0.4187
WD,Layne Sleeth,Milan Rane,55ed7e0a-ff2d-4ac2-aad6-b6772ef4f448,eb14fc6e-ede1-4999-bec3-e36695e7f94e,1.4973,0.01548,0.4156
WD,Yana Newell,Judit Castillo,655e0349-7e66-4233-b999-b6cca2298f9b,ec4cdfe2-c6f6-4de1-824e-9adcaeb31196,1.4961,0.03307,0.4179
WD,Ting Chieh Wei,Carlota Trevino,29e8121d-6f86-4192-b7af-ab05b77b89fe,70c18684-f615-4d05-9aa9-5cbdbd53ab9f,1.4943,0.01731,0.4135
WD,Jillian Braverman,Allie Reichert,98c2531f-f5ce-48b5-b251-eb69425d409c,dcd029fb-2814-401b-a1cb-0c4269d9954b,1.4942,0.06826,0.422
WD,Bobbi Oshiro,Callie Smith,7f36e416-0907-43b2-8ec4-e9533088e30f,0c1bb94d-3af2-42f4-b938-d712c707ace4,1.4937,0.05254,0.4193
WD,Jillian Braverman,Isabella Dunlap,98c2531f-f5ce-48b5-b251-eb69425d409c,719e2d3b-d10d-402d-a195-41f072214679,1.4936,0.05788,0.42
WD,Yana Newell,Lea Jansen,655e0349-7e66-4233-b999-b6cca2298f9b,7319013d-d511-4aa5-a356-4aa2cccf94f5,1.4933,0.02953,0.415
WD,Yana Newell,Roos Van Reek,655e0349-7e66-4233-b999-b6cca2298f9b,4798e757-53f5-4e52-92aa-98172c8f7862,1.4925,0.04676,0.4174
WD,Ting Chieh Wei,Jessie Irvine,29e8121d-6f86-4192-b7af-ab05b77b89fe,8e2f9629-19d0-409d-81dc-b64fe2f3d3ff,1.4925,0.01461,0.4113
WD,Alix Truong,Allie Reichert,646f7432-e6ad-4ccf-95ee-a0e5d9514d28,dcd029fb-2814-401b-a1cb-0c4269d9954b,1.4924,0.02542,0.4134
WD,Lacy Schneemann,Callie Smith,a3ed7970-35d2-485c-8285-187c298a2d83,0c1bb94d-3af2-42f4-b938-d712c707ace4,1.492,0.01654,0.4114
WD,Alix Truong,Isabella Dunlap,646f7432-e6ad-4ccf-95ee-a0e5d9514d28,719e2d3b-d10d-402d-a195-41f072214679,1.4918,0.01504,0.4109
WD,Catherine Parenteau,Callie Smith,9b97206b-783a-4fab-85e9-45a6240325a5,0c1bb94d-3af2-42f4-b938-d712c707ace4,1.4917,0.01544,0.4109
WD,Vivienne David,Marianna Petrei,afc0bfc9-8cd8-4600-bd45-681092186db3,12890797-7355-49ca-848e-56d67e33c4de,1.4901,0.04434,0.4151
WD,Jillian Braverman,Daria Walczak,98c2531f-f5ce-48b5-b251-eb69425d409c,3e6b668a-8d26-4424-9420-3ceb18486b65,1.4898,0.06192,0.4178
WD,Vivian Glozman,Cailyn Campbell,ff789b9c-80c4-442c-b97e-2e2311298cfb,9eff9049-c45c-42ee-9a49-e9a797cc2116,1.4896,0.03005,0.4121
WD,Jackie Kawamoto,Katerina Stewart,be33755f-9262-461b-aedd-e9a7a686a82c,3cec5850-24e2-44e3-96bc-ee87aa34581d,1.4889,0.02875,0.4112
WD,Tyra Hurricane Black,Katerina Stewart,fec65f7e-f2c8-482f-ab5b-541cf53b1064,3cec5850-24e2-44e3-96bc-ee87aa34581d,1.4885,0.02615,0.4104
WD,Sahra Dennehy,Genie Erokhina,051f5c82-82ce-4ab8-b4f8-36976638a89b,461f063e-a587-4638-bad9-421ff33d91d7,1.488,0.01698,0.4081
WD,Alix Truong,Daria Walczak,646f7432-e6ad-4ccf-95ee-a0e5d9514d28,3e6b668a-8d26-4424-9420-3ceb18486b65,1.488,0.01908,0.4086
WD,Sahra Dennehy,Yufei Long,051f5c82-82ce-4ab8-b4f8-36976638a89b,20945292-032a-47f1-93c5-d44ada6e4783,1.4879,0.03078,0.4108
WD,Yana Newell,Shelby Bates,655e0349-7e66-4233-b999-b6cca2298f9b,ded801fd-297a-4761-b63e-d8fbbfeb5762,1.4878,0.05189,0.4145
WD,Yana Newell,Zoey Weil,655e0349-7e66-4233-b999-b6cca2298f9b,1d701c30-6b5d-485f-ae97-60f3b0c50896,1.4877,0.03088,0.4107
WD,Layne Sleeth,Allie Reichert,55ed7e0a-ff2d-4ac2-aad6-b6772ef4f448,dcd029fb-2814-401b-a1cb-0c4269d9954b,1.4872,0.02689,0.4095
WD,Leigh Waters,Genie Erokhina,1bfba782-55f3-42e4-9889-9018e793c0b5,461f063e-a587-4638-bad9-421ff33d91d7,1.487,0.02952,0.4098
WD,Leigh Waters,Yufei Long,1bfba782-55f3-42e4-9889-9018e793c0b5,20945292-032a-47f1-93c5-d44ada6e4783,1.4868,0.04331,0.4123
WD,Jillian Braverman,Eugenia Carolina Lopez Ascarate,98c2531f-f5ce-48b5-b251-eb69425d409c,577d1124-44c9-435d-88e9-01a146f2d177,1.4867,0.07616,0.4176
WD,Layne Sleeth,Isabella Dunlap,55ed7e0a-ff2d-4ac2-aad6-b6772ef4f448,719e2d3b-d10d-402d-a195-41f072214679,1.4867,0.01651,0.4069
WD,Allyce Jones,Genie Erokhina,efe9989b-5864-48c2-806c-06697024e1da,461f063e-a587-4638-bad9-421ff33d91d7,1.4863,0.01518,0.4063
WD,Allyce Jones,Yufei Long,efe9989b-5864-48c2-806c-06697024e1da,20945292-032a-47f1-93c5-d44ada6e4783,1.4862,0.02898,0.4091
WD,Carlota Trevino,Jessie Irvine,70c18684-f615-4d05-9aa9-5cbdbd53ab9f,8e2f9629-19d0-409d-81dc-b64fe2f3d3ff,1.4855,0.01655,0.4059
WD,Alix Truong,Eugenia Carolina Lopez Ascarate,646f7432-e6ad-4ccf-95ee-a0e5d9514d28,577d1124-44c9-435d-88e9-01a146f2d177,1.4849,0.03332,0.4089
WD,Jillian Braverman,Judit Castillo,98c2531f-f5ce-48b5-b251-eb69425d409c,ec4cdfe2-c6f6-4de1-824e-9adcaeb31196,1.4833,0.06047,0.4126
WD,Kate Fahey,Katerina Stewart,3af01041-5679-400a-87b8-12c01db8cec4,3cec5850-24e2-44e3-96bc-ee87aa34581d,1.4829,0.0246,0.4054
WD,Layne Sleeth,Daria Walczak,55ed7e0a-ff2d-4ac2-aad6-b6772ef4f448,3e6b668a-8d26-4424-9420-3ceb18486b65,1.4829,0.02055,0.4046
WD,Ting Chieh Wei,Maggie Brascia,29e8121d-6f86-4192-b7af-ab05b77b89fe,736475dd-7ccd-40d8-8b43-8c2d9ef9e674,1.4829,0.02498,0.4055
WD,Sahra Dennehy,Liz Truluck,051f5c82-82ce-4ab8-b4f8-36976638a89b,71992955-8b6f-470b-a991-796cfa56a826,1.4828,0.01705,0.4038
WD,Leigh Waters,Liz Truluck,1bfba782-55f3-42e4-9889-9018e793c0b5,71992955-8b6f-470b-a991-796cfa56a826,1.4818,0.02959,0.4056
WD,Alix Truong,Judit Castillo,646f7432-e6ad-4ccf-95ee-a0e5d9514d28,ec4cdfe2-c6f6-4de1-824e-9adcaeb31196,1.4815,0.01762,0.4028
WD,Allyce Jones,Liz Truluck,efe9989b-5864-48c2-806c-06697024e1da,71992955-8b6f-470b-a991-796cfa56a826,1.4811,0.01525,0.4019
WD,Jillian Braverman,Lea Jansen,98c2531f-f5ce-48b5-b251-eb69425d409c,7319013d-d511-4aa5-a356-4aa2cccf94f5,1.4806,0.05693,0.4099
WD,Jillian Braverman,Roos Van Reek,98c2531f-f5ce-48b5-b251-eb69425d409c,4798e757-53f5-4e52-92aa-98172c8f7862,1.4798,0.07416,0.4121
WD,Layne Sleeth,Eugenia Carolina Lopez Ascarate,55ed7e0a-ff2d-4ac2-aad6-b6772ef4f448,577d1124-44c9-435d-88e9-01a146f2d177,1.4798,0.03479,0.4051
WD,Vivienne David,Callie Smith,afc0bfc9-8cd8-4600-bd45-681092186db3,0c1bb94d-3af2-42f4-b938-d712c707ace4,1.4794,0.02826,0.4034
WD,Ting Chieh Wei,Lucy Kovalova,29e8121d-6f86-4192-b7af-ab05b77b89fe,504e8c08-caf6-4db8-b454-11ffa321261c,1.4793,0.02354,0.4023
WD,Alix Truong,Lea Jansen,646f7432-e6ad-4ccf-95ee-a0e5d9514d28,7319013d-d511-4aa5-a356-4aa2cccf94f5,1.4788,0.01408,0.3997
WD,Alix Truong,Roos Van Reek,646f7432-e6ad-4ccf-95ee-a0e5d9514d28,4798e757-53f5-4e52-92aa-98172c8f7862,1.478,0.03131,0.4029
WD,Ting Chieh Wei,Samantha Parker,29e8121d-6f86-4192-b7af-ab05b77b89fe,6794d224-7da3-43d9-8300-e24e731f5dea,1.4773,0.01818,0.3995
WD,Bobbi Oshiro,Kaitlyn Christian,7f36e416-0907-43b2-8ec4-e9533088e30f,66a6c35b-33a2-4a23-b5db-fa53c96d643a,1.4767,0.05083,0.4058
WD,Jackie Kawamoto,Seone Mendez,be33755f-9262-461b-aedd-e9a7a686a82c,0d14405e-2e45-4dcb-8fb7-73558c261b4f,1.4765,0.04567,0.4046
WD,Layne Sleeth,Judit Castillo,55ed7e0a-ff2d-4ac2-aad6-b6772ef4f448,ec4cdfe2-c6f6-4de1-824e-9adcaeb31196,1.4764,0.0191,0.3989
WD,Tyra Hurricane Black,Seone Mendez,fec65f7e-f2c8-482f-ab5b-541cf53b1064,0d14405e-2e45-4dcb-8fb7-73558c261b4f,1.4761,0.04307,0.4037
WD,Carlota Trevino,Maggie Brascia,70c18684-f615-4d05-9aa9-5cbdbd53ab9f,736475dd-7ccd-40d8-8b43-8c2d9ef9e674,1.4759,0.02692,0.4003
WD,Etta Tuionetoa,Marianna Petrei,676b1cbc-766c-4616-bf39-1787ffd8c72a,12890797-7355-49ca-848e-56d67e33c4de,1.4757,0.03323,0.4015
WD,Lacy Schneemann,Kaitlyn Christian,a3ed7970-35d2-485c-8285-187c298a2d83,66a6c35b-33a2-4a23-b5db-fa53c96d643a,1.475,0.01483,0.3968
WD,Jillian Braverman,Shelby Bates,98c2531f-f5ce-48b5-b251-eb69425d409c,ded801fd-297a-4761-b63e-d8fbbfeb5762,1.475,0.07929,0.4094
WD,Jillian Braverman,Zoey Weil,98c2531f-f5ce-48b5-b251-eb69425d409c,1d701c30-6b5d-485f-ae97-60f3b0c50896,1.4749,0.05828,0.4058
WD,Catherine Parenteau,Kaitlyn Christian,9b97206b-783a-4fab-85e9-45a6240325a5,66a6c35b-33a2-4a23-b5db-fa53c96d643a,1.4747,0.01373,0.3962
WD,Jessie Irvine,Maggie Brascia,8e2f9629-19d0-409d-81dc-b64fe2f3d3ff,736475dd-7ccd-40d8-8b43-8c2d9ef9e674,1.4746,0.02421,0.3986
WD,Yana Newell,Genie Erokhina,655e0349-7e66-4233-b999-b6cca2298f9b,461f063e-a587-4638-bad9-421ff33d91d7,1.4743,0.03048,0.3998
WD,Yana Newell,Yufei Long,655e0349-7e66-4233-b999-b6cca2298f9b,20945292-032a-47f1-93c5-d44ada6e4783,1.4742,0.04428,0.4025
WD,Layne Sleeth,Lea Jansen,55ed7e0a-ff2d-4ac2-aad6-b6772ef4f448,7319013d-d511-4aa5-a356-4aa2cccf94f5,1.4736,0.01556,0.3958
WD,Brooke Buckner,Ting Chieh Wei,06dc9b8a-5c01-49cf-bb4d-70d7b5f85acf,29e8121d-6f86-4192-b7af-ab05b77b89fe,1.4735,0.01505,0.3956
WD,Chao Yi Wang,Marianna Petrei,20684550-cb89-4ea2-9e2f-0f44eb920b45,12890797-7355-49ca-848e-56d67e33c4de,1.4732,0.03317,0.3995
WD,Alix Truong,Shelby Bates,646f7432-e6ad-4ccf-95ee-a0e5d9514d28,ded801fd-297a-4761-b63e-d8fbbfeb5762,1.4732,0.03644,0.4002
WD,Alix Truong,Zoey Weil,646f7432-e6ad-4ccf-95ee-a0e5d9514d28,1d701c30-6b5d-485f-ae97-60f3b0c50896,1.4731,0.01544,0.3953
WD,Layne Sleeth,Roos Van Reek,55ed7e0a-ff2d-4ac2-aad6-b6772ef4f448,4798e757-53f5-4e52-92aa-98172c8f7862,1.4728,0.03279,0.3991
WD,Carlota Trevino,Lucy Kovalova,70c18684-f615-4d05-9aa9-5cbdbd53ab9f,504e8c08-caf6-4db8-b454-11ffa321261c,1.4724,0.02547,0.3971
WD,Jessie Irvine,Lucy Kovalova,8e2f9629-19d0-409d-81dc-b64fe2f3d3ff,504e8c08-caf6-4db8-b454-11ffa321261c,1.4711,0.02277,0.3954
WD,Ting Chieh Wei,Estee Widdershoven,29e8121d-6f86-4192-b7af-ab05b77b89fe,bf84d952-c6a8-4494-943d-064b223e764f,1.4706,0.01759,0.3937
WD,Kate Fahey,Seone Mendez,3af01041-5679-400a-87b8-12c01db8cec4,0d14405e-2e45-4dcb-8fb7-73558c261b4f,1.4704,0.04152,0.399
WD,Carlota Trevino,Samantha Parker,70c18684-f615-4d05-9aa9-5cbdbd53ab9f,6794d224-7da3-43d9-8300-e24e731f5dea,1.4704,0.02011,0.3942
WD,Yana Newell,Liz Truluck,655e0349-7e66-4233-b999-b6cca2298f9b,71992955-8b6f-470b-a991-796cfa56a826,1.4691,0.03055,0.3956
WD,Samantha Parker,Jessie Irvine,6794d224-7da3-43d9-8300-e24e731f5dea,8e2f9629-19d0-409d-81dc-b64fe2f3d3ff,1.4691,0.01741,0.3924
WD,Bobbi Oshiro,Cailyn Campbell,7f36e416-0907-43b2-8ec4-e9533088e30f,9eff9049-c45c-42ee-9a49-e9a797cc2116,1.4684,0.05131,0.3994
WD,Layne Sleeth,Shelby Bates,55ed7e0a-ff2d-4ac2-aad6-b6772ef4f448,ded801fd-297a-4761-b63e-d8fbbfeb5762,1.4681,0.03792,0.3964
WD,Layne Sleeth,Zoey Weil,55ed7e0a-ff2d-4ac2-aad6-b6772ef4f448,1d701c30-6b5d-485f-ae97-60f3b0c50896,1.468,0.01691,0.3914
WD,Ting Chieh Wei,Milan Rane,29e8121d-6f86-4192-b7af-ab05b77b89fe,eb14fc6e-ede1-4999-bec3-e36695e7f94e,1.468,0.01392,0.3906
WD,Ewa Radzikowska,Marianna Petrei,1d51becb-4ea0-4878-9660-e3fd2dfaa0ea,12890797-7355-49ca-848e-56d67e33c4de,1.4678,0.0413,0.3969
WD,Lacy Schneemann,Cailyn Campbell,a3ed7970-35d2-485c-8285-187c298a2d83,9eff9049-c45c-42ee-9a49-e9a797cc2116,1.4667,0.01531,0.39
WD,Brooke Buckner,Carlota Trevino,06dc9b8a-5c01-49cf-bb4d-70d7b5f85acf,70c18684-f615-4d05-9aa9-5cbdbd53ab9f,1.4666,0.01699,0.3903
WD,Catherine Parenteau,Cailyn Campbell,9b97206b-783a-4fab-85e9-45a6240325a5,9eff9049-c45c-42ee-9a49-e9a797cc2116,1.4664,0.01421,0.3894
WD,Brooke Buckner,Jessie Irvine,06dc9b8a-5c01-49cf-bb4d-70d7b5f85acf,8e2f9629-19d0-409d-81dc-b64fe2f3d3ff,1.4653,0.01428,0.3885
WD,Etta Tuionetoa,Callie Smith,676b1cbc-766c-4616-bf39-1787ffd8c72a,0c1bb94d-3af2-42f4-b938-d712c707ace4,1.465,0.01715,0.389
WD,Maggie Brascia,Lucy Kovalova,736475dd-7ccd-40d8-8b43-8c2d9ef9e674,504e8c08-caf6-4db8-b454-11ffa321261c,1.4645,0.03314,0.3924
WD,Meghan Dizon,Marianna Petrei,8f521dcc-1cb5-4c8d-933c-af6b267bd395,12890797-7355-49ca-848e-56d67e33c4de,1.4642,0.03297,0.3922
WD,Carlota Trevino,Estee Widdershoven,70c18684-f615-4d05-9aa9-5cbdbd53ab9f,bf84d952-c6a8-4494-943d-064b223e764f,1.4636,0.01952,0.3885
WD,Chao Yi Wang,Callie Smith,20684550-cb89-4ea2-9e2f-0f44eb920b45,0c1bb94d-3af2-42f4-b938-d712c707ace4,1.4624,0.0171,0.3869
WD,Samantha Parker,Maggie Brascia,6794d224-7da3-43d9-8300-e24e731f5dea,736475dd-7ccd-40d8-8b43-8c2d9ef9e674,1.4624,0.02778,0.3896
WD,Vivienne David,Kaitlyn Christian,afc0bfc9-8cd8-4600-bd45-681092186db3,66a6c35b-33a2-4a23-b5db-fa53c96d643a,1.4623,0.02655,0.3892
WD,Jessie Irvine,Estee Widdershoven,8e2f9629-19d0-409d-81dc-b64fe2f3d3ff,bf84d952-c6a8-4494-943d-064b223e764f,1.4623,0.01682,0.3868
WD,Jillian Braverman,Genie Erokhina,98c2531f-f5ce-48b5-b251-eb69425d409c,461f063e-a587-4638-bad9-421ff33d91d7,1.4615,0.05788,0.3955
WD,Jillian Braverman,Yufei Long,98c2531f-f5ce-48b5-b251-eb69425d409c,20945292-032a-47f1-93c5-d44ada6e4783,1.4614,0.07168,0.3981
WD,Carlota Trevino,Milan Rane,70c18684-f615-4d05-9aa9-5cbdbd53ab9f,eb14fc6e-ede1-4999-bec3-e36695e7f94e,1.461,0.01585,0.3854
WD,Samantha Parker,Lucy Kovalova,6794d224-7da3-43d9-8300-e24e731f5dea,504e8c08-caf6-4db8-b454-11ffa321261c,1.46,0.02634,0.3873
WD,Alix Truong,Genie Erokhina,646f7432-e6ad-4ccf-95ee-a0e5d9514d28,461f063e-a587-4638-bad9-421ff33d91d7,1.4597,0.01504,0.3842
WD,Jessie Irvine,Milan Rane,8e2f9629-19d0-409d-81dc-b64fe2f3d3ff,eb14fc6e-ede1-4999-bec3-e36695e7f94e,1.4597,0.01315,0.3836
WD,Alix Truong,Yufei Long,646f7432-e6ad-4ccf-95ee-a0e5d9514d28,20945292-032a-47f1-93c5-d44ada6e4783,1.4596,0.02883,0.3876
WD,Brooke Buckner,Maggie Brascia,06dc9b8a-5c01-49cf-bb4d-70d7b5f85acf,736475dd-7ccd-40d8-8b43-8c2d9ef9e674,1.4587,0.02465,0.3858
WD,Ting Chieh Wei,Allie Reichert,29e8121d-6f86-4192-b7af-ab05b77b89fe,dcd029fb-2814-401b-a1cb-0c4269d9954b,1.4579,0.02533,0.3853
WD,Ting Chieh Wei,Isabella Dunlap,29e8121d-6f86-4192-b7af-ab05b77b89fe,719e2d3b-d10d-402d-a195-41f072214679,1.4573,0.01495,0.3821
WD,Ewa Radzikowska,Callie Smith,1d51becb-4ea0-4878-9660-e3fd2dfaa0ea,0c1bb94d-3af2-42f4-b938-d712c707ace4,1.4571,0.02523,0.3846
WD,Jillian Braverman,Liz Truluck,98c2531f-f5ce-48b5-b251-eb69425d409c,71992955-8b6f-470b-a991-796cfa56a826,1.4563,0.05795,0.3916
WD,Brooke Buckner,Lucy Kovalova,06dc9b8a-5c01-49cf-bb4d-70d7b5f85acf,504e8c08-caf6-4db8-b454-11ffa321261c,1.4562,0.02321,0.3834
WD,Maggie Brascia,Estee Widdershoven,736475dd-7ccd-40d8-8b43-8c2d9ef9e674,bf84d952-c6a8-4494-943d-064b223e764f,1.4557,0.02719,0.384
WD,Brooke Buckner,Samantha Parker,06dc9b8a-5c01-49cf-bb4d-70d7b5f85acf,6794d224-7da3-43d9-8300-e24e731f5dea,1.4548,0.01785,0.3809
WD,Layne Sleeth,Genie Erokhina,55ed7e0a-ff2d-4ac2-aad6-b6772ef4f448,461f063e-a587-4638-bad9-421ff33d91d7,1.4546,0.01651,0.3803
WD,Layne Sleeth,Yufei Long,55ed7e0a-ff2d-4ac2-aad6-b6772ef4f448,20945292-032a-47f1-93c5-d44ada6e4783,1.4545,0.03031,0.3838
WD,Alix Truong,Liz Truluck,646f7432-e6ad-4ccf-95ee-a0e5d9514d28,71992955-8b6f-470b-a991-796cfa56a826,1.4545,0.01511,0.3799
WD,Vivienne David,Cailyn Campbell,afc0bfc9-8cd8-4600-bd45-681092186db3,9eff9049-c45c-42ee-9a49-e9a797cc2116,1.454,0.02703,0.3827
WD,Meghan Dizon,Callie Smith,8f521dcc-1cb5-4c8d-933c-af6b267bd395,0c1bb94d-3af2-42f4-b938-d712c707ace4,1.4535,0.01689,0.3795
WD,Ting Chieh Wei,Daria Walczak,29e8121d-6f86-4192-b7af-ab05b77b89fe,3e6b668a-8d26-4424-9420-3ceb18486b65,1.4535,0.01899,0.3801
WD,Estee Widdershoven,Lucy Kovalova,bf84d952-c6a8-4494-943d-064b223e764f,504e8c08-caf6-4db8-b454-11ffa321261c,1.4532,0.02575,0.3817
WD,Milan Rane,Maggie Brascia,eb14fc6e-ede1-4999-bec3-e36695e7f94e,736475dd-7ccd-40d8-8b43-8c2d9ef9e674,1.4531,0.02352,0.381
WD,Vivian Glozman,Mary Brascia,ff789b9c-80c4-442c-b97e-2e2311298cfb,1dd5c313-10f5-4e0a-bb9b-699913a5abe8,1.452,0.04136,0.3845
WD,Samantha Parker,Estee Widdershoven,6794d224-7da3-43d9-8300-e24e731f5dea,bf84d952-c6a8-4494-943d-064b223e764f,1.4519,0.02039,0.3791
WD,Carlota Trevino,Allie Reichert,70c18684-f615-4d05-9aa9-5cbdbd53ab9f,dcd029fb-2814-401b-a1cb-0c4269d9954b,1.451,0.02726,0.3802
WD,Milan Rane,Lucy Kovalova,eb14fc6e-ede1-4999-bec3-e36695e7f94e,504e8c08-caf6-4db8-b454-11ffa321261c,1.4506,0.02208,0.3786
WD,Ting Chieh Wei,Eugenia Carolina Lopez Ascarate,29e8121d-6f86-4192-b7af-ab05b77b89fe,577d1124-44c9-435d-88e9-01a146f2d177,1.4505,0.03323,0.3814
WD,Carlota Trevino,Isabella Dunlap,70c18684-f615-4d05-9aa9-5cbdbd53ab9f,719e2d3b-d10d-402d-a195-41f072214679,1.4504,0.01688,0.377
WD,Vivian Glozman,Christine Maddox,ff789b9c-80c4-442c-b97e-2e2311298cfb,3ad652aa-3fdd-4e53-8f34-dfdedc3c1901,1.45,0.06677,0.3886
WD,Jessie Irvine,Allie Reichert,8e2f9629-19d0-409d-81dc-b64fe2f3d3ff,dcd029fb-2814-401b-a1cb-0c4269d9954b,1.4497,0.02456,0.3785
WD,Layne Sleeth,Liz Truluck,55ed7e0a-ff2d-4ac2-aad6-b6772ef4f448,71992955-8b6f-470b-a991-796cfa56a826,1.4494,0.01658,0.3761
WD,Samantha Parker,Milan Rane,6794d224-7da3-43d9-8300-e24e731f5dea,eb14fc6e-ede1-4999-bec3-e36695e7f94e,1.4493,0.01671,0.376
WD,Brooke Buckner,Estee Widdershoven,06dc9b8a-5c01-49cf-bb4d-70d7b5f85acf,bf84d952-c6a8-4494-943d-064b223e764f,1.4492,0.01726,0.3762
WD,Jessie Irvine,Isabella Dunlap,8e2f9629-19d0-409d-81dc-b64fe2f3d3ff,719e2d3b-d10d-402d-a195-41f072214679,1.4491,0.01418,0.3751
WD,Sahra Dennehy,Marianna Petrei,051f5c82-82ce-4ab8-b4f8-36976638a89b,12890797-7355-49ca-848e-56d67e33c4de,1.4489,0.03415,0.3804
WD,Etta Tuionetoa,Kaitlyn Christian,676b1cbc-766c-4616-bf39-1787ffd8c72a,66a6c35b-33a2-4a23-b5db-fa53c96d643a,1.4479,0.01544,0.3746
WD,Leigh Waters,Marianna Petrei,1bfba782-55f3-42e4-9889-9018e793c0b5,12890797-7355-49ca-848e-56d67e33c4de,1.4478,0.04669,0.3826
WD,Allyce Jones,Marianna Petrei,efe9989b-5864-48c2-806c-06697024e1da,12890797-7355-49ca-848e-56d67e33c4de,1.4471,0.03235,0.3785
WD,Judit Castillo,Ting Chieh Wei,ec4cdfe2-c6f6-4de1-824e-9adcaeb31196,29e8121d-6f86-4192-b7af-ab05b77b89fe,1.447,0.01753,0.3744
WD,Brooke Buckner,Milan Rane,06dc9b8a-5c01-49cf-bb4d-70d7b5f85acf,eb14fc6e-ede1-4999-bec3-e36695e7f94e,1.4466,0.01359,0.373
WD,Carlota Trevino,Daria Walczak,70c18684-f615-4d05-9aa9-5cbdbd53ab9f,3e6b668a-8d26-4424-9420-3ceb18486b65,1.4466,0.02092,0.375
WD,Chao Yi Wang,Kaitlyn Christian,20684550-cb89-4ea2-9e2f-0f44eb920b45,66a6c35b-33a2-4a23-b5db-fa53c96d643a,1.4454,0.01538,0.3725
WD,Jessie Irvine,Daria Walczak,8e2f9629-19d0-409d-81dc-b64fe2f3d3ff,3e6b668a-8d26-4424-9420-3ceb18486b65,1.4453,0.01822,0.3732
WD,Milan Rane,Estee Widdershoven,eb14fc6e-ede1-4999-bec3-e36695e7f94e,bf84d952-c6a8-4494-943d-064b223e764f,1.4446,0.01613,0.372
WD,Lea Jansen,Ting Chieh Wei,7319013d-d511-4aa5-a356-4aa2cccf94f5,29e8121d-6f86-4192-b7af-ab05b77b89fe,1.4443,0.014,0.3712
WD,Vivian Glozman,Kiora Kunimoto,ff789b9c-80c4-442c-b97e-2e2311298cfb,a95df9a8-772c-4dbf-8c28-e200b7308584,1.4436,0.03157,0.3755
WD,Ting Chieh Wei,Roos Van Reek,29e8121d-6f86-4192-b7af-ab05b77b89fe,4798e757-53f5-4e52-92aa-98172c8f7862,1.4435,0.03122,0.3753
WD,Carlota Trevino,Eugenia Carolina Lopez Ascarate,70c18684-f615-4d05-9aa9-5cbdbd53ab9f,577d1124-44c9-435d-88e9-01a146f2d177,1.4435,0.03516,0.3764
WD,Maggie Brascia,Allie Reichert,736475dd-7ccd-40d8-8b43-8c2d9ef9e674,dcd029fb-2814-401b-a1cb-0c4269d9954b,1.443,0.03493,0.376
WD,Isabella Dunlap,Maggie Brascia,719e2d3b-d10d-402d-a195-41f072214679,736475dd-7ccd-40d8-8b43-8c2d9ef9e674,1.4424,0.02455,0.3727
WD,Jessie Irvine,Eugenia Carolina Lopez Ascarate,8e2f9629-19d0-409d-81dc-b64fe2f3d3ff,577d1124-44c9-435d-88e9-01a146f2d177,1.4422,0.03246,0.3747
WD,Lucy Kovalova,Allie Reichert,504e8c08-caf6-4db8-b454-11ffa321261c,dcd029fb-2814-401b-a1cb-0c4269d9954b,1.4406,0.03349,0.3737
WD,Judit Castillo,Carlota Trevino,ec4cdfe2-c6f6-4de1-824e-9adcaeb31196,70c18684-f615-4d05-9aa9-5cbdbd53ab9f,1.4401,0.01946,0.3693
WD,Ewa Radzikowska,Kaitlyn Christian,1d51becb-4ea0-4878-9660-e3fd2dfaa0ea,66a6c35b-33a2-4a23-b5db-fa53c96d643a,1.44,0.02352,0.3705
WD,Isabella Dunlap,Lucy Kovalova,719e2d3b-d10d-402d-a195-41f072214679,504e8c08-caf6-4db8-b454-11ffa321261c,1.44,0.02311,0.3703
WD,Etta Tuionetoa,Cailyn Campbell,676b1cbc-766c-4616-bf39-1787ffd8c72a,9eff9049-c45c-42ee-9a49-e9a797cc2116,1.4397,0.01592,0.3679
WD,Samantha Parker,Allie Reichert,6794d224-7da3-43d9-8300-e24e731f5dea,dcd029fb-2814-401b-a1cb-0c4269d9954b,1.4392,0.02812,0.3711
WD,Judit Castillo,Jessie Irvine,ec4cdfe2-c6f6-4de1-824e-9adcaeb31196,8e2f9629-19d0-409d-81dc-b64fe2f3d3ff,1.4388,0.01676,0.3675
WD,Ting Chieh Wei,Shelby Bates,29e8121d-6f86-4192-b7af-ab05b77b89fe,ded801fd-297a-4761-b63e-d8fbbfeb5762,1.4387,0.03635,0.373
WD,Maggie Brascia,Daria Walczak,736475dd-7ccd-40d8-8b43-8c2d9ef9e674,3e6b668a-8d26-4424-9420-3ceb18486b65,1.4387,0.02859,0.3708
WD,Ting Chieh Wei,Zoey Weil,29e8121d-6f86-4192-b7af-ab05b77b89fe,1d701c30-6b5d-485f-ae97-60f3b0c50896,1.4386,0.01535,0.3669
WD,Samantha Parker,Isabella Dunlap,6794d224-7da3-43d9-8300-e24e731f5dea,719e2d3b-d10d-402d-a195-41f072214679,1.4386,0.01774,0.3676
WD,Sahra Dennehy,Callie Smith,051f5c82-82ce-4ab8-b4f8-36976638a89b,0c1bb94d-3af2-42f4-b938-d712c707ace4,1.4381,0.01808,0.3673
WD,Lea Jansen,Carlota Trevino,7319013d-d511-4aa5-a356-4aa2cccf94f5,70c18684-f615-4d05-9aa9-5cbdbd53ab9f,1.4374,0.01593,0.3661
WD,Chao Yi Wang,Cailyn Campbell,20684550-cb89-4ea2-9e2f-0f44eb920b45,9eff9049-c45c-42ee-9a49-e9a797cc2116,1.4371,0.01587,0.3659
WD,Leigh Waters,Callie Smith,1bfba782-55f3-42e4-9889-9018e793c0b5,0c1bb94d-3af2-42f4-b938-d712c707ace4,1.437,0.03061,0.3701
WD,Brooke Buckner,Allie Reichert,06dc9b8a-5c01-49cf-bb4d-70d7b5f85acf,dcd029fb-2814-401b-a1cb-0c4269d9954b,1.4366,0.025,0.3681
WD,Carlota Trevino,Roos Van Reek,70c18684-f615-4d05-9aa9-5cbdbd53ab9f,4798e757-53f5-4e52-92aa-98172c8f7862,1.4365,0.03316,0.3704
WD,Meghan Dizon,Kaitlyn Christian,8f521dcc-1cb5-4c8d-933c-af6b267bd395,66a6c35b-33a2-4a23-b5db-fa53c96d643a,1.4364,0.01518,0.3651
WD,Allyce Jones,Callie Smith,efe9989b-5864-48c2-806c-06697024e1da,0c1bb94d-3af2-42f4-b938-d712c707ace4,1.4364,0.01627,0.3654
WD,Daria Walczak,Lucy Kovalova,3e6b668a-8d26-4424-9420-3ceb18486b65,504e8c08-caf6-4db8-b454-11ffa321261c,1.4362,0.02715,0.3685
WD,Lea Jansen,Jessie Irvine,7319013d-d511-4aa5-a356-4aa2cccf94f5,8e2f9629-19d0-409d-81dc-b64fe2f3d3ff,1.4361,0.01323,0.3642
WD,Brooke Buckner,Isabella Dunlap,06dc9b8a-5c01-49cf-bb4d-70d7b5f85acf,719e2d3b-d10d-402d-a195-41f072214679,1.436,0.01462,0.3646
WD,Maggie Brascia,Eugenia Carolina Lopez Ascarate,736475dd-7ccd-40d8-8b43-8c2d9ef9e674,577d1124-44c9-435d-88e9-01a146f2d177,1.4356,0.04283,0.3722
WD,Roos Van Reek,Jessie Irvine,4798e757-53f5-4e52-92aa-98172c8f7862,8e2f9629-19d0-409d-81dc-b64fe2f3d3ff,1.4352,0.03045,0.3686
WD,Yana Newell,Marianna Petrei,655e0349-7e66-4233-b999-b6cca2298f9b,12890797-7355-49ca-848e-56d67e33c4de,1.4351,0.04766,0.3731
WD,Samantha Parker,Daria Walczak,6794d224-7da3-43d9-8300-e24e731f5dea,3e6b668a-8d26-4424-9420-3ceb18486b65,1.4348,0.02179,0.3658
WD,Danni-Elle Townsend,Katerina Stewart,2c4de762-88d6-47c3-8b2b-af562c5d1f93,3cec5850-24e2-44e3-96bc-ee87aa34581d,1.4346,0.02831,0.3675
WD,Estee Widdershoven,Allie Reichert,bf84d952-c6a8-4494-943d-064b223e764f,dcd029fb-2814-401b-a1cb-0c4269d9954b,1.4345,0.02754,0.3672
WD,Isabella Dunlap,Estee Widdershoven,719e2d3b-d10d-402d-a195-41f072214679,bf84d952-c6a8-4494-943d-064b223e764f,1.434,0.01716,0.3637
WD,Lucy Kovalova,Eugenia Carolina Lopez Ascarate,504e8c08-caf6-4db8-b454-11ffa321261c,577d1124-44c9-435d-88e9-01a146f2d177,1.4331,0.04139,0.37
WD,Milan Rane,Allie Reichert,eb14fc6e-ede1-4999-bec3-e36695e7f94e,dcd029fb-2814-401b-a1cb-0c4269d9954b,1.4327,0.02386,0.3647
WD,Brooke Buckner,Daria Walczak,06dc9b8a-5c01-49cf-bb4d-70d7b5f85acf,3e6b668a-8d26-4424-9420-3ceb18486b65,1.4322,0.01866,0.3627
WD,Judit Castillo,Maggie Brascia,ec4cdfe2-c6f6-4de1-824e-9adcaeb31196,736475dd-7ccd-40d8-8b43-8c2d9ef9e674,1.4322,0.02713,0.3652
WD,Isabella Dunlap,Milan Rane,719e2d3b-d10d-402d-a195-41f072214679,eb14fc6e-ede1-4999-bec3-e36695e7f94e,1.4322,0.01348,0.3611
WD,Carlota Trevino,Shelby Bates,70c18684-f615-4d05-9aa9-5cbdbd53ab9f,ded801fd-297a-4761-b63e-d8fbbfeb5762,1.4318,0.03829,0.3681
WD,Ewa Radzikowska,Cailyn Campbell,1d51becb-4ea0-4878-9660-e3fd2dfaa0ea,9eff9049-c45c-42ee-9a49-e9a797cc2116,1.4317,0.024,0.364
WD,Carlota Trevino,Zoey Weil,70c18684-f615-4d05-9aa9-5cbdbd53ab9f,1d701c30-6b5d-485f-ae97-60f3b0c50896,1.4317,0.01728,0.3619
WD,Samantha Parker,Eugenia Carolina Lopez Ascarate,6794d224-7da3-43d9-8300-e24e731f5dea,577d1124-44c9-435d-88e9-01a146f2d177,1.4317,0.03602,0.3674
WD,Sofia Sewing,Katerina Stewart,b9bacc1e-29b5-4a92-a9c1-24e08ac72215,3cec5850-24e2-44e3-96bc-ee87aa34581d,1.431,0.03039,0.3653
WD,Bobbi Oshiro,Mary Brascia,7f36e416-0907-43b2-8ec4-e9533088e30f,1dd5c313-10f5-4e0a-bb9b-699913a5abe8,1.4308,0.06263,0.3735
WD,Jessie Irvine,Shelby Bates,8e2f9629-19d0-409d-81dc-b64fe2f3d3ff,ded801fd-297a-4761-b63e-d8fbbfeb5762,1.4305,0.03558,0.3664
WD,Jessie Irvine,Zoey Weil,8e2f9629-19d0-409d-81dc-b64fe2f3d3ff,1d701c30-6b5d-485f-ae97-60f3b0c50896,1.4304,0.01458,0.36
WD,Estee Widdershoven,Daria Walczak,bf84d952-c6a8-4494-943d-064b223e764f,3e6b668a-8d26-4424-9420-3ceb18486b65,1.4302,0.0212,0.3619
WD,Judit Castillo,Lucy Kovalova,ec4cdfe2-c6f6-4de1-824e-9adcaeb31196,504e8c08-caf6-4db8-b454-11ffa321261c,1.4297,0.02569,0.3629
WD,Lea Jansen,Maggie Brascia,7319013d-d511-4aa5-a356-4aa2cccf94f5,736475dd-7ccd-40d8-8b43-8c2d9ef9e674,1.4294,0.0236,0.362
WD,Lacy Schneemann,Mary Brascia,a3ed7970-35d2-485c-8285-187c298a2d83,1dd5c313-10f5-4e0a-bb9b-699913a5abe8,1.4291,0.02663,0.3627
WD,Brooke Buckner,Eugenia Carolina Lopez Ascarate,06dc9b8a-5c01-49cf-bb4d-70d7b5f85acf,577d1124-44c9-435d-88e9-01a146f2d177,1.4291,0.0329,0.3645
WD,Catherine Parenteau,Mary Brascia,9b97206b-783a-4fab-85e9-45a6240325a5,1dd5c313-10f5-4e0a-bb9b-699913a5abe8,1.4288,0.02553,0.3621
WD,Bobbi Oshiro,Christine Maddox,7f36e416-0907-43b2-8ec4-e9533088e30f,3ad652aa-3fdd-4e53-8f34-dfdedc3c1901,1.4288,0.08803,0.3777
WD,Roos Van Reek,Maggie Brascia,4798e757-53f5-4e52-92aa-98172c8f7862,736475dd-7ccd-40d8-8b43-8c2d9ef9e674,1.4286,0.04082,0.3663
WD,Milan Rane,Daria Walczak,eb14fc6e-ede1-4999-bec3-e36695e7f94e,3e6b668a-8d26-4424-9420-3ceb18486b65,1.4284,0.01752,0.3593
WD,Judit Castillo,Samantha Parker,ec4cdfe2-c6f6-4de1-824e-9adcaeb31196,6794d224-7da3-43d9-8300-e24e731f5dea,1.4283,0.02033,0.3602
WD,Meghan Dizon,Cailyn Campbell,8f521dcc-1cb5-4c8d-933c-af6b267bd395,9eff9049-c45c-42ee-9a49-e9a797cc2116,1.4281,0.01566,0.3585
WD,Lacy Schneemann,Christine Maddox,a3ed7970-35d2-485c-8285-187c298a2d83,3ad652aa-3fdd-4e53-8f34-dfdedc3c1901,1.4271,0.05204,0.3681
WD,Estee Widdershoven,Eugenia Carolina Lopez Ascarate,bf84d952-c6a8-4494-943d-064b223e764f,577d1124-44c9-435d-88e9-01a146f2d177,1.4271,0.03544,0.3637
WD,Lea Jansen,Lucy Kovalova,7319013d-d511-4aa5-a356-4aa2cccf94f5,504e8c08-caf6-4db8-b454-11ffa321261c,1.427,0.02216,0.3597
WD,Catherine Parenteau,Christine Maddox,9b97206b-783a-4fab-85e9-45a6240325a5,3ad652aa-3fdd-4e53-8f34-dfdedc3c1901,1.4268,0.05094,0.3676
WD,Roos Van Reek,Lucy Kovalova,4798e757-53f5-4e52-92aa-98172c8f7862,504e8c08-caf6-4db8-b454-11ffa321261c,1.4262,0.03938,0.364
WD,Brooke Buckner,Judit Castillo,06dc9b8a-5c01-49cf-bb4d-70d7b5f85acf,ec4cdfe2-c6f6-4de1-824e-9adcaeb31196,1.4257,0.0172,0.357
WD,Lea Jansen,Samantha Parker,7319013d-d511-4aa5-a356-4aa2cccf94f5,6794d224-7da3-43d9-8300-e24e731f5dea,1.4256,0.01679,0.3568
WD,Ting Chieh Wei,Genie Erokhina,29e8121d-6f86-4192-b7af-ab05b77b89fe,461f063e-a587-4638-bad9-421ff33d91d7,1.4253,0.01495,0.356
WD,Milan Rane,Eugenia Carolina Lopez Ascarate,eb14fc6e-ede1-4999-bec3-e36695e7f94e,577d1124-44c9-435d-88e9-01a146f2d177,1.4253,0.03176,0.3612
WD,Isabella Dunlap,Allie Reichert,719e2d3b-d10d-402d-a195-41f072214679,dcd029fb-2814-401b-a1cb-0c4269d9954b,1.4252,0.02489,0.3591
WD,Ting Chieh Wei,Yufei Long,29e8121d-6f86-4192-b7af-ab05b77b89fe,20945292-032a-47f1-93c5-d44ada6e4783,1.4251,0.02875,0.3602
WD,Samantha Parker,Roos Van Reek,6794d224-7da3-43d9-8300-e24e731f5dea,4798e757-53f5-4e52-92aa-98172c8f7862,1.4248,0.03402,0.3615
WD,Yana Newell,Callie Smith,655e0349-7e66-4233-b999-b6cca2298f9b,0c1bb94d-3af2-42f4-b938-d712c707ace4,1.4244,0.03158,0.3604
WD,Maggie Brascia,Shelby Bates,736475dd-7ccd-40d8-8b43-8c2d9ef9e674,ded801fd-297a-4761-b63e-d8fbbfeb5762,1.4239,0.04595,0.3641
WD,Maggie Brascia,Zoey Weil,736475dd-7ccd-40d8-8b43-8c2d9ef9e674,1d701c30-6b5d-485f-ae97-60f3b0c50896,1.4238,0.02495,0.358
WD,Judit Castillo,Estee Widdershoven,ec4cdfe2-c6f6-4de1-824e-9adcaeb31196,bf84d952-c6a8-4494-943d-064b223e764f,1.4237,0.01974,0.3563
WD,Brooke Buckner,Lea Jansen,06dc9b8a-5c01-49cf-bb4d-70d7b5f85acf,7319013d-d511-4aa5-a356-4aa2cccf94f5,1.423,0.01367,0.3537
WD,Bobbi Oshiro,Kiora Kunimoto,7f36e416-0907-43b2-8ec4-e9533088e30f,a95df9a8-772c-4dbf-8c28-e200b7308584,1.4224,0.05283,0.3649
WD,Jillian Braverman,Marianna Petrei,98c2531f-f5ce-48b5-b251-eb69425d409c,12890797-7355-49ca-848e-56d67e33c4de,1.4224,0.07505,0.3703
WD,Brooke Buckner,Roos Van Reek,06dc9b8a-5c01-49cf-bb4d-70d7b5f85acf,4798e757-53f5-4e52-92aa-98172c8f7862,1.4222,0.03089,0.3585
WD,Danni-Elle Townsend,Seone Mendez,2c4de762-88d6-47c3-8b2b-af562c5d1f93,0d14405e-2e45-4dcb-8fb7-73558c261b4f,1.4221,0.04523,0.3626
WD,Judit Castillo,Milan Rane,ec4cdfe2-c6f6-4de1-824e-9adcaeb31196,eb14fc6e-ede1-4999-bec3-e36695e7f94e,1.4219,0.01607,0.3536
WD,Daria Walczak,Allie Reichert,3e6b668a-8d26-4424-9420-3ceb18486b65,dcd029fb-2814-401b-a1cb-0c4269d9954b,1.4214,0.02894,0.3574
WD,Lucy Kovalova,Shelby Bates,504e8c08-caf6-4db8-b454-11ffa321261c,ded801fd-297a-4761-b63e-d8fbbfeb5762,1.4214,0.04451,0.3619
WD,Lucy Kovalova,Zoey Weil,504e8c08-caf6-4db8-b454-11ffa321261c,1d701c30-6b5d-485f-ae97-60f3b0c50896,1.4213,0.02351,0.3556
WD,Sahra Dennehy,Kaitlyn Christian,051f5c82-82ce-4ab8-b4f8-36976638a89b,66a6c35b-33a2-4a23-b5db-fa53c96d643a,1.4211,0.01636,0.3531
WD,Isabella Dunlap,Daria Walczak,719e2d3b-d10d-402d-a195-41f072214679,3e6b668a-8d26-4424-9420-3ceb18486b65,1.421,0.01856,0.3538
WD,Lea Jansen,Estee Widdershoven,7319013d-d511-4aa5-a356-4aa2cccf94f5,bf84d952-c6a8-4494-943d-064b223e764f,1.4209,0.0162,0.353
WD,Lacy Schneemann,Kiora Kunimoto,a3ed7970-35d2-485c-8285-187c298a2d83,a95df9a8-772c-4dbf-8c28-e200b7308584,1.4207,0.01684,0.353
WD,Alix Truong,Marianna Petrei,646f7432-e6ad-4ccf-95ee-a0e5d9514d28,12890797-7355-49ca-848e-56d67e33c4de,1.4206,0.03221,0.3577
WD,Catherine Parenteau,Kiora Kunimoto,9b97206b-783a-4fab-85e9-45a6240325a5,a95df9a8-772c-4dbf-8c28-e200b7308584,1.4204,0.01574,0.3524
WD,Ting Chieh Wei,Liz Truluck,29e8121d-6f86-4192-b7af-ab05b77b89fe,71992955-8b6f-470b-a991-796cfa56a826,1.4201,0.01502,0.3519
WD,Roos Van Reek,Estee Widdershoven,4798e757-53f5-4e52-92aa-98172c8f7862,bf84d952-c6a8-4494-943d-064b223e764f,1.4201,0.03343,0.3577
WD,Leigh Waters,Kaitlyn Christian,1bfba782-55f3-42e4-9889-9018e793c0b5,66a6c35b-33a2-4a23-b5db-fa53c96d643a,1.42,0.0289,0.3563
WD,Samantha Parker,Shelby Bates,6794d224-7da3-43d9-8300-e24e731f5dea,ded801fd-297a-4761-b63e-d8fbbfeb5762,1.42,0.03915,0.3593
WD,Samantha Parker,Zoey Weil,6794d224-7da3-43d9-8300-e24e731f5dea,1d701c30-6b5d-485f-ae97-60f3b0c50896,1.4199,0.01814,0.3528
WD,Allyce Jones,Kaitlyn Christian,efe9989b-5864-48c2-806c-06697024e1da,66a6c35b-33a2-4a23-b5db-fa53c96d643a,1.4193,0.01456,0.3511
WD,Lea Jansen,Milan Rane,7319013d-d511-4aa5-a356-4aa2cccf94f5,eb14fc6e-ede1-4999-bec3-e36695e7f94e,1.4191,0.01253,0.3503
WD,Sofia Sewing,Seone Mendez,b9bacc1e-29b5-4a92-a9c1-24e08ac72215,0d14405e-2e45-4dcb-8fb7-73558c261b4f,1.4185,0.04731,0.3605
WD,Carlota Trevino,Genie Erokhina,70c18684-f615-4d05-9aa9-5cbdbd53ab9f,461f063e-a587-4638-bad9-421ff33d91d7,1.4183,0.01688,0.3511
WD,Roos Van Reek,Milan Rane,4798e757-53f5-4e52-92aa-98172c8f7862,eb14fc6e-ede1-4999-bec3-e36695e7f94e,1.4183,0.02976,0.3552
WD,Allie Reichert,Eugenia Carolina Lopez Ascarate,dcd029fb-2814-401b-a1cb-0c4269d9954b,577d1124-44c9-435d-88e9-01a146f2d177,1.4183,0.04317,0.3592
WD,Carlota Trevino,Yufei Long,70c18684-f615-4d05-9aa9-5cbdbd53ab9f,20945292-032a-47f1-93c5-d44ada6e4783,1.4182,0.03068,0.3554
WD,Isabella Dunlap,Eugenia Carolina Lopez Ascarate,719e2d3b-d10d-402d-a195-41f072214679,577d1124-44c9-435d-88e9-01a146f2d177,1.4179,0.0328,0.3558
WD,Brooke Buckner,Shelby Bates,06dc9b8a-5c01-49cf-bb4d-70d7b5f85acf,ded801fd-297a-4761-b63e-d8fbbfeb5762,1.4174,0.03602,0.3564
WD,Brooke Buckner,Zoey Weil,06dc9b8a-5c01-49cf-bb4d-70d7b5f85acf,1d701c30-6b5d-485f-ae97-60f3b0c50896,1.4173,0.01502,0.3496
WD,Jessie Irvine,Genie Erokhina,8e2f9629-19d0-409d-81dc-b64fe2f3d3ff,461f063e-a587-4638-bad9-421ff33d91d7,1.417,0.01418,0.3491
WD,Jessie Irvine,Yufei Long,8e2f9629-19d0-409d-81dc-b64fe2f3d3ff,20945292-032a-47f1-93c5-d44ada6e4783,1.4169,0.02798,0.3535
WD,Vivienne David,Mary Brascia,afc0bfc9-8cd8-4600-bd45-681092186db3,1dd5c313-10f5-4e0a-bb9b-699913a5abe8,1.4164,0.03835,0.3563
WD,Layne Sleeth,Marianna Petrei,55ed7e0a-ff2d-4ac2-aad6-b6772ef4f448,12890797-7355-49ca-848e-56d67e33c4de,1.4154,0.03368,0.3541
WD,Estee Widdershoven,Shelby Bates,bf84d952-c6a8-4494-943d-064b223e764f,ded801fd-297a-4761-b63e-d8fbbfeb5762,1.4154,0.03856,0.3556
WD,Estee Widdershoven,Zoey Weil,bf84d952-c6a8-4494-943d-064b223e764f,1d701c30-6b5d-485f-ae97-60f3b0c50896,1.4153,0.01756,0.3489
WD,Daria Walczak,Eugenia Carolina Lopez Ascarate,3e6b668a-8d26-4424-9420-3ceb18486b65,577d1124-44c9-435d-88e9-01a146f2d177,1.4153,0.03684,0.355
WD,Judit Castillo,Allie Reichert,ec4cdfe2-c6f6-4de1-824e-9adcaeb31196,dcd029fb-2814-401b-a1cb-0c4269d9954b,1.4149,0.02748,0.3518
WD,Judit Castillo,Isabella Dunlap,ec4cdfe2-c6f6-4de1-824e-9adcaeb31196,719e2d3b-d10d-402d-a195-41f072214679,1.4145,0.0171,0.3481
WD,Vivienne David,Christine Maddox,afc0bfc9-8cd8-4600-bd45-681092186db3,3ad652aa-3fdd-4e53-8f34-dfdedc3c1901,1.4144,0.06376,0.3618
WD,Milan Rane,Shelby Bates,eb14fc6e-ede1-4999-bec3-e36695e7f94e,ded801fd-297a-4761-b63e-d8fbbfeb5762,1.4136,0.03489,0.3531
WD,Milan Rane,Zoey Weil,eb14fc6e-ede1-4999-bec3-e36695e7f94e,1d701c30-6b5d-485f-ae97-60f3b0c50896,1.4135,0.01388,0.3462
WD,Carlota Trevino,Liz Truluck,70c18684-f615-4d05-9aa9-5cbdbd53ab9f,71992955-8b6f-470b-a991-796cfa56a826,1.4131,0.01695,0.347
WD,Sahra Dennehy,Cailyn Campbell,051f5c82-82ce-4ab8-b4f8-36976638a89b,9eff9049-c45c-42ee-9a49-e9a797cc2116,1.4128,0.01685,0.3467
WD,Lea Jansen,Allie Reichert,7319013d-d511-4aa5-a356-4aa2cccf94f5,dcd029fb-2814-401b-a1cb-0c4269d9954b,1.4122,0.02394,0.3486
WD,Judit Castillo,Daria Walczak,ec4cdfe2-c6f6-4de1-824e-9adcaeb31196,3e6b668a-8d26-4424-9420-3ceb18486b65,1.4119,0.02114,0.3474
WD,Lea Jansen,Isabella Dunlap,7319013d-d511-4aa5-a356-4aa2cccf94f5,719e2d3b-d10d-402d-a195-41f072214679,1.4118,0.01356,0.3447
WD,Jessie Irvine,Liz Truluck,8e2f9629-19d0-409d-81dc-b64fe2f3d3ff,71992955-8b6f-470b-a991-796cfa56a826,1.4118,0.01425,0.345
WD,Leigh Waters,Cailyn Campbell,1bfba782-55f3-42e4-9889-9018e793c0b5,9eff9049-c45c-42ee-9a49-e9a797cc2116,1.4117,0.02938,0.3499
WD,Jillian Braverman,Callie Smith,98c2531f-f5ce-48b5-b251-eb69425d409c,0c1bb94d-3af2-42f4-b938-d712c707ace4,1.4116,0.05898,0.3585
WD,Roos Van Reek,Allie Reichert,4798e757-53f5-4e52-92aa-98172c8f7862,dcd029fb-2814-401b-a1cb-0c4269d9954b,1.4114,0.04117,0.3533
WD,Allyce Jones,Cailyn Campbell,efe9989b-5864-48c2-806c-06697024e1da,9eff9049-c45c-42ee-9a49-e9a797cc2116,1.4111,0.01504,0.3447
WD,Roos Van Reek,Isabella Dunlap,4798e757-53f5-4e52-92aa-98172c8f7862,719e2d3b-d10d-402d-a195-41f072214679,1.411,0.03079,0.3498
WD,Mari Humberg,Katerina Stewart,b1ab7d76-a859-4136-8405-3ed7c9be287a,3cec5850-24e2-44e3-96bc-ee87aa34581d,1.4105,0.02764,0.3484
WD,Maggie Brascia,Genie Erokhina,736475dd-7ccd-40d8-8b43-8c2d9ef9e674,461f063e-a587-4638-bad9-421ff33d91d7,1.4104,0.02455,0.3474
WD,Maggie Brascia,Yufei Long,736475dd-7ccd-40d8-8b43-8c2d9ef9e674,20945292-032a-47f1-93c5-d44ada6e4783,1.4103,0.03835,0.3516
WD,Alix Truong,Callie Smith,646f7432-e6ad-4ccf-95ee-a0e5d9514d28,0c1bb94d-3af2-42f4-b938-d712c707ace4,1.4098,0.01613,0.3441
WD,Judit Castillo,Eugenia Carolina Lopez Ascarate,ec4cdfe2-c6f6-4de1-824e-9adcaeb31196,577d1124-44c9-435d-88e9-01a146f2d177,1.4098,0.03538,0.3503
WD,Lea Jansen,Daria Walczak,7319013d-d511-4aa5-a356-4aa2cccf94f5,3e6b668a-8d26-4424-9420-3ceb18486b65,1.4092,0.0176,0.3441
WD,Roos Van Reek,Daria Walczak,4798e757-53f5-4e52-92aa-98172c8f7862,3e6b668a-8d26-4424-9420-3ceb18486b65,1.4083,0.03483,0.3491
WD,Vivienne David,Kiora Kunimoto,afc0bfc9-8cd8-4600-bd45-681092186db3,a95df9a8-772c-4dbf-8c28-e200b7308584,1.408,0.02856,0.3468
WD,Lucy Kovalova,Genie Erokhina,504e8c08-caf6-4db8-b454-11ffa321261c,461f063e-a587-4638-bad9-421ff33d91d7,1.4079,0.02311,0.345
WD,Yufei Long,Lucy Kovalova,20945292-032a-47f1-93c5-d44ada6e4783,504e8c08-caf6-4db8-b454-11ffa321261c,1.4078,0.0369,0.3493
WD,Yana Newell,Kaitlyn Christian,655e0349-7e66-4233-b999-b6cca2298f9b,66a6c35b-33a2-4a23-b5db-fa53c96d643a,1.4073,0.02987,0.3467
WD,Lea Jansen,Eugenia Carolina Lopez Ascarate,7319013d-d511-4aa5-a356-4aa2cccf94f5,577d1124-44c9-435d-88e9-01a146f2d177,1.407,0.03184,0.3471
WD,Samantha Parker,Genie Erokhina,6794d224-7da3-43d9-8300-e24e731f5dea,461f063e-a587-4638-bad9-421ff33d91d7,1.4066,0.01774,0.342
WD,Shelby Bates,Allie Reichert,ded801fd-297a-4761-b63e-d8fbbfeb5762,dcd029fb-2814-401b-a1cb-0c4269d9954b,1.4066,0.0463,0.3512
WD,Zoey Weil,Allie Reichert,1d701c30-6b5d-485f-ae97-60f3b0c50896,dcd029fb-2814-401b-a1cb-0c4269d9954b,1.4065,0.02529,0.3446
WD,Samantha Parker,Yufei Long,6794d224-7da3-43d9-8300-e24e731f5dea,20945292-032a-47f1-93c5-d44ada6e4783,1.4064,0.03154,0.3466
WD,Roos Van Reek,Eugenia Carolina Lopez Ascarate,4798e757-53f5-4e52-92aa-98172c8f7862,577d1124-44c9-435d-88e9-01a146f2d177,1.4062,0.04907,0.3517
WD,Isabella Dunlap,Shelby Bates,719e2d3b-d10d-402d-a195-41f072214679,ded801fd-297a-4761-b63e-d8fbbfeb5762,1.4062,0.03592,0.3478
WD,Isabella Dunlap,Zoey Weil,719e2d3b-d10d-402d-a195-41f072214679,1d701c30-6b5d-485f-ae97-60f3b0c50896,1.4061,0.01492,0.3407
WD,Maggie Brascia,Liz Truluck,736475dd-7ccd-40d8-8b43-8c2d9ef9e674,71992955-8b6f-470b-a991-796cfa56a826,1.4052,0.02462,0.3433
WD,Layne Sleeth,Callie Smith,55ed7e0a-ff2d-4ac2-aad6-b6772ef4f448,0c1bb94d-3af2-42f4-b938-d712c707ace4,1.4047,0.01761,0.3405
WD,Lea Jansen,Judit Castillo,7319013d-d511-4aa5-a356-4aa2cccf94f5,ec4cdfe2-c6f6-4de1-824e-9adcaeb31196,1.4047,0.01614,0.34
WD,Brooke Buckner,Genie Erokhina,06dc9b8a-5c01-49cf-bb4d-70d7b5f85acf,461f063e-a587-4638-bad9-421ff33d91d7,1.4039,0.01462,0.3388
WD,Judit Castillo,Roos Van Reek,ec4cdfe2-c6f6-4de1-824e-9adcaeb31196,4798e757-53f5-4e52-92aa-98172c8f7862,1.4039,0.03337,0.3452
WD,Brooke Buckner,Yufei Long,06dc9b8a-5c01-49cf-bb4d-70d7b5f85acf,20945292-032a-47f1-93c5-d44ada6e4783,1.4038,0.02842,0.3435
WD,Daria Walczak,Shelby Bates,3e6b668a-8d26-4424-9420-3ceb18486b65,ded801fd-297a-4761-b63e-d8fbbfeb5762,1.4036,0.03996,0.3471
WD,Daria Walczak,Zoey Weil,3e6b668a-8d26-4424-9420-3ceb18486b65,1d701c30-6b5d-485f-ae97-60f3b0c50896,1.4035,0.01896,0.34
WD,Lucy Kovalova,Liz Truluck,504e8c08-caf6-4db8-b454-11ffa321261c,71992955-8b6f-470b-a991-796cfa56a826,1.4027,0.02318,0.3409
WD,Etta Tuionetoa,Mary Brascia,676b1cbc-766c-4616-bf39-1787ffd8c72a,1dd5c313-10f5-4e0a-bb9b-699913a5abe8,1.4021,0.02724,0.3418
WD,Lea Jansen,Roos Van Reek,7319013d-d511-4aa5-a356-4aa2cccf94f5,4798e757-53f5-4e52-92aa-98172c8f7862,1.402,0.02984,0.3426
WD,Estee Widdershoven,Genie Erokhina,bf84d952-c6a8-4494-943d-064b223e764f,461f063e-a587-4638-bad9-421ff33d91d7,1.4019,0.01716,0.3381
WD,Estee Widdershoven,Yufei Long,bf84d952-c6a8-4494-943d-064b223e764f,20945292-032a-47f1-93c5-d44ada6e4783,1.4018,0.03095,0.3428
WD,Shelby Bates,Eugenia Carolina Lopez Ascarate,ded801fd-297a-4761-b63e-d8fbbfeb5762,577d1124-44c9-435d-88e9-01a146f2d177,1.4015,0.0542,0.3497
WD,Zoey Weil,Eugenia Carolina Lopez Ascarate,1d701c30-6b5d-485f-ae97-60f3b0c50896,577d1124-44c9-435d-88e9-01a146f2d177,1.4014,0.03319,0.3432
WD,Samantha Parker,Liz Truluck,6794d224-7da3-43d9-8300-e24e731f5dea,71992955-8b6f-470b-a991-796cfa56a826,1.4013,0.01781,0.3379
WD,Milan Rane,Genie Erokhina,eb14fc6e-ede1-4999-bec3-e36695e7f94e,461f063e-a587-4638-bad9-421ff33d91d7,1.4001,0.01348,0.3354
WD,Etta Tuionetoa,Christine Maddox,676b1cbc-766c-4616-bf39-1787ffd8c72a,3ad652aa-3fdd-4e53-8f34-dfdedc3c1901,1.4,0.05265,0.3482
WD,Milan Rane,Yufei Long,eb14fc6e-ede1-4999-bec3-e36695e7f94e,20945292-032a-47f1-93c5-d44ada6e4783,1.4,0.02728,0.3402
WD,Chao Yi Wang,Mary Brascia,20684550-cb89-4ea2-9e2f-0f44eb920b45,1dd5c313-10f5-4e0a-bb9b-699913a5abe8,1.3995,0.02718,0.3398
WD,Yana Newell,Cailyn Campbell,655e0349-7e66-4233-b999-b6cca2298f9b,9eff9049-c45c-42ee-9a49-e9a797cc2116,1.3991,0.03035,0.3405
WD,Judit Castillo,Shelby Bates,ec4cdfe2-c6f6-4de1-824e-9adcaeb31196,ded801fd-297a-4761-b63e-d8fbbfeb5762,1.3991,0.0385,0.3432
WD,Judit Castillo,Zoey Weil,ec4cdfe2-c6f6-4de1-824e-9adcaeb31196,1d701c30-6b5d-485f-ae97-60f3b0c50896,1.399,0.0175,0.336
WD,Brooke Buckner,Liz Truluck,06dc9b8a-5c01-49cf-bb4d-70d7b5f85acf,71992955-8b6f-470b-a991-796cfa56a826,1.3987,0.01469,0.3348
WD,Mari Humberg,Seone Mendez,b1ab7d76-a859-4136-8405-3ed7c9be287a,0d14405e-2e45-4dcb-8fb7-73558c261b4f,1.398,0.04456,0.3443
WD,Chao Yi Wang,Christine Maddox,20684550-cb89-4ea2-9e2f-0f44eb920b45,3ad652aa-3fdd-4e53-8f34-dfdedc3c1901,1.3975,0.05259,0.3463
WD,Lea Jansen,Shelby Bates,7319013d-d511-4aa5-a356-4aa2cccf94f5,ded801fd-297a-4761-b63e-d8fbbfeb5762,1.3972,0.03497,0.3407
WD,Lea Jansen,Zoey Weil,7319013d-d511-4aa5-a356-4aa2cccf94f5,1d701c30-6b5d-485f-ae97-60f3b0c50896,1.3971,0.01396,0.3332
WD,Roos Van Reek,Shelby Bates,4798e757-53f5-4e52-92aa-98172c8f7862,ded801fd-297a-4761-b63e-d8fbbfeb5762,1.3967,0.05219,0.3456
WD,Estee Widdershoven,Liz Truluck,bf84d952-c6a8-4494-943d-064b223e764f,71992955-8b6f-470b-a991-796cfa56a826,1.3967,0.01723,0.3341
WD,Roos Van Reek,Zoey Weil,4798e757-53f5-4e52-92aa-98172c8f7862,1d701c30-6b5d-485f-ae97-60f3b0c50896,1.3966,0.03119,0.3389
WD,Milan Rane,Liz Truluck,eb14fc6e-ede1-4999-bec3-e36695e7f94e,71992955-8b6f-470b-a991-796cfa56a826,1.3949,0.01355,0.3313
WD,Jillian Braverman,Kaitlyn Christian,98c2531f-f5ce-48b5-b251-eb69425d409c,66a6c35b-33a2-4a23-b5db-fa53c96d643a,1.3946,0.05727,0.3456
WD,Ewa Radzikowska,Mary Brascia,1d51becb-4ea0-4878-9660-e3fd2dfaa0ea,1dd5c313-10f5-4e0a-bb9b-699913a5abe8,1.3941,0.03532,0.3384
WD,Etta Tuionetoa,Kiora Kunimoto,676b1cbc-766c-4616-bf39-1787ffd8c72a,a95df9a8-772c-4dbf-8c28-e200b7308584,1.3937,0.01745,0.3318
WD,Shelby Bates,Zoey Weil,ded801fd-297a-4761-b63e-d8fbbfeb5762,1d701c30-6b5d-485f-ae97-60f3b0c50896,1.3933,0.03632,0.3381
WD,Allie Reichert,Genie Erokhina,dcd029fb-2814-401b-a1cb-0c4269d9954b,461f063e-a587-4638-bad9-421ff33d91d7,1.3932,0.02489,0.3341
WD,Yufei Long,Allie Reichert,20945292-032a-47f1-93c5-d44ada6e4783,dcd029fb-2814-401b-a1cb-0c4269d9954b,1.393,0.03869,0.3387
WD,Alix Truong,Kaitlyn Christian,646f7432-e6ad-4ccf-95ee-a0e5d9514d28,66a6c35b-33a2-4a23-b5db-fa53c96d643a,1.3928,0.01442,0.33
WD,Isabella Dunlap,Genie Erokhina,719e2d3b-d10d-402d-a195-41f072214679,461f063e-a587-4638-bad9-421ff33d91d7,1.3927,0.01452,0.33
WD,Isabella Dunlap,Yufei Long,719e2d3b-d10d-402d-a195-41f072214679,20945292-032a-47f1-93c5-d44ada6e4783,1.3926,0.02831,0.3349
WD,Ewa Radzikowska,Christine Maddox,1d51becb-4ea0-4878-9660-e3fd2dfaa0ea,3ad652aa-3fdd-4e53-8f34-dfdedc3c1901,1.3921,0.06072,0.3447
WD,Chao Yi Wang,Kiora Kunimoto,20684550-cb89-4ea2-9e2f-0f44eb920b45,a95df9a8-772c-4dbf-8c28-e200b7308584,1.3911,0.01739,0.3298
WD,Meghan Dizon,Mary Brascia,8f521dcc-1cb5-4c8d-933c-af6b267bd395,1dd5c313-10f5-4e0a-bb9b-699913a5abe8,1.3905,0.02698,0.3328
WD,Daria Walczak,Genie Erokhina,3e6b668a-8d26-4424-9420-3ceb18486b65,461f063e-a587-4638-bad9-421ff33d91d7,1.3901,0.01856,0.3295
WD,Daria Walczak,Yufei Long,3e6b668a-8d26-4424-9420-3ceb18486b65,20945292-032a-47f1-93c5-d44ada6e4783,1.39,0.03235,0.3343
WD,Meghan Dizon,Christine Maddox,8f521dcc-1cb5-4c8d-933c-af6b267bd395,3ad652aa-3fdd-4e53-8f34-dfdedc3c1901,1.3885,0.05239,0.3397
WD,Eugenia Carolina Lopez Ascarate,Genie Erokhina,577d1124-44c9-435d-88e9-01a146f2d177,461f063e-a587-4638-bad9-421ff33d91d7,1.388,0.0328,0.333
WD,Yufei Long,Eugenia Carolina Lopez Ascarate,20945292-032a-47f1-93c5-d44ada6e4783,577d1124-44c9-435d-88e9-01a146f2d177,1.3879,0.04659,0.3374
WD,Liz Truluck,Allie Reichert,71992955-8b6f-470b-a991-796cfa56a826,dcd029fb-2814-401b-a1cb-0c4269d9954b,1.3879,0.02496,0.3302
WD,Layne Sleeth,Kaitlyn Christian,55ed7e0a-ff2d-4ac2-aad6-b6772ef4f448,66a6c35b-33a2-4a23-b5db-fa53c96d643a,1.3876,0.0159,0.3265
WD,Isabella Dunlap,Liz Truluck,719e2d3b-d10d-402d-a195-41f072214679,71992955-8b6f-470b-a991-796cfa56a826,1.3875,0.01459,0.3259
WD,Jillian Braverman,Cailyn Campbell,98c2531f-f5ce-48b5-b251-eb69425d409c,9eff9049-c45c-42ee-9a49-e9a797cc2116,1.3863,0.05775,0.3397
WD,Ting Chieh Wei,Marianna Petrei,29e8121d-6f86-4192-b7af-ab05b77b89fe,12890797-7355-49ca-848e-56d67e33c4de,1.3861,0.03212,0.3313
WD,Ewa Radzikowska,Kiora Kunimoto,1d51becb-4ea0-4878-9660-e3fd2dfaa0ea,a95df9a8-772c-4dbf-8c28-e200b7308584,1.3857,0.02552,0.3287
WD,Judit Castillo,Genie Erokhina,ec4cdfe2-c6f6-4de1-824e-9adcaeb31196,461f063e-a587-4638-bad9-421ff33d91d7,1.3856,0.0171,0.3254
WD,Judit Castillo,Yufei Long,ec4cdfe2-c6f6-4de1-824e-9adcaeb31196,20945292-032a-47f1-93c5-d44ada6e4783,1.3855,0.03089,0.3304
WD,Daria Walczak,Liz Truluck,3e6b668a-8d26-4424-9420-3ceb18486b65,71992955-8b6f-470b-a991-796cfa56a826,1.3849,0.01863,0.3255
WD,Alix Truong,Cailyn Campbell,646f7432-e6ad-4ccf-95ee-a0e5d9514d28,9eff9049-c45c-42ee-9a49-e9a797cc2116,1.3845,0.0149,0.3237
WD,Lea Jansen,Genie Erokhina,7319013d-d511-4aa5-a356-4aa2cccf94f5,461f063e-a587-4638-bad9-421ff33d91d7,1.3838,0.01356,0.3226
WD,Lea Jansen,Yufei Long,7319013d-d511-4aa5-a356-4aa2cccf94f5,20945292-032a-47f1-93c5-d44ada6e4783,1.3836,0.02736,0.3278
WD,Roos Van Reek,Genie Erokhina,4798e757-53f5-4e52-92aa-98172c8f7862,461f063e-a587-4638-bad9-421ff33d91d7,1.3832,0.03079,0.3286
WD,Roos Van Reek,Yufei Long,4798e757-53f5-4e52-92aa-98172c8f7862,20945292-032a-47f1-93c5-d44ada6e4783,1.3831,0.04459,0.3332
WD,Liz Truluck,Eugenia Carolina Lopez Ascarate,71992955-8b6f-470b-a991-796cfa56a826,577d1124-44c9-435d-88e9-01a146f2d177,1.3828,0.03286,0.3291
WD,Meghan Dizon,Kiora Kunimoto,8f521dcc-1cb5-4c8d-933c-af6b267bd395,a95df9a8-772c-4dbf-8c28-e200b7308584,1.3821,0.01719,0.3228
WD,Judit Castillo,Liz Truluck,ec4cdfe2-c6f6-4de1-824e-9adcaeb31196,71992955-8b6f-470b-a991-796cfa56a826,1.3804,0.01717,0.3215
WD,Shelby Bates,Genie Erokhina,ded801fd-297a-4761-b63e-d8fbbfeb5762,461f063e-a587-4638-bad9-421ff33d91d7,1.3799,0.03592,0.328
WD,Yufei Long,Shelby Bates,20945292-032a-47f1-93c5-d44ada6e4783,ded801fd-297a-4761-b63e-d8fbbfeb5762,1.3798,0.04972,0.3325
WD,Zoey Weil,Genie Erokhina,1d701c30-6b5d-485f-ae97-60f3b0c50896,461f063e-a587-4638-bad9-421ff33d91d7,1.3798,0.01492,0.3201
WD,Yufei Long,Zoey Weil,20945292-032a-47f1-93c5-d44ada6e4783,1d701c30-6b5d-485f-ae97-60f3b0c50896,1.3797,0.02871,0.3253
WD,Layne Sleeth,Cailyn Campbell,55ed7e0a-ff2d-4ac2-aad6-b6772ef4f448,9eff9049-c45c-42ee-9a49-e9a797cc2116,1.3794,0.01638,0.3204
WD,Carlota Trevino,Marianna Petrei,70c18684-f615-4d05-9aa9-5cbdbd53ab9f,12890797-7355-49ca-848e-56d67e33c4de,1.3792,0.03405,0.3268
WD,Lea Jansen,Liz Truluck,7319013d-d511-4aa5-a356-4aa2cccf94f5,71992955-8b6f-470b-a991-796cfa56a826,1.3786,0.01363,0.3186
WD,Roos Van Reek,Liz Truluck,4798e757-53f5-4e52-92aa-98172c8f7862,71992955-8b6f-470b-a991-796cfa56a826,1.378,0.03086,0.3247
WD,Jessie Irvine,Marianna Petrei,8e2f9629-19d0-409d-81dc-b64fe2f3d3ff,12890797-7355-49ca-848e-56d67e33c4de,1.3779,0.03135,0.3248
WD,Ting Chieh Wei,Callie Smith,29e8121d-6f86-4192-b7af-ab05b77b89fe,0c1bb94d-3af2-42f4-b938-d712c707ace4,1.3753,0.01605,0.3171
WD,Sahra Dennehy,Mary Brascia,051f5c82-82ce-4ab8-b4f8-36976638a89b,1dd5c313-10f5-4e0a-bb9b-699913a5abe8,1.3752,0.02816,0.3216
WD,Shelby Bates,Liz Truluck,ded801fd-297a-4761-b63e-d8fbbfeb5762,71992955-8b6f-470b-a991-796cfa56a826,1.3747,0.03599,0.3241
WD,Liz Truluck,Zoey Weil,71992955-8b6f-470b-a991-796cfa56a826,1d701c30-6b5d-485f-ae97-60f3b0c50896,1.3746,0.01498,0.3161
WD,Leigh Waters,Mary Brascia,1bfba782-55f3-42e4-9889-9018e793c0b5,1dd5c313-10f5-4e0a-bb9b-699913a5abe8,1.3741,0.0407,0.3253
WD,Allyce Jones,Mary Brascia,efe9989b-5864-48c2-806c-06697024e1da,1dd5c313-10f5-4e0a-bb9b-699913a5abe8,1.3735,0.02636,0.3197
WD,Sahra Dennehy,Christine Maddox,051f5c82-82ce-4ab8-b4f8-36976638a89b,3ad652aa-3fdd-4e53-8f34-dfdedc3c1901,1.3732,0.05357,0.3289
WD,Leigh Waters,Christine Maddox,1bfba782-55f3-42e4-9889-9018e793c0b5,3ad652aa-3fdd-4e53-8f34-dfdedc3c1901,1.3721,0.06611,0.332
WD,Allyce Jones,Christine Maddox,efe9989b-5864-48c2-806c-06697024e1da,3ad652aa-3fdd-4e53-8f34-dfdedc3c1901,1.3714,0.05177,0.3271
WD,Maggie Brascia,Marianna Petrei,736475dd-7ccd-40d8-8b43-8c2d9ef9e674,12890797-7355-49ca-848e-56d67e33c4de,1.3712,0.04172,0.3236
WD,Yufei Long,Genie Erokhina,20945292-032a-47f1-93c5-d44ada6e4783,461f063e-a587-4638-bad9-421ff33d91d7,1.3705,0.02831,0.3182
WD,Marianna Petrei,Lucy Kovalova,12890797-7355-49ca-848e-56d67e33c4de,504e8c08-caf6-4db8-b454-11ffa321261c,1.3688,0.04028,0.3213
WD,Carlota Trevino,Callie Smith,70c18684-f615-4d05-9aa9-5cbdbd53ab9f,0c1bb94d-3af2-42f4-b938-d712c707ace4,1.3684,0.01798,0.3126
WD,Samantha Parker,Marianna Petrei,6794d224-7da3-43d9-8300-e24e731f5dea,12890797-7355-49ca-848e-56d67e33c4de,1.3674,0.03492,0.3184
WD,Jessie Irvine,Callie Smith,8e2f9629-19d0-409d-81dc-b64fe2f3d3ff,0c1bb94d-3af2-42f4-b938-d712c707ace4,1.3671,0.01528,0.3105
WD,Sahra Dennehy,Kiora Kunimoto,051f5c82-82ce-4ab8-b4f8-36976638a89b,a95df9a8-772c-4dbf-8c28-e200b7308584,1.3668,0.01837,0.3115
WD,Leigh Waters,Kiora Kunimoto,1bfba782-55f3-42e4-9889-9018e793c0b5,a95df9a8-772c-4dbf-8c28-e200b7308584,1.3657,0.03091,0.3156
WD,Liz Truluck,Genie Erokhina,71992955-8b6f-470b-a991-796cfa56a826,461f063e-a587-4638-bad9-421ff33d91d7,1.3654,0.01459,0.3089
WD,Yufei Long,Liz Truluck,20945292-032a-47f1-93c5-d44ada6e4783,71992955-8b6f-470b-a991-796cfa56a826,1.3653,0.02838,0.3144
WD,Allyce Jones,Kiora Kunimoto,efe9989b-5864-48c2-806c-06697024e1da,a95df9a8-772c-4dbf-8c28-e200b7308584,1.3651,0.01657,0.3095
WD,Brooke Buckner,Marianna Petrei,06dc9b8a-5c01-49cf-bb4d-70d7b5f85acf,12890797-7355-49ca-848e-56d67e33c4de,1.3648,0.03179,0.3153
WD,Estee Widdershoven,Marianna Petrei,bf84d952-c6a8-4494-943d-064b223e764f,12890797-7355-49ca-848e-56d67e33c4de,1.3627,0.03433,0.3147
WD,Yana Newell,Mary Brascia,655e0349-7e66-4233-b999-b6cca2298f9b,1dd5c313-10f5-4e0a-bb9b-699913a5abe8,1.3614,0.04167,0.3164
WD,Milan Rane,Marianna Petrei,eb14fc6e-ede1-4999-bec3-e36695e7f94e,12890797-7355-49ca-848e-56d67e33c4de,1.3609,0.03065,0.312
WD,Maggie Brascia,Callie Smith,736475dd-7ccd-40d8-8b43-8c2d9ef9e674,0c1bb94d-3af2-42f4-b938-d712c707ace4,1.3605,0.02565,0.3097
WD,Yana Newell,Christine Maddox,655e0349-7e66-4233-b999-b6cca2298f9b,3ad652aa-3fdd-4e53-8f34-dfdedc3c1901,1.3594,0.06707,0.3235
WD,Ting Chieh Wei,Kaitlyn Christian,29e8121d-6f86-4192-b7af-ab05b77b89fe,66a6c35b-33a2-4a23-b5db-fa53c96d643a,1.3583,0.01433,0.3034
WD,Lucy Kovalova,Callie Smith,504e8c08-caf6-4db8-b454-11ffa321261c,0c1bb94d-3af2-42f4-b938-d712c707ace4,1.358,0.0242,0.3073
WD,Samantha Parker,Callie Smith,6794d224-7da3-43d9-8300-e24e731f5dea,0c1bb94d-3af2-42f4-b938-d712c707ace4,1.3566,0.01884,0.3041
WD,Brooke Buckner,Callie Smith,06dc9b8a-5c01-49cf-bb4d-70d7b5f85acf,0c1bb94d-3af2-42f4-b938-d712c707ace4,1.354,0.01572,0.3008
WD,Marianna Petrei,Allie Reichert,12890797-7355-49ca-848e-56d67e33c4de,dcd029fb-2814-401b-a1cb-0c4269d9954b,1.354,0.04207,0.3112
WD,Vivian Glozman,Katerina Stewart,ff789b9c-80c4-442c-b97e-2e2311298cfb,3cec5850-24e2-44e3-96bc-ee87aa34581d,1.3539,0.04161,0.311
WD,Isabella Dunlap,Marianna Petrei,719e2d3b-d10d-402d-a195-41f072214679,12890797-7355-49ca-848e-56d67e33c4de,1.3536,0.03169,0.307
WD,Yana Newell,Kiora Kunimoto,655e0349-7e66-4233-b999-b6cca2298f9b,a95df9a8-772c-4dbf-8c28-e200b7308584,1.353,0.03187,0.3067
WD,Estee Widdershoven,Callie Smith,bf84d952-c6a8-4494-943d-064b223e764f,0c1bb94d-3af2-42f4-b938-d712c707ace4,1.352,0.01825,0.3004
WD,Carlota Trevino,Kaitlyn Christian,70c18684-f615-4d05-9aa9-5cbdbd53ab9f,66a6c35b-33a2-4a23-b5db-fa53c96d643a,1.3514,0.01627,0.299
WD,Marianna Petrei,Daria Walczak,12890797-7355-49ca-848e-56d67e33c4de,3e6b668a-8d26-4424-9420-3ceb18486b65,1.351,0.03573,0.3067
WD,Milan Rane,Callie Smith,eb14fc6e-ede1-4999-bec3-e36695e7f94e,0c1bb94d-3af2-42f4-b938-d712c707ace4,1.3502,0.01458,0.2974
WD,Jessie Irvine,Kaitlyn Christian,8e2f9629-19d0-409d-81dc-b64fe2f3d3ff,66a6c35b-33a2-4a23-b5db-fa53c96d643a,1.3501,0.01356,0.2969
WD,Ting Chieh Wei,Cailyn Campbell,29e8121d-6f86-4192-b7af-ab05b77b89fe,9eff9049-c45c-42ee-9a49-e9a797cc2116,1.35,0.01481,0.2974
WD,Marianna Petrei,Eugenia Carolina Lopez Ascarate,12890797-7355-49ca-848e-56d67e33c4de,577d1124-44c9-435d-88e9-01a146f2d177,1.3489,0.04997,0.3104
WD,Jillian Braverman,Mary Brascia,98c2531f-f5ce-48b5-b251-eb69425d409c,1dd5c313-10f5-4e0a-bb9b-699913a5abe8,1.3487,0.06907,0.3167
WD,Alix Truong,Mary Brascia,646f7432-e6ad-4ccf-95ee-a0e5d9514d28,1dd5c313-10f5-4e0a-bb9b-699913a5abe8,1.3469,0.02622,0.2999
WD,Jillian Braverman,Christine Maddox,98c2531f-f5ce-48b5-b251-eb69425d409c,3ad652aa-3fdd-4e53-8f34-dfdedc3c1901,1.3467,0.09447,0.323
WD,Judit Castillo,Marianna Petrei,ec4cdfe2-c6f6-4de1-824e-9adcaeb31196,12890797-7355-49ca-848e-56d67e33c4de,1.3465,0.03427,0.3029
WD,Alix Truong,Christine Maddox,646f7432-e6ad-4ccf-95ee-a0e5d9514d28,3ad652aa-3fdd-4e53-8f34-dfdedc3c1901,1.3449,0.05163,0.3082
WD,Lea Jansen,Marianna Petrei,7319013d-d511-4aa5-a356-4aa2cccf94f5,12890797-7355-49ca-848e-56d67e33c4de,1.3446,0.03073,0.3001
WD,Roos Van Reek,Marianna Petrei,4798e757-53f5-4e52-92aa-98172c8f7862,12890797-7355-49ca-848e-56d67e33c4de,1.344,0.04796,0.3063
WD,Kaitlyn Christian,Maggie Brascia,66a6c35b-33a2-4a23-b5db-fa53c96d643a,736475dd-7ccd-40d8-8b43-8c2d9ef9e674,1.3434,0.02393,0.2964
WD,Allie Reichert,Callie Smith,dcd029fb-2814-401b-a1cb-0c4269d9954b,0c1bb94d-3af2-42f4-b938-d712c707ace4,1.3432,0.02599,0.2972
WD,Carlota Trevino,Cailyn Campbell,70c18684-f615-4d05-9aa9-5cbdbd53ab9f,9eff9049-c45c-42ee-9a49-e9a797cc2116,1.3431,0.01675,0.2931
WD,Isabella Dunlap,Callie Smith,719e2d3b-d10d-402d-a195-41f072214679,0c1bb94d-3af2-42f4-b938-d712c707ace4,1.3428,0.01561,0.2924
WD,Jessie Irvine,Cailyn Campbell,8e2f9629-19d0-409d-81dc-b64fe2f3d3ff,9eff9049-c45c-42ee-9a49-e9a797cc2116,1.3418,0.01405,0.291
WD,Layne Sleeth,Mary Brascia,55ed7e0a-ff2d-4ac2-aad6-b6772ef4f448,1dd5c313-10f5-4e0a-bb9b-699913a5abe8,1.3417,0.0277,0.2968
WD,Vivian Glozman,Seone Mendez,ff789b9c-80c4-442c-b97e-2e2311298cfb,0d14405e-2e45-4dcb-8fb7-73558c261b4f,1.3415,0.05853,0.3082
WD,Kaitlyn Christian,Lucy Kovalova,66a6c35b-33a2-4a23-b5db-fa53c96d643a,504e8c08-caf6-4db8-b454-11ffa321261c,1.341,0.02249,0.294
WD,Marianna Petrei,Shelby Bates,12890797-7355-49ca-848e-56d67e33c4de,ded801fd-297a-4761-b63e-d8fbbfeb5762,1.3408,0.05309,0.3058
WD,Marianna Petrei,Zoey Weil,12890797-7355-49ca-848e-56d67e33c4de,1d701c30-6b5d-485f-ae97-60f3b0c50896,1.3407,0.03209,0.2978
WD,Jillian Braverman,Kiora Kunimoto,98c2531f-f5ce-48b5-b251-eb69425d409c,a95df9a8-772c-4dbf-8c28-e200b7308584,1.3403,0.05927,0.3077
WD,Daria Walczak,Callie Smith,3e6b668a-8d26-4424-9420-3ceb18486b65,0c1bb94d-3af2-42f4-b938-d712c707ace4,1.3402,0.01965,0.2923
WD,Layne Sleeth,Christine Maddox,55ed7e0a-ff2d-4ac2-aad6-b6772ef4f448,3ad652aa-3fdd-4e53-8f34-dfdedc3c1901,1.3397,0.0531,0.3051
WD,Samantha Parker,Kaitlyn Christian,6794d224-7da3-43d9-8300-e24e731f5dea,66a6c35b-33a2-4a23-b5db-fa53c96d643a,1.3396,0.01713,0.2907
WD,Alix Truong,Kiora Kunimoto,646f7432-e6ad-4ccf-95ee-a0e5d9514d28,a95df9a8-772c-4dbf-8c28-e200b7308584,1.3385,0.01643,0.2896
WD,Eugenia Carolina Lopez Ascarate,Callie Smith,577d1124-44c9-435d-88e9-01a146f2d177,0c1bb94d-3af2-42f4-b938-d712c707ace4,1.3381,0.03389,0.2967
WD,Brooke Buckner,Kaitlyn Christian,06dc9b8a-5c01-49cf-bb4d-70d7b5f85acf,66a6c35b-33a2-4a23-b5db-fa53c96d643a,1.337,0.014,0.2874
WD,Judit Castillo,Callie Smith,ec4cdfe2-c6f6-4de1-824e-9adcaeb31196,0c1bb94d-3af2-42f4-b938-d712c707ace4,1.3357,0.01819,0.2883
WD,Maggie Brascia,Cailyn Campbell,736475dd-7ccd-40d8-8b43-8c2d9ef9e674,9eff9049-c45c-42ee-9a49-e9a797cc2116,1.3352,0.02442,0.2906
WD,Kaitlyn Christian,Estee Widdershoven,66a6c35b-33a2-4a23-b5db-fa53c96d643a,bf84d952-c6a8-4494-943d-064b223e764f,1.3349,0.01654,0.287
WD,Lea Jansen,Callie Smith,7319013d-d511-4aa5-a356-4aa2cccf94f5,0c1bb94d-3af2-42f4-b938-d712c707ace4,1.3338,0.01466,0.2854
WD,Layne Sleeth,Kiora Kunimoto,55ed7e0a-ff2d-4ac2-aad6-b6772ef4f448,a95df9a8-772c-4dbf-8c28-e200b7308584,1.3334,0.0179,0.2865
WD,Roos Van Reek,Callie Smith,4798e757-53f5-4e52-92aa-98172c8f7862,0c1bb94d-3af2-42f4-b938-d712c707ace4,1.3333,0.03189,0.2924
WD,Kaitlyn Christian,Milan Rane,66a6c35b-33a2-4a23-b5db-fa53c96d643a,eb14fc6e-ede1-4999-bec3-e36695e7f94e,1.3331,0.01287,0.284
WD,Bobbi Oshiro,Katerina Stewart,7f36e416-0907-43b2-8ec4-e9533088e30f,3cec5850-24e2-44e3-96bc-ee87aa34581d,1.3328,0.06287,0.3037
WD,Lucy Kovalova,Cailyn Campbell,504e8c08-caf6-4db8-b454-11ffa321261c,9eff9049-c45c-42ee-9a49-e9a797cc2116,1.3327,0.02297,0.2883
WD,Marianna Petrei,Yufei Long,12890797-7355-49ca-848e-56d67e33c4de,20945292-032a-47f1-93c5-d44ada6e4783,1.3314,0.04548,0.2964
WD,Marianna Petrei,Genie Erokhina,12890797-7355-49ca-848e-56d67e33c4de,461f063e-a587-4638-bad9-421ff33d91d7,1.3314,0.03169,0.2911
WD,Samantha Parker,Cailyn Campbell,6794d224-7da3-43d9-8300-e24e731f5dea,9eff9049-c45c-42ee-9a49-e9a797cc2116,1.3313,0.01761,0.2849
WD,Lacy Schneemann,Katerina Stewart,a3ed7970-35d2-485c-8285-187c298a2d83,3cec5850-24e2-44e3-96bc-ee87aa34581d,1.331,0.02688,0.2888
WD,Catherine Parenteau,Katerina Stewart,9b97206b-783a-4fab-85e9-45a6240325a5,3cec5850-24e2-44e3-96bc-ee87aa34581d,1.3307,0.02578,0.288
WD,Shelby Bates,Callie Smith,ded801fd-297a-4761-b63e-d8fbbfeb5762,0c1bb94d-3af2-42f4-b938-d712c707ace4,1.33,0.03702,0.2922
WD,Zoey Weil,Callie Smith,1d701c30-6b5d-485f-ae97-60f3b0c50896,0c1bb94d-3af2-42f4-b938-d712c707ace4,1.3299,0.01601,0.2831
WD,Brooke Buckner,Cailyn Campbell,06dc9b8a-5c01-49cf-bb4d-70d7b5f85acf,9eff9049-c45c-42ee-9a49-e9a797cc2116,1.3287,0.01449,0.2815
WD,Marianna Petrei,Liz Truluck,12890797-7355-49ca-848e-56d67e33c4de,71992955-8b6f-470b-a991-796cfa56a826,1.3279,0.03176,0.2885
WD,Estee Widdershoven,Cailyn Campbell,bf84d952-c6a8-4494-943d-064b223e764f,9eff9049-c45c-42ee-9a49-e9a797cc2116,1.3267,0.01702,0.2812
WD,Kaitlyn Christian,Allie Reichert,66a6c35b-33a2-4a23-b5db-fa53c96d643a,dcd029fb-2814-401b-a1cb-0c4269d9954b,1.3262,0.02428,0.2841
WD,Isabella Dunlap,Kaitlyn Christian,719e2d3b-d10d-402d-a195-41f072214679,66a6c35b-33a2-4a23-b5db-fa53c96d643a,1.3258,0.0139,0.2791
WD,Milan Rane,Cailyn Campbell,eb14fc6e-ede1-4999-bec3-e36695e7f94e,9eff9049-c45c-42ee-9a49-e9a797cc2116,1.3249,0.01335,0.2782
WD,Kaitlyn Christian,Daria Walczak,66a6c35b-33a2-4a23-b5db-fa53c96d643a,3e6b668a-8d26-4424-9420-3ceb18486b65,1.3232,0.01794,0.2791
WD,Kaitlyn Christian,Eugenia Carolina Lopez Ascarate,66a6c35b-33a2-4a23-b5db-fa53c96d643a,577d1124-44c9-435d-88e9-01a146f2d177,1.3211,0.03218,0.2839
WD,Genie Erokhina,Callie Smith,461f063e-a587-4638-bad9-421ff33d91d7,0c1bb94d-3af2-42f4-b938-d712c707ace4,1.3207,0.01561,0.2762
WD,Yufei Long,Callie Smith,20945292-032a-47f1-93c5-d44ada6e4783,0c1bb94d-3af2-42f4-b938-d712c707ace4,1.3206,0.02941,0.2824
WD,Bobbi Oshiro,Seone Mendez,7f36e416-0907-43b2-8ec4-e9533088e30f,0d14405e-2e45-4dcb-8fb7-73558c261b4f,1.3203,0.07979,0.3011
WD,Judit Castillo,Kaitlyn Christian,ec4cdfe2-c6f6-4de1-824e-9adcaeb31196,66a6c35b-33a2-4a23-b5db-fa53c96d643a,1.3187,0.01648,0.2752
WD,Lacy Schneemann,Seone Mendez,a3ed7970-35d2-485c-8285-187c298a2d83,0d14405e-2e45-4dcb-8fb7-73558c261b4f,1.3186,0.0438,0.287
WD,Vivienne David,Katerina Stewart,afc0bfc9-8cd8-4600-bd45-681092186db3,3cec5850-24e2-44e3-96bc-ee87aa34581d,1.3184,0.0386,0.2847
WD,Catherine Parenteau,Seone Mendez,9b97206b-783a-4fab-85e9-45a6240325a5,0d14405e-2e45-4dcb-8fb7-73558c261b4f,1.3183,0.0427,0.2863
WD,Allie Reichert,Cailyn Campbell,dcd029fb-2814-401b-a1cb-0c4269d9954b,9eff9049-c45c-42ee-9a49-e9a797cc2116,1.3179,0.02476,0.2785
WD,Isabella Dunlap,Cailyn Campbell,719e2d3b-d10d-402d-a195-41f072214679,9eff9049-c45c-42ee-9a49-e9a797cc2116,1.3175,0.01438,0.2734
WD,Liz Truluck,Callie Smith,71992955-8b6f-470b-a991-796cfa56a826,0c1bb94d-3af2-42f4-b938-d712c707ace4,1.3171,0.01568,0.2737
WD,Lea Jansen,Kaitlyn Christian,7319013d-d511-4aa5-a356-4aa2cccf94f5,66a6c35b-33a2-4a23-b5db-fa53c96d643a,1.3168,0.01295,0.2722
WD,Roos Van Reek,Kaitlyn Christian,4798e757-53f5-4e52-92aa-98172c8f7862,66a6c35b-33a2-4a23-b5db-fa53c96d643a,1.3162,0.03017,0.2797
WD,Daria Walczak,Cailyn Campbell,3e6b668a-8d26-4424-9420-3ceb18486b65,9eff9049-c45c-42ee-9a49-e9a797cc2116,1.3149,0.01842,0.2734
WD,Kaitlyn Christian,Shelby Bates,66a6c35b-33a2-4a23-b5db-fa53c96d643a,ded801fd-297a-4761-b63e-d8fbbfeb5762,1.313,0.0353,0.2796
WD,Kaitlyn Christian,Zoey Weil,66a6c35b-33a2-4a23-b5db-fa53c96d643a,1d701c30-6b5d-485f-ae97-60f3b0c50896,1.3129,0.0143,0.27
WD,Eugenia Carolina Lopez Ascarate,Cailyn Campbell,577d1124-44c9-435d-88e9-01a146f2d177,9eff9049-c45c-42ee-9a49-e9a797cc2116,1.3128,0.03266,0.2783
WD,Ting Chieh Wei,Mary Brascia,29e8121d-6f86-4192-b7af-ab05b77b89fe,1dd5c313-10f5-4e0a-bb9b-699913a5abe8,1.3124,0.02613,0.2752
WD,Judit Castillo,Cailyn Campbell,ec4cdfe2-c6f6-4de1-824e-9adcaeb31196,9eff9049-c45c-42ee-9a49-e9a797cc2116,1.3104,0.01696,0.2695
WD,Ting Chieh Wei,Christine Maddox,29e8121d-6f86-4192-b7af-ab05b77b89fe,3ad652aa-3fdd-4e53-8f34-dfdedc3c1901,1.3104,0.05154,0.2844
WD,Lea Jansen,Cailyn Campbell,7319013d-d511-4aa5-a356-4aa2cccf94f5,9eff9049-c45c-42ee-9a49-e9a797cc2116,1.3085,0.01343,0.2665
WD,Roos Van Reek,Cailyn Campbell,4798e757-53f5-4e52-92aa-98172c8f7862,9eff9049-c45c-42ee-9a49-e9a797cc2116,1.308,0.03065,0.2741
WD,Anna Bright,Genie Bouchard,db5eef5c-99dd-49d9-bbfc-65171a366bda,4da698bf-605d-4c6c-8566-6bfbdb6c1a24,1.3064,0.02421,0.2701
WD,Vivienne David,Seone Mendez,afc0bfc9-8cd8-4600-bd45-681092186db3,0d14405e-2e45-4dcb-8fb7-73558c261b4f,1.3059,0.05552,0.283
WD,Carlota Trevino,Mary Brascia,70c18684-f615-4d05-9aa9-5cbdbd53ab9f,1dd5c313-10f5-4e0a-bb9b-699913a5abe8,1.3055,0.02807,0.2712
WD,Shelby Bates,Cailyn Campbell,ded801fd-297a-4761-b63e-d8fbbfeb5762,9eff9049-c45c-42ee-9a49-e9a797cc2116,1.3047,0.03579,0.2741
WD,Zoey Weil,Cailyn Campbell,1d701c30-6b5d-485f-ae97-60f3b0c50896,9eff9049-c45c-42ee-9a49-e9a797cc2116,1.3046,0.01478,0.2644
WD,Jessie Irvine,Mary Brascia,8e2f9629-19d0-409d-81dc-b64fe2f3d3ff,1dd5c313-10f5-4e0a-bb9b-699913a5abe8,1.3042,0.02536,0.2691
WD,Etta Tuionetoa,Katerina Stewart,676b1cbc-766c-4616-bf39-1787ffd8c72a,3cec5850-24e2-44e3-96bc-ee87aa34581d,1.304,0.02749,0.2699
WD,Ting Chieh Wei,Kiora Kunimoto,29e8121d-6f86-4192-b7af-ab05b77b89fe,a95df9a8-772c-4dbf-8c28-e200b7308584,1.304,0.01634,0.2647
WD,Kaitlyn Christian,Yufei Long,66a6c35b-33a2-4a23-b5db-fa53c96d643a,20945292-032a-47f1-93c5-d44ada6e4783,1.3036,0.0277,0.2698
WD,Kaitlyn Christian,Genie Erokhina,66a6c35b-33a2-4a23-b5db-fa53c96d643a,461f063e-a587-4638-bad9-421ff33d91d7,1.3036,0.0139,0.2633
WD,Carlota Trevino,Christine Maddox,70c18684-f615-4d05-9aa9-5cbdbd53ab9f,3ad652aa-3fdd-4e53-8f34-dfdedc3c1901,1.3035,0.05347,0.2805
WD,Jessie Irvine,Christine Maddox,8e2f9629-19d0-409d-81dc-b64fe2f3d3ff,3ad652aa-3fdd-4e53-8f34-dfdedc3c1901,1.3022,0.05077,0.2786
WD,Chao Yi Wang,Katerina Stewart,20684550-cb89-4ea2-9e2f-0f44eb920b45,3cec5850-24e2-44e3-96bc-ee87aa34581d,1.3015,0.02743,0.2682
WD,Kaitlyn Christian,Liz Truluck,66a6c35b-33a2-4a23-b5db-fa53c96d643a,71992955-8b6f-470b-a991-796cfa56a826,1.3001,0.01397,0.2608
WD,Maggie Brascia,Mary Brascia,736475dd-7ccd-40d8-8b43-8c2d9ef9e674,1dd5c313-10f5-4e0a-bb9b-699913a5abe8,1.2975,0.03573,0.2692
WD,Carlota Trevino,Kiora Kunimoto,70c18684-f615-4d05-9aa9-5cbdbd53ab9f,a95df9a8-772c-4dbf-8c28-e200b7308584,1.2971,0.01827,0.2608
WD,Ewa Radzikowska,Katerina Stewart,1d51becb-4ea0-4878-9660-e3fd2dfaa0ea,3cec5850-24e2-44e3-96bc-ee87aa34581d,1.2961,0.03556,0.2681
WD,Jessie Irvine,Kiora Kunimoto,8e2f9629-19d0-409d-81dc-b64fe2f3d3ff,a95df9a8-772c-4dbf-8c28-e200b7308584,1.2958,0.01557,0.2586
WD,Maggie Brascia,Christine Maddox,736475dd-7ccd-40d8-8b43-8c2d9ef9e674,3ad652aa-3fdd-4e53-8f34-dfdedc3c1901,1.2955,0.06114,0.2782
WD,Genie Erokhina,Cailyn Campbell,461f063e-a587-4638-bad9-421ff33d91d7,9eff9049-c45c-42ee-9a49-e9a797cc2116,1.2954,0.01438,0.2577
WD,Yufei Long,Cailyn Campbell,20945292-032a-47f1-93c5-d44ada6e4783,9eff9049-c45c-42ee-9a49-e9a797cc2116,1.2953,0.02818,0.2643
WD,Lucy Kovalova,Mary Brascia,504e8c08-caf6-4db8-b454-11ffa321261c,1dd5c313-10f5-4e0a-bb9b-699913a5abe8,1.2951,0.03429,0.2669
WD,Samantha Parker,Mary Brascia,6794d224-7da3-43d9-8300-e24e731f5dea,1dd5c313-10f5-4e0a-bb9b-699913a5abe8,1.2937,0.02893,0.2635
WD,Marianna Petrei,Callie Smith,12890797-7355-49ca-848e-56d67e33c4de,0c1bb94d-3af2-42f4-b938-d712c707ace4,1.2936,0.03278,0.2652
WD,Lucy Kovalova,Christine Maddox,504e8c08-caf6-4db8-b454-11ffa321261c,3ad652aa-3fdd-4e53-8f34-dfdedc3c1901,1.2931,0.0597,0.2761
WD,Meghan Dizon,Katerina Stewart,8f521dcc-1cb5-4c8d-933c-af6b267bd395,3cec5850-24e2-44e3-96bc-ee87aa34581d,1.2925,0.02722,0.2619
WD,Liz Truluck,Cailyn Campbell,71992955-8b6f-470b-a991-796cfa56a826,9eff9049-c45c-42ee-9a49-e9a797cc2116,1.2918,0.01445,0.2553
WD,Samantha Parker,Christine Maddox,6794d224-7da3-43d9-8300-e24e731f5dea,3ad652aa-3fdd-4e53-8f34-dfdedc3c1901,1.2917,0.05433,0.273
WD,Etta Tuionetoa,Seone Mendez,676b1cbc-766c-4616-bf39-1787ffd8c72a,0d14405e-2e45-4dcb-8fb7-73558c261b4f,1.2916,0.04441,0.2689
WD,Brooke Buckner,Mary Brascia,06dc9b8a-5c01-49cf-bb4d-70d7b5f85acf,1dd5c313-10f5-4e0a-bb9b-699913a5abe8,1.2911,0.0258,0.2603
WD,Brooke Buckner,Christine Maddox,06dc9b8a-5c01-49cf-bb4d-70d7b5f85acf,3ad652aa-3fdd-4e53-8f34-dfdedc3c1901,1.2891,0.05121,0.27
WD,Maggie Brascia,Kiora Kunimoto,736475dd-7ccd-40d8-8b43-8c2d9ef9e674,a95df9a8-772c-4dbf-8c28-e200b7308584,1.2891,0.02594,0.259
WD,Chao Yi Wang,Seone Mendez,20684550-cb89-4ea2-9e2f-0f44eb920b45,0d14405e-2e45-4dcb-8fb7-73558c261b4f,1.289,0.04435,0.2672
WD,Estee Widdershoven,Mary Brascia,bf84d952-c6a8-4494-943d-064b223e764f,1dd5c313-10f5-4e0a-bb9b-699913a5abe8,1.289,0.02834,0.2601
WD,Milan Rane,Mary Brascia,eb14fc6e-ede1-4999-bec3-e36695e7f94e,1dd5c313-10f5-4e0a-bb9b-699913a5abe8,1.2872,0.02467,0.2571
WD,Estee Widdershoven,Christine Maddox,bf84d952-c6a8-4494-943d-064b223e764f,3ad652aa-3fdd-4e53-8f34-dfdedc3c1901,1.287,0.05375,0.2697
WD,Lucy Kovalova,Kiora Kunimoto,504e8c08-caf6-4db8-b454-11ffa321261c,a95df9a8-772c-4dbf-8c28-e200b7308584,1.2867,0.0245,0.2566
WD,Samantha Parker,Kiora Kunimoto,6794d224-7da3-43d9-8300-e24e731f5dea,a95df9a8-772c-4dbf-8c28-e200b7308584,1.2853,0.01913,0.2531
WD,Milan Rane,Christine Maddox,eb14fc6e-ede1-4999-bec3-e36695e7f94e,3ad652aa-3fdd-4e53-8f34-dfdedc3c1901,1.2852,0.05007,0.267
WD,Ewa Radzikowska,Seone Mendez,1d51becb-4ea0-4878-9660-e3fd2dfaa0ea,0d14405e-2e45-4dcb-8fb7-73558c261b4f,1.2836,0.05248,0.267
WD,Brooke Buckner,Kiora Kunimoto,06dc9b8a-5c01-49cf-bb4d-70d7b5f85acf,a95df9a8-772c-4dbf-8c28-e200b7308584,1.2827,0.01601,0.2498
WD,Estee Widdershoven,Kiora Kunimoto,bf84d952-c6a8-4494-943d-064b223e764f,a95df9a8-772c-4dbf-8c28-e200b7308584,1.2806,0.01855,0.2497
WD,Allie Reichert,Mary Brascia,dcd029fb-2814-401b-a1cb-0c4269d9954b,1dd5c313-10f5-4e0a-bb9b-699913a5abe8,1.2803,0.03608,0.2577
WD,Meghan Dizon,Seone Mendez,8f521dcc-1cb5-4c8d-933c-af6b267bd395,0d14405e-2e45-4dcb-8fb7-73558c261b4f,1.28,0.04415,0.2611
WD,Isabella Dunlap,Mary Brascia,719e2d3b-d10d-402d-a195-41f072214679,1dd5c313-10f5-4e0a-bb9b-699913a5abe8,1.2799,0.0257,0.2527
WD,Milan Rane,Kiora Kunimoto,eb14fc6e-ede1-4999-bec3-e36695e7f94e,a95df9a8-772c-4dbf-8c28-e200b7308584,1.2789,0.01487,0.2466
WD,Allie Reichert,Christine Maddox,dcd029fb-2814-401b-a1cb-0c4269d9954b,3ad652aa-3fdd-4e53-8f34-dfdedc3c1901,1.2783,0.06148,0.2672
WD,Isabella Dunlap,Christine Maddox,719e2d3b-d10d-402d-a195-41f072214679,3ad652aa-3fdd-4e53-8f34-dfdedc3c1901,1.2779,0.05111,0.2627
WD,Daria Walczak,Mary Brascia,3e6b668a-8d26-4424-9420-3ceb18486b65,1dd5c313-10f5-4e0a-bb9b-699913a5abe8,1.2773,0.02974,0.2528
WD,Sahra Dennehy,Katerina Stewart,051f5c82-82ce-4ab8-b4f8-36976638a89b,3cec5850-24e2-44e3-96bc-ee87aa34581d,1.2771,0.02841,0.2521
WD,Kaitlyn Christian,Marianna Petrei,66a6c35b-33a2-4a23-b5db-fa53c96d643a,12890797-7355-49ca-848e-56d67e33c4de,1.2766,0.03107,0.253
WD,Leigh Waters,Katerina Stewart,1bfba782-55f3-42e4-9889-9018e793c0b5,3cec5850-24e2-44e3-96bc-ee87aa34581d,1.276,0.04095,0.2571
WD,Allyce Jones,Katerina Stewart,efe9989b-5864-48c2-806c-06697024e1da,3cec5850-24e2-44e3-96bc-ee87aa34581d,1.2754,0.02661,0.2501
WD,Daria Walczak,Christine Maddox,3e6b668a-8d26-4424-9420-3ceb18486b65,3ad652aa-3fdd-4e53-8f34-dfdedc3c1901,1.2753,0.05515,0.2627
WD,Mary Brascia,Eugenia Carolina Lopez Ascarate,1dd5c313-10f5-4e0a-bb9b-699913a5abe8,577d1124-44c9-435d-88e9-01a146f2d177,1.2752,0.04398,0.2579
WD,Eugenia Carolina Lopez Ascarate,Christine Maddox,577d1124-44c9-435d-88e9-01a146f2d177,3ad652aa-3fdd-4e53-8f34-dfdedc3c1901,1.2731,0.06938,0.2669
WD,Judit Castillo,Mary Brascia,ec4cdfe2-c6f6-4de1-824e-9adcaeb31196,1dd5c313-10f5-4e0a-bb9b-699913a5abe8,1.2728,0.02828,0.2492
WD,Kiora Kunimoto,Allie Reichert,a95df9a8-772c-4dbf-8c28-e200b7308584,dcd029fb-2814-401b-a1cb-0c4269d9954b,1.2719,0.02628,0.2476
WD,Isabella Dunlap,Kiora Kunimoto,719e2d3b-d10d-402d-a195-41f072214679,a95df9a8-772c-4dbf-8c28-e200b7308584,1.2715,0.01591,0.2422
WD,Lea Jansen,Mary Brascia,7319013d-d511-4aa5-a356-4aa2cccf94f5,1dd5c313-10f5-4e0a-bb9b-699913a5abe8,1.2709,0.02475,0.2462
WD,Judit Castillo,Christine Maddox,ec4cdfe2-c6f6-4de1-824e-9adcaeb31196,3ad652aa-3fdd-4e53-8f34-dfdedc3c1901,1.2708,0.05369,0.2592
WD,Roos Van Reek,Mary Brascia,4798e757-53f5-4e52-92aa-98172c8f7862,1dd5c313-10f5-4e0a-bb9b-699913a5abe8,1.2703,0.04197,0.2539
WD,Kaitlyn Christian,Callie Smith,66a6c35b-33a2-4a23-b5db-fa53c96d643a,0c1bb94d-3af2-42f4-b938-d712c707ace4,1.2692,0.015,0.2401
WD,Lea Jansen,Christine Maddox,7319013d-d511-4aa5-a356-4aa2cccf94f5,3ad652aa-3fdd-4e53-8f34-dfdedc3c1901,1.2689,0.05015,0.2565
WD,Daria Walczak,Kiora Kunimoto,3e6b668a-8d26-4424-9420-3ceb18486b65,a95df9a8-772c-4dbf-8c28-e200b7308584,1.2689,0.01995,0.2425
WD,Roos Van Reek,Christine Maddox,4798e757-53f5-4e52-92aa-98172c8f7862,3ad652aa-3fdd-4e53-8f34-dfdedc3c1901,1.2683,0.06738,0.2631
WD,Marianna Petrei,Cailyn Campbell,12890797-7355-49ca-848e-56d67e33c4de,9eff9049-c45c-42ee-9a49-e9a797cc2116,1.2683,0.03155,0.2478
WD,Shelby Bates,Mary Brascia,ded801fd-297a-4761-b63e-d8fbbfeb5762,1dd5c313-10f5-4e0a-bb9b-699913a5abe8,1.2671,0.0471,0.254
WD,Zoey Weil,Mary Brascia,1d701c30-6b5d-485f-ae97-60f3b0c50896,1dd5c313-10f5-4e0a-bb9b-699913a5abe8,1.267,0.0261,0.2443
WD,Kiora Kunimoto,Eugenia Carolina Lopez Ascarate,a95df9a8-772c-4dbf-8c28-e200b7308584,577d1124-44c9-435d-88e9-01a146f2d177,1.2668,0.03419,0.248
WD,Shelby Bates,Christine Maddox,ded801fd-297a-4761-b63e-d8fbbfeb5762,3ad652aa-3fdd-4e53-8f34-dfdedc3c1901,1.2651,0.07251,0.2631
WD,Zoey Weil,Christine Maddox,1d701c30-6b5d-485f-ae97-60f3b0c50896,3ad652aa-3fdd-4e53-8f34-dfdedc3c1901,1.265,0.0515,0.2545
WD,Sahra Dennehy,Seone Mendez,051f5c82-82ce-4ab8-b4f8-36976638a89b,0d14405e-2e45-4dcb-8fb7-73558c261b4f,1.2647,0.04533,0.2516
WD,Judit Castillo,Kiora Kunimoto,ec4cdfe2-c6f6-4de1-824e-9adcaeb31196,a95df9a8-772c-4dbf-8c28-e200b7308584,1.2644,0.01849,0.2387
WD,Leigh Waters,Seone Mendez,1bfba782-55f3-42e4-9889-9018e793c0b5,0d14405e-2e45-4dcb-8fb7-73558c261b4f,1.2636,0.05787,0.2563
WD,Yana Newell,Katerina Stewart,655e0349-7e66-4233-b999-b6cca2298f9b,3cec5850-24e2-44e3-96bc-ee87aa34581d,1.2634,0.04191,0.2493
WD,Allyce Jones,Seone Mendez,efe9989b-5864-48c2-806c-06697024e1da,0d14405e-2e45-4dcb-8fb7-73558c261b4f,1.263,0.04353,0.2498
WD,Lea Jansen,Kiora Kunimoto,7319013d-d511-4aa5-a356-4aa2cccf94f5,a95df9a8-772c-4dbf-8c28-e200b7308584,1.2625,0.01495,0.2357
WD,Roos Van Reek,Kiora Kunimoto,4798e757-53f5-4e52-92aa-98172c8f7862,a95df9a8-772c-4dbf-8c28-e200b7308584,1.2619,0.03218,0.2439
WD,Callie Smith,Cailyn Campbell,0c1bb94d-3af2-42f4-b938-d712c707ace4,9eff9049-c45c-42ee-9a49-e9a797cc2116,1.2609,0.01548,0.2349
WD,Shelby Bates,Kiora Kunimoto,ded801fd-297a-4761-b63e-d8fbbfeb5762,a95df9a8-772c-4dbf-8c28-e200b7308584,1.2587,0.03731,0.2442
WD,Kiora Kunimoto,Zoey Weil,a95df9a8-772c-4dbf-8c28-e200b7308584,1d701c30-6b5d-485f-ae97-60f3b0c50896,1.2586,0.01631,0.2338
WD,Mary Brascia,Genie Erokhina,1dd5c313-10f5-4e0a-bb9b-699913a5abe8,461f063e-a587-4638-bad9-421ff33d91d7,1.2578,0.0257,0.238
WD,Yufei Long,Mary Brascia,20945292-032a-47f1-93c5-d44ada6e4783,1dd5c313-10f5-4e0a-bb9b-699913a5abe8,1.2577,0.0395,0.2445
WD,Yufei Long,Christine Maddox,20945292-032a-47f1-93c5-d44ada6e4783,3ad652aa-3fdd-4e53-8f34-dfdedc3c1901,1.2557,0.0649,0.2542
WD,Genie Erokhina,Christine Maddox,461f063e-a587-4638-bad9-421ff33d91d7,3ad652aa-3fdd-4e53-8f34-dfdedc3c1901,1.2557,0.05111,0.2485
WD,Liz Truluck,Mary Brascia,71992955-8b6f-470b-a991-796cfa56a826,1dd5c313-10f5-4e0a-bb9b-699913a5abe8,1.2542,0.02577,0.2357
WD,Liz Truluck,Christine Maddox,71992955-8b6f-470b-a991-796cfa56a826,3ad652aa-3fdd-4e53-8f34-dfdedc3c1901,1.2521,0.05118,0.2463
WD,Yana Newell,Seone Mendez,655e0349-7e66-4233-b999-b6cca2298f9b,0d14405e-2e45-4dcb-8fb7-73558c261b4f,1.251,0.05883,0.2488
WD,Jillian Braverman,Katerina Stewart,98c2531f-f5ce-48b5-b251-eb69425d409c,3cec5850-24e2-44e3-96bc-ee87aa34581d,1.2506,0.06931,0.2529
WD,Kiora Kunimoto,Genie Erokhina,a95df9a8-772c-4dbf-8c28-e200b7308584,461f063e-a587-4638-bad9-421ff33d91d7,1.2494,0.01591,0.2275
WD,Yufei Long,Kiora Kunimoto,20945292-032a-47f1-93c5-d44ada6e4783,a95df9a8-772c-4dbf-8c28-e200b7308584,1.2493,0.0297,0.2345
WD,Kaitlyn Christian,Cailyn Campbell,66a6c35b-33a2-4a23-b5db-fa53c96d643a,9eff9049-c45c-42ee-9a49-e9a797cc2116,1.2491,0.01377,0.2263
WD,Alix Truong,Katerina Stewart,646f7432-e6ad-4ccf-95ee-a0e5d9514d28,3cec5850-24e2-44e3-96bc-ee87aa34581d,1.2488,0.02647,0.2327
WD,Liz Truluck,Kiora Kunimoto,71992955-8b6f-470b-a991-796cfa56a826,a95df9a8-772c-4dbf-8c28-e200b7308584,1.2458,0.01598,0.2252
WD,Layne Sleeth,Katerina Stewart,55ed7e0a-ff2d-4ac2-aad6-b6772ef4f448,3cec5850-24e2-44e3-96bc-ee87aa34581d,1.2437,0.02794,0.2301
WD,Jillian Braverman,Seone Mendez,98c2531f-f5ce-48b5-b251-eb69425d409c,0d14405e-2e45-4dcb-8fb7-73558c261b4f,1.2382,0.08623,0.2519
WD,Alix Truong,Seone Mendez,646f7432-e6ad-4ccf-95ee-a0e5d9514d28,0d14405e-2e45-4dcb-8fb7-73558c261b4f,1.2364,0.04339,0.233
WD,Layne Sleeth,Seone Mendez,55ed7e0a-ff2d-4ac2-aad6-b6772ef4f448,0d14405e-2e45-4dcb-8fb7-73558c261b4f,1.2313,0.04486,0.2305
WD,Marianna Petrei,Mary Brascia,12890797-7355-49ca-848e-56d67e33c4de,1dd5c313-10f5-4e0a-bb9b-699913a5abe8,1.2307,0.04287,0.2292
WD,Marianna Petrei,Christine Maddox,12890797-7355-49ca-848e-56d67e33c4de,3ad652aa-3fdd-4e53-8f34-dfdedc3c1901,1.2287,0.06828,0.2391
WD,Mary Brascia,Callie Smith,1dd5c313-10f5-4e0a-bb9b-699913a5abe8,0c1bb94d-3af2-42f4-b938-d712c707ace4,1.2233,0.0268,0.2168
WD,Marianna Petrei,Kiora Kunimoto,12890797-7355-49ca-848e-56d67e33c4de,a95df9a8-772c-4dbf-8c28-e200b7308584,1.2223,0.03308,0.2193
WD,Christine Maddox,Callie Smith,3ad652aa-3fdd-4e53-8f34-dfdedc3c1901,0c1bb94d-3af2-42f4-b938-d712c707ace4,1.2213,0.0522,0.2277
WD,Kiora Kunimoto,Callie Smith,a95df9a8-772c-4dbf-8c28-e200b7308584,0c1bb94d-3af2-42f4-b938-d712c707ace4,1.2149,0.017,0.2064
WD,Ting Chieh Wei,Katerina Stewart,29e8121d-6f86-4192-b7af-ab05b77b89fe,3cec5850-24e2-44e3-96bc-ee87aa34581d,1.2144,0.02638,0.2111
WD,Kaitlyn Christian,Mary Brascia,66a6c35b-33a2-4a23-b5db-fa53c96d643a,1dd5c313-10f5-4e0a-bb9b-699913a5abe8,1.2115,0.02508,0.2087
WD,Kaitlyn Christian,Christine Maddox,66a6c35b-33a2-4a23-b5db-fa53c96d643a,3ad652aa-3fdd-4e53-8f34-dfdedc3c1901,1.2095,0.05049,0.22
WD,Carlota Trevino,Katerina Stewart,70c18684-f615-4d05-9aa9-5cbdbd53ab9f,3cec5850-24e2-44e3-96bc-ee87aa34581d,1.2074,0.02831,0.2079
WD,Jessie Irvine,Katerina Stewart,8e2f9629-19d0-409d-81dc-b64fe2f3d3ff,3cec5850-24e2-44e3-96bc-ee87aa34581d,1.2061,0.02561,0.2057
WD,Mary Brascia,Cailyn Campbell,1dd5c313-10f5-4e0a-bb9b-699913a5abe8,9eff9049-c45c-42ee-9a49-e9a797cc2116,1.2058,0.02557,0.2055
WD,Christine Maddox,Cailyn Campbell,3ad652aa-3fdd-4e53-8f34-dfdedc3c1901,9eff9049-c45c-42ee-9a49-e9a797cc2116,1.2038,0.05097,0.2168
WD,Kaitlyn Christian,Kiora Kunimoto,66a6c35b-33a2-4a23-b5db-fa53c96d643a,a95df9a8-772c-4dbf-8c28-e200b7308584,1.2031,0.01529,0.1984
WD,Ting Chieh Wei,Seone Mendez,29e8121d-6f86-4192-b7af-ab05b77b89fe,0d14405e-2e45-4dcb-8fb7-73558c261b4f,1.2019,0.0433,0.2121
WD,Maggie Brascia,Katerina Stewart,736475dd-7ccd-40d8-8b43-8c2d9ef9e674,3cec5850-24e2-44e3-96bc-ee87aa34581d,1.1995,0.03598,0.2071
WD,Kiora Kunimoto,Cailyn Campbell,a95df9a8-772c-4dbf-8c28-e200b7308584,9eff9049-c45c-42ee-9a49-e9a797cc2116,1.1974,0.01577,0.1953
WD,Lucy Kovalova,Katerina Stewart,504e8c08-caf6-4db8-b454-11ffa321261c,3cec5850-24e2-44e3-96bc-ee87aa34581d,1.197,0.03454,0.205
WD,Samantha Parker,Katerina Stewart,6794d224-7da3-43d9-8300-e24e731f5dea,3cec5850-24e2-44e3-96bc-ee87aa34581d,1.1956,0.02917,0.2014
WD,Carlota Trevino,Seone Mendez,70c18684-f615-4d05-9aa9-5cbdbd53ab9f,0d14405e-2e45-4dcb-8fb7-73558c261b4f,1.195,0.04523,0.209
WD,Jessie Irvine,Seone Mendez,8e2f9629-19d0-409d-81dc-b64fe2f3d3ff,0d14405e-2e45-4dcb-8fb7-73558c261b4f,1.1937,0.04253,0.207
WD,Brooke Buckner,Katerina Stewart,06dc9b8a-5c01-49cf-bb4d-70d7b5f85acf,3cec5850-24e2-44e3-96bc-ee87aa34581d,1.193,0.02605,0.1982
WD,Estee Widdershoven,Katerina Stewart,bf84d952-c6a8-4494-943d-064b223e764f,3cec5850-24e2-44e3-96bc-ee87aa34581d,1.191,0.02859,0.1984
WD,Milan Rane,Katerina Stewart,eb14fc6e-ede1-4999-bec3-e36695e7f94e,3cec5850-24e2-44e3-96bc-ee87aa34581d,1.1892,0.02491,0.1954
WD,Maggie Brascia,Seone Mendez,736475dd-7ccd-40d8-8b43-8c2d9ef9e674,0d14405e-2e45-4dcb-8fb7-73558c261b4f,1.1871,0.0529,0.2081
WD,Lucy Kovalova,Seone Mendez,504e8c08-caf6-4db8-b454-11ffa321261c,0d14405e-2e45-4dcb-8fb7-73558c261b4f,1.1846,0.05146,0.206
WD,Samantha Parker,Seone Mendez,6794d224-7da3-43d9-8300-e24e731f5dea,0d14405e-2e45-4dcb-8fb7-73558c261b4f,1.1832,0.04609,0.2027
WD,Allie Reichert,Katerina Stewart,dcd029fb-2814-401b-a1cb-0c4269d9954b,3cec5850-24e2-44e3-96bc-ee87aa34581d,1.1822,0.03632,0.1973
WD,Isabella Dunlap,Katerina Stewart,719e2d3b-d10d-402d-a195-41f072214679,3cec5850-24e2-44e3-96bc-ee87aa34581d,1.1818,0.02595,0.1917
WD,Jorja Johnson,Genie Bouchard,b51ea0fb-c243-4427-85f8-b798febb51ff,4da698bf-605d-4c6c-8566-6bfbdb6c1a24,1.1809,0.02363,0.19
WD,Brooke Buckner,Seone Mendez,06dc9b8a-5c01-49cf-bb4d-70d7b5f85acf,0d14405e-2e45-4dcb-8fb7-73558c261b4f,1.1806,0.04297,0.1997
WD,Daria Walczak,Katerina Stewart,3e6b668a-8d26-4424-9420-3ceb18486b65,3cec5850-24e2-44e3-96bc-ee87aa34581d,1.1792,0.02999,0.1924
WD,Estee Widdershoven,Seone Mendez,bf84d952-c6a8-4494-943d-064b223e764f,0d14405e-2e45-4dcb-8fb7-73558c261b4f,1.1786,0.04551,0.1998
WD,Mary Brascia,Christine Maddox,1dd5c313-10f5-4e0a-bb9b-699913a5abe8,3ad652aa-3fdd-4e53-8f34-dfdedc3c1901,1.1778,0.06229,0.2072
WD,Katerina Stewart,Eugenia Carolina Lopez Ascarate,3cec5850-24e2-44e3-96bc-ee87aa34581d,577d1124-44c9-435d-88e9-01a146f2d177,1.1771,0.04422,0.1983
WD,Milan Rane,Seone Mendez,eb14fc6e-ede1-4999-bec3-e36695e7f94e,0d14405e-2e45-4dcb-8fb7-73558c261b4f,1.1768,0.04183,0.197
WD,Judit Castillo,Katerina Stewart,ec4cdfe2-c6f6-4de1-824e-9adcaeb31196,3cec5850-24e2-44e3-96bc-ee87aa34581d,1.1747,0.02853,0.189
WD,Lea Jansen,Katerina Stewart,7319013d-d511-4aa5-a356-4aa2cccf94f5,3cec5850-24e2-44e3-96bc-ee87aa34581d,1.1728,0.02499,0.1861
WD,Roos Van Reek,Katerina Stewart,4798e757-53f5-4e52-92aa-98172c8f7862,3cec5850-24e2-44e3-96bc-ee87aa34581d,1.1723,0.04222,0.1947
WD,Kiora Kunimoto,Mary Brascia,a95df9a8-772c-4dbf-8c28-e200b7308584,1dd5c313-10f5-4e0a-bb9b-699913a5abe8,1.1714,0.02709,0.1864
WD,Kiora Kunimoto,Christine Maddox,a95df9a8-772c-4dbf-8c28-e200b7308584,3ad652aa-3fdd-4e53-8f34-dfdedc3c1901,1.17,0.0525,0.1984
WD,Allie Reichert,Seone Mendez,dcd029fb-2814-401b-a1cb-0c4269d9954b,0d14405e-2e45-4dcb-8fb7-73558c261b4f,1.1698,0.05324,0.1986
WD,Isabella Dunlap,Seone Mendez,719e2d3b-d10d-402d-a195-41f072214679,0d14405e-2e45-4dcb-8fb7-73558c261b4f,1.1694,0.04287,0.1934
WD,Shelby Bates,Katerina Stewart,ded801fd-297a-4761-b63e-d8fbbfeb5762,3cec5850-24e2-44e3-96bc-ee87aa34581d,1.169,0.04735,0.1953
WD,Zoey Weil,Katerina Stewart,1d701c30-6b5d-485f-ae97-60f3b0c50896,3cec5850-24e2-44e3-96bc-ee87aa34581d,1.1689,0.02634,0.1847
WD,Jade Kawamoto,Genie Bouchard,6cae3a50-eee6-45ea-8b28-85ef9c50e3c4,4da698bf-605d-4c6c-8566-6bfbdb6c1a24,1.1668,0.02558,0.1831
WD,Daria Walczak,Seone Mendez,3e6b668a-8d26-4424-9420-3ceb18486b65,0d14405e-2e45-4dcb-8fb7-73558c261b4f,1.1668,0.04691,0.1939
WD,Seone Mendez,Eugenia Carolina Lopez Ascarate,0d14405e-2e45-4dcb-8fb7-73558c261b4f,577d1124-44c9-435d-88e9-01a146f2d177,1.1647,0.06114,0.1994
WD,Judit Castillo,Seone Mendez,ec4cdfe2-c6f6-4de1-824e-9adcaeb31196,0d14405e-2e45-4dcb-8fb7-73558c261b4f,1.1623,0.04545,0.1907
WD,Lea Jansen,Seone Mendez,7319013d-d511-4aa5-a356-4aa2cccf94f5,0d14405e-2e45-4dcb-8fb7-73558c261b4f,1.1604,0.04191,0.188
WD,Roos Van Reek,Seone Mendez,4798e757-53f5-4e52-92aa-98172c8f7862,0d14405e-2e45-4dcb-8fb7-73558c261b4f,1.1599,0.05914,0.1959
WD,Katerina Stewart,Genie Erokhina,3cec5850-24e2-44e3-96bc-ee87aa34581d,461f063e-a587-4638-bad9-421ff33d91d7,1.1597,0.02595,0.1793
WD,Yufei Long,Katerina Stewart,20945292-032a-47f1-93c5-d44ada6e4783,3cec5850-24e2-44e3-96bc-ee87aa34581d,1.1596,0.03974,0.1864
WD,Shelby Bates,Seone Mendez,ded801fd-297a-4761-b63e-d8fbbfeb5762,0d14405e-2e45-4dcb-8fb7-73558c261b4f,1.1566,0.06427,0.1965
WD,Zoey Weil,Seone Mendez,1d701c30-6b5d-485f-ae97-60f3b0c50896,0d14405e-2e45-4dcb-8fb7-73558c261b4f,1.1565,0.04326,0.1865
WD,Liz Truluck,Katerina Stewart,71992955-8b6f-470b-a991-796cfa56a826,3cec5850-24e2-44e3-96bc-ee87aa34581d,1.1561,0.02601,0.1774
WD,Parris Todd,Genie Bouchard,1728d016-1f02-4789-be73-63d12d5a5b42,4da698bf-605d-4c6c-8566-6bfbdb6c1a24,1.1531,0.02445,0.1749
WD,Seone Mendez,Genie Erokhina,0d14405e-2e45-4dcb-8fb7-73558c261b4f,461f063e-a587-4638-bad9-421ff33d91d7,1.1473,0.04287,0.1814
WD,Yufei Long,Seone Mendez,20945292-032a-47f1-93c5-d44ada6e4783,0d14405e-2e45-4dcb-8fb7-73558c261b4f,1.1472,0.05666,0.188
WD,Liz Truluck,Seone Mendez,71992955-8b6f-470b-a991-796cfa56a826,0d14405e-2e45-4dcb-8fb7-73558c261b4f,1.1437,0.04294,0.1795
WD,Tina Pisnik,Genie Bouchard,f879086b-e0e5-4772-b0a6-4055c265da69,4da698bf-605d-4c6c-8566-6bfbdb6c1a24,1.142,0.02363,0.1686
WD,Rachel Rohrabacher,Genie Bouchard,50908953-a944-4a34-898b-16af312bc814,4da698bf-605d-4c6c-8566-6bfbdb6c1a24,1.1352,0.0233,0.1648
WD,Marianna Petrei,Katerina Stewart,12890797-7355-49ca-848e-56d67e33c4de,3cec5850-24e2-44e3-96bc-ee87aa34581d,1.1326,0.04312,0.1738
WD,Katerina Stewart,Callie Smith,3cec5850-24e2-44e3-96bc-ee87aa34581d,0c1bb94d-3af2-42f4-b938-d712c707ace4,1.1252,0.02704,0.1617
WD,Marianna Petrei,Seone Mendez,12890797-7355-49ca-848e-56d67e33c4de,0d14405e-2e45-4dcb-8fb7-73558c261b4f,1.1202,0.06004,0.1756
WD,Kaitlyn Christian,Katerina Stewart,66a6c35b-33a2-4a23-b5db-fa53c96d643a,3cec5850-24e2-44e3-96bc-ee87aa34581d,1.1134,0.02533,0.1548
WD,Seone Mendez,Callie Smith,0d14405e-2e45-4dcb-8fb7-73558c261b4f,0c1bb94d-3af2-42f4-b938-d712c707ace4,1.1128,0.04396,0.1641
WD,Jackie Kawamoto,Genie Bouchard,be33755f-9262-461b-aedd-e9a7a686a82c,4da698bf-605d-4c6c-8566-6bfbdb6c1a24,1.1116,0.02601,0.1542
WD,Tyra Hurricane Black,Genie Bouchard,fec65f7e-f2c8-482f-ab5b-541cf53b1064,4da698bf-605d-4c6c-8566-6bfbdb6c1a24,1.1111,0.02342,0.1526
WD,Katerina Stewart,Cailyn Campbell,3cec5850-24e2-44e3-96bc-ee87aa34581d,9eff9049-c45c-42ee-9a49-e9a797cc2116,1.1077,0.02581,0.1522
WD,Kate Fahey,Genie Bouchard,3af01041-5679-400a-87b8-12c01db8cec4,4da698bf-605d-4c6c-8566-6bfbdb6c1a24,1.1055,0.02187,0.149
WD,Kaitlyn Christian,Seone Mendez,66a6c35b-33a2-4a23-b5db-fa53c96d643a,0d14405e-2e45-4dcb-8fb7-73558c261b4f,1.101,0.04225,0.1575
WD,Seone Mendez,Cailyn Campbell,0d14405e-2e45-4dcb-8fb7-73558c261b4f,9eff9049-c45c-42ee-9a49-e9a797cc2116,1.0953,0.04273,0.1549
WD,Mary Brascia,Katerina Stewart,1dd5c313-10f5-4e0a-bb9b-699913a5abe8,3cec5850-24e2-44e3-96bc-ee87aa34581d,1.0817,0.03713,0.1457
WD,Katerina Stewart,Christine Maddox,3cec5850-24e2-44e3-96bc-ee87aa34581d,3ad652aa-3fdd-4e53-8f34-dfdedc3c1901,1.0803,0.06254,0.1574
WD,Kiora Kunimoto,Katerina Stewart,a95df9a8-772c-4dbf-8c28-e200b7308584,3cec5850-24e2-44e3-96bc-ee87aa34581d,1.0759,0.02734,0.1379
WD,Mary Brascia,Seone Mendez,1dd5c313-10f5-4e0a-bb9b-699913a5abe8,0d14405e-2e45-4dcb-8fb7-73558c261b4f,1.0693,0.05405,0.1483
WD,Seone Mendez,Christine Maddox,0d14405e-2e45-4dcb-8fb7-73558c261b4f,3ad652aa-3fdd-4e53-8f34-dfdedc3c1901,1.0679,0.07946,0.1592
WD,Kiora Kunimoto,Seone Mendez,a95df9a8-772c-4dbf-8c28-e200b7308584,0d14405e-2e45-4dcb-8fb7-73558c261b4f,1.0635,0.04426,0.1409
WD,Danni-Elle Townsend,Genie Bouchard,2c4de762-88d6-47c3-8b2b-af562c5d1f93,4da698bf-605d-4c6c-8566-6bfbdb6c1a24,1.0572,0.02558,0.1286
WD,Sofia Sewing,Genie Bouchard,b9bacc1e-29b5-4a92-a9c1-24e08ac72215,4da698bf-605d-4c6c-8566-6bfbdb6c1a24,1.0536,0.02766,0.1281
WD,Mari Humberg,Genie Bouchard,b1ab7d76-a859-4136-8405-3ed7c9be287a,4da698bf-605d-4c6c-8566-6bfbdb6c1a24,1.0331,0.0249,0.118
WD,Katerina Stewart,Seone Mendez,3cec5850-24e2-44e3-96bc-ee87aa34581d,0d14405e-2e45-4dcb-8fb7-73558c261b4f,1.0016,0.05429,0.1197
WD,Vivian Glozman,Genie Bouchard,ff789b9c-80c4-442c-b97e-2e2311298cfb,4da698bf-605d-4c6c-8566-6bfbdb6c1a24,0.9766,0.03887,0.103
WD,Bobbi Oshiro,Genie Bouchard,7f36e416-0907-43b2-8ec4-e9533088e30f,4da698bf-605d-4c6c-8566-6bfbdb6c1a24,0.9554,0.06014,0.1051
WD,Lacy Schneemann,Genie Bouchard,a3ed7970-35d2-485c-8285-187c298a2d83,4da698bf-605d-4c6c-8566-6bfbdb6c1a24,0.9537,0.02414,0.0881
WD,Catherine Parenteau,Genie Bouchard,9b97206b-783a-4fab-85e9-45a6240325a5,4da698bf-605d-4c6c-8566-6bfbdb6c1a24,0.9534,0.02304,0.0874
WD,Vivienne David,Genie Bouchard,afc0bfc9-8cd8-4600-bd45-681092186db3,4da698bf-605d-4c6c-8566-6bfbdb6c1a24,0.941,0.03586,0.0893
WD,Etta Tuionetoa,Genie Bouchard,676b1cbc-766c-4616-bf39-1787ffd8c72a,4da698bf-605d-4c6c-8566-6bfbdb6c1a24,0.9266,0.02475,0.0797
WD,Chao Yi Wang,Genie Bouchard,20684550-cb89-4ea2-9e2f-0f44eb920b45,4da698bf-605d-4c6c-8566-6bfbdb6c1a24,0.9241,0.02469,0.0789
WD,Ewa Radzikowska,Genie Bouchard,1d51becb-4ea0-4878-9660-e3fd2dfaa0ea,4da698bf-605d-4c6c-8566-6bfbdb6c1a24,0.9187,0.03283,0.0809
WD,Meghan Dizon,Genie Bouchard,8f521dcc-1cb5-4c8d-933c-af6b267bd395,4da698bf-605d-4c6c-8566-6bfbdb6c1a24,0.9151,0.02449,0.0761
WD,Sahra Dennehy,Genie Bouchard,051f5c82-82ce-4ab8-b4f8-36976638a89b,4da698bf-605d-4c6c-8566-6bfbdb6c1a24,0.8998,0.02567,0.0721
WD,Leigh Waters,Genie Bouchard,1bfba782-55f3-42e4-9889-9018e793c0b5,4da698bf-605d-4c6c-8566-6bfbdb6c1a24,0.8987,0.03821,0.0772
WD,Allyce Jones,Genie Bouchard,efe9989b-5864-48c2-806c-06697024e1da,4da698bf-605d-4c6c-8566-6bfbdb6c1a24,0.898,0.02387,0.0709
WD,Yana Newell,Genie Bouchard,655e0349-7e66-4233-b999-b6cca2298f9b,4da698bf-605d-4c6c-8566-6bfbdb6c1a24,0.886,0.03918,0.074
WD,Jillian Braverman,Genie Bouchard,98c2531f-f5ce-48b5-b251-eb69425d409c,4da698bf-605d-4c6c-8566-6bfbdb6c1a24,0.8733,0.06658,0.0814
WD,Alix Truong,Genie Bouchard,646f7432-e6ad-4ccf-95ee-a0e5d9514d28,4da698bf-605d-4c6c-8566-6bfbdb6c1a24,0.8715,0.02373,0.0636
WD,Layne Sleeth,Genie Bouchard,55ed7e0a-ff2d-4ac2-aad6-b6772ef4f448,4da698bf-605d-4c6c-8566-6bfbdb6c1a24,0.8663,0.02521,0.0629
WD,Ting Chieh Wei,Genie Bouchard,29e8121d-6f86-4192-b7af-ab05b77b89fe,4da698bf-605d-4c6c-8566-6bfbdb6c1a24,0.837,0.02364,0.0551
WD,Carlota Trevino,Genie Bouchard,70c18684-f615-4d05-9aa9-5cbdbd53ab9f,4da698bf-605d-4c6c-8566-6bfbdb6c1a24,0.8301,0.02558,0.0543
WD,Jessie Irvine,Genie Bouchard,8e2f9629-19d0-409d-81dc-b64fe2f3d3ff,4da698bf-605d-4c6c-8566-6bfbdb6c1a24,0.8288,0.02287,0.053
WD,Maggie Brascia,Genie Bouchard,736475dd-7ccd-40d8-8b43-8c2d9ef9e674,4da698bf-605d-4c6c-8566-6bfbdb6c1a24,0.8221,0.03324,0.0554
WD,Lucy Kovalova,Genie Bouchard,504e8c08-caf6-4db8-b454-11ffa321261c,4da698bf-605d-4c6c-8566-6bfbdb6c1a24,0.8197,0.0318,0.0543
WD,Samantha Parker,Genie Bouchard,6794d224-7da3-43d9-8300-e24e731f5dea,4da698bf-605d-4c6c-8566-6bfbdb6c1a24,0.8183,0.02644,0.052
WD,Brooke Buckner,Genie Bouchard,06dc9b8a-5c01-49cf-bb4d-70d7b5f85acf,4da698bf-605d-4c6c-8566-6bfbdb6c1a24,0.8157,0.02331,0.0503
WD,Estee Widdershoven,Genie Bouchard,bf84d952-c6a8-4494-943d-064b223e764f,4da698bf-605d-4c6c-8566-6bfbdb6c1a24,0.8136,0.02585,0.0508
WD,Milan Rane,Genie Bouchard,eb14fc6e-ede1-4999-bec3-e36695e7f94e,4da698bf-605d-4c6c-8566-6bfbdb6c1a24,0.8118,0.02218,0.049
WD,Allie Reichert,Genie Bouchard,dcd029fb-2814-401b-a1cb-0c4269d9954b,4da698bf-605d-4c6c-8566-6bfbdb6c1a24,0.8049,0.03359,0.0517
WD,Isabella Dunlap,Genie Bouchard,719e2d3b-d10d-402d-a195-41f072214679,4da698bf-605d-4c6c-8566-6bfbdb6c1a24,0.8045,0.02321,0.0479
WD,Daria Walczak,Genie Bouchard,3e6b668a-8d26-4424-9420-3ceb18486b65,4da698bf-605d-4c6c-8566-6bfbdb6c1a24,0.8019,0.02725,0.0488
WD,Eugenia Carolina Lopez Ascarate,Genie Bouchard,577d1124-44c9-435d-88e9-01a146f2d177,4da698bf-605d-4c6c-8566-6bfbdb6c1a24,0.7997,0.04149,0.0534
WD,Judit Castillo,Genie Bouchard,ec4cdfe2-c6f6-4de1-824e-9adcaeb31196,4da698bf-605d-4c6c-8566-6bfbdb6c1a24,0.7974,0.02579,0.0473
WD,Lea Jansen,Genie Bouchard,7319013d-d511-4aa5-a356-4aa2cccf94f5,4da698bf-605d-4c6c-8566-6bfbdb6c1a24,0.7955,0.02226,0.0457
WD,Roos Van Reek,Genie Bouchard,4798e757-53f5-4e52-92aa-98172c8f7862,4da698bf-605d-4c6c-8566-6bfbdb6c1a24,0.7949,0.03948,0.0517
WD,Shelby Bates,Genie Bouchard,ded801fd-297a-4761-b63e-d8fbbfeb5762,4da698bf-605d-4c6c-8566-6bfbdb6c1a24,0.7917,0.04461,0.0528
WD,Zoey Weil,Genie Bouchard,1d701c30-6b5d-485f-ae97-60f3b0c50896,4da698bf-605d-4c6c-8566-6bfbdb6c1a24,0.7916,0.02361,0.0454
WD,Yufei Long,Genie Bouchard,20945292-032a-47f1-93c5-d44ada6e4783,4da698bf-605d-4c6c-8566-6bfbdb6c1a24,0.7823,0.03701,0.0482
WD,Genie Erokhina,Genie Bouchard,461f063e-a587-4638-bad9-421ff33d91d7,4da698bf-605d-4c6c-8566-6bfbdb6c1a24,0.7823,0.02321,0.0435
WD,Liz Truluck,Genie Bouchard,71992955-8b6f-470b-a991-796cfa56a826,4da698bf-605d-4c6c-8566-6bfbdb6c1a24,0.7787,0.02328,0.0428
WD,Marianna Petrei,Genie Bouchard,12890797-7355-49ca-848e-56d67e33c4de,4da698bf-605d-4c6c-8566-6bfbdb6c1a24,0.7553,0.04038,0.0441
WD,Genie Bouchard,Callie Smith,4da698bf-605d-4c6c-8566-6bfbdb6c1a24,0c1bb94d-3af2-42f4-b938-d712c707ace4,0.7479,0.02431,0.0377
WD,Kaitlyn Christian,Genie Bouchard,66a6c35b-33a2-4a23-b5db-fa53c96d643a,4da698bf-605d-4c6c-8566-6bfbdb6c1a24,0.7361,0.02259,0.0352
WD,Genie Bouchard,Cailyn Campbell,4da698bf-605d-4c6c-8566-6bfbdb6c1a24,9eff9049-c45c-42ee-9a49-e9a797cc2116,0.7304,0.02308,0.0344
WD,Mary Brascia,Genie Bouchard,1dd5c313-10f5-4e0a-bb9b-699913a5abe8,4da698bf-605d-4c6c-8566-6bfbdb6c1a24,0.7044,0.03439,0.0337
WD,Genie Bouchard,Christine Maddox,4da698bf-605d-4c6c-8566-6bfbdb6c1a24,3ad652aa-3fdd-4e53-8f34-dfdedc3c1901,0.703,0.0598,0.0407
WD,Kiora Kunimoto,Genie Bouchard,a95df9a8-772c-4dbf-8c28-e200b7308584,4da698bf-605d-4c6c-8566-6bfbdb6c1a24,0.6986,0.0246,0.0301
WD,Katerina Stewart,Genie Bouchard,3cec5850-24e2-44e3-96bc-ee87aa34581d,4da698bf-605d-4c6c-8566-6bfbdb6c1a24,0.6367,0.03464,0.0248
WD,Seone Mendez,Genie Bouchard,0d14405e-2e45-4dcb-8fb7-73558c261b4f,4da698bf-605d-4c6c-8566-6bfbdb6c1a24,0.6281,0.05156,0.0277
